Id	SkillId	Level	BornMagic	SubSkillId	SubMagicId	Ability	ResonanceAbility	PlusAbility
1	102228	1	[109224]					
2	102228	2	[109224]					
3	102228	3	[109224]					
4	102228	4	[109224]					
5	102228	5	[109224]					
6	102228	6	[109224]					
7	102228	7	[109224]					
8	102228	8	[109224]					
9	102228	9	[109224, 109226]					
10	102228	10	[109224, 109226]					
11	102228	11	[109224, 109226]					
12	102228	12	[109224, 109226]					
13	102228	13	[109224, 109226]					
14	102228	14	[109224, 109226]					
15	102228	15	[109224, 109226]					
16	102228	16	[109224, 109226]					
17	102228	17	[109224, 109226]					
18	102228	18	[109224, 109226, 109214]					
19	102228	19	[109224, 109226, 109214]					
20	102228	20	[109224, 109226, 109214]					
21	102228	21	[109224, 109226, 109214]					
22	102228	22	[109224, 109226, 109214]					
23	102228	23	[109224, 109226, 109214]					
24	102228	24	[109224, 109226, 109214]					
25	102228	25	[109224, 109226, 109214]					
26	102228	26	[109224, 109226, 109214]					
27	102228	27	[109224, 109226, 109214]					
28	102228	28	[109224, 109226, 109214]					
29	102228	29	[109224, 109226, 109214]					
30	102228	30	[109224, 109226, 109214]					
31	102228	31	[109224, 109226, 109214]					
32	102228	32	[109224, 109226, 109214]					
33	102228	33	[109224, 109226, 109214]					
34	102228	34	[109224, 109226, 109214]					
35	102228	35	[109224, 109226, 109214]					
36	102229	1	[109227]					
37	102229	2	[109227]					
38	102229	3	[109227]					
39	102229	4	[109227]					
40	102229	5	[109227]					
41	102229	6	[109227]					
42	102229	7	[109227]					
43	102229	8	[109227]					
44	102229	9	[109227, 109229]					
45	102229	10	[109227, 109229]					
46	102229	11	[109227, 109229]					
47	102229	12	[109227, 109229]					
48	102229	13	[109227, 109229]					
49	102229	14	[109227, 109229]					
50	102229	15	[109227, 109229]					
51	102229	16	[109227, 109229]					
52	102229	17	[109227, 109229]					
53	102229	18	[109227, 109229, 109203, 109237]					
54	102229	19	[109227, 109229, 109203, 109237]					
55	102229	20	[109227, 109229, 109203, 109237]					
56	102229	21	[109227, 109229, 109203, 109237]					
57	102229	22	[109227, 109229, 109203, 109237]					
58	102229	23	[109227, 109229, 109203, 109237]					
59	102229	24	[109227, 109229, 109203, 109237]					
60	102229	25	[109227, 109229, 109203, 109237]					
61	102229	26	[109227, 109229, 109203, 109237]					
62	102229	27	[109227, 109229, 109203, 109237]					
63	102229	28	[109227, 109229, 109203, 109237]					
64	102229	29	[109227, 109229, 109203, 109237]					
65	102229	30	[109227, 109229, 109203, 109237]					
66	102229	31	[109227, 109229, 109203, 109237]					
67	102229	32	[109227, 109229, 109203, 109237]					
68	102229	33	[109227, 109229, 109203, 109237]					
69	102229	34	[109227, 109229, 109203, 109237]					
70	102229	35	[109227, 109229, 109203, 109237]					
106	102230	1	[109230]					
107	102230	2	[109230]					
108	102230	3	[109230]					
109	102230	4	[109230]					
110	102230	5	[109230]					
111	102230	6	[109230]					
112	102230	7	[109230]					
113	102230	8	[109230]					
114	102230	9	[109230, 109233]					
115	102230	10	[109230, 109233]					
116	102230	11	[109230, 109233]					
117	102230	12	[109230, 109233]					
118	102230	13	[109230, 109233]					
119	102230	14	[109230, 109233]					
120	102230	15	[109230, 109233]					
121	102230	16	[109230, 109233]					
122	102230	17	[109230, 109233]					
123	102230	18	[109230, 109233, 109217]					
124	102230	19	[109230, 109233, 109217]					
125	102230	20	[109230, 109233, 109217]					
126	102230	21	[109230, 109233, 109217]					
127	102230	22	[109230, 109233, 109217]					
128	102230	23	[109230, 109233, 109217]					
129	102230	24	[109230, 109233, 109217]					
130	102230	25	[109230, 109233, 109217]					
131	102230	26	[109230, 109233, 109217]					
132	102230	27	[109230, 109233, 109217]					
133	102230	28	[109230, 109233, 109217]					
134	102230	29	[109230, 109233, 109217]					
135	102230	30	[109230, 109233, 109217]					
136	102230	31	[109230, 109233, 109217]					
137	102230	32	[109230, 109233, 109217]					
138	102230	33	[109230, 109233, 109217]					
139	102230	34	[109230, 109233, 109217]					
140	102230	35	[109230, 109233, 109217]					
141	155328	1	[200845]	[130435, 130436]	[138404, 138413]			
142	155328	2	[200845]	[130435, 130436]	[138404, 138413]			
143	155328	3	[200845]	[130435, 130436]	[138404, 138413]			
144	155328	4	[200845]	[130435, 130436]	[138404, 138413]			
145	155328	5	[200845]	[130435, 130436]	[138404, 138413]			
146	155328	6	[200845]	[130435, 130436]	[138404, 138413]			
147	155328	7	[200845]	[130435, 130436]	[138404, 138413]			
148	155328	8	[200845]	[130435, 130436]	[138404, 138413]			
149	155328	9	[200845, 200879]	[130435, 130436]	[138404, 138413]			
150	155328	10	[200845, 200879]	[130435, 130436]	[138404, 138413]			
151	155328	11	[200845, 200879]	[130435, 130436]	[138404, 138413]			
152	155328	12	[200845, 200879]	[130435, 130436]	[138404, 138413]			
153	155328	13	[200845, 200879]	[130435, 130436]	[138404, 138413]			
154	155328	14	[200845, 200879]	[130435, 130436]	[138404, 138413]			
155	155328	15	[200845, 200879]	[130435, 130436]	[138404, 138413]			
156	155328	16	[200845, 200879]	[130435, 130436]	[138404, 138413]			
157	155328	17	[200845, 200879]	[130435, 130436]	[138404, 138413]			
158	155328	18	[200845, 200880]	[130435, 130436]	[138404, 138413]			
159	155328	19	[200845, 200880]	[130435, 130436]	[138404, 138413]			
160	155328	20	[200845, 200880]	[130435, 130436]	[138404, 138413]			
161	155328	21	[200845, 200880]	[130435, 130436]	[138404, 138413]			
162	155328	22	[200845, 200880]	[130435, 130436]	[138404, 138413]			
163	155328	23	[200845, 200880]	[130435, 130436]	[138404, 138413]			
164	155328	24	[200845, 200880]	[130435, 130436]	[138404, 138413]			
165	155328	25	[200845, 200880]	[130435, 130436]	[138404, 138413]			
166	155328	26	[200845, 200880]	[130435, 130436]	[138404, 138413]			
167	155328	27	[200845, 200880]	[130435, 130436]	[138404, 138413]			
168	155328	28	[200845, 200880]	[130435, 130436]	[138404, 138413]			
169	155328	29	[200845, 200880]	[130435, 130436]	[138404, 138413]			
170	155328	30	[200845, 200880]	[130435, 130436]	[138404, 138413]			
171	155328	31	[200845, 200880]	[130435, 130436]	[138404, 138413]			
172	155328	32	[200845, 200880]	[130435, 130436]	[138404, 138413]			
173	155328	33	[200845, 200880]	[130435, 130436]	[138404, 138413]			
174	155328	34	[200845, 200880]	[130435, 130436]	[138404, 138413]			
175	155328	35	[200845, 200880]	[130435, 130436]	[138404, 138413]			
176	155329	1	[200846]	[130437, 130451]	[138405]			
177	155329	2	[200846]	[130437, 130451]	[138405]			
178	155329	3	[200846]	[130437, 130451]	[138405]			
179	155329	4	[200846]	[130437, 130451]	[138405]			
180	155329	5	[200846]	[130437, 130451]	[138405]			
181	155329	6	[200846]	[130437, 130451]	[138405]			
182	155329	7	[200846]	[130437, 130451]	[138405]			
183	155329	8	[200846]	[130437, 130451]	[138405]			
184	155329	9	[200846, 200881]	[130437, 130451]	[138405]			
185	155329	10	[200846, 200881]	[130437, 130451]	[138405]			
186	155329	11	[200846, 200881]	[130437, 130451]	[138405]			
187	155329	12	[200846, 200881]	[130437, 130451]	[138405]			
188	155329	13	[200846, 200881]	[130437, 130451]	[138405]			
189	155329	14	[200846, 200881]	[130437, 130451]	[138405]			
190	155329	15	[200846, 200881]	[130437, 130451]	[138405]			
191	155329	16	[200846, 200881]	[130437, 130451]	[138405]			
192	155329	17	[200846, 200881]	[130437, 130451]	[138405]			
193	155329	18	[200846, 200882]	[130437, 130451]	[138405]			
194	155329	19	[200846, 200882]	[130437, 130451]	[138405]			
195	155329	20	[200846, 200882]	[130437, 130451]	[138405]			
196	155329	21	[200846, 200882]	[130437, 130451]	[138405]			
197	155329	22	[200846, 200882]	[130437, 130451]	[138405]			
198	155329	23	[200846, 200882]	[130437, 130451]	[138405]			
199	155329	24	[200846, 200882]	[130437, 130451]	[138405]			
200	155329	25	[200846, 200882]	[130437, 130451]	[138405]			
201	155329	26	[200846, 200882]	[130437, 130451]	[138405]			
202	155329	27	[200846, 200882]	[130437, 130451]	[138405]			
203	155329	28	[200846, 200882]	[130437, 130451]	[138405]			
204	155329	29	[200846, 200882]	[130437, 130451]	[138405]			
205	155329	30	[200846, 200882]	[130437, 130451]	[138405]			
206	155329	31	[200846, 200882]	[130437, 130451]	[138405]			
207	155329	32	[200846, 200882]	[130437, 130451]	[138405]			
208	155329	33	[200846, 200882]	[130437, 130451]	[138405]			
209	155329	34	[200846, 200882]	[130437, 130451]	[138405]			
210	155329	35	[200846, 200882]	[130437, 130451]	[138405]			
211	155330	1	[138410]					
212	155331	1	[138415]					
213	155332	1	[138419]					
214	154328	1	[200845]	[130240, 130241, 130243, 130244]	[200303, 200307]			
215	154328	2	[200845]	[130240, 130241, 130243, 130244]	[200303, 200307]			
216	154328	3	[200845]	[130240, 130241, 130243, 130244]	[200303, 200307]			
217	154328	4	[200845]	[130240, 130241, 130243, 130244]	[200303, 200307]			
218	154328	5	[200845]	[130240, 130241, 130243, 130244]	[200303, 200307]			
219	154328	6	[200845]	[130240, 130241, 130243, 130244]	[200303, 200307]			
220	154328	7	[200845]	[130240, 130241, 130243, 130244]	[200303, 200307]			
221	154328	8	[200845]	[130240, 130241, 130243, 130244]	[200303, 200307]			
222	154328	9	[200845, 200879]	[130240, 130241, 130243, 130244]	[200303, 200307]			
223	154328	10	[200845, 200879]	[130240, 130241, 130243, 130244]	[200303, 200307]			
224	154328	11	[200845, 200879]	[130240, 130241, 130243, 130244]	[200303, 200307]			
225	154328	12	[200845, 200879]	[130240, 130241, 130243, 130244]	[200303, 200307]			
226	154328	13	[200845, 200879]	[130240, 130241, 130243, 130244]	[200303, 200307]			
227	154328	14	[200845, 200879]	[130240, 130241, 130243, 130244]	[200303, 200307]			
228	154328	15	[200845, 200879]	[130240, 130241, 130243, 130244]	[200303, 200307]			
229	154328	16	[200845, 200879]	[130240, 130241, 130243, 130244]	[200303, 200307]			
230	154328	17	[200845, 200879]	[130240, 130241, 130243, 130244]	[200303, 200307]			
231	154328	18	[200845, 200880]	[130240, 130241, 130243, 130244]	[200303, 200307]			
232	154328	19	[200845, 200880]	[130240, 130241, 130243, 130244]	[200303, 200307]			
233	154328	20	[200845, 200880]	[130240, 130241, 130243, 130244]	[200303, 200307]			
234	154328	21	[200845, 200880]	[130240, 130241, 130243, 130244]	[200303, 200307]			
235	154328	22	[200845, 200880]	[130240, 130241, 130243, 130244]	[200303, 200307]			
236	154328	23	[200845, 200880]	[130240, 130241, 130243, 130244]	[200303, 200307]			
237	154328	24	[200845, 200880]	[130240, 130241, 130243, 130244]	[200303, 200307]			
238	154328	25	[200845, 200880]	[130240, 130241, 130243, 130244]	[200303, 200307]			
239	154328	26	[200845, 200880]	[130240, 130241, 130243, 130244]	[200303, 200307]			
240	154328	27	[200845, 200880]	[130240, 130241, 130243, 130244]	[200303, 200307]			
241	154328	28	[200845, 200880]	[130240, 130241, 130243, 130244]	[200303, 200307]			
242	154328	29	[200845, 200880]	[130240, 130241, 130243, 130244]	[200303, 200307]			
243	154328	30	[200845, 200880]	[130240, 130241, 130243, 130244]	[200303, 200307]			
244	154328	31	[200845, 200880]	[130240, 130241, 130243, 130244]	[200303, 200307]			
245	154328	32	[200845, 200880]	[130240, 130241, 130243, 130244]	[200303, 200307]			
246	154328	33	[200845, 200880]	[130240, 130241, 130243, 130244]	[200303, 200307]			
247	154328	34	[200845, 200880]	[130240, 130241, 130243, 130244]	[200303, 200307]			
248	154328	35	[200845, 200880]	[130240, 130241, 130243, 130244]	[200303, 200307]			
249	154329	1	[200846]	[130242]	[200321, 200322]			
250	154329	2	[200846]	[130242]	[200321, 200322]			
251	154329	3	[200846]	[130242]	[200321, 200322]			
252	154329	4	[200846]	[130242]	[200321, 200322]			
253	154329	5	[200846]	[130242]	[200321, 200322]			
254	154329	6	[200846]	[130242]	[200321, 200322]			
255	154329	7	[200846]	[130242]	[200321, 200322]			
256	154329	8	[200846]	[130242]	[200321, 200322]			
257	154329	9	[200846, 200881]	[130242]	[200321, 200322]			
258	154329	10	[200846, 200881]	[130242]	[200321, 200322]			
259	154329	11	[200846, 200881]	[130242]	[200321, 200322]			
260	154329	12	[200846, 200881]	[130242]	[200321, 200322]			
261	154329	13	[200846, 200881]	[130242]	[200321, 200322]			
262	154329	14	[200846, 200881]	[130242]	[200321, 200322]			
263	154329	15	[200846, 200881]	[130242]	[200321, 200322]			
264	154329	16	[200846, 200881]	[130242]	[200321, 200322]			
265	154329	17	[200846, 200881]	[130242]	[200321, 200322]			
266	154329	18	[200846, 200882]	[130242]	[200321, 200322]			
267	154329	19	[200846, 200882]	[130242]	[200321, 200322]			
268	154329	20	[200846, 200882]	[130242]	[200321, 200322]			
269	154329	21	[200846, 200882]	[130242]	[200321, 200322]			
270	154329	22	[200846, 200882]	[130242]	[200321, 200322]			
271	154329	23	[200846, 200882]	[130242]	[200321, 200322]			
272	154329	24	[200846, 200882]	[130242]	[200321, 200322]			
273	154329	25	[200846, 200882]	[130242]	[200321, 200322]			
274	154329	26	[200846, 200882]	[130242]	[200321, 200322]			
275	154329	27	[200846, 200882]	[130242]	[200321, 200322]			
276	154329	28	[200846, 200882]	[130242]	[200321, 200322]			
277	154329	29	[200846, 200882]	[130242]	[200321, 200322]			
278	154329	30	[200846, 200882]	[130242]	[200321, 200322]			
279	154329	31	[200846, 200882]	[130242]	[200321, 200322]			
280	154329	32	[200846, 200882]	[130242]	[200321, 200322]			
281	154329	33	[200846, 200882]	[130242]	[200321, 200322]			
282	154329	34	[200846, 200882]	[130242]	[200321, 200322]			
283	154329	35	[200846, 200882]	[130242]	[200321, 200322]			
284	154330	1	[200335]					
285	154331	1	[200336]					
286	154332	1	[200853]					
287	156328	1	[200845]	[130534, 130535]	[139521, 139511]			
288	156328	2	[200845]	[130534, 130535]	[139521, 139511]			
289	156328	3	[200845]	[130534, 130535]	[139521, 139511]			
290	156328	4	[200845]	[130534, 130535]	[139521, 139511]			
291	156328	5	[200845]	[130534, 130535]	[139521, 139511]			
292	156328	6	[200845]	[130534, 130535]	[139521, 139511]			
293	156328	7	[200845]	[130534, 130535]	[139521, 139511]			
294	156328	8	[200845]	[130534, 130535]	[139521, 139511]			
295	156328	9	[200845, 200879]	[130534, 130535]	[139521, 139511]			
296	156328	10	[200845, 200879]	[130534, 130535]	[139521, 139511]			
297	156328	11	[200845, 200879]	[130534, 130535]	[139521, 139511]			
298	156328	12	[200845, 200879]	[130534, 130535]	[139521, 139511]			
299	156328	13	[200845, 200879]	[130534, 130535]	[139521, 139511]			
300	156328	14	[200845, 200879]	[130534, 130535]	[139521, 139511]			
301	156328	15	[200845, 200879]	[130534, 130535]	[139521, 139511]			
302	156328	16	[200845, 200879]	[130534, 130535]	[139521, 139511]			
303	156328	17	[200845, 200879]	[130534, 130535]	[139521, 139511]			
304	156328	18	[200845, 200880]	[130534, 130535]	[139521, 139511]			
305	156328	19	[200845, 200880]	[130534, 130535]	[139521, 139511]			
306	156328	20	[200845, 200880]	[130534, 130535]	[139521, 139511]			
307	156328	21	[200845, 200880]	[130534, 130535]	[139521, 139511]			
308	156328	22	[200845, 200880]	[130534, 130535]	[139521, 139511]			
309	156328	23	[200845, 200880]	[130534, 130535]	[139521, 139511]			
310	156328	24	[200845, 200880]	[130534, 130535]	[139521, 139511]			
311	156328	25	[200845, 200880]	[130534, 130535]	[139521, 139511]			
312	156328	26	[200845, 200880]	[130534, 130535]	[139521, 139511]			
313	156328	27	[200845, 200880]	[130534, 130535]	[139521, 139511]			
314	156328	28	[200845, 200880]	[130534, 130535]	[139521, 139511]			
315	156328	29	[200845, 200880]	[130534, 130535]	[139521, 139511]			
316	156328	30	[200845, 200880]	[130534, 130535]	[139521, 139511]			
317	156328	31	[200845, 200880]	[130534, 130535]	[139521, 139511]			
318	156328	32	[200845, 200880]	[130534, 130535]	[139521, 139511]			
319	156328	33	[200845, 200880]	[130534, 130535]	[139521, 139511]			
320	156328	34	[200845, 200880]	[130534, 130535]	[139521, 139511]			
321	156328	35	[200845, 200880]	[130534, 130535]	[139521, 139511]			
322	156329	1	[200846]	[130528]	[139525]			
323	156329	2	[200846]	[130528]	[139525]			
324	156329	3	[200846]	[130528]	[139525]			
325	156329	4	[200846]	[130528]	[139525]			
326	156329	5	[200846]	[130528]	[139525]			
327	156329	6	[200846]	[130528]	[139525]			
328	156329	7	[200846]	[130528]	[139525]			
329	156329	8	[200846]	[130528]	[139525]			
330	156329	9	[200846, 200881]	[130528]	[139525]			
331	156329	10	[200846, 200881]	[130528]	[139525]			
332	156329	11	[200846, 200881]	[130528]	[139525]			
333	156329	12	[200846, 200881]	[130528]	[139525]			
334	156329	13	[200846, 200881]	[130528]	[139525]			
335	156329	14	[200846, 200881]	[130528]	[139525]			
336	156329	15	[200846, 200881]	[130528]	[139525]			
337	156329	16	[200846, 200881]	[130528]	[139525]			
338	156329	17	[200846, 200881]	[130528]	[139525]			
339	156329	18	[200846, 200882]	[130528]	[139525]			
340	156329	19	[200846, 200882]	[130528]	[139525]			
341	156329	20	[200846, 200882]	[130528]	[139525]			
342	156329	21	[200846, 200882]	[130528]	[139525]			
343	156329	22	[200846, 200882]	[130528]	[139525]			
344	156329	23	[200846, 200882]	[130528]	[139525]			
345	156329	24	[200846, 200882]	[130528]	[139525]			
346	156329	25	[200846, 200882]	[130528]	[139525]			
347	156329	26	[200846, 200882]	[130528]	[139525]			
348	156329	27	[200846, 200882]	[130528]	[139525]			
349	156329	28	[200846, 200882]	[130528]	[139525]			
350	156329	29	[200846, 200882]	[130528]	[139525]			
351	156329	30	[200846, 200882]	[130528]	[139525]			
352	156329	31	[200846, 200882]	[130528]	[139525]			
353	156329	32	[200846, 200882]	[130528]	[139525]			
354	156329	33	[200846, 200882]	[130528]	[139525]			
355	156329	34	[200846, 200882]	[130528]	[139525]			
356	156329	35	[200846, 200882]	[130528]	[139525]			
357	156330	1	[139590]					
358	156331	1	[139591]					
359	156332	1	[138419]					
360	101228	1	[100138]					
361	101228	2	[100138]					
362	101228	3	[100138]					
363	101228	4	[100138]					
364	101228	5	[100138]					
365	101228	6	[100138]					
366	101228	7	[100138]					
367	101228	8	[100138]					
368	101228	9	[100138, 109108]					
369	101228	10	[100138, 109108]					
370	101228	11	[100138, 109108]					
371	101228	12	[100138, 109108]					
372	101228	13	[100138, 109108]					
373	101228	14	[100138, 109108]					
374	101228	15	[100138, 109108]					
375	101228	16	[100138, 109108]					
376	101228	17	[100138, 109108]					
377	101228	18	[100138, 109108, 109110]					
378	101228	19	[100138, 109108, 109110]					
379	101228	20	[100138, 109108, 109110]					
380	101228	21	[100138, 109108, 109110]					
381	101228	22	[100138, 109108, 109110]					
382	101228	23	[100138, 109108, 109110]					
383	101228	24	[100138, 109108, 109110]					
384	101228	25	[100138, 109108, 109110]					
385	101228	26	[100138, 109108, 109110]					
386	101228	27	[100138, 109108, 109110]					
387	101228	28	[100138, 109108, 109110]					
388	101228	29	[100138, 109108, 109110]					
389	101228	30	[100138, 109108, 109110]					
390	101228	31	[100138, 109108, 109110]					
391	101228	32	[100138, 109108, 109110]					
392	101228	33	[100138, 109108, 109110]					
393	101228	34	[100138, 109108, 109110]					
394	101228	35	[100138, 109108, 109110]					
395	101229	1	[100198]					
396	101229	2	[100198]					
397	101229	3	[100198]					
398	101229	4	[100198]					
399	101229	5	[100198]					
400	101229	6	[100198]					
401	101229	7	[100198]					
402	101229	8	[100198]					
403	101229	9	[100198, 109111]					
404	101229	10	[100198, 109111]					
405	101229	11	[100198, 109111]					
406	101229	12	[100198, 109111]					
407	101229	13	[100198, 109111]					
408	101229	14	[100198, 109111]					
409	101229	15	[100198, 109111]					
410	101229	16	[100198, 109111]					
411	101229	17	[100198, 109111]					
412	101229	18	[100198, 109111, 100137]					
413	101229	19	[100198, 109111, 100137]					
414	101229	20	[100198, 109111, 100137]					
415	101229	21	[100198, 109111, 100137]					
416	101229	22	[100198, 109111, 100137]					
417	101229	23	[100198, 109111, 100137]					
418	101229	24	[100198, 109111, 100137]					
419	101229	25	[100198, 109111, 100137]					
420	101229	26	[100198, 109111, 100137]					
421	101229	27	[100198, 109111, 100137]					
422	101229	28	[100198, 109111, 100137]					
423	101229	29	[100198, 109111, 100137]					
424	101229	30	[100198, 109111, 100137]					
425	101229	31	[100198, 109111, 100137]					
426	101229	32	[100198, 109111, 100137]					
427	101229	33	[100198, 109111, 100137]					
428	101229	34	[100198, 109111, 100137]					
429	101229	35	[100198, 109111, 100137]					
430	101230	1	[109114]					
431	101230	2	[109114]					
432	101230	3	[109114]					
433	101230	4	[109114]					
434	101230	5	[109114]					
435	101230	6	[109114]					
436	101230	7	[109114]					
437	101230	8	[109114]					
438	101230	9	[109114, 109117]					
439	101230	10	[109114, 109117]					
440	101230	11	[109114, 109117]					
441	101230	12	[109114, 109117]					
442	101230	13	[109114, 109117]					
443	101230	14	[109114, 109117]					
444	101230	15	[109114, 109117]					
445	101230	16	[109114, 109117]					
446	101230	17	[109114, 109117]					
447	101230	18	[109114, 109117, 109119]					
448	101230	19	[109114, 109117, 109119]					
449	101230	20	[109114, 109117, 109119]					
450	101230	21	[109114, 109117, 109119]					
451	101230	22	[109114, 109117, 109119]					
452	101230	23	[109114, 109117, 109119]					
453	101230	24	[109114, 109117, 109119]					
454	101230	25	[109114, 109117, 109119]					
455	101230	26	[109114, 109117, 109119]					
456	101230	27	[109114, 109117, 109119]					
457	101230	28	[109114, 109117, 109119]					
458	101230	29	[109114, 109117, 109119]					
459	101230	30	[109114, 109117, 109119]					
460	101230	31	[109114, 109117, 109119]					
461	101230	32	[109114, 109117, 109119]					
462	101230	33	[109114, 109117, 109119]					
463	101230	34	[109114, 109117, 109119]					
464	101230	35	[109114, 109117, 109119]					
465	151328	1	[200845]	[110449, 110450, 110452, 110453]				
466	151328	2	[200845]	[110449, 110450, 110452, 110453]				
467	151328	3	[200845]	[110449, 110450, 110452, 110453]				
468	151328	4	[200845]	[110449, 110450, 110452, 110453]				
469	151328	5	[200845]	[110449, 110450, 110452, 110453]				
470	151328	6	[200845]	[110449, 110450, 110452, 110453]				
471	151328	7	[200845]	[110449, 110450, 110452, 110453]				
472	151328	8	[200845]	[110449, 110450, 110452, 110453]				
473	151328	9	[200845, 200879]	[110449, 110450, 110452, 110453]				
474	151328	10	[200845, 200879]	[110449, 110450, 110452, 110453]				
475	151328	11	[200845, 200879]	[110449, 110450, 110452, 110453]				
476	151328	12	[200845, 200879]	[110449, 110450, 110452, 110453]				
477	151328	13	[200845, 200879]	[110449, 110450, 110452, 110453]				
478	151328	14	[200845, 200879]	[110449, 110450, 110452, 110453]				
479	151328	15	[200845, 200879]	[110449, 110450, 110452, 110453]				
480	151328	16	[200845, 200879]	[110449, 110450, 110452, 110453]				
481	151328	17	[200845, 200879]	[110449, 110450, 110452, 110453]				
482	151328	18	[200845, 200880]	[110449, 110450, 110452, 110453]				
483	151328	19	[200845, 200880]	[110449, 110450, 110452, 110453]				
484	151328	20	[200845, 200880]	[110449, 110450, 110452, 110453]				
485	151328	21	[200845, 200880]	[110449, 110450, 110452, 110453]				
486	151328	22	[200845, 200880]	[110449, 110450, 110452, 110453]				
487	151328	23	[200845, 200880]	[110449, 110450, 110452, 110453]				
488	151328	24	[200845, 200880]	[110449, 110450, 110452, 110453]				
489	151328	25	[200845, 200880]	[110449, 110450, 110452, 110453]				
490	151328	26	[200845, 200880]	[110449, 110450, 110452, 110453]				
491	151328	27	[200845, 200880]	[110449, 110450, 110452, 110453]				
492	151328	28	[200845, 200880]	[110449, 110450, 110452, 110453]				
493	151328	29	[200845, 200880]	[110449, 110450, 110452, 110453]				
494	151328	30	[200845, 200880]	[110449, 110450, 110452, 110453]				
495	151328	31	[200845, 200880]	[110449, 110450, 110452, 110453]				
496	151328	32	[200845, 200880]	[110449, 110450, 110452, 110453]				
497	151328	33	[200845, 200880]	[110449, 110450, 110452, 110453]				
498	151328	34	[200845, 200880]	[110449, 110450, 110452, 110453]				
499	151328	35	[200845, 200880]	[110449, 110450, 110452, 110453]				
500	151329	1	[200846]	[110451, 110454]				
501	151329	2	[200846]	[110451, 110454]				
502	151329	3	[200846]	[110451, 110454]				
503	151329	4	[200846]	[110451, 110454]				
504	151329	5	[200846]	[110451, 110454]				
505	151329	6	[200846]	[110451, 110454]				
506	151329	7	[200846]	[110451, 110454]				
507	151329	8	[200846]	[110451, 110454]				
508	151329	9	[200846, 200881]	[110451, 110454]				
509	151329	10	[200846, 200881]	[110451, 110454]				
510	151329	11	[200846, 200881]	[110451, 110454]				
511	151329	12	[200846, 200881]	[110451, 110454]				
512	151329	13	[200846, 200881]	[110451, 110454]				
513	151329	14	[200846, 200881]	[110451, 110454]				
514	151329	15	[200846, 200881]	[110451, 110454]				
515	151329	16	[200846, 200881]	[110451, 110454]				
516	151329	17	[200846, 200881]	[110451, 110454]				
517	151329	18	[200846, 200882]	[110451, 110454]				
518	151329	19	[200846, 200882]	[110451, 110454]				
519	151329	20	[200846, 200882]	[110451, 110454]				
520	151329	21	[200846, 200882]	[110451, 110454]				
521	151329	22	[200846, 200882]	[110451, 110454]				
522	151329	23	[200846, 200882]	[110451, 110454]				
523	151329	24	[200846, 200882]	[110451, 110454]				
524	151329	25	[200846, 200882]	[110451, 110454]				
525	151329	26	[200846, 200882]	[110451, 110454]				
526	151329	27	[200846, 200882]	[110451, 110454]				
527	151329	28	[200846, 200882]	[110451, 110454]				
528	151329	29	[200846, 200882]	[110451, 110454]				
529	151329	30	[200846, 200882]	[110451, 110454]				
530	151329	31	[200846, 200882]	[110451, 110454]				
531	151329	32	[200846, 200882]	[110451, 110454]				
532	151329	33	[200846, 200882]	[110451, 110454]				
533	151329	34	[200846, 200882]	[110451, 110454]				
534	151329	35	[200846, 200882]	[110451, 110454]				
535	151330	1	[119437]					
536	151331	1	[119438]					
537	151332	1	[138419]					
538	103228	1	[102388]					
539	103228	2	[102388]					
540	103228	3	[102388]					
541	103228	4	[102388]					
542	103228	5	[102388]					
543	103228	6	[102388]					
544	103228	7	[102388]					
545	103228	8	[102388]					
546	103228	9	[102388, 102392]					
547	103228	10	[102388, 102392]					
548	103228	11	[102388, 102392]					
549	103228	12	[102388, 102392]					
550	103228	13	[102388, 102392]					
551	103228	14	[102388, 102392]					
552	103228	15	[102388, 102392]					
553	103228	16	[102388, 102392]					
554	103228	17	[102388, 102392]					
555	103228	18	[102388, 102392, 102393]					
556	103228	19	[102388, 102392, 102393]					
557	103228	20	[102388, 102392, 102393]					
558	103228	21	[102388, 102392, 102393]					
559	103228	22	[102388, 102392, 102393]					
560	103228	23	[102388, 102392, 102393]					
561	103228	24	[102388, 102392, 102393]					
562	103228	25	[102388, 102392, 102393]					
563	103228	26	[102388, 102392, 102393]					
564	103228	27	[102388, 102392, 102393]					
565	103228	28	[102388, 102392, 102393]					
566	103228	29	[102388, 102392, 102393]					
567	103228	30	[102388, 102392, 102393]					
568	103228	31	[102388, 102392, 102393]					
569	103228	32	[102388, 102392, 102393]					
570	103228	33	[102388, 102392, 102393]					
571	103228	34	[102388, 102392, 102393]					
572	103228	35	[102388, 102392, 102393]					
573	103229	1	[102395]					
574	103229	2	[102395]					
575	103229	3	[102395]					
576	103229	4	[102395]					
577	103229	5	[102395]					
578	103229	6	[102395]					
579	103229	7	[102395]					
580	103229	8	[102395]					
581	103229	9	[102395, 102397]					
582	103229	10	[102395, 102397]					
583	103229	11	[102395, 102397]					
584	103229	12	[102395, 102397]					
585	103229	13	[102395, 102397]					
586	103229	14	[102395, 102397]					
587	103229	15	[102395, 102397]					
588	103229	16	[102395, 102397]					
589	103229	17	[102395, 102397]					
590	103229	18	[102395, 102397, 102398]					
591	103229	19	[102395, 102397, 102398]					
592	103229	20	[102395, 102397, 102398]					
593	103229	21	[102395, 102397, 102398]					
594	103229	22	[102395, 102397, 102398]					
595	103229	23	[102395, 102397, 102398]					
596	103229	24	[102395, 102397, 102398]					
597	103229	25	[102395, 102397, 102398]					
598	103229	26	[102395, 102397, 102398]					
599	103229	27	[102395, 102397, 102398]					
600	103229	28	[102395, 102397, 102398]					
601	103229	29	[102395, 102397, 102398]					
602	103229	30	[102395, 102397, 102398]					
603	103229	31	[102395, 102397, 102398]					
604	103229	32	[102395, 102397, 102398]					
605	103229	33	[102395, 102397, 102398]					
606	103229	34	[102395, 102397, 102398]					
607	103229	35	[102395, 102397, 102398]					
608	103230	1	[102307]					
609	103230	2	[102307]					
610	103230	3	[102307]					
611	103230	4	[102307]					
612	103230	5	[102307]					
613	103230	6	[102307]					
614	103230	7	[102307]					
615	103230	8	[102307]					
616	103230	9	[102307, 102308]					
617	103230	10	[102307, 102308]					
618	103230	11	[102307, 102308]					
619	103230	12	[102307, 102308]					
620	103230	13	[102307, 102308]					
621	103230	14	[102307, 102308]					
622	103230	15	[102307, 102308]					
623	103230	16	[102307, 102308]					
624	103230	17	[102307, 102308]					
625	103230	18	[102307, 102308, 102309]					
626	103230	19	[102307, 102308, 102309]					
627	103230	20	[102307, 102308, 102309]					
628	103230	21	[102307, 102308, 102309]					
629	103230	22	[102307, 102308, 102309]					
630	103230	23	[102307, 102308, 102309]					
631	103230	24	[102307, 102308, 102309]					
632	103230	25	[102307, 102308, 102309]					
633	103230	26	[102307, 102308, 102309]					
634	103230	27	[102307, 102308, 102309]					
635	103230	28	[102307, 102308, 102309]					
636	103230	29	[102307, 102308, 102309]					
637	103230	30	[102307, 102308, 102309]					
638	103230	31	[102307, 102308, 102309]					
639	103230	32	[102307, 102308, 102309]					
640	103230	33	[102307, 102308, 102309]					
641	103230	34	[102307, 102308, 102309]					
642	103230	35	[102307, 102308, 102309]					
643	157328	1	[200845]	[130628, 130629]				
644	157328	2	[200845]	[130628, 130629]				
645	157328	3	[200845]	[130628, 130629]				
646	157328	4	[200845]	[130628, 130629]				
647	157328	5	[200845]	[130628, 130629]				
648	157328	6	[200845]	[130628, 130629]				
649	157328	7	[200845]	[130628, 130629]				
650	157328	8	[200845]	[130628, 130629]				
651	157328	9	[200845, 200879]	[130628, 130629]				
652	157328	10	[200845, 200879]	[130628, 130629]				
653	157328	11	[200845, 200879]	[130628, 130629]				
654	157328	12	[200845, 200879]	[130628, 130629]				
655	157328	13	[200845, 200879]	[130628, 130629]				
656	157328	14	[200845, 200879]	[130628, 130629]				
657	157328	15	[200845, 200879]	[130628, 130629]				
658	157328	16	[200845, 200879]	[130628, 130629]				
659	157328	17	[200845, 200879]	[130628, 130629]				
660	157328	18	[200845, 200880]	[130628, 130629]				
661	157328	19	[200845, 200880]	[130628, 130629]				
662	157328	20	[200845, 200880]	[130628, 130629]				
663	157328	21	[200845, 200880]	[130628, 130629]				
664	157328	22	[200845, 200880]	[130628, 130629]				
665	157328	23	[200845, 200880]	[130628, 130629]				
666	157328	24	[200845, 200880]	[130628, 130629]				
667	157328	25	[200845, 200880]	[130628, 130629]				
668	157328	26	[200845, 200880]	[130628, 130629]				
669	157328	27	[200845, 200880]	[130628, 130629]				
670	157328	28	[200845, 200880]	[130628, 130629]				
671	157328	29	[200845, 200880]	[130628, 130629]				
672	157328	30	[200845, 200880]	[130628, 130629]				
673	157328	31	[200845, 200880]	[130628, 130629]				
674	157328	32	[200845, 200880]	[130628, 130629]				
675	157328	33	[200845, 200880]	[130628, 130629]				
676	157328	34	[200845, 200880]	[130628, 130629]				
677	157328	35	[200845, 200880]	[130628, 130629]				
678	157329	1	[200846]	[130630]				
679	157329	2	[200846]	[130630]				
680	157329	3	[200846]	[130630]				
681	157329	4	[200846]	[130630]				
682	157329	5	[200846]	[130630]				
683	157329	6	[200846]	[130630]				
684	157329	7	[200846]	[130630]				
685	157329	8	[200846]	[130630]				
686	157329	9	[200846, 200881]	[130630]				
687	157329	10	[200846, 200881]	[130630]				
688	157329	11	[200846, 200881]	[130630]				
689	157329	12	[200846, 200881]	[130630]				
690	157329	13	[200846, 200881]	[130630]				
691	157329	14	[200846, 200881]	[130630]				
692	157329	15	[200846, 200881]	[130630]				
693	157329	16	[200846, 200881]	[130630]				
694	157329	17	[200846, 200881]	[130630]				
695	157329	18	[200846, 200882]	[130630]				
696	157329	19	[200846, 200882]	[130630]				
697	157329	20	[200846, 200882]	[130630]				
698	157329	21	[200846, 200882]	[130630]				
699	157329	22	[200846, 200882]	[130630]				
700	157329	23	[200846, 200882]	[130630]				
701	157329	24	[200846, 200882]	[130630]				
702	157329	25	[200846, 200882]	[130630]				
703	157329	26	[200846, 200882]	[130630]				
704	157329	27	[200846, 200882]	[130630]				
705	157329	28	[200846, 200882]	[130630]				
706	157329	29	[200846, 200882]	[130630]				
707	157329	30	[200846, 200882]	[130630]				
708	157329	31	[200846, 200882]	[130630]				
709	157329	32	[200846, 200882]	[130630]				
710	157329	33	[200846, 200882]	[130630]				
711	157329	34	[200846, 200882]	[130630]				
712	157329	35	[200846, 200882]	[130630]				
713	157330	1	[930458]	[130628, 130629]				
714	157331	1	[930459]	[130630]				
715	157332	1	[138419]					
716	152328	1	[200845]	[110639, 110640]	[119670]			
717	152328	2	[200845]	[110639, 110640]	[119670]			
718	152328	3	[200845]	[110639, 110640]	[119670]			
719	152328	4	[200845]	[110639, 110640]	[119670]			
720	152328	5	[200845]	[110639, 110640]	[119670]			
721	152328	6	[200845]	[110639, 110640]	[119670]			
722	152328	7	[200845]	[110639, 110640]	[119670]			
723	152328	8	[200845]	[110639, 110640]	[119670]			
724	152328	9	[200845, 200879]	[110639, 110640]	[119670]			
725	152328	10	[200845, 200879]	[110639, 110640]	[119670]			
726	152328	11	[200845, 200879]	[110639, 110640]	[119670]			
727	152328	12	[200845, 200879]	[110639, 110640]	[119670]			
728	152328	13	[200845, 200879]	[110639, 110640]	[119670]			
729	152328	14	[200845, 200879]	[110639, 110640]	[119670]			
730	152328	15	[200845, 200879]	[110639, 110640]	[119670]			
731	152328	16	[200845, 200879]	[110639, 110640]	[119670]			
732	152328	17	[200845, 200879]	[110639, 110640]	[119670]			
733	152328	18	[200845, 200880]	[110639, 110640]	[119670]			
734	152328	19	[200845, 200880]	[110639, 110640]	[119670]			
735	152328	20	[200845, 200880]	[110639, 110640]	[119670]			
736	152328	21	[200845, 200880]	[110639, 110640]	[119670]			
737	152328	22	[200845, 200880]	[110639, 110640]	[119670]			
738	152328	23	[200845, 200880]	[110639, 110640]	[119670]			
739	152328	24	[200845, 200880]	[110639, 110640]	[119670]			
740	152328	25	[200845, 200880]	[110639, 110640]	[119670]			
741	152328	26	[200845, 200880]	[110639, 110640]	[119670]			
742	152328	27	[200845, 200880]	[110639, 110640]	[119670]			
743	152328	28	[200845, 200880]	[110639, 110640]	[119670]			
744	152328	29	[200845, 200880]	[110639, 110640]	[119670]			
745	152328	30	[200845, 200880]	[110639, 110640]	[119670]			
746	152328	31	[200845, 200880]	[110639, 110640]	[119670]			
747	152328	32	[200845, 200880]	[110639, 110640]	[119670]			
748	152328	33	[200845, 200880]	[110639, 110640]	[119670]			
749	152328	34	[200845, 200880]	[110639, 110640]	[119670]			
750	152328	35	[200845, 200880]	[110639, 110640]	[119670]			
751	152329	1	[200846]	[110643]	[119673]			
752	152329	2	[200846]	[110643]	[119673]			
753	152329	3	[200846]	[110643]	[119673]			
754	152329	4	[200846]	[110643]	[119673]			
755	152329	5	[200846]	[110643]	[119673]			
756	152329	6	[200846]	[110643]	[119673]			
757	152329	7	[200846]	[110643]	[119673]			
758	152329	8	[200846]	[110643]	[119673]			
759	152329	9	[200846, 200881]	[110643]	[119673]			
760	152329	10	[200846, 200881]	[110643]	[119673]			
761	152329	11	[200846, 200881]	[110643]	[119673]			
762	152329	12	[200846, 200881]	[110643]	[119673]			
763	152329	13	[200846, 200881]	[110643]	[119673]			
764	152329	14	[200846, 200881]	[110643]	[119673]			
765	152329	15	[200846, 200881]	[110643]	[119673]			
766	152329	16	[200846, 200881]	[110643]	[119673]			
767	152329	17	[200846, 200881]	[110643]	[119673]			
768	152329	18	[200846, 200882]	[110643]	[119673]			
769	152329	19	[200846, 200882]	[110643]	[119673]			
770	152329	20	[200846, 200882]	[110643]	[119673]			
771	152329	21	[200846, 200882]	[110643]	[119673]			
772	152329	22	[200846, 200882]	[110643]	[119673]			
773	152329	23	[200846, 200882]	[110643]	[119673]			
774	152329	24	[200846, 200882]	[110643]	[119673]			
775	152329	25	[200846, 200882]	[110643]	[119673]			
776	152329	26	[200846, 200882]	[110643]	[119673]			
777	152329	27	[200846, 200882]	[110643]	[119673]			
778	152329	28	[200846, 200882]	[110643]	[119673]			
779	152329	29	[200846, 200882]	[110643]	[119673]			
780	152329	30	[200846, 200882]	[110643]	[119673]			
781	152329	31	[200846, 200882]	[110643]	[119673]			
782	152329	32	[200846, 200882]	[110643]	[119673]			
783	152329	33	[200846, 200882]	[110643]	[119673]			
784	152329	34	[200846, 200882]	[110643]	[119673]			
785	152329	35	[200846, 200882]	[110643]	[119673]			
786	152330	1	[119618]	[110641, 110642]	[119671]			
787	152331	1	[119619]	[110643]	[119673]			
788	152332	1	[200865]					
789	108328	1	[101823]					
790	108328	2	[101823]					
791	108328	3	[101823]					
792	108328	4	[101823]					
793	108328	5	[101823]					
794	108328	6	[101823]					
795	108328	7	[101823]					
796	108328	8	[101823]					
797	108328	9	[101823, 101817]					
798	108328	10	[101823, 101817]					
799	108328	11	[101823, 101817]					
800	108328	12	[101823, 101817]					
801	108328	13	[101823, 101817]					
802	108328	14	[101823, 101817]					
803	108328	15	[101823, 101817]					
804	108328	16	[101823, 101817]					
805	108328	17	[101823, 101817]					
806	108328	18	[101823, 101817, 101824]					
807	108328	19	[101823, 101817, 101824]					
808	108328	20	[101823, 101817, 101824]					
809	108328	21	[101823, 101817, 101824]					
810	108328	22	[101823, 101817, 101824]					
811	108328	23	[101823, 101817, 101824]					
812	108328	24	[101823, 101817, 101824]					
813	108328	25	[101823, 101817, 101824]					
814	108328	26	[101823, 101817, 101824]					
815	108328	27	[101823, 101817, 101824]					
816	108328	28	[101823, 101817, 101824]					
817	108328	29	[101823, 101817, 101824]					
818	108328	30	[101823, 101817, 101824]					
819	108328	31	[101823, 101817, 101824]					
820	108328	32	[101823, 101817, 101824]					
821	108328	33	[101823, 101817, 101824]					
822	108328	34	[101823, 101817, 101824]					
823	108328	35	[101823, 101817, 101824]					
824	108329	1	[101858]					
825	108329	2	[101858]					
826	108329	3	[101858]					
827	108329	4	[101858]					
828	108329	5	[101858]					
829	108329	6	[101858]					
830	108329	7	[101858]					
831	108329	8	[101858]					
832	108329	9	[101858, 101897]					
833	108329	10	[101858, 101897]					
834	108329	11	[101858, 101897]					
835	108329	12	[101858, 101897]					
836	108329	13	[101858, 101897]					
837	108329	14	[101858, 101897]					
838	108329	15	[101858, 101897]					
839	108329	16	[101858, 101897]					
840	108329	17	[101858, 101897]					
841	108329	18	[101858, 101897, 101825]					
842	108329	19	[101858, 101897, 101825]					
843	108329	20	[101858, 101897, 101825]					
844	108329	21	[101858, 101897, 101825]					
845	108329	22	[101858, 101897, 101825]					
846	108329	23	[101858, 101897, 101825]					
847	108329	24	[101858, 101897, 101825]					
848	108329	25	[101858, 101897, 101825]					
849	108329	26	[101858, 101897, 101825]					
850	108329	27	[101858, 101897, 101825]					
851	108329	28	[101858, 101897, 101825]					
852	108329	29	[101858, 101897, 101825]					
853	108329	30	[101858, 101897, 101825]					
854	108329	31	[101858, 101897, 101825]					
855	108329	32	[101858, 101897, 101825]					
856	108329	33	[101858, 101897, 101825]					
857	108329	34	[101858, 101897, 101825]					
858	108329	35	[101858, 101897, 101825]					
859	108330	1	[109802]					
860	108330	2	[109802]					
861	108330	3	[109802]					
862	108330	4	[109802]					
863	108330	5	[109802]					
864	108330	6	[109802]					
865	108330	7	[109802]					
866	108330	8	[109802]					
867	108330	9	[109802, 109805]					
868	108330	10	[109802, 109805]					
869	108330	11	[109802, 109805]					
870	108330	12	[109802, 109805]					
871	108330	13	[109802, 109805]					
872	108330	14	[109802, 109805]					
873	108330	15	[109802, 109805]					
874	108330	16	[109802, 109805]					
875	108330	17	[109802, 109805]					
876	108330	18	[109802, 109805, 109806]					
877	108330	19	[109802, 109805, 109806]					
878	108330	20	[109802, 109805, 109806]					
879	108330	21	[109802, 109805, 109806]					
880	108330	22	[109802, 109805, 109806]					
881	108330	23	[109802, 109805, 109806]					
882	108330	24	[109802, 109805, 109806]					
883	108330	25	[109802, 109805, 109806]					
884	108330	26	[109802, 109805, 109806]					
885	108330	27	[109802, 109805, 109806]					
886	108330	28	[109802, 109805, 109806]					
887	108330	29	[109802, 109805, 109806]					
888	108330	30	[109802, 109805, 109806]					
889	108330	31	[109802, 109805, 109806]					
890	108330	32	[109802, 109805, 109806]					
891	108330	33	[109802, 109805, 109806]					
892	108330	34	[109802, 109805, 109806]					
893	108330	35	[109802, 109805, 109806]					
894	114328	1	[118518]		[118501]			
895	114328	2	[118518]		[118501]			
896	114328	3	[118518]		[118501]			
897	114328	4	[118518]		[118501]			
898	114328	5	[118518]		[118501]			
899	114328	6	[118518]		[118501]			
900	114328	7	[118518]		[118501]			
901	114328	8	[118518]		[118501]			
902	114328	9	[118518, 118519]		[118501]			
903	114328	10	[118518, 118519]		[118501]			
904	114328	11	[118518, 118519]		[118501]			
905	114328	12	[118518, 118519]		[118501]			
906	114328	13	[118518, 118519]		[118501]			
907	114328	14	[118518, 118519]		[118501]			
908	114328	15	[118518, 118519]		[118501]			
909	114328	16	[118518, 118519]		[118501]			
910	114328	17	[118518, 118519]		[118501]			
911	114328	18	[118518, 118519, 118520]		[118501]			
912	114328	19	[118518, 118519, 118520]		[118501]			
913	114328	20	[118518, 118519, 118520]		[118501]			
914	114328	21	[118518, 118519, 118520]		[118501]			
915	114328	22	[118518, 118519, 118520]		[118501]			
916	114328	23	[118518, 118519, 118520]		[118501]			
917	114328	24	[118518, 118519, 118520]		[118501]			
918	114328	25	[118518, 118519, 118520]		[118501]			
919	114328	26	[118518, 118519, 118520]		[118501]			
920	114328	27	[118518, 118519, 118520]		[118501]			
921	114328	28	[118518, 118519, 118520]		[118501]			
922	114328	29	[118518, 118519, 118520]		[118501]			
923	114328	30	[118518, 118519, 118520]		[118501]			
924	114328	31	[118518, 118519, 118520]		[118501]			
925	114328	32	[118518, 118519, 118520]		[118501]			
926	114328	33	[118518, 118519, 118520]		[118501]			
927	114328	34	[118518, 118519, 118520]		[118501]			
928	114328	35	[118518, 118519, 118520]		[118501]			
929	114329	1	[118521]		[118506]			
930	114329	2	[118521]		[118506]			
931	114329	3	[118521]		[118506]			
932	114329	4	[118521]		[118506]			
933	114329	5	[118521]		[118506]			
934	114329	6	[118521]		[118506]			
935	114329	7	[118521]		[118506]			
936	114329	8	[118521]		[118506]			
937	114329	9	[118521, 118522]		[118506]			
938	114329	10	[118521, 118522]		[118506]			
939	114329	11	[118521, 118522]		[118506]			
940	114329	12	[118521, 118522]		[118506]			
941	114329	13	[118521, 118522]		[118506]			
942	114329	14	[118521, 118522]		[118506]			
943	114329	15	[118521, 118522]		[118506]			
944	114329	16	[118521, 118522]		[118506]			
945	114329	17	[118521, 118522]		[118506]			
946	114329	18	[118521, 118522, 118523]		[118506]			
947	114329	19	[118521, 118522, 118523]		[118506]			
948	114329	20	[118521, 118522, 118523]		[118506]			
949	114329	21	[118521, 118522, 118523]		[118506]			
950	114329	22	[118521, 118522, 118523]		[118506]			
951	114329	23	[118521, 118522, 118523]		[118506]			
952	114329	24	[118521, 118522, 118523]		[118506]			
953	114329	25	[118521, 118522, 118523]		[118506]			
954	114329	26	[118521, 118522, 118523]		[118506]			
955	114329	27	[118521, 118522, 118523]		[118506]			
956	114329	28	[118521, 118522, 118523]		[118506]			
957	114329	29	[118521, 118522, 118523]		[118506]			
958	114329	30	[118521, 118522, 118523]		[118506]			
959	114329	31	[118521, 118522, 118523]		[118506]			
960	114329	32	[118521, 118522, 118523]		[118506]			
961	114329	33	[118521, 118522, 118523]		[118506]			
962	114329	34	[118521, 118522, 118523]		[118506]			
963	114329	35	[118521, 118522, 118523]		[118506]			
964	114330	1	[118524]		[118511]			
965	114330	2	[118524]		[118511]			
966	114330	3	[118524]		[118511]			
967	114330	4	[118524]		[118511]			
968	114330	5	[118524]		[118511]			
969	114330	6	[118524]		[118511]			
970	114330	7	[118524]		[118511]			
971	114330	8	[118524]		[118511]			
972	114330	9	[118524, 118525]		[118511]			
973	114330	10	[118524, 118525]		[118511]			
974	114330	11	[118524, 118525]		[118511]			
975	114330	12	[118524, 118525]		[118511]			
976	114330	13	[118524, 118525]		[118511]			
977	114330	14	[118524, 118525]		[118511]			
978	114330	15	[118524, 118525]		[118511]			
979	114330	16	[118524, 118525]		[118511]			
980	114330	17	[118524, 118525]		[118511]			
981	114330	18	[118524, 118525, 118526]		[118511]			
982	114330	19	[118524, 118525, 118526]		[118511]			
983	114330	20	[118524, 118525, 118526]		[118511]			
984	114330	21	[118524, 118525, 118526]		[118511]			
985	114330	22	[118524, 118525, 118526]		[118511]			
986	114330	23	[118524, 118525, 118526]		[118511]			
987	114330	24	[118524, 118525, 118526]		[118511]			
988	114330	25	[118524, 118525, 118526]		[118511]			
989	114330	26	[118524, 118525, 118526]		[118511]			
990	114330	27	[118524, 118525, 118526]		[118511]			
991	114330	28	[118524, 118525, 118526]		[118511]			
992	114330	29	[118524, 118525, 118526]		[118511]			
993	114330	30	[118524, 118525, 118526]		[118511]			
994	114330	31	[118524, 118525, 118526]		[118511]			
995	114330	32	[118524, 118525, 118526]		[118511]			
996	114330	33	[118524, 118525, 118526]		[118511]			
997	114330	34	[118524, 118525, 118526]		[118511]			
998	114330	35	[118524, 118525, 118526]		[118511]			
999	153328	1	[200845]	[130137, 130138, 130140]	[138198]			
1000	153328	2	[200845]	[130137, 130138, 130140]	[138198]			
1001	153328	3	[200845]	[130137, 130138, 130140]	[138198]			
1002	153328	4	[200845]	[130137, 130138, 130140]	[138198]			
1003	153328	5	[200845]	[130137, 130138, 130140]	[138198]			
1004	153328	6	[200845]	[130137, 130138, 130140]	[138198]			
1005	153328	7	[200845]	[130137, 130138, 130140]	[138198]			
1006	153328	8	[200845]	[130137, 130138, 130140]	[138198]			
1007	153328	9	[200845, 200879]	[130137, 130138, 130140]	[138198]			
1008	153328	10	[200845, 200879]	[130137, 130138, 130140]	[138198]			
1009	153328	11	[200845, 200879]	[130137, 130138, 130140]	[138198]			
1010	153328	12	[200845, 200879]	[130137, 130138, 130140]	[138198]			
1011	153328	13	[200845, 200879]	[130137, 130138, 130140]	[138198]			
1012	153328	14	[200845, 200879]	[130137, 130138, 130140]	[138198]			
1013	153328	15	[200845, 200879]	[130137, 130138, 130140]	[138198]			
1014	153328	16	[200845, 200879]	[130137, 130138, 130140]	[138198]			
1015	153328	17	[200845, 200879]	[130137, 130138, 130140]	[138198]			
1016	153328	18	[200845, 200880]	[130137, 130138, 130140]	[138198]			
1017	153328	19	[200845, 200880]	[130137, 130138, 130140]	[138198]			
1018	153328	20	[200845, 200880]	[130137, 130138, 130140]	[138198]			
1019	153328	21	[200845, 200880]	[130137, 130138, 130140]	[138198]			
1020	153328	22	[200845, 200880]	[130137, 130138, 130140]	[138198]			
1021	153328	23	[200845, 200880]	[130137, 130138, 130140]	[138198]			
1022	153328	24	[200845, 200880]	[130137, 130138, 130140]	[138198]			
1023	153328	25	[200845, 200880]	[130137, 130138, 130140]	[138198]			
1024	153328	26	[200845, 200880]	[130137, 130138, 130140]	[138198]			
1025	153328	27	[200845, 200880]	[130137, 130138, 130140]	[138198]			
1026	153328	28	[200845, 200880]	[130137, 130138, 130140]	[138198]			
1027	153328	29	[200845, 200880]	[130137, 130138, 130140]	[138198]			
1028	153328	30	[200845, 200880]	[130137, 130138, 130140]	[138198]			
1029	153328	31	[200845, 200880]	[130137, 130138, 130140]	[138198]			
1030	153328	32	[200845, 200880]	[130137, 130138, 130140]	[138198]			
1031	153328	33	[200845, 200880]	[130137, 130138, 130140]	[138198]			
1032	153328	34	[200845, 200880]	[130137, 130138, 130140]	[138198]			
1033	153328	35	[200845, 200880]	[130137, 130138, 130140]	[138198]			
1034	153329	1	[200846]	[130139, 130141]	[138152]			
1035	153329	2	[200846]	[130139, 130141]	[138152]			
1036	153329	3	[200846]	[130139, 130141]	[138152]			
1037	153329	4	[200846]	[130139, 130141]	[138152]			
1038	153329	5	[200846]	[130139, 130141]	[138152]			
1039	153329	6	[200846]	[130139, 130141]	[138152]			
1040	153329	7	[200846]	[130139, 130141]	[138152]			
1041	153329	8	[200846]	[130139, 130141]	[138152]			
1042	153329	9	[200846, 200881]	[130139, 130141]	[138152]			
1043	153329	10	[200846, 200881]	[130139, 130141]	[138152]			
1044	153329	11	[200846, 200881]	[130139, 130141]	[138152]			
1045	153329	12	[200846, 200881]	[130139, 130141]	[138152]			
1046	153329	13	[200846, 200881]	[130139, 130141]	[138152]			
1047	153329	14	[200846, 200881]	[130139, 130141]	[138152]			
1048	153329	15	[200846, 200881]	[130139, 130141]	[138152]			
1049	153329	16	[200846, 200881]	[130139, 130141]	[138152]			
1050	153329	17	[200846, 200881]	[130139, 130141]	[138152]			
1051	153329	18	[200846, 200882]	[130139, 130141]	[138152]			
1052	153329	19	[200846, 200882]	[130139, 130141]	[138152]			
1053	153329	20	[200846, 200882]	[130139, 130141]	[138152]			
1054	153329	21	[200846, 200882]	[130139, 130141]	[138152]			
1055	153329	22	[200846, 200882]	[130139, 130141]	[138152]			
1056	153329	23	[200846, 200882]	[130139, 130141]	[138152]			
1057	153329	24	[200846, 200882]	[130139, 130141]	[138152]			
1058	153329	25	[200846, 200882]	[130139, 130141]	[138152]			
1059	153329	26	[200846, 200882]	[130139, 130141]	[138152]			
1060	153329	27	[200846, 200882]	[130139, 130141]	[138152]			
1061	153329	28	[200846, 200882]	[130139, 130141]	[138152]			
1062	153329	29	[200846, 200882]	[130139, 130141]	[138152]			
1063	153329	30	[200846, 200882]	[130139, 130141]	[138152]			
1064	153329	31	[200846, 200882]	[130139, 130141]	[138152]			
1065	153329	32	[200846, 200882]	[130139, 130141]	[138152]			
1066	153329	33	[200846, 200882]	[130139, 130141]	[138152]			
1067	153329	34	[200846, 200882]	[130139, 130141]	[138152]			
1068	153329	35	[200846, 200882]	[130139, 130141]	[138152]			
1069	153330	1	[138138]					
1070	153331	1	[138137]					
1071	153332	1	[200865]					
1072	113328	1	[117360]		[117359, 117357]			
1073	113328	2	[117360]		[117359, 117357]			
1074	113328	3	[117360]		[117359, 117357]			
1075	113328	4	[117360]		[117359, 117357]			
1076	113328	5	[117360]		[117359, 117357]			
1077	113328	6	[117360]		[117359, 117357]			
1078	113328	7	[117360]		[117359, 117357]			
1079	113328	8	[117360]		[117359, 117357]			
1080	113328	9	[117360, 117355]		[117359, 117357]			
1081	113328	10	[117360, 117355]		[117359, 117357]			
1082	113328	11	[117360, 117355]		[117359, 117357]			
1083	113328	12	[117360, 117355]		[117359, 117357]			
1084	113328	13	[117360, 117355]		[117359, 117357]			
1085	113328	14	[117360, 117355]		[117359, 117357]			
1086	113328	15	[117360, 117355]		[117359, 117357]			
1087	113328	16	[117360, 117355]		[117359, 117357]			
1088	113328	17	[117360, 117355]		[117359, 117357]			
1089	113328	18	[117360, 117355, 117353, 117352]		[117359, 117357]			
1090	113328	19	[117360, 117355, 117353, 117352]		[117359, 117357]			
1091	113328	20	[117360, 117355, 117353, 117352]		[117359, 117357]			
1092	113328	21	[117360, 117355, 117353, 117352]		[117359, 117357]			
1093	113328	22	[117360, 117355, 117353, 117352]		[117359, 117357]			
1094	113328	23	[117360, 117355, 117353, 117352]		[117359, 117357]			
1095	113328	24	[117360, 117355, 117353, 117352]		[117359, 117357]			
1096	113328	25	[117360, 117355, 117353, 117352]		[117359, 117357]			
1097	113328	26	[117360, 117355, 117353, 117352]		[117359, 117357]			
1098	113328	27	[117360, 117355, 117353, 117352]		[117359, 117357]			
1099	113328	28	[117360, 117355, 117353, 117352]		[117359, 117357]			
1100	113328	29	[117360, 117355, 117353, 117352]		[117359, 117357]			
1101	113328	30	[117360, 117355, 117353, 117352]		[117359, 117357]			
1102	113328	31	[117360, 117355, 117353, 117352]		[117359, 117357]			
1103	113328	32	[117360, 117355, 117353, 117352]		[117359, 117357]			
1104	113328	33	[117360, 117355, 117353, 117352]		[117359, 117357]			
1105	113328	34	[117360, 117355, 117353, 117352]		[117359, 117357]			
1106	113328	35	[117360, 117355, 117353, 117352]		[117359, 117357]			
1107	113329	1	[117383]		[117370]			
1108	113329	2	[117383]		[117370]			
1109	113329	3	[117383]		[117370]			
1110	113329	4	[117383]		[117370]			
1111	113329	5	[117383]		[117370]			
1112	113329	6	[117383]		[117370]			
1113	113329	7	[117383]		[117370]			
1114	113329	8	[117383]		[117370]			
1115	113329	9	[117383, 117380, 117379]		[117370]			
1116	113329	10	[117383, 117380, 117379]		[117370]			
1117	113329	11	[117383, 117380, 117379]		[117370]			
1118	113329	12	[117383, 117380, 117379]		[117370]			
1119	113329	13	[117383, 117380, 117379]		[117370]			
1120	113329	14	[117383, 117380, 117379]		[117370]			
1121	113329	15	[117383, 117380, 117379]		[117370]			
1122	113329	16	[117383, 117380, 117379]		[117370]			
1123	113329	17	[117383, 117380, 117379]		[117370]			
1124	113329	18	[117383, 117380, 117379, 117376]		[117370]			
1125	113329	19	[117383, 117380, 117379, 117376]		[117370]			
1126	113329	20	[117383, 117380, 117379, 117376]		[117370]			
1127	113329	21	[117383, 117380, 117379, 117376]		[117370]			
1128	113329	22	[117383, 117380, 117379, 117376]		[117370]			
1129	113329	23	[117383, 117380, 117379, 117376]		[117370]			
1130	113329	24	[117383, 117380, 117379, 117376]		[117370]			
1131	113329	25	[117383, 117380, 117379, 117376]		[117370]			
1132	113329	26	[117383, 117380, 117379, 117376]		[117370]			
1133	113329	27	[117383, 117380, 117379, 117376]		[117370]			
1134	113329	28	[117383, 117380, 117379, 117376]		[117370]			
1135	113329	29	[117383, 117380, 117379, 117376]		[117370]			
1136	113329	30	[117383, 117380, 117379, 117376]		[117370]			
1137	113329	31	[117383, 117380, 117379, 117376]		[117370]			
1138	113329	32	[117383, 117380, 117379, 117376]		[117370]			
1139	113329	33	[117383, 117380, 117379, 117376]		[117370]			
1140	113329	34	[117383, 117380, 117379, 117376]		[117370]			
1141	113329	35	[117383, 117380, 117379, 117376]		[117370]			
1142	113330	1	[117399]		[117393]			
1143	113330	2	[117399]		[117393]			
1144	113330	3	[117399]		[117393]			
1145	113330	4	[117399]		[117393]			
1146	113330	5	[117399]		[117393]			
1147	113330	6	[117399]		[117393]			
1148	113330	7	[117399]		[117393]			
1149	113330	8	[117399]		[117393]			
1150	113330	9	[117399, 117389]		[117393]			
1151	113330	10	[117399, 117389]		[117393]			
1152	113330	11	[117399, 117389]		[117393]			
1153	113330	12	[117399, 117389]		[117393]			
1154	113330	13	[117399, 117389]		[117393]			
1155	113330	14	[117399, 117389]		[117393]			
1156	113330	15	[117399, 117389]		[117393]			
1157	113330	16	[117399, 117389]		[117393]			
1158	113330	17	[117399, 117389]		[117393]			
1159	113330	18	[117399, 117389, 117386]		[117393]			
1160	113330	19	[117399, 117389, 117386]		[117393]			
1161	113330	20	[117399, 117389, 117386]		[117393]			
1162	113330	21	[117399, 117389, 117386]		[117393]			
1163	113330	22	[117399, 117389, 117386]		[117393]			
1164	113330	23	[117399, 117389, 117386]		[117393]			
1165	113330	24	[117399, 117389, 117386]		[117393]			
1166	113330	25	[117399, 117389, 117386]		[117393]			
1167	113330	26	[117399, 117389, 117386]		[117393]			
1168	113330	27	[117399, 117389, 117386]		[117393]			
1169	113330	28	[117399, 117389, 117386]		[117393]			
1170	113330	29	[117399, 117389, 117386]		[117393]			
1171	113330	30	[117399, 117389, 117386]		[117393]			
1172	113330	31	[117399, 117389, 117386]		[117393]			
1173	113330	32	[117399, 117389, 117386]		[117393]			
1174	113330	33	[117399, 117389, 117386]		[117393]			
1175	113330	34	[117399, 117389, 117386]		[117393]			
1176	113330	35	[117399, 117389, 117386]		[117393]			
1177	105328	1	[109554]		[109555]			
1178	105328	2	[109554]		[109555]			
1179	105328	3	[109554]		[109555]			
1180	105328	4	[109554]		[109555]			
1181	105328	5	[109554]		[109555]			
1182	105328	6	[109554]		[109555]			
1183	105328	7	[109554]		[109555]			
1184	105328	8	[109554]		[109555]			
1185	105328	9	[109554, 109556]		[109555, 109559]			
1186	105328	10	[109554, 109556]		[109555, 109559]			
1187	105328	11	[109554, 109556]		[109555, 109559]			
1188	105328	12	[109554, 109556]		[109555, 109559]			
1189	105328	13	[109554, 109556]		[109555, 109559]			
1190	105328	14	[109554, 109556]		[109555, 109559]			
1191	105328	15	[109554, 109556]		[109555, 109559]			
1192	105328	16	[109554, 109556]		[109555, 109559]			
1193	105328	17	[109554, 109556]		[109555, 109559]			
1194	105328	18	[109554, 109556, 109558]		[109555, 109559]			
1195	105328	19	[109554, 109556, 109558]		[109555, 109559]			
1196	105328	20	[109554, 109556, 109558]		[109555, 109559]			
1197	105328	21	[109554, 109556, 109558]		[109555, 109559]			
1198	105328	22	[109554, 109556, 109558]		[109555, 109559]			
1199	105328	23	[109554, 109556, 109558]		[109555, 109559]			
1200	105328	24	[109554, 109556, 109558]		[109555, 109559]			
1201	105328	25	[109554, 109556, 109558]		[109555, 109559]			
1202	105328	26	[109554, 109556, 109558]		[109555, 109559]			
1203	105328	27	[109554, 109556, 109558]		[109555, 109559]			
1204	105328	28	[109554, 109556, 109558]		[109555, 109559]			
1205	105328	29	[109554, 109556, 109558]		[109555, 109559]			
1206	105328	30	[109554, 109556, 109558]		[109555, 109559]			
1207	105328	31	[109554, 109556, 109558]		[109555, 109559]			
1208	105328	32	[109554, 109556, 109558]		[109555, 109559]			
1209	105328	33	[109554, 109556, 109558]		[109555, 109559]			
1210	105328	34	[109554, 109556, 109558]		[109555, 109559]			
1211	105328	35	[109554, 109556, 109558]		[109555, 109559]			
1212	105329	1	[109562]		[109563]			
1213	105329	2	[109562]		[109563]			
1214	105329	3	[109562]		[109563]			
1215	105329	4	[109562]		[109563]			
1216	105329	5	[109562]		[109563]			
1217	105329	6	[109562]		[109563]			
1218	105329	7	[109562]		[109563]			
1219	105329	8	[109562]		[109563]			
1220	105329	9	[109562, 109552]		[109563]			
1221	105329	10	[109562, 109552]		[109563]			
1222	105329	11	[109562, 109552]		[109563]			
1223	105329	12	[109562, 109552]		[109563]			
1224	105329	13	[109562, 109552]		[109563]			
1225	105329	14	[109562, 109552]		[109563]			
1226	105329	15	[109562, 109552]		[109563]			
1227	105329	16	[109562, 109552]		[109563]			
1228	105329	17	[109562, 109552]		[109563]			
1229	105329	18	[109562, 109552, 109572]		[109563]			
1230	105329	19	[109562, 109552, 109572]		[109563]			
1231	105329	20	[109562, 109552, 109572]		[109563]			
1232	105329	21	[109562, 109552, 109572]		[109563]			
1233	105329	22	[109562, 109552, 109572]		[109563]			
1234	105329	23	[109562, 109552, 109572]		[109563]			
1235	105329	24	[109562, 109552, 109572]		[109563]			
1236	105329	25	[109562, 109552, 109572]		[109563]			
1237	105329	26	[109562, 109552, 109572]		[109563]			
1238	105329	27	[109562, 109552, 109572]		[109563]			
1239	105329	28	[109562, 109552, 109572]		[109563]			
1240	105329	29	[109562, 109552, 109572]		[109563]			
1241	105329	30	[109562, 109552, 109572]		[109563]			
1242	105329	31	[109562, 109552, 109572]		[109563]			
1243	105329	32	[109562, 109552, 109572]		[109563]			
1244	105329	33	[109562, 109552, 109572]		[109563]			
1245	105329	34	[109562, 109552, 109572]		[109563]			
1246	105329	35	[109562, 109552, 109572]		[109563]			
1247	105330	1	[109566]		[109568]			
1248	105330	2	[109566]		[109568]			
1249	105330	3	[109566]		[109568]			
1250	105330	4	[109566]		[109568]			
1251	105330	5	[109566]		[109568]			
1252	105330	6	[109566]		[109568]			
1253	105330	7	[109566]		[109568]			
1254	105330	8	[109566]		[109568]			
1255	105330	9	[109566, 109569]		[109568, 109571]			
1256	105330	10	[109566, 109569]		[109568, 109571]			
1257	105330	11	[109566, 109569]		[109568, 109571]			
1258	105330	12	[109566, 109569]		[109568, 109571]			
1259	105330	13	[109566, 109569]		[109568, 109571]			
1260	105330	14	[109566, 109569]		[109568, 109571]			
1261	105330	15	[109566, 109569]		[109568, 109571]			
1262	105330	16	[109566, 109569]		[109568, 109571]			
1263	105330	17	[109566, 109569]		[109568, 109571]			
1264	105330	18	[109566, 109569, 109576]		[109568, 109571]			
1265	105330	19	[109566, 109569, 109576]		[109568, 109571]			
1266	105330	20	[109566, 109569, 109576]		[109568, 109571]			
1267	105330	21	[109566, 109569, 109576]		[109568, 109571]			
1268	105330	22	[109566, 109569, 109576]		[109568, 109571]			
1269	105330	23	[109566, 109569, 109576]		[109568, 109571]			
1270	105330	24	[109566, 109569, 109576]		[109568, 109571]			
1271	105330	25	[109566, 109569, 109576]		[109568, 109571]			
1272	105330	26	[109566, 109569, 109576]		[109568, 109571]			
1273	105330	27	[109566, 109569, 109576]		[109568, 109571]			
1274	105330	28	[109566, 109569, 109576]		[109568, 109571]			
1275	105330	29	[109566, 109569, 109576]		[109568, 109571]			
1276	105330	30	[109566, 109569, 109576]		[109568, 109571]			
1277	105330	31	[109566, 109569, 109576]		[109568, 109571]			
1278	105330	32	[109566, 109569, 109576]		[109568, 109571]			
1279	105330	33	[109566, 109569, 109576]		[109568, 109571]			
1280	105330	34	[109566, 109569, 109576]		[109568, 109571]			
1281	105330	35	[109566, 109569, 109576]		[109568, 109571]			
1282	102328	1	[199244]	[102232, 102233]	[199255]			
1283	102328	2	[199244]	[102232, 102233]	[199255]			
1284	102328	3	[199244]	[102232, 102233]	[199255]			
1285	102328	4	[199244]	[102232, 102233]	[199255]			
1286	102328	5	[199244]	[102232, 102233]	[199255]			
1287	102328	6	[199244]	[102232, 102233]	[199255]			
1288	102328	7	[199244]	[102232, 102233]	[199255]			
1289	102328	8	[199244]	[102232, 102233]	[199255]			
1290	102328	9	[199244, 199245]	[102232, 102233]	[199255]			
1291	102328	10	[199244, 199245]	[102232, 102233]	[199255]			
1292	102328	11	[199244, 199245]	[102232, 102233]	[199255]			
1293	102328	12	[199244, 199245]	[102232, 102233]	[199255]			
1294	102328	13	[199244, 199245]	[102232, 102233]	[199255]			
1295	102328	14	[199244, 199245]	[102232, 102233]	[199255]			
1296	102328	15	[199244, 199245]	[102232, 102233]	[199255]			
1297	102328	16	[199244, 199245]	[102232, 102233]	[199255]			
1298	102328	17	[199244, 199245]	[102232, 102233]	[199255]			
1299	102328	18	[199244, 199245, 199246]	[102232, 102233]	[199255]			
1300	102328	19	[199244, 199245, 199246]	[102232, 102233]	[199255]			
1301	102328	20	[199244, 199245, 199246]	[102232, 102233]	[199255]			
1302	102328	21	[199244, 199245, 199246]	[102232, 102233]	[199255]			
1303	102328	22	[199244, 199245, 199246]	[102232, 102233]	[199255]			
1304	102328	23	[199244, 199245, 199246]	[102232, 102233]	[199255]			
1305	102328	24	[199244, 199245, 199246]	[102232, 102233]	[199255]			
1306	102328	25	[199244, 199245, 199246]	[102232, 102233]	[199255]			
1307	102328	26	[199244, 199245, 199246]	[102232, 102233]	[199255]			
1308	102328	27	[199244, 199245, 199246]	[102232, 102233]	[199255]			
1309	102328	28	[199244, 199245, 199246]	[102232, 102233]	[199255]			
1310	102328	29	[199244, 199245, 199246]	[102232, 102233]	[199255]			
1311	102328	30	[199244, 199245, 199246]	[102232, 102233]	[199255]			
1312	102328	31	[199244, 199245, 199246]	[102232, 102233]	[199255]			
1313	102328	32	[199244, 199245, 199246]	[102232, 102233]	[199255]			
1314	102328	33	[199244, 199245, 199246]	[102232, 102233]	[199255]			
1315	102328	34	[199244, 199245, 199246]	[102232, 102233]	[199255]			
1316	102328	35	[199244, 199245, 199246]	[102232, 102233]	[199255]			
1317	102329	1	[199241]	[102234, 102235, 102236, 102237, 102238, 102239]	[199262, 199263]			
1318	102329	2	[199241]	[102234, 102235, 102236, 102237, 102238, 102239]	[199262, 199263]			
1319	102329	3	[199241]	[102234, 102235, 102236, 102237, 102238, 102239]	[199262, 199263]			
1320	102329	4	[199241]	[102234, 102235, 102236, 102237, 102238, 102239]	[199262, 199263]			
1321	102329	5	[199241]	[102234, 102235, 102236, 102237, 102238, 102239]	[199262, 199263]			
1322	102329	6	[199241]	[102234, 102235, 102236, 102237, 102238, 102239]	[199262, 199263]			
1323	102329	7	[199241]	[102234, 102235, 102236, 102237, 102238, 102239]	[199262, 199263]			
1324	102329	8	[199241]	[102234, 102235, 102236, 102237, 102238, 102239]	[199262, 199263]			
1325	102329	9	[199241, 199242]	[102234, 102235, 102236, 102237, 102238, 102239]	[199262, 199263]			
1326	102329	10	[199241, 199242]	[102234, 102235, 102236, 102237, 102238, 102239]	[199262, 199263]			
1327	102329	11	[199241, 199242]	[102234, 102235, 102236, 102237, 102238, 102239]	[199262, 199263]			
1328	102329	12	[199241, 199242]	[102234, 102235, 102236, 102237, 102238, 102239]	[199262, 199263]			
1329	102329	13	[199241, 199242]	[102234, 102235, 102236, 102237, 102238, 102239]	[199262, 199263]			
1330	102329	14	[199241, 199242]	[102234, 102235, 102236, 102237, 102238, 102239]	[199262, 199263]			
1331	102329	15	[199241, 199242]	[102234, 102235, 102236, 102237, 102238, 102239]	[199262, 199263]			
1332	102329	16	[199241, 199242]	[102234, 102235, 102236, 102237, 102238, 102239]	[199262, 199263]			
1333	102329	17	[199241, 199242]	[102234, 102235, 102236, 102237, 102238, 102239]	[199262, 199263]			
1334	102329	18	[199241, 199242, 199243]	[102234, 102235, 102236, 102237, 102238, 102239]	[199262, 199263]			
1335	102329	19	[199241, 199242, 199243]	[102234, 102235, 102236, 102237, 102238, 102239]	[199262, 199263]			
1336	102329	20	[199241, 199242, 199243]	[102234, 102235, 102236, 102237, 102238, 102239]	[199262, 199263]			
1337	102329	21	[199241, 199242, 199243]	[102234, 102235, 102236, 102237, 102238, 102239]	[199262, 199263]			
1338	102329	22	[199241, 199242, 199243]	[102234, 102235, 102236, 102237, 102238, 102239]	[199262, 199263]			
1339	102329	23	[199241, 199242, 199243]	[102234, 102235, 102236, 102237, 102238, 102239]	[199262, 199263]			
1340	102329	24	[199241, 199242, 199243]	[102234, 102235, 102236, 102237, 102238, 102239]	[199262, 199263]			
1341	102329	25	[199241, 199242, 199243]	[102234, 102235, 102236, 102237, 102238, 102239]	[199262, 199263]			
1342	102329	26	[199241, 199242, 199243]	[102234, 102235, 102236, 102237, 102238, 102239]	[199262, 199263]			
1343	102329	27	[199241, 199242, 199243]	[102234, 102235, 102236, 102237, 102238, 102239]	[199262, 199263]			
1344	102329	28	[199241, 199242, 199243]	[102234, 102235, 102236, 102237, 102238, 102239]	[199262, 199263]			
1345	102329	29	[199241, 199242, 199243]	[102234, 102235, 102236, 102237, 102238, 102239]	[199262, 199263]			
1346	102329	30	[199241, 199242, 199243]	[102234, 102235, 102236, 102237, 102238, 102239]	[199262, 199263]			
1347	102329	31	[199241, 199242, 199243]	[102234, 102235, 102236, 102237, 102238, 102239]	[199262, 199263]			
1348	102329	32	[199241, 199242, 199243]	[102234, 102235, 102236, 102237, 102238, 102239]	[199262, 199263]			
1349	102329	33	[199241, 199242, 199243]	[102234, 102235, 102236, 102237, 102238, 102239]	[199262, 199263]			
1350	102329	34	[199241, 199242, 199243]	[102234, 102235, 102236, 102237, 102238, 102239]	[199262, 199263]			
1351	102329	35	[199241, 199242, 199243]	[102234, 102235, 102236, 102237, 102238, 102239]	[199262, 199263]			
1352	102330	1	[199247]		[199258]			
1353	102330	2	[199247]		[199258]			
1354	102330	3	[199247]		[199258]			
1355	102330	4	[199247]		[199258]			
1356	102330	5	[199247]		[199258]			
1357	102330	6	[199247]		[199258]			
1358	102330	7	[199247]		[199258]			
1359	102330	8	[199247]		[199258]			
1360	102330	9	[199247, 199248]		[199258]			
1361	102330	10	[199247, 199248]		[199258]			
1362	102330	11	[199247, 199248]		[199258]			
1363	102330	12	[199247, 199248]		[199258]			
1364	102330	13	[199247, 199248]		[199258]			
1365	102330	14	[199247, 199248]		[199258]			
1366	102330	15	[199247, 199248]		[199258]			
1367	102330	16	[199247, 199248]		[199258]			
1368	102330	17	[199247, 199248]		[199258]			
1369	102330	18	[199247, 199248, 199249]		[199258]			
1370	102330	19	[199247, 199248, 199249]		[199258]			
1371	102330	20	[199247, 199248, 199249]		[199258]			
1372	102330	21	[199247, 199248, 199249]		[199258]			
1373	102330	22	[199247, 199248, 199249]		[199258]			
1374	102330	23	[199247, 199248, 199249]		[199258]			
1375	102330	24	[199247, 199248, 199249]		[199258]			
1376	102330	25	[199247, 199248, 199249]		[199258]			
1377	102330	26	[199247, 199248, 199249]		[199258]			
1378	102330	27	[199247, 199248, 199249]		[199258]			
1379	102330	28	[199247, 199248, 199249]		[199258]			
1380	102330	29	[199247, 199248, 199249]		[199258]			
1381	102330	30	[199247, 199248, 199249]		[199258]			
1382	102330	31	[199247, 199248, 199249]		[199258]			
1383	102330	32	[199247, 199248, 199249]		[199258]			
1384	102330	33	[199247, 199248, 199249]		[199258]			
1385	102330	34	[199247, 199248, 199249]		[199258]			
1386	102330	35	[199247, 199248, 199249]		[199258]			
1387	104328	1	[107443]		[107444]			
1388	104328	2	[107443]		[107444]			
1389	104328	3	[107443]		[107444]			
1390	104328	4	[107443]		[107444]			
1391	104328	5	[107443]		[107444]			
1392	104328	6	[107443]		[107444]			
1393	104328	7	[107443]		[107444]			
1394	104328	8	[107443]		[107444]			
1395	104328	9	[107443, 107445]		[107444]			
1396	104328	10	[107443, 107445]		[107444]			
1397	104328	11	[107443, 107445]		[107444]			
1398	104328	12	[107443, 107445]		[107444]			
1399	104328	13	[107443, 107445]		[107444]			
1400	104328	14	[107443, 107445]		[107444]			
1401	104328	15	[107443, 107445]		[107444]			
1402	104328	16	[107443, 107445]		[107444]			
1403	104328	17	[107443, 107445]		[107444]			
1404	104328	18	[107443, 107445, 107437]		[107444]			
1405	104328	19	[107443, 107445, 107437]		[107444]			
1406	104328	20	[107443, 107445, 107437]		[107444]			
1407	104328	21	[107443, 107445, 107437]		[107444]			
1408	104328	22	[107443, 107445, 107437]		[107444]			
1409	104328	23	[107443, 107445, 107437]		[107444]			
1410	104328	24	[107443, 107445, 107437]		[107444]			
1411	104328	25	[107443, 107445, 107437]		[107444]			
1412	104328	26	[107443, 107445, 107437]		[107444]			
1413	104328	27	[107443, 107445, 107437]		[107444]			
1414	104328	28	[107443, 107445, 107437]		[107444]			
1415	104328	29	[107443, 107445, 107437]		[107444]			
1416	104328	30	[107443, 107445, 107437]		[107444]			
1417	104328	31	[107443, 107445, 107437]		[107444]			
1418	104328	32	[107443, 107445, 107437]		[107444]			
1419	104328	33	[107443, 107445, 107437]		[107444]			
1420	104328	34	[107443, 107445, 107437]		[107444]			
1421	104328	35	[107443, 107445, 107437]		[107444]			
1422	104329	1	[107449]		[107450, 107451]			
1423	104329	2	[107449]		[107450, 107451]			
1424	104329	3	[107449]		[107450, 107451]			
1425	104329	4	[107449]		[107450, 107451]			
1426	104329	5	[107449]		[107450, 107451]			
1427	104329	6	[107449]		[107450, 107451]			
1428	104329	7	[107449]		[107450, 107451]			
1429	104329	8	[107449]		[107450, 107451]			
1430	104329	9	[107449, 107448]	[101429, 101441, 101442]	[107450, 107451]			
1431	104329	10	[107449, 107448]	[101429, 101441, 101442]	[107450, 107451]			
1432	104329	11	[107449, 107448]	[101429, 101441, 101442]	[107450, 107451]			
1433	104329	12	[107449, 107448]	[101429, 101441, 101442]	[107450, 107451]			
1434	104329	13	[107449, 107448]	[101429, 101441, 101442]	[107450, 107451]			
1435	104329	14	[107449, 107448]	[101429, 101441, 101442]	[107450, 107451]			
1436	104329	15	[107449, 107448]	[101429, 101441, 101442]	[107450, 107451]			
1437	104329	16	[107449, 107448]	[101429, 101441, 101442]	[107450, 107451]			
1438	104329	17	[107449, 107448]	[101429, 101441, 101442]	[107450, 107451]			
1439	104329	18	[107449, 107448, 107400]	[101429, 101441, 101442, 101430]	[107450, 107451]			
1440	104329	19	[107449, 107448, 107400]	[101429, 101441, 101442, 101430]	[107450, 107451]			
1441	104329	20	[107449, 107448, 107400]	[101429, 101441, 101442, 101430]	[107450, 107451]			
1442	104329	21	[107449, 107448, 107400]	[101429, 101441, 101442, 101430]	[107450, 107451]			
1443	104329	22	[107449, 107448, 107400]	[101429, 101441, 101442, 101430]	[107450, 107451]			
1444	104329	23	[107449, 107448, 107400]	[101429, 101441, 101442, 101430]	[107450, 107451]			
1445	104329	24	[107449, 107448, 107400]	[101429, 101441, 101442, 101430]	[107450, 107451]			
1446	104329	25	[107449, 107448, 107400]	[101429, 101441, 101442, 101430]	[107450, 107451]			
1447	104329	26	[107449, 107448, 107400]	[101429, 101441, 101442, 101430]	[107450, 107451]			
1448	104329	27	[107449, 107448, 107400]	[101429, 101441, 101442, 101430]	[107450, 107451]			
1449	104329	28	[107449, 107448, 107400]	[101429, 101441, 101442, 101430]	[107450, 107451]			
1450	104329	29	[107449, 107448, 107400]	[101429, 101441, 101442, 101430]	[107450, 107451]			
1451	104329	30	[107449, 107448, 107400]	[101429, 101441, 101442, 101430]	[107450, 107451]			
1452	104329	31	[107449, 107448, 107400]	[101429, 101441, 101442, 101430]	[107450, 107451]			
1453	104329	32	[107449, 107448, 107400]	[101429, 101441, 101442, 101430]	[107450, 107451]			
1454	104329	33	[107449, 107448, 107400]	[101429, 101441, 101442, 101430]	[107450, 107451]			
1455	104329	34	[107449, 107448, 107400]	[101429, 101441, 101442, 101430]	[107450, 107451]			
1456	104329	35	[107449, 107448, 107400]	[101429, 101441, 101442, 101430]	[107450, 107451]			
1457	104330	1	[107439]		[107440]			
1458	104330	2	[107439]		[107440]			
1459	104330	3	[107439]		[107440]			
1460	104330	4	[107439]		[107440]			
1461	104330	5	[107439]		[107440]			
1462	104330	6	[107439]		[107440]			
1463	104330	7	[107439]		[107440]			
1464	104330	8	[107439]		[107440]			
1465	104330	9	[107439, 107429]		[107440]			
1466	104330	10	[107439, 107429]		[107440]			
1467	104330	11	[107439, 107429]		[107440]			
1468	104330	12	[107439, 107429]		[107440]			
1469	104330	13	[107439, 107429]		[107440]			
1470	104330	14	[107439, 107429]		[107440]			
1471	104330	15	[107439, 107429]		[107440]			
1472	104330	16	[107439, 107429]		[107440]			
1473	104330	17	[107439, 107429]		[107440]			
1474	104330	18	[107439, 107429, 107433]		[107440]			
1475	104330	19	[107439, 107429, 107433]		[107440]			
1476	104330	20	[107439, 107429, 107433]		[107440]			
1477	104330	21	[107439, 107429, 107433]		[107440]			
1478	104330	22	[107439, 107429, 107433]		[107440]			
1479	104330	23	[107439, 107429, 107433]		[107440]			
1480	104330	24	[107439, 107429, 107433]		[107440]			
1481	104330	25	[107439, 107429, 107433]		[107440]			
1482	104330	26	[107439, 107429, 107433]		[107440]			
1483	104330	27	[107439, 107429, 107433]		[107440]			
1484	104330	28	[107439, 107429, 107433]		[107440]			
1485	104330	29	[107439, 107429, 107433]		[107440]			
1486	104330	30	[107439, 107429, 107433]		[107440]			
1487	104330	31	[107439, 107429, 107433]		[107440]			
1488	104330	32	[107439, 107429, 107433]		[107440]			
1489	104330	33	[107439, 107429, 107433]		[107440]			
1490	104330	34	[107439, 107429, 107433]		[107440]			
1491	104330	35	[107439, 107429, 107433]		[107440]			
1492	113228	1	[119373]		[118301, 118302, 118303, 118304, 118305, 118306, 118307, 118308, 118309]			
1493	113228	2	[119373]		[118301, 118302, 118303, 118304, 118305, 118306, 118307, 118308, 118309]			
1494	113228	3	[119373]		[118301, 118302, 118303, 118304, 118305, 118306, 118307, 118308, 118309]			
1495	113228	4	[119373]		[118301, 118302, 118303, 118304, 118305, 118306, 118307, 118308, 118309]			
1496	113228	5	[119373]		[118301, 118302, 118303, 118304, 118305, 118306, 118307, 118308, 118309]			
1497	113228	6	[119373]		[118301, 118302, 118303, 118304, 118305, 118306, 118307, 118308, 118309]			
1498	113228	7	[119373]		[118301, 118302, 118303, 118304, 118305, 118306, 118307, 118308, 118309]			
1499	113228	8	[119373]		[118301, 118302, 118303, 118304, 118305, 118306, 118307, 118308, 118309]			
1500	113228	9	[119373, 118312]		[118301, 118302, 118303, 118304, 118305, 118306, 118307, 118308, 118309]			
1501	113228	10	[119373, 118312]		[118301, 118302, 118303, 118304, 118305, 118306, 118307, 118308, 118309]			
1502	113228	11	[119373, 118312]		[118301, 118302, 118303, 118304, 118305, 118306, 118307, 118308, 118309]			
1503	113228	12	[119373, 118312]		[118301, 118302, 118303, 118304, 118305, 118306, 118307, 118308, 118309]			
1504	113228	13	[119373, 118312]		[118301, 118302, 118303, 118304, 118305, 118306, 118307, 118308, 118309]			
1505	113228	14	[119373, 118312]		[118301, 118302, 118303, 118304, 118305, 118306, 118307, 118308, 118309]			
1506	113228	15	[119373, 118312]		[118301, 118302, 118303, 118304, 118305, 118306, 118307, 118308, 118309]			
1507	113228	16	[119373, 118312]		[118301, 118302, 118303, 118304, 118305, 118306, 118307, 118308, 118309]			
1508	113228	17	[119373, 118312]		[118301, 118302, 118303, 118304, 118305, 118306, 118307, 118308, 118309]			
1509	113228	18	[119373, 118312, 118313]		[118301, 118302, 118303, 118304, 118305, 118306, 118307, 118308, 118309]			
1510	113228	19	[119373, 118312, 118313]		[118301, 118302, 118303, 118304, 118305, 118306, 118307, 118308, 118309]			
1511	113228	20	[119373, 118312, 118313]		[118301, 118302, 118303, 118304, 118305, 118306, 118307, 118308, 118309]			
1512	113228	21	[119373, 118312, 118313]		[118301, 118302, 118303, 118304, 118305, 118306, 118307, 118308, 118309]			
1513	113228	22	[119373, 118312, 118313]		[118301, 118302, 118303, 118304, 118305, 118306, 118307, 118308, 118309]			
1514	113228	23	[119373, 118312, 118313]		[118301, 118302, 118303, 118304, 118305, 118306, 118307, 118308, 118309]			
1515	113228	24	[119373, 118312, 118313]		[118301, 118302, 118303, 118304, 118305, 118306, 118307, 118308, 118309]			
1516	113228	25	[119373, 118312, 118313]		[118301, 118302, 118303, 118304, 118305, 118306, 118307, 118308, 118309]			
1517	113228	26	[119373, 118312, 118313]		[118301, 118302, 118303, 118304, 118305, 118306, 118307, 118308, 118309]			
1518	113228	27	[119373, 118312, 118313]		[118301, 118302, 118303, 118304, 118305, 118306, 118307, 118308, 118309]			
1519	113228	28	[119373, 118312, 118313]		[118301, 118302, 118303, 118304, 118305, 118306, 118307, 118308, 118309]			
1520	113228	29	[119373, 118312, 118313]		[118301, 118302, 118303, 118304, 118305, 118306, 118307, 118308, 118309]			
1521	113228	30	[119373, 118312, 118313]		[118301, 118302, 118303, 118304, 118305, 118306, 118307, 118308, 118309]			
1522	113228	31	[119373, 118312, 118313]		[118301, 118302, 118303, 118304, 118305, 118306, 118307, 118308, 118309]			
1523	113228	32	[119373, 118312, 118313]		[118301, 118302, 118303, 118304, 118305, 118306, 118307, 118308, 118309]			
1524	113228	33	[119373, 118312, 118313]		[118301, 118302, 118303, 118304, 118305, 118306, 118307, 118308, 118309]			
1525	113228	34	[119373, 118312, 118313]		[118301, 118302, 118303, 118304, 118305, 118306, 118307, 118308, 118309]			
1526	113228	35	[119373, 118312, 118313]		[118301, 118302, 118303, 118304, 118305, 118306, 118307, 118308, 118309]			
1527	113229	1	[118316]					
1528	113229	2	[118316]					
1529	113229	3	[118316]					
1530	113229	4	[118316]					
1531	113229	5	[118316]					
1532	113229	6	[118316]					
1533	113229	7	[118316]					
1534	113229	8	[118316]					
1535	113229	9	[118316, 118317]					
1536	113229	10	[118316, 118317]					
1537	113229	11	[118316, 118317]					
1538	113229	12	[118316, 118317]					
1539	113229	13	[118316, 118317]					
1540	113229	14	[118316, 118317]					
1541	113229	15	[118316, 118317]					
1542	113229	16	[118316, 118317]					
1543	113229	17	[118316, 118317]					
1544	113229	18	[118316, 118317, 118318]					
1545	113229	19	[118316, 118317, 118318]					
1546	113229	20	[118316, 118317, 118318]					
1547	113229	21	[118316, 118317, 118318]					
1548	113229	22	[118316, 118317, 118318]					
1549	113229	23	[118316, 118317, 118318]					
1550	113229	24	[118316, 118317, 118318]					
1551	113229	25	[118316, 118317, 118318]					
1552	113229	26	[118316, 118317, 118318]					
1553	113229	27	[118316, 118317, 118318]					
1554	113229	28	[118316, 118317, 118318]					
1555	113229	29	[118316, 118317, 118318]					
1556	113229	30	[118316, 118317, 118318]					
1557	113229	31	[118316, 118317, 118318]					
1558	113229	32	[118316, 118317, 118318]					
1559	113229	33	[118316, 118317, 118318]					
1560	113229	34	[118316, 118317, 118318]					
1561	113229	35	[118316, 118317, 118318]					
1562	113230	1	[119361]		[118310, 118311]			
1563	113230	2	[119361]		[118310, 118311]			
1564	113230	3	[119361]		[118310, 118311]			
1565	113230	4	[119361]		[118310, 118311]			
1566	113230	5	[119361]		[118310, 118311]			
1567	113230	6	[119361]		[118310, 118311]			
1568	113230	7	[119361]		[118310, 118311]			
1569	113230	8	[119361]		[118310, 118311]			
1570	113230	9	[119361, 118322]		[118310, 118311]			
1571	113230	10	[119361, 118322]		[118310, 118311]			
1572	113230	11	[119361, 118322]		[118310, 118311]			
1573	113230	12	[119361, 118322]		[118310, 118311]			
1574	113230	13	[119361, 118322]		[118310, 118311]			
1575	113230	14	[119361, 118322]		[118310, 118311]			
1576	113230	15	[119361, 118322]		[118310, 118311]			
1577	113230	16	[119361, 118322]		[118310, 118311]			
1578	113230	17	[119361, 118322]		[118310, 118311]			
1579	113230	18	[119361, 118322, 118323]		[118310, 118311]			
1580	113230	19	[119361, 118322, 118323]		[118310, 118311]			
1581	113230	20	[119361, 118322, 118323]		[118310, 118311]			
1582	113230	21	[119361, 118322, 118323]		[118310, 118311]			
1583	113230	22	[119361, 118322, 118323]		[118310, 118311]			
1584	113230	23	[119361, 118322, 118323]		[118310, 118311]			
1585	113230	24	[119361, 118322, 118323]		[118310, 118311]			
1586	113230	25	[119361, 118322, 118323]		[118310, 118311]			
1587	113230	26	[119361, 118322, 118323]		[118310, 118311]			
1588	113230	27	[119361, 118322, 118323]		[118310, 118311]			
1589	113230	28	[119361, 118322, 118323]		[118310, 118311]			
1590	113230	29	[119361, 118322, 118323]		[118310, 118311]			
1591	113230	30	[119361, 118322, 118323]		[118310, 118311]			
1592	113230	31	[119361, 118322, 118323]		[118310, 118311]			
1593	113230	32	[119361, 118322, 118323]		[118310, 118311]			
1594	113230	33	[119361, 118322, 118323]		[118310, 118311]			
1595	113230	34	[119361, 118322, 118323]		[118310, 118311]			
1596	113230	35	[119361, 118322, 118323]		[118310, 118311]			
1597	103429	1	[108362]		[108366]			
1598	103429	2	[108362]		[108366]			
1599	103429	3	[108362]		[108366]			
1600	103429	4	[108362]		[108366]			
1601	103429	5	[108362]		[108366]			
1602	103429	6	[108362]		[108366]			
1603	103429	7	[108362]		[108366]			
1604	103429	8	[108362]		[108366]			
1605	103429	9	[108362, 108363]		[108366]			
1606	103429	10	[108362, 108363]		[108366]			
1607	103429	11	[108362, 108363]		[108366]			
1608	103429	12	[108362, 108363]		[108366]			
1609	103429	13	[108362, 108363]		[108366]			
1610	103429	14	[108362, 108363]		[108366]			
1611	103429	15	[108362, 108363]		[108366]			
1612	103429	16	[108362, 108363]		[108366]			
1613	103429	17	[108362, 108363]		[108366]			
1614	103429	18	[108362, 108363, 108365]		[108366]			
1615	103429	19	[108362, 108363, 108365]		[108366]			
1616	103429	20	[108362, 108363, 108365]		[108366]			
1617	103429	21	[108362, 108363, 108365]		[108366]			
1618	103429	22	[108362, 108363, 108365]		[108366]			
1619	103429	23	[108362, 108363, 108365]		[108366]			
1620	103429	24	[108362, 108363, 108365]		[108366]			
1621	103429	25	[108362, 108363, 108365]		[108366]			
1622	103429	26	[108362, 108363, 108365]		[108366]			
1623	103429	27	[108362, 108363, 108365]		[108366]			
1624	103429	28	[108362, 108363, 108365]		[108366]			
1625	103429	29	[108362, 108363, 108365]		[108366]			
1626	103429	30	[108362, 108363, 108365]		[108366]			
1627	103429	31	[108362, 108363, 108365]		[108366]			
1628	103429	32	[108362, 108363, 108365]		[108366]			
1629	103429	33	[108362, 108363, 108365]		[108366]			
1630	103429	34	[108362, 108363, 108365]		[108366]			
1631	103429	35	[108362, 108363, 108365]		[108366]			
1632	103430	1	[108371]		[108372]			
1633	103430	2	[108371]		[108372]			
1634	103430	3	[108371]		[108372]			
1635	103430	4	[108371]		[108372]			
1636	103430	5	[108371]		[108372]			
1637	103430	6	[108371]		[108372]			
1638	103430	7	[108371]		[108372]			
1639	103430	8	[108371]		[108372]			
1640	103430	9	[108371, 108374]		[108372]			
1641	103430	10	[108371, 108374]		[108372]			
1642	103430	11	[108371, 108374]		[108372]			
1643	103430	12	[108371, 108374]		[108372]			
1644	103430	13	[108371, 108374]		[108372]			
1645	103430	14	[108371, 108374]		[108372]			
1646	103430	15	[108371, 108374]		[108372]			
1647	103430	16	[108371, 108374]		[108372]			
1648	103430	17	[108371, 108374]		[108372]			
1649	103430	18	[108371, 108374, 108375, 108376]		[108372]			
1650	103430	19	[108371, 108374, 108375, 108376]		[108372]			
1651	103430	20	[108371, 108374, 108375, 108376]		[108372]			
1652	103430	21	[108371, 108374, 108375, 108376]		[108372]			
1653	103430	22	[108371, 108374, 108375, 108376]		[108372]			
1654	103430	23	[108371, 108374, 108375, 108376]		[108372]			
1655	103430	24	[108371, 108374, 108375, 108376]		[108372]			
1656	103430	25	[108371, 108374, 108375, 108376]		[108372]			
1657	103430	26	[108371, 108374, 108375, 108376]		[108372]			
1658	103430	27	[108371, 108374, 108375, 108376]		[108372]			
1659	103430	28	[108371, 108374, 108375, 108376]		[108372]			
1660	103430	29	[108371, 108374, 108375, 108376]		[108372]			
1661	103430	30	[108371, 108374, 108375, 108376]		[108372]			
1662	103430	31	[108371, 108374, 108375, 108376]		[108372]			
1663	103430	32	[108371, 108374, 108375, 108376]		[108372]			
1664	103430	33	[108371, 108374, 108375, 108376]		[108372]			
1665	103430	34	[108371, 108374, 108375, 108376]		[108372]			
1666	103430	35	[108371, 108374, 108375, 108376]		[108372]			
1667	103431	1	[108378]		[108381, 108380]			
1668	103431	2	[108378]		[108381, 108380]			
1669	103431	3	[108378]		[108381, 108380]			
1670	103431	4	[108378]		[108381, 108380]			
1671	103431	5	[108378]		[108381, 108380]			
1672	103431	6	[108378]		[108381, 108380]			
1673	103431	7	[108378]		[108381, 108380]			
1674	103431	8	[108378]		[108381, 108380]			
1675	103431	9	[108378, 108382]		[108381, 108380]			
1676	103431	10	[108378, 108382]		[108381, 108380]			
1677	103431	11	[108378, 108382]		[108381, 108380]			
1678	103431	12	[108378, 108382]		[108381, 108380]			
1679	103431	13	[108378, 108382]		[108381, 108380]			
1680	103431	14	[108378, 108382]		[108381, 108380]			
1681	103431	15	[108378, 108382]		[108381, 108380]			
1682	103431	16	[108378, 108382]		[108381, 108380]			
1683	103431	17	[108378, 108382]		[108381, 108380]			
1684	103431	18	[108378, 108382, 108383, 108387]		[108381, 108380]			
1685	103431	19	[108378, 108382, 108383, 108387]		[108381, 108380]			
1686	103431	20	[108378, 108382, 108383, 108387]		[108381, 108380]			
1687	103431	21	[108378, 108382, 108383, 108387]		[108381, 108380]			
1688	103431	22	[108378, 108382, 108383, 108387]		[108381, 108380]			
1689	103431	23	[108378, 108382, 108383, 108387]		[108381, 108380]			
1690	103431	24	[108378, 108382, 108383, 108387]		[108381, 108380]			
1691	103431	25	[108378, 108382, 108383, 108387]		[108381, 108380]			
1692	103431	26	[108378, 108382, 108383, 108387]		[108381, 108380]			
1693	103431	27	[108378, 108382, 108383, 108387]		[108381, 108380]			
1694	103431	28	[108378, 108382, 108383, 108387]		[108381, 108380]			
1695	103431	29	[108378, 108382, 108383, 108387]		[108381, 108380]			
1696	103431	30	[108378, 108382, 108383, 108387]		[108381, 108380]			
1697	103431	31	[108378, 108382, 108383, 108387]		[108381, 108380]			
1698	103431	32	[108378, 108382, 108383, 108387]		[108381, 108380]			
1699	103431	33	[108378, 108382, 108383, 108387]		[108381, 108380]			
1700	103431	34	[108378, 108382, 108383, 108387]		[108381, 108380]			
1701	103431	35	[108378, 108382, 108383, 108387]		[108381, 108380]			
1702	107428	1	[192701]	[102771, 102772, 102773, 102774, 102775, 102776, 102777, 102778, 102779]	[192717, 192718, 192719, 192720, 192721, 192722, 192723, 192724, 192725, 192712]			
1703	107428	2	[192701]	[102771, 102772, 102773, 102774, 102775, 102776, 102777, 102778, 102779]	[192717, 192718, 192719, 192720, 192721, 192722, 192723, 192724, 192725, 192712]			
1704	107428	3	[192701]	[102771, 102772, 102773, 102774, 102775, 102776, 102777, 102778, 102779]	[192717, 192718, 192719, 192720, 192721, 192722, 192723, 192724, 192725, 192712]			
1705	107428	4	[192701]	[102771, 102772, 102773, 102774, 102775, 102776, 102777, 102778, 102779]	[192717, 192718, 192719, 192720, 192721, 192722, 192723, 192724, 192725, 192712]			
1706	107428	5	[192701]	[102771, 102772, 102773, 102774, 102775, 102776, 102777, 102778, 102779]	[192717, 192718, 192719, 192720, 192721, 192722, 192723, 192724, 192725, 192712]			
1707	107428	6	[192701]	[102771, 102772, 102773, 102774, 102775, 102776, 102777, 102778, 102779]	[192717, 192718, 192719, 192720, 192721, 192722, 192723, 192724, 192725, 192712]			
1708	107428	7	[192701]	[102771, 102772, 102773, 102774, 102775, 102776, 102777, 102778, 102779]	[192717, 192718, 192719, 192720, 192721, 192722, 192723, 192724, 192725, 192712]			
1709	107428	8	[192701]	[102771, 102772, 102773, 102774, 102775, 102776, 102777, 102778, 102779]	[192717, 192718, 192719, 192720, 192721, 192722, 192723, 192724, 192725, 192712]			
1710	107428	9	[192701, 192702]	[102771, 102772, 102773, 102774, 102775, 102776, 102777, 102778, 102779]	[192717, 192718, 192719, 192720, 192721, 192722, 192723, 192724, 192725, 192712, 192714]			
1711	107428	10	[192701, 192702]	[102771, 102772, 102773, 102774, 102775, 102776, 102777, 102778, 102779]	[192717, 192718, 192719, 192720, 192721, 192722, 192723, 192724, 192725, 192712, 192714]			
1712	107428	11	[192701, 192702]	[102771, 102772, 102773, 102774, 102775, 102776, 102777, 102778, 102779]	[192717, 192718, 192719, 192720, 192721, 192722, 192723, 192724, 192725, 192712, 192714]			
1713	107428	12	[192701, 192702]	[102771, 102772, 102773, 102774, 102775, 102776, 102777, 102778, 102779]	[192717, 192718, 192719, 192720, 192721, 192722, 192723, 192724, 192725, 192712, 192714]			
1714	107428	13	[192701, 192702]	[102771, 102772, 102773, 102774, 102775, 102776, 102777, 102778, 102779]	[192717, 192718, 192719, 192720, 192721, 192722, 192723, 192724, 192725, 192712, 192714]			
1715	107428	14	[192701, 192702]	[102771, 102772, 102773, 102774, 102775, 102776, 102777, 102778, 102779]	[192717, 192718, 192719, 192720, 192721, 192722, 192723, 192724, 192725, 192712, 192714]			
1716	107428	15	[192701, 192702]	[102771, 102772, 102773, 102774, 102775, 102776, 102777, 102778, 102779]	[192717, 192718, 192719, 192720, 192721, 192722, 192723, 192724, 192725, 192712, 192714]			
1717	107428	16	[192701, 192702]	[102771, 102772, 102773, 102774, 102775, 102776, 102777, 102778, 102779]	[192717, 192718, 192719, 192720, 192721, 192722, 192723, 192724, 192725, 192712, 192714]			
1718	107428	17	[192701, 192702]	[102771, 102772, 102773, 102774, 102775, 102776, 102777, 102778, 102779]	[192717, 192718, 192719, 192720, 192721, 192722, 192723, 192724, 192725, 192712, 192714]			
1719	107428	18	[192701, 192702, 192703]	[102771, 102772, 102773, 102774, 102775, 102776, 102777, 102778, 102779]	[192717, 192718, 192719, 192720, 192721, 192722, 192723, 192724, 192725, 192712, 192714, 192711]			
1720	107428	19	[192701, 192702, 192703]	[102771, 102772, 102773, 102774, 102775, 102776, 102777, 102778, 102779]	[192717, 192718, 192719, 192720, 192721, 192722, 192723, 192724, 192725, 192712, 192714, 192711]			
1721	107428	20	[192701, 192702, 192703]	[102771, 102772, 102773, 102774, 102775, 102776, 102777, 102778, 102779]	[192717, 192718, 192719, 192720, 192721, 192722, 192723, 192724, 192725, 192712, 192714, 192711]			
1722	107428	21	[192701, 192702, 192703]	[102771, 102772, 102773, 102774, 102775, 102776, 102777, 102778, 102779]	[192717, 192718, 192719, 192720, 192721, 192722, 192723, 192724, 192725, 192712, 192714, 192711]			
1723	107428	22	[192701, 192702, 192703]	[102771, 102772, 102773, 102774, 102775, 102776, 102777, 102778, 102779]	[192717, 192718, 192719, 192720, 192721, 192722, 192723, 192724, 192725, 192712, 192714, 192711]			
1724	107428	23	[192701, 192702, 192703]	[102771, 102772, 102773, 102774, 102775, 102776, 102777, 102778, 102779]	[192717, 192718, 192719, 192720, 192721, 192722, 192723, 192724, 192725, 192712, 192714, 192711]			
1725	107428	24	[192701, 192702, 192703]	[102771, 102772, 102773, 102774, 102775, 102776, 102777, 102778, 102779]	[192717, 192718, 192719, 192720, 192721, 192722, 192723, 192724, 192725, 192712, 192714, 192711]			
1726	107428	25	[192701, 192702, 192703]	[102771, 102772, 102773, 102774, 102775, 102776, 102777, 102778, 102779]	[192717, 192718, 192719, 192720, 192721, 192722, 192723, 192724, 192725, 192712, 192714, 192711]			
1727	107428	26	[192701, 192702, 192703]	[102771, 102772, 102773, 102774, 102775, 102776, 102777, 102778, 102779]	[192717, 192718, 192719, 192720, 192721, 192722, 192723, 192724, 192725, 192712, 192714, 192711]			
1728	107428	27	[192701, 192702, 192703]	[102771, 102772, 102773, 102774, 102775, 102776, 102777, 102778, 102779]	[192717, 192718, 192719, 192720, 192721, 192722, 192723, 192724, 192725, 192712, 192714, 192711]			
1729	107428	28	[192701, 192702, 192703]	[102771, 102772, 102773, 102774, 102775, 102776, 102777, 102778, 102779]	[192717, 192718, 192719, 192720, 192721, 192722, 192723, 192724, 192725, 192712, 192714, 192711]			
1730	107428	29	[192701, 192702, 192703]	[102771, 102772, 102773, 102774, 102775, 102776, 102777, 102778, 102779]	[192717, 192718, 192719, 192720, 192721, 192722, 192723, 192724, 192725, 192712, 192714, 192711]			
1731	107428	30	[192701, 192702, 192703]	[102771, 102772, 102773, 102774, 102775, 102776, 102777, 102778, 102779]	[192717, 192718, 192719, 192720, 192721, 192722, 192723, 192724, 192725, 192712, 192714, 192711]			
1732	107428	31	[192701, 192702, 192703]	[102771, 102772, 102773, 102774, 102775, 102776, 102777, 102778, 102779]	[192717, 192718, 192719, 192720, 192721, 192722, 192723, 192724, 192725, 192712, 192714, 192711]			
1733	107428	32	[192701, 192702, 192703]	[102771, 102772, 102773, 102774, 102775, 102776, 102777, 102778, 102779]	[192717, 192718, 192719, 192720, 192721, 192722, 192723, 192724, 192725, 192712, 192714, 192711]			
1734	107428	33	[192701, 192702, 192703]	[102771, 102772, 102773, 102774, 102775, 102776, 102777, 102778, 102779]	[192717, 192718, 192719, 192720, 192721, 192722, 192723, 192724, 192725, 192712, 192714, 192711]			
1735	107428	34	[192701, 192702, 192703]	[102771, 102772, 102773, 102774, 102775, 102776, 102777, 102778, 102779]	[192717, 192718, 192719, 192720, 192721, 192722, 192723, 192724, 192725, 192712, 192714, 192711]			
1736	107428	35	[192701, 192702, 192703]	[102771, 102772, 102773, 102774, 102775, 102776, 102777, 102778, 102779]	[192717, 192718, 192719, 192720, 192721, 192722, 192723, 192724, 192725, 192712, 192714, 192711]			
1737	107429	1	[192704]					
1738	107429	2	[192704]					
1739	107429	3	[192704]					
1740	107429	4	[192704]					
1741	107429	5	[192704]					
1742	107429	6	[192704]					
1743	107429	7	[192704]					
1744	107429	8	[192704]					
1745	107429	9	[192704, 192705]					
1746	107429	10	[192704, 192705]					
1747	107429	11	[192704, 192705]					
1748	107429	12	[192704, 192705]					
1749	107429	13	[192704, 192705]					
1750	107429	14	[192704, 192705]					
1751	107429	15	[192704, 192705]					
1752	107429	16	[192704, 192705]					
1753	107429	17	[192704, 192705]					
1754	107429	18	[192704, 192705, 192706]					
1755	107429	19	[192704, 192705, 192706]					
1756	107429	20	[192704, 192705, 192706]					
1757	107429	21	[192704, 192705, 192706]					
1758	107429	22	[192704, 192705, 192706]					
1759	107429	23	[192704, 192705, 192706]					
1760	107429	24	[192704, 192705, 192706]					
1761	107429	25	[192704, 192705, 192706]					
1762	107429	26	[192704, 192705, 192706]					
1763	107429	27	[192704, 192705, 192706]					
1764	107429	28	[192704, 192705, 192706]					
1765	107429	29	[192704, 192705, 192706]					
1766	107429	30	[192704, 192705, 192706]					
1767	107429	31	[192704, 192705, 192706]					
1768	107429	32	[192704, 192705, 192706]					
1769	107429	33	[192704, 192705, 192706]					
1770	107429	34	[192704, 192705, 192706]					
1771	107429	35	[192704, 192705, 192706]					
1772	107430	1	[192707]	[102770]	[192726, 192727, 192728]			
1773	107430	2	[192707]	[102770]	[192726, 192727, 192728]			
1774	107430	3	[192707]	[102770]	[192726, 192727, 192728]			
1775	107430	4	[192707]	[102770]	[192726, 192727, 192728]			
1776	107430	5	[192707]	[102770]	[192726, 192727, 192728]			
1777	107430	6	[192707]	[102770]	[192726, 192727, 192728]			
1778	107430	7	[192707]	[102770]	[192726, 192727, 192728]			
1779	107430	8	[192707]	[102770]	[192726, 192727, 192728]			
1780	107430	9	[192707, 192708]	[102770]	[192726, 192727, 192728, 192751]			
1781	107430	10	[192707, 192708]	[102770]	[192726, 192727, 192728, 192751]			
1782	107430	11	[192707, 192708]	[102770]	[192726, 192727, 192728, 192751]			
1783	107430	12	[192707, 192708]	[102770]	[192726, 192727, 192728, 192751]			
1784	107430	13	[192707, 192708]	[102770]	[192726, 192727, 192728, 192751]			
1785	107430	14	[192707, 192708]	[102770]	[192726, 192727, 192728, 192751]			
1786	107430	15	[192707, 192708]	[102770]	[192726, 192727, 192728, 192751]			
1787	107430	16	[192707, 192708]	[102770]	[192726, 192727, 192728, 192751]			
1788	107430	17	[192707, 192708]	[102770]	[192726, 192727, 192728, 192751]			
1789	107430	18	[192707, 192708, 192709]	[102770]	[192726, 192727, 192728, 192751, 192754, 192755]			
1790	107430	19	[192707, 192708, 192709]	[102770]	[192726, 192727, 192728, 192751, 192754, 192755]			
1791	107430	20	[192707, 192708, 192709]	[102770]	[192726, 192727, 192728, 192751, 192754, 192755]			
1792	107430	21	[192707, 192708, 192709]	[102770]	[192726, 192727, 192728, 192751, 192754, 192755]			
1793	107430	22	[192707, 192708, 192709]	[102770]	[192726, 192727, 192728, 192751, 192754, 192755]			
1794	107430	23	[192707, 192708, 192709]	[102770]	[192726, 192727, 192728, 192751, 192754, 192755]			
1795	107430	24	[192707, 192708, 192709]	[102770]	[192726, 192727, 192728, 192751, 192754, 192755]			
1796	107430	25	[192707, 192708, 192709]	[102770]	[192726, 192727, 192728, 192751, 192754, 192755]			
1797	107430	26	[192707, 192708, 192709]	[102770]	[192726, 192727, 192728, 192751, 192754, 192755]			
1798	107430	27	[192707, 192708, 192709]	[102770]	[192726, 192727, 192728, 192751, 192754, 192755]			
1799	107430	28	[192707, 192708, 192709]	[102770]	[192726, 192727, 192728, 192751, 192754, 192755]			
1800	107430	29	[192707, 192708, 192709]	[102770]	[192726, 192727, 192728, 192751, 192754, 192755]			
1801	107430	30	[192707, 192708, 192709]	[102770]	[192726, 192727, 192728, 192751, 192754, 192755]			
1802	107430	31	[192707, 192708, 192709]	[102770]	[192726, 192727, 192728, 192751, 192754, 192755]			
1803	107430	32	[192707, 192708, 192709]	[102770]	[192726, 192727, 192728, 192751, 192754, 192755]			
1804	107430	33	[192707, 192708, 192709]	[102770]	[192726, 192727, 192728, 192751, 192754, 192755]			
1805	107430	34	[192707, 192708, 192709]	[102770]	[192726, 192727, 192728, 192751, 192754, 192755]			
1806	107430	35	[192707, 192708, 192709]	[102770]	[192726, 192727, 192728, 192751, 192754, 192755]			
1807	104428	1	[108511]	[102461, 102462, 102463, 102465]	[108537, 108538, 108539, 108540]			
1808	104428	2	[108511]	[102461, 102462, 102463, 102465]	[108537, 108538, 108539, 108540]			
1809	104428	3	[108511]	[102461, 102462, 102463, 102465]	[108537, 108538, 108539, 108540]			
1810	104428	4	[108511]	[102461, 102462, 102463, 102465]	[108537, 108538, 108539, 108540]			
1811	104428	5	[108511]	[102461, 102462, 102463, 102465]	[108537, 108538, 108539, 108540]			
1812	104428	6	[108511]	[102461, 102462, 102463, 102465]	[108537, 108538, 108539, 108540]			
1813	104428	7	[108511]	[102461, 102462, 102463, 102465]	[108537, 108538, 108539, 108540]			
1814	104428	8	[108511]	[102461, 102462, 102463, 102465]	[108537, 108538, 108539, 108540]			
1815	104428	9	[108511, 108512]	[102461, 102462, 102463, 102465]	[108537, 108538, 108539, 108540]			
1816	104428	10	[108511, 108512]	[102461, 102462, 102463, 102465]	[108537, 108538, 108539, 108540]			
1817	104428	11	[108511, 108512]	[102461, 102462, 102463, 102465]	[108537, 108538, 108539, 108540]			
1818	104428	12	[108511, 108512]	[102461, 102462, 102463, 102465]	[108537, 108538, 108539, 108540]			
1819	104428	13	[108511, 108512]	[102461, 102462, 102463, 102465]	[108537, 108538, 108539, 108540]			
1820	104428	14	[108511, 108512]	[102461, 102462, 102463, 102465]	[108537, 108538, 108539, 108540]			
1821	104428	15	[108511, 108512]	[102461, 102462, 102463, 102465]	[108537, 108538, 108539, 108540]			
1822	104428	16	[108511, 108512]	[102461, 102462, 102463, 102465]	[108537, 108538, 108539, 108540]			
1823	104428	17	[108511, 108512]	[102461, 102462, 102463, 102465]	[108537, 108538, 108539, 108540]			
1824	104428	18	[108511, 108512, 108513]	[102461, 102462, 102463, 102465, 102464]	[108537, 108538, 108539, 108540]			
1825	104428	19	[108511, 108512, 108513]	[102461, 102462, 102463, 102465, 102464]	[108537, 108538, 108539, 108540]			
1826	104428	20	[108511, 108512, 108513]	[102461, 102462, 102463, 102465, 102464]	[108537, 108538, 108539, 108540]			
1827	104428	21	[108511, 108512, 108513]	[102461, 102462, 102463, 102465, 102464]	[108537, 108538, 108539, 108540]			
1828	104428	22	[108511, 108512, 108513]	[102461, 102462, 102463, 102465, 102464]	[108537, 108538, 108539, 108540]			
1829	104428	23	[108511, 108512, 108513]	[102461, 102462, 102463, 102465, 102464]	[108537, 108538, 108539, 108540]			
1830	104428	24	[108511, 108512, 108513]	[102461, 102462, 102463, 102465, 102464]	[108537, 108538, 108539, 108540]			
1831	104428	25	[108511, 108512, 108513]	[102461, 102462, 102463, 102465, 102464]	[108537, 108538, 108539, 108540]			
1832	104428	26	[108511, 108512, 108513]	[102461, 102462, 102463, 102465, 102464]	[108537, 108538, 108539, 108540]			
1833	104428	27	[108511, 108512, 108513]	[102461, 102462, 102463, 102465, 102464]	[108537, 108538, 108539, 108540]			
1834	104428	28	[108511, 108512, 108513]	[102461, 102462, 102463, 102465, 102464]	[108537, 108538, 108539, 108540]			
1835	104428	29	[108511, 108512, 108513]	[102461, 102462, 102463, 102465, 102464]	[108537, 108538, 108539, 108540]			
1836	104428	30	[108511, 108512, 108513]	[102461, 102462, 102463, 102465, 102464]	[108537, 108538, 108539, 108540]			
1837	104428	31	[108511, 108512, 108513]	[102461, 102462, 102463, 102465, 102464]	[108537, 108538, 108539, 108540]			
1838	104428	32	[108511, 108512, 108513]	[102461, 102462, 102463, 102465, 102464]	[108537, 108538, 108539, 108540]			
1839	104428	33	[108511, 108512, 108513]	[102461, 102462, 102463, 102465, 102464]	[108537, 108538, 108539, 108540]			
1840	104428	34	[108511, 108512, 108513]	[102461, 102462, 102463, 102465, 102464]	[108537, 108538, 108539, 108540]			
1841	104428	35	[108511, 108512, 108513]	[102461, 102462, 102463, 102465, 102464]	[108537, 108538, 108539, 108540]			
1842	104429	1	[108514]		[108523, 108524, 108525, 108526, 108527, 108528, 108552, 108553, 108554, 108555]			
1843	104429	2	[108514]		[108523, 108524, 108525, 108526, 108527, 108528, 108552, 108553, 108554, 108555]			
1844	104429	3	[108514]		[108523, 108524, 108525, 108526, 108527, 108528, 108552, 108553, 108554, 108555]			
1845	104429	4	[108514]		[108523, 108524, 108525, 108526, 108527, 108528, 108552, 108553, 108554, 108555]			
1846	104429	5	[108514]		[108523, 108524, 108525, 108526, 108527, 108528, 108552, 108553, 108554, 108555]			
1847	104429	6	[108514]		[108523, 108524, 108525, 108526, 108527, 108528, 108552, 108553, 108554, 108555]			
1848	104429	7	[108514]		[108523, 108524, 108525, 108526, 108527, 108528, 108552, 108553, 108554, 108555]			
1849	104429	8	[108514]		[108523, 108524, 108525, 108526, 108527, 108528, 108552, 108553, 108554, 108555]			
1850	104429	9	[108514, 108515]		[108523, 108524, 108525, 108526, 108527, 108528, 108552, 108553, 108554, 108555]			
1851	104429	10	[108514, 108515]		[108523, 108524, 108525, 108526, 108527, 108528, 108552, 108553, 108554, 108555]			
1852	104429	11	[108514, 108515]		[108523, 108524, 108525, 108526, 108527, 108528, 108552, 108553, 108554, 108555]			
1853	104429	12	[108514, 108515]		[108523, 108524, 108525, 108526, 108527, 108528, 108552, 108553, 108554, 108555]			
1854	104429	13	[108514, 108515]		[108523, 108524, 108525, 108526, 108527, 108528, 108552, 108553, 108554, 108555]			
1855	104429	14	[108514, 108515]		[108523, 108524, 108525, 108526, 108527, 108528, 108552, 108553, 108554, 108555]			
1856	104429	15	[108514, 108515]		[108523, 108524, 108525, 108526, 108527, 108528, 108552, 108553, 108554, 108555]			
1857	104429	16	[108514, 108515]		[108523, 108524, 108525, 108526, 108527, 108528, 108552, 108553, 108554, 108555]			
1858	104429	17	[108514, 108515]		[108523, 108524, 108525, 108526, 108527, 108528, 108552, 108553, 108554, 108555]			
1859	104429	18	[108514, 108515, 108516]		[108523, 108524, 108525, 108526, 108527, 108528, 108552, 108553, 108554, 108555]			
1860	104429	19	[108514, 108515, 108516]		[108523, 108524, 108525, 108526, 108527, 108528, 108552, 108553, 108554, 108555]			
1861	104429	20	[108514, 108515, 108516]		[108523, 108524, 108525, 108526, 108527, 108528, 108552, 108553, 108554, 108555]			
1862	104429	21	[108514, 108515, 108516]		[108523, 108524, 108525, 108526, 108527, 108528, 108552, 108553, 108554, 108555]			
1863	104429	22	[108514, 108515, 108516]		[108523, 108524, 108525, 108526, 108527, 108528, 108552, 108553, 108554, 108555]			
1864	104429	23	[108514, 108515, 108516]		[108523, 108524, 108525, 108526, 108527, 108528, 108552, 108553, 108554, 108555]			
1865	104429	24	[108514, 108515, 108516]		[108523, 108524, 108525, 108526, 108527, 108528, 108552, 108553, 108554, 108555]			
1866	104429	25	[108514, 108515, 108516]		[108523, 108524, 108525, 108526, 108527, 108528, 108552, 108553, 108554, 108555]			
1867	104429	26	[108514, 108515, 108516]		[108523, 108524, 108525, 108526, 108527, 108528, 108552, 108553, 108554, 108555]			
1868	104429	27	[108514, 108515, 108516]		[108523, 108524, 108525, 108526, 108527, 108528, 108552, 108553, 108554, 108555]			
1869	104429	28	[108514, 108515, 108516]		[108523, 108524, 108525, 108526, 108527, 108528, 108552, 108553, 108554, 108555]			
1870	104429	29	[108514, 108515, 108516]		[108523, 108524, 108525, 108526, 108527, 108528, 108552, 108553, 108554, 108555]			
1871	104429	30	[108514, 108515, 108516]		[108523, 108524, 108525, 108526, 108527, 108528, 108552, 108553, 108554, 108555]			
1872	104429	31	[108514, 108515, 108516]		[108523, 108524, 108525, 108526, 108527, 108528, 108552, 108553, 108554, 108555]			
1873	104429	32	[108514, 108515, 108516]		[108523, 108524, 108525, 108526, 108527, 108528, 108552, 108553, 108554, 108555]			
1874	104429	33	[108514, 108515, 108516]		[108523, 108524, 108525, 108526, 108527, 108528, 108552, 108553, 108554, 108555]			
1875	104429	34	[108514, 108515, 108516]		[108523, 108524, 108525, 108526, 108527, 108528, 108552, 108553, 108554, 108555]			
1876	104429	35	[108514, 108515, 108516]		[108523, 108524, 108525, 108526, 108527, 108528, 108552, 108553, 108554, 108555]			
1877	104430	1	[108517]		[108534]			
1878	104430	2	[108517]		[108534]			
1879	104430	3	[108517]		[108534]			
1880	104430	4	[108517]		[108534]			
1881	104430	5	[108517]		[108534]			
1882	104430	6	[108517]		[108534]			
1883	104430	7	[108517]		[108534]			
1884	104430	8	[108517]		[108534]			
1885	104430	9	[108517, 108518]		[108534]			
1886	104430	10	[108517, 108518]		[108534]			
1887	104430	11	[108517, 108518]		[108534]			
1888	104430	12	[108517, 108518]		[108534]			
1889	104430	13	[108517, 108518]		[108534]			
1890	104430	14	[108517, 108518]		[108534]			
1891	104430	15	[108517, 108518]		[108534]			
1892	104430	16	[108517, 108518]		[108534]			
1893	104430	17	[108517, 108518]		[108534]			
1894	104430	18	[108517, 108518, 108519]		[108534]			
1895	104430	19	[108517, 108518, 108519]		[108534]			
1896	104430	20	[108517, 108518, 108519]		[108534]			
1897	104430	21	[108517, 108518, 108519]		[108534]			
1898	104430	22	[108517, 108518, 108519]		[108534]			
1899	104430	23	[108517, 108518, 108519]		[108534]			
1900	104430	24	[108517, 108518, 108519]		[108534]			
1901	104430	25	[108517, 108518, 108519]		[108534]			
1902	104430	26	[108517, 108518, 108519]		[108534]			
1903	104430	27	[108517, 108518, 108519]		[108534]			
1904	104430	28	[108517, 108518, 108519]		[108534]			
1905	104430	29	[108517, 108518, 108519]		[108534]			
1906	104430	30	[108517, 108518, 108519]		[108534]			
1907	104430	31	[108517, 108518, 108519]		[108534]			
1908	104430	32	[108517, 108518, 108519]		[108534]			
1909	104430	33	[108517, 108518, 108519]		[108534]			
1910	104430	34	[108517, 108518, 108519]		[108534]			
1911	104430	35	[108517, 108518, 108519]		[108534]			
1912	102528	1	[175248, 175298]	[105287, 105288, 105289, 105290, 105293]	[175254, 175255, 165201, 165202, 165222, 165207, 165208]			
1913	102528	2	[175248, 175298]	[105287, 105288, 105289, 105290, 105293]	[175254, 175255, 165201, 165202, 165222, 165207, 165208]			
1914	102528	3	[175248, 175298]	[105287, 105288, 105289, 105290, 105293]	[175254, 175255, 165201, 165202, 165222, 165207, 165208]			
1915	102528	4	[175248, 175298]	[105287, 105288, 105289, 105290, 105293]	[175254, 175255, 165201, 165202, 165222, 165207, 165208]			
1916	102528	5	[175248, 175298]	[105287, 105288, 105289, 105290, 105293]	[175254, 175255, 165201, 165202, 165222, 165207, 165208]			
1917	102528	6	[175248, 175298]	[105287, 105288, 105289, 105290, 105293]	[175254, 175255, 165201, 165202, 165222, 165207, 165208]			
1918	102528	7	[175248, 175298]	[105287, 105288, 105289, 105290, 105293]	[175254, 175255, 165201, 165202, 165222, 165207, 165208]			
1919	102528	8	[175248, 175298]	[105287, 105288, 105289, 105290, 105293]	[175254, 175255, 165201, 165202, 165222, 165207, 165208]			
1920	102528	9	[175248, 175298, 175257]	[105287, 105288, 105289, 105290, 105293]	[175254, 175255, 165201, 165202, 165222, 165207, 165208]			
1921	102528	10	[175248, 175298, 175257]	[105287, 105288, 105289, 105290, 105293]	[175254, 175255, 165201, 165202, 165222, 165207, 165208]			
1922	102528	11	[175248, 175298, 175257]	[105287, 105288, 105289, 105290, 105293]	[175254, 175255, 165201, 165202, 165222, 165207, 165208]			
1923	102528	12	[175248, 175298, 175257]	[105287, 105288, 105289, 105290, 105293]	[175254, 175255, 165201, 165202, 165222, 165207, 165208]			
1924	102528	13	[175248, 175298, 175257]	[105287, 105288, 105289, 105290, 105293]	[175254, 175255, 165201, 165202, 165222, 165207, 165208]			
1925	102528	14	[175248, 175298, 175257]	[105287, 105288, 105289, 105290, 105293]	[175254, 175255, 165201, 165202, 165222, 165207, 165208]			
1926	102528	15	[175248, 175298, 175257]	[105287, 105288, 105289, 105290, 105293]	[175254, 175255, 165201, 165202, 165222, 165207, 165208]			
1927	102528	16	[175248, 175298, 175257]	[105287, 105288, 105289, 105290, 105293]	[175254, 175255, 165201, 165202, 165222, 165207, 165208]			
1928	102528	17	[175248, 175298, 175257]	[105287, 105288, 105289, 105290, 105293]	[175254, 175255, 165201, 165202, 165222, 165207, 165208]			
1929	102528	18	[175248, 175298, 175257, 175258]	[105287, 105288, 105289, 105290, 105293]	[175254, 175255, 165201, 165202, 165222, 165207, 165208]			
1930	102528	19	[175248, 175298, 175257, 175258]	[105287, 105288, 105289, 105290, 105293]	[175254, 175255, 165201, 165202, 165222, 165207, 165208]			
1931	102528	20	[175248, 175298, 175257, 175258]	[105287, 105288, 105289, 105290, 105293]	[175254, 175255, 165201, 165202, 165222, 165207, 165208]			
1932	102528	21	[175248, 175298, 175257, 175258]	[105287, 105288, 105289, 105290, 105293]	[175254, 175255, 165201, 165202, 165222, 165207, 165208]			
1933	102528	22	[175248, 175298, 175257, 175258]	[105287, 105288, 105289, 105290, 105293]	[175254, 175255, 165201, 165202, 165222, 165207, 165208]			
1934	102528	23	[175248, 175298, 175257, 175258]	[105287, 105288, 105289, 105290, 105293]	[175254, 175255, 165201, 165202, 165222, 165207, 165208]			
1935	102528	24	[175248, 175298, 175257, 175258]	[105287, 105288, 105289, 105290, 105293]	[175254, 175255, 165201, 165202, 165222, 165207, 165208]			
1936	102528	25	[175248, 175298, 175257, 175258]	[105287, 105288, 105289, 105290, 105293]	[175254, 175255, 165201, 165202, 165222, 165207, 165208]			
1937	102528	26	[175248, 175298, 175257, 175258]	[105287, 105288, 105289, 105290, 105293]	[175254, 175255, 165201, 165202, 165222, 165207, 165208]			
1938	102528	27	[175248, 175298, 175257, 175258]	[105287, 105288, 105289, 105290, 105293]	[175254, 175255, 165201, 165202, 165222, 165207, 165208]			
1939	102528	28	[175248, 175298, 175257, 175258]	[105287, 105288, 105289, 105290, 105293]	[175254, 175255, 165201, 165202, 165222, 165207, 165208]			
1940	102528	29	[175248, 175298, 175257, 175258]	[105287, 105288, 105289, 105290, 105293]	[175254, 175255, 165201, 165202, 165222, 165207, 165208]			
1941	102528	30	[175248, 175298, 175257, 175258]	[105287, 105288, 105289, 105290, 105293]	[175254, 175255, 165201, 165202, 165222, 165207, 165208]			
1942	102528	31	[175248, 175298, 175257, 175258]	[105287, 105288, 105289, 105290, 105293]	[175254, 175255, 165201, 165202, 165222, 165207, 165208]			
1943	102528	32	[175248, 175298, 175257, 175258]	[105287, 105288, 105289, 105290, 105293]	[175254, 175255, 165201, 165202, 165222, 165207, 165208]			
1944	102528	33	[175248, 175298, 175257, 175258]	[105287, 105288, 105289, 105290, 105293]	[175254, 175255, 165201, 165202, 165222, 165207, 165208]			
1945	102528	34	[175248, 175298, 175257, 175258]	[105287, 105288, 105289, 105290, 105293]	[175254, 175255, 165201, 165202, 165222, 165207, 165208]			
1946	102528	35	[175248, 175298, 175257, 175258]	[105287, 105288, 105289, 105290, 105293]	[175254, 175255, 165201, 165202, 165222, 165207, 165208]			
1947	102529	1	[175259]		[175284]			
1948	102529	2	[175259]		[175284]			
1949	102529	3	[175259]		[175284]			
1950	102529	4	[175259]		[175284]			
1951	102529	5	[175259]		[175284]			
1952	102529	6	[175259]		[175284]			
1953	102529	7	[175259]		[175284]			
1954	102529	8	[175259]		[175284]			
1955	102529	9	[175259, 175260]		[175284]			
1956	102529	10	[175259, 175260]		[175284]			
1957	102529	11	[175259, 175260]		[175284]			
1958	102529	12	[175259, 175260]		[175284]			
1959	102529	13	[175259, 175260]		[175284]			
1960	102529	14	[175259, 175260]		[175284]			
1961	102529	15	[175259, 175260]		[175284]			
1962	102529	16	[175259, 175260]		[175284]			
1963	102529	17	[175259, 175260]		[175284]			
1964	102529	18	[175259, 175260, 175261]		[175284]			
1965	102529	19	[175259, 175260, 175261]		[175284]			
1966	102529	20	[175259, 175260, 175261]		[175284]			
1967	102529	21	[175259, 175260, 175261]		[175284]			
1968	102529	22	[175259, 175260, 175261]		[175284]			
1969	102529	23	[175259, 175260, 175261]		[175284]			
1970	102529	24	[175259, 175260, 175261]		[175284]			
1971	102529	25	[175259, 175260, 175261]		[175284]			
1972	102529	26	[175259, 175260, 175261]		[175284]			
1973	102529	27	[175259, 175260, 175261]		[175284]			
1974	102529	28	[175259, 175260, 175261]		[175284]			
1975	102529	29	[175259, 175260, 175261]		[175284]			
1976	102529	30	[175259, 175260, 175261]		[175284]			
1977	102529	31	[175259, 175260, 175261]		[175284]			
1978	102529	32	[175259, 175260, 175261]		[175284]			
1979	102529	33	[175259, 175260, 175261]		[175284]			
1980	102529	34	[175259, 175260, 175261]		[175284]			
1981	102529	35	[175259, 175260, 175261]		[175284]			
1982	102530	1	[175263]					
1983	102530	2	[175263]					
1984	102530	3	[175263]					
1985	102530	4	[175263]					
1986	102530	5	[175263]					
1987	102530	6	[175263]					
1988	102530	7	[175263]					
1989	102530	8	[175263]					
1990	102530	9	[175263, 175262]		[175268]			
1991	102530	10	[175263, 175262]		[175268]			
1992	102530	11	[175263, 175262]		[175268]			
1993	102530	12	[175263, 175262]		[175268]			
1994	102530	13	[175263, 175262]		[175268]			
1995	102530	14	[175263, 175262]		[175268]			
1996	102530	15	[175263, 175262]		[175268]			
1997	102530	16	[175263, 175262]		[175268]			
1998	102530	17	[175263, 175262]		[175268]			
1999	102530	18	[175263, 175262, 175264]		[175268]			
2000	102530	19	[175263, 175262, 175264]		[175268]			
2001	102530	20	[175263, 175262, 175264]		[175268]			
2002	102530	21	[175263, 175262, 175264]		[175268]			
2003	102530	22	[175263, 175262, 175264]		[175268]			
2004	102530	23	[175263, 175262, 175264]		[175268]			
2005	102530	24	[175263, 175262, 175264]		[175268]			
2006	102530	25	[175263, 175262, 175264]		[175268]			
2007	102530	26	[175263, 175262, 175264]		[175268]			
2008	102530	27	[175263, 175262, 175264]		[175268]			
2009	102530	28	[175263, 175262, 175264]		[175268]			
2010	102530	29	[175263, 175262, 175264]		[175268]			
2011	102530	30	[175263, 175262, 175264]		[175268]			
2012	102530	31	[175263, 175262, 175264]		[175268]			
2013	102530	32	[175263, 175262, 175264]		[175268]			
2014	102530	33	[175263, 175262, 175264]		[175268]			
2015	102530	34	[175263, 175262, 175264]		[175268]			
2016	102530	35	[175263, 175262, 175264]		[175268]			
2017	102531	1	[175248, 175299]	[105287, 105288, 105289, 105290, 105293]	[175254, 175255, 165201, 165202, 165222, 165207, 165208]			
2018	102531	2	[175248, 175299]	[105287, 105288, 105289, 105290, 105293]	[175254, 175255, 165201, 165202, 165222, 165207, 165208]			
2019	102531	3	[175248, 175299]	[105287, 105288, 105289, 105290, 105293]	[175254, 175255, 165201, 165202, 165222, 165207, 165208]			
2020	102531	4	[175248, 175299]	[105287, 105288, 105289, 105290, 105293]	[175254, 175255, 165201, 165202, 165222, 165207, 165208]			
2021	102531	5	[175248, 175299]	[105287, 105288, 105289, 105290, 105293]	[175254, 175255, 165201, 165202, 165222, 165207, 165208]			
2022	102531	6	[175248, 175299]	[105287, 105288, 105289, 105290, 105293]	[175254, 175255, 165201, 165202, 165222, 165207, 165208]			
2023	102531	7	[175248, 175299]	[105287, 105288, 105289, 105290, 105293]	[175254, 175255, 165201, 165202, 165222, 165207, 165208]			
2024	102531	8	[175248, 175299]	[105287, 105288, 105289, 105290, 105293]	[175254, 175255, 165201, 165202, 165222, 165207, 165208]			
2025	102531	9	[175248, 175299, 175257]	[105287, 105288, 105289, 105290, 105293]	[175254, 175255, 165201, 165202, 165222, 165207, 165208]			
2026	102531	10	[175248, 175299, 175257]	[105287, 105288, 105289, 105290, 105293]	[175254, 175255, 165201, 165202, 165222, 165207, 165208]			
2027	102531	11	[175248, 175299, 175257]	[105287, 105288, 105289, 105290, 105293]	[175254, 175255, 165201, 165202, 165222, 165207, 165208]			
2028	102531	12	[175248, 175299, 175257]	[105287, 105288, 105289, 105290, 105293]	[175254, 175255, 165201, 165202, 165222, 165207, 165208]			
2029	102531	13	[175248, 175299, 175257]	[105287, 105288, 105289, 105290, 105293]	[175254, 175255, 165201, 165202, 165222, 165207, 165208]			
2030	102531	14	[175248, 175299, 175257]	[105287, 105288, 105289, 105290, 105293]	[175254, 175255, 165201, 165202, 165222, 165207, 165208]			
2031	102531	15	[175248, 175299, 175257]	[105287, 105288, 105289, 105290, 105293]	[175254, 175255, 165201, 165202, 165222, 165207, 165208]			
2032	102531	16	[175248, 175299, 175257]	[105287, 105288, 105289, 105290, 105293]	[175254, 175255, 165201, 165202, 165222, 165207, 165208]			
2033	102531	17	[175248, 175299, 175257]	[105287, 105288, 105289, 105290, 105293]	[175254, 175255, 165201, 165202, 165222, 165207, 165208]			
2034	102531	18	[175248, 175299, 175257, 175258]	[105287, 105288, 105289, 105290, 105293]	[175254, 175255, 165201, 165202, 165222, 165207, 165208]			
2035	102531	19	[175248, 175299, 175257, 175258]	[105287, 105288, 105289, 105290, 105293]	[175254, 175255, 165201, 165202, 165222, 165207, 165208]			
2036	102531	20	[175248, 175299, 175257, 175258]	[105287, 105288, 105289, 105290, 105293]	[175254, 175255, 165201, 165202, 165222, 165207, 165208]			
2037	102531	21	[175248, 175299, 175257, 175258]	[105287, 105288, 105289, 105290, 105293]	[175254, 175255, 165201, 165202, 165222, 165207, 165208]			
2038	102531	22	[175248, 175299, 175257, 175258]	[105287, 105288, 105289, 105290, 105293]	[175254, 175255, 165201, 165202, 165222, 165207, 165208]			
2039	102531	23	[175248, 175299, 175257, 175258]	[105287, 105288, 105289, 105290, 105293]	[175254, 175255, 165201, 165202, 165222, 165207, 165208]			
2040	102531	24	[175248, 175299, 175257, 175258]	[105287, 105288, 105289, 105290, 105293]	[175254, 175255, 165201, 165202, 165222, 165207, 165208]			
2041	102531	25	[175248, 175299, 175257, 175258]	[105287, 105288, 105289, 105290, 105293]	[175254, 175255, 165201, 165202, 165222, 165207, 165208]			
2042	102531	26	[175248, 175299, 175257, 175258]	[105287, 105288, 105289, 105290, 105293]	[175254, 175255, 165201, 165202, 165222, 165207, 165208]			
2043	102531	27	[175248, 175299, 175257, 175258]	[105287, 105288, 105289, 105290, 105293]	[175254, 175255, 165201, 165202, 165222, 165207, 165208]			
2044	102531	28	[175248, 175299, 175257, 175258]	[105287, 105288, 105289, 105290, 105293]	[175254, 175255, 165201, 165202, 165222, 165207, 165208]			
2045	102531	29	[175248, 175299, 175257, 175258]	[105287, 105288, 105289, 105290, 105293]	[175254, 175255, 165201, 165202, 165222, 165207, 165208]			
2046	102531	30	[175248, 175299, 175257, 175258]	[105287, 105288, 105289, 105290, 105293]	[175254, 175255, 165201, 165202, 165222, 165207, 165208]			
2047	102531	31	[175248, 175299, 175257, 175258]	[105287, 105288, 105289, 105290, 105293]	[175254, 175255, 165201, 165202, 165222, 165207, 165208]			
2048	102531	32	[175248, 175299, 175257, 175258]	[105287, 105288, 105289, 105290, 105293]	[175254, 175255, 165201, 165202, 165222, 165207, 165208]			
2049	102531	33	[175248, 175299, 175257, 175258]	[105287, 105288, 105289, 105290, 105293]	[175254, 175255, 165201, 165202, 165222, 165207, 165208]			
2050	102531	34	[175248, 175299, 175257, 175258]	[105287, 105288, 105289, 105290, 105293]	[175254, 175255, 165201, 165202, 165222, 165207, 165208]			
2051	102531	35	[175248, 175299, 175257, 175258]	[105287, 105288, 105289, 105290, 105293]	[175254, 175255, 165201, 165202, 165222, 165207, 165208]			
2052	126328	1	[192859]	[102864, 102863]	[192854, 192897]			
2053	126328	2	[192859]	[102864, 102863]	[192854, 192897]			
2054	126328	3	[192859]	[102864, 102863]	[192854, 192897]			
2055	126328	4	[192859]	[102864, 102863]	[192854, 192897]			
2056	126328	5	[192859]	[102864, 102863]	[192854, 192897]			
2057	126328	6	[192859]	[102864, 102863]	[192854, 192897]			
2058	126328	7	[192859]	[102864, 102863]	[192854, 192897]			
2059	126328	8	[192859]	[102864, 102863]	[192854, 192897]			
2060	126328	9	[192859, 192860]	[102864, 102863]	[192854, 192857, 192897]			
2061	126328	10	[192859, 192860]	[102864, 102863]	[192854, 192857, 192897]			
2062	126328	11	[192859, 192860]	[102864, 102863]	[192854, 192857, 192897]			
2063	126328	12	[192859, 192860]	[102864, 102863]	[192854, 192857, 192897]			
2064	126328	13	[192859, 192860]	[102864, 102863]	[192854, 192857, 192897]			
2065	126328	14	[192859, 192860]	[102864, 102863]	[192854, 192857, 192897]			
2066	126328	15	[192859, 192860]	[102864, 102863]	[192854, 192857, 192897]			
2067	126328	16	[192859, 192860]	[102864, 102863]	[192854, 192857, 192897]			
2068	126328	17	[192859, 192860]	[102864, 102863]	[192854, 192857, 192897]			
2069	126328	18	[192859, 192860, 192861]	[102864, 102863]	[192854, 192857, 192897]			
2070	126328	19	[192859, 192860, 192861]	[102864, 102863]	[192854, 192857, 192897]			
2071	126328	20	[192859, 192860, 192861]	[102864, 102863]	[192854, 192857, 192897]			
2072	126328	21	[192859, 192860, 192861]	[102864, 102863]	[192854, 192857, 192897]			
2073	126328	22	[192859, 192860, 192861]	[102864, 102863]	[192854, 192857, 192897]			
2074	126328	23	[192859, 192860, 192861]	[102864, 102863]	[192854, 192857, 192897]			
2075	126328	24	[192859, 192860, 192861]	[102864, 102863]	[192854, 192857, 192897]			
2076	126328	25	[192859, 192860, 192861]	[102864, 102863]	[192854, 192857, 192897]			
2077	126328	26	[192859, 192860, 192861]	[102864, 102863]	[192854, 192857, 192897]			
2078	126328	27	[192859, 192860, 192861]	[102864, 102863]	[192854, 192857, 192897]			
2079	126328	28	[192859, 192860, 192861]	[102864, 102863]	[192854, 192857, 192897]			
2080	126328	29	[192859, 192860, 192861]	[102864, 102863]	[192854, 192857, 192897]			
2081	126328	30	[192859, 192860, 192861]	[102864, 102863]	[192854, 192857, 192897]			
2082	126328	31	[192859, 192860, 192861]	[102864, 102863]	[192854, 192857, 192897]			
2083	126328	32	[192859, 192860, 192861]	[102864, 102863]	[192854, 192857, 192897]			
2084	126328	33	[192859, 192860, 192861]	[102864, 102863]	[192854, 192857, 192897]			
2085	126328	34	[192859, 192860, 192861]	[102864, 102863]	[192854, 192857, 192897]			
2086	126328	35	[192859, 192860, 192861]	[102864, 102863]	[192854, 192857, 192897]			
2087	126329	1	[192863]	[102859, 102860, 102861, 102862]	[192850, 192851, 192852, 192853]			
2088	126329	2	[192863]	[102859, 102860, 102861, 102862]	[192850, 192851, 192852, 192853]			
2089	126329	3	[192863]	[102859, 102860, 102861, 102862]	[192850, 192851, 192852, 192853]			
2090	126329	4	[192863]	[102859, 102860, 102861, 102862]	[192850, 192851, 192852, 192853]			
2091	126329	5	[192863]	[102859, 102860, 102861, 102862]	[192850, 192851, 192852, 192853]			
2092	126329	6	[192863]	[102859, 102860, 102861, 102862]	[192850, 192851, 192852, 192853]			
2093	126329	7	[192863]	[102859, 102860, 102861, 102862]	[192850, 192851, 192852, 192853]			
2094	126329	8	[192863]	[102859, 102860, 102861, 102862]	[192850, 192851, 192852, 192853]			
2095	126329	9	[192863, 192864]	[102859, 102860, 102861, 102862]	[192850, 192851, 192852, 192853]			
2096	126329	10	[192863, 192864]	[102859, 102860, 102861, 102862]	[192850, 192851, 192852, 192853]			
2097	126329	11	[192863, 192864]	[102859, 102860, 102861, 102862]	[192850, 192851, 192852, 192853]			
2098	126329	12	[192863, 192864]	[102859, 102860, 102861, 102862]	[192850, 192851, 192852, 192853]			
2099	126329	13	[192863, 192864]	[102859, 102860, 102861, 102862]	[192850, 192851, 192852, 192853]			
2100	126329	14	[192863, 192864]	[102859, 102860, 102861, 102862]	[192850, 192851, 192852, 192853]			
2101	126329	15	[192863, 192864]	[102859, 102860, 102861, 102862]	[192850, 192851, 192852, 192853]			
2102	126329	16	[192863, 192864]	[102859, 102860, 102861, 102862]	[192850, 192851, 192852, 192853]			
2103	126329	17	[192863, 192864]	[102859, 102860, 102861, 102862]	[192850, 192851, 192852, 192853]			
2104	126329	18	[192863, 192864, 192865]	[102859, 102860, 102861, 102862]	[192850, 192851, 192852, 192853]			
2105	126329	19	[192863, 192864, 192865]	[102859, 102860, 102861, 102862]	[192850, 192851, 192852, 192853]			
2106	126329	20	[192863, 192864, 192865]	[102859, 102860, 102861, 102862]	[192850, 192851, 192852, 192853]			
2107	126329	21	[192863, 192864, 192865]	[102859, 102860, 102861, 102862]	[192850, 192851, 192852, 192853]			
2108	126329	22	[192863, 192864, 192865]	[102859, 102860, 102861, 102862]	[192850, 192851, 192852, 192853]			
2109	126329	23	[192863, 192864, 192865]	[102859, 102860, 102861, 102862]	[192850, 192851, 192852, 192853]			
2110	126329	24	[192863, 192864, 192865]	[102859, 102860, 102861, 102862]	[192850, 192851, 192852, 192853]			
2111	126329	25	[192863, 192864, 192865]	[102859, 102860, 102861, 102862]	[192850, 192851, 192852, 192853]			
2112	126329	26	[192863, 192864, 192865]	[102859, 102860, 102861, 102862]	[192850, 192851, 192852, 192853]			
2113	126329	27	[192863, 192864, 192865]	[102859, 102860, 102861, 102862]	[192850, 192851, 192852, 192853]			
2114	126329	28	[192863, 192864, 192865]	[102859, 102860, 102861, 102862]	[192850, 192851, 192852, 192853]			
2115	126329	29	[192863, 192864, 192865]	[102859, 102860, 102861, 102862]	[192850, 192851, 192852, 192853]			
2116	126329	30	[192863, 192864, 192865]	[102859, 102860, 102861, 102862]	[192850, 192851, 192852, 192853]			
2117	126329	31	[192863, 192864, 192865]	[102859, 102860, 102861, 102862]	[192850, 192851, 192852, 192853]			
2118	126329	32	[192863, 192864, 192865]	[102859, 102860, 102861, 102862]	[192850, 192851, 192852, 192853]			
2119	126329	33	[192863, 192864, 192865]	[102859, 102860, 102861, 102862]	[192850, 192851, 192852, 192853]			
2120	126329	34	[192863, 192864, 192865]	[102859, 102860, 102861, 102862]	[192850, 192851, 192852, 192853]			
2121	126329	35	[192863, 192864, 192865]	[102859, 102860, 102861, 102862]	[192850, 192851, 192852, 192853]			
2122	126330	1	[192867]		[192881]			
2123	126330	2	[192867]		[192881]			
2124	126330	3	[192867]		[192881]			
2125	126330	4	[192867]		[192881]			
2126	126330	5	[192867]		[192881]			
2127	126330	6	[192867]		[192881]			
2128	126330	7	[192867]		[192881]			
2129	126330	8	[192867]		[192881]			
2130	126330	9	[192867, 192868]		[192881, 192896]			
2131	126330	10	[192867, 192868]		[192881, 192896]			
2132	126330	11	[192867, 192868]		[192881, 192896]			
2133	126330	12	[192867, 192868]		[192881, 192896]			
2134	126330	13	[192867, 192868]		[192881, 192896]			
2135	126330	14	[192867, 192868]		[192881, 192896]			
2136	126330	15	[192867, 192868]		[192881, 192896]			
2137	126330	16	[192867, 192868]		[192881, 192896]			
2138	126330	17	[192867, 192868]		[192881, 192896]			
2139	126330	18	[192867, 192868, 192869]		[192881, 192855, 192856, 192896]			
2140	126330	19	[192867, 192868, 192869]		[192881, 192855, 192856, 192896]			
2141	126330	20	[192867, 192868, 192869]		[192881, 192855, 192856, 192896]			
2142	126330	21	[192867, 192868, 192869]		[192881, 192855, 192856, 192896]			
2143	126330	22	[192867, 192868, 192869]		[192881, 192855, 192856, 192896]			
2144	126330	23	[192867, 192868, 192869]		[192881, 192855, 192856, 192896]			
2145	126330	24	[192867, 192868, 192869]		[192881, 192855, 192856, 192896]			
2146	126330	25	[192867, 192868, 192869]		[192881, 192855, 192856, 192896]			
2147	126330	26	[192867, 192868, 192869]		[192881, 192855, 192856, 192896]			
2148	126330	27	[192867, 192868, 192869]		[192881, 192855, 192856, 192896]			
2149	126330	28	[192867, 192868, 192869]		[192881, 192855, 192856, 192896]			
2150	126330	29	[192867, 192868, 192869]		[192881, 192855, 192856, 192896]			
2151	126330	30	[192867, 192868, 192869]		[192881, 192855, 192856, 192896]			
2152	126330	31	[192867, 192868, 192869]		[192881, 192855, 192856, 192896]			
2153	126330	32	[192867, 192868, 192869]		[192881, 192855, 192856, 192896]			
2154	126330	33	[192867, 192868, 192869]		[192881, 192855, 192856, 192896]			
2155	126330	34	[192867, 192868, 192869]		[192881, 192855, 192856, 192896]			
2156	126330	35	[192867, 192868, 192869]		[192881, 192855, 192856, 192896]			
