Id	CharacterId	Grade	UseItemKey	UseItemCount	AttrId	ConditionId	GradeBigIcon	GradeIcon	Star	NoStar	GradeName
1	1011002	1	1	5000	101201	[109000]	Assets/Product/Texture/Image/IconRoleQulity/CharacterIconXinbing.png	Assets/Product/Texture/Image/IconRoleQulity/CharacterIconXinbing1.png	Assets/Product/Texture/Atlas/UiCharacter/ChaGradeIconXinbing1.png	Assets/Product/Texture/Atlas/UiCharacter/ChaGradeIconXinbing0.png	列兵Ⅰ
2	1011002	2	1	10000	101202	[110000]	Assets/Product/Texture/Image/IconRoleQulity/CharacterIconJingrui.png	Assets/Product/Texture/Image/IconRoleQulity/CharacterIconJingrui1.png	Assets/Product/Texture/Atlas/UiCharacter/ChaGradeIconJingrui2.png	Assets/Product/Texture/Atlas/UiCharacter/ChaGradeIconJingrui1.png	军士Ⅰ
3	1011002	3	1	15000	101203	[110001]	Assets/Product/Texture/Image/IconRoleQulity/CharacterIconJingrui.png	Assets/Product/Texture/Image/IconRoleQulity/CharacterIconJingrui1.png	Assets/Product/Texture/Atlas/UiCharacter/ChaGradeIconJingrui2.png	Assets/Product/Texture/Atlas/UiCharacter/ChaGradeIconJingrui1.png	军士Ⅱ
4	1011002	4	1	20000	101204	[110002]	Assets/Product/Texture/Image/IconRoleQulity/CharacterIconZhuli.png	Assets/Product/Texture/Image/IconRoleQulity/CharacterIconZhuli1.png	Assets/Product/Texture/Atlas/UiCharacter/ChaGradeIconZhuli2.png	Assets/Product/Texture/Atlas/UiCharacter/ChaGradeIconZhuli1.png	精锐Ⅰ
5	1011002	5	1	25000	101205	[110003]	Assets/Product/Texture/Image/IconRoleQulity/CharacterIconZhuli.png	Assets/Product/Texture/Image/IconRoleQulity/CharacterIconZhuli1.png	Assets/Product/Texture/Atlas/UiCharacter/ChaGradeIconZhuli2.png	Assets/Product/Texture/Atlas/UiCharacter/ChaGradeIconZhuli1.png	精锐Ⅱ
6	1011002	6	1	30000	101206	[110004]	Assets/Product/Texture/Image/IconRoleQulity/CharacterIconZhuli.png	Assets/Product/Texture/Image/IconRoleQulity/CharacterIconZhuli1.png	Assets/Product/Texture/Atlas/UiCharacter/ChaGradeIconZhuli2.png	Assets/Product/Texture/Atlas/UiCharacter/ChaGradeIconZhuli1.png	精锐Ⅲ
7	1011002	7	1	35000	101207	[110005]	Assets/Product/Texture/Image/IconRoleQulity/CharacterIconWangpai.png	Assets/Product/Texture/Image/IconRoleQulity/CharacterIconWangpai1.png	Assets/Product/Texture/Atlas/UiCharacter/ChaGradeIconWangpai2.png	Assets/Product/Texture/Atlas/UiCharacter/ChaGradeIconWangpai1.png	特种Ⅰ
8	1011002	8	1	42500	101208	[110006]	Assets/Product/Texture/Image/IconRoleQulity/CharacterIconWangpai.png	Assets/Product/Texture/Image/IconRoleQulity/CharacterIconWangpai1.png	Assets/Product/Texture/Atlas/UiCharacter/ChaGradeIconWangpai2.png	Assets/Product/Texture/Atlas/UiCharacter/ChaGradeIconWangpai1.png	特种Ⅱ
9	1011002	9	1	50000	101209	[110007]	Assets/Product/Texture/Image/IconRoleQulity/CharacterIconWangpai.png	Assets/Product/Texture/Image/IconRoleQulity/CharacterIconWangpai1.png	Assets/Product/Texture/Atlas/UiCharacter/ChaGradeIconWangpai2.png	Assets/Product/Texture/Atlas/UiCharacter/ChaGradeIconWangpai1.png	特种Ⅲ
10	1011002	10	1	60000	101210	[110008]	Assets/Product/Texture/Image/IconRoleQulity/CharacterIconTianxuan.png	Assets/Product/Texture/Image/IconRoleQulity/CharacterIconTianxuan1.png	Assets/Product/Texture/Atlas/UiCharacter/ChaGradeIconTianxuan2.png	Assets/Product/Texture/Atlas/UiCharacter/ChaGradeIconTianxuan1.png	王牌Ⅰ
11	1011002	11	1	70000	101211	[110009]	Assets/Product/Texture/Image/IconRoleQulity/CharacterIconTianxuan.png	Assets/Product/Texture/Image/IconRoleQulity/CharacterIconTianxuan1.png	Assets/Product/Texture/Atlas/UiCharacter/ChaGradeIconTianxuan2.png	Assets/Product/Texture/Atlas/UiCharacter/ChaGradeIconTianxuan1.png	王牌Ⅱ
12	1011002	12	1	80000	101212	[110010]	Assets/Product/Texture/Image/IconRoleQulity/CharacterIconTianxuan.png	Assets/Product/Texture/Image/IconRoleQulity/CharacterIconTianxuan1.png	Assets/Product/Texture/Atlas/UiCharacter/ChaGradeIconTianxuan2.png	Assets/Product/Texture/Atlas/UiCharacter/ChaGradeIconTianxuan1.png	王牌Ⅲ
13	1011002	13	1	100000	101213	[110011]	Assets/Product/Texture/Image/IconRoleQulity/CharacterIconTianxuan.png	Assets/Product/Texture/Image/IconRoleQulity/CharacterIconTianxuan1.png	Assets/Product/Texture/Atlas/UiCharacter/ChaGradeIconTianxuan2.png	Assets/Product/Texture/Atlas/UiCharacter/ChaGradeIconTianxuan1.png	王牌Ⅳ
14	1011002	14			101214	[110011]	Assets/Product/Texture/Image/IconRoleQulity/CharacterIconYingxiong.png	Assets/Product/Texture/Image/IconRoleQulity/CharacterIconYingxiong1.png	Assets/Product/Texture/Atlas/UiCharacter/ChaGradeIconYingxiong.png	Assets/Product/Texture/Atlas/UiCharacter/ChaGradeIconYingxiong.png	英雄
15	1021001	1	1	5000	102101	[109000]	Assets/Product/Texture/Image/IconRoleQulity/CharacterIconXinbing.png	Assets/Product/Texture/Image/IconRoleQulity/CharacterIconXinbing1.png	Assets/Product/Texture/Atlas/UiCharacter/ChaGradeIconXinbing1.png	Assets/Product/Texture/Atlas/UiCharacter/ChaGradeIconXinbing0.png	列兵Ⅰ
16	1021001	2	1	10000	102102	[110000]	Assets/Product/Texture/Image/IconRoleQulity/CharacterIconJingrui.png	Assets/Product/Texture/Image/IconRoleQulity/CharacterIconJingrui1.png	Assets/Product/Texture/Atlas/UiCharacter/ChaGradeIconJingrui2.png	Assets/Product/Texture/Atlas/UiCharacter/ChaGradeIconJingrui1.png	军士Ⅰ
17	1021001	3	1	15000	102103	[110001]	Assets/Product/Texture/Image/IconRoleQulity/CharacterIconJingrui.png	Assets/Product/Texture/Image/IconRoleQulity/CharacterIconJingrui1.png	Assets/Product/Texture/Atlas/UiCharacter/ChaGradeIconJingrui2.png	Assets/Product/Texture/Atlas/UiCharacter/ChaGradeIconJingrui1.png	军士Ⅱ
18	1021001	4	1	20000	102104	[110002]	Assets/Product/Texture/Image/IconRoleQulity/CharacterIconZhuli.png	Assets/Product/Texture/Image/IconRoleQulity/CharacterIconZhuli1.png	Assets/Product/Texture/Atlas/UiCharacter/ChaGradeIconZhuli2.png	Assets/Product/Texture/Atlas/UiCharacter/ChaGradeIconZhuli1.png	精锐Ⅰ
19	1021001	5	1	25000	102105	[110003]	Assets/Product/Texture/Image/IconRoleQulity/CharacterIconZhuli.png	Assets/Product/Texture/Image/IconRoleQulity/CharacterIconZhuli1.png	Assets/Product/Texture/Atlas/UiCharacter/ChaGradeIconZhuli2.png	Assets/Product/Texture/Atlas/UiCharacter/ChaGradeIconZhuli1.png	精锐Ⅱ
20	1021001	6	1	30000	102106	[110004]	Assets/Product/Texture/Image/IconRoleQulity/CharacterIconZhuli.png	Assets/Product/Texture/Image/IconRoleQulity/CharacterIconZhuli1.png	Assets/Product/Texture/Atlas/UiCharacter/ChaGradeIconZhuli2.png	Assets/Product/Texture/Atlas/UiCharacter/ChaGradeIconZhuli1.png	精锐Ⅲ
21	1021001	7	1	35000	102107	[110005]	Assets/Product/Texture/Image/IconRoleQulity/CharacterIconWangpai.png	Assets/Product/Texture/Image/IconRoleQulity/CharacterIconWangpai1.png	Assets/Product/Texture/Atlas/UiCharacter/ChaGradeIconWangpai2.png	Assets/Product/Texture/Atlas/UiCharacter/ChaGradeIconWangpai1.png	特种Ⅰ
22	1021001	8	1	42500	102108	[110006]	Assets/Product/Texture/Image/IconRoleQulity/CharacterIconWangpai.png	Assets/Product/Texture/Image/IconRoleQulity/CharacterIconWangpai1.png	Assets/Product/Texture/Atlas/UiCharacter/ChaGradeIconWangpai2.png	Assets/Product/Texture/Atlas/UiCharacter/ChaGradeIconWangpai1.png	特种Ⅱ
23	1021001	9	1	50000	102109	[110007]	Assets/Product/Texture/Image/IconRoleQulity/CharacterIconWangpai.png	Assets/Product/Texture/Image/IconRoleQulity/CharacterIconWangpai1.png	Assets/Product/Texture/Atlas/UiCharacter/ChaGradeIconWangpai2.png	Assets/Product/Texture/Atlas/UiCharacter/ChaGradeIconWangpai1.png	特种Ⅲ
24	1021001	10	1	60000	102110	[110008]	Assets/Product/Texture/Image/IconRoleQulity/CharacterIconTianxuan.png	Assets/Product/Texture/Image/IconRoleQulity/CharacterIconTianxuan1.png	Assets/Product/Texture/Atlas/UiCharacter/ChaGradeIconTianxuan2.png	Assets/Product/Texture/Atlas/UiCharacter/ChaGradeIconTianxuan1.png	王牌Ⅰ
25	1021001	11	1	70000	102111	[110009]	Assets/Product/Texture/Image/IconRoleQulity/CharacterIconTianxuan.png	Assets/Product/Texture/Image/IconRoleQulity/CharacterIconTianxuan1.png	Assets/Product/Texture/Atlas/UiCharacter/ChaGradeIconTianxuan2.png	Assets/Product/Texture/Atlas/UiCharacter/ChaGradeIconTianxuan1.png	王牌Ⅱ
26	1021001	12	1	80000	102112	[110010]	Assets/Product/Texture/Image/IconRoleQulity/CharacterIconTianxuan.png	Assets/Product/Texture/Image/IconRoleQulity/CharacterIconTianxuan1.png	Assets/Product/Texture/Atlas/UiCharacter/ChaGradeIconTianxuan2.png	Assets/Product/Texture/Atlas/UiCharacter/ChaGradeIconTianxuan1.png	王牌Ⅲ
27	1021001	13	1	100000	102113	[110011]	Assets/Product/Texture/Image/IconRoleQulity/CharacterIconTianxuan.png	Assets/Product/Texture/Image/IconRoleQulity/CharacterIconTianxuan1.png	Assets/Product/Texture/Atlas/UiCharacter/ChaGradeIconTianxuan2.png	Assets/Product/Texture/Atlas/UiCharacter/ChaGradeIconTianxuan1.png	王牌Ⅳ
28	1021001	14			102114	[110011]	Assets/Product/Texture/Image/IconRoleQulity/CharacterIconYingxiong.png	Assets/Product/Texture/Image/IconRoleQulity/CharacterIconYingxiong1.png	Assets/Product/Texture/Atlas/UiCharacter/ChaGradeIconYingxiong.png	Assets/Product/Texture/Atlas/UiCharacter/ChaGradeIconYingxiong.png	英雄
29	1021002	1	1	5000	102201	[109000]	Assets/Product/Texture/Image/IconRoleQulity/CharacterIconXinbing.png	Assets/Product/Texture/Image/IconRoleQulity/CharacterIconXinbing1.png	Assets/Product/Texture/Atlas/UiCharacter/ChaGradeIconXinbing1.png	Assets/Product/Texture/Atlas/UiCharacter/ChaGradeIconXinbing0.png	列兵Ⅰ
30	1021002	2	1	10000	102202	[110000]	Assets/Product/Texture/Image/IconRoleQulity/CharacterIconJingrui.png	Assets/Product/Texture/Image/IconRoleQulity/CharacterIconJingrui1.png	Assets/Product/Texture/Atlas/UiCharacter/ChaGradeIconJingrui2.png	Assets/Product/Texture/Atlas/UiCharacter/ChaGradeIconJingrui1.png	军士Ⅰ
31	1021002	3	1	15000	102203	[110001]	Assets/Product/Texture/Image/IconRoleQulity/CharacterIconJingrui.png	Assets/Product/Texture/Image/IconRoleQulity/CharacterIconJingrui1.png	Assets/Product/Texture/Atlas/UiCharacter/ChaGradeIconJingrui2.png	Assets/Product/Texture/Atlas/UiCharacter/ChaGradeIconJingrui1.png	军士Ⅱ
32	1021002	4	1	20000	102204	[110002]	Assets/Product/Texture/Image/IconRoleQulity/CharacterIconZhuli.png	Assets/Product/Texture/Image/IconRoleQulity/CharacterIconZhuli1.png	Assets/Product/Texture/Atlas/UiCharacter/ChaGradeIconZhuli2.png	Assets/Product/Texture/Atlas/UiCharacter/ChaGradeIconZhuli1.png	精锐Ⅰ
33	1021002	5	1	25000	102205	[110003]	Assets/Product/Texture/Image/IconRoleQulity/CharacterIconZhuli.png	Assets/Product/Texture/Image/IconRoleQulity/CharacterIconZhuli1.png	Assets/Product/Texture/Atlas/UiCharacter/ChaGradeIconZhuli2.png	Assets/Product/Texture/Atlas/UiCharacter/ChaGradeIconZhuli1.png	精锐Ⅱ
34	1021002	6	1	30000	102206	[110004]	Assets/Product/Texture/Image/IconRoleQulity/CharacterIconZhuli.png	Assets/Product/Texture/Image/IconRoleQulity/CharacterIconZhuli1.png	Assets/Product/Texture/Atlas/UiCharacter/ChaGradeIconZhuli2.png	Assets/Product/Texture/Atlas/UiCharacter/ChaGradeIconZhuli1.png	精锐Ⅲ
35	1021002	7	1	35000	102207	[110005]	Assets/Product/Texture/Image/IconRoleQulity/CharacterIconWangpai.png	Assets/Product/Texture/Image/IconRoleQulity/CharacterIconWangpai1.png	Assets/Product/Texture/Atlas/UiCharacter/ChaGradeIconWangpai2.png	Assets/Product/Texture/Atlas/UiCharacter/ChaGradeIconWangpai1.png	特种Ⅰ
36	1021002	8	1	42500	102208	[110006]	Assets/Product/Texture/Image/IconRoleQulity/CharacterIconWangpai.png	Assets/Product/Texture/Image/IconRoleQulity/CharacterIconWangpai1.png	Assets/Product/Texture/Atlas/UiCharacter/ChaGradeIconWangpai2.png	Assets/Product/Texture/Atlas/UiCharacter/ChaGradeIconWangpai1.png	特种Ⅱ
37	1021002	9	1	50000	102209	[110007]	Assets/Product/Texture/Image/IconRoleQulity/CharacterIconWangpai.png	Assets/Product/Texture/Image/IconRoleQulity/CharacterIconWangpai1.png	Assets/Product/Texture/Atlas/UiCharacter/ChaGradeIconWangpai2.png	Assets/Product/Texture/Atlas/UiCharacter/ChaGradeIconWangpai1.png	特种Ⅲ
38	1021002	10	1	60000	102210	[110008]	Assets/Product/Texture/Image/IconRoleQulity/CharacterIconTianxuan.png	Assets/Product/Texture/Image/IconRoleQulity/CharacterIconTianxuan1.png	Assets/Product/Texture/Atlas/UiCharacter/ChaGradeIconTianxuan2.png	Assets/Product/Texture/Atlas/UiCharacter/ChaGradeIconTianxuan1.png	王牌Ⅰ
39	1021002	11	1	70000	102211	[110009]	Assets/Product/Texture/Image/IconRoleQulity/CharacterIconTianxuan.png	Assets/Product/Texture/Image/IconRoleQulity/CharacterIconTianxuan1.png	Assets/Product/Texture/Atlas/UiCharacter/ChaGradeIconTianxuan2.png	Assets/Product/Texture/Atlas/UiCharacter/ChaGradeIconTianxuan1.png	王牌Ⅱ
40	1021002	12	1	80000	102212	[110010]	Assets/Product/Texture/Image/IconRoleQulity/CharacterIconTianxuan.png	Assets/Product/Texture/Image/IconRoleQulity/CharacterIconTianxuan1.png	Assets/Product/Texture/Atlas/UiCharacter/ChaGradeIconTianxuan2.png	Assets/Product/Texture/Atlas/UiCharacter/ChaGradeIconTianxuan1.png	王牌Ⅲ
41	1021002	13	1	100000	102213	[110011]	Assets/Product/Texture/Image/IconRoleQulity/CharacterIconTianxuan.png	Assets/Product/Texture/Image/IconRoleQulity/CharacterIconTianxuan1.png	Assets/Product/Texture/Atlas/UiCharacter/ChaGradeIconTianxuan2.png	Assets/Product/Texture/Atlas/UiCharacter/ChaGradeIconTianxuan1.png	王牌Ⅳ
42	1021002	14			102214	[110011]	Assets/Product/Texture/Image/IconRoleQulity/CharacterIconYingxiong.png	Assets/Product/Texture/Image/IconRoleQulity/CharacterIconYingxiong1.png	Assets/Product/Texture/Atlas/UiCharacter/ChaGradeIconYingxiong.png	Assets/Product/Texture/Atlas/UiCharacter/ChaGradeIconYingxiong.png	英雄
43	1031001	1	1	5000	103101	[109000]	Assets/Product/Texture/Image/IconRoleQulity/CharacterIconXinbing.png	Assets/Product/Texture/Image/IconRoleQulity/CharacterIconXinbing1.png	Assets/Product/Texture/Atlas/UiCharacter/ChaGradeIconXinbing1.png	Assets/Product/Texture/Atlas/UiCharacter/ChaGradeIconXinbing0.png	列兵Ⅰ
44	1031001	2	1	10000	103102	[110000]	Assets/Product/Texture/Image/IconRoleQulity/CharacterIconJingrui.png	Assets/Product/Texture/Image/IconRoleQulity/CharacterIconJingrui1.png	Assets/Product/Texture/Atlas/UiCharacter/ChaGradeIconJingrui2.png	Assets/Product/Texture/Atlas/UiCharacter/ChaGradeIconJingrui1.png	军士Ⅰ
45	1031001	3	1	15000	103103	[110001]	Assets/Product/Texture/Image/IconRoleQulity/CharacterIconJingrui.png	Assets/Product/Texture/Image/IconRoleQulity/CharacterIconJingrui1.png	Assets/Product/Texture/Atlas/UiCharacter/ChaGradeIconJingrui2.png	Assets/Product/Texture/Atlas/UiCharacter/ChaGradeIconJingrui1.png	军士Ⅱ
46	1031001	4	1	20000	103104	[110002]	Assets/Product/Texture/Image/IconRoleQulity/CharacterIconZhuli.png	Assets/Product/Texture/Image/IconRoleQulity/CharacterIconZhuli1.png	Assets/Product/Texture/Atlas/UiCharacter/ChaGradeIconZhuli2.png	Assets/Product/Texture/Atlas/UiCharacter/ChaGradeIconZhuli1.png	精锐Ⅰ
47	1031001	5	1	25000	103105	[110003]	Assets/Product/Texture/Image/IconRoleQulity/CharacterIconZhuli.png	Assets/Product/Texture/Image/IconRoleQulity/CharacterIconZhuli1.png	Assets/Product/Texture/Atlas/UiCharacter/ChaGradeIconZhuli2.png	Assets/Product/Texture/Atlas/UiCharacter/ChaGradeIconZhuli1.png	精锐Ⅱ
48	1031001	6	1	30000	103106	[110004]	Assets/Product/Texture/Image/IconRoleQulity/CharacterIconZhuli.png	Assets/Product/Texture/Image/IconRoleQulity/CharacterIconZhuli1.png	Assets/Product/Texture/Atlas/UiCharacter/ChaGradeIconZhuli2.png	Assets/Product/Texture/Atlas/UiCharacter/ChaGradeIconZhuli1.png	精锐Ⅲ
49	1031001	7	1	35000	103107	[110005]	Assets/Product/Texture/Image/IconRoleQulity/CharacterIconWangpai.png	Assets/Product/Texture/Image/IconRoleQulity/CharacterIconWangpai1.png	Assets/Product/Texture/Atlas/UiCharacter/ChaGradeIconWangpai2.png	Assets/Product/Texture/Atlas/UiCharacter/ChaGradeIconWangpai1.png	特种Ⅰ
50	1031001	8	1	42500	103108	[110006]	Assets/Product/Texture/Image/IconRoleQulity/CharacterIconWangpai.png	Assets/Product/Texture/Image/IconRoleQulity/CharacterIconWangpai1.png	Assets/Product/Texture/Atlas/UiCharacter/ChaGradeIconWangpai2.png	Assets/Product/Texture/Atlas/UiCharacter/ChaGradeIconWangpai1.png	特种Ⅱ
51	1031001	9	1	50000	103109	[110007]	Assets/Product/Texture/Image/IconRoleQulity/CharacterIconWangpai.png	Assets/Product/Texture/Image/IconRoleQulity/CharacterIconWangpai1.png	Assets/Product/Texture/Atlas/UiCharacter/ChaGradeIconWangpai2.png	Assets/Product/Texture/Atlas/UiCharacter/ChaGradeIconWangpai1.png	特种Ⅲ
52	1031001	10	1	60000	103110	[110008]	Assets/Product/Texture/Image/IconRoleQulity/CharacterIconTianxuan.png	Assets/Product/Texture/Image/IconRoleQulity/CharacterIconTianxuan1.png	Assets/Product/Texture/Atlas/UiCharacter/ChaGradeIconTianxuan2.png	Assets/Product/Texture/Atlas/UiCharacter/ChaGradeIconTianxuan1.png	王牌Ⅰ
53	1031001	11	1	70000	103111	[110009]	Assets/Product/Texture/Image/IconRoleQulity/CharacterIconTianxuan.png	Assets/Product/Texture/Image/IconRoleQulity/CharacterIconTianxuan1.png	Assets/Product/Texture/Atlas/UiCharacter/ChaGradeIconTianxuan2.png	Assets/Product/Texture/Atlas/UiCharacter/ChaGradeIconTianxuan1.png	王牌Ⅱ
54	1031001	12	1	80000	103112	[110010]	Assets/Product/Texture/Image/IconRoleQulity/CharacterIconTianxuan.png	Assets/Product/Texture/Image/IconRoleQulity/CharacterIconTianxuan1.png	Assets/Product/Texture/Atlas/UiCharacter/ChaGradeIconTianxuan2.png	Assets/Product/Texture/Atlas/UiCharacter/ChaGradeIconTianxuan1.png	王牌Ⅲ
55	1031001	13	1	100000	103113	[110011]	Assets/Product/Texture/Image/IconRoleQulity/CharacterIconTianxuan.png	Assets/Product/Texture/Image/IconRoleQulity/CharacterIconTianxuan1.png	Assets/Product/Texture/Atlas/UiCharacter/ChaGradeIconTianxuan2.png	Assets/Product/Texture/Atlas/UiCharacter/ChaGradeIconTianxuan1.png	王牌Ⅳ
56	1031001	14			103114	[110011]	Assets/Product/Texture/Image/IconRoleQulity/CharacterIconYingxiong.png	Assets/Product/Texture/Image/IconRoleQulity/CharacterIconYingxiong1.png	Assets/Product/Texture/Atlas/UiCharacter/ChaGradeIconYingxiong.png	Assets/Product/Texture/Atlas/UiCharacter/ChaGradeIconYingxiong.png	英雄
57	1031002	1	1	5000	103201	[109000]	Assets/Product/Texture/Image/IconRoleQulity/CharacterIconXinbing.png	Assets/Product/Texture/Image/IconRoleQulity/CharacterIconXinbing1.png	Assets/Product/Texture/Atlas/UiCharacter/ChaGradeIconXinbing1.png	Assets/Product/Texture/Atlas/UiCharacter/ChaGradeIconXinbing0.png	列兵Ⅰ
58	1031002	2	1	10000	103202	[110000]	Assets/Product/Texture/Image/IconRoleQulity/CharacterIconJingrui.png	Assets/Product/Texture/Image/IconRoleQulity/CharacterIconJingrui1.png	Assets/Product/Texture/Atlas/UiCharacter/ChaGradeIconJingrui2.png	Assets/Product/Texture/Atlas/UiCharacter/ChaGradeIconJingrui1.png	军士Ⅰ
59	1031002	3	1	15000	103203	[110001]	Assets/Product/Texture/Image/IconRoleQulity/CharacterIconJingrui.png	Assets/Product/Texture/Image/IconRoleQulity/CharacterIconJingrui1.png	Assets/Product/Texture/Atlas/UiCharacter/ChaGradeIconJingrui2.png	Assets/Product/Texture/Atlas/UiCharacter/ChaGradeIconJingrui1.png	军士Ⅱ
60	1031002	4	1	20000	103204	[110002]	Assets/Product/Texture/Image/IconRoleQulity/CharacterIconZhuli.png	Assets/Product/Texture/Image/IconRoleQulity/CharacterIconZhuli1.png	Assets/Product/Texture/Atlas/UiCharacter/ChaGradeIconZhuli2.png	Assets/Product/Texture/Atlas/UiCharacter/ChaGradeIconZhuli1.png	精锐Ⅰ
61	1031002	5	1	25000	103205	[110003]	Assets/Product/Texture/Image/IconRoleQulity/CharacterIconZhuli.png	Assets/Product/Texture/Image/IconRoleQulity/CharacterIconZhuli1.png	Assets/Product/Texture/Atlas/UiCharacter/ChaGradeIconZhuli2.png	Assets/Product/Texture/Atlas/UiCharacter/ChaGradeIconZhuli1.png	精锐Ⅱ
62	1031002	6	1	30000	103206	[110004]	Assets/Product/Texture/Image/IconRoleQulity/CharacterIconZhuli.png	Assets/Product/Texture/Image/IconRoleQulity/CharacterIconZhuli1.png	Assets/Product/Texture/Atlas/UiCharacter/ChaGradeIconZhuli2.png	Assets/Product/Texture/Atlas/UiCharacter/ChaGradeIconZhuli1.png	精锐Ⅲ
63	1031002	7	1	35000	103207	[110005]	Assets/Product/Texture/Image/IconRoleQulity/CharacterIconWangpai.png	Assets/Product/Texture/Image/IconRoleQulity/CharacterIconWangpai1.png	Assets/Product/Texture/Atlas/UiCharacter/ChaGradeIconWangpai2.png	Assets/Product/Texture/Atlas/UiCharacter/ChaGradeIconWangpai1.png	特种Ⅰ
64	1031002	8	1	42500	103208	[110006]	Assets/Product/Texture/Image/IconRoleQulity/CharacterIconWangpai.png	Assets/Product/Texture/Image/IconRoleQulity/CharacterIconWangpai1.png	Assets/Product/Texture/Atlas/UiCharacter/ChaGradeIconWangpai2.png	Assets/Product/Texture/Atlas/UiCharacter/ChaGradeIconWangpai1.png	特种Ⅱ
65	1031002	9	1	50000	103209	[110007]	Assets/Product/Texture/Image/IconRoleQulity/CharacterIconWangpai.png	Assets/Product/Texture/Image/IconRoleQulity/CharacterIconWangpai1.png	Assets/Product/Texture/Atlas/UiCharacter/ChaGradeIconWangpai2.png	Assets/Product/Texture/Atlas/UiCharacter/ChaGradeIconWangpai1.png	特种Ⅲ
66	1031002	10	1	60000	103210	[110008]	Assets/Product/Texture/Image/IconRoleQulity/CharacterIconTianxuan.png	Assets/Product/Texture/Image/IconRoleQulity/CharacterIconTianxuan1.png	Assets/Product/Texture/Atlas/UiCharacter/ChaGradeIconTianxuan2.png	Assets/Product/Texture/Atlas/UiCharacter/ChaGradeIconTianxuan1.png	王牌Ⅰ
67	1031002	11	1	70000	103211	[110009]	Assets/Product/Texture/Image/IconRoleQulity/CharacterIconTianxuan.png	Assets/Product/Texture/Image/IconRoleQulity/CharacterIconTianxuan1.png	Assets/Product/Texture/Atlas/UiCharacter/ChaGradeIconTianxuan2.png	Assets/Product/Texture/Atlas/UiCharacter/ChaGradeIconTianxuan1.png	王牌Ⅱ
68	1031002	12	1	80000	103212	[110010]	Assets/Product/Texture/Image/IconRoleQulity/CharacterIconTianxuan.png	Assets/Product/Texture/Image/IconRoleQulity/CharacterIconTianxuan1.png	Assets/Product/Texture/Atlas/UiCharacter/ChaGradeIconTianxuan2.png	Assets/Product/Texture/Atlas/UiCharacter/ChaGradeIconTianxuan1.png	王牌Ⅲ
69	1031002	13	1	100000	103213	[110011]	Assets/Product/Texture/Image/IconRoleQulity/CharacterIconTianxuan.png	Assets/Product/Texture/Image/IconRoleQulity/CharacterIconTianxuan1.png	Assets/Product/Texture/Atlas/UiCharacter/ChaGradeIconTianxuan2.png	Assets/Product/Texture/Atlas/UiCharacter/ChaGradeIconTianxuan1.png	王牌Ⅳ
70	1031002	14			103214	[110011]	Assets/Product/Texture/Image/IconRoleQulity/CharacterIconYingxiong.png	Assets/Product/Texture/Image/IconRoleQulity/CharacterIconYingxiong1.png	Assets/Product/Texture/Atlas/UiCharacter/ChaGradeIconYingxiong.png	Assets/Product/Texture/Atlas/UiCharacter/ChaGradeIconYingxiong.png	英雄
71	1031003	1	1	5000	103301	[109000]	Assets/Product/Texture/Image/IconRoleQulity/CharacterIconXinbing.png	Assets/Product/Texture/Image/IconRoleQulity/CharacterIconXinbing1.png	Assets/Product/Texture/Atlas/UiCharacter/ChaGradeIconXinbing1.png	Assets/Product/Texture/Atlas/UiCharacter/ChaGradeIconXinbing0.png	列兵Ⅰ
72	1031003	2	1	10000	103302	[110000]	Assets/Product/Texture/Image/IconRoleQulity/CharacterIconJingrui.png	Assets/Product/Texture/Image/IconRoleQulity/CharacterIconJingrui1.png	Assets/Product/Texture/Atlas/UiCharacter/ChaGradeIconJingrui2.png	Assets/Product/Texture/Atlas/UiCharacter/ChaGradeIconJingrui1.png	军士Ⅰ
73	1031003	3	1	15000	103303	[110001]	Assets/Product/Texture/Image/IconRoleQulity/CharacterIconJingrui.png	Assets/Product/Texture/Image/IconRoleQulity/CharacterIconJingrui1.png	Assets/Product/Texture/Atlas/UiCharacter/ChaGradeIconJingrui2.png	Assets/Product/Texture/Atlas/UiCharacter/ChaGradeIconJingrui1.png	军士Ⅱ
74	1031003	4	1	20000	103304	[110002]	Assets/Product/Texture/Image/IconRoleQulity/CharacterIconZhuli.png	Assets/Product/Texture/Image/IconRoleQulity/CharacterIconZhuli1.png	Assets/Product/Texture/Atlas/UiCharacter/ChaGradeIconZhuli2.png	Assets/Product/Texture/Atlas/UiCharacter/ChaGradeIconZhuli1.png	精锐Ⅰ
75	1031003	5	1	25000	103305	[110003]	Assets/Product/Texture/Image/IconRoleQulity/CharacterIconZhuli.png	Assets/Product/Texture/Image/IconRoleQulity/CharacterIconZhuli1.png	Assets/Product/Texture/Atlas/UiCharacter/ChaGradeIconZhuli2.png	Assets/Product/Texture/Atlas/UiCharacter/ChaGradeIconZhuli1.png	精锐Ⅱ
76	1031003	6	1	30000	103306	[110004]	Assets/Product/Texture/Image/IconRoleQulity/CharacterIconZhuli.png	Assets/Product/Texture/Image/IconRoleQulity/CharacterIconZhuli1.png	Assets/Product/Texture/Atlas/UiCharacter/ChaGradeIconZhuli2.png	Assets/Product/Texture/Atlas/UiCharacter/ChaGradeIconZhuli1.png	精锐Ⅲ
77	1031003	7	1	35000	103307	[110005]	Assets/Product/Texture/Image/IconRoleQulity/CharacterIconWangpai.png	Assets/Product/Texture/Image/IconRoleQulity/CharacterIconWangpai1.png	Assets/Product/Texture/Atlas/UiCharacter/ChaGradeIconWangpai2.png	Assets/Product/Texture/Atlas/UiCharacter/ChaGradeIconWangpai1.png	特种Ⅰ
78	1031003	8	1	42500	103308	[110006]	Assets/Product/Texture/Image/IconRoleQulity/CharacterIconWangpai.png	Assets/Product/Texture/Image/IconRoleQulity/CharacterIconWangpai1.png	Assets/Product/Texture/Atlas/UiCharacter/ChaGradeIconWangpai2.png	Assets/Product/Texture/Atlas/UiCharacter/ChaGradeIconWangpai1.png	特种Ⅱ
79	1031003	9	1	50000	103309	[110007]	Assets/Product/Texture/Image/IconRoleQulity/CharacterIconWangpai.png	Assets/Product/Texture/Image/IconRoleQulity/CharacterIconWangpai1.png	Assets/Product/Texture/Atlas/UiCharacter/ChaGradeIconWangpai2.png	Assets/Product/Texture/Atlas/UiCharacter/ChaGradeIconWangpai1.png	特种Ⅲ
80	1031003	10	1	60000	103310	[110008]	Assets/Product/Texture/Image/IconRoleQulity/CharacterIconTianxuan.png	Assets/Product/Texture/Image/IconRoleQulity/CharacterIconTianxuan1.png	Assets/Product/Texture/Atlas/UiCharacter/ChaGradeIconTianxuan2.png	Assets/Product/Texture/Atlas/UiCharacter/ChaGradeIconTianxuan1.png	王牌Ⅰ
81	1031003	11	1	70000	103311	[110009]	Assets/Product/Texture/Image/IconRoleQulity/CharacterIconTianxuan.png	Assets/Product/Texture/Image/IconRoleQulity/CharacterIconTianxuan1.png	Assets/Product/Texture/Atlas/UiCharacter/ChaGradeIconTianxuan2.png	Assets/Product/Texture/Atlas/UiCharacter/ChaGradeIconTianxuan1.png	王牌Ⅱ
82	1031003	12	1	80000	103312	[110010]	Assets/Product/Texture/Image/IconRoleQulity/CharacterIconTianxuan.png	Assets/Product/Texture/Image/IconRoleQulity/CharacterIconTianxuan1.png	Assets/Product/Texture/Atlas/UiCharacter/ChaGradeIconTianxuan2.png	Assets/Product/Texture/Atlas/UiCharacter/ChaGradeIconTianxuan1.png	王牌Ⅲ
83	1031003	13	1	100000	103313	[110011]	Assets/Product/Texture/Image/IconRoleQulity/CharacterIconTianxuan.png	Assets/Product/Texture/Image/IconRoleQulity/CharacterIconTianxuan1.png	Assets/Product/Texture/Atlas/UiCharacter/ChaGradeIconTianxuan2.png	Assets/Product/Texture/Atlas/UiCharacter/ChaGradeIconTianxuan1.png	王牌Ⅳ
84	1031003	14			103314	[110011]	Assets/Product/Texture/Image/IconRoleQulity/CharacterIconYingxiong.png	Assets/Product/Texture/Image/IconRoleQulity/CharacterIconYingxiong1.png	Assets/Product/Texture/Atlas/UiCharacter/ChaGradeIconYingxiong.png	Assets/Product/Texture/Atlas/UiCharacter/ChaGradeIconYingxiong.png	英雄
85	1041002	1	1	5000	104201	[109000]	Assets/Product/Texture/Image/IconRoleQulity/CharacterIconXinbing.png	Assets/Product/Texture/Image/IconRoleQulity/CharacterIconXinbing1.png	Assets/Product/Texture/Atlas/UiCharacter/ChaGradeIconXinbing1.png	Assets/Product/Texture/Atlas/UiCharacter/ChaGradeIconXinbing0.png	列兵Ⅰ
86	1041002	2	1	10000	104202	[110000]	Assets/Product/Texture/Image/IconRoleQulity/CharacterIconJingrui.png	Assets/Product/Texture/Image/IconRoleQulity/CharacterIconJingrui1.png	Assets/Product/Texture/Atlas/UiCharacter/ChaGradeIconJingrui2.png	Assets/Product/Texture/Atlas/UiCharacter/ChaGradeIconJingrui1.png	军士Ⅰ
87	1041002	3	1	15000	104203	[110001]	Assets/Product/Texture/Image/IconRoleQulity/CharacterIconJingrui.png	Assets/Product/Texture/Image/IconRoleQulity/CharacterIconJingrui1.png	Assets/Product/Texture/Atlas/UiCharacter/ChaGradeIconJingrui2.png	Assets/Product/Texture/Atlas/UiCharacter/ChaGradeIconJingrui1.png	军士Ⅱ
88	1041002	4	1	20000	104204	[110002]	Assets/Product/Texture/Image/IconRoleQulity/CharacterIconZhuli.png	Assets/Product/Texture/Image/IconRoleQulity/CharacterIconZhuli1.png	Assets/Product/Texture/Atlas/UiCharacter/ChaGradeIconZhuli2.png	Assets/Product/Texture/Atlas/UiCharacter/ChaGradeIconZhuli1.png	精锐Ⅰ
89	1041002	5	1	25000	104205	[110003]	Assets/Product/Texture/Image/IconRoleQulity/CharacterIconZhuli.png	Assets/Product/Texture/Image/IconRoleQulity/CharacterIconZhuli1.png	Assets/Product/Texture/Atlas/UiCharacter/ChaGradeIconZhuli2.png	Assets/Product/Texture/Atlas/UiCharacter/ChaGradeIconZhuli1.png	精锐Ⅱ
90	1041002	6	1	30000	104206	[110004]	Assets/Product/Texture/Image/IconRoleQulity/CharacterIconZhuli.png	Assets/Product/Texture/Image/IconRoleQulity/CharacterIconZhuli1.png	Assets/Product/Texture/Atlas/UiCharacter/ChaGradeIconZhuli2.png	Assets/Product/Texture/Atlas/UiCharacter/ChaGradeIconZhuli1.png	精锐Ⅲ
91	1041002	7	1	35000	104207	[110005]	Assets/Product/Texture/Image/IconRoleQulity/CharacterIconWangpai.png	Assets/Product/Texture/Image/IconRoleQulity/CharacterIconWangpai1.png	Assets/Product/Texture/Atlas/UiCharacter/ChaGradeIconWangpai2.png	Assets/Product/Texture/Atlas/UiCharacter/ChaGradeIconWangpai1.png	特种Ⅰ
92	1041002	8	1	42500	104208	[110006]	Assets/Product/Texture/Image/IconRoleQulity/CharacterIconWangpai.png	Assets/Product/Texture/Image/IconRoleQulity/CharacterIconWangpai1.png	Assets/Product/Texture/Atlas/UiCharacter/ChaGradeIconWangpai2.png	Assets/Product/Texture/Atlas/UiCharacter/ChaGradeIconWangpai1.png	特种Ⅱ
93	1041002	9	1	50000	104209	[110007]	Assets/Product/Texture/Image/IconRoleQulity/CharacterIconWangpai.png	Assets/Product/Texture/Image/IconRoleQulity/CharacterIconWangpai1.png	Assets/Product/Texture/Atlas/UiCharacter/ChaGradeIconWangpai2.png	Assets/Product/Texture/Atlas/UiCharacter/ChaGradeIconWangpai1.png	特种Ⅲ
94	1041002	10	1	60000	104210	[110008]	Assets/Product/Texture/Image/IconRoleQulity/CharacterIconTianxuan.png	Assets/Product/Texture/Image/IconRoleQulity/CharacterIconTianxuan1.png	Assets/Product/Texture/Atlas/UiCharacter/ChaGradeIconTianxuan2.png	Assets/Product/Texture/Atlas/UiCharacter/ChaGradeIconTianxuan1.png	王牌Ⅰ
95	1041002	11	1	70000	104211	[110009]	Assets/Product/Texture/Image/IconRoleQulity/CharacterIconTianxuan.png	Assets/Product/Texture/Image/IconRoleQulity/CharacterIconTianxuan1.png	Assets/Product/Texture/Atlas/UiCharacter/ChaGradeIconTianxuan2.png	Assets/Product/Texture/Atlas/UiCharacter/ChaGradeIconTianxuan1.png	王牌Ⅱ
96	1041002	12	1	80000	104212	[110010]	Assets/Product/Texture/Image/IconRoleQulity/CharacterIconTianxuan.png	Assets/Product/Texture/Image/IconRoleQulity/CharacterIconTianxuan1.png	Assets/Product/Texture/Atlas/UiCharacter/ChaGradeIconTianxuan2.png	Assets/Product/Texture/Atlas/UiCharacter/ChaGradeIconTianxuan1.png	王牌Ⅲ
97	1041002	13	1	100000	104213	[110011]	Assets/Product/Texture/Image/IconRoleQulity/CharacterIconTianxuan.png	Assets/Product/Texture/Image/IconRoleQulity/CharacterIconTianxuan1.png	Assets/Product/Texture/Atlas/UiCharacter/ChaGradeIconTianxuan2.png	Assets/Product/Texture/Atlas/UiCharacter/ChaGradeIconTianxuan1.png	王牌Ⅳ
98	1041002	14			104214	[110011]	Assets/Product/Texture/Image/IconRoleQulity/CharacterIconYingxiong.png	Assets/Product/Texture/Image/IconRoleQulity/CharacterIconYingxiong1.png	Assets/Product/Texture/Atlas/UiCharacter/ChaGradeIconYingxiong.png	Assets/Product/Texture/Atlas/UiCharacter/ChaGradeIconYingxiong.png	英雄
99	1051001	1	1	5000	105101	[109000]	Assets/Product/Texture/Image/IconRoleQulity/CharacterIconXinbing.png	Assets/Product/Texture/Image/IconRoleQulity/CharacterIconXinbing1.png	Assets/Product/Texture/Atlas/UiCharacter/ChaGradeIconXinbing1.png	Assets/Product/Texture/Atlas/UiCharacter/ChaGradeIconXinbing0.png	列兵Ⅰ
100	1051001	2	1	10000	105102	[110000]	Assets/Product/Texture/Image/IconRoleQulity/CharacterIconJingrui.png	Assets/Product/Texture/Image/IconRoleQulity/CharacterIconJingrui1.png	Assets/Product/Texture/Atlas/UiCharacter/ChaGradeIconJingrui2.png	Assets/Product/Texture/Atlas/UiCharacter/ChaGradeIconJingrui1.png	军士Ⅰ
101	1051001	3	1	15000	105103	[110001]	Assets/Product/Texture/Image/IconRoleQulity/CharacterIconJingrui.png	Assets/Product/Texture/Image/IconRoleQulity/CharacterIconJingrui1.png	Assets/Product/Texture/Atlas/UiCharacter/ChaGradeIconJingrui2.png	Assets/Product/Texture/Atlas/UiCharacter/ChaGradeIconJingrui1.png	军士Ⅱ
102	1051001	4	1	20000	105104	[110002]	Assets/Product/Texture/Image/IconRoleQulity/CharacterIconZhuli.png	Assets/Product/Texture/Image/IconRoleQulity/CharacterIconZhuli1.png	Assets/Product/Texture/Atlas/UiCharacter/ChaGradeIconZhuli2.png	Assets/Product/Texture/Atlas/UiCharacter/ChaGradeIconZhuli1.png	精锐Ⅰ
103	1051001	5	1	25000	105105	[110003]	Assets/Product/Texture/Image/IconRoleQulity/CharacterIconZhuli.png	Assets/Product/Texture/Image/IconRoleQulity/CharacterIconZhuli1.png	Assets/Product/Texture/Atlas/UiCharacter/ChaGradeIconZhuli2.png	Assets/Product/Texture/Atlas/UiCharacter/ChaGradeIconZhuli1.png	精锐Ⅱ
104	1051001	6	1	30000	105106	[110004]	Assets/Product/Texture/Image/IconRoleQulity/CharacterIconZhuli.png	Assets/Product/Texture/Image/IconRoleQulity/CharacterIconZhuli1.png	Assets/Product/Texture/Atlas/UiCharacter/ChaGradeIconZhuli2.png	Assets/Product/Texture/Atlas/UiCharacter/ChaGradeIconZhuli1.png	精锐Ⅲ
105	1051001	7	1	35000	105107	[110005]	Assets/Product/Texture/Image/IconRoleQulity/CharacterIconWangpai.png	Assets/Product/Texture/Image/IconRoleQulity/CharacterIconWangpai1.png	Assets/Product/Texture/Atlas/UiCharacter/ChaGradeIconWangpai2.png	Assets/Product/Texture/Atlas/UiCharacter/ChaGradeIconWangpai1.png	特种Ⅰ
106	1051001	8	1	42500	105108	[110006]	Assets/Product/Texture/Image/IconRoleQulity/CharacterIconWangpai.png	Assets/Product/Texture/Image/IconRoleQulity/CharacterIconWangpai1.png	Assets/Product/Texture/Atlas/UiCharacter/ChaGradeIconWangpai2.png	Assets/Product/Texture/Atlas/UiCharacter/ChaGradeIconWangpai1.png	特种Ⅱ
107	1051001	9	1	50000	105109	[110007]	Assets/Product/Texture/Image/IconRoleQulity/CharacterIconWangpai.png	Assets/Product/Texture/Image/IconRoleQulity/CharacterIconWangpai1.png	Assets/Product/Texture/Atlas/UiCharacter/ChaGradeIconWangpai2.png	Assets/Product/Texture/Atlas/UiCharacter/ChaGradeIconWangpai1.png	特种Ⅲ
108	1051001	10	1	60000	105110	[110008]	Assets/Product/Texture/Image/IconRoleQulity/CharacterIconTianxuan.png	Assets/Product/Texture/Image/IconRoleQulity/CharacterIconTianxuan1.png	Assets/Product/Texture/Atlas/UiCharacter/ChaGradeIconTianxuan2.png	Assets/Product/Texture/Atlas/UiCharacter/ChaGradeIconTianxuan1.png	王牌Ⅰ
109	1051001	11	1	70000	105111	[110009]	Assets/Product/Texture/Image/IconRoleQulity/CharacterIconTianxuan.png	Assets/Product/Texture/Image/IconRoleQulity/CharacterIconTianxuan1.png	Assets/Product/Texture/Atlas/UiCharacter/ChaGradeIconTianxuan2.png	Assets/Product/Texture/Atlas/UiCharacter/ChaGradeIconTianxuan1.png	王牌Ⅱ
110	1051001	12	1	80000	105112	[110010]	Assets/Product/Texture/Image/IconRoleQulity/CharacterIconTianxuan.png	Assets/Product/Texture/Image/IconRoleQulity/CharacterIconTianxuan1.png	Assets/Product/Texture/Atlas/UiCharacter/ChaGradeIconTianxuan2.png	Assets/Product/Texture/Atlas/UiCharacter/ChaGradeIconTianxuan1.png	王牌Ⅲ
111	1051001	13	1	100000	105113	[110011]	Assets/Product/Texture/Image/IconRoleQulity/CharacterIconTianxuan.png	Assets/Product/Texture/Image/IconRoleQulity/CharacterIconTianxuan1.png	Assets/Product/Texture/Atlas/UiCharacter/ChaGradeIconTianxuan2.png	Assets/Product/Texture/Atlas/UiCharacter/ChaGradeIconTianxuan1.png	王牌Ⅳ
112	1051001	14			105114	[110011]	Assets/Product/Texture/Image/IconRoleQulity/CharacterIconYingxiong.png	Assets/Product/Texture/Image/IconRoleQulity/CharacterIconYingxiong1.png	Assets/Product/Texture/Atlas/UiCharacter/ChaGradeIconYingxiong.png	Assets/Product/Texture/Atlas/UiCharacter/ChaGradeIconYingxiong.png	英雄
113	1061002	1	1	5000	106201	[109000]	Assets/Product/Texture/Image/IconRoleQulity/CharacterIconXinbing.png	Assets/Product/Texture/Image/IconRoleQulity/CharacterIconXinbing1.png	Assets/Product/Texture/Atlas/UiCharacter/ChaGradeIconXinbing1.png	Assets/Product/Texture/Atlas/UiCharacter/ChaGradeIconXinbing0.png	列兵Ⅰ
114	1061002	2	1	10000	106202	[110000]	Assets/Product/Texture/Image/IconRoleQulity/CharacterIconJingrui.png	Assets/Product/Texture/Image/IconRoleQulity/CharacterIconJingrui1.png	Assets/Product/Texture/Atlas/UiCharacter/ChaGradeIconJingrui2.png	Assets/Product/Texture/Atlas/UiCharacter/ChaGradeIconJingrui1.png	军士Ⅰ
115	1061002	3	1	15000	106203	[110001]	Assets/Product/Texture/Image/IconRoleQulity/CharacterIconJingrui.png	Assets/Product/Texture/Image/IconRoleQulity/CharacterIconJingrui1.png	Assets/Product/Texture/Atlas/UiCharacter/ChaGradeIconJingrui2.png	Assets/Product/Texture/Atlas/UiCharacter/ChaGradeIconJingrui1.png	军士Ⅱ
116	1061002	4	1	20000	106204	[110002]	Assets/Product/Texture/Image/IconRoleQulity/CharacterIconZhuli.png	Assets/Product/Texture/Image/IconRoleQulity/CharacterIconZhuli1.png	Assets/Product/Texture/Atlas/UiCharacter/ChaGradeIconZhuli2.png	Assets/Product/Texture/Atlas/UiCharacter/ChaGradeIconZhuli1.png	精锐Ⅰ
117	1061002	5	1	25000	106205	[110003]	Assets/Product/Texture/Image/IconRoleQulity/CharacterIconZhuli.png	Assets/Product/Texture/Image/IconRoleQulity/CharacterIconZhuli1.png	Assets/Product/Texture/Atlas/UiCharacter/ChaGradeIconZhuli2.png	Assets/Product/Texture/Atlas/UiCharacter/ChaGradeIconZhuli1.png	精锐Ⅱ
118	1061002	6	1	30000	106206	[110004]	Assets/Product/Texture/Image/IconRoleQulity/CharacterIconZhuli.png	Assets/Product/Texture/Image/IconRoleQulity/CharacterIconZhuli1.png	Assets/Product/Texture/Atlas/UiCharacter/ChaGradeIconZhuli2.png	Assets/Product/Texture/Atlas/UiCharacter/ChaGradeIconZhuli1.png	精锐Ⅲ
119	1061002	7	1	35000	106207	[110005]	Assets/Product/Texture/Image/IconRoleQulity/CharacterIconWangpai.png	Assets/Product/Texture/Image/IconRoleQulity/CharacterIconWangpai1.png	Assets/Product/Texture/Atlas/UiCharacter/ChaGradeIconWangpai2.png	Assets/Product/Texture/Atlas/UiCharacter/ChaGradeIconWangpai1.png	特种Ⅰ
120	1061002	8	1	42500	106208	[110006]	Assets/Product/Texture/Image/IconRoleQulity/CharacterIconWangpai.png	Assets/Product/Texture/Image/IconRoleQulity/CharacterIconWangpai1.png	Assets/Product/Texture/Atlas/UiCharacter/ChaGradeIconWangpai2.png	Assets/Product/Texture/Atlas/UiCharacter/ChaGradeIconWangpai1.png	特种Ⅱ
121	1061002	9	1	50000	106209	[110007]	Assets/Product/Texture/Image/IconRoleQulity/CharacterIconWangpai.png	Assets/Product/Texture/Image/IconRoleQulity/CharacterIconWangpai1.png	Assets/Product/Texture/Atlas/UiCharacter/ChaGradeIconWangpai2.png	Assets/Product/Texture/Atlas/UiCharacter/ChaGradeIconWangpai1.png	特种Ⅲ
122	1061002	10	1	60000	106210	[110008]	Assets/Product/Texture/Image/IconRoleQulity/CharacterIconTianxuan.png	Assets/Product/Texture/Image/IconRoleQulity/CharacterIconTianxuan1.png	Assets/Product/Texture/Atlas/UiCharacter/ChaGradeIconTianxuan2.png	Assets/Product/Texture/Atlas/UiCharacter/ChaGradeIconTianxuan1.png	王牌Ⅰ
123	1061002	11	1	70000	106211	[110009]	Assets/Product/Texture/Image/IconRoleQulity/CharacterIconTianxuan.png	Assets/Product/Texture/Image/IconRoleQulity/CharacterIconTianxuan1.png	Assets/Product/Texture/Atlas/UiCharacter/ChaGradeIconTianxuan2.png	Assets/Product/Texture/Atlas/UiCharacter/ChaGradeIconTianxuan1.png	王牌Ⅱ
124	1061002	12	1	80000	106212	[110010]	Assets/Product/Texture/Image/IconRoleQulity/CharacterIconTianxuan.png	Assets/Product/Texture/Image/IconRoleQulity/CharacterIconTianxuan1.png	Assets/Product/Texture/Atlas/UiCharacter/ChaGradeIconTianxuan2.png	Assets/Product/Texture/Atlas/UiCharacter/ChaGradeIconTianxuan1.png	王牌Ⅲ
125	1061002	13	1	100000	106213	[110011]	Assets/Product/Texture/Image/IconRoleQulity/CharacterIconTianxuan.png	Assets/Product/Texture/Image/IconRoleQulity/CharacterIconTianxuan1.png	Assets/Product/Texture/Atlas/UiCharacter/ChaGradeIconTianxuan2.png	Assets/Product/Texture/Atlas/UiCharacter/ChaGradeIconTianxuan1.png	王牌Ⅳ
126	1061002	14			106214	[110011]	Assets/Product/Texture/Image/IconRoleQulity/CharacterIconYingxiong.png	Assets/Product/Texture/Image/IconRoleQulity/CharacterIconYingxiong1.png	Assets/Product/Texture/Atlas/UiCharacter/ChaGradeIconYingxiong.png	Assets/Product/Texture/Atlas/UiCharacter/ChaGradeIconYingxiong.png	英雄
127	1071002	1	1	5000	107201	[109000]	Assets/Product/Texture/Image/IconRoleQulity/CharacterIconXinbing.png	Assets/Product/Texture/Image/IconRoleQulity/CharacterIconXinbing1.png	Assets/Product/Texture/Atlas/UiCharacter/ChaGradeIconXinbing1.png	Assets/Product/Texture/Atlas/UiCharacter/ChaGradeIconXinbing0.png	列兵Ⅰ
128	1071002	2	1	10000	107202	[110000]	Assets/Product/Texture/Image/IconRoleQulity/CharacterIconJingrui.png	Assets/Product/Texture/Image/IconRoleQulity/CharacterIconJingrui1.png	Assets/Product/Texture/Atlas/UiCharacter/ChaGradeIconJingrui2.png	Assets/Product/Texture/Atlas/UiCharacter/ChaGradeIconJingrui1.png	军士Ⅰ
129	1071002	3	1	15000	107203	[110001]	Assets/Product/Texture/Image/IconRoleQulity/CharacterIconJingrui.png	Assets/Product/Texture/Image/IconRoleQulity/CharacterIconJingrui1.png	Assets/Product/Texture/Atlas/UiCharacter/ChaGradeIconJingrui2.png	Assets/Product/Texture/Atlas/UiCharacter/ChaGradeIconJingrui1.png	军士Ⅱ
130	1071002	4	1	20000	107204	[110002]	Assets/Product/Texture/Image/IconRoleQulity/CharacterIconZhuli.png	Assets/Product/Texture/Image/IconRoleQulity/CharacterIconZhuli1.png	Assets/Product/Texture/Atlas/UiCharacter/ChaGradeIconZhuli2.png	Assets/Product/Texture/Atlas/UiCharacter/ChaGradeIconZhuli1.png	精锐Ⅰ
131	1071002	5	1	25000	107205	[110003]	Assets/Product/Texture/Image/IconRoleQulity/CharacterIconZhuli.png	Assets/Product/Texture/Image/IconRoleQulity/CharacterIconZhuli1.png	Assets/Product/Texture/Atlas/UiCharacter/ChaGradeIconZhuli2.png	Assets/Product/Texture/Atlas/UiCharacter/ChaGradeIconZhuli1.png	精锐Ⅱ
132	1071002	6	1	30000	107206	[110004]	Assets/Product/Texture/Image/IconRoleQulity/CharacterIconZhuli.png	Assets/Product/Texture/Image/IconRoleQulity/CharacterIconZhuli1.png	Assets/Product/Texture/Atlas/UiCharacter/ChaGradeIconZhuli2.png	Assets/Product/Texture/Atlas/UiCharacter/ChaGradeIconZhuli1.png	精锐Ⅲ
133	1071002	7	1	35000	107207	[110005]	Assets/Product/Texture/Image/IconRoleQulity/CharacterIconWangpai.png	Assets/Product/Texture/Image/IconRoleQulity/CharacterIconWangpai1.png	Assets/Product/Texture/Atlas/UiCharacter/ChaGradeIconWangpai2.png	Assets/Product/Texture/Atlas/UiCharacter/ChaGradeIconWangpai1.png	特种Ⅰ
134	1071002	8	1	42500	107208	[110006]	Assets/Product/Texture/Image/IconRoleQulity/CharacterIconWangpai.png	Assets/Product/Texture/Image/IconRoleQulity/CharacterIconWangpai1.png	Assets/Product/Texture/Atlas/UiCharacter/ChaGradeIconWangpai2.png	Assets/Product/Texture/Atlas/UiCharacter/ChaGradeIconWangpai1.png	特种Ⅱ
135	1071002	9	1	50000	107209	[110007]	Assets/Product/Texture/Image/IconRoleQulity/CharacterIconWangpai.png	Assets/Product/Texture/Image/IconRoleQulity/CharacterIconWangpai1.png	Assets/Product/Texture/Atlas/UiCharacter/ChaGradeIconWangpai2.png	Assets/Product/Texture/Atlas/UiCharacter/ChaGradeIconWangpai1.png	特种Ⅲ
136	1071002	10	1	60000	107210	[110008]	Assets/Product/Texture/Image/IconRoleQulity/CharacterIconTianxuan.png	Assets/Product/Texture/Image/IconRoleQulity/CharacterIconTianxuan1.png	Assets/Product/Texture/Atlas/UiCharacter/ChaGradeIconTianxuan2.png	Assets/Product/Texture/Atlas/UiCharacter/ChaGradeIconTianxuan1.png	王牌Ⅰ
137	1071002	11	1	70000	107211	[110009]	Assets/Product/Texture/Image/IconRoleQulity/CharacterIconTianxuan.png	Assets/Product/Texture/Image/IconRoleQulity/CharacterIconTianxuan1.png	Assets/Product/Texture/Atlas/UiCharacter/ChaGradeIconTianxuan2.png	Assets/Product/Texture/Atlas/UiCharacter/ChaGradeIconTianxuan1.png	王牌Ⅱ
138	1071002	12	1	80000	107212	[110010]	Assets/Product/Texture/Image/IconRoleQulity/CharacterIconTianxuan.png	Assets/Product/Texture/Image/IconRoleQulity/CharacterIconTianxuan1.png	Assets/Product/Texture/Atlas/UiCharacter/ChaGradeIconTianxuan2.png	Assets/Product/Texture/Atlas/UiCharacter/ChaGradeIconTianxuan1.png	王牌Ⅲ
139	1071002	13	1	100000	107213	[110011]	Assets/Product/Texture/Image/IconRoleQulity/CharacterIconTianxuan.png	Assets/Product/Texture/Image/IconRoleQulity/CharacterIconTianxuan1.png	Assets/Product/Texture/Atlas/UiCharacter/ChaGradeIconTianxuan2.png	Assets/Product/Texture/Atlas/UiCharacter/ChaGradeIconTianxuan1.png	王牌Ⅳ
140	1071002	14			107214	[110011]	Assets/Product/Texture/Image/IconRoleQulity/CharacterIconYingxiong.png	Assets/Product/Texture/Image/IconRoleQulity/CharacterIconYingxiong1.png	Assets/Product/Texture/Atlas/UiCharacter/ChaGradeIconYingxiong.png	Assets/Product/Texture/Atlas/UiCharacter/ChaGradeIconYingxiong.png	英雄
141	1061003	1	1	5000	106301	[109000]	Assets/Product/Texture/Image/IconRoleQulity/CharacterIconXinbing.png	Assets/Product/Texture/Image/IconRoleQulity/CharacterIconXinbing1.png	Assets/Product/Texture/Atlas/UiCharacter/ChaGradeIconXinbing1.png	Assets/Product/Texture/Atlas/UiCharacter/ChaGradeIconXinbing0.png	列兵Ⅰ
142	1061003	2	1	10000	106302	[110000]	Assets/Product/Texture/Image/IconRoleQulity/CharacterIconJingrui.png	Assets/Product/Texture/Image/IconRoleQulity/CharacterIconJingrui1.png	Assets/Product/Texture/Atlas/UiCharacter/ChaGradeIconJingrui2.png	Assets/Product/Texture/Atlas/UiCharacter/ChaGradeIconJingrui1.png	军士Ⅰ
143	1061003	3	1	15000	106303	[110001]	Assets/Product/Texture/Image/IconRoleQulity/CharacterIconJingrui.png	Assets/Product/Texture/Image/IconRoleQulity/CharacterIconJingrui1.png	Assets/Product/Texture/Atlas/UiCharacter/ChaGradeIconJingrui2.png	Assets/Product/Texture/Atlas/UiCharacter/ChaGradeIconJingrui1.png	军士Ⅱ
144	1061003	4	1	20000	106304	[110002]	Assets/Product/Texture/Image/IconRoleQulity/CharacterIconZhuli.png	Assets/Product/Texture/Image/IconRoleQulity/CharacterIconZhuli1.png	Assets/Product/Texture/Atlas/UiCharacter/ChaGradeIconZhuli2.png	Assets/Product/Texture/Atlas/UiCharacter/ChaGradeIconZhuli1.png	精锐Ⅰ
145	1061003	5	1	25000	106305	[110003]	Assets/Product/Texture/Image/IconRoleQulity/CharacterIconZhuli.png	Assets/Product/Texture/Image/IconRoleQulity/CharacterIconZhuli1.png	Assets/Product/Texture/Atlas/UiCharacter/ChaGradeIconZhuli2.png	Assets/Product/Texture/Atlas/UiCharacter/ChaGradeIconZhuli1.png	精锐Ⅱ
146	1061003	6	1	30000	106306	[110004]	Assets/Product/Texture/Image/IconRoleQulity/CharacterIconZhuli.png	Assets/Product/Texture/Image/IconRoleQulity/CharacterIconZhuli1.png	Assets/Product/Texture/Atlas/UiCharacter/ChaGradeIconZhuli2.png	Assets/Product/Texture/Atlas/UiCharacter/ChaGradeIconZhuli1.png	精锐Ⅲ
147	1061003	7	1	35000	106307	[110005]	Assets/Product/Texture/Image/IconRoleQulity/CharacterIconWangpai.png	Assets/Product/Texture/Image/IconRoleQulity/CharacterIconWangpai1.png	Assets/Product/Texture/Atlas/UiCharacter/ChaGradeIconWangpai2.png	Assets/Product/Texture/Atlas/UiCharacter/ChaGradeIconWangpai1.png	特种Ⅰ
148	1061003	8	1	42500	106308	[110006]	Assets/Product/Texture/Image/IconRoleQulity/CharacterIconWangpai.png	Assets/Product/Texture/Image/IconRoleQulity/CharacterIconWangpai1.png	Assets/Product/Texture/Atlas/UiCharacter/ChaGradeIconWangpai2.png	Assets/Product/Texture/Atlas/UiCharacter/ChaGradeIconWangpai1.png	特种Ⅱ
149	1061003	9	1	50000	106309	[110007]	Assets/Product/Texture/Image/IconRoleQulity/CharacterIconWangpai.png	Assets/Product/Texture/Image/IconRoleQulity/CharacterIconWangpai1.png	Assets/Product/Texture/Atlas/UiCharacter/ChaGradeIconWangpai2.png	Assets/Product/Texture/Atlas/UiCharacter/ChaGradeIconWangpai1.png	特种Ⅲ
150	1061003	10	1	60000	106310	[110008]	Assets/Product/Texture/Image/IconRoleQulity/CharacterIconTianxuan.png	Assets/Product/Texture/Image/IconRoleQulity/CharacterIconTianxuan1.png	Assets/Product/Texture/Atlas/UiCharacter/ChaGradeIconTianxuan2.png	Assets/Product/Texture/Atlas/UiCharacter/ChaGradeIconTianxuan1.png	王牌Ⅰ
151	1061003	11	1	70000	106311	[110009]	Assets/Product/Texture/Image/IconRoleQulity/CharacterIconTianxuan.png	Assets/Product/Texture/Image/IconRoleQulity/CharacterIconTianxuan1.png	Assets/Product/Texture/Atlas/UiCharacter/ChaGradeIconTianxuan2.png	Assets/Product/Texture/Atlas/UiCharacter/ChaGradeIconTianxuan1.png	王牌Ⅱ
152	1061003	12	1	80000	106312	[110010]	Assets/Product/Texture/Image/IconRoleQulity/CharacterIconTianxuan.png	Assets/Product/Texture/Image/IconRoleQulity/CharacterIconTianxuan1.png	Assets/Product/Texture/Atlas/UiCharacter/ChaGradeIconTianxuan2.png	Assets/Product/Texture/Atlas/UiCharacter/ChaGradeIconTianxuan1.png	王牌Ⅲ
153	1061003	13	1	100000	106313	[110011]	Assets/Product/Texture/Image/IconRoleQulity/CharacterIconTianxuan.png	Assets/Product/Texture/Image/IconRoleQulity/CharacterIconTianxuan1.png	Assets/Product/Texture/Atlas/UiCharacter/ChaGradeIconTianxuan2.png	Assets/Product/Texture/Atlas/UiCharacter/ChaGradeIconTianxuan1.png	王牌Ⅳ
154	1061003	14			106314	[110011]	Assets/Product/Texture/Image/IconRoleQulity/CharacterIconYingxiong.png	Assets/Product/Texture/Image/IconRoleQulity/CharacterIconYingxiong1.png	Assets/Product/Texture/Atlas/UiCharacter/ChaGradeIconYingxiong.png	Assets/Product/Texture/Atlas/UiCharacter/ChaGradeIconYingxiong.png	英雄
155	1081002	1	1	5000	108201	[109000]	Assets/Product/Texture/Image/IconRoleQulity/CharacterIconXinbing.png	Assets/Product/Texture/Image/IconRoleQulity/CharacterIconXinbing1.png	Assets/Product/Texture/Atlas/UiCharacter/ChaGradeIconXinbing1.png	Assets/Product/Texture/Atlas/UiCharacter/ChaGradeIconXinbing0.png	列兵Ⅰ
156	1081002	2	1	10000	108202	[110000]	Assets/Product/Texture/Image/IconRoleQulity/CharacterIconJingrui.png	Assets/Product/Texture/Image/IconRoleQulity/CharacterIconJingrui1.png	Assets/Product/Texture/Atlas/UiCharacter/ChaGradeIconJingrui2.png	Assets/Product/Texture/Atlas/UiCharacter/ChaGradeIconJingrui1.png	军士Ⅰ
157	1081002	3	1	15000	108203	[110001]	Assets/Product/Texture/Image/IconRoleQulity/CharacterIconJingrui.png	Assets/Product/Texture/Image/IconRoleQulity/CharacterIconJingrui1.png	Assets/Product/Texture/Atlas/UiCharacter/ChaGradeIconJingrui2.png	Assets/Product/Texture/Atlas/UiCharacter/ChaGradeIconJingrui1.png	军士Ⅱ
158	1081002	4	1	20000	108204	[110002]	Assets/Product/Texture/Image/IconRoleQulity/CharacterIconZhuli.png	Assets/Product/Texture/Image/IconRoleQulity/CharacterIconZhuli1.png	Assets/Product/Texture/Atlas/UiCharacter/ChaGradeIconZhuli2.png	Assets/Product/Texture/Atlas/UiCharacter/ChaGradeIconZhuli1.png	精锐Ⅰ
159	1081002	5	1	25000	108205	[110003]	Assets/Product/Texture/Image/IconRoleQulity/CharacterIconZhuli.png	Assets/Product/Texture/Image/IconRoleQulity/CharacterIconZhuli1.png	Assets/Product/Texture/Atlas/UiCharacter/ChaGradeIconZhuli2.png	Assets/Product/Texture/Atlas/UiCharacter/ChaGradeIconZhuli1.png	精锐Ⅱ
160	1081002	6	1	30000	108206	[110004]	Assets/Product/Texture/Image/IconRoleQulity/CharacterIconZhuli.png	Assets/Product/Texture/Image/IconRoleQulity/CharacterIconZhuli1.png	Assets/Product/Texture/Atlas/UiCharacter/ChaGradeIconZhuli2.png	Assets/Product/Texture/Atlas/UiCharacter/ChaGradeIconZhuli1.png	精锐Ⅲ
161	1081002	7	1	35000	108207	[110005]	Assets/Product/Texture/Image/IconRoleQulity/CharacterIconWangpai.png	Assets/Product/Texture/Image/IconRoleQulity/CharacterIconWangpai1.png	Assets/Product/Texture/Atlas/UiCharacter/ChaGradeIconWangpai2.png	Assets/Product/Texture/Atlas/UiCharacter/ChaGradeIconWangpai1.png	特种Ⅰ
162	1081002	8	1	42500	108208	[110006]	Assets/Product/Texture/Image/IconRoleQulity/CharacterIconWangpai.png	Assets/Product/Texture/Image/IconRoleQulity/CharacterIconWangpai1.png	Assets/Product/Texture/Atlas/UiCharacter/ChaGradeIconWangpai2.png	Assets/Product/Texture/Atlas/UiCharacter/ChaGradeIconWangpai1.png	特种Ⅱ
163	1081002	9	1	50000	108209	[110007]	Assets/Product/Texture/Image/IconRoleQulity/CharacterIconWangpai.png	Assets/Product/Texture/Image/IconRoleQulity/CharacterIconWangpai1.png	Assets/Product/Texture/Atlas/UiCharacter/ChaGradeIconWangpai2.png	Assets/Product/Texture/Atlas/UiCharacter/ChaGradeIconWangpai1.png	特种Ⅲ
164	1081002	10	1	60000	108210	[110008]	Assets/Product/Texture/Image/IconRoleQulity/CharacterIconTianxuan.png	Assets/Product/Texture/Image/IconRoleQulity/CharacterIconTianxuan1.png	Assets/Product/Texture/Atlas/UiCharacter/ChaGradeIconTianxuan2.png	Assets/Product/Texture/Atlas/UiCharacter/ChaGradeIconTianxuan1.png	王牌Ⅰ
165	1081002	11	1	70000	108211	[110009]	Assets/Product/Texture/Image/IconRoleQulity/CharacterIconTianxuan.png	Assets/Product/Texture/Image/IconRoleQulity/CharacterIconTianxuan1.png	Assets/Product/Texture/Atlas/UiCharacter/ChaGradeIconTianxuan2.png	Assets/Product/Texture/Atlas/UiCharacter/ChaGradeIconTianxuan1.png	王牌Ⅱ
166	1081002	12	1	80000	108212	[110010]	Assets/Product/Texture/Image/IconRoleQulity/CharacterIconTianxuan.png	Assets/Product/Texture/Image/IconRoleQulity/CharacterIconTianxuan1.png	Assets/Product/Texture/Atlas/UiCharacter/ChaGradeIconTianxuan2.png	Assets/Product/Texture/Atlas/UiCharacter/ChaGradeIconTianxuan1.png	王牌Ⅲ
167	1081002	13	1	100000	108213	[110011]	Assets/Product/Texture/Image/IconRoleQulity/CharacterIconTianxuan.png	Assets/Product/Texture/Image/IconRoleQulity/CharacterIconTianxuan1.png	Assets/Product/Texture/Atlas/UiCharacter/ChaGradeIconTianxuan2.png	Assets/Product/Texture/Atlas/UiCharacter/ChaGradeIconTianxuan1.png	王牌Ⅳ
168	1081002	14			108214	[110011]	Assets/Product/Texture/Image/IconRoleQulity/CharacterIconYingxiong.png	Assets/Product/Texture/Image/IconRoleQulity/CharacterIconYingxiong1.png	Assets/Product/Texture/Atlas/UiCharacter/ChaGradeIconYingxiong.png	Assets/Product/Texture/Atlas/UiCharacter/ChaGradeIconYingxiong.png	英雄
169	1011003	1	1	5000	101301	[109000]	Assets/Product/Texture/Image/IconRoleQulity/CharacterIconXinbing.png	Assets/Product/Texture/Image/IconRoleQulity/CharacterIconXinbing1.png	Assets/Product/Texture/Atlas/UiCharacter/ChaGradeIconXinbing1.png	Assets/Product/Texture/Atlas/UiCharacter/ChaGradeIconXinbing0.png	列兵Ⅰ
170	1011003	2	1	10000	101302	[110000]	Assets/Product/Texture/Image/IconRoleQulity/CharacterIconJingrui.png	Assets/Product/Texture/Image/IconRoleQulity/CharacterIconJingrui1.png	Assets/Product/Texture/Atlas/UiCharacter/ChaGradeIconJingrui2.png	Assets/Product/Texture/Atlas/UiCharacter/ChaGradeIconJingrui1.png	军士Ⅰ
171	1011003	3	1	15000	101303	[110001]	Assets/Product/Texture/Image/IconRoleQulity/CharacterIconJingrui.png	Assets/Product/Texture/Image/IconRoleQulity/CharacterIconJingrui1.png	Assets/Product/Texture/Atlas/UiCharacter/ChaGradeIconJingrui2.png	Assets/Product/Texture/Atlas/UiCharacter/ChaGradeIconJingrui1.png	军士Ⅱ
172	1011003	4	1	20000	101304	[110002]	Assets/Product/Texture/Image/IconRoleQulity/CharacterIconZhuli.png	Assets/Product/Texture/Image/IconRoleQulity/CharacterIconZhuli1.png	Assets/Product/Texture/Atlas/UiCharacter/ChaGradeIconZhuli2.png	Assets/Product/Texture/Atlas/UiCharacter/ChaGradeIconZhuli1.png	精锐Ⅰ
173	1011003	5	1	25000	101305	[110003]	Assets/Product/Texture/Image/IconRoleQulity/CharacterIconZhuli.png	Assets/Product/Texture/Image/IconRoleQulity/CharacterIconZhuli1.png	Assets/Product/Texture/Atlas/UiCharacter/ChaGradeIconZhuli2.png	Assets/Product/Texture/Atlas/UiCharacter/ChaGradeIconZhuli1.png	精锐Ⅱ
174	1011003	6	1	30000	101306	[110004]	Assets/Product/Texture/Image/IconRoleQulity/CharacterIconZhuli.png	Assets/Product/Texture/Image/IconRoleQulity/CharacterIconZhuli1.png	Assets/Product/Texture/Atlas/UiCharacter/ChaGradeIconZhuli2.png	Assets/Product/Texture/Atlas/UiCharacter/ChaGradeIconZhuli1.png	精锐Ⅲ
175	1011003	7	1	35000	101307	[110005]	Assets/Product/Texture/Image/IconRoleQulity/CharacterIconWangpai.png	Assets/Product/Texture/Image/IconRoleQulity/CharacterIconWangpai1.png	Assets/Product/Texture/Atlas/UiCharacter/ChaGradeIconWangpai2.png	Assets/Product/Texture/Atlas/UiCharacter/ChaGradeIconWangpai1.png	特种Ⅰ
176	1011003	8	1	42500	101308	[110006]	Assets/Product/Texture/Image/IconRoleQulity/CharacterIconWangpai.png	Assets/Product/Texture/Image/IconRoleQulity/CharacterIconWangpai1.png	Assets/Product/Texture/Atlas/UiCharacter/ChaGradeIconWangpai2.png	Assets/Product/Texture/Atlas/UiCharacter/ChaGradeIconWangpai1.png	特种Ⅱ
177	1011003	9	1	50000	101309	[110007]	Assets/Product/Texture/Image/IconRoleQulity/CharacterIconWangpai.png	Assets/Product/Texture/Image/IconRoleQulity/CharacterIconWangpai1.png	Assets/Product/Texture/Atlas/UiCharacter/ChaGradeIconWangpai2.png	Assets/Product/Texture/Atlas/UiCharacter/ChaGradeIconWangpai1.png	特种Ⅲ
178	1011003	10	1	60000	101310	[110008]	Assets/Product/Texture/Image/IconRoleQulity/CharacterIconTianxuan.png	Assets/Product/Texture/Image/IconRoleQulity/CharacterIconTianxuan1.png	Assets/Product/Texture/Atlas/UiCharacter/ChaGradeIconTianxuan2.png	Assets/Product/Texture/Atlas/UiCharacter/ChaGradeIconTianxuan1.png	王牌Ⅰ
179	1011003	11	1	70000	101311	[110009]	Assets/Product/Texture/Image/IconRoleQulity/CharacterIconTianxuan.png	Assets/Product/Texture/Image/IconRoleQulity/CharacterIconTianxuan1.png	Assets/Product/Texture/Atlas/UiCharacter/ChaGradeIconTianxuan2.png	Assets/Product/Texture/Atlas/UiCharacter/ChaGradeIconTianxuan1.png	王牌Ⅱ
180	1011003	12	1	80000	101312	[110010]	Assets/Product/Texture/Image/IconRoleQulity/CharacterIconTianxuan.png	Assets/Product/Texture/Image/IconRoleQulity/CharacterIconTianxuan1.png	Assets/Product/Texture/Atlas/UiCharacter/ChaGradeIconTianxuan2.png	Assets/Product/Texture/Atlas/UiCharacter/ChaGradeIconTianxuan1.png	王牌Ⅲ
181	1011003	13	1	100000	101313	[110011]	Assets/Product/Texture/Image/IconRoleQulity/CharacterIconTianxuan.png	Assets/Product/Texture/Image/IconRoleQulity/CharacterIconTianxuan1.png	Assets/Product/Texture/Atlas/UiCharacter/ChaGradeIconTianxuan2.png	Assets/Product/Texture/Atlas/UiCharacter/ChaGradeIconTianxuan1.png	王牌Ⅳ
182	1011003	14			101314	[110011]	Assets/Product/Texture/Image/IconRoleQulity/CharacterIconYingxiong.png	Assets/Product/Texture/Image/IconRoleQulity/CharacterIconYingxiong1.png	Assets/Product/Texture/Atlas/UiCharacter/ChaGradeIconYingxiong.png	Assets/Product/Texture/Atlas/UiCharacter/ChaGradeIconYingxiong.png	英雄
183	1071003	1	1	5000	107301	[109000]	Assets/Product/Texture/Image/IconRoleQulity/CharacterIconXinbing.png	Assets/Product/Texture/Image/IconRoleQulity/CharacterIconXinbing1.png	Assets/Product/Texture/Atlas/UiCharacter/ChaGradeIconXinbing1.png	Assets/Product/Texture/Atlas/UiCharacter/ChaGradeIconXinbing0.png	列兵Ⅰ
184	1071003	2	1	10000	107302	[110000]	Assets/Product/Texture/Image/IconRoleQulity/CharacterIconJingrui.png	Assets/Product/Texture/Image/IconRoleQulity/CharacterIconJingrui1.png	Assets/Product/Texture/Atlas/UiCharacter/ChaGradeIconJingrui2.png	Assets/Product/Texture/Atlas/UiCharacter/ChaGradeIconJingrui1.png	军士Ⅰ
185	1071003	3	1	15000	107303	[110001]	Assets/Product/Texture/Image/IconRoleQulity/CharacterIconJingrui.png	Assets/Product/Texture/Image/IconRoleQulity/CharacterIconJingrui1.png	Assets/Product/Texture/Atlas/UiCharacter/ChaGradeIconJingrui2.png	Assets/Product/Texture/Atlas/UiCharacter/ChaGradeIconJingrui1.png	军士Ⅱ
186	1071003	4	1	20000	107304	[110002]	Assets/Product/Texture/Image/IconRoleQulity/CharacterIconZhuli.png	Assets/Product/Texture/Image/IconRoleQulity/CharacterIconZhuli1.png	Assets/Product/Texture/Atlas/UiCharacter/ChaGradeIconZhuli2.png	Assets/Product/Texture/Atlas/UiCharacter/ChaGradeIconZhuli1.png	精锐Ⅰ
187	1071003	5	1	25000	107305	[110003]	Assets/Product/Texture/Image/IconRoleQulity/CharacterIconZhuli.png	Assets/Product/Texture/Image/IconRoleQulity/CharacterIconZhuli1.png	Assets/Product/Texture/Atlas/UiCharacter/ChaGradeIconZhuli2.png	Assets/Product/Texture/Atlas/UiCharacter/ChaGradeIconZhuli1.png	精锐Ⅱ
188	1071003	6	1	30000	107306	[110004]	Assets/Product/Texture/Image/IconRoleQulity/CharacterIconZhuli.png	Assets/Product/Texture/Image/IconRoleQulity/CharacterIconZhuli1.png	Assets/Product/Texture/Atlas/UiCharacter/ChaGradeIconZhuli2.png	Assets/Product/Texture/Atlas/UiCharacter/ChaGradeIconZhuli1.png	精锐Ⅲ
189	1071003	7	1	35000	107307	[110005]	Assets/Product/Texture/Image/IconRoleQulity/CharacterIconWangpai.png	Assets/Product/Texture/Image/IconRoleQulity/CharacterIconWangpai1.png	Assets/Product/Texture/Atlas/UiCharacter/ChaGradeIconWangpai2.png	Assets/Product/Texture/Atlas/UiCharacter/ChaGradeIconWangpai1.png	特种Ⅰ
190	1071003	8	1	42500	107308	[110006]	Assets/Product/Texture/Image/IconRoleQulity/CharacterIconWangpai.png	Assets/Product/Texture/Image/IconRoleQulity/CharacterIconWangpai1.png	Assets/Product/Texture/Atlas/UiCharacter/ChaGradeIconWangpai2.png	Assets/Product/Texture/Atlas/UiCharacter/ChaGradeIconWangpai1.png	特种Ⅱ
191	1071003	9	1	50000	107309	[110007]	Assets/Product/Texture/Image/IconRoleQulity/CharacterIconWangpai.png	Assets/Product/Texture/Image/IconRoleQulity/CharacterIconWangpai1.png	Assets/Product/Texture/Atlas/UiCharacter/ChaGradeIconWangpai2.png	Assets/Product/Texture/Atlas/UiCharacter/ChaGradeIconWangpai1.png	特种Ⅲ
192	1071003	10	1	60000	107310	[110008]	Assets/Product/Texture/Image/IconRoleQulity/CharacterIconTianxuan.png	Assets/Product/Texture/Image/IconRoleQulity/CharacterIconTianxuan1.png	Assets/Product/Texture/Atlas/UiCharacter/ChaGradeIconTianxuan2.png	Assets/Product/Texture/Atlas/UiCharacter/ChaGradeIconTianxuan1.png	王牌Ⅰ
193	1071003	11	1	70000	107311	[110009]	Assets/Product/Texture/Image/IconRoleQulity/CharacterIconTianxuan.png	Assets/Product/Texture/Image/IconRoleQulity/CharacterIconTianxuan1.png	Assets/Product/Texture/Atlas/UiCharacter/ChaGradeIconTianxuan2.png	Assets/Product/Texture/Atlas/UiCharacter/ChaGradeIconTianxuan1.png	王牌Ⅱ
194	1071003	12	1	80000	107312	[110010]	Assets/Product/Texture/Image/IconRoleQulity/CharacterIconTianxuan.png	Assets/Product/Texture/Image/IconRoleQulity/CharacterIconTianxuan1.png	Assets/Product/Texture/Atlas/UiCharacter/ChaGradeIconTianxuan2.png	Assets/Product/Texture/Atlas/UiCharacter/ChaGradeIconTianxuan1.png	王牌Ⅲ
195	1071003	13	1	100000	107313	[110011]	Assets/Product/Texture/Image/IconRoleQulity/CharacterIconTianxuan.png	Assets/Product/Texture/Image/IconRoleQulity/CharacterIconTianxuan1.png	Assets/Product/Texture/Atlas/UiCharacter/ChaGradeIconTianxuan2.png	Assets/Product/Texture/Atlas/UiCharacter/ChaGradeIconTianxuan1.png	王牌Ⅳ
196	1071003	14			107314	[110011]	Assets/Product/Texture/Image/IconRoleQulity/CharacterIconYingxiong.png	Assets/Product/Texture/Image/IconRoleQulity/CharacterIconYingxiong1.png	Assets/Product/Texture/Atlas/UiCharacter/ChaGradeIconYingxiong.png	Assets/Product/Texture/Atlas/UiCharacter/ChaGradeIconYingxiong.png	英雄
197	1051003	1	1	5000	105301	[109000]	Assets/Product/Texture/Image/IconRoleQulity/CharacterIconXinbing.png	Assets/Product/Texture/Image/IconRoleQulity/CharacterIconXinbing1.png	Assets/Product/Texture/Atlas/UiCharacter/ChaGradeIconXinbing1.png	Assets/Product/Texture/Atlas/UiCharacter/ChaGradeIconXinbing0.png	列兵Ⅰ
198	1051003	2	1	10000	105302	[110000]	Assets/Product/Texture/Image/IconRoleQulity/CharacterIconJingrui.png	Assets/Product/Texture/Image/IconRoleQulity/CharacterIconJingrui1.png	Assets/Product/Texture/Atlas/UiCharacter/ChaGradeIconJingrui2.png	Assets/Product/Texture/Atlas/UiCharacter/ChaGradeIconJingrui1.png	军士Ⅰ
199	1051003	3	1	15000	105303	[110001]	Assets/Product/Texture/Image/IconRoleQulity/CharacterIconJingrui.png	Assets/Product/Texture/Image/IconRoleQulity/CharacterIconJingrui1.png	Assets/Product/Texture/Atlas/UiCharacter/ChaGradeIconJingrui2.png	Assets/Product/Texture/Atlas/UiCharacter/ChaGradeIconJingrui1.png	军士Ⅱ
200	1051003	4	1	20000	105304	[110002]	Assets/Product/Texture/Image/IconRoleQulity/CharacterIconZhuli.png	Assets/Product/Texture/Image/IconRoleQulity/CharacterIconZhuli1.png	Assets/Product/Texture/Atlas/UiCharacter/ChaGradeIconZhuli2.png	Assets/Product/Texture/Atlas/UiCharacter/ChaGradeIconZhuli1.png	精锐Ⅰ
201	1051003	5	1	25000	105305	[110003]	Assets/Product/Texture/Image/IconRoleQulity/CharacterIconZhuli.png	Assets/Product/Texture/Image/IconRoleQulity/CharacterIconZhuli1.png	Assets/Product/Texture/Atlas/UiCharacter/ChaGradeIconZhuli2.png	Assets/Product/Texture/Atlas/UiCharacter/ChaGradeIconZhuli1.png	精锐Ⅱ
202	1051003	6	1	30000	105306	[110004]	Assets/Product/Texture/Image/IconRoleQulity/CharacterIconZhuli.png	Assets/Product/Texture/Image/IconRoleQulity/CharacterIconZhuli1.png	Assets/Product/Texture/Atlas/UiCharacter/ChaGradeIconZhuli2.png	Assets/Product/Texture/Atlas/UiCharacter/ChaGradeIconZhuli1.png	精锐Ⅲ
203	1051003	7	1	35000	105307	[110005]	Assets/Product/Texture/Image/IconRoleQulity/CharacterIconWangpai.png	Assets/Product/Texture/Image/IconRoleQulity/CharacterIconWangpai1.png	Assets/Product/Texture/Atlas/UiCharacter/ChaGradeIconWangpai2.png	Assets/Product/Texture/Atlas/UiCharacter/ChaGradeIconWangpai1.png	特种Ⅰ
204	1051003	8	1	42500	105308	[110006]	Assets/Product/Texture/Image/IconRoleQulity/CharacterIconWangpai.png	Assets/Product/Texture/Image/IconRoleQulity/CharacterIconWangpai1.png	Assets/Product/Texture/Atlas/UiCharacter/ChaGradeIconWangpai2.png	Assets/Product/Texture/Atlas/UiCharacter/ChaGradeIconWangpai1.png	特种Ⅱ
205	1051003	9	1	50000	105309	[110007]	Assets/Product/Texture/Image/IconRoleQulity/CharacterIconWangpai.png	Assets/Product/Texture/Image/IconRoleQulity/CharacterIconWangpai1.png	Assets/Product/Texture/Atlas/UiCharacter/ChaGradeIconWangpai2.png	Assets/Product/Texture/Atlas/UiCharacter/ChaGradeIconWangpai1.png	特种Ⅲ
206	1051003	10	1	60000	105310	[110008]	Assets/Product/Texture/Image/IconRoleQulity/CharacterIconTianxuan.png	Assets/Product/Texture/Image/IconRoleQulity/CharacterIconTianxuan1.png	Assets/Product/Texture/Atlas/UiCharacter/ChaGradeIconTianxuan2.png	Assets/Product/Texture/Atlas/UiCharacter/ChaGradeIconTianxuan1.png	王牌Ⅰ
207	1051003	11	1	70000	105311	[110009]	Assets/Product/Texture/Image/IconRoleQulity/CharacterIconTianxuan.png	Assets/Product/Texture/Image/IconRoleQulity/CharacterIconTianxuan1.png	Assets/Product/Texture/Atlas/UiCharacter/ChaGradeIconTianxuan2.png	Assets/Product/Texture/Atlas/UiCharacter/ChaGradeIconTianxuan1.png	王牌Ⅱ
208	1051003	12	1	80000	105312	[110010]	Assets/Product/Texture/Image/IconRoleQulity/CharacterIconTianxuan.png	Assets/Product/Texture/Image/IconRoleQulity/CharacterIconTianxuan1.png	Assets/Product/Texture/Atlas/UiCharacter/ChaGradeIconTianxuan2.png	Assets/Product/Texture/Atlas/UiCharacter/ChaGradeIconTianxuan1.png	王牌Ⅲ
209	1051003	13	1	100000	105313	[110011]	Assets/Product/Texture/Image/IconRoleQulity/CharacterIconTianxuan.png	Assets/Product/Texture/Image/IconRoleQulity/CharacterIconTianxuan1.png	Assets/Product/Texture/Atlas/UiCharacter/ChaGradeIconTianxuan2.png	Assets/Product/Texture/Atlas/UiCharacter/ChaGradeIconTianxuan1.png	王牌Ⅳ
210	1051003	14			105314	[110011]	Assets/Product/Texture/Image/IconRoleQulity/CharacterIconYingxiong.png	Assets/Product/Texture/Image/IconRoleQulity/CharacterIconYingxiong1.png	Assets/Product/Texture/Atlas/UiCharacter/ChaGradeIconYingxiong.png	Assets/Product/Texture/Atlas/UiCharacter/ChaGradeIconYingxiong.png	英雄
211	1021003	1	1	5000	102301	[109000]	Assets/Product/Texture/Image/IconRoleQulity/CharacterIconXinbing.png	Assets/Product/Texture/Image/IconRoleQulity/CharacterIconXinbing1.png	Assets/Product/Texture/Atlas/UiCharacter/ChaGradeIconXinbing1.png	Assets/Product/Texture/Atlas/UiCharacter/ChaGradeIconXinbing0.png	列兵Ⅰ
212	1021003	2	1	10000	102302	[110000]	Assets/Product/Texture/Image/IconRoleQulity/CharacterIconJingrui.png	Assets/Product/Texture/Image/IconRoleQulity/CharacterIconJingrui1.png	Assets/Product/Texture/Atlas/UiCharacter/ChaGradeIconJingrui2.png	Assets/Product/Texture/Atlas/UiCharacter/ChaGradeIconJingrui1.png	军士Ⅰ
213	1021003	3	1	15000	102303	[110001]	Assets/Product/Texture/Image/IconRoleQulity/CharacterIconJingrui.png	Assets/Product/Texture/Image/IconRoleQulity/CharacterIconJingrui1.png	Assets/Product/Texture/Atlas/UiCharacter/ChaGradeIconJingrui2.png	Assets/Product/Texture/Atlas/UiCharacter/ChaGradeIconJingrui1.png	军士Ⅱ
214	1021003	4	1	20000	102304	[110002]	Assets/Product/Texture/Image/IconRoleQulity/CharacterIconZhuli.png	Assets/Product/Texture/Image/IconRoleQulity/CharacterIconZhuli1.png	Assets/Product/Texture/Atlas/UiCharacter/ChaGradeIconZhuli2.png	Assets/Product/Texture/Atlas/UiCharacter/ChaGradeIconZhuli1.png	精锐Ⅰ
215	1021003	5	1	25000	102305	[110003]	Assets/Product/Texture/Image/IconRoleQulity/CharacterIconZhuli.png	Assets/Product/Texture/Image/IconRoleQulity/CharacterIconZhuli1.png	Assets/Product/Texture/Atlas/UiCharacter/ChaGradeIconZhuli2.png	Assets/Product/Texture/Atlas/UiCharacter/ChaGradeIconZhuli1.png	精锐Ⅱ
216	1021003	6	1	30000	102306	[110004]	Assets/Product/Texture/Image/IconRoleQulity/CharacterIconZhuli.png	Assets/Product/Texture/Image/IconRoleQulity/CharacterIconZhuli1.png	Assets/Product/Texture/Atlas/UiCharacter/ChaGradeIconZhuli2.png	Assets/Product/Texture/Atlas/UiCharacter/ChaGradeIconZhuli1.png	精锐Ⅲ
217	1021003	7	1	35000	102307	[110005]	Assets/Product/Texture/Image/IconRoleQulity/CharacterIconWangpai.png	Assets/Product/Texture/Image/IconRoleQulity/CharacterIconWangpai1.png	Assets/Product/Texture/Atlas/UiCharacter/ChaGradeIconWangpai2.png	Assets/Product/Texture/Atlas/UiCharacter/ChaGradeIconWangpai1.png	特种Ⅰ
218	1021003	8	1	42500	102308	[110006]	Assets/Product/Texture/Image/IconRoleQulity/CharacterIconWangpai.png	Assets/Product/Texture/Image/IconRoleQulity/CharacterIconWangpai1.png	Assets/Product/Texture/Atlas/UiCharacter/ChaGradeIconWangpai2.png	Assets/Product/Texture/Atlas/UiCharacter/ChaGradeIconWangpai1.png	特种Ⅱ
219	1021003	9	1	50000	102309	[110007]	Assets/Product/Texture/Image/IconRoleQulity/CharacterIconWangpai.png	Assets/Product/Texture/Image/IconRoleQulity/CharacterIconWangpai1.png	Assets/Product/Texture/Atlas/UiCharacter/ChaGradeIconWangpai2.png	Assets/Product/Texture/Atlas/UiCharacter/ChaGradeIconWangpai1.png	特种Ⅲ
220	1021003	10	1	60000	102310	[110008]	Assets/Product/Texture/Image/IconRoleQulity/CharacterIconTianxuan.png	Assets/Product/Texture/Image/IconRoleQulity/CharacterIconTianxuan1.png	Assets/Product/Texture/Atlas/UiCharacter/ChaGradeIconTianxuan2.png	Assets/Product/Texture/Atlas/UiCharacter/ChaGradeIconTianxuan1.png	王牌Ⅰ
221	1021003	11	1	70000	102311	[110009]	Assets/Product/Texture/Image/IconRoleQulity/CharacterIconTianxuan.png	Assets/Product/Texture/Image/IconRoleQulity/CharacterIconTianxuan1.png	Assets/Product/Texture/Atlas/UiCharacter/ChaGradeIconTianxuan2.png	Assets/Product/Texture/Atlas/UiCharacter/ChaGradeIconTianxuan1.png	王牌Ⅱ
222	1021003	12	1	80000	102312	[110010]	Assets/Product/Texture/Image/IconRoleQulity/CharacterIconTianxuan.png	Assets/Product/Texture/Image/IconRoleQulity/CharacterIconTianxuan1.png	Assets/Product/Texture/Atlas/UiCharacter/ChaGradeIconTianxuan2.png	Assets/Product/Texture/Atlas/UiCharacter/ChaGradeIconTianxuan1.png	王牌Ⅲ
223	1021003	13	1	100000	102313	[110011]	Assets/Product/Texture/Image/IconRoleQulity/CharacterIconTianxuan.png	Assets/Product/Texture/Image/IconRoleQulity/CharacterIconTianxuan1.png	Assets/Product/Texture/Atlas/UiCharacter/ChaGradeIconTianxuan2.png	Assets/Product/Texture/Atlas/UiCharacter/ChaGradeIconTianxuan1.png	王牌Ⅳ
224	1021003	14			102314	[110011]	Assets/Product/Texture/Image/IconRoleQulity/CharacterIconYingxiong.png	Assets/Product/Texture/Image/IconRoleQulity/CharacterIconYingxiong1.png	Assets/Product/Texture/Atlas/UiCharacter/ChaGradeIconYingxiong.png	Assets/Product/Texture/Atlas/UiCharacter/ChaGradeIconYingxiong.png	英雄
225	1081003	1	1	5000	108301	[109000]	Assets/Product/Texture/Image/IconRoleQulity/CharacterIconXinbing.png	Assets/Product/Texture/Image/IconRoleQulity/CharacterIconXinbing1.png	Assets/Product/Texture/Atlas/UiCharacter/ChaGradeIconXinbing1.png	Assets/Product/Texture/Atlas/UiCharacter/ChaGradeIconXinbing0.png	列兵Ⅰ
226	1081003	2	1	10000	108302	[110000]	Assets/Product/Texture/Image/IconRoleQulity/CharacterIconJingrui.png	Assets/Product/Texture/Image/IconRoleQulity/CharacterIconJingrui1.png	Assets/Product/Texture/Atlas/UiCharacter/ChaGradeIconJingrui2.png	Assets/Product/Texture/Atlas/UiCharacter/ChaGradeIconJingrui1.png	军士Ⅰ
227	1081003	3	1	15000	108303	[110001]	Assets/Product/Texture/Image/IconRoleQulity/CharacterIconJingrui.png	Assets/Product/Texture/Image/IconRoleQulity/CharacterIconJingrui1.png	Assets/Product/Texture/Atlas/UiCharacter/ChaGradeIconJingrui2.png	Assets/Product/Texture/Atlas/UiCharacter/ChaGradeIconJingrui1.png	军士Ⅱ
228	1081003	4	1	20000	108304	[110002]	Assets/Product/Texture/Image/IconRoleQulity/CharacterIconZhuli.png	Assets/Product/Texture/Image/IconRoleQulity/CharacterIconZhuli1.png	Assets/Product/Texture/Atlas/UiCharacter/ChaGradeIconZhuli2.png	Assets/Product/Texture/Atlas/UiCharacter/ChaGradeIconZhuli1.png	精锐Ⅰ
229	1081003	5	1	25000	108305	[110003]	Assets/Product/Texture/Image/IconRoleQulity/CharacterIconZhuli.png	Assets/Product/Texture/Image/IconRoleQulity/CharacterIconZhuli1.png	Assets/Product/Texture/Atlas/UiCharacter/ChaGradeIconZhuli2.png	Assets/Product/Texture/Atlas/UiCharacter/ChaGradeIconZhuli1.png	精锐Ⅱ
230	1081003	6	1	30000	108306	[110004]	Assets/Product/Texture/Image/IconRoleQulity/CharacterIconZhuli.png	Assets/Product/Texture/Image/IconRoleQulity/CharacterIconZhuli1.png	Assets/Product/Texture/Atlas/UiCharacter/ChaGradeIconZhuli2.png	Assets/Product/Texture/Atlas/UiCharacter/ChaGradeIconZhuli1.png	精锐Ⅲ
231	1081003	7	1	35000	108307	[110005]	Assets/Product/Texture/Image/IconRoleQulity/CharacterIconWangpai.png	Assets/Product/Texture/Image/IconRoleQulity/CharacterIconWangpai1.png	Assets/Product/Texture/Atlas/UiCharacter/ChaGradeIconWangpai2.png	Assets/Product/Texture/Atlas/UiCharacter/ChaGradeIconWangpai1.png	特种Ⅰ
232	1081003	8	1	42500	108308	[110006]	Assets/Product/Texture/Image/IconRoleQulity/CharacterIconWangpai.png	Assets/Product/Texture/Image/IconRoleQulity/CharacterIconWangpai1.png	Assets/Product/Texture/Atlas/UiCharacter/ChaGradeIconWangpai2.png	Assets/Product/Texture/Atlas/UiCharacter/ChaGradeIconWangpai1.png	特种Ⅱ
233	1081003	9	1	50000	108309	[110007]	Assets/Product/Texture/Image/IconRoleQulity/CharacterIconWangpai.png	Assets/Product/Texture/Image/IconRoleQulity/CharacterIconWangpai1.png	Assets/Product/Texture/Atlas/UiCharacter/ChaGradeIconWangpai2.png	Assets/Product/Texture/Atlas/UiCharacter/ChaGradeIconWangpai1.png	特种Ⅲ
234	1081003	10	1	60000	108310	[110008]	Assets/Product/Texture/Image/IconRoleQulity/CharacterIconTianxuan.png	Assets/Product/Texture/Image/IconRoleQulity/CharacterIconTianxuan1.png	Assets/Product/Texture/Atlas/UiCharacter/ChaGradeIconTianxuan2.png	Assets/Product/Texture/Atlas/UiCharacter/ChaGradeIconTianxuan1.png	王牌Ⅰ
235	1081003	11	1	70000	108311	[110009]	Assets/Product/Texture/Image/IconRoleQulity/CharacterIconTianxuan.png	Assets/Product/Texture/Image/IconRoleQulity/CharacterIconTianxuan1.png	Assets/Product/Texture/Atlas/UiCharacter/ChaGradeIconTianxuan2.png	Assets/Product/Texture/Atlas/UiCharacter/ChaGradeIconTianxuan1.png	王牌Ⅱ
236	1081003	12	1	80000	108312	[110010]	Assets/Product/Texture/Image/IconRoleQulity/CharacterIconTianxuan.png	Assets/Product/Texture/Image/IconRoleQulity/CharacterIconTianxuan1.png	Assets/Product/Texture/Atlas/UiCharacter/ChaGradeIconTianxuan2.png	Assets/Product/Texture/Atlas/UiCharacter/ChaGradeIconTianxuan1.png	王牌Ⅲ
237	1081003	13	1	100000	108313	[110011]	Assets/Product/Texture/Image/IconRoleQulity/CharacterIconTianxuan.png	Assets/Product/Texture/Image/IconRoleQulity/CharacterIconTianxuan1.png	Assets/Product/Texture/Atlas/UiCharacter/ChaGradeIconTianxuan2.png	Assets/Product/Texture/Atlas/UiCharacter/ChaGradeIconTianxuan1.png	王牌Ⅳ
238	1081003	14			108314	[110011]	Assets/Product/Texture/Image/IconRoleQulity/CharacterIconYingxiong.png	Assets/Product/Texture/Image/IconRoleQulity/CharacterIconYingxiong1.png	Assets/Product/Texture/Atlas/UiCharacter/ChaGradeIconYingxiong.png	Assets/Product/Texture/Atlas/UiCharacter/ChaGradeIconYingxiong.png	英雄
239	1091002	1	1	5000	109201	[109000]	Assets/Product/Texture/Image/IconRoleQulity/CharacterIconXinbing.png	Assets/Product/Texture/Image/IconRoleQulity/CharacterIconXinbing1.png	Assets/Product/Texture/Atlas/UiCharacter/ChaGradeIconXinbing1.png	Assets/Product/Texture/Atlas/UiCharacter/ChaGradeIconXinbing0.png	列兵Ⅰ
240	1091002	2	1	10000	109202	[110000]	Assets/Product/Texture/Image/IconRoleQulity/CharacterIconJingrui.png	Assets/Product/Texture/Image/IconRoleQulity/CharacterIconJingrui1.png	Assets/Product/Texture/Atlas/UiCharacter/ChaGradeIconJingrui2.png	Assets/Product/Texture/Atlas/UiCharacter/ChaGradeIconJingrui1.png	军士Ⅰ
241	1091002	3	1	15000	109203	[110001]	Assets/Product/Texture/Image/IconRoleQulity/CharacterIconJingrui.png	Assets/Product/Texture/Image/IconRoleQulity/CharacterIconJingrui1.png	Assets/Product/Texture/Atlas/UiCharacter/ChaGradeIconJingrui2.png	Assets/Product/Texture/Atlas/UiCharacter/ChaGradeIconJingrui1.png	军士Ⅱ
242	1091002	4	1	20000	109204	[110002]	Assets/Product/Texture/Image/IconRoleQulity/CharacterIconZhuli.png	Assets/Product/Texture/Image/IconRoleQulity/CharacterIconZhuli1.png	Assets/Product/Texture/Atlas/UiCharacter/ChaGradeIconZhuli2.png	Assets/Product/Texture/Atlas/UiCharacter/ChaGradeIconZhuli1.png	精锐Ⅰ
243	1091002	5	1	25000	109205	[110003]	Assets/Product/Texture/Image/IconRoleQulity/CharacterIconZhuli.png	Assets/Product/Texture/Image/IconRoleQulity/CharacterIconZhuli1.png	Assets/Product/Texture/Atlas/UiCharacter/ChaGradeIconZhuli2.png	Assets/Product/Texture/Atlas/UiCharacter/ChaGradeIconZhuli1.png	精锐Ⅱ
244	1091002	6	1	30000	109206	[110004]	Assets/Product/Texture/Image/IconRoleQulity/CharacterIconZhuli.png	Assets/Product/Texture/Image/IconRoleQulity/CharacterIconZhuli1.png	Assets/Product/Texture/Atlas/UiCharacter/ChaGradeIconZhuli2.png	Assets/Product/Texture/Atlas/UiCharacter/ChaGradeIconZhuli1.png	精锐Ⅲ
245	1091002	7	1	35000	109207	[110005]	Assets/Product/Texture/Image/IconRoleQulity/CharacterIconWangpai.png	Assets/Product/Texture/Image/IconRoleQulity/CharacterIconWangpai1.png	Assets/Product/Texture/Atlas/UiCharacter/ChaGradeIconWangpai2.png	Assets/Product/Texture/Atlas/UiCharacter/ChaGradeIconWangpai1.png	特种Ⅰ
246	1091002	8	1	42500	109208	[110006]	Assets/Product/Texture/Image/IconRoleQulity/CharacterIconWangpai.png	Assets/Product/Texture/Image/IconRoleQulity/CharacterIconWangpai1.png	Assets/Product/Texture/Atlas/UiCharacter/ChaGradeIconWangpai2.png	Assets/Product/Texture/Atlas/UiCharacter/ChaGradeIconWangpai1.png	特种Ⅱ
247	1091002	9	1	50000	109209	[110007]	Assets/Product/Texture/Image/IconRoleQulity/CharacterIconWangpai.png	Assets/Product/Texture/Image/IconRoleQulity/CharacterIconWangpai1.png	Assets/Product/Texture/Atlas/UiCharacter/ChaGradeIconWangpai2.png	Assets/Product/Texture/Atlas/UiCharacter/ChaGradeIconWangpai1.png	特种Ⅲ
248	1091002	10	1	60000	109210	[110008]	Assets/Product/Texture/Image/IconRoleQulity/CharacterIconTianxuan.png	Assets/Product/Texture/Image/IconRoleQulity/CharacterIconTianxuan1.png	Assets/Product/Texture/Atlas/UiCharacter/ChaGradeIconTianxuan2.png	Assets/Product/Texture/Atlas/UiCharacter/ChaGradeIconTianxuan1.png	王牌Ⅰ
249	1091002	11	1	70000	109211	[110009]	Assets/Product/Texture/Image/IconRoleQulity/CharacterIconTianxuan.png	Assets/Product/Texture/Image/IconRoleQulity/CharacterIconTianxuan1.png	Assets/Product/Texture/Atlas/UiCharacter/ChaGradeIconTianxuan2.png	Assets/Product/Texture/Atlas/UiCharacter/ChaGradeIconTianxuan1.png	王牌Ⅱ
250	1091002	12	1	80000	109212	[110010]	Assets/Product/Texture/Image/IconRoleQulity/CharacterIconTianxuan.png	Assets/Product/Texture/Image/IconRoleQulity/CharacterIconTianxuan1.png	Assets/Product/Texture/Atlas/UiCharacter/ChaGradeIconTianxuan2.png	Assets/Product/Texture/Atlas/UiCharacter/ChaGradeIconTianxuan1.png	王牌Ⅲ
251	1091002	13	1	100000	109213	[110011]	Assets/Product/Texture/Image/IconRoleQulity/CharacterIconTianxuan.png	Assets/Product/Texture/Image/IconRoleQulity/CharacterIconTianxuan1.png	Assets/Product/Texture/Atlas/UiCharacter/ChaGradeIconTianxuan2.png	Assets/Product/Texture/Atlas/UiCharacter/ChaGradeIconTianxuan1.png	王牌Ⅳ
252	1091002	14			109214	[110011]	Assets/Product/Texture/Image/IconRoleQulity/CharacterIconYingxiong.png	Assets/Product/Texture/Image/IconRoleQulity/CharacterIconYingxiong1.png	Assets/Product/Texture/Atlas/UiCharacter/ChaGradeIconYingxiong.png	Assets/Product/Texture/Atlas/UiCharacter/ChaGradeIconYingxiong.png	英雄
253	1041003	1	1	5000	104301	[109000]	Assets/Product/Texture/Image/IconRoleQulity/CharacterIconXinbing.png	Assets/Product/Texture/Image/IconRoleQulity/CharacterIconXinbing1.png	Assets/Product/Texture/Atlas/UiCharacter/ChaGradeIconXinbing1.png	Assets/Product/Texture/Atlas/UiCharacter/ChaGradeIconXinbing0.png	列兵Ⅰ
254	1041003	2	1	10000	104302	[110000]	Assets/Product/Texture/Image/IconRoleQulity/CharacterIconJingrui.png	Assets/Product/Texture/Image/IconRoleQulity/CharacterIconJingrui1.png	Assets/Product/Texture/Atlas/UiCharacter/ChaGradeIconJingrui2.png	Assets/Product/Texture/Atlas/UiCharacter/ChaGradeIconJingrui1.png	军士Ⅰ
255	1041003	3	1	15000	104303	[110001]	Assets/Product/Texture/Image/IconRoleQulity/CharacterIconJingrui.png	Assets/Product/Texture/Image/IconRoleQulity/CharacterIconJingrui1.png	Assets/Product/Texture/Atlas/UiCharacter/ChaGradeIconJingrui2.png	Assets/Product/Texture/Atlas/UiCharacter/ChaGradeIconJingrui1.png	军士Ⅱ
256	1041003	4	1	20000	104304	[110002]	Assets/Product/Texture/Image/IconRoleQulity/CharacterIconZhuli.png	Assets/Product/Texture/Image/IconRoleQulity/CharacterIconZhuli1.png	Assets/Product/Texture/Atlas/UiCharacter/ChaGradeIconZhuli2.png	Assets/Product/Texture/Atlas/UiCharacter/ChaGradeIconZhuli1.png	精锐Ⅰ
257	1041003	5	1	25000	104305	[110003]	Assets/Product/Texture/Image/IconRoleQulity/CharacterIconZhuli.png	Assets/Product/Texture/Image/IconRoleQulity/CharacterIconZhuli1.png	Assets/Product/Texture/Atlas/UiCharacter/ChaGradeIconZhuli2.png	Assets/Product/Texture/Atlas/UiCharacter/ChaGradeIconZhuli1.png	精锐Ⅱ
258	1041003	6	1	30000	104306	[110004]	Assets/Product/Texture/Image/IconRoleQulity/CharacterIconZhuli.png	Assets/Product/Texture/Image/IconRoleQulity/CharacterIconZhuli1.png	Assets/Product/Texture/Atlas/UiCharacter/ChaGradeIconZhuli2.png	Assets/Product/Texture/Atlas/UiCharacter/ChaGradeIconZhuli1.png	精锐Ⅲ
259	1041003	7	1	35000	104307	[110005]	Assets/Product/Texture/Image/IconRoleQulity/CharacterIconWangpai.png	Assets/Product/Texture/Image/IconRoleQulity/CharacterIconWangpai1.png	Assets/Product/Texture/Atlas/UiCharacter/ChaGradeIconWangpai2.png	Assets/Product/Texture/Atlas/UiCharacter/ChaGradeIconWangpai1.png	特种Ⅰ
260	1041003	8	1	42500	104308	[110006]	Assets/Product/Texture/Image/IconRoleQulity/CharacterIconWangpai.png	Assets/Product/Texture/Image/IconRoleQulity/CharacterIconWangpai1.png	Assets/Product/Texture/Atlas/UiCharacter/ChaGradeIconWangpai2.png	Assets/Product/Texture/Atlas/UiCharacter/ChaGradeIconWangpai1.png	特种Ⅱ
261	1041003	9	1	50000	104309	[110007]	Assets/Product/Texture/Image/IconRoleQulity/CharacterIconWangpai.png	Assets/Product/Texture/Image/IconRoleQulity/CharacterIconWangpai1.png	Assets/Product/Texture/Atlas/UiCharacter/ChaGradeIconWangpai2.png	Assets/Product/Texture/Atlas/UiCharacter/ChaGradeIconWangpai1.png	特种Ⅲ
262	1041003	10	1	60000	104310	[110008]	Assets/Product/Texture/Image/IconRoleQulity/CharacterIconTianxuan.png	Assets/Product/Texture/Image/IconRoleQulity/CharacterIconTianxuan1.png	Assets/Product/Texture/Atlas/UiCharacter/ChaGradeIconTianxuan2.png	Assets/Product/Texture/Atlas/UiCharacter/ChaGradeIconTianxuan1.png	王牌Ⅰ
263	1041003	11	1	70000	104311	[110009]	Assets/Product/Texture/Image/IconRoleQulity/CharacterIconTianxuan.png	Assets/Product/Texture/Image/IconRoleQulity/CharacterIconTianxuan1.png	Assets/Product/Texture/Atlas/UiCharacter/ChaGradeIconTianxuan2.png	Assets/Product/Texture/Atlas/UiCharacter/ChaGradeIconTianxuan1.png	王牌Ⅱ
264	1041003	12	1	80000	104312	[110010]	Assets/Product/Texture/Image/IconRoleQulity/CharacterIconTianxuan.png	Assets/Product/Texture/Image/IconRoleQulity/CharacterIconTianxuan1.png	Assets/Product/Texture/Atlas/UiCharacter/ChaGradeIconTianxuan2.png	Assets/Product/Texture/Atlas/UiCharacter/ChaGradeIconTianxuan1.png	王牌Ⅲ
265	1041003	13	1	100000	104313	[110011]	Assets/Product/Texture/Image/IconRoleQulity/CharacterIconTianxuan.png	Assets/Product/Texture/Image/IconRoleQulity/CharacterIconTianxuan1.png	Assets/Product/Texture/Atlas/UiCharacter/ChaGradeIconTianxuan2.png	Assets/Product/Texture/Atlas/UiCharacter/ChaGradeIconTianxuan1.png	王牌Ⅳ
266	1041003	14			104314	[110011]	Assets/Product/Texture/Image/IconRoleQulity/CharacterIconYingxiong.png	Assets/Product/Texture/Image/IconRoleQulity/CharacterIconYingxiong1.png	Assets/Product/Texture/Atlas/UiCharacter/ChaGradeIconYingxiong.png	Assets/Product/Texture/Atlas/UiCharacter/ChaGradeIconYingxiong.png	英雄
267	1111002	1	1	5000	111201	[109000]	Assets/Product/Texture/Image/IconRoleQulity/CharacterIconXinbing.png	Assets/Product/Texture/Image/IconRoleQulity/CharacterIconXinbing1.png	Assets/Product/Texture/Atlas/UiCharacter/ChaGradeIconXinbing1.png	Assets/Product/Texture/Atlas/UiCharacter/ChaGradeIconXinbing0.png	列兵Ⅰ
268	1111002	2	1	10000	111202	[110000]	Assets/Product/Texture/Image/IconRoleQulity/CharacterIconJingrui.png	Assets/Product/Texture/Image/IconRoleQulity/CharacterIconJingrui1.png	Assets/Product/Texture/Atlas/UiCharacter/ChaGradeIconJingrui2.png	Assets/Product/Texture/Atlas/UiCharacter/ChaGradeIconJingrui1.png	军士Ⅰ
269	1111002	3	1	15000	111203	[110001]	Assets/Product/Texture/Image/IconRoleQulity/CharacterIconJingrui.png	Assets/Product/Texture/Image/IconRoleQulity/CharacterIconJingrui1.png	Assets/Product/Texture/Atlas/UiCharacter/ChaGradeIconJingrui2.png	Assets/Product/Texture/Atlas/UiCharacter/ChaGradeIconJingrui1.png	军士Ⅱ
270	1111002	4	1	20000	111204	[110002]	Assets/Product/Texture/Image/IconRoleQulity/CharacterIconZhuli.png	Assets/Product/Texture/Image/IconRoleQulity/CharacterIconZhuli1.png	Assets/Product/Texture/Atlas/UiCharacter/ChaGradeIconZhuli2.png	Assets/Product/Texture/Atlas/UiCharacter/ChaGradeIconZhuli1.png	精锐Ⅰ
271	1111002	5	1	25000	111205	[110003]	Assets/Product/Texture/Image/IconRoleQulity/CharacterIconZhuli.png	Assets/Product/Texture/Image/IconRoleQulity/CharacterIconZhuli1.png	Assets/Product/Texture/Atlas/UiCharacter/ChaGradeIconZhuli2.png	Assets/Product/Texture/Atlas/UiCharacter/ChaGradeIconZhuli1.png	精锐Ⅱ
272	1111002	6	1	30000	111206	[110004]	Assets/Product/Texture/Image/IconRoleQulity/CharacterIconZhuli.png	Assets/Product/Texture/Image/IconRoleQulity/CharacterIconZhuli1.png	Assets/Product/Texture/Atlas/UiCharacter/ChaGradeIconZhuli2.png	Assets/Product/Texture/Atlas/UiCharacter/ChaGradeIconZhuli1.png	精锐Ⅲ
273	1111002	7	1	35000	111207	[110005]	Assets/Product/Texture/Image/IconRoleQulity/CharacterIconWangpai.png	Assets/Product/Texture/Image/IconRoleQulity/CharacterIconWangpai1.png	Assets/Product/Texture/Atlas/UiCharacter/ChaGradeIconWangpai2.png	Assets/Product/Texture/Atlas/UiCharacter/ChaGradeIconWangpai1.png	特种Ⅰ
274	1111002	8	1	42500	111208	[110006]	Assets/Product/Texture/Image/IconRoleQulity/CharacterIconWangpai.png	Assets/Product/Texture/Image/IconRoleQulity/CharacterIconWangpai1.png	Assets/Product/Texture/Atlas/UiCharacter/ChaGradeIconWangpai2.png	Assets/Product/Texture/Atlas/UiCharacter/ChaGradeIconWangpai1.png	特种Ⅱ
275	1111002	9	1	50000	111209	[110007]	Assets/Product/Texture/Image/IconRoleQulity/CharacterIconWangpai.png	Assets/Product/Texture/Image/IconRoleQulity/CharacterIconWangpai1.png	Assets/Product/Texture/Atlas/UiCharacter/ChaGradeIconWangpai2.png	Assets/Product/Texture/Atlas/UiCharacter/ChaGradeIconWangpai1.png	特种Ⅲ
276	1111002	10	1	60000	111210	[110008]	Assets/Product/Texture/Image/IconRoleQulity/CharacterIconTianxuan.png	Assets/Product/Texture/Image/IconRoleQulity/CharacterIconTianxuan1.png	Assets/Product/Texture/Atlas/UiCharacter/ChaGradeIconTianxuan2.png	Assets/Product/Texture/Atlas/UiCharacter/ChaGradeIconTianxuan1.png	王牌Ⅰ
277	1111002	11	1	70000	111211	[110009]	Assets/Product/Texture/Image/IconRoleQulity/CharacterIconTianxuan.png	Assets/Product/Texture/Image/IconRoleQulity/CharacterIconTianxuan1.png	Assets/Product/Texture/Atlas/UiCharacter/ChaGradeIconTianxuan2.png	Assets/Product/Texture/Atlas/UiCharacter/ChaGradeIconTianxuan1.png	王牌Ⅱ
278	1111002	12	1	80000	111212	[110010]	Assets/Product/Texture/Image/IconRoleQulity/CharacterIconTianxuan.png	Assets/Product/Texture/Image/IconRoleQulity/CharacterIconTianxuan1.png	Assets/Product/Texture/Atlas/UiCharacter/ChaGradeIconTianxuan2.png	Assets/Product/Texture/Atlas/UiCharacter/ChaGradeIconTianxuan1.png	王牌Ⅲ
279	1111002	13	1	100000	111213	[110011]	Assets/Product/Texture/Image/IconRoleQulity/CharacterIconTianxuan.png	Assets/Product/Texture/Image/IconRoleQulity/CharacterIconTianxuan1.png	Assets/Product/Texture/Atlas/UiCharacter/ChaGradeIconTianxuan2.png	Assets/Product/Texture/Atlas/UiCharacter/ChaGradeIconTianxuan1.png	王牌Ⅳ
280	1111002	14			111214	[110011]	Assets/Product/Texture/Image/IconRoleQulity/CharacterIconYingxiong.png	Assets/Product/Texture/Image/IconRoleQulity/CharacterIconYingxiong1.png	Assets/Product/Texture/Atlas/UiCharacter/ChaGradeIconYingxiong.png	Assets/Product/Texture/Atlas/UiCharacter/ChaGradeIconYingxiong.png	英雄
281	1121002	1	1	5000	112201	[109000]	Assets/Product/Texture/Image/IconRoleQulity/CharacterIconXinbing.png	Assets/Product/Texture/Image/IconRoleQulity/CharacterIconXinbing1.png	Assets/Product/Texture/Atlas/UiCharacter/ChaGradeIconXinbing1.png	Assets/Product/Texture/Atlas/UiCharacter/ChaGradeIconXinbing0.png	列兵Ⅰ
282	1121002	2	1	10000	112202	[110000]	Assets/Product/Texture/Image/IconRoleQulity/CharacterIconJingrui.png	Assets/Product/Texture/Image/IconRoleQulity/CharacterIconJingrui1.png	Assets/Product/Texture/Atlas/UiCharacter/ChaGradeIconJingrui2.png	Assets/Product/Texture/Atlas/UiCharacter/ChaGradeIconJingrui1.png	军士Ⅰ
283	1121002	3	1	15000	112203	[110001]	Assets/Product/Texture/Image/IconRoleQulity/CharacterIconJingrui.png	Assets/Product/Texture/Image/IconRoleQulity/CharacterIconJingrui1.png	Assets/Product/Texture/Atlas/UiCharacter/ChaGradeIconJingrui2.png	Assets/Product/Texture/Atlas/UiCharacter/ChaGradeIconJingrui1.png	军士Ⅱ
284	1121002	4	1	20000	112204	[110002]	Assets/Product/Texture/Image/IconRoleQulity/CharacterIconZhuli.png	Assets/Product/Texture/Image/IconRoleQulity/CharacterIconZhuli1.png	Assets/Product/Texture/Atlas/UiCharacter/ChaGradeIconZhuli2.png	Assets/Product/Texture/Atlas/UiCharacter/ChaGradeIconZhuli1.png	精锐Ⅰ
285	1121002	5	1	25000	112205	[110003]	Assets/Product/Texture/Image/IconRoleQulity/CharacterIconZhuli.png	Assets/Product/Texture/Image/IconRoleQulity/CharacterIconZhuli1.png	Assets/Product/Texture/Atlas/UiCharacter/ChaGradeIconZhuli2.png	Assets/Product/Texture/Atlas/UiCharacter/ChaGradeIconZhuli1.png	精锐Ⅱ
286	1121002	6	1	30000	112206	[110004]	Assets/Product/Texture/Image/IconRoleQulity/CharacterIconZhuli.png	Assets/Product/Texture/Image/IconRoleQulity/CharacterIconZhuli1.png	Assets/Product/Texture/Atlas/UiCharacter/ChaGradeIconZhuli2.png	Assets/Product/Texture/Atlas/UiCharacter/ChaGradeIconZhuli1.png	精锐Ⅲ
287	1121002	7	1	35000	112207	[110005]	Assets/Product/Texture/Image/IconRoleQulity/CharacterIconWangpai.png	Assets/Product/Texture/Image/IconRoleQulity/CharacterIconWangpai1.png	Assets/Product/Texture/Atlas/UiCharacter/ChaGradeIconWangpai2.png	Assets/Product/Texture/Atlas/UiCharacter/ChaGradeIconWangpai1.png	特种Ⅰ
288	1121002	8	1	42500	112208	[110006]	Assets/Product/Texture/Image/IconRoleQulity/CharacterIconWangpai.png	Assets/Product/Texture/Image/IconRoleQulity/CharacterIconWangpai1.png	Assets/Product/Texture/Atlas/UiCharacter/ChaGradeIconWangpai2.png	Assets/Product/Texture/Atlas/UiCharacter/ChaGradeIconWangpai1.png	特种Ⅱ
289	1121002	9	1	50000	112209	[110007]	Assets/Product/Texture/Image/IconRoleQulity/CharacterIconWangpai.png	Assets/Product/Texture/Image/IconRoleQulity/CharacterIconWangpai1.png	Assets/Product/Texture/Atlas/UiCharacter/ChaGradeIconWangpai2.png	Assets/Product/Texture/Atlas/UiCharacter/ChaGradeIconWangpai1.png	特种Ⅲ
290	1121002	10	1	60000	112210	[110008]	Assets/Product/Texture/Image/IconRoleQulity/CharacterIconTianxuan.png	Assets/Product/Texture/Image/IconRoleQulity/CharacterIconTianxuan1.png	Assets/Product/Texture/Atlas/UiCharacter/ChaGradeIconTianxuan2.png	Assets/Product/Texture/Atlas/UiCharacter/ChaGradeIconTianxuan1.png	王牌Ⅰ
291	1121002	11	1	70000	112211	[110009]	Assets/Product/Texture/Image/IconRoleQulity/CharacterIconTianxuan.png	Assets/Product/Texture/Image/IconRoleQulity/CharacterIconTianxuan1.png	Assets/Product/Texture/Atlas/UiCharacter/ChaGradeIconTianxuan2.png	Assets/Product/Texture/Atlas/UiCharacter/ChaGradeIconTianxuan1.png	王牌Ⅱ
292	1121002	12	1	80000	112212	[110010]	Assets/Product/Texture/Image/IconRoleQulity/CharacterIconTianxuan.png	Assets/Product/Texture/Image/IconRoleQulity/CharacterIconTianxuan1.png	Assets/Product/Texture/Atlas/UiCharacter/ChaGradeIconTianxuan2.png	Assets/Product/Texture/Atlas/UiCharacter/ChaGradeIconTianxuan1.png	王牌Ⅲ
293	1121002	13	1	100000	112213	[110011]	Assets/Product/Texture/Image/IconRoleQulity/CharacterIconTianxuan.png	Assets/Product/Texture/Image/IconRoleQulity/CharacterIconTianxuan1.png	Assets/Product/Texture/Atlas/UiCharacter/ChaGradeIconTianxuan2.png	Assets/Product/Texture/Atlas/UiCharacter/ChaGradeIconTianxuan1.png	王牌Ⅳ
294	1121002	14			112214	[110011]	Assets/Product/Texture/Image/IconRoleQulity/CharacterIconYingxiong.png	Assets/Product/Texture/Image/IconRoleQulity/CharacterIconYingxiong1.png	Assets/Product/Texture/Atlas/UiCharacter/ChaGradeIconYingxiong.png	Assets/Product/Texture/Atlas/UiCharacter/ChaGradeIconYingxiong.png	英雄
295	1021004	1	1	5000	102401	[109000]	Assets/Product/Texture/Image/IconRoleQulity/CharacterIconXinbing.png	Assets/Product/Texture/Image/IconRoleQulity/CharacterIconXinbing1.png	Assets/Product/Texture/Atlas/UiCharacter/ChaGradeIconXinbing1.png	Assets/Product/Texture/Atlas/UiCharacter/ChaGradeIconXinbing0.png	列兵Ⅰ
296	1021004	2	1	10000	102402	[110000]	Assets/Product/Texture/Image/IconRoleQulity/CharacterIconJingrui.png	Assets/Product/Texture/Image/IconRoleQulity/CharacterIconJingrui1.png	Assets/Product/Texture/Atlas/UiCharacter/ChaGradeIconJingrui2.png	Assets/Product/Texture/Atlas/UiCharacter/ChaGradeIconJingrui1.png	军士Ⅰ
297	1021004	3	1	15000	102403	[110001]	Assets/Product/Texture/Image/IconRoleQulity/CharacterIconJingrui.png	Assets/Product/Texture/Image/IconRoleQulity/CharacterIconJingrui1.png	Assets/Product/Texture/Atlas/UiCharacter/ChaGradeIconJingrui2.png	Assets/Product/Texture/Atlas/UiCharacter/ChaGradeIconJingrui1.png	军士Ⅱ
298	1021004	4	1	20000	102404	[110002]	Assets/Product/Texture/Image/IconRoleQulity/CharacterIconZhuli.png	Assets/Product/Texture/Image/IconRoleQulity/CharacterIconZhuli1.png	Assets/Product/Texture/Atlas/UiCharacter/ChaGradeIconZhuli2.png	Assets/Product/Texture/Atlas/UiCharacter/ChaGradeIconZhuli1.png	精锐Ⅰ
299	1021004	5	1	25000	102405	[110003]	Assets/Product/Texture/Image/IconRoleQulity/CharacterIconZhuli.png	Assets/Product/Texture/Image/IconRoleQulity/CharacterIconZhuli1.png	Assets/Product/Texture/Atlas/UiCharacter/ChaGradeIconZhuli2.png	Assets/Product/Texture/Atlas/UiCharacter/ChaGradeIconZhuli1.png	精锐Ⅱ
300	1021004	6	1	30000	102406	[110004]	Assets/Product/Texture/Image/IconRoleQulity/CharacterIconZhuli.png	Assets/Product/Texture/Image/IconRoleQulity/CharacterIconZhuli1.png	Assets/Product/Texture/Atlas/UiCharacter/ChaGradeIconZhuli2.png	Assets/Product/Texture/Atlas/UiCharacter/ChaGradeIconZhuli1.png	精锐Ⅲ
301	1021004	7	1	35000	102407	[110005]	Assets/Product/Texture/Image/IconRoleQulity/CharacterIconWangpai.png	Assets/Product/Texture/Image/IconRoleQulity/CharacterIconWangpai1.png	Assets/Product/Texture/Atlas/UiCharacter/ChaGradeIconWangpai2.png	Assets/Product/Texture/Atlas/UiCharacter/ChaGradeIconWangpai1.png	特种Ⅰ
302	1021004	8	1	42500	102408	[110006]	Assets/Product/Texture/Image/IconRoleQulity/CharacterIconWangpai.png	Assets/Product/Texture/Image/IconRoleQulity/CharacterIconWangpai1.png	Assets/Product/Texture/Atlas/UiCharacter/ChaGradeIconWangpai2.png	Assets/Product/Texture/Atlas/UiCharacter/ChaGradeIconWangpai1.png	特种Ⅱ
303	1021004	9	1	50000	102409	[110007]	Assets/Product/Texture/Image/IconRoleQulity/CharacterIconWangpai.png	Assets/Product/Texture/Image/IconRoleQulity/CharacterIconWangpai1.png	Assets/Product/Texture/Atlas/UiCharacter/ChaGradeIconWangpai2.png	Assets/Product/Texture/Atlas/UiCharacter/ChaGradeIconWangpai1.png	特种Ⅲ
304	1021004	10	1	60000	102410	[110008]	Assets/Product/Texture/Image/IconRoleQulity/CharacterIconTianxuan.png	Assets/Product/Texture/Image/IconRoleQulity/CharacterIconTianxuan1.png	Assets/Product/Texture/Atlas/UiCharacter/ChaGradeIconTianxuan2.png	Assets/Product/Texture/Atlas/UiCharacter/ChaGradeIconTianxuan1.png	王牌Ⅰ
305	1021004	11	1	70000	102411	[110009]	Assets/Product/Texture/Image/IconRoleQulity/CharacterIconTianxuan.png	Assets/Product/Texture/Image/IconRoleQulity/CharacterIconTianxuan1.png	Assets/Product/Texture/Atlas/UiCharacter/ChaGradeIconTianxuan2.png	Assets/Product/Texture/Atlas/UiCharacter/ChaGradeIconTianxuan1.png	王牌Ⅱ
306	1021004	12	1	80000	102412	[110010]	Assets/Product/Texture/Image/IconRoleQulity/CharacterIconTianxuan.png	Assets/Product/Texture/Image/IconRoleQulity/CharacterIconTianxuan1.png	Assets/Product/Texture/Atlas/UiCharacter/ChaGradeIconTianxuan2.png	Assets/Product/Texture/Atlas/UiCharacter/ChaGradeIconTianxuan1.png	王牌Ⅲ
307	1021004	13	1	100000	102413	[110011]	Assets/Product/Texture/Image/IconRoleQulity/CharacterIconTianxuan.png	Assets/Product/Texture/Image/IconRoleQulity/CharacterIconTianxuan1.png	Assets/Product/Texture/Atlas/UiCharacter/ChaGradeIconTianxuan2.png	Assets/Product/Texture/Atlas/UiCharacter/ChaGradeIconTianxuan1.png	王牌Ⅳ
308	1021004	14			102414	[110011]	Assets/Product/Texture/Image/IconRoleQulity/CharacterIconYingxiong.png	Assets/Product/Texture/Image/IconRoleQulity/CharacterIconYingxiong1.png	Assets/Product/Texture/Atlas/UiCharacter/ChaGradeIconYingxiong.png	Assets/Product/Texture/Atlas/UiCharacter/ChaGradeIconYingxiong.png	英雄
309	1131002	1	1	5000	113201	[109000]	Assets/Product/Texture/Image/IconRoleQulity/CharacterIconXinbing.png	Assets/Product/Texture/Image/IconRoleQulity/CharacterIconXinbing1.png	Assets/Product/Texture/Atlas/UiCharacter/ChaGradeIconXinbing1.png	Assets/Product/Texture/Atlas/UiCharacter/ChaGradeIconXinbing0.png	列兵Ⅰ
310	1131002	2	1	10000	113202	[110000]	Assets/Product/Texture/Image/IconRoleQulity/CharacterIconJingrui.png	Assets/Product/Texture/Image/IconRoleQulity/CharacterIconJingrui1.png	Assets/Product/Texture/Atlas/UiCharacter/ChaGradeIconJingrui2.png	Assets/Product/Texture/Atlas/UiCharacter/ChaGradeIconJingrui1.png	军士Ⅰ
311	1131002	3	1	15000	113203	[110001]	Assets/Product/Texture/Image/IconRoleQulity/CharacterIconJingrui.png	Assets/Product/Texture/Image/IconRoleQulity/CharacterIconJingrui1.png	Assets/Product/Texture/Atlas/UiCharacter/ChaGradeIconJingrui2.png	Assets/Product/Texture/Atlas/UiCharacter/ChaGradeIconJingrui1.png	军士Ⅱ
312	1131002	4	1	20000	113204	[110002]	Assets/Product/Texture/Image/IconRoleQulity/CharacterIconZhuli.png	Assets/Product/Texture/Image/IconRoleQulity/CharacterIconZhuli1.png	Assets/Product/Texture/Atlas/UiCharacter/ChaGradeIconZhuli2.png	Assets/Product/Texture/Atlas/UiCharacter/ChaGradeIconZhuli1.png	精锐Ⅰ
313	1131002	5	1	25000	113205	[110003]	Assets/Product/Texture/Image/IconRoleQulity/CharacterIconZhuli.png	Assets/Product/Texture/Image/IconRoleQulity/CharacterIconZhuli1.png	Assets/Product/Texture/Atlas/UiCharacter/ChaGradeIconZhuli2.png	Assets/Product/Texture/Atlas/UiCharacter/ChaGradeIconZhuli1.png	精锐Ⅱ
314	1131002	6	1	30000	113206	[110004]	Assets/Product/Texture/Image/IconRoleQulity/CharacterIconZhuli.png	Assets/Product/Texture/Image/IconRoleQulity/CharacterIconZhuli1.png	Assets/Product/Texture/Atlas/UiCharacter/ChaGradeIconZhuli2.png	Assets/Product/Texture/Atlas/UiCharacter/ChaGradeIconZhuli1.png	精锐Ⅲ
315	1131002	7	1	35000	113207	[110005]	Assets/Product/Texture/Image/IconRoleQulity/CharacterIconWangpai.png	Assets/Product/Texture/Image/IconRoleQulity/CharacterIconWangpai1.png	Assets/Product/Texture/Atlas/UiCharacter/ChaGradeIconWangpai2.png	Assets/Product/Texture/Atlas/UiCharacter/ChaGradeIconWangpai1.png	特种Ⅰ
316	1131002	8	1	42500	113208	[110006]	Assets/Product/Texture/Image/IconRoleQulity/CharacterIconWangpai.png	Assets/Product/Texture/Image/IconRoleQulity/CharacterIconWangpai1.png	Assets/Product/Texture/Atlas/UiCharacter/ChaGradeIconWangpai2.png	Assets/Product/Texture/Atlas/UiCharacter/ChaGradeIconWangpai1.png	特种Ⅱ
317	1131002	9	1	50000	113209	[110007]	Assets/Product/Texture/Image/IconRoleQulity/CharacterIconWangpai.png	Assets/Product/Texture/Image/IconRoleQulity/CharacterIconWangpai1.png	Assets/Product/Texture/Atlas/UiCharacter/ChaGradeIconWangpai2.png	Assets/Product/Texture/Atlas/UiCharacter/ChaGradeIconWangpai1.png	特种Ⅲ
318	1131002	10	1	60000	113210	[110008]	Assets/Product/Texture/Image/IconRoleQulity/CharacterIconTianxuan.png	Assets/Product/Texture/Image/IconRoleQulity/CharacterIconTianxuan1.png	Assets/Product/Texture/Atlas/UiCharacter/ChaGradeIconTianxuan2.png	Assets/Product/Texture/Atlas/UiCharacter/ChaGradeIconTianxuan1.png	王牌Ⅰ
319	1131002	11	1	70000	113211	[110009]	Assets/Product/Texture/Image/IconRoleQulity/CharacterIconTianxuan.png	Assets/Product/Texture/Image/IconRoleQulity/CharacterIconTianxuan1.png	Assets/Product/Texture/Atlas/UiCharacter/ChaGradeIconTianxuan2.png	Assets/Product/Texture/Atlas/UiCharacter/ChaGradeIconTianxuan1.png	王牌Ⅱ
320	1131002	12	1	80000	113212	[110010]	Assets/Product/Texture/Image/IconRoleQulity/CharacterIconTianxuan.png	Assets/Product/Texture/Image/IconRoleQulity/CharacterIconTianxuan1.png	Assets/Product/Texture/Atlas/UiCharacter/ChaGradeIconTianxuan2.png	Assets/Product/Texture/Atlas/UiCharacter/ChaGradeIconTianxuan1.png	王牌Ⅲ
321	1131002	13	1	100000	113213	[110011]	Assets/Product/Texture/Image/IconRoleQulity/CharacterIconTianxuan.png	Assets/Product/Texture/Image/IconRoleQulity/CharacterIconTianxuan1.png	Assets/Product/Texture/Atlas/UiCharacter/ChaGradeIconTianxuan2.png	Assets/Product/Texture/Atlas/UiCharacter/ChaGradeIconTianxuan1.png	王牌Ⅳ
322	1131002	14			113214	[110011]	Assets/Product/Texture/Image/IconRoleQulity/CharacterIconYingxiong.png	Assets/Product/Texture/Image/IconRoleQulity/CharacterIconYingxiong1.png	Assets/Product/Texture/Atlas/UiCharacter/ChaGradeIconYingxiong.png	Assets/Product/Texture/Atlas/UiCharacter/ChaGradeIconYingxiong.png	英雄
323	1511003	1	1	5000	151301	[109000]	Assets/Product/Texture/Image/IconRoleQulity/CharacterIconXinbing.png	Assets/Product/Texture/Image/IconRoleQulity/CharacterIconXinbing1.png	Assets/Product/Texture/Atlas/UiCharacter/ChaGradeIconXinbing1.png	Assets/Product/Texture/Atlas/UiCharacter/ChaGradeIconXinbing0.png	列兵Ⅰ
324	1511003	2	1	10000	151302	[110000]	Assets/Product/Texture/Image/IconRoleQulity/CharacterIconJingrui.png	Assets/Product/Texture/Image/IconRoleQulity/CharacterIconJingrui1.png	Assets/Product/Texture/Atlas/UiCharacter/ChaGradeIconJingrui2.png	Assets/Product/Texture/Atlas/UiCharacter/ChaGradeIconJingrui1.png	军士Ⅰ
325	1511003	3	1	15000	151303	[110001]	Assets/Product/Texture/Image/IconRoleQulity/CharacterIconJingrui.png	Assets/Product/Texture/Image/IconRoleQulity/CharacterIconJingrui1.png	Assets/Product/Texture/Atlas/UiCharacter/ChaGradeIconJingrui2.png	Assets/Product/Texture/Atlas/UiCharacter/ChaGradeIconJingrui1.png	军士Ⅱ
326	1511003	4	1	20000	151304	[110002]	Assets/Product/Texture/Image/IconRoleQulity/CharacterIconZhuli.png	Assets/Product/Texture/Image/IconRoleQulity/CharacterIconZhuli1.png	Assets/Product/Texture/Atlas/UiCharacter/ChaGradeIconZhuli2.png	Assets/Product/Texture/Atlas/UiCharacter/ChaGradeIconZhuli1.png	精锐Ⅰ
327	1511003	5	1	25000	151305	[110003]	Assets/Product/Texture/Image/IconRoleQulity/CharacterIconZhuli.png	Assets/Product/Texture/Image/IconRoleQulity/CharacterIconZhuli1.png	Assets/Product/Texture/Atlas/UiCharacter/ChaGradeIconZhuli2.png	Assets/Product/Texture/Atlas/UiCharacter/ChaGradeIconZhuli1.png	精锐Ⅱ
328	1511003	6	1	30000	151306	[110004]	Assets/Product/Texture/Image/IconRoleQulity/CharacterIconZhuli.png	Assets/Product/Texture/Image/IconRoleQulity/CharacterIconZhuli1.png	Assets/Product/Texture/Atlas/UiCharacter/ChaGradeIconZhuli2.png	Assets/Product/Texture/Atlas/UiCharacter/ChaGradeIconZhuli1.png	精锐Ⅲ
329	1511003	7	1	35000	151307	[110005]	Assets/Product/Texture/Image/IconRoleQulity/CharacterIconWangpai.png	Assets/Product/Texture/Image/IconRoleQulity/CharacterIconWangpai1.png	Assets/Product/Texture/Atlas/UiCharacter/ChaGradeIconWangpai2.png	Assets/Product/Texture/Atlas/UiCharacter/ChaGradeIconWangpai1.png	特种Ⅰ
330	1511003	8	1	42500	151308	[110006]	Assets/Product/Texture/Image/IconRoleQulity/CharacterIconWangpai.png	Assets/Product/Texture/Image/IconRoleQulity/CharacterIconWangpai1.png	Assets/Product/Texture/Atlas/UiCharacter/ChaGradeIconWangpai2.png	Assets/Product/Texture/Atlas/UiCharacter/ChaGradeIconWangpai1.png	特种Ⅱ
331	1511003	9	1	50000	151309	[110007]	Assets/Product/Texture/Image/IconRoleQulity/CharacterIconWangpai.png	Assets/Product/Texture/Image/IconRoleQulity/CharacterIconWangpai1.png	Assets/Product/Texture/Atlas/UiCharacter/ChaGradeIconWangpai2.png	Assets/Product/Texture/Atlas/UiCharacter/ChaGradeIconWangpai1.png	特种Ⅲ
332	1511003	10	1	60000	151310	[110008]	Assets/Product/Texture/Image/IconRoleQulity/CharacterIconTianxuan.png	Assets/Product/Texture/Image/IconRoleQulity/CharacterIconTianxuan1.png	Assets/Product/Texture/Atlas/UiCharacter/ChaGradeIconTianxuan2.png	Assets/Product/Texture/Atlas/UiCharacter/ChaGradeIconTianxuan1.png	王牌Ⅰ
333	1511003	11	1	70000	151311	[110009]	Assets/Product/Texture/Image/IconRoleQulity/CharacterIconTianxuan.png	Assets/Product/Texture/Image/IconRoleQulity/CharacterIconTianxuan1.png	Assets/Product/Texture/Atlas/UiCharacter/ChaGradeIconTianxuan2.png	Assets/Product/Texture/Atlas/UiCharacter/ChaGradeIconTianxuan1.png	王牌Ⅱ
334	1511003	12	1	80000	151312	[110010]	Assets/Product/Texture/Image/IconRoleQulity/CharacterIconTianxuan.png	Assets/Product/Texture/Image/IconRoleQulity/CharacterIconTianxuan1.png	Assets/Product/Texture/Atlas/UiCharacter/ChaGradeIconTianxuan2.png	Assets/Product/Texture/Atlas/UiCharacter/ChaGradeIconTianxuan1.png	王牌Ⅲ
335	1511003	13	1	100000	151313	[110011]	Assets/Product/Texture/Image/IconRoleQulity/CharacterIconTianxuan.png	Assets/Product/Texture/Image/IconRoleQulity/CharacterIconTianxuan1.png	Assets/Product/Texture/Atlas/UiCharacter/ChaGradeIconTianxuan2.png	Assets/Product/Texture/Atlas/UiCharacter/ChaGradeIconTianxuan1.png	王牌Ⅳ
336	1511003	14			151314	[110011]	Assets/Product/Texture/Image/IconRoleQulity/CharacterIconYingxiong.png	Assets/Product/Texture/Image/IconRoleQulity/CharacterIconYingxiong1.png	Assets/Product/Texture/Atlas/UiCharacter/ChaGradeIconYingxiong.png	Assets/Product/Texture/Atlas/UiCharacter/ChaGradeIconYingxiong.png	英雄
337	1141003	1	1	5000	114301	[109000]	Assets/Product/Texture/Image/IconRoleQulity/CharacterIconXinbing.png	Assets/Product/Texture/Image/IconRoleQulity/CharacterIconXinbing1.png	Assets/Product/Texture/Atlas/UiCharacter/ChaGradeIconXinbing1.png	Assets/Product/Texture/Atlas/UiCharacter/ChaGradeIconXinbing0.png	列兵Ⅰ
338	1141003	2	1	10000	114302	[110000]	Assets/Product/Texture/Image/IconRoleQulity/CharacterIconJingrui.png	Assets/Product/Texture/Image/IconRoleQulity/CharacterIconJingrui1.png	Assets/Product/Texture/Atlas/UiCharacter/ChaGradeIconJingrui2.png	Assets/Product/Texture/Atlas/UiCharacter/ChaGradeIconJingrui1.png	军士Ⅰ
339	1141003	3	1	15000	114303	[110001]	Assets/Product/Texture/Image/IconRoleQulity/CharacterIconJingrui.png	Assets/Product/Texture/Image/IconRoleQulity/CharacterIconJingrui1.png	Assets/Product/Texture/Atlas/UiCharacter/ChaGradeIconJingrui2.png	Assets/Product/Texture/Atlas/UiCharacter/ChaGradeIconJingrui1.png	军士Ⅱ
340	1141003	4	1	20000	114304	[110002]	Assets/Product/Texture/Image/IconRoleQulity/CharacterIconZhuli.png	Assets/Product/Texture/Image/IconRoleQulity/CharacterIconZhuli1.png	Assets/Product/Texture/Atlas/UiCharacter/ChaGradeIconZhuli2.png	Assets/Product/Texture/Atlas/UiCharacter/ChaGradeIconZhuli1.png	精锐Ⅰ
341	1141003	5	1	25000	114305	[110003]	Assets/Product/Texture/Image/IconRoleQulity/CharacterIconZhuli.png	Assets/Product/Texture/Image/IconRoleQulity/CharacterIconZhuli1.png	Assets/Product/Texture/Atlas/UiCharacter/ChaGradeIconZhuli2.png	Assets/Product/Texture/Atlas/UiCharacter/ChaGradeIconZhuli1.png	精锐Ⅱ
342	1141003	6	1	30000	114306	[110004]	Assets/Product/Texture/Image/IconRoleQulity/CharacterIconZhuli.png	Assets/Product/Texture/Image/IconRoleQulity/CharacterIconZhuli1.png	Assets/Product/Texture/Atlas/UiCharacter/ChaGradeIconZhuli2.png	Assets/Product/Texture/Atlas/UiCharacter/ChaGradeIconZhuli1.png	精锐Ⅲ
343	1141003	7	1	35000	114307	[110005]	Assets/Product/Texture/Image/IconRoleQulity/CharacterIconWangpai.png	Assets/Product/Texture/Image/IconRoleQulity/CharacterIconWangpai1.png	Assets/Product/Texture/Atlas/UiCharacter/ChaGradeIconWangpai2.png	Assets/Product/Texture/Atlas/UiCharacter/ChaGradeIconWangpai1.png	特种Ⅰ
344	1141003	8	1	42500	114308	[110006]	Assets/Product/Texture/Image/IconRoleQulity/CharacterIconWangpai.png	Assets/Product/Texture/Image/IconRoleQulity/CharacterIconWangpai1.png	Assets/Product/Texture/Atlas/UiCharacter/ChaGradeIconWangpai2.png	Assets/Product/Texture/Atlas/UiCharacter/ChaGradeIconWangpai1.png	特种Ⅱ
345	1141003	9	1	50000	114309	[110007]	Assets/Product/Texture/Image/IconRoleQulity/CharacterIconWangpai.png	Assets/Product/Texture/Image/IconRoleQulity/CharacterIconWangpai1.png	Assets/Product/Texture/Atlas/UiCharacter/ChaGradeIconWangpai2.png	Assets/Product/Texture/Atlas/UiCharacter/ChaGradeIconWangpai1.png	特种Ⅲ
346	1141003	10	1	60000	114310	[110008]	Assets/Product/Texture/Image/IconRoleQulity/CharacterIconTianxuan.png	Assets/Product/Texture/Image/IconRoleQulity/CharacterIconTianxuan1.png	Assets/Product/Texture/Atlas/UiCharacter/ChaGradeIconTianxuan2.png	Assets/Product/Texture/Atlas/UiCharacter/ChaGradeIconTianxuan1.png	王牌Ⅰ
347	1141003	11	1	70000	114311	[110009]	Assets/Product/Texture/Image/IconRoleQulity/CharacterIconTianxuan.png	Assets/Product/Texture/Image/IconRoleQulity/CharacterIconTianxuan1.png	Assets/Product/Texture/Atlas/UiCharacter/ChaGradeIconTianxuan2.png	Assets/Product/Texture/Atlas/UiCharacter/ChaGradeIconTianxuan1.png	王牌Ⅱ
348	1141003	12	1	80000	114312	[110010]	Assets/Product/Texture/Image/IconRoleQulity/CharacterIconTianxuan.png	Assets/Product/Texture/Image/IconRoleQulity/CharacterIconTianxuan1.png	Assets/Product/Texture/Atlas/UiCharacter/ChaGradeIconTianxuan2.png	Assets/Product/Texture/Atlas/UiCharacter/ChaGradeIconTianxuan1.png	王牌Ⅲ
349	1141003	13	1	100000	114313	[110011]	Assets/Product/Texture/Image/IconRoleQulity/CharacterIconTianxuan.png	Assets/Product/Texture/Image/IconRoleQulity/CharacterIconTianxuan1.png	Assets/Product/Texture/Atlas/UiCharacter/ChaGradeIconTianxuan2.png	Assets/Product/Texture/Atlas/UiCharacter/ChaGradeIconTianxuan1.png	王牌Ⅳ
350	1141003	14			114314	[110011]	Assets/Product/Texture/Image/IconRoleQulity/CharacterIconYingxiong.png	Assets/Product/Texture/Image/IconRoleQulity/CharacterIconYingxiong1.png	Assets/Product/Texture/Atlas/UiCharacter/ChaGradeIconYingxiong.png	Assets/Product/Texture/Atlas/UiCharacter/ChaGradeIconYingxiong.png	英雄
351	1521003	1	1	5000	152301	[109000]	Assets/Product/Texture/Image/IconRoleQulity/CharacterIconXinbing.png	Assets/Product/Texture/Image/IconRoleQulity/CharacterIconXinbing1.png	Assets/Product/Texture/Atlas/UiCharacter/ChaGradeIconXinbing1.png	Assets/Product/Texture/Atlas/UiCharacter/ChaGradeIconXinbing0.png	列兵Ⅰ
352	1521003	2	1	10000	152302	[110000]	Assets/Product/Texture/Image/IconRoleQulity/CharacterIconJingrui.png	Assets/Product/Texture/Image/IconRoleQulity/CharacterIconJingrui1.png	Assets/Product/Texture/Atlas/UiCharacter/ChaGradeIconJingrui2.png	Assets/Product/Texture/Atlas/UiCharacter/ChaGradeIconJingrui1.png	军士Ⅰ
353	1521003	3	1	15000	152303	[110001]	Assets/Product/Texture/Image/IconRoleQulity/CharacterIconJingrui.png	Assets/Product/Texture/Image/IconRoleQulity/CharacterIconJingrui1.png	Assets/Product/Texture/Atlas/UiCharacter/ChaGradeIconJingrui2.png	Assets/Product/Texture/Atlas/UiCharacter/ChaGradeIconJingrui1.png	军士Ⅱ
354	1521003	4	1	20000	152304	[110002]	Assets/Product/Texture/Image/IconRoleQulity/CharacterIconZhuli.png	Assets/Product/Texture/Image/IconRoleQulity/CharacterIconZhuli1.png	Assets/Product/Texture/Atlas/UiCharacter/ChaGradeIconZhuli2.png	Assets/Product/Texture/Atlas/UiCharacter/ChaGradeIconZhuli1.png	精锐Ⅰ
355	1521003	5	1	25000	152305	[110003]	Assets/Product/Texture/Image/IconRoleQulity/CharacterIconZhuli.png	Assets/Product/Texture/Image/IconRoleQulity/CharacterIconZhuli1.png	Assets/Product/Texture/Atlas/UiCharacter/ChaGradeIconZhuli2.png	Assets/Product/Texture/Atlas/UiCharacter/ChaGradeIconZhuli1.png	精锐Ⅱ
356	1521003	6	1	30000	152306	[110004]	Assets/Product/Texture/Image/IconRoleQulity/CharacterIconZhuli.png	Assets/Product/Texture/Image/IconRoleQulity/CharacterIconZhuli1.png	Assets/Product/Texture/Atlas/UiCharacter/ChaGradeIconZhuli2.png	Assets/Product/Texture/Atlas/UiCharacter/ChaGradeIconZhuli1.png	精锐Ⅲ
357	1521003	7	1	35000	152307	[110005]	Assets/Product/Texture/Image/IconRoleQulity/CharacterIconWangpai.png	Assets/Product/Texture/Image/IconRoleQulity/CharacterIconWangpai1.png	Assets/Product/Texture/Atlas/UiCharacter/ChaGradeIconWangpai2.png	Assets/Product/Texture/Atlas/UiCharacter/ChaGradeIconWangpai1.png	特种Ⅰ
358	1521003	8	1	42500	152308	[110006]	Assets/Product/Texture/Image/IconRoleQulity/CharacterIconWangpai.png	Assets/Product/Texture/Image/IconRoleQulity/CharacterIconWangpai1.png	Assets/Product/Texture/Atlas/UiCharacter/ChaGradeIconWangpai2.png	Assets/Product/Texture/Atlas/UiCharacter/ChaGradeIconWangpai1.png	特种Ⅱ
359	1521003	9	1	50000	152309	[110007]	Assets/Product/Texture/Image/IconRoleQulity/CharacterIconWangpai.png	Assets/Product/Texture/Image/IconRoleQulity/CharacterIconWangpai1.png	Assets/Product/Texture/Atlas/UiCharacter/ChaGradeIconWangpai2.png	Assets/Product/Texture/Atlas/UiCharacter/ChaGradeIconWangpai1.png	特种Ⅲ
360	1521003	10	1	60000	152310	[110008]	Assets/Product/Texture/Image/IconRoleQulity/CharacterIconTianxuan.png	Assets/Product/Texture/Image/IconRoleQulity/CharacterIconTianxuan1.png	Assets/Product/Texture/Atlas/UiCharacter/ChaGradeIconTianxuan2.png	Assets/Product/Texture/Atlas/UiCharacter/ChaGradeIconTianxuan1.png	王牌Ⅰ
361	1521003	11	1	70000	152311	[110009]	Assets/Product/Texture/Image/IconRoleQulity/CharacterIconTianxuan.png	Assets/Product/Texture/Image/IconRoleQulity/CharacterIconTianxuan1.png	Assets/Product/Texture/Atlas/UiCharacter/ChaGradeIconTianxuan2.png	Assets/Product/Texture/Atlas/UiCharacter/ChaGradeIconTianxuan1.png	王牌Ⅱ
362	1521003	12	1	80000	152312	[110010]	Assets/Product/Texture/Image/IconRoleQulity/CharacterIconTianxuan.png	Assets/Product/Texture/Image/IconRoleQulity/CharacterIconTianxuan1.png	Assets/Product/Texture/Atlas/UiCharacter/ChaGradeIconTianxuan2.png	Assets/Product/Texture/Atlas/UiCharacter/ChaGradeIconTianxuan1.png	王牌Ⅲ
363	1521003	13	1	100000	152313	[110011]	Assets/Product/Texture/Image/IconRoleQulity/CharacterIconTianxuan.png	Assets/Product/Texture/Image/IconRoleQulity/CharacterIconTianxuan1.png	Assets/Product/Texture/Atlas/UiCharacter/ChaGradeIconTianxuan2.png	Assets/Product/Texture/Atlas/UiCharacter/ChaGradeIconTianxuan1.png	王牌Ⅳ
364	1521003	14			152314	[110011]	Assets/Product/Texture/Image/IconRoleQulity/CharacterIconYingxiong.png	Assets/Product/Texture/Image/IconRoleQulity/CharacterIconYingxiong1.png	Assets/Product/Texture/Atlas/UiCharacter/ChaGradeIconYingxiong.png	Assets/Product/Texture/Atlas/UiCharacter/ChaGradeIconYingxiong.png	英雄
365	1161002	1	1	5000	116201	[109000]	Assets/Product/Texture/Image/IconRoleQulity/CharacterIconXinbing.png	Assets/Product/Texture/Image/IconRoleQulity/CharacterIconXinbing1.png	Assets/Product/Texture/Atlas/UiCharacter/ChaGradeIconXinbing1.png	Assets/Product/Texture/Atlas/UiCharacter/ChaGradeIconXinbing0.png	列兵Ⅰ
366	1161002	2	1	10000	116202	[110000]	Assets/Product/Texture/Image/IconRoleQulity/CharacterIconJingrui.png	Assets/Product/Texture/Image/IconRoleQulity/CharacterIconJingrui1.png	Assets/Product/Texture/Atlas/UiCharacter/ChaGradeIconJingrui2.png	Assets/Product/Texture/Atlas/UiCharacter/ChaGradeIconJingrui1.png	军士Ⅰ
367	1161002	3	1	15000	116203	[110001]	Assets/Product/Texture/Image/IconRoleQulity/CharacterIconJingrui.png	Assets/Product/Texture/Image/IconRoleQulity/CharacterIconJingrui1.png	Assets/Product/Texture/Atlas/UiCharacter/ChaGradeIconJingrui2.png	Assets/Product/Texture/Atlas/UiCharacter/ChaGradeIconJingrui1.png	军士Ⅱ
368	1161002	4	1	20000	116204	[110002]	Assets/Product/Texture/Image/IconRoleQulity/CharacterIconZhuli.png	Assets/Product/Texture/Image/IconRoleQulity/CharacterIconZhuli1.png	Assets/Product/Texture/Atlas/UiCharacter/ChaGradeIconZhuli2.png	Assets/Product/Texture/Atlas/UiCharacter/ChaGradeIconZhuli1.png	精锐Ⅰ
369	1161002	5	1	25000	116205	[110003]	Assets/Product/Texture/Image/IconRoleQulity/CharacterIconZhuli.png	Assets/Product/Texture/Image/IconRoleQulity/CharacterIconZhuli1.png	Assets/Product/Texture/Atlas/UiCharacter/ChaGradeIconZhuli2.png	Assets/Product/Texture/Atlas/UiCharacter/ChaGradeIconZhuli1.png	精锐Ⅱ
370	1161002	6	1	30000	116206	[110004]	Assets/Product/Texture/Image/IconRoleQulity/CharacterIconZhuli.png	Assets/Product/Texture/Image/IconRoleQulity/CharacterIconZhuli1.png	Assets/Product/Texture/Atlas/UiCharacter/ChaGradeIconZhuli2.png	Assets/Product/Texture/Atlas/UiCharacter/ChaGradeIconZhuli1.png	精锐Ⅲ
371	1161002	7	1	35000	116207	[110005]	Assets/Product/Texture/Image/IconRoleQulity/CharacterIconWangpai.png	Assets/Product/Texture/Image/IconRoleQulity/CharacterIconWangpai1.png	Assets/Product/Texture/Atlas/UiCharacter/ChaGradeIconWangpai2.png	Assets/Product/Texture/Atlas/UiCharacter/ChaGradeIconWangpai1.png	特种Ⅰ
372	1161002	8	1	42500	116208	[110006]	Assets/Product/Texture/Image/IconRoleQulity/CharacterIconWangpai.png	Assets/Product/Texture/Image/IconRoleQulity/CharacterIconWangpai1.png	Assets/Product/Texture/Atlas/UiCharacter/ChaGradeIconWangpai2.png	Assets/Product/Texture/Atlas/UiCharacter/ChaGradeIconWangpai1.png	特种Ⅱ
373	1161002	9	1	50000	116209	[110007]	Assets/Product/Texture/Image/IconRoleQulity/CharacterIconWangpai.png	Assets/Product/Texture/Image/IconRoleQulity/CharacterIconWangpai1.png	Assets/Product/Texture/Atlas/UiCharacter/ChaGradeIconWangpai2.png	Assets/Product/Texture/Atlas/UiCharacter/ChaGradeIconWangpai1.png	特种Ⅲ
374	1161002	10	1	60000	116210	[110008]	Assets/Product/Texture/Image/IconRoleQulity/CharacterIconTianxuan.png	Assets/Product/Texture/Image/IconRoleQulity/CharacterIconTianxuan1.png	Assets/Product/Texture/Atlas/UiCharacter/ChaGradeIconTianxuan2.png	Assets/Product/Texture/Atlas/UiCharacter/ChaGradeIconTianxuan1.png	王牌Ⅰ
375	1161002	11	1	70000	116211	[110009]	Assets/Product/Texture/Image/IconRoleQulity/CharacterIconTianxuan.png	Assets/Product/Texture/Image/IconRoleQulity/CharacterIconTianxuan1.png	Assets/Product/Texture/Atlas/UiCharacter/ChaGradeIconTianxuan2.png	Assets/Product/Texture/Atlas/UiCharacter/ChaGradeIconTianxuan1.png	王牌Ⅱ
376	1161002	12	1	80000	116212	[110010]	Assets/Product/Texture/Image/IconRoleQulity/CharacterIconTianxuan.png	Assets/Product/Texture/Image/IconRoleQulity/CharacterIconTianxuan1.png	Assets/Product/Texture/Atlas/UiCharacter/ChaGradeIconTianxuan2.png	Assets/Product/Texture/Atlas/UiCharacter/ChaGradeIconTianxuan1.png	王牌Ⅲ
377	1161002	13	1	100000	116213	[110011]	Assets/Product/Texture/Image/IconRoleQulity/CharacterIconTianxuan.png	Assets/Product/Texture/Image/IconRoleQulity/CharacterIconTianxuan1.png	Assets/Product/Texture/Atlas/UiCharacter/ChaGradeIconTianxuan2.png	Assets/Product/Texture/Atlas/UiCharacter/ChaGradeIconTianxuan1.png	王牌Ⅳ
378	1161002	14			116214	[110011]	Assets/Product/Texture/Image/IconRoleQulity/CharacterIconYingxiong.png	Assets/Product/Texture/Image/IconRoleQulity/CharacterIconYingxiong1.png	Assets/Product/Texture/Atlas/UiCharacter/ChaGradeIconYingxiong.png	Assets/Product/Texture/Atlas/UiCharacter/ChaGradeIconYingxiong.png	英雄
379	1171003	1	1	5000	117301	[109000]	Assets/Product/Texture/Image/IconRoleQulity/CharacterIconXinbing.png	Assets/Product/Texture/Image/IconRoleQulity/CharacterIconXinbing1.png	Assets/Product/Texture/Atlas/UiCharacter/ChaGradeIconXinbing1.png	Assets/Product/Texture/Atlas/UiCharacter/ChaGradeIconXinbing0.png	列兵Ⅰ
380	1171003	2	1	10000	117302	[110000]	Assets/Product/Texture/Image/IconRoleQulity/CharacterIconJingrui.png	Assets/Product/Texture/Image/IconRoleQulity/CharacterIconJingrui1.png	Assets/Product/Texture/Atlas/UiCharacter/ChaGradeIconJingrui2.png	Assets/Product/Texture/Atlas/UiCharacter/ChaGradeIconJingrui1.png	军士Ⅰ
381	1171003	3	1	15000	117303	[110001]	Assets/Product/Texture/Image/IconRoleQulity/CharacterIconJingrui.png	Assets/Product/Texture/Image/IconRoleQulity/CharacterIconJingrui1.png	Assets/Product/Texture/Atlas/UiCharacter/ChaGradeIconJingrui2.png	Assets/Product/Texture/Atlas/UiCharacter/ChaGradeIconJingrui1.png	军士Ⅱ
382	1171003	4	1	20000	117304	[110002]	Assets/Product/Texture/Image/IconRoleQulity/CharacterIconZhuli.png	Assets/Product/Texture/Image/IconRoleQulity/CharacterIconZhuli1.png	Assets/Product/Texture/Atlas/UiCharacter/ChaGradeIconZhuli2.png	Assets/Product/Texture/Atlas/UiCharacter/ChaGradeIconZhuli1.png	精锐Ⅰ
383	1171003	5	1	25000	117305	[110003]	Assets/Product/Texture/Image/IconRoleQulity/CharacterIconZhuli.png	Assets/Product/Texture/Image/IconRoleQulity/CharacterIconZhuli1.png	Assets/Product/Texture/Atlas/UiCharacter/ChaGradeIconZhuli2.png	Assets/Product/Texture/Atlas/UiCharacter/ChaGradeIconZhuli1.png	精锐Ⅱ
384	1171003	6	1	30000	117306	[110004]	Assets/Product/Texture/Image/IconRoleQulity/CharacterIconZhuli.png	Assets/Product/Texture/Image/IconRoleQulity/CharacterIconZhuli1.png	Assets/Product/Texture/Atlas/UiCharacter/ChaGradeIconZhuli2.png	Assets/Product/Texture/Atlas/UiCharacter/ChaGradeIconZhuli1.png	精锐Ⅲ
385	1171003	7	1	35000	117307	[110005]	Assets/Product/Texture/Image/IconRoleQulity/CharacterIconWangpai.png	Assets/Product/Texture/Image/IconRoleQulity/CharacterIconWangpai1.png	Assets/Product/Texture/Atlas/UiCharacter/ChaGradeIconWangpai2.png	Assets/Product/Texture/Atlas/UiCharacter/ChaGradeIconWangpai1.png	特种Ⅰ
386	1171003	8	1	42500	117308	[110006]	Assets/Product/Texture/Image/IconRoleQulity/CharacterIconWangpai.png	Assets/Product/Texture/Image/IconRoleQulity/CharacterIconWangpai1.png	Assets/Product/Texture/Atlas/UiCharacter/ChaGradeIconWangpai2.png	Assets/Product/Texture/Atlas/UiCharacter/ChaGradeIconWangpai1.png	特种Ⅱ
387	1171003	9	1	50000	117309	[110007]	Assets/Product/Texture/Image/IconRoleQulity/CharacterIconWangpai.png	Assets/Product/Texture/Image/IconRoleQulity/CharacterIconWangpai1.png	Assets/Product/Texture/Atlas/UiCharacter/ChaGradeIconWangpai2.png	Assets/Product/Texture/Atlas/UiCharacter/ChaGradeIconWangpai1.png	特种Ⅲ
388	1171003	10	1	60000	117310	[110008]	Assets/Product/Texture/Image/IconRoleQulity/CharacterIconTianxuan.png	Assets/Product/Texture/Image/IconRoleQulity/CharacterIconTianxuan1.png	Assets/Product/Texture/Atlas/UiCharacter/ChaGradeIconTianxuan2.png	Assets/Product/Texture/Atlas/UiCharacter/ChaGradeIconTianxuan1.png	王牌Ⅰ
389	1171003	11	1	70000	117311	[110009]	Assets/Product/Texture/Image/IconRoleQulity/CharacterIconTianxuan.png	Assets/Product/Texture/Image/IconRoleQulity/CharacterIconTianxuan1.png	Assets/Product/Texture/Atlas/UiCharacter/ChaGradeIconTianxuan2.png	Assets/Product/Texture/Atlas/UiCharacter/ChaGradeIconTianxuan1.png	王牌Ⅱ
390	1171003	12	1	80000	117312	[110010]	Assets/Product/Texture/Image/IconRoleQulity/CharacterIconTianxuan.png	Assets/Product/Texture/Image/IconRoleQulity/CharacterIconTianxuan1.png	Assets/Product/Texture/Atlas/UiCharacter/ChaGradeIconTianxuan2.png	Assets/Product/Texture/Atlas/UiCharacter/ChaGradeIconTianxuan1.png	王牌Ⅲ
391	1171003	13	1	100000	117313	[110011]	Assets/Product/Texture/Image/IconRoleQulity/CharacterIconTianxuan.png	Assets/Product/Texture/Image/IconRoleQulity/CharacterIconTianxuan1.png	Assets/Product/Texture/Atlas/UiCharacter/ChaGradeIconTianxuan2.png	Assets/Product/Texture/Atlas/UiCharacter/ChaGradeIconTianxuan1.png	王牌Ⅳ
392	1171003	14			117314	[110011]	Assets/Product/Texture/Image/IconRoleQulity/CharacterIconYingxiong.png	Assets/Product/Texture/Image/IconRoleQulity/CharacterIconYingxiong1.png	Assets/Product/Texture/Atlas/UiCharacter/ChaGradeIconYingxiong.png	Assets/Product/Texture/Atlas/UiCharacter/ChaGradeIconYingxiong.png	英雄
393	1181003	1	1	5000	118301	[109000]	Assets/Product/Texture/Image/IconRoleQulity/CharacterIconXinbing.png	Assets/Product/Texture/Image/IconRoleQulity/CharacterIconXinbing1.png	Assets/Product/Texture/Atlas/UiCharacter/ChaGradeIconXinbing1.png	Assets/Product/Texture/Atlas/UiCharacter/ChaGradeIconXinbing0.png	列兵Ⅰ
394	1181003	2	1	10000	118302	[110000]	Assets/Product/Texture/Image/IconRoleQulity/CharacterIconJingrui.png	Assets/Product/Texture/Image/IconRoleQulity/CharacterIconJingrui1.png	Assets/Product/Texture/Atlas/UiCharacter/ChaGradeIconJingrui2.png	Assets/Product/Texture/Atlas/UiCharacter/ChaGradeIconJingrui1.png	军士Ⅰ
395	1181003	3	1	15000	118303	[110001]	Assets/Product/Texture/Image/IconRoleQulity/CharacterIconJingrui.png	Assets/Product/Texture/Image/IconRoleQulity/CharacterIconJingrui1.png	Assets/Product/Texture/Atlas/UiCharacter/ChaGradeIconJingrui2.png	Assets/Product/Texture/Atlas/UiCharacter/ChaGradeIconJingrui1.png	军士Ⅱ
396	1181003	4	1	20000	118304	[110002]	Assets/Product/Texture/Image/IconRoleQulity/CharacterIconZhuli.png	Assets/Product/Texture/Image/IconRoleQulity/CharacterIconZhuli1.png	Assets/Product/Texture/Atlas/UiCharacter/ChaGradeIconZhuli2.png	Assets/Product/Texture/Atlas/UiCharacter/ChaGradeIconZhuli1.png	精锐Ⅰ
397	1181003	5	1	25000	118305	[110003]	Assets/Product/Texture/Image/IconRoleQulity/CharacterIconZhuli.png	Assets/Product/Texture/Image/IconRoleQulity/CharacterIconZhuli1.png	Assets/Product/Texture/Atlas/UiCharacter/ChaGradeIconZhuli2.png	Assets/Product/Texture/Atlas/UiCharacter/ChaGradeIconZhuli1.png	精锐Ⅱ
398	1181003	6	1	30000	118306	[110004]	Assets/Product/Texture/Image/IconRoleQulity/CharacterIconZhuli.png	Assets/Product/Texture/Image/IconRoleQulity/CharacterIconZhuli1.png	Assets/Product/Texture/Atlas/UiCharacter/ChaGradeIconZhuli2.png	Assets/Product/Texture/Atlas/UiCharacter/ChaGradeIconZhuli1.png	精锐Ⅲ
399	1181003	7	1	35000	118307	[110005]	Assets/Product/Texture/Image/IconRoleQulity/CharacterIconWangpai.png	Assets/Product/Texture/Image/IconRoleQulity/CharacterIconWangpai1.png	Assets/Product/Texture/Atlas/UiCharacter/ChaGradeIconWangpai2.png	Assets/Product/Texture/Atlas/UiCharacter/ChaGradeIconWangpai1.png	特种Ⅰ
400	1181003	8	1	42500	118308	[110006]	Assets/Product/Texture/Image/IconRoleQulity/CharacterIconWangpai.png	Assets/Product/Texture/Image/IconRoleQulity/CharacterIconWangpai1.png	Assets/Product/Texture/Atlas/UiCharacter/ChaGradeIconWangpai2.png	Assets/Product/Texture/Atlas/UiCharacter/ChaGradeIconWangpai1.png	特种Ⅱ
401	1181003	9	1	50000	118309	[110007]	Assets/Product/Texture/Image/IconRoleQulity/CharacterIconWangpai.png	Assets/Product/Texture/Image/IconRoleQulity/CharacterIconWangpai1.png	Assets/Product/Texture/Atlas/UiCharacter/ChaGradeIconWangpai2.png	Assets/Product/Texture/Atlas/UiCharacter/ChaGradeIconWangpai1.png	特种Ⅲ
402	1181003	10	1	60000	118310	[110008]	Assets/Product/Texture/Image/IconRoleQulity/CharacterIconTianxuan.png	Assets/Product/Texture/Image/IconRoleQulity/CharacterIconTianxuan1.png	Assets/Product/Texture/Atlas/UiCharacter/ChaGradeIconTianxuan2.png	Assets/Product/Texture/Atlas/UiCharacter/ChaGradeIconTianxuan1.png	王牌Ⅰ
403	1181003	11	1	70000	118311	[110009]	Assets/Product/Texture/Image/IconRoleQulity/CharacterIconTianxuan.png	Assets/Product/Texture/Image/IconRoleQulity/CharacterIconTianxuan1.png	Assets/Product/Texture/Atlas/UiCharacter/ChaGradeIconTianxuan2.png	Assets/Product/Texture/Atlas/UiCharacter/ChaGradeIconTianxuan1.png	王牌Ⅱ
404	1181003	12	1	80000	118312	[110010]	Assets/Product/Texture/Image/IconRoleQulity/CharacterIconTianxuan.png	Assets/Product/Texture/Image/IconRoleQulity/CharacterIconTianxuan1.png	Assets/Product/Texture/Atlas/UiCharacter/ChaGradeIconTianxuan2.png	Assets/Product/Texture/Atlas/UiCharacter/ChaGradeIconTianxuan1.png	王牌Ⅲ
405	1181003	13	1	100000	118313	[110011]	Assets/Product/Texture/Image/IconRoleQulity/CharacterIconTianxuan.png	Assets/Product/Texture/Image/IconRoleQulity/CharacterIconTianxuan1.png	Assets/Product/Texture/Atlas/UiCharacter/ChaGradeIconTianxuan2.png	Assets/Product/Texture/Atlas/UiCharacter/ChaGradeIconTianxuan1.png	王牌Ⅳ
406	1181003	14			118314	[110011]	Assets/Product/Texture/Image/IconRoleQulity/CharacterIconYingxiong.png	Assets/Product/Texture/Image/IconRoleQulity/CharacterIconYingxiong1.png	Assets/Product/Texture/Atlas/UiCharacter/ChaGradeIconYingxiong.png	Assets/Product/Texture/Atlas/UiCharacter/ChaGradeIconYingxiong.png	英雄
407	1191003	1	1	5000	119301	[109000]	Assets/Product/Texture/Image/IconRoleQulity/CharacterIconXinbing.png	Assets/Product/Texture/Image/IconRoleQulity/CharacterIconXinbing1.png	Assets/Product/Texture/Atlas/UiCharacter/ChaGradeIconXinbing1.png	Assets/Product/Texture/Atlas/UiCharacter/ChaGradeIconXinbing0.png	列兵Ⅰ
408	1191003	2	1	10000	119302	[110000]	Assets/Product/Texture/Image/IconRoleQulity/CharacterIconJingrui.png	Assets/Product/Texture/Image/IconRoleQulity/CharacterIconJingrui1.png	Assets/Product/Texture/Atlas/UiCharacter/ChaGradeIconJingrui2.png	Assets/Product/Texture/Atlas/UiCharacter/ChaGradeIconJingrui1.png	军士Ⅰ
409	1191003	3	1	15000	119303	[110001]	Assets/Product/Texture/Image/IconRoleQulity/CharacterIconJingrui.png	Assets/Product/Texture/Image/IconRoleQulity/CharacterIconJingrui1.png	Assets/Product/Texture/Atlas/UiCharacter/ChaGradeIconJingrui2.png	Assets/Product/Texture/Atlas/UiCharacter/ChaGradeIconJingrui1.png	军士Ⅱ
410	1191003	4	1	20000	119304	[110002]	Assets/Product/Texture/Image/IconRoleQulity/CharacterIconZhuli.png	Assets/Product/Texture/Image/IconRoleQulity/CharacterIconZhuli1.png	Assets/Product/Texture/Atlas/UiCharacter/ChaGradeIconZhuli2.png	Assets/Product/Texture/Atlas/UiCharacter/ChaGradeIconZhuli1.png	精锐Ⅰ
411	1191003	5	1	25000	119305	[110003]	Assets/Product/Texture/Image/IconRoleQulity/CharacterIconZhuli.png	Assets/Product/Texture/Image/IconRoleQulity/CharacterIconZhuli1.png	Assets/Product/Texture/Atlas/UiCharacter/ChaGradeIconZhuli2.png	Assets/Product/Texture/Atlas/UiCharacter/ChaGradeIconZhuli1.png	精锐Ⅱ
412	1191003	6	1	30000	119306	[110004]	Assets/Product/Texture/Image/IconRoleQulity/CharacterIconZhuli.png	Assets/Product/Texture/Image/IconRoleQulity/CharacterIconZhuli1.png	Assets/Product/Texture/Atlas/UiCharacter/ChaGradeIconZhuli2.png	Assets/Product/Texture/Atlas/UiCharacter/ChaGradeIconZhuli1.png	精锐Ⅲ
413	1191003	7	1	35000	119307	[110005]	Assets/Product/Texture/Image/IconRoleQulity/CharacterIconWangpai.png	Assets/Product/Texture/Image/IconRoleQulity/CharacterIconWangpai1.png	Assets/Product/Texture/Atlas/UiCharacter/ChaGradeIconWangpai2.png	Assets/Product/Texture/Atlas/UiCharacter/ChaGradeIconWangpai1.png	特种Ⅰ
414	1191003	8	1	42500	119308	[110006]	Assets/Product/Texture/Image/IconRoleQulity/CharacterIconWangpai.png	Assets/Product/Texture/Image/IconRoleQulity/CharacterIconWangpai1.png	Assets/Product/Texture/Atlas/UiCharacter/ChaGradeIconWangpai2.png	Assets/Product/Texture/Atlas/UiCharacter/ChaGradeIconWangpai1.png	特种Ⅱ
415	1191003	9	1	50000	119309	[110007]	Assets/Product/Texture/Image/IconRoleQulity/CharacterIconWangpai.png	Assets/Product/Texture/Image/IconRoleQulity/CharacterIconWangpai1.png	Assets/Product/Texture/Atlas/UiCharacter/ChaGradeIconWangpai2.png	Assets/Product/Texture/Atlas/UiCharacter/ChaGradeIconWangpai1.png	特种Ⅲ
416	1191003	10	1	60000	119310	[110008]	Assets/Product/Texture/Image/IconRoleQulity/CharacterIconTianxuan.png	Assets/Product/Texture/Image/IconRoleQulity/CharacterIconTianxuan1.png	Assets/Product/Texture/Atlas/UiCharacter/ChaGradeIconTianxuan2.png	Assets/Product/Texture/Atlas/UiCharacter/ChaGradeIconTianxuan1.png	王牌Ⅰ
417	1191003	11	1	70000	119311	[110009]	Assets/Product/Texture/Image/IconRoleQulity/CharacterIconTianxuan.png	Assets/Product/Texture/Image/IconRoleQulity/CharacterIconTianxuan1.png	Assets/Product/Texture/Atlas/UiCharacter/ChaGradeIconTianxuan2.png	Assets/Product/Texture/Atlas/UiCharacter/ChaGradeIconTianxuan1.png	王牌Ⅱ
418	1191003	12	1	80000	119312	[110010]	Assets/Product/Texture/Image/IconRoleQulity/CharacterIconTianxuan.png	Assets/Product/Texture/Image/IconRoleQulity/CharacterIconTianxuan1.png	Assets/Product/Texture/Atlas/UiCharacter/ChaGradeIconTianxuan2.png	Assets/Product/Texture/Atlas/UiCharacter/ChaGradeIconTianxuan1.png	王牌Ⅲ
419	1191003	13	1	100000	119313	[110011]	Assets/Product/Texture/Image/IconRoleQulity/CharacterIconTianxuan.png	Assets/Product/Texture/Image/IconRoleQulity/CharacterIconTianxuan1.png	Assets/Product/Texture/Atlas/UiCharacter/ChaGradeIconTianxuan2.png	Assets/Product/Texture/Atlas/UiCharacter/ChaGradeIconTianxuan1.png	王牌Ⅳ
420	1191003	14			119314	[110011]	Assets/Product/Texture/Image/IconRoleQulity/CharacterIconYingxiong.png	Assets/Product/Texture/Image/IconRoleQulity/CharacterIconYingxiong1.png	Assets/Product/Texture/Atlas/UiCharacter/ChaGradeIconYingxiong.png	Assets/Product/Texture/Atlas/UiCharacter/ChaGradeIconYingxiong.png	英雄
421	1201003	1	1	5000	120301	[109000]	Assets/Product/Texture/Image/IconRoleQulity/CharacterIconXinbing.png	Assets/Product/Texture/Image/IconRoleQulity/CharacterIconXinbing1.png	Assets/Product/Texture/Atlas/UiCharacter/ChaGradeIconXinbing1.png	Assets/Product/Texture/Atlas/UiCharacter/ChaGradeIconXinbing0.png	列兵Ⅰ
422	1201003	2	1	10000	120302	[110000]	Assets/Product/Texture/Image/IconRoleQulity/CharacterIconJingrui.png	Assets/Product/Texture/Image/IconRoleQulity/CharacterIconJingrui1.png	Assets/Product/Texture/Atlas/UiCharacter/ChaGradeIconJingrui2.png	Assets/Product/Texture/Atlas/UiCharacter/ChaGradeIconJingrui1.png	军士Ⅰ
423	1201003	3	1	15000	120303	[110001]	Assets/Product/Texture/Image/IconRoleQulity/CharacterIconJingrui.png	Assets/Product/Texture/Image/IconRoleQulity/CharacterIconJingrui1.png	Assets/Product/Texture/Atlas/UiCharacter/ChaGradeIconJingrui2.png	Assets/Product/Texture/Atlas/UiCharacter/ChaGradeIconJingrui1.png	军士Ⅱ
424	1201003	4	1	20000	120304	[110002]	Assets/Product/Texture/Image/IconRoleQulity/CharacterIconZhuli.png	Assets/Product/Texture/Image/IconRoleQulity/CharacterIconZhuli1.png	Assets/Product/Texture/Atlas/UiCharacter/ChaGradeIconZhuli2.png	Assets/Product/Texture/Atlas/UiCharacter/ChaGradeIconZhuli1.png	精锐Ⅰ
425	1201003	5	1	25000	120305	[110003]	Assets/Product/Texture/Image/IconRoleQulity/CharacterIconZhuli.png	Assets/Product/Texture/Image/IconRoleQulity/CharacterIconZhuli1.png	Assets/Product/Texture/Atlas/UiCharacter/ChaGradeIconZhuli2.png	Assets/Product/Texture/Atlas/UiCharacter/ChaGradeIconZhuli1.png	精锐Ⅱ
426	1201003	6	1	30000	120306	[110004]	Assets/Product/Texture/Image/IconRoleQulity/CharacterIconZhuli.png	Assets/Product/Texture/Image/IconRoleQulity/CharacterIconZhuli1.png	Assets/Product/Texture/Atlas/UiCharacter/ChaGradeIconZhuli2.png	Assets/Product/Texture/Atlas/UiCharacter/ChaGradeIconZhuli1.png	精锐Ⅲ
427	1201003	7	1	35000	120307	[110005]	Assets/Product/Texture/Image/IconRoleQulity/CharacterIconWangpai.png	Assets/Product/Texture/Image/IconRoleQulity/CharacterIconWangpai1.png	Assets/Product/Texture/Atlas/UiCharacter/ChaGradeIconWangpai2.png	Assets/Product/Texture/Atlas/UiCharacter/ChaGradeIconWangpai1.png	特种Ⅰ
428	1201003	8	1	42500	120308	[110006]	Assets/Product/Texture/Image/IconRoleQulity/CharacterIconWangpai.png	Assets/Product/Texture/Image/IconRoleQulity/CharacterIconWangpai1.png	Assets/Product/Texture/Atlas/UiCharacter/ChaGradeIconWangpai2.png	Assets/Product/Texture/Atlas/UiCharacter/ChaGradeIconWangpai1.png	特种Ⅱ
429	1201003	9	1	50000	120309	[110007]	Assets/Product/Texture/Image/IconRoleQulity/CharacterIconWangpai.png	Assets/Product/Texture/Image/IconRoleQulity/CharacterIconWangpai1.png	Assets/Product/Texture/Atlas/UiCharacter/ChaGradeIconWangpai2.png	Assets/Product/Texture/Atlas/UiCharacter/ChaGradeIconWangpai1.png	特种Ⅲ
430	1201003	10	1	60000	120310	[110008]	Assets/Product/Texture/Image/IconRoleQulity/CharacterIconTianxuan.png	Assets/Product/Texture/Image/IconRoleQulity/CharacterIconTianxuan1.png	Assets/Product/Texture/Atlas/UiCharacter/ChaGradeIconTianxuan2.png	Assets/Product/Texture/Atlas/UiCharacter/ChaGradeIconTianxuan1.png	王牌Ⅰ
431	1201003	11	1	70000	120311	[110009]	Assets/Product/Texture/Image/IconRoleQulity/CharacterIconTianxuan.png	Assets/Product/Texture/Image/IconRoleQulity/CharacterIconTianxuan1.png	Assets/Product/Texture/Atlas/UiCharacter/ChaGradeIconTianxuan2.png	Assets/Product/Texture/Atlas/UiCharacter/ChaGradeIconTianxuan1.png	王牌Ⅱ
432	1201003	12	1	80000	120312	[110010]	Assets/Product/Texture/Image/IconRoleQulity/CharacterIconTianxuan.png	Assets/Product/Texture/Image/IconRoleQulity/CharacterIconTianxuan1.png	Assets/Product/Texture/Atlas/UiCharacter/ChaGradeIconTianxuan2.png	Assets/Product/Texture/Atlas/UiCharacter/ChaGradeIconTianxuan1.png	王牌Ⅲ
433	1201003	13	1	100000	120313	[110011]	Assets/Product/Texture/Image/IconRoleQulity/CharacterIconTianxuan.png	Assets/Product/Texture/Image/IconRoleQulity/CharacterIconTianxuan1.png	Assets/Product/Texture/Atlas/UiCharacter/ChaGradeIconTianxuan2.png	Assets/Product/Texture/Atlas/UiCharacter/ChaGradeIconTianxuan1.png	王牌Ⅳ
434	1201003	14			120314	[110011]	Assets/Product/Texture/Image/IconRoleQulity/CharacterIconYingxiong.png	Assets/Product/Texture/Image/IconRoleQulity/CharacterIconYingxiong1.png	Assets/Product/Texture/Atlas/UiCharacter/ChaGradeIconYingxiong.png	Assets/Product/Texture/Atlas/UiCharacter/ChaGradeIconYingxiong.png	英雄
435	1211002	1	1	5000	121201	[109000]	Assets/Product/Texture/Image/IconRoleQulity/CharacterIconXinbing.png	Assets/Product/Texture/Image/IconRoleQulity/CharacterIconXinbing1.png	Assets/Product/Texture/Atlas/UiCharacter/ChaGradeIconXinbing1.png	Assets/Product/Texture/Atlas/UiCharacter/ChaGradeIconXinbing0.png	列兵Ⅰ
436	1211002	2	1	10000	121202	[110000]	Assets/Product/Texture/Image/IconRoleQulity/CharacterIconJingrui.png	Assets/Product/Texture/Image/IconRoleQulity/CharacterIconJingrui1.png	Assets/Product/Texture/Atlas/UiCharacter/ChaGradeIconJingrui2.png	Assets/Product/Texture/Atlas/UiCharacter/ChaGradeIconJingrui1.png	军士Ⅰ
437	1211002	3	1	15000	121203	[110001]	Assets/Product/Texture/Image/IconRoleQulity/CharacterIconJingrui.png	Assets/Product/Texture/Image/IconRoleQulity/CharacterIconJingrui1.png	Assets/Product/Texture/Atlas/UiCharacter/ChaGradeIconJingrui2.png	Assets/Product/Texture/Atlas/UiCharacter/ChaGradeIconJingrui1.png	军士Ⅱ
438	1211002	4	1	20000	121204	[110002]	Assets/Product/Texture/Image/IconRoleQulity/CharacterIconZhuli.png	Assets/Product/Texture/Image/IconRoleQulity/CharacterIconZhuli1.png	Assets/Product/Texture/Atlas/UiCharacter/ChaGradeIconZhuli2.png	Assets/Product/Texture/Atlas/UiCharacter/ChaGradeIconZhuli1.png	精锐Ⅰ
439	1211002	5	1	25000	121205	[110003]	Assets/Product/Texture/Image/IconRoleQulity/CharacterIconZhuli.png	Assets/Product/Texture/Image/IconRoleQulity/CharacterIconZhuli1.png	Assets/Product/Texture/Atlas/UiCharacter/ChaGradeIconZhuli2.png	Assets/Product/Texture/Atlas/UiCharacter/ChaGradeIconZhuli1.png	精锐Ⅱ
440	1211002	6	1	30000	121206	[110004]	Assets/Product/Texture/Image/IconRoleQulity/CharacterIconZhuli.png	Assets/Product/Texture/Image/IconRoleQulity/CharacterIconZhuli1.png	Assets/Product/Texture/Atlas/UiCharacter/ChaGradeIconZhuli2.png	Assets/Product/Texture/Atlas/UiCharacter/ChaGradeIconZhuli1.png	精锐Ⅲ
441	1211002	7	1	35000	121207	[110005]	Assets/Product/Texture/Image/IconRoleQulity/CharacterIconWangpai.png	Assets/Product/Texture/Image/IconRoleQulity/CharacterIconWangpai1.png	Assets/Product/Texture/Atlas/UiCharacter/ChaGradeIconWangpai2.png	Assets/Product/Texture/Atlas/UiCharacter/ChaGradeIconWangpai1.png	特种Ⅰ
442	1211002	8	1	42500	121208	[110006]	Assets/Product/Texture/Image/IconRoleQulity/CharacterIconWangpai.png	Assets/Product/Texture/Image/IconRoleQulity/CharacterIconWangpai1.png	Assets/Product/Texture/Atlas/UiCharacter/ChaGradeIconWangpai2.png	Assets/Product/Texture/Atlas/UiCharacter/ChaGradeIconWangpai1.png	特种Ⅱ
443	1211002	9	1	50000	121209	[110007]	Assets/Product/Texture/Image/IconRoleQulity/CharacterIconWangpai.png	Assets/Product/Texture/Image/IconRoleQulity/CharacterIconWangpai1.png	Assets/Product/Texture/Atlas/UiCharacter/ChaGradeIconWangpai2.png	Assets/Product/Texture/Atlas/UiCharacter/ChaGradeIconWangpai1.png	特种Ⅲ
444	1211002	10	1	60000	121210	[110008]	Assets/Product/Texture/Image/IconRoleQulity/CharacterIconTianxuan.png	Assets/Product/Texture/Image/IconRoleQulity/CharacterIconTianxuan1.png	Assets/Product/Texture/Atlas/UiCharacter/ChaGradeIconTianxuan2.png	Assets/Product/Texture/Atlas/UiCharacter/ChaGradeIconTianxuan1.png	王牌Ⅰ
445	1211002	11	1	70000	121211	[110009]	Assets/Product/Texture/Image/IconRoleQulity/CharacterIconTianxuan.png	Assets/Product/Texture/Image/IconRoleQulity/CharacterIconTianxuan1.png	Assets/Product/Texture/Atlas/UiCharacter/ChaGradeIconTianxuan2.png	Assets/Product/Texture/Atlas/UiCharacter/ChaGradeIconTianxuan1.png	王牌Ⅱ
446	1211002	12	1	80000	121212	[110010]	Assets/Product/Texture/Image/IconRoleQulity/CharacterIconTianxuan.png	Assets/Product/Texture/Image/IconRoleQulity/CharacterIconTianxuan1.png	Assets/Product/Texture/Atlas/UiCharacter/ChaGradeIconTianxuan2.png	Assets/Product/Texture/Atlas/UiCharacter/ChaGradeIconTianxuan1.png	王牌Ⅲ
447	1211002	13	1	100000	121213	[110011]	Assets/Product/Texture/Image/IconRoleQulity/CharacterIconTianxuan.png	Assets/Product/Texture/Image/IconRoleQulity/CharacterIconTianxuan1.png	Assets/Product/Texture/Atlas/UiCharacter/ChaGradeIconTianxuan2.png	Assets/Product/Texture/Atlas/UiCharacter/ChaGradeIconTianxuan1.png	王牌Ⅳ
448	1211002	14			121214	[110011]	Assets/Product/Texture/Image/IconRoleQulity/CharacterIconYingxiong.png	Assets/Product/Texture/Image/IconRoleQulity/CharacterIconYingxiong1.png	Assets/Product/Texture/Atlas/UiCharacter/ChaGradeIconYingxiong.png	Assets/Product/Texture/Atlas/UiCharacter/ChaGradeIconYingxiong.png	英雄
449	1531003	1	1	5000	153301	[109000]	Assets/Product/Texture/Image/IconRoleQulity/CharacterIconXinbing.png	Assets/Product/Texture/Image/IconRoleQulity/CharacterIconXinbing1.png	Assets/Product/Texture/Atlas/UiCharacter/ChaGradeIconXinbing1.png	Assets/Product/Texture/Atlas/UiCharacter/ChaGradeIconXinbing0.png	列兵Ⅰ
450	1531003	2	1	10000	153302	[110000]	Assets/Product/Texture/Image/IconRoleQulity/CharacterIconJingrui.png	Assets/Product/Texture/Image/IconRoleQulity/CharacterIconJingrui1.png	Assets/Product/Texture/Atlas/UiCharacter/ChaGradeIconJingrui2.png	Assets/Product/Texture/Atlas/UiCharacter/ChaGradeIconJingrui1.png	军士Ⅰ
451	1531003	3	1	15000	153303	[110001]	Assets/Product/Texture/Image/IconRoleQulity/CharacterIconJingrui.png	Assets/Product/Texture/Image/IconRoleQulity/CharacterIconJingrui1.png	Assets/Product/Texture/Atlas/UiCharacter/ChaGradeIconJingrui2.png	Assets/Product/Texture/Atlas/UiCharacter/ChaGradeIconJingrui1.png	军士Ⅱ
452	1531003	4	1	20000	153304	[110002]	Assets/Product/Texture/Image/IconRoleQulity/CharacterIconZhuli.png	Assets/Product/Texture/Image/IconRoleQulity/CharacterIconZhuli1.png	Assets/Product/Texture/Atlas/UiCharacter/ChaGradeIconZhuli2.png	Assets/Product/Texture/Atlas/UiCharacter/ChaGradeIconZhuli1.png	精锐Ⅰ
453	1531003	5	1	25000	153305	[110003]	Assets/Product/Texture/Image/IconRoleQulity/CharacterIconZhuli.png	Assets/Product/Texture/Image/IconRoleQulity/CharacterIconZhuli1.png	Assets/Product/Texture/Atlas/UiCharacter/ChaGradeIconZhuli2.png	Assets/Product/Texture/Atlas/UiCharacter/ChaGradeIconZhuli1.png	精锐Ⅱ
454	1531003	6	1	30000	153306	[110004]	Assets/Product/Texture/Image/IconRoleQulity/CharacterIconZhuli.png	Assets/Product/Texture/Image/IconRoleQulity/CharacterIconZhuli1.png	Assets/Product/Texture/Atlas/UiCharacter/ChaGradeIconZhuli2.png	Assets/Product/Texture/Atlas/UiCharacter/ChaGradeIconZhuli1.png	精锐Ⅲ
455	1531003	7	1	35000	153307	[110005]	Assets/Product/Texture/Image/IconRoleQulity/CharacterIconWangpai.png	Assets/Product/Texture/Image/IconRoleQulity/CharacterIconWangpai1.png	Assets/Product/Texture/Atlas/UiCharacter/ChaGradeIconWangpai2.png	Assets/Product/Texture/Atlas/UiCharacter/ChaGradeIconWangpai1.png	特种Ⅰ
456	1531003	8	1	42500	153308	[110006]	Assets/Product/Texture/Image/IconRoleQulity/CharacterIconWangpai.png	Assets/Product/Texture/Image/IconRoleQulity/CharacterIconWangpai1.png	Assets/Product/Texture/Atlas/UiCharacter/ChaGradeIconWangpai2.png	Assets/Product/Texture/Atlas/UiCharacter/ChaGradeIconWangpai1.png	特种Ⅱ
457	1531003	9	1	50000	153309	[110007]	Assets/Product/Texture/Image/IconRoleQulity/CharacterIconWangpai.png	Assets/Product/Texture/Image/IconRoleQulity/CharacterIconWangpai1.png	Assets/Product/Texture/Atlas/UiCharacter/ChaGradeIconWangpai2.png	Assets/Product/Texture/Atlas/UiCharacter/ChaGradeIconWangpai1.png	特种Ⅲ
458	1531003	10	1	60000	153310	[110008]	Assets/Product/Texture/Image/IconRoleQulity/CharacterIconTianxuan.png	Assets/Product/Texture/Image/IconRoleQulity/CharacterIconTianxuan1.png	Assets/Product/Texture/Atlas/UiCharacter/ChaGradeIconTianxuan2.png	Assets/Product/Texture/Atlas/UiCharacter/ChaGradeIconTianxuan1.png	王牌Ⅰ
459	1531003	11	1	70000	153311	[110009]	Assets/Product/Texture/Image/IconRoleQulity/CharacterIconTianxuan.png	Assets/Product/Texture/Image/IconRoleQulity/CharacterIconTianxuan1.png	Assets/Product/Texture/Atlas/UiCharacter/ChaGradeIconTianxuan2.png	Assets/Product/Texture/Atlas/UiCharacter/ChaGradeIconTianxuan1.png	王牌Ⅱ
460	1531003	12	1	80000	153312	[110010]	Assets/Product/Texture/Image/IconRoleQulity/CharacterIconTianxuan.png	Assets/Product/Texture/Image/IconRoleQulity/CharacterIconTianxuan1.png	Assets/Product/Texture/Atlas/UiCharacter/ChaGradeIconTianxuan2.png	Assets/Product/Texture/Atlas/UiCharacter/ChaGradeIconTianxuan1.png	王牌Ⅲ
461	1531003	13	1	100000	153313	[110011]	Assets/Product/Texture/Image/IconRoleQulity/CharacterIconTianxuan.png	Assets/Product/Texture/Image/IconRoleQulity/CharacterIconTianxuan1.png	Assets/Product/Texture/Atlas/UiCharacter/ChaGradeIconTianxuan2.png	Assets/Product/Texture/Atlas/UiCharacter/ChaGradeIconTianxuan1.png	王牌Ⅳ
462	1531003	14			153314	[110011]	Assets/Product/Texture/Image/IconRoleQulity/CharacterIconYingxiong.png	Assets/Product/Texture/Image/IconRoleQulity/CharacterIconYingxiong1.png	Assets/Product/Texture/Atlas/UiCharacter/ChaGradeIconYingxiong.png	Assets/Product/Texture/Atlas/UiCharacter/ChaGradeIconYingxiong.png	英雄
463	1121003	1	1	5000	112301	[109000]	Assets/Product/Texture/Image/IconRoleQulity/CharacterIconXinbing.png	Assets/Product/Texture/Image/IconRoleQulity/CharacterIconXinbing1.png	Assets/Product/Texture/Atlas/UiCharacter/ChaGradeIconXinbing1.png	Assets/Product/Texture/Atlas/UiCharacter/ChaGradeIconXinbing0.png	列兵Ⅰ
464	1121003	2	1	10000	112302	[110000]	Assets/Product/Texture/Image/IconRoleQulity/CharacterIconJingrui.png	Assets/Product/Texture/Image/IconRoleQulity/CharacterIconJingrui1.png	Assets/Product/Texture/Atlas/UiCharacter/ChaGradeIconJingrui2.png	Assets/Product/Texture/Atlas/UiCharacter/ChaGradeIconJingrui1.png	军士Ⅰ
465	1121003	3	1	15000	112303	[110001]	Assets/Product/Texture/Image/IconRoleQulity/CharacterIconJingrui.png	Assets/Product/Texture/Image/IconRoleQulity/CharacterIconJingrui1.png	Assets/Product/Texture/Atlas/UiCharacter/ChaGradeIconJingrui2.png	Assets/Product/Texture/Atlas/UiCharacter/ChaGradeIconJingrui1.png	军士Ⅱ
466	1121003	4	1	20000	112304	[110002]	Assets/Product/Texture/Image/IconRoleQulity/CharacterIconZhuli.png	Assets/Product/Texture/Image/IconRoleQulity/CharacterIconZhuli1.png	Assets/Product/Texture/Atlas/UiCharacter/ChaGradeIconZhuli2.png	Assets/Product/Texture/Atlas/UiCharacter/ChaGradeIconZhuli1.png	精锐Ⅰ
467	1121003	5	1	25000	112305	[110003]	Assets/Product/Texture/Image/IconRoleQulity/CharacterIconZhuli.png	Assets/Product/Texture/Image/IconRoleQulity/CharacterIconZhuli1.png	Assets/Product/Texture/Atlas/UiCharacter/ChaGradeIconZhuli2.png	Assets/Product/Texture/Atlas/UiCharacter/ChaGradeIconZhuli1.png	精锐Ⅱ
468	1121003	6	1	30000	112306	[110004]	Assets/Product/Texture/Image/IconRoleQulity/CharacterIconZhuli.png	Assets/Product/Texture/Image/IconRoleQulity/CharacterIconZhuli1.png	Assets/Product/Texture/Atlas/UiCharacter/ChaGradeIconZhuli2.png	Assets/Product/Texture/Atlas/UiCharacter/ChaGradeIconZhuli1.png	精锐Ⅲ
469	1121003	7	1	35000	112307	[110005]	Assets/Product/Texture/Image/IconRoleQulity/CharacterIconWangpai.png	Assets/Product/Texture/Image/IconRoleQulity/CharacterIconWangpai1.png	Assets/Product/Texture/Atlas/UiCharacter/ChaGradeIconWangpai2.png	Assets/Product/Texture/Atlas/UiCharacter/ChaGradeIconWangpai1.png	特种Ⅰ
470	1121003	8	1	42500	112308	[110006]	Assets/Product/Texture/Image/IconRoleQulity/CharacterIconWangpai.png	Assets/Product/Texture/Image/IconRoleQulity/CharacterIconWangpai1.png	Assets/Product/Texture/Atlas/UiCharacter/ChaGradeIconWangpai2.png	Assets/Product/Texture/Atlas/UiCharacter/ChaGradeIconWangpai1.png	特种Ⅱ
471	1121003	9	1	50000	112309	[110007]	Assets/Product/Texture/Image/IconRoleQulity/CharacterIconWangpai.png	Assets/Product/Texture/Image/IconRoleQulity/CharacterIconWangpai1.png	Assets/Product/Texture/Atlas/UiCharacter/ChaGradeIconWangpai2.png	Assets/Product/Texture/Atlas/UiCharacter/ChaGradeIconWangpai1.png	特种Ⅲ
472	1121003	10	1	60000	112310	[110008]	Assets/Product/Texture/Image/IconRoleQulity/CharacterIconTianxuan.png	Assets/Product/Texture/Image/IconRoleQulity/CharacterIconTianxuan1.png	Assets/Product/Texture/Atlas/UiCharacter/ChaGradeIconTianxuan2.png	Assets/Product/Texture/Atlas/UiCharacter/ChaGradeIconTianxuan1.png	王牌Ⅰ
473	1121003	11	1	70000	112311	[110009]	Assets/Product/Texture/Image/IconRoleQulity/CharacterIconTianxuan.png	Assets/Product/Texture/Image/IconRoleQulity/CharacterIconTianxuan1.png	Assets/Product/Texture/Atlas/UiCharacter/ChaGradeIconTianxuan2.png	Assets/Product/Texture/Atlas/UiCharacter/ChaGradeIconTianxuan1.png	王牌Ⅱ
474	1121003	12	1	80000	112312	[110010]	Assets/Product/Texture/Image/IconRoleQulity/CharacterIconTianxuan.png	Assets/Product/Texture/Image/IconRoleQulity/CharacterIconTianxuan1.png	Assets/Product/Texture/Atlas/UiCharacter/ChaGradeIconTianxuan2.png	Assets/Product/Texture/Atlas/UiCharacter/ChaGradeIconTianxuan1.png	王牌Ⅲ
475	1121003	13	1	100000	112313	[110011]	Assets/Product/Texture/Image/IconRoleQulity/CharacterIconTianxuan.png	Assets/Product/Texture/Image/IconRoleQulity/CharacterIconTianxuan1.png	Assets/Product/Texture/Atlas/UiCharacter/ChaGradeIconTianxuan2.png	Assets/Product/Texture/Atlas/UiCharacter/ChaGradeIconTianxuan1.png	王牌Ⅳ
476	1121003	14			112314	[110011]	Assets/Product/Texture/Image/IconRoleQulity/CharacterIconYingxiong.png	Assets/Product/Texture/Image/IconRoleQulity/CharacterIconYingxiong1.png	Assets/Product/Texture/Atlas/UiCharacter/ChaGradeIconYingxiong.png	Assets/Product/Texture/Atlas/UiCharacter/ChaGradeIconYingxiong.png	英雄
477	1221002	1	1	5000	122201	[109000]	Assets/Product/Texture/Image/IconRoleQulity/CharacterIconXinbing.png	Assets/Product/Texture/Image/IconRoleQulity/CharacterIconXinbing1.png	Assets/Product/Texture/Atlas/UiCharacter/ChaGradeIconXinbing1.png	Assets/Product/Texture/Atlas/UiCharacter/ChaGradeIconXinbing0.png	列兵Ⅰ
478	1221002	2	1	10000	122202	[110000]	Assets/Product/Texture/Image/IconRoleQulity/CharacterIconJingrui.png	Assets/Product/Texture/Image/IconRoleQulity/CharacterIconJingrui1.png	Assets/Product/Texture/Atlas/UiCharacter/ChaGradeIconJingrui2.png	Assets/Product/Texture/Atlas/UiCharacter/ChaGradeIconJingrui1.png	军士Ⅰ
479	1221002	3	1	15000	122203	[110001]	Assets/Product/Texture/Image/IconRoleQulity/CharacterIconJingrui.png	Assets/Product/Texture/Image/IconRoleQulity/CharacterIconJingrui1.png	Assets/Product/Texture/Atlas/UiCharacter/ChaGradeIconJingrui2.png	Assets/Product/Texture/Atlas/UiCharacter/ChaGradeIconJingrui1.png	军士Ⅱ
480	1221002	4	1	20000	122204	[110002]	Assets/Product/Texture/Image/IconRoleQulity/CharacterIconZhuli.png	Assets/Product/Texture/Image/IconRoleQulity/CharacterIconZhuli1.png	Assets/Product/Texture/Atlas/UiCharacter/ChaGradeIconZhuli2.png	Assets/Product/Texture/Atlas/UiCharacter/ChaGradeIconZhuli1.png	精锐Ⅰ
481	1221002	5	1	25000	122205	[110003]	Assets/Product/Texture/Image/IconRoleQulity/CharacterIconZhuli.png	Assets/Product/Texture/Image/IconRoleQulity/CharacterIconZhuli1.png	Assets/Product/Texture/Atlas/UiCharacter/ChaGradeIconZhuli2.png	Assets/Product/Texture/Atlas/UiCharacter/ChaGradeIconZhuli1.png	精锐Ⅱ
482	1221002	6	1	30000	122206	[110004]	Assets/Product/Texture/Image/IconRoleQulity/CharacterIconZhuli.png	Assets/Product/Texture/Image/IconRoleQulity/CharacterIconZhuli1.png	Assets/Product/Texture/Atlas/UiCharacter/ChaGradeIconZhuli2.png	Assets/Product/Texture/Atlas/UiCharacter/ChaGradeIconZhuli1.png	精锐Ⅲ
483	1221002	7	1	35000	122207	[110005]	Assets/Product/Texture/Image/IconRoleQulity/CharacterIconWangpai.png	Assets/Product/Texture/Image/IconRoleQulity/CharacterIconWangpai1.png	Assets/Product/Texture/Atlas/UiCharacter/ChaGradeIconWangpai2.png	Assets/Product/Texture/Atlas/UiCharacter/ChaGradeIconWangpai1.png	特种Ⅰ
484	1221002	8	1	42500	122208	[110006]	Assets/Product/Texture/Image/IconRoleQulity/CharacterIconWangpai.png	Assets/Product/Texture/Image/IconRoleQulity/CharacterIconWangpai1.png	Assets/Product/Texture/Atlas/UiCharacter/ChaGradeIconWangpai2.png	Assets/Product/Texture/Atlas/UiCharacter/ChaGradeIconWangpai1.png	特种Ⅱ
485	1221002	9	1	50000	122209	[110007]	Assets/Product/Texture/Image/IconRoleQulity/CharacterIconWangpai.png	Assets/Product/Texture/Image/IconRoleQulity/CharacterIconWangpai1.png	Assets/Product/Texture/Atlas/UiCharacter/ChaGradeIconWangpai2.png	Assets/Product/Texture/Atlas/UiCharacter/ChaGradeIconWangpai1.png	特种Ⅲ
486	1221002	10	1	60000	122210	[110008]	Assets/Product/Texture/Image/IconRoleQulity/CharacterIconTianxuan.png	Assets/Product/Texture/Image/IconRoleQulity/CharacterIconTianxuan1.png	Assets/Product/Texture/Atlas/UiCharacter/ChaGradeIconTianxuan2.png	Assets/Product/Texture/Atlas/UiCharacter/ChaGradeIconTianxuan1.png	王牌Ⅰ
487	1221002	11	1	70000	122211	[110009]	Assets/Product/Texture/Image/IconRoleQulity/CharacterIconTianxuan.png	Assets/Product/Texture/Image/IconRoleQulity/CharacterIconTianxuan1.png	Assets/Product/Texture/Atlas/UiCharacter/ChaGradeIconTianxuan2.png	Assets/Product/Texture/Atlas/UiCharacter/ChaGradeIconTianxuan1.png	王牌Ⅱ
488	1221002	12	1	80000	122212	[110010]	Assets/Product/Texture/Image/IconRoleQulity/CharacterIconTianxuan.png	Assets/Product/Texture/Image/IconRoleQulity/CharacterIconTianxuan1.png	Assets/Product/Texture/Atlas/UiCharacter/ChaGradeIconTianxuan2.png	Assets/Product/Texture/Atlas/UiCharacter/ChaGradeIconTianxuan1.png	王牌Ⅲ
489	1221002	13	1	100000	122213	[110011]	Assets/Product/Texture/Image/IconRoleQulity/CharacterIconTianxuan.png	Assets/Product/Texture/Image/IconRoleQulity/CharacterIconTianxuan1.png	Assets/Product/Texture/Atlas/UiCharacter/ChaGradeIconTianxuan2.png	Assets/Product/Texture/Atlas/UiCharacter/ChaGradeIconTianxuan1.png	王牌Ⅳ
490	1221002	14			122214	[110011]	Assets/Product/Texture/Image/IconRoleQulity/CharacterIconYingxiong.png	Assets/Product/Texture/Image/IconRoleQulity/CharacterIconYingxiong1.png	Assets/Product/Texture/Atlas/UiCharacter/ChaGradeIconYingxiong.png	Assets/Product/Texture/Atlas/UiCharacter/ChaGradeIconYingxiong.png	英雄
491	1131003	1	1	5000	113301	[109000]	Assets/Product/Texture/Image/IconRoleQulity/CharacterIconXinbing.png	Assets/Product/Texture/Image/IconRoleQulity/CharacterIconXinbing1.png	Assets/Product/Texture/Atlas/UiCharacter/ChaGradeIconXinbing1.png	Assets/Product/Texture/Atlas/UiCharacter/ChaGradeIconXinbing0.png	列兵Ⅰ
492	1131003	2	1	10000	113302	[110000]	Assets/Product/Texture/Image/IconRoleQulity/CharacterIconJingrui.png	Assets/Product/Texture/Image/IconRoleQulity/CharacterIconJingrui1.png	Assets/Product/Texture/Atlas/UiCharacter/ChaGradeIconJingrui2.png	Assets/Product/Texture/Atlas/UiCharacter/ChaGradeIconJingrui1.png	军士Ⅰ
493	1131003	3	1	15000	113303	[110001]	Assets/Product/Texture/Image/IconRoleQulity/CharacterIconJingrui.png	Assets/Product/Texture/Image/IconRoleQulity/CharacterIconJingrui1.png	Assets/Product/Texture/Atlas/UiCharacter/ChaGradeIconJingrui2.png	Assets/Product/Texture/Atlas/UiCharacter/ChaGradeIconJingrui1.png	军士Ⅱ
494	1131003	4	1	20000	113304	[110002]	Assets/Product/Texture/Image/IconRoleQulity/CharacterIconZhuli.png	Assets/Product/Texture/Image/IconRoleQulity/CharacterIconZhuli1.png	Assets/Product/Texture/Atlas/UiCharacter/ChaGradeIconZhuli2.png	Assets/Product/Texture/Atlas/UiCharacter/ChaGradeIconZhuli1.png	精锐Ⅰ
495	1131003	5	1	25000	113305	[110003]	Assets/Product/Texture/Image/IconRoleQulity/CharacterIconZhuli.png	Assets/Product/Texture/Image/IconRoleQulity/CharacterIconZhuli1.png	Assets/Product/Texture/Atlas/UiCharacter/ChaGradeIconZhuli2.png	Assets/Product/Texture/Atlas/UiCharacter/ChaGradeIconZhuli1.png	精锐Ⅱ
496	1131003	6	1	30000	113306	[110004]	Assets/Product/Texture/Image/IconRoleQulity/CharacterIconZhuli.png	Assets/Product/Texture/Image/IconRoleQulity/CharacterIconZhuli1.png	Assets/Product/Texture/Atlas/UiCharacter/ChaGradeIconZhuli2.png	Assets/Product/Texture/Atlas/UiCharacter/ChaGradeIconZhuli1.png	精锐Ⅲ
497	1131003	7	1	35000	113307	[110005]	Assets/Product/Texture/Image/IconRoleQulity/CharacterIconWangpai.png	Assets/Product/Texture/Image/IconRoleQulity/CharacterIconWangpai1.png	Assets/Product/Texture/Atlas/UiCharacter/ChaGradeIconWangpai2.png	Assets/Product/Texture/Atlas/UiCharacter/ChaGradeIconWangpai1.png	特种Ⅰ
498	1131003	8	1	42500	113308	[110006]	Assets/Product/Texture/Image/IconRoleQulity/CharacterIconWangpai.png	Assets/Product/Texture/Image/IconRoleQulity/CharacterIconWangpai1.png	Assets/Product/Texture/Atlas/UiCharacter/ChaGradeIconWangpai2.png	Assets/Product/Texture/Atlas/UiCharacter/ChaGradeIconWangpai1.png	特种Ⅱ
499	1131003	9	1	50000	113309	[110007]	Assets/Product/Texture/Image/IconRoleQulity/CharacterIconWangpai.png	Assets/Product/Texture/Image/IconRoleQulity/CharacterIconWangpai1.png	Assets/Product/Texture/Atlas/UiCharacter/ChaGradeIconWangpai2.png	Assets/Product/Texture/Atlas/UiCharacter/ChaGradeIconWangpai1.png	特种Ⅲ
500	1131003	10	1	60000	113310	[110008]	Assets/Product/Texture/Image/IconRoleQulity/CharacterIconTianxuan.png	Assets/Product/Texture/Image/IconRoleQulity/CharacterIconTianxuan1.png	Assets/Product/Texture/Atlas/UiCharacter/ChaGradeIconTianxuan2.png	Assets/Product/Texture/Atlas/UiCharacter/ChaGradeIconTianxuan1.png	王牌Ⅰ
501	1131003	11	1	70000	113311	[110009]	Assets/Product/Texture/Image/IconRoleQulity/CharacterIconTianxuan.png	Assets/Product/Texture/Image/IconRoleQulity/CharacterIconTianxuan1.png	Assets/Product/Texture/Atlas/UiCharacter/ChaGradeIconTianxuan2.png	Assets/Product/Texture/Atlas/UiCharacter/ChaGradeIconTianxuan1.png	王牌Ⅱ
502	1131003	12	1	80000	113312	[110010]	Assets/Product/Texture/Image/IconRoleQulity/CharacterIconTianxuan.png	Assets/Product/Texture/Image/IconRoleQulity/CharacterIconTianxuan1.png	Assets/Product/Texture/Atlas/UiCharacter/ChaGradeIconTianxuan2.png	Assets/Product/Texture/Atlas/UiCharacter/ChaGradeIconTianxuan1.png	王牌Ⅲ
503	1131003	13	1	100000	113313	[110011]	Assets/Product/Texture/Image/IconRoleQulity/CharacterIconTianxuan.png	Assets/Product/Texture/Image/IconRoleQulity/CharacterIconTianxuan1.png	Assets/Product/Texture/Atlas/UiCharacter/ChaGradeIconTianxuan2.png	Assets/Product/Texture/Atlas/UiCharacter/ChaGradeIconTianxuan1.png	王牌Ⅳ
504	1131003	14			113314	[110011]	Assets/Product/Texture/Image/IconRoleQulity/CharacterIconYingxiong.png	Assets/Product/Texture/Image/IconRoleQulity/CharacterIconYingxiong1.png	Assets/Product/Texture/Atlas/UiCharacter/ChaGradeIconYingxiong.png	Assets/Product/Texture/Atlas/UiCharacter/ChaGradeIconYingxiong.png	英雄
505	1541003	1	1	5000	154301	[109000]	Assets/Product/Texture/Image/IconRoleQulity/CharacterIconXinbing.png	Assets/Product/Texture/Image/IconRoleQulity/CharacterIconXinbing1.png	Assets/Product/Texture/Atlas/UiCharacter/ChaGradeIconXinbing1.png	Assets/Product/Texture/Atlas/UiCharacter/ChaGradeIconXinbing0.png	列兵Ⅰ
506	1541003	2	1	10000	154302	[110000]	Assets/Product/Texture/Image/IconRoleQulity/CharacterIconJingrui.png	Assets/Product/Texture/Image/IconRoleQulity/CharacterIconJingrui1.png	Assets/Product/Texture/Atlas/UiCharacter/ChaGradeIconJingrui2.png	Assets/Product/Texture/Atlas/UiCharacter/ChaGradeIconJingrui1.png	军士Ⅰ
507	1541003	3	1	15000	154303	[110001]	Assets/Product/Texture/Image/IconRoleQulity/CharacterIconJingrui.png	Assets/Product/Texture/Image/IconRoleQulity/CharacterIconJingrui1.png	Assets/Product/Texture/Atlas/UiCharacter/ChaGradeIconJingrui2.png	Assets/Product/Texture/Atlas/UiCharacter/ChaGradeIconJingrui1.png	军士Ⅱ
508	1541003	4	1	20000	154304	[110002]	Assets/Product/Texture/Image/IconRoleQulity/CharacterIconZhuli.png	Assets/Product/Texture/Image/IconRoleQulity/CharacterIconZhuli1.png	Assets/Product/Texture/Atlas/UiCharacter/ChaGradeIconZhuli2.png	Assets/Product/Texture/Atlas/UiCharacter/ChaGradeIconZhuli1.png	精锐Ⅰ
509	1541003	5	1	25000	154305	[110003]	Assets/Product/Texture/Image/IconRoleQulity/CharacterIconZhuli.png	Assets/Product/Texture/Image/IconRoleQulity/CharacterIconZhuli1.png	Assets/Product/Texture/Atlas/UiCharacter/ChaGradeIconZhuli2.png	Assets/Product/Texture/Atlas/UiCharacter/ChaGradeIconZhuli1.png	精锐Ⅱ
510	1541003	6	1	30000	154306	[110004]	Assets/Product/Texture/Image/IconRoleQulity/CharacterIconZhuli.png	Assets/Product/Texture/Image/IconRoleQulity/CharacterIconZhuli1.png	Assets/Product/Texture/Atlas/UiCharacter/ChaGradeIconZhuli2.png	Assets/Product/Texture/Atlas/UiCharacter/ChaGradeIconZhuli1.png	精锐Ⅲ
511	1541003	7	1	35000	154307	[110005]	Assets/Product/Texture/Image/IconRoleQulity/CharacterIconWangpai.png	Assets/Product/Texture/Image/IconRoleQulity/CharacterIconWangpai1.png	Assets/Product/Texture/Atlas/UiCharacter/ChaGradeIconWangpai2.png	Assets/Product/Texture/Atlas/UiCharacter/ChaGradeIconWangpai1.png	特种Ⅰ
512	1541003	8	1	42500	154308	[110006]	Assets/Product/Texture/Image/IconRoleQulity/CharacterIconWangpai.png	Assets/Product/Texture/Image/IconRoleQulity/CharacterIconWangpai1.png	Assets/Product/Texture/Atlas/UiCharacter/ChaGradeIconWangpai2.png	Assets/Product/Texture/Atlas/UiCharacter/ChaGradeIconWangpai1.png	特种Ⅱ
513	1541003	9	1	50000	154309	[110007]	Assets/Product/Texture/Image/IconRoleQulity/CharacterIconWangpai.png	Assets/Product/Texture/Image/IconRoleQulity/CharacterIconWangpai1.png	Assets/Product/Texture/Atlas/UiCharacter/ChaGradeIconWangpai2.png	Assets/Product/Texture/Atlas/UiCharacter/ChaGradeIconWangpai1.png	特种Ⅲ
514	1541003	10	1	60000	154310	[110008]	Assets/Product/Texture/Image/IconRoleQulity/CharacterIconTianxuan.png	Assets/Product/Texture/Image/IconRoleQulity/CharacterIconTianxuan1.png	Assets/Product/Texture/Atlas/UiCharacter/ChaGradeIconTianxuan2.png	Assets/Product/Texture/Atlas/UiCharacter/ChaGradeIconTianxuan1.png	王牌Ⅰ
515	1541003	11	1	70000	154311	[110009]	Assets/Product/Texture/Image/IconRoleQulity/CharacterIconTianxuan.png	Assets/Product/Texture/Image/IconRoleQulity/CharacterIconTianxuan1.png	Assets/Product/Texture/Atlas/UiCharacter/ChaGradeIconTianxuan2.png	Assets/Product/Texture/Atlas/UiCharacter/ChaGradeIconTianxuan1.png	王牌Ⅱ
516	1541003	12	1	80000	154312	[110010]	Assets/Product/Texture/Image/IconRoleQulity/CharacterIconTianxuan.png	Assets/Product/Texture/Image/IconRoleQulity/CharacterIconTianxuan1.png	Assets/Product/Texture/Atlas/UiCharacter/ChaGradeIconTianxuan2.png	Assets/Product/Texture/Atlas/UiCharacter/ChaGradeIconTianxuan1.png	王牌Ⅲ
517	1541003	13	1	100000	154313	[110011]	Assets/Product/Texture/Image/IconRoleQulity/CharacterIconTianxuan.png	Assets/Product/Texture/Image/IconRoleQulity/CharacterIconTianxuan1.png	Assets/Product/Texture/Atlas/UiCharacter/ChaGradeIconTianxuan2.png	Assets/Product/Texture/Atlas/UiCharacter/ChaGradeIconTianxuan1.png	王牌Ⅳ
518	1541003	14			154314	[110011]	Assets/Product/Texture/Image/IconRoleQulity/CharacterIconYingxiong.png	Assets/Product/Texture/Image/IconRoleQulity/CharacterIconYingxiong1.png	Assets/Product/Texture/Atlas/UiCharacter/ChaGradeIconYingxiong.png	Assets/Product/Texture/Atlas/UiCharacter/ChaGradeIconYingxiong.png	英雄
519	1031004	1	1	5000	103401	[109000]	Assets/Product/Texture/Image/IconRoleQulity/CharacterIconXinbing.png	Assets/Product/Texture/Image/IconRoleQulity/CharacterIconXinbing1.png	Assets/Product/Texture/Atlas/UiCharacter/ChaGradeIconXinbing1.png	Assets/Product/Texture/Atlas/UiCharacter/ChaGradeIconXinbing0.png	列兵Ⅰ
520	1031004	2	1	10000	103402	[110000]	Assets/Product/Texture/Image/IconRoleQulity/CharacterIconJingrui.png	Assets/Product/Texture/Image/IconRoleQulity/CharacterIconJingrui1.png	Assets/Product/Texture/Atlas/UiCharacter/ChaGradeIconJingrui2.png	Assets/Product/Texture/Atlas/UiCharacter/ChaGradeIconJingrui1.png	军士Ⅰ
521	1031004	3	1	15000	103403	[110001]	Assets/Product/Texture/Image/IconRoleQulity/CharacterIconJingrui.png	Assets/Product/Texture/Image/IconRoleQulity/CharacterIconJingrui1.png	Assets/Product/Texture/Atlas/UiCharacter/ChaGradeIconJingrui2.png	Assets/Product/Texture/Atlas/UiCharacter/ChaGradeIconJingrui1.png	军士Ⅱ
522	1031004	4	1	20000	103404	[110002]	Assets/Product/Texture/Image/IconRoleQulity/CharacterIconZhuli.png	Assets/Product/Texture/Image/IconRoleQulity/CharacterIconZhuli1.png	Assets/Product/Texture/Atlas/UiCharacter/ChaGradeIconZhuli2.png	Assets/Product/Texture/Atlas/UiCharacter/ChaGradeIconZhuli1.png	精锐Ⅰ
523	1031004	5	1	25000	103405	[110003]	Assets/Product/Texture/Image/IconRoleQulity/CharacterIconZhuli.png	Assets/Product/Texture/Image/IconRoleQulity/CharacterIconZhuli1.png	Assets/Product/Texture/Atlas/UiCharacter/ChaGradeIconZhuli2.png	Assets/Product/Texture/Atlas/UiCharacter/ChaGradeIconZhuli1.png	精锐Ⅱ
524	1031004	6	1	30000	103406	[110004]	Assets/Product/Texture/Image/IconRoleQulity/CharacterIconZhuli.png	Assets/Product/Texture/Image/IconRoleQulity/CharacterIconZhuli1.png	Assets/Product/Texture/Atlas/UiCharacter/ChaGradeIconZhuli2.png	Assets/Product/Texture/Atlas/UiCharacter/ChaGradeIconZhuli1.png	精锐Ⅲ
525	1031004	7	1	35000	103407	[110005]	Assets/Product/Texture/Image/IconRoleQulity/CharacterIconWangpai.png	Assets/Product/Texture/Image/IconRoleQulity/CharacterIconWangpai1.png	Assets/Product/Texture/Atlas/UiCharacter/ChaGradeIconWangpai2.png	Assets/Product/Texture/Atlas/UiCharacter/ChaGradeIconWangpai1.png	特种Ⅰ
526	1031004	8	1	42500	103408	[110006]	Assets/Product/Texture/Image/IconRoleQulity/CharacterIconWangpai.png	Assets/Product/Texture/Image/IconRoleQulity/CharacterIconWangpai1.png	Assets/Product/Texture/Atlas/UiCharacter/ChaGradeIconWangpai2.png	Assets/Product/Texture/Atlas/UiCharacter/ChaGradeIconWangpai1.png	特种Ⅱ
527	1031004	9	1	50000	103409	[110007]	Assets/Product/Texture/Image/IconRoleQulity/CharacterIconWangpai.png	Assets/Product/Texture/Image/IconRoleQulity/CharacterIconWangpai1.png	Assets/Product/Texture/Atlas/UiCharacter/ChaGradeIconWangpai2.png	Assets/Product/Texture/Atlas/UiCharacter/ChaGradeIconWangpai1.png	特种Ⅲ
528	1031004	10	1	60000	103410	[110008]	Assets/Product/Texture/Image/IconRoleQulity/CharacterIconTianxuan.png	Assets/Product/Texture/Image/IconRoleQulity/CharacterIconTianxuan1.png	Assets/Product/Texture/Atlas/UiCharacter/ChaGradeIconTianxuan2.png	Assets/Product/Texture/Atlas/UiCharacter/ChaGradeIconTianxuan1.png	王牌Ⅰ
529	1031004	11	1	70000	103411	[110009]	Assets/Product/Texture/Image/IconRoleQulity/CharacterIconTianxuan.png	Assets/Product/Texture/Image/IconRoleQulity/CharacterIconTianxuan1.png	Assets/Product/Texture/Atlas/UiCharacter/ChaGradeIconTianxuan2.png	Assets/Product/Texture/Atlas/UiCharacter/ChaGradeIconTianxuan1.png	王牌Ⅱ
530	1031004	12	1	80000	103412	[110010]	Assets/Product/Texture/Image/IconRoleQulity/CharacterIconTianxuan.png	Assets/Product/Texture/Image/IconRoleQulity/CharacterIconTianxuan1.png	Assets/Product/Texture/Atlas/UiCharacter/ChaGradeIconTianxuan2.png	Assets/Product/Texture/Atlas/UiCharacter/ChaGradeIconTianxuan1.png	王牌Ⅲ
531	1031004	13	1	100000	103413	[110011]	Assets/Product/Texture/Image/IconRoleQulity/CharacterIconTianxuan.png	Assets/Product/Texture/Image/IconRoleQulity/CharacterIconTianxuan1.png	Assets/Product/Texture/Atlas/UiCharacter/ChaGradeIconTianxuan2.png	Assets/Product/Texture/Atlas/UiCharacter/ChaGradeIconTianxuan1.png	王牌Ⅳ
532	1031004	14			103414	[110011]	Assets/Product/Texture/Image/IconRoleQulity/CharacterIconYingxiong.png	Assets/Product/Texture/Image/IconRoleQulity/CharacterIconYingxiong1.png	Assets/Product/Texture/Atlas/UiCharacter/ChaGradeIconYingxiong.png	Assets/Product/Texture/Atlas/UiCharacter/ChaGradeIconYingxiong.png	英雄
533	1531004	1	1	5000	153401	[109000]	Assets/Product/Texture/Image/IconRoleQulity/CharacterIconXinbing.png	Assets/Product/Texture/Image/IconRoleQulity/CharacterIconXinbing1.png	Assets/Product/Texture/Atlas/UiCharacter/ChaGradeIconXinbing1.png	Assets/Product/Texture/Atlas/UiCharacter/ChaGradeIconXinbing0.png	列兵Ⅰ
534	1531004	2	1	10000	153402	[110000]	Assets/Product/Texture/Image/IconRoleQulity/CharacterIconJingrui.png	Assets/Product/Texture/Image/IconRoleQulity/CharacterIconJingrui1.png	Assets/Product/Texture/Atlas/UiCharacter/ChaGradeIconJingrui2.png	Assets/Product/Texture/Atlas/UiCharacter/ChaGradeIconJingrui1.png	军士Ⅰ
535	1531004	3	1	15000	153403	[110001]	Assets/Product/Texture/Image/IconRoleQulity/CharacterIconJingrui.png	Assets/Product/Texture/Image/IconRoleQulity/CharacterIconJingrui1.png	Assets/Product/Texture/Atlas/UiCharacter/ChaGradeIconJingrui2.png	Assets/Product/Texture/Atlas/UiCharacter/ChaGradeIconJingrui1.png	军士Ⅱ
536	1531004	4	1	20000	153404	[110002]	Assets/Product/Texture/Image/IconRoleQulity/CharacterIconZhuli.png	Assets/Product/Texture/Image/IconRoleQulity/CharacterIconZhuli1.png	Assets/Product/Texture/Atlas/UiCharacter/ChaGradeIconZhuli2.png	Assets/Product/Texture/Atlas/UiCharacter/ChaGradeIconZhuli1.png	精锐Ⅰ
537	1531004	5	1	25000	153405	[110003]	Assets/Product/Texture/Image/IconRoleQulity/CharacterIconZhuli.png	Assets/Product/Texture/Image/IconRoleQulity/CharacterIconZhuli1.png	Assets/Product/Texture/Atlas/UiCharacter/ChaGradeIconZhuli2.png	Assets/Product/Texture/Atlas/UiCharacter/ChaGradeIconZhuli1.png	精锐Ⅱ
538	1531004	6	1	30000	153406	[110004]	Assets/Product/Texture/Image/IconRoleQulity/CharacterIconZhuli.png	Assets/Product/Texture/Image/IconRoleQulity/CharacterIconZhuli1.png	Assets/Product/Texture/Atlas/UiCharacter/ChaGradeIconZhuli2.png	Assets/Product/Texture/Atlas/UiCharacter/ChaGradeIconZhuli1.png	精锐Ⅲ
539	1531004	7	1	35000	153407	[110005]	Assets/Product/Texture/Image/IconRoleQulity/CharacterIconWangpai.png	Assets/Product/Texture/Image/IconRoleQulity/CharacterIconWangpai1.png	Assets/Product/Texture/Atlas/UiCharacter/ChaGradeIconWangpai2.png	Assets/Product/Texture/Atlas/UiCharacter/ChaGradeIconWangpai1.png	特种Ⅰ
540	1531004	8	1	42500	153408	[110006]	Assets/Product/Texture/Image/IconRoleQulity/CharacterIconWangpai.png	Assets/Product/Texture/Image/IconRoleQulity/CharacterIconWangpai1.png	Assets/Product/Texture/Atlas/UiCharacter/ChaGradeIconWangpai2.png	Assets/Product/Texture/Atlas/UiCharacter/ChaGradeIconWangpai1.png	特种Ⅱ
541	1531004	9	1	50000	153409	[110007]	Assets/Product/Texture/Image/IconRoleQulity/CharacterIconWangpai.png	Assets/Product/Texture/Image/IconRoleQulity/CharacterIconWangpai1.png	Assets/Product/Texture/Atlas/UiCharacter/ChaGradeIconWangpai2.png	Assets/Product/Texture/Atlas/UiCharacter/ChaGradeIconWangpai1.png	特种Ⅲ
542	1531004	10	1	60000	153410	[110008]	Assets/Product/Texture/Image/IconRoleQulity/CharacterIconTianxuan.png	Assets/Product/Texture/Image/IconRoleQulity/CharacterIconTianxuan1.png	Assets/Product/Texture/Atlas/UiCharacter/ChaGradeIconTianxuan2.png	Assets/Product/Texture/Atlas/UiCharacter/ChaGradeIconTianxuan1.png	王牌Ⅰ
543	1531004	11	1	70000	153411	[110009]	Assets/Product/Texture/Image/IconRoleQulity/CharacterIconTianxuan.png	Assets/Product/Texture/Image/IconRoleQulity/CharacterIconTianxuan1.png	Assets/Product/Texture/Atlas/UiCharacter/ChaGradeIconTianxuan2.png	Assets/Product/Texture/Atlas/UiCharacter/ChaGradeIconTianxuan1.png	王牌Ⅱ
544	1531004	12	1	80000	153412	[110010]	Assets/Product/Texture/Image/IconRoleQulity/CharacterIconTianxuan.png	Assets/Product/Texture/Image/IconRoleQulity/CharacterIconTianxuan1.png	Assets/Product/Texture/Atlas/UiCharacter/ChaGradeIconTianxuan2.png	Assets/Product/Texture/Atlas/UiCharacter/ChaGradeIconTianxuan1.png	王牌Ⅲ
545	1531004	13	1	100000	153413	[110011]	Assets/Product/Texture/Image/IconRoleQulity/CharacterIconTianxuan.png	Assets/Product/Texture/Image/IconRoleQulity/CharacterIconTianxuan1.png	Assets/Product/Texture/Atlas/UiCharacter/ChaGradeIconTianxuan2.png	Assets/Product/Texture/Atlas/UiCharacter/ChaGradeIconTianxuan1.png	王牌Ⅳ
546	1531004	14			153414	[110011]	Assets/Product/Texture/Image/IconRoleQulity/CharacterIconYingxiong.png	Assets/Product/Texture/Image/IconRoleQulity/CharacterIconYingxiong1.png	Assets/Product/Texture/Atlas/UiCharacter/ChaGradeIconYingxiong.png	Assets/Product/Texture/Atlas/UiCharacter/ChaGradeIconYingxiong.png	英雄
547	1551003	1	1	5000	155301	[109000]	Assets/Product/Texture/Image/IconRoleQulity/CharacterIconXinbing.png	Assets/Product/Texture/Image/IconRoleQulity/CharacterIconXinbing1.png	Assets/Product/Texture/Atlas/UiCharacter/ChaGradeIconXinbing1.png	Assets/Product/Texture/Atlas/UiCharacter/ChaGradeIconXinbing0.png	列兵Ⅰ
548	1551003	2	1	10000	155302	[110000]	Assets/Product/Texture/Image/IconRoleQulity/CharacterIconJingrui.png	Assets/Product/Texture/Image/IconRoleQulity/CharacterIconJingrui1.png	Assets/Product/Texture/Atlas/UiCharacter/ChaGradeIconJingrui2.png	Assets/Product/Texture/Atlas/UiCharacter/ChaGradeIconJingrui1.png	军士Ⅰ
549	1551003	3	1	15000	155303	[110001]	Assets/Product/Texture/Image/IconRoleQulity/CharacterIconJingrui.png	Assets/Product/Texture/Image/IconRoleQulity/CharacterIconJingrui1.png	Assets/Product/Texture/Atlas/UiCharacter/ChaGradeIconJingrui2.png	Assets/Product/Texture/Atlas/UiCharacter/ChaGradeIconJingrui1.png	军士Ⅱ
550	1551003	4	1	20000	155304	[110002]	Assets/Product/Texture/Image/IconRoleQulity/CharacterIconZhuli.png	Assets/Product/Texture/Image/IconRoleQulity/CharacterIconZhuli1.png	Assets/Product/Texture/Atlas/UiCharacter/ChaGradeIconZhuli2.png	Assets/Product/Texture/Atlas/UiCharacter/ChaGradeIconZhuli1.png	精锐Ⅰ
551	1551003	5	1	25000	155305	[110003]	Assets/Product/Texture/Image/IconRoleQulity/CharacterIconZhuli.png	Assets/Product/Texture/Image/IconRoleQulity/CharacterIconZhuli1.png	Assets/Product/Texture/Atlas/UiCharacter/ChaGradeIconZhuli2.png	Assets/Product/Texture/Atlas/UiCharacter/ChaGradeIconZhuli1.png	精锐Ⅱ
552	1551003	6	1	30000	155306	[110004]	Assets/Product/Texture/Image/IconRoleQulity/CharacterIconZhuli.png	Assets/Product/Texture/Image/IconRoleQulity/CharacterIconZhuli1.png	Assets/Product/Texture/Atlas/UiCharacter/ChaGradeIconZhuli2.png	Assets/Product/Texture/Atlas/UiCharacter/ChaGradeIconZhuli1.png	精锐Ⅲ
553	1551003	7	1	35000	155307	[110005]	Assets/Product/Texture/Image/IconRoleQulity/CharacterIconWangpai.png	Assets/Product/Texture/Image/IconRoleQulity/CharacterIconWangpai1.png	Assets/Product/Texture/Atlas/UiCharacter/ChaGradeIconWangpai2.png	Assets/Product/Texture/Atlas/UiCharacter/ChaGradeIconWangpai1.png	特种Ⅰ
554	1551003	8	1	42500	155308	[110006]	Assets/Product/Texture/Image/IconRoleQulity/CharacterIconWangpai.png	Assets/Product/Texture/Image/IconRoleQulity/CharacterIconWangpai1.png	Assets/Product/Texture/Atlas/UiCharacter/ChaGradeIconWangpai2.png	Assets/Product/Texture/Atlas/UiCharacter/ChaGradeIconWangpai1.png	特种Ⅱ
555	1551003	9	1	50000	155309	[110007]	Assets/Product/Texture/Image/IconRoleQulity/CharacterIconWangpai.png	Assets/Product/Texture/Image/IconRoleQulity/CharacterIconWangpai1.png	Assets/Product/Texture/Atlas/UiCharacter/ChaGradeIconWangpai2.png	Assets/Product/Texture/Atlas/UiCharacter/ChaGradeIconWangpai1.png	特种Ⅲ
556	1551003	10	1	60000	155310	[110008]	Assets/Product/Texture/Image/IconRoleQulity/CharacterIconTianxuan.png	Assets/Product/Texture/Image/IconRoleQulity/CharacterIconTianxuan1.png	Assets/Product/Texture/Atlas/UiCharacter/ChaGradeIconTianxuan2.png	Assets/Product/Texture/Atlas/UiCharacter/ChaGradeIconTianxuan1.png	王牌Ⅰ
557	1551003	11	1	70000	155311	[110009]	Assets/Product/Texture/Image/IconRoleQulity/CharacterIconTianxuan.png	Assets/Product/Texture/Image/IconRoleQulity/CharacterIconTianxuan1.png	Assets/Product/Texture/Atlas/UiCharacter/ChaGradeIconTianxuan2.png	Assets/Product/Texture/Atlas/UiCharacter/ChaGradeIconTianxuan1.png	王牌Ⅱ
558	1551003	12	1	80000	155312	[110010]	Assets/Product/Texture/Image/IconRoleQulity/CharacterIconTianxuan.png	Assets/Product/Texture/Image/IconRoleQulity/CharacterIconTianxuan1.png	Assets/Product/Texture/Atlas/UiCharacter/ChaGradeIconTianxuan2.png	Assets/Product/Texture/Atlas/UiCharacter/ChaGradeIconTianxuan1.png	王牌Ⅲ
559	1551003	13	1	100000	155313	[110011]	Assets/Product/Texture/Image/IconRoleQulity/CharacterIconTianxuan.png	Assets/Product/Texture/Image/IconRoleQulity/CharacterIconTianxuan1.png	Assets/Product/Texture/Atlas/UiCharacter/ChaGradeIconTianxuan2.png	Assets/Product/Texture/Atlas/UiCharacter/ChaGradeIconTianxuan1.png	王牌Ⅳ
560	1551003	14			155314	[110011]	Assets/Product/Texture/Image/IconRoleQulity/CharacterIconYingxiong.png	Assets/Product/Texture/Image/IconRoleQulity/CharacterIconYingxiong1.png	Assets/Product/Texture/Atlas/UiCharacter/ChaGradeIconYingxiong.png	Assets/Product/Texture/Atlas/UiCharacter/ChaGradeIconYingxiong.png	英雄
561	1051004	1	1	5000	105401	[109000]	Assets/Product/Texture/Image/IconRoleQulity/CharacterIconXinbing.png	Assets/Product/Texture/Image/IconRoleQulity/CharacterIconXinbing1.png	Assets/Product/Texture/Atlas/UiCharacter/ChaGradeIconXinbing1.png	Assets/Product/Texture/Atlas/UiCharacter/ChaGradeIconXinbing0.png	列兵Ⅰ
562	1051004	2	1	10000	105402	[110000]	Assets/Product/Texture/Image/IconRoleQulity/CharacterIconJingrui.png	Assets/Product/Texture/Image/IconRoleQulity/CharacterIconJingrui1.png	Assets/Product/Texture/Atlas/UiCharacter/ChaGradeIconJingrui2.png	Assets/Product/Texture/Atlas/UiCharacter/ChaGradeIconJingrui1.png	军士Ⅰ
563	1051004	3	1	15000	105403	[110001]	Assets/Product/Texture/Image/IconRoleQulity/CharacterIconJingrui.png	Assets/Product/Texture/Image/IconRoleQulity/CharacterIconJingrui1.png	Assets/Product/Texture/Atlas/UiCharacter/ChaGradeIconJingrui2.png	Assets/Product/Texture/Atlas/UiCharacter/ChaGradeIconJingrui1.png	军士Ⅱ
564	1051004	4	1	20000	105404	[110002]	Assets/Product/Texture/Image/IconRoleQulity/CharacterIconZhuli.png	Assets/Product/Texture/Image/IconRoleQulity/CharacterIconZhuli1.png	Assets/Product/Texture/Atlas/UiCharacter/ChaGradeIconZhuli2.png	Assets/Product/Texture/Atlas/UiCharacter/ChaGradeIconZhuli1.png	精锐Ⅰ
565	1051004	5	1	25000	105405	[110003]	Assets/Product/Texture/Image/IconRoleQulity/CharacterIconZhuli.png	Assets/Product/Texture/Image/IconRoleQulity/CharacterIconZhuli1.png	Assets/Product/Texture/Atlas/UiCharacter/ChaGradeIconZhuli2.png	Assets/Product/Texture/Atlas/UiCharacter/ChaGradeIconZhuli1.png	精锐Ⅱ
566	1051004	6	1	30000	105406	[110004]	Assets/Product/Texture/Image/IconRoleQulity/CharacterIconZhuli.png	Assets/Product/Texture/Image/IconRoleQulity/CharacterIconZhuli1.png	Assets/Product/Texture/Atlas/UiCharacter/ChaGradeIconZhuli2.png	Assets/Product/Texture/Atlas/UiCharacter/ChaGradeIconZhuli1.png	精锐Ⅲ
567	1051004	7	1	35000	105407	[110005]	Assets/Product/Texture/Image/IconRoleQulity/CharacterIconWangpai.png	Assets/Product/Texture/Image/IconRoleQulity/CharacterIconWangpai1.png	Assets/Product/Texture/Atlas/UiCharacter/ChaGradeIconWangpai2.png	Assets/Product/Texture/Atlas/UiCharacter/ChaGradeIconWangpai1.png	特种Ⅰ
568	1051004	8	1	42500	105408	[110006]	Assets/Product/Texture/Image/IconRoleQulity/CharacterIconWangpai.png	Assets/Product/Texture/Image/IconRoleQulity/CharacterIconWangpai1.png	Assets/Product/Texture/Atlas/UiCharacter/ChaGradeIconWangpai2.png	Assets/Product/Texture/Atlas/UiCharacter/ChaGradeIconWangpai1.png	特种Ⅱ
569	1051004	9	1	50000	105409	[110007]	Assets/Product/Texture/Image/IconRoleQulity/CharacterIconWangpai.png	Assets/Product/Texture/Image/IconRoleQulity/CharacterIconWangpai1.png	Assets/Product/Texture/Atlas/UiCharacter/ChaGradeIconWangpai2.png	Assets/Product/Texture/Atlas/UiCharacter/ChaGradeIconWangpai1.png	特种Ⅲ
570	1051004	10	1	60000	105410	[110008]	Assets/Product/Texture/Image/IconRoleQulity/CharacterIconTianxuan.png	Assets/Product/Texture/Image/IconRoleQulity/CharacterIconTianxuan1.png	Assets/Product/Texture/Atlas/UiCharacter/ChaGradeIconTianxuan2.png	Assets/Product/Texture/Atlas/UiCharacter/ChaGradeIconTianxuan1.png	王牌Ⅰ
571	1051004	11	1	70000	105411	[110009]	Assets/Product/Texture/Image/IconRoleQulity/CharacterIconTianxuan.png	Assets/Product/Texture/Image/IconRoleQulity/CharacterIconTianxuan1.png	Assets/Product/Texture/Atlas/UiCharacter/ChaGradeIconTianxuan2.png	Assets/Product/Texture/Atlas/UiCharacter/ChaGradeIconTianxuan1.png	王牌Ⅱ
572	1051004	12	1	80000	105412	[110010]	Assets/Product/Texture/Image/IconRoleQulity/CharacterIconTianxuan.png	Assets/Product/Texture/Image/IconRoleQulity/CharacterIconTianxuan1.png	Assets/Product/Texture/Atlas/UiCharacter/ChaGradeIconTianxuan2.png	Assets/Product/Texture/Atlas/UiCharacter/ChaGradeIconTianxuan1.png	王牌Ⅲ
573	1051004	13	1	100000	105413	[110011]	Assets/Product/Texture/Image/IconRoleQulity/CharacterIconTianxuan.png	Assets/Product/Texture/Image/IconRoleQulity/CharacterIconTianxuan1.png	Assets/Product/Texture/Atlas/UiCharacter/ChaGradeIconTianxuan2.png	Assets/Product/Texture/Atlas/UiCharacter/ChaGradeIconTianxuan1.png	王牌Ⅳ
574	1051004	14			105414	[110011]	Assets/Product/Texture/Image/IconRoleQulity/CharacterIconYingxiong.png	Assets/Product/Texture/Image/IconRoleQulity/CharacterIconYingxiong1.png	Assets/Product/Texture/Atlas/UiCharacter/ChaGradeIconYingxiong.png	Assets/Product/Texture/Atlas/UiCharacter/ChaGradeIconYingxiong.png	英雄
575	1561003	1	1	5000	156301	[109000]	Assets/Product/Texture/Image/IconRoleQulity/CharacterIconXinbing.png	Assets/Product/Texture/Image/IconRoleQulity/CharacterIconXinbing1.png	Assets/Product/Texture/Atlas/UiCharacter/ChaGradeIconXinbing1.png	Assets/Product/Texture/Atlas/UiCharacter/ChaGradeIconXinbing0.png	列兵Ⅰ
576	1561003	2	1	10000	156302	[110000]	Assets/Product/Texture/Image/IconRoleQulity/CharacterIconJingrui.png	Assets/Product/Texture/Image/IconRoleQulity/CharacterIconJingrui1.png	Assets/Product/Texture/Atlas/UiCharacter/ChaGradeIconJingrui2.png	Assets/Product/Texture/Atlas/UiCharacter/ChaGradeIconJingrui1.png	军士Ⅰ
577	1561003	3	1	15000	156303	[110001]	Assets/Product/Texture/Image/IconRoleQulity/CharacterIconJingrui.png	Assets/Product/Texture/Image/IconRoleQulity/CharacterIconJingrui1.png	Assets/Product/Texture/Atlas/UiCharacter/ChaGradeIconJingrui2.png	Assets/Product/Texture/Atlas/UiCharacter/ChaGradeIconJingrui1.png	军士Ⅱ
578	1561003	4	1	20000	156304	[110002]	Assets/Product/Texture/Image/IconRoleQulity/CharacterIconZhuli.png	Assets/Product/Texture/Image/IconRoleQulity/CharacterIconZhuli1.png	Assets/Product/Texture/Atlas/UiCharacter/ChaGradeIconZhuli2.png	Assets/Product/Texture/Atlas/UiCharacter/ChaGradeIconZhuli1.png	精锐Ⅰ
579	1561003	5	1	25000	156305	[110003]	Assets/Product/Texture/Image/IconRoleQulity/CharacterIconZhuli.png	Assets/Product/Texture/Image/IconRoleQulity/CharacterIconZhuli1.png	Assets/Product/Texture/Atlas/UiCharacter/ChaGradeIconZhuli2.png	Assets/Product/Texture/Atlas/UiCharacter/ChaGradeIconZhuli1.png	精锐Ⅱ
580	1561003	6	1	30000	156306	[110004]	Assets/Product/Texture/Image/IconRoleQulity/CharacterIconZhuli.png	Assets/Product/Texture/Image/IconRoleQulity/CharacterIconZhuli1.png	Assets/Product/Texture/Atlas/UiCharacter/ChaGradeIconZhuli2.png	Assets/Product/Texture/Atlas/UiCharacter/ChaGradeIconZhuli1.png	精锐Ⅲ
581	1561003	7	1	35000	156307	[110005]	Assets/Product/Texture/Image/IconRoleQulity/CharacterIconWangpai.png	Assets/Product/Texture/Image/IconRoleQulity/CharacterIconWangpai1.png	Assets/Product/Texture/Atlas/UiCharacter/ChaGradeIconWangpai2.png	Assets/Product/Texture/Atlas/UiCharacter/ChaGradeIconWangpai1.png	特种Ⅰ
582	1561003	8	1	42500	156308	[110006]	Assets/Product/Texture/Image/IconRoleQulity/CharacterIconWangpai.png	Assets/Product/Texture/Image/IconRoleQulity/CharacterIconWangpai1.png	Assets/Product/Texture/Atlas/UiCharacter/ChaGradeIconWangpai2.png	Assets/Product/Texture/Atlas/UiCharacter/ChaGradeIconWangpai1.png	特种Ⅱ
583	1561003	9	1	50000	156309	[110007]	Assets/Product/Texture/Image/IconRoleQulity/CharacterIconWangpai.png	Assets/Product/Texture/Image/IconRoleQulity/CharacterIconWangpai1.png	Assets/Product/Texture/Atlas/UiCharacter/ChaGradeIconWangpai2.png	Assets/Product/Texture/Atlas/UiCharacter/ChaGradeIconWangpai1.png	特种Ⅲ
584	1561003	10	1	60000	156310	[110008]	Assets/Product/Texture/Image/IconRoleQulity/CharacterIconTianxuan.png	Assets/Product/Texture/Image/IconRoleQulity/CharacterIconTianxuan1.png	Assets/Product/Texture/Atlas/UiCharacter/ChaGradeIconTianxuan2.png	Assets/Product/Texture/Atlas/UiCharacter/ChaGradeIconTianxuan1.png	王牌Ⅰ
585	1561003	11	1	70000	156311	[110009]	Assets/Product/Texture/Image/IconRoleQulity/CharacterIconTianxuan.png	Assets/Product/Texture/Image/IconRoleQulity/CharacterIconTianxuan1.png	Assets/Product/Texture/Atlas/UiCharacter/ChaGradeIconTianxuan2.png	Assets/Product/Texture/Atlas/UiCharacter/ChaGradeIconTianxuan1.png	王牌Ⅱ
586	1561003	12	1	80000	156312	[110010]	Assets/Product/Texture/Image/IconRoleQulity/CharacterIconTianxuan.png	Assets/Product/Texture/Image/IconRoleQulity/CharacterIconTianxuan1.png	Assets/Product/Texture/Atlas/UiCharacter/ChaGradeIconTianxuan2.png	Assets/Product/Texture/Atlas/UiCharacter/ChaGradeIconTianxuan1.png	王牌Ⅲ
587	1561003	13	1	100000	156313	[110011]	Assets/Product/Texture/Image/IconRoleQulity/CharacterIconTianxuan.png	Assets/Product/Texture/Image/IconRoleQulity/CharacterIconTianxuan1.png	Assets/Product/Texture/Atlas/UiCharacter/ChaGradeIconTianxuan2.png	Assets/Product/Texture/Atlas/UiCharacter/ChaGradeIconTianxuan1.png	王牌Ⅳ
588	1561003	14			156314	[110011]	Assets/Product/Texture/Image/IconRoleQulity/CharacterIconYingxiong.png	Assets/Product/Texture/Image/IconRoleQulity/CharacterIconYingxiong1.png	Assets/Product/Texture/Atlas/UiCharacter/ChaGradeIconYingxiong.png	Assets/Product/Texture/Atlas/UiCharacter/ChaGradeIconYingxiong.png	英雄
589	1071004	1	1	5000	107401	[109000]	Assets/Product/Texture/Image/IconRoleQulity/CharacterIconXinbing.png	Assets/Product/Texture/Image/IconRoleQulity/CharacterIconXinbing1.png	Assets/Product/Texture/Atlas/UiCharacter/ChaGradeIconXinbing1.png	Assets/Product/Texture/Atlas/UiCharacter/ChaGradeIconXinbing0.png	列兵Ⅰ
590	1071004	2	1	10000	107402	[110000]	Assets/Product/Texture/Image/IconRoleQulity/CharacterIconJingrui.png	Assets/Product/Texture/Image/IconRoleQulity/CharacterIconJingrui1.png	Assets/Product/Texture/Atlas/UiCharacter/ChaGradeIconJingrui2.png	Assets/Product/Texture/Atlas/UiCharacter/ChaGradeIconJingrui1.png	军士Ⅰ
591	1071004	3	1	15000	107403	[110001]	Assets/Product/Texture/Image/IconRoleQulity/CharacterIconJingrui.png	Assets/Product/Texture/Image/IconRoleQulity/CharacterIconJingrui1.png	Assets/Product/Texture/Atlas/UiCharacter/ChaGradeIconJingrui2.png	Assets/Product/Texture/Atlas/UiCharacter/ChaGradeIconJingrui1.png	军士Ⅱ
592	1071004	4	1	20000	107404	[110002]	Assets/Product/Texture/Image/IconRoleQulity/CharacterIconZhuli.png	Assets/Product/Texture/Image/IconRoleQulity/CharacterIconZhuli1.png	Assets/Product/Texture/Atlas/UiCharacter/ChaGradeIconZhuli2.png	Assets/Product/Texture/Atlas/UiCharacter/ChaGradeIconZhuli1.png	精锐Ⅰ
593	1071004	5	1	25000	107405	[110003]	Assets/Product/Texture/Image/IconRoleQulity/CharacterIconZhuli.png	Assets/Product/Texture/Image/IconRoleQulity/CharacterIconZhuli1.png	Assets/Product/Texture/Atlas/UiCharacter/ChaGradeIconZhuli2.png	Assets/Product/Texture/Atlas/UiCharacter/ChaGradeIconZhuli1.png	精锐Ⅱ
594	1071004	6	1	30000	107406	[110004]	Assets/Product/Texture/Image/IconRoleQulity/CharacterIconZhuli.png	Assets/Product/Texture/Image/IconRoleQulity/CharacterIconZhuli1.png	Assets/Product/Texture/Atlas/UiCharacter/ChaGradeIconZhuli2.png	Assets/Product/Texture/Atlas/UiCharacter/ChaGradeIconZhuli1.png	精锐Ⅲ
595	1071004	7	1	35000	107407	[110005]	Assets/Product/Texture/Image/IconRoleQulity/CharacterIconWangpai.png	Assets/Product/Texture/Image/IconRoleQulity/CharacterIconWangpai1.png	Assets/Product/Texture/Atlas/UiCharacter/ChaGradeIconWangpai2.png	Assets/Product/Texture/Atlas/UiCharacter/ChaGradeIconWangpai1.png	特种Ⅰ
596	1071004	8	1	42500	107408	[110006]	Assets/Product/Texture/Image/IconRoleQulity/CharacterIconWangpai.png	Assets/Product/Texture/Image/IconRoleQulity/CharacterIconWangpai1.png	Assets/Product/Texture/Atlas/UiCharacter/ChaGradeIconWangpai2.png	Assets/Product/Texture/Atlas/UiCharacter/ChaGradeIconWangpai1.png	特种Ⅱ
597	1071004	9	1	50000	107409	[110007]	Assets/Product/Texture/Image/IconRoleQulity/CharacterIconWangpai.png	Assets/Product/Texture/Image/IconRoleQulity/CharacterIconWangpai1.png	Assets/Product/Texture/Atlas/UiCharacter/ChaGradeIconWangpai2.png	Assets/Product/Texture/Atlas/UiCharacter/ChaGradeIconWangpai1.png	特种Ⅲ
598	1071004	10	1	60000	107410	[110008]	Assets/Product/Texture/Image/IconRoleQulity/CharacterIconTianxuan.png	Assets/Product/Texture/Image/IconRoleQulity/CharacterIconTianxuan1.png	Assets/Product/Texture/Atlas/UiCharacter/ChaGradeIconTianxuan2.png	Assets/Product/Texture/Atlas/UiCharacter/ChaGradeIconTianxuan1.png	王牌Ⅰ
599	1071004	11	1	70000	107411	[110009]	Assets/Product/Texture/Image/IconRoleQulity/CharacterIconTianxuan.png	Assets/Product/Texture/Image/IconRoleQulity/CharacterIconTianxuan1.png	Assets/Product/Texture/Atlas/UiCharacter/ChaGradeIconTianxuan2.png	Assets/Product/Texture/Atlas/UiCharacter/ChaGradeIconTianxuan1.png	王牌Ⅱ
600	1071004	12	1	80000	107412	[110010]	Assets/Product/Texture/Image/IconRoleQulity/CharacterIconTianxuan.png	Assets/Product/Texture/Image/IconRoleQulity/CharacterIconTianxuan1.png	Assets/Product/Texture/Atlas/UiCharacter/ChaGradeIconTianxuan2.png	Assets/Product/Texture/Atlas/UiCharacter/ChaGradeIconTianxuan1.png	王牌Ⅲ
601	1071004	13	1	100000	107413	[110011]	Assets/Product/Texture/Image/IconRoleQulity/CharacterIconTianxuan.png	Assets/Product/Texture/Image/IconRoleQulity/CharacterIconTianxuan1.png	Assets/Product/Texture/Atlas/UiCharacter/ChaGradeIconTianxuan2.png	Assets/Product/Texture/Atlas/UiCharacter/ChaGradeIconTianxuan1.png	王牌Ⅳ
602	1071004	14			107414	[110011]	Assets/Product/Texture/Image/IconRoleQulity/CharacterIconYingxiong.png	Assets/Product/Texture/Image/IconRoleQulity/CharacterIconYingxiong1.png	Assets/Product/Texture/Atlas/UiCharacter/ChaGradeIconYingxiong.png	Assets/Product/Texture/Atlas/UiCharacter/ChaGradeIconYingxiong.png	英雄
603	1571003	1	1	5000	157301	[109000]	Assets/Product/Texture/Image/IconRoleQulity/CharacterIconXinbing.png	Assets/Product/Texture/Image/IconRoleQulity/CharacterIconXinbing1.png	Assets/Product/Texture/Atlas/UiCharacter/ChaGradeIconXinbing1.png	Assets/Product/Texture/Atlas/UiCharacter/ChaGradeIconXinbing0.png	列兵Ⅰ
604	1571003	2	1	10000	157302	[110000]	Assets/Product/Texture/Image/IconRoleQulity/CharacterIconJingrui.png	Assets/Product/Texture/Image/IconRoleQulity/CharacterIconJingrui1.png	Assets/Product/Texture/Atlas/UiCharacter/ChaGradeIconJingrui2.png	Assets/Product/Texture/Atlas/UiCharacter/ChaGradeIconJingrui1.png	军士Ⅰ
605	1571003	3	1	15000	157303	[110001]	Assets/Product/Texture/Image/IconRoleQulity/CharacterIconJingrui.png	Assets/Product/Texture/Image/IconRoleQulity/CharacterIconJingrui1.png	Assets/Product/Texture/Atlas/UiCharacter/ChaGradeIconJingrui2.png	Assets/Product/Texture/Atlas/UiCharacter/ChaGradeIconJingrui1.png	军士Ⅱ
606	1571003	4	1	20000	157304	[110002]	Assets/Product/Texture/Image/IconRoleQulity/CharacterIconZhuli.png	Assets/Product/Texture/Image/IconRoleQulity/CharacterIconZhuli1.png	Assets/Product/Texture/Atlas/UiCharacter/ChaGradeIconZhuli2.png	Assets/Product/Texture/Atlas/UiCharacter/ChaGradeIconZhuli1.png	精锐Ⅰ
607	1571003	5	1	25000	157305	[110003]	Assets/Product/Texture/Image/IconRoleQulity/CharacterIconZhuli.png	Assets/Product/Texture/Image/IconRoleQulity/CharacterIconZhuli1.png	Assets/Product/Texture/Atlas/UiCharacter/ChaGradeIconZhuli2.png	Assets/Product/Texture/Atlas/UiCharacter/ChaGradeIconZhuli1.png	精锐Ⅱ
608	1571003	6	1	30000	157306	[110004]	Assets/Product/Texture/Image/IconRoleQulity/CharacterIconZhuli.png	Assets/Product/Texture/Image/IconRoleQulity/CharacterIconZhuli1.png	Assets/Product/Texture/Atlas/UiCharacter/ChaGradeIconZhuli2.png	Assets/Product/Texture/Atlas/UiCharacter/ChaGradeIconZhuli1.png	精锐Ⅲ
609	1571003	7	1	35000	157307	[110005]	Assets/Product/Texture/Image/IconRoleQulity/CharacterIconWangpai.png	Assets/Product/Texture/Image/IconRoleQulity/CharacterIconWangpai1.png	Assets/Product/Texture/Atlas/UiCharacter/ChaGradeIconWangpai2.png	Assets/Product/Texture/Atlas/UiCharacter/ChaGradeIconWangpai1.png	特种Ⅰ
610	1571003	8	1	42500	157308	[110006]	Assets/Product/Texture/Image/IconRoleQulity/CharacterIconWangpai.png	Assets/Product/Texture/Image/IconRoleQulity/CharacterIconWangpai1.png	Assets/Product/Texture/Atlas/UiCharacter/ChaGradeIconWangpai2.png	Assets/Product/Texture/Atlas/UiCharacter/ChaGradeIconWangpai1.png	特种Ⅱ
611	1571003	9	1	50000	157309	[110007]	Assets/Product/Texture/Image/IconRoleQulity/CharacterIconWangpai.png	Assets/Product/Texture/Image/IconRoleQulity/CharacterIconWangpai1.png	Assets/Product/Texture/Atlas/UiCharacter/ChaGradeIconWangpai2.png	Assets/Product/Texture/Atlas/UiCharacter/ChaGradeIconWangpai1.png	特种Ⅲ
612	1571003	10	1	60000	157310	[110008]	Assets/Product/Texture/Image/IconRoleQulity/CharacterIconTianxuan.png	Assets/Product/Texture/Image/IconRoleQulity/CharacterIconTianxuan1.png	Assets/Product/Texture/Atlas/UiCharacter/ChaGradeIconTianxuan2.png	Assets/Product/Texture/Atlas/UiCharacter/ChaGradeIconTianxuan1.png	王牌Ⅰ
613	1571003	11	1	70000	157311	[110009]	Assets/Product/Texture/Image/IconRoleQulity/CharacterIconTianxuan.png	Assets/Product/Texture/Image/IconRoleQulity/CharacterIconTianxuan1.png	Assets/Product/Texture/Atlas/UiCharacter/ChaGradeIconTianxuan2.png	Assets/Product/Texture/Atlas/UiCharacter/ChaGradeIconTianxuan1.png	王牌Ⅱ
614	1571003	12	1	80000	157312	[110010]	Assets/Product/Texture/Image/IconRoleQulity/CharacterIconTianxuan.png	Assets/Product/Texture/Image/IconRoleQulity/CharacterIconTianxuan1.png	Assets/Product/Texture/Atlas/UiCharacter/ChaGradeIconTianxuan2.png	Assets/Product/Texture/Atlas/UiCharacter/ChaGradeIconTianxuan1.png	王牌Ⅲ
615	1571003	13	1	100000	157313	[110011]	Assets/Product/Texture/Image/IconRoleQulity/CharacterIconTianxuan.png	Assets/Product/Texture/Image/IconRoleQulity/CharacterIconTianxuan1.png	Assets/Product/Texture/Atlas/UiCharacter/ChaGradeIconTianxuan2.png	Assets/Product/Texture/Atlas/UiCharacter/ChaGradeIconTianxuan1.png	王牌Ⅳ
616	1571003	14			157314	[110011]	Assets/Product/Texture/Image/IconRoleQulity/CharacterIconYingxiong.png	Assets/Product/Texture/Image/IconRoleQulity/CharacterIconYingxiong1.png	Assets/Product/Texture/Atlas/UiCharacter/ChaGradeIconYingxiong.png	Assets/Product/Texture/Atlas/UiCharacter/ChaGradeIconYingxiong.png	英雄
617	1041004	1	1	5000	104401	[109000]	Assets/Product/Texture/Image/IconRoleQulity/CharacterIconXinbing.png	Assets/Product/Texture/Image/IconRoleQulity/CharacterIconXinbing1.png	Assets/Product/Texture/Atlas/UiCharacter/ChaGradeIconXinbing1.png	Assets/Product/Texture/Atlas/UiCharacter/ChaGradeIconXinbing0.png	列兵Ⅰ
618	1041004	2	1	10000	104402	[110000]	Assets/Product/Texture/Image/IconRoleQulity/CharacterIconJingrui.png	Assets/Product/Texture/Image/IconRoleQulity/CharacterIconJingrui1.png	Assets/Product/Texture/Atlas/UiCharacter/ChaGradeIconJingrui2.png	Assets/Product/Texture/Atlas/UiCharacter/ChaGradeIconJingrui1.png	军士Ⅰ
619	1041004	3	1	15000	104403	[110001]	Assets/Product/Texture/Image/IconRoleQulity/CharacterIconJingrui.png	Assets/Product/Texture/Image/IconRoleQulity/CharacterIconJingrui1.png	Assets/Product/Texture/Atlas/UiCharacter/ChaGradeIconJingrui2.png	Assets/Product/Texture/Atlas/UiCharacter/ChaGradeIconJingrui1.png	军士Ⅱ
620	1041004	4	1	20000	104404	[110002]	Assets/Product/Texture/Image/IconRoleQulity/CharacterIconZhuli.png	Assets/Product/Texture/Image/IconRoleQulity/CharacterIconZhuli1.png	Assets/Product/Texture/Atlas/UiCharacter/ChaGradeIconZhuli2.png	Assets/Product/Texture/Atlas/UiCharacter/ChaGradeIconZhuli1.png	精锐Ⅰ
621	1041004	5	1	25000	104405	[110003]	Assets/Product/Texture/Image/IconRoleQulity/CharacterIconZhuli.png	Assets/Product/Texture/Image/IconRoleQulity/CharacterIconZhuli1.png	Assets/Product/Texture/Atlas/UiCharacter/ChaGradeIconZhuli2.png	Assets/Product/Texture/Atlas/UiCharacter/ChaGradeIconZhuli1.png	精锐Ⅱ
622	1041004	6	1	30000	104406	[110004]	Assets/Product/Texture/Image/IconRoleQulity/CharacterIconZhuli.png	Assets/Product/Texture/Image/IconRoleQulity/CharacterIconZhuli1.png	Assets/Product/Texture/Atlas/UiCharacter/ChaGradeIconZhuli2.png	Assets/Product/Texture/Atlas/UiCharacter/ChaGradeIconZhuli1.png	精锐Ⅲ
623	1041004	7	1	35000	104407	[110005]	Assets/Product/Texture/Image/IconRoleQulity/CharacterIconWangpai.png	Assets/Product/Texture/Image/IconRoleQulity/CharacterIconWangpai1.png	Assets/Product/Texture/Atlas/UiCharacter/ChaGradeIconWangpai2.png	Assets/Product/Texture/Atlas/UiCharacter/ChaGradeIconWangpai1.png	特种Ⅰ
624	1041004	8	1	42500	104408	[110006]	Assets/Product/Texture/Image/IconRoleQulity/CharacterIconWangpai.png	Assets/Product/Texture/Image/IconRoleQulity/CharacterIconWangpai1.png	Assets/Product/Texture/Atlas/UiCharacter/ChaGradeIconWangpai2.png	Assets/Product/Texture/Atlas/UiCharacter/ChaGradeIconWangpai1.png	特种Ⅱ
625	1041004	9	1	50000	104409	[110007]	Assets/Product/Texture/Image/IconRoleQulity/CharacterIconWangpai.png	Assets/Product/Texture/Image/IconRoleQulity/CharacterIconWangpai1.png	Assets/Product/Texture/Atlas/UiCharacter/ChaGradeIconWangpai2.png	Assets/Product/Texture/Atlas/UiCharacter/ChaGradeIconWangpai1.png	特种Ⅲ
626	1041004	10	1	60000	104410	[110008]	Assets/Product/Texture/Image/IconRoleQulity/CharacterIconTianxuan.png	Assets/Product/Texture/Image/IconRoleQulity/CharacterIconTianxuan1.png	Assets/Product/Texture/Atlas/UiCharacter/ChaGradeIconTianxuan2.png	Assets/Product/Texture/Atlas/UiCharacter/ChaGradeIconTianxuan1.png	王牌Ⅰ
627	1041004	11	1	70000	104411	[110009]	Assets/Product/Texture/Image/IconRoleQulity/CharacterIconTianxuan.png	Assets/Product/Texture/Image/IconRoleQulity/CharacterIconTianxuan1.png	Assets/Product/Texture/Atlas/UiCharacter/ChaGradeIconTianxuan2.png	Assets/Product/Texture/Atlas/UiCharacter/ChaGradeIconTianxuan1.png	王牌Ⅱ
628	1041004	12	1	80000	104412	[110010]	Assets/Product/Texture/Image/IconRoleQulity/CharacterIconTianxuan.png	Assets/Product/Texture/Image/IconRoleQulity/CharacterIconTianxuan1.png	Assets/Product/Texture/Atlas/UiCharacter/ChaGradeIconTianxuan2.png	Assets/Product/Texture/Atlas/UiCharacter/ChaGradeIconTianxuan1.png	王牌Ⅲ
629	1041004	13	1	100000	104413	[110011]	Assets/Product/Texture/Image/IconRoleQulity/CharacterIconTianxuan.png	Assets/Product/Texture/Image/IconRoleQulity/CharacterIconTianxuan1.png	Assets/Product/Texture/Atlas/UiCharacter/ChaGradeIconTianxuan2.png	Assets/Product/Texture/Atlas/UiCharacter/ChaGradeIconTianxuan1.png	王牌Ⅳ
630	1041004	14			104414	[110011]	Assets/Product/Texture/Image/IconRoleQulity/CharacterIconYingxiong.png	Assets/Product/Texture/Image/IconRoleQulity/CharacterIconYingxiong1.png	Assets/Product/Texture/Atlas/UiCharacter/ChaGradeIconYingxiong.png	Assets/Product/Texture/Atlas/UiCharacter/ChaGradeIconYingxiong.png	英雄
631	1231002	1	1	5000	123201	[109000]	Assets/Product/Texture/Image/IconRoleQulity/CharacterIconXinbing.png	Assets/Product/Texture/Image/IconRoleQulity/CharacterIconXinbing1.png	Assets/Product/Texture/Atlas/UiCharacter/ChaGradeIconXinbing1.png	Assets/Product/Texture/Atlas/UiCharacter/ChaGradeIconXinbing0.png	列兵Ⅰ
632	1231002	2	1	10000	123202	[110000]	Assets/Product/Texture/Image/IconRoleQulity/CharacterIconJingrui.png	Assets/Product/Texture/Image/IconRoleQulity/CharacterIconJingrui1.png	Assets/Product/Texture/Atlas/UiCharacter/ChaGradeIconJingrui2.png	Assets/Product/Texture/Atlas/UiCharacter/ChaGradeIconJingrui1.png	军士Ⅰ
633	1231002	3	1	15000	123203	[110001]	Assets/Product/Texture/Image/IconRoleQulity/CharacterIconJingrui.png	Assets/Product/Texture/Image/IconRoleQulity/CharacterIconJingrui1.png	Assets/Product/Texture/Atlas/UiCharacter/ChaGradeIconJingrui2.png	Assets/Product/Texture/Atlas/UiCharacter/ChaGradeIconJingrui1.png	军士Ⅱ
634	1231002	4	1	20000	123204	[110002]	Assets/Product/Texture/Image/IconRoleQulity/CharacterIconZhuli.png	Assets/Product/Texture/Image/IconRoleQulity/CharacterIconZhuli1.png	Assets/Product/Texture/Atlas/UiCharacter/ChaGradeIconZhuli2.png	Assets/Product/Texture/Atlas/UiCharacter/ChaGradeIconZhuli1.png	精锐Ⅰ
635	1231002	5	1	25000	123205	[110003]	Assets/Product/Texture/Image/IconRoleQulity/CharacterIconZhuli.png	Assets/Product/Texture/Image/IconRoleQulity/CharacterIconZhuli1.png	Assets/Product/Texture/Atlas/UiCharacter/ChaGradeIconZhuli2.png	Assets/Product/Texture/Atlas/UiCharacter/ChaGradeIconZhuli1.png	精锐Ⅱ
636	1231002	6	1	30000	123206	[110004]	Assets/Product/Texture/Image/IconRoleQulity/CharacterIconZhuli.png	Assets/Product/Texture/Image/IconRoleQulity/CharacterIconZhuli1.png	Assets/Product/Texture/Atlas/UiCharacter/ChaGradeIconZhuli2.png	Assets/Product/Texture/Atlas/UiCharacter/ChaGradeIconZhuli1.png	精锐Ⅲ
637	1231002	7	1	35000	123207	[110005]	Assets/Product/Texture/Image/IconRoleQulity/CharacterIconWangpai.png	Assets/Product/Texture/Image/IconRoleQulity/CharacterIconWangpai1.png	Assets/Product/Texture/Atlas/UiCharacter/ChaGradeIconWangpai2.png	Assets/Product/Texture/Atlas/UiCharacter/ChaGradeIconWangpai1.png	特种Ⅰ
638	1231002	8	1	42500	123208	[110006]	Assets/Product/Texture/Image/IconRoleQulity/CharacterIconWangpai.png	Assets/Product/Texture/Image/IconRoleQulity/CharacterIconWangpai1.png	Assets/Product/Texture/Atlas/UiCharacter/ChaGradeIconWangpai2.png	Assets/Product/Texture/Atlas/UiCharacter/ChaGradeIconWangpai1.png	特种Ⅱ
639	1231002	9	1	50000	123209	[110007]	Assets/Product/Texture/Image/IconRoleQulity/CharacterIconWangpai.png	Assets/Product/Texture/Image/IconRoleQulity/CharacterIconWangpai1.png	Assets/Product/Texture/Atlas/UiCharacter/ChaGradeIconWangpai2.png	Assets/Product/Texture/Atlas/UiCharacter/ChaGradeIconWangpai1.png	特种Ⅲ
640	1231002	10	1	60000	123210	[110008]	Assets/Product/Texture/Image/IconRoleQulity/CharacterIconTianxuan.png	Assets/Product/Texture/Image/IconRoleQulity/CharacterIconTianxuan1.png	Assets/Product/Texture/Atlas/UiCharacter/ChaGradeIconTianxuan2.png	Assets/Product/Texture/Atlas/UiCharacter/ChaGradeIconTianxuan1.png	王牌Ⅰ
641	1231002	11	1	70000	123211	[110009]	Assets/Product/Texture/Image/IconRoleQulity/CharacterIconTianxuan.png	Assets/Product/Texture/Image/IconRoleQulity/CharacterIconTianxuan1.png	Assets/Product/Texture/Atlas/UiCharacter/ChaGradeIconTianxuan2.png	Assets/Product/Texture/Atlas/UiCharacter/ChaGradeIconTianxuan1.png	王牌Ⅱ
642	1231002	12	1	80000	123212	[110010]	Assets/Product/Texture/Image/IconRoleQulity/CharacterIconTianxuan.png	Assets/Product/Texture/Image/IconRoleQulity/CharacterIconTianxuan1.png	Assets/Product/Texture/Atlas/UiCharacter/ChaGradeIconTianxuan2.png	Assets/Product/Texture/Atlas/UiCharacter/ChaGradeIconTianxuan1.png	王牌Ⅲ
643	1231002	13	1	100000	123213	[110011]	Assets/Product/Texture/Image/IconRoleQulity/CharacterIconTianxuan.png	Assets/Product/Texture/Image/IconRoleQulity/CharacterIconTianxuan1.png	Assets/Product/Texture/Atlas/UiCharacter/ChaGradeIconTianxuan2.png	Assets/Product/Texture/Atlas/UiCharacter/ChaGradeIconTianxuan1.png	王牌Ⅳ
644	1231002	14			123214	[110011]	Assets/Product/Texture/Image/IconRoleQulity/CharacterIconYingxiong.png	Assets/Product/Texture/Image/IconRoleQulity/CharacterIconYingxiong1.png	Assets/Product/Texture/Atlas/UiCharacter/ChaGradeIconYingxiong.png	Assets/Product/Texture/Atlas/UiCharacter/ChaGradeIconYingxiong.png	英雄
645	1011004	1	1	5000	101401	[109000]	Assets/Product/Texture/Image/IconRoleQulity/CharacterIconXinbing.png	Assets/Product/Texture/Image/IconRoleQulity/CharacterIconXinbing1.png	Assets/Product/Texture/Atlas/UiCharacter/ChaGradeIconXinbing1.png	Assets/Product/Texture/Atlas/UiCharacter/ChaGradeIconXinbing0.png	列兵Ⅰ
646	1011004	2	1	10000	101402	[110000]	Assets/Product/Texture/Image/IconRoleQulity/CharacterIconJingrui.png	Assets/Product/Texture/Image/IconRoleQulity/CharacterIconJingrui1.png	Assets/Product/Texture/Atlas/UiCharacter/ChaGradeIconJingrui2.png	Assets/Product/Texture/Atlas/UiCharacter/ChaGradeIconJingrui1.png	军士Ⅰ
647	1011004	3	1	15000	101403	[110001]	Assets/Product/Texture/Image/IconRoleQulity/CharacterIconJingrui.png	Assets/Product/Texture/Image/IconRoleQulity/CharacterIconJingrui1.png	Assets/Product/Texture/Atlas/UiCharacter/ChaGradeIconJingrui2.png	Assets/Product/Texture/Atlas/UiCharacter/ChaGradeIconJingrui1.png	军士Ⅱ
648	1011004	4	1	20000	101404	[110002]	Assets/Product/Texture/Image/IconRoleQulity/CharacterIconZhuli.png	Assets/Product/Texture/Image/IconRoleQulity/CharacterIconZhuli1.png	Assets/Product/Texture/Atlas/UiCharacter/ChaGradeIconZhuli2.png	Assets/Product/Texture/Atlas/UiCharacter/ChaGradeIconZhuli1.png	精锐Ⅰ
649	1011004	5	1	25000	101405	[110003]	Assets/Product/Texture/Image/IconRoleQulity/CharacterIconZhuli.png	Assets/Product/Texture/Image/IconRoleQulity/CharacterIconZhuli1.png	Assets/Product/Texture/Atlas/UiCharacter/ChaGradeIconZhuli2.png	Assets/Product/Texture/Atlas/UiCharacter/ChaGradeIconZhuli1.png	精锐Ⅱ
650	1011004	6	1	30000	101406	[110004]	Assets/Product/Texture/Image/IconRoleQulity/CharacterIconZhuli.png	Assets/Product/Texture/Image/IconRoleQulity/CharacterIconZhuli1.png	Assets/Product/Texture/Atlas/UiCharacter/ChaGradeIconZhuli2.png	Assets/Product/Texture/Atlas/UiCharacter/ChaGradeIconZhuli1.png	精锐Ⅲ
651	1011004	7	1	35000	101407	[110005]	Assets/Product/Texture/Image/IconRoleQulity/CharacterIconWangpai.png	Assets/Product/Texture/Image/IconRoleQulity/CharacterIconWangpai1.png	Assets/Product/Texture/Atlas/UiCharacter/ChaGradeIconWangpai2.png	Assets/Product/Texture/Atlas/UiCharacter/ChaGradeIconWangpai1.png	特种Ⅰ
652	1011004	8	1	42500	101408	[110006]	Assets/Product/Texture/Image/IconRoleQulity/CharacterIconWangpai.png	Assets/Product/Texture/Image/IconRoleQulity/CharacterIconWangpai1.png	Assets/Product/Texture/Atlas/UiCharacter/ChaGradeIconWangpai2.png	Assets/Product/Texture/Atlas/UiCharacter/ChaGradeIconWangpai1.png	特种Ⅱ
653	1011004	9	1	50000	101409	[110007]	Assets/Product/Texture/Image/IconRoleQulity/CharacterIconWangpai.png	Assets/Product/Texture/Image/IconRoleQulity/CharacterIconWangpai1.png	Assets/Product/Texture/Atlas/UiCharacter/ChaGradeIconWangpai2.png	Assets/Product/Texture/Atlas/UiCharacter/ChaGradeIconWangpai1.png	特种Ⅲ
654	1011004	10	1	60000	101410	[110008]	Assets/Product/Texture/Image/IconRoleQulity/CharacterIconTianxuan.png	Assets/Product/Texture/Image/IconRoleQulity/CharacterIconTianxuan1.png	Assets/Product/Texture/Atlas/UiCharacter/ChaGradeIconTianxuan2.png	Assets/Product/Texture/Atlas/UiCharacter/ChaGradeIconTianxuan1.png	王牌Ⅰ
655	1011004	11	1	70000	101411	[110009]	Assets/Product/Texture/Image/IconRoleQulity/CharacterIconTianxuan.png	Assets/Product/Texture/Image/IconRoleQulity/CharacterIconTianxuan1.png	Assets/Product/Texture/Atlas/UiCharacter/ChaGradeIconTianxuan2.png	Assets/Product/Texture/Atlas/UiCharacter/ChaGradeIconTianxuan1.png	王牌Ⅱ
656	1011004	12	1	80000	101412	[110010]	Assets/Product/Texture/Image/IconRoleQulity/CharacterIconTianxuan.png	Assets/Product/Texture/Image/IconRoleQulity/CharacterIconTianxuan1.png	Assets/Product/Texture/Atlas/UiCharacter/ChaGradeIconTianxuan2.png	Assets/Product/Texture/Atlas/UiCharacter/ChaGradeIconTianxuan1.png	王牌Ⅲ
657	1011004	13	1	100000	101413	[110011]	Assets/Product/Texture/Image/IconRoleQulity/CharacterIconTianxuan.png	Assets/Product/Texture/Image/IconRoleQulity/CharacterIconTianxuan1.png	Assets/Product/Texture/Atlas/UiCharacter/ChaGradeIconTianxuan2.png	Assets/Product/Texture/Atlas/UiCharacter/ChaGradeIconTianxuan1.png	王牌Ⅳ
658	1011004	14			101414	[110011]	Assets/Product/Texture/Image/IconRoleQulity/CharacterIconYingxiong.png	Assets/Product/Texture/Image/IconRoleQulity/CharacterIconYingxiong1.png	Assets/Product/Texture/Atlas/UiCharacter/ChaGradeIconYingxiong.png	Assets/Product/Texture/Atlas/UiCharacter/ChaGradeIconYingxiong.png	英雄
659	1091003	1	1	5000	109301	[109000]	Assets/Product/Texture/Image/IconRoleQulity/CharacterIconXinbing.png	Assets/Product/Texture/Image/IconRoleQulity/CharacterIconXinbing1.png	Assets/Product/Texture/Atlas/UiCharacter/ChaGradeIconXinbing1.png	Assets/Product/Texture/Atlas/UiCharacter/ChaGradeIconXinbing0.png	列兵Ⅰ
660	1091003	2	1	10000	109302	[110000]	Assets/Product/Texture/Image/IconRoleQulity/CharacterIconJingrui.png	Assets/Product/Texture/Image/IconRoleQulity/CharacterIconJingrui1.png	Assets/Product/Texture/Atlas/UiCharacter/ChaGradeIconJingrui2.png	Assets/Product/Texture/Atlas/UiCharacter/ChaGradeIconJingrui1.png	军士Ⅰ
661	1091003	3	1	15000	109303	[110001]	Assets/Product/Texture/Image/IconRoleQulity/CharacterIconJingrui.png	Assets/Product/Texture/Image/IconRoleQulity/CharacterIconJingrui1.png	Assets/Product/Texture/Atlas/UiCharacter/ChaGradeIconJingrui2.png	Assets/Product/Texture/Atlas/UiCharacter/ChaGradeIconJingrui1.png	军士Ⅱ
662	1091003	4	1	20000	109304	[110002]	Assets/Product/Texture/Image/IconRoleQulity/CharacterIconZhuli.png	Assets/Product/Texture/Image/IconRoleQulity/CharacterIconZhuli1.png	Assets/Product/Texture/Atlas/UiCharacter/ChaGradeIconZhuli2.png	Assets/Product/Texture/Atlas/UiCharacter/ChaGradeIconZhuli1.png	精锐Ⅰ
663	1091003	5	1	25000	109305	[110003]	Assets/Product/Texture/Image/IconRoleQulity/CharacterIconZhuli.png	Assets/Product/Texture/Image/IconRoleQulity/CharacterIconZhuli1.png	Assets/Product/Texture/Atlas/UiCharacter/ChaGradeIconZhuli2.png	Assets/Product/Texture/Atlas/UiCharacter/ChaGradeIconZhuli1.png	精锐Ⅱ
664	1091003	6	1	30000	109306	[110004]	Assets/Product/Texture/Image/IconRoleQulity/CharacterIconZhuli.png	Assets/Product/Texture/Image/IconRoleQulity/CharacterIconZhuli1.png	Assets/Product/Texture/Atlas/UiCharacter/ChaGradeIconZhuli2.png	Assets/Product/Texture/Atlas/UiCharacter/ChaGradeIconZhuli1.png	精锐Ⅲ
665	1091003	7	1	35000	109307	[110005]	Assets/Product/Texture/Image/IconRoleQulity/CharacterIconWangpai.png	Assets/Product/Texture/Image/IconRoleQulity/CharacterIconWangpai1.png	Assets/Product/Texture/Atlas/UiCharacter/ChaGradeIconWangpai2.png	Assets/Product/Texture/Atlas/UiCharacter/ChaGradeIconWangpai1.png	特种Ⅰ
666	1091003	8	1	42500	109308	[110006]	Assets/Product/Texture/Image/IconRoleQulity/CharacterIconWangpai.png	Assets/Product/Texture/Image/IconRoleQulity/CharacterIconWangpai1.png	Assets/Product/Texture/Atlas/UiCharacter/ChaGradeIconWangpai2.png	Assets/Product/Texture/Atlas/UiCharacter/ChaGradeIconWangpai1.png	特种Ⅱ
667	1091003	9	1	50000	109309	[110007]	Assets/Product/Texture/Image/IconRoleQulity/CharacterIconWangpai.png	Assets/Product/Texture/Image/IconRoleQulity/CharacterIconWangpai1.png	Assets/Product/Texture/Atlas/UiCharacter/ChaGradeIconWangpai2.png	Assets/Product/Texture/Atlas/UiCharacter/ChaGradeIconWangpai1.png	特种Ⅲ
668	1091003	10	1	60000	109310	[110008]	Assets/Product/Texture/Image/IconRoleQulity/CharacterIconTianxuan.png	Assets/Product/Texture/Image/IconRoleQulity/CharacterIconTianxuan1.png	Assets/Product/Texture/Atlas/UiCharacter/ChaGradeIconTianxuan2.png	Assets/Product/Texture/Atlas/UiCharacter/ChaGradeIconTianxuan1.png	王牌Ⅰ
669	1091003	11	1	70000	109311	[110009]	Assets/Product/Texture/Image/IconRoleQulity/CharacterIconTianxuan.png	Assets/Product/Texture/Image/IconRoleQulity/CharacterIconTianxuan1.png	Assets/Product/Texture/Atlas/UiCharacter/ChaGradeIconTianxuan2.png	Assets/Product/Texture/Atlas/UiCharacter/ChaGradeIconTianxuan1.png	王牌Ⅱ
670	1091003	12	1	80000	109312	[110010]	Assets/Product/Texture/Image/IconRoleQulity/CharacterIconTianxuan.png	Assets/Product/Texture/Image/IconRoleQulity/CharacterIconTianxuan1.png	Assets/Product/Texture/Atlas/UiCharacter/ChaGradeIconTianxuan2.png	Assets/Product/Texture/Atlas/UiCharacter/ChaGradeIconTianxuan1.png	王牌Ⅲ
671	1091003	13	1	100000	109313	[110011]	Assets/Product/Texture/Image/IconRoleQulity/CharacterIconTianxuan.png	Assets/Product/Texture/Image/IconRoleQulity/CharacterIconTianxuan1.png	Assets/Product/Texture/Atlas/UiCharacter/ChaGradeIconTianxuan2.png	Assets/Product/Texture/Atlas/UiCharacter/ChaGradeIconTianxuan1.png	王牌Ⅳ
672	1091003	14			109314	[110011]	Assets/Product/Texture/Image/IconRoleQulity/CharacterIconYingxiong.png	Assets/Product/Texture/Image/IconRoleQulity/CharacterIconYingxiong1.png	Assets/Product/Texture/Atlas/UiCharacter/ChaGradeIconYingxiong.png	Assets/Product/Texture/Atlas/UiCharacter/ChaGradeIconYingxiong.png	英雄
673	1021005	1	1	5000	102501	[109000]	Assets/Product/Texture/Image/IconRoleQulity/CharacterIconXinbing.png	Assets/Product/Texture/Image/IconRoleQulity/CharacterIconXinbing1.png	Assets/Product/Texture/Atlas/UiCharacter/ChaGradeIconXinbing1.png	Assets/Product/Texture/Atlas/UiCharacter/ChaGradeIconXinbing0.png	列兵Ⅰ
674	1021005	2	1	10000	102502	[110000]	Assets/Product/Texture/Image/IconRoleQulity/CharacterIconJingrui.png	Assets/Product/Texture/Image/IconRoleQulity/CharacterIconJingrui1.png	Assets/Product/Texture/Atlas/UiCharacter/ChaGradeIconJingrui2.png	Assets/Product/Texture/Atlas/UiCharacter/ChaGradeIconJingrui1.png	军士Ⅰ
675	1021005	3	1	15000	102503	[110001]	Assets/Product/Texture/Image/IconRoleQulity/CharacterIconJingrui.png	Assets/Product/Texture/Image/IconRoleQulity/CharacterIconJingrui1.png	Assets/Product/Texture/Atlas/UiCharacter/ChaGradeIconJingrui2.png	Assets/Product/Texture/Atlas/UiCharacter/ChaGradeIconJingrui1.png	军士Ⅱ
676	1021005	4	1	20000	102504	[110002]	Assets/Product/Texture/Image/IconRoleQulity/CharacterIconZhuli.png	Assets/Product/Texture/Image/IconRoleQulity/CharacterIconZhuli1.png	Assets/Product/Texture/Atlas/UiCharacter/ChaGradeIconZhuli2.png	Assets/Product/Texture/Atlas/UiCharacter/ChaGradeIconZhuli1.png	精锐Ⅰ
677	1021005	5	1	25000	102505	[110003]	Assets/Product/Texture/Image/IconRoleQulity/CharacterIconZhuli.png	Assets/Product/Texture/Image/IconRoleQulity/CharacterIconZhuli1.png	Assets/Product/Texture/Atlas/UiCharacter/ChaGradeIconZhuli2.png	Assets/Product/Texture/Atlas/UiCharacter/ChaGradeIconZhuli1.png	精锐Ⅱ
678	1021005	6	1	30000	102506	[110004]	Assets/Product/Texture/Image/IconRoleQulity/CharacterIconZhuli.png	Assets/Product/Texture/Image/IconRoleQulity/CharacterIconZhuli1.png	Assets/Product/Texture/Atlas/UiCharacter/ChaGradeIconZhuli2.png	Assets/Product/Texture/Atlas/UiCharacter/ChaGradeIconZhuli1.png	精锐Ⅲ
679	1021005	7	1	35000	102507	[110005]	Assets/Product/Texture/Image/IconRoleQulity/CharacterIconWangpai.png	Assets/Product/Texture/Image/IconRoleQulity/CharacterIconWangpai1.png	Assets/Product/Texture/Atlas/UiCharacter/ChaGradeIconWangpai2.png	Assets/Product/Texture/Atlas/UiCharacter/ChaGradeIconWangpai1.png	特种Ⅰ
680	1021005	8	1	42500	102508	[110006]	Assets/Product/Texture/Image/IconRoleQulity/CharacterIconWangpai.png	Assets/Product/Texture/Image/IconRoleQulity/CharacterIconWangpai1.png	Assets/Product/Texture/Atlas/UiCharacter/ChaGradeIconWangpai2.png	Assets/Product/Texture/Atlas/UiCharacter/ChaGradeIconWangpai1.png	特种Ⅱ
681	1021005	9	1	50000	102509	[110007]	Assets/Product/Texture/Image/IconRoleQulity/CharacterIconWangpai.png	Assets/Product/Texture/Image/IconRoleQulity/CharacterIconWangpai1.png	Assets/Product/Texture/Atlas/UiCharacter/ChaGradeIconWangpai2.png	Assets/Product/Texture/Atlas/UiCharacter/ChaGradeIconWangpai1.png	特种Ⅲ
682	1021005	10	1	60000	102510	[110008]	Assets/Product/Texture/Image/IconRoleQulity/CharacterIconTianxuan.png	Assets/Product/Texture/Image/IconRoleQulity/CharacterIconTianxuan1.png	Assets/Product/Texture/Atlas/UiCharacter/ChaGradeIconTianxuan2.png	Assets/Product/Texture/Atlas/UiCharacter/ChaGradeIconTianxuan1.png	王牌Ⅰ
683	1021005	11	1	70000	102511	[110009]	Assets/Product/Texture/Image/IconRoleQulity/CharacterIconTianxuan.png	Assets/Product/Texture/Image/IconRoleQulity/CharacterIconTianxuan1.png	Assets/Product/Texture/Atlas/UiCharacter/ChaGradeIconTianxuan2.png	Assets/Product/Texture/Atlas/UiCharacter/ChaGradeIconTianxuan1.png	王牌Ⅱ
684	1021005	12	1	80000	102512	[110010]	Assets/Product/Texture/Image/IconRoleQulity/CharacterIconTianxuan.png	Assets/Product/Texture/Image/IconRoleQulity/CharacterIconTianxuan1.png	Assets/Product/Texture/Atlas/UiCharacter/ChaGradeIconTianxuan2.png	Assets/Product/Texture/Atlas/UiCharacter/ChaGradeIconTianxuan1.png	王牌Ⅲ
685	1021005	13	1	100000	102513	[110011]	Assets/Product/Texture/Image/IconRoleQulity/CharacterIconTianxuan.png	Assets/Product/Texture/Image/IconRoleQulity/CharacterIconTianxuan1.png	Assets/Product/Texture/Atlas/UiCharacter/ChaGradeIconTianxuan2.png	Assets/Product/Texture/Atlas/UiCharacter/ChaGradeIconTianxuan1.png	王牌Ⅳ
686	1021005	14			102514	[110011]	Assets/Product/Texture/Image/IconRoleQulity/CharacterIconYingxiong.png	Assets/Product/Texture/Image/IconRoleQulity/CharacterIconYingxiong1.png	Assets/Product/Texture/Atlas/UiCharacter/ChaGradeIconYingxiong.png	Assets/Product/Texture/Atlas/UiCharacter/ChaGradeIconYingxiong.png	英雄
687	1241002	1	1	5000	124201	[109000]	Assets/Product/Texture/Image/IconRoleQulity/CharacterIconXinbing.png	Assets/Product/Texture/Image/IconRoleQulity/CharacterIconXinbing1.png	Assets/Product/Texture/Atlas/UiCharacter/ChaGradeIconXinbing1.png	Assets/Product/Texture/Atlas/UiCharacter/ChaGradeIconXinbing0.png	列兵Ⅰ
688	1241002	2	1	10000	124202	[110000]	Assets/Product/Texture/Image/IconRoleQulity/CharacterIconJingrui.png	Assets/Product/Texture/Image/IconRoleQulity/CharacterIconJingrui1.png	Assets/Product/Texture/Atlas/UiCharacter/ChaGradeIconJingrui2.png	Assets/Product/Texture/Atlas/UiCharacter/ChaGradeIconJingrui1.png	军士Ⅰ
689	1241002	3	1	15000	124203	[110001]	Assets/Product/Texture/Image/IconRoleQulity/CharacterIconJingrui.png	Assets/Product/Texture/Image/IconRoleQulity/CharacterIconJingrui1.png	Assets/Product/Texture/Atlas/UiCharacter/ChaGradeIconJingrui2.png	Assets/Product/Texture/Atlas/UiCharacter/ChaGradeIconJingrui1.png	军士Ⅱ
690	1241002	4	1	20000	124204	[110002]	Assets/Product/Texture/Image/IconRoleQulity/CharacterIconZhuli.png	Assets/Product/Texture/Image/IconRoleQulity/CharacterIconZhuli1.png	Assets/Product/Texture/Atlas/UiCharacter/ChaGradeIconZhuli2.png	Assets/Product/Texture/Atlas/UiCharacter/ChaGradeIconZhuli1.png	精锐Ⅰ
691	1241002	5	1	25000	124205	[110003]	Assets/Product/Texture/Image/IconRoleQulity/CharacterIconZhuli.png	Assets/Product/Texture/Image/IconRoleQulity/CharacterIconZhuli1.png	Assets/Product/Texture/Atlas/UiCharacter/ChaGradeIconZhuli2.png	Assets/Product/Texture/Atlas/UiCharacter/ChaGradeIconZhuli1.png	精锐Ⅱ
692	1241002	6	1	30000	124206	[110004]	Assets/Product/Texture/Image/IconRoleQulity/CharacterIconZhuli.png	Assets/Product/Texture/Image/IconRoleQulity/CharacterIconZhuli1.png	Assets/Product/Texture/Atlas/UiCharacter/ChaGradeIconZhuli2.png	Assets/Product/Texture/Atlas/UiCharacter/ChaGradeIconZhuli1.png	精锐Ⅲ
693	1241002	7	1	35000	124207	[110005]	Assets/Product/Texture/Image/IconRoleQulity/CharacterIconWangpai.png	Assets/Product/Texture/Image/IconRoleQulity/CharacterIconWangpai1.png	Assets/Product/Texture/Atlas/UiCharacter/ChaGradeIconWangpai2.png	Assets/Product/Texture/Atlas/UiCharacter/ChaGradeIconWangpai1.png	特种Ⅰ
694	1241002	8	1	42500	124208	[110006]	Assets/Product/Texture/Image/IconRoleQulity/CharacterIconWangpai.png	Assets/Product/Texture/Image/IconRoleQulity/CharacterIconWangpai1.png	Assets/Product/Texture/Atlas/UiCharacter/ChaGradeIconWangpai2.png	Assets/Product/Texture/Atlas/UiCharacter/ChaGradeIconWangpai1.png	特种Ⅱ
695	1241002	9	1	50000	124209	[110007]	Assets/Product/Texture/Image/IconRoleQulity/CharacterIconWangpai.png	Assets/Product/Texture/Image/IconRoleQulity/CharacterIconWangpai1.png	Assets/Product/Texture/Atlas/UiCharacter/ChaGradeIconWangpai2.png	Assets/Product/Texture/Atlas/UiCharacter/ChaGradeIconWangpai1.png	特种Ⅲ
696	1241002	10	1	60000	124210	[110008]	Assets/Product/Texture/Image/IconRoleQulity/CharacterIconTianxuan.png	Assets/Product/Texture/Image/IconRoleQulity/CharacterIconTianxuan1.png	Assets/Product/Texture/Atlas/UiCharacter/ChaGradeIconTianxuan2.png	Assets/Product/Texture/Atlas/UiCharacter/ChaGradeIconTianxuan1.png	王牌Ⅰ
697	1241002	11	1	70000	124211	[110009]	Assets/Product/Texture/Image/IconRoleQulity/CharacterIconTianxuan.png	Assets/Product/Texture/Image/IconRoleQulity/CharacterIconTianxuan1.png	Assets/Product/Texture/Atlas/UiCharacter/ChaGradeIconTianxuan2.png	Assets/Product/Texture/Atlas/UiCharacter/ChaGradeIconTianxuan1.png	王牌Ⅱ
698	1241002	12	1	80000	124212	[110010]	Assets/Product/Texture/Image/IconRoleQulity/CharacterIconTianxuan.png	Assets/Product/Texture/Image/IconRoleQulity/CharacterIconTianxuan1.png	Assets/Product/Texture/Atlas/UiCharacter/ChaGradeIconTianxuan2.png	Assets/Product/Texture/Atlas/UiCharacter/ChaGradeIconTianxuan1.png	王牌Ⅲ
699	1241002	13	1	100000	124213	[110011]	Assets/Product/Texture/Image/IconRoleQulity/CharacterIconTianxuan.png	Assets/Product/Texture/Image/IconRoleQulity/CharacterIconTianxuan1.png	Assets/Product/Texture/Atlas/UiCharacter/ChaGradeIconTianxuan2.png	Assets/Product/Texture/Atlas/UiCharacter/ChaGradeIconTianxuan1.png	王牌Ⅳ
700	1241002	14			124214	[110011]	Assets/Product/Texture/Image/IconRoleQulity/CharacterIconYingxiong.png	Assets/Product/Texture/Image/IconRoleQulity/CharacterIconYingxiong1.png	Assets/Product/Texture/Atlas/UiCharacter/ChaGradeIconYingxiong.png	Assets/Product/Texture/Atlas/UiCharacter/ChaGradeIconYingxiong.png	英雄
701	1221003	1	1	5000	122301	[109000]	Assets/Product/Texture/Image/IconRoleQulity/CharacterIconXinbing.png	Assets/Product/Texture/Image/IconRoleQulity/CharacterIconXinbing1.png	Assets/Product/Texture/Atlas/UiCharacter/ChaGradeIconXinbing1.png	Assets/Product/Texture/Atlas/UiCharacter/ChaGradeIconXinbing0.png	列兵Ⅰ
702	1221003	2	1	10000	122302	[110000]	Assets/Product/Texture/Image/IconRoleQulity/CharacterIconJingrui.png	Assets/Product/Texture/Image/IconRoleQulity/CharacterIconJingrui1.png	Assets/Product/Texture/Atlas/UiCharacter/ChaGradeIconJingrui2.png	Assets/Product/Texture/Atlas/UiCharacter/ChaGradeIconJingrui1.png	军士Ⅰ
703	1221003	3	1	15000	122303	[110001]	Assets/Product/Texture/Image/IconRoleQulity/CharacterIconJingrui.png	Assets/Product/Texture/Image/IconRoleQulity/CharacterIconJingrui1.png	Assets/Product/Texture/Atlas/UiCharacter/ChaGradeIconJingrui2.png	Assets/Product/Texture/Atlas/UiCharacter/ChaGradeIconJingrui1.png	军士Ⅱ
704	1221003	4	1	20000	122304	[110002]	Assets/Product/Texture/Image/IconRoleQulity/CharacterIconZhuli.png	Assets/Product/Texture/Image/IconRoleQulity/CharacterIconZhuli1.png	Assets/Product/Texture/Atlas/UiCharacter/ChaGradeIconZhuli2.png	Assets/Product/Texture/Atlas/UiCharacter/ChaGradeIconZhuli1.png	精锐Ⅰ
705	1221003	5	1	25000	122305	[110003]	Assets/Product/Texture/Image/IconRoleQulity/CharacterIconZhuli.png	Assets/Product/Texture/Image/IconRoleQulity/CharacterIconZhuli1.png	Assets/Product/Texture/Atlas/UiCharacter/ChaGradeIconZhuli2.png	Assets/Product/Texture/Atlas/UiCharacter/ChaGradeIconZhuli1.png	精锐Ⅱ
706	1221003	6	1	30000	122306	[110004]	Assets/Product/Texture/Image/IconRoleQulity/CharacterIconZhuli.png	Assets/Product/Texture/Image/IconRoleQulity/CharacterIconZhuli1.png	Assets/Product/Texture/Atlas/UiCharacter/ChaGradeIconZhuli2.png	Assets/Product/Texture/Atlas/UiCharacter/ChaGradeIconZhuli1.png	精锐Ⅲ
707	1221003	7	1	35000	122307	[110005]	Assets/Product/Texture/Image/IconRoleQulity/CharacterIconWangpai.png	Assets/Product/Texture/Image/IconRoleQulity/CharacterIconWangpai1.png	Assets/Product/Texture/Atlas/UiCharacter/ChaGradeIconWangpai2.png	Assets/Product/Texture/Atlas/UiCharacter/ChaGradeIconWangpai1.png	特种Ⅰ
708	1221003	8	1	42500	122308	[110006]	Assets/Product/Texture/Image/IconRoleQulity/CharacterIconWangpai.png	Assets/Product/Texture/Image/IconRoleQulity/CharacterIconWangpai1.png	Assets/Product/Texture/Atlas/UiCharacter/ChaGradeIconWangpai2.png	Assets/Product/Texture/Atlas/UiCharacter/ChaGradeIconWangpai1.png	特种Ⅱ
709	1221003	9	1	50000	122309	[110007]	Assets/Product/Texture/Image/IconRoleQulity/CharacterIconWangpai.png	Assets/Product/Texture/Image/IconRoleQulity/CharacterIconWangpai1.png	Assets/Product/Texture/Atlas/UiCharacter/ChaGradeIconWangpai2.png	Assets/Product/Texture/Atlas/UiCharacter/ChaGradeIconWangpai1.png	特种Ⅲ
710	1221003	10	1	60000	122310	[110008]	Assets/Product/Texture/Image/IconRoleQulity/CharacterIconTianxuan.png	Assets/Product/Texture/Image/IconRoleQulity/CharacterIconTianxuan1.png	Assets/Product/Texture/Atlas/UiCharacter/ChaGradeIconTianxuan2.png	Assets/Product/Texture/Atlas/UiCharacter/ChaGradeIconTianxuan1.png	王牌Ⅰ
711	1221003	11	1	70000	122311	[110009]	Assets/Product/Texture/Image/IconRoleQulity/CharacterIconTianxuan.png	Assets/Product/Texture/Image/IconRoleQulity/CharacterIconTianxuan1.png	Assets/Product/Texture/Atlas/UiCharacter/ChaGradeIconTianxuan2.png	Assets/Product/Texture/Atlas/UiCharacter/ChaGradeIconTianxuan1.png	王牌Ⅱ
712	1221003	12	1	80000	122312	[110010]	Assets/Product/Texture/Image/IconRoleQulity/CharacterIconTianxuan.png	Assets/Product/Texture/Image/IconRoleQulity/CharacterIconTianxuan1.png	Assets/Product/Texture/Atlas/UiCharacter/ChaGradeIconTianxuan2.png	Assets/Product/Texture/Atlas/UiCharacter/ChaGradeIconTianxuan1.png	王牌Ⅲ
713	1221003	13	1	100000	122313	[110011]	Assets/Product/Texture/Image/IconRoleQulity/CharacterIconTianxuan.png	Assets/Product/Texture/Image/IconRoleQulity/CharacterIconTianxuan1.png	Assets/Product/Texture/Atlas/UiCharacter/ChaGradeIconTianxuan2.png	Assets/Product/Texture/Atlas/UiCharacter/ChaGradeIconTianxuan1.png	王牌Ⅳ
714	1221003	14			122314	[110011]	Assets/Product/Texture/Image/IconRoleQulity/CharacterIconYingxiong.png	Assets/Product/Texture/Image/IconRoleQulity/CharacterIconYingxiong1.png	Assets/Product/Texture/Atlas/UiCharacter/ChaGradeIconYingxiong.png	Assets/Product/Texture/Atlas/UiCharacter/ChaGradeIconYingxiong.png	英雄
715	1251002	1	1	5000	125201	[109000]	Assets/Product/Texture/Image/IconRoleQulity/CharacterIconXinbing.png	Assets/Product/Texture/Image/IconRoleQulity/CharacterIconXinbing1.png	Assets/Product/Texture/Atlas/UiCharacter/ChaGradeIconXinbing1.png	Assets/Product/Texture/Atlas/UiCharacter/ChaGradeIconXinbing0.png	列兵Ⅰ
716	1251002	2	1	10000	125202	[110000]	Assets/Product/Texture/Image/IconRoleQulity/CharacterIconJingrui.png	Assets/Product/Texture/Image/IconRoleQulity/CharacterIconJingrui1.png	Assets/Product/Texture/Atlas/UiCharacter/ChaGradeIconJingrui2.png	Assets/Product/Texture/Atlas/UiCharacter/ChaGradeIconJingrui1.png	军士Ⅰ
717	1251002	3	1	15000	125203	[110001]	Assets/Product/Texture/Image/IconRoleQulity/CharacterIconJingrui.png	Assets/Product/Texture/Image/IconRoleQulity/CharacterIconJingrui1.png	Assets/Product/Texture/Atlas/UiCharacter/ChaGradeIconJingrui2.png	Assets/Product/Texture/Atlas/UiCharacter/ChaGradeIconJingrui1.png	军士Ⅱ
718	1251002	4	1	20000	125204	[110002]	Assets/Product/Texture/Image/IconRoleQulity/CharacterIconZhuli.png	Assets/Product/Texture/Image/IconRoleQulity/CharacterIconZhuli1.png	Assets/Product/Texture/Atlas/UiCharacter/ChaGradeIconZhuli2.png	Assets/Product/Texture/Atlas/UiCharacter/ChaGradeIconZhuli1.png	精锐Ⅰ
719	1251002	5	1	25000	125205	[110003]	Assets/Product/Texture/Image/IconRoleQulity/CharacterIconZhuli.png	Assets/Product/Texture/Image/IconRoleQulity/CharacterIconZhuli1.png	Assets/Product/Texture/Atlas/UiCharacter/ChaGradeIconZhuli2.png	Assets/Product/Texture/Atlas/UiCharacter/ChaGradeIconZhuli1.png	精锐Ⅱ
720	1251002	6	1	30000	125206	[110004]	Assets/Product/Texture/Image/IconRoleQulity/CharacterIconZhuli.png	Assets/Product/Texture/Image/IconRoleQulity/CharacterIconZhuli1.png	Assets/Product/Texture/Atlas/UiCharacter/ChaGradeIconZhuli2.png	Assets/Product/Texture/Atlas/UiCharacter/ChaGradeIconZhuli1.png	精锐Ⅲ
721	1251002	7	1	35000	125207	[110005]	Assets/Product/Texture/Image/IconRoleQulity/CharacterIconWangpai.png	Assets/Product/Texture/Image/IconRoleQulity/CharacterIconWangpai1.png	Assets/Product/Texture/Atlas/UiCharacter/ChaGradeIconWangpai2.png	Assets/Product/Texture/Atlas/UiCharacter/ChaGradeIconWangpai1.png	特种Ⅰ
722	1251002	8	1	42500	125208	[110006]	Assets/Product/Texture/Image/IconRoleQulity/CharacterIconWangpai.png	Assets/Product/Texture/Image/IconRoleQulity/CharacterIconWangpai1.png	Assets/Product/Texture/Atlas/UiCharacter/ChaGradeIconWangpai2.png	Assets/Product/Texture/Atlas/UiCharacter/ChaGradeIconWangpai1.png	特种Ⅱ
723	1251002	9	1	50000	125209	[110007]	Assets/Product/Texture/Image/IconRoleQulity/CharacterIconWangpai.png	Assets/Product/Texture/Image/IconRoleQulity/CharacterIconWangpai1.png	Assets/Product/Texture/Atlas/UiCharacter/ChaGradeIconWangpai2.png	Assets/Product/Texture/Atlas/UiCharacter/ChaGradeIconWangpai1.png	特种Ⅲ
724	1251002	10	1	60000	125210	[110008]	Assets/Product/Texture/Image/IconRoleQulity/CharacterIconTianxuan.png	Assets/Product/Texture/Image/IconRoleQulity/CharacterIconTianxuan1.png	Assets/Product/Texture/Atlas/UiCharacter/ChaGradeIconTianxuan2.png	Assets/Product/Texture/Atlas/UiCharacter/ChaGradeIconTianxuan1.png	王牌Ⅰ
725	1251002	11	1	70000	125211	[110009]	Assets/Product/Texture/Image/IconRoleQulity/CharacterIconTianxuan.png	Assets/Product/Texture/Image/IconRoleQulity/CharacterIconTianxuan1.png	Assets/Product/Texture/Atlas/UiCharacter/ChaGradeIconTianxuan2.png	Assets/Product/Texture/Atlas/UiCharacter/ChaGradeIconTianxuan1.png	王牌Ⅱ
726	1251002	12	1	80000	125212	[110010]	Assets/Product/Texture/Image/IconRoleQulity/CharacterIconTianxuan.png	Assets/Product/Texture/Image/IconRoleQulity/CharacterIconTianxuan1.png	Assets/Product/Texture/Atlas/UiCharacter/ChaGradeIconTianxuan2.png	Assets/Product/Texture/Atlas/UiCharacter/ChaGradeIconTianxuan1.png	王牌Ⅲ
727	1251002	13	1	100000	125213	[110011]	Assets/Product/Texture/Image/IconRoleQulity/CharacterIconTianxuan.png	Assets/Product/Texture/Image/IconRoleQulity/CharacterIconTianxuan1.png	Assets/Product/Texture/Atlas/UiCharacter/ChaGradeIconTianxuan2.png	Assets/Product/Texture/Atlas/UiCharacter/ChaGradeIconTianxuan1.png	王牌Ⅳ
728	1251002	14			125214	[110011]	Assets/Product/Texture/Image/IconRoleQulity/CharacterIconYingxiong.png	Assets/Product/Texture/Image/IconRoleQulity/CharacterIconYingxiong1.png	Assets/Product/Texture/Atlas/UiCharacter/ChaGradeIconYingxiong.png	Assets/Product/Texture/Atlas/UiCharacter/ChaGradeIconYingxiong.png	英雄
729	1261003	1	1	5000	126301	[109000]	Assets/Product/Texture/Image/IconRoleQulity/CharacterIconXinbing.png	Assets/Product/Texture/Image/IconRoleQulity/CharacterIconXinbing1.png	Assets/Product/Texture/Atlas/UiCharacter/ChaGradeIconXinbing1.png	Assets/Product/Texture/Atlas/UiCharacter/ChaGradeIconXinbing0.png	列兵Ⅰ
730	1261003	2	1	10000	126302	[110000]	Assets/Product/Texture/Image/IconRoleQulity/CharacterIconJingrui.png	Assets/Product/Texture/Image/IconRoleQulity/CharacterIconJingrui1.png	Assets/Product/Texture/Atlas/UiCharacter/ChaGradeIconJingrui2.png	Assets/Product/Texture/Atlas/UiCharacter/ChaGradeIconJingrui1.png	军士Ⅰ
731	1261003	3	1	15000	126303	[110001]	Assets/Product/Texture/Image/IconRoleQulity/CharacterIconJingrui.png	Assets/Product/Texture/Image/IconRoleQulity/CharacterIconJingrui1.png	Assets/Product/Texture/Atlas/UiCharacter/ChaGradeIconJingrui2.png	Assets/Product/Texture/Atlas/UiCharacter/ChaGradeIconJingrui1.png	军士Ⅱ
732	1261003	4	1	20000	126304	[110002]	Assets/Product/Texture/Image/IconRoleQulity/CharacterIconZhuli.png	Assets/Product/Texture/Image/IconRoleQulity/CharacterIconZhuli1.png	Assets/Product/Texture/Atlas/UiCharacter/ChaGradeIconZhuli2.png	Assets/Product/Texture/Atlas/UiCharacter/ChaGradeIconZhuli1.png	精锐Ⅰ
733	1261003	5	1	25000	126305	[110003]	Assets/Product/Texture/Image/IconRoleQulity/CharacterIconZhuli.png	Assets/Product/Texture/Image/IconRoleQulity/CharacterIconZhuli1.png	Assets/Product/Texture/Atlas/UiCharacter/ChaGradeIconZhuli2.png	Assets/Product/Texture/Atlas/UiCharacter/ChaGradeIconZhuli1.png	精锐Ⅱ
734	1261003	6	1	30000	126306	[110004]	Assets/Product/Texture/Image/IconRoleQulity/CharacterIconZhuli.png	Assets/Product/Texture/Image/IconRoleQulity/CharacterIconZhuli1.png	Assets/Product/Texture/Atlas/UiCharacter/ChaGradeIconZhuli2.png	Assets/Product/Texture/Atlas/UiCharacter/ChaGradeIconZhuli1.png	精锐Ⅲ
735	1261003	7	1	35000	126307	[110005]	Assets/Product/Texture/Image/IconRoleQulity/CharacterIconWangpai.png	Assets/Product/Texture/Image/IconRoleQulity/CharacterIconWangpai1.png	Assets/Product/Texture/Atlas/UiCharacter/ChaGradeIconWangpai2.png	Assets/Product/Texture/Atlas/UiCharacter/ChaGradeIconWangpai1.png	特种Ⅰ
736	1261003	8	1	42500	126308	[110006]	Assets/Product/Texture/Image/IconRoleQulity/CharacterIconWangpai.png	Assets/Product/Texture/Image/IconRoleQulity/CharacterIconWangpai1.png	Assets/Product/Texture/Atlas/UiCharacter/ChaGradeIconWangpai2.png	Assets/Product/Texture/Atlas/UiCharacter/ChaGradeIconWangpai1.png	特种Ⅱ
737	1261003	9	1	50000	126309	[110007]	Assets/Product/Texture/Image/IconRoleQulity/CharacterIconWangpai.png	Assets/Product/Texture/Image/IconRoleQulity/CharacterIconWangpai1.png	Assets/Product/Texture/Atlas/UiCharacter/ChaGradeIconWangpai2.png	Assets/Product/Texture/Atlas/UiCharacter/ChaGradeIconWangpai1.png	特种Ⅲ
738	1261003	10	1	60000	126310	[110008]	Assets/Product/Texture/Image/IconRoleQulity/CharacterIconTianxuan.png	Assets/Product/Texture/Image/IconRoleQulity/CharacterIconTianxuan1.png	Assets/Product/Texture/Atlas/UiCharacter/ChaGradeIconTianxuan2.png	Assets/Product/Texture/Atlas/UiCharacter/ChaGradeIconTianxuan1.png	王牌Ⅰ
739	1261003	11	1	70000	126311	[110009]	Assets/Product/Texture/Image/IconRoleQulity/CharacterIconTianxuan.png	Assets/Product/Texture/Image/IconRoleQulity/CharacterIconTianxuan1.png	Assets/Product/Texture/Atlas/UiCharacter/ChaGradeIconTianxuan2.png	Assets/Product/Texture/Atlas/UiCharacter/ChaGradeIconTianxuan1.png	王牌Ⅱ
740	1261003	12	1	80000	126312	[110010]	Assets/Product/Texture/Image/IconRoleQulity/CharacterIconTianxuan.png	Assets/Product/Texture/Image/IconRoleQulity/CharacterIconTianxuan1.png	Assets/Product/Texture/Atlas/UiCharacter/ChaGradeIconTianxuan2.png	Assets/Product/Texture/Atlas/UiCharacter/ChaGradeIconTianxuan1.png	王牌Ⅲ
741	1261003	13	1	100000	126313	[110011]	Assets/Product/Texture/Image/IconRoleQulity/CharacterIconTianxuan.png	Assets/Product/Texture/Image/IconRoleQulity/CharacterIconTianxuan1.png	Assets/Product/Texture/Atlas/UiCharacter/ChaGradeIconTianxuan2.png	Assets/Product/Texture/Atlas/UiCharacter/ChaGradeIconTianxuan1.png	王牌Ⅳ
742	1261003	14			126314	[110011]	Assets/Product/Texture/Image/IconRoleQulity/CharacterIconYingxiong.png	Assets/Product/Texture/Image/IconRoleQulity/CharacterIconYingxiong1.png	Assets/Product/Texture/Atlas/UiCharacter/ChaGradeIconYingxiong.png	Assets/Product/Texture/Atlas/UiCharacter/ChaGradeIconYingxiong.png	英雄
743	1271003	1	1	5000	127301	[109000]	Assets/Product/Texture/Image/IconRoleQulity/CharacterIconXinbing.png	Assets/Product/Texture/Image/IconRoleQulity/CharacterIconXinbing1.png	Assets/Product/Texture/Atlas/UiCharacter/ChaGradeIconXinbing1.png	Assets/Product/Texture/Atlas/UiCharacter/ChaGradeIconXinbing0.png	列兵Ⅰ
744	1271003	2	1	10000	127302	[110000]	Assets/Product/Texture/Image/IconRoleQulity/CharacterIconJingrui.png	Assets/Product/Texture/Image/IconRoleQulity/CharacterIconJingrui1.png	Assets/Product/Texture/Atlas/UiCharacter/ChaGradeIconJingrui2.png	Assets/Product/Texture/Atlas/UiCharacter/ChaGradeIconJingrui1.png	军士Ⅰ
745	1271003	3	1	15000	127303	[110001]	Assets/Product/Texture/Image/IconRoleQulity/CharacterIconJingrui.png	Assets/Product/Texture/Image/IconRoleQulity/CharacterIconJingrui1.png	Assets/Product/Texture/Atlas/UiCharacter/ChaGradeIconJingrui2.png	Assets/Product/Texture/Atlas/UiCharacter/ChaGradeIconJingrui1.png	军士Ⅱ
746	1271003	4	1	20000	127304	[110002]	Assets/Product/Texture/Image/IconRoleQulity/CharacterIconZhuli.png	Assets/Product/Texture/Image/IconRoleQulity/CharacterIconZhuli1.png	Assets/Product/Texture/Atlas/UiCharacter/ChaGradeIconZhuli2.png	Assets/Product/Texture/Atlas/UiCharacter/ChaGradeIconZhuli1.png	精锐Ⅰ
747	1271003	5	1	25000	127305	[110003]	Assets/Product/Texture/Image/IconRoleQulity/CharacterIconZhuli.png	Assets/Product/Texture/Image/IconRoleQulity/CharacterIconZhuli1.png	Assets/Product/Texture/Atlas/UiCharacter/ChaGradeIconZhuli2.png	Assets/Product/Texture/Atlas/UiCharacter/ChaGradeIconZhuli1.png	精锐Ⅱ
748	1271003	6	1	30000	127306	[110004]	Assets/Product/Texture/Image/IconRoleQulity/CharacterIconZhuli.png	Assets/Product/Texture/Image/IconRoleQulity/CharacterIconZhuli1.png	Assets/Product/Texture/Atlas/UiCharacter/ChaGradeIconZhuli2.png	Assets/Product/Texture/Atlas/UiCharacter/ChaGradeIconZhuli1.png	精锐Ⅲ
749	1271003	7	1	35000	127307	[110005]	Assets/Product/Texture/Image/IconRoleQulity/CharacterIconWangpai.png	Assets/Product/Texture/Image/IconRoleQulity/CharacterIconWangpai1.png	Assets/Product/Texture/Atlas/UiCharacter/ChaGradeIconWangpai2.png	Assets/Product/Texture/Atlas/UiCharacter/ChaGradeIconWangpai1.png	特种Ⅰ
750	1271003	8	1	42500	127308	[110006]	Assets/Product/Texture/Image/IconRoleQulity/CharacterIconWangpai.png	Assets/Product/Texture/Image/IconRoleQulity/CharacterIconWangpai1.png	Assets/Product/Texture/Atlas/UiCharacter/ChaGradeIconWangpai2.png	Assets/Product/Texture/Atlas/UiCharacter/ChaGradeIconWangpai1.png	特种Ⅱ
751	1271003	9	1	50000	127309	[110007]	Assets/Product/Texture/Image/IconRoleQulity/CharacterIconWangpai.png	Assets/Product/Texture/Image/IconRoleQulity/CharacterIconWangpai1.png	Assets/Product/Texture/Atlas/UiCharacter/ChaGradeIconWangpai2.png	Assets/Product/Texture/Atlas/UiCharacter/ChaGradeIconWangpai1.png	特种Ⅲ
752	1271003	10	1	60000	127310	[110008]	Assets/Product/Texture/Image/IconRoleQulity/CharacterIconTianxuan.png	Assets/Product/Texture/Image/IconRoleQulity/CharacterIconTianxuan1.png	Assets/Product/Texture/Atlas/UiCharacter/ChaGradeIconTianxuan2.png	Assets/Product/Texture/Atlas/UiCharacter/ChaGradeIconTianxuan1.png	王牌Ⅰ
753	1271003	11	1	70000	127311	[110009]	Assets/Product/Texture/Image/IconRoleQulity/CharacterIconTianxuan.png	Assets/Product/Texture/Image/IconRoleQulity/CharacterIconTianxuan1.png	Assets/Product/Texture/Atlas/UiCharacter/ChaGradeIconTianxuan2.png	Assets/Product/Texture/Atlas/UiCharacter/ChaGradeIconTianxuan1.png	王牌Ⅱ
754	1271003	12	1	80000	127312	[110010]	Assets/Product/Texture/Image/IconRoleQulity/CharacterIconTianxuan.png	Assets/Product/Texture/Image/IconRoleQulity/CharacterIconTianxuan1.png	Assets/Product/Texture/Atlas/UiCharacter/ChaGradeIconTianxuan2.png	Assets/Product/Texture/Atlas/UiCharacter/ChaGradeIconTianxuan1.png	王牌Ⅲ
755	1271003	13	1	100000	127313	[110011]	Assets/Product/Texture/Image/IconRoleQulity/CharacterIconTianxuan.png	Assets/Product/Texture/Image/IconRoleQulity/CharacterIconTianxuan1.png	Assets/Product/Texture/Atlas/UiCharacter/ChaGradeIconTianxuan2.png	Assets/Product/Texture/Atlas/UiCharacter/ChaGradeIconTianxuan1.png	王牌Ⅳ
756	1271003	14			127314	[110011]	Assets/Product/Texture/Image/IconRoleQulity/CharacterIconYingxiong.png	Assets/Product/Texture/Image/IconRoleQulity/CharacterIconYingxiong1.png	Assets/Product/Texture/Atlas/UiCharacter/ChaGradeIconYingxiong.png	Assets/Product/Texture/Atlas/UiCharacter/ChaGradeIconYingxiong.png	英雄
757	1281002	1	1	5000	128201	[109000]	Assets/Product/Texture/Image/IconRoleQulity/CharacterIconXinbing.png	Assets/Product/Texture/Image/IconRoleQulity/CharacterIconXinbing1.png	Assets/Product/Texture/Atlas/UiCharacter/ChaGradeIconXinbing1.png	Assets/Product/Texture/Atlas/UiCharacter/ChaGradeIconXinbing0.png	列兵Ⅰ
758	1281002	2	1	10000	128202	[110000]	Assets/Product/Texture/Image/IconRoleQulity/CharacterIconJingrui.png	Assets/Product/Texture/Image/IconRoleQulity/CharacterIconJingrui1.png	Assets/Product/Texture/Atlas/UiCharacter/ChaGradeIconJingrui2.png	Assets/Product/Texture/Atlas/UiCharacter/ChaGradeIconJingrui1.png	军士Ⅰ
759	1281002	3	1	15000	128203	[110001]	Assets/Product/Texture/Image/IconRoleQulity/CharacterIconJingrui.png	Assets/Product/Texture/Image/IconRoleQulity/CharacterIconJingrui1.png	Assets/Product/Texture/Atlas/UiCharacter/ChaGradeIconJingrui2.png	Assets/Product/Texture/Atlas/UiCharacter/ChaGradeIconJingrui1.png	军士Ⅱ
760	1281002	4	1	20000	128204	[110002]	Assets/Product/Texture/Image/IconRoleQulity/CharacterIconZhuli.png	Assets/Product/Texture/Image/IconRoleQulity/CharacterIconZhuli1.png	Assets/Product/Texture/Atlas/UiCharacter/ChaGradeIconZhuli2.png	Assets/Product/Texture/Atlas/UiCharacter/ChaGradeIconZhuli1.png	精锐Ⅰ
761	1281002	5	1	25000	128205	[110003]	Assets/Product/Texture/Image/IconRoleQulity/CharacterIconZhuli.png	Assets/Product/Texture/Image/IconRoleQulity/CharacterIconZhuli1.png	Assets/Product/Texture/Atlas/UiCharacter/ChaGradeIconZhuli2.png	Assets/Product/Texture/Atlas/UiCharacter/ChaGradeIconZhuli1.png	精锐Ⅱ
762	1281002	6	1	30000	128206	[110004]	Assets/Product/Texture/Image/IconRoleQulity/CharacterIconZhuli.png	Assets/Product/Texture/Image/IconRoleQulity/CharacterIconZhuli1.png	Assets/Product/Texture/Atlas/UiCharacter/ChaGradeIconZhuli2.png	Assets/Product/Texture/Atlas/UiCharacter/ChaGradeIconZhuli1.png	精锐Ⅲ
763	1281002	7	1	35000	128207	[110005]	Assets/Product/Texture/Image/IconRoleQulity/CharacterIconWangpai.png	Assets/Product/Texture/Image/IconRoleQulity/CharacterIconWangpai1.png	Assets/Product/Texture/Atlas/UiCharacter/ChaGradeIconWangpai2.png	Assets/Product/Texture/Atlas/UiCharacter/ChaGradeIconWangpai1.png	特种Ⅰ
764	1281002	8	1	42500	128208	[110006]	Assets/Product/Texture/Image/IconRoleQulity/CharacterIconWangpai.png	Assets/Product/Texture/Image/IconRoleQulity/CharacterIconWangpai1.png	Assets/Product/Texture/Atlas/UiCharacter/ChaGradeIconWangpai2.png	Assets/Product/Texture/Atlas/UiCharacter/ChaGradeIconWangpai1.png	特种Ⅱ
765	1281002	9	1	50000	128209	[110007]	Assets/Product/Texture/Image/IconRoleQulity/CharacterIconWangpai.png	Assets/Product/Texture/Image/IconRoleQulity/CharacterIconWangpai1.png	Assets/Product/Texture/Atlas/UiCharacter/ChaGradeIconWangpai2.png	Assets/Product/Texture/Atlas/UiCharacter/ChaGradeIconWangpai1.png	特种Ⅲ
766	1281002	10	1	60000	128210	[110008]	Assets/Product/Texture/Image/IconRoleQulity/CharacterIconTianxuan.png	Assets/Product/Texture/Image/IconRoleQulity/CharacterIconTianxuan1.png	Assets/Product/Texture/Atlas/UiCharacter/ChaGradeIconTianxuan2.png	Assets/Product/Texture/Atlas/UiCharacter/ChaGradeIconTianxuan1.png	王牌Ⅰ
767	1281002	11	1	70000	128211	[110009]	Assets/Product/Texture/Image/IconRoleQulity/CharacterIconTianxuan.png	Assets/Product/Texture/Image/IconRoleQulity/CharacterIconTianxuan1.png	Assets/Product/Texture/Atlas/UiCharacter/ChaGradeIconTianxuan2.png	Assets/Product/Texture/Atlas/UiCharacter/ChaGradeIconTianxuan1.png	王牌Ⅱ
768	1281002	12	1	80000	128212	[110010]	Assets/Product/Texture/Image/IconRoleQulity/CharacterIconTianxuan.png	Assets/Product/Texture/Image/IconRoleQulity/CharacterIconTianxuan1.png	Assets/Product/Texture/Atlas/UiCharacter/ChaGradeIconTianxuan2.png	Assets/Product/Texture/Atlas/UiCharacter/ChaGradeIconTianxuan1.png	王牌Ⅲ
769	1281002	13	1	100000	128213	[110011]	Assets/Product/Texture/Image/IconRoleQulity/CharacterIconTianxuan.png	Assets/Product/Texture/Image/IconRoleQulity/CharacterIconTianxuan1.png	Assets/Product/Texture/Atlas/UiCharacter/ChaGradeIconTianxuan2.png	Assets/Product/Texture/Atlas/UiCharacter/ChaGradeIconTianxuan1.png	王牌Ⅳ
770	1281002	14			128214	[110011]	Assets/Product/Texture/Image/IconRoleQulity/CharacterIconYingxiong.png	Assets/Product/Texture/Image/IconRoleQulity/CharacterIconYingxiong1.png	Assets/Product/Texture/Atlas/UiCharacter/ChaGradeIconYingxiong.png	Assets/Product/Texture/Atlas/UiCharacter/ChaGradeIconYingxiong.png	英雄
771	1081004	1	1	5000	108401	[109000]	Assets/Product/Texture/Image/IconRoleQulity/CharacterIconXinbing.png	Assets/Product/Texture/Image/IconRoleQulity/CharacterIconXinbing1.png	Assets/Product/Texture/Atlas/UiCharacter/ChaGradeIconXinbing1.png	Assets/Product/Texture/Atlas/UiCharacter/ChaGradeIconXinbing0.png	列兵Ⅰ
772	1081004	2	1	10000	108402	[110000]	Assets/Product/Texture/Image/IconRoleQulity/CharacterIconJingrui.png	Assets/Product/Texture/Image/IconRoleQulity/CharacterIconJingrui1.png	Assets/Product/Texture/Atlas/UiCharacter/ChaGradeIconJingrui2.png	Assets/Product/Texture/Atlas/UiCharacter/ChaGradeIconJingrui1.png	军士Ⅰ
773	1081004	3	1	15000	108403	[110001]	Assets/Product/Texture/Image/IconRoleQulity/CharacterIconJingrui.png	Assets/Product/Texture/Image/IconRoleQulity/CharacterIconJingrui1.png	Assets/Product/Texture/Atlas/UiCharacter/ChaGradeIconJingrui2.png	Assets/Product/Texture/Atlas/UiCharacter/ChaGradeIconJingrui1.png	军士Ⅱ
774	1081004	4	1	20000	108404	[110002]	Assets/Product/Texture/Image/IconRoleQulity/CharacterIconZhuli.png	Assets/Product/Texture/Image/IconRoleQulity/CharacterIconZhuli1.png	Assets/Product/Texture/Atlas/UiCharacter/ChaGradeIconZhuli2.png	Assets/Product/Texture/Atlas/UiCharacter/ChaGradeIconZhuli1.png	精锐Ⅰ
775	1081004	5	1	25000	108405	[110003]	Assets/Product/Texture/Image/IconRoleQulity/CharacterIconZhuli.png	Assets/Product/Texture/Image/IconRoleQulity/CharacterIconZhuli1.png	Assets/Product/Texture/Atlas/UiCharacter/ChaGradeIconZhuli2.png	Assets/Product/Texture/Atlas/UiCharacter/ChaGradeIconZhuli1.png	精锐Ⅱ
776	1081004	6	1	30000	108406	[110004]	Assets/Product/Texture/Image/IconRoleQulity/CharacterIconZhuli.png	Assets/Product/Texture/Image/IconRoleQulity/CharacterIconZhuli1.png	Assets/Product/Texture/Atlas/UiCharacter/ChaGradeIconZhuli2.png	Assets/Product/Texture/Atlas/UiCharacter/ChaGradeIconZhuli1.png	精锐Ⅲ
777	1081004	7	1	35000	108407	[110005]	Assets/Product/Texture/Image/IconRoleQulity/CharacterIconWangpai.png	Assets/Product/Texture/Image/IconRoleQulity/CharacterIconWangpai1.png	Assets/Product/Texture/Atlas/UiCharacter/ChaGradeIconWangpai2.png	Assets/Product/Texture/Atlas/UiCharacter/ChaGradeIconWangpai1.png	特种Ⅰ
778	1081004	8	1	42500	108408	[110006]	Assets/Product/Texture/Image/IconRoleQulity/CharacterIconWangpai.png	Assets/Product/Texture/Image/IconRoleQulity/CharacterIconWangpai1.png	Assets/Product/Texture/Atlas/UiCharacter/ChaGradeIconWangpai2.png	Assets/Product/Texture/Atlas/UiCharacter/ChaGradeIconWangpai1.png	特种Ⅱ
779	1081004	9	1	50000	108409	[110007]	Assets/Product/Texture/Image/IconRoleQulity/CharacterIconWangpai.png	Assets/Product/Texture/Image/IconRoleQulity/CharacterIconWangpai1.png	Assets/Product/Texture/Atlas/UiCharacter/ChaGradeIconWangpai2.png	Assets/Product/Texture/Atlas/UiCharacter/ChaGradeIconWangpai1.png	特种Ⅲ
780	1081004	10	1	60000	108410	[110008]	Assets/Product/Texture/Image/IconRoleQulity/CharacterIconTianxuan.png	Assets/Product/Texture/Image/IconRoleQulity/CharacterIconTianxuan1.png	Assets/Product/Texture/Atlas/UiCharacter/ChaGradeIconTianxuan2.png	Assets/Product/Texture/Atlas/UiCharacter/ChaGradeIconTianxuan1.png	王牌Ⅰ
781	1081004	11	1	70000	108411	[110009]	Assets/Product/Texture/Image/IconRoleQulity/CharacterIconTianxuan.png	Assets/Product/Texture/Image/IconRoleQulity/CharacterIconTianxuan1.png	Assets/Product/Texture/Atlas/UiCharacter/ChaGradeIconTianxuan2.png	Assets/Product/Texture/Atlas/UiCharacter/ChaGradeIconTianxuan1.png	王牌Ⅱ
782	1081004	12	1	80000	108412	[110010]	Assets/Product/Texture/Image/IconRoleQulity/CharacterIconTianxuan.png	Assets/Product/Texture/Image/IconRoleQulity/CharacterIconTianxuan1.png	Assets/Product/Texture/Atlas/UiCharacter/ChaGradeIconTianxuan2.png	Assets/Product/Texture/Atlas/UiCharacter/ChaGradeIconTianxuan1.png	王牌Ⅲ
783	1081004	13	1	100000	108413	[110011]	Assets/Product/Texture/Image/IconRoleQulity/CharacterIconTianxuan.png	Assets/Product/Texture/Image/IconRoleQulity/CharacterIconTianxuan1.png	Assets/Product/Texture/Atlas/UiCharacter/ChaGradeIconTianxuan2.png	Assets/Product/Texture/Atlas/UiCharacter/ChaGradeIconTianxuan1.png	王牌Ⅳ
784	1081004	14			108414	[110011]	Assets/Product/Texture/Image/IconRoleQulity/CharacterIconYingxiong.png	Assets/Product/Texture/Image/IconRoleQulity/CharacterIconYingxiong1.png	Assets/Product/Texture/Atlas/UiCharacter/ChaGradeIconYingxiong.png	Assets/Product/Texture/Atlas/UiCharacter/ChaGradeIconYingxiong.png	英雄
785	1521004	1	1	5000	152401	[109000]	Assets/Product/Texture/Image/IconRoleQulity/CharacterIconXinbing.png	Assets/Product/Texture/Image/IconRoleQulity/CharacterIconXinbing1.png	Assets/Product/Texture/Atlas/UiCharacter/ChaGradeIconXinbing1.png	Assets/Product/Texture/Atlas/UiCharacter/ChaGradeIconXinbing0.png	列兵Ⅰ
786	1521004	2	1	10000	152402	[110000]	Assets/Product/Texture/Image/IconRoleQulity/CharacterIconJingrui.png	Assets/Product/Texture/Image/IconRoleQulity/CharacterIconJingrui1.png	Assets/Product/Texture/Atlas/UiCharacter/ChaGradeIconJingrui2.png	Assets/Product/Texture/Atlas/UiCharacter/ChaGradeIconJingrui1.png	军士Ⅰ
787	1521004	3	1	15000	152403	[110001]	Assets/Product/Texture/Image/IconRoleQulity/CharacterIconJingrui.png	Assets/Product/Texture/Image/IconRoleQulity/CharacterIconJingrui1.png	Assets/Product/Texture/Atlas/UiCharacter/ChaGradeIconJingrui2.png	Assets/Product/Texture/Atlas/UiCharacter/ChaGradeIconJingrui1.png	军士Ⅱ
788	1521004	4	1	20000	152404	[110002]	Assets/Product/Texture/Image/IconRoleQulity/CharacterIconZhuli.png	Assets/Product/Texture/Image/IconRoleQulity/CharacterIconZhuli1.png	Assets/Product/Texture/Atlas/UiCharacter/ChaGradeIconZhuli2.png	Assets/Product/Texture/Atlas/UiCharacter/ChaGradeIconZhuli1.png	精锐Ⅰ
789	1521004	5	1	25000	152405	[110003]	Assets/Product/Texture/Image/IconRoleQulity/CharacterIconZhuli.png	Assets/Product/Texture/Image/IconRoleQulity/CharacterIconZhuli1.png	Assets/Product/Texture/Atlas/UiCharacter/ChaGradeIconZhuli2.png	Assets/Product/Texture/Atlas/UiCharacter/ChaGradeIconZhuli1.png	精锐Ⅱ
790	1521004	6	1	30000	152406	[110004]	Assets/Product/Texture/Image/IconRoleQulity/CharacterIconZhuli.png	Assets/Product/Texture/Image/IconRoleQulity/CharacterIconZhuli1.png	Assets/Product/Texture/Atlas/UiCharacter/ChaGradeIconZhuli2.png	Assets/Product/Texture/Atlas/UiCharacter/ChaGradeIconZhuli1.png	精锐Ⅲ
791	1521004	7	1	35000	152407	[110005]	Assets/Product/Texture/Image/IconRoleQulity/CharacterIconWangpai.png	Assets/Product/Texture/Image/IconRoleQulity/CharacterIconWangpai1.png	Assets/Product/Texture/Atlas/UiCharacter/ChaGradeIconWangpai2.png	Assets/Product/Texture/Atlas/UiCharacter/ChaGradeIconWangpai1.png	特种Ⅰ
792	1521004	8	1	42500	152408	[110006]	Assets/Product/Texture/Image/IconRoleQulity/CharacterIconWangpai.png	Assets/Product/Texture/Image/IconRoleQulity/CharacterIconWangpai1.png	Assets/Product/Texture/Atlas/UiCharacter/ChaGradeIconWangpai2.png	Assets/Product/Texture/Atlas/UiCharacter/ChaGradeIconWangpai1.png	特种Ⅱ
793	1521004	9	1	50000	152409	[110007]	Assets/Product/Texture/Image/IconRoleQulity/CharacterIconWangpai.png	Assets/Product/Texture/Image/IconRoleQulity/CharacterIconWangpai1.png	Assets/Product/Texture/Atlas/UiCharacter/ChaGradeIconWangpai2.png	Assets/Product/Texture/Atlas/UiCharacter/ChaGradeIconWangpai1.png	特种Ⅲ
794	1521004	10	1	60000	152410	[110008]	Assets/Product/Texture/Image/IconRoleQulity/CharacterIconTianxuan.png	Assets/Product/Texture/Image/IconRoleQulity/CharacterIconTianxuan1.png	Assets/Product/Texture/Atlas/UiCharacter/ChaGradeIconTianxuan2.png	Assets/Product/Texture/Atlas/UiCharacter/ChaGradeIconTianxuan1.png	王牌Ⅰ
795	1521004	11	1	70000	152411	[110009]	Assets/Product/Texture/Image/IconRoleQulity/CharacterIconTianxuan.png	Assets/Product/Texture/Image/IconRoleQulity/CharacterIconTianxuan1.png	Assets/Product/Texture/Atlas/UiCharacter/ChaGradeIconTianxuan2.png	Assets/Product/Texture/Atlas/UiCharacter/ChaGradeIconTianxuan1.png	王牌Ⅱ
796	1521004	12	1	80000	152412	[110010]	Assets/Product/Texture/Image/IconRoleQulity/CharacterIconTianxuan.png	Assets/Product/Texture/Image/IconRoleQulity/CharacterIconTianxuan1.png	Assets/Product/Texture/Atlas/UiCharacter/ChaGradeIconTianxuan2.png	Assets/Product/Texture/Atlas/UiCharacter/ChaGradeIconTianxuan1.png	王牌Ⅲ
797	1521004	13	1	100000	152413	[110011]	Assets/Product/Texture/Image/IconRoleQulity/CharacterIconTianxuan.png	Assets/Product/Texture/Image/IconRoleQulity/CharacterIconTianxuan1.png	Assets/Product/Texture/Atlas/UiCharacter/ChaGradeIconTianxuan2.png	Assets/Product/Texture/Atlas/UiCharacter/ChaGradeIconTianxuan1.png	王牌Ⅳ
798	1521004	14			152414	[110011]	Assets/Product/Texture/Image/IconRoleQulity/CharacterIconYingxiong.png	Assets/Product/Texture/Image/IconRoleQulity/CharacterIconYingxiong1.png	Assets/Product/Texture/Atlas/UiCharacter/ChaGradeIconYingxiong.png	Assets/Product/Texture/Atlas/UiCharacter/ChaGradeIconYingxiong.png	英雄
799	1291002	1	1	5000	129201	[109000]	Assets/Product/Texture/Image/IconRoleQulity/CharacterIconXinbing.png	Assets/Product/Texture/Image/IconRoleQulity/CharacterIconXinbing1.png	Assets/Product/Texture/Atlas/UiCharacter/ChaGradeIconXinbing1.png	Assets/Product/Texture/Atlas/UiCharacter/ChaGradeIconXinbing0.png	列兵Ⅰ
800	1291002	2	1	10000	129202	[110000]	Assets/Product/Texture/Image/IconRoleQulity/CharacterIconJingrui.png	Assets/Product/Texture/Image/IconRoleQulity/CharacterIconJingrui1.png	Assets/Product/Texture/Atlas/UiCharacter/ChaGradeIconJingrui2.png	Assets/Product/Texture/Atlas/UiCharacter/ChaGradeIconJingrui1.png	军士Ⅰ
801	1291002	3	1	15000	129203	[110001]	Assets/Product/Texture/Image/IconRoleQulity/CharacterIconJingrui.png	Assets/Product/Texture/Image/IconRoleQulity/CharacterIconJingrui1.png	Assets/Product/Texture/Atlas/UiCharacter/ChaGradeIconJingrui2.png	Assets/Product/Texture/Atlas/UiCharacter/ChaGradeIconJingrui1.png	军士Ⅱ
802	1291002	4	1	20000	129204	[110002]	Assets/Product/Texture/Image/IconRoleQulity/CharacterIconZhuli.png	Assets/Product/Texture/Image/IconRoleQulity/CharacterIconZhuli1.png	Assets/Product/Texture/Atlas/UiCharacter/ChaGradeIconZhuli2.png	Assets/Product/Texture/Atlas/UiCharacter/ChaGradeIconZhuli1.png	精锐Ⅰ
803	1291002	5	1	25000	129205	[110003]	Assets/Product/Texture/Image/IconRoleQulity/CharacterIconZhuli.png	Assets/Product/Texture/Image/IconRoleQulity/CharacterIconZhuli1.png	Assets/Product/Texture/Atlas/UiCharacter/ChaGradeIconZhuli2.png	Assets/Product/Texture/Atlas/UiCharacter/ChaGradeIconZhuli1.png	精锐Ⅱ
804	1291002	6	1	30000	129206	[110004]	Assets/Product/Texture/Image/IconRoleQulity/CharacterIconZhuli.png	Assets/Product/Texture/Image/IconRoleQulity/CharacterIconZhuli1.png	Assets/Product/Texture/Atlas/UiCharacter/ChaGradeIconZhuli2.png	Assets/Product/Texture/Atlas/UiCharacter/ChaGradeIconZhuli1.png	精锐Ⅲ
805	1291002	7	1	35000	129207	[110005]	Assets/Product/Texture/Image/IconRoleQulity/CharacterIconWangpai.png	Assets/Product/Texture/Image/IconRoleQulity/CharacterIconWangpai1.png	Assets/Product/Texture/Atlas/UiCharacter/ChaGradeIconWangpai2.png	Assets/Product/Texture/Atlas/UiCharacter/ChaGradeIconWangpai1.png	特种Ⅰ
806	1291002	8	1	42500	129208	[110006]	Assets/Product/Texture/Image/IconRoleQulity/CharacterIconWangpai.png	Assets/Product/Texture/Image/IconRoleQulity/CharacterIconWangpai1.png	Assets/Product/Texture/Atlas/UiCharacter/ChaGradeIconWangpai2.png	Assets/Product/Texture/Atlas/UiCharacter/ChaGradeIconWangpai1.png	特种Ⅱ
807	1291002	9	1	50000	129209	[110007]	Assets/Product/Texture/Image/IconRoleQulity/CharacterIconWangpai.png	Assets/Product/Texture/Image/IconRoleQulity/CharacterIconWangpai1.png	Assets/Product/Texture/Atlas/UiCharacter/ChaGradeIconWangpai2.png	Assets/Product/Texture/Atlas/UiCharacter/ChaGradeIconWangpai1.png	特种Ⅲ
808	1291002	10	1	60000	129210	[110008]	Assets/Product/Texture/Image/IconRoleQulity/CharacterIconTianxuan.png	Assets/Product/Texture/Image/IconRoleQulity/CharacterIconTianxuan1.png	Assets/Product/Texture/Atlas/UiCharacter/ChaGradeIconTianxuan2.png	Assets/Product/Texture/Atlas/UiCharacter/ChaGradeIconTianxuan1.png	王牌Ⅰ
809	1291002	11	1	70000	129211	[110009]	Assets/Product/Texture/Image/IconRoleQulity/CharacterIconTianxuan.png	Assets/Product/Texture/Image/IconRoleQulity/CharacterIconTianxuan1.png	Assets/Product/Texture/Atlas/UiCharacter/ChaGradeIconTianxuan2.png	Assets/Product/Texture/Atlas/UiCharacter/ChaGradeIconTianxuan1.png	王牌Ⅱ
810	1291002	12	1	80000	129212	[110010]	Assets/Product/Texture/Image/IconRoleQulity/CharacterIconTianxuan.png	Assets/Product/Texture/Image/IconRoleQulity/CharacterIconTianxuan1.png	Assets/Product/Texture/Atlas/UiCharacter/ChaGradeIconTianxuan2.png	Assets/Product/Texture/Atlas/UiCharacter/ChaGradeIconTianxuan1.png	王牌Ⅲ
811	1291002	13	1	100000	129213	[110011]	Assets/Product/Texture/Image/IconRoleQulity/CharacterIconTianxuan.png	Assets/Product/Texture/Image/IconRoleQulity/CharacterIconTianxuan1.png	Assets/Product/Texture/Atlas/UiCharacter/ChaGradeIconTianxuan2.png	Assets/Product/Texture/Atlas/UiCharacter/ChaGradeIconTianxuan1.png	王牌Ⅳ
812	1291002	14			129214	[110011]	Assets/Product/Texture/Image/IconRoleQulity/CharacterIconYingxiong.png	Assets/Product/Texture/Image/IconRoleQulity/CharacterIconYingxiong1.png	Assets/Product/Texture/Atlas/UiCharacter/ChaGradeIconYingxiong.png	Assets/Product/Texture/Atlas/UiCharacter/ChaGradeIconYingxiong.png	英雄
813	1171004	1	1	5000	117401	[109000]	Assets/Product/Texture/Image/IconRoleQulity/CharacterIconXinbing.png	Assets/Product/Texture/Image/IconRoleQulity/CharacterIconXinbing1.png	Assets/Product/Texture/Atlas/UiCharacter/ChaGradeIconXinbing1.png	Assets/Product/Texture/Atlas/UiCharacter/ChaGradeIconXinbing0.png	列兵Ⅰ
814	1171004	2	1	10000	117402	[110000]	Assets/Product/Texture/Image/IconRoleQulity/CharacterIconJingrui.png	Assets/Product/Texture/Image/IconRoleQulity/CharacterIconJingrui1.png	Assets/Product/Texture/Atlas/UiCharacter/ChaGradeIconJingrui2.png	Assets/Product/Texture/Atlas/UiCharacter/ChaGradeIconJingrui1.png	军士Ⅰ
815	1171004	3	1	15000	117403	[110001]	Assets/Product/Texture/Image/IconRoleQulity/CharacterIconJingrui.png	Assets/Product/Texture/Image/IconRoleQulity/CharacterIconJingrui1.png	Assets/Product/Texture/Atlas/UiCharacter/ChaGradeIconJingrui2.png	Assets/Product/Texture/Atlas/UiCharacter/ChaGradeIconJingrui1.png	军士Ⅱ
816	1171004	4	1	20000	117404	[110002]	Assets/Product/Texture/Image/IconRoleQulity/CharacterIconZhuli.png	Assets/Product/Texture/Image/IconRoleQulity/CharacterIconZhuli1.png	Assets/Product/Texture/Atlas/UiCharacter/ChaGradeIconZhuli2.png	Assets/Product/Texture/Atlas/UiCharacter/ChaGradeIconZhuli1.png	精锐Ⅰ
817	1171004	5	1	25000	117405	[110003]	Assets/Product/Texture/Image/IconRoleQulity/CharacterIconZhuli.png	Assets/Product/Texture/Image/IconRoleQulity/CharacterIconZhuli1.png	Assets/Product/Texture/Atlas/UiCharacter/ChaGradeIconZhuli2.png	Assets/Product/Texture/Atlas/UiCharacter/ChaGradeIconZhuli1.png	精锐Ⅱ
818	1171004	6	1	30000	117406	[110004]	Assets/Product/Texture/Image/IconRoleQulity/CharacterIconZhuli.png	Assets/Product/Texture/Image/IconRoleQulity/CharacterIconZhuli1.png	Assets/Product/Texture/Atlas/UiCharacter/ChaGradeIconZhuli2.png	Assets/Product/Texture/Atlas/UiCharacter/ChaGradeIconZhuli1.png	精锐Ⅲ
819	1171004	7	1	35000	117407	[110005]	Assets/Product/Texture/Image/IconRoleQulity/CharacterIconWangpai.png	Assets/Product/Texture/Image/IconRoleQulity/CharacterIconWangpai1.png	Assets/Product/Texture/Atlas/UiCharacter/ChaGradeIconWangpai2.png	Assets/Product/Texture/Atlas/UiCharacter/ChaGradeIconWangpai1.png	特种Ⅰ
820	1171004	8	1	42500	117408	[110006]	Assets/Product/Texture/Image/IconRoleQulity/CharacterIconWangpai.png	Assets/Product/Texture/Image/IconRoleQulity/CharacterIconWangpai1.png	Assets/Product/Texture/Atlas/UiCharacter/ChaGradeIconWangpai2.png	Assets/Product/Texture/Atlas/UiCharacter/ChaGradeIconWangpai1.png	特种Ⅱ
821	1171004	9	1	50000	117409	[110007]	Assets/Product/Texture/Image/IconRoleQulity/CharacterIconWangpai.png	Assets/Product/Texture/Image/IconRoleQulity/CharacterIconWangpai1.png	Assets/Product/Texture/Atlas/UiCharacter/ChaGradeIconWangpai2.png	Assets/Product/Texture/Atlas/UiCharacter/ChaGradeIconWangpai1.png	特种Ⅲ
822	1171004	10	1	60000	117410	[110008]	Assets/Product/Texture/Image/IconRoleQulity/CharacterIconTianxuan.png	Assets/Product/Texture/Image/IconRoleQulity/CharacterIconTianxuan1.png	Assets/Product/Texture/Atlas/UiCharacter/ChaGradeIconTianxuan2.png	Assets/Product/Texture/Atlas/UiCharacter/ChaGradeIconTianxuan1.png	王牌Ⅰ
823	1171004	11	1	70000	117411	[110009]	Assets/Product/Texture/Image/IconRoleQulity/CharacterIconTianxuan.png	Assets/Product/Texture/Image/IconRoleQulity/CharacterIconTianxuan1.png	Assets/Product/Texture/Atlas/UiCharacter/ChaGradeIconTianxuan2.png	Assets/Product/Texture/Atlas/UiCharacter/ChaGradeIconTianxuan1.png	王牌Ⅱ
824	1171004	12	1	80000	117412	[110010]	Assets/Product/Texture/Image/IconRoleQulity/CharacterIconTianxuan.png	Assets/Product/Texture/Image/IconRoleQulity/CharacterIconTianxuan1.png	Assets/Product/Texture/Atlas/UiCharacter/ChaGradeIconTianxuan2.png	Assets/Product/Texture/Atlas/UiCharacter/ChaGradeIconTianxuan1.png	王牌Ⅲ
825	1171004	13	1	100000	117413	[110011]	Assets/Product/Texture/Image/IconRoleQulity/CharacterIconTianxuan.png	Assets/Product/Texture/Image/IconRoleQulity/CharacterIconTianxuan1.png	Assets/Product/Texture/Atlas/UiCharacter/ChaGradeIconTianxuan2.png	Assets/Product/Texture/Atlas/UiCharacter/ChaGradeIconTianxuan1.png	王牌Ⅳ
826	1171004	14			117414	[110011]	Assets/Product/Texture/Image/IconRoleQulity/CharacterIconYingxiong.png	Assets/Product/Texture/Image/IconRoleQulity/CharacterIconYingxiong1.png	Assets/Product/Texture/Atlas/UiCharacter/ChaGradeIconYingxiong.png	Assets/Product/Texture/Atlas/UiCharacter/ChaGradeIconYingxiong.png	英雄
827	1301002	1	1	5000	130201	[109000]	Assets/Product/Texture/Image/IconRoleQulity/CharacterIconXinbing.png	Assets/Product/Texture/Image/IconRoleQulity/CharacterIconXinbing1.png	Assets/Product/Texture/Atlas/UiCharacter/ChaGradeIconXinbing1.png	Assets/Product/Texture/Atlas/UiCharacter/ChaGradeIconXinbing0.png	列兵Ⅰ
828	1301002	2	1	10000	130202	[110000]	Assets/Product/Texture/Image/IconRoleQulity/CharacterIconJingrui.png	Assets/Product/Texture/Image/IconRoleQulity/CharacterIconJingrui1.png	Assets/Product/Texture/Atlas/UiCharacter/ChaGradeIconJingrui2.png	Assets/Product/Texture/Atlas/UiCharacter/ChaGradeIconJingrui1.png	军士Ⅰ
829	1301002	3	1	15000	130203	[110001]	Assets/Product/Texture/Image/IconRoleQulity/CharacterIconJingrui.png	Assets/Product/Texture/Image/IconRoleQulity/CharacterIconJingrui1.png	Assets/Product/Texture/Atlas/UiCharacter/ChaGradeIconJingrui2.png	Assets/Product/Texture/Atlas/UiCharacter/ChaGradeIconJingrui1.png	军士Ⅱ
830	1301002	4	1	20000	130204	[110002]	Assets/Product/Texture/Image/IconRoleQulity/CharacterIconZhuli.png	Assets/Product/Texture/Image/IconRoleQulity/CharacterIconZhuli1.png	Assets/Product/Texture/Atlas/UiCharacter/ChaGradeIconZhuli2.png	Assets/Product/Texture/Atlas/UiCharacter/ChaGradeIconZhuli1.png	精锐Ⅰ
831	1301002	5	1	25000	130205	[110003]	Assets/Product/Texture/Image/IconRoleQulity/CharacterIconZhuli.png	Assets/Product/Texture/Image/IconRoleQulity/CharacterIconZhuli1.png	Assets/Product/Texture/Atlas/UiCharacter/ChaGradeIconZhuli2.png	Assets/Product/Texture/Atlas/UiCharacter/ChaGradeIconZhuli1.png	精锐Ⅱ
832	1301002	6	1	30000	130206	[110004]	Assets/Product/Texture/Image/IconRoleQulity/CharacterIconZhuli.png	Assets/Product/Texture/Image/IconRoleQulity/CharacterIconZhuli1.png	Assets/Product/Texture/Atlas/UiCharacter/ChaGradeIconZhuli2.png	Assets/Product/Texture/Atlas/UiCharacter/ChaGradeIconZhuli1.png	精锐Ⅲ
833	1301002	7	1	35000	130207	[110005]	Assets/Product/Texture/Image/IconRoleQulity/CharacterIconWangpai.png	Assets/Product/Texture/Image/IconRoleQulity/CharacterIconWangpai1.png	Assets/Product/Texture/Atlas/UiCharacter/ChaGradeIconWangpai2.png	Assets/Product/Texture/Atlas/UiCharacter/ChaGradeIconWangpai1.png	特种Ⅰ
834	1301002	8	1	42500	130208	[110006]	Assets/Product/Texture/Image/IconRoleQulity/CharacterIconWangpai.png	Assets/Product/Texture/Image/IconRoleQulity/CharacterIconWangpai1.png	Assets/Product/Texture/Atlas/UiCharacter/ChaGradeIconWangpai2.png	Assets/Product/Texture/Atlas/UiCharacter/ChaGradeIconWangpai1.png	特种Ⅱ
835	1301002	9	1	50000	130209	[110007]	Assets/Product/Texture/Image/IconRoleQulity/CharacterIconWangpai.png	Assets/Product/Texture/Image/IconRoleQulity/CharacterIconWangpai1.png	Assets/Product/Texture/Atlas/UiCharacter/ChaGradeIconWangpai2.png	Assets/Product/Texture/Atlas/UiCharacter/ChaGradeIconWangpai1.png	特种Ⅲ
836	1301002	10	1	60000	130210	[110008]	Assets/Product/Texture/Image/IconRoleQulity/CharacterIconTianxuan.png	Assets/Product/Texture/Image/IconRoleQulity/CharacterIconTianxuan1.png	Assets/Product/Texture/Atlas/UiCharacter/ChaGradeIconTianxuan2.png	Assets/Product/Texture/Atlas/UiCharacter/ChaGradeIconTianxuan1.png	王牌Ⅰ
837	1301002	11	1	70000	130211	[110009]	Assets/Product/Texture/Image/IconRoleQulity/CharacterIconTianxuan.png	Assets/Product/Texture/Image/IconRoleQulity/CharacterIconTianxuan1.png	Assets/Product/Texture/Atlas/UiCharacter/ChaGradeIconTianxuan2.png	Assets/Product/Texture/Atlas/UiCharacter/ChaGradeIconTianxuan1.png	王牌Ⅱ
838	1301002	12	1	80000	130212	[110010]	Assets/Product/Texture/Image/IconRoleQulity/CharacterIconTianxuan.png	Assets/Product/Texture/Image/IconRoleQulity/CharacterIconTianxuan1.png	Assets/Product/Texture/Atlas/UiCharacter/ChaGradeIconTianxuan2.png	Assets/Product/Texture/Atlas/UiCharacter/ChaGradeIconTianxuan1.png	王牌Ⅲ
839	1301002	13	1	100000	130213	[110011]	Assets/Product/Texture/Image/IconRoleQulity/CharacterIconTianxuan.png	Assets/Product/Texture/Image/IconRoleQulity/CharacterIconTianxuan1.png	Assets/Product/Texture/Atlas/UiCharacter/ChaGradeIconTianxuan2.png	Assets/Product/Texture/Atlas/UiCharacter/ChaGradeIconTianxuan1.png	王牌Ⅳ
840	1301002	14			130214	[110011]	Assets/Product/Texture/Image/IconRoleQulity/CharacterIconYingxiong.png	Assets/Product/Texture/Image/IconRoleQulity/CharacterIconYingxiong1.png	Assets/Product/Texture/Atlas/UiCharacter/ChaGradeIconYingxiong.png	Assets/Product/Texture/Atlas/UiCharacter/ChaGradeIconYingxiong.png	英雄
841	1241003	1	1	5000	124301	[109000]	Assets/Product/Texture/Image/IconRoleQulity/CharacterIconXinbing.png	Assets/Product/Texture/Image/IconRoleQulity/CharacterIconXinbing1.png	Assets/Product/Texture/Atlas/UiCharacter/ChaGradeIconXinbing1.png	Assets/Product/Texture/Atlas/UiCharacter/ChaGradeIconXinbing0.png	列兵Ⅰ
842	1241003	2	1	10000	124302	[110000]	Assets/Product/Texture/Image/IconRoleQulity/CharacterIconJingrui.png	Assets/Product/Texture/Image/IconRoleQulity/CharacterIconJingrui1.png	Assets/Product/Texture/Atlas/UiCharacter/ChaGradeIconJingrui2.png	Assets/Product/Texture/Atlas/UiCharacter/ChaGradeIconJingrui1.png	军士Ⅰ
843	1241003	3	1	15000	124303	[110001]	Assets/Product/Texture/Image/IconRoleQulity/CharacterIconJingrui.png	Assets/Product/Texture/Image/IconRoleQulity/CharacterIconJingrui1.png	Assets/Product/Texture/Atlas/UiCharacter/ChaGradeIconJingrui2.png	Assets/Product/Texture/Atlas/UiCharacter/ChaGradeIconJingrui1.png	军士Ⅱ
844	1241003	4	1	20000	124304	[110002]	Assets/Product/Texture/Image/IconRoleQulity/CharacterIconZhuli.png	Assets/Product/Texture/Image/IconRoleQulity/CharacterIconZhuli1.png	Assets/Product/Texture/Atlas/UiCharacter/ChaGradeIconZhuli2.png	Assets/Product/Texture/Atlas/UiCharacter/ChaGradeIconZhuli1.png	精锐Ⅰ
845	1241003	5	1	25000	124305	[110003]	Assets/Product/Texture/Image/IconRoleQulity/CharacterIconZhuli.png	Assets/Product/Texture/Image/IconRoleQulity/CharacterIconZhuli1.png	Assets/Product/Texture/Atlas/UiCharacter/ChaGradeIconZhuli2.png	Assets/Product/Texture/Atlas/UiCharacter/ChaGradeIconZhuli1.png	精锐Ⅱ
846	1241003	6	1	30000	124306	[110004]	Assets/Product/Texture/Image/IconRoleQulity/CharacterIconZhuli.png	Assets/Product/Texture/Image/IconRoleQulity/CharacterIconZhuli1.png	Assets/Product/Texture/Atlas/UiCharacter/ChaGradeIconZhuli2.png	Assets/Product/Texture/Atlas/UiCharacter/ChaGradeIconZhuli1.png	精锐Ⅲ
847	1241003	7	1	35000	124307	[110005]	Assets/Product/Texture/Image/IconRoleQulity/CharacterIconWangpai.png	Assets/Product/Texture/Image/IconRoleQulity/CharacterIconWangpai1.png	Assets/Product/Texture/Atlas/UiCharacter/ChaGradeIconWangpai2.png	Assets/Product/Texture/Atlas/UiCharacter/ChaGradeIconWangpai1.png	特种Ⅰ
848	1241003	8	1	42500	124308	[110006]	Assets/Product/Texture/Image/IconRoleQulity/CharacterIconWangpai.png	Assets/Product/Texture/Image/IconRoleQulity/CharacterIconWangpai1.png	Assets/Product/Texture/Atlas/UiCharacter/ChaGradeIconWangpai2.png	Assets/Product/Texture/Atlas/UiCharacter/ChaGradeIconWangpai1.png	特种Ⅱ
849	1241003	9	1	50000	124309	[110007]	Assets/Product/Texture/Image/IconRoleQulity/CharacterIconWangpai.png	Assets/Product/Texture/Image/IconRoleQulity/CharacterIconWangpai1.png	Assets/Product/Texture/Atlas/UiCharacter/ChaGradeIconWangpai2.png	Assets/Product/Texture/Atlas/UiCharacter/ChaGradeIconWangpai1.png	特种Ⅲ
850	1241003	10	1	60000	124310	[110008]	Assets/Product/Texture/Image/IconRoleQulity/CharacterIconTianxuan.png	Assets/Product/Texture/Image/IconRoleQulity/CharacterIconTianxuan1.png	Assets/Product/Texture/Atlas/UiCharacter/ChaGradeIconTianxuan2.png	Assets/Product/Texture/Atlas/UiCharacter/ChaGradeIconTianxuan1.png	王牌Ⅰ
851	1241003	11	1	70000	124311	[110009]	Assets/Product/Texture/Image/IconRoleQulity/CharacterIconTianxuan.png	Assets/Product/Texture/Image/IconRoleQulity/CharacterIconTianxuan1.png	Assets/Product/Texture/Atlas/UiCharacter/ChaGradeIconTianxuan2.png	Assets/Product/Texture/Atlas/UiCharacter/ChaGradeIconTianxuan1.png	王牌Ⅱ
852	1241003	12	1	80000	124312	[110010]	Assets/Product/Texture/Image/IconRoleQulity/CharacterIconTianxuan.png	Assets/Product/Texture/Image/IconRoleQulity/CharacterIconTianxuan1.png	Assets/Product/Texture/Atlas/UiCharacter/ChaGradeIconTianxuan2.png	Assets/Product/Texture/Atlas/UiCharacter/ChaGradeIconTianxuan1.png	王牌Ⅲ
853	1241003	13	1	100000	124313	[110011]	Assets/Product/Texture/Image/IconRoleQulity/CharacterIconTianxuan.png	Assets/Product/Texture/Image/IconRoleQulity/CharacterIconTianxuan1.png	Assets/Product/Texture/Atlas/UiCharacter/ChaGradeIconTianxuan2.png	Assets/Product/Texture/Atlas/UiCharacter/ChaGradeIconTianxuan1.png	王牌Ⅳ
854	1241003	14			124314	[110011]	Assets/Product/Texture/Image/IconRoleQulity/CharacterIconYingxiong.png	Assets/Product/Texture/Image/IconRoleQulity/CharacterIconYingxiong1.png	Assets/Product/Texture/Atlas/UiCharacter/ChaGradeIconYingxiong.png	Assets/Product/Texture/Atlas/UiCharacter/ChaGradeIconYingxiong.png	英雄
855	1211003	1	1	5000	121301	[109000]	Assets/Product/Texture/Image/IconRoleQulity/CharacterIconXinbing.png	Assets/Product/Texture/Image/IconRoleQulity/CharacterIconXinbing1.png	Assets/Product/Texture/Atlas/UiCharacter/ChaGradeIconXinbing1.png	Assets/Product/Texture/Atlas/UiCharacter/ChaGradeIconXinbing0.png	列兵Ⅰ
856	1211003	2	1	10000	121302	[110000]	Assets/Product/Texture/Image/IconRoleQulity/CharacterIconJingrui.png	Assets/Product/Texture/Image/IconRoleQulity/CharacterIconJingrui1.png	Assets/Product/Texture/Atlas/UiCharacter/ChaGradeIconJingrui2.png	Assets/Product/Texture/Atlas/UiCharacter/ChaGradeIconJingrui1.png	军士Ⅰ
857	1211003	3	1	15000	121303	[110001]	Assets/Product/Texture/Image/IconRoleQulity/CharacterIconJingrui.png	Assets/Product/Texture/Image/IconRoleQulity/CharacterIconJingrui1.png	Assets/Product/Texture/Atlas/UiCharacter/ChaGradeIconJingrui2.png	Assets/Product/Texture/Atlas/UiCharacter/ChaGradeIconJingrui1.png	军士Ⅱ
858	1211003	4	1	20000	121304	[110002]	Assets/Product/Texture/Image/IconRoleQulity/CharacterIconZhuli.png	Assets/Product/Texture/Image/IconRoleQulity/CharacterIconZhuli1.png	Assets/Product/Texture/Atlas/UiCharacter/ChaGradeIconZhuli2.png	Assets/Product/Texture/Atlas/UiCharacter/ChaGradeIconZhuli1.png	精锐Ⅰ
859	1211003	5	1	25000	121305	[110003]	Assets/Product/Texture/Image/IconRoleQulity/CharacterIconZhuli.png	Assets/Product/Texture/Image/IconRoleQulity/CharacterIconZhuli1.png	Assets/Product/Texture/Atlas/UiCharacter/ChaGradeIconZhuli2.png	Assets/Product/Texture/Atlas/UiCharacter/ChaGradeIconZhuli1.png	精锐Ⅱ
860	1211003	6	1	30000	121306	[110004]	Assets/Product/Texture/Image/IconRoleQulity/CharacterIconZhuli.png	Assets/Product/Texture/Image/IconRoleQulity/CharacterIconZhuli1.png	Assets/Product/Texture/Atlas/UiCharacter/ChaGradeIconZhuli2.png	Assets/Product/Texture/Atlas/UiCharacter/ChaGradeIconZhuli1.png	精锐Ⅲ
861	1211003	7	1	35000	121307	[110005]	Assets/Product/Texture/Image/IconRoleQulity/CharacterIconWangpai.png	Assets/Product/Texture/Image/IconRoleQulity/CharacterIconWangpai1.png	Assets/Product/Texture/Atlas/UiCharacter/ChaGradeIconWangpai2.png	Assets/Product/Texture/Atlas/UiCharacter/ChaGradeIconWangpai1.png	特种Ⅰ
862	1211003	8	1	42500	121308	[110006]	Assets/Product/Texture/Image/IconRoleQulity/CharacterIconWangpai.png	Assets/Product/Texture/Image/IconRoleQulity/CharacterIconWangpai1.png	Assets/Product/Texture/Atlas/UiCharacter/ChaGradeIconWangpai2.png	Assets/Product/Texture/Atlas/UiCharacter/ChaGradeIconWangpai1.png	特种Ⅱ
863	1211003	9	1	50000	121309	[110007]	Assets/Product/Texture/Image/IconRoleQulity/CharacterIconWangpai.png	Assets/Product/Texture/Image/IconRoleQulity/CharacterIconWangpai1.png	Assets/Product/Texture/Atlas/UiCharacter/ChaGradeIconWangpai2.png	Assets/Product/Texture/Atlas/UiCharacter/ChaGradeIconWangpai1.png	特种Ⅲ
864	1211003	10	1	60000	121310	[110008]	Assets/Product/Texture/Image/IconRoleQulity/CharacterIconTianxuan.png	Assets/Product/Texture/Image/IconRoleQulity/CharacterIconTianxuan1.png	Assets/Product/Texture/Atlas/UiCharacter/ChaGradeIconTianxuan2.png	Assets/Product/Texture/Atlas/UiCharacter/ChaGradeIconTianxuan1.png	王牌Ⅰ
865	1211003	11	1	70000	121311	[110009]	Assets/Product/Texture/Image/IconRoleQulity/CharacterIconTianxuan.png	Assets/Product/Texture/Image/IconRoleQulity/CharacterIconTianxuan1.png	Assets/Product/Texture/Atlas/UiCharacter/ChaGradeIconTianxuan2.png	Assets/Product/Texture/Atlas/UiCharacter/ChaGradeIconTianxuan1.png	王牌Ⅱ
866	1211003	12	1	80000	121312	[110010]	Assets/Product/Texture/Image/IconRoleQulity/CharacterIconTianxuan.png	Assets/Product/Texture/Image/IconRoleQulity/CharacterIconTianxuan1.png	Assets/Product/Texture/Atlas/UiCharacter/ChaGradeIconTianxuan2.png	Assets/Product/Texture/Atlas/UiCharacter/ChaGradeIconTianxuan1.png	王牌Ⅲ
867	1211003	13	1	100000	121313	[110011]	Assets/Product/Texture/Image/IconRoleQulity/CharacterIconTianxuan.png	Assets/Product/Texture/Image/IconRoleQulity/CharacterIconTianxuan1.png	Assets/Product/Texture/Atlas/UiCharacter/ChaGradeIconTianxuan2.png	Assets/Product/Texture/Atlas/UiCharacter/ChaGradeIconTianxuan1.png	王牌Ⅳ
868	1211003	14			121314	[110011]	Assets/Product/Texture/Image/IconRoleQulity/CharacterIconYingxiong.png	Assets/Product/Texture/Image/IconRoleQulity/CharacterIconYingxiong1.png	Assets/Product/Texture/Atlas/UiCharacter/ChaGradeIconYingxiong.png	Assets/Product/Texture/Atlas/UiCharacter/ChaGradeIconYingxiong.png	英雄
869	1021006	1	1	5000	102601	[109000]	Assets/Product/Texture/Image/IconRoleQulity/CharacterIconXinbing.png	Assets/Product/Texture/Image/IconRoleQulity/CharacterIconXinbing1.png	Assets/Product/Texture/Atlas/UiCharacter/ChaGradeIconXinbing1.png	Assets/Product/Texture/Atlas/UiCharacter/ChaGradeIconXinbing0.png	列兵Ⅰ
870	1021006	2	1	10000	102602	[110000]	Assets/Product/Texture/Image/IconRoleQulity/CharacterIconJingrui.png	Assets/Product/Texture/Image/IconRoleQulity/CharacterIconJingrui1.png	Assets/Product/Texture/Atlas/UiCharacter/ChaGradeIconJingrui2.png	Assets/Product/Texture/Atlas/UiCharacter/ChaGradeIconJingrui1.png	军士Ⅰ
871	1021006	3	1	15000	102603	[110001]	Assets/Product/Texture/Image/IconRoleQulity/CharacterIconJingrui.png	Assets/Product/Texture/Image/IconRoleQulity/CharacterIconJingrui1.png	Assets/Product/Texture/Atlas/UiCharacter/ChaGradeIconJingrui2.png	Assets/Product/Texture/Atlas/UiCharacter/ChaGradeIconJingrui1.png	军士Ⅱ
872	1021006	4	1	20000	102604	[110002]	Assets/Product/Texture/Image/IconRoleQulity/CharacterIconZhuli.png	Assets/Product/Texture/Image/IconRoleQulity/CharacterIconZhuli1.png	Assets/Product/Texture/Atlas/UiCharacter/ChaGradeIconZhuli2.png	Assets/Product/Texture/Atlas/UiCharacter/ChaGradeIconZhuli1.png	精锐Ⅰ
873	1021006	5	1	25000	102605	[110003]	Assets/Product/Texture/Image/IconRoleQulity/CharacterIconZhuli.png	Assets/Product/Texture/Image/IconRoleQulity/CharacterIconZhuli1.png	Assets/Product/Texture/Atlas/UiCharacter/ChaGradeIconZhuli2.png	Assets/Product/Texture/Atlas/UiCharacter/ChaGradeIconZhuli1.png	精锐Ⅱ
874	1021006	6	1	30000	102606	[110004]	Assets/Product/Texture/Image/IconRoleQulity/CharacterIconZhuli.png	Assets/Product/Texture/Image/IconRoleQulity/CharacterIconZhuli1.png	Assets/Product/Texture/Atlas/UiCharacter/ChaGradeIconZhuli2.png	Assets/Product/Texture/Atlas/UiCharacter/ChaGradeIconZhuli1.png	精锐Ⅲ
875	1021006	7	1	35000	102607	[110005]	Assets/Product/Texture/Image/IconRoleQulity/CharacterIconWangpai.png	Assets/Product/Texture/Image/IconRoleQulity/CharacterIconWangpai1.png	Assets/Product/Texture/Atlas/UiCharacter/ChaGradeIconWangpai2.png	Assets/Product/Texture/Atlas/UiCharacter/ChaGradeIconWangpai1.png	特种Ⅰ
876	1021006	8	1	42500	102608	[110006]	Assets/Product/Texture/Image/IconRoleQulity/CharacterIconWangpai.png	Assets/Product/Texture/Image/IconRoleQulity/CharacterIconWangpai1.png	Assets/Product/Texture/Atlas/UiCharacter/ChaGradeIconWangpai2.png	Assets/Product/Texture/Atlas/UiCharacter/ChaGradeIconWangpai1.png	特种Ⅱ
877	1021006	9	1	50000	102609	[110007]	Assets/Product/Texture/Image/IconRoleQulity/CharacterIconWangpai.png	Assets/Product/Texture/Image/IconRoleQulity/CharacterIconWangpai1.png	Assets/Product/Texture/Atlas/UiCharacter/ChaGradeIconWangpai2.png	Assets/Product/Texture/Atlas/UiCharacter/ChaGradeIconWangpai1.png	特种Ⅲ
878	1021006	10	1	60000	102610	[110008]	Assets/Product/Texture/Image/IconRoleQulity/CharacterIconTianxuan.png	Assets/Product/Texture/Image/IconRoleQulity/CharacterIconTianxuan1.png	Assets/Product/Texture/Atlas/UiCharacter/ChaGradeIconTianxuan2.png	Assets/Product/Texture/Atlas/UiCharacter/ChaGradeIconTianxuan1.png	王牌Ⅰ
879	1021006	11	1	70000	102611	[110009]	Assets/Product/Texture/Image/IconRoleQulity/CharacterIconTianxuan.png	Assets/Product/Texture/Image/IconRoleQulity/CharacterIconTianxuan1.png	Assets/Product/Texture/Atlas/UiCharacter/ChaGradeIconTianxuan2.png	Assets/Product/Texture/Atlas/UiCharacter/ChaGradeIconTianxuan1.png	王牌Ⅱ
880	1021006	12	1	80000	102612	[110010]	Assets/Product/Texture/Image/IconRoleQulity/CharacterIconTianxuan.png	Assets/Product/Texture/Image/IconRoleQulity/CharacterIconTianxuan1.png	Assets/Product/Texture/Atlas/UiCharacter/ChaGradeIconTianxuan2.png	Assets/Product/Texture/Atlas/UiCharacter/ChaGradeIconTianxuan1.png	王牌Ⅲ
881	1021006	13	1	100000	102613	[110011]	Assets/Product/Texture/Image/IconRoleQulity/CharacterIconTianxuan.png	Assets/Product/Texture/Image/IconRoleQulity/CharacterIconTianxuan1.png	Assets/Product/Texture/Atlas/UiCharacter/ChaGradeIconTianxuan2.png	Assets/Product/Texture/Atlas/UiCharacter/ChaGradeIconTianxuan1.png	王牌Ⅳ
882	1021006	14			102614	[110011]	Assets/Product/Texture/Image/IconRoleQulity/CharacterIconYingxiong.png	Assets/Product/Texture/Image/IconRoleQulity/CharacterIconYingxiong1.png	Assets/Product/Texture/Atlas/UiCharacter/ChaGradeIconYingxiong.png	Assets/Product/Texture/Atlas/UiCharacter/ChaGradeIconYingxiong.png	英雄
883	1311002	1	1	5000	131201	[109000]	Assets/Product/Texture/Image/IconRoleQulity/CharacterIconXinbing.png	Assets/Product/Texture/Image/IconRoleQulity/CharacterIconXinbing1.png	Assets/Product/Texture/Atlas/UiCharacter/ChaGradeIconXinbing1.png	Assets/Product/Texture/Atlas/UiCharacter/ChaGradeIconXinbing0.png	列兵Ⅰ
884	1311002	2	1	10000	131202	[110000]	Assets/Product/Texture/Image/IconRoleQulity/CharacterIconJingrui.png	Assets/Product/Texture/Image/IconRoleQulity/CharacterIconJingrui1.png	Assets/Product/Texture/Atlas/UiCharacter/ChaGradeIconJingrui2.png	Assets/Product/Texture/Atlas/UiCharacter/ChaGradeIconJingrui1.png	军士Ⅰ
885	1311002	3	1	15000	131203	[110001]	Assets/Product/Texture/Image/IconRoleQulity/CharacterIconJingrui.png	Assets/Product/Texture/Image/IconRoleQulity/CharacterIconJingrui1.png	Assets/Product/Texture/Atlas/UiCharacter/ChaGradeIconJingrui2.png	Assets/Product/Texture/Atlas/UiCharacter/ChaGradeIconJingrui1.png	军士Ⅱ
886	1311002	4	1	20000	131204	[110002]	Assets/Product/Texture/Image/IconRoleQulity/CharacterIconZhuli.png	Assets/Product/Texture/Image/IconRoleQulity/CharacterIconZhuli1.png	Assets/Product/Texture/Atlas/UiCharacter/ChaGradeIconZhuli2.png	Assets/Product/Texture/Atlas/UiCharacter/ChaGradeIconZhuli1.png	精锐Ⅰ
887	1311002	5	1	25000	131205	[110003]	Assets/Product/Texture/Image/IconRoleQulity/CharacterIconZhuli.png	Assets/Product/Texture/Image/IconRoleQulity/CharacterIconZhuli1.png	Assets/Product/Texture/Atlas/UiCharacter/ChaGradeIconZhuli2.png	Assets/Product/Texture/Atlas/UiCharacter/ChaGradeIconZhuli1.png	精锐Ⅱ
888	1311002	6	1	30000	131206	[110004]	Assets/Product/Texture/Image/IconRoleQulity/CharacterIconZhuli.png	Assets/Product/Texture/Image/IconRoleQulity/CharacterIconZhuli1.png	Assets/Product/Texture/Atlas/UiCharacter/ChaGradeIconZhuli2.png	Assets/Product/Texture/Atlas/UiCharacter/ChaGradeIconZhuli1.png	精锐Ⅲ
889	1311002	7	1	35000	131207	[110005]	Assets/Product/Texture/Image/IconRoleQulity/CharacterIconWangpai.png	Assets/Product/Texture/Image/IconRoleQulity/CharacterIconWangpai1.png	Assets/Product/Texture/Atlas/UiCharacter/ChaGradeIconWangpai2.png	Assets/Product/Texture/Atlas/UiCharacter/ChaGradeIconWangpai1.png	特种Ⅰ
890	1311002	8	1	42500	131208	[110006]	Assets/Product/Texture/Image/IconRoleQulity/CharacterIconWangpai.png	Assets/Product/Texture/Image/IconRoleQulity/CharacterIconWangpai1.png	Assets/Product/Texture/Atlas/UiCharacter/ChaGradeIconWangpai2.png	Assets/Product/Texture/Atlas/UiCharacter/ChaGradeIconWangpai1.png	特种Ⅱ
891	1311002	9	1	50000	131209	[110007]	Assets/Product/Texture/Image/IconRoleQulity/CharacterIconWangpai.png	Assets/Product/Texture/Image/IconRoleQulity/CharacterIconWangpai1.png	Assets/Product/Texture/Atlas/UiCharacter/ChaGradeIconWangpai2.png	Assets/Product/Texture/Atlas/UiCharacter/ChaGradeIconWangpai1.png	特种Ⅲ
892	1311002	10	1	60000	131210	[110008]	Assets/Product/Texture/Image/IconRoleQulity/CharacterIconTianxuan.png	Assets/Product/Texture/Image/IconRoleQulity/CharacterIconTianxuan1.png	Assets/Product/Texture/Atlas/UiCharacter/ChaGradeIconTianxuan2.png	Assets/Product/Texture/Atlas/UiCharacter/ChaGradeIconTianxuan1.png	王牌Ⅰ
893	1311002	11	1	70000	131211	[110009]	Assets/Product/Texture/Image/IconRoleQulity/CharacterIconTianxuan.png	Assets/Product/Texture/Image/IconRoleQulity/CharacterIconTianxuan1.png	Assets/Product/Texture/Atlas/UiCharacter/ChaGradeIconTianxuan2.png	Assets/Product/Texture/Atlas/UiCharacter/ChaGradeIconTianxuan1.png	王牌Ⅱ
894	1311002	12	1	80000	131212	[110010]	Assets/Product/Texture/Image/IconRoleQulity/CharacterIconTianxuan.png	Assets/Product/Texture/Image/IconRoleQulity/CharacterIconTianxuan1.png	Assets/Product/Texture/Atlas/UiCharacter/ChaGradeIconTianxuan2.png	Assets/Product/Texture/Atlas/UiCharacter/ChaGradeIconTianxuan1.png	王牌Ⅲ
895	1311002	13	1	100000	131213	[110011]	Assets/Product/Texture/Image/IconRoleQulity/CharacterIconTianxuan.png	Assets/Product/Texture/Image/IconRoleQulity/CharacterIconTianxuan1.png	Assets/Product/Texture/Atlas/UiCharacter/ChaGradeIconTianxuan2.png	Assets/Product/Texture/Atlas/UiCharacter/ChaGradeIconTianxuan1.png	王牌Ⅳ
896	1311002	14			131214	[110011]	Assets/Product/Texture/Image/IconRoleQulity/CharacterIconYingxiong.png	Assets/Product/Texture/Image/IconRoleQulity/CharacterIconYingxiong1.png	Assets/Product/Texture/Atlas/UiCharacter/ChaGradeIconYingxiong.png	Assets/Product/Texture/Atlas/UiCharacter/ChaGradeIconYingxiong.png	英雄
897	1051005	1	1	5000	105501	[109000]	Assets/Product/Texture/Image/IconRoleQulity/CharacterIconXinbing.png	Assets/Product/Texture/Image/IconRoleQulity/CharacterIconXinbing1.png	Assets/Product/Texture/Atlas/UiCharacter/ChaGradeIconXinbing1.png	Assets/Product/Texture/Atlas/UiCharacter/ChaGradeIconXinbing0.png	列兵Ⅰ
898	1051005	2	1	10000	105502	[110000]	Assets/Product/Texture/Image/IconRoleQulity/CharacterIconJingrui.png	Assets/Product/Texture/Image/IconRoleQulity/CharacterIconJingrui1.png	Assets/Product/Texture/Atlas/UiCharacter/ChaGradeIconJingrui2.png	Assets/Product/Texture/Atlas/UiCharacter/ChaGradeIconJingrui1.png	军士Ⅰ
899	1051005	3	1	15000	105503	[110001]	Assets/Product/Texture/Image/IconRoleQulity/CharacterIconJingrui.png	Assets/Product/Texture/Image/IconRoleQulity/CharacterIconJingrui1.png	Assets/Product/Texture/Atlas/UiCharacter/ChaGradeIconJingrui2.png	Assets/Product/Texture/Atlas/UiCharacter/ChaGradeIconJingrui1.png	军士Ⅱ
900	1051005	4	1	20000	105504	[110002]	Assets/Product/Texture/Image/IconRoleQulity/CharacterIconZhuli.png	Assets/Product/Texture/Image/IconRoleQulity/CharacterIconZhuli1.png	Assets/Product/Texture/Atlas/UiCharacter/ChaGradeIconZhuli2.png	Assets/Product/Texture/Atlas/UiCharacter/ChaGradeIconZhuli1.png	精锐Ⅰ
901	1051005	5	1	25000	105505	[110003]	Assets/Product/Texture/Image/IconRoleQulity/CharacterIconZhuli.png	Assets/Product/Texture/Image/IconRoleQulity/CharacterIconZhuli1.png	Assets/Product/Texture/Atlas/UiCharacter/ChaGradeIconZhuli2.png	Assets/Product/Texture/Atlas/UiCharacter/ChaGradeIconZhuli1.png	精锐Ⅱ
902	1051005	6	1	30000	105506	[110004]	Assets/Product/Texture/Image/IconRoleQulity/CharacterIconZhuli.png	Assets/Product/Texture/Image/IconRoleQulity/CharacterIconZhuli1.png	Assets/Product/Texture/Atlas/UiCharacter/ChaGradeIconZhuli2.png	Assets/Product/Texture/Atlas/UiCharacter/ChaGradeIconZhuli1.png	精锐Ⅲ
903	1051005	7	1	35000	105507	[110005]	Assets/Product/Texture/Image/IconRoleQulity/CharacterIconWangpai.png	Assets/Product/Texture/Image/IconRoleQulity/CharacterIconWangpai1.png	Assets/Product/Texture/Atlas/UiCharacter/ChaGradeIconWangpai2.png	Assets/Product/Texture/Atlas/UiCharacter/ChaGradeIconWangpai1.png	特种Ⅰ
904	1051005	8	1	42500	105508	[110006]	Assets/Product/Texture/Image/IconRoleQulity/CharacterIconWangpai.png	Assets/Product/Texture/Image/IconRoleQulity/CharacterIconWangpai1.png	Assets/Product/Texture/Atlas/UiCharacter/ChaGradeIconWangpai2.png	Assets/Product/Texture/Atlas/UiCharacter/ChaGradeIconWangpai1.png	特种Ⅱ
905	1051005	9	1	50000	105509	[110007]	Assets/Product/Texture/Image/IconRoleQulity/CharacterIconWangpai.png	Assets/Product/Texture/Image/IconRoleQulity/CharacterIconWangpai1.png	Assets/Product/Texture/Atlas/UiCharacter/ChaGradeIconWangpai2.png	Assets/Product/Texture/Atlas/UiCharacter/ChaGradeIconWangpai1.png	特种Ⅲ
906	1051005	10	1	60000	105510	[110008]	Assets/Product/Texture/Image/IconRoleQulity/CharacterIconTianxuan.png	Assets/Product/Texture/Image/IconRoleQulity/CharacterIconTianxuan1.png	Assets/Product/Texture/Atlas/UiCharacter/ChaGradeIconTianxuan2.png	Assets/Product/Texture/Atlas/UiCharacter/ChaGradeIconTianxuan1.png	王牌Ⅰ
907	1051005	11	1	70000	105511	[110009]	Assets/Product/Texture/Image/IconRoleQulity/CharacterIconTianxuan.png	Assets/Product/Texture/Image/IconRoleQulity/CharacterIconTianxuan1.png	Assets/Product/Texture/Atlas/UiCharacter/ChaGradeIconTianxuan2.png	Assets/Product/Texture/Atlas/UiCharacter/ChaGradeIconTianxuan1.png	王牌Ⅱ
908	1051005	12	1	80000	105512	[110010]	Assets/Product/Texture/Image/IconRoleQulity/CharacterIconTianxuan.png	Assets/Product/Texture/Image/IconRoleQulity/CharacterIconTianxuan1.png	Assets/Product/Texture/Atlas/UiCharacter/ChaGradeIconTianxuan2.png	Assets/Product/Texture/Atlas/UiCharacter/ChaGradeIconTianxuan1.png	王牌Ⅲ
909	1051005	13	1	100000	105513	[110011]	Assets/Product/Texture/Image/IconRoleQulity/CharacterIconTianxuan.png	Assets/Product/Texture/Image/IconRoleQulity/CharacterIconTianxuan1.png	Assets/Product/Texture/Atlas/UiCharacter/ChaGradeIconTianxuan2.png	Assets/Product/Texture/Atlas/UiCharacter/ChaGradeIconTianxuan1.png	王牌Ⅳ
910	1051005	14			105514	[110011]	Assets/Product/Texture/Image/IconRoleQulity/CharacterIconYingxiong.png	Assets/Product/Texture/Image/IconRoleQulity/CharacterIconYingxiong1.png	Assets/Product/Texture/Atlas/UiCharacter/ChaGradeIconYingxiong.png	Assets/Product/Texture/Atlas/UiCharacter/ChaGradeIconYingxiong.png	英雄
911	1321003	1	1	5000	132301	[109000]	Assets/Product/Texture/Image/IconRoleQulity/CharacterIconXinbing.png	Assets/Product/Texture/Image/IconRoleQulity/CharacterIconXinbing1.png	Assets/Product/Texture/Atlas/UiCharacter/ChaGradeIconXinbing1.png	Assets/Product/Texture/Atlas/UiCharacter/ChaGradeIconXinbing0.png	列兵Ⅰ
912	1321003	2	1	10000	132302	[110000]	Assets/Product/Texture/Image/IconRoleQulity/CharacterIconJingrui.png	Assets/Product/Texture/Image/IconRoleQulity/CharacterIconJingrui1.png	Assets/Product/Texture/Atlas/UiCharacter/ChaGradeIconJingrui2.png	Assets/Product/Texture/Atlas/UiCharacter/ChaGradeIconJingrui1.png	军士Ⅰ
913	1321003	3	1	15000	132303	[110001]	Assets/Product/Texture/Image/IconRoleQulity/CharacterIconJingrui.png	Assets/Product/Texture/Image/IconRoleQulity/CharacterIconJingrui1.png	Assets/Product/Texture/Atlas/UiCharacter/ChaGradeIconJingrui2.png	Assets/Product/Texture/Atlas/UiCharacter/ChaGradeIconJingrui1.png	军士Ⅱ
914	1321003	4	1	20000	132304	[110002]	Assets/Product/Texture/Image/IconRoleQulity/CharacterIconZhuli.png	Assets/Product/Texture/Image/IconRoleQulity/CharacterIconZhuli1.png	Assets/Product/Texture/Atlas/UiCharacter/ChaGradeIconZhuli2.png	Assets/Product/Texture/Atlas/UiCharacter/ChaGradeIconZhuli1.png	精锐Ⅰ
915	1321003	5	1	25000	132305	[110003]	Assets/Product/Texture/Image/IconRoleQulity/CharacterIconZhuli.png	Assets/Product/Texture/Image/IconRoleQulity/CharacterIconZhuli1.png	Assets/Product/Texture/Atlas/UiCharacter/ChaGradeIconZhuli2.png	Assets/Product/Texture/Atlas/UiCharacter/ChaGradeIconZhuli1.png	精锐Ⅱ
916	1321003	6	1	30000	132306	[110004]	Assets/Product/Texture/Image/IconRoleQulity/CharacterIconZhuli.png	Assets/Product/Texture/Image/IconRoleQulity/CharacterIconZhuli1.png	Assets/Product/Texture/Atlas/UiCharacter/ChaGradeIconZhuli2.png	Assets/Product/Texture/Atlas/UiCharacter/ChaGradeIconZhuli1.png	精锐Ⅲ
917	1321003	7	1	35000	132307	[110005]	Assets/Product/Texture/Image/IconRoleQulity/CharacterIconWangpai.png	Assets/Product/Texture/Image/IconRoleQulity/CharacterIconWangpai1.png	Assets/Product/Texture/Atlas/UiCharacter/ChaGradeIconWangpai2.png	Assets/Product/Texture/Atlas/UiCharacter/ChaGradeIconWangpai1.png	特种Ⅰ
918	1321003	8	1	42500	132308	[110006]	Assets/Product/Texture/Image/IconRoleQulity/CharacterIconWangpai.png	Assets/Product/Texture/Image/IconRoleQulity/CharacterIconWangpai1.png	Assets/Product/Texture/Atlas/UiCharacter/ChaGradeIconWangpai2.png	Assets/Product/Texture/Atlas/UiCharacter/ChaGradeIconWangpai1.png	特种Ⅱ
919	1321003	9	1	50000	132309	[110007]	Assets/Product/Texture/Image/IconRoleQulity/CharacterIconWangpai.png	Assets/Product/Texture/Image/IconRoleQulity/CharacterIconWangpai1.png	Assets/Product/Texture/Atlas/UiCharacter/ChaGradeIconWangpai2.png	Assets/Product/Texture/Atlas/UiCharacter/ChaGradeIconWangpai1.png	特种Ⅲ
920	1321003	10	1	60000	132310	[110008]	Assets/Product/Texture/Image/IconRoleQulity/CharacterIconTianxuan.png	Assets/Product/Texture/Image/IconRoleQulity/CharacterIconTianxuan1.png	Assets/Product/Texture/Atlas/UiCharacter/ChaGradeIconTianxuan2.png	Assets/Product/Texture/Atlas/UiCharacter/ChaGradeIconTianxuan1.png	王牌Ⅰ
921	1321003	11	1	70000	132311	[110009]	Assets/Product/Texture/Image/IconRoleQulity/CharacterIconTianxuan.png	Assets/Product/Texture/Image/IconRoleQulity/CharacterIconTianxuan1.png	Assets/Product/Texture/Atlas/UiCharacter/ChaGradeIconTianxuan2.png	Assets/Product/Texture/Atlas/UiCharacter/ChaGradeIconTianxuan1.png	王牌Ⅱ
922	1321003	12	1	80000	132312	[110010]	Assets/Product/Texture/Image/IconRoleQulity/CharacterIconTianxuan.png	Assets/Product/Texture/Image/IconRoleQulity/CharacterIconTianxuan1.png	Assets/Product/Texture/Atlas/UiCharacter/ChaGradeIconTianxuan2.png	Assets/Product/Texture/Atlas/UiCharacter/ChaGradeIconTianxuan1.png	王牌Ⅲ
923	1321003	13	1	100000	132313	[110011]	Assets/Product/Texture/Image/IconRoleQulity/CharacterIconTianxuan.png	Assets/Product/Texture/Image/IconRoleQulity/CharacterIconTianxuan1.png	Assets/Product/Texture/Atlas/UiCharacter/ChaGradeIconTianxuan2.png	Assets/Product/Texture/Atlas/UiCharacter/ChaGradeIconTianxuan1.png	王牌Ⅳ
924	1321003	14			132314	[110011]	Assets/Product/Texture/Image/IconRoleQulity/CharacterIconYingxiong.png	Assets/Product/Texture/Image/IconRoleQulity/CharacterIconYingxiong1.png	Assets/Product/Texture/Atlas/UiCharacter/ChaGradeIconYingxiong.png	Assets/Product/Texture/Atlas/UiCharacter/ChaGradeIconYingxiong.png	英雄
925	1331003	1	1	5000	133301	[109000]	Assets/Product/Texture/Image/IconRoleQulity/CharacterIconXinbing.png	Assets/Product/Texture/Image/IconRoleQulity/CharacterIconXinbing1.png	Assets/Product/Texture/Atlas/UiCharacter/ChaGradeIconXinbing1.png	Assets/Product/Texture/Atlas/UiCharacter/ChaGradeIconXinbing0.png	列兵Ⅰ
926	1331003	2	1	10000	133302	[110000]	Assets/Product/Texture/Image/IconRoleQulity/CharacterIconJingrui.png	Assets/Product/Texture/Image/IconRoleQulity/CharacterIconJingrui1.png	Assets/Product/Texture/Atlas/UiCharacter/ChaGradeIconJingrui2.png	Assets/Product/Texture/Atlas/UiCharacter/ChaGradeIconJingrui1.png	军士Ⅰ
927	1331003	3	1	15000	133303	[110001]	Assets/Product/Texture/Image/IconRoleQulity/CharacterIconJingrui.png	Assets/Product/Texture/Image/IconRoleQulity/CharacterIconJingrui1.png	Assets/Product/Texture/Atlas/UiCharacter/ChaGradeIconJingrui2.png	Assets/Product/Texture/Atlas/UiCharacter/ChaGradeIconJingrui1.png	军士Ⅱ
928	1331003	4	1	20000	133304	[110002]	Assets/Product/Texture/Image/IconRoleQulity/CharacterIconZhuli.png	Assets/Product/Texture/Image/IconRoleQulity/CharacterIconZhuli1.png	Assets/Product/Texture/Atlas/UiCharacter/ChaGradeIconZhuli2.png	Assets/Product/Texture/Atlas/UiCharacter/ChaGradeIconZhuli1.png	精锐Ⅰ
929	1331003	5	1	25000	133305	[110003]	Assets/Product/Texture/Image/IconRoleQulity/CharacterIconZhuli.png	Assets/Product/Texture/Image/IconRoleQulity/CharacterIconZhuli1.png	Assets/Product/Texture/Atlas/UiCharacter/ChaGradeIconZhuli2.png	Assets/Product/Texture/Atlas/UiCharacter/ChaGradeIconZhuli1.png	精锐Ⅱ
930	1331003	6	1	30000	133306	[110004]	Assets/Product/Texture/Image/IconRoleQulity/CharacterIconZhuli.png	Assets/Product/Texture/Image/IconRoleQulity/CharacterIconZhuli1.png	Assets/Product/Texture/Atlas/UiCharacter/ChaGradeIconZhuli2.png	Assets/Product/Texture/Atlas/UiCharacter/ChaGradeIconZhuli1.png	精锐Ⅲ
931	1331003	7	1	35000	133307	[110005]	Assets/Product/Texture/Image/IconRoleQulity/CharacterIconWangpai.png	Assets/Product/Texture/Image/IconRoleQulity/CharacterIconWangpai1.png	Assets/Product/Texture/Atlas/UiCharacter/ChaGradeIconWangpai2.png	Assets/Product/Texture/Atlas/UiCharacter/ChaGradeIconWangpai1.png	特种Ⅰ
932	1331003	8	1	42500	133308	[110006]	Assets/Product/Texture/Image/IconRoleQulity/CharacterIconWangpai.png	Assets/Product/Texture/Image/IconRoleQulity/CharacterIconWangpai1.png	Assets/Product/Texture/Atlas/UiCharacter/ChaGradeIconWangpai2.png	Assets/Product/Texture/Atlas/UiCharacter/ChaGradeIconWangpai1.png	特种Ⅱ
933	1331003	9	1	50000	133309	[110007]	Assets/Product/Texture/Image/IconRoleQulity/CharacterIconWangpai.png	Assets/Product/Texture/Image/IconRoleQulity/CharacterIconWangpai1.png	Assets/Product/Texture/Atlas/UiCharacter/ChaGradeIconWangpai2.png	Assets/Product/Texture/Atlas/UiCharacter/ChaGradeIconWangpai1.png	特种Ⅲ
934	1331003	10	1	60000	133310	[110008]	Assets/Product/Texture/Image/IconRoleQulity/CharacterIconTianxuan.png	Assets/Product/Texture/Image/IconRoleQulity/CharacterIconTianxuan1.png	Assets/Product/Texture/Atlas/UiCharacter/ChaGradeIconTianxuan2.png	Assets/Product/Texture/Atlas/UiCharacter/ChaGradeIconTianxuan1.png	王牌Ⅰ
935	1331003	11	1	70000	133311	[110009]	Assets/Product/Texture/Image/IconRoleQulity/CharacterIconTianxuan.png	Assets/Product/Texture/Image/IconRoleQulity/CharacterIconTianxuan1.png	Assets/Product/Texture/Atlas/UiCharacter/ChaGradeIconTianxuan2.png	Assets/Product/Texture/Atlas/UiCharacter/ChaGradeIconTianxuan1.png	王牌Ⅱ
936	1331003	12	1	80000	133312	[110010]	Assets/Product/Texture/Image/IconRoleQulity/CharacterIconTianxuan.png	Assets/Product/Texture/Image/IconRoleQulity/CharacterIconTianxuan1.png	Assets/Product/Texture/Atlas/UiCharacter/ChaGradeIconTianxuan2.png	Assets/Product/Texture/Atlas/UiCharacter/ChaGradeIconTianxuan1.png	王牌Ⅲ
937	1331003	13	1	100000	133313	[110011]	Assets/Product/Texture/Image/IconRoleQulity/CharacterIconTianxuan.png	Assets/Product/Texture/Image/IconRoleQulity/CharacterIconTianxuan1.png	Assets/Product/Texture/Atlas/UiCharacter/ChaGradeIconTianxuan2.png	Assets/Product/Texture/Atlas/UiCharacter/ChaGradeIconTianxuan1.png	王牌Ⅳ
938	1331003	14			133314	[110011]	Assets/Product/Texture/Image/IconRoleQulity/CharacterIconYingxiong.png	Assets/Product/Texture/Image/IconRoleQulity/CharacterIconYingxiong1.png	Assets/Product/Texture/Atlas/UiCharacter/ChaGradeIconYingxiong.png	Assets/Product/Texture/Atlas/UiCharacter/ChaGradeIconYingxiong.png	英雄
939	1531005	1	1	5000	153501	[109000]	Assets/Product/Texture/Image/IconRoleQulity/CharacterIconXinbing.png	Assets/Product/Texture/Image/IconRoleQulity/CharacterIconXinbing1.png	Assets/Product/Texture/Atlas/UiCharacter/ChaGradeIconXinbing1.png	Assets/Product/Texture/Atlas/UiCharacter/ChaGradeIconXinbing0.png	列兵Ⅰ
940	1531005	2	1	10000	153502	[110000]	Assets/Product/Texture/Image/IconRoleQulity/CharacterIconJingrui.png	Assets/Product/Texture/Image/IconRoleQulity/CharacterIconJingrui1.png	Assets/Product/Texture/Atlas/UiCharacter/ChaGradeIconJingrui2.png	Assets/Product/Texture/Atlas/UiCharacter/ChaGradeIconJingrui1.png	军士Ⅰ
941	1531005	3	1	15000	153503	[110001]	Assets/Product/Texture/Image/IconRoleQulity/CharacterIconJingrui.png	Assets/Product/Texture/Image/IconRoleQulity/CharacterIconJingrui1.png	Assets/Product/Texture/Atlas/UiCharacter/ChaGradeIconJingrui2.png	Assets/Product/Texture/Atlas/UiCharacter/ChaGradeIconJingrui1.png	军士Ⅱ
942	1531005	4	1	20000	153504	[110002]	Assets/Product/Texture/Image/IconRoleQulity/CharacterIconZhuli.png	Assets/Product/Texture/Image/IconRoleQulity/CharacterIconZhuli1.png	Assets/Product/Texture/Atlas/UiCharacter/ChaGradeIconZhuli2.png	Assets/Product/Texture/Atlas/UiCharacter/ChaGradeIconZhuli1.png	精锐Ⅰ
943	1531005	5	1	25000	153505	[110003]	Assets/Product/Texture/Image/IconRoleQulity/CharacterIconZhuli.png	Assets/Product/Texture/Image/IconRoleQulity/CharacterIconZhuli1.png	Assets/Product/Texture/Atlas/UiCharacter/ChaGradeIconZhuli2.png	Assets/Product/Texture/Atlas/UiCharacter/ChaGradeIconZhuli1.png	精锐Ⅱ
944	1531005	6	1	30000	153506	[110004]	Assets/Product/Texture/Image/IconRoleQulity/CharacterIconZhuli.png	Assets/Product/Texture/Image/IconRoleQulity/CharacterIconZhuli1.png	Assets/Product/Texture/Atlas/UiCharacter/ChaGradeIconZhuli2.png	Assets/Product/Texture/Atlas/UiCharacter/ChaGradeIconZhuli1.png	精锐Ⅲ
945	1531005	7	1	35000	153507	[110005]	Assets/Product/Texture/Image/IconRoleQulity/CharacterIconWangpai.png	Assets/Product/Texture/Image/IconRoleQulity/CharacterIconWangpai1.png	Assets/Product/Texture/Atlas/UiCharacter/ChaGradeIconWangpai2.png	Assets/Product/Texture/Atlas/UiCharacter/ChaGradeIconWangpai1.png	特种Ⅰ
946	1531005	8	1	42500	153508	[110006]	Assets/Product/Texture/Image/IconRoleQulity/CharacterIconWangpai.png	Assets/Product/Texture/Image/IconRoleQulity/CharacterIconWangpai1.png	Assets/Product/Texture/Atlas/UiCharacter/ChaGradeIconWangpai2.png	Assets/Product/Texture/Atlas/UiCharacter/ChaGradeIconWangpai1.png	特种Ⅱ
947	1531005	9	1	50000	153509	[110007]	Assets/Product/Texture/Image/IconRoleQulity/CharacterIconWangpai.png	Assets/Product/Texture/Image/IconRoleQulity/CharacterIconWangpai1.png	Assets/Product/Texture/Atlas/UiCharacter/ChaGradeIconWangpai2.png	Assets/Product/Texture/Atlas/UiCharacter/ChaGradeIconWangpai1.png	特种Ⅲ
948	1531005	10	1	60000	153510	[110008]	Assets/Product/Texture/Image/IconRoleQulity/CharacterIconTianxuan.png	Assets/Product/Texture/Image/IconRoleQulity/CharacterIconTianxuan1.png	Assets/Product/Texture/Atlas/UiCharacter/ChaGradeIconTianxuan2.png	Assets/Product/Texture/Atlas/UiCharacter/ChaGradeIconTianxuan1.png	王牌Ⅰ
949	1531005	11	1	70000	153511	[110009]	Assets/Product/Texture/Image/IconRoleQulity/CharacterIconTianxuan.png	Assets/Product/Texture/Image/IconRoleQulity/CharacterIconTianxuan1.png	Assets/Product/Texture/Atlas/UiCharacter/ChaGradeIconTianxuan2.png	Assets/Product/Texture/Atlas/UiCharacter/ChaGradeIconTianxuan1.png	王牌Ⅱ
950	1531005	12	1	80000	153512	[110010]	Assets/Product/Texture/Image/IconRoleQulity/CharacterIconTianxuan.png	Assets/Product/Texture/Image/IconRoleQulity/CharacterIconTianxuan1.png	Assets/Product/Texture/Atlas/UiCharacter/ChaGradeIconTianxuan2.png	Assets/Product/Texture/Atlas/UiCharacter/ChaGradeIconTianxuan1.png	王牌Ⅲ
951	1531005	13	1	100000	153513	[110011]	Assets/Product/Texture/Image/IconRoleQulity/CharacterIconTianxuan.png	Assets/Product/Texture/Image/IconRoleQulity/CharacterIconTianxuan1.png	Assets/Product/Texture/Atlas/UiCharacter/ChaGradeIconTianxuan2.png	Assets/Product/Texture/Atlas/UiCharacter/ChaGradeIconTianxuan1.png	王牌Ⅳ
952	1531005	14			153514	[110011]	Assets/Product/Texture/Image/IconRoleQulity/CharacterIconYingxiong.png	Assets/Product/Texture/Image/IconRoleQulity/CharacterIconYingxiong1.png	Assets/Product/Texture/Atlas/UiCharacter/ChaGradeIconYingxiong.png	Assets/Product/Texture/Atlas/UiCharacter/ChaGradeIconYingxiong.png	英雄
953	1341002	1	1	5000	134201	[109000]	Assets/Product/Texture/Image/IconRoleQulity/CharacterIconXinbing.png	Assets/Product/Texture/Image/IconRoleQulity/CharacterIconXinbing1.png	Assets/Product/Texture/Atlas/UiCharacter/ChaGradeIconXinbing1.png	Assets/Product/Texture/Atlas/UiCharacter/ChaGradeIconXinbing0.png	列兵Ⅰ
954	1341002	2	1	10000	134202	[110000]	Assets/Product/Texture/Image/IconRoleQulity/CharacterIconJingrui.png	Assets/Product/Texture/Image/IconRoleQulity/CharacterIconJingrui1.png	Assets/Product/Texture/Atlas/UiCharacter/ChaGradeIconJingrui2.png	Assets/Product/Texture/Atlas/UiCharacter/ChaGradeIconJingrui1.png	军士Ⅰ
955	1341002	3	1	15000	134203	[110001]	Assets/Product/Texture/Image/IconRoleQulity/CharacterIconJingrui.png	Assets/Product/Texture/Image/IconRoleQulity/CharacterIconJingrui1.png	Assets/Product/Texture/Atlas/UiCharacter/ChaGradeIconJingrui2.png	Assets/Product/Texture/Atlas/UiCharacter/ChaGradeIconJingrui1.png	军士Ⅱ
956	1341002	4	1	20000	134204	[110002]	Assets/Product/Texture/Image/IconRoleQulity/CharacterIconZhuli.png	Assets/Product/Texture/Image/IconRoleQulity/CharacterIconZhuli1.png	Assets/Product/Texture/Atlas/UiCharacter/ChaGradeIconZhuli2.png	Assets/Product/Texture/Atlas/UiCharacter/ChaGradeIconZhuli1.png	精锐Ⅰ
957	1341002	5	1	25000	134205	[110003]	Assets/Product/Texture/Image/IconRoleQulity/CharacterIconZhuli.png	Assets/Product/Texture/Image/IconRoleQulity/CharacterIconZhuli1.png	Assets/Product/Texture/Atlas/UiCharacter/ChaGradeIconZhuli2.png	Assets/Product/Texture/Atlas/UiCharacter/ChaGradeIconZhuli1.png	精锐Ⅱ
958	1341002	6	1	30000	134206	[110004]	Assets/Product/Texture/Image/IconRoleQulity/CharacterIconZhuli.png	Assets/Product/Texture/Image/IconRoleQulity/CharacterIconZhuli1.png	Assets/Product/Texture/Atlas/UiCharacter/ChaGradeIconZhuli2.png	Assets/Product/Texture/Atlas/UiCharacter/ChaGradeIconZhuli1.png	精锐Ⅲ
959	1341002	7	1	35000	134207	[110005]	Assets/Product/Texture/Image/IconRoleQulity/CharacterIconWangpai.png	Assets/Product/Texture/Image/IconRoleQulity/CharacterIconWangpai1.png	Assets/Product/Texture/Atlas/UiCharacter/ChaGradeIconWangpai2.png	Assets/Product/Texture/Atlas/UiCharacter/ChaGradeIconWangpai1.png	特种Ⅰ
960	1341002	8	1	42500	134208	[110006]	Assets/Product/Texture/Image/IconRoleQulity/CharacterIconWangpai.png	Assets/Product/Texture/Image/IconRoleQulity/CharacterIconWangpai1.png	Assets/Product/Texture/Atlas/UiCharacter/ChaGradeIconWangpai2.png	Assets/Product/Texture/Atlas/UiCharacter/ChaGradeIconWangpai1.png	特种Ⅱ
961	1341002	9	1	50000	134209	[110007]	Assets/Product/Texture/Image/IconRoleQulity/CharacterIconWangpai.png	Assets/Product/Texture/Image/IconRoleQulity/CharacterIconWangpai1.png	Assets/Product/Texture/Atlas/UiCharacter/ChaGradeIconWangpai2.png	Assets/Product/Texture/Atlas/UiCharacter/ChaGradeIconWangpai1.png	特种Ⅲ
962	1341002	10	1	60000	134210	[110008]	Assets/Product/Texture/Image/IconRoleQulity/CharacterIconTianxuan.png	Assets/Product/Texture/Image/IconRoleQulity/CharacterIconTianxuan1.png	Assets/Product/Texture/Atlas/UiCharacter/ChaGradeIconTianxuan2.png	Assets/Product/Texture/Atlas/UiCharacter/ChaGradeIconTianxuan1.png	王牌Ⅰ
963	1341002	11	1	70000	134211	[110009]	Assets/Product/Texture/Image/IconRoleQulity/CharacterIconTianxuan.png	Assets/Product/Texture/Image/IconRoleQulity/CharacterIconTianxuan1.png	Assets/Product/Texture/Atlas/UiCharacter/ChaGradeIconTianxuan2.png	Assets/Product/Texture/Atlas/UiCharacter/ChaGradeIconTianxuan1.png	王牌Ⅱ
964	1341002	12	1	80000	134212	[110010]	Assets/Product/Texture/Image/IconRoleQulity/CharacterIconTianxuan.png	Assets/Product/Texture/Image/IconRoleQulity/CharacterIconTianxuan1.png	Assets/Product/Texture/Atlas/UiCharacter/ChaGradeIconTianxuan2.png	Assets/Product/Texture/Atlas/UiCharacter/ChaGradeIconTianxuan1.png	王牌Ⅲ
965	1341002	13	1	100000	134213	[110011]	Assets/Product/Texture/Image/IconRoleQulity/CharacterIconTianxuan.png	Assets/Product/Texture/Image/IconRoleQulity/CharacterIconTianxuan1.png	Assets/Product/Texture/Atlas/UiCharacter/ChaGradeIconTianxuan2.png	Assets/Product/Texture/Atlas/UiCharacter/ChaGradeIconTianxuan1.png	王牌Ⅳ
966	1341002	14			134214	[110011]	Assets/Product/Texture/Image/IconRoleQulity/CharacterIconYingxiong.png	Assets/Product/Texture/Image/IconRoleQulity/CharacterIconYingxiong1.png	Assets/Product/Texture/Atlas/UiCharacter/ChaGradeIconYingxiong.png	Assets/Product/Texture/Atlas/UiCharacter/ChaGradeIconYingxiong.png	英雄
967	1131004	1	1	5000	113401	[109000]	Assets/Product/Texture/Image/IconRoleQulity/CharacterIconXinbing.png	Assets/Product/Texture/Image/IconRoleQulity/CharacterIconXinbing1.png	Assets/Product/Texture/Atlas/UiCharacter/ChaGradeIconXinbing1.png	Assets/Product/Texture/Atlas/UiCharacter/ChaGradeIconXinbing0.png	列兵Ⅰ
968	1131004	2	1	10000	113402	[110000]	Assets/Product/Texture/Image/IconRoleQulity/CharacterIconJingrui.png	Assets/Product/Texture/Image/IconRoleQulity/CharacterIconJingrui1.png	Assets/Product/Texture/Atlas/UiCharacter/ChaGradeIconJingrui2.png	Assets/Product/Texture/Atlas/UiCharacter/ChaGradeIconJingrui1.png	军士Ⅰ
969	1131004	3	1	15000	113403	[110001]	Assets/Product/Texture/Image/IconRoleQulity/CharacterIconJingrui.png	Assets/Product/Texture/Image/IconRoleQulity/CharacterIconJingrui1.png	Assets/Product/Texture/Atlas/UiCharacter/ChaGradeIconJingrui2.png	Assets/Product/Texture/Atlas/UiCharacter/ChaGradeIconJingrui1.png	军士Ⅱ
970	1131004	4	1	20000	113404	[110002]	Assets/Product/Texture/Image/IconRoleQulity/CharacterIconZhuli.png	Assets/Product/Texture/Image/IconRoleQulity/CharacterIconZhuli1.png	Assets/Product/Texture/Atlas/UiCharacter/ChaGradeIconZhuli2.png	Assets/Product/Texture/Atlas/UiCharacter/ChaGradeIconZhuli1.png	精锐Ⅰ
971	1131004	5	1	25000	113405	[110003]	Assets/Product/Texture/Image/IconRoleQulity/CharacterIconZhuli.png	Assets/Product/Texture/Image/IconRoleQulity/CharacterIconZhuli1.png	Assets/Product/Texture/Atlas/UiCharacter/ChaGradeIconZhuli2.png	Assets/Product/Texture/Atlas/UiCharacter/ChaGradeIconZhuli1.png	精锐Ⅱ
972	1131004	6	1	30000	113406	[110004]	Assets/Product/Texture/Image/IconRoleQulity/CharacterIconZhuli.png	Assets/Product/Texture/Image/IconRoleQulity/CharacterIconZhuli1.png	Assets/Product/Texture/Atlas/UiCharacter/ChaGradeIconZhuli2.png	Assets/Product/Texture/Atlas/UiCharacter/ChaGradeIconZhuli1.png	精锐Ⅲ
973	1131004	7	1	35000	113407	[110005]	Assets/Product/Texture/Image/IconRoleQulity/CharacterIconWangpai.png	Assets/Product/Texture/Image/IconRoleQulity/CharacterIconWangpai1.png	Assets/Product/Texture/Atlas/UiCharacter/ChaGradeIconWangpai2.png	Assets/Product/Texture/Atlas/UiCharacter/ChaGradeIconWangpai1.png	特种Ⅰ
974	1131004	8	1	42500	113408	[110006]	Assets/Product/Texture/Image/IconRoleQulity/CharacterIconWangpai.png	Assets/Product/Texture/Image/IconRoleQulity/CharacterIconWangpai1.png	Assets/Product/Texture/Atlas/UiCharacter/ChaGradeIconWangpai2.png	Assets/Product/Texture/Atlas/UiCharacter/ChaGradeIconWangpai1.png	特种Ⅱ
975	1131004	9	1	50000	113409	[110007]	Assets/Product/Texture/Image/IconRoleQulity/CharacterIconWangpai.png	Assets/Product/Texture/Image/IconRoleQulity/CharacterIconWangpai1.png	Assets/Product/Texture/Atlas/UiCharacter/ChaGradeIconWangpai2.png	Assets/Product/Texture/Atlas/UiCharacter/ChaGradeIconWangpai1.png	特种Ⅲ
976	1131004	10	1	60000	113410	[110008]	Assets/Product/Texture/Image/IconRoleQulity/CharacterIconTianxuan.png	Assets/Product/Texture/Image/IconRoleQulity/CharacterIconTianxuan1.png	Assets/Product/Texture/Atlas/UiCharacter/ChaGradeIconTianxuan2.png	Assets/Product/Texture/Atlas/UiCharacter/ChaGradeIconTianxuan1.png	王牌Ⅰ
977	1131004	11	1	70000	113411	[110009]	Assets/Product/Texture/Image/IconRoleQulity/CharacterIconTianxuan.png	Assets/Product/Texture/Image/IconRoleQulity/CharacterIconTianxuan1.png	Assets/Product/Texture/Atlas/UiCharacter/ChaGradeIconTianxuan2.png	Assets/Product/Texture/Atlas/UiCharacter/ChaGradeIconTianxuan1.png	王牌Ⅱ
978	1131004	12	1	80000	113412	[110010]	Assets/Product/Texture/Image/IconRoleQulity/CharacterIconTianxuan.png	Assets/Product/Texture/Image/IconRoleQulity/CharacterIconTianxuan1.png	Assets/Product/Texture/Atlas/UiCharacter/ChaGradeIconTianxuan2.png	Assets/Product/Texture/Atlas/UiCharacter/ChaGradeIconTianxuan1.png	王牌Ⅲ
979	1131004	13	1	100000	113413	[110011]	Assets/Product/Texture/Image/IconRoleQulity/CharacterIconTianxuan.png	Assets/Product/Texture/Image/IconRoleQulity/CharacterIconTianxuan1.png	Assets/Product/Texture/Atlas/UiCharacter/ChaGradeIconTianxuan2.png	Assets/Product/Texture/Atlas/UiCharacter/ChaGradeIconTianxuan1.png	王牌Ⅳ
980	1131004	14			113414	[110011]	Assets/Product/Texture/Image/IconRoleQulity/CharacterIconYingxiong.png	Assets/Product/Texture/Image/IconRoleQulity/CharacterIconYingxiong1.png	Assets/Product/Texture/Atlas/UiCharacter/ChaGradeIconYingxiong.png	Assets/Product/Texture/Atlas/UiCharacter/ChaGradeIconYingxiong.png	英雄
981	1351003	1	1	5000	135301	[109000]	Assets/Product/Texture/Image/IconRoleQulity/CharacterIconXinbing.png	Assets/Product/Texture/Image/IconRoleQulity/CharacterIconXinbing1.png	Assets/Product/Texture/Atlas/UiCharacter/ChaGradeIconXinbing1.png	Assets/Product/Texture/Atlas/UiCharacter/ChaGradeIconXinbing0.png	列兵Ⅰ
982	1351003	2	1	10000	135302	[110000]	Assets/Product/Texture/Image/IconRoleQulity/CharacterIconJingrui.png	Assets/Product/Texture/Image/IconRoleQulity/CharacterIconJingrui1.png	Assets/Product/Texture/Atlas/UiCharacter/ChaGradeIconJingrui2.png	Assets/Product/Texture/Atlas/UiCharacter/ChaGradeIconJingrui1.png	军士Ⅰ
983	1351003	3	1	15000	135303	[110001]	Assets/Product/Texture/Image/IconRoleQulity/CharacterIconJingrui.png	Assets/Product/Texture/Image/IconRoleQulity/CharacterIconJingrui1.png	Assets/Product/Texture/Atlas/UiCharacter/ChaGradeIconJingrui2.png	Assets/Product/Texture/Atlas/UiCharacter/ChaGradeIconJingrui1.png	军士Ⅱ
984	1351003	4	1	20000	135304	[110002]	Assets/Product/Texture/Image/IconRoleQulity/CharacterIconZhuli.png	Assets/Product/Texture/Image/IconRoleQulity/CharacterIconZhuli1.png	Assets/Product/Texture/Atlas/UiCharacter/ChaGradeIconZhuli2.png	Assets/Product/Texture/Atlas/UiCharacter/ChaGradeIconZhuli1.png	精锐Ⅰ
985	1351003	5	1	25000	135305	[110003]	Assets/Product/Texture/Image/IconRoleQulity/CharacterIconZhuli.png	Assets/Product/Texture/Image/IconRoleQulity/CharacterIconZhuli1.png	Assets/Product/Texture/Atlas/UiCharacter/ChaGradeIconZhuli2.png	Assets/Product/Texture/Atlas/UiCharacter/ChaGradeIconZhuli1.png	精锐Ⅱ
986	1351003	6	1	30000	135306	[110004]	Assets/Product/Texture/Image/IconRoleQulity/CharacterIconZhuli.png	Assets/Product/Texture/Image/IconRoleQulity/CharacterIconZhuli1.png	Assets/Product/Texture/Atlas/UiCharacter/ChaGradeIconZhuli2.png	Assets/Product/Texture/Atlas/UiCharacter/ChaGradeIconZhuli1.png	精锐Ⅲ
987	1351003	7	1	35000	135307	[110005]	Assets/Product/Texture/Image/IconRoleQulity/CharacterIconWangpai.png	Assets/Product/Texture/Image/IconRoleQulity/CharacterIconWangpai1.png	Assets/Product/Texture/Atlas/UiCharacter/ChaGradeIconWangpai2.png	Assets/Product/Texture/Atlas/UiCharacter/ChaGradeIconWangpai1.png	特种Ⅰ
988	1351003	8	1	42500	135308	[110006]	Assets/Product/Texture/Image/IconRoleQulity/CharacterIconWangpai.png	Assets/Product/Texture/Image/IconRoleQulity/CharacterIconWangpai1.png	Assets/Product/Texture/Atlas/UiCharacter/ChaGradeIconWangpai2.png	Assets/Product/Texture/Atlas/UiCharacter/ChaGradeIconWangpai1.png	特种Ⅱ
989	1351003	9	1	50000	135309	[110007]	Assets/Product/Texture/Image/IconRoleQulity/CharacterIconWangpai.png	Assets/Product/Texture/Image/IconRoleQulity/CharacterIconWangpai1.png	Assets/Product/Texture/Atlas/UiCharacter/ChaGradeIconWangpai2.png	Assets/Product/Texture/Atlas/UiCharacter/ChaGradeIconWangpai1.png	特种Ⅲ
990	1351003	10	1	60000	135310	[110008]	Assets/Product/Texture/Image/IconRoleQulity/CharacterIconTianxuan.png	Assets/Product/Texture/Image/IconRoleQulity/CharacterIconTianxuan1.png	Assets/Product/Texture/Atlas/UiCharacter/ChaGradeIconTianxuan2.png	Assets/Product/Texture/Atlas/UiCharacter/ChaGradeIconTianxuan1.png	王牌Ⅰ
991	1351003	11	1	70000	135311	[110009]	Assets/Product/Texture/Image/IconRoleQulity/CharacterIconTianxuan.png	Assets/Product/Texture/Image/IconRoleQulity/CharacterIconTianxuan1.png	Assets/Product/Texture/Atlas/UiCharacter/ChaGradeIconTianxuan2.png	Assets/Product/Texture/Atlas/UiCharacter/ChaGradeIconTianxuan1.png	王牌Ⅱ
992	1351003	12	1	80000	135312	[110010]	Assets/Product/Texture/Image/IconRoleQulity/CharacterIconTianxuan.png	Assets/Product/Texture/Image/IconRoleQulity/CharacterIconTianxuan1.png	Assets/Product/Texture/Atlas/UiCharacter/ChaGradeIconTianxuan2.png	Assets/Product/Texture/Atlas/UiCharacter/ChaGradeIconTianxuan1.png	王牌Ⅲ
993	1351003	13	1	100000	135313	[110011]	Assets/Product/Texture/Image/IconRoleQulity/CharacterIconTianxuan.png	Assets/Product/Texture/Image/IconRoleQulity/CharacterIconTianxuan1.png	Assets/Product/Texture/Atlas/UiCharacter/ChaGradeIconTianxuan2.png	Assets/Product/Texture/Atlas/UiCharacter/ChaGradeIconTianxuan1.png	王牌Ⅳ
994	1351003	14			135314	[110011]	Assets/Product/Texture/Image/IconRoleQulity/CharacterIconYingxiong.png	Assets/Product/Texture/Image/IconRoleQulity/CharacterIconYingxiong1.png	Assets/Product/Texture/Atlas/UiCharacter/ChaGradeIconYingxiong.png	Assets/Product/Texture/Atlas/UiCharacter/ChaGradeIconYingxiong.png	英雄
995	1361003	1	1	5000	136301	[109000]	Assets/Product/Texture/Image/IconRoleQulity/CharacterIconXinbing.png	Assets/Product/Texture/Image/IconRoleQulity/CharacterIconXinbing1.png	Assets/Product/Texture/Atlas/UiCharacter/ChaGradeIconXinbing1.png	Assets/Product/Texture/Atlas/UiCharacter/ChaGradeIconXinbing0.png	列兵Ⅰ
996	1361003	2	1	10000	136302	[110000]	Assets/Product/Texture/Image/IconRoleQulity/CharacterIconJingrui.png	Assets/Product/Texture/Image/IconRoleQulity/CharacterIconJingrui1.png	Assets/Product/Texture/Atlas/UiCharacter/ChaGradeIconJingrui2.png	Assets/Product/Texture/Atlas/UiCharacter/ChaGradeIconJingrui1.png	军士Ⅰ
997	1361003	3	1	15000	136303	[110001]	Assets/Product/Texture/Image/IconRoleQulity/CharacterIconJingrui.png	Assets/Product/Texture/Image/IconRoleQulity/CharacterIconJingrui1.png	Assets/Product/Texture/Atlas/UiCharacter/ChaGradeIconJingrui2.png	Assets/Product/Texture/Atlas/UiCharacter/ChaGradeIconJingrui1.png	军士Ⅱ
998	1361003	4	1	20000	136304	[110002]	Assets/Product/Texture/Image/IconRoleQulity/CharacterIconZhuli.png	Assets/Product/Texture/Image/IconRoleQulity/CharacterIconZhuli1.png	Assets/Product/Texture/Atlas/UiCharacter/ChaGradeIconZhuli2.png	Assets/Product/Texture/Atlas/UiCharacter/ChaGradeIconZhuli1.png	精锐Ⅰ
999	1361003	5	1	25000	136305	[110003]	Assets/Product/Texture/Image/IconRoleQulity/CharacterIconZhuli.png	Assets/Product/Texture/Image/IconRoleQulity/CharacterIconZhuli1.png	Assets/Product/Texture/Atlas/UiCharacter/ChaGradeIconZhuli2.png	Assets/Product/Texture/Atlas/UiCharacter/ChaGradeIconZhuli1.png	精锐Ⅱ
1000	1361003	6	1	30000	136306	[110004]	Assets/Product/Texture/Image/IconRoleQulity/CharacterIconZhuli.png	Assets/Product/Texture/Image/IconRoleQulity/CharacterIconZhuli1.png	Assets/Product/Texture/Atlas/UiCharacter/ChaGradeIconZhuli2.png	Assets/Product/Texture/Atlas/UiCharacter/ChaGradeIconZhuli1.png	精锐Ⅲ
1001	1361003	7	1	35000	136307	[110005]	Assets/Product/Texture/Image/IconRoleQulity/CharacterIconWangpai.png	Assets/Product/Texture/Image/IconRoleQulity/CharacterIconWangpai1.png	Assets/Product/Texture/Atlas/UiCharacter/ChaGradeIconWangpai2.png	Assets/Product/Texture/Atlas/UiCharacter/ChaGradeIconWangpai1.png	特种Ⅰ
1002	1361003	8	1	42500	136308	[110006]	Assets/Product/Texture/Image/IconRoleQulity/CharacterIconWangpai.png	Assets/Product/Texture/Image/IconRoleQulity/CharacterIconWangpai1.png	Assets/Product/Texture/Atlas/UiCharacter/ChaGradeIconWangpai2.png	Assets/Product/Texture/Atlas/UiCharacter/ChaGradeIconWangpai1.png	特种Ⅱ
1003	1361003	9	1	50000	136309	[110007]	Assets/Product/Texture/Image/IconRoleQulity/CharacterIconWangpai.png	Assets/Product/Texture/Image/IconRoleQulity/CharacterIconWangpai1.png	Assets/Product/Texture/Atlas/UiCharacter/ChaGradeIconWangpai2.png	Assets/Product/Texture/Atlas/UiCharacter/ChaGradeIconWangpai1.png	特种Ⅲ
1004	1361003	10	1	60000	136310	[110008]	Assets/Product/Texture/Image/IconRoleQulity/CharacterIconTianxuan.png	Assets/Product/Texture/Image/IconRoleQulity/CharacterIconTianxuan1.png	Assets/Product/Texture/Atlas/UiCharacter/ChaGradeIconTianxuan2.png	Assets/Product/Texture/Atlas/UiCharacter/ChaGradeIconTianxuan1.png	王牌Ⅰ
1005	1361003	11	1	70000	136311	[110009]	Assets/Product/Texture/Image/IconRoleQulity/CharacterIconTianxuan.png	Assets/Product/Texture/Image/IconRoleQulity/CharacterIconTianxuan1.png	Assets/Product/Texture/Atlas/UiCharacter/ChaGradeIconTianxuan2.png	Assets/Product/Texture/Atlas/UiCharacter/ChaGradeIconTianxuan1.png	王牌Ⅱ
1006	1361003	12	1	80000	136312	[110010]	Assets/Product/Texture/Image/IconRoleQulity/CharacterIconTianxuan.png	Assets/Product/Texture/Image/IconRoleQulity/CharacterIconTianxuan1.png	Assets/Product/Texture/Atlas/UiCharacter/ChaGradeIconTianxuan2.png	Assets/Product/Texture/Atlas/UiCharacter/ChaGradeIconTianxuan1.png	王牌Ⅲ
1007	1361003	13	1	100000	136313	[110011]	Assets/Product/Texture/Image/IconRoleQulity/CharacterIconTianxuan.png	Assets/Product/Texture/Image/IconRoleQulity/CharacterIconTianxuan1.png	Assets/Product/Texture/Atlas/UiCharacter/ChaGradeIconTianxuan2.png	Assets/Product/Texture/Atlas/UiCharacter/ChaGradeIconTianxuan1.png	王牌Ⅳ
1008	1361003	14			136314	[110011]	Assets/Product/Texture/Image/IconRoleQulity/CharacterIconYingxiong.png	Assets/Product/Texture/Image/IconRoleQulity/CharacterIconYingxiong1.png	Assets/Product/Texture/Atlas/UiCharacter/ChaGradeIconYingxiong.png	Assets/Product/Texture/Atlas/UiCharacter/ChaGradeIconYingxiong.png	英雄
1009	1041005	1	1	5000	104501	[109000]	Assets/Product/Texture/Image/IconRoleQulity/CharacterIconXinbing.png	Assets/Product/Texture/Image/IconRoleQulity/CharacterIconXinbing1.png	Assets/Product/Texture/Atlas/UiCharacter/ChaGradeIconXinbing1.png	Assets/Product/Texture/Atlas/UiCharacter/ChaGradeIconXinbing0.png	列兵Ⅰ
1010	1041005	2	1	10000	104502	[110000]	Assets/Product/Texture/Image/IconRoleQulity/CharacterIconJingrui.png	Assets/Product/Texture/Image/IconRoleQulity/CharacterIconJingrui1.png	Assets/Product/Texture/Atlas/UiCharacter/ChaGradeIconJingrui2.png	Assets/Product/Texture/Atlas/UiCharacter/ChaGradeIconJingrui1.png	军士Ⅰ
1011	1041005	3	1	15000	104503	[110001]	Assets/Product/Texture/Image/IconRoleQulity/CharacterIconJingrui.png	Assets/Product/Texture/Image/IconRoleQulity/CharacterIconJingrui1.png	Assets/Product/Texture/Atlas/UiCharacter/ChaGradeIconJingrui2.png	Assets/Product/Texture/Atlas/UiCharacter/ChaGradeIconJingrui1.png	军士Ⅱ
1012	1041005	4	1	20000	104504	[110002]	Assets/Product/Texture/Image/IconRoleQulity/CharacterIconZhuli.png	Assets/Product/Texture/Image/IconRoleQulity/CharacterIconZhuli1.png	Assets/Product/Texture/Atlas/UiCharacter/ChaGradeIconZhuli2.png	Assets/Product/Texture/Atlas/UiCharacter/ChaGradeIconZhuli1.png	精锐Ⅰ
1013	1041005	5	1	25000	104505	[110003]	Assets/Product/Texture/Image/IconRoleQulity/CharacterIconZhuli.png	Assets/Product/Texture/Image/IconRoleQulity/CharacterIconZhuli1.png	Assets/Product/Texture/Atlas/UiCharacter/ChaGradeIconZhuli2.png	Assets/Product/Texture/Atlas/UiCharacter/ChaGradeIconZhuli1.png	精锐Ⅱ
1014	1041005	6	1	30000	104506	[110004]	Assets/Product/Texture/Image/IconRoleQulity/CharacterIconZhuli.png	Assets/Product/Texture/Image/IconRoleQulity/CharacterIconZhuli1.png	Assets/Product/Texture/Atlas/UiCharacter/ChaGradeIconZhuli2.png	Assets/Product/Texture/Atlas/UiCharacter/ChaGradeIconZhuli1.png	精锐Ⅲ
1015	1041005	7	1	35000	104507	[110005]	Assets/Product/Texture/Image/IconRoleQulity/CharacterIconWangpai.png	Assets/Product/Texture/Image/IconRoleQulity/CharacterIconWangpai1.png	Assets/Product/Texture/Atlas/UiCharacter/ChaGradeIconWangpai2.png	Assets/Product/Texture/Atlas/UiCharacter/ChaGradeIconWangpai1.png	特种Ⅰ
1016	1041005	8	1	42500	104508	[110006]	Assets/Product/Texture/Image/IconRoleQulity/CharacterIconWangpai.png	Assets/Product/Texture/Image/IconRoleQulity/CharacterIconWangpai1.png	Assets/Product/Texture/Atlas/UiCharacter/ChaGradeIconWangpai2.png	Assets/Product/Texture/Atlas/UiCharacter/ChaGradeIconWangpai1.png	特种Ⅱ
1017	1041005	9	1	50000	104509	[110007]	Assets/Product/Texture/Image/IconRoleQulity/CharacterIconWangpai.png	Assets/Product/Texture/Image/IconRoleQulity/CharacterIconWangpai1.png	Assets/Product/Texture/Atlas/UiCharacter/ChaGradeIconWangpai2.png	Assets/Product/Texture/Atlas/UiCharacter/ChaGradeIconWangpai1.png	特种Ⅲ
1018	1041005	10	1	60000	104510	[110008]	Assets/Product/Texture/Image/IconRoleQulity/CharacterIconTianxuan.png	Assets/Product/Texture/Image/IconRoleQulity/CharacterIconTianxuan1.png	Assets/Product/Texture/Atlas/UiCharacter/ChaGradeIconTianxuan2.png	Assets/Product/Texture/Atlas/UiCharacter/ChaGradeIconTianxuan1.png	王牌Ⅰ
1019	1041005	11	1	70000	104511	[110009]	Assets/Product/Texture/Image/IconRoleQulity/CharacterIconTianxuan.png	Assets/Product/Texture/Image/IconRoleQulity/CharacterIconTianxuan1.png	Assets/Product/Texture/Atlas/UiCharacter/ChaGradeIconTianxuan2.png	Assets/Product/Texture/Atlas/UiCharacter/ChaGradeIconTianxuan1.png	王牌Ⅱ
1020	1041005	12	1	80000	104512	[110010]	Assets/Product/Texture/Image/IconRoleQulity/CharacterIconTianxuan.png	Assets/Product/Texture/Image/IconRoleQulity/CharacterIconTianxuan1.png	Assets/Product/Texture/Atlas/UiCharacter/ChaGradeIconTianxuan2.png	Assets/Product/Texture/Atlas/UiCharacter/ChaGradeIconTianxuan1.png	王牌Ⅲ
1021	1041005	13	1	100000	104513	[110011]	Assets/Product/Texture/Image/IconRoleQulity/CharacterIconTianxuan.png	Assets/Product/Texture/Image/IconRoleQulity/CharacterIconTianxuan1.png	Assets/Product/Texture/Atlas/UiCharacter/ChaGradeIconTianxuan2.png	Assets/Product/Texture/Atlas/UiCharacter/ChaGradeIconTianxuan1.png	王牌Ⅳ
1022	1041005	14			104514	[110011]	Assets/Product/Texture/Image/IconRoleQulity/CharacterIconYingxiong.png	Assets/Product/Texture/Image/IconRoleQulity/CharacterIconYingxiong1.png	Assets/Product/Texture/Atlas/UiCharacter/ChaGradeIconYingxiong.png	Assets/Product/Texture/Atlas/UiCharacter/ChaGradeIconYingxiong.png	英雄
1023	1371002	1	1	5000	137201	[109000]	Assets/Product/Texture/Image/IconRoleQulity/CharacterIconXinbing.png	Assets/Product/Texture/Image/IconRoleQulity/CharacterIconXinbing1.png	Assets/Product/Texture/Atlas/UiCharacter/ChaGradeIconXinbing1.png	Assets/Product/Texture/Atlas/UiCharacter/ChaGradeIconXinbing0.png	列兵Ⅰ
1024	1371002	2	1	10000	137202	[110000]	Assets/Product/Texture/Image/IconRoleQulity/CharacterIconJingrui.png	Assets/Product/Texture/Image/IconRoleQulity/CharacterIconJingrui1.png	Assets/Product/Texture/Atlas/UiCharacter/ChaGradeIconJingrui2.png	Assets/Product/Texture/Atlas/UiCharacter/ChaGradeIconJingrui1.png	军士Ⅰ
1025	1371002	3	1	15000	137203	[110001]	Assets/Product/Texture/Image/IconRoleQulity/CharacterIconJingrui.png	Assets/Product/Texture/Image/IconRoleQulity/CharacterIconJingrui1.png	Assets/Product/Texture/Atlas/UiCharacter/ChaGradeIconJingrui2.png	Assets/Product/Texture/Atlas/UiCharacter/ChaGradeIconJingrui1.png	军士Ⅱ
1026	1371002	4	1	20000	137204	[110002]	Assets/Product/Texture/Image/IconRoleQulity/CharacterIconZhuli.png	Assets/Product/Texture/Image/IconRoleQulity/CharacterIconZhuli1.png	Assets/Product/Texture/Atlas/UiCharacter/ChaGradeIconZhuli2.png	Assets/Product/Texture/Atlas/UiCharacter/ChaGradeIconZhuli1.png	精锐Ⅰ
1027	1371002	5	1	25000	137205	[110003]	Assets/Product/Texture/Image/IconRoleQulity/CharacterIconZhuli.png	Assets/Product/Texture/Image/IconRoleQulity/CharacterIconZhuli1.png	Assets/Product/Texture/Atlas/UiCharacter/ChaGradeIconZhuli2.png	Assets/Product/Texture/Atlas/UiCharacter/ChaGradeIconZhuli1.png	精锐Ⅱ
1028	1371002	6	1	30000	137206	[110004]	Assets/Product/Texture/Image/IconRoleQulity/CharacterIconZhuli.png	Assets/Product/Texture/Image/IconRoleQulity/CharacterIconZhuli1.png	Assets/Product/Texture/Atlas/UiCharacter/ChaGradeIconZhuli2.png	Assets/Product/Texture/Atlas/UiCharacter/ChaGradeIconZhuli1.png	精锐Ⅲ
1029	1371002	7	1	35000	137207	[110005]	Assets/Product/Texture/Image/IconRoleQulity/CharacterIconWangpai.png	Assets/Product/Texture/Image/IconRoleQulity/CharacterIconWangpai1.png	Assets/Product/Texture/Atlas/UiCharacter/ChaGradeIconWangpai2.png	Assets/Product/Texture/Atlas/UiCharacter/ChaGradeIconWangpai1.png	特种Ⅰ
1030	1371002	8	1	42500	137208	[110006]	Assets/Product/Texture/Image/IconRoleQulity/CharacterIconWangpai.png	Assets/Product/Texture/Image/IconRoleQulity/CharacterIconWangpai1.png	Assets/Product/Texture/Atlas/UiCharacter/ChaGradeIconWangpai2.png	Assets/Product/Texture/Atlas/UiCharacter/ChaGradeIconWangpai1.png	特种Ⅱ
1031	1371002	9	1	50000	137209	[110007]	Assets/Product/Texture/Image/IconRoleQulity/CharacterIconWangpai.png	Assets/Product/Texture/Image/IconRoleQulity/CharacterIconWangpai1.png	Assets/Product/Texture/Atlas/UiCharacter/ChaGradeIconWangpai2.png	Assets/Product/Texture/Atlas/UiCharacter/ChaGradeIconWangpai1.png	特种Ⅲ
1032	1371002	10	1	60000	137210	[110008]	Assets/Product/Texture/Image/IconRoleQulity/CharacterIconTianxuan.png	Assets/Product/Texture/Image/IconRoleQulity/CharacterIconTianxuan1.png	Assets/Product/Texture/Atlas/UiCharacter/ChaGradeIconTianxuan2.png	Assets/Product/Texture/Atlas/UiCharacter/ChaGradeIconTianxuan1.png	王牌Ⅰ
1033	1371002	11	1	70000	137211	[110009]	Assets/Product/Texture/Image/IconRoleQulity/CharacterIconTianxuan.png	Assets/Product/Texture/Image/IconRoleQulity/CharacterIconTianxuan1.png	Assets/Product/Texture/Atlas/UiCharacter/ChaGradeIconTianxuan2.png	Assets/Product/Texture/Atlas/UiCharacter/ChaGradeIconTianxuan1.png	王牌Ⅱ
1034	1371002	12	1	80000	137212	[110010]	Assets/Product/Texture/Image/IconRoleQulity/CharacterIconTianxuan.png	Assets/Product/Texture/Image/IconRoleQulity/CharacterIconTianxuan1.png	Assets/Product/Texture/Atlas/UiCharacter/ChaGradeIconTianxuan2.png	Assets/Product/Texture/Atlas/UiCharacter/ChaGradeIconTianxuan1.png	王牌Ⅲ
1035	1371002	13	1	100000	137213	[110011]	Assets/Product/Texture/Image/IconRoleQulity/CharacterIconTianxuan.png	Assets/Product/Texture/Image/IconRoleQulity/CharacterIconTianxuan1.png	Assets/Product/Texture/Atlas/UiCharacter/ChaGradeIconTianxuan2.png	Assets/Product/Texture/Atlas/UiCharacter/ChaGradeIconTianxuan1.png	王牌Ⅳ
1036	1371002	14			137214	[110011]	Assets/Product/Texture/Image/IconRoleQulity/CharacterIconYingxiong.png	Assets/Product/Texture/Image/IconRoleQulity/CharacterIconYingxiong1.png	Assets/Product/Texture/Atlas/UiCharacter/ChaGradeIconYingxiong.png	Assets/Product/Texture/Atlas/UiCharacter/ChaGradeIconYingxiong.png	英雄
1037	1381003	1	1	5000	138301	[109000]	Assets/Product/Texture/Image/IconRoleQulity/CharacterIconXinbing.png	Assets/Product/Texture/Image/IconRoleQulity/CharacterIconXinbing1.png	Assets/Product/Texture/Atlas/UiCharacter/ChaGradeIconXinbing1.png	Assets/Product/Texture/Atlas/UiCharacter/ChaGradeIconXinbing0.png	列兵Ⅰ
1038	1381003	2	1	10000	138302	[110000]	Assets/Product/Texture/Image/IconRoleQulity/CharacterIconJingrui.png	Assets/Product/Texture/Image/IconRoleQulity/CharacterIconJingrui1.png	Assets/Product/Texture/Atlas/UiCharacter/ChaGradeIconJingrui2.png	Assets/Product/Texture/Atlas/UiCharacter/ChaGradeIconJingrui1.png	军士Ⅰ
1039	1381003	3	1	15000	138303	[110001]	Assets/Product/Texture/Image/IconRoleQulity/CharacterIconJingrui.png	Assets/Product/Texture/Image/IconRoleQulity/CharacterIconJingrui1.png	Assets/Product/Texture/Atlas/UiCharacter/ChaGradeIconJingrui2.png	Assets/Product/Texture/Atlas/UiCharacter/ChaGradeIconJingrui1.png	军士Ⅱ
1040	1381003	4	1	20000	138304	[110002]	Assets/Product/Texture/Image/IconRoleQulity/CharacterIconZhuli.png	Assets/Product/Texture/Image/IconRoleQulity/CharacterIconZhuli1.png	Assets/Product/Texture/Atlas/UiCharacter/ChaGradeIconZhuli2.png	Assets/Product/Texture/Atlas/UiCharacter/ChaGradeIconZhuli1.png	精锐Ⅰ
1041	1381003	5	1	25000	138305	[110003]	Assets/Product/Texture/Image/IconRoleQulity/CharacterIconZhuli.png	Assets/Product/Texture/Image/IconRoleQulity/CharacterIconZhuli1.png	Assets/Product/Texture/Atlas/UiCharacter/ChaGradeIconZhuli2.png	Assets/Product/Texture/Atlas/UiCharacter/ChaGradeIconZhuli1.png	精锐Ⅱ
1042	1381003	6	1	30000	138306	[110004]	Assets/Product/Texture/Image/IconRoleQulity/CharacterIconZhuli.png	Assets/Product/Texture/Image/IconRoleQulity/CharacterIconZhuli1.png	Assets/Product/Texture/Atlas/UiCharacter/ChaGradeIconZhuli2.png	Assets/Product/Texture/Atlas/UiCharacter/ChaGradeIconZhuli1.png	精锐Ⅲ
1043	1381003	7	1	35000	138307	[110005]	Assets/Product/Texture/Image/IconRoleQulity/CharacterIconWangpai.png	Assets/Product/Texture/Image/IconRoleQulity/CharacterIconWangpai1.png	Assets/Product/Texture/Atlas/UiCharacter/ChaGradeIconWangpai2.png	Assets/Product/Texture/Atlas/UiCharacter/ChaGradeIconWangpai1.png	特种Ⅰ
1044	1381003	8	1	42500	138308	[110006]	Assets/Product/Texture/Image/IconRoleQulity/CharacterIconWangpai.png	Assets/Product/Texture/Image/IconRoleQulity/CharacterIconWangpai1.png	Assets/Product/Texture/Atlas/UiCharacter/ChaGradeIconWangpai2.png	Assets/Product/Texture/Atlas/UiCharacter/ChaGradeIconWangpai1.png	特种Ⅱ
1045	1381003	9	1	50000	138309	[110007]	Assets/Product/Texture/Image/IconRoleQulity/CharacterIconWangpai.png	Assets/Product/Texture/Image/IconRoleQulity/CharacterIconWangpai1.png	Assets/Product/Texture/Atlas/UiCharacter/ChaGradeIconWangpai2.png	Assets/Product/Texture/Atlas/UiCharacter/ChaGradeIconWangpai1.png	特种Ⅲ
1046	1381003	10	1	60000	138310	[110008]	Assets/Product/Texture/Image/IconRoleQulity/CharacterIconTianxuan.png	Assets/Product/Texture/Image/IconRoleQulity/CharacterIconTianxuan1.png	Assets/Product/Texture/Atlas/UiCharacter/ChaGradeIconTianxuan2.png	Assets/Product/Texture/Atlas/UiCharacter/ChaGradeIconTianxuan1.png	王牌Ⅰ
1047	1381003	11	1	70000	138311	[110009]	Assets/Product/Texture/Image/IconRoleQulity/CharacterIconTianxuan.png	Assets/Product/Texture/Image/IconRoleQulity/CharacterIconTianxuan1.png	Assets/Product/Texture/Atlas/UiCharacter/ChaGradeIconTianxuan2.png	Assets/Product/Texture/Atlas/UiCharacter/ChaGradeIconTianxuan1.png	王牌Ⅱ
1048	1381003	12	1	80000	138312	[110010]	Assets/Product/Texture/Image/IconRoleQulity/CharacterIconTianxuan.png	Assets/Product/Texture/Image/IconRoleQulity/CharacterIconTianxuan1.png	Assets/Product/Texture/Atlas/UiCharacter/ChaGradeIconTianxuan2.png	Assets/Product/Texture/Atlas/UiCharacter/ChaGradeIconTianxuan1.png	王牌Ⅲ
1049	1381003	13	1	100000	138313	[110011]	Assets/Product/Texture/Image/IconRoleQulity/CharacterIconTianxuan.png	Assets/Product/Texture/Image/IconRoleQulity/CharacterIconTianxuan1.png	Assets/Product/Texture/Atlas/UiCharacter/ChaGradeIconTianxuan2.png	Assets/Product/Texture/Atlas/UiCharacter/ChaGradeIconTianxuan1.png	王牌Ⅳ
1050	1381003	14			138314	[110011]	Assets/Product/Texture/Image/IconRoleQulity/CharacterIconYingxiong.png	Assets/Product/Texture/Image/IconRoleQulity/CharacterIconYingxiong1.png	Assets/Product/Texture/Atlas/UiCharacter/ChaGradeIconYingxiong.png	Assets/Product/Texture/Atlas/UiCharacter/ChaGradeIconYingxiong.png	英雄
1051	1031005	1	1	5000	103501	[109000]	Assets/Product/Texture/Image/IconRoleQulity/CharacterIconXinbing.png	Assets/Product/Texture/Image/IconRoleQulity/CharacterIconXinbing1.png	Assets/Product/Texture/Atlas/UiCharacter/ChaGradeIconXinbing1.png	Assets/Product/Texture/Atlas/UiCharacter/ChaGradeIconXinbing0.png	列兵Ⅰ
1052	1031005	2	1	10000	103502	[110000]	Assets/Product/Texture/Image/IconRoleQulity/CharacterIconJingrui.png	Assets/Product/Texture/Image/IconRoleQulity/CharacterIconJingrui1.png	Assets/Product/Texture/Atlas/UiCharacter/ChaGradeIconJingrui2.png	Assets/Product/Texture/Atlas/UiCharacter/ChaGradeIconJingrui1.png	军士Ⅰ
1053	1031005	3	1	15000	103503	[110001]	Assets/Product/Texture/Image/IconRoleQulity/CharacterIconJingrui.png	Assets/Product/Texture/Image/IconRoleQulity/CharacterIconJingrui1.png	Assets/Product/Texture/Atlas/UiCharacter/ChaGradeIconJingrui2.png	Assets/Product/Texture/Atlas/UiCharacter/ChaGradeIconJingrui1.png	军士Ⅱ
1054	1031005	4	1	20000	103504	[110002]	Assets/Product/Texture/Image/IconRoleQulity/CharacterIconZhuli.png	Assets/Product/Texture/Image/IconRoleQulity/CharacterIconZhuli1.png	Assets/Product/Texture/Atlas/UiCharacter/ChaGradeIconZhuli2.png	Assets/Product/Texture/Atlas/UiCharacter/ChaGradeIconZhuli1.png	精锐Ⅰ
1055	1031005	5	1	25000	103505	[110003]	Assets/Product/Texture/Image/IconRoleQulity/CharacterIconZhuli.png	Assets/Product/Texture/Image/IconRoleQulity/CharacterIconZhuli1.png	Assets/Product/Texture/Atlas/UiCharacter/ChaGradeIconZhuli2.png	Assets/Product/Texture/Atlas/UiCharacter/ChaGradeIconZhuli1.png	精锐Ⅱ
1056	1031005	6	1	30000	103506	[110004]	Assets/Product/Texture/Image/IconRoleQulity/CharacterIconZhuli.png	Assets/Product/Texture/Image/IconRoleQulity/CharacterIconZhuli1.png	Assets/Product/Texture/Atlas/UiCharacter/ChaGradeIconZhuli2.png	Assets/Product/Texture/Atlas/UiCharacter/ChaGradeIconZhuli1.png	精锐Ⅲ
1057	1031005	7	1	35000	103507	[110005]	Assets/Product/Texture/Image/IconRoleQulity/CharacterIconWangpai.png	Assets/Product/Texture/Image/IconRoleQulity/CharacterIconWangpai1.png	Assets/Product/Texture/Atlas/UiCharacter/ChaGradeIconWangpai2.png	Assets/Product/Texture/Atlas/UiCharacter/ChaGradeIconWangpai1.png	特种Ⅰ
1058	1031005	8	1	42500	103508	[110006]	Assets/Product/Texture/Image/IconRoleQulity/CharacterIconWangpai.png	Assets/Product/Texture/Image/IconRoleQulity/CharacterIconWangpai1.png	Assets/Product/Texture/Atlas/UiCharacter/ChaGradeIconWangpai2.png	Assets/Product/Texture/Atlas/UiCharacter/ChaGradeIconWangpai1.png	特种Ⅱ
1059	1031005	9	1	50000	103509	[110007]	Assets/Product/Texture/Image/IconRoleQulity/CharacterIconWangpai.png	Assets/Product/Texture/Image/IconRoleQulity/CharacterIconWangpai1.png	Assets/Product/Texture/Atlas/UiCharacter/ChaGradeIconWangpai2.png	Assets/Product/Texture/Atlas/UiCharacter/ChaGradeIconWangpai1.png	特种Ⅲ
1060	1031005	10	1	60000	103510	[110008]	Assets/Product/Texture/Image/IconRoleQulity/CharacterIconTianxuan.png	Assets/Product/Texture/Image/IconRoleQulity/CharacterIconTianxuan1.png	Assets/Product/Texture/Atlas/UiCharacter/ChaGradeIconTianxuan2.png	Assets/Product/Texture/Atlas/UiCharacter/ChaGradeIconTianxuan1.png	王牌Ⅰ
1061	1031005	11	1	70000	103511	[110009]	Assets/Product/Texture/Image/IconRoleQulity/CharacterIconTianxuan.png	Assets/Product/Texture/Image/IconRoleQulity/CharacterIconTianxuan1.png	Assets/Product/Texture/Atlas/UiCharacter/ChaGradeIconTianxuan2.png	Assets/Product/Texture/Atlas/UiCharacter/ChaGradeIconTianxuan1.png	王牌Ⅱ
1062	1031005	12	1	80000	103512	[110010]	Assets/Product/Texture/Image/IconRoleQulity/CharacterIconTianxuan.png	Assets/Product/Texture/Image/IconRoleQulity/CharacterIconTianxuan1.png	Assets/Product/Texture/Atlas/UiCharacter/ChaGradeIconTianxuan2.png	Assets/Product/Texture/Atlas/UiCharacter/ChaGradeIconTianxuan1.png	王牌Ⅲ
1063	1031005	13	1	100000	103513	[110011]	Assets/Product/Texture/Image/IconRoleQulity/CharacterIconTianxuan.png	Assets/Product/Texture/Image/IconRoleQulity/CharacterIconTianxuan1.png	Assets/Product/Texture/Atlas/UiCharacter/ChaGradeIconTianxuan2.png	Assets/Product/Texture/Atlas/UiCharacter/ChaGradeIconTianxuan1.png	王牌Ⅳ
1064	1031005	14			103514	[110011]	Assets/Product/Texture/Image/IconRoleQulity/CharacterIconYingxiong.png	Assets/Product/Texture/Image/IconRoleQulity/CharacterIconYingxiong1.png	Assets/Product/Texture/Atlas/UiCharacter/ChaGradeIconYingxiong.png	Assets/Product/Texture/Atlas/UiCharacter/ChaGradeIconYingxiong.png	英雄
1065	1291003	1	1	5000	129301	[109000]	Assets/Product/Texture/Image/IconRoleQulity/CharacterIconXinbing.png	Assets/Product/Texture/Image/IconRoleQulity/CharacterIconXinbing1.png	Assets/Product/Texture/Atlas/UiCharacter/ChaGradeIconXinbing1.png	Assets/Product/Texture/Atlas/UiCharacter/ChaGradeIconXinbing0.png	列兵Ⅰ
1066	1291003	2	1	10000	129302	[110000]	Assets/Product/Texture/Image/IconRoleQulity/CharacterIconJingrui.png	Assets/Product/Texture/Image/IconRoleQulity/CharacterIconJingrui1.png	Assets/Product/Texture/Atlas/UiCharacter/ChaGradeIconJingrui2.png	Assets/Product/Texture/Atlas/UiCharacter/ChaGradeIconJingrui1.png	军士Ⅰ
1067	1291003	3	1	15000	129303	[110001]	Assets/Product/Texture/Image/IconRoleQulity/CharacterIconJingrui.png	Assets/Product/Texture/Image/IconRoleQulity/CharacterIconJingrui1.png	Assets/Product/Texture/Atlas/UiCharacter/ChaGradeIconJingrui2.png	Assets/Product/Texture/Atlas/UiCharacter/ChaGradeIconJingrui1.png	军士Ⅱ
1068	1291003	4	1	20000	129304	[110002]	Assets/Product/Texture/Image/IconRoleQulity/CharacterIconZhuli.png	Assets/Product/Texture/Image/IconRoleQulity/CharacterIconZhuli1.png	Assets/Product/Texture/Atlas/UiCharacter/ChaGradeIconZhuli2.png	Assets/Product/Texture/Atlas/UiCharacter/ChaGradeIconZhuli1.png	精锐Ⅰ
1069	1291003	5	1	25000	129305	[110003]	Assets/Product/Texture/Image/IconRoleQulity/CharacterIconZhuli.png	Assets/Product/Texture/Image/IconRoleQulity/CharacterIconZhuli1.png	Assets/Product/Texture/Atlas/UiCharacter/ChaGradeIconZhuli2.png	Assets/Product/Texture/Atlas/UiCharacter/ChaGradeIconZhuli1.png	精锐Ⅱ
1070	1291003	6	1	30000	129306	[110004]	Assets/Product/Texture/Image/IconRoleQulity/CharacterIconZhuli.png	Assets/Product/Texture/Image/IconRoleQulity/CharacterIconZhuli1.png	Assets/Product/Texture/Atlas/UiCharacter/ChaGradeIconZhuli2.png	Assets/Product/Texture/Atlas/UiCharacter/ChaGradeIconZhuli1.png	精锐Ⅲ
1071	1291003	7	1	35000	129307	[110005]	Assets/Product/Texture/Image/IconRoleQulity/CharacterIconWangpai.png	Assets/Product/Texture/Image/IconRoleQulity/CharacterIconWangpai1.png	Assets/Product/Texture/Atlas/UiCharacter/ChaGradeIconWangpai2.png	Assets/Product/Texture/Atlas/UiCharacter/ChaGradeIconWangpai1.png	特种Ⅰ
1072	1291003	8	1	42500	129308	[110006]	Assets/Product/Texture/Image/IconRoleQulity/CharacterIconWangpai.png	Assets/Product/Texture/Image/IconRoleQulity/CharacterIconWangpai1.png	Assets/Product/Texture/Atlas/UiCharacter/ChaGradeIconWangpai2.png	Assets/Product/Texture/Atlas/UiCharacter/ChaGradeIconWangpai1.png	特种Ⅱ
1073	1291003	9	1	50000	129309	[110007]	Assets/Product/Texture/Image/IconRoleQulity/CharacterIconWangpai.png	Assets/Product/Texture/Image/IconRoleQulity/CharacterIconWangpai1.png	Assets/Product/Texture/Atlas/UiCharacter/ChaGradeIconWangpai2.png	Assets/Product/Texture/Atlas/UiCharacter/ChaGradeIconWangpai1.png	特种Ⅲ
1074	1291003	10	1	60000	129310	[110008]	Assets/Product/Texture/Image/IconRoleQulity/CharacterIconTianxuan.png	Assets/Product/Texture/Image/IconRoleQulity/CharacterIconTianxuan1.png	Assets/Product/Texture/Atlas/UiCharacter/ChaGradeIconTianxuan2.png	Assets/Product/Texture/Atlas/UiCharacter/ChaGradeIconTianxuan1.png	王牌Ⅰ
1075	1291003	11	1	70000	129311	[110009]	Assets/Product/Texture/Image/IconRoleQulity/CharacterIconTianxuan.png	Assets/Product/Texture/Image/IconRoleQulity/CharacterIconTianxuan1.png	Assets/Product/Texture/Atlas/UiCharacter/ChaGradeIconTianxuan2.png	Assets/Product/Texture/Atlas/UiCharacter/ChaGradeIconTianxuan1.png	王牌Ⅱ
1076	1291003	12	1	80000	129312	[110010]	Assets/Product/Texture/Image/IconRoleQulity/CharacterIconTianxuan.png	Assets/Product/Texture/Image/IconRoleQulity/CharacterIconTianxuan1.png	Assets/Product/Texture/Atlas/UiCharacter/ChaGradeIconTianxuan2.png	Assets/Product/Texture/Atlas/UiCharacter/ChaGradeIconTianxuan1.png	王牌Ⅲ
1077	1291003	13	1	100000	129313	[110011]	Assets/Product/Texture/Image/IconRoleQulity/CharacterIconTianxuan.png	Assets/Product/Texture/Image/IconRoleQulity/CharacterIconTianxuan1.png	Assets/Product/Texture/Atlas/UiCharacter/ChaGradeIconTianxuan2.png	Assets/Product/Texture/Atlas/UiCharacter/ChaGradeIconTianxuan1.png	王牌Ⅳ
1078	1291003	14			129314	[110011]	Assets/Product/Texture/Image/IconRoleQulity/CharacterIconYingxiong.png	Assets/Product/Texture/Image/IconRoleQulity/CharacterIconYingxiong1.png	Assets/Product/Texture/Atlas/UiCharacter/ChaGradeIconYingxiong.png	Assets/Product/Texture/Atlas/UiCharacter/ChaGradeIconYingxiong.png	英雄
1079	1141004	1	1	5000	114401	[109000]	Assets/Product/Texture/Image/IconRoleQulity/CharacterIconXinbing.png	Assets/Product/Texture/Image/IconRoleQulity/CharacterIconXinbing1.png	Assets/Product/Texture/Atlas/UiCharacter/ChaGradeIconXinbing1.png	Assets/Product/Texture/Atlas/UiCharacter/ChaGradeIconXinbing0.png	列兵Ⅰ
1080	1141004	2	1	10000	114402	[110000]	Assets/Product/Texture/Image/IconRoleQulity/CharacterIconJingrui.png	Assets/Product/Texture/Image/IconRoleQulity/CharacterIconJingrui1.png	Assets/Product/Texture/Atlas/UiCharacter/ChaGradeIconJingrui2.png	Assets/Product/Texture/Atlas/UiCharacter/ChaGradeIconJingrui1.png	军士Ⅰ
1081	1141004	3	1	15000	114403	[110001]	Assets/Product/Texture/Image/IconRoleQulity/CharacterIconJingrui.png	Assets/Product/Texture/Image/IconRoleQulity/CharacterIconJingrui1.png	Assets/Product/Texture/Atlas/UiCharacter/ChaGradeIconJingrui2.png	Assets/Product/Texture/Atlas/UiCharacter/ChaGradeIconJingrui1.png	军士Ⅱ
1082	1141004	4	1	20000	114404	[110002]	Assets/Product/Texture/Image/IconRoleQulity/CharacterIconZhuli.png	Assets/Product/Texture/Image/IconRoleQulity/CharacterIconZhuli1.png	Assets/Product/Texture/Atlas/UiCharacter/ChaGradeIconZhuli2.png	Assets/Product/Texture/Atlas/UiCharacter/ChaGradeIconZhuli1.png	精锐Ⅰ
1083	1141004	5	1	25000	114405	[110003]	Assets/Product/Texture/Image/IconRoleQulity/CharacterIconZhuli.png	Assets/Product/Texture/Image/IconRoleQulity/CharacterIconZhuli1.png	Assets/Product/Texture/Atlas/UiCharacter/ChaGradeIconZhuli2.png	Assets/Product/Texture/Atlas/UiCharacter/ChaGradeIconZhuli1.png	精锐Ⅱ
1084	1141004	6	1	30000	114406	[110004]	Assets/Product/Texture/Image/IconRoleQulity/CharacterIconZhuli.png	Assets/Product/Texture/Image/IconRoleQulity/CharacterIconZhuli1.png	Assets/Product/Texture/Atlas/UiCharacter/ChaGradeIconZhuli2.png	Assets/Product/Texture/Atlas/UiCharacter/ChaGradeIconZhuli1.png	精锐Ⅲ
1085	1141004	7	1	35000	114407	[110005]	Assets/Product/Texture/Image/IconRoleQulity/CharacterIconWangpai.png	Assets/Product/Texture/Image/IconRoleQulity/CharacterIconWangpai1.png	Assets/Product/Texture/Atlas/UiCharacter/ChaGradeIconWangpai2.png	Assets/Product/Texture/Atlas/UiCharacter/ChaGradeIconWangpai1.png	特种Ⅰ
1086	1141004	8	1	42500	114408	[110006]	Assets/Product/Texture/Image/IconRoleQulity/CharacterIconWangpai.png	Assets/Product/Texture/Image/IconRoleQulity/CharacterIconWangpai1.png	Assets/Product/Texture/Atlas/UiCharacter/ChaGradeIconWangpai2.png	Assets/Product/Texture/Atlas/UiCharacter/ChaGradeIconWangpai1.png	特种Ⅱ
1087	1141004	9	1	50000	114409	[110007]	Assets/Product/Texture/Image/IconRoleQulity/CharacterIconWangpai.png	Assets/Product/Texture/Image/IconRoleQulity/CharacterIconWangpai1.png	Assets/Product/Texture/Atlas/UiCharacter/ChaGradeIconWangpai2.png	Assets/Product/Texture/Atlas/UiCharacter/ChaGradeIconWangpai1.png	特种Ⅲ
1088	1141004	10	1	60000	114410	[110008]	Assets/Product/Texture/Image/IconRoleQulity/CharacterIconTianxuan.png	Assets/Product/Texture/Image/IconRoleQulity/CharacterIconTianxuan1.png	Assets/Product/Texture/Atlas/UiCharacter/ChaGradeIconTianxuan2.png	Assets/Product/Texture/Atlas/UiCharacter/ChaGradeIconTianxuan1.png	王牌Ⅰ
1089	1141004	11	1	70000	114411	[110009]	Assets/Product/Texture/Image/IconRoleQulity/CharacterIconTianxuan.png	Assets/Product/Texture/Image/IconRoleQulity/CharacterIconTianxuan1.png	Assets/Product/Texture/Atlas/UiCharacter/ChaGradeIconTianxuan2.png	Assets/Product/Texture/Atlas/UiCharacter/ChaGradeIconTianxuan1.png	王牌Ⅱ
1090	1141004	12	1	80000	114412	[110010]	Assets/Product/Texture/Image/IconRoleQulity/CharacterIconTianxuan.png	Assets/Product/Texture/Image/IconRoleQulity/CharacterIconTianxuan1.png	Assets/Product/Texture/Atlas/UiCharacter/ChaGradeIconTianxuan2.png	Assets/Product/Texture/Atlas/UiCharacter/ChaGradeIconTianxuan1.png	王牌Ⅲ
1091	1141004	13	1	100000	114413	[110011]	Assets/Product/Texture/Image/IconRoleQulity/CharacterIconTianxuan.png	Assets/Product/Texture/Image/IconRoleQulity/CharacterIconTianxuan1.png	Assets/Product/Texture/Atlas/UiCharacter/ChaGradeIconTianxuan2.png	Assets/Product/Texture/Atlas/UiCharacter/ChaGradeIconTianxuan1.png	王牌Ⅳ
1092	1141004	14			114414	[110011]	Assets/Product/Texture/Image/IconRoleQulity/CharacterIconYingxiong.png	Assets/Product/Texture/Image/IconRoleQulity/CharacterIconYingxiong1.png	Assets/Product/Texture/Atlas/UiCharacter/ChaGradeIconYingxiong.png	Assets/Product/Texture/Atlas/UiCharacter/ChaGradeIconYingxiong.png	英雄
1093	1391003	1	1	5000	139301	[109000]	Assets/Product/Texture/Image/IconRoleQulity/CharacterIconXinbing.png	Assets/Product/Texture/Image/IconRoleQulity/CharacterIconXinbing1.png	Assets/Product/Texture/Atlas/UiCharacter/ChaGradeIconXinbing1.png	Assets/Product/Texture/Atlas/UiCharacter/ChaGradeIconXinbing0.png	列兵Ⅰ
1094	1391003	2	1	10000	139302	[110000]	Assets/Product/Texture/Image/IconRoleQulity/CharacterIconJingrui.png	Assets/Product/Texture/Image/IconRoleQulity/CharacterIconJingrui1.png	Assets/Product/Texture/Atlas/UiCharacter/ChaGradeIconJingrui2.png	Assets/Product/Texture/Atlas/UiCharacter/ChaGradeIconJingrui1.png	军士Ⅰ
1095	1391003	3	1	15000	139303	[110001]	Assets/Product/Texture/Image/IconRoleQulity/CharacterIconJingrui.png	Assets/Product/Texture/Image/IconRoleQulity/CharacterIconJingrui1.png	Assets/Product/Texture/Atlas/UiCharacter/ChaGradeIconJingrui2.png	Assets/Product/Texture/Atlas/UiCharacter/ChaGradeIconJingrui1.png	军士Ⅱ
1096	1391003	4	1	20000	139304	[110002]	Assets/Product/Texture/Image/IconRoleQulity/CharacterIconZhuli.png	Assets/Product/Texture/Image/IconRoleQulity/CharacterIconZhuli1.png	Assets/Product/Texture/Atlas/UiCharacter/ChaGradeIconZhuli2.png	Assets/Product/Texture/Atlas/UiCharacter/ChaGradeIconZhuli1.png	精锐Ⅰ
1097	1391003	5	1	25000	139305	[110003]	Assets/Product/Texture/Image/IconRoleQulity/CharacterIconZhuli.png	Assets/Product/Texture/Image/IconRoleQulity/CharacterIconZhuli1.png	Assets/Product/Texture/Atlas/UiCharacter/ChaGradeIconZhuli2.png	Assets/Product/Texture/Atlas/UiCharacter/ChaGradeIconZhuli1.png	精锐Ⅱ
1098	1391003	6	1	30000	139306	[110004]	Assets/Product/Texture/Image/IconRoleQulity/CharacterIconZhuli.png	Assets/Product/Texture/Image/IconRoleQulity/CharacterIconZhuli1.png	Assets/Product/Texture/Atlas/UiCharacter/ChaGradeIconZhuli2.png	Assets/Product/Texture/Atlas/UiCharacter/ChaGradeIconZhuli1.png	精锐Ⅲ
1099	1391003	7	1	35000	139307	[110005]	Assets/Product/Texture/Image/IconRoleQulity/CharacterIconWangpai.png	Assets/Product/Texture/Image/IconRoleQulity/CharacterIconWangpai1.png	Assets/Product/Texture/Atlas/UiCharacter/ChaGradeIconWangpai2.png	Assets/Product/Texture/Atlas/UiCharacter/ChaGradeIconWangpai1.png	特种Ⅰ
1100	1391003	8	1	42500	139308	[110006]	Assets/Product/Texture/Image/IconRoleQulity/CharacterIconWangpai.png	Assets/Product/Texture/Image/IconRoleQulity/CharacterIconWangpai1.png	Assets/Product/Texture/Atlas/UiCharacter/ChaGradeIconWangpai2.png	Assets/Product/Texture/Atlas/UiCharacter/ChaGradeIconWangpai1.png	特种Ⅱ
1101	1391003	9	1	50000	139309	[110007]	Assets/Product/Texture/Image/IconRoleQulity/CharacterIconWangpai.png	Assets/Product/Texture/Image/IconRoleQulity/CharacterIconWangpai1.png	Assets/Product/Texture/Atlas/UiCharacter/ChaGradeIconWangpai2.png	Assets/Product/Texture/Atlas/UiCharacter/ChaGradeIconWangpai1.png	特种Ⅲ
1102	1391003	10	1	60000	139310	[110008]	Assets/Product/Texture/Image/IconRoleQulity/CharacterIconTianxuan.png	Assets/Product/Texture/Image/IconRoleQulity/CharacterIconTianxuan1.png	Assets/Product/Texture/Atlas/UiCharacter/ChaGradeIconTianxuan2.png	Assets/Product/Texture/Atlas/UiCharacter/ChaGradeIconTianxuan1.png	王牌Ⅰ
1103	1391003	11	1	70000	139311	[110009]	Assets/Product/Texture/Image/IconRoleQulity/CharacterIconTianxuan.png	Assets/Product/Texture/Image/IconRoleQulity/CharacterIconTianxuan1.png	Assets/Product/Texture/Atlas/UiCharacter/ChaGradeIconTianxuan2.png	Assets/Product/Texture/Atlas/UiCharacter/ChaGradeIconTianxuan1.png	王牌Ⅱ
1104	1391003	12	1	80000	139312	[110010]	Assets/Product/Texture/Image/IconRoleQulity/CharacterIconTianxuan.png	Assets/Product/Texture/Image/IconRoleQulity/CharacterIconTianxuan1.png	Assets/Product/Texture/Atlas/UiCharacter/ChaGradeIconTianxuan2.png	Assets/Product/Texture/Atlas/UiCharacter/ChaGradeIconTianxuan1.png	王牌Ⅲ
1105	1391003	13	1	100000	139313	[110011]	Assets/Product/Texture/Image/IconRoleQulity/CharacterIconTianxuan.png	Assets/Product/Texture/Image/IconRoleQulity/CharacterIconTianxuan1.png	Assets/Product/Texture/Atlas/UiCharacter/ChaGradeIconTianxuan2.png	Assets/Product/Texture/Atlas/UiCharacter/ChaGradeIconTianxuan1.png	王牌Ⅳ
1106	1391003	14			139314	[110011]	Assets/Product/Texture/Image/IconRoleQulity/CharacterIconYingxiong.png	Assets/Product/Texture/Image/IconRoleQulity/CharacterIconYingxiong1.png	Assets/Product/Texture/Atlas/UiCharacter/ChaGradeIconYingxiong.png	Assets/Product/Texture/Atlas/UiCharacter/ChaGradeIconYingxiong.png	英雄
1107	1061004	1	1	5000	106401	[109000]	Assets/Product/Texture/Image/IconRoleQulity/CharacterIconXinbing.png	Assets/Product/Texture/Image/IconRoleQulity/CharacterIconXinbing1.png	Assets/Product/Texture/Atlas/UiCharacter/ChaGradeIconXinbing1.png	Assets/Product/Texture/Atlas/UiCharacter/ChaGradeIconXinbing0.png	列兵Ⅰ
1108	1061004	2	1	10000	106402	[110000]	Assets/Product/Texture/Image/IconRoleQulity/CharacterIconJingrui.png	Assets/Product/Texture/Image/IconRoleQulity/CharacterIconJingrui1.png	Assets/Product/Texture/Atlas/UiCharacter/ChaGradeIconJingrui2.png	Assets/Product/Texture/Atlas/UiCharacter/ChaGradeIconJingrui1.png	军士Ⅰ
1109	1061004	3	1	15000	106403	[110001]	Assets/Product/Texture/Image/IconRoleQulity/CharacterIconJingrui.png	Assets/Product/Texture/Image/IconRoleQulity/CharacterIconJingrui1.png	Assets/Product/Texture/Atlas/UiCharacter/ChaGradeIconJingrui2.png	Assets/Product/Texture/Atlas/UiCharacter/ChaGradeIconJingrui1.png	军士Ⅱ
1110	1061004	4	1	20000	106404	[110002]	Assets/Product/Texture/Image/IconRoleQulity/CharacterIconZhuli.png	Assets/Product/Texture/Image/IconRoleQulity/CharacterIconZhuli1.png	Assets/Product/Texture/Atlas/UiCharacter/ChaGradeIconZhuli2.png	Assets/Product/Texture/Atlas/UiCharacter/ChaGradeIconZhuli1.png	精锐Ⅰ
1111	1061004	5	1	25000	106405	[110003]	Assets/Product/Texture/Image/IconRoleQulity/CharacterIconZhuli.png	Assets/Product/Texture/Image/IconRoleQulity/CharacterIconZhuli1.png	Assets/Product/Texture/Atlas/UiCharacter/ChaGradeIconZhuli2.png	Assets/Product/Texture/Atlas/UiCharacter/ChaGradeIconZhuli1.png	精锐Ⅱ
1112	1061004	6	1	30000	106406	[110004]	Assets/Product/Texture/Image/IconRoleQulity/CharacterIconZhuli.png	Assets/Product/Texture/Image/IconRoleQulity/CharacterIconZhuli1.png	Assets/Product/Texture/Atlas/UiCharacter/ChaGradeIconZhuli2.png	Assets/Product/Texture/Atlas/UiCharacter/ChaGradeIconZhuli1.png	精锐Ⅲ
1113	1061004	7	1	35000	106407	[110005]	Assets/Product/Texture/Image/IconRoleQulity/CharacterIconWangpai.png	Assets/Product/Texture/Image/IconRoleQulity/CharacterIconWangpai1.png	Assets/Product/Texture/Atlas/UiCharacter/ChaGradeIconWangpai2.png	Assets/Product/Texture/Atlas/UiCharacter/ChaGradeIconWangpai1.png	特种Ⅰ
1114	1061004	8	1	42500	106408	[110006]	Assets/Product/Texture/Image/IconRoleQulity/CharacterIconWangpai.png	Assets/Product/Texture/Image/IconRoleQulity/CharacterIconWangpai1.png	Assets/Product/Texture/Atlas/UiCharacter/ChaGradeIconWangpai2.png	Assets/Product/Texture/Atlas/UiCharacter/ChaGradeIconWangpai1.png	特种Ⅱ
1115	1061004	9	1	50000	106409	[110007]	Assets/Product/Texture/Image/IconRoleQulity/CharacterIconWangpai.png	Assets/Product/Texture/Image/IconRoleQulity/CharacterIconWangpai1.png	Assets/Product/Texture/Atlas/UiCharacter/ChaGradeIconWangpai2.png	Assets/Product/Texture/Atlas/UiCharacter/ChaGradeIconWangpai1.png	特种Ⅲ
1116	1061004	10	1	60000	106410	[110008]	Assets/Product/Texture/Image/IconRoleQulity/CharacterIconTianxuan.png	Assets/Product/Texture/Image/IconRoleQulity/CharacterIconTianxuan1.png	Assets/Product/Texture/Atlas/UiCharacter/ChaGradeIconTianxuan2.png	Assets/Product/Texture/Atlas/UiCharacter/ChaGradeIconTianxuan1.png	王牌Ⅰ
1117	1061004	11	1	70000	106411	[110009]	Assets/Product/Texture/Image/IconRoleQulity/CharacterIconTianxuan.png	Assets/Product/Texture/Image/IconRoleQulity/CharacterIconTianxuan1.png	Assets/Product/Texture/Atlas/UiCharacter/ChaGradeIconTianxuan2.png	Assets/Product/Texture/Atlas/UiCharacter/ChaGradeIconTianxuan1.png	王牌Ⅱ
1118	1061004	12	1	80000	106412	[110010]	Assets/Product/Texture/Image/IconRoleQulity/CharacterIconTianxuan.png	Assets/Product/Texture/Image/IconRoleQulity/CharacterIconTianxuan1.png	Assets/Product/Texture/Atlas/UiCharacter/ChaGradeIconTianxuan2.png	Assets/Product/Texture/Atlas/UiCharacter/ChaGradeIconTianxuan1.png	王牌Ⅲ
1119	1061004	13	1	100000	106413	[110011]	Assets/Product/Texture/Image/IconRoleQulity/CharacterIconTianxuan.png	Assets/Product/Texture/Image/IconRoleQulity/CharacterIconTianxuan1.png	Assets/Product/Texture/Atlas/UiCharacter/ChaGradeIconTianxuan2.png	Assets/Product/Texture/Atlas/UiCharacter/ChaGradeIconTianxuan1.png	王牌Ⅳ
1120	1061004	14			106414	[110011]	Assets/Product/Texture/Image/IconRoleQulity/CharacterIconYingxiong.png	Assets/Product/Texture/Image/IconRoleQulity/CharacterIconYingxiong1.png	Assets/Product/Texture/Atlas/UiCharacter/ChaGradeIconYingxiong.png	Assets/Product/Texture/Atlas/UiCharacter/ChaGradeIconYingxiong.png	英雄
1121	1021007	1	1	5000	102701	[109000]	Assets/Product/Texture/Image/IconRoleQulity/CharacterIconXinbing.png	Assets/Product/Texture/Image/IconRoleQulity/CharacterIconXinbing1.png	Assets/Product/Texture/Atlas/UiCharacter/ChaGradeIconXinbing1.png	Assets/Product/Texture/Atlas/UiCharacter/ChaGradeIconXinbing0.png	列兵Ⅰ
1122	1021007	2	1	10000	102702	[110000]	Assets/Product/Texture/Image/IconRoleQulity/CharacterIconJingrui.png	Assets/Product/Texture/Image/IconRoleQulity/CharacterIconJingrui1.png	Assets/Product/Texture/Atlas/UiCharacter/ChaGradeIconJingrui2.png	Assets/Product/Texture/Atlas/UiCharacter/ChaGradeIconJingrui1.png	军士Ⅰ
1123	1021007	3	1	15000	102703	[110001]	Assets/Product/Texture/Image/IconRoleQulity/CharacterIconJingrui.png	Assets/Product/Texture/Image/IconRoleQulity/CharacterIconJingrui1.png	Assets/Product/Texture/Atlas/UiCharacter/ChaGradeIconJingrui2.png	Assets/Product/Texture/Atlas/UiCharacter/ChaGradeIconJingrui1.png	军士Ⅱ
1124	1021007	4	1	20000	102704	[110002]	Assets/Product/Texture/Image/IconRoleQulity/CharacterIconZhuli.png	Assets/Product/Texture/Image/IconRoleQulity/CharacterIconZhuli1.png	Assets/Product/Texture/Atlas/UiCharacter/ChaGradeIconZhuli2.png	Assets/Product/Texture/Atlas/UiCharacter/ChaGradeIconZhuli1.png	精锐Ⅰ
1125	1021007	5	1	25000	102705	[110003]	Assets/Product/Texture/Image/IconRoleQulity/CharacterIconZhuli.png	Assets/Product/Texture/Image/IconRoleQulity/CharacterIconZhuli1.png	Assets/Product/Texture/Atlas/UiCharacter/ChaGradeIconZhuli2.png	Assets/Product/Texture/Atlas/UiCharacter/ChaGradeIconZhuli1.png	精锐Ⅱ
1126	1021007	6	1	30000	102706	[110004]	Assets/Product/Texture/Image/IconRoleQulity/CharacterIconZhuli.png	Assets/Product/Texture/Image/IconRoleQulity/CharacterIconZhuli1.png	Assets/Product/Texture/Atlas/UiCharacter/ChaGradeIconZhuli2.png	Assets/Product/Texture/Atlas/UiCharacter/ChaGradeIconZhuli1.png	精锐Ⅲ
1127	1021007	7	1	35000	102707	[110005]	Assets/Product/Texture/Image/IconRoleQulity/CharacterIconWangpai.png	Assets/Product/Texture/Image/IconRoleQulity/CharacterIconWangpai1.png	Assets/Product/Texture/Atlas/UiCharacter/ChaGradeIconWangpai2.png	Assets/Product/Texture/Atlas/UiCharacter/ChaGradeIconWangpai1.png	特种Ⅰ
1128	1021007	8	1	42500	102708	[110006]	Assets/Product/Texture/Image/IconRoleQulity/CharacterIconWangpai.png	Assets/Product/Texture/Image/IconRoleQulity/CharacterIconWangpai1.png	Assets/Product/Texture/Atlas/UiCharacter/ChaGradeIconWangpai2.png	Assets/Product/Texture/Atlas/UiCharacter/ChaGradeIconWangpai1.png	特种Ⅱ
1129	1021007	9	1	50000	102709	[110007]	Assets/Product/Texture/Image/IconRoleQulity/CharacterIconWangpai.png	Assets/Product/Texture/Image/IconRoleQulity/CharacterIconWangpai1.png	Assets/Product/Texture/Atlas/UiCharacter/ChaGradeIconWangpai2.png	Assets/Product/Texture/Atlas/UiCharacter/ChaGradeIconWangpai1.png	特种Ⅲ
1130	1021007	10	1	60000	102710	[110008]	Assets/Product/Texture/Image/IconRoleQulity/CharacterIconTianxuan.png	Assets/Product/Texture/Image/IconRoleQulity/CharacterIconTianxuan1.png	Assets/Product/Texture/Atlas/UiCharacter/ChaGradeIconTianxuan2.png	Assets/Product/Texture/Atlas/UiCharacter/ChaGradeIconTianxuan1.png	王牌Ⅰ
1131	1021007	11	1	70000	102711	[110009]	Assets/Product/Texture/Image/IconRoleQulity/CharacterIconTianxuan.png	Assets/Product/Texture/Image/IconRoleQulity/CharacterIconTianxuan1.png	Assets/Product/Texture/Atlas/UiCharacter/ChaGradeIconTianxuan2.png	Assets/Product/Texture/Atlas/UiCharacter/ChaGradeIconTianxuan1.png	王牌Ⅱ
1132	1021007	12	1	80000	102712	[110010]	Assets/Product/Texture/Image/IconRoleQulity/CharacterIconTianxuan.png	Assets/Product/Texture/Image/IconRoleQulity/CharacterIconTianxuan1.png	Assets/Product/Texture/Atlas/UiCharacter/ChaGradeIconTianxuan2.png	Assets/Product/Texture/Atlas/UiCharacter/ChaGradeIconTianxuan1.png	王牌Ⅲ
1133	1021007	13	1	100000	102713	[110011]	Assets/Product/Texture/Image/IconRoleQulity/CharacterIconTianxuan.png	Assets/Product/Texture/Image/IconRoleQulity/CharacterIconTianxuan1.png	Assets/Product/Texture/Atlas/UiCharacter/ChaGradeIconTianxuan2.png	Assets/Product/Texture/Atlas/UiCharacter/ChaGradeIconTianxuan1.png	王牌Ⅳ
1134	1021007	14			102714	[110011]	Assets/Product/Texture/Image/IconRoleQulity/CharacterIconYingxiong.png	Assets/Product/Texture/Image/IconRoleQulity/CharacterIconYingxiong1.png	Assets/Product/Texture/Atlas/UiCharacter/ChaGradeIconYingxiong.png	Assets/Product/Texture/Atlas/UiCharacter/ChaGradeIconYingxiong.png	英雄
1135	1401003	1	1	5000	140301	[109000]	Assets/Product/Texture/Image/IconRoleQulity/CharacterIconXinbing.png	Assets/Product/Texture/Image/IconRoleQulity/CharacterIconXinbing1.png	Assets/Product/Texture/Atlas/UiCharacter/ChaGradeIconXinbing1.png	Assets/Product/Texture/Atlas/UiCharacter/ChaGradeIconXinbing0.png	列兵Ⅰ
1136	1401003	2	1	10000	140302	[110000]	Assets/Product/Texture/Image/IconRoleQulity/CharacterIconJingrui.png	Assets/Product/Texture/Image/IconRoleQulity/CharacterIconJingrui1.png	Assets/Product/Texture/Atlas/UiCharacter/ChaGradeIconJingrui2.png	Assets/Product/Texture/Atlas/UiCharacter/ChaGradeIconJingrui1.png	军士Ⅰ
1137	1401003	3	1	15000	140303	[110001]	Assets/Product/Texture/Image/IconRoleQulity/CharacterIconJingrui.png	Assets/Product/Texture/Image/IconRoleQulity/CharacterIconJingrui1.png	Assets/Product/Texture/Atlas/UiCharacter/ChaGradeIconJingrui2.png	Assets/Product/Texture/Atlas/UiCharacter/ChaGradeIconJingrui1.png	军士Ⅱ
1138	1401003	4	1	20000	140304	[110002]	Assets/Product/Texture/Image/IconRoleQulity/CharacterIconZhuli.png	Assets/Product/Texture/Image/IconRoleQulity/CharacterIconZhuli1.png	Assets/Product/Texture/Atlas/UiCharacter/ChaGradeIconZhuli2.png	Assets/Product/Texture/Atlas/UiCharacter/ChaGradeIconZhuli1.png	精锐Ⅰ
1139	1401003	5	1	25000	140305	[110003]	Assets/Product/Texture/Image/IconRoleQulity/CharacterIconZhuli.png	Assets/Product/Texture/Image/IconRoleQulity/CharacterIconZhuli1.png	Assets/Product/Texture/Atlas/UiCharacter/ChaGradeIconZhuli2.png	Assets/Product/Texture/Atlas/UiCharacter/ChaGradeIconZhuli1.png	精锐Ⅱ
1140	1401003	6	1	30000	140306	[110004]	Assets/Product/Texture/Image/IconRoleQulity/CharacterIconZhuli.png	Assets/Product/Texture/Image/IconRoleQulity/CharacterIconZhuli1.png	Assets/Product/Texture/Atlas/UiCharacter/ChaGradeIconZhuli2.png	Assets/Product/Texture/Atlas/UiCharacter/ChaGradeIconZhuli1.png	精锐Ⅲ
1141	1401003	7	1	35000	140307	[110005]	Assets/Product/Texture/Image/IconRoleQulity/CharacterIconWangpai.png	Assets/Product/Texture/Image/IconRoleQulity/CharacterIconWangpai1.png	Assets/Product/Texture/Atlas/UiCharacter/ChaGradeIconWangpai2.png	Assets/Product/Texture/Atlas/UiCharacter/ChaGradeIconWangpai1.png	特种Ⅰ
1142	1401003	8	1	42500	140308	[110006]	Assets/Product/Texture/Image/IconRoleQulity/CharacterIconWangpai.png	Assets/Product/Texture/Image/IconRoleQulity/CharacterIconWangpai1.png	Assets/Product/Texture/Atlas/UiCharacter/ChaGradeIconWangpai2.png	Assets/Product/Texture/Atlas/UiCharacter/ChaGradeIconWangpai1.png	特种Ⅱ
1143	1401003	9	1	50000	140309	[110007]	Assets/Product/Texture/Image/IconRoleQulity/CharacterIconWangpai.png	Assets/Product/Texture/Image/IconRoleQulity/CharacterIconWangpai1.png	Assets/Product/Texture/Atlas/UiCharacter/ChaGradeIconWangpai2.png	Assets/Product/Texture/Atlas/UiCharacter/ChaGradeIconWangpai1.png	特种Ⅲ
1144	1401003	10	1	60000	140310	[110008]	Assets/Product/Texture/Image/IconRoleQulity/CharacterIconTianxuan.png	Assets/Product/Texture/Image/IconRoleQulity/CharacterIconTianxuan1.png	Assets/Product/Texture/Atlas/UiCharacter/ChaGradeIconTianxuan2.png	Assets/Product/Texture/Atlas/UiCharacter/ChaGradeIconTianxuan1.png	王牌Ⅰ
1145	1401003	11	1	70000	140311	[110009]	Assets/Product/Texture/Image/IconRoleQulity/CharacterIconTianxuan.png	Assets/Product/Texture/Image/IconRoleQulity/CharacterIconTianxuan1.png	Assets/Product/Texture/Atlas/UiCharacter/ChaGradeIconTianxuan2.png	Assets/Product/Texture/Atlas/UiCharacter/ChaGradeIconTianxuan1.png	王牌Ⅱ
1146	1401003	12	1	80000	140312	[110010]	Assets/Product/Texture/Image/IconRoleQulity/CharacterIconTianxuan.png	Assets/Product/Texture/Image/IconRoleQulity/CharacterIconTianxuan1.png	Assets/Product/Texture/Atlas/UiCharacter/ChaGradeIconTianxuan2.png	Assets/Product/Texture/Atlas/UiCharacter/ChaGradeIconTianxuan1.png	王牌Ⅲ
1147	1401003	13	1	100000	140313	[110011]	Assets/Product/Texture/Image/IconRoleQulity/CharacterIconTianxuan.png	Assets/Product/Texture/Image/IconRoleQulity/CharacterIconTianxuan1.png	Assets/Product/Texture/Atlas/UiCharacter/ChaGradeIconTianxuan2.png	Assets/Product/Texture/Atlas/UiCharacter/ChaGradeIconTianxuan1.png	王牌Ⅳ
1148	1401003	14			140314	[110011]	Assets/Product/Texture/Image/IconRoleQulity/CharacterIconYingxiong.png	Assets/Product/Texture/Image/IconRoleQulity/CharacterIconYingxiong1.png	Assets/Product/Texture/Atlas/UiCharacter/ChaGradeIconYingxiong.png	Assets/Product/Texture/Atlas/UiCharacter/ChaGradeIconYingxiong.png	英雄
1149	1071005	1	1	5000	107501	[109000]	Assets/Product/Texture/Image/IconRoleQulity/CharacterIconXinbing.png	Assets/Product/Texture/Image/IconRoleQulity/CharacterIconXinbing1.png	Assets/Product/Texture/Atlas/UiCharacter/ChaGradeIconXinbing1.png	Assets/Product/Texture/Atlas/UiCharacter/ChaGradeIconXinbing0.png	列兵Ⅰ
1150	1071005	2	1	10000	107502	[110000]	Assets/Product/Texture/Image/IconRoleQulity/CharacterIconJingrui.png	Assets/Product/Texture/Image/IconRoleQulity/CharacterIconJingrui1.png	Assets/Product/Texture/Atlas/UiCharacter/ChaGradeIconJingrui2.png	Assets/Product/Texture/Atlas/UiCharacter/ChaGradeIconJingrui1.png	军士Ⅰ
1151	1071005	3	1	15000	107503	[110001]	Assets/Product/Texture/Image/IconRoleQulity/CharacterIconJingrui.png	Assets/Product/Texture/Image/IconRoleQulity/CharacterIconJingrui1.png	Assets/Product/Texture/Atlas/UiCharacter/ChaGradeIconJingrui2.png	Assets/Product/Texture/Atlas/UiCharacter/ChaGradeIconJingrui1.png	军士Ⅱ
1152	1071005	4	1	20000	107504	[110002]	Assets/Product/Texture/Image/IconRoleQulity/CharacterIconZhuli.png	Assets/Product/Texture/Image/IconRoleQulity/CharacterIconZhuli1.png	Assets/Product/Texture/Atlas/UiCharacter/ChaGradeIconZhuli2.png	Assets/Product/Texture/Atlas/UiCharacter/ChaGradeIconZhuli1.png	精锐Ⅰ
1153	1071005	5	1	25000	107505	[110003]	Assets/Product/Texture/Image/IconRoleQulity/CharacterIconZhuli.png	Assets/Product/Texture/Image/IconRoleQulity/CharacterIconZhuli1.png	Assets/Product/Texture/Atlas/UiCharacter/ChaGradeIconZhuli2.png	Assets/Product/Texture/Atlas/UiCharacter/ChaGradeIconZhuli1.png	精锐Ⅱ
1154	1071005	6	1	30000	107506	[110004]	Assets/Product/Texture/Image/IconRoleQulity/CharacterIconZhuli.png	Assets/Product/Texture/Image/IconRoleQulity/CharacterIconZhuli1.png	Assets/Product/Texture/Atlas/UiCharacter/ChaGradeIconZhuli2.png	Assets/Product/Texture/Atlas/UiCharacter/ChaGradeIconZhuli1.png	精锐Ⅲ
1155	1071005	7	1	35000	107507	[110005]	Assets/Product/Texture/Image/IconRoleQulity/CharacterIconWangpai.png	Assets/Product/Texture/Image/IconRoleQulity/CharacterIconWangpai1.png	Assets/Product/Texture/Atlas/UiCharacter/ChaGradeIconWangpai2.png	Assets/Product/Texture/Atlas/UiCharacter/ChaGradeIconWangpai1.png	特种Ⅰ
1156	1071005	8	1	42500	107508	[110006]	Assets/Product/Texture/Image/IconRoleQulity/CharacterIconWangpai.png	Assets/Product/Texture/Image/IconRoleQulity/CharacterIconWangpai1.png	Assets/Product/Texture/Atlas/UiCharacter/ChaGradeIconWangpai2.png	Assets/Product/Texture/Atlas/UiCharacter/ChaGradeIconWangpai1.png	特种Ⅱ
1157	1071005	9	1	50000	107509	[110007]	Assets/Product/Texture/Image/IconRoleQulity/CharacterIconWangpai.png	Assets/Product/Texture/Image/IconRoleQulity/CharacterIconWangpai1.png	Assets/Product/Texture/Atlas/UiCharacter/ChaGradeIconWangpai2.png	Assets/Product/Texture/Atlas/UiCharacter/ChaGradeIconWangpai1.png	特种Ⅲ
1158	1071005	10	1	60000	107510	[110008]	Assets/Product/Texture/Image/IconRoleQulity/CharacterIconTianxuan.png	Assets/Product/Texture/Image/IconRoleQulity/CharacterIconTianxuan1.png	Assets/Product/Texture/Atlas/UiCharacter/ChaGradeIconTianxuan2.png	Assets/Product/Texture/Atlas/UiCharacter/ChaGradeIconTianxuan1.png	王牌Ⅰ
1159	1071005	11	1	70000	107511	[110009]	Assets/Product/Texture/Image/IconRoleQulity/CharacterIconTianxuan.png	Assets/Product/Texture/Image/IconRoleQulity/CharacterIconTianxuan1.png	Assets/Product/Texture/Atlas/UiCharacter/ChaGradeIconTianxuan2.png	Assets/Product/Texture/Atlas/UiCharacter/ChaGradeIconTianxuan1.png	王牌Ⅱ
1160	1071005	12	1	80000	107512	[110010]	Assets/Product/Texture/Image/IconRoleQulity/CharacterIconTianxuan.png	Assets/Product/Texture/Image/IconRoleQulity/CharacterIconTianxuan1.png	Assets/Product/Texture/Atlas/UiCharacter/ChaGradeIconTianxuan2.png	Assets/Product/Texture/Atlas/UiCharacter/ChaGradeIconTianxuan1.png	王牌Ⅲ
1161	1071005	13	1	100000	107513	[110011]	Assets/Product/Texture/Image/IconRoleQulity/CharacterIconTianxuan.png	Assets/Product/Texture/Image/IconRoleQulity/CharacterIconTianxuan1.png	Assets/Product/Texture/Atlas/UiCharacter/ChaGradeIconTianxuan2.png	Assets/Product/Texture/Atlas/UiCharacter/ChaGradeIconTianxuan1.png	王牌Ⅳ
1162	1071005	14			107514	[110011]	Assets/Product/Texture/Image/IconRoleQulity/CharacterIconYingxiong.png	Assets/Product/Texture/Image/IconRoleQulity/CharacterIconYingxiong1.png	Assets/Product/Texture/Atlas/UiCharacter/ChaGradeIconYingxiong.png	Assets/Product/Texture/Atlas/UiCharacter/ChaGradeIconYingxiong.png	英雄
1163	1411003	1	1	5000	141301	[109000]	Assets/Product/Texture/Image/IconRoleQulity/CharacterIconXinbing.png	Assets/Product/Texture/Image/IconRoleQulity/CharacterIconXinbing1.png	Assets/Product/Texture/Atlas/UiCharacter/ChaGradeIconXinbing1.png	Assets/Product/Texture/Atlas/UiCharacter/ChaGradeIconXinbing0.png	列兵Ⅰ
1164	1411003	2	1	10000	141302	[110000]	Assets/Product/Texture/Image/IconRoleQulity/CharacterIconJingrui.png	Assets/Product/Texture/Image/IconRoleQulity/CharacterIconJingrui1.png	Assets/Product/Texture/Atlas/UiCharacter/ChaGradeIconJingrui2.png	Assets/Product/Texture/Atlas/UiCharacter/ChaGradeIconJingrui1.png	军士Ⅰ
1165	1411003	3	1	15000	141303	[110001]	Assets/Product/Texture/Image/IconRoleQulity/CharacterIconJingrui.png	Assets/Product/Texture/Image/IconRoleQulity/CharacterIconJingrui1.png	Assets/Product/Texture/Atlas/UiCharacter/ChaGradeIconJingrui2.png	Assets/Product/Texture/Atlas/UiCharacter/ChaGradeIconJingrui1.png	军士Ⅱ
1166	1411003	4	1	20000	141304	[110002]	Assets/Product/Texture/Image/IconRoleQulity/CharacterIconZhuli.png	Assets/Product/Texture/Image/IconRoleQulity/CharacterIconZhuli1.png	Assets/Product/Texture/Atlas/UiCharacter/ChaGradeIconZhuli2.png	Assets/Product/Texture/Atlas/UiCharacter/ChaGradeIconZhuli1.png	精锐Ⅰ
1167	1411003	5	1	25000	141305	[110003]	Assets/Product/Texture/Image/IconRoleQulity/CharacterIconZhuli.png	Assets/Product/Texture/Image/IconRoleQulity/CharacterIconZhuli1.png	Assets/Product/Texture/Atlas/UiCharacter/ChaGradeIconZhuli2.png	Assets/Product/Texture/Atlas/UiCharacter/ChaGradeIconZhuli1.png	精锐Ⅱ
1168	1411003	6	1	30000	141306	[110004]	Assets/Product/Texture/Image/IconRoleQulity/CharacterIconZhuli.png	Assets/Product/Texture/Image/IconRoleQulity/CharacterIconZhuli1.png	Assets/Product/Texture/Atlas/UiCharacter/ChaGradeIconZhuli2.png	Assets/Product/Texture/Atlas/UiCharacter/ChaGradeIconZhuli1.png	精锐Ⅲ
1169	1411003	7	1	35000	141307	[110005]	Assets/Product/Texture/Image/IconRoleQulity/CharacterIconWangpai.png	Assets/Product/Texture/Image/IconRoleQulity/CharacterIconWangpai1.png	Assets/Product/Texture/Atlas/UiCharacter/ChaGradeIconWangpai2.png	Assets/Product/Texture/Atlas/UiCharacter/ChaGradeIconWangpai1.png	特种Ⅰ
1170	1411003	8	1	42500	141308	[110006]	Assets/Product/Texture/Image/IconRoleQulity/CharacterIconWangpai.png	Assets/Product/Texture/Image/IconRoleQulity/CharacterIconWangpai1.png	Assets/Product/Texture/Atlas/UiCharacter/ChaGradeIconWangpai2.png	Assets/Product/Texture/Atlas/UiCharacter/ChaGradeIconWangpai1.png	特种Ⅱ
1171	1411003	9	1	50000	141309	[110007]	Assets/Product/Texture/Image/IconRoleQulity/CharacterIconWangpai.png	Assets/Product/Texture/Image/IconRoleQulity/CharacterIconWangpai1.png	Assets/Product/Texture/Atlas/UiCharacter/ChaGradeIconWangpai2.png	Assets/Product/Texture/Atlas/UiCharacter/ChaGradeIconWangpai1.png	特种Ⅲ
1172	1411003	10	1	60000	141310	[110008]	Assets/Product/Texture/Image/IconRoleQulity/CharacterIconTianxuan.png	Assets/Product/Texture/Image/IconRoleQulity/CharacterIconTianxuan1.png	Assets/Product/Texture/Atlas/UiCharacter/ChaGradeIconTianxuan2.png	Assets/Product/Texture/Atlas/UiCharacter/ChaGradeIconTianxuan1.png	王牌Ⅰ
1173	1411003	11	1	70000	141311	[110009]	Assets/Product/Texture/Image/IconRoleQulity/CharacterIconTianxuan.png	Assets/Product/Texture/Image/IconRoleQulity/CharacterIconTianxuan1.png	Assets/Product/Texture/Atlas/UiCharacter/ChaGradeIconTianxuan2.png	Assets/Product/Texture/Atlas/UiCharacter/ChaGradeIconTianxuan1.png	王牌Ⅱ
1174	1411003	12	1	80000	141312	[110010]	Assets/Product/Texture/Image/IconRoleQulity/CharacterIconTianxuan.png	Assets/Product/Texture/Image/IconRoleQulity/CharacterIconTianxuan1.png	Assets/Product/Texture/Atlas/UiCharacter/ChaGradeIconTianxuan2.png	Assets/Product/Texture/Atlas/UiCharacter/ChaGradeIconTianxuan1.png	王牌Ⅲ
1175	1411003	13	1	100000	141313	[110011]	Assets/Product/Texture/Image/IconRoleQulity/CharacterIconTianxuan.png	Assets/Product/Texture/Image/IconRoleQulity/CharacterIconTianxuan1.png	Assets/Product/Texture/Atlas/UiCharacter/ChaGradeIconTianxuan2.png	Assets/Product/Texture/Atlas/UiCharacter/ChaGradeIconTianxuan1.png	王牌Ⅳ
1176	1411003	14			141314	[110011]	Assets/Product/Texture/Image/IconRoleQulity/CharacterIconYingxiong.png	Assets/Product/Texture/Image/IconRoleQulity/CharacterIconYingxiong1.png	Assets/Product/Texture/Atlas/UiCharacter/ChaGradeIconYingxiong.png	Assets/Product/Texture/Atlas/UiCharacter/ChaGradeIconYingxiong.png	英雄
1177	1421003	1	1	5000	142301	[109000]	Assets/Product/Texture/Image/IconRoleQulity/CharacterIconXinbing.png	Assets/Product/Texture/Image/IconRoleQulity/CharacterIconXinbing1.png	Assets/Product/Texture/Atlas/UiCharacter/ChaGradeIconXinbing1.png	Assets/Product/Texture/Atlas/UiCharacter/ChaGradeIconXinbing0.png	列兵Ⅰ
1178	1421003	2	1	10000	142302	[110000]	Assets/Product/Texture/Image/IconRoleQulity/CharacterIconJingrui.png	Assets/Product/Texture/Image/IconRoleQulity/CharacterIconJingrui1.png	Assets/Product/Texture/Atlas/UiCharacter/ChaGradeIconJingrui2.png	Assets/Product/Texture/Atlas/UiCharacter/ChaGradeIconJingrui1.png	军士Ⅰ
1179	1421003	3	1	15000	142303	[110001]	Assets/Product/Texture/Image/IconRoleQulity/CharacterIconJingrui.png	Assets/Product/Texture/Image/IconRoleQulity/CharacterIconJingrui1.png	Assets/Product/Texture/Atlas/UiCharacter/ChaGradeIconJingrui2.png	Assets/Product/Texture/Atlas/UiCharacter/ChaGradeIconJingrui1.png	军士Ⅱ
1180	1421003	4	1	20000	142304	[110002]	Assets/Product/Texture/Image/IconRoleQulity/CharacterIconZhuli.png	Assets/Product/Texture/Image/IconRoleQulity/CharacterIconZhuli1.png	Assets/Product/Texture/Atlas/UiCharacter/ChaGradeIconZhuli2.png	Assets/Product/Texture/Atlas/UiCharacter/ChaGradeIconZhuli1.png	精锐Ⅰ
1181	1421003	5	1	25000	142305	[110003]	Assets/Product/Texture/Image/IconRoleQulity/CharacterIconZhuli.png	Assets/Product/Texture/Image/IconRoleQulity/CharacterIconZhuli1.png	Assets/Product/Texture/Atlas/UiCharacter/ChaGradeIconZhuli2.png	Assets/Product/Texture/Atlas/UiCharacter/ChaGradeIconZhuli1.png	精锐Ⅱ
1182	1421003	6	1	30000	142306	[110004]	Assets/Product/Texture/Image/IconRoleQulity/CharacterIconZhuli.png	Assets/Product/Texture/Image/IconRoleQulity/CharacterIconZhuli1.png	Assets/Product/Texture/Atlas/UiCharacter/ChaGradeIconZhuli2.png	Assets/Product/Texture/Atlas/UiCharacter/ChaGradeIconZhuli1.png	精锐Ⅲ
1183	1421003	7	1	35000	142307	[110005]	Assets/Product/Texture/Image/IconRoleQulity/CharacterIconWangpai.png	Assets/Product/Texture/Image/IconRoleQulity/CharacterIconWangpai1.png	Assets/Product/Texture/Atlas/UiCharacter/ChaGradeIconWangpai2.png	Assets/Product/Texture/Atlas/UiCharacter/ChaGradeIconWangpai1.png	特种Ⅰ
1184	1421003	8	1	42500	142308	[110006]	Assets/Product/Texture/Image/IconRoleQulity/CharacterIconWangpai.png	Assets/Product/Texture/Image/IconRoleQulity/CharacterIconWangpai1.png	Assets/Product/Texture/Atlas/UiCharacter/ChaGradeIconWangpai2.png	Assets/Product/Texture/Atlas/UiCharacter/ChaGradeIconWangpai1.png	特种Ⅱ
1185	1421003	9	1	50000	142309	[110007]	Assets/Product/Texture/Image/IconRoleQulity/CharacterIconWangpai.png	Assets/Product/Texture/Image/IconRoleQulity/CharacterIconWangpai1.png	Assets/Product/Texture/Atlas/UiCharacter/ChaGradeIconWangpai2.png	Assets/Product/Texture/Atlas/UiCharacter/ChaGradeIconWangpai1.png	特种Ⅲ
1186	1421003	10	1	60000	142310	[110008]	Assets/Product/Texture/Image/IconRoleQulity/CharacterIconTianxuan.png	Assets/Product/Texture/Image/IconRoleQulity/CharacterIconTianxuan1.png	Assets/Product/Texture/Atlas/UiCharacter/ChaGradeIconTianxuan2.png	Assets/Product/Texture/Atlas/UiCharacter/ChaGradeIconTianxuan1.png	王牌Ⅰ
1187	1421003	11	1	70000	142311	[110009]	Assets/Product/Texture/Image/IconRoleQulity/CharacterIconTianxuan.png	Assets/Product/Texture/Image/IconRoleQulity/CharacterIconTianxuan1.png	Assets/Product/Texture/Atlas/UiCharacter/ChaGradeIconTianxuan2.png	Assets/Product/Texture/Atlas/UiCharacter/ChaGradeIconTianxuan1.png	王牌Ⅱ
1188	1421003	12	1	80000	142312	[110010]	Assets/Product/Texture/Image/IconRoleQulity/CharacterIconTianxuan.png	Assets/Product/Texture/Image/IconRoleQulity/CharacterIconTianxuan1.png	Assets/Product/Texture/Atlas/UiCharacter/ChaGradeIconTianxuan2.png	Assets/Product/Texture/Atlas/UiCharacter/ChaGradeIconTianxuan1.png	王牌Ⅲ
1189	1421003	13	1	100000	142313	[110011]	Assets/Product/Texture/Image/IconRoleQulity/CharacterIconTianxuan.png	Assets/Product/Texture/Image/IconRoleQulity/CharacterIconTianxuan1.png	Assets/Product/Texture/Atlas/UiCharacter/ChaGradeIconTianxuan2.png	Assets/Product/Texture/Atlas/UiCharacter/ChaGradeIconTianxuan1.png	王牌Ⅳ
1190	1421003	14			142314	[110011]	Assets/Product/Texture/Image/IconRoleQulity/CharacterIconYingxiong.png	Assets/Product/Texture/Image/IconRoleQulity/CharacterIconYingxiong1.png	Assets/Product/Texture/Atlas/UiCharacter/ChaGradeIconYingxiong.png	Assets/Product/Texture/Atlas/UiCharacter/ChaGradeIconYingxiong.png	英雄
