Id	CharacterId	ResourcesId	Name	Quality	Series	Description	WorldDescription	Icon	BigIcon	SkipIdParams	Priority	ItemKey	ItemCount	SmallHeadIcon	SmallHeadIconLiberation	SmallHeadIconFashion	BigHeadIcon	BigHeadIconFashion	RoundnessNotItemHeadIcon	RoundnessNotItemHeadIconLiberation	RoundnessHeadIcon	BigRoundnessHeadIcon	HalfBodyImage	RoleCharacterBigImage	BigHeadIconLiberation	CharacterIcon	EffectRootName	EffectPath	AureoleId	GiftId	ShowTimeStr	SubItem	GachaIcon	FashionSuitRare	FashionSuitResourcePicPath	FashionSuitPic	FashionColorIds	FashionColorHex	DefaultHide
6110101	1011002	1010101	泛用式	1	9000	初始系列——里·异火	构造体生产出来时配给的服装。	Assets/Product/Texture/Image/IconToolsSp/Clo10110010101Sp.png	Assets/Product/Texture/Image/IconTools/Clo10110010101.png	[19000]	101299	32	3	Assets/Product/Texture/Image/Role/RoleHeadLi.png	Assets/Product/Texture/Image/Role/RoleHeadLi6.png	Assets/Product/Texture/Image/Role/RoleHeadLi.png	Assets/Product/Texture/Image/RoleCharacter/RoleHeadLi1.png	Assets/Product/Texture/Image/RoleCharacter/RoleHeadLi1.png	Assets/Product/Texture/Image/Role/RoleHeadLi3.png	Assets/Product/Texture/Image/Role/RoleHeadLi5.png	Assets/Product/Texture/Image/IconToolsSp/RoleHeadLi2Sp.png	Assets/Product/Texture/Image/IconTools/RoleHeadLi2.png	Assets/Product/Texture/Image/RoleStory/LiangNomal01.png	Assets/Product/Texture/Image/RoleCharacterBig/RoleCharacterBigLiangNomal01.png	Assets/Product/Texture/Image/RoleCharacter/RoleHeadLi2.png	Assets/Product/Texture/Image/IconCoating/IconCoating6310104.png	Bip001LForearm	Assets/Product/Effect/Prefab/FxR2Liang/FxR2LiangPinzhiGuadianBip001LForearm.prefab	1										
6110102	1011002	1010102	泛用式·改	2	9000	初始系列——里·异火	构造体[初阶]解放后，获得权限根据爱好修改的服装。	Assets/Product/Texture/Image/IconToolsSp/Clo10110010102Sp.png	Assets/Product/Texture/Image/IconTools/Clo10110010102.png	[19000]	101298	32	6	Assets/Product/Texture/Image/Role/RoleHeadLi.png	Assets/Product/Texture/Image/Role/RoleHeadLi6.png	Assets/Product/Texture/Image/Role/RoleHeadLi.png	Assets/Product/Texture/Image/RoleCharacter/RoleHeadLi1.png	Assets/Product/Texture/Image/RoleCharacter/RoleHeadLi1.png	Assets/Product/Texture/Image/Role/RoleHeadLi3.png	Assets/Product/Texture/Image/Role/RoleHeadLi5.png	Assets/Product/Texture/Image/IconToolsSp/RoleHeadLi2Sp.png	Assets/Product/Texture/Image/IconTools/RoleHeadLi2.png	Assets/Product/Texture/Image/RoleStory/LiangNomal01.png	Assets/Product/Texture/Image/RoleCharacterBig/RoleCharacterBigLiangNomal01.png	Assets/Product/Texture/Image/RoleCharacter/RoleHeadLi2.png	Assets/Product/Texture/Image/IconCoating/IconCoating6310104.png	Bip001LForearm	Assets/Product/Effect/Prefab/FxR2Liang/FxR2LiangPinzhiGuadianBip001LForearm.prefab	1										
6110103	1011002	1010103	泛用式·终	2	9000	初始系列——里·异火	构造体[高阶]解放后，根据个人意愿修改的服装，完好的体现了本人意识海的特征。	Assets/Product/Texture/Image/IconToolsSp/Clo10110010103Sp.png	Assets/Product/Texture/Image/IconTools/Clo10110010103.png	[19000]	101297	32	9	Assets/Product/Texture/Image/Role/RoleHeadLi.png	Assets/Product/Texture/Image/Role/RoleHeadLi6.png	Assets/Product/Texture/Image/Role/RoleHeadLi.png	Assets/Product/Texture/Image/RoleCharacter/RoleHeadLi1.png	Assets/Product/Texture/Image/RoleCharacter/RoleHeadLi1.png	Assets/Product/Texture/Image/Role/RoleHeadLi3.png	Assets/Product/Texture/Image/Role/RoleHeadLi5.png	Assets/Product/Texture/Image/IconToolsSp/RoleHeadLi2Sp.png	Assets/Product/Texture/Image/IconTools/RoleHeadLi2.png	Assets/Product/Texture/Image/RoleStory/LiangNomal01.png	Assets/Product/Texture/Image/RoleCharacterBig/RoleCharacterBigLiangNomal01.png	Assets/Product/Texture/Image/RoleCharacter/RoleHeadLi2.png	Assets/Product/Texture/Image/IconCoating/IconCoating6310104.png	Bip001LForearm	Assets/Product/Effect/Prefab/FxR2Liang/FxR2LiangPinzhiGuadianBip001LForearm.prefab	1										
6110104	1011002	1010104	灰羽·异火	5	1001	灰羽·灰鸦小队 基地服系列——里·异火	为所有和灰鸦小队结下羁绊的构造体们量身定做的制服，也是出席基地中各种重要仪式活动时的正式着装。	Assets/Product/Texture/Image/IconToolsSp/Clo10110090102Sp.png	Assets/Product/Texture/Image/IconTools/Clo10110090102.png	[10016,80004]	101296	32	21	Assets/Product/Texture/Image/Role/RoleHeadLi.png	Assets/Product/Texture/Image/Role/RoleHeadLi6.png	Assets/Product/Texture/Image/Role/RoleHeadLi.png	Assets/Product/Texture/Image/RoleCharacter/RoleHeadLi1.png	Assets/Product/Texture/Image/RoleCharacter/RoleHeadLi1.png	Assets/Product/Texture/Image/Role/RoleHeadLi3.png	Assets/Product/Texture/Image/Role/RoleHeadLi5.png	Assets/Product/Texture/Image/IconToolsSp/RoleHeadLi2Sp.png	Assets/Product/Texture/Image/IconTools/RoleHeadLi2.png	Assets/Product/Texture/Image/RoleStory/LiangNomal01.png	Assets/Product/Texture/Image/RoleCharacterBig/RoleCharacterBigLiangNomal01.png	Assets/Product/Texture/Image/RoleCharacter/RoleHeadLi2.png	Assets/Product/Texture/Image/IconCoating/IconCoating6110104.png	Bip001LForearm	Assets/Product/Effect/Prefab/FxR2Liang/FxR2LiangPinzhiGuadianBip001LForearm.prefab	1										
6110105	1011002	1010105	常春藤	5	1009	新生活系列——里·异火	艺术协会将学院风元素和当下流行款式结合，设计而出的春季潮流涂装，让人仿佛回到那个青涩的学生时代。	Assets/Product/Texture/Image/IconToolsSp/Clo10110019091Sp.png	Assets/Product/Texture/Image/IconTools/Clo10110019091.png	[80004]	101295	32	14	Assets/Product/Texture/Image/Role/RoleHeadLi.png	Assets/Product/Texture/Image/Role/RoleHeadLi6.png	Assets/Product/Texture/Image/Role/RoleHeadLi.png	Assets/Product/Texture/Image/RoleCharacter/RoleHeadLi1.png	Assets/Product/Texture/Image/RoleCharacter/RoleHeadLi1.png	Assets/Product/Texture/Image/Role/RoleHeadLi3.png	Assets/Product/Texture/Image/Role/RoleHeadLi5.png	Assets/Product/Texture/Image/IconToolsSp/RoleHeadLi2Sp.png	Assets/Product/Texture/Image/IconTools/RoleHeadLi2.png	Assets/Product/Texture/Image/RoleStory/LiangNomal01.png	Assets/Product/Texture/Image/RoleCharacterBig/RoleCharacterBigLiangNomal01.png	Assets/Product/Texture/Image/RoleCharacter/RoleHeadLi2.png	Assets/Product/Texture/Image/IconCoating/IconCoating6110105.png	Bip001LForearm	Assets/Product/Effect/Prefab/FxR2Liang/FxR2LiangPinzhiGuadianBip001LForearm.prefab	1										
6210101	1021001	1020101	泛用式	1	9000	初始系列——露西亚·红莲	构造体生产出来时配给的服装。	Assets/Product/Texture/Image/IconToolsSp/Clo10210010101Sp.png	Assets/Product/Texture/Image/IconTools/Clo10210010101.png	[19001]	102199	32	3	Assets/Product/Texture/Image/Role/RoleHeadluxiya.png	Assets/Product/Texture/Image/Role/RoleHeadluxiya6.png	Assets/Product/Texture/Image/Role/RoleHeadluxiya.png	Assets/Product/Texture/Image/RoleCharacter/RoleHeadluxiya1.png	Assets/Product/Texture/Image/RoleCharacter/RoleHeadluxiya1.png	Assets/Product/Texture/Image/Role/RoleHeadluxiya3.png	Assets/Product/Texture/Image/Role/RoleHeadluxiya5.png	Assets/Product/Texture/Image/IconToolsSp/RoleHeadluxiya2Sp.png	Assets/Product/Texture/Image/IconTools/RoleHeadluxiya2.png	Assets/Product/Texture/Image/RoleStory/LuxiyaNormal01.png	Assets/Product/Texture/Image/RoleCharacterBig/RoleCharacterBigLuxiyaNormal01.png	Assets/Product/Texture/Image/RoleCharacter/RoleHeadluxiya2.png	Assets/Product/Texture/Image/IconCoating/IconCoating6310104.png	Bip001RForearm	Assets/Product/Effect/Prefab/FxR1Luxiya/FxR1LuxiyaPinzhiGuadianBip001RForearm.prefab	2										
6210102	1021001	1020102	泛用式·改	2	9000	初始系列——露西亚·红莲	构造体[初阶]解放后，获得权限根据爱好修改的服装。	Assets/Product/Texture/Image/IconToolsSp/Clo10210010102Sp.png	Assets/Product/Texture/Image/IconTools/Clo10210010102.png	[19001]	102198	32	6	Assets/Product/Texture/Image/Role/RoleHeadluxiya.png	Assets/Product/Texture/Image/Role/RoleHeadluxiya6.png	Assets/Product/Texture/Image/Role/RoleHeadluxiya.png	Assets/Product/Texture/Image/RoleCharacter/RoleHeadluxiya1.png	Assets/Product/Texture/Image/RoleCharacter/RoleHeadluxiya1.png	Assets/Product/Texture/Image/Role/RoleHeadluxiya3.png	Assets/Product/Texture/Image/Role/RoleHeadluxiya5.png	Assets/Product/Texture/Image/IconToolsSp/RoleHeadluxiya2Sp.png	Assets/Product/Texture/Image/IconTools/RoleHeadluxiya2.png	Assets/Product/Texture/Image/RoleStory/LuxiyaNormal01.png	Assets/Product/Texture/Image/RoleCharacterBig/RoleCharacterBigLuxiyaNormal01.png	Assets/Product/Texture/Image/RoleCharacter/RoleHeadluxiya2.png	Assets/Product/Texture/Image/IconCoating/IconCoating6310104.png	Bip001RForearm	Assets/Product/Effect/Prefab/FxR1Luxiya/FxR1LuxiyaPinzhiGuadianBip001RForearm.prefab	2										
6210103	1021001	1020103	泛用式·终	2	9000	初始系列——露西亚·红莲	构造体[高阶]解放后，根据个人意愿修改的服装，完好的体现了本人意识海的特征。	Assets/Product/Texture/Image/IconToolsSp/Clo10210010103Sp.png	Assets/Product/Texture/Image/IconTools/Clo10210010103.png	[19001]	102197	32	9	Assets/Product/Texture/Image/Role/RoleHeadluxiya.png	Assets/Product/Texture/Image/Role/RoleHeadluxiya6.png	Assets/Product/Texture/Image/Role/RoleHeadluxiya.png	Assets/Product/Texture/Image/RoleCharacter/RoleHeadluxiya1.png	Assets/Product/Texture/Image/RoleCharacter/RoleHeadluxiya1.png	Assets/Product/Texture/Image/Role/RoleHeadluxiya3.png	Assets/Product/Texture/Image/Role/RoleHeadluxiya5.png	Assets/Product/Texture/Image/IconToolsSp/RoleHeadluxiya2Sp.png	Assets/Product/Texture/Image/IconTools/RoleHeadluxiya2.png	Assets/Product/Texture/Image/RoleStory/LuxiyaNormal01.png	Assets/Product/Texture/Image/RoleCharacterBig/RoleCharacterBigLuxiyaNormal01.png	Assets/Product/Texture/Image/RoleCharacter/RoleHeadluxiya2.png	Assets/Product/Texture/Image/IconCoating/IconCoating6310104.png	Bip001RForearm	Assets/Product/Effect/Prefab/FxR1Luxiya/FxR1LuxiyaPinzhiGuadianBip001RForearm.prefab	2										
6210104	1021001	1020104	破晓	5	1003	地平线系列——露西亚·红莲	光滑贴身的设计极大降低了阻力，隐秘而热情的剪裁与配色，让露西亚化身穿破夜幕的曙光。	Assets/Product/Texture/Image/IconToolsSp/Clo10210090301Sp.png	Assets/Product/Texture/Image/IconTools/Clo10210090301.png		102196	32	21	Assets/Product/Texture/Image/Role/RoleHeadluxiya.png	Assets/Product/Texture/Image/Role/RoleHeadluxiya6.png	Assets/Product/Texture/Image/Role/RoleHeadluxiya.png	Assets/Product/Texture/Image/RoleCharacter/RoleHeadluxiya1.png	Assets/Product/Texture/Image/RoleCharacter/RoleHeadluxiya1.png	Assets/Product/Texture/Image/Role/RoleHeadluxiya3.png	Assets/Product/Texture/Image/Role/RoleHeadluxiya5.png	Assets/Product/Texture/Image/IconToolsSp/RoleHeadluxiya2Sp.png	Assets/Product/Texture/Image/IconTools/RoleHeadluxiya2.png	Assets/Product/Texture/Image/RoleStory/LuxiyaNormal01.png	Assets/Product/Texture/Image/RoleCharacterBig/RoleCharacterBigLuxiyaNormal01.png	Assets/Product/Texture/Image/RoleCharacter/RoleHeadluxiya2.png	Assets/Product/Texture/Image/IconCoating/IconCoating6210104.png	Bip001RForearm	Assets/Product/Effect/Prefab/FxR1Luxiya/FxR1LuxiyaPinzhiGuadianBip001RForearm.prefab	2										
6210105	1021001	1020105	灰羽·红莲	5	1001	灰羽·灰鸦小队 基地服系列——露西亚·红莲	为所有和灰鸦小队结下羁绊的构造体们量身定做的制服，也是出席基地中各种重要仪式活动时的正式着装。	Assets/Product/Texture/Image/IconToolsSp/Clo10210090302Sp.png	Assets/Product/Texture/Image/IconTools/Clo10210090302.png	[10016]	102195	32	33	Assets/Product/Texture/Image/Role/RoleHeadluxiya.png	Assets/Product/Texture/Image/Role/RoleHeadluxiya6.png	Assets/Product/Texture/Image/Role/RoleHeadluxiya.png	Assets/Product/Texture/Image/RoleCharacter/RoleHeadluxiya1.png	Assets/Product/Texture/Image/RoleCharacter/RoleHeadluxiya1.png	Assets/Product/Texture/Image/Role/RoleHeadluxiya3.png	Assets/Product/Texture/Image/Role/RoleHeadluxiya5.png	Assets/Product/Texture/Image/IconToolsSp/RoleHeadluxiya2Sp.png	Assets/Product/Texture/Image/IconTools/RoleHeadluxiya2.png	Assets/Product/Texture/Image/RoleStory/LuxiyaNormal01.png	Assets/Product/Texture/Image/RoleCharacterBig/RoleCharacterBigLuxiyaNormal01.png	Assets/Product/Texture/Image/RoleCharacter/RoleHeadluxiya2.png	Assets/Product/Texture/Image/IconCoating/IconCoating6210105.png	Bip001RForearm	Assets/Product/Effect/Prefab/FxR1Luxiya/FxR1LuxiyaPinzhiGuadianBip001RForearm.prefab	2										
6210106	1021001	1020106	雨街漫步	5	1009	新生活系列——露西亚·红莲	露西亚漫步在空气清新的雨后街道上，防水的透明高分子材料上反射着商店橱窗中迷幻的光彩。	Assets/Product/Texture/Image/IconToolsSp/Clo10210090303Sp.png	Assets/Product/Texture/Image/IconTools/Clo10210090303.png	[10019]	102194	32	21	Assets/Product/Texture/Image/Role/RoleHeadluxiya.png	Assets/Product/Texture/Image/Role/RoleHeadluxiya6.png	Assets/Product/Texture/Image/Role/RoleHeadluxiya.png	Assets/Product/Texture/Image/RoleCharacter/RoleHeadluxiya1.png	Assets/Product/Texture/Image/RoleCharacter/RoleHeadluxiya1.png	Assets/Product/Texture/Image/Role/RoleHeadluxiya3.png	Assets/Product/Texture/Image/Role/RoleHeadluxiya5.png	Assets/Product/Texture/Image/IconToolsSp/RoleHeadluxiya2Sp.png	Assets/Product/Texture/Image/IconTools/RoleHeadluxiya2.png	Assets/Product/Texture/Image/RoleStory/LuxiyaNormal01.png	Assets/Product/Texture/Image/RoleCharacterBig/RoleCharacterBigLuxiyaNormal01.png	Assets/Product/Texture/Image/RoleCharacter/RoleHeadluxiya2.png	Assets/Product/Texture/Image/IconCoating/IconCoating6210106.png	Bip001RForearm	Assets/Product/Effect/Prefab/FxR1Luxiya/FxR1LuxiyaPinzhiGuadianBip001RForearm.prefab	2										
6310101	1031001	1030101	泛用式	1	9000	初始系列——丽芙·蚀暗	构造体生产出来时配给的服装。	Assets/Product/Texture/Image/IconToolsSp/Clo10310010101Sp.png	Assets/Product/Texture/Image/IconTools/Clo10310010101.png	[19002]	103199	32	3	Assets/Product/Texture/Image/Role/RoleHeadLifu.png	Assets/Product/Texture/Image/Role/RoleHeadLifu6.png	Assets/Product/Texture/Image/Role/RoleHeadLifu.png	Assets/Product/Texture/Image/RoleCharacter/RoleHeadLifu1.png	Assets/Product/Texture/Image/RoleCharacter/RoleHeadLifu1.png	Assets/Product/Texture/Image/Role/RoleHeadLifu3.png	Assets/Product/Texture/Image/Role/RoleHeadLifu5.png	Assets/Product/Texture/Image/IconToolsSp/RoleHeadLifu2Sp.png	Assets/Product/Texture/Image/IconTools/RoleHeadLifu2.png	Assets/Product/Texture/Image/RoleStory/LifuNormal01.png	Assets/Product/Texture/Image/RoleCharacterBig/RoleCharacterBigLifuNormal01.png	Assets/Product/Texture/Image/RoleCharacter/RoleHeadLifu2.png	Assets/Product/Texture/Image/IconCoating/IconCoating6310104.png	Bip001LForearm	Assets/Product/Effect/Prefab/FxR1Lifu/FxR1LifuPinzhiGuadianBip001LForearm.prefab	3										
6310102	1031001	1030102	泛用式·改	2	9000	初始系列——丽芙·蚀暗	构造体[初阶]解放后，获得权限根据爱好修改的服装。	Assets/Product/Texture/Image/IconToolsSp/Clo10310010102Sp.png	Assets/Product/Texture/Image/IconTools/Clo10310010102.png	[19002]	103198	32	6	Assets/Product/Texture/Image/Role/RoleHeadLifu.png	Assets/Product/Texture/Image/Role/RoleHeadLifu6.png	Assets/Product/Texture/Image/Role/RoleHeadLifu.png	Assets/Product/Texture/Image/RoleCharacter/RoleHeadLifu1.png	Assets/Product/Texture/Image/RoleCharacter/RoleHeadLifu1.png	Assets/Product/Texture/Image/Role/RoleHeadLifu3.png	Assets/Product/Texture/Image/Role/RoleHeadLifu5.png	Assets/Product/Texture/Image/IconToolsSp/RoleHeadLifu2Sp.png	Assets/Product/Texture/Image/IconTools/RoleHeadLifu2.png	Assets/Product/Texture/Image/RoleStory/LifuNormal01.png	Assets/Product/Texture/Image/RoleCharacterBig/RoleCharacterBigLifuNormal01.png	Assets/Product/Texture/Image/RoleCharacter/RoleHeadLifu2.png	Assets/Product/Texture/Image/IconCoating/IconCoating6310104.png	Bip001LForearm	Assets/Product/Effect/Prefab/FxR1Lifu/FxR1LifuPinzhiGuadianBip001LForearm.prefab	3										
6310103	1031001	1030103	泛用式·终	2	9000	初始系列——丽芙·蚀暗	构造体[高阶]解放后，根据个人意愿修改的服装，完好的体现了本人意识海的特征。	Assets/Product/Texture/Image/IconToolsSp/Clo10310010103Sp.png	Assets/Product/Texture/Image/IconTools/Clo10310010103.png	[19002]	103197	32	9	Assets/Product/Texture/Image/Role/RoleHeadLifu.png	Assets/Product/Texture/Image/Role/RoleHeadLifu6.png	Assets/Product/Texture/Image/Role/RoleHeadLifu.png	Assets/Product/Texture/Image/RoleCharacter/RoleHeadLifu1.png	Assets/Product/Texture/Image/RoleCharacter/RoleHeadLifu1.png	Assets/Product/Texture/Image/Role/RoleHeadLifu3.png	Assets/Product/Texture/Image/Role/RoleHeadLifu5.png	Assets/Product/Texture/Image/IconToolsSp/RoleHeadLifu2Sp.png	Assets/Product/Texture/Image/IconTools/RoleHeadLifu2.png	Assets/Product/Texture/Image/RoleStory/LifuNormal01.png	Assets/Product/Texture/Image/RoleCharacterBig/RoleCharacterBigLifuNormal01.png	Assets/Product/Texture/Image/RoleCharacter/RoleHeadLifu2.png	Assets/Product/Texture/Image/IconCoating/IconCoating6310104.png	Bip001LForearm	Assets/Product/Effect/Prefab/FxR1Lifu/FxR1LifuPinzhiGuadianBip001LForearm.prefab	3										
6310104	1031001	1030104	银庭花冠	5	1009	新生活系列——丽芙·蚀暗	成为生态研究中心管理者的丽芙，握有微调生态系统的控制器，空中花园的各处生机都从她的手中绽放。	Assets/Product/Texture/Image/IconToolsSp/Clo10310090101Sp.png	Assets/Product/Texture/Image/IconTools/Clo10310090101.png	[10008]	103196	32	7	Assets/Product/Texture/Image/Role/RoleHeadLifu.png	Assets/Product/Texture/Image/Role/RoleHeadLifu6.png	Assets/Product/Texture/Image/Role/RoleHeadLifu.png	Assets/Product/Texture/Image/RoleCharacter/RoleHeadLifu1.png	Assets/Product/Texture/Image/RoleCharacter/RoleHeadLifu1.png	Assets/Product/Texture/Image/Role/RoleHeadLifu3.png	Assets/Product/Texture/Image/Role/RoleHeadLifu5.png	Assets/Product/Texture/Image/IconToolsSp/RoleHeadLifu2Sp.png	Assets/Product/Texture/Image/IconTools/RoleHeadLifu2.png	Assets/Product/Texture/Image/RoleStory/LifuNormal01.png	Assets/Product/Texture/Image/RoleCharacterBig/RoleCharacterBigLifuNormal01.png	Assets/Product/Texture/Image/RoleCharacter/RoleHeadLifu2.png	Assets/Product/Texture/Image/IconCoating/IconCoating6310104.png	Bip001LForearm	Assets/Product/Effect/Prefab/FxR1Lifu/FxR1LifuPinzhiGuadianBip001LForearm.prefab	3										
6310105	1031001	1030105	灰羽·蚀暗	5	1001	灰羽·灰鸦小队 基地服系列——丽芙·蚀暗	为所有和灰鸦小队结下羁绊的构造体们量身定做的制服，也是出席基地中各种重要仪式活动时的正式着装。	Assets/Product/Texture/Image/IconToolsSp/Clo10310090102Sp.png	Assets/Product/Texture/Image/IconTools/Clo10310090102.png	[10016,80004]	103195	32	33	Assets/Product/Texture/Image/Role/RoleHeadLifu.png	Assets/Product/Texture/Image/Role/RoleHeadLifu6.png	Assets/Product/Texture/Image/Role/RoleHeadLifu.png	Assets/Product/Texture/Image/RoleCharacter/RoleHeadLifu1.png	Assets/Product/Texture/Image/RoleCharacter/RoleHeadLifu1.png	Assets/Product/Texture/Image/Role/RoleHeadLifu3.png	Assets/Product/Texture/Image/Role/RoleHeadLifu5.png	Assets/Product/Texture/Image/IconToolsSp/RoleHeadLifu2Sp.png	Assets/Product/Texture/Image/IconTools/RoleHeadLifu2.png	Assets/Product/Texture/Image/RoleStory/LifuNormal01.png	Assets/Product/Texture/Image/RoleCharacterBig/RoleCharacterBigLifuNormal01.png	Assets/Product/Texture/Image/RoleCharacter/RoleHeadLifu2.png	Assets/Product/Texture/Image/IconCoating/IconCoating6310105.png	Bip001LForearm	Assets/Product/Effect/Prefab/FxR1Lifu/FxR1LifuPinzhiGuadianBip001LForearm.prefab	3										
6310106	1031001	1030106	时之女仆	5	1009	新生活系列——丽芙·蚀暗	七点钟的早安，九点钟的送别，十一点钟的一人餐。一点钟熨烫衣物，三点钟打扫房间，五点钟准备晚饭。六点钟开始期待，八点钟欢迎回来。	Assets/Product/Texture/Image/IconToolsSp/Clo10310019101Sp.png	Assets/Product/Texture/Image/IconTools/Clo10310019101.png	[10016,80004]	103194	32	33	Assets/Product/Texture/Image/Role/RoleHeadLifu.png	Assets/Product/Texture/Image/Role/RoleHeadLifu6.png	Assets/Product/Texture/Image/Role/RoleHeadLifu.png	Assets/Product/Texture/Image/RoleCharacter/RoleHeadLifu1.png	Assets/Product/Texture/Image/RoleCharacter/RoleHeadLifu1.png	Assets/Product/Texture/Image/Role/RoleHeadLifu3.png	Assets/Product/Texture/Image/Role/RoleHeadLifu5.png	Assets/Product/Texture/Image/IconToolsSp/RoleHeadLifu2Sp.png	Assets/Product/Texture/Image/IconTools/RoleHeadLifu2.png	Assets/Product/Texture/Image/RoleStory/LifuNormal01.png	Assets/Product/Texture/Image/RoleCharacterBig/RoleCharacterBigLifuNormal01.png	Assets/Product/Texture/Image/RoleCharacter/RoleHeadLifu2.png	Assets/Product/Texture/Image/IconCoating/IconCoating6310106.png	Bip001LForearm	Assets/Product/Effect/Prefab/FxR1Lifu/FxR1LifuPinzhiGuadianBip001LForearm.prefab	3										
6310107	1031001	1030107	圣诞之约	5	1009	新生活系列——丽芙·蚀暗	结合机械零件和特殊布料加工而成的衣物，融入圣诞流行的可爱元素作为主题风格的同时兼顾了优秀的防御性能。	Assets/Product/Texture/Image/IconToolsSp/Clo10310019111Sp.png	Assets/Product/Texture/Image/IconTools/Clo10310019111.png	[10016]	103193	32	33	Assets/Product/Texture/Image/Role/RoleHeadLifu.png	Assets/Product/Texture/Image/Role/RoleHeadLifu6.png	Assets/Product/Texture/Image/Role/RoleHeadLifu.png	Assets/Product/Texture/Image/RoleCharacter/RoleHeadLifu1.png	Assets/Product/Texture/Image/RoleCharacter/RoleHeadLifu1.png	Assets/Product/Texture/Image/Role/RoleHeadLifu3.png	Assets/Product/Texture/Image/Role/RoleHeadLifu5.png	Assets/Product/Texture/Image/IconToolsSp/RoleHeadLifu2Sp.png	Assets/Product/Texture/Image/IconTools/RoleHeadLifu2.png	Assets/Product/Texture/Image/RoleStory/LifuNormal01.png	Assets/Product/Texture/Image/RoleCharacterBig/RoleCharacterBigLifuNormal01.png	Assets/Product/Texture/Image/RoleCharacter/RoleHeadLifu2.png	Assets/Product/Texture/Image/IconCoating/IconCoating6310107.png	Bip001LForearm	Assets/Product/Effect/Prefab/FxR1Lifu/FxR1LifuPinzhiGuadianBip001LForearm.prefab	3										
6310108	1031001	1030108	生命之星	5	1009	新生活系列——丽芙·蚀暗	精锐医疗部队作业用制服，套装配备医疗构造箱包及紧急血清注射栓，为奋战在前线的士兵提供安心的后援。	Assets/Product/Texture/Image/IconToolsSp/Clo10310019151Sp.png	Assets/Product/Texture/Image/IconTools/Clo10310019151.png		103192	32	21	Assets/Product/Texture/Image/Role/RoleHeadLifu.png	Assets/Product/Texture/Image/Role/RoleHeadLifu6.png	Assets/Product/Texture/Image/Role/RoleHeadLifu.png	Assets/Product/Texture/Image/RoleCharacter/RoleHeadLifu1.png	Assets/Product/Texture/Image/RoleCharacter/RoleHeadLifu1.png	Assets/Product/Texture/Image/Role/RoleHeadLifu3.png	Assets/Product/Texture/Image/Role/RoleHeadLifu5.png	Assets/Product/Texture/Image/IconToolsSp/RoleHeadLifu2Sp.png	Assets/Product/Texture/Image/IconTools/RoleHeadLifu2.png	Assets/Product/Texture/Image/RoleStory/LifuNormal01.png	Assets/Product/Texture/Image/RoleCharacterBig/RoleCharacterBigLifuNormal01.png	Assets/Product/Texture/Image/RoleCharacter/RoleHeadLifu2.png	Assets/Product/Texture/Image/IconCoating/IconCoating6310108.png	Bip001LForearm	Assets/Product/Effect/Prefab/FxR1Lifu/FxR1LifuPinzhiGuadianBip001LForearm.prefab	3										
6310109	1031001	1030109	假面丽影	5	1009	新生活系列——丽芙·蚀暗	跨过霓虹的倒影，翻越隔阂的高墙，在不为人知的屋檐上飞速滑行。锁链，铁丝，格栅，闪烁的猩红色灯光不曾令少女停下步伐，她于封锁之地中穿梭，逐一拜访预定的目标。在为被缴械的卫兵包扎好伤口以后，少女指着展柜，无比认真地问出了那句话：“请问，我可以借用一下那个吗？”	Assets/Product/Texture/Image/IconToolsSp/Clo10310019341Sp.png	Assets/Product/Texture/Image/IconTools/Clo10310019341.png	[80087]	103191	32	14	Assets/Product/Texture/Image/Role/RoleHeadLifu.png	Assets/Product/Texture/Image/Role/RoleHeadLifu6.png	Assets/Product/Texture/Image/Role/RoleHeadLifu.png	Assets/Product/Texture/Image/RoleCharacter/RoleHeadLifu1.png	Assets/Product/Texture/Image/RoleCharacter/RoleHeadLifu1.png	Assets/Product/Texture/Image/Role/RoleHeadLifu3.png	Assets/Product/Texture/Image/Role/RoleHeadLifu5.png	Assets/Product/Texture/Image/IconToolsSp/RoleHeadLifu2Sp.png	Assets/Product/Texture/Image/IconTools/RoleHeadLifu2.png	Assets/Product/Texture/Image/RoleStory/LifuNormal01.png	Assets/Product/Texture/Image/RoleCharacterBig/RoleCharacterBigLifuNormal01.png	Assets/Product/Texture/Image/RoleCharacter/RoleHeadLifu2.png	Assets/Product/Texture/Image/IconCoating/IconCoating6310109.png	Bip001LForearm	Assets/Product/Effect/Prefab/FxR1Lifu/FxR1LifuPinzhiGuadianBip001LForearm.prefab	3										
6410101	1041002	1040101	泛用式	1	9000	初始系列——比安卡·零度	构造体生产出来时配给的服装。	Assets/Product/Texture/Image/IconToolsSp/Clo10410010101Sp.png	Assets/Product/Texture/Image/IconTools/Clo10410010101.png	[19003]	104299	32	3	Assets/Product/Texture/Image/Role/RoleHeadAolisuo.png	Assets/Product/Texture/Image/Role/RoleHeadAolisuo6.png	Assets/Product/Texture/Image/Role/RoleHeadAolisuo.png	Assets/Product/Texture/Image/RoleCharacter/RoleHeadAolisuo1.png	Assets/Product/Texture/Image/RoleCharacter/RoleHeadAolisuo1.png	Assets/Product/Texture/Image/Role/RoleHeadAolisuo3.png	Assets/Product/Texture/Image/Role/RoleHeadAolisuo5.png	Assets/Product/Texture/Image/IconToolsSp/RoleHeadAolisuo2Sp.png	Assets/Product/Texture/Image/IconTools/RoleHeadAolisuo2.png	Assets/Product/Texture/Image/RoleStory/OlisuoNomal01.png	Assets/Product/Texture/Image/RoleCharacterBig/RoleCharacterBigOlisuoNomal01.png	Assets/Product/Texture/Image/RoleCharacter/RoleHeadAolisuo2.png	Assets/Product/Texture/Image/IconCoating/IconCoating6310104.png	Bip001LForearm	Assets/Product/Effect/Prefab/FxR2Bianka/FxR2BiankaPinzhiGuadianBip001LForearm.prefab	12										
6410102	1041002	1040102	泛用式·改	2	9000	初始系列——比安卡·零度	构造体[初阶]解放后，获得权限根据爱好修改的服装。	Assets/Product/Texture/Image/IconToolsSp/Clo10410010102Sp.png	Assets/Product/Texture/Image/IconTools/Clo10410010102.png	[19003]	104298	32	6	Assets/Product/Texture/Image/Role/RoleHeadAolisuo.png	Assets/Product/Texture/Image/Role/RoleHeadAolisuo6.png	Assets/Product/Texture/Image/Role/RoleHeadAolisuo.png	Assets/Product/Texture/Image/RoleCharacter/RoleHeadAolisuo1.png	Assets/Product/Texture/Image/RoleCharacter/RoleHeadAolisuo1.png	Assets/Product/Texture/Image/Role/RoleHeadAolisuo3.png	Assets/Product/Texture/Image/Role/RoleHeadAolisuo5.png	Assets/Product/Texture/Image/IconToolsSp/RoleHeadAolisuo2Sp.png	Assets/Product/Texture/Image/IconTools/RoleHeadAolisuo2.png	Assets/Product/Texture/Image/RoleStory/OlisuoNomal01.png	Assets/Product/Texture/Image/RoleCharacterBig/RoleCharacterBigOlisuoNomal01.png	Assets/Product/Texture/Image/RoleCharacter/RoleHeadAolisuo2.png	Assets/Product/Texture/Image/IconCoating/IconCoating6310104.png	Bip001LForearm	Assets/Product/Effect/Prefab/FxR2Bianka/FxR2BiankaPinzhiGuadianBip001LForearm.prefab	12										
6410103	1041002	1040103	泛用式·终	2	9000	初始系列——比安卡·零度	构造体[高阶]解放后，根据个人意愿修改的服装，完好的体现了本人意识海的特征。	Assets/Product/Texture/Image/IconToolsSp/Clo10410010103Sp.png	Assets/Product/Texture/Image/IconTools/Clo10410010103.png	[19003]	104297	32	9	Assets/Product/Texture/Image/Role/RoleHeadAolisuo.png	Assets/Product/Texture/Image/Role/RoleHeadAolisuo6.png	Assets/Product/Texture/Image/Role/RoleHeadAolisuo.png	Assets/Product/Texture/Image/RoleCharacter/RoleHeadAolisuo1.png	Assets/Product/Texture/Image/RoleCharacter/RoleHeadAolisuo1.png	Assets/Product/Texture/Image/Role/RoleHeadAolisuo3.png	Assets/Product/Texture/Image/Role/RoleHeadAolisuo5.png	Assets/Product/Texture/Image/IconToolsSp/RoleHeadAolisuo2Sp.png	Assets/Product/Texture/Image/IconTools/RoleHeadAolisuo2.png	Assets/Product/Texture/Image/RoleStory/OlisuoNomal01.png	Assets/Product/Texture/Image/RoleCharacterBig/RoleCharacterBigOlisuoNomal01.png	Assets/Product/Texture/Image/RoleCharacter/RoleHeadAolisuo2.png	Assets/Product/Texture/Image/IconCoating/IconCoating6310104.png	Bip001LForearm	Assets/Product/Effect/Prefab/FxR2Bianka/FxR2BiankaPinzhiGuadianBip001LForearm.prefab	12										
6410104	1041002	1040104	蓟	5	1007	深度腐蚀系列——比安卡·零度	对深度污染地区的矿石进行精炼后，根据其特殊的结晶形状设计出了这套气质幽美的外装。	Assets/Product/Texture/Image/IconToolsSp/Clo10410070101Sp.png	Assets/Product/Texture/Image/IconTools/Clo10410070101.png	[10016,80004]	104296	32	33	Assets/Product/Texture/Image/Role/RoleHeadAolisuo.png	Assets/Product/Texture/Image/Role/RoleHeadAolisuo6.png	Assets/Product/Texture/Image/Role/RoleHeadAolisuo.png	Assets/Product/Texture/Image/RoleCharacter/RoleHeadAolisuo1.png	Assets/Product/Texture/Image/RoleCharacter/RoleHeadAolisuo1.png	Assets/Product/Texture/Image/Role/RoleHeadAolisuo3.png	Assets/Product/Texture/Image/Role/RoleHeadAolisuo5.png	Assets/Product/Texture/Image/IconToolsSp/RoleHeadAolisuo2Sp.png	Assets/Product/Texture/Image/IconTools/RoleHeadAolisuo2.png	Assets/Product/Texture/Image/RoleStory/OlisuoNomal01.png	Assets/Product/Texture/Image/RoleCharacterBig/RoleCharacterBigOlisuoNomal01.png	Assets/Product/Texture/Image/RoleCharacter/RoleHeadAolisuo2.png	Assets/Product/Texture/Image/IconCoating/IconCoating6410104.png	Bip001LForearm	Assets/Product/Effect/Prefab/FxR2Bianka/FxR2BiankaPinzhiGuadianBip001LForearm.prefab	12										
6410105	1041002	1040105	灰羽·零度	5	1001	灰羽·灰鸦小队 基地服系列——比安卡·零度	为所有和灰鸦小队结下羁绊的构造体们量身定做的制服，也是出席基地中各种重要仪式活动时的正式着装。	Assets/Product/Texture/Image/IconToolsSp/Clo10410070102Sp.png	Assets/Product/Texture/Image/IconTools/Clo10410070102.png	[10018]	104295	32	21	Assets/Product/Texture/Image/Role/RoleHeadAolisuo.png	Assets/Product/Texture/Image/Role/RoleHeadAolisuo6.png	Assets/Product/Texture/Image/Role/RoleHeadAolisuo.png	Assets/Product/Texture/Image/RoleCharacter/RoleHeadAolisuo1.png	Assets/Product/Texture/Image/RoleCharacter/RoleHeadAolisuo1.png	Assets/Product/Texture/Image/Role/RoleHeadAolisuo3.png	Assets/Product/Texture/Image/Role/RoleHeadAolisuo5.png	Assets/Product/Texture/Image/IconToolsSp/RoleHeadAolisuo2Sp.png	Assets/Product/Texture/Image/IconTools/RoleHeadAolisuo2.png	Assets/Product/Texture/Image/RoleStory/OlisuoNomal01.png	Assets/Product/Texture/Image/RoleCharacterBig/RoleCharacterBigOlisuoNomal01.png	Assets/Product/Texture/Image/RoleCharacter/RoleHeadAolisuo2.png	Assets/Product/Texture/Image/IconCoating/IconCoating6410105.png	Bip001LForearm	Assets/Product/Effect/Prefab/FxR2Bianka/FxR2BiankaPinzhiGuadianBip001LForearm.prefab	12										
6510101	1051001	1050101	泛用式	1	9000	初始系列——七实·风暴	构造体生产出来时配给的服装。	Assets/Product/Texture/Image/IconToolsSp/Clo10510010101Sp.png	Assets/Product/Texture/Image/IconTools/Clo10510010101.png	[19004]	105299	32	3	Assets/Product/Texture/Image/Role/RoleHeadYongyechao.png	Assets/Product/Texture/Image/Role/RoleHeadYongyechao6.png	Assets/Product/Texture/Image/Role/RoleHeadYongyechao.png	Assets/Product/Texture/Image/RoleCharacter/RoleHeadYongyechao1.png	Assets/Product/Texture/Image/RoleCharacter/RoleHeadYongyechao1.png	Assets/Product/Texture/Image/Role/RoleHeadYongyechao3.png	Assets/Product/Texture/Image/Role/RoleHeadYongyechao5.png	Assets/Product/Texture/Image/IconToolsSp/RoleHeadYongyechao2Sp.png	Assets/Product/Texture/Image/IconTools/RoleHeadYongyechao2.png	Assets/Product/Texture/Image/RoleStory/Yongyechaonormal01.png	Assets/Product/Texture/Image/RoleCharacterBig/Yongyechaonormal01.png	Assets/Product/Texture/Image/RoleCharacter/RoleHeadYongyechao2.png	Assets/Product/Texture/Image/IconCoating/IconCoating6310104.png	Bip001LForearm	Assets/Product/Effect/Prefab/FxR2Qishi/FxR2YongyechaoPinzhiGuadianBip001LForearm.prefab	4										
6510102	1051001	1050102	泛用式·改	2	9000	初始系列——七实·风暴	构造体[初阶]解放后，获得权限根据爱好修改的服装。	Assets/Product/Texture/Image/IconToolsSp/Clo10510010102Sp.png	Assets/Product/Texture/Image/IconTools/Clo10510010102.png	[19004]	105298	32	6	Assets/Product/Texture/Image/Role/RoleHeadYongyechao.png	Assets/Product/Texture/Image/Role/RoleHeadYongyechao6.png	Assets/Product/Texture/Image/Role/RoleHeadYongyechao.png	Assets/Product/Texture/Image/RoleCharacter/RoleHeadYongyechao1.png	Assets/Product/Texture/Image/RoleCharacter/RoleHeadYongyechao1.png	Assets/Product/Texture/Image/Role/RoleHeadYongyechao3.png	Assets/Product/Texture/Image/Role/RoleHeadYongyechao5.png	Assets/Product/Texture/Image/IconToolsSp/RoleHeadYongyechao2Sp.png	Assets/Product/Texture/Image/IconTools/RoleHeadYongyechao2.png	Assets/Product/Texture/Image/RoleStory/Yongyechaonormal01.png	Assets/Product/Texture/Image/RoleCharacterBig/Yongyechaonormal01.png	Assets/Product/Texture/Image/RoleCharacter/RoleHeadYongyechao2.png	Assets/Product/Texture/Image/IconCoating/IconCoating6310104.png	Bip001LForearm	Assets/Product/Effect/Prefab/FxR2Qishi/FxR2YongyechaoPinzhiGuadianBip001LForearm.prefab	4										
6510103	1051001	1050103	泛用式·终	2	9000	初始系列——七实·风暴	构造体[高阶]解放后，根据个人意愿修改的服装，完好的体现了本人意识海的特征。	Assets/Product/Texture/Image/IconToolsSp/Clo10510010103Sp.png	Assets/Product/Texture/Image/IconTools/Clo10510010103.png	[19004]	105297	32	9	Assets/Product/Texture/Image/Role/RoleHeadYongyechao.png	Assets/Product/Texture/Image/Role/RoleHeadYongyechao6.png	Assets/Product/Texture/Image/Role/RoleHeadYongyechao.png	Assets/Product/Texture/Image/RoleCharacter/RoleHeadYongyechao1.png	Assets/Product/Texture/Image/RoleCharacter/RoleHeadYongyechao1.png	Assets/Product/Texture/Image/Role/RoleHeadYongyechao3.png	Assets/Product/Texture/Image/Role/RoleHeadYongyechao5.png	Assets/Product/Texture/Image/IconToolsSp/RoleHeadYongyechao2Sp.png	Assets/Product/Texture/Image/IconTools/RoleHeadYongyechao2.png	Assets/Product/Texture/Image/RoleStory/Yongyechaonormal01.png	Assets/Product/Texture/Image/RoleCharacterBig/Yongyechaonormal01.png	Assets/Product/Texture/Image/RoleCharacter/RoleHeadYongyechao2.png	Assets/Product/Texture/Image/IconCoating/IconCoating6310104.png	Bip001LForearm	Assets/Product/Effect/Prefab/FxR2Qishi/FxR2YongyechaoPinzhiGuadianBip001LForearm.prefab	4										
6510104	1051001	1050104	灰羽·风暴	5	1001	灰羽·灰鸦小队 基地服系列——七实·风暴	为所有和灰鸦小队结下羁绊的构造体们量身定做的制服，也是出席基地中各种重要仪式活动时的正式着装。	Assets/Product/Texture/Image/IconToolsSp/Clo10510090102Sp.png	Assets/Product/Texture/Image/IconTools/Clo10510090102.png	[10016]	105296	32	27	Assets/Product/Texture/Image/Role/RoleHeadYongyechao.png	Assets/Product/Texture/Image/Role/RoleHeadYongyechao6.png	Assets/Product/Texture/Image/Role/RoleHeadYongyechao.png	Assets/Product/Texture/Image/RoleCharacter/RoleHeadYongyechao1.png	Assets/Product/Texture/Image/RoleCharacter/RoleHeadYongyechao1.png	Assets/Product/Texture/Image/Role/RoleHeadYongyechao3.png	Assets/Product/Texture/Image/Role/RoleHeadYongyechao5.png	Assets/Product/Texture/Image/IconToolsSp/RoleHeadYongyechao2Sp.png	Assets/Product/Texture/Image/IconTools/RoleHeadYongyechao2.png	Assets/Product/Texture/Image/RoleStory/Yongyechaonormal01.png	Assets/Product/Texture/Image/RoleCharacterBig/Yongyechaonormal01.png	Assets/Product/Texture/Image/RoleCharacter/RoleHeadYongyechao2.png	Assets/Product/Texture/Image/IconCoating/IconCoating6510104.png	Bip001LForearm	Assets/Product/Effect/Prefab/FxR2Qishi/FxR2YongyechaoPinzhiGuadianBip001LForearm.prefab	4										
6610101	1061002	1060101	泛用式	1	9000	初始系列——神威·重能	构造体生产出来时配给的服装。	Assets/Product/Texture/Image/IconToolsSp/Clo10610010101Sp.png	Assets/Product/Texture/Image/IconTools/Clo10610010101.png	[19005]	106299	32	3	Assets/Product/Texture/Image/Role/RoleHeadShenwei.png	Assets/Product/Texture/Image/Role/RoleHeadShenwei6.png	Assets/Product/Texture/Image/Role/RoleHeadShenwei.png	Assets/Product/Texture/Image/RoleCharacter/RoleHeadShenwei1.png	Assets/Product/Texture/Image/RoleCharacter/RoleHeadShenwei1.png	Assets/Product/Texture/Image/Role/RoleHeadShenwei3.png	Assets/Product/Texture/Image/Role/RoleHeadShenwei5.png	Assets/Product/Texture/Image/IconToolsSp/RoleHeadShenwei2Sp.png	Assets/Product/Texture/Image/IconTools/RoleHeadShenwei2.png	Assets/Product/Texture/Image/RoleStory/ShenweiNormal01.png	Assets/Product/Texture/Image/RoleCharacterBig/ShenweiNormal01.png	Assets/Product/Texture/Image/RoleCharacter/RoleHeadShenwei2.png	Assets/Product/Texture/Image/IconCoating/IconCoating6310104.png	Bip001RForearm	Assets/Product/Effect/Prefab/FxR2Shenwei/FxR2ShenweiPinzhiGuadianBip001RForearm.prefab	11										
6610102	1061002	1060102	泛用式·改	2	9000	初始系列——神威·重能	构造体[初阶]解放后，获得权限根据爱好修改的服装。	Assets/Product/Texture/Image/IconToolsSp/Clo10610010102Sp.png	Assets/Product/Texture/Image/IconTools/Clo10610010102.png	[19005]	106298	32	6	Assets/Product/Texture/Image/Role/RoleHeadShenwei.png	Assets/Product/Texture/Image/Role/RoleHeadShenwei6.png	Assets/Product/Texture/Image/Role/RoleHeadShenwei.png	Assets/Product/Texture/Image/RoleCharacter/RoleHeadShenwei1.png	Assets/Product/Texture/Image/RoleCharacter/RoleHeadShenwei1.png	Assets/Product/Texture/Image/Role/RoleHeadShenwei3.png	Assets/Product/Texture/Image/Role/RoleHeadShenwei5.png	Assets/Product/Texture/Image/IconToolsSp/RoleHeadShenwei2Sp.png	Assets/Product/Texture/Image/IconTools/RoleHeadShenwei2.png	Assets/Product/Texture/Image/RoleStory/ShenweiNormal01.png	Assets/Product/Texture/Image/RoleCharacterBig/ShenweiNormal01.png	Assets/Product/Texture/Image/RoleCharacter/RoleHeadShenwei2.png	Assets/Product/Texture/Image/IconCoating/IconCoating6310104.png	Bip001RForearm	Assets/Product/Effect/Prefab/FxR2Shenwei/FxR2ShenweiPinzhiGuadianBip001RForearm.prefab	11										
6610103	1061002	1060103	泛用式·终	2	9000	初始系列——神威·重能	构造体[高阶]解放后，根据个人意愿修改的服装，完好的体现了本人意识海的特征。	Assets/Product/Texture/Image/IconToolsSp/Clo10610010103Sp.png	Assets/Product/Texture/Image/IconTools/Clo10610010103.png	[19005]	106297	32	9	Assets/Product/Texture/Image/Role/RoleHeadShenwei.png	Assets/Product/Texture/Image/Role/RoleHeadShenwei6.png	Assets/Product/Texture/Image/Role/RoleHeadShenwei.png	Assets/Product/Texture/Image/RoleCharacter/RoleHeadShenwei1.png	Assets/Product/Texture/Image/RoleCharacter/RoleHeadShenwei1.png	Assets/Product/Texture/Image/Role/RoleHeadShenwei3.png	Assets/Product/Texture/Image/Role/RoleHeadShenwei5.png	Assets/Product/Texture/Image/IconToolsSp/RoleHeadShenwei2Sp.png	Assets/Product/Texture/Image/IconTools/RoleHeadShenwei2.png	Assets/Product/Texture/Image/RoleStory/ShenweiNormal01.png	Assets/Product/Texture/Image/RoleCharacterBig/ShenweiNormal01.png	Assets/Product/Texture/Image/RoleCharacter/RoleHeadShenwei2.png	Assets/Product/Texture/Image/IconCoating/IconCoating6310104.png	Bip001RForearm	Assets/Product/Effect/Prefab/FxR2Shenwei/FxR2ShenweiPinzhiGuadianBip001RForearm.prefab	11										
6610104	1061002	1060104	终焉讯使	5	1007	深度腐蚀系列——神威·重能	强化了下肢力量，便于在障碍物众多的城市地形中快速穿梭，且具备轻度的过滤能力。	Assets/Product/Texture/Image/IconToolsSp/Clo10610010701Sp.png	Assets/Product/Texture/Image/IconTools/Clo10610010701.png	[10016,80004]	106296	32	21	Assets/Product/Texture/Image/Role/RoleHeadShenwei.png	Assets/Product/Texture/Image/Role/RoleHeadShenwei6.png	Assets/Product/Texture/Image/Role/RoleHeadShenwei.png	Assets/Product/Texture/Image/RoleCharacter/RoleHeadShenwei1.png	Assets/Product/Texture/Image/RoleCharacter/RoleHeadShenwei1.png	Assets/Product/Texture/Image/Role/RoleHeadShenwei3.png	Assets/Product/Texture/Image/Role/RoleHeadShenwei5.png	Assets/Product/Texture/Image/IconToolsSp/RoleHeadShenwei2Sp.png	Assets/Product/Texture/Image/IconTools/RoleHeadShenwei2.png	Assets/Product/Texture/Image/RoleStory/ShenweiNormal01.png	Assets/Product/Texture/Image/RoleCharacterBig/ShenweiNormal01.png	Assets/Product/Texture/Image/RoleCharacter/RoleHeadShenwei2.png	Assets/Product/Texture/Image/IconCoating/IconCoating6610104.png	Bip001RForearm	Assets/Product/Effect/Prefab/FxR2Shenwei/FxR2ShenweiPinzhiGuadianBip001RForearm.prefab	11										
6610105	1061002	1060105	灰羽·重能	5	1001	灰羽·灰鸦小队 基地服系列——神威·重能	为所有和灰鸦小队结下羁绊的构造体们量身定做的制服，也是出席基地中各种重要仪式活动时的正式着装。	Assets/Product/Texture/Image/IconToolsSp/Clo10610010702Sp.png	Assets/Product/Texture/Image/IconTools/Clo10610010702.png	[10016,80004]	106295	32	21	Assets/Product/Texture/Image/Role/RoleHeadShenwei.png	Assets/Product/Texture/Image/Role/RoleHeadShenwei6.png	Assets/Product/Texture/Image/Role/RoleHeadShenwei.png	Assets/Product/Texture/Image/RoleCharacter/RoleHeadShenwei1.png	Assets/Product/Texture/Image/RoleCharacter/RoleHeadShenwei1.png	Assets/Product/Texture/Image/Role/RoleHeadShenwei3.png	Assets/Product/Texture/Image/Role/RoleHeadShenwei5.png	Assets/Product/Texture/Image/IconToolsSp/RoleHeadShenwei2Sp.png	Assets/Product/Texture/Image/IconTools/RoleHeadShenwei2.png	Assets/Product/Texture/Image/RoleStory/ShenweiNormal01.png	Assets/Product/Texture/Image/RoleCharacterBig/ShenweiNormal01.png	Assets/Product/Texture/Image/RoleCharacter/RoleHeadShenwei2.png	Assets/Product/Texture/Image/IconCoating/IconCoating6610105.png	Bip001RForearm	Assets/Product/Effect/Prefab/FxR2Shenwei/FxR2ShenweiPinzhiGuadianBip001RForearm.prefab	11										
6710101	1071002	1070101	泛用式	1	9000	初始系列——卡列尼娜·爆裂	构造体生产出来时配给的服装。	Assets/Product/Texture/Image/IconToolsSp/Clo10710010101Sp.png	Assets/Product/Texture/Image/IconTools/Clo10710010101.png	[19006]	107299	32	3	Assets/Product/Texture/Image/Role/RoleHeadKalie.png	Assets/Product/Texture/Image/Role/RoleHeadKalienina6.png	Assets/Product/Texture/Image/Role/RoleHeadKalie.png	Assets/Product/Texture/Image/RoleCharacter/RoleHeadKalienina1.png	Assets/Product/Texture/Image/RoleCharacter/RoleHeadKalienina1.png	Assets/Product/Texture/Image/Role/RoleHeadKalie3.png	Assets/Product/Texture/Image/Role/RoleHeadKalienina5.png	Assets/Product/Texture/Image/IconToolsSp/RoleHeadKalie2Sp.png	Assets/Product/Texture/Image/IconTools/RoleHeadKalie2.png	Assets/Product/Texture/Image/RoleStory/KalieninaNomal01.png	Assets/Product/Texture/Image/RoleCharacterBig/RoleCharacterBigKalieninaNomal01.png	Assets/Product/Texture/Image/RoleCharacter/RoleHeadKalienina2.png	Assets/Product/Texture/Image/IconCoating/IconCoating6310104.png	Bip001RUpperArm	Assets/Product/Effect/Prefab/FxR2Kalienina/FxR2KalieninaPinzhiGuadianBip001RUpperArm.prefab	10										
6710102	1071002	1070102	泛用式·改	2	9000	初始系列——卡列尼娜·爆裂	构造体[初阶]解放后，获得权限根据爱好修改的服装。	Assets/Product/Texture/Image/IconToolsSp/Clo10710010102Sp.png	Assets/Product/Texture/Image/IconTools/Clo10710010102.png	[19006]	107298	32	6	Assets/Product/Texture/Image/Role/RoleHeadKalie.png	Assets/Product/Texture/Image/Role/RoleHeadKalienina6.png	Assets/Product/Texture/Image/Role/RoleHeadKalie.png	Assets/Product/Texture/Image/RoleCharacter/RoleHeadKalienina1.png	Assets/Product/Texture/Image/RoleCharacter/RoleHeadKalienina1.png	Assets/Product/Texture/Image/Role/RoleHeadKalie3.png	Assets/Product/Texture/Image/Role/RoleHeadKalienina5.png	Assets/Product/Texture/Image/IconToolsSp/RoleHeadKalie2Sp.png	Assets/Product/Texture/Image/IconTools/RoleHeadKalie2.png	Assets/Product/Texture/Image/RoleStory/KalieninaNomal01.png	Assets/Product/Texture/Image/RoleCharacterBig/RoleCharacterBigKalieninaNomal01.png	Assets/Product/Texture/Image/RoleCharacter/RoleHeadKalienina2.png	Assets/Product/Texture/Image/IconCoating/IconCoating6310104.png	Bip001RUpperArm	Assets/Product/Effect/Prefab/FxR2Kalienina/FxR2KalieninaPinzhiGuadianBip001RUpperArm.prefab	10										
6710103	1071002	1070103	泛用式·终	2	9000	初始系列——卡列尼娜·爆裂	构造体[高阶]解放后，根据个人意愿修改的服装，完好的体现了本人意识海的特征。	Assets/Product/Texture/Image/IconToolsSp/Clo10710010103Sp.png	Assets/Product/Texture/Image/IconTools/Clo10710010103.png	[19006]	107297	32	9	Assets/Product/Texture/Image/Role/RoleHeadKalie.png	Assets/Product/Texture/Image/Role/RoleHeadKalienina6.png	Assets/Product/Texture/Image/Role/RoleHeadKalie.png	Assets/Product/Texture/Image/RoleCharacter/RoleHeadKalienina1.png	Assets/Product/Texture/Image/RoleCharacter/RoleHeadKalienina1.png	Assets/Product/Texture/Image/Role/RoleHeadKalie3.png	Assets/Product/Texture/Image/Role/RoleHeadKalienina5.png	Assets/Product/Texture/Image/IconToolsSp/RoleHeadKalie2Sp.png	Assets/Product/Texture/Image/IconTools/RoleHeadKalie2.png	Assets/Product/Texture/Image/RoleStory/KalieninaNomal01.png	Assets/Product/Texture/Image/RoleCharacterBig/RoleCharacterBigKalieninaNomal01.png	Assets/Product/Texture/Image/RoleCharacter/RoleHeadKalienina2.png	Assets/Product/Texture/Image/IconCoating/IconCoating6310104.png	Bip001RUpperArm	Assets/Product/Effect/Prefab/FxR2Kalienina/FxR2KalieninaPinzhiGuadianBip001RUpperArm.prefab	10										
6710104	1071002	1070104	灰羽·爆裂	5	1001	灰羽·灰鸦小队 基地服系列——卡列尼娜·爆裂	为所有和灰鸦小队结下羁绊的构造体们量身定做的制服，也是出席基地中各种重要仪式活动时的正式着装。	Assets/Product/Texture/Image/IconToolsSp/Clo10710020201Sp.png	Assets/Product/Texture/Image/IconTools/Clo10710020201.png	[10016,80004]	107296	32	27	Assets/Product/Texture/Image/Role/RoleHeadKalie.png	Assets/Product/Texture/Image/Role/RoleHeadKalienina6.png	Assets/Product/Texture/Image/Role/RoleHeadKalie.png	Assets/Product/Texture/Image/RoleCharacter/RoleHeadKalienina1.png	Assets/Product/Texture/Image/RoleCharacter/RoleHeadKalienina1.png	Assets/Product/Texture/Image/Role/RoleHeadKalie3.png	Assets/Product/Texture/Image/Role/RoleHeadKalienina5.png	Assets/Product/Texture/Image/IconToolsSp/RoleHeadKalie2Sp.png	Assets/Product/Texture/Image/IconTools/RoleHeadKalie2.png	Assets/Product/Texture/Image/RoleStory/KalieninaNomal01.png	Assets/Product/Texture/Image/RoleCharacterBig/RoleCharacterBigKalieninaNomal01.png	Assets/Product/Texture/Image/RoleCharacter/RoleHeadKalienina2.png	Assets/Product/Texture/Image/IconCoating/IconCoating6710104.png	Bip001RUpperArm	Assets/Product/Effect/Prefab/FxR2Kalienina/FxR2KalieninaPinzhiGuadianBip001RUpperArm.prefab	10										
6710105	1071002	1070105	爆竹声中	5	1014	霓裳系列——卡列尼娜·爆裂	空中花园为女性构造体量身定制的新春限定款服饰。设计参照黄金时代盛行的传统服饰，在保留了战斗便捷性的同时，彰显了少女的俏皮与复古韵味。	Assets/Product/Texture/Image/IconToolsSp/Clo10710029131Sp.png	Assets/Product/Texture/Image/IconTools/Clo10710029131.png	[80004]	107295	32	14	Assets/Product/Texture/Image/Role/RoleHeadKalie.png	Assets/Product/Texture/Image/Role/RoleHeadKalienina6.png	Assets/Product/Texture/Image/Role/RoleHeadKalie.png	Assets/Product/Texture/Image/RoleCharacter/RoleHeadKalienina1.png	Assets/Product/Texture/Image/RoleCharacter/RoleHeadKalienina1.png	Assets/Product/Texture/Image/Role/RoleHeadKalie3.png	Assets/Product/Texture/Image/Role/RoleHeadKalienina5.png	Assets/Product/Texture/Image/IconToolsSp/RoleHeadKalie2Sp.png	Assets/Product/Texture/Image/IconTools/RoleHeadKalie2.png	Assets/Product/Texture/Image/RoleStory/KalieninaNomal01.png	Assets/Product/Texture/Image/RoleCharacterBig/RoleCharacterBigKalieninaNomal01.png	Assets/Product/Texture/Image/RoleCharacter/RoleHeadKalienina2.png	Assets/Product/Texture/Image/IconCoating/IconCoating6710105.png	Bip001RUpperArm	Assets/Product/Effect/Prefab/FxR2Kalienina/FxR2KalieninaPinzhiGuadianBip001RUpperArm.prefab	10										
6810101	1081002	1080101	泛用式	1	9000	初始系列——渡边·夜刃	构造体生产出来时配给的服装。	Assets/Product/Texture/Image/IconToolsSp/Clo10810010101Sp.png	Assets/Product/Texture/Image/IconTools/Clo10810010101.png	[19007]	108299	32	3	Assets/Product/Texture/Image/Role/RoleHeadDubian.png	Assets/Product/Texture/Image/Role/RoleHeadDubian6.png	Assets/Product/Texture/Image/Role/RoleHeadDubian.png	Assets/Product/Texture/Image/RoleCharacter/RoleHeadDubian1.png	Assets/Product/Texture/Image/RoleCharacter/RoleHeadDubian1.png	Assets/Product/Texture/Image/Role/RoleHeadDubian3.png	Assets/Product/Texture/Image/Role/RoleHeadDubian5.png	Assets/Product/Texture/Image/IconToolsSp/RoleHeadDubian2Sp.png	Assets/Product/Texture/Image/IconTools/RoleHeadDubian2.png	Assets/Product/Texture/Image/RoleStory/DubianNormal01.png	Assets/Product/Texture/Image/RoleCharacterBig/RoleCharacterBigDubianNormal01.png	Assets/Product/Texture/Image/RoleCharacter/RoleHeadDubian2.png	Assets/Product/Texture/Image/IconCoating/IconCoating6310104.png	Bip001RForearm	Assets/Product/Effect/Prefab/FxR2Dubian/FxR2DubianPinzhiGuadianBip001RForearm.prefab	9										
6810102	1081002	1080102	泛用式·改	2	9000	初始系列——渡边·夜刃	构造体[初阶]解放后，获得权限根据爱好修改的服装。	Assets/Product/Texture/Image/IconToolsSp/Clo10810010102Sp.png	Assets/Product/Texture/Image/IconTools/Clo10810010102.png	[19007]	108298	32	6	Assets/Product/Texture/Image/Role/RoleHeadDubian.png	Assets/Product/Texture/Image/Role/RoleHeadDubian6.png	Assets/Product/Texture/Image/Role/RoleHeadDubian.png	Assets/Product/Texture/Image/RoleCharacter/RoleHeadDubian1.png	Assets/Product/Texture/Image/RoleCharacter/RoleHeadDubian1.png	Assets/Product/Texture/Image/Role/RoleHeadDubian3.png	Assets/Product/Texture/Image/Role/RoleHeadDubian5.png	Assets/Product/Texture/Image/IconToolsSp/RoleHeadDubian2Sp.png	Assets/Product/Texture/Image/IconTools/RoleHeadDubian2.png	Assets/Product/Texture/Image/RoleStory/DubianNormal01.png	Assets/Product/Texture/Image/RoleCharacterBig/RoleCharacterBigDubianNormal01.png	Assets/Product/Texture/Image/RoleCharacter/RoleHeadDubian2.png	Assets/Product/Texture/Image/IconCoating/IconCoating6310104.png	Bip001RForearm	Assets/Product/Effect/Prefab/FxR2Dubian/FxR2DubianPinzhiGuadianBip001RForearm.prefab	9										
6810103	1081002	1080103	泛用式·终	2	9000	初始系列——渡边·夜刃	构造体[高阶]解放后，根据个人意愿修改的服装，完好的体现了本人意识海的特征。	Assets/Product/Texture/Image/IconToolsSp/Clo10810010103Sp.png	Assets/Product/Texture/Image/IconTools/Clo10810010103.png	[19007]	108297	32	9	Assets/Product/Texture/Image/Role/RoleHeadDubian.png	Assets/Product/Texture/Image/Role/RoleHeadDubian6.png	Assets/Product/Texture/Image/Role/RoleHeadDubian.png	Assets/Product/Texture/Image/RoleCharacter/RoleHeadDubian1.png	Assets/Product/Texture/Image/RoleCharacter/RoleHeadDubian1.png	Assets/Product/Texture/Image/Role/RoleHeadDubian3.png	Assets/Product/Texture/Image/Role/RoleHeadDubian5.png	Assets/Product/Texture/Image/IconToolsSp/RoleHeadDubian2Sp.png	Assets/Product/Texture/Image/IconTools/RoleHeadDubian2.png	Assets/Product/Texture/Image/RoleStory/DubianNormal01.png	Assets/Product/Texture/Image/RoleCharacterBig/RoleCharacterBigDubianNormal01.png	Assets/Product/Texture/Image/RoleCharacter/RoleHeadDubian2.png	Assets/Product/Texture/Image/IconCoating/IconCoating6310104.png	Bip001RForearm	Assets/Product/Effect/Prefab/FxR2Dubian/FxR2DubianPinzhiGuadianBip001RForearm.prefab	9										
6810104	1081002	1080104	灰羽·夜刃	5	1001	灰羽·灰鸦小队 基地服系列——渡边·夜刃	为所有和灰鸦小队结下羁绊的构造体们量身定做的制服，也是出席基地中各种重要仪式活动时的正式着装。	Assets/Product/Texture/Image/IconToolsSp/Clo10810020201Sp.png	Assets/Product/Texture/Image/IconTools/Clo10810020201.png	[10016,80004]	108296	32	21	Assets/Product/Texture/Image/Role/RoleHeadDubian.png	Assets/Product/Texture/Image/Role/RoleHeadDubian6.png	Assets/Product/Texture/Image/Role/RoleHeadDubian.png	Assets/Product/Texture/Image/RoleCharacter/RoleHeadDubian1.png	Assets/Product/Texture/Image/RoleCharacter/RoleHeadDubian1.png	Assets/Product/Texture/Image/Role/RoleHeadDubian3.png	Assets/Product/Texture/Image/Role/RoleHeadDubian5.png	Assets/Product/Texture/Image/IconToolsSp/RoleHeadDubian2Sp.png	Assets/Product/Texture/Image/IconTools/RoleHeadDubian2.png	Assets/Product/Texture/Image/RoleStory/DubianNormal01.png	Assets/Product/Texture/Image/RoleCharacterBig/RoleCharacterBigDubianNormal01.png	Assets/Product/Texture/Image/RoleCharacter/RoleHeadDubian2.png	Assets/Product/Texture/Image/IconCoating/IconCoating6810104.png	Bip001RForearm	Assets/Product/Effect/Prefab/FxR2Dubian/FxR2DubianPinzhiGuadianBip001RForearm.prefab	9										
6310201	1031002	1030201	泛用式	1	9000	初始系列——丽芙·流光	构造体生产出来时配给的服装。	Assets/Product/Texture/Image/IconToolsSp/Clo10310020101Sp.png	Assets/Product/Texture/Image/IconTools/Clo10310020101.png	[19009]	103299	32	3	Assets/Product/Texture/Image/Role/RoleHeadLifuS.png	Assets/Product/Texture/Image/Role/RoleHeadLifu6S.png	Assets/Product/Texture/Image/Role/RoleHeadLifuS.png	Assets/Product/Texture/Image/RoleCharacter/RoleHeadLifu1S.png	Assets/Product/Texture/Image/RoleCharacter/RoleHeadLifu1S.png	Assets/Product/Texture/Image/Role/RoleHeadLifu3S.png	Assets/Product/Texture/Image/Role/RoleHeadLifu5S.png	Assets/Product/Texture/Image/IconToolsSp/RoleHeadLifu2SSp.png	Assets/Product/Texture/Image/IconTools/RoleHeadLifu2S.png	Assets/Product/Texture/Image/RoleStory/R2LifuNormal01.png	Assets/Product/Texture/Image/RoleCharacterBig/RoleCharacterBigR2LifuNormal01.png	Assets/Product/Texture/Image/RoleCharacter/RoleHeadLifu2S.png	Assets/Product/Texture/Image/IconCoating/IconCoating6310104.png	Bip001RForearm	Assets/Product/Effect/Prefab/FxR2LifuPrefab/Common/FxR2LifuPinzhiGuadianBip001RForearm.prefab	5										
6310202	1031002	1030202	泛用式·改	2	9000	初始系列——丽芙·流光	构造体[初阶]解放后，获得权限根据爱好修改的服装。	Assets/Product/Texture/Image/IconToolsSp/Clo10310020102Sp.png	Assets/Product/Texture/Image/IconTools/Clo10310020102.png	[19009]	103298	32	6	Assets/Product/Texture/Image/Role/RoleHeadLifuS.png	Assets/Product/Texture/Image/Role/RoleHeadLifu6S.png	Assets/Product/Texture/Image/Role/RoleHeadLifuS.png	Assets/Product/Texture/Image/RoleCharacter/RoleHeadLifu1S.png	Assets/Product/Texture/Image/RoleCharacter/RoleHeadLifu1S.png	Assets/Product/Texture/Image/Role/RoleHeadLifu3S.png	Assets/Product/Texture/Image/Role/RoleHeadLifu5S.png	Assets/Product/Texture/Image/IconToolsSp/RoleHeadLifu2SSp.png	Assets/Product/Texture/Image/IconTools/RoleHeadLifu2S.png	Assets/Product/Texture/Image/RoleStory/R2LifuNormal01.png	Assets/Product/Texture/Image/RoleCharacterBig/RoleCharacterBigR2LifuNormal01.png	Assets/Product/Texture/Image/RoleCharacter/RoleHeadLifu2S.png	Assets/Product/Texture/Image/IconCoating/IconCoating6310104.png	Bip001RForearm	Assets/Product/Effect/Prefab/FxR2LifuPrefab/Common/FxR2LifuPinzhiGuadianBip001RForearm.prefab	5										
6310203	1031002	1030203	泛用式·终	2	9000	初始系列——丽芙·流光	构造体[高阶]解放后，根据个人意愿修改的服装，完好的体现了本人意识海的特征。	Assets/Product/Texture/Image/IconToolsSp/Clo10310020103Sp.png	Assets/Product/Texture/Image/IconTools/Clo10310020103.png	[19009]	103297	32	9	Assets/Product/Texture/Image/Role/RoleHeadLifuS.png	Assets/Product/Texture/Image/Role/RoleHeadLifu6S.png	Assets/Product/Texture/Image/Role/RoleHeadLifuS.png	Assets/Product/Texture/Image/RoleCharacter/RoleHeadLifu1S.png	Assets/Product/Texture/Image/RoleCharacter/RoleHeadLifu1S.png	Assets/Product/Texture/Image/Role/RoleHeadLifu3S.png	Assets/Product/Texture/Image/Role/RoleHeadLifu5S.png	Assets/Product/Texture/Image/IconToolsSp/RoleHeadLifu2SSp.png	Assets/Product/Texture/Image/IconTools/RoleHeadLifu2S.png	Assets/Product/Texture/Image/RoleStory/R2LifuNormal01.png	Assets/Product/Texture/Image/RoleCharacterBig/RoleCharacterBigR2LifuNormal01.png	Assets/Product/Texture/Image/RoleCharacter/RoleHeadLifu2S.png	Assets/Product/Texture/Image/IconCoating/IconCoating6310104.png	Bip001RForearm	Assets/Product/Effect/Prefab/FxR2LifuPrefab/Common/FxR2LifuPinzhiGuadianBip001RForearm.prefab	5										
6310204	1031002	1030204	灰羽·流光	5	1001	灰羽·灰鸦小队 基地服系列——丽芙·流光	为所有和灰鸦小队结下羁绊的构造体们量身定做的制服，也是出席基地中各种重要仪式活动时的正式着装。	Assets/Product/Texture/Image/IconToolsSp/Clo10310020201Sp.png	Assets/Product/Texture/Image/IconTools/Clo10310020201.png	[10016,80004]	103296	32	33	Assets/Product/Texture/Image/Role/RoleHeadLifuS.png	Assets/Product/Texture/Image/Role/RoleHeadLifu6S.png	Assets/Product/Texture/Image/Role/RoleHeadLifuS.png	Assets/Product/Texture/Image/RoleCharacter/RoleHeadLifu1S.png	Assets/Product/Texture/Image/RoleCharacter/RoleHeadLifu1S.png	Assets/Product/Texture/Image/Role/RoleHeadLifu3S.png	Assets/Product/Texture/Image/Role/RoleHeadLifu5S.png	Assets/Product/Texture/Image/IconToolsSp/RoleHeadLifu2SSp.png	Assets/Product/Texture/Image/IconTools/RoleHeadLifu2S.png	Assets/Product/Texture/Image/RoleStory/R2LifuNormal01.png	Assets/Product/Texture/Image/RoleCharacterBig/RoleCharacterBigR2LifuNormal01.png	Assets/Product/Texture/Image/RoleCharacter/RoleHeadLifu2S.png	Assets/Product/Texture/Image/IconCoating/IconCoating6310204.png	Bip001RForearm	Assets/Product/Effect/Prefab/FxR2LifuPrefab/Common/FxR2LifuPinzhiGuadianBip001RForearm.prefab	5										
6310205	1031002	1030205	纺光同尘	6	1019	圣誓系列——丽芙·流光	光流长空，万里同尘。 希冀着被采撷的初绽花蕾，希求着能被察觉的、不会输给任何人的心意，纺光同尘，如梭岁月，这幅身姿便是为此而存在的。	Assets/Product/Texture/Image/IconToolsSp/Clo10310029191Sp.png	Assets/Product/Texture/Image/IconTools/Clo10310029191.png		103295	32	84	Assets/Product/Texture/Image/Role/RoleHeadLifuS.png	Assets/Product/Texture/Image/Role/RoleHeadLifu6S.png	Assets/Product/Texture/Image/Role/RoleHeadSquare6310205.png	Assets/Product/Texture/Image/RoleCharacter/RoleHeadLifu1S.png	Assets/Product/Texture/Image/RoleCharacter/RoleHead6310205.png	Assets/Product/Texture/Image/Role/RoleHeadSquare6310205.png	Assets/Product/Texture/Image/Role/RoleHeadLifu5S.png	Assets/Product/Texture/Image/IconToolsSp/RoleHeadLifu2SSp.png	Assets/Product/Texture/Image/IconTools/RoleHeadLifu2S.png	Assets/Product/Texture/Image/RoleStory/R2LifuNormal01.png	Assets/Product/Texture/Image/RoleCharacterBig/RoleCharacterBigR2LifuNormal01.png	Assets/Product/Texture/Image/RoleCharacter/RoleHeadLifu2S.png	Assets/Product/Texture/Image/IconCoating/IconCoating6310205.png	Bip001RForearm	Assets/Product/Effect/Prefab/FxR2LifuPrefab/R2LifuMd019191/FxR2LifuPinzhiGuadianBip001RForearmH.prefab	86	9010220									
6310206	1031002	1030206	垂露芳馥	5	1029	游诗歌谣系列——丽芙·流光	以百合花为主题专门定制的涂装。圣洁，高雅，祝福，纯真……对百合花，人们从来都不吝赞许。但当它开在战场上时，那份坚韧属于战士。	Assets/Product/Texture/Image/IconToolsSp/Clo10310019021Sp.png	Assets/Product/Texture/Image/IconTools/Clo10310019021.png	[80035]	103294	32	14	Assets/Product/Texture/Image/Role/RoleHeadLifuS.png	Assets/Product/Texture/Image/Role/RoleHeadLifu6S.png	Assets/Product/Texture/Image/Role/RoleHeadSquare6310205.png	Assets/Product/Texture/Image/RoleCharacter/RoleHeadLifu1S.png	Assets/Product/Texture/Image/RoleCharacter/RoleHead6310205.png	Assets/Product/Texture/Image/Role/RoleHeadLifu3S.png	Assets/Product/Texture/Image/Role/RoleHeadLifu5S.png	Assets/Product/Texture/Image/IconToolsSp/RoleHeadLifu2SSp.png	Assets/Product/Texture/Image/IconTools/RoleHeadLifu2S.png	Assets/Product/Texture/Image/RoleStory/R2LifuNormal01.png	Assets/Product/Texture/Image/RoleCharacterBig/RoleCharacterBigR2LifuNormal01.png	Assets/Product/Texture/Image/RoleCharacter/RoleHeadLifu2S.png	Assets/Product/Texture/Image/IconCoating/IconCoating6310206.png	Bip001RForearm	Assets/Product/Effect/Prefab/FxR2LifuPrefab/Common/FxR2LifuPinzhiGuadianBip001RForearm.prefab	5										
6903201	1031002	11030201	春风浅	5	1022	时节系列——丽芙·流光	早莺竹间跳，风穿树间春初浅，落樱闲返枝。	Assets/Product/Texture/Image/IconToolsSp/Clo10210039221Sp.png	Assets/Product/Texture/Image/IconTools/Clo10210039221.png	[80015]	103294	32	14	Assets/Product/Texture/Image/Role/RoleHeadLifuS.png	Assets/Product/Texture/Image/Role/RoleHeadLifu6S.png	Assets/Product/Texture/Image/Role/RoleHeadLifuS.png	Assets/Product/Texture/Image/RoleCharacter/RoleHeadLifu1S.png	Assets/Product/Texture/Image/RoleCharacter/RoleHeadLifu1S.png	Assets/Product/Texture/Image/Role/RoleHeadLifu3S.png	Assets/Product/Texture/Image/Role/RoleHeadLifu5S.png	Assets/Product/Texture/Image/IconToolsSp/RoleHeadLifu2SSp.png	Assets/Product/Texture/Image/IconTools/RoleHeadLifu2S.png	Assets/Product/Texture/Image/RoleStory/R2LifuNormal01.png	Assets/Product/Texture/Image/RoleCharacterBig/RoleCharacterBigR2LifuNormal01.png	Assets/Product/Texture/Image/RoleCharacter/RoleHeadLifu2S.png	Assets/Product/Texture/Image/IconCoating/IconCoating6903201.png	Bip001RForearm	Assets/Product/Effect/Prefab/FxR2LifuPrefab/Common/FxR2LifuPinzhiGuadianBip001RForearm.prefab	5										
6210201	1021002	1020201	泛用式	1	9000	初始系列——露西亚·黎明	构造体生产出来时配给的服装。	Assets/Product/Texture/Image/IconToolsSp/Clo10210020101Sp.png	Assets/Product/Texture/Image/IconTools/Clo10210020101.png	[19008]	102299	32	3	Assets/Product/Texture/Image/Role/RoleHeadluxiyaS.png	Assets/Product/Texture/Image/Role/RoleHeadluxiya6S.png	Assets/Product/Texture/Image/Role/RoleHeadluxiyaS.png	Assets/Product/Texture/Image/RoleCharacter/RoleHeadluxiya1S.png	Assets/Product/Texture/Image/RoleCharacter/RoleHeadluxiya1S.png	Assets/Product/Texture/Image/Role/RoleHeadluxiya3S.png	Assets/Product/Texture/Image/Role/RoleHeadluxiya5S.png	Assets/Product/Texture/Image/IconToolsSp/RoleHeadluxiya2SSp.png	Assets/Product/Texture/Image/IconTools/RoleHeadluxiya2S.png	Assets/Product/Texture/Image/RoleStory/R2LuxiyaNormal01.png	Assets/Product/Texture/Image/RoleCharacterBig/RoleCharacterBigR2LuxiyaNormal01.png	Assets/Product/Texture/Image/RoleCharacter/RoleHeadluxiya2S.png	Assets/Product/Texture/Image/IconCoating/IconCoating6310104.png	Bip001RUpperArm	Assets/Product/Effect/Prefab/FxR2Luxiya/FxR2LuxiyaPinzhiGuadianBip001RUpperArm.prefab	6										
6210202	1021002	1020202	泛用式·改	2	9000	初始系列——露西亚·黎明	构造体[初阶]解放后，获得权限根据爱好修改的服装。	Assets/Product/Texture/Image/IconToolsSp/Clo10210020102Sp.png	Assets/Product/Texture/Image/IconTools/Clo10210020102.png	[19008]	102298	32	6	Assets/Product/Texture/Image/Role/RoleHeadluxiyaS.png	Assets/Product/Texture/Image/Role/RoleHeadluxiya6S.png	Assets/Product/Texture/Image/Role/RoleHeadluxiyaS.png	Assets/Product/Texture/Image/RoleCharacter/RoleHeadluxiya1S.png	Assets/Product/Texture/Image/RoleCharacter/RoleHeadluxiya1S.png	Assets/Product/Texture/Image/Role/RoleHeadluxiya3S.png	Assets/Product/Texture/Image/Role/RoleHeadluxiya5S.png	Assets/Product/Texture/Image/IconToolsSp/RoleHeadluxiya2SSp.png	Assets/Product/Texture/Image/IconTools/RoleHeadluxiya2S.png	Assets/Product/Texture/Image/RoleStory/R2LuxiyaNormal01.png	Assets/Product/Texture/Image/RoleCharacterBig/RoleCharacterBigR2LuxiyaNormal01.png	Assets/Product/Texture/Image/RoleCharacter/RoleHeadluxiya2S.png	Assets/Product/Texture/Image/IconCoating/IconCoating6310104.png	Bip001RUpperArm	Assets/Product/Effect/Prefab/FxR2Luxiya/FxR2LuxiyaPinzhiGuadianBip001RUpperArm.prefab	6										
6210203	1021002	1020203	泛用式·终	2	9000	初始系列——露西亚·黎明	构造体[高阶]解放后，根据个人意愿修改的服装，完好的体现了本人意识海的特征。	Assets/Product/Texture/Image/IconToolsSp/Clo10210020103Sp.png	Assets/Product/Texture/Image/IconTools/Clo10210020103.png	[19008]	102297	32	9	Assets/Product/Texture/Image/Role/RoleHeadluxiyaS.png	Assets/Product/Texture/Image/Role/RoleHeadluxiya6S.png	Assets/Product/Texture/Image/Role/RoleHeadluxiyaS.png	Assets/Product/Texture/Image/RoleCharacter/RoleHeadluxiya1S.png	Assets/Product/Texture/Image/RoleCharacter/RoleHeadluxiya1S.png	Assets/Product/Texture/Image/Role/RoleHeadluxiya3S.png	Assets/Product/Texture/Image/Role/RoleHeadluxiya5S.png	Assets/Product/Texture/Image/IconToolsSp/RoleHeadluxiya2SSp.png	Assets/Product/Texture/Image/IconTools/RoleHeadluxiya2S.png	Assets/Product/Texture/Image/RoleStory/R2LuxiyaNormal01.png	Assets/Product/Texture/Image/RoleCharacterBig/RoleCharacterBigR2LuxiyaNormal01.png	Assets/Product/Texture/Image/RoleCharacter/RoleHeadluxiya2S.png	Assets/Product/Texture/Image/IconCoating/IconCoating6310104.png	Bip001RUpperArm	Assets/Product/Effect/Prefab/FxR2Luxiya/FxR2LuxiyaPinzhiGuadianBip001RUpperArm.prefab	6										
6210204	1021002	1020204	哥特机兵	5	1007	深度腐蚀系列——露西亚·黎明	她的战斗风格残酷而优雅，作为高位选手，却有不少人幻想成为她新的主人，带她远走高飞。	Assets/Product/Texture/Image/IconToolsSp/Clo10210020701Sp.png	Assets/Product/Texture/Image/IconTools/Clo10210020701.png	[10016,80004]	102296	32	33	Assets/Product/Texture/Image/Role/RoleHeadluxiyaS.png	Assets/Product/Texture/Image/Role/RoleHeadluxiya6S.png	Assets/Product/Texture/Image/Role/RoleHeadluxiyaS.png	Assets/Product/Texture/Image/RoleCharacter/RoleHeadluxiya1S.png	Assets/Product/Texture/Image/RoleCharacter/RoleHeadluxiya1S.png	Assets/Product/Texture/Image/Role/RoleHeadluxiya3S.png	Assets/Product/Texture/Image/Role/RoleHeadluxiya5S.png	Assets/Product/Texture/Image/IconToolsSp/RoleHeadluxiya2SSp.png	Assets/Product/Texture/Image/IconTools/RoleHeadluxiya2S.png	Assets/Product/Texture/Image/RoleStory/R2LuxiyaNormal01.png	Assets/Product/Texture/Image/RoleCharacterBig/RoleCharacterBigR2LuxiyaNormal01.png	Assets/Product/Texture/Image/RoleCharacter/RoleHeadluxiya2S.png	Assets/Product/Texture/Image/IconCoating/IconCoating6210204.png	Bip001RUpperArm	Assets/Product/Effect/Prefab/FxR2Luxiya/FxR2LuxiyaPinzhiGuadianBip001RUpperArm.prefab	6										
6210205	1021002	1020205	灰羽·黎明	5	1001	灰羽·灰鸦小队 基地服系列——露西亚·黎明	为所有和灰鸦小队结下羁绊的构造体们量身定做的制服，也是出席基地中各种重要仪式活动时的正式着装。	Assets/Product/Texture/Image/IconToolsSp/Clo10210020201Sp.png	Assets/Product/Texture/Image/IconTools/Clo10210020201.png	[10016,80004]	102295	32	33	Assets/Product/Texture/Image/Role/RoleHeadluxiyaS.png	Assets/Product/Texture/Image/Role/RoleHeadluxiya6S.png	Assets/Product/Texture/Image/Role/RoleHeadluxiyaS.png	Assets/Product/Texture/Image/RoleCharacter/RoleHeadluxiya1S.png	Assets/Product/Texture/Image/RoleCharacter/RoleHeadluxiya1S.png	Assets/Product/Texture/Image/Role/RoleHeadluxiya3S.png	Assets/Product/Texture/Image/Role/RoleHeadluxiya5S.png	Assets/Product/Texture/Image/IconToolsSp/RoleHeadluxiya2SSp.png	Assets/Product/Texture/Image/IconTools/RoleHeadluxiya2S.png	Assets/Product/Texture/Image/RoleStory/R2LuxiyaNormal01.png	Assets/Product/Texture/Image/RoleCharacterBig/RoleCharacterBigR2LuxiyaNormal01.png	Assets/Product/Texture/Image/RoleCharacter/RoleHeadluxiya2S.png	Assets/Product/Texture/Image/IconCoating/IconCoating6210205.png	Bip001RUpperArm	Assets/Product/Effect/Prefab/FxR2Luxiya/FxR2LuxiyaPinzhiGuadianBip001RUpperArm.prefab	6										
6210206	1021002	1020206	伊甸假日	5	1017	喜欢你系列——露西亚·黎明	空中花园广受年轻人好评的潮牌出品的日常款服饰，是露西亚特意为与指挥官一同度过休息日而准备的。该服装不仅配有便于行动的外饰配置，且附赠一台复古电子相机，随时记录喜爱事物。	Assets/Product/Texture/Image/IconToolsSp/Clo10210029171Sp.png	Assets/Product/Texture/Image/IconTools/Clo10210029171.png	[80004]	102294	32	12	Assets/Product/Texture/Image/Role/RoleHeadluxiyaS.png	Assets/Product/Texture/Image/Role/RoleHeadluxiya6S.png	Assets/Product/Texture/Image/Role/RoleHeadluxiyaS.png	Assets/Product/Texture/Image/RoleCharacter/RoleHeadluxiya1S.png	Assets/Product/Texture/Image/RoleCharacter/RoleHeadluxiya1S.png	Assets/Product/Texture/Image/Role/RoleHeadluxiya3S.png	Assets/Product/Texture/Image/Role/RoleHeadluxiya5S.png	Assets/Product/Texture/Image/IconToolsSp/RoleHeadluxiya2SSp.png	Assets/Product/Texture/Image/IconTools/RoleHeadluxiya2S.png	Assets/Product/Texture/Image/RoleStory/R2LuxiyaNormal01.png	Assets/Product/Texture/Image/RoleCharacterBig/RoleCharacterBigR2LuxiyaNormal01.png	Assets/Product/Texture/Image/RoleCharacter/RoleHeadluxiya2S.png	Assets/Product/Texture/Image/IconCoating/IconCoating6210206.png	Bip001RUpperArm	Assets/Product/Effect/Prefab/FxR2Luxiya/FxR2LuxiyaPinzhiGuadianBip001RUpperArm.prefab	6										
6310301	1031003	1030301	泛用式	1	9000	初始系列——丽芙·仰光	构造体生产出来时配给的服装。	Assets/Product/Texture/Image/IconToolsSp/Clo10310030101Sp.png	Assets/Product/Texture/Image/IconTools/Clo10310030101.png	[19011]	103399	32	3	Assets/Product/Texture/Image/Role/RoleHeadLifuSS.png	Assets/Product/Texture/Image/Role/RoleHeadLifu6SS.png	Assets/Product/Texture/Image/Role/RoleHeadLifuSS.png	Assets/Product/Texture/Image/RoleCharacter/RoleHeadLifu1SS.png	Assets/Product/Texture/Image/RoleCharacter/RoleHeadLifu1SS.png	Assets/Product/Texture/Image/Role/RoleHeadLifu3SS.png	Assets/Product/Texture/Image/Role/RoleHeadLifu5SS.png	Assets/Product/Texture/Image/IconToolsSp/RoleHeadLifu2SSSp.png	Assets/Product/Texture/Image/IconTools/RoleHeadLifu2SS.png	Assets/Product/Texture/Image/RoleStory/R3LifuNormal01.png	Assets/Product/Texture/Image/RoleCharacterBig/RoleCharacterBigR3LifuNormal01.png	Assets/Product/Texture/Image/RoleCharacter/RoleHeadLifu2SS.png	Assets/Product/Texture/Image/IconCoating/IconCoating6310104.png	Bip001RUpperArm	Assets/Product/Effect/Prefab/FxR3LifuPrefab/Common/FxR3LifuPinzhiGuadianBip001RUpperArm.prefab	7										
6310302	1031003	1030302	泛用式·改	2	9000	初始系列——丽芙·仰光	构造体[初阶]解放后，获得权限根据爱好修改的服装。	Assets/Product/Texture/Image/IconToolsSp/Clo10310030102Sp.png	Assets/Product/Texture/Image/IconTools/Clo10310030102.png	[19011]	103398	32	6	Assets/Product/Texture/Image/Role/RoleHeadLifuSS.png	Assets/Product/Texture/Image/Role/RoleHeadLifu6SS.png	Assets/Product/Texture/Image/Role/RoleHeadLifuSS.png	Assets/Product/Texture/Image/RoleCharacter/RoleHeadLifu1SS.png	Assets/Product/Texture/Image/RoleCharacter/RoleHeadLifu1SS.png	Assets/Product/Texture/Image/Role/RoleHeadLifu3SS.png	Assets/Product/Texture/Image/Role/RoleHeadLifu5SS.png	Assets/Product/Texture/Image/IconToolsSp/RoleHeadLifu2SSSp.png	Assets/Product/Texture/Image/IconTools/RoleHeadLifu2SS.png	Assets/Product/Texture/Image/RoleStory/R3LifuNormal01.png	Assets/Product/Texture/Image/RoleCharacterBig/RoleCharacterBigR3LifuNormal01.png	Assets/Product/Texture/Image/RoleCharacter/RoleHeadLifu2SS.png	Assets/Product/Texture/Image/IconCoating/IconCoating6310104.png	Bip001RUpperArm	Assets/Product/Effect/Prefab/FxR3LifuPrefab/Common/FxR3LifuPinzhiGuadianBip001RUpperArm.prefab	7										
6310303	1031003	1030303	泛用式·终	2	9000	初始系列——丽芙·仰光	构造体[高阶]解放后，根据个人意愿修改的服装，完好的体现了本人意识海的特征。	Assets/Product/Texture/Image/IconToolsSp/Clo10310030103Sp.png	Assets/Product/Texture/Image/IconTools/Clo10310030103.png	[19011]	103397	32	9	Assets/Product/Texture/Image/Role/RoleHeadLifuSS.png	Assets/Product/Texture/Image/Role/RoleHeadLifu6SS.png	Assets/Product/Texture/Image/Role/RoleHeadLifuSS.png	Assets/Product/Texture/Image/RoleCharacter/RoleHeadLifu1SS.png	Assets/Product/Texture/Image/RoleCharacter/RoleHeadLifu1SS.png	Assets/Product/Texture/Image/Role/RoleHeadLifu3SS.png	Assets/Product/Texture/Image/Role/RoleHeadLifu5SS.png	Assets/Product/Texture/Image/IconToolsSp/RoleHeadLifu2SSSp.png	Assets/Product/Texture/Image/IconTools/RoleHeadLifu2SS.png	Assets/Product/Texture/Image/RoleStory/R3LifuNormal01.png	Assets/Product/Texture/Image/RoleCharacterBig/RoleCharacterBigR3LifuNormal01.png	Assets/Product/Texture/Image/RoleCharacter/RoleHeadLifu2SS.png	Assets/Product/Texture/Image/IconCoating/IconCoating6310104.png	Bip001RUpperArm	Assets/Product/Effect/Prefab/FxR3LifuPrefab/Common/FxR3LifuPinzhiGuadianBip001RUpperArm.prefab	7										
6310304	1031003	1030304	骸骨新娘	6	1007	深度腐蚀系列——丽芙·仰光	残破的婚纱裙中包裹着诡异的死亡气息，然而却从未有人能狠心拒绝头纱后那摄人心魄的双眼。	Assets/Product/Texture/Image/IconToolsSp/Clo10310070101Sp.png	Assets/Product/Texture/Image/IconTools/Clo10310070101.png	[10025]	103396	32	84	Assets/Product/Texture/Image/Role/RoleHeadLifuSS.png	Assets/Product/Texture/Image/Role/RoleHeadLifu6SS.png	Assets/Product/Texture/Image/Role/RoleHeadLifuSS.png	Assets/Product/Texture/Image/RoleCharacter/RoleHeadLifu1SS.png	Assets/Product/Texture/Image/RoleCharacter/RoleHeadLifu1SS.png	Assets/Product/Texture/Image/Role/RoleHeadLifu3SS.png	Assets/Product/Texture/Image/Role/RoleHeadLifu5SS.png	Assets/Product/Texture/Image/IconToolsSp/RoleHeadLifu2SSSp.png	Assets/Product/Texture/Image/IconTools/RoleHeadLifu2SS.png	Assets/Product/Texture/Image/RoleStory/R3LifuNormal01.png	Assets/Product/Texture/Image/RoleCharacterBig/RoleCharacterBigR3LifuNormal01.png	Assets/Product/Texture/Image/RoleCharacter/RoleHeadLifu2SS.png	Assets/Product/Texture/Image/IconCoating/IconCoating6310304.png	Bip001RUpperArm	Assets/Product/Effect/Prefab/FxR3LifuPrefab/Common/FxR3LifuPinzhiGuadianBip001RUpperArm.prefab	7										
6310305	1031003	1030305	灰羽·仰光	5	1001	灰羽·灰鸦小队 基地服系列——丽芙·仰光	为所有和灰鸦小队结下羁绊的构造体们量身定做的制服，也是出席基地中各种重要仪式活动时的正式着装。	Assets/Product/Texture/Image/IconToolsSp/Clo10310039011Sp.png	Assets/Product/Texture/Image/IconTools/Clo10310039011.png	[10016,80004]	103395	32	33	Assets/Product/Texture/Image/Role/RoleHeadLifuSS.png	Assets/Product/Texture/Image/Role/RoleHeadLifu6SS.png	Assets/Product/Texture/Image/Role/RoleHeadLifuSS.png	Assets/Product/Texture/Image/RoleCharacter/RoleHeadLifu1SS.png	Assets/Product/Texture/Image/RoleCharacter/RoleHeadLifu1SS.png	Assets/Product/Texture/Image/Role/RoleHeadLifu3SS.png	Assets/Product/Texture/Image/Role/RoleHeadLifu5SS.png	Assets/Product/Texture/Image/IconToolsSp/RoleHeadLifu2SSSp.png	Assets/Product/Texture/Image/IconTools/RoleHeadLifu2SS.png	Assets/Product/Texture/Image/RoleStory/R3LifuNormal01.png	Assets/Product/Texture/Image/RoleCharacterBig/RoleCharacterBigR3LifuNormal01.png	Assets/Product/Texture/Image/RoleCharacter/RoleHeadLifu2SS.png	Assets/Product/Texture/Image/IconCoating/IconCoating6310305.png	Bip001RUpperArm	Assets/Product/Effect/Prefab/FxR3LifuPrefab/Common/FxR3LifuPinzhiGuadianBip001RUpperArm.prefab	7										
6310306	1031003	1030306	深海少女	6	1027	阔海秘闻系列——丽芙·仰光	装载着参考鱼型结构设计出的二型水下机动装置，同时大幅强化了机体抗压性，使丽芙能够在深海中自由行动。	Assets/Product/Texture/Image/IconToolsSp/Clo10310039161Sp.png	Assets/Product/Texture/Image/IconTools/Clo10310039161.png	[80004]	103394	32	84	Assets/Product/Texture/Image/Role/RoleHeadLifuSS.png	Assets/Product/Texture/Image/Role/RoleHeadLifu6SS.png	Assets/Product/Texture/Image/Role/RoleHeadSquare6310306.png	Assets/Product/Texture/Image/RoleCharacter/RoleHeadLifu1SS.png	Assets/Product/Texture/Image/RoleCharacter/RoleHead6310306.png	Assets/Product/Texture/Image/Role/RoleHeadSquare6310306.png	Assets/Product/Texture/Image/Role/RoleHeadLifu5SS.png	Assets/Product/Texture/Image/IconToolsSp/RoleHeadLifu2SSSp.png	Assets/Product/Texture/Image/IconTools/RoleHeadLifu2SS.png	Assets/Product/Texture/Image/RoleStory/R3LifuNormal01.png	Assets/Product/Texture/Image/RoleCharacterBig/RoleCharacterBigR3LifuNormal01.png	Assets/Product/Texture/Image/RoleCharacter/RoleHeadLifu2SS.png	Assets/Product/Texture/Image/IconCoating/IconCoating6310306.png	Bip001RUpperArm	Assets/Product/Effect/Prefab/FxR3LifuPrefab/R3LifuMd019161/FxR3LifuPinzhiGuadianBip001RUpperArmH.prefab	83	9010213									
6310307	1031003	1030307	雪解百合	5	1022	时节系列——丽芙·仰光	向霁雪后的柔蕾寄托不能言明的恋心，倾听与花影共流的温柔私语，这是少女为了有朝一日能与你一同赏花而悄悄准备的盛装。虽然为时尚早，但这幅融雪的春景，她想让你第一个看到。	Assets/Product/Texture/Image/IconToolsSp/Clo10310039221Sp.png	Assets/Product/Texture/Image/IconTools/Clo10310039221.png	[80126]	103393	32	33	Assets/Product/Texture/Image/Role/RoleHeadLifuSS.png	Assets/Product/Texture/Image/Role/RoleHeadLifu6SS.png	Assets/Product/Texture/Image/Role/RoleHeadLifuSS.png	Assets/Product/Texture/Image/RoleCharacter/RoleHeadLifu1SS.png	Assets/Product/Texture/Image/RoleCharacter/RoleHeadLifu1SS.png	Assets/Product/Texture/Image/Role/RoleHeadLifu3SS.png	Assets/Product/Texture/Image/Role/RoleHeadLifu5SS.png	Assets/Product/Texture/Image/IconToolsSp/RoleHeadLifu2SSSp.png	Assets/Product/Texture/Image/IconTools/RoleHeadLifu2SS.png	Assets/Product/Texture/Image/RoleStory/R3LifuNormal01.png	Assets/Product/Texture/Image/RoleCharacterBig/RoleCharacterBigR3LifuNormal01.png	Assets/Product/Texture/Image/RoleCharacter/RoleHeadLifu2SS.png	Assets/Product/Texture/Image/IconCoating/IconCoating6310307.png	Bip001RUpperArm	Assets/Product/Effect/Prefab/FxR3LifuPrefab/Common/FxR3LifuPinzhiGuadianBip001RUpperArm.prefab	7										
6610301	1061003	1060301	泛用式	1	9000	初始系列——神威·暗能	构造体生产出来时配给的服装。	Assets/Product/Texture/Image/IconToolsSp/Clo10610010201Sp.png	Assets/Product/Texture/Image/IconTools/Clo10610010201.png	[19012]	106399	32	3	Assets/Product/Texture/Image/Role/RoleHeadShenweiSS.png	Assets/Product/Texture/Image/Role/RoleHeadShenwei6SS.png	Assets/Product/Texture/Image/Role/RoleHeadShenweiSS.png	Assets/Product/Texture/Image/RoleCharacter/RoleHeadShenwei1SS.png	Assets/Product/Texture/Image/RoleCharacter/RoleHeadShenwei1SS.png	Assets/Product/Texture/Image/Role/RoleHeadShenwei3SS.png	Assets/Product/Texture/Image/Role/RoleHeadShenwei5SS.png	Assets/Product/Texture/Image/IconToolsSp/RoleHeadShenwei2SSSp.png	Assets/Product/Texture/Image/IconTools/RoleHeadShenwei2SS.png	Assets/Product/Texture/Image/RoleStory/R3ShenweiNormal01.png	Assets/Product/Texture/Image/RoleCharacterBig/RoleCharacterBigR3ShenweiNormal01.png	Assets/Product/Texture/Image/RoleCharacter/RoleHeadShenwei2SS.png	Assets/Product/Texture/Image/IconCoating/IconCoating6310104.png	Bip001RForearm	Assets/Product/Effect/Prefab/FxR3ShenweiPrefab/Common/FxR3ShenweiPinzhiGuadianBip001RForearm.prefab	8										
6610302	1061003	1060302	泛用式·改	2	9000	初始系列——神威·暗能	构造体[初阶]解放后，获得权限根据爱好修改的服装。	Assets/Product/Texture/Image/IconToolsSp/Clo10610010202Sp.png	Assets/Product/Texture/Image/IconTools/Clo10610010202.png	[19012]	106398	32	6	Assets/Product/Texture/Image/Role/RoleHeadShenweiSS.png	Assets/Product/Texture/Image/Role/RoleHeadShenwei6SS.png	Assets/Product/Texture/Image/Role/RoleHeadShenweiSS.png	Assets/Product/Texture/Image/RoleCharacter/RoleHeadShenwei1SS.png	Assets/Product/Texture/Image/RoleCharacter/RoleHeadShenwei1SS.png	Assets/Product/Texture/Image/Role/RoleHeadShenwei3SS.png	Assets/Product/Texture/Image/Role/RoleHeadShenwei5SS.png	Assets/Product/Texture/Image/IconToolsSp/RoleHeadShenwei2SSSp.png	Assets/Product/Texture/Image/IconTools/RoleHeadShenwei2SS.png	Assets/Product/Texture/Image/RoleStory/R3ShenweiNormal01.png	Assets/Product/Texture/Image/RoleCharacterBig/RoleCharacterBigR3ShenweiNormal01.png	Assets/Product/Texture/Image/RoleCharacter/RoleHeadShenwei2SS.png	Assets/Product/Texture/Image/IconCoating/IconCoating6310104.png	Bip001RForearm	Assets/Product/Effect/Prefab/FxR3ShenweiPrefab/Common/FxR3ShenweiPinzhiGuadianBip001RForearm.prefab	8										
6610303	1061003	1060303	泛用式·终	2	9000	初始系列——神威·暗能	构造体[高阶]解放后，根据个人意愿修改的服装，完好的体现了本人意识海的特征。	Assets/Product/Texture/Image/IconToolsSp/Clo10610010203Sp.png	Assets/Product/Texture/Image/IconTools/Clo10610010203.png	[19012]	106397	32	9	Assets/Product/Texture/Image/Role/RoleHeadShenweiSS.png	Assets/Product/Texture/Image/Role/RoleHeadShenwei6SS.png	Assets/Product/Texture/Image/Role/RoleHeadShenweiSS.png	Assets/Product/Texture/Image/RoleCharacter/RoleHeadShenwei1SS.png	Assets/Product/Texture/Image/RoleCharacter/RoleHeadShenwei1SS.png	Assets/Product/Texture/Image/Role/RoleHeadShenwei3SS.png	Assets/Product/Texture/Image/Role/RoleHeadShenwei5SS.png	Assets/Product/Texture/Image/IconToolsSp/RoleHeadShenwei2SSSp.png	Assets/Product/Texture/Image/IconTools/RoleHeadShenwei2SS.png	Assets/Product/Texture/Image/RoleStory/R3ShenweiNormal01.png	Assets/Product/Texture/Image/RoleCharacterBig/RoleCharacterBigR3ShenweiNormal01.png	Assets/Product/Texture/Image/RoleCharacter/RoleHeadShenwei2SS.png	Assets/Product/Texture/Image/IconCoating/IconCoating6310104.png	Bip001RForearm	Assets/Product/Effect/Prefab/FxR3ShenweiPrefab/Common/FxR3ShenweiPinzhiGuadianBip001RForearm.prefab	8										
6610304	1061003	1060304	灰羽·暗能	5	1001	灰羽·灰鸦小队 基地服系列——神威·暗能	为所有和灰鸦小队结下羁绊的构造体们量身定做的制服，也是出席基地中各种重要仪式活动时的正式着装。	Assets/Product/Texture/Image/IconToolsSp/Clo10610030201Sp.png	Assets/Product/Texture/Image/IconTools/Clo10610030201.png	[10016,80004]	106396	32	21	Assets/Product/Texture/Image/Role/RoleHeadShenweiSS.png	Assets/Product/Texture/Image/Role/RoleHeadShenwei6SS.png	Assets/Product/Texture/Image/Role/RoleHeadShenweiSS.png	Assets/Product/Texture/Image/RoleCharacter/RoleHeadShenwei1SS.png	Assets/Product/Texture/Image/RoleCharacter/RoleHeadShenwei1SS.png	Assets/Product/Texture/Image/Role/RoleHeadShenwei3SS.png	Assets/Product/Texture/Image/Role/RoleHeadShenwei5SS.png	Assets/Product/Texture/Image/IconToolsSp/RoleHeadShenwei2SSSp.png	Assets/Product/Texture/Image/IconTools/RoleHeadShenwei2SS.png	Assets/Product/Texture/Image/RoleStory/R3ShenweiNormal01.png	Assets/Product/Texture/Image/RoleCharacterBig/RoleCharacterBigR3ShenweiNormal01.png	Assets/Product/Texture/Image/RoleCharacter/RoleHeadShenwei2SS.png	Assets/Product/Texture/Image/IconCoating/IconCoating6610304.png	Bip001RForearm	Assets/Product/Effect/Prefab/FxR3ShenweiPrefab/Common/FxR3ShenweiPinzhiGuadianBip001RForearm.prefab	8										
6610305	1061003	1060305	闇影尖兵	5	1003	地平线系列——神威·暗能	采用尖端的覆体式外骨骼装甲技术设计而成，搭载了数据实时解析目镜，配合手臂埋设的刀刃弹射器，能让神威在任何的驾驶作战行动中都占据优势。	Assets/Product/Texture/Image/IconToolsSp/Clo10610039031Sp.png	Assets/Product/Texture/Image/IconTools/Clo10610039031.png	[10016,80004]	106395	32	21	Assets/Product/Texture/Image/Role/RoleHeadShenweiSS.png	Assets/Product/Texture/Image/Role/RoleHeadShenwei6SS.png	Assets/Product/Texture/Image/Role/RoleHeadShenweiSS.png	Assets/Product/Texture/Image/RoleCharacter/RoleHeadShenwei1SS.png	Assets/Product/Texture/Image/RoleCharacter/RoleHeadShenwei1SS.png	Assets/Product/Texture/Image/Role/RoleHeadShenwei3SS.png	Assets/Product/Texture/Image/Role/RoleHeadShenwei5SS.png	Assets/Product/Texture/Image/IconToolsSp/RoleHeadShenwei2SSSp.png	Assets/Product/Texture/Image/IconTools/RoleHeadShenwei2SS.png	Assets/Product/Texture/Image/RoleStory/R3ShenweiNormal01.png	Assets/Product/Texture/Image/RoleCharacterBig/RoleCharacterBigR3ShenweiNormal01.png	Assets/Product/Texture/Image/RoleCharacter/RoleHeadShenwei2SS.png	Assets/Product/Texture/Image/IconCoating/IconCoating6610305.png	Bip001RForearm	Assets/Product/Effect/Prefab/FxR3ShenweiPrefab/Common/FxR3ShenweiPinzhiGuadianBip001RForearm.prefab	8										
6610306	1061003	1060306	万灵游行	6	1028	放逐乐园系列——神威·暗能	匆匆一瞥便融汇于夜中的身影，以面具藏起的澄澈心境。这是一年一度的诸圣之节，也是可以放下包袱的日子，构造体对死别的认知很淡薄，只要你一直记住他，他就会跨越斯提克斯，再次回归到你身边。	Assets/Product/Texture/Image/IconToolsSp/Clo10610039201Sp.png	Assets/Product/Texture/Image/IconTools/Clo10610039201.png		106394	32	84	Assets/Product/Texture/Image/Role/RoleHeadShenweiSS.png	Assets/Product/Texture/Image/Role/RoleHeadShenwei6SS.png	Assets/Product/Texture/Image/Role/RoleHeadSquare6610306.png	Assets/Product/Texture/Image/RoleCharacter/RoleHeadShenwei1SS.png	Assets/Product/Texture/Image/RoleCharacter/RoleHead6610306.png	Assets/Product/Texture/Image/Role/RoleHeadSquare6610306.png	Assets/Product/Texture/Image/Role/RoleHeadShenwei5SS.png	Assets/Product/Texture/Image/IconToolsSp/RoleHeadShenwei2SSSp.png	Assets/Product/Texture/Image/IconTools/RoleHeadShenwei2SS.png	Assets/Product/Texture/Image/RoleStory/R3ShenweiNormal01.png	Assets/Product/Texture/Image/RoleCharacterBig/RoleCharacterBigR3ShenweiNormal01.png	Assets/Product/Texture/Image/RoleCharacter/RoleHeadShenwei2SS.png	Assets/Product/Texture/Image/IconCoating/IconCoating6610306.png	Bip001RForearm	Assets/Product/Effect/Prefab/FxR3ShenweiPrefab/R3ShenweiMd019201/FxR3ShenweiPinzhiGuadianBip001RForearmH.prefab	81	9010218									
6610307	1061003	1060307	扬威虎将	6	1014	霓裳系列——神威·暗能	得闻虎将啸前军，重剑轻飞万人敌。 为契合使用者张扬的性格，使用了多种大胆的纹印符号。焕然一新的装扮仿佛使其获得了东方神兽的神秘力量，显得更加威风凛凛，活力四射。	Assets/Product/Texture/Image/IconToolsSp/Clo10610039131Sp.png	Assets/Product/Texture/Image/IconTools/Clo10610039131.png	[80048]	106393	32	84	Assets/Product/Texture/Image/Role/RoleHeadShenweiSS.png	Assets/Product/Texture/Image/Role/RoleHeadShenwei6SS.png	Assets/Product/Texture/Image/Role/RoleHeadShenwei9SS.png	Assets/Product/Texture/Image/RoleCharacter/RoleHeadShenwei1SS.png	Assets/Product/Texture/Image/RoleCharacter/RoleHeadShenwei9SS.png	Assets/Product/Texture/Image/Role/RoleHeadShenwei9SS.png	Assets/Product/Texture/Image/Role/RoleHeadShenwei5SS.png	Assets/Product/Texture/Image/IconToolsSp/RoleHeadShenwei2SSSp.png	Assets/Product/Texture/Image/IconTools/RoleHeadShenwei2SS.png	Assets/Product/Texture/Image/RoleStory/R3ShenweiNormal01.png	Assets/Product/Texture/Image/RoleCharacterBig/RoleCharacterBigR3ShenweiNormal01.png	Assets/Product/Texture/Image/RoleCharacter/RoleHeadShenwei2SS.png	Assets/Product/Texture/Image/IconCoating/IconCoating6610307.png	Bip001RForearm	Assets/Product/Effect/Prefab/FxR3ShenweiPrefab/R3ShenweiMd019131/FxR3ShenweiPinzhiGuadianBip001RForearmH.prefab	82	9010234									
6110301	1011003	1010301	泛用式	1	9000	初始系列——里·乱数	构造体生产出来时配给的服装。	Assets/Product/Texture/Image/IconToolsSp/Clo10110030101Sp.png	Assets/Product/Texture/Image/IconTools/Clo10110030101.png	[19010]	101399	32	3	Assets/Product/Texture/Image/Role/RoleHeadLiSS.png	Assets/Product/Texture/Image/Role/RoleHeadLi6SS.png	Assets/Product/Texture/Image/Role/RoleHeadLiSS.png	Assets/Product/Texture/Image/RoleCharacter/RoleHeadLi1SS.png	Assets/Product/Texture/Image/RoleCharacter/RoleHeadLi1SS.png	Assets/Product/Texture/Image/Role/RoleHeadLi3SS.png	Assets/Product/Texture/Image/Role/RoleHeadLi5SS.png	Assets/Product/Texture/Image/IconToolsSp/RoleHeadLi2SSSp.png	Assets/Product/Texture/Image/IconTools/RoleHeadLi2SS.png	Assets/Product/Texture/Image/RoleStory/R3LiangNormal01.png	Assets/Product/Texture/Image/RoleCharacterBig/RoleCharacterBigR3LiangNormal01.png	Assets/Product/Texture/Image/RoleCharacter/RoleHeadLi2SS.png	Assets/Product/Texture/Image/IconCoating/IconCoating6310104.png	Bip001LForearm	Assets/Product/Effect/Prefab/FxR3LiangPrefab/Common/FxR3LiangPinzhiGuadianBip001LForearm.prefab	14										
6110302	1011003	1010302	泛用式·改	2	9000	初始系列——里·乱数	构造体[初阶]解放后，获得权限根据爱好修改的服装。	Assets/Product/Texture/Image/IconToolsSp/Clo10110030102Sp.png	Assets/Product/Texture/Image/IconTools/Clo10110030102.png	[19010]	101398	32	6	Assets/Product/Texture/Image/Role/RoleHeadLiSS.png	Assets/Product/Texture/Image/Role/RoleHeadLi6SS.png	Assets/Product/Texture/Image/Role/RoleHeadLiSS.png	Assets/Product/Texture/Image/RoleCharacter/RoleHeadLi1SS.png	Assets/Product/Texture/Image/RoleCharacter/RoleHeadLi1SS.png	Assets/Product/Texture/Image/Role/RoleHeadLi3SS.png	Assets/Product/Texture/Image/Role/RoleHeadLi5SS.png	Assets/Product/Texture/Image/IconToolsSp/RoleHeadLi2SSSp.png	Assets/Product/Texture/Image/IconTools/RoleHeadLi2SS.png	Assets/Product/Texture/Image/RoleStory/R3LiangNormal01.png	Assets/Product/Texture/Image/RoleCharacterBig/RoleCharacterBigR3LiangNormal01.png	Assets/Product/Texture/Image/RoleCharacter/RoleHeadLi2SS.png	Assets/Product/Texture/Image/IconCoating/IconCoating6310104.png	Bip001LForearm	Assets/Product/Effect/Prefab/FxR3LiangPrefab/Common/FxR3LiangPinzhiGuadianBip001LForearm.prefab	14										
6110303	1011003	1010303	泛用式·终	2	9000	初始系列——里·乱数	构造体[高阶]解放后，根据个人意愿修改的服装，完好的体现了本人意识海的特征。	Assets/Product/Texture/Image/IconToolsSp/Clo10110030103Sp.png	Assets/Product/Texture/Image/IconTools/Clo10110030103.png	[19010]	101397	32	9	Assets/Product/Texture/Image/Role/RoleHeadLiSS.png	Assets/Product/Texture/Image/Role/RoleHeadLi6SS.png	Assets/Product/Texture/Image/Role/RoleHeadLiSS.png	Assets/Product/Texture/Image/RoleCharacter/RoleHeadLi1SS.png	Assets/Product/Texture/Image/RoleCharacter/RoleHeadLi1SS.png	Assets/Product/Texture/Image/Role/RoleHeadLi3SS.png	Assets/Product/Texture/Image/Role/RoleHeadLi5SS.png	Assets/Product/Texture/Image/IconToolsSp/RoleHeadLi2SSSp.png	Assets/Product/Texture/Image/IconTools/RoleHeadLi2SS.png	Assets/Product/Texture/Image/RoleStory/R3LiangNormal01.png	Assets/Product/Texture/Image/RoleCharacterBig/RoleCharacterBigR3LiangNormal01.png	Assets/Product/Texture/Image/RoleCharacter/RoleHeadLi2SS.png	Assets/Product/Texture/Image/IconCoating/IconCoating6310104.png	Bip001LForearm	Assets/Product/Effect/Prefab/FxR3LiangPrefab/Common/FxR3LiangPinzhiGuadianBip001LForearm.prefab	14										
6110304	1011003	1010304	灰羽·乱数	5	1001	灰羽·灰鸦小队 基地服系列——里·乱数	为所有和灰鸦小队结下羁绊的构造体们量身定做的制服，也是出席基地中各种重要仪式活动时的正式着装。	Assets/Product/Texture/Image/IconToolsSp/Clo10110030201Sp.png	Assets/Product/Texture/Image/IconTools/Clo10110030201.png	[10016,80004]	101396	32	21	Assets/Product/Texture/Image/Role/RoleHeadLiSS.png	Assets/Product/Texture/Image/Role/RoleHeadLi6SS.png	Assets/Product/Texture/Image/Role/RoleHeadLiSS.png	Assets/Product/Texture/Image/RoleCharacter/RoleHeadLi1SS.png	Assets/Product/Texture/Image/RoleCharacter/RoleHeadLi1SS.png	Assets/Product/Texture/Image/Role/RoleHeadLi3SS.png	Assets/Product/Texture/Image/Role/RoleHeadLi5SS.png	Assets/Product/Texture/Image/IconToolsSp/RoleHeadLi2SSSp.png	Assets/Product/Texture/Image/IconTools/RoleHeadLi2SS.png	Assets/Product/Texture/Image/RoleStory/R3LiangNormal01.png	Assets/Product/Texture/Image/RoleCharacterBig/RoleCharacterBigR3LiangNormal01.png	Assets/Product/Texture/Image/RoleCharacter/RoleHeadLi2SS.png	Assets/Product/Texture/Image/IconCoating/IconCoating6110304.png	Bip001LForearm	Assets/Product/Effect/Prefab/FxR3LiangPrefab/Common/FxR3LiangPinzhiGuadianBip001LForearm.prefab	14										
6110305	1011003	1010305	终焉灰烬	5	1007	深度腐蚀系列——里·乱数	喉部内置过滤器，合金强化机械臂与收束型腿部装甲，独立光学电子眼，使得目标猎物无处可逃。	Assets/Product/Texture/Image/IconToolsSp/Clo10110030301Sp.png	Assets/Product/Texture/Image/IconTools/Clo10110030301.png	[10016,80004]	101395	32	33	Assets/Product/Texture/Image/Role/RoleHeadLiSS.png	Assets/Product/Texture/Image/Role/RoleHeadLi6SS.png	Assets/Product/Texture/Image/Role/RoleHeadLiSS.png	Assets/Product/Texture/Image/RoleCharacter/RoleHeadLi1SS.png	Assets/Product/Texture/Image/RoleCharacter/RoleHeadLi1SS.png	Assets/Product/Texture/Image/Role/RoleHeadLi3SS.png	Assets/Product/Texture/Image/Role/RoleHeadLi5SS.png	Assets/Product/Texture/Image/IconToolsSp/RoleHeadLi2SSSp.png	Assets/Product/Texture/Image/IconTools/RoleHeadLi2SS.png	Assets/Product/Texture/Image/RoleStory/R3LiangNormal01.png	Assets/Product/Texture/Image/RoleCharacterBig/RoleCharacterBigR3LiangNormal01.png	Assets/Product/Texture/Image/RoleCharacter/RoleHeadLi2SS.png	Assets/Product/Texture/Image/IconCoating/IconCoating6110305.png	Bip001LForearm	Assets/Product/Effect/Prefab/FxR3LiangPrefab/Common/FxR3LiangPinzhiGuadianBip001LForearm.prefab	14										
6110306	1011003	1010306	深海蓝调	6	1027	阔海秘闻系列——里·乱数	流线型的设计有助于减轻深潜的阻力，更好发挥深海作战的能力，装饰帽巾随套装附赠。	Assets/Product/Texture/Image/IconToolsSp/Clo10110039161Sp.png	Assets/Product/Texture/Image/IconTools/Clo10110039161.png	[80004]	101394	32	84	Assets/Product/Texture/Image/Role/RoleHeadLiSS.png	Assets/Product/Texture/Image/Role/RoleHeadLi6SS.png	Assets/Product/Texture/Image/Role/RoleHeadSquare6110306.png	Assets/Product/Texture/Image/RoleCharacter/RoleHeadLi1SS.png	Assets/Product/Texture/Image/RoleCharacter/RoleHead6110306.png	Assets/Product/Texture/Image/Role/RoleHeadSquare6110306.png	Assets/Product/Texture/Image/Role/RoleHeadLi5SS.png	Assets/Product/Texture/Image/IconToolsSp/RoleHeadLi2SSSp.png	Assets/Product/Texture/Image/IconTools/RoleHeadLi2SS.png	Assets/Product/Texture/Image/RoleStory/R3LiangNormal01.png	Assets/Product/Texture/Image/RoleCharacterBig/RoleCharacterBigR3LiangNormal01.png	Assets/Product/Texture/Image/RoleCharacter/RoleHeadLi2SS.png	Assets/Product/Texture/Image/IconCoating/IconCoating6110306.png	Bip001LForearm	Assets/Product/Effect/Prefab/FxR3LiangPrefab/R3LiangMd019161/FxR3LiangPinzhiGuadianBip001LForearmH.prefab	84	9010212									
6110307	1011003	1010307	撷影迷情	6	1009	新生活系列——里·乱数	以魔术掩饰早已准备好的特殊回礼，繁复的技巧捧出绯红的真心，纵使众人因戏法演绎的绚烂惊叹不已，魔术师的目光仅会为心中唯一的观众而停留。现在，他已将回应交予你的手心。	Assets/Product/Texture/Image/IconToolsSp/Clo10110039101Sp.png	Assets/Product/Texture/Image/IconTools/Clo10110039101.png	[80051]	101393	32	84	Assets/Product/Texture/Image/Role/RoleHeadLiSS.png	Assets/Product/Texture/Image/Role/RoleHeadLi6SS.png	Assets/Product/Texture/Image/Role/RoleHeadR3Li8.png	Assets/Product/Texture/Image/RoleCharacter/RoleHeadLi1SS.png	Assets/Product/Texture/Image/RoleCharacter/RoleHeadR3Li8.png	Assets/Product/Texture/Image/Role/RoleHeadR3Li8.png	Assets/Product/Texture/Image/Role/RoleHeadLi5SS.png	Assets/Product/Texture/Image/IconToolsSp/RoleHeadLi2SSSp.png	Assets/Product/Texture/Image/IconTools/RoleHeadLi2SS.png	Assets/Product/Texture/Image/RoleStory/R3LiangNormal01.png	Assets/Product/Texture/Image/RoleCharacterBig/RoleCharacterBigR3LiangNormal01.png	Assets/Product/Texture/Image/RoleCharacter/RoleHeadLi2SS.png	Assets/Product/Texture/Image/IconCoating/IconCoating6110307.png	Bip001LForearm	Assets/Product/Effect/Prefab/FxR3LiangPrefab/R3LiangMd019101/FxR3LiangPinzhiGuadianBip001LForearmH.prefab	85	9010235									
6710301	1071003	1070301	泛用式	1	9000	初始系列——卡列尼娜·烬燃	构造体生产出来时配给的服装。	Assets/Product/Texture/Image/IconToolsSp/Clo10710030101Sp.png	Assets/Product/Texture/Image/IconTools/Clo10710030101.png	[19013]	107399	32	3	Assets/Product/Texture/Image/Role/RoleHeadKalieSS.png	Assets/Product/Texture/Image/Role/RoleHeadKalienina6SS.png	Assets/Product/Texture/Image/Role/RoleHeadKalieSS.png	Assets/Product/Texture/Image/RoleCharacter/RoleHeadKalienina1SS.png	Assets/Product/Texture/Image/RoleCharacter/RoleHeadKalienina1SS.png	Assets/Product/Texture/Image/Role/RoleHeadKalie3SS.png	Assets/Product/Texture/Image/Role/RoleHeadKalienina5SS.png	Assets/Product/Texture/Image/IconToolsSp/RoleHeadKalie2SSSp.png	Assets/Product/Texture/Image/IconTools/RoleHeadKalie2SS.png	Assets/Product/Texture/Image/RoleStory/R3KalieninaNormal01.png	Assets/Product/Texture/Image/RoleCharacterBig/RoleCharacterBigR3KalieninaNormal01.png	Assets/Product/Texture/Image/RoleCharacter/RoleHeadKalienina2SS.png	Assets/Product/Texture/Image/IconCoating/IconCoating6310104.png	Bip001RForearm	Assets/Product/Effect/Prefab/FxR3KalieninaPrefab/Common/FxR3KalieninaPinzhiGuadianBip001RForearm.prefab	13										
6710302	1071003	1070302	泛用式·改	2	9000	初始系列——卡列尼娜·烬燃	构造体[初阶]解放后，获得权限根据爱好修改的服装。	Assets/Product/Texture/Image/IconToolsSp/Clo10710030102Sp.png	Assets/Product/Texture/Image/IconTools/Clo10710030102.png	[19013]	107398	32	6	Assets/Product/Texture/Image/Role/RoleHeadKalieSS.png	Assets/Product/Texture/Image/Role/RoleHeadKalienina6SS.png	Assets/Product/Texture/Image/Role/RoleHeadKalieSS.png	Assets/Product/Texture/Image/RoleCharacter/RoleHeadKalienina1SS.png	Assets/Product/Texture/Image/RoleCharacter/RoleHeadKalienina1SS.png	Assets/Product/Texture/Image/Role/RoleHeadKalie3SS.png	Assets/Product/Texture/Image/Role/RoleHeadKalienina5SS.png	Assets/Product/Texture/Image/IconToolsSp/RoleHeadKalie2SSSp.png	Assets/Product/Texture/Image/IconTools/RoleHeadKalie2SS.png	Assets/Product/Texture/Image/RoleStory/R3KalieninaNormal01.png	Assets/Product/Texture/Image/RoleCharacterBig/RoleCharacterBigR3KalieninaNormal01.png	Assets/Product/Texture/Image/RoleCharacter/RoleHeadKalienina2SS.png	Assets/Product/Texture/Image/IconCoating/IconCoating6310104.png	Bip001RForearm	Assets/Product/Effect/Prefab/FxR3KalieninaPrefab/Common/FxR3KalieninaPinzhiGuadianBip001RForearm.prefab	13										
6710303	1071003	1070303	泛用式·终	2	9000	初始系列——卡列尼娜·烬燃	构造体[高阶]解放后，根据个人意愿修改的服装，完好的体现了本人意识海的特征。	Assets/Product/Texture/Image/IconToolsSp/Clo10710030103Sp.png	Assets/Product/Texture/Image/IconTools/Clo10710030103.png	[19013]	107397	32	9	Assets/Product/Texture/Image/Role/RoleHeadKalieSS.png	Assets/Product/Texture/Image/Role/RoleHeadKalienina6SS.png	Assets/Product/Texture/Image/Role/RoleHeadKalieSS.png	Assets/Product/Texture/Image/RoleCharacter/RoleHeadKalienina1SS.png	Assets/Product/Texture/Image/RoleCharacter/RoleHeadKalienina1SS.png	Assets/Product/Texture/Image/Role/RoleHeadKalie3SS.png	Assets/Product/Texture/Image/Role/RoleHeadKalienina5SS.png	Assets/Product/Texture/Image/IconToolsSp/RoleHeadKalie2SSSp.png	Assets/Product/Texture/Image/IconTools/RoleHeadKalie2SS.png	Assets/Product/Texture/Image/RoleStory/R3KalieninaNormal01.png	Assets/Product/Texture/Image/RoleCharacterBig/RoleCharacterBigR3KalieninaNormal01.png	Assets/Product/Texture/Image/RoleCharacter/RoleHeadKalienina2SS.png	Assets/Product/Texture/Image/IconCoating/IconCoating6310104.png	Bip001RForearm	Assets/Product/Effect/Prefab/FxR3KalieninaPrefab/Common/FxR3KalieninaPinzhiGuadianBip001RForearm.prefab	13										
6710304	1071003	1070304	灰羽·烬燃	5	1001	灰羽·灰鸦小队 基地服系列——卡列尼娜·烬燃	为所有和灰鸦小队结下羁绊的构造体们量身定做的制服，也是出席基地中各种重要仪式活动时的正式着装。	Assets/Product/Texture/Image/IconToolsSp/Clo10710030201Sp.png	Assets/Product/Texture/Image/IconTools/Clo10710030201.png	[10016,80004]	107396	32	27	Assets/Product/Texture/Image/Role/RoleHeadKalieSS.png	Assets/Product/Texture/Image/Role/RoleHeadKalienina6SS.png	Assets/Product/Texture/Image/Role/RoleHeadKalieSS.png	Assets/Product/Texture/Image/RoleCharacter/RoleHeadKalienina1SS.png	Assets/Product/Texture/Image/RoleCharacter/RoleHeadKalienina1SS.png	Assets/Product/Texture/Image/Role/RoleHeadKalie3SS.png	Assets/Product/Texture/Image/Role/RoleHeadKalienina5SS.png	Assets/Product/Texture/Image/IconToolsSp/RoleHeadKalie2SSSp.png	Assets/Product/Texture/Image/IconTools/RoleHeadKalie2SS.png	Assets/Product/Texture/Image/RoleStory/R3KalieninaNormal01.png	Assets/Product/Texture/Image/RoleCharacterBig/RoleCharacterBigR3KalieninaNormal01.png	Assets/Product/Texture/Image/RoleCharacter/RoleHeadKalienina2SS.png	Assets/Product/Texture/Image/IconCoating/IconCoating6710304.png	Bip001RForearm	Assets/Product/Effect/Prefab/FxR3KalieninaPrefab/Common/FxR3KalieninaPinzhiGuadianBip001RForearm.prefab	13										
6710305	1071003	1070305	鬼装神机	5	1003	地平线系列——卡列尼娜·烬燃	通过躯体的载具专用接口与动作辅助系统保持同步，这让卡列尼娜能够适应加速度剧烈变化下的战斗。	Assets/Product/Texture/Image/IconToolsSp/Clo10710030401Sp.png	Assets/Product/Texture/Image/IconTools/Clo10710030401.png	[10016,80004]	107395	32	27	Assets/Product/Texture/Image/Role/RoleHeadKalieSS.png	Assets/Product/Texture/Image/Role/RoleHeadKalienina6SS.png	Assets/Product/Texture/Image/Role/RoleHeadKalieSS.png	Assets/Product/Texture/Image/RoleCharacter/RoleHeadKalienina1SS.png	Assets/Product/Texture/Image/RoleCharacter/RoleHeadKalienina1SS.png	Assets/Product/Texture/Image/Role/RoleHeadKalie3SS.png	Assets/Product/Texture/Image/Role/RoleHeadKalienina5SS.png	Assets/Product/Texture/Image/IconToolsSp/RoleHeadKalie2SSSp.png	Assets/Product/Texture/Image/IconTools/RoleHeadKalie2SS.png	Assets/Product/Texture/Image/RoleStory/R3KalieninaNormal01.png	Assets/Product/Texture/Image/RoleCharacterBig/RoleCharacterBigR3KalieninaNormal01.png	Assets/Product/Texture/Image/RoleCharacter/RoleHeadKalienina2SS.png	Assets/Product/Texture/Image/IconCoating/IconCoating6710305.png	Bip001RForearm	Assets/Product/Effect/Prefab/FxR3KalieninaPrefab/Common/FxR3KalieninaPinzhiGuadianBip001RForearm.prefab	13										
6710306	1071003	1070306	薄纱紫荆	6	1027	阔海秘闻系列——卡列尼娜·烬燃	专为海岸假日制作的涂装，海风一般轻盈的薄纱有效混合了散热与防护双重功能，在提升夏日作战能力的同时，释放出仅属于她的璀璨夏夜。	Assets/Product/Texture/Image/IconToolsSp/Clo10710039161Sp.png	Assets/Product/Texture/Image/IconTools/Clo10710039161.png		107394	32	84	Assets/Product/Texture/Image/Role/RoleHeadKalieSS.png	Assets/Product/Texture/Image/Role/RoleHeadKalienina6SS.png	Assets/Product/Texture/Image/Role/RoleHeadSquare6710306.png	Assets/Product/Texture/Image/RoleCharacter/RoleHeadKalienina1SS.png	Assets/Product/Texture/Image/RoleCharacter/RoleHead6710306.png	Assets/Product/Texture/Image/Role/RoleHeadSquare6710306.png	Assets/Product/Texture/Image/Role/RoleHeadKalienina5SS.png	Assets/Product/Texture/Image/IconToolsSp/RoleHeadKalie2SSSp.png	Assets/Product/Texture/Image/IconTools/RoleHeadKalie2SS.png	Assets/Product/Texture/Image/RoleStory/R3KalieninaNormal01.png	Assets/Product/Texture/Image/RoleCharacterBig/RoleCharacterBigR3KalieninaNormal01.png	Assets/Product/Texture/Image/RoleCharacter/RoleHeadKalienina2SS.png	Assets/Product/Texture/Image/IconCoating/IconCoating6710306.png	Bip001RForearm	Assets/Product/Effect/Prefab/FxR3KalieninaPrefab/R3KalieninaMd019161/FxR3KalieninaPinzhiGuadianBip001RForearmH.prefab	80	9010215									
6710307	1071003	1070307	白色恋人	5	1019	圣誓系列——卡列尼娜·烬燃	银装白雪，炙热之恋。 雪地上轻笑的纯白身影，脸颊上浮现的淡淡红晕，共同驱散了凛冽寒冬。让人回想起那个薰衣草盛开的夏日，铭记下此刻永恒的涟漪。	Assets/Product/Texture/Image/IconToolsSp/Clo10710039191Sp.png	Assets/Product/Texture/Image/IconTools/Clo10710039191.png	[80014]	107393	32	14	Assets/Product/Texture/Image/Role/RoleHeadKalieSS.png	Assets/Product/Texture/Image/Role/RoleHeadKalienina6SS.png	Assets/Product/Texture/Image/Role/RoleHeadKalieSS.png	Assets/Product/Texture/Image/RoleCharacter/RoleHeadKalienina1SS.png	Assets/Product/Texture/Image/RoleCharacter/RoleHeadKalienina1SS.png	Assets/Product/Texture/Image/Role/RoleHeadKalie3SS.png	Assets/Product/Texture/Image/Role/RoleHeadKalienina5SS.png	Assets/Product/Texture/Image/IconToolsSp/RoleHeadKalie2SSSp.png	Assets/Product/Texture/Image/IconTools/RoleHeadKalie2SS.png	Assets/Product/Texture/Image/RoleStory/R3KalieninaNormal01.png	Assets/Product/Texture/Image/RoleCharacterBig/RoleCharacterBigR3KalieninaNormal01.png	Assets/Product/Texture/Image/RoleCharacter/RoleHeadKalienina2SS.png	Assets/Product/Texture/Image/IconCoating/IconCoating6710307.png	Bip001RForearm	Assets/Product/Effect/Prefab/FxR3KalieninaPrefab/Common/FxR3KalieninaPinzhiGuadianBip001RForearm.prefab	13										
6710308	1071003	1070308	雪豹之契	6	1009	新生活系列——卡列尼娜·烬燃	“指挥官，有......有什么吩......啊啊！为什么我还得做这个！？”虽然此时少女的眼中闪烁着羞怒，但她的獠牙永远只会为保护同伴呲露。即使是为了任务而伪装的短暂工作依旧会全力以赴，当然，最重要的顾客也不会让给任何人。	Assets/Product/Texture/Image/IconToolsSp/Clo10710039101Sp.png	Assets/Product/Texture/Image/IconTools/Clo10710039101.png	[80045]	107392	32	84	Assets/Product/Texture/Image/Role/RoleHeadKalieSS.png	Assets/Product/Texture/Image/Role/RoleHeadKalienina6SS.png	Assets/Product/Texture/Image/Role/RoleHeadR3Kalienina8.png	Assets/Product/Texture/Image/RoleCharacter/RoleHeadKalienina1SS.png	Assets/Product/Texture/Image/RoleCharacter/RoleHeadR3Kalienina8.png	Assets/Product/Texture/Image/Role/RoleHeadR3Kalienina8.png	Assets/Product/Texture/Image/Role/RoleHeadKalienina5SS.png	Assets/Product/Texture/Image/IconToolsSp/RoleHeadKalie2SSSp.png	Assets/Product/Texture/Image/IconTools/RoleHeadKalie2SS.png	Assets/Product/Texture/Image/RoleStory/R3KalieninaNormal01.png	Assets/Product/Texture/Image/RoleCharacterBig/RoleCharacterBigR3KalieninaNormal01.png	Assets/Product/Texture/Image/RoleCharacter/RoleHeadKalienina2SS.png	Assets/Product/Texture/Image/IconCoating/IconCoating6710308.png	Bip001RForearm	Assets/Product/Effect/Prefab/FxR3KalieninaPrefab/R3KalieninaMd019101/FxR3KalieninaPinzhiGuadianBip001RForearmH.prefab	93	9010232									
6710309	1071003	1070309	猩红注射	5	1007	深度腐蚀系列——卡列尼娜·烬燃	害怕打针？但是不打针的话病是不会好的……放心，不会痛的啦，你要相信护士姐姐哦。 痛痛~全部飞走咯~ 哈！用炮弹和爆炸轰飞到宇宙的尽头吧！	Assets/Product/Texture/Image/IconToolsSp/Clo10710039251Sp.png	Assets/Product/Texture/Image/IconTools/Clo10710039251.png	[80106]	107391	32	21	Assets/Product/Texture/Image/Role/RoleHeadKalieSS.png	Assets/Product/Texture/Image/Role/RoleHeadKalienina6SS.png	Assets/Product/Texture/Image/Role/RoleHeadKalieSS.png	Assets/Product/Texture/Image/RoleCharacter/RoleHeadKalienina1SS.png	Assets/Product/Texture/Image/RoleCharacter/RoleHeadKalienina1SS.png	Assets/Product/Texture/Image/Role/RoleHeadKalie3SS.png	Assets/Product/Texture/Image/Role/RoleHeadKalienina5SS.png	Assets/Product/Texture/Image/IconToolsSp/RoleHeadKalie2SSSp.png	Assets/Product/Texture/Image/IconTools/RoleHeadKalie2SS.png	Assets/Product/Texture/Image/RoleStory/R3KalieninaNormal01.png	Assets/Product/Texture/Image/RoleCharacterBig/RoleCharacterBigR3KalieninaNormal01.png	Assets/Product/Texture/Image/RoleCharacter/RoleHeadKalienina2SS.png	Assets/Product/Texture/Image/IconCoating/IconCoating6710309.png	Bip001RForearm	Assets/Product/Effect/Prefab/FxR3KalieninaPrefab/Common/FxR3KalieninaPinzhiGuadianBip001RForearm.prefab	13										
6510301	1051003	1050301	泛用式	1	9000	初始系列——七实·脉冲	构造体生产出来时配给的服装。	Assets/Product/Texture/Image/IconToolsSp/Clo10510030101Sp.png	Assets/Product/Texture/Image/IconTools/Clo10510030101.png	[19014]	105399	32	3	Assets/Product/Texture/Image/Role/RoleHeadYongyechaoSS.png	Assets/Product/Texture/Image/Role/RoleHeadYongyechao6SS.png	Assets/Product/Texture/Image/Role/RoleHeadYongyechaoSS.png	Assets/Product/Texture/Image/RoleCharacter/RoleHeadYongyechao1SS.png	Assets/Product/Texture/Image/RoleCharacter/RoleHeadYongyechao1SS.png	Assets/Product/Texture/Image/Role/RoleHeadYongyechao3SS.png	Assets/Product/Texture/Image/Role/RoleHeadYongyechao5SS.png	Assets/Product/Texture/Image/IconToolsSp/RoleHeadYongyechao2SSSp.png	Assets/Product/Texture/Image/IconTools/RoleHeadYongyechao2SS.png	Assets/Product/Texture/Image/RoleStory/R3Yongyechaonormal01.png	Assets/Product/Texture/Image/RoleCharacterBig/RoleCharacterBigR3YongyechaoNormal01.png	Assets/Product/Texture/Image/RoleCharacter/RoleHeadYongyechao2SS.png	Assets/Product/Texture/Image/IconCoating/IconCoating6310104.png	Bip001RForearm	Assets/Product/Effect/Prefab/FxR3YongyechaoPrefab/Common/FxR3YongyechaoPinzhiGuadianBip001RForearm.prefab	15										
6510302	1051003	1050302	泛用式·改	2	9000	初始系列——七实·脉冲	构造体[初阶]解放后，获得权限根据爱好修改的服装。	Assets/Product/Texture/Image/IconToolsSp/Clo10510030102Sp.png	Assets/Product/Texture/Image/IconTools/Clo10510030102.png	[19014]	105398	32	6	Assets/Product/Texture/Image/Role/RoleHeadYongyechaoSS.png	Assets/Product/Texture/Image/Role/RoleHeadYongyechao6SS.png	Assets/Product/Texture/Image/Role/RoleHeadYongyechaoSS.png	Assets/Product/Texture/Image/RoleCharacter/RoleHeadYongyechao1SS.png	Assets/Product/Texture/Image/RoleCharacter/RoleHeadYongyechao1SS.png	Assets/Product/Texture/Image/Role/RoleHeadYongyechao3SS.png	Assets/Product/Texture/Image/Role/RoleHeadYongyechao5SS.png	Assets/Product/Texture/Image/IconToolsSp/RoleHeadYongyechao2SSSp.png	Assets/Product/Texture/Image/IconTools/RoleHeadYongyechao2SS.png	Assets/Product/Texture/Image/RoleStory/R3Yongyechaonormal01.png	Assets/Product/Texture/Image/RoleCharacterBig/RoleCharacterBigR3YongyechaoNormal01.png	Assets/Product/Texture/Image/RoleCharacter/RoleHeadYongyechao2SS.png	Assets/Product/Texture/Image/IconCoating/IconCoating6310104.png	Bip001RForearm	Assets/Product/Effect/Prefab/FxR3YongyechaoPrefab/Common/FxR3YongyechaoPinzhiGuadianBip001RForearm.prefab	15										
6510303	1051003	1050303	泛用式·终	2	9000	初始系列——七实·脉冲	构造体[高阶]解放后，根据个人意愿修改的服装，完好的体现了本人意识海的特征。	Assets/Product/Texture/Image/IconToolsSp/Clo10510030103Sp.png	Assets/Product/Texture/Image/IconTools/Clo10510030103.png	[19014]	105397	32	9	Assets/Product/Texture/Image/Role/RoleHeadYongyechaoSS.png	Assets/Product/Texture/Image/Role/RoleHeadYongyechao6SS.png	Assets/Product/Texture/Image/Role/RoleHeadYongyechaoSS.png	Assets/Product/Texture/Image/RoleCharacter/RoleHeadYongyechao1SS.png	Assets/Product/Texture/Image/RoleCharacter/RoleHeadYongyechao1SS.png	Assets/Product/Texture/Image/Role/RoleHeadYongyechao3SS.png	Assets/Product/Texture/Image/Role/RoleHeadYongyechao5SS.png	Assets/Product/Texture/Image/IconToolsSp/RoleHeadYongyechao2SSSp.png	Assets/Product/Texture/Image/IconTools/RoleHeadYongyechao2SS.png	Assets/Product/Texture/Image/RoleStory/R3Yongyechaonormal01.png	Assets/Product/Texture/Image/RoleCharacterBig/RoleCharacterBigR3YongyechaoNormal01.png	Assets/Product/Texture/Image/RoleCharacter/RoleHeadYongyechao2SS.png	Assets/Product/Texture/Image/IconCoating/IconCoating6310104.png	Bip001RForearm	Assets/Product/Effect/Prefab/FxR3YongyechaoPrefab/Common/FxR3YongyechaoPinzhiGuadianBip001RForearm.prefab	15										
6510304	1051003	1050304	灰羽·脉冲	5	1001	灰羽·灰鸦小队 基地服系列——七实·脉冲	为所有和灰鸦小队结下羁绊的构造体们量身定做的制服，也是出席基地中各种重要仪式活动时的正式着装。	Assets/Product/Texture/Image/IconToolsSp/Clo10510039011Sp.png	Assets/Product/Texture/Image/IconTools/Clo10510039011.png	[10016,80004]	105396	32	33	Assets/Product/Texture/Image/Role/RoleHeadYongyechaoSS.png	Assets/Product/Texture/Image/Role/RoleHeadYongyechao6SS.png	Assets/Product/Texture/Image/Role/RoleHeadYongyechaoSS.png	Assets/Product/Texture/Image/RoleCharacter/RoleHeadYongyechao1SS.png	Assets/Product/Texture/Image/RoleCharacter/RoleHeadYongyechao1SS.png	Assets/Product/Texture/Image/Role/RoleHeadYongyechao3SS.png	Assets/Product/Texture/Image/Role/RoleHeadYongyechao5SS.png	Assets/Product/Texture/Image/IconToolsSp/RoleHeadYongyechao2SSSp.png	Assets/Product/Texture/Image/IconTools/RoleHeadYongyechao2SS.png	Assets/Product/Texture/Image/RoleStory/R3Yongyechaonormal01.png	Assets/Product/Texture/Image/RoleCharacterBig/RoleCharacterBigR3YongyechaoNormal01.png	Assets/Product/Texture/Image/RoleCharacter/RoleHeadYongyechao2SS.png	Assets/Product/Texture/Image/IconCoating/IconCoating6510304.png	Bip001RForearm	Assets/Product/Effect/Prefab/FxR3YongyechaoPrefab/Common/FxR3YongyechaoPinzhiGuadianBip001RForearm.prefab	15										
6510305	1051003	1050305	辉煌流星	5	1007	深度腐蚀系列——七实·脉冲	每当这件机体被部署时，士兵们就能看见一颗流星拖曳着幽幽的尾迹坠入战场，那是大功率辐射推进与装甲剧烈烧蚀时发出的光芒。	Assets/Product/Texture/Image/IconToolsSp/Clo10510039071Sp.png	Assets/Product/Texture/Image/IconTools/Clo10510039071.png	[10016,80004]	105395	32	33	Assets/Product/Texture/Image/Role/RoleHeadYongyechaoSS.png	Assets/Product/Texture/Image/Role/RoleHeadYongyechao6SS.png	Assets/Product/Texture/Image/Role/RoleHeadYongyechaoSS.png	Assets/Product/Texture/Image/RoleCharacter/RoleHeadYongyechao1SS.png	Assets/Product/Texture/Image/RoleCharacter/RoleHeadYongyechao1SS.png	Assets/Product/Texture/Image/Role/RoleHeadYongyechao3SS.png	Assets/Product/Texture/Image/Role/RoleHeadYongyechao5SS.png	Assets/Product/Texture/Image/IconToolsSp/RoleHeadYongyechao2SSSp.png	Assets/Product/Texture/Image/IconTools/RoleHeadYongyechao2SS.png	Assets/Product/Texture/Image/RoleStory/R3Yongyechaonormal01.png	Assets/Product/Texture/Image/RoleCharacterBig/RoleCharacterBigR3YongyechaoNormal01.png	Assets/Product/Texture/Image/RoleCharacter/RoleHeadYongyechao2SS.png	Assets/Product/Texture/Image/IconCoating/IconCoating6510305.png	Bip001RForearm	Assets/Product/Effect/Prefab/FxR3YongyechaoPrefab/Common/FxR3YongyechaoPinzhiGuadianBip001RForearm.prefab	15										
6510306	1051003	1050306	潮汐心景	6	1009	新生活系列——七实·脉冲	轻盈的裙摆衬托出少女的灵动，将盛夏末最强烈的跃动佩戴在发间，这份凛冬也不会消散的热情，你感受到了吗？	Assets/Product/Texture/Image/IconToolsSp/Clo10510039091Sp.png	Assets/Product/Texture/Image/IconTools/Clo10510039091.png	[80004]	105394	32	84	Assets/Product/Texture/Image/Role/RoleHeadYongyechaoSS.png	Assets/Product/Texture/Image/Role/RoleHeadYongyechao6SS.png	Assets/Product/Texture/Image/Role/RoleHeadSquare6510306.png	Assets/Product/Texture/Image/RoleCharacter/RoleHeadYongyechao1SS.png	Assets/Product/Texture/Image/RoleCharacter/RoleHead6510306.png	Assets/Product/Texture/Image/Role/RoleHeadSquare6510306.png	Assets/Product/Texture/Image/Role/RoleHeadYongyechao5SS.png	Assets/Product/Texture/Image/IconToolsSp/RoleHeadYongyechao2SSSp.png	Assets/Product/Texture/Image/IconTools/RoleHeadYongyechao2SS.png	Assets/Product/Texture/Image/RoleStory/R3Yongyechaonormal01.png	Assets/Product/Texture/Image/RoleCharacterBig/RoleCharacterBigR3YongyechaoNormal01.png	Assets/Product/Texture/Image/RoleCharacter/RoleHeadYongyechao2SS.png	Assets/Product/Texture/Image/IconCoating/IconCoating6510306.png	Bip001RForearm	Assets/Product/Effect/Prefab/FxR3YongyechaoPrefab/R3YongyechaoMd019211/FxR3YongyechaoPinzhiGuadianBip001RForearmH.prefab	78	9010216									
6510307	1051003	1050307	鲨滩嬉戏	6	1027	阔海秘闻系列——七实·脉冲	永远的夏日小岛上，少女紧随着小船游弋。她欢快的泳姿，或令游人惊慌，或令渔人无奈。但到最后，无人不会沉浸在与她玩乐的畅快中。或许，在你不经意的时候，她就会突然从海里跳出来，元气满满地对你喊上一句“Aloha！”	Assets/Product/Texture/Image/IconToolsSp/Clo10510039271Sp.png	Assets/Product/Texture/Image/IconTools/Clo10510039271.png	[80025]	105393	32	84	Assets/Product/Texture/Image/Role/RoleHeadYongyechaoSS.png	Assets/Product/Texture/Image/Role/RoleHeadYongyechao6SS.png	Assets/Product/Texture/Image/Role/RoleHeadSquare6510307.png	Assets/Product/Texture/Image/RoleCharacter/RoleHeadYongyechao1SS.png	Assets/Product/Texture/Image/RoleCharacter/RoleHead6510307.png	Assets/Product/Texture/Image/Role/RoleHeadSquare6510307.png	Assets/Product/Texture/Image/Role/RoleHeadYongyechao5SS.png	Assets/Product/Texture/Image/IconToolsSp/RoleHeadYongyechao2SSSp.png	Assets/Product/Texture/Image/IconTools/RoleHeadYongyechao2SS.png	Assets/Product/Texture/Image/RoleStory/R3Yongyechaonormal01.png	Assets/Product/Texture/Image/RoleCharacterBig/RoleCharacterBigR3YongyechaoNormal01.png	Assets/Product/Texture/Image/RoleCharacter/RoleHeadYongyechao2SS.png	Assets/Product/Texture/Image/IconCoating/IconCoating6510307.png	Bip001RForearm	Assets/Product/Effect/Prefab/FxR3YongyechaoPrefab/R3YongyechaoMd019271/FxR3YongyechaoPinzhiGuadianBip001RForearmH.prefab	79	9010229									
6210301	1021003	1020301	泛用式	1	9000	初始系列——露西亚深红之渊	构造体生产出来时配给的服装。	Assets/Product/Texture/Image/IconToolsSp/Clo10210030101Sp.png	Assets/Product/Texture/Image/IconTools/Clo10210030101.png	[19015]	102399	32	3	Assets/Product/Texture/Image/Role/RoleHeadLuxiyaaerfaSS.png	Assets/Product/Texture/Image/Role/RoleHeadLuxiyaaerfa6SS.png	Assets/Product/Texture/Image/Role/RoleHeadLuxiyaaerfaSS.png	Assets/Product/Texture/Image/RoleCharacter/RoleHeadLuxiyaaerfa1SS.png	Assets/Product/Texture/Image/RoleCharacter/RoleHeadLuxiyaaerfa1SS.png	Assets/Product/Texture/Image/Role/RoleHeadLuxiyaaerfa3SS.png	Assets/Product/Texture/Image/Role/RoleHeadLuxiyaaerfa5SS.png	Assets/Product/Texture/Image/IconToolsSp/RoleHeadLuxiyaaerfa2SSSp.png	Assets/Product/Texture/Image/IconTools/RoleHeadLuxiyaaerfa2.png	Assets/Product/Texture/Image/RoleStory/R3LuxiyaNormal03.png	Assets/Product/Texture/Image/RoleCharacterBig/RoleCharacterBigR3LuxiyaaerfaNormal01.png	Assets/Product/Texture/Image/RoleCharacter/RoleHeadLuxiyaaerfa2SS.png	Assets/Product/Texture/Image/IconCoating/IconCoating6310104.png	Bip001LForearm	Assets/Product/Effect/Prefab/FxR3LuxiyaPrefab/Common/FxR3LuxiyaPinzhiGuadianBip001LForearm.prefab	16										
6210302	1021003	1020302	泛用式·改	2	9000	初始系列——露西亚·深红之渊	构造体[初阶]解放后，获得权限根据爱好修改的服装。	Assets/Product/Texture/Image/IconToolsSp/Clo10210030102Sp.png	Assets/Product/Texture/Image/IconTools/Clo10210030102.png	[19015]	102398	32	6	Assets/Product/Texture/Image/Role/RoleHeadLuxiyaaerfaSS.png	Assets/Product/Texture/Image/Role/RoleHeadLuxiyaaerfa6SS.png	Assets/Product/Texture/Image/Role/RoleHeadLuxiyaaerfaSS.png	Assets/Product/Texture/Image/RoleCharacter/RoleHeadLuxiyaaerfa1SS.png	Assets/Product/Texture/Image/RoleCharacter/RoleHeadLuxiyaaerfa1SS.png	Assets/Product/Texture/Image/Role/RoleHeadLuxiyaaerfa3SS.png	Assets/Product/Texture/Image/Role/RoleHeadLuxiyaaerfa5SS.png	Assets/Product/Texture/Image/IconToolsSp/RoleHeadLuxiyaaerfa2SSSp.png	Assets/Product/Texture/Image/IconTools/RoleHeadLuxiyaaerfa2.png	Assets/Product/Texture/Image/RoleStory/R3LuxiyaNormal03.png	Assets/Product/Texture/Image/RoleCharacterBig/RoleCharacterBigR3LuxiyaaerfaNormal01.png	Assets/Product/Texture/Image/RoleCharacter/RoleHeadLuxiyaaerfa2SS.png	Assets/Product/Texture/Image/IconCoating/IconCoating6310104.png	Bip001LForearm	Assets/Product/Effect/Prefab/FxR3LuxiyaPrefab/Common/FxR3LuxiyaPinzhiGuadianBip001LForearm.prefab	16										
6210303	1021003	1020303	泛用式·终	2	9000	初始系列——露西亚·深红之渊	构造体[高阶]解放后，根据个人意愿修改的服装，完好的体现了本人意识海的特征。	Assets/Product/Texture/Image/IconToolsSp/Clo10210030103Sp.png	Assets/Product/Texture/Image/IconTools/Clo10210030103.png	[19015]	102397	32	9	Assets/Product/Texture/Image/Role/RoleHeadLuxiyaaerfaSS.png	Assets/Product/Texture/Image/Role/RoleHeadLuxiyaaerfa6SS.png	Assets/Product/Texture/Image/Role/RoleHeadLuxiyaaerfaSS.png	Assets/Product/Texture/Image/RoleCharacter/RoleHeadLuxiyaaerfa1SS.png	Assets/Product/Texture/Image/RoleCharacter/RoleHeadLuxiyaaerfa1SS.png	Assets/Product/Texture/Image/Role/RoleHeadLuxiyaaerfa3SS.png	Assets/Product/Texture/Image/Role/RoleHeadLuxiyaaerfa5SS.png	Assets/Product/Texture/Image/IconToolsSp/RoleHeadLuxiyaaerfa2SSSp.png	Assets/Product/Texture/Image/IconTools/RoleHeadLuxiyaaerfa2.png	Assets/Product/Texture/Image/RoleStory/R3LuxiyaNormal03.png	Assets/Product/Texture/Image/RoleCharacterBig/RoleCharacterBigR3LuxiyaaerfaNormal01.png	Assets/Product/Texture/Image/RoleCharacter/RoleHeadLuxiyaaerfa2SS.png	Assets/Product/Texture/Image/IconCoating/IconCoating6310104.png	Bip001LForearm	Assets/Product/Effect/Prefab/FxR3LuxiyaPrefab/Common/FxR3LuxiyaPinzhiGuadianBip001LForearm.prefab	16										
6210304	1021003	1020304	灰羽·深红之渊	5	1001	灰羽·灰鸦小队 基地服系列——露西亚·深红之渊	为所有和灰鸦小队结下羁绊的构造体们量身定做的制服，也是出席基地中各种重要仪式活动时的正式着装。	Assets/Product/Texture/Image/IconToolsSp/Clo10210039011Sp.png	Assets/Product/Texture/Image/IconTools/Clo10210039011.png	[10016,80004]	102396	32	33	Assets/Product/Texture/Image/Role/RoleHeadLuxiyaaerfaSS.png	Assets/Product/Texture/Image/Role/RoleHeadLuxiyaaerfa6SS.png	Assets/Product/Texture/Image/Role/RoleHeadLuxiyaaerfaSS.png	Assets/Product/Texture/Image/RoleCharacter/RoleHeadLuxiyaaerfa1SS.png	Assets/Product/Texture/Image/RoleCharacter/RoleHeadLuxiyaaerfa1SS.png	Assets/Product/Texture/Image/Role/RoleHeadLuxiyaaerfa3SS.png	Assets/Product/Texture/Image/Role/RoleHeadLuxiyaaerfa5SS.png	Assets/Product/Texture/Image/IconToolsSp/RoleHeadLuxiyaaerfa2SSSp.png	Assets/Product/Texture/Image/IconTools/RoleHeadLuxiyaaerfa2.png	Assets/Product/Texture/Image/RoleStory/R3LuxiyaNormal03.png	Assets/Product/Texture/Image/RoleCharacterBig/RoleCharacterBigR3LuxiyaaerfaNormal01.png	Assets/Product/Texture/Image/RoleCharacter/RoleHeadLuxiyaaerfa2SS.png	Assets/Product/Texture/Image/IconCoating/IconCoating6210304.png	Bip001LForearm	Assets/Product/Effect/Prefab/FxR3LuxiyaPrefab/Common/FxR3LuxiyaPinzhiGuadianBip001LForearm.prefab	16										
6210305	1021003	1020305	终末之旅	5	1007	深度腐蚀系列——露西亚·深红之渊	高硬度涂装让使用者能够在恶劣荒野中行动自如，简约的设计将能耗控制在最低，保证机体能够独自应对任何突发情况。	Assets/Product/Texture/Image/IconToolsSp/Clo10210039071Sp.png	Assets/Product/Texture/Image/IconTools/Clo10210039071.png	[10016,80004]	102395	32	33	Assets/Product/Texture/Image/Role/RoleHeadLuxiyaaerfaSS.png	Assets/Product/Texture/Image/Role/RoleHeadLuxiyaaerfa6SS.png	Assets/Product/Texture/Image/Role/RoleHeadLuxiyaaerfaSS.png	Assets/Product/Texture/Image/RoleCharacter/RoleHeadLuxiyaaerfa1SS.png	Assets/Product/Texture/Image/RoleCharacter/RoleHeadLuxiyaaerfa1SS.png	Assets/Product/Texture/Image/Role/RoleHeadLuxiyaaerfa3SS.png	Assets/Product/Texture/Image/Role/RoleHeadLuxiyaaerfa5SS.png	Assets/Product/Texture/Image/IconToolsSp/RoleHeadLuxiyaaerfa2SSSp.png	Assets/Product/Texture/Image/IconTools/RoleHeadLuxiyaaerfa2.png	Assets/Product/Texture/Image/RoleStory/R3LuxiyaNormal03.png	Assets/Product/Texture/Image/RoleCharacterBig/RoleCharacterBigR3LuxiyaaerfaNormal01.png	Assets/Product/Texture/Image/RoleCharacter/RoleHeadLuxiyaaerfa2SS.png	Assets/Product/Texture/Image/IconCoating/IconCoating6210305.png	Bip001LForearm	Assets/Product/Effect/Prefab/FxR3LuxiyaPrefab/Common/FxR3LuxiyaPinzhiGuadianBip001LForearm.prefab	16										
6210306	1021003	1020306	热夏白贝	6	1027	阔海秘闻系列——露西亚·深红之渊	露娜参照黄金时代的设计，为姐姐亲自改制的涂装，可爱的兔子装饰与灼热的晒痕，都是她留在这个夏天独一无二的回忆。	Assets/Product/Texture/Image/IconToolsSp/Clo10210039161Sp.png	Assets/Product/Texture/Image/IconTools/Clo10210039161.png		102394	32	84	Assets/Product/Texture/Image/Role/RoleHeadLuxiyaaerfaSS.png	Assets/Product/Texture/Image/Role/RoleHeadLuxiyaaerfa6SS.png	Assets/Product/Texture/Image/Role/RoleHeadSquare6210306.png	Assets/Product/Texture/Image/RoleCharacter/RoleHeadLuxiyaaerfa1SS.png	Assets/Product/Texture/Image/RoleCharacter/RoleHead6210306.png	Assets/Product/Texture/Image/Role/RoleHeadSquare6210306.png	Assets/Product/Texture/Image/Role/RoleHeadLuxiyaaerfa5SS.png	Assets/Product/Texture/Image/IconToolsSp/RoleHeadLuxiyaaerfa2SSSp.png	Assets/Product/Texture/Image/IconTools/RoleHeadLuxiyaaerfa2.png	Assets/Product/Texture/Image/RoleStory/R3LuxiyaNormal03.png	Assets/Product/Texture/Image/RoleCharacterBig/RoleCharacterBigR3LuxiyaaerfaNormal01.png	Assets/Product/Texture/Image/RoleCharacter/RoleHeadLuxiyaaerfa2SS.png	Assets/Product/Texture/Image/IconCoating/IconCoating6210306.png	Bip001LForearm	Assets/Product/Effect/Prefab/FxR3LuxiyaPrefab/R3LuxiyaMd019161/FxR3LuxiyaPinzhiGuadianBip001LForearmH.prefab	76	9010214									
6210307	1021003	1020307	末世绀华	6	1029	游诗歌谣系列——露西亚·深红之渊	在一切结束之后，世界的喧闹戛然而止。 最终与你相遇的她，终于从一切命运的棘刺中挣脱，归于洁白。 接下来的时间……只属于你们。	Assets/Product/Texture/Image/IconToolsSp/Clo10210039171Sp.png	Assets/Product/Texture/Image/IconTools/Clo10210039171.png	[80003,80105]	102393	32	84	Assets/Product/Texture/Image/Role/RoleHeadLuxiyaaerfaSS.png	Assets/Product/Texture/Image/Role/RoleHeadLuxiyaaerfa6SS.png	Assets/Product/Texture/Image/Role/RoleHeadSquare6210307.png	Assets/Product/Texture/Image/RoleCharacter/RoleHeadLuxiyaaerfa1SS.png	Assets/Product/Texture/Image/RoleCharacter/RoleHead6210307.png	Assets/Product/Texture/Image/Role/RoleHeadSquare6210307.png	Assets/Product/Texture/Image/Role/RoleHeadLuxiyaaerfa5SS.png	Assets/Product/Texture/Image/IconToolsSp/RoleHeadLuxiyaaerfa2SSSp.png	Assets/Product/Texture/Image/IconTools/RoleHeadLuxiyaaerfa2.png	Assets/Product/Texture/Image/RoleStory/R3LuxiyaNormal03.png	Assets/Product/Texture/Image/RoleCharacterBig/RoleCharacterBigR3LuxiyaaerfaNormal01.png	Assets/Product/Texture/Image/RoleCharacter/RoleHeadLuxiyaaerfa2SS.png	Assets/Product/Texture/Image/IconCoating/IconCoating6210307.png	Bip001LForearm	Assets/Product/Effect/Prefab/FxR3LuxiyaPrefab/R3LuxiyaMd019171/FxR3LuxiyaPinzhiGuadianBip001LForearmH.prefab	77										
6810301	1081003	1080301	泛用式	1	9000	初始系列——渡边·夙星	构造体生产出来时配给的服装。	Assets/Product/Texture/Image/IconToolsSp/Clo10810030101Sp.png	Assets/Product/Texture/Image/IconTools/Clo10810030101.png	[19016]	108399	32	3	Assets/Product/Texture/Image/Role/RoleHeadDubianSS.png	Assets/Product/Texture/Image/Role/RoleHeadDubian6SS.png	Assets/Product/Texture/Image/Role/RoleHeadDubianSS.png	Assets/Product/Texture/Image/RoleCharacter/RoleHeadDubian1SS.png	Assets/Product/Texture/Image/RoleCharacter/RoleHeadDubian1SS.png	Assets/Product/Texture/Image/Role/RoleHeadDubian3SS.png	Assets/Product/Texture/Image/Role/RoleHeadDubian5SS.png	Assets/Product/Texture/Image/IconToolsSp/RoleHeadDubian2SSSp.png	Assets/Product/Texture/Image/IconTools/RoleHeadDubian2SS.png	Assets/Product/Texture/Image/RoleStory/R3DubianNormal01.png	Assets/Product/Texture/Image/RoleCharacterBig/RoleCharacterBigR3DubianNormal01.png	Assets/Product/Texture/Image/RoleCharacter/RoleHeadDubian2SS.png	Assets/Product/Texture/Image/IconCoating/IconCoating6310104.png	Bip001LForearm	Assets/Product/Effect/Prefab/FxR3Dubian/FxR3DubianPinzhiGuadianBip001LForearm.prefab	17										
6810302	1081003	1080302	泛用式·改	2	9000	初始系列——渡边·夙星	构造体[初阶]解放后，获得权限根据爱好修改的服装。	Assets/Product/Texture/Image/IconToolsSp/Clo10810030102Sp.png	Assets/Product/Texture/Image/IconTools/Clo10810030102.png	[19016]	108398	32	6	Assets/Product/Texture/Image/Role/RoleHeadDubianSS.png	Assets/Product/Texture/Image/Role/RoleHeadDubian6SS.png	Assets/Product/Texture/Image/Role/RoleHeadDubianSS.png	Assets/Product/Texture/Image/RoleCharacter/RoleHeadDubian1SS.png	Assets/Product/Texture/Image/RoleCharacter/RoleHeadDubian1SS.png	Assets/Product/Texture/Image/Role/RoleHeadDubian3SS.png	Assets/Product/Texture/Image/Role/RoleHeadDubian5SS.png	Assets/Product/Texture/Image/IconToolsSp/RoleHeadDubian2SSSp.png	Assets/Product/Texture/Image/IconTools/RoleHeadDubian2SS.png	Assets/Product/Texture/Image/RoleStory/R3DubianNormal01.png	Assets/Product/Texture/Image/RoleCharacterBig/RoleCharacterBigR3DubianNormal01.png	Assets/Product/Texture/Image/RoleCharacter/RoleHeadDubian2SS.png	Assets/Product/Texture/Image/IconCoating/IconCoating6310104.png	Bip001LForearm	Assets/Product/Effect/Prefab/FxR3Dubian/FxR3DubianPinzhiGuadianBip001LForearm.prefab	17										
6810303	1081003	1080303	泛用式·终	2	9000	初始系列——渡边·夙星	构造体[高阶]解放后，根据个人意愿修改的服装，完好的体现了本人意识海的特征。	Assets/Product/Texture/Image/IconToolsSp/Clo10810030103Sp.png	Assets/Product/Texture/Image/IconTools/Clo10810030103.png	[19016]	108397	32	9	Assets/Product/Texture/Image/Role/RoleHeadDubianSS.png	Assets/Product/Texture/Image/Role/RoleHeadDubian6SS.png	Assets/Product/Texture/Image/Role/RoleHeadDubianSS.png	Assets/Product/Texture/Image/RoleCharacter/RoleHeadDubian1SS.png	Assets/Product/Texture/Image/RoleCharacter/RoleHeadDubian1SS.png	Assets/Product/Texture/Image/Role/RoleHeadDubian3SS.png	Assets/Product/Texture/Image/Role/RoleHeadDubian5SS.png	Assets/Product/Texture/Image/IconToolsSp/RoleHeadDubian2SSSp.png	Assets/Product/Texture/Image/IconTools/RoleHeadDubian2SS.png	Assets/Product/Texture/Image/RoleStory/R3DubianNormal01.png	Assets/Product/Texture/Image/RoleCharacterBig/RoleCharacterBigR3DubianNormal01.png	Assets/Product/Texture/Image/RoleCharacter/RoleHeadDubian2SS.png	Assets/Product/Texture/Image/IconCoating/IconCoating6310104.png	Bip001LForearm	Assets/Product/Effect/Prefab/FxR3Dubian/FxR3DubianPinzhiGuadianBip001LForearm.prefab	17										
6810304	1081003	1080304	荒野集训	5	1001	铭记·遗忘者 基地服系列——渡边·夙星	遗忘者们喜欢的装扮。适应各种环境下的野外行动，紧致贴合的设计更加便于活动，细节处为使用者本人增加的功能性设计，干练且不失实用。	Assets/Product/Texture/Image/IconToolsSp/Clo10810039011Sp.png	Assets/Product/Texture/Image/IconTools/Clo10810039011.png	[10016,80004]	108396	32	21	Assets/Product/Texture/Image/Role/RoleHeadDubianSS.png	Assets/Product/Texture/Image/Role/RoleHeadDubian6SS.png	Assets/Product/Texture/Image/Role/RoleHeadDubianSS.png	Assets/Product/Texture/Image/RoleCharacter/RoleHeadDubian1SS.png	Assets/Product/Texture/Image/RoleCharacter/RoleHeadDubian1SS.png	Assets/Product/Texture/Image/Role/RoleHeadDubian3SS.png	Assets/Product/Texture/Image/Role/RoleHeadDubian5SS.png	Assets/Product/Texture/Image/IconToolsSp/RoleHeadDubian2SSSp.png	Assets/Product/Texture/Image/IconTools/RoleHeadDubian2SS.png	Assets/Product/Texture/Image/RoleStory/R3DubianNormal01.png	Assets/Product/Texture/Image/RoleCharacterBig/RoleCharacterBigR3DubianNormal01.png	Assets/Product/Texture/Image/RoleCharacter/RoleHeadDubian2SS.png	Assets/Product/Texture/Image/IconCoating/IconCoating6810304.png	Bip001LForearm	Assets/Product/Effect/Prefab/FxR3Dubian/FxR3DubianPinzhiGuadianBip001LForearm.prefab	17										
6810305	1081003	1080305	天际试行	5	1003	地平线系列——渡边·夙星	流体设计涂装，光学原理配色，搭载实时定位模块以及配套驾驶关节，极大地提升了使用载具时的便利性。	Assets/Product/Texture/Image/IconToolsSp/Clo10810039031Sp.png	Assets/Product/Texture/Image/IconTools/Clo10810039031.png	[10016,80004]	108395	32	27	Assets/Product/Texture/Image/Role/RoleHeadDubianSS.png	Assets/Product/Texture/Image/Role/RoleHeadDubian6SS.png	Assets/Product/Texture/Image/Role/RoleHeadDubianSS.png	Assets/Product/Texture/Image/RoleCharacter/RoleHeadDubian1SS.png	Assets/Product/Texture/Image/RoleCharacter/RoleHeadDubian1SS.png	Assets/Product/Texture/Image/Role/RoleHeadDubian3SS.png	Assets/Product/Texture/Image/Role/RoleHeadDubian5SS.png	Assets/Product/Texture/Image/IconToolsSp/RoleHeadDubian2SSSp.png	Assets/Product/Texture/Image/IconTools/RoleHeadDubian2SS.png	Assets/Product/Texture/Image/RoleStory/R3DubianNormal01.png	Assets/Product/Texture/Image/RoleCharacterBig/RoleCharacterBigR3DubianNormal01.png	Assets/Product/Texture/Image/RoleCharacter/RoleHeadDubian2SS.png	Assets/Product/Texture/Image/IconCoating/IconCoating6810305.png	Bip001LForearm	Assets/Product/Effect/Prefab/FxR3Dubian/FxR3DubianPinzhiGuadianBip001LForearm.prefab	17										
6810306	1081003	1080306	弯钩船长	5	1027	阔海秘闻系列——渡边·夙星	枪炮，舰队，海盗。渡边得知这身涂装的蕴意时，脸上并无不悦，但唯独对“孩童梦想的掠夺者”一词提出了异议。 “永无乡的孩子们，只因不清楚海上的风浪，才能无忧无虑。真正的梦想守护者，应当与他们一起共面风浪，守护他们，直到他们成长！”	Assets/Product/Texture/Image/IconToolsSp/Clo10810039271Sp.png	Assets/Product/Texture/Image/IconTools/Clo10810039271.png	[80022]	108394	32	27	Assets/Product/Texture/Image/Role/RoleHeadDubianSS.png	Assets/Product/Texture/Image/Role/RoleHeadDubian6SS.png	Assets/Product/Texture/Image/Role/RoleHeadDubianSS.png	Assets/Product/Texture/Image/RoleCharacter/RoleHeadDubian1SS.png	Assets/Product/Texture/Image/RoleCharacter/RoleHeadDubian1SS.png	Assets/Product/Texture/Image/Role/RoleHeadDubian3SS.png	Assets/Product/Texture/Image/Role/RoleHeadDubian5SS.png	Assets/Product/Texture/Image/IconToolsSp/RoleHeadDubian2SSSp.png	Assets/Product/Texture/Image/IconTools/RoleHeadDubian2SS.png	Assets/Product/Texture/Image/RoleStory/R3DubianNormal01.png	Assets/Product/Texture/Image/RoleCharacterBig/RoleCharacterBigR3DubianNormal01.png	Assets/Product/Texture/Image/RoleCharacter/RoleHeadDubian2SS.png	Assets/Product/Texture/Image/IconCoating/IconCoating6810306.png	Bip001LForearm	Assets/Product/Effect/Prefab/FxR3Dubian/FxR3DubianPinzhiGuadianBip001LForearm.prefab	17										
6910101	1091002	1090101	泛用式	1	9000	初始系列——艾拉·溢彩	构造体生产出来时配给的服装。	Assets/Product/Texture/Image/IconToolsSp/Clo10910020101Sp.png	Assets/Product/Texture/Image/IconTools/Clo10910020101.png	[19017]	109299	32	3	Assets/Product/Texture/Image/Role/RoleHeadAila.png	Assets/Product/Texture/Image/Role/RoleHeadAila6.png	Assets/Product/Texture/Image/Role/RoleHeadAila.png	Assets/Product/Texture/Image/RoleCharacter/RoleHeadAila1.png	Assets/Product/Texture/Image/RoleCharacter/RoleHeadAila1.png	Assets/Product/Texture/Image/Role/RoleHeadAila3.png	Assets/Product/Texture/Image/Role/RoleHeadAila5.png	Assets/Product/Texture/Image/IconToolsSp/RoleHeadAila2Sp.png	Assets/Product/Texture/Image/IconTools/RoleHeadAila2.png	Assets/Product/Texture/Image/RoleStory/AilaNormal01.png	Assets/Product/Texture/Image/RoleCharacterBig/RoleCharacterBigAilaNormal01.png	Assets/Product/Texture/Image/RoleCharacter/RoleHeadAila2.png	Assets/Product/Texture/Image/IconCoating/IconCoating6310104.png	Bip001LUpperArm	Assets/Product/Effect/Prefab/FxR2Aila/FxR2AilaPinzhiGuadianBip001LUpperArm.prefab	18										
6910102	1091002	1090102	泛用式·改	2	9000	初始系列——艾拉·溢彩	构造体[初阶]解放后，获得权限根据爱好修改的服装。	Assets/Product/Texture/Image/IconToolsSp/Clo10910020102Sp.png	Assets/Product/Texture/Image/IconTools/Clo10910020102.png	[19017]	109298	32	6	Assets/Product/Texture/Image/Role/RoleHeadAila.png	Assets/Product/Texture/Image/Role/RoleHeadAila6.png	Assets/Product/Texture/Image/Role/RoleHeadAila.png	Assets/Product/Texture/Image/RoleCharacter/RoleHeadAila1.png	Assets/Product/Texture/Image/RoleCharacter/RoleHeadAila1.png	Assets/Product/Texture/Image/Role/RoleHeadAila3.png	Assets/Product/Texture/Image/Role/RoleHeadAila5.png	Assets/Product/Texture/Image/IconToolsSp/RoleHeadAila2Sp.png	Assets/Product/Texture/Image/IconTools/RoleHeadAila2.png	Assets/Product/Texture/Image/RoleStory/AilaNormal01.png	Assets/Product/Texture/Image/RoleCharacterBig/RoleCharacterBigAilaNormal01.png	Assets/Product/Texture/Image/RoleCharacter/RoleHeadAila2.png	Assets/Product/Texture/Image/IconCoating/IconCoating6310104.png	Bip001LUpperArm	Assets/Product/Effect/Prefab/FxR2Aila/FxR2AilaPinzhiGuadianBip001LUpperArm.prefab	18										
6910103	1091002	1090103	泛用式·终	2	9000	初始系列——艾拉·溢彩	构造体[高阶]解放后，根据个人意愿修改的服装，完好的体现了本人意识海的特征。	Assets/Product/Texture/Image/IconToolsSp/Clo10910020103Sp.png	Assets/Product/Texture/Image/IconTools/Clo10910020103.png	[19017]	109297	32	9	Assets/Product/Texture/Image/Role/RoleHeadAila.png	Assets/Product/Texture/Image/Role/RoleHeadAila6.png	Assets/Product/Texture/Image/Role/RoleHeadAila.png	Assets/Product/Texture/Image/RoleCharacter/RoleHeadAila1.png	Assets/Product/Texture/Image/RoleCharacter/RoleHeadAila1.png	Assets/Product/Texture/Image/Role/RoleHeadAila3.png	Assets/Product/Texture/Image/Role/RoleHeadAila5.png	Assets/Product/Texture/Image/IconToolsSp/RoleHeadAila2Sp.png	Assets/Product/Texture/Image/IconTools/RoleHeadAila2.png	Assets/Product/Texture/Image/RoleStory/AilaNormal01.png	Assets/Product/Texture/Image/RoleCharacterBig/RoleCharacterBigAilaNormal01.png	Assets/Product/Texture/Image/RoleCharacter/RoleHeadAila2.png	Assets/Product/Texture/Image/IconCoating/IconCoating6310104.png	Bip001LUpperArm	Assets/Product/Effect/Prefab/FxR2Aila/FxR2AilaPinzhiGuadianBip001LUpperArm.prefab	18										
6910104	1091002	1090104	冒险精神	5	1001	访古·考古小队 基地服系列——艾拉·溢彩	干练的服装设计使穿戴者能够在各种环境中灵活移动，再搭配上实用的勘探工具，为考古小队的成员们寻访各个遗迹提供最贴心的帮助。	Assets/Product/Texture/Image/IconToolsSp/Clo10910029011Sp.png	Assets/Product/Texture/Image/IconTools/Clo10910029011.png	[10016,80004]	109296	32	21	Assets/Product/Texture/Image/Role/RoleHeadAila.png	Assets/Product/Texture/Image/Role/RoleHeadAila6.png	Assets/Product/Texture/Image/Role/RoleHeadAila.png	Assets/Product/Texture/Image/RoleCharacter/RoleHeadAila1.png	Assets/Product/Texture/Image/RoleCharacter/RoleHeadAila1.png	Assets/Product/Texture/Image/Role/RoleHeadAila3.png	Assets/Product/Texture/Image/Role/RoleHeadAila5.png	Assets/Product/Texture/Image/IconToolsSp/RoleHeadAila2Sp.png	Assets/Product/Texture/Image/IconTools/RoleHeadAila2.png	Assets/Product/Texture/Image/RoleStory/AilaNormal01.png	Assets/Product/Texture/Image/RoleCharacterBig/RoleCharacterBigAilaNormal01.png	Assets/Product/Texture/Image/RoleCharacter/RoleHeadAila2.png	Assets/Product/Texture/Image/IconCoating/IconCoating6910104.png	Bip001LUpperArm	Assets/Product/Effect/Prefab/FxR2Aila/FxR2AilaPinzhiGuadianBip001LUpperArm.prefab	18										
6910105	1091002	1090105	紫苑跃兔	5	1003	地平线系列——艾拉·溢彩	艾拉亲自设计的载具驾驶服，选用了自己喜欢颜色与造型，兼具了可爱与实用元素，强化了机体面对各种冲击的防护能力。	Assets/Product/Texture/Image/IconToolsSp/Clo10910029031Sp.png	Assets/Product/Texture/Image/IconTools/Clo10910029031.png	[10016,80004]	109295	32	27	Assets/Product/Texture/Image/Role/RoleHeadAila.png	Assets/Product/Texture/Image/Role/RoleHeadAila6.png	Assets/Product/Texture/Image/Role/RoleHeadAila.png	Assets/Product/Texture/Image/RoleCharacter/RoleHeadAila1.png	Assets/Product/Texture/Image/RoleCharacter/RoleHeadAila1.png	Assets/Product/Texture/Image/Role/RoleHeadAila3.png	Assets/Product/Texture/Image/Role/RoleHeadAila5.png	Assets/Product/Texture/Image/IconToolsSp/RoleHeadAila2Sp.png	Assets/Product/Texture/Image/IconTools/RoleHeadAila2.png	Assets/Product/Texture/Image/RoleStory/AilaNormal01.png	Assets/Product/Texture/Image/RoleCharacterBig/RoleCharacterBigAilaNormal01.png	Assets/Product/Texture/Image/RoleCharacter/RoleHeadAila2.png	Assets/Product/Texture/Image/IconCoating/IconCoating6910105.png	Bip001LUpperArm	Assets/Product/Effect/Prefab/FxR2Aila/FxR2AilaPinzhiGuadianBip001LUpperArm.prefab	18										
6910106	1091002	1090106	逐声迷蝶	5	1023	往昔重绽系列——艾拉·溢彩	欧芹，鼠尾草，迷迭香，百里香……女巫将森林中的色彩采撷，与不灭的旋律、永恒的希冀和虹彩的幻想一同编织进她的魔法中。 于是蝶翼的精灵在纸面上留下环舞的圈迹，越过肆虐的暴风雨，将追寻之人带往魔笛之声传来的彼方。	Assets/Product/Texture/Image/IconToolsSp/Clo10910029301Sp.png	Assets/Product/Texture/Image/IconTools/Clo10910029301.png	[80040]	109294	32	14	Assets/Product/Texture/Image/Role/RoleHeadAila.png	Assets/Product/Texture/Image/Role/RoleHeadAila6.png	Assets/Product/Texture/Image/Role/RoleHeadAila.png	Assets/Product/Texture/Image/RoleCharacter/RoleHeadAila1.png	Assets/Product/Texture/Image/RoleCharacter/RoleHeadAila1.png	Assets/Product/Texture/Image/Role/RoleHeadAila3.png	Assets/Product/Texture/Image/Role/RoleHeadAila5.png	Assets/Product/Texture/Image/IconToolsSp/RoleHeadAila2Sp.png	Assets/Product/Texture/Image/IconTools/RoleHeadAila2.png	Assets/Product/Texture/Image/RoleStory/AilaNormal01.png	Assets/Product/Texture/Image/RoleCharacterBig/RoleCharacterBigAilaNormal01.png	Assets/Product/Texture/Image/RoleCharacter/RoleHeadAila2.png	Assets/Product/Texture/Image/IconCoating/IconCoating6910106.png	Bip001LUpperArm	Assets/Product/Effect/Prefab/FxR2Aila/FxR2AilaPinzhiGuadianBip001LUpperArm.prefab	18										
6410301	1041003	1040301	泛用式	1	9000	初始系列——比安卡·真理	构造体生产出来时配给的服装。	Assets/Product/Texture/Image/IconToolsSp/Clo10410030101Sp.png	Assets/Product/Texture/Image/IconTools/Clo10410030101.png	[19018]	104399	32	3	Assets/Product/Texture/Image/Role/RoleHeadBiankaSS.png	Assets/Product/Texture/Image/Role/RoleHeadBianka6SS.png	Assets/Product/Texture/Image/Role/RoleHeadBiankaSS.png	Assets/Product/Texture/Image/RoleCharacter/RoleHeadBianka1SS.png	Assets/Product/Texture/Image/RoleCharacter/RoleHeadBianka1SS.png	Assets/Product/Texture/Image/Role/RoleHeadBianka3SS.png	Assets/Product/Texture/Image/Role/RoleHeadBianka5SS.png	Assets/Product/Texture/Image/IconToolsSp/RoleHeadBianka2SSSp.png	Assets/Product/Texture/Image/IconTools/RoleHeadBianka2SS.png	Assets/Product/Texture/Image/RoleStory/R3BiankaNormal01.png	Assets/Product/Texture/Image/RoleCharacterBig/RoleCharacterBigR3BiankaNormal01.png	Assets/Product/Texture/Image/RoleCharacter/RoleHeadBianka2SS.png	Assets/Product/Texture/Image/IconCoating/IconCoating6310104.png	Bip001RUpperArm	Assets/Product/Effect/Prefab/FxR3Bianka/Common/FxR3BiankaPinzhiGuadianBip001RupperArm.prefab	19										
6410302	1041003	1040302	泛用式·改	2	9000	初始系列——比安卡·真理	构造体[初阶]解放后，获得权限根据爱好修改的服装。	Assets/Product/Texture/Image/IconToolsSp/Clo10410030102Sp.png	Assets/Product/Texture/Image/IconTools/Clo10410030102.png	[19018]	104398	32	6	Assets/Product/Texture/Image/Role/RoleHeadBiankaSS.png	Assets/Product/Texture/Image/Role/RoleHeadBianka6SS.png	Assets/Product/Texture/Image/Role/RoleHeadBiankaSS.png	Assets/Product/Texture/Image/RoleCharacter/RoleHeadBianka1SS.png	Assets/Product/Texture/Image/RoleCharacter/RoleHeadBianka1SS.png	Assets/Product/Texture/Image/Role/RoleHeadBianka3SS.png	Assets/Product/Texture/Image/Role/RoleHeadBianka5SS.png	Assets/Product/Texture/Image/IconToolsSp/RoleHeadBianka2SSSp.png	Assets/Product/Texture/Image/IconTools/RoleHeadBianka2SS.png	Assets/Product/Texture/Image/RoleStory/R3BiankaNormal01.png	Assets/Product/Texture/Image/RoleCharacterBig/RoleCharacterBigR3BiankaNormal01.png	Assets/Product/Texture/Image/RoleCharacter/RoleHeadBianka2SS.png	Assets/Product/Texture/Image/IconCoating/IconCoating6310104.png	Bip001RUpperArm	Assets/Product/Effect/Prefab/FxR3Bianka/Common/FxR3BiankaPinzhiGuadianBip001RupperArm.prefab	19										
6410303	1041003	1040303	泛用式·终	2	9000	初始系列——比安卡·真理	构造体[高阶]解放后，根据个人意愿修改的服装，完好的体现了本人意识海的特征。	Assets/Product/Texture/Image/IconToolsSp/Clo10410030103Sp.png	Assets/Product/Texture/Image/IconTools/Clo10410030103.png	[19018]	104397	32	9	Assets/Product/Texture/Image/Role/RoleHeadBiankaSS.png	Assets/Product/Texture/Image/Role/RoleHeadBianka6SS.png	Assets/Product/Texture/Image/Role/RoleHeadBiankaSS.png	Assets/Product/Texture/Image/RoleCharacter/RoleHeadBianka1SS.png	Assets/Product/Texture/Image/RoleCharacter/RoleHeadBianka1SS.png	Assets/Product/Texture/Image/Role/RoleHeadBianka3SS.png	Assets/Product/Texture/Image/Role/RoleHeadBianka5SS.png	Assets/Product/Texture/Image/IconToolsSp/RoleHeadBianka2SSSp.png	Assets/Product/Texture/Image/IconTools/RoleHeadBianka2SS.png	Assets/Product/Texture/Image/RoleStory/R3BiankaNormal01.png	Assets/Product/Texture/Image/RoleCharacterBig/RoleCharacterBigR3BiankaNormal01.png	Assets/Product/Texture/Image/RoleCharacter/RoleHeadBianka2SS.png	Assets/Product/Texture/Image/IconCoating/IconCoating6310104.png	Bip001RUpperArm	Assets/Product/Effect/Prefab/FxR3Bianka/Common/FxR3BiankaPinzhiGuadianBip001RupperArm.prefab	19										
6410304	1041003	1040304	零时合约	5	1009	新生活系列——比安卡·真理	“根据合约内容，指挥官，我将负责您接下来的起居住行。请别动，您的衣领乱了。”	Assets/Product/Texture/Image/IconToolsSp/Clo10410039101Sp.png	Assets/Product/Texture/Image/IconTools/Clo10410039101.png	[10016,80004]	104396	32	21	Assets/Product/Texture/Image/Role/RoleHeadBiankaSS.png	Assets/Product/Texture/Image/Role/RoleHeadBianka6SS.png	Assets/Product/Texture/Image/Role/RoleHeadBiankaSS.png	Assets/Product/Texture/Image/RoleCharacter/RoleHeadBianka1SS.png	Assets/Product/Texture/Image/RoleCharacter/RoleHeadBianka1SS.png	Assets/Product/Texture/Image/Role/RoleHeadBianka3SS.png	Assets/Product/Texture/Image/Role/RoleHeadBianka5SS.png	Assets/Product/Texture/Image/IconToolsSp/RoleHeadBianka2SSSp.png	Assets/Product/Texture/Image/IconTools/RoleHeadBianka2SS.png	Assets/Product/Texture/Image/RoleStory/R3BiankaNormal01.png	Assets/Product/Texture/Image/RoleCharacterBig/RoleCharacterBigR3BiankaNormal01.png	Assets/Product/Texture/Image/RoleCharacter/RoleHeadBianka2SS.png	Assets/Product/Texture/Image/IconCoating/IconCoating6410304.png	Bip001RUpperArm	Assets/Product/Effect/Prefab/FxR3Bianka/Common/FxR3BiankaPinzhiGuadianBip001RupperArm.prefab	19										
6410305	1041003	1040305	幽涧青卞	6	1014	霓裳系列——比安卡·真理	将灰鸦小队从九龙商船上获取的资料复原后制作的特别涂装，除了外装完全靠向九龙一方的审美以外还配备有扩展模块‘造影’，可以伪装机体本身放出的能量和形态，在一定程度上能够作为特别战术套组来使用，身上的荧光部分据称是艺术协会的得意之作。	Assets/Product/Texture/Image/IconToolsSp/Clo10410039141Sp.png	Assets/Product/Texture/Image/IconTools/Clo10410039141.png	[80021,80128]	104395	32	84	Assets/Product/Texture/Image/Role/RoleHeadBiankaSS.png	Assets/Product/Texture/Image/Role/RoleHeadBianka6SS.png	Assets/Product/Texture/Image/Role/RoleHeadSquare6410305.png	Assets/Product/Texture/Image/RoleCharacter/RoleHeadBianka1SS.png	Assets/Product/Texture/Image/RoleCharacter/RoleHead6410305.png	Assets/Product/Texture/Image/Role/RoleHeadSquare6410305.png	Assets/Product/Texture/Image/Role/RoleHeadBianka5SS.png	Assets/Product/Texture/Image/IconToolsSp/RoleHeadBianka2SSSp.png	Assets/Product/Texture/Image/IconTools/RoleHeadBianka2SS.png	Assets/Product/Texture/Image/RoleStory/R3BiankaNormal01.png	Assets/Product/Texture/Image/RoleCharacterBig/RoleCharacterBigR3BiankaNormal01.png	Assets/Product/Texture/Image/RoleCharacter/RoleHeadBianka2SS.png	Assets/Product/Texture/Image/IconCoating/IconCoating6410307.png	Bip001RUpperArm	Assets/Product/Effect/Prefab/FxR3Bianka/R3BiankaMd019141/FxR3BiankaPinzhiGuadianBip001RupperArm.prefab	49	9010703									
6410306	1041003	1040306	天赐恩典	6	1019	圣誓系列——比安卡·真理	天赐恩典，如此甘甜。 作为圣职者的她曾目送无数生命踏入神圣的殿堂。而作为构造体的她，从未想过自己也能穿上相类的服装，沐浴在圣光之下，在繁花的簇拥与夏虫的鸣贺之中，与君携手。	Assets/Product/Texture/Image/IconToolsSp/Clo10410039191Sp.png	Assets/Product/Texture/Image/IconTools/Clo10410039191.png		104394	32	84	Assets/Product/Texture/Image/Role/RoleHeadBiankaSS.png	Assets/Product/Texture/Image/Role/RoleHeadBianka6SS.png	Assets/Product/Texture/Image/Role/RoleHeadSquare6410306.png	Assets/Product/Texture/Image/RoleCharacter/RoleHeadBianka1SS.png	Assets/Product/Texture/Image/RoleCharacter/RoleHead6410306.png	Assets/Product/Texture/Image/Role/RoleHeadSquare6410306.png	Assets/Product/Texture/Image/Role/RoleHeadBianka5SS.png	Assets/Product/Texture/Image/IconToolsSp/RoleHeadBianka2SSSp.png	Assets/Product/Texture/Image/IconTools/RoleHeadBianka2SS.png	Assets/Product/Texture/Image/RoleStory/R3BiankaNormal01.png	Assets/Product/Texture/Image/RoleCharacterBig/RoleCharacterBigR3BiankaNormal01.png	Assets/Product/Texture/Image/RoleCharacter/RoleHeadBianka2SS.png	Assets/Product/Texture/Image/IconCoating/IconCoating6410305.png	Bip001RUpperArm	Assets/Product/Effect/Prefab/FxR3Bianka/R3BiankaMd019191/FxR3BiankaPinzhiGuadianBip001RupperArmH.prefab	74										
6410307	1041003	1040307	春围巡狩	6	1014	霓裳系列——比安卡·真理	灵感来自数千年前皇家春猎的古老仪典，融合传统弓射服饰设计，尽显贵族风韵。鸣镝离弦，以神祇之声击破禁锢世界的灾厄与苦痛，渡春意回归。	Assets/Product/Texture/Image/IconToolsSp/Clo10410039131Sp.png	Assets/Product/Texture/Image/IconTools/Clo10410039131.png	[80048,80049]	104393	32	84	Assets/Product/Texture/Image/Role/RoleHeadBiankaSS.png	Assets/Product/Texture/Image/Role/RoleHeadBianka6SS.png	Assets/Product/Texture/Image/Role/RoleHeadR3Bianka9SS.png	Assets/Product/Texture/Image/RoleCharacter/RoleHeadBianka1SS.png	Assets/Product/Texture/Image/RoleCharacter/RoleHeadR3Bianka9SS.png	Assets/Product/Texture/Image/Role/RoleHeadR3Bianka9SS.png	Assets/Product/Texture/Image/Role/RoleHeadBianka5SS.png	Assets/Product/Texture/Image/IconToolsSp/RoleHeadBianka2SSSp.png	Assets/Product/Texture/Image/IconTools/RoleHeadBianka2SS.png	Assets/Product/Texture/Image/RoleStory/R3BiankaNormal01.png	Assets/Product/Texture/Image/RoleCharacterBig/RoleCharacterBigR3BiankaNormal01.png	Assets/Product/Texture/Image/RoleCharacter/RoleHeadBianka2SS.png	Assets/Product/Texture/Image/IconCoating/IconCoating64103072.png	Bip001RUpperArm	Assets/Product/Effect/Prefab/FxR3Bianka/R3BiankaMd019131/FxR3BiankaPinzhiGuadianBip001RupperArmH.prefab	75	9010233									
6000101	1111002	1110201	泛用式	1	9000	初始系列——苏菲亚·银牙	构造体生产出来时配给的服装。	Assets/Product/Texture/Image/IconToolsSp/Clo11010010011Sp.png	Assets/Product/Texture/Image/IconTools/Clo11010010011.png	[19019]	111299	32	3	Assets/Product/Texture/Image/Role/RoleHeadSufeiya.png	Assets/Product/Texture/Image/Role/RoleHeadSufeiya6.png	Assets/Product/Texture/Image/Role/RoleHeadSufeiya.png	Assets/Product/Texture/Image/RoleCharacter/RoleHeadSufeiya1.png	Assets/Product/Texture/Image/RoleCharacter/RoleHeadSufeiya1.png	Assets/Product/Texture/Image/Role/RoleHeadSufeiya3.png	Assets/Product/Texture/Image/Role/RoleHeadSufeiya5.png	Assets/Product/Texture/Image/IconToolsSp/RoleHeadSufeiya2Sp.png	Assets/Product/Texture/Image/IconTools/RoleHeadSufeiya2.png	Assets/Product/Texture/Image/RoleStory/R2SufeiyaNormal01.png	Assets/Product/Texture/Image/RoleCharacterBig/RoleCharacterBigR2SufeiyaNormal01.png	Assets/Product/Texture/Image/RoleCharacter/RoleHeadSufeiya2.png	Assets/Product/Texture/Image/IconCoating/IconCoating6310104.png	Bip001RForearm	Assets/Product/Effect/Prefab/FxR2SufeiyaPrefab/FxR2SufeiyaPinzhiGuadianBip001RForearm.prefab	20										
6000102	1111002	1110202	泛用式·改	2	9000	初始系列——苏菲亚·银牙	构造体[初阶]解放后，获得权限根据爱好修改的服装。	Assets/Product/Texture/Image/IconToolsSp/Clo11010010012Sp.png	Assets/Product/Texture/Image/IconTools/Clo11010010012.png	[19019]	111298	32	6	Assets/Product/Texture/Image/Role/RoleHeadSufeiya.png	Assets/Product/Texture/Image/Role/RoleHeadSufeiya6.png	Assets/Product/Texture/Image/Role/RoleHeadSufeiya.png	Assets/Product/Texture/Image/RoleCharacter/RoleHeadSufeiya1.png	Assets/Product/Texture/Image/RoleCharacter/RoleHeadSufeiya1.png	Assets/Product/Texture/Image/Role/RoleHeadSufeiya3.png	Assets/Product/Texture/Image/Role/RoleHeadSufeiya5.png	Assets/Product/Texture/Image/IconToolsSp/RoleHeadSufeiya2Sp.png	Assets/Product/Texture/Image/IconTools/RoleHeadSufeiya2.png	Assets/Product/Texture/Image/RoleStory/R2SufeiyaNormal01.png	Assets/Product/Texture/Image/RoleCharacterBig/RoleCharacterBigR2SufeiyaNormal01.png	Assets/Product/Texture/Image/RoleCharacter/RoleHeadSufeiya2.png	Assets/Product/Texture/Image/IconCoating/IconCoating6310104.png	Bip001RForearm	Assets/Product/Effect/Prefab/FxR2SufeiyaPrefab/FxR2SufeiyaPinzhiGuadianBip001RForearm.prefab	20										
6000103	1111002	1110203	泛用式·终	2	9000	初始系列——苏菲亚·银牙	构造体[高阶]解放后，根据个人意愿修改的服装，完好的体现了本人意识海的特征。	Assets/Product/Texture/Image/IconToolsSp/Clo11010010013Sp.png	Assets/Product/Texture/Image/IconTools/Clo11010010013.png	[19019]	111297	32	9	Assets/Product/Texture/Image/Role/RoleHeadSufeiya.png	Assets/Product/Texture/Image/Role/RoleHeadSufeiya6.png	Assets/Product/Texture/Image/Role/RoleHeadSufeiya.png	Assets/Product/Texture/Image/RoleCharacter/RoleHeadSufeiya1.png	Assets/Product/Texture/Image/RoleCharacter/RoleHeadSufeiya1.png	Assets/Product/Texture/Image/Role/RoleHeadSufeiya3.png	Assets/Product/Texture/Image/Role/RoleHeadSufeiya5.png	Assets/Product/Texture/Image/IconToolsSp/RoleHeadSufeiya2Sp.png	Assets/Product/Texture/Image/IconTools/RoleHeadSufeiya2.png	Assets/Product/Texture/Image/RoleStory/R2SufeiyaNormal01.png	Assets/Product/Texture/Image/RoleCharacterBig/RoleCharacterBigR2SufeiyaNormal01.png	Assets/Product/Texture/Image/RoleCharacter/RoleHeadSufeiya2.png	Assets/Product/Texture/Image/IconCoating/IconCoating6310104.png	Bip001RForearm	Assets/Product/Effect/Prefab/FxR2SufeiyaPrefab/FxR2SufeiyaPinzhiGuadianBip001RForearm.prefab	20										
6000104	1111002	1110204	御座机工	5	1001	行进·阿迪莱 基地服系列——苏菲亚·银牙	“棘轮螺母六个，铣刀润滑剂两瓶…唔，还要带上砂纸和锉刀。”那么，接下来就该见识一下——阿迪莱最强机械师的技术了。	Assets/Product/Texture/Image/IconToolsSp/Clo11010019011Sp.png	Assets/Product/Texture/Image/IconTools/Clo11010019011.png	[10016,80004]	111296	32	21	Assets/Product/Texture/Image/Role/RoleHeadSufeiya.png	Assets/Product/Texture/Image/Role/RoleHeadSufeiya6.png	Assets/Product/Texture/Image/Role/RoleHeadSufeiya.png	Assets/Product/Texture/Image/RoleCharacter/RoleHeadSufeiya1.png	Assets/Product/Texture/Image/RoleCharacter/RoleHeadSufeiya1.png	Assets/Product/Texture/Image/Role/RoleHeadSufeiya3.png	Assets/Product/Texture/Image/Role/RoleHeadSufeiya5.png	Assets/Product/Texture/Image/IconToolsSp/RoleHeadSufeiya2Sp.png	Assets/Product/Texture/Image/IconTools/RoleHeadSufeiya2.png	Assets/Product/Texture/Image/RoleStory/R2SufeiyaNormal01.png	Assets/Product/Texture/Image/RoleCharacterBig/RoleCharacterBigR2SufeiyaNormal01.png	Assets/Product/Texture/Image/RoleCharacter/RoleHeadSufeiya2.png	Assets/Product/Texture/Image/IconCoating/IconCoating6000104.png	Bip001RForearm	Assets/Product/Effect/Prefab/FxR2SufeiyaPrefab/FxR2SufeiyaPinzhiGuadianBip001RForearm.prefab	20										
6000105	1111002	1110205	星砂夜行	5	1003	地平线系列——苏菲亚·银牙	这是根据苏菲亚对阿迪莱的回忆设计的涂装，它如同列车窗外无垠的沙海，覆盖列车天穹的清澈星夜一般，旨在让远行的苏菲亚有“阿迪莱从未远去”的感觉。	Assets/Product/Texture/Image/IconToolsSp/Clo11010019031Sp.png	Assets/Product/Texture/Image/IconTools/Clo11010019031.png	[10016,80004]	111295	32	21	Assets/Product/Texture/Image/Role/RoleHeadSufeiya.png	Assets/Product/Texture/Image/Role/RoleHeadSufeiya6.png	Assets/Product/Texture/Image/Role/RoleHeadSufeiya.png	Assets/Product/Texture/Image/RoleCharacter/RoleHeadSufeiya1.png	Assets/Product/Texture/Image/RoleCharacter/RoleHeadSufeiya1.png	Assets/Product/Texture/Image/Role/RoleHeadSufeiya3.png	Assets/Product/Texture/Image/Role/RoleHeadSufeiya5.png	Assets/Product/Texture/Image/IconToolsSp/RoleHeadSufeiya2Sp.png	Assets/Product/Texture/Image/IconTools/RoleHeadSufeiya2.png	Assets/Product/Texture/Image/RoleStory/R2SufeiyaNormal01.png	Assets/Product/Texture/Image/RoleCharacterBig/RoleCharacterBigR2SufeiyaNormal01.png	Assets/Product/Texture/Image/RoleCharacter/RoleHeadSufeiya2.png	Assets/Product/Texture/Image/IconCoating/IconCoating6000105.png	Bip001RForearm	Assets/Product/Effect/Prefab/FxR2SufeiyaPrefab/FxR2SufeiyaPinzhiGuadianBip001RForearm.prefab	20										
6000106	1111002	1110206	曼荼纱舞	5	1029	游诗歌谣系列——苏菲亚·银牙	根据阿迪莱商会民族传统服饰设计的涂装。纱装缠身，金饰作响，手足起落，六瓣的茶花在腰间徐徐盛开。舞姬的脸上波澜不惊，仅凭身姿惊艳所有观众。	Assets/Product/Texture/Image/IconToolsSp/Clo11010029231Sp.png	Assets/Product/Texture/Image/IconTools/Clo11010029231.png	[80059]	111294	32	14	Assets/Product/Texture/Image/Role/RoleHeadSufeiya.png	Assets/Product/Texture/Image/Role/RoleHeadSufeiya6.png	Assets/Product/Texture/Image/Role/RoleHeadSufeiya.png	Assets/Product/Texture/Image/RoleCharacter/RoleHeadSufeiya1.png	Assets/Product/Texture/Image/RoleCharacter/RoleHeadSufeiya1.png	Assets/Product/Texture/Image/Role/RoleHeadSufeiya3.png	Assets/Product/Texture/Image/Role/RoleHeadSufeiya5.png	Assets/Product/Texture/Image/IconToolsSp/RoleHeadSufeiya2Sp.png	Assets/Product/Texture/Image/IconTools/RoleHeadSufeiya2.png	Assets/Product/Texture/Image/RoleStory/R2SufeiyaNormal01.png	Assets/Product/Texture/Image/RoleCharacterBig/RoleCharacterBigR2SufeiyaNormal01.png	Assets/Product/Texture/Image/RoleCharacter/RoleHeadSufeiya2.png	Assets/Product/Texture/Image/IconCoating/IconCoating6000106.png	Bip001RForearm	Assets/Product/Effect/Prefab/FxR2SufeiyaPrefab/FxR2SufeiyaPinzhiGuadianBip001RForearm.prefab	20										
6000201	1121002	1120201	泛用式	1	9000	初始系列——库洛姆·弧光	构造体生产出来时配给的服装。	Assets/Product/Texture/Image/IconToolsSp/Clo11210020101Sp.png	Assets/Product/Texture/Image/IconTools/Clo11210020101.png	[19020]	112299	32	3	Assets/Product/Texture/Image/Role/RoleHeadKuluomu.png	Assets/Product/Texture/Image/Role/RoleHeadKuluomu6.png	Assets/Product/Texture/Image/Role/RoleHeadKuluomu.png	Assets/Product/Texture/Image/RoleCharacter/RoleHeadKuluomu1.png	Assets/Product/Texture/Image/RoleCharacter/RoleHeadKuluomu1.png	Assets/Product/Texture/Image/Role/RoleHeadKuluomu3.png	Assets/Product/Texture/Image/Role/RoleHeadKuluomu5.png	Assets/Product/Texture/Image/IconToolsSp/RoleHeadKuluomu2Sp.png	Assets/Product/Texture/Image/IconTools/RoleHeadKuluomu2.png	Assets/Product/Texture/Image/RoleStory/R2KuluomuNormal01.png	Assets/Product/Texture/Image/RoleCharacterBig/RoleCharacterBigR2KuluomuNormal01.png	Assets/Product/Texture/Image/RoleCharacter/RoleHeadKuluomu2.png	Assets/Product/Texture/Image/IconCoating/IconCoating6310104.png	Bip001RForearm	Assets/Product/Effect/Prefab/FxR2KuluomuPrefab/Common/FxR2KuluomuPinzhiGuadianBip001RForearm.prefab	21										
6000202	1121002	1120202	泛用式·改	2	9000	初始系列——库洛姆·弧光	构造体[初阶]解放后，获得权限根据爱好修改的服装。	Assets/Product/Texture/Image/IconToolsSp/Clo11210020102Sp.png	Assets/Product/Texture/Image/IconTools/Clo11210020102.png	[19020]	112298	32	6	Assets/Product/Texture/Image/Role/RoleHeadKuluomu.png	Assets/Product/Texture/Image/Role/RoleHeadKuluomu6.png	Assets/Product/Texture/Image/Role/RoleHeadKuluomu.png	Assets/Product/Texture/Image/RoleCharacter/RoleHeadKuluomu1.png	Assets/Product/Texture/Image/RoleCharacter/RoleHeadKuluomu1.png	Assets/Product/Texture/Image/Role/RoleHeadKuluomu3.png	Assets/Product/Texture/Image/Role/RoleHeadKuluomu5.png	Assets/Product/Texture/Image/IconToolsSp/RoleHeadKuluomu2Sp.png	Assets/Product/Texture/Image/IconTools/RoleHeadKuluomu2.png	Assets/Product/Texture/Image/RoleStory/R2KuluomuNormal01.png	Assets/Product/Texture/Image/RoleCharacterBig/RoleCharacterBigR2KuluomuNormal01.png	Assets/Product/Texture/Image/RoleCharacter/RoleHeadKuluomu2.png	Assets/Product/Texture/Image/IconCoating/IconCoating6310104.png	Bip001RForearm	Assets/Product/Effect/Prefab/FxR2KuluomuPrefab/Common/FxR2KuluomuPinzhiGuadianBip001RForearm.prefab	21										
6000203	1121002	1120203	泛用式·终	2	9000	初始系列——库洛姆·弧光	构造体[高阶]解放后，根据个人意愿修改的服装，完好的体现了本人意识海的特征。	Assets/Product/Texture/Image/IconToolsSp/Clo11210020103Sp.png	Assets/Product/Texture/Image/IconTools/Clo11210020103.png	[19020]	112297	32	9	Assets/Product/Texture/Image/Role/RoleHeadKuluomu.png	Assets/Product/Texture/Image/Role/RoleHeadKuluomu6.png	Assets/Product/Texture/Image/Role/RoleHeadKuluomu.png	Assets/Product/Texture/Image/RoleCharacter/RoleHeadKuluomu1.png	Assets/Product/Texture/Image/RoleCharacter/RoleHeadKuluomu1.png	Assets/Product/Texture/Image/Role/RoleHeadKuluomu3.png	Assets/Product/Texture/Image/Role/RoleHeadKuluomu5.png	Assets/Product/Texture/Image/IconToolsSp/RoleHeadKuluomu2Sp.png	Assets/Product/Texture/Image/IconTools/RoleHeadKuluomu2.png	Assets/Product/Texture/Image/RoleStory/R2KuluomuNormal01.png	Assets/Product/Texture/Image/RoleCharacterBig/RoleCharacterBigR2KuluomuNormal01.png	Assets/Product/Texture/Image/RoleCharacter/RoleHeadKuluomu2.png	Assets/Product/Texture/Image/IconCoating/IconCoating6310104.png	Bip001RForearm	Assets/Product/Effect/Prefab/FxR2KuluomuPrefab/Common/FxR2KuluomuPinzhiGuadianBip001RForearm.prefab	21										
6000204	1121002	1120204	噬梦机兵	5	1007	深度腐蚀系列——库洛姆·弧光	张狂而个性的涂装设计一悖使用者平日的风格，展现出使用者鲜为人知的一面。全装甲配备高密度生物过滤器，手臂与腿部装载的特制推动器使其具有极其可怕的爆发力与敏锐度。	Assets/Product/Texture/Image/IconToolsSp/Clo11210029071Sp.png	Assets/Product/Texture/Image/IconTools/Clo11210029071.png	[10016,80004]	112296	32	14	Assets/Product/Texture/Image/Role/RoleHeadKuluomu.png	Assets/Product/Texture/Image/Role/RoleHeadKuluomu6.png	Assets/Product/Texture/Image/Role/RoleHeadKuluomu.png	Assets/Product/Texture/Image/RoleCharacter/RoleHeadKuluomu1.png	Assets/Product/Texture/Image/RoleCharacter/RoleHeadKuluomu1.png	Assets/Product/Texture/Image/Role/RoleHeadKuluomu3.png	Assets/Product/Texture/Image/Role/RoleHeadKuluomu5.png	Assets/Product/Texture/Image/IconToolsSp/RoleHeadKuluomu2Sp.png	Assets/Product/Texture/Image/IconTools/RoleHeadKuluomu2.png	Assets/Product/Texture/Image/RoleStory/R2KuluomuNormal01.png	Assets/Product/Texture/Image/RoleCharacterBig/RoleCharacterBigR2KuluomuNormal01.png	Assets/Product/Texture/Image/RoleCharacter/RoleHeadKuluomu2.png	Assets/Product/Texture/Image/IconCoating/IconCoating6000204.png	Bip001RForearm	Assets/Product/Effect/Prefab/FxR2KuluomuPrefab/Common/FxR2KuluomuPinzhiGuadianBip001RForearm.prefab	21										
6000205	1121002	1120205	旧日回想	6	1009	新生活系列——库洛姆·弧光	为执行商贸潜入任务而制作的礼服样涂装，商务手提箱中隐藏着武器，内衬由加入了防弹材料以特殊手法纺织而成，在兼顾防御力的同时保持了华贵与轻盈。	Assets/Product/Texture/Image/IconToolsSp/Clo11210029101Sp.png	Assets/Product/Texture/Image/IconTools/Clo11210029101.png		112295	32	84	Assets/Product/Texture/Image/Role/RoleHeadKuluomu.png	Assets/Product/Texture/Image/Role/RoleHeadKuluomu6.png	Assets/Product/Texture/Image/Role/RoleHeadSquare6000205.png	Assets/Product/Texture/Image/RoleCharacter/RoleHeadKuluomu1.png	Assets/Product/Texture/Image/RoleCharacter/RoleHead6000205.png	Assets/Product/Texture/Image/Role/RoleHeadSquare6000205.png	Assets/Product/Texture/Image/Role/RoleHeadKuluomu5.png	Assets/Product/Texture/Image/IconToolsSp/RoleHeadKuluomu2Sp.png	Assets/Product/Texture/Image/IconTools/RoleHeadKuluomu2.png	Assets/Product/Texture/Image/RoleStory/R2KuluomuNormal01.png	Assets/Product/Texture/Image/RoleCharacterBig/RoleCharacterBigR2KuluomuNormal01.png	Assets/Product/Texture/Image/RoleCharacter/RoleHeadKuluomu2.png	Assets/Product/Texture/Image/IconCoating/IconCoating6000205.png	Bip001RForearm	Assets/Product/Effect/Prefab/FxR2KuluomuPrefab/R2KuluomuMd019101/FxR2KuluomuPinzhiGuadianBip001RForearmH.prefab	73	9010217									
6210401	1021004	1020401	泛用式	1	9000	初始系列——露西亚·鸦羽	构造体生产出来时配给的服装。	Assets/Product/Texture/Image/IconToolsSp/Clo10210040101Sp.png	Assets/Product/Texture/Image/IconTools/Clo10210040101.png	[19021]	102499	32	3	Assets/Product/Texture/Image/Role/RoleHeadR4Luxiya.png	Assets/Product/Texture/Image/Role/RoleHeadR4Luxiya6.png	Assets/Product/Texture/Image/Role/RoleHeadR4Luxiya.png	Assets/Product/Texture/Image/RoleCharacter/RoleHeadR4Luxiya1.png	Assets/Product/Texture/Image/RoleCharacter/RoleHeadR4Luxiya1.png	Assets/Product/Texture/Image/Role/RoleHeadR4Luxiya3.png	Assets/Product/Texture/Image/Role/RoleHeadR4Luxiya5.png	Assets/Product/Texture/Image/IconToolsSp/RoleHeadR4Luxiya2Sp.png	Assets/Product/Texture/Image/IconTools/RoleHeadR4Luxiya2.png	Assets/Product/Texture/Image/RoleStory/R4LuxiyaNormal04.png	Assets/Product/Texture/Image/RoleCharacterBig/RoleCharacterBigR4LuxiyaNormal01.png	Assets/Product/Texture/Image/RoleCharacter/RoleHeadR4Luxiya2.png	Assets/Product/Texture/Image/IconCoating/IconCoating6310104.png	Bip001RForearm	Assets/Product/Effect/Prefab/FxR4LuxiyaPrefab/Common/FxR4LuxiyaPinzhiGuadianBip001RForearm.prefab	22										
6210402	1021004	1020402	泛用式·改	2	9000	初始系列——露西亚·鸦羽	构造体[初阶]解放后，获得权限根据爱好修改的服装。	Assets/Product/Texture/Image/IconToolsSp/Clo10210040102Sp.png	Assets/Product/Texture/Image/IconTools/Clo10210040102.png	[19021]	102498	32	6	Assets/Product/Texture/Image/Role/RoleHeadR4Luxiya.png	Assets/Product/Texture/Image/Role/RoleHeadR4Luxiya6.png	Assets/Product/Texture/Image/Role/RoleHeadR4Luxiya.png	Assets/Product/Texture/Image/RoleCharacter/RoleHeadR4Luxiya1.png	Assets/Product/Texture/Image/RoleCharacter/RoleHeadR4Luxiya1.png	Assets/Product/Texture/Image/Role/RoleHeadR4Luxiya3.png	Assets/Product/Texture/Image/Role/RoleHeadR4Luxiya5.png	Assets/Product/Texture/Image/IconToolsSp/RoleHeadR4Luxiya2Sp.png	Assets/Product/Texture/Image/IconTools/RoleHeadR4Luxiya2.png	Assets/Product/Texture/Image/RoleStory/R4LuxiyaNormal04.png	Assets/Product/Texture/Image/RoleCharacterBig/RoleCharacterBigR4LuxiyaNormal01.png	Assets/Product/Texture/Image/RoleCharacter/RoleHeadR4Luxiya2.png	Assets/Product/Texture/Image/IconCoating/IconCoating6310104.png	Bip001RForearm	Assets/Product/Effect/Prefab/FxR4LuxiyaPrefab/Common/FxR4LuxiyaPinzhiGuadianBip001RForearm.prefab	22										
6210403	1021004	1020403	泛用式·终	2	9000	初始系列——露西亚·鸦羽	构造体[高阶]解放后，根据个人意愿修改的服装，完好的体现了本人意识海的特征。	Assets/Product/Texture/Image/IconToolsSp/Clo10210040103Sp.png	Assets/Product/Texture/Image/IconTools/Clo10210040103.png	[19021]	102497	32	9	Assets/Product/Texture/Image/Role/RoleHeadR4Luxiya.png	Assets/Product/Texture/Image/Role/RoleHeadR4Luxiya6.png	Assets/Product/Texture/Image/Role/RoleHeadR4Luxiya.png	Assets/Product/Texture/Image/RoleCharacter/RoleHeadR4Luxiya1.png	Assets/Product/Texture/Image/RoleCharacter/RoleHeadR4Luxiya1.png	Assets/Product/Texture/Image/Role/RoleHeadR4Luxiya3.png	Assets/Product/Texture/Image/Role/RoleHeadR4Luxiya5.png	Assets/Product/Texture/Image/IconToolsSp/RoleHeadR4Luxiya2Sp.png	Assets/Product/Texture/Image/IconTools/RoleHeadR4Luxiya2.png	Assets/Product/Texture/Image/RoleStory/R4LuxiyaNormal04.png	Assets/Product/Texture/Image/RoleCharacterBig/RoleCharacterBigR4LuxiyaNormal01.png	Assets/Product/Texture/Image/RoleCharacter/RoleHeadR4Luxiya2.png	Assets/Product/Texture/Image/IconCoating/IconCoating6310104.png	Bip001RForearm	Assets/Product/Effect/Prefab/FxR4LuxiyaPrefab/Common/FxR4LuxiyaPinzhiGuadianBip001RForearm.prefab	22										
6210404	1021004	1020404	朱云流霭	6	1014	霓裳系列——露西亚·鸦羽	呈现东方古典元素的涂装，流苏红带为饰，铜镜云纹相配，其搭载的扩展模块‘造影’专为露西亚的能量形态而改造。	Assets/Product/Texture/Image/IconToolsSp/Clo10210049141Sp.png	Assets/Product/Texture/Image/IconTools/Clo10210049141.png	[80001,80004]	102496	32	84	Assets/Product/Texture/Image/Role/RoleHeadR4Luxiya.png	Assets/Product/Texture/Image/Role/RoleHeadR4Luxiya6.png	Assets/Product/Texture/Image/Role/RoleHeadSquare6210404.png	Assets/Product/Texture/Image/RoleCharacter/RoleHeadR4Luxiya1.png	Assets/Product/Texture/Image/RoleCharacter/RoleHead6210404.png	Assets/Product/Texture/Image/Role/RoleHeadSquare6210404.png	Assets/Product/Texture/Image/Role/RoleHeadR4Luxiya5.png	Assets/Product/Texture/Image/IconToolsSp/RoleHeadR4Luxiya2Sp.png	Assets/Product/Texture/Image/IconTools/RoleHeadR4Luxiya2.png	Assets/Product/Texture/Image/RoleStory/R4LuxiyaNormal04.png	Assets/Product/Texture/Image/RoleCharacterBig/RoleCharacterBigR4LuxiyaNormal01.png	Assets/Product/Texture/Image/RoleCharacter/RoleHeadR4Luxiya2.png	Assets/Product/Texture/Image/IconCoating/IconCoating6210404.png	Bip001RForearm	Assets/Product/Effect/Prefab/FxR4LuxiyaPrefab/R4LuxiyaMd019141/FxR4LuxiyaPinzhiGuadianBip001RForearmH.prefab	72	9010211									
6210405	1021004	1020405	鳞波沫舞	6	1027	阔海秘闻系列——露西亚·鸦羽	藏起鳞片，远离海波，付出诸多代价，终于与那人相遇。 此刻，立足于大地的双脚，在那人眼前随双臂起落，在裙摆间飞舞。 即使知晓最终的结局或许会是化作泡影，仅在此刻 只愿一心一意，为珍重之人献上舞蹈，深深感动那人的心。 ——一如初遇时，那人撼动自己的心一般。	Assets/Product/Texture/Image/IconToolsSp/Clo10210049271Sp.png	Assets/Product/Texture/Image/IconTools/Clo10210049271.png	[80026]	102495	32	84	Assets/Product/Texture/Image/Role/RoleHeadR4Luxiya.png	Assets/Product/Texture/Image/Role/RoleHeadR4Luxiya6.png	Assets/Product/Texture/Image/Role/RoleHeadSquare6210405.png	Assets/Product/Texture/Image/RoleCharacter/RoleHeadR4Luxiya1.png	Assets/Product/Texture/Image/RoleCharacter/RoleHead6210405.png	Assets/Product/Texture/Image/Role/RoleHeadSquare6210405.png	Assets/Product/Texture/Image/Role/RoleHeadR4Luxiya5.png	Assets/Product/Texture/Image/IconToolsSp/RoleHeadR4Luxiya2Sp.png	Assets/Product/Texture/Image/IconTools/RoleHeadR4Luxiya2.png	Assets/Product/Texture/Image/RoleStory/R4LuxiyaNormal04.png	Assets/Product/Texture/Image/RoleCharacterBig/RoleCharacterBigR4LuxiyaNormal01.png	Assets/Product/Texture/Image/RoleCharacter/RoleHeadR4Luxiya2.png	Assets/Product/Texture/Image/IconCoating/IconCoating6210405.png	Bip001RForearm	Assets/Product/Effect/Prefab/FxR4LuxiyaPrefab/R4LuxiyaMd019271/FxR4LuxiyaPinzhiGuadianBip001RForearmH.prefab	71										
6210406	1021004	1020406	罪誓茜羽	6	1028	放逐乐园系列——露西亚·鸦羽	在深沉的黑夜背向神明，以生命咏唱禁忌的咒语，燃烧的烛影间摇曳着熟悉的少女的面庞，即使曾历经长久的别离，彼此的契约与誓言终将点亮失落的记忆，遗失之物也会被尽数寻回。 “……谨遵黯红之契，前来履约。”	Assets/Product/Texture/Image/IconToolsSp/Clo10210049281Sp.png	Assets/Product/Texture/Image/IconTools/Clo10210049281.png	[80098]	102494	32	84	Assets/Product/Texture/Image/Role/RoleHeadR4Luxiya.png	Assets/Product/Texture/Image/Role/RoleHeadR4Luxiya6.png	Assets/Product/Texture/Image/Role/RoleHeadR4Luxiya9.png	Assets/Product/Texture/Image/RoleCharacter/RoleHeadR4Luxiya1.png	Assets/Product/Texture/Image/RoleCharacter/RoleHeadR4Luxiya9.png	Assets/Product/Texture/Image/Role/RoleHeadR4Luxiya9.png	Assets/Product/Texture/Image/Role/RoleHeadR4Luxiya5.png	Assets/Product/Texture/Image/IconToolsSp/RoleHeadR4Luxiya2Sp.png	Assets/Product/Texture/Image/IconTools/RoleHeadR4Luxiya2.png	Assets/Product/Texture/Image/RoleStory/R4LuxiyaNormal04.png	Assets/Product/Texture/Image/RoleCharacterBig/RoleCharacterBigR4LuxiyaNormal01.png	Assets/Product/Texture/Image/RoleCharacter/RoleHeadR4Luxiya2.png	Assets/Product/Texture/Image/IconCoating/IconCoating6210406.png	Bip001RForearm	Assets/Product/Effect/Prefab/FxR4LuxiyaPrefab/R4LuxiyaMd019281/FxR4LuxiyaPinzhiGuadianBip001RForearm.prefab	60	9010248									
6000301	1131002	1130201	泛用式	1	9000	初始系列——薇拉·瑰丽	构造体生产出来时配给的服装。	Assets/Product/Texture/Image/IconToolsSp/Clo11310020101Sp.png	Assets/Product/Texture/Image/IconTools/Clo11310020101.png	[19022]	113299	32	3	Assets/Product/Texture/Image/Role/RoleHeadWeila.png	Assets/Product/Texture/Image/Role/RoleHeadWeila6.png	Assets/Product/Texture/Image/Role/RoleHeadWeila.png	Assets/Product/Texture/Image/RoleCharacter/RoleHeadWeila1.png	Assets/Product/Texture/Image/RoleCharacter/RoleHeadWeila1.png	Assets/Product/Texture/Image/Role/RoleHeadWeila3.png	Assets/Product/Texture/Image/Role/RoleHeadWeila5.png	Assets/Product/Texture/Image/IconToolsSp/RoleHeadWeila2Sp.png	Assets/Product/Texture/Image/IconTools/RoleHeadWeila2.png	Assets/Product/Texture/Image/RoleStory/R2WeilaNormal01.png	Assets/Product/Texture/Image/RoleCharacterBig/RoleCharacterBigR2WeilaNormal01.png	Assets/Product/Texture/Image/RoleCharacter/RoleHeadWeila2.png	Assets/Product/Texture/Image/IconCoating/IconCoating6310104.png	Bip001RForearm	Assets/Product/Effect/Prefab/FxR2WeilaPrefab/Common/FxR2WeilaPinzhiGuadianBip001RForearm.prefab	23										
6000302	1131002	1130202	泛用式·改	2	9000	初始系列——薇拉·瑰丽	构造体[初阶]解放后，获得权限根据爱好修改的服装。	Assets/Product/Texture/Image/IconToolsSp/Clo11310020102Sp.png	Assets/Product/Texture/Image/IconTools/Clo11310020102.png	[19022]	113298	32	6	Assets/Product/Texture/Image/Role/RoleHeadWeila.png	Assets/Product/Texture/Image/Role/RoleHeadWeila6.png	Assets/Product/Texture/Image/Role/RoleHeadWeila.png	Assets/Product/Texture/Image/RoleCharacter/RoleHeadWeila1.png	Assets/Product/Texture/Image/RoleCharacter/RoleHeadWeila1.png	Assets/Product/Texture/Image/Role/RoleHeadWeila3.png	Assets/Product/Texture/Image/Role/RoleHeadWeila5.png	Assets/Product/Texture/Image/IconToolsSp/RoleHeadWeila2Sp.png	Assets/Product/Texture/Image/IconTools/RoleHeadWeila2.png	Assets/Product/Texture/Image/RoleStory/R2WeilaNormal01.png	Assets/Product/Texture/Image/RoleCharacterBig/RoleCharacterBigR2WeilaNormal01.png	Assets/Product/Texture/Image/RoleCharacter/RoleHeadWeila2.png	Assets/Product/Texture/Image/IconCoating/IconCoating6310104.png	Bip001RForearm	Assets/Product/Effect/Prefab/FxR2WeilaPrefab/Common/FxR2WeilaPinzhiGuadianBip001RForearm.prefab	23										
6000303	1131002	1130203	泛用式·终	2	9000	初始系列——薇拉·瑰丽	构造体[高阶]解放后，根据个人意愿修改的服装，完好的体现了本人意识海的特征。	Assets/Product/Texture/Image/IconToolsSp/Clo11310020103Sp.png	Assets/Product/Texture/Image/IconTools/Clo11310020103.png	[19022]	113297	32	9	Assets/Product/Texture/Image/Role/RoleHeadWeila.png	Assets/Product/Texture/Image/Role/RoleHeadWeila6.png	Assets/Product/Texture/Image/Role/RoleHeadWeila.png	Assets/Product/Texture/Image/RoleCharacter/RoleHeadWeila1.png	Assets/Product/Texture/Image/RoleCharacter/RoleHeadWeila1.png	Assets/Product/Texture/Image/Role/RoleHeadWeila3.png	Assets/Product/Texture/Image/Role/RoleHeadWeila5.png	Assets/Product/Texture/Image/IconToolsSp/RoleHeadWeila2Sp.png	Assets/Product/Texture/Image/IconTools/RoleHeadWeila2.png	Assets/Product/Texture/Image/RoleStory/R2WeilaNormal01.png	Assets/Product/Texture/Image/RoleCharacterBig/RoleCharacterBigR2WeilaNormal01.png	Assets/Product/Texture/Image/RoleCharacter/RoleHeadWeila2.png	Assets/Product/Texture/Image/IconCoating/IconCoating6310104.png	Bip001RForearm	Assets/Product/Effect/Prefab/FxR2WeilaPrefab/Common/FxR2WeilaPinzhiGuadianBip001RForearm.prefab	23										
6000304	1131002	1130204	殛夜残响	5	1009	新生活系列——薇拉·瑰丽	以黄金时代诸多朋克乐手的服装元素为主轴设计的装饰性服饰。虽然没有什么功能性，但穿上它总让人有一种想跳上舞台高歌一曲，然后把吉他狠狠砸烂的冲动。	Assets/Product/Texture/Image/IconToolsSp/Clo11310029181Sp.png	Assets/Product/Texture/Image/IconTools/Clo11310029181.png	[10016,80004]	113296	32	14	Assets/Product/Texture/Image/Role/RoleHeadWeila.png	Assets/Product/Texture/Image/Role/RoleHeadWeila6.png	Assets/Product/Texture/Image/Role/RoleHeadWeila.png	Assets/Product/Texture/Image/RoleCharacter/RoleHeadWeila1.png	Assets/Product/Texture/Image/RoleCharacter/RoleHeadWeila1.png	Assets/Product/Texture/Image/Role/RoleHeadWeila3.png	Assets/Product/Texture/Image/Role/RoleHeadWeila5.png	Assets/Product/Texture/Image/IconToolsSp/RoleHeadWeila2Sp.png	Assets/Product/Texture/Image/IconTools/RoleHeadWeila2.png	Assets/Product/Texture/Image/RoleStory/R2WeilaNormal01.png	Assets/Product/Texture/Image/RoleCharacterBig/RoleCharacterBigR2WeilaNormal01.png	Assets/Product/Texture/Image/RoleCharacter/RoleHeadWeila2.png	Assets/Product/Texture/Image/IconCoating/IconCoating6000304.png	Bip001RForearm	Assets/Product/Effect/Prefab/FxR2WeilaPrefab/Common/FxR2WeilaPinzhiGuadianBip001RForearm.prefab	23										
6000305	1131002	1130205	残恸解脱	5	1007	深度腐蚀系列——薇拉·瑰丽	于残酷的牢笼中绽放的凄戾之花，将那恐惧与其目光交汇的对手，代之以甘美的鲜红浸染。在赐予解脱前，她会收下即使身死也将与她始终相连的，无边无际的痛楚。 “须臾的救赎苍白虚幻，唯有苦痛永不褪色。”	Assets/Product/Texture/Image/IconToolsSp/Clo11310029041Sp.png	Assets/Product/Texture/Image/IconTools/Clo11310029041.png	[80082]	113295	32	14	Assets/Product/Texture/Image/Role/RoleHeadWeila.png	Assets/Product/Texture/Image/Role/RoleHeadWeila6.png	Assets/Product/Texture/Image/Role/RoleHeadWeila.png	Assets/Product/Texture/Image/RoleCharacter/RoleHeadWeila1.png	Assets/Product/Texture/Image/RoleCharacter/RoleHeadWeila1.png	Assets/Product/Texture/Image/Role/RoleHeadWeila3.png	Assets/Product/Texture/Image/Role/RoleHeadWeila5.png	Assets/Product/Texture/Image/IconToolsSp/RoleHeadWeila2Sp.png	Assets/Product/Texture/Image/IconTools/RoleHeadWeila2.png	Assets/Product/Texture/Image/RoleStory/R2WeilaNormal01.png	Assets/Product/Texture/Image/RoleCharacterBig/RoleCharacterBigR2WeilaNormal01.png	Assets/Product/Texture/Image/RoleCharacter/RoleHeadWeila2.png	Assets/Product/Texture/Image/IconCoating/IconCoating6000305.png	Bip001RForearm	Assets/Product/Effect/Prefab/FxR2WeilaPrefab/Common/FxR2WeilaPinzhiGuadianBip001RForearm.prefab	23										
6000401	1511003	1511301	泛用式	1	9000	初始系列——卡穆·狂犬	构造体配给到的初始涂装。	Assets/Product/Texture/Image/IconToolsSp/Clo15110030101Sp.png	Assets/Product/Texture/Image/IconTools/Clo15110030101.png	[19023]	151299	32	3	Assets/Product/Texture/Image/Role/RoleHeadKamu.png	Assets/Product/Texture/Image/Role/RoleHeadKamu6.png	Assets/Product/Texture/Image/Role/RoleHeadKamu.png	Assets/Product/Texture/Image/RoleCharacter/RoleHeadKamu1.png	Assets/Product/Texture/Image/RoleCharacter/RoleHeadKamu1.png	Assets/Product/Texture/Image/Role/RoleHeadKamu3.png	Assets/Product/Texture/Image/Role/RoleHeadKamu5.png	Assets/Product/Texture/Image/IconToolsSp/RoleHeadKamu2Sp.png	Assets/Product/Texture/Image/IconTools/RoleHeadKamu2.png	Assets/Product/Texture/Image/RoleStory/R2KamuNormal01.png	Assets/Product/Texture/Image/RoleCharacterBig/RoleCharacterBigR2KamuNormal01.png	Assets/Product/Texture/Image/RoleCharacter/RoleHeadKamu2.png	Assets/Product/Texture/Image/IconCoating/IconCoating6310104.png	Bip001RForearm	Assets/Product/Effect/Prefab/FxR2KamuPrefab/Common/FxR2KamuPinzhiGuadianBip001RForearm.prefab	24										
6000402	1511003	1511302	泛用式·改	2	9000	初始系列——卡穆·狂犬	构造体进行解放后，获得的性能强化版涂装。	Assets/Product/Texture/Image/IconToolsSp/Clo15110030102Sp.png	Assets/Product/Texture/Image/IconTools/Clo15110030102.png	[19023]	151298	32	6	Assets/Product/Texture/Image/Role/RoleHeadKamu.png	Assets/Product/Texture/Image/Role/RoleHeadKamu6.png	Assets/Product/Texture/Image/Role/RoleHeadKamu.png	Assets/Product/Texture/Image/RoleCharacter/RoleHeadKamu1.png	Assets/Product/Texture/Image/RoleCharacter/RoleHeadKamu1.png	Assets/Product/Texture/Image/Role/RoleHeadKamu3.png	Assets/Product/Texture/Image/Role/RoleHeadKamu5.png	Assets/Product/Texture/Image/IconToolsSp/RoleHeadKamu2Sp.png	Assets/Product/Texture/Image/IconTools/RoleHeadKamu2.png	Assets/Product/Texture/Image/RoleStory/R2KamuNormal01.png	Assets/Product/Texture/Image/RoleCharacterBig/RoleCharacterBigR2KamuNormal01.png	Assets/Product/Texture/Image/RoleCharacter/RoleHeadKamu2.png	Assets/Product/Texture/Image/IconCoating/IconCoating6310104.png	Bip001RForearm	Assets/Product/Effect/Prefab/FxR2KamuPrefab/Common/FxR2KamuPinzhiGuadianBip001RForearm.prefab	24										
6000403	1511003	1511303	泛用式·终	2	9000	初始系列——卡穆·狂犬	构造体解放到终阶后，获得的最终型涂装。	Assets/Product/Texture/Image/IconToolsSp/Clo15110030103Sp.png	Assets/Product/Texture/Image/IconTools/Clo15110030103.png	[19023]	151297	32	9	Assets/Product/Texture/Image/Role/RoleHeadKamu.png	Assets/Product/Texture/Image/Role/RoleHeadKamu6.png	Assets/Product/Texture/Image/Role/RoleHeadKamu.png	Assets/Product/Texture/Image/RoleCharacter/RoleHeadKamu1.png	Assets/Product/Texture/Image/RoleCharacter/RoleHeadKamu1.png	Assets/Product/Texture/Image/Role/RoleHeadKamu3.png	Assets/Product/Texture/Image/Role/RoleHeadKamu5.png	Assets/Product/Texture/Image/IconToolsSp/RoleHeadKamu2Sp.png	Assets/Product/Texture/Image/IconTools/RoleHeadKamu2.png	Assets/Product/Texture/Image/RoleStory/R2KamuNormal01.png	Assets/Product/Texture/Image/RoleCharacterBig/RoleCharacterBigR2KamuNormal01.png	Assets/Product/Texture/Image/RoleCharacter/RoleHeadKamu2.png	Assets/Product/Texture/Image/IconCoating/IconCoating6310104.png	Bip001RForearm	Assets/Product/Effect/Prefab/FxR2KamuPrefab/Common/FxR2KamuPinzhiGuadianBip001RForearm.prefab	24										
6000404	1511003	1511304	波旬夜叉	5	1009	新生活系列——卡穆·狂犬	以东方的一种传统服饰为基础的设计，虽然只是普通的祭典用装扮，但是配合卡穆的异化逆元装置却有一种黄金时代传说中食人恶鬼的可怖感。	Assets/Product/Texture/Image/IconToolsSp/Clo15110039161Sp.png	Assets/Product/Texture/Image/IconTools/Clo15110039161.png	[10016,80004]	151296	32	14	Assets/Product/Texture/Image/Role/RoleHeadKamu.png	Assets/Product/Texture/Image/Role/RoleHeadKamu6.png	Assets/Product/Texture/Image/Role/RoleHeadKamu.png	Assets/Product/Texture/Image/RoleCharacter/RoleHeadKamu1.png	Assets/Product/Texture/Image/RoleCharacter/RoleHeadKamu1.png	Assets/Product/Texture/Image/Role/RoleHeadKamu3.png	Assets/Product/Texture/Image/Role/RoleHeadKamu5.png	Assets/Product/Texture/Image/IconToolsSp/RoleHeadKamu2Sp.png	Assets/Product/Texture/Image/IconTools/RoleHeadKamu2.png	Assets/Product/Texture/Image/RoleStory/R2KamuNormal01.png	Assets/Product/Texture/Image/RoleCharacterBig/RoleCharacterBigR2KamuNormal01.png	Assets/Product/Texture/Image/RoleCharacter/RoleHeadKamu2.png	Assets/Product/Texture/Image/IconCoating/IconCoating6000404.png	Bip001RForearm	Assets/Product/Effect/Prefab/FxR2KamuPrefab/Common/FxR2KamuPinzhiGuadianBip001RForearm.prefab	24										
6000405	1511003	1511305	狱门魔守	5	1028	放逐乐园系列——卡穆·狂犬	他驻守在狱火焚烧的门前，被人视作死亡，视作不祥。途经此处的生者投他以恐惧目光，他也回报以冷锐凶光。 匆匆离去的生者从未知晓，他是如何尽职，在千百次万圣之夜来临时，一次又一次护得命数未尽之人远离死境。	Assets/Product/Texture/Image/IconToolsSp/Clo15110039201Sp.png	Assets/Product/Texture/Image/IconTools/Clo15110039201.png	[80032]	151295	32	14	Assets/Product/Texture/Image/Role/RoleHeadKamu.png	Assets/Product/Texture/Image/Role/RoleHeadKamu6.png	Assets/Product/Texture/Image/Role/RoleHeadKamu.png	Assets/Product/Texture/Image/RoleCharacter/RoleHeadKamu1.png	Assets/Product/Texture/Image/RoleCharacter/RoleHeadKamu1.png	Assets/Product/Texture/Image/Role/RoleHeadKamu3.png	Assets/Product/Texture/Image/Role/RoleHeadKamu5.png	Assets/Product/Texture/Image/IconToolsSp/RoleHeadKamu2Sp.png	Assets/Product/Texture/Image/IconTools/RoleHeadKamu2.png	Assets/Product/Texture/Image/RoleStory/R2KamuNormal01.png	Assets/Product/Texture/Image/RoleCharacterBig/RoleCharacterBigR2KamuNormal01.png	Assets/Product/Texture/Image/RoleCharacter/RoleHeadKamu2.png	Assets/Product/Texture/Image/IconCoating/IconCoating6000405.png	Bip001RForearm	Assets/Product/Effect/Prefab/FxR2KamuPrefab/Common/FxR2KamuPinzhiGuadianBip001RForearm.prefab	24		2099/10/29 10:00								
6000406	1511003	1511306	讫夜冥魑	5	1028	放逐乐园系列——卡穆·狂犬	冥河深处的混沌裂开一道缝隙，沉眠已久的魔王睁开双眼，被束缚的伟力重新在周身流淌。 眼角流下诅咒，世代堆叠的封印也从背后剥离，他活动着指节，终于将目光投向座下来人。 唤醒魔王的代价，就在此刻交付吧。	Assets/Product/Texture/Image/IconToolsSp/Clo15110039202Sp.png	Assets/Product/Texture/Image/IconTools/Clo15110039202.png	[80133]	151295	32	14	Assets/Product/Texture/Image/Role/RoleHeadKamu.png	Assets/Product/Texture/Image/Role/RoleHeadKamu6.png	Assets/Product/Texture/Image/Role/RoleHeadKamu.png	Assets/Product/Texture/Image/RoleCharacter/RoleHeadKamu1.png	Assets/Product/Texture/Image/RoleCharacter/RoleHeadKamu1.png	Assets/Product/Texture/Image/Role/RoleHeadKamu3.png	Assets/Product/Texture/Image/Role/RoleHeadKamu5.png	Assets/Product/Texture/Image/IconToolsSp/RoleHeadKamu2Sp.png	Assets/Product/Texture/Image/IconTools/RoleHeadKamu2.png	Assets/Product/Texture/Image/RoleStory/R2KamuNormal01.png	Assets/Product/Texture/Image/RoleCharacterBig/RoleCharacterBigR2KamuNormal01.png	Assets/Product/Texture/Image/RoleCharacter/RoleHeadKamu2.png	Assets/Product/Texture/Image/IconCoating/IconCoating6000406.png	Bip001RForearm	Assets/Product/Effect/Prefab/FxR2KamuPrefab/Common/FxR2KamuPinzhiGuadianBip001RForearm.prefab	24										
6000501	1141003	1140301	泛用式	1	9000	初始系列——罗塞塔·凛冽	构造体生产出来时配给的服装。	Assets/Product/Texture/Image/IconToolsSp/Clo11410030101Sp.png	Assets/Product/Texture/Image/IconTools/Clo11410030101.png	[19024]	114399	32	3	Assets/Product/Texture/Image/Role/RoleHeadLuosaita.png	Assets/Product/Texture/Image/Role/RoleHeadLuosaita6.png	Assets/Product/Texture/Image/Role/RoleHeadLuosaita.png	Assets/Product/Texture/Image/RoleCharacter/RoleHeadLuosaita1.png	Assets/Product/Texture/Image/RoleCharacter/RoleHeadLuosaita1.png	Assets/Product/Texture/Image/Role/RoleHeadLuosaita3.png	Assets/Product/Texture/Image/Role/RoleHeadLuosaita5.png	Assets/Product/Texture/Image/IconToolsSp/RoleHeadLuosaita2Sp.png	Assets/Product/Texture/Image/IconTools/RoleHeadLuosaita2.png	Assets/Product/Texture/Image/RoleStory/LuosaitaNormal05.png	Assets/Product/Texture/Image/RoleCharacterBig/RoleCharacterBigR3LuosaitaNormal01.png	Assets/Product/Texture/Image/RoleCharacter/RoleHeadLuosaita2.png	Assets/Product/Texture/Image/IconCoating/IconCoating6310104.png	Bip001LForearm	Assets/Product/Effect/Prefab/FxR3LuosaitaPrefab/Common/FxR3LuosaitaPinzhiGuadianBip001LForearm.prefab	25										
6000502	1141003	1140302	泛用式·改	2	9000	初始系列——罗塞塔·凛冽	构造体[初阶]解放后，获得权限根据爱好修改的服装。	Assets/Product/Texture/Image/IconToolsSp/Clo11410030102Sp.png	Assets/Product/Texture/Image/IconTools/Clo11410030102.png	[19024]	114398	32	6	Assets/Product/Texture/Image/Role/RoleHeadLuosaita.png	Assets/Product/Texture/Image/Role/RoleHeadLuosaita6.png	Assets/Product/Texture/Image/Role/RoleHeadLuosaita.png	Assets/Product/Texture/Image/RoleCharacter/RoleHeadLuosaita1.png	Assets/Product/Texture/Image/RoleCharacter/RoleHeadLuosaita1.png	Assets/Product/Texture/Image/Role/RoleHeadLuosaita3.png	Assets/Product/Texture/Image/Role/RoleHeadLuosaita5.png	Assets/Product/Texture/Image/IconToolsSp/RoleHeadLuosaita2Sp.png	Assets/Product/Texture/Image/IconTools/RoleHeadLuosaita2.png	Assets/Product/Texture/Image/RoleStory/LuosaitaNormal05.png	Assets/Product/Texture/Image/RoleCharacterBig/RoleCharacterBigR3LuosaitaNormal01.png	Assets/Product/Texture/Image/RoleCharacter/RoleHeadLuosaita2.png	Assets/Product/Texture/Image/IconCoating/IconCoating6310104.png	Bip001LForearm	Assets/Product/Effect/Prefab/FxR3LuosaitaPrefab/Common/FxR3LuosaitaPinzhiGuadianBip001LForearm.prefab	25										
6000503	1141003	1140303	泛用式·终	2	9000	初始系列——罗塞塔·凛冽	构造体[高阶]解放后，根据个人意愿修改的服装，完好的体现了本人意识海的特征。	Assets/Product/Texture/Image/IconToolsSp/Clo11410030103Sp.png	Assets/Product/Texture/Image/IconTools/Clo11410030103.png	[19024]	114397	32	9	Assets/Product/Texture/Image/Role/RoleHeadLuosaita.png	Assets/Product/Texture/Image/Role/RoleHeadLuosaita6.png	Assets/Product/Texture/Image/Role/RoleHeadLuosaita.png	Assets/Product/Texture/Image/RoleCharacter/RoleHeadLuosaita1.png	Assets/Product/Texture/Image/RoleCharacter/RoleHeadLuosaita1.png	Assets/Product/Texture/Image/Role/RoleHeadLuosaita3.png	Assets/Product/Texture/Image/Role/RoleHeadLuosaita5.png	Assets/Product/Texture/Image/IconToolsSp/RoleHeadLuosaita2Sp.png	Assets/Product/Texture/Image/IconTools/RoleHeadLuosaita2.png	Assets/Product/Texture/Image/RoleStory/LuosaitaNormal05.png	Assets/Product/Texture/Image/RoleCharacterBig/RoleCharacterBigR3LuosaitaNormal01.png	Assets/Product/Texture/Image/RoleCharacter/RoleHeadLuosaita2.png	Assets/Product/Texture/Image/IconCoating/IconCoating6310104.png	Bip001LForearm	Assets/Product/Effect/Prefab/FxR3LuosaitaPrefab/Common/FxR3LuosaitaPinzhiGuadianBip001LForearm.prefab	25										
6000504	1141003	1140304	灰都骑士	5	1003	地平线系列——罗塞塔·凛冽	如同象征守林人荣耀一般的高洁骑士姿态，闪光的长矛如旗帜般闪耀于军阵中为同袍带来勇气；其英姿飒爽的模样让人不禁为之侧目。	Assets/Product/Texture/Image/IconToolsSp/Clo11410039031Sp.png	Assets/Product/Texture/Image/IconTools/Clo11410039031.png	[10016,80004]	114396	32	14	Assets/Product/Texture/Image/Role/RoleHeadLuosaita.png	Assets/Product/Texture/Image/Role/RoleHeadLuosaita6.png	Assets/Product/Texture/Image/Role/RoleHeadLuosaita.png	Assets/Product/Texture/Image/RoleCharacter/RoleHeadLuosaita1.png	Assets/Product/Texture/Image/RoleCharacter/RoleHeadLuosaita1.png	Assets/Product/Texture/Image/Role/RoleHeadLuosaita3.png	Assets/Product/Texture/Image/Role/RoleHeadLuosaita5.png	Assets/Product/Texture/Image/IconToolsSp/RoleHeadLuosaita2Sp.png	Assets/Product/Texture/Image/IconTools/RoleHeadLuosaita2.png	Assets/Product/Texture/Image/RoleStory/LuosaitaNormal05.png	Assets/Product/Texture/Image/RoleCharacterBig/RoleCharacterBigR3LuosaitaNormal01.png	Assets/Product/Texture/Image/RoleCharacter/RoleHeadLuosaita2.png	Assets/Product/Texture/Image/IconCoating/IconCoating6000504.png	Bip001LForearm	Assets/Product/Effect/Prefab/FxR3LuosaitaPrefab/Common/FxR3LuosaitaPinzhiGuadianBip001LForearm.prefab	25										
6000505	1141003	1140305	旌风雪冠	6	1029	游诗歌谣系列——罗塞塔·凛冽	即便万物静默不语，她手中闪烁着寒雪之光的长枪也不会放下。 守卫、拯救与矜贵的誓言便是她向世界交付的答案。 于霜雪之中向您致敬，第一位发觉她傲立于此的……因缘之人。	Assets/Product/Texture/Image/IconToolsSp/Clo11410039241Sp.png	Assets/Product/Texture/Image/IconTools/Clo11410039241.png	[80010]	114395	32	84	Assets/Product/Texture/Image/Role/RoleHeadLuosaita.png	Assets/Product/Texture/Image/Role/RoleHeadLuosaita6.png	Assets/Product/Texture/Image/Role/RoleHeadSquare6000505.png	Assets/Product/Texture/Image/RoleCharacter/RoleHeadLuosaita1.png	Assets/Product/Texture/Image/RoleCharacter/RoleHead6000505.png	Assets/Product/Texture/Image/Role/RoleHeadSquare6000505.png	Assets/Product/Texture/Image/Role/RoleHeadLuosaita5.png	Assets/Product/Texture/Image/IconToolsSp/RoleHeadLuosaita2Sp.png	Assets/Product/Texture/Image/IconTools/RoleHeadLuosaita2.png	Assets/Product/Texture/Image/RoleStory/LuosaitaNormal05.png	Assets/Product/Texture/Image/RoleCharacterBig/RoleCharacterBigR3LuosaitaNormal01.png	Assets/Product/Texture/Image/RoleCharacter/RoleHeadLuosaita2.png	Assets/Product/Texture/Image/IconCoating/IconCoating6000505.png	Bip001LForearm	Assets/Product/Effect/Prefab/FxR3LuosaitaPrefab/R3LuosaitaMd019241/FxR3LuosaitaPinzhiGuadianBip001LForearm.prefab	50	9010224									
6000506	1141003	1140306	尼刻US1000	6	1003	地平线系列——罗塞塔·凛冽	“动力系统确认，风速平衡确认，GPS调整完毕……那么，你愿意成为我的幸运之神，和我一起获得这次胜利吗？”	Assets/Product/Texture/Image/IconToolsSp/Clo11410039351Sp.png	Assets/Product/Texture/Image/IconTools/Clo11410039351.png	[80069]	114396	32	84	Assets/Product/Texture/Image/Role/RoleHeadLuosaita.png	Assets/Product/Texture/Image/Role/RoleHeadLuosaita6.png	Assets/Product/Texture/Image/Role/RoleHeadR3Luosaita7.png	Assets/Product/Texture/Image/RoleCharacter/RoleHeadLuosaita1.png	Assets/Product/Texture/Image/RoleCharacter/RoleHeadR3Luosaita3.png	Assets/Product/Texture/Image/Role/RoleHeadR3Luosaita7.png	Assets/Product/Texture/Image/Role/RoleHeadLuosaita5.png	Assets/Product/Texture/Image/IconToolsSp/RoleHeadLuosaita2Sp.png	Assets/Product/Texture/Image/IconTools/RoleHeadLuosaita2.png	Assets/Product/Texture/Image/RoleStory/LuosaitaNormal05.png	Assets/Product/Texture/Image/RoleCharacterBig/RoleCharacterBigR3LuosaitaNormal01.png	Assets/Product/Texture/Image/RoleCharacter/RoleHeadLuosaita2.png	Assets/Product/Texture/Image/IconCoating/IconCoating6000506.png	Bip001LForearm	Assets/Product/Effect/Prefab/FxR3LuosaitaPrefab/R3LuosaitaMd019351/FxR3LuosaitaPinzhiGuadianBip001LForearmH.prefab	69	9010240									
6000601	1161002	1160201	泛用式	1	9000	初始系列——常羽·游麟	构造体生产出来时配给的服装。	Assets/Product/Texture/Image/IconToolsSp/Clo11610020101Sp.png	Assets/Product/Texture/Image/IconTools/Clo11610020101.png	[19025]	116299	32	3	Assets/Product/Texture/Image/Role/RoleHeadChangyu.png	Assets/Product/Texture/Image/Role/RoleHeadChangyu6.png	Assets/Product/Texture/Image/Role/RoleHeadChangyu.png	Assets/Product/Texture/Image/RoleCharacter/RoleHeadChangyu1.png	Assets/Product/Texture/Image/RoleCharacter/RoleHeadChangyu1.png	Assets/Product/Texture/Image/Role/RoleHeadChangyu3.png	Assets/Product/Texture/Image/Role/RoleHeadChangyu5.png	Assets/Product/Texture/Image/IconToolsSp/RoleHeadChangyu2Sp.png	Assets/Product/Texture/Image/IconTools/RoleHeadChangyu2.png	Assets/Product/Texture/Image/RoleStory/ChangyuNormal03.png	Assets/Product/Texture/Image/RoleCharacterBig/RoleCharacterBigR2ChangyuNormal01.png	Assets/Product/Texture/Image/RoleCharacter/RoleHeadChangyu2.png	Assets/Product/Texture/Image/IconCoating/IconCoating6310104.png	Bip001LThigh	Assets/Product/Effect/Prefab/FxR2ChangyuPrefab/Common/FxR2ChangyuPinzhiGuadianBip001LThigh.prefab	27										
6000602	1161002	1160202	泛用式·改	2	9000	初始系列——常羽·游麟	构造体[初阶]解放后，获得权限根据爱好修改的服装。	Assets/Product/Texture/Image/IconToolsSp/Clo11610020102Sp.png	Assets/Product/Texture/Image/IconTools/Clo11610020102.png	[19025]	116298	32	6	Assets/Product/Texture/Image/Role/RoleHeadChangyu.png	Assets/Product/Texture/Image/Role/RoleHeadChangyu6.png	Assets/Product/Texture/Image/Role/RoleHeadChangyu.png	Assets/Product/Texture/Image/RoleCharacter/RoleHeadChangyu1.png	Assets/Product/Texture/Image/RoleCharacter/RoleHeadChangyu1.png	Assets/Product/Texture/Image/Role/RoleHeadChangyu3.png	Assets/Product/Texture/Image/Role/RoleHeadChangyu5.png	Assets/Product/Texture/Image/IconToolsSp/RoleHeadChangyu2Sp.png	Assets/Product/Texture/Image/IconTools/RoleHeadChangyu2.png	Assets/Product/Texture/Image/RoleStory/ChangyuNormal03.png	Assets/Product/Texture/Image/RoleCharacterBig/RoleCharacterBigR2ChangyuNormal01.png	Assets/Product/Texture/Image/RoleCharacter/RoleHeadChangyu2.png	Assets/Product/Texture/Image/IconCoating/IconCoating6310104.png	Bip001LThigh	Assets/Product/Effect/Prefab/FxR2ChangyuPrefab/Common/FxR2ChangyuPinzhiGuadianBip001LThigh.prefab	27										
6000603	1161002	1160203	泛用式·终	2	9000	初始系列——常羽·游麟	构造体[高阶]解放后，根据个人意愿修改的服装，完好的体现了本人意识海的特征。	Assets/Product/Texture/Image/IconToolsSp/Clo11610020103Sp.png	Assets/Product/Texture/Image/IconTools/Clo11610020103.png	[19025]	116297	32	9	Assets/Product/Texture/Image/Role/RoleHeadChangyu.png	Assets/Product/Texture/Image/Role/RoleHeadChangyu6.png	Assets/Product/Texture/Image/Role/RoleHeadChangyu.png	Assets/Product/Texture/Image/RoleCharacter/RoleHeadChangyu1.png	Assets/Product/Texture/Image/RoleCharacter/RoleHeadChangyu1.png	Assets/Product/Texture/Image/Role/RoleHeadChangyu3.png	Assets/Product/Texture/Image/Role/RoleHeadChangyu5.png	Assets/Product/Texture/Image/IconToolsSp/RoleHeadChangyu2Sp.png	Assets/Product/Texture/Image/IconTools/RoleHeadChangyu2.png	Assets/Product/Texture/Image/RoleStory/ChangyuNormal03.png	Assets/Product/Texture/Image/RoleCharacterBig/RoleCharacterBigR2ChangyuNormal01.png	Assets/Product/Texture/Image/RoleCharacter/RoleHeadChangyu2.png	Assets/Product/Texture/Image/IconCoating/IconCoating6310104.png	Bip001LThigh	Assets/Product/Effect/Prefab/FxR2ChangyuPrefab/Common/FxR2ChangyuPinzhiGuadianBip001LThigh.prefab	27										
6000604	1161002	1160204	暗宵冬狩	5	1007	深度腐蚀系列——常羽·游麟	结合常羽的攻击模式，以仿生狼为原型特制的涂装，极大提升了他的攻击力和机动性。但却因弹跳力太高不好控制的缘故，在脚踝处额外增加了束缚装置。	Assets/Product/Texture/Image/IconToolsSp/Clo11610029071Sp.png	Assets/Product/Texture/Image/IconTools/Clo11610029071.png	[10016]	116296	32	14	Assets/Product/Texture/Image/Role/RoleHeadChangyu.png	Assets/Product/Texture/Image/Role/RoleHeadChangyu6.png	Assets/Product/Texture/Image/Role/RoleHeadChangyu.png	Assets/Product/Texture/Image/RoleCharacter/RoleHeadChangyu1.png	Assets/Product/Texture/Image/RoleCharacter/RoleHeadChangyu1.png	Assets/Product/Texture/Image/Role/RoleHeadChangyu3.png	Assets/Product/Texture/Image/Role/RoleHeadChangyu5.png	Assets/Product/Texture/Image/IconToolsSp/RoleHeadChangyu2Sp.png	Assets/Product/Texture/Image/IconTools/RoleHeadChangyu2.png	Assets/Product/Texture/Image/RoleStory/ChangyuNormal03.png	Assets/Product/Texture/Image/RoleCharacterBig/RoleCharacterBigR2ChangyuNormal01.png	Assets/Product/Texture/Image/RoleCharacter/RoleHeadChangyu2.png	Assets/Product/Texture/Image/IconCoating/IconCoating6000604.png	Bip001LThigh	Assets/Product/Effect/Prefab/FxR2ChangyuPrefab/Common/FxR2ChangyuPinzhiGuadianBip001LThigh.prefab	27										
6000605	1161002	1160205	苍山尘叶	5	1014	霓裳系列——常羽·游麟	少年意气，渺万里层云，苍山银杏，只影向天去。 萍水相逢的少年击退了山间的匪徒，欲问英雄来处，却见山路间早已空无一人，只余手中完好无损的行囊与一片金色的银杏叶。 “一介过客而已，不必道谢。” ……翻过叶片，看到背后还写着一行小字和一个店址。“或者，光顾一下老爷子的生意吧，价格公道，童叟无欺。”	Assets/Product/Texture/Image/IconToolsSp/Clo11610029141Sp.png	Assets/Product/Texture/Image/IconTools/Clo11610029141.png	[80101]	116295	32	14	Assets/Product/Texture/Image/Role/RoleHeadChangyu.png	Assets/Product/Texture/Image/Role/RoleHeadChangyu6.png	Assets/Product/Texture/Image/Role/RoleHeadChangyu.png	Assets/Product/Texture/Image/RoleCharacter/RoleHeadChangyu1.png	Assets/Product/Texture/Image/RoleCharacter/RoleHeadChangyu1.png	Assets/Product/Texture/Image/Role/RoleHeadChangyu3.png	Assets/Product/Texture/Image/Role/RoleHeadChangyu5.png	Assets/Product/Texture/Image/IconToolsSp/RoleHeadChangyu2Sp.png	Assets/Product/Texture/Image/IconTools/RoleHeadChangyu2.png	Assets/Product/Texture/Image/RoleStory/ChangyuNormal03.png	Assets/Product/Texture/Image/RoleCharacterBig/RoleCharacterBigR2ChangyuNormal01.png	Assets/Product/Texture/Image/RoleCharacter/RoleHeadChangyu2.png	Assets/Product/Texture/Image/IconCoating/IconCoating6000605.png	BoneLThighTwist1	Assets/Product/Effect/Prefab/FxR2ChangyuPrefab/Common/FxR2ChangyuPinzhiGuadianBip001LThigh.prefab	27										
6000701	1521003	1520301	泛用式	1	9000	初始系列——曲·雀翎	构造体配给到的初始涂装。	Assets/Product/Texture/Image/IconToolsSp/Clo15210030101Sp.png	Assets/Product/Texture/Image/IconTools/Clo15210030101.png	[19026]	152399	32	3	Assets/Product/Texture/Image/Role/RoleHeadQu.png	Assets/Product/Texture/Image/Role/RoleHeadQu6.png	Assets/Product/Texture/Image/Role/RoleHeadQu.png	Assets/Product/Texture/Image/RoleCharacter/RoleHeadQu1.png	Assets/Product/Texture/Image/RoleCharacter/RoleHeadQu1.png	Assets/Product/Texture/Image/Role/RoleHeadQu3.png	Assets/Product/Texture/Image/Role/RoleHeadQu5.png	Assets/Product/Texture/Image/IconToolsSp/RoleHeadQu2Sp.png	Assets/Product/Texture/Image/IconTools/RoleHeadQu2.png	Assets/Product/Texture/Image/RoleStory/QuNormal02.png	Assets/Product/Texture/Image/RoleCharacterBig/RoleCharacterBigR2QuNormal01.png	Assets/Product/Texture/Image/RoleCharacter/RoleHeadQu2.png	Assets/Product/Texture/Image/IconCoating/IconCoating6310104.png	Bip001LForearm	Assets/Product/Effect/Prefab/FxR2QuPrefab/Common/FxR2QuPinzhiGuadianBip001LForearm.prefab	26										
6000702	1521003	1520302	泛用式·改	2	9000	初始系列——曲·雀翎	构造体进行解放后，获得的性能强化版涂装。	Assets/Product/Texture/Image/IconToolsSp/Clo15210030102Sp.png	Assets/Product/Texture/Image/IconTools/Clo15210030102.png	[19026]	152398	32	6	Assets/Product/Texture/Image/Role/RoleHeadQu.png	Assets/Product/Texture/Image/Role/RoleHeadQu6.png	Assets/Product/Texture/Image/Role/RoleHeadQu.png	Assets/Product/Texture/Image/RoleCharacter/RoleHeadQu1.png	Assets/Product/Texture/Image/RoleCharacter/RoleHeadQu1.png	Assets/Product/Texture/Image/Role/RoleHeadQu3.png	Assets/Product/Texture/Image/Role/RoleHeadQu5.png	Assets/Product/Texture/Image/IconToolsSp/RoleHeadQu2Sp.png	Assets/Product/Texture/Image/IconTools/RoleHeadQu2.png	Assets/Product/Texture/Image/RoleStory/QuNormal02.png	Assets/Product/Texture/Image/RoleCharacterBig/RoleCharacterBigR2QuNormal01.png	Assets/Product/Texture/Image/RoleCharacter/RoleHeadQu2.png	Assets/Product/Texture/Image/IconCoating/IconCoating6310104.png	Bip001LForearm	Assets/Product/Effect/Prefab/FxR2QuPrefab/Common/FxR2QuPinzhiGuadianBip001LForearm.prefab	26										
6000703	1521003	1520303	泛用式·终	2	9000	初始系列——曲·雀翎	构造体解放到终阶后，获得的最终型涂装。	Assets/Product/Texture/Image/IconToolsSp/Clo15210030103Sp.png	Assets/Product/Texture/Image/IconTools/Clo15210030103.png	[19026]	152397	32	9	Assets/Product/Texture/Image/Role/RoleHeadQu.png	Assets/Product/Texture/Image/Role/RoleHeadQu6.png	Assets/Product/Texture/Image/Role/RoleHeadQu.png	Assets/Product/Texture/Image/RoleCharacter/RoleHeadQu1.png	Assets/Product/Texture/Image/RoleCharacter/RoleHeadQu1.png	Assets/Product/Texture/Image/Role/RoleHeadQu3.png	Assets/Product/Texture/Image/Role/RoleHeadQu5.png	Assets/Product/Texture/Image/IconToolsSp/RoleHeadQu2Sp.png	Assets/Product/Texture/Image/IconTools/RoleHeadQu2.png	Assets/Product/Texture/Image/RoleStory/QuNormal02.png	Assets/Product/Texture/Image/RoleCharacterBig/RoleCharacterBigR2QuNormal01.png	Assets/Product/Texture/Image/RoleCharacter/RoleHeadQu2.png	Assets/Product/Texture/Image/IconCoating/IconCoating6310104.png	Bip001LForearm	Assets/Product/Effect/Prefab/FxR2QuPrefab/Common/FxR2QuPinzhiGuadianBip001LForearm.prefab	26										
6000704	1521003	1520304	无瑕乐曲	5	1009	新生活系列——曲·雀翎	以旧时代的皇家礼兵为原型所设计的涂装，轻盈的织物上坠饰着花纹繁复的贵金属，她挥动手中的指挥棒，所有礼兵都在她的示意下迈向黎明。	Assets/Product/Texture/Image/IconToolsSp/Clo15210039091Sp.png	Assets/Product/Texture/Image/IconTools/Clo15210039091.png	[10016]	152396	32	14	Assets/Product/Texture/Image/Role/RoleHeadQu.png	Assets/Product/Texture/Image/Role/RoleHeadQu6.png	Assets/Product/Texture/Image/Role/RoleHeadQu.png	Assets/Product/Texture/Image/RoleCharacter/RoleHeadQu1.png	Assets/Product/Texture/Image/RoleCharacter/RoleHeadQu1.png	Assets/Product/Texture/Image/Role/RoleHeadQu3.png	Assets/Product/Texture/Image/Role/RoleHeadQu5.png	Assets/Product/Texture/Image/IconToolsSp/RoleHeadQu2Sp.png	Assets/Product/Texture/Image/IconTools/RoleHeadQu2.png	Assets/Product/Texture/Image/RoleStory/QuNormal02.png	Assets/Product/Texture/Image/RoleCharacterBig/RoleCharacterBigR2QuNormal01.png	Assets/Product/Texture/Image/RoleCharacter/RoleHeadQu2.png	Assets/Product/Texture/Image/IconCoating/IconCoating6000704.png	Bip001LForearm	Assets/Product/Effect/Prefab/FxR2QuPrefab/Common/FxR2QuPinzhiGuadianBip001LForearm.prefab	26										
6000705	1521003	1520305	红绡春榭	6	1014	霓裳系列——曲·雀翎	明媚鲜妍多有时，春归锦庭自芳菲。 纹样优雅，还原了传统织金工艺的材质仍旧承自古法。 尽管能够换上这套涂装的机会并不多，可她依然想要让人看到，“万世铭”中不可缺少的一部分。	Assets/Product/Texture/Image/IconToolsSp/Clo15210039141Sp.png	Assets/Product/Texture/Image/IconTools/Clo15210039141.png	[80002,80005]	152395	32	84	Assets/Product/Texture/Image/Role/RoleHeadQu.png	Assets/Product/Texture/Image/Role/RoleHeadQu6.png	Assets/Product/Texture/Image/Role/RoleHeadSquare6000705.png	Assets/Product/Texture/Image/RoleCharacter/RoleHeadQu1.png	Assets/Product/Texture/Image/RoleCharacter/RoleHead6000705.png	Assets/Product/Texture/Image/Role/RoleHeadSquare6000705.png	Assets/Product/Texture/Image/Role/RoleHeadQu5.png	Assets/Product/Texture/Image/IconToolsSp/RoleHeadQu2Sp.png	Assets/Product/Texture/Image/IconTools/RoleHeadQu2.png	Assets/Product/Texture/Image/RoleStory/QuNormal02.png	Assets/Product/Texture/Image/RoleCharacterBig/RoleCharacterBigR2QuNormal01.png	Assets/Product/Texture/Image/RoleCharacter/RoleHeadQu2.png	Assets/Product/Texture/Image/IconCoating/IconCoating6000705.png	Bip001LForearm	Assets/Product/Effect/Prefab/FxR2QuPrefab/R2QuMd019141/FxR2QuPinzhiGuadianBip001LForearmH.prefab	89	9010223									
6000801	1171003	1170301	泛用式	1	9000	初始系列——露娜·银冕	构造体生产出来时配给的服装。	Assets/Product/Texture/Image/IconToolsSp/Clo11710030101Sp.png	Assets/Product/Texture/Image/IconTools/Clo11710030101.png	[19027]	117399	32	3	Assets/Product/Texture/Image/Role/RoleHeadLuna.png	Assets/Product/Texture/Image/Role/RoleHeadLuna6.png	Assets/Product/Texture/Image/Role/RoleHeadLuna.png	Assets/Product/Texture/Image/RoleCharacter/RoleHeadLuna1.png	Assets/Product/Texture/Image/RoleCharacter/RoleHeadLuna1.png	Assets/Product/Texture/Image/Role/RoleHeadLuna3.png	Assets/Product/Texture/Image/Role/RoleHeadLuna5.png	Assets/Product/Texture/Image/IconToolsSp/RoleHeadLuna2Sp.png	Assets/Product/Texture/Image/IconTools/RoleHeadLuna2.png	Assets/Product/Texture/Image/RoleStory/LunaNormal03.png	Assets/Product/Texture/Image/RoleCharacterBig/RoleCharacterBigR3LunaNormal01.png	Assets/Product/Texture/Image/RoleCharacter/RoleHeadLuna2.png	Assets/Product/Texture/Image/IconCoating/IconCoating6000704.png	Bip001LForearm	Assets/Product/Effect/Prefab/FxR3LunaPrefab/Common/FxR3LunaPinzhiGuadianBip001LForearm.prefab	28										
6000802	1171003	1170302	泛用式·改	2	9000	初始系列——露娜·银冕	构造体[初阶]解放后，获得权限根据爱好修改的服装。	Assets/Product/Texture/Image/IconToolsSp/Clo11710030102Sp.png	Assets/Product/Texture/Image/IconTools/Clo11710030102.png	[19027]	117398	32	6	Assets/Product/Texture/Image/Role/RoleHeadLuna.png	Assets/Product/Texture/Image/Role/RoleHeadLuna6.png	Assets/Product/Texture/Image/Role/RoleHeadLuna.png	Assets/Product/Texture/Image/RoleCharacter/RoleHeadLuna1.png	Assets/Product/Texture/Image/RoleCharacter/RoleHeadLuna1.png	Assets/Product/Texture/Image/Role/RoleHeadLuna3.png	Assets/Product/Texture/Image/Role/RoleHeadLuna5.png	Assets/Product/Texture/Image/IconToolsSp/RoleHeadLuna2Sp.png	Assets/Product/Texture/Image/IconTools/RoleHeadLuna2.png	Assets/Product/Texture/Image/RoleStory/LunaNormal03.png	Assets/Product/Texture/Image/RoleCharacterBig/RoleCharacterBigR3LunaNormal01.png	Assets/Product/Texture/Image/RoleCharacter/RoleHeadLuna2.png	Assets/Product/Texture/Image/IconCoating/IconCoating6000704.png	Bip001LForearm	Assets/Product/Effect/Prefab/FxR3LunaPrefab/Common/FxR3LunaPinzhiGuadianBip001LForearm.prefab	28										
6000803	1171003	1170303	泛用式·终	2	9000	初始系列——露娜·银冕	构造体[高阶]解放后，根据个人意愿修改的服装，完好的体现了本人意识海的特征。	Assets/Product/Texture/Image/IconToolsSp/Clo11710030103Sp.png	Assets/Product/Texture/Image/IconTools/Clo11710030103.png	[19027]	117397	32	9	Assets/Product/Texture/Image/Role/RoleHeadLuna.png	Assets/Product/Texture/Image/Role/RoleHeadLuna6.png	Assets/Product/Texture/Image/Role/RoleHeadLuna.png	Assets/Product/Texture/Image/RoleCharacter/RoleHeadLuna1.png	Assets/Product/Texture/Image/RoleCharacter/RoleHeadLuna1.png	Assets/Product/Texture/Image/Role/RoleHeadLuna3.png	Assets/Product/Texture/Image/Role/RoleHeadLuna5.png	Assets/Product/Texture/Image/IconToolsSp/RoleHeadLuna2Sp.png	Assets/Product/Texture/Image/IconTools/RoleHeadLuna2.png	Assets/Product/Texture/Image/RoleStory/LunaNormal03.png	Assets/Product/Texture/Image/RoleCharacterBig/RoleCharacterBigR3LunaNormal01.png	Assets/Product/Texture/Image/RoleCharacter/RoleHeadLuna2.png	Assets/Product/Texture/Image/IconCoating/IconCoating6000704.png	Bip001LForearm	Assets/Product/Effect/Prefab/FxR3LunaPrefab/Common/FxR3LunaPinzhiGuadianBip001LForearm.prefab	28										
6000804	1171003	1170304	荆棘火	6	1007	深度腐蚀系列——露娜·银冕	没有人知道露娜怀着怎样的心情为自己制作了这身涂装，萤色的荆棘如同永不消失的枷锁般缠绕，低语。“愿磷火从荆棘里出来，愿叛道之人受火焚烧。”	Assets/Product/Texture/Image/IconToolsSp/Clo11710039071Sp.png	Assets/Product/Texture/Image/IconTools/Clo11710039071.png	[80001]	117396	32	84	Assets/Product/Texture/Image/Role/RoleHeadLuna.png	Assets/Product/Texture/Image/Role/RoleHeadLuna6.png	Assets/Product/Texture/Image/Role/RoleHeadSquare6000804.png	Assets/Product/Texture/Image/RoleCharacter/RoleHeadLuna1.png	Assets/Product/Texture/Image/RoleCharacter/RoleHead6000804.png	Assets/Product/Texture/Image/Role/RoleHeadSquare6000804.png	Assets/Product/Texture/Image/Role/RoleHeadLuna5.png	Assets/Product/Texture/Image/IconToolsSp/RoleHeadLuna2Sp.png	Assets/Product/Texture/Image/IconTools/RoleHeadLuna2.png	Assets/Product/Texture/Image/RoleStory/LunaNormal03.png	Assets/Product/Texture/Image/RoleCharacterBig/RoleCharacterBigR3LunaNormal01.png	Assets/Product/Texture/Image/RoleCharacter/RoleHeadLuna2.png	Assets/Product/Texture/Image/IconCoating/IconCoating6000804.png	Bip001LForearm	Assets/Product/Effect/Prefab/FxR3LunaPrefab/R3LunaMd019071/FxR3LunaPinzhiGuadianBip001LForearmH.prefab	70	9010221									
6000805	1171003	1170305	街头红芒	6	1009	新生活系列——露娜·银冕	以年少轻狂为主要理念设计的涂装，服饰上下彰显着孤狼少女的叛逆与自我。光是穿着这身立在街口，仿佛就能释放出一股生人勿近的气场。	Assets/Product/Texture/Image/IconToolsSp/Clo11710039091Sp.png	Assets/Product/Texture/Image/IconTools/Clo11710039091.png	[80020]	117395	32	84	Assets/Product/Texture/Image/Role/RoleHeadLuna.png	Assets/Product/Texture/Image/Role/RoleHeadLuna6.png	Assets/Product/Texture/Image/Role/RoleHeadSquare6000805.png	Assets/Product/Texture/Image/RoleCharacter/RoleHeadLuna1.png	Assets/Product/Texture/Image/RoleCharacter/RoleHead6000805.png	Assets/Product/Texture/Image/Role/RoleHeadSquare6000805.png	Assets/Product/Texture/Image/Role/RoleHeadLuna5.png	Assets/Product/Texture/Image/IconToolsSp/RoleHeadLuna2Sp.png	Assets/Product/Texture/Image/IconTools/RoleHeadLuna2.png	Assets/Product/Texture/Image/RoleStory/LunaNormal03.png	Assets/Product/Texture/Image/RoleCharacterBig/RoleCharacterBigR3LunaNormal01.png	Assets/Product/Texture/Image/RoleCharacter/RoleHeadLuna2.png	Assets/Product/Texture/Image/IconCoating/IconCoating6000805.png	Bip001LForearm	Assets/Product/Effect/Prefab/FxR3LunaPrefab/R3LunaMd019091/FxR3LunaPinzhiGuadianBip001LForearmH.prefab	92	9010226									
6000806	1171003	1170306	苍空炽月	6	1029	游诗歌谣系列——露娜·银冕	苍月的幻想封缄伪神的恩典，只因其蔑视腐朽的生命，无需白昼为她加冕，破碎倒塌的神殿遗迹在她的挥手间重新筑起，重回世间的旅人啊，是否看到了她眼中转瞬即逝的光明？	Assets/Product/Texture/Image/IconToolsSp/Clo11710039251Sp.png	Assets/Product/Texture/Image/IconTools/Clo11710039251.png	[80077]	117394	32	84	Assets/Product/Texture/Image/Role/RoleHeadLuna.png	Assets/Product/Texture/Image/Role/RoleHeadLuna6.png	Assets/Product/Texture/Image/Role/RoleHeadLuna7.png	Assets/Product/Texture/Image/RoleCharacter/RoleHeadLuna1.png	Assets/Product/Texture/Image/RoleCharacter/RoleHeadLuna7.png	Assets/Product/Texture/Image/Role/RoleHeadLuna7.png	Assets/Product/Texture/Image/Role/RoleHeadLuna5.png	Assets/Product/Texture/Image/IconToolsSp/RoleHeadLuna2Sp.png	Assets/Product/Texture/Image/IconTools/RoleHeadLuna2.png	Assets/Product/Texture/Image/RoleStory/LunaNormal03.png	Assets/Product/Texture/Image/RoleCharacterBig/RoleCharacterBigR3LunaNormal01.png	Assets/Product/Texture/Image/RoleCharacter/RoleHeadLuna2.png	Assets/Product/Texture/Image/IconCoating/IconCoating6000806.png	Bip001LForearm	Assets/Product/Effect/Prefab/FxR3LunaPrefab/R3LunaMd019251/FxR3LunaPinzhiGuadianBip001LForearm.prefab	51	9010242									
6000901	1181003	1180301	寄叶二号B型	5	1021		联动角色涂装	Assets/Product/Texture/Image/IconToolsSp/Clo11810030101Sp.png	Assets/Product/Texture/Image/IconTools/Clo11810030101.png	[19028]	118399	32	3	Assets/Product/Texture/Image/Role/RoleHeadTwob.png	Assets/Product/Texture/Image/Role/RoleHeadTwob6.png	Assets/Product/Texture/Image/Role/RoleHeadTwob.png	Assets/Product/Texture/Image/RoleCharacter/RoleHeadTwob1.png	Assets/Product/Texture/Image/RoleCharacter/RoleHeadTwob1.png	Assets/Product/Texture/Image/Role/RoleHeadTwob3.png	Assets/Product/Texture/Image/Role/RoleHeadTwob5.png	Assets/Product/Texture/Image/IconToolsSp/RoleHeadTwob2Sp.png	Assets/Product/Texture/Image/IconTools/RoleHeadTwob2.png	Assets/Product/Texture/Image/RoleStory/R3TwobNormal01.png	Assets/Product/Texture/Image/RoleCharacterBig/RoleCharacterBigR3TwobNormal01.png	Assets/Product/Texture/Image/RoleCharacter/RoleHeadTwob2.png	Assets/Product/Texture/Image/IconCoating/IconCoating6000704.png	Bip001LForearm	Assets/Product/Effect/Prefab/FxR3TwobPrefab/FxR3TwoBPinzhiGuadianBip001LForearm.prefab	29										
6000902	1181003	1180302	Kaine的装束	5	1021		2B用的服装，不知为什么也包括了绷带	Assets/Product/Texture/Image/IconToolsSp/Clo11810039211Sp.png	Assets/Product/Texture/Image/IconTools/Clo11810039211.png	[20062]	118398	32	14	Assets/Product/Texture/Image/Role/RoleHeadTwob.png	Assets/Product/Texture/Image/Role/RoleHeadTwob6.png	Assets/Product/Texture/Image/Role/RoleHeadTwob.png	Assets/Product/Texture/Image/RoleCharacter/RoleHeadTwob1.png	Assets/Product/Texture/Image/RoleCharacter/RoleHeadTwob1.png	Assets/Product/Texture/Image/Role/RoleHeadTwob3.png	Assets/Product/Texture/Image/Role/RoleHeadTwob5.png	Assets/Product/Texture/Image/IconToolsSp/RoleHeadTwob2Sp.png	Assets/Product/Texture/Image/IconTools/RoleHeadTwob2.png	Assets/Product/Texture/Image/RoleStory/R3TwobNormal01.png	Assets/Product/Texture/Image/RoleCharacterBig/RoleCharacterBigR3TwobNormal01.png	Assets/Product/Texture/Image/RoleCharacter/RoleHeadTwob2.png	Assets/Product/Texture/Image/IconCoating/IconCoating6000902.png	Bip001LForearm	Assets/Product/Effect/Prefab/FxR3TwobPrefab/FxR3TwoBPinzhiGuadianBip001LForearm.prefab	29										
6001001	1191003	1190301	寄叶九号S型	5	1021		联动角色涂装	Assets/Product/Texture/Image/IconToolsSp/Clo11910030101Sp.png	Assets/Product/Texture/Image/IconTools/Clo11910030101.png	[19029]	119399	32	3	Assets/Product/Texture/Image/Role/RoleHeadNines.png	Assets/Product/Texture/Image/Role/RoleHeadNines6.png	Assets/Product/Texture/Image/Role/RoleHeadNines.png	Assets/Product/Texture/Image/RoleCharacter/RoleHeadNines1.png	Assets/Product/Texture/Image/RoleCharacter/RoleHeadNines1.png	Assets/Product/Texture/Image/Role/RoleHeadNines3.png	Assets/Product/Texture/Image/Role/RoleHeadNines5.png	Assets/Product/Texture/Image/IconToolsSp/RoleHeadNines2Sp.png	Assets/Product/Texture/Image/IconTools/RoleHeadNines2.png	Assets/Product/Texture/Image/RoleStory/R3NinesNormal01.png	Assets/Product/Texture/Image/RoleCharacterBig/RoleCharacterBigR3NinesNormal01.png	Assets/Product/Texture/Image/RoleCharacter/RoleHeadNines2.png	Assets/Product/Texture/Image/IconCoating/IconCoating6000704.png	Bip001LForearm	Assets/Product/Effect/Prefab/FxR3NinesPrefab/Common/FxR3NinesPinzhiGuadianBip001LForearm.prefab	30										
6001002	1191003	1190302	少年的装束	5	1021		9S用的衣服，在旧世界里曾属于一位少年。	Assets/Product/Texture/Image/IconToolsSp/Clo11910039211Sp.png	Assets/Product/Texture/Image/IconTools/Clo11910039211.png		119398	32	14	Assets/Product/Texture/Image/Role/RoleHeadNines.png	Assets/Product/Texture/Image/Role/RoleHeadNines6.png	Assets/Product/Texture/Image/Role/RoleHeadNines.png	Assets/Product/Texture/Image/RoleCharacter/RoleHeadNines1.png	Assets/Product/Texture/Image/RoleCharacter/RoleHeadNines1.png	Assets/Product/Texture/Image/Role/RoleHeadNines3.png	Assets/Product/Texture/Image/Role/RoleHeadNines5.png	Assets/Product/Texture/Image/IconToolsSp/RoleHeadNines2Sp.png	Assets/Product/Texture/Image/IconTools/RoleHeadNines2.png	Assets/Product/Texture/Image/RoleStory/R3NinesNormal01.png	Assets/Product/Texture/Image/RoleCharacterBig/RoleCharacterBigR3NinesNormal01.png	Assets/Product/Texture/Image/RoleCharacter/RoleHeadNines2.png	Assets/Product/Texture/Image/IconCoating/IconCoating6001002.png	Bip001LForearm	Assets/Product/Effect/Prefab/FxR3NinesPrefab/Common/FxR3NinesPinzhiGuadianBip001LForearm.prefab	30										
6001101	1201003	1200301	寄叶A型二号	5	1021		联动角色涂装	Assets/Product/Texture/Image/IconToolsSp/Clo12010030101Sp.png	Assets/Product/Texture/Image/IconTools/Clo12010030101.png	[19030]	120399	32	3	Assets/Product/Texture/Image/Role/RoleHeadATwo.png	Assets/Product/Texture/Image/Role/RoleHeadATwo6.png	Assets/Product/Texture/Image/Role/RoleHeadATwo.png	Assets/Product/Texture/Image/RoleCharacter/RoleHeadATwo1.png	Assets/Product/Texture/Image/RoleCharacter/RoleHeadATwo1.png	Assets/Product/Texture/Image/Role/RoleHeadATwo3.png	Assets/Product/Texture/Image/Role/RoleHeadATwo5.png	Assets/Product/Texture/Image/IconToolsSp/RoleHeadATwo3Sp.png	Assets/Product/Texture/Image/IconTools/RoleHeadATwo3.png	Assets/Product/Texture/Image/RoleStory/R3ATwoNormal01.png	Assets/Product/Texture/Image/RoleCharacterBig/RoleCharacterBigR3ATwoNormal01.png	Assets/Product/Texture/Image/RoleCharacter/RoleHeadATwo3.png	Assets/Product/Texture/Image/IconCoating/IconCoating6000704.png	Bip001LForearm	Assets/Product/Effect/Prefab/FxR3AtwoPrefab/FxR3AtwoPinzhiGuadianBip001LForearm.prefab	31										
6001102	1201003	1200302	破坏者装束	5	1021		A2用的衣服，可能曾是摧毁世界的男人穿过的衣服。	Assets/Product/Texture/Image/IconToolsSp/Clo12010039211Sp.png	Assets/Product/Texture/Image/IconTools/Clo12010039211.png		120398	32	14	Assets/Product/Texture/Image/Role/RoleHeadATwo.png	Assets/Product/Texture/Image/Role/RoleHeadATwo6.png	Assets/Product/Texture/Image/Role/RoleHeadATwo.png	Assets/Product/Texture/Image/RoleCharacter/RoleHeadATwo1.png	Assets/Product/Texture/Image/RoleCharacter/RoleHeadATwo1.png	Assets/Product/Texture/Image/Role/RoleHeadATwo3.png	Assets/Product/Texture/Image/Role/RoleHeadATwo5.png	Assets/Product/Texture/Image/IconToolsSp/RoleHeadATwo3Sp.png	Assets/Product/Texture/Image/IconTools/RoleHeadATwo3.png	Assets/Product/Texture/Image/RoleStory/R3ATwoNormal01.png	Assets/Product/Texture/Image/RoleCharacterBig/RoleCharacterBigR3ATwoNormal01.png	Assets/Product/Texture/Image/RoleCharacter/RoleHeadATwo3.png	Assets/Product/Texture/Image/IconCoating/IconCoating6001102.png	Bip001LForearm	Assets/Product/Effect/Prefab/FxR3AtwoPrefab/FxR3AtwoPinzhiGuadianBip001LForearm.prefab	31										
6001201	1211002	1210201	泛用式	1	9000	初始系列——万事·明觉	构造体生产出来时配给的服装。	Assets/Product/Texture/Image/IconToolsSp/Clo12110020101Sp.png	Assets/Product/Texture/Image/IconTools/Clo12110020101.png	[19031]	121299	32	3	Assets/Product/Texture/Image/Role/RoleHeadWanshi.png	Assets/Product/Texture/Image/Role/RoleHeadWanshi6.png	Assets/Product/Texture/Image/Role/RoleHeadWanshi.png	Assets/Product/Texture/Image/RoleCharacter/RoleHeadWanshi1.png	Assets/Product/Texture/Image/RoleCharacter/RoleHeadWanshi1.png	Assets/Product/Texture/Image/Role/RoleHeadWanshi3.png	Assets/Product/Texture/Image/Role/RoleHeadWanshi5.png	Assets/Product/Texture/Image/IconToolsSp/RoleHeadWanshi2Sp.png	Assets/Product/Texture/Image/IconTools/RoleHeadWanshi2.png	Assets/Product/Texture/Image/RoleStory/WanshiNormal01.png	Assets/Product/Texture/Image/RoleCharacterBig/RoleCharacterBigR2WanshiNormal01.png	Assets/Product/Texture/Image/RoleCharacter/RoleHeadWanshi2.png	Assets/Product/Texture/Image/IconCoating/IconCoating6000704.png	Bip001RUpperArm	Assets/Product/Effect/Prefab/FxR2WanshiPrefab/Common/FxR2WanshiPinzhiGuadianBip001LForearm.prefab	32										
6001202	1211002	1210202	泛用式·改	2	9000	初始系列——万事·明觉	构造体[初阶]解放后，获得权限根据爱好修改的服装。	Assets/Product/Texture/Image/IconToolsSp/Clo12110020102Sp.png	Assets/Product/Texture/Image/IconTools/Clo12110020102.png	[19031]	121298	32	6	Assets/Product/Texture/Image/Role/RoleHeadWanshi.png	Assets/Product/Texture/Image/Role/RoleHeadWanshi6.png	Assets/Product/Texture/Image/Role/RoleHeadWanshi.png	Assets/Product/Texture/Image/RoleCharacter/RoleHeadWanshi1.png	Assets/Product/Texture/Image/RoleCharacter/RoleHeadWanshi1.png	Assets/Product/Texture/Image/Role/RoleHeadWanshi3.png	Assets/Product/Texture/Image/Role/RoleHeadWanshi5.png	Assets/Product/Texture/Image/IconToolsSp/RoleHeadWanshi2Sp.png	Assets/Product/Texture/Image/IconTools/RoleHeadWanshi2.png	Assets/Product/Texture/Image/RoleStory/WanshiNormal01.png	Assets/Product/Texture/Image/RoleCharacterBig/RoleCharacterBigR2WanshiNormal01.png	Assets/Product/Texture/Image/RoleCharacter/RoleHeadWanshi2.png	Assets/Product/Texture/Image/IconCoating/IconCoating6000704.png	Bip001RUpperArm	Assets/Product/Effect/Prefab/FxR2WanshiPrefab/Common/FxR2WanshiPinzhiGuadianBip001LForearm.prefab	32										
6001203	1211002	1210203	泛用式·终	2	9000	初始系列——万事·明觉	构造体[高阶]解放后，根据个人意愿修改的服装，完好的体现了本人意识海的特征。	Assets/Product/Texture/Image/IconToolsSp/Clo12110020103Sp.png	Assets/Product/Texture/Image/IconTools/Clo12110020103.png	[19031]	121297	32	9	Assets/Product/Texture/Image/Role/RoleHeadWanshi.png	Assets/Product/Texture/Image/Role/RoleHeadWanshi6.png	Assets/Product/Texture/Image/Role/RoleHeadWanshi.png	Assets/Product/Texture/Image/RoleCharacter/RoleHeadWanshi1.png	Assets/Product/Texture/Image/RoleCharacter/RoleHeadWanshi1.png	Assets/Product/Texture/Image/Role/RoleHeadWanshi3.png	Assets/Product/Texture/Image/Role/RoleHeadWanshi5.png	Assets/Product/Texture/Image/IconToolsSp/RoleHeadWanshi2Sp.png	Assets/Product/Texture/Image/IconTools/RoleHeadWanshi2.png	Assets/Product/Texture/Image/RoleStory/WanshiNormal01.png	Assets/Product/Texture/Image/RoleCharacterBig/RoleCharacterBigR2WanshiNormal01.png	Assets/Product/Texture/Image/RoleCharacter/RoleHeadWanshi2.png	Assets/Product/Texture/Image/IconCoating/IconCoating6000704.png	Bip001RUpperArm	Assets/Product/Effect/Prefab/FxR2WanshiPrefab/Common/FxR2WanshiPinzhiGuadianBip001LForearm.prefab	32										
6001204	1211002	1210204	游隼锋候	5	1001	游隼·突击鹰小队 基地服系列——万事·明觉	突击鹰小队的制式涂装，为配合万事灵活的作战方式进行过改装。雄鹰蛰伏，只为养精蓄锐。作为斥候小队的一员，医者与战士都随时待命。	Assets/Product/Texture/Image/IconToolsSp/Clo12110029011Sp.png	Assets/Product/Texture/Image/IconTools/Clo12110029011.png	[80008,80009]	121296	32	14	Assets/Product/Texture/Image/Role/RoleHeadWanshi.png	Assets/Product/Texture/Image/Role/RoleHeadWanshi6.png	Assets/Product/Texture/Image/Role/RoleHeadWanshi.png	Assets/Product/Texture/Image/RoleCharacter/RoleHeadWanshi1.png	Assets/Product/Texture/Image/RoleCharacter/RoleHeadWanshi1.png	Assets/Product/Texture/Image/Role/RoleHeadWanshi3.png	Assets/Product/Texture/Image/Role/RoleHeadWanshi5.png	Assets/Product/Texture/Image/IconToolsSp/RoleHeadWanshi2Sp.png	Assets/Product/Texture/Image/IconTools/RoleHeadWanshi2.png	Assets/Product/Texture/Image/RoleStory/WanshiNormal01.png	Assets/Product/Texture/Image/RoleCharacterBig/RoleCharacterBigR2WanshiNormal01.png	Assets/Product/Texture/Image/RoleCharacter/RoleHeadWanshi2.png	Assets/Product/Texture/Image/IconCoating/IconCoating6001204.png	Bip001RUpperArm	Assets/Product/Effect/Prefab/FxR2WanshiPrefab/Common/FxR2WanshiPinzhiGuadianBip001LForearm.prefab	32										
6001205	1211002	1210205	寂夜余尘	5	1009	新生活系列——万事·明觉	渡鸦飞过夜露浸湿的石板路，月光悬挂于枯败的梧桐树之间，血红色的蔷薇正在地上肆意绽放，他将名为解脱的救赎抵在罪人的额前。枪声响起之前的最后一句祈祷，并没有为任何人带来安眠。	Assets/Product/Texture/Image/IconToolsSp/Clo12110029101Sp.png	Assets/Product/Texture/Image/IconTools/Clo12110029101.png	[80145]	121295	32	14	Assets/Product/Texture/Image/Role/RoleHeadWanshi.png	Assets/Product/Texture/Image/Role/RoleHeadWanshi6.png	Assets/Product/Texture/Image/Role/RoleHeadWanshi.png	Assets/Product/Texture/Image/RoleCharacter/RoleHeadWanshi1.png	Assets/Product/Texture/Image/RoleCharacter/RoleHeadWanshi1.png	Assets/Product/Texture/Image/Role/RoleHeadWanshi3.png	Assets/Product/Texture/Image/Role/RoleHeadWanshi5.png	Assets/Product/Texture/Image/IconToolsSp/RoleHeadWanshi2Sp.png	Assets/Product/Texture/Image/IconTools/RoleHeadWanshi2.png	Assets/Product/Texture/Image/RoleStory/WanshiNormal01.png	Assets/Product/Texture/Image/RoleCharacterBig/RoleCharacterBigR2WanshiNormal01.png	Assets/Product/Texture/Image/RoleCharacter/RoleHeadWanshi2.png	Assets/Product/Texture/Image/IconCoating/IconCoating6001205.png	Bip001RUpperArm	Assets/Product/Effect/Prefab/FxR2WanshiPrefab/Common/FxR2WanshiPinzhiGuadianBip001LForearm.prefab	32										
6001301	1531003	1530301	泛用式	1	9000	初始系列——赛琳娜·岚音	构造体配给到的初始涂装。	Assets/Product/Texture/Image/IconToolsSp/Clo15310030101Sp.png	Assets/Product/Texture/Image/IconTools/Clo15310030101.png	[19032]	153399	32	3	Assets/Product/Texture/Image/Role/RoleHeadSailinna.png	Assets/Product/Texture/Image/Role/RoleHeadSailinna6.png	Assets/Product/Texture/Image/Role/RoleHeadSailinna.png	Assets/Product/Texture/Image/RoleCharacter/RoleHeadSailinna1.png	Assets/Product/Texture/Image/RoleCharacter/RoleHeadSailinna1.png	Assets/Product/Texture/Image/Role/RoleHeadSailinna3.png	Assets/Product/Texture/Image/Role/RoleHeadSailinna5.png	Assets/Product/Texture/Image/IconToolsSp/RoleHeadSailinna2Sp.png	Assets/Product/Texture/Image/IconTools/RoleHeadSailinna2.png	Assets/Product/Texture/Image/RoleStory/SailinnaNormal05.png	Assets/Product/Texture/Image/RoleCharacterBig/RoleCharacterBigR2SailinnaNormal01.png	Assets/Product/Texture/Image/RoleCharacter/RoleHeadSailinna2.png	Assets/Product/Texture/Image/IconCoating/IconCoating6000704.png	Bip001LForearm	Assets/Product/Effect/Prefab/FxR3Sailinna/Common/FxR3SailinnaPinzhiGuadianBip001LForearm.prefab	33										
6001302	1531003	1530302	泛用式·改	2	9000	初始系列——赛琳娜·岚音	构造体进行解放后，获得的性能强化版涂装。	Assets/Product/Texture/Image/IconToolsSp/Clo15310030102Sp.png	Assets/Product/Texture/Image/IconTools/Clo15310030102.png	[19032]	153398	32	6	Assets/Product/Texture/Image/Role/RoleHeadSailinna.png	Assets/Product/Texture/Image/Role/RoleHeadSailinna6.png	Assets/Product/Texture/Image/Role/RoleHeadSailinna.png	Assets/Product/Texture/Image/RoleCharacter/RoleHeadSailinna1.png	Assets/Product/Texture/Image/RoleCharacter/RoleHeadSailinna1.png	Assets/Product/Texture/Image/Role/RoleHeadSailinna3.png	Assets/Product/Texture/Image/Role/RoleHeadSailinna5.png	Assets/Product/Texture/Image/IconToolsSp/RoleHeadSailinna2Sp.png	Assets/Product/Texture/Image/IconTools/RoleHeadSailinna2.png	Assets/Product/Texture/Image/RoleStory/SailinnaNormal05.png	Assets/Product/Texture/Image/RoleCharacterBig/RoleCharacterBigR2SailinnaNormal01.png	Assets/Product/Texture/Image/RoleCharacter/RoleHeadSailinna2.png	Assets/Product/Texture/Image/IconCoating/IconCoating6000704.png	Bip001LForearm	Assets/Product/Effect/Prefab/FxR3Sailinna/Common/FxR3SailinnaPinzhiGuadianBip001LForearm.prefab	33										
6001303	1531003	1530303	泛用式·终	2	9000	初始系列——赛琳娜·岚音	构造体解放到终阶后，获得的最终型涂装。	Assets/Product/Texture/Image/IconToolsSp/Clo15310030103Sp.png	Assets/Product/Texture/Image/IconTools/Clo15310030103.png	[19032]	153397	32	9	Assets/Product/Texture/Image/Role/RoleHeadSailinna.png	Assets/Product/Texture/Image/Role/RoleHeadSailinna6.png	Assets/Product/Texture/Image/Role/RoleHeadSailinna.png	Assets/Product/Texture/Image/RoleCharacter/RoleHeadSailinna1.png	Assets/Product/Texture/Image/RoleCharacter/RoleHeadSailinna1.png	Assets/Product/Texture/Image/Role/RoleHeadSailinna3.png	Assets/Product/Texture/Image/Role/RoleHeadSailinna5.png	Assets/Product/Texture/Image/IconToolsSp/RoleHeadSailinna2Sp.png	Assets/Product/Texture/Image/IconTools/RoleHeadSailinna2.png	Assets/Product/Texture/Image/RoleStory/SailinnaNormal05.png	Assets/Product/Texture/Image/RoleCharacterBig/RoleCharacterBigR2SailinnaNormal01.png	Assets/Product/Texture/Image/RoleCharacter/RoleHeadSailinna2.png	Assets/Product/Texture/Image/IconCoating/IconCoating6000704.png	Bip001LForearm	Assets/Product/Effect/Prefab/FxR3Sailinna/Common/FxR3SailinnaPinzhiGuadianBip001LForearm.prefab	33										
6001304	1531003	1530304	夜莺玫瑰	5	1023	往昔重绽系列——赛琳娜·岚音	夜莺以为你是她歌唱的真情人，便抓住了荆棘的尖刺，刺进自己胸腔，用自己的鲜血孕育出了一朵红玫瑰，将它交到了你的手上……你问后来？后来你将红玫瑰细细镀上了金箔，别回了她的耳畔。	Assets/Product/Texture/Image/IconToolsSp/Clo15310039231Sp.png	Assets/Product/Texture/Image/IconTools/Clo15310039231.png	[80006,80007]	153396	32	14	Assets/Product/Texture/Image/Role/RoleHeadSailinna.png	Assets/Product/Texture/Image/Role/RoleHeadSailinna6.png	Assets/Product/Texture/Image/Role/RoleHeadSailinna.png	Assets/Product/Texture/Image/RoleCharacter/RoleHeadSailinna1.png	Assets/Product/Texture/Image/RoleCharacter/RoleHeadSailinna1.png	Assets/Product/Texture/Image/Role/RoleHeadSailinna3.png	Assets/Product/Texture/Image/Role/RoleHeadSailinna5.png	Assets/Product/Texture/Image/IconToolsSp/RoleHeadSailinna2Sp.png	Assets/Product/Texture/Image/IconTools/RoleHeadSailinna2.png	Assets/Product/Texture/Image/RoleStory/SailinnaNormal05.png	Assets/Product/Texture/Image/RoleCharacterBig/RoleCharacterBigR2SailinnaNormal01.png	Assets/Product/Texture/Image/RoleCharacter/RoleHeadSailinna2.png	Assets/Product/Texture/Image/IconCoating/IconCoating6001304.png	Bip001LForearm	Assets/Product/Effect/Prefab/FxR3Sailinna/Common/FxR3SailinnaPinzhiGuadianBip001LForearm.prefab	33										
6001305	1531003	1530305	宁芙浪谣	6	1027	阔海秘闻系列——赛琳娜·岚音	海之仙女，遥坐礁岸，与浪轻歌。 她为勇者送上祝福，她给旅人增添助力，她护战士刀枪不入。 而她自己，只是驻留此地，将浪花编成了自己裙摆，久久守候着，一个遥远的梦。	Assets/Product/Texture/Image/IconToolsSp/Clo15310039271Sp.png	Assets/Product/Texture/Image/IconTools/Clo15310039271.png	[80027]	117395	32	84	Assets/Product/Texture/Image/Role/RoleHeadSailinna.png	Assets/Product/Texture/Image/Role/RoleHeadSailinna6.png	Assets/Product/Texture/Image/Role/RoleHeadSquare6001305.png	Assets/Product/Texture/Image/RoleCharacter/RoleHeadSailinna1.png	Assets/Product/Texture/Image/RoleCharacter/RoleHead6001305.png	Assets/Product/Texture/Image/Role/RoleHeadSquare6001305.png	Assets/Product/Texture/Image/Role/RoleHeadSailinna5.png	Assets/Product/Texture/Image/IconToolsSp/RoleHeadSailinna2Sp.png	Assets/Product/Texture/Image/IconTools/RoleHeadSailinna2.png	Assets/Product/Texture/Image/RoleStory/SailinnaNormal05.png	Assets/Product/Texture/Image/RoleCharacterBig/RoleCharacterBigR2SailinnaNormal01.png	Assets/Product/Texture/Image/RoleCharacter/RoleHeadSailinna2.png	Assets/Product/Texture/Image/IconCoating/IconCoating6001305.png	Bip001LForearm	Assets/Product/Effect/Prefab/FxR3Sailinna/R3SailinnaMd019271/FxR3SailinnaPinzhiGuadianBip001LForearmH.prefab	88	9010228									
6001401	1121003	1120301	泛用式	1	9000	初始系列——库洛姆·荣光	构造体生产出来时配给的服装。	Assets/Product/Texture/Image/IconToolsSp/Clo11210030101Sp.png	Assets/Product/Texture/Image/IconTools/Clo11210030101.png	[19033]	112399	32	3	Assets/Product/Texture/Image/Role/RoleHeadR3Kuluomu.png	Assets/Product/Texture/Image/Role/RoleHeadR3Kuluomu6.png	Assets/Product/Texture/Image/Role/RoleHeadR3Kuluomu.png	Assets/Product/Texture/Image/RoleCharacter/RoleHeadR3Kuluomu1.png	Assets/Product/Texture/Image/RoleCharacter/RoleHeadR3Kuluomu1.png	Assets/Product/Texture/Image/Role/RoleHeadR3Kuluomu3.png	Assets/Product/Texture/Image/Role/RoleHeadR3Kuluomu5.png	Assets/Product/Texture/Image/IconToolsSp/RoleHeadR3Kuluomu2Sp.png	Assets/Product/Texture/Image/IconTools/RoleHeadR3Kuluomu2.png	Assets/Product/Texture/Image/RoleStory/R3kuluomuNormal02.png	Assets/Product/Texture/Image/RoleCharacterBig/RoleCharacterBigR3KuluomuNormal01.png	Assets/Product/Texture/Image/RoleCharacter/RoleHeadR3Kuluomu2.png	Assets/Product/Texture/Image/IconCoating/IconCoating6000704.png	Bip001RForearm	Assets/Product/Effect/Prefab/FxR3KuluomuPrefab/Common/FxR3KuluomuPinzhiGuadianBip001RForearm.prefab	34										
6001402	1121003	1120302	泛用式·改	2	9000	初始系列——库洛姆·荣光	构造体[初阶]解放后，获得权限根据爱好修改的服装。	Assets/Product/Texture/Image/IconToolsSp/Clo11210030102Sp.png	Assets/Product/Texture/Image/IconTools/Clo11210030102.png	[19033]	112398	32	6	Assets/Product/Texture/Image/Role/RoleHeadR3Kuluomu.png	Assets/Product/Texture/Image/Role/RoleHeadR3Kuluomu6.png	Assets/Product/Texture/Image/Role/RoleHeadR3Kuluomu.png	Assets/Product/Texture/Image/RoleCharacter/RoleHeadR3Kuluomu1.png	Assets/Product/Texture/Image/RoleCharacter/RoleHeadR3Kuluomu1.png	Assets/Product/Texture/Image/Role/RoleHeadR3Kuluomu3.png	Assets/Product/Texture/Image/Role/RoleHeadR3Kuluomu5.png	Assets/Product/Texture/Image/IconToolsSp/RoleHeadR3Kuluomu2Sp.png	Assets/Product/Texture/Image/IconTools/RoleHeadR3Kuluomu2.png	Assets/Product/Texture/Image/RoleStory/R3kuluomuNormal02.png	Assets/Product/Texture/Image/RoleCharacterBig/RoleCharacterBigR3KuluomuNormal01.png	Assets/Product/Texture/Image/RoleCharacter/RoleHeadR3Kuluomu2.png	Assets/Product/Texture/Image/IconCoating/IconCoating6000704.png	Bip001RForearm	Assets/Product/Effect/Prefab/FxR3KuluomuPrefab/Common/FxR3KuluomuPinzhiGuadianBip001RForearm.prefab	34										
6001403	1121003	1120303	泛用式·终	2	9000	初始系列——库洛姆·荣光	构造体[高阶]解放后，根据个人意愿修改的服装，完好的体现了本人意识海的特征。	Assets/Product/Texture/Image/IconToolsSp/Clo11210030103Sp.png	Assets/Product/Texture/Image/IconTools/Clo11210030103.png	[19033]	112397	32	9	Assets/Product/Texture/Image/Role/RoleHeadR3Kuluomu.png	Assets/Product/Texture/Image/Role/RoleHeadR3Kuluomu6.png	Assets/Product/Texture/Image/Role/RoleHeadR3Kuluomu.png	Assets/Product/Texture/Image/RoleCharacter/RoleHeadR3Kuluomu1.png	Assets/Product/Texture/Image/RoleCharacter/RoleHeadR3Kuluomu1.png	Assets/Product/Texture/Image/Role/RoleHeadR3Kuluomu3.png	Assets/Product/Texture/Image/Role/RoleHeadR3Kuluomu5.png	Assets/Product/Texture/Image/IconToolsSp/RoleHeadR3Kuluomu2Sp.png	Assets/Product/Texture/Image/IconTools/RoleHeadR3Kuluomu2.png	Assets/Product/Texture/Image/RoleStory/R3kuluomuNormal02.png	Assets/Product/Texture/Image/RoleCharacterBig/RoleCharacterBigR3KuluomuNormal01.png	Assets/Product/Texture/Image/RoleCharacter/RoleHeadR3Kuluomu2.png	Assets/Product/Texture/Image/IconCoating/IconCoating6000704.png	Bip001RForearm	Assets/Product/Effect/Prefab/FxR3KuluomuPrefab/Common/FxR3KuluomuPinzhiGuadianBip001RForearm.prefab	34										
6001404	1121003	1120304	荣勋典范	6	1023	往昔重绽系列——库洛姆·荣光	法奥斯优秀毕业生的定做制服，贴身却不阻碍行动，华贵却不张扬，适用于出席多种场合。胸前沉淀的纯金挂链时刻警醒着装者肩负起精英的使命，将荣誉与责任挂在心头，成为引领众人的光荣典范。	Assets/Product/Texture/Image/IconToolsSp/Clo11210039231Sp.png	Assets/Product/Texture/Image/IconTools/Clo11210039231.png	[80012,80013]	112396	32	84	Assets/Product/Texture/Image/Role/RoleHeadR3Kuluomu.png	Assets/Product/Texture/Image/Role/RoleHeadR3Kuluomu6.png	Assets/Product/Texture/Image/Role/RoleHeadSquare6001404.png	Assets/Product/Texture/Image/RoleCharacter/RoleHeadR3Kuluomu1.png	Assets/Product/Texture/Image/RoleCharacter/RoleHead6001404.png	Assets/Product/Texture/Image/Role/RoleHeadSquare6001404.png	Assets/Product/Texture/Image/Role/RoleHeadR3Kuluomu5.png	Assets/Product/Texture/Image/IconToolsSp/RoleHeadR3Kuluomu2Sp.png	Assets/Product/Texture/Image/IconTools/RoleHeadR3Kuluomu2.png	Assets/Product/Texture/Image/RoleStory/R3kuluomuNormal02.png	Assets/Product/Texture/Image/RoleCharacterBig/RoleCharacterBigR3KuluomuNormal01.png	Assets/Product/Texture/Image/RoleCharacter/RoleHeadR3Kuluomu2.png	Assets/Product/Texture/Image/IconCoating/IconCoating6001404.png	Bip001RForearm	Assets/Product/Effect/Prefab/FxR3KuluomuPrefab/R3KuluomuMd019091/FxR3KuluomuPinzhiGuadianBip001RForearmH.prefab	91	9010225									
6001405	1121003	1120305	长夜魅影	6	1028	放逐乐园系列——库洛姆·荣光	在黑夜中畅饮一杯鲜红，众生也为他献上赞歌。虽已无法拥抱光明，但他仍会在黑暗中默默守护着你。	Assets/Product/Texture/Image/IconToolsSp/Clo11210039281Sp.png	Assets/Product/Texture/Image/IconTools/Clo11210039281.png	[80039]	112395	32	84	Assets/Product/Texture/Image/Role/RoleHeadR3Kuluomu.png	Assets/Product/Texture/Image/Role/RoleHeadR3Kuluomu6.png	Assets/Product/Texture/Image/Role/RoleHeadR3Kuluomu8.png	Assets/Product/Texture/Image/RoleCharacter/RoleHeadR3Kuluomu1.png	Assets/Product/Texture/Image/RoleCharacter/RoleHeadR3Kuluomu8.png	Assets/Product/Texture/Image/Role/RoleHeadR3Kuluomu8.png	Assets/Product/Texture/Image/Role/RoleHeadR3Kuluomu5.png	Assets/Product/Texture/Image/IconToolsSp/RoleHeadR3Kuluomu2Sp.png	Assets/Product/Texture/Image/IconTools/RoleHeadR3Kuluomu2.png	Assets/Product/Texture/Image/RoleStory/R3kuluomuNormal02.png	Assets/Product/Texture/Image/RoleCharacterBig/RoleCharacterBigR3KuluomuNormal01.png	Assets/Product/Texture/Image/RoleCharacter/RoleHeadR3Kuluomu2.png	Assets/Product/Texture/Image/IconCoating/IconCoating6001405.png	Bip001RForearm	Assets/Product/Effect/Prefab/FxR3KuluomuPrefab/R3KuluomuMd019281/FxR3KuluomuPinzhiGuadianBip001RForearmH.prefab	67	9010231									
6001406	1121003	1120306	余暇沐日	6	1009	新生活系列——库洛姆·荣光	虽然并非出行的提议者，但他仍然安排了一场称得上完美的行程。夜色渐临，路灯之下他挥手致意，微笑伴以晚风将为约定画上句号。在告别之前，轻轻将他快要滑落的围巾拢紧——做好了一切准备的周密者，未曾料想过自己会因为你的随手之举而短暂失措。	Assets/Product/Texture/Image/IconToolsSp/Clo10410049011Sp.png	Assets/Product/Texture/Image/IconTools/Clo10410049011.png	[80074]	112394	32	84	Assets/Product/Texture/Image/Role/RoleHeadR3Kuluomu.png	Assets/Product/Texture/Image/Role/RoleHeadR3Kuluomu6.png	Assets/Product/Texture/Image/Role/RoleHeadR3Kuluomu9.png	Assets/Product/Texture/Image/RoleCharacter/RoleHeadR3Kuluomu1.png	Assets/Product/Texture/Image/RoleCharacter/RoleHeadR3Kuluomu9.png	Assets/Product/Texture/Image/Role/RoleHeadR3Kuluomu9.png	Assets/Product/Texture/Image/Role/RoleHeadR3Kuluomu5.png	Assets/Product/Texture/Image/IconToolsSp/RoleHeadR3Kuluomu2Sp.png	Assets/Product/Texture/Image/IconTools/RoleHeadR3Kuluomu2.png	Assets/Product/Texture/Image/RoleStory/R3kuluomuNormal02.png	Assets/Product/Texture/Image/RoleCharacterBig/RoleCharacterBigR3KuluomuNormal01.png	Assets/Product/Texture/Image/RoleCharacter/RoleHeadR3Kuluomu2.png	Assets/Product/Texture/Image/IconCoating/IconCoating6001406.png	Bip001RForearm	Assets/Product/Effect/Prefab/FxR3KuluomuPrefab/R3KuluomuMd019011/FxR3KuluomuPinzhiGuadianBip001RForearmH.prefab	68	9010241									
6001501	1221002	1220201	泛用式	1	9000	初始系列——21号·XXI	构造体生产出来时配给的服装。	Assets/Product/Texture/Image/IconToolsSp/Clo12210020101Sp.png	Assets/Product/Texture/Image/IconTools/Clo12210020101.png	[19038]	122299	32	3	Assets/Product/Texture/Image/Role/RoleHeadTwentyone.png	Assets/Product/Texture/Image/Role/RoleHeadTwentyone6.png	Assets/Product/Texture/Image/Role/RoleHeadTwentyone.png	Assets/Product/Texture/Image/RoleCharacter/RoleHeadTwentyone1.png	Assets/Product/Texture/Image/RoleCharacter/RoleHeadTwentyone1.png	Assets/Product/Texture/Image/Role/RoleHeadTwentyone3.png	Assets/Product/Texture/Image/Role/RoleHeadTwentyone5.png	Assets/Product/Texture/Image/IconToolsSp/RoleHeadTwentyone2Sp.png	Assets/Product/Texture/Image/IconTools/RoleHeadTwentyone2.png	Assets/Product/Texture/Image/RoleStory/21haoNormal01.png	Assets/Product/Texture/Image/RoleCharacterBig/RoleCharacterBigR2TwentyoneNormal01.png	Assets/Product/Texture/Image/RoleCharacter/RoleHeadTwentyone2.png	Assets/Product/Texture/Image/IconCoating/IconCoating6000704.png	Bip001RCalf	Assets/Product/Effect/Prefab/FxR2TwentyonePrefab/Common/FxR2TwentyonePinzhiGuadianBip001RCalf.prefab	35										
6001502	1221002	1220202	泛用式·改	2	9000	初始系列——21号·XXI	构造体[初阶]解放后，获得权限根据爱好修改的服装。	Assets/Product/Texture/Image/IconToolsSp/Clo12210020102Sp.png	Assets/Product/Texture/Image/IconTools/Clo12210020102.png	[19038]	122298	32	6	Assets/Product/Texture/Image/Role/RoleHeadTwentyone.png	Assets/Product/Texture/Image/Role/RoleHeadTwentyone6.png	Assets/Product/Texture/Image/Role/RoleHeadTwentyone.png	Assets/Product/Texture/Image/RoleCharacter/RoleHeadTwentyone1.png	Assets/Product/Texture/Image/RoleCharacter/RoleHeadTwentyone1.png	Assets/Product/Texture/Image/Role/RoleHeadTwentyone3.png	Assets/Product/Texture/Image/Role/RoleHeadTwentyone5.png	Assets/Product/Texture/Image/IconToolsSp/RoleHeadTwentyone2Sp.png	Assets/Product/Texture/Image/IconTools/RoleHeadTwentyone2.png	Assets/Product/Texture/Image/RoleStory/21haoNormal01.png	Assets/Product/Texture/Image/RoleCharacterBig/RoleCharacterBigR2TwentyoneNormal01.png	Assets/Product/Texture/Image/RoleCharacter/RoleHeadTwentyone2.png	Assets/Product/Texture/Image/IconCoating/IconCoating6000704.png	Bip001RCalf	Assets/Product/Effect/Prefab/FxR2TwentyonePrefab/Common/FxR2TwentyonePinzhiGuadianBip001RCalf.prefab	35										
6001503	1221002	1220203	泛用式·终	2	9000	初始系列——21号·XXI	构造体[高阶]解放后，根据个人意愿修改的服装，完好的体现了本人意识海的特征。	Assets/Product/Texture/Image/IconToolsSp/Clo12210020103Sp.png	Assets/Product/Texture/Image/IconTools/Clo12210020103.png	[19038]	122297	32	9	Assets/Product/Texture/Image/Role/RoleHeadTwentyone.png	Assets/Product/Texture/Image/Role/RoleHeadTwentyone6.png	Assets/Product/Texture/Image/Role/RoleHeadTwentyone.png	Assets/Product/Texture/Image/RoleCharacter/RoleHeadTwentyone1.png	Assets/Product/Texture/Image/RoleCharacter/RoleHeadTwentyone1.png	Assets/Product/Texture/Image/Role/RoleHeadTwentyone3.png	Assets/Product/Texture/Image/Role/RoleHeadTwentyone5.png	Assets/Product/Texture/Image/IconToolsSp/RoleHeadTwentyone2Sp.png	Assets/Product/Texture/Image/IconTools/RoleHeadTwentyone2.png	Assets/Product/Texture/Image/RoleStory/21haoNormal01.png	Assets/Product/Texture/Image/RoleCharacterBig/RoleCharacterBigR2TwentyoneNormal01.png	Assets/Product/Texture/Image/RoleCharacter/RoleHeadTwentyone2.png	Assets/Product/Texture/Image/IconCoating/IconCoating6000704.png	Bip001RCalf	Assets/Product/Effect/Prefab/FxR2TwentyonePrefab/Common/FxR2TwentyonePinzhiGuadianBip001RCalf.prefab	35										
6001504	1221002	1220204	齿轮红帽	5	1009	新生活系列——21号·XXI	以某篇童话为基调设计的涂装。短裙，蝴蝶结，娇小的红帽。空白的少女并不知晓这身打扮的含义，也不曾考虑过为什么需要“打扮”。然而当她看到他人见到她露出的笑容时，却会觉得“暖洋洋的”。	Assets/Product/Texture/Image/IconToolsSp/Clo12210029091Sp.png	Assets/Product/Texture/Image/IconTools/Clo12210029091.png	[80018,80019]	122296	32	14	Assets/Product/Texture/Image/Role/RoleHeadTwentyone.png	Assets/Product/Texture/Image/Role/RoleHeadTwentyone6.png	Assets/Product/Texture/Image/Role/RoleHeadTwentyone.png	Assets/Product/Texture/Image/RoleCharacter/RoleHeadTwentyone1.png	Assets/Product/Texture/Image/RoleCharacter/RoleHeadTwentyone1.png	Assets/Product/Texture/Image/Role/RoleHeadTwentyone3.png	Assets/Product/Texture/Image/Role/RoleHeadTwentyone5.png	Assets/Product/Texture/Image/IconToolsSp/RoleHeadTwentyone2Sp.png	Assets/Product/Texture/Image/IconTools/RoleHeadTwentyone2.png	Assets/Product/Texture/Image/RoleStory/21haoNormal01.png	Assets/Product/Texture/Image/RoleCharacterBig/RoleCharacterBigR2TwentyoneNormal01.png	Assets/Product/Texture/Image/RoleCharacter/RoleHeadTwentyone2.png	Assets/Product/Texture/Image/IconCoating/IconCoating6001504.png	Bip001RCalf	Assets/Product/Effect/Prefab/FxR2TwentyonePrefab/Common/FxR2TwentyonePinzhiGuadianBip001RCalf.prefab	35										
6001505	1221002	1220205	夏雪微鸣	5	1027	阔海秘闻系列——21号·XXI	犹如盛夏之雪，白色的身影被狂乱的鼓点所包裹，在惊涛骇浪之中，她以微弱之音念出歌词。童谣般的歌唱仿佛要抹平摇滚乐的狂澜，毫无起伏地沿着直线向前。技巧，思考，她为歌声所注入的灵魂，都如盛夏之雪一般，虚无缥缈。尽管如此，观众们仍然在为那片娇小的雪花摇旗呐喊。	Assets/Product/Texture/Image/IconToolsSp/Clo12210029331Sp.png	Assets/Product/Texture/Image/IconTools/Clo12210029331.png	[80064]	122295	32	14	Assets/Product/Texture/Image/Role/RoleHeadTwentyone.png	Assets/Product/Texture/Image/Role/RoleHeadTwentyone6.png	Assets/Product/Texture/Image/Role/RoleHeadTwentyone.png	Assets/Product/Texture/Image/RoleCharacter/RoleHeadTwentyone1.png	Assets/Product/Texture/Image/RoleCharacter/RoleHeadR3Weila7.png	Assets/Product/Texture/Image/Role/RoleHeadTwentyone3.png	Assets/Product/Texture/Image/Role/RoleHeadTwentyone5.png	Assets/Product/Texture/Image/IconToolsSp/RoleHeadTwentyone2Sp.png	Assets/Product/Texture/Image/IconTools/RoleHeadTwentyone2.png	Assets/Product/Texture/Image/RoleStory/21haoNormal01.png	Assets/Product/Texture/Image/RoleCharacterBig/RoleCharacterBigR2TwentyoneNormal01.png	Assets/Product/Texture/Image/RoleCharacter/RoleHeadTwentyone2.png	Assets/Product/Texture/Image/IconCoating/IconCoating6001505.png	Bip001RCalf	Assets/Product/Effect/Prefab/FxR2TwentyonePrefab/Common/FxR2TwentyonePinzhiGuadianBip001RCalf.prefab	35										
6001506	1221002	1220206	玄符不语	5	1028	放逐乐园系列——21号·XXI	玄符不语，姑妄听之。 以九龙坊间流传的故事为主题制作的涂装，据说是21号某次友情出演所获得的报酬。 “嗯，商业街那里新开了一家鬼屋，老板让21号去那里做演员，不过我什么都不用干，只需要跳出来用微笑迎接顾客，21号，做得很好。”	Assets/Product/Texture/Image/IconToolsSp/Clo12210029201Sp.png	Assets/Product/Texture/Image/IconTools/Clo12210029201.png	[80104]	122294	32	14	Assets/Product/Texture/Image/Role/RoleHeadTwentyone.png	Assets/Product/Texture/Image/Role/RoleHeadTwentyone6.png	Assets/Product/Texture/Image/Role/RoleHeadTwentyone.png	Assets/Product/Texture/Image/RoleCharacter/RoleHeadTwentyone1.png	Assets/Product/Texture/Image/RoleCharacter/RoleHeadR3Weila7.png	Assets/Product/Texture/Image/Role/RoleHeadTwentyone3.png	Assets/Product/Texture/Image/Role/RoleHeadTwentyone5.png	Assets/Product/Texture/Image/IconToolsSp/RoleHeadTwentyone2Sp.png	Assets/Product/Texture/Image/IconTools/RoleHeadTwentyone2.png	Assets/Product/Texture/Image/RoleStory/21haoNormal01.png	Assets/Product/Texture/Image/RoleCharacterBig/RoleCharacterBigR2TwentyoneNormal01.png	Assets/Product/Texture/Image/RoleCharacter/RoleHeadTwentyone2.png	Assets/Product/Texture/Image/IconCoating/IconCoating6001506.png	Bip001RCalf	Assets/Product/Effect/Prefab/FxR2TwentyonePrefab/Common/FxR2TwentyonePinzhiGuadianBip001RCalf.prefab	35										
6001601	1131003	1130301	泛用式	1	9000	初始系列——薇拉·绯耀	构造体生产出来时配给的服装。	Assets/Product/Texture/Image/IconToolsSp/Clo11310030101Sp.png	Assets/Product/Texture/Image/IconTools/Clo11310030101.png	[19034]	113399	32	3	Assets/Product/Texture/Image/Role/RoleHeadR3Weila.png	Assets/Product/Texture/Image/Role/RoleHeadR3Weila6.png	Assets/Product/Texture/Image/Role/RoleHeadR3Weila.png	Assets/Product/Texture/Image/RoleCharacter/RoleHeadR3Weila1.png	Assets/Product/Texture/Image/RoleCharacter/RoleHeadR3Weila1.png	Assets/Product/Texture/Image/Role/RoleHeadR3Weila3.png	Assets/Product/Texture/Image/Role/RoleHeadR3Weila5.png	Assets/Product/Texture/Image/IconToolsSp/RoleHeadR3Weila2Sp.png	Assets/Product/Texture/Image/IconTools/RoleHeadR3Weila2.png	Assets/Product/Texture/Image/RoleStory/WeilaSNormal01.png	Assets/Product/Texture/Image/RoleCharacterBig/RoleCharacterBigR3WeilaNormal01.png	Assets/Product/Texture/Image/RoleCharacter/RoleHeadR3Weila2.png	Assets/Product/Texture/Image/IconCoating/IconCoating6000704.png	Bip001LUpperArm	Assets/Product/Effect/Prefab/FxR3WeilaPrefab/Common/FxR3WeilaPinzhiGuadianBip001LForearm.prefab	36										
6001602	1131003	1130302	泛用式·改	2	9000	初始系列——薇拉·绯耀	构造体[初阶]解放后，获得权限根据爱好修改的服装。	Assets/Product/Texture/Image/IconToolsSp/Clo11310030102Sp.png	Assets/Product/Texture/Image/IconTools/Clo11310030102.png	[19034]	113398	32	6	Assets/Product/Texture/Image/Role/RoleHeadR3Weila.png	Assets/Product/Texture/Image/Role/RoleHeadR3Weila6.png	Assets/Product/Texture/Image/Role/RoleHeadR3Weila.png	Assets/Product/Texture/Image/RoleCharacter/RoleHeadR3Weila1.png	Assets/Product/Texture/Image/RoleCharacter/RoleHeadR3Weila1.png	Assets/Product/Texture/Image/Role/RoleHeadR3Weila3.png	Assets/Product/Texture/Image/Role/RoleHeadR3Weila5.png	Assets/Product/Texture/Image/IconToolsSp/RoleHeadR3Weila2Sp.png	Assets/Product/Texture/Image/IconTools/RoleHeadR3Weila2.png	Assets/Product/Texture/Image/RoleStory/WeilaSNormal01.png	Assets/Product/Texture/Image/RoleCharacterBig/RoleCharacterBigR3WeilaNormal01.png	Assets/Product/Texture/Image/RoleCharacter/RoleHeadR3Weila2.png	Assets/Product/Texture/Image/IconCoating/IconCoating6000704.png	Bip001LUpperArm	Assets/Product/Effect/Prefab/FxR3WeilaPrefab/Common/FxR3WeilaPinzhiGuadianBip001LForearm.prefab	36										
6001603	1131003	1130303	泛用式·终	2	9000	初始系列——薇拉·绯耀	构造体[高阶]解放后，根据个人意愿修改的服装，完好的体现了本人意识海的特征。	Assets/Product/Texture/Image/IconToolsSp/Clo11310030103Sp.png	Assets/Product/Texture/Image/IconTools/Clo11310030103.png	[19034]	113397	32	9	Assets/Product/Texture/Image/Role/RoleHeadR3Weila.png	Assets/Product/Texture/Image/Role/RoleHeadR3Weila6.png	Assets/Product/Texture/Image/Role/RoleHeadR3Weila.png	Assets/Product/Texture/Image/RoleCharacter/RoleHeadR3Weila1.png	Assets/Product/Texture/Image/RoleCharacter/RoleHeadR3Weila1.png	Assets/Product/Texture/Image/Role/RoleHeadR3Weila3.png	Assets/Product/Texture/Image/Role/RoleHeadR3Weila5.png	Assets/Product/Texture/Image/IconToolsSp/RoleHeadR3Weila2Sp.png	Assets/Product/Texture/Image/IconTools/RoleHeadR3Weila2.png	Assets/Product/Texture/Image/RoleStory/WeilaSNormal01.png	Assets/Product/Texture/Image/RoleCharacterBig/RoleCharacterBigR3WeilaNormal01.png	Assets/Product/Texture/Image/RoleCharacter/RoleHeadR3Weila2.png	Assets/Product/Texture/Image/IconCoating/IconCoating6000704.png	Bip001LUpperArm	Assets/Product/Effect/Prefab/FxR3WeilaPrefab/Common/FxR3WeilaPinzhiGuadianBip001LForearm.prefab	36										
6001604	1131003	1130304	黯言蔷薇	5	1028	放逐乐园系列——薇拉·绯耀	黑纱，是为隐藏杀意，藏匿于黑夜。 荆棘，是为不忘苦难，宽恕其罪孽。 烙印，是为铭刻信条，永守那誓言。 “愿灵魂于杀戮中安息……”	Assets/Product/Texture/Image/IconToolsSp/Clo11310039091Sp.png	Assets/Product/Texture/Image/IconTools/Clo11310039091.png	[80023,80024]	113396	32	14	Assets/Product/Texture/Image/Role/RoleHeadR3Weila.png	Assets/Product/Texture/Image/Role/RoleHeadR3Weila6.png	Assets/Product/Texture/Image/Role/RoleHeadR3Weila.png	Assets/Product/Texture/Image/RoleCharacter/RoleHeadR3Weila1.png	Assets/Product/Texture/Image/RoleCharacter/RoleHeadR3Weila1.png	Assets/Product/Texture/Image/Role/RoleHeadR3Weila3.png	Assets/Product/Texture/Image/Role/RoleHeadR3Weila5.png	Assets/Product/Texture/Image/IconToolsSp/RoleHeadR3Weila2Sp.png	Assets/Product/Texture/Image/IconTools/RoleHeadR3Weila2.png	Assets/Product/Texture/Image/RoleStory/WeilaSNormal01.png	Assets/Product/Texture/Image/RoleCharacterBig/RoleCharacterBigR3WeilaNormal01.png	Assets/Product/Texture/Image/RoleCharacter/RoleHeadR3Weila2.png	Assets/Product/Texture/Image/IconCoating/IconCoating6001604.png	Bip001LUpperArm	Assets/Product/Effect/Prefab/FxR3WeilaPrefab/Common/FxR3WeilaPinzhiGuadianBip001LForearm.prefab	36										
6001605	1131003	1130305	绯澜盛律	6	1027	阔海秘闻系列——薇拉·绯耀	将装甲减少到了最低限度，以确保她能够在音乐的盛会里追逐浪花。但本人似乎更倾向于背靠遮阳伞的阴影，尽情欣赏你在人潮中束手无措的样子。并在合适的时机发出呼唤：“指挥官，帮我把那个拿过来。”作为奖励，她会允许你共享遮阳伞下不怎么宽敞的空间。	Assets/Product/Texture/Image/IconToolsSp/Clo11310039331Sp.png	Assets/Product/Texture/Image/IconTools/Clo11310039331.png	[80065]	113395	32	84	Assets/Product/Texture/Image/Role/RoleHeadR3Weila.png	Assets/Product/Texture/Image/Role/RoleHeadR3Weila6.png	Assets/Product/Texture/Image/Role/RoleHeadR3Weila7.png	Assets/Product/Texture/Image/RoleCharacter/RoleHeadR3Weila1.png	Assets/Product/Texture/Image/RoleCharacter/RoleHeadR3Weila7.png	Assets/Product/Texture/Image/Role/RoleHeadR3Weila7.png	Assets/Product/Texture/Image/Role/RoleHeadR3Weila5.png	Assets/Product/Texture/Image/IconToolsSp/RoleHeadR3Weila2Sp.png	Assets/Product/Texture/Image/IconTools/RoleHeadR3Weila2.png	Assets/Product/Texture/Image/RoleStory/WeilaSNormal01.png	Assets/Product/Texture/Image/RoleCharacterBig/RoleCharacterBigR3WeilaNormal01.png	Assets/Product/Texture/Image/RoleCharacter/RoleHeadR3Weila2.png	Assets/Product/Texture/Image/IconCoating/IconCoatin6001605.png	Bip001LUpperArm	Assets/Product/Effect/Prefab/FxR3WeilaPrefab/R3WeilaMd019331/FxR3WeilaPinzhiGuadianBip001LForearmH.prefab	65	9010238									
6001606	1131003	1130306	冥夜日冕	6	1029	游诗歌谣系列——薇拉·绯耀	她如煌煌烈阳，逐光展旗，照亮幽邃深沉的天幕。她如冥域之风，呼啸苍穹，宣示生死界限的真谕。她是众神的先锋，是英灵的终点，是静候长夜的神祇。当太阳落下，圣鹮展翼之时，面对她的邀请，你是否愿意同行，去见证那永无止境的远征，守护你们共同铭刻的誓言？	Assets/Product/Texture/Image/IconToolsSp/Clo11310039251Sp.png	Assets/Product/Texture/Image/IconTools/Clo11310039251.png	[80093]	113394	32	84	Assets/Product/Texture/Image/Role/RoleHeadR3Weila.png	Assets/Product/Texture/Image/Role/RoleHeadR3Weila6.png	Assets/Product/Texture/Image/Role/RoleHeadR3Weila8.png	Assets/Product/Texture/Image/RoleCharacter/RoleHeadR3Weila1.png	Assets/Product/Texture/Image/RoleCharacter/RoleHeadR3Weila8.png	Assets/Product/Texture/Image/Role/RoleHeadR3Weila8.png	Assets/Product/Texture/Image/Role/RoleHeadR3Weila5.png	Assets/Product/Texture/Image/IconToolsSp/RoleHeadR3Weila2Sp.png	Assets/Product/Texture/Image/IconTools/RoleHeadR3Weila2.png	Assets/Product/Texture/Image/RoleStory/WeilaSNormal01.png	Assets/Product/Texture/Image/RoleCharacterBig/RoleCharacterBigR3WeilaNormal01.png	Assets/Product/Texture/Image/RoleCharacter/RoleHeadR3Weila2.png	Assets/Product/Texture/Image/IconCoating/IconCoating6001606.png	Bip001LForearm	Assets/Product/Effect/Prefab/FxR3WeilaPrefab/R3WeilaMd019251/FxR3WeilaPinzhiGuadianBip001LForearmH.prefab	66	9010247									
6001607	1131003	1130307	绮影凛然	6	1014	霓裳系列——薇拉·绯耀	秀鸾枪破天门阵，桃花马踏西夏川。 “相传从前有一位骁勇善战的女将，巾帼须眉，建功无数，从皇城退下之后，成了空都里的女锦卫。自从空都有了这位女锦卫，寇盗鼠辈们都倒了大霉，百姓们的安稳终于有了保障，大伙儿都喜溢眉梢……” ——出自评书《空都话本》	Assets/Product/Texture/Image/IconToolsSp/Clo11310039141Sp.png	Assets/Product/Texture/Image/IconTools/Clo11310039141.png	[80138]	113393	32	84	Assets/Product/Texture/Image/Role/RoleHeadR3Weila.png	Assets/Product/Texture/Image/Role/RoleHeadR3Weila6.png	Assets/Product/Texture/Image/Role/RoleHeadR3Weila9.png	Assets/Product/Texture/Image/RoleCharacter/RoleHeadR3Weila1.png	Assets/Product/Texture/Image/RoleCharacter/RoleHeadR3Weila9.png	Assets/Product/Texture/Image/Role/RoleHeadR3Weila9.png	Assets/Product/Texture/Image/Role/RoleHeadR3Weila5.png	Assets/Product/Texture/Image/IconToolsSp/RoleHeadR3Weila2Sp.png	Assets/Product/Texture/Image/IconTools/RoleHeadR3Weila2.png	Assets/Product/Texture/Image/RoleStory/WeilaSNormal01.png	Assets/Product/Texture/Image/RoleCharacterBig/RoleCharacterBigR3WeilaNormal01.png	Assets/Product/Texture/Image/RoleCharacter/RoleHeadR3Weila2.png	Assets/Product/Texture/Image/IconCoating/IconCoating6001607.png	Bip001LForearm	Assets/Product/Effect/Prefab/FxR3WeilaPrefab/R3WeilaMd019141/FxR3WeilaPinzhiGuadianBip001LForearm.prefab	111			[50117]							
6001701	1541003	1540301	泛用式	1	9000	初始系列——罗兰·戏炎	构造体配给到的初始涂装。	Assets/Product/Texture/Image/IconToolsSp/Clo15410030101Sp.png	Assets/Product/Texture/Image/IconTools/Clo15410030101.png	[19035]	154399	32	3	Assets/Product/Texture/Image/Role/RoleHeadLuolannew.png	Assets/Product/Texture/Image/Role/RoleHeadLuolan6.png	Assets/Product/Texture/Image/Role/RoleHeadLuolannew.png	Assets/Product/Texture/Image/RoleCharacter/RoleHeadLuolan1.png	Assets/Product/Texture/Image/RoleCharacter/RoleHeadLuolan1.png	Assets/Product/Texture/Image/Role/RoleHeadLuolan3.png	Assets/Product/Texture/Image/Role/RoleHeadLuolan5.png	Assets/Product/Texture/Image/IconToolsSp/RoleHeadLuolan2Sp.png	Assets/Product/Texture/Image/IconTools/RoleHeadLuolan2.png	Assets/Product/Texture/Image/RoleStory/LuolanNormal04.png	Assets/Product/Texture/Image/RoleCharacterBig/RoleCharacterBigR2LuolanNormal01.png	Assets/Product/Texture/Image/RoleCharacter/RoleHeadLuolan2.png	Assets/Product/Texture/Image/IconCoating/IconCoating6000704.png	Bip001RForearm	Assets/Product/Effect/Prefab/FxR2LuolanPrefab/Common/FxR2LuolanPinzhiGuadianBip001RForearm.prefab	37										
6001702	1541003	1540302	泛用式·改	2	9000	初始系列——罗兰·戏炎	构造体进行解放后，获得的性能强化版涂装。	Assets/Product/Texture/Image/IconToolsSp/Clo15410030102Sp.png	Assets/Product/Texture/Image/IconTools/Clo15410030102.png	[19035]	154398	32	6	Assets/Product/Texture/Image/Role/RoleHeadLuolannew.png	Assets/Product/Texture/Image/Role/RoleHeadLuolan6.png	Assets/Product/Texture/Image/Role/RoleHeadLuolannew.png	Assets/Product/Texture/Image/RoleCharacter/RoleHeadLuolan1.png	Assets/Product/Texture/Image/RoleCharacter/RoleHeadLuolan1.png	Assets/Product/Texture/Image/Role/RoleHeadLuolan3.png	Assets/Product/Texture/Image/Role/RoleHeadLuolan5.png	Assets/Product/Texture/Image/IconToolsSp/RoleHeadLuolan2Sp.png	Assets/Product/Texture/Image/IconTools/RoleHeadLuolan2.png	Assets/Product/Texture/Image/RoleStory/LuolanNormal04.png	Assets/Product/Texture/Image/RoleCharacterBig/RoleCharacterBigR2LuolanNormal01.png	Assets/Product/Texture/Image/RoleCharacter/RoleHeadLuolan2.png	Assets/Product/Texture/Image/IconCoating/IconCoating6000704.png	Bip001RForearm	Assets/Product/Effect/Prefab/FxR2LuolanPrefab/Common/FxR2LuolanPinzhiGuadianBip001RForearm.prefab	37										
6001703	1541003	1540303	泛用式·终	2	9000	初始系列——罗兰·戏炎	构造体解放到终阶后，获得的最终型涂装。	Assets/Product/Texture/Image/IconToolsSp/Clo15410030103Sp.png	Assets/Product/Texture/Image/IconTools/Clo15410030103.png	[19035]	154397	32	9	Assets/Product/Texture/Image/Role/RoleHeadLuolannew.png	Assets/Product/Texture/Image/Role/RoleHeadLuolan6.png	Assets/Product/Texture/Image/Role/RoleHeadLuolannew.png	Assets/Product/Texture/Image/RoleCharacter/RoleHeadLuolan1.png	Assets/Product/Texture/Image/RoleCharacter/RoleHeadLuolan1.png	Assets/Product/Texture/Image/Role/RoleHeadLuolan3.png	Assets/Product/Texture/Image/Role/RoleHeadLuolan5.png	Assets/Product/Texture/Image/IconToolsSp/RoleHeadLuolan2Sp.png	Assets/Product/Texture/Image/IconTools/RoleHeadLuolan2.png	Assets/Product/Texture/Image/RoleStory/LuolanNormal04.png	Assets/Product/Texture/Image/RoleCharacterBig/RoleCharacterBigR2LuolanNormal01.png	Assets/Product/Texture/Image/RoleCharacter/RoleHeadLuolan2.png	Assets/Product/Texture/Image/IconCoating/IconCoating6000704.png	Bip001RForearm	Assets/Product/Effect/Prefab/FxR2LuolanPrefab/Common/FxR2LuolanPinzhiGuadianBip001RForearm.prefab	37										
6001704	1541003	1540304	愚世诳言	5	1028	放逐乐园系列——罗兰·戏炎	掌声！口哨！喝彩！ 浩瀚的声响在小丑耳畔回荡。他跨越过火线，逃离出兽口，在危险的边界上肆意飞舞，期盼着被取悦的观众，能再次献上掌声。  转瞬，表演结束，帷幕落下。 ——却见观众席空无一人。	Assets/Product/Texture/Image/IconToolsSp/Clo15410039261Sp.png	Assets/Product/Texture/Image/IconTools/Clo15410039261.png	[80029,80030]	154396	32	14	Assets/Product/Texture/Image/Role/RoleHeadLuolannew.png	Assets/Product/Texture/Image/Role/RoleHeadLuolan6.png	Assets/Product/Texture/Image/Role/RoleHeadLuolannew.png	Assets/Product/Texture/Image/RoleCharacter/RoleHeadLuolan1.png	Assets/Product/Texture/Image/RoleCharacter/RoleHeadLuolan1.png	Assets/Product/Texture/Image/Role/RoleHeadLuolan3.png	Assets/Product/Texture/Image/Role/RoleHeadLuolan5.png	Assets/Product/Texture/Image/IconToolsSp/RoleHeadLuolan2Sp.png	Assets/Product/Texture/Image/IconTools/RoleHeadLuolan2.png	Assets/Product/Texture/Image/RoleStory/LuolanNormal04.png	Assets/Product/Texture/Image/RoleCharacterBig/RoleCharacterBigR2LuolanNormal01.png	Assets/Product/Texture/Image/RoleCharacter/RoleHeadLuolan2.png	Assets/Product/Texture/Image/IconCoating/IconCoating6001704.png	Bip001RForearm	Assets/Product/Effect/Prefab/FxR2LuolanPrefab/Common/FxR2LuolanPinzhiGuadianBip001RForearm.prefab	37										
6001705	1541003	1540305	靛墨烟波	5	1014	霓裳系列——罗兰·戏炎	云墨无端染素衣，靛绸钩腰束发飞。 半生虚妄樊笼里，又见烟波已破囚。 善恶一念随心意，恩怨情仇皆笑谈。 此际谋皮与虎去，天门悬首近丰秋。	Assets/Product/Texture/Image/IconToolsSp/Clo15410039141Sp.png	Assets/Product/Texture/Image/IconTools/Clo15410039141.png	[80056]	154395	32	14	Assets/Product/Texture/Image/Role/RoleHeadLuolannew.png	Assets/Product/Texture/Image/Role/RoleHeadLuolan6.png	Assets/Product/Texture/Image/Role/RoleHeadLuolannew.png	Assets/Product/Texture/Image/RoleCharacter/RoleHeadLuolan1.png	Assets/Product/Texture/Image/RoleCharacter/RoleHeadLuolan1.png	Assets/Product/Texture/Image/Role/RoleHeadLuolan3.png	Assets/Product/Texture/Image/Role/RoleHeadLuolan5.png	Assets/Product/Texture/Image/IconToolsSp/RoleHeadLuolan2Sp.png	Assets/Product/Texture/Image/IconTools/RoleHeadLuolan2.png	Assets/Product/Texture/Image/RoleStory/LuolanNormal04.png	Assets/Product/Texture/Image/RoleCharacterBig/RoleCharacterBigR2LuolanNormal01.png	Assets/Product/Texture/Image/RoleCharacter/RoleHeadLuolan2.png	Assets/Product/Texture/Image/IconCoating/IconCoatin6001705.png	Bip001RForearm	Assets/Product/Effect/Prefab/FxR2LuolanPrefab/Common/FxR2LuolanPinzhiGuadianBip001RForearm.prefab	37										
6001801	1031004	1030401	泛用式	1	9000	初始系列——丽芙·极昼	构造体生产出来时配给的服装。	Assets/Product/Texture/Image/IconToolsSp/Clo10310040101Sp.png	Assets/Product/Texture/Image/IconTools/Clo10310040101.png	[19036]	103499	32	3	Assets/Product/Texture/Image/Role/RoleHeadR4Lifu.png	Assets/Product/Texture/Image/Role/RoleHeadR4Lifu6.png	Assets/Product/Texture/Image/Role/RoleHeadR4Lifu.png	Assets/Product/Texture/Image/RoleCharacter/RoleHeadR4Lifu1.png	Assets/Product/Texture/Image/RoleCharacter/RoleHeadR4Lifu1.png	Assets/Product/Texture/Image/Role/RoleHeadR4Lifu3.png	Assets/Product/Texture/Image/Role/RoleHeadR4Lifu5.png	Assets/Product/Texture/Image/IconToolsSp/RoleHeadR4Lifu2Sp.png	Assets/Product/Texture/Image/IconTools/RoleHeadR4Lifu2.png	Assets/Product/Texture/Image/RoleStory/LifuNormal04.png	Assets/Product/Texture/Image/RoleCharacterBig/RoleCharacterBigR4LifuNormal02.png	Assets/Product/Texture/Image/RoleCharacter/RoleHeadR4Lifu2.png	Assets/Product/Texture/Image/IconCoating/IconCoating6000704.png	Bip001RForearm	Assets/Product/Effect/Prefab/FxR4LifuPrefab/Common/FxR4LifuBip001RForearm.prefab	38										
6001802	1031004	1030402	泛用式·改	2	9000	初始系列——丽芙·极昼	构造体[初阶]解放后，获得权限根据爱好修改的服装。	Assets/Product/Texture/Image/IconToolsSp/Clo10310040102Sp.png	Assets/Product/Texture/Image/IconTools/Clo10310040102.png	[19036]	103498	32	6	Assets/Product/Texture/Image/Role/RoleHeadR4Lifu.png	Assets/Product/Texture/Image/Role/RoleHeadR4Lifu6.png	Assets/Product/Texture/Image/Role/RoleHeadR4Lifu.png	Assets/Product/Texture/Image/RoleCharacter/RoleHeadR4Lifu1.png	Assets/Product/Texture/Image/RoleCharacter/RoleHeadR4Lifu1.png	Assets/Product/Texture/Image/Role/RoleHeadR4Lifu3.png	Assets/Product/Texture/Image/Role/RoleHeadR4Lifu5.png	Assets/Product/Texture/Image/IconToolsSp/RoleHeadR4Lifu2Sp.png	Assets/Product/Texture/Image/IconTools/RoleHeadR4Lifu2.png	Assets/Product/Texture/Image/RoleStory/LifuNormal04.png	Assets/Product/Texture/Image/RoleCharacterBig/RoleCharacterBigR4LifuNormal02.png	Assets/Product/Texture/Image/RoleCharacter/RoleHeadR4Lifu2.png	Assets/Product/Texture/Image/IconCoating/IconCoating6000704.png	Bip001RForearm	Assets/Product/Effect/Prefab/FxR4LifuPrefab/Common/FxR4LifuBip001RForearm.prefab	38										
6001803	1031004	1030403	泛用式·终	2	9000	初始系列——丽芙·极昼	构造体[高阶]解放后，根据个人意愿修改的服装，完好的体现了本人意识海的特征。	Assets/Product/Texture/Image/IconToolsSp/Clo10310040103Sp.png	Assets/Product/Texture/Image/IconTools/Clo10310040103.png	[19036]	103497	32	9	Assets/Product/Texture/Image/Role/RoleHeadR4Lifu.png	Assets/Product/Texture/Image/Role/RoleHeadR4Lifu6.png	Assets/Product/Texture/Image/Role/RoleHeadR4Lifu.png	Assets/Product/Texture/Image/RoleCharacter/RoleHeadR4Lifu1.png	Assets/Product/Texture/Image/RoleCharacter/RoleHeadR4Lifu1.png	Assets/Product/Texture/Image/Role/RoleHeadR4Lifu3.png	Assets/Product/Texture/Image/Role/RoleHeadR4Lifu5.png	Assets/Product/Texture/Image/IconToolsSp/RoleHeadR4Lifu2Sp.png	Assets/Product/Texture/Image/IconTools/RoleHeadR4Lifu2.png	Assets/Product/Texture/Image/RoleStory/LifuNormal04.png	Assets/Product/Texture/Image/RoleCharacterBig/RoleCharacterBigR4LifuNormal02.png	Assets/Product/Texture/Image/RoleCharacter/RoleHeadR4Lifu2.png	Assets/Product/Texture/Image/IconCoating/IconCoating6000704.png	Bip001RForearm	Assets/Product/Effect/Prefab/FxR4LifuPrefab/Common/FxR4LifuBip001RForearm.prefab	38										
6001804	1031004	1030404	祈晓织翼	6	1029	游诗歌谣系列——丽芙·极昼	传说，人们难忍长夜漫漫，便一齐用生命的星点微光，织成了仙神的纤薄羽翼。于是，仙神登上天穹，化作星座，引来白昼。从此晓光再次照进人们眼中。那仙神呢？仙神啊……时至今日，仙神仍在万米之外的寒空中，寂寥地眺望着大地。	Assets/Product/Texture/Image/IconToolsSp/Clo10310049291Sp.png	Assets/Product/Texture/Image/IconTools/Clo10310049291.png	[80033]	103496	32	84	Assets/Product/Texture/Image/Role/RoleHeadR4Lifu.png	Assets/Product/Texture/Image/Role/RoleHeadR4Lifu6.png	Assets/Product/Texture/Image/Role/RoleHeadLifu7.png	Assets/Product/Texture/Image/RoleCharacter/RoleHeadR4Lifu1.png	Assets/Product/Texture/Image/RoleCharacter/RoleHeadLifu8.png	Assets/Product/Texture/Image/Role/RoleHeadLifu7.png	Assets/Product/Texture/Image/Role/RoleHeadR4Lifu5.png	Assets/Product/Texture/Image/IconToolsSp/RoleHeadR4Lifu2Sp.png	Assets/Product/Texture/Image/IconTools/RoleHeadR4Lifu2.png	Assets/Product/Texture/Image/RoleStory/LifuNormal04.png	Assets/Product/Texture/Image/RoleCharacterBig/RoleCharacterBigR4LifuNormal02.png	Assets/Product/Texture/Image/RoleCharacter/RoleHeadR4Lifu2.png	Assets/Product/Texture/Image/IconCoating/IconCoating6001804.png	Bip001RForearm	Assets/Product/Effect/Prefab/FxR4LifuPrefab/R4LifuMd019291/FxR4LifuBip001RForearmH.prefab	90										
6001805	1031004	1030405	绮愿稚梦	6	1029	游诗歌谣系列——丽芙·极昼	童话般的梦想藏在尖塔角落，温柔守护着稚嫩的安眠。 栖息的森林虽已走远，仍会第一个接回迷路的孩子。 青色荧光指引风的方向，绮翼在花海中绽放。 就在这里，哪也不去，小小地休憩。	Assets/Product/Texture/Image/IconToolsSp/Clo10310049331Sp.png	Assets/Product/Texture/Image/IconTools/Clo10310049331.png	[80063,80146]	103495	32	84	Assets/Product/Texture/Image/Role/RoleHeadR4Lifu.png	Assets/Product/Texture/Image/Role/RoleHeadR4Lifu6.png	Assets/Product/Texture/Image/Role/RoleHeadR4Lifu7.png	Assets/Product/Texture/Image/RoleCharacter/RoleHeadR4Lifu1.png	Assets/Product/Texture/Image/RoleCharacter/RoleHeadR4Lifu7.png	Assets/Product/Texture/Image/Role/RoleHeadR4Lifu7.png	Assets/Product/Texture/Image/Role/RoleHeadR4Lifu5.png	Assets/Product/Texture/Image/IconToolsSp/RoleHeadR4Lifu2Sp.png	Assets/Product/Texture/Image/IconTools/RoleHeadR4Lifu2.png	Assets/Product/Texture/Image/RoleStory/LifuNormal04.png	Assets/Product/Texture/Image/RoleCharacterBig/RoleCharacterBigR4LifuNormal02.png	Assets/Product/Texture/Image/RoleCharacter/RoleHeadR4Lifu2.png	Assets/Product/Texture/Image/IconCoating/IconCoating6001805.png	Bip001RForearm	Assets/Product/Effect/Prefab/FxR4LifuPrefab/R4LifuMd019331/FxR4LifuBip001RForearm.prefab	64										
6001901	1531004	1530401	泛用式	1	9000	初始系列——赛琳娜·幻奏	构造体生产出来时配给的服装。	Assets/Product/Texture/Image/IconToolsSp/Clo15310040101Sp.png	Assets/Product/Texture/Image/IconTools/Clo15310040101.png	[19037]	153499	32	3	Assets/Product/Texture/Image/Role/RoleHeadR3Sailinna.png	Assets/Product/Texture/Image/Role/RoleHeadR3Sailinna6.png	Assets/Product/Texture/Image/Role/RoleHeadR3Sailinna.png	Assets/Product/Texture/Image/RoleCharacter/RoleHeadR3Sailinna1.png	Assets/Product/Texture/Image/RoleCharacter/RoleHeadR3Sailinna1.png	Assets/Product/Texture/Image/Role/RoleHeadR3Sailinna3.png	Assets/Product/Texture/Image/Role/RoleHeadR3Sailinna5.png	Assets/Product/Texture/Image/IconToolsSp/RoleHeadR3Sailinna2Sp.png	Assets/Product/Texture/Image/IconTools/RoleHeadR3Sailinna2.png	Assets/Product/Texture/Image/RoleStory/SailinnaNormal07.png	Assets/Product/Texture/Image/RoleCharacterBig/RoleCharacterBigR3SailinnaNormal01.png	Assets/Product/Texture/Image/RoleCharacter/RoleHeadR3Sailinna2.png	Assets/Product/Texture/Image/IconCoating/IconCoating6000704.png	Bip001LForearm	Assets/Product/Effect/Prefab/FxR4SailinnaPrefab/Common/FxR4SailinnaBip001RForearm.prefab	39										
6001902	1531004	1530402	泛用式·改	2	9000	初始系列——赛琳娜·幻奏	构造体[初阶]解放后，获得权限根据爱好修改的服装。	Assets/Product/Texture/Image/IconToolsSp/Clo15310040102Sp.png	Assets/Product/Texture/Image/IconTools/Clo15310040102.png	[19037]	153498	32	6	Assets/Product/Texture/Image/Role/RoleHeadR3Sailinna.png	Assets/Product/Texture/Image/Role/RoleHeadR3Sailinna6.png	Assets/Product/Texture/Image/Role/RoleHeadR3Sailinna.png	Assets/Product/Texture/Image/RoleCharacter/RoleHeadR3Sailinna1.png	Assets/Product/Texture/Image/RoleCharacter/RoleHeadR3Sailinna1.png	Assets/Product/Texture/Image/Role/RoleHeadR3Sailinna3.png	Assets/Product/Texture/Image/Role/RoleHeadR3Sailinna5.png	Assets/Product/Texture/Image/IconToolsSp/RoleHeadR3Sailinna2Sp.png	Assets/Product/Texture/Image/IconTools/RoleHeadR3Sailinna2.png	Assets/Product/Texture/Image/RoleStory/SailinnaNormal07.png	Assets/Product/Texture/Image/RoleCharacterBig/RoleCharacterBigR3SailinnaNormal01.png	Assets/Product/Texture/Image/RoleCharacter/RoleHeadR3Sailinna2.png	Assets/Product/Texture/Image/IconCoating/IconCoating6000704.png	Bip001LForearm	Assets/Product/Effect/Prefab/FxR4SailinnaPrefab/Common/FxR4SailinnaBip001RForearm.prefab	39										
6001903	1531004	1530403	泛用式·终	2	9000	初始系列——赛琳娜·幻奏	构造体[高阶]解放后，根据个人意愿修改的服装，完好的体现了本人意识海的特征。	Assets/Product/Texture/Image/IconToolsSp/Clo15310040103Sp.png	Assets/Product/Texture/Image/IconTools/Clo15310040103.png	[19037]	153497	32	9	Assets/Product/Texture/Image/Role/RoleHeadR3Sailinna.png	Assets/Product/Texture/Image/Role/RoleHeadR3Sailinna6.png	Assets/Product/Texture/Image/Role/RoleHeadR3Sailinna.png	Assets/Product/Texture/Image/RoleCharacter/RoleHeadR3Sailinna1.png	Assets/Product/Texture/Image/RoleCharacter/RoleHeadR3Sailinna1.png	Assets/Product/Texture/Image/Role/RoleHeadR3Sailinna3.png	Assets/Product/Texture/Image/Role/RoleHeadR3Sailinna5.png	Assets/Product/Texture/Image/IconToolsSp/RoleHeadR3Sailinna2Sp.png	Assets/Product/Texture/Image/IconTools/RoleHeadR3Sailinna2.png	Assets/Product/Texture/Image/RoleStory/SailinnaNormal07.png	Assets/Product/Texture/Image/RoleCharacterBig/RoleCharacterBigR3SailinnaNormal01.png	Assets/Product/Texture/Image/RoleCharacter/RoleHeadR3Sailinna2.png	Assets/Product/Texture/Image/IconCoating/IconCoating6000704.png	Bip001LForearm	Assets/Product/Effect/Prefab/FxR4SailinnaPrefab/Common/FxR4SailinnaBip001RForearm.prefab	39										
6001904	1531004	1530404	落华鸢歌	5	1023	往昔重绽系列——赛琳娜·幻奏	不知等待多少岁月，被缠绕在荆棘中的鸢尾，终于再次沐浴在灿烂的阳光下，绽放于日夜思念的那人眼前。 然而那人将手伸向花朵时，花瓣却蓦然从那双手中滑落，散作碎末，只留下浅浅淡淡的歌声，萦绕在幻梦中。	Assets/Product/Texture/Image/IconToolsSp/Clo15310049301Sp.png	Assets/Product/Texture/Image/IconTools/Clo15310049301.png	[80038,80039]	153496	32	14	Assets/Product/Texture/Image/Role/RoleHeadR3Sailinna.png	Assets/Product/Texture/Image/Role/RoleHeadR3Sailinna6.png	Assets/Product/Texture/Image/Role/RoleHeadR3Sailinna.png	Assets/Product/Texture/Image/RoleCharacter/RoleHeadR3Sailinna1.png	Assets/Product/Texture/Image/RoleCharacter/RoleHeadR3Sailinna1.png	Assets/Product/Texture/Image/Role/RoleHeadR3Sailinna3.png	Assets/Product/Texture/Image/Role/RoleHeadR3Sailinna5.png	Assets/Product/Texture/Image/IconToolsSp/RoleHeadR3Sailinna2Sp.png	Assets/Product/Texture/Image/IconTools/RoleHeadR3Sailinna2.png	Assets/Product/Texture/Image/RoleStory/SailinnaNormal07.png	Assets/Product/Texture/Image/RoleCharacterBig/RoleCharacterBigR3SailinnaNormal01.png	Assets/Product/Texture/Image/RoleCharacter/RoleHeadR3Sailinna2.png	Assets/Product/Texture/Image/IconCoating/IconCoating6001904.png	Bip001LForearm	Assets/Product/Effect/Prefab/FxR4SailinnaPrefab/Common/FxR4SailinnaBip001RForearm.prefab	39										
6001905	1531004	1530405	晴喻天音	6	1036	浮世晓歌系列——赛琳娜·幻奏	昼观朝露，夜望繁星，春涉江雪，秋抚落英。 无人知晓的深山神殿，静候日出的少女于雨幕之中独自演奏。 与天穹相伴，与四季为伍，将残存的碎片紧握手中。 即使距离愈加遥远，即使被世界待以沉默，少女也会为她所思念之人虔诚祈福。 笛声起，雨渐隐，初晓至，铃音鸣。 晴天之后，又会是百花盛开的季节。	Assets/Product/Texture/Image/IconToolsSp/Clo15310049261Sp.png	Assets/Product/Texture/Image/IconTools/Clo15310049261.png	[80078]	153495	32	84	Assets/Product/Texture/Image/Role/RoleHeadR3Sailinna.png	Assets/Product/Texture/Image/Role/RoleHeadR3Sailinna6.png	Assets/Product/Texture/Image/Role/RoleHeadR3Sailinna7.png	Assets/Product/Texture/Image/RoleCharacter/RoleHeadR3Sailinna1.png	Assets/Product/Texture/Image/RoleCharacter/RoleHeadR3Sailinna7.png	Assets/Product/Texture/Image/Role/RoleHeadR3Sailinna7.png	Assets/Product/Texture/Image/Role/RoleHeadR3Sailinna5.png	Assets/Product/Texture/Image/IconToolsSp/RoleHeadR3Sailinna2Sp.png	Assets/Product/Texture/Image/IconTools/RoleHeadR3Sailinna2.png	Assets/Product/Texture/Image/RoleStory/SailinnaNormal07.png	Assets/Product/Texture/Image/RoleCharacterBig/RoleCharacterBigR3SailinnaNormal01.png	Assets/Product/Texture/Image/RoleCharacter/RoleHeadR3Sailinna2.png	Assets/Product/Texture/Image/IconCoating/IconCoating6001905.png	Bip001LForearm	Assets/Product/Effect/Prefab/FxR4SailinnaPrefab/R4SailinnaMd019261/FxR4SailinnaBip001RForearm.prefab	52	9010243									
6001906	1531004	1530406	梦隙流形	6	1027	阔海秘闻系列——赛琳娜·幻奏	明明从来没有尝试过穿上类似的服装，但这套涂装却似乎如同为赛琳娜量身订造一般合身。和模糊记忆中自己所习惯的穿着不一样，相当便于运动和奔跑，仿佛心情也能变得轻快了起来。涂装的制作者是不是也想有一天能够看到稍微有点不一样的赛琳娜，希望她能够在海岸之上面露微笑，唱着轻松愉快的歌曲呢？	Assets/Product/Texture/Image/IconToolsSp/Clo15310049331Sp.png	Assets/Product/Texture/Image/IconTools/Clo15310049331.png	[80115]	153494	32	84	Assets/Product/Texture/Image/Role/RoleHeadR3Sailinna.png	Assets/Product/Texture/Image/Role/RoleHeadR3Sailinna6.png	Assets/Product/Texture/Image/Role/RoleHeadR3Sailinna8.png	Assets/Product/Texture/Image/RoleCharacter/RoleHeadR3Sailinna1.png	Assets/Product/Texture/Image/RoleCharacter/RoleHeadR3Sailinna8.png	Assets/Product/Texture/Image/Role/RoleHeadR3Sailinna8.png	Assets/Product/Texture/Image/Role/RoleHeadR3Sailinna5.png	Assets/Product/Texture/Image/IconToolsSp/RoleHeadR3Sailinna2Sp.png	Assets/Product/Texture/Image/IconTools/RoleHeadR3Sailinna2.png	Assets/Product/Texture/Image/RoleStory/SailinnaNormal07.png	Assets/Product/Texture/Image/RoleCharacterBig/RoleCharacterBigR3SailinnaNormal01.png	Assets/Product/Texture/Image/RoleCharacter/RoleHeadR3Sailinna2.png	Assets/Product/Texture/Image/IconCoating/IconCoating6001906.png	Bip001LForearm	Assets/Product/Effect/Prefab/FxR4SailinnaPrefab/R4SailinnaMd019331/FxR4SailinnaBip001RForearm.prefab	103	9010251									
6002001	1551003	1550301	泛用式	1	9000	初始系列——蒲牢·华钟	构造体生产出来时配给的服装。	Assets/Product/Texture/Image/IconToolsSp/Clo15510030101Sp.png	Assets/Product/Texture/Image/IconTools/Clo15510030101.png	[19039]	155399	32	3	Assets/Product/Texture/Image/Role/RoleHeadPulaonew.png	Assets/Product/Texture/Image/Role/RoleHeadPulao6.png	Assets/Product/Texture/Image/Role/RoleHeadPulaonew.png	Assets/Product/Texture/Image/RoleCharacter/RoleHeadPulao1.png	Assets/Product/Texture/Image/RoleCharacter/RoleHeadPulao1.png	Assets/Product/Texture/Image/Role/RoleHeadPulao3.png	Assets/Product/Texture/Image/Role/RoleHeadPulao5.png	Assets/Product/Texture/Image/IconToolsSp/RoleHeadPulao2Sp.png	Assets/Product/Texture/Image/IconTools/RoleHeadPulao2.png	Assets/Product/Texture/Image/RoleStory/PulaoNormal04.png	Assets/Product/Texture/Image/RoleCharacterBig/RoleCharacterBigR2PulaoNormal01.png	Assets/Product/Texture/Image/RoleCharacter/RoleHeadPulao2.png	Assets/Product/Texture/Image/IconCoating/IconCoating6000704.png	Bip001RForearm	Assets/Product/Effect/Prefab/FxR2PulaoPrefab/Common/FxR2PulaoPinzhiGuadianBip001RForearm.prefab	40										
6002002	1551003	1550302	泛用式·改	2	9000	初始系列——蒲牢·华钟	构造体[初阶]解放后，获得权限根据爱好修改的服装。	Assets/Product/Texture/Image/IconToolsSp/Clo15510030102Sp.png	Assets/Product/Texture/Image/IconTools/Clo15510030102.png	[19039]	155398	32	6	Assets/Product/Texture/Image/Role/RoleHeadPulaonew.png	Assets/Product/Texture/Image/Role/RoleHeadPulao6.png	Assets/Product/Texture/Image/Role/RoleHeadPulaonew.png	Assets/Product/Texture/Image/RoleCharacter/RoleHeadPulao1.png	Assets/Product/Texture/Image/RoleCharacter/RoleHeadPulao1.png	Assets/Product/Texture/Image/Role/RoleHeadPulao3.png	Assets/Product/Texture/Image/Role/RoleHeadPulao5.png	Assets/Product/Texture/Image/IconToolsSp/RoleHeadPulao2Sp.png	Assets/Product/Texture/Image/IconTools/RoleHeadPulao2.png	Assets/Product/Texture/Image/RoleStory/PulaoNormal04.png	Assets/Product/Texture/Image/RoleCharacterBig/RoleCharacterBigR2PulaoNormal01.png	Assets/Product/Texture/Image/RoleCharacter/RoleHeadPulao2.png	Assets/Product/Texture/Image/IconCoating/IconCoating6000704.png	Bip001RForearm	Assets/Product/Effect/Prefab/FxR2PulaoPrefab/Common/FxR2PulaoPinzhiGuadianBip001RForearm.prefab	40										
6002003	1551003	1550303	泛用式·终	2	9000	初始系列——蒲牢·华钟	构造体[高阶]解放后，根据个人意愿修改的服装，完好的体现了本人意识海的特征。	Assets/Product/Texture/Image/IconToolsSp/Clo15510030103Sp.png	Assets/Product/Texture/Image/IconTools/Clo15510030103.png	[19039]	155397	32	9	Assets/Product/Texture/Image/Role/RoleHeadPulaonew.png	Assets/Product/Texture/Image/Role/RoleHeadPulao6.png	Assets/Product/Texture/Image/Role/RoleHeadPulaonew.png	Assets/Product/Texture/Image/RoleCharacter/RoleHeadPulao1.png	Assets/Product/Texture/Image/RoleCharacter/RoleHeadPulao1.png	Assets/Product/Texture/Image/Role/RoleHeadPulao3.png	Assets/Product/Texture/Image/Role/RoleHeadPulao5.png	Assets/Product/Texture/Image/IconToolsSp/RoleHeadPulao2Sp.png	Assets/Product/Texture/Image/IconTools/RoleHeadPulao2.png	Assets/Product/Texture/Image/RoleStory/PulaoNormal04.png	Assets/Product/Texture/Image/RoleCharacterBig/RoleCharacterBigR2PulaoNormal01.png	Assets/Product/Texture/Image/RoleCharacter/RoleHeadPulao2.png	Assets/Product/Texture/Image/IconCoating/IconCoating6000704.png	Bip001RForearm	Assets/Product/Effect/Prefab/FxR2PulaoPrefab/Common/FxR2PulaoPinzhiGuadianBip001RForearm.prefab	40										
6002004	1551003	1550304	甲乙青木	5	1014	霓裳系列——蒲牢·华钟	东方甲乙木，泰卦青龙生。 充满生机的青袍凸显了少女特有的活力，以灵动的谶语取代繁复的花纹，带出丝丝道韵。	Assets/Product/Texture/Image/IconToolsSp/Clo15510039311Sp.png	Assets/Product/Texture/Image/IconTools/Clo15510039311.png	[80043,80044]	155396	32	14	Assets/Product/Texture/Image/Role/RoleHeadPulaonew.png	Assets/Product/Texture/Image/Role/RoleHeadPulao6.png	Assets/Product/Texture/Image/Role/RoleHeadPulaonew.png	Assets/Product/Texture/Image/RoleCharacter/RoleHeadPulao1.png	Assets/Product/Texture/Image/RoleCharacter/RoleHeadPulao1.png	Assets/Product/Texture/Image/Role/RoleHeadPulao3.png	Assets/Product/Texture/Image/Role/RoleHeadPulao5.png	Assets/Product/Texture/Image/IconToolsSp/RoleHeadPulao2Sp.png	Assets/Product/Texture/Image/IconTools/RoleHeadPulao2.png	Assets/Product/Texture/Image/RoleStory/PulaoNormal04.png	Assets/Product/Texture/Image/RoleCharacterBig/RoleCharacterBigR2PulaoNormal01.png	Assets/Product/Texture/Image/RoleCharacter/RoleHeadPulao2.png	Assets/Product/Texture/Image/IconCoating/IconCoating6002004.png	Bip001RForearm	Assets/Product/Effect/Prefab/FxR2PulaoPrefab/Common/FxR2PulaoPinzhiGuadianBip001RForearm.prefab	40										
6002005	1551003	1550305	赤锦洄梦	6	1009	新生活系列——蒲牢·华钟	根据蒲牢叙述的一次梦境来复原的涂装。在叙述过程中，蒲牢热情地演绎了茶房伙计、卖酸梅汤的老大爷，以及热情推销这套衣装给她的店主。诸如“叉烧包好食！”和“着起呢件衫你真系成个偶像一样！”等话语，在蒲牢的倾情再现后，便时时回响在大家的意识海里。	Assets/Product/Texture/Image/IconToolsSp/Clo15510039091Sp.png	Assets/Product/Texture/Image/IconTools/Clo15510039091.png	[80060]	155395	32	84	Assets/Product/Texture/Image/Role/RoleHeadPulaonew.png	Assets/Product/Texture/Image/Role/RoleHeadPulao6.png	Assets/Product/Texture/Image/Role/RoleHeadR2Pulao6.png	Assets/Product/Texture/Image/RoleCharacter/RoleHeadPulao1.png	Assets/Product/Texture/Image/RoleCharacter/RoleHeadPulao6.png	Assets/Product/Texture/Image/Role/RoleHeadR2Pulao6.png	Assets/Product/Texture/Image/Role/RoleHeadPulao5.png	Assets/Product/Texture/Image/IconToolsSp/RoleHeadPulao2Sp.png	Assets/Product/Texture/Image/IconTools/RoleHeadPulao2.png	Assets/Product/Texture/Image/RoleStory/PulaoNormal04.png	Assets/Product/Texture/Image/RoleCharacterBig/RoleCharacterBigR2PulaoNormal01.png	Assets/Product/Texture/Image/RoleCharacter/RoleHeadPulao2.png	Assets/Product/Texture/Image/IconCoating/IconCoatin6002005.png	Bip001RForearm	Assets/Product/Effect/Prefab/FxR2PulaoPrefab/R2PulaoMd019091/FxR2PulaoPinzhiGuadianBip001RForearmH.prefab	87	9010236									
6002101	1051004	1050401	泛用式	1	9000	初始系列——七实·遥星之座	构造体生产出来时配给的服装。	Assets/Product/Texture/Image/IconToolsSp/Clo10510040101Sp.png	Assets/Product/Texture/Image/IconTools/Clo10510040101.png	[19040]	105499	32	3	Assets/Product/Texture/Image/Role/RoleHeadR5Yongyechao.png	Assets/Product/Texture/Image/Role/RoleHeadR5Yongyechao6.png	Assets/Product/Texture/Image/Role/RoleHeadR5Yongyechao.png	Assets/Product/Texture/Image/RoleCharacter/RoleHeadR5Yongyechao1.png	Assets/Product/Texture/Image/RoleCharacter/RoleHeadR5Yongyechao1.png	Assets/Product/Texture/Image/Role/RoleHeadR5Yongyechao3.png	Assets/Product/Texture/Image/Role/RoleHeadR5Yongyechao5.png	Assets/Product/Texture/Image/IconToolsSp/RoleHeadR5Yongyechao2Sp.png	Assets/Product/Texture/Image/IconTools/RoleHeadR5Yongyechao2.png	Assets/Product/Texture/Image/RoleStory/QishichaoNormal02.png	Assets/Product/Texture/Image/RoleCharacterBig/R5YongyechaoNormal01.png	Assets/Product/Texture/Image/RoleCharacter/RoleHeadR5Yongyechao2.png	Assets/Product/Texture/Image/IconCoating/IconCoating6000704.png	Bip002RUpperArm	Assets/Product/Effect/Prefab/FxR4YongyechaobotPrefab/Common/FxR4YongyechaobotBip002RUpperArm.prefab	41										
6002102	1051004	1050402	泛用式·改	2	9000	初始系列——七实·遥星之座	构造体[初阶]解放后，获得权限根据爱好修改的服装。	Assets/Product/Texture/Image/IconToolsSp/Clo10510040102Sp.png	Assets/Product/Texture/Image/IconTools/Clo10510040102.png	[19040]	105498	32	6	Assets/Product/Texture/Image/Role/RoleHeadR5Yongyechao.png	Assets/Product/Texture/Image/Role/RoleHeadR5Yongyechao6.png	Assets/Product/Texture/Image/Role/RoleHeadR5Yongyechao.png	Assets/Product/Texture/Image/RoleCharacter/RoleHeadR5Yongyechao1.png	Assets/Product/Texture/Image/RoleCharacter/RoleHeadR5Yongyechao1.png	Assets/Product/Texture/Image/Role/RoleHeadR5Yongyechao3.png	Assets/Product/Texture/Image/Role/RoleHeadR5Yongyechao5.png	Assets/Product/Texture/Image/IconToolsSp/RoleHeadR5Yongyechao2Sp.png	Assets/Product/Texture/Image/IconTools/RoleHeadR5Yongyechao2.png	Assets/Product/Texture/Image/RoleStory/QishichaoNormal02.png	Assets/Product/Texture/Image/RoleCharacterBig/R5YongyechaoNormal01.png	Assets/Product/Texture/Image/RoleCharacter/RoleHeadR5Yongyechao2.png	Assets/Product/Texture/Image/IconCoating/IconCoating6000704.png	Bip002RUpperArm	Assets/Product/Effect/Prefab/FxR4YongyechaobotPrefab/Common/FxR4YongyechaobotBip002RUpperArm.prefab	41										
6002103	1051004	1050403	泛用式·终	2	9000	初始系列——七实·遥星之座	构造体[高阶]解放后，根据个人意愿修改的服装，完好的体现了本人意识海的特征。	Assets/Product/Texture/Image/IconToolsSp/Clo10510040103Sp.png	Assets/Product/Texture/Image/IconTools/Clo10510040103.png	[19040]	105497	32	9	Assets/Product/Texture/Image/Role/RoleHeadR5Yongyechao.png	Assets/Product/Texture/Image/Role/RoleHeadR5Yongyechao6.png	Assets/Product/Texture/Image/Role/RoleHeadR5Yongyechao.png	Assets/Product/Texture/Image/RoleCharacter/RoleHeadR5Yongyechao1.png	Assets/Product/Texture/Image/RoleCharacter/RoleHeadR5Yongyechao1.png	Assets/Product/Texture/Image/Role/RoleHeadR5Yongyechao3.png	Assets/Product/Texture/Image/Role/RoleHeadR5Yongyechao5.png	Assets/Product/Texture/Image/IconToolsSp/RoleHeadR5Yongyechao2Sp.png	Assets/Product/Texture/Image/IconTools/RoleHeadR5Yongyechao2.png	Assets/Product/Texture/Image/RoleStory/QishichaoNormal02.png	Assets/Product/Texture/Image/RoleCharacterBig/R5YongyechaoNormal01.png	Assets/Product/Texture/Image/RoleCharacter/RoleHeadR5Yongyechao2.png	Assets/Product/Texture/Image/IconCoating/IconCoating6000704.png	Bip002RUpperArm	Assets/Product/Effect/Prefab/FxR4YongyechaobotPrefab/Common/FxR4YongyechaobotBip002RUpperArm.prefab	41										
6002104	1051004	1050404	白夜领航员	5	1003	地平线系列——七实·遥星之座	传承自黄金时代的航天装备的设计风格。 它纪念着人类对宇宙认知的蒙昧初醒，到对未来与新生进行开拓征服的荣耀航程。当少女身披这身“战袍”踏入无垠深空之时，她的决心便彰显无遗。	Assets/Product/Texture/Image/IconToolsSp/Clo10510049321Sp.png	Assets/Product/Texture/Image/IconTools/Clo10510049321.png	[80047,80046]	105496	32	14	Assets/Product/Texture/Image/Role/RoleHeadR5Yongyechao.png	Assets/Product/Texture/Image/Role/RoleHeadR5Yongyechao6.png	Assets/Product/Texture/Image/Role/RoleHeadR5Yongyechao.png	Assets/Product/Texture/Image/RoleCharacter/RoleHeadR5Yongyechao1.png	Assets/Product/Texture/Image/RoleCharacter/RoleHeadR5Yongyechao1.png	Assets/Product/Texture/Image/Role/RoleHeadR5Yongyechao3.png	Assets/Product/Texture/Image/Role/RoleHeadR5Yongyechao5.png	Assets/Product/Texture/Image/IconToolsSp/RoleHeadR5Yongyechao2Sp.png	Assets/Product/Texture/Image/IconTools/RoleHeadR5Yongyechao2.png	Assets/Product/Texture/Image/RoleStory/QishichaoNormal02.png	Assets/Product/Texture/Image/RoleCharacterBig/R5YongyechaoNormal01.png	Assets/Product/Texture/Image/RoleCharacter/RoleHeadR5Yongyechao2.png	Assets/Product/Texture/Image/IconCoating/IconCoating6002104.png	Bip002RUpperArm	Assets/Product/Effect/Prefab/FxR4YongyechaobotPrefab/Common/FxR4YongyechaobotBip002RUpperArm.prefab	41										
6002201	1561003	1560301	泛用式	1	9000	初始系列——哈卡玛·隐星	构造体生产出来时配给的服装。	Assets/Product/Texture/Image/IconToolsSp/Clo15610030101Sp.png	Assets/Product/Texture/Image/IconTools/Clo15610030101.png	[19041]	156399	32	3	Assets/Product/Texture/Image/Role/RoleHeadHakamanew.png	Assets/Product/Texture/Image/Role/RoleHeadHakama6.png	Assets/Product/Texture/Image/Role/RoleHeadHakamanew.png	Assets/Product/Texture/Image/RoleCharacter/RoleHeadHakama1.png	Assets/Product/Texture/Image/RoleCharacter/RoleHeadHakama1.png	Assets/Product/Texture/Image/Role/RoleHeadHakama3.png	Assets/Product/Texture/Image/Role/RoleHeadHakama5.png	Assets/Product/Texture/Image/IconToolsSp/RoleHeadHakama2Sp.png	Assets/Product/Texture/Image/IconTools/RoleHeadHakama2.png	Assets/Product/Texture/Image/RoleStory/HakamaNormal04.png	Assets/Product/Texture/Image/RoleCharacterBig/RoleCharacterBigR2HakamaNormal01.png	Assets/Product/Texture/Image/RoleCharacter/RoleHeadHakama2.png	Assets/Product/Texture/Image/IconCoating/IconCoating6000704.png	Bip001RHand	Assets/Product/Effect/Prefab/FxR2HakamaPrefab/Common/FxR2HakamaAtkBip001RHand.prefab	42										
6002202	1561003	1560302	泛用式·改	2	9000	初始系列——哈卡玛·隐星	构造体[初阶]解放后，获得权限根据爱好修改的服装。	Assets/Product/Texture/Image/IconToolsSp/Clo15610030102Sp.png	Assets/Product/Texture/Image/IconTools/Clo15610030102.png	[19041]	156498	32	6	Assets/Product/Texture/Image/Role/RoleHeadHakamanew.png	Assets/Product/Texture/Image/Role/RoleHeadHakama6.png	Assets/Product/Texture/Image/Role/RoleHeadHakamanew.png	Assets/Product/Texture/Image/RoleCharacter/RoleHeadHakama1.png	Assets/Product/Texture/Image/RoleCharacter/RoleHeadHakama1.png	Assets/Product/Texture/Image/Role/RoleHeadHakama3.png	Assets/Product/Texture/Image/Role/RoleHeadHakama5.png	Assets/Product/Texture/Image/IconToolsSp/RoleHeadHakama2Sp.png	Assets/Product/Texture/Image/IconTools/RoleHeadHakama2.png	Assets/Product/Texture/Image/RoleStory/HakamaNormal04.png	Assets/Product/Texture/Image/RoleCharacterBig/RoleCharacterBigR2HakamaNormal01.png	Assets/Product/Texture/Image/RoleCharacter/RoleHeadHakama2.png	Assets/Product/Texture/Image/IconCoating/IconCoating6000704.png	Bip001RHand	Assets/Product/Effect/Prefab/FxR2HakamaPrefab/Common/FxR2HakamaAtkBip001RHand.prefab	42										
6002203	1561003	1560303	泛用式·终	2	9000	初始系列——哈卡玛·隐星	构造体[高阶]解放后，根据个人意愿修改的服装，完好的体现了本人意识海的特征。	Assets/Product/Texture/Image/IconToolsSp/Clo15610030103Sp.png	Assets/Product/Texture/Image/IconTools/Clo15610030103.png	[19041]	156597	32	9	Assets/Product/Texture/Image/Role/RoleHeadHakamanew.png	Assets/Product/Texture/Image/Role/RoleHeadHakama6.png	Assets/Product/Texture/Image/Role/RoleHeadHakamanew.png	Assets/Product/Texture/Image/RoleCharacter/RoleHeadHakama1.png	Assets/Product/Texture/Image/RoleCharacter/RoleHeadHakama1.png	Assets/Product/Texture/Image/Role/RoleHeadHakama3.png	Assets/Product/Texture/Image/Role/RoleHeadHakama5.png	Assets/Product/Texture/Image/IconToolsSp/RoleHeadHakama2Sp.png	Assets/Product/Texture/Image/IconTools/RoleHeadHakama2.png	Assets/Product/Texture/Image/RoleStory/HakamaNormal04.png	Assets/Product/Texture/Image/RoleCharacterBig/RoleCharacterBigR2HakamaNormal01.png	Assets/Product/Texture/Image/RoleCharacter/RoleHeadHakama2.png	Assets/Product/Texture/Image/IconCoating/IconCoating6000704.png	Bip001RHand	Assets/Product/Effect/Prefab/FxR2HakamaPrefab/Common/FxR2HakamaAtkBip001RHand.prefab	42										
6002204	1561003	1560304	奇境旅伴	5	1009	新生活系列——哈卡玛·隐星	再喝杯茶，休息一下，兔子洞中的旅途充满艰险。不用怕歌唱浪费时间，表针将永远停留在六点。为什么乌鸦像写字台？因为无须理由，我会陪伴在你身边。	Assets/Product/Texture/Image/IconToolsSp/Clo15610039011Sp.png	Assets/Product/Texture/Image/IconTools/Clo15610039011.png	[80052,80051]	156696	32	14	Assets/Product/Texture/Image/Role/RoleHeadHakamanew.png	Assets/Product/Texture/Image/Role/RoleHeadHakama6.png	Assets/Product/Texture/Image/Role/RoleHeadHakamanew.png	Assets/Product/Texture/Image/RoleCharacter/RoleHeadHakama1.png	Assets/Product/Texture/Image/RoleCharacter/RoleHeadHakama1.png	Assets/Product/Texture/Image/Role/RoleHeadHakama3.png	Assets/Product/Texture/Image/Role/RoleHeadHakama5.png	Assets/Product/Texture/Image/IconToolsSp/RoleHeadHakama2Sp.png	Assets/Product/Texture/Image/IconTools/RoleHeadHakama2.png	Assets/Product/Texture/Image/RoleStory/HakamaNormal04.png	Assets/Product/Texture/Image/RoleCharacterBig/RoleCharacterBigR2HakamaNormal01.png	Assets/Product/Texture/Image/RoleCharacter/RoleHeadHakama2.png	Assets/Product/Texture/Image/IconCoating/IconCoating6002204.png	Bip001RHand	Assets/Product/Effect/Prefab/FxR2HakamaPrefab/Common/FxR2HakamaAtkBip001RHand.prefab	42										
6002301	1071004	1070401	泛用式	1	9000	初始系列——卡列尼娜·辉晓	构造体生产出来时配给的服装。	Assets/Product/Texture/Image/IconToolsSp/Clo10710040101Sp.png	Assets/Product/Texture/Image/IconTools/Clo10710040101.png	[19042]	107499	32	3	Assets/Product/Texture/Image/Role/RoleHeadR4Kalienina.png	Assets/Product/Texture/Image/Role/RoleHeadR4Kalienina4.png	Assets/Product/Texture/Image/Role/RoleHeadR4Kalienina.png	Assets/Product/Texture/Image/RoleCharacter/RoleHeadR4Kalienina1.png	Assets/Product/Texture/Image/RoleCharacter/RoleHeadR4Kalienina1.png	Assets/Product/Texture/Image/Role/RoleHeadR4Kalienina3.png	Assets/Product/Texture/Image/Role/RoleHeadR4Kalienina5.png	Assets/Product/Texture/Image/IconToolsSp/RoleHeadR4Kalienina2Sp.png	Assets/Product/Texture/Image/IconTools/RoleHeadR4Kalienina2.png	Assets/Product/Texture/Image/RoleStory/KalieninaNomal05.png	Assets/Product/Texture/Image/RoleCharacterBig/RoleCharacterBigR4KalieninaNormal01.png	Assets/Product/Texture/Image/RoleCharacter/RoleHeadR4Kalienina2.png	Assets/Product/Texture/Image/IconCoating/IconCoating6000704.png	Bip001RForearm	Assets/Product/Effect/Prefab/FxR4KalieninaPrefab/Common/FxR4KalieninaAtkBip001RForearm.prefab	43										
6002302	1071004	1070402	泛用式·改	2	9000	初始系列——卡列尼娜·辉晓	构造体[初阶]解放后，获得权限根据爱好修改的服装。	Assets/Product/Texture/Image/IconToolsSp/Clo10710040102Sp.png	Assets/Product/Texture/Image/IconTools/Clo10710040102.png	[19042]	107498	32	6	Assets/Product/Texture/Image/Role/RoleHeadR4Kalienina.png	Assets/Product/Texture/Image/Role/RoleHeadR4Kalienina4.png	Assets/Product/Texture/Image/Role/RoleHeadR4Kalienina.png	Assets/Product/Texture/Image/RoleCharacter/RoleHeadR4Kalienina1.png	Assets/Product/Texture/Image/RoleCharacter/RoleHeadR4Kalienina1.png	Assets/Product/Texture/Image/Role/RoleHeadR4Kalienina3.png	Assets/Product/Texture/Image/Role/RoleHeadR4Kalienina5.png	Assets/Product/Texture/Image/IconToolsSp/RoleHeadR4Kalienina2Sp.png	Assets/Product/Texture/Image/IconTools/RoleHeadR4Kalienina2.png	Assets/Product/Texture/Image/RoleStory/KalieninaNomal05.png	Assets/Product/Texture/Image/RoleCharacterBig/RoleCharacterBigR4KalieninaNormal01.png	Assets/Product/Texture/Image/RoleCharacter/RoleHeadR4Kalienina2.png	Assets/Product/Texture/Image/IconCoating/IconCoating6000704.png	Bip001RForearm	Assets/Product/Effect/Prefab/FxR4KalieninaPrefab/Common/FxR4KalieninaAtkBip001RForearm.prefab	43										
6002303	1071004	1070403	泛用式·终	2	9000	初始系列——卡列尼娜·辉晓	构造体[高阶]解放后，根据个人意愿修改的服装，完好的体现了本人意识海的特征。	Assets/Product/Texture/Image/IconToolsSp/Clo10710040103Sp.png	Assets/Product/Texture/Image/IconTools/Clo10710040103.png	[19042]	107497	32	9	Assets/Product/Texture/Image/Role/RoleHeadR4Kalienina.png	Assets/Product/Texture/Image/Role/RoleHeadR4Kalienina4.png	Assets/Product/Texture/Image/Role/RoleHeadR4Kalienina.png	Assets/Product/Texture/Image/RoleCharacter/RoleHeadR4Kalienina1.png	Assets/Product/Texture/Image/RoleCharacter/RoleHeadR4Kalienina1.png	Assets/Product/Texture/Image/Role/RoleHeadR4Kalienina3.png	Assets/Product/Texture/Image/Role/RoleHeadR4Kalienina5.png	Assets/Product/Texture/Image/IconToolsSp/RoleHeadR4Kalienina2Sp.png	Assets/Product/Texture/Image/IconTools/RoleHeadR4Kalienina2.png	Assets/Product/Texture/Image/RoleStory/KalieninaNomal05.png	Assets/Product/Texture/Image/RoleCharacterBig/RoleCharacterBigR4KalieninaNormal01.png	Assets/Product/Texture/Image/RoleCharacter/RoleHeadR4Kalienina2.png	Assets/Product/Texture/Image/IconCoating/IconCoating6000704.png	Bip001RForearm	Assets/Product/Effect/Prefab/FxR4KalieninaPrefab/Common/FxR4KalieninaAtkBip001RForearm.prefab	43										
6002304	1071004	1070404	孤夜黯棘	5	1007	深度腐蚀——卡列尼娜·辉晓	她是主宰暗夜的幽龙，却在暗夜中迷失了一切。她的棘刺是无人能近的逆鳞，却始终等待着，来自某个人的触碰。	Assets/Product/Texture/Image/IconToolsSp/Clo10710049011Sp.png	Assets/Product/Texture/Image/IconTools/Clo10710049011.png	[80055,80054]	107496	32	14	Assets/Product/Texture/Image/Role/RoleHeadR4Kalienina.png	Assets/Product/Texture/Image/Role/RoleHeadR4Kalienina4.png	Assets/Product/Texture/Image/Role/RoleHeadR4Kalienina.png	Assets/Product/Texture/Image/RoleCharacter/RoleHeadR4Kalienina1.png	Assets/Product/Texture/Image/RoleCharacter/RoleHeadR4Kalienina1.png	Assets/Product/Texture/Image/Role/RoleHeadR4Kalienina3.png	Assets/Product/Texture/Image/Role/RoleHeadR4Kalienina5.png	Assets/Product/Texture/Image/IconToolsSp/RoleHeadR4Kalienina2Sp.png	Assets/Product/Texture/Image/IconTools/RoleHeadR4Kalienina2.png	Assets/Product/Texture/Image/RoleStory/KalieninaNomal05.png	Assets/Product/Texture/Image/RoleCharacterBig/RoleCharacterBigR4KalieninaNormal01.png	Assets/Product/Texture/Image/RoleCharacter/RoleHeadR4Kalienina2.png	Assets/Product/Texture/Image/IconCoating/IconCoatin6002304.png	Bip001RForearm	Assets/Product/Effect/Prefab/FxR4KalieninaPrefab/Common/FxR4KalieninaAtkBip001RForearm.prefab	43										
6002305	1071004	1070405	晓兔阗春	6	1014	霓裳系列——卡列尼娜·辉晓	新晓辞旧岁，卯兔携春归。 遗落了发射装置的少女将“弹药”填入武器当中，指向夜空，扣动扳机，宣告新春的到来。寄托愿望的弧光划过天际，传递祝福的轰鸣响彻大地。 百花齐放，绚烂的夜景之下，刹那的辉光照亮了窗沿。沉思的兔子，又在悄悄编织着怎样的愿景呢？	Assets/Product/Texture/Image/IconToolsSp/Clo10710049131Sp.png	Assets/Product/Texture/Image/IconTools/Clo10710049131.png	[80086]	107495	32	84	Assets/Product/Texture/Image/Role/RoleHeadR4Kalienina.png	Assets/Product/Texture/Image/Role/RoleHeadR4Kalienina4.png	Assets/Product/Texture/Image/Role/RoleHeadR4Kalienina6.png	Assets/Product/Texture/Image/RoleCharacter/RoleHeadR4Kalienina1.png	Assets/Product/Texture/Image/RoleCharacter/RoleHeadR4Kalienina6.png	Assets/Product/Texture/Image/Role/RoleHeadR4Kalienina6.png	Assets/Product/Texture/Image/Role/RoleHeadR4Kalienina5.png	Assets/Product/Texture/Image/IconToolsSp/RoleHeadR4Kalienina2Sp.png	Assets/Product/Texture/Image/IconTools/RoleHeadR4Kalienina2.png	Assets/Product/Texture/Image/RoleStory/KalieninaNomal05.png	Assets/Product/Texture/Image/RoleCharacterBig/RoleCharacterBigR4KalieninaNormal01.png	Assets/Product/Texture/Image/RoleCharacter/RoleHeadR4Kalienina2.png	Assets/Product/Texture/Image/IconCoating/IconCoating6002305.png	Bip001RForearm	Assets/Product/Effect/Prefab/FxR4KalieninaPrefab/R4KalieninaMd019131/FxR4KalieninaAtkBip001RForearmH.prefab	63	9010246									
6002306	1071004	1070406	炸裂霓虹☆	6	1009	新生活系列——卡列尼娜·辉晓	让一切的梦想都在这聚光灯下暴露； 竖起尖尖的耳朵，索引着的是你的处所。 一点小动作都能成为引线，让拼命隐藏的心意爆破； 但此刻就让躁动的心稍微平复，就算多少有点不适合自己，刘海也必须保持完美； 准备好了吗？踏前一步，梦想的舞台就近在咫尺。	Assets/Product/Texture/Image/IconToolsSp/Clo10710049381Sp.png	Assets/Product/Texture/Image/IconTools/Clo10710049381.png	[80118,80169]	107494	32	84	Assets/Product/Texture/Image/Role/RoleHeadR4Kalienina.png	Assets/Product/Texture/Image/Role/RoleHeadR4Kalienina4.png	Assets/Product/Texture/Image/Role/RoleHeadR4Kalienina7.png	Assets/Product/Texture/Image/RoleCharacter/RoleHeadR4Kalienina1.png	Assets/Product/Texture/Image/RoleCharacter/RoleHeadR4Kalienina7.png	Assets/Product/Texture/Image/Role/RoleHeadR4Kalienina7.png	Assets/Product/Texture/Image/Role/RoleHeadR4Kalienina5.png	Assets/Product/Texture/Image/IconToolsSp/RoleHeadR4Kalienina2Sp.png	Assets/Product/Texture/Image/IconTools/RoleHeadR4Kalienina2.png	Assets/Product/Texture/Image/RoleStory/KalieninaNomal05.png	Assets/Product/Texture/Image/RoleCharacterBig/RoleCharacterBigR4KalieninaNormal01.png	Assets/Product/Texture/Image/RoleCharacter/RoleHeadR4Kalienina2.png	Assets/Product/Texture/Image/IconCoating/IconCoating6002306.png	Bip001RForearm	Assets/Product/Effect/Prefab/FxR4KalieninaPrefab/R4KalieninaMd019381/FxR4KalieninaAtkBip001RForearm.prefab	101			[50113]							
6002307	1071004	1070407	罡炁祛祟	6	1014	霓裳系列——卡列尼娜·辉晓	七月十五，地官赦罪。夜晚清风吹过，身着道袍的少女沿古道前行。今夜狱门洞开，有后人祭祀的受香火供养，无主无依的徘徊寻觅食物。少女摇动清铃，设膳施孤，超度无依之魂归于安宁。但总有些怨念不愿退散，想要危害人间，每次遇上，她必定怒笑抡锤。“不识好歹，看姑奶奶这就送你魂飞魄散！”	Assets/Product/Texture/Image/IconToolsSp/Clo10710049091Sp.png	Assets/Product/Texture/Image/IconTools/Clo10710049091.png	[80191]	107493	32	84	Assets/Product/Texture/Image/Role/RoleHeadR4Kalienina.png	Assets/Product/Texture/Image/Role/RoleHeadR4Kalienina4.png	Assets/Product/Texture/Image/Role/RoleHeadR4Kalienina8.png	Assets/Product/Texture/Image/RoleCharacter/RoleHeadR4Kalienina1.png	Assets/Product/Texture/Image/RoleCharacter/RoleHeadR4Kalienina8.png	Assets/Product/Texture/Image/Role/RoleHeadR4Kalienina8.png	Assets/Product/Texture/Image/Role/RoleHeadR4Kalienina5.png	Assets/Product/Texture/Image/IconToolsSp/RoleHeadR4Kalienina2Sp.png	Assets/Product/Texture/Image/IconTools/RoleHeadR4Kalienina2.png	Assets/Product/Texture/Image/RoleStory/KalieninaNomal05.png	Assets/Product/Texture/Image/RoleCharacterBig/RoleCharacterBigR4KalieninaNormal01.png	Assets/Product/Texture/Image/RoleCharacter/RoleHeadR4Kalienina2.png	Assets/Product/Texture/Image/IconCoating/IconCoating6002307.png	Bip001RForearm	Assets/Product/Effect/Prefab/FxR4KalieninaPrefab/Common/FxR4KalieninaAtkBip001RForearm.prefab	132	9010271									
6002401	1571003	1570301	泛用式	1	9000	初始系列——诺安·逆旅	构造体生产出来时配给的服装。	Assets/Product/Texture/Image/IconToolsSp/Clo15710030101Sp.png	Assets/Product/Texture/Image/IconTools/Clo15710030101.png	[19043]	157399	32	3	Assets/Product/Texture/Image/Role/RoleHeadNuoannew.png	Assets/Product/Texture/Image/Role/RoleHeadNuoan6.png	Assets/Product/Texture/Image/Role/RoleHeadNuoannew.png	Assets/Product/Texture/Image/RoleCharacter/RoleHeadNuoan1.png	Assets/Product/Texture/Image/RoleCharacter/RoleHeadNuoan1.png	Assets/Product/Texture/Image/Role/RoleHeadNuoan3.png	Assets/Product/Texture/Image/Role/RoleHeadNuoan5.png	Assets/Product/Texture/Image/IconToolsSp/RoleHeadNuoan2Sp.png	Assets/Product/Texture/Image/IconTools/RoleHeadNuoan2.png	Assets/Product/Texture/Image/RoleStory/NuoanNormal01.png	Assets/Product/Texture/Image/RoleCharacterBig/RoleCharacterBigR2NuoanNormal01.png	Assets/Product/Texture/Image/RoleCharacter/RoleHeadNuoan2.png	Assets/Product/Texture/Image/IconCoating/IconCoating6000704.png	Bip001RForearm	Assets/Product/Effect/Prefab/FxR2NuoanPrefab/Common/FxR2NuoanGuadianBip001RForearm.prefab	44										
6002402	1571003	1570302	泛用式·改	2	9000	初始系列——诺安·逆旅	构造体[初阶]解放后，获得权限根据爱好修改的服装。	Assets/Product/Texture/Image/IconToolsSp/Clo15710030102Sp.png	Assets/Product/Texture/Image/IconTools/Clo15710030102.png	[19043]	157398	32	6	Assets/Product/Texture/Image/Role/RoleHeadNuoannew.png	Assets/Product/Texture/Image/Role/RoleHeadNuoan6.png	Assets/Product/Texture/Image/Role/RoleHeadNuoannew.png	Assets/Product/Texture/Image/RoleCharacter/RoleHeadNuoan1.png	Assets/Product/Texture/Image/RoleCharacter/RoleHeadNuoan1.png	Assets/Product/Texture/Image/Role/RoleHeadNuoan3.png	Assets/Product/Texture/Image/Role/RoleHeadNuoan5.png	Assets/Product/Texture/Image/IconToolsSp/RoleHeadNuoan2Sp.png	Assets/Product/Texture/Image/IconTools/RoleHeadNuoan2.png	Assets/Product/Texture/Image/RoleStory/NuoanNormal01.png	Assets/Product/Texture/Image/RoleCharacterBig/RoleCharacterBigR2NuoanNormal01.png	Assets/Product/Texture/Image/RoleCharacter/RoleHeadNuoan2.png	Assets/Product/Texture/Image/IconCoating/IconCoating6000704.png	Bip001RForearm	Assets/Product/Effect/Prefab/FxR2NuoanPrefab/Common/FxR2NuoanGuadianBip001RForearm.prefab	44										
6002403	1571003	1570303	泛用式·终	2	9000	初始系列——诺安·逆旅	构造体[高阶]解放后，根据个人意愿修改的服装，完好的体现了本人意识海的特征。	Assets/Product/Texture/Image/IconToolsSp/Clo15710030103Sp.png	Assets/Product/Texture/Image/IconTools/Clo15710030103.png	[19043]	157397	32	9	Assets/Product/Texture/Image/Role/RoleHeadNuoannew.png	Assets/Product/Texture/Image/Role/RoleHeadNuoan6.png	Assets/Product/Texture/Image/Role/RoleHeadNuoannew.png	Assets/Product/Texture/Image/RoleCharacter/RoleHeadNuoan1.png	Assets/Product/Texture/Image/RoleCharacter/RoleHeadNuoan1.png	Assets/Product/Texture/Image/Role/RoleHeadNuoan3.png	Assets/Product/Texture/Image/Role/RoleHeadNuoan5.png	Assets/Product/Texture/Image/IconToolsSp/RoleHeadNuoan2Sp.png	Assets/Product/Texture/Image/IconTools/RoleHeadNuoan2.png	Assets/Product/Texture/Image/RoleStory/NuoanNormal01.png	Assets/Product/Texture/Image/RoleCharacterBig/RoleCharacterBigR2NuoanNormal01.png	Assets/Product/Texture/Image/RoleCharacter/RoleHeadNuoan2.png	Assets/Product/Texture/Image/IconCoating/IconCoating6000704.png	Bip001RForearm	Assets/Product/Effect/Prefab/FxR2NuoanPrefab/Common/FxR2NuoanGuadianBip001RForearm.prefab	44										
6002404	1571003	1570304	恒想心岸	5	1009	新生活系列——诺安·逆旅	以方便日常生活为目的而设计量产涂装，简约干练的衣饰很容易让人联想到图书管理员和侍者，虽然并不是专属定制，却能让使用者更好地融入新生活与人群。	Assets/Product/Texture/Image/IconToolsSp/Clo15710039011Sp.png	Assets/Product/Texture/Image/IconTools/Clo15710039011.png	[80061,80060]	157396	32	14	Assets/Product/Texture/Image/Role/RoleHeadNuoannew.png	Assets/Product/Texture/Image/Role/RoleHeadNuoan6.png	Assets/Product/Texture/Image/Role/RoleHeadNuoannew.png	Assets/Product/Texture/Image/RoleCharacter/RoleHeadNuoan1.png	Assets/Product/Texture/Image/RoleCharacter/RoleHeadNuoan1.png	Assets/Product/Texture/Image/Role/RoleHeadNuoan3.png	Assets/Product/Texture/Image/Role/RoleHeadNuoan5.png	Assets/Product/Texture/Image/IconToolsSp/RoleHeadNuoan2Sp.png	Assets/Product/Texture/Image/IconTools/RoleHeadNuoan2.png	Assets/Product/Texture/Image/RoleStory/NuoanNormal01.png	Assets/Product/Texture/Image/RoleCharacterBig/RoleCharacterBigR2NuoanNormal01.png	Assets/Product/Texture/Image/RoleCharacter/RoleHeadNuoan2.png	Assets/Product/Texture/Image/IconCoating/IconCoatin6002404.png	Bip001RForearm	Assets/Product/Effect/Prefab/FxR2NuoanPrefab/Common/FxR2NuoanGuadianBip001RForearm.prefab	44										
6002405	1571003	1570305	深夏萤	5	1027	阔海秘闻系列——诺安·逆旅	为了拯救小队的“离群”风评，寒羊小队决定靠猜拳选出一位幸运成员来参加沙滩才艺表演！最终，这场比赛不幸由诺安取得了胜利。虽然他表示定不辱渡边老师过去指导的口琴技巧，可在排练当天，就把某位不愿透露姓名与身份的新老师四小时气晕过去三次，他真的能顺利参加演出吗……？	Assets/Product/Texture/Image/IconToolsSp/Clo15710039381Sp.png	Assets/Product/Texture/Image/IconTools/Clo15710039381.png	[80117]	157395	32	14	Assets/Product/Texture/Image/Role/RoleHeadNuoannew.png	Assets/Product/Texture/Image/Role/RoleHeadNuoan6.png	Assets/Product/Texture/Image/Role/RoleHeadNuoannew.png	Assets/Product/Texture/Image/RoleCharacter/RoleHeadNuoan1.png	Assets/Product/Texture/Image/RoleCharacter/RoleHeadNuoan1.png	Assets/Product/Texture/Image/Role/RoleHeadNuoan3.png	Assets/Product/Texture/Image/Role/RoleHeadNuoan5.png	Assets/Product/Texture/Image/IconToolsSp/RoleHeadNuoan2Sp.png	Assets/Product/Texture/Image/IconTools/RoleHeadNuoan2.png	Assets/Product/Texture/Image/RoleStory/NuoanNormal01.png	Assets/Product/Texture/Image/RoleCharacterBig/RoleCharacterBigR2NuoanNormal01.png	Assets/Product/Texture/Image/RoleCharacter/RoleHeadNuoan2.png	Assets/Product/Texture/Image/IconCoating/IconCoatin6002405.png	Bip001RForearm	Assets/Product/Effect/Prefab/FxR2NuoanPrefab/Common/FxR2NuoanGuadianBip001RForearm.prefab	44										
6002501	1041004	1040401	泛用式	1	9000	初始系列——比安卡·深痕	构造体生产出来时配给的服装。	Assets/Product/Texture/Image/IconToolsSp/Clo10410040101Sp.png	Assets/Product/Texture/Image/IconTools/Clo10410040101.png	[19044]	104499	32	3	Assets/Product/Texture/Image/Role/RoleHeadR4Bianka.png	Assets/Product/Texture/Image/Role/RoleHeadR4Bianka6.png	Assets/Product/Texture/Image/Role/RoleHeadR4Bianka.png	Assets/Product/Texture/Image/RoleCharacter/RoleHeadR4Bianka1.png	Assets/Product/Texture/Image/RoleCharacter/RoleHeadR4Bianka1.png	Assets/Product/Texture/Image/Role/RoleHeadR4Bianka3.png	Assets/Product/Texture/Image/Role/RoleHeadR4Bianka5.png	Assets/Product/Texture/Image/IconToolsSp/RoleHeadR4Bianka2Sp.png	Assets/Product/Texture/Image/IconTools/RoleHeadR4Bianka2.png	Assets/Product/Texture/Image/RoleStory/V130bakNormal01.png	Assets/Product/Texture/Image/RoleCharacterBig/RoleCharacterBigR4BiankaNormal01.png	Assets/Product/Texture/Image/RoleCharacter/RoleHeadR4Bianka2.png	Assets/Product/Texture/Image/IconCoating/IconCoating6000704.png	BoneRUpperArmTwist	Assets/Product/Effect/Prefab/FxR4BiankaPrefab/Common/FxR4BiankaPinzhiGuadianBoneRUpperArmTwist.prefab	45										
6002502	1041004	1040402	泛用式·改	2	9000	初始系列——比安卡·深痕	构造体[初阶]解放后，获得权限根据爱好修改的服装。	Assets/Product/Texture/Image/IconToolsSp/Clo10410040102Sp.png	Assets/Product/Texture/Image/IconTools/Clo10410040102.png	[19044]	104498	32	6	Assets/Product/Texture/Image/Role/RoleHeadR4Bianka.png	Assets/Product/Texture/Image/Role/RoleHeadR4Bianka6.png	Assets/Product/Texture/Image/Role/RoleHeadR4Bianka.png	Assets/Product/Texture/Image/RoleCharacter/RoleHeadR4Bianka1.png	Assets/Product/Texture/Image/RoleCharacter/RoleHeadR4Bianka1.png	Assets/Product/Texture/Image/Role/RoleHeadR4Bianka3.png	Assets/Product/Texture/Image/Role/RoleHeadR4Bianka5.png	Assets/Product/Texture/Image/IconToolsSp/RoleHeadR4Bianka2Sp.png	Assets/Product/Texture/Image/IconTools/RoleHeadR4Bianka2.png	Assets/Product/Texture/Image/RoleStory/V130bakNormal01.png	Assets/Product/Texture/Image/RoleCharacterBig/RoleCharacterBigR4BiankaNormal01.png	Assets/Product/Texture/Image/RoleCharacter/RoleHeadR4Bianka2.png	Assets/Product/Texture/Image/IconCoating/IconCoating6000704.png	BoneRUpperArmTwist	Assets/Product/Effect/Prefab/FxR4BiankaPrefab/Common/FxR4BiankaPinzhiGuadianBoneRUpperArmTwist.prefab	45										
6002503	1041004	1040403	泛用式·终	2	9000	初始系列——比安卡·深痕	构造体[高阶]解放后，根据个人意愿修改的服装，完好的体现了本人意识海的特征。	Assets/Product/Texture/Image/IconToolsSp/Clo10410040103Sp.png	Assets/Product/Texture/Image/IconTools/Clo10410040103.png	[19044]	104497	32	9	Assets/Product/Texture/Image/Role/RoleHeadR4Bianka.png	Assets/Product/Texture/Image/Role/RoleHeadR4Bianka6.png	Assets/Product/Texture/Image/Role/RoleHeadR4Bianka.png	Assets/Product/Texture/Image/RoleCharacter/RoleHeadR4Bianka1.png	Assets/Product/Texture/Image/RoleCharacter/RoleHeadR4Bianka1.png	Assets/Product/Texture/Image/Role/RoleHeadR4Bianka3.png	Assets/Product/Texture/Image/Role/RoleHeadR4Bianka5.png	Assets/Product/Texture/Image/IconToolsSp/RoleHeadR4Bianka2Sp.png	Assets/Product/Texture/Image/IconTools/RoleHeadR4Bianka2.png	Assets/Product/Texture/Image/RoleStory/V130bakNormal01.png	Assets/Product/Texture/Image/RoleCharacterBig/RoleCharacterBigR4BiankaNormal01.png	Assets/Product/Texture/Image/RoleCharacter/RoleHeadR4Bianka2.png	Assets/Product/Texture/Image/IconCoating/IconCoating6000704.png	BoneRUpperArmTwist	Assets/Product/Effect/Prefab/FxR4BiankaPrefab/Common/FxR4BiankaPinzhiGuadianBoneRUpperArmTwist.prefab	45										
6002504	1041004	1040404	逐魇幽芒	6	1029	游诗歌谣系列——比安卡·深痕	驱魔者的提灯在胸前常亮，淬银的利剑倒映清丽的脸庞。碧色的眼瞳追逐着旧日之影，在幽邃之境的终点，她终将得知何为真相。	Assets/Product/Texture/Image/IconToolsSp/Clo10410049331Sp.png	Assets/Product/Texture/Image/IconTools/Clo10410049331.png	[80067,80068]	104496	32	84	Assets/Product/Texture/Image/Role/RoleHeadR4Bianka.png	Assets/Product/Texture/Image/Role/RoleHeadR4Bianka6.png	Assets/Product/Texture/Image/Role/RoleHeadR4Bianka7.png	Assets/Product/Texture/Image/RoleCharacter/RoleHeadR4Bianka1.png	Assets/Product/Texture/Image/RoleCharacter/RoleHeadR4Bianka7.png	Assets/Product/Texture/Image/Role/RoleHeadR4Bianka7.png	Assets/Product/Texture/Image/Role/RoleHeadR4Bianka5.png	Assets/Product/Texture/Image/IconToolsSp/RoleHeadR4Bianka2Sp.png	Assets/Product/Texture/Image/IconTools/RoleHeadR4Bianka2.png	Assets/Product/Texture/Image/RoleStory/V130bakNormal01.png	Assets/Product/Texture/Image/RoleCharacterBig/RoleCharacterBigR4BiankaNormal01.png	Assets/Product/Texture/Image/RoleCharacter/RoleHeadR4Bianka2.png	Assets/Product/Texture/Image/IconCoating/IconCoatin6002504.png	BoneRUpperArmTwist	Assets/Product/Effect/Prefab/FxR4BiankaPrefab/R4BiankaMd019011/FxR4BiankaPinzhiGuadianBoneRUpperArmTwistH.prefab	62	9010237									
6002505	1041004	1040405	拾梦白菀	6	1037	寰星之屿系列——比安卡·深痕	拾梦游弋，寒雪生花。  叹息声拾起了沉睡的碎片，指引着梦的旅人步入覆雪的教堂。 圣者在此献上祈祷—— 即使神会永远沉默，有你在聆听，便好。  当那些曾被遗落的爱与花种再次盛开时，她定会回到这里，在微笑中守候着誓约者的到来。	Assets/Product/Texture/Image/IconToolsSp/Clo10410049241Sp.png	Assets/Product/Texture/Image/IconTools/Clo10410049241.png	[80085,80130,80202]	104495	32	84	Assets/Product/Texture/Image/Role/RoleHeadR4Bianka.png	Assets/Product/Texture/Image/Role/RoleHeadR4Bianka6.png	Assets/Product/Texture/Image/Role/RoleHeadR4Bianka8.png	Assets/Product/Texture/Image/RoleCharacter/RoleHeadR4Bianka1.png	Assets/Product/Texture/Image/RoleCharacter/RoleHeadR4Bianka8.png	Assets/Product/Texture/Image/Role/RoleHeadR4Bianka8.png	Assets/Product/Texture/Image/Role/RoleHeadR4Bianka5.png	Assets/Product/Texture/Image/IconToolsSp/RoleHeadR4Bianka2Sp.png	Assets/Product/Texture/Image/IconTools/RoleHeadR4Bianka2.png	Assets/Product/Texture/Image/RoleStory/V130bakNormal01.png	Assets/Product/Texture/Image/RoleCharacterBig/RoleCharacterBigR4BiankaNormal01.png	Assets/Product/Texture/Image/RoleCharacter/RoleHeadR4Bianka2.png	Assets/Product/Texture/Image/IconCoating/IconCoating6002505.png	BoneRUpperArmTwist	Assets/Product/Effect/Prefab/FxR4BiankaPrefab/R4BiankaMd019241/FxR4BiankaPinzhiGuadianBoneRUpperArmTwist.prefab	54			[50109,50115]	Assets/Product/Texture/Image/RoleCharacterBig/RoleCharacterBigR4BiankaKnightNormal01.png						
6002506	1041004	1040406	赤红璨焰	6	1028	放逐乐园系列——比安卡·深痕	赤红之风猎猎吹起，离火吞噬倒下的罪者，染灼了她的衣袍。游走于毁灭与消亡间，有形之物终将燃烧殆尽。立此剑为誓，葬魔以焚，安魂以祷，予以逝者平等的安息。	Assets/Product/Texture/Image/IconToolsSp/Clo10410049242Sp.png	Assets/Product/Texture/Image/IconTools/Clo10410049242.png	[80163]	104494	32	84	Assets/Product/Texture/Image/Role/RoleHeadR4Bianka.png	Assets/Product/Texture/Image/Role/RoleHeadR4Bianka6.png	Assets/Product/Texture/Image/Role/RoleHeadR4Bianka9.png	Assets/Product/Texture/Image/RoleCharacter/RoleHeadR4Bianka1.png	Assets/Product/Texture/Image/RoleCharacter/RoleHeadR4Bianka9.png	Assets/Product/Texture/Image/Role/RoleHeadR4Bianka9.png	Assets/Product/Texture/Image/Role/RoleHeadR4Bianka5.png	Assets/Product/Texture/Image/IconToolsSp/RoleHeadR4Bianka2Sp.png	Assets/Product/Texture/Image/IconTools/RoleHeadR4Bianka2.png	Assets/Product/Texture/Image/RoleStory/V130bakNormal01.png	Assets/Product/Texture/Image/RoleCharacterBig/RoleCharacterBigR4BiankaNormal01.png	Assets/Product/Texture/Image/RoleCharacter/RoleHeadR4Bianka2.png	Assets/Product/Texture/Image/IconCoating/IconCoating6002506.png	Bip001LForeTwist	Assets/Product/Effect/Prefab/FxR4BiankaPrefab/R4BiankaMd019281/FxR4BiankaPinzhiGuadianBoneRUpperArmTwist.prefab	119	9010262									
6002601	1231002	1230201	泛用式	1	9000	初始系列——邦比娜塔·琉璃	构造体生产出来时配给的服装。	Assets/Product/Texture/Image/IconToolsSp/Clo12310020101Sp.png	Assets/Product/Texture/Image/IconTools/Clo12310020101.png	[19045]	123299	32	3	Assets/Product/Texture/Image/Role/RoleHeadR2Bangbinata1.png	Assets/Product/Texture/Image/Role/RoleHeadR2Bangbinata3.png	Assets/Product/Texture/Image/Role/RoleHeadR2Bangbinata1.png	Assets/Product/Texture/Image/RoleCharacter/RoleHeadR2Bangbinata1.png	Assets/Product/Texture/Image/RoleCharacter/RoleHeadR2Bangbinata1.png	Assets/Product/Texture/Image/Role/RoleHeadR2Bangbinata2.png	Assets/Product/Texture/Image/Role/RoleHeadR2Bangbinata4.png	Assets/Product/Texture/Image/IconToolsSp/RoleHeadR2Bangbinata2Sp.png	Assets/Product/Texture/Image/IconTools/RoleHeadR2Bangbinata2.png	Assets/Product/Texture/Image/RoleStory/V130bbntNormal01.png	Assets/Product/Texture/Image/RoleCharacterBig/RoleCharacterBigR2BangbinataNormal01.png	Assets/Product/Texture/Image/RoleCharacter/RoleHeadR2Bangbinata3.png	Assets/Product/Texture/Image/IconCoating/IconCoating6000704.png	Bip001LUpperArm	Assets/Product/Effect/Prefab/FxR2BangbinataPrefab/Common/FxR2BangbinataBip001LUpperArm.prefab	46										
6002602	1231002	1230202	泛用式·改	2	9000	初始系列——邦比娜塔·琉璃	构造体[初阶]解放后，获得权限根据爱好修改的服装。	Assets/Product/Texture/Image/IconToolsSp/Clo12310020102Sp.png	Assets/Product/Texture/Image/IconTools/Clo12310020102.png	[19045]	123298	32	6	Assets/Product/Texture/Image/Role/RoleHeadR2Bangbinata1.png	Assets/Product/Texture/Image/Role/RoleHeadR2Bangbinata3.png	Assets/Product/Texture/Image/Role/RoleHeadR2Bangbinata1.png	Assets/Product/Texture/Image/RoleCharacter/RoleHeadR2Bangbinata1.png	Assets/Product/Texture/Image/RoleCharacter/RoleHeadR2Bangbinata1.png	Assets/Product/Texture/Image/Role/RoleHeadR2Bangbinata2.png	Assets/Product/Texture/Image/Role/RoleHeadR2Bangbinata4.png	Assets/Product/Texture/Image/IconToolsSp/RoleHeadR2Bangbinata2Sp.png	Assets/Product/Texture/Image/IconTools/RoleHeadR2Bangbinata2.png	Assets/Product/Texture/Image/RoleStory/V130bbntNormal01.png	Assets/Product/Texture/Image/RoleCharacterBig/RoleCharacterBigR2BangbinataNormal01.png	Assets/Product/Texture/Image/RoleCharacter/RoleHeadR2Bangbinata3.png	Assets/Product/Texture/Image/IconCoating/IconCoating6000704.png	Bip001LUpperArm	Assets/Product/Effect/Prefab/FxR2BangbinataPrefab/Common/FxR2BangbinataBip001LUpperArm.prefab	46										
6002603	1231002	1230203	泛用式·终	2	9000	初始系列——邦比娜塔·琉璃	构造体[高阶]解放后，根据个人意愿修改的服装，完好的体现了本人意识海的特征。	Assets/Product/Texture/Image/IconToolsSp/Clo12310020103Sp.png	Assets/Product/Texture/Image/IconTools/Clo12310020103.png	[19045]	123297	32	9	Assets/Product/Texture/Image/Role/RoleHeadR2Bangbinata1.png	Assets/Product/Texture/Image/Role/RoleHeadR2Bangbinata3.png	Assets/Product/Texture/Image/Role/RoleHeadR2Bangbinata1.png	Assets/Product/Texture/Image/RoleCharacter/RoleHeadR2Bangbinata1.png	Assets/Product/Texture/Image/RoleCharacter/RoleHeadR2Bangbinata1.png	Assets/Product/Texture/Image/Role/RoleHeadR2Bangbinata2.png	Assets/Product/Texture/Image/Role/RoleHeadR2Bangbinata4.png	Assets/Product/Texture/Image/IconToolsSp/RoleHeadR2Bangbinata2Sp.png	Assets/Product/Texture/Image/IconTools/RoleHeadR2Bangbinata2.png	Assets/Product/Texture/Image/RoleStory/V130bbntNormal01.png	Assets/Product/Texture/Image/RoleCharacterBig/RoleCharacterBigR2BangbinataNormal01.png	Assets/Product/Texture/Image/RoleCharacter/RoleHeadR2Bangbinata3.png	Assets/Product/Texture/Image/IconCoating/IconCoating6000704.png	Bip001LUpperArm	Assets/Product/Effect/Prefab/FxR2BangbinataPrefab/Common/FxR2BangbinataBip001LUpperArm.prefab	46										
6002604	1231002	1230204	天鹅湖畔	5	1023	往昔重绽系列——邦比娜塔·琉璃	仿照邦比娜塔小时候的芭蕾舞裙制作，是凡妮莎为邦比娜塔定制的涂装。梦中的小天鹅最终回应了过去的回音，在新的城堡中踮起脚尖，再次起舞。即使现在的少女也许并不清楚为什么能够获得这套精致的涂装，但在她意识海的某个角落，一段碎裂的镜片在那个柔软的地方悄然融化，消失的无影无踪。	Assets/Product/Texture/Image/IconToolsSp/Clo12310029011Sp.png	Assets/Product/Texture/Image/IconTools/Clo12310029011.png	[80070,80072]	123296	32	14	Assets/Product/Texture/Image/Role/RoleHeadR2Bangbinata1.png	Assets/Product/Texture/Image/Role/RoleHeadR2Bangbinata3.png	Assets/Product/Texture/Image/Role/RoleHeadR2Bangbinata1.png	Assets/Product/Texture/Image/RoleCharacter/RoleHeadR2Bangbinata1.png	Assets/Product/Texture/Image/RoleCharacter/RoleHeadR2Bangbinata1.png	Assets/Product/Texture/Image/Role/RoleHeadR2Bangbinata2.png	Assets/Product/Texture/Image/Role/RoleHeadR2Bangbinata4.png	Assets/Product/Texture/Image/IconToolsSp/RoleHeadR2Bangbinata2Sp.png	Assets/Product/Texture/Image/IconTools/RoleHeadR2Bangbinata2.png	Assets/Product/Texture/Image/RoleStory/V130bbntNormal01.png	Assets/Product/Texture/Image/RoleCharacterBig/RoleCharacterBigR2BangbinataNormal01.png	Assets/Product/Texture/Image/RoleCharacter/RoleHeadR2Bangbinata3.png	Assets/Product/Texture/Image/IconCoating/IconCoating6002604.png	Bip001LUpperArm	Assets/Product/Effect/Prefab/FxR2BangbinataPrefab/Common/FxR2BangbinataBip001LUpperArm.prefab	46										
6002605	1231002	1230205	猫步轻俏	5	1009	新生活系列——邦比娜塔·琉璃	齿轮纤转，呢音叮铃，仄小的木屋揉作摇篮。绵软喵语躲进旋律，崭新的舞乐如此新颖。轻唤小豆泥的名字，将藏在暗角熟睡的它唤醒。模仿舞蹈姿态，如影跃起又落地。无需明晰“友人”的定义，她只知自己愿意与它一起。	Assets/Product/Texture/Image/IconToolsSp/Clo12310029012Sp.png	Assets/Product/Texture/Image/IconTools/Clo12310029012.png	[80161]	123295	32	14	Assets/Product/Texture/Image/Role/RoleHeadR2Bangbinata1.png	Assets/Product/Texture/Image/Role/RoleHeadR2Bangbinata3.png	Assets/Product/Texture/Image/Role/RoleHeadR2Bangbinata1.png	Assets/Product/Texture/Image/RoleCharacter/RoleHeadR2Bangbinata1.png	Assets/Product/Texture/Image/RoleCharacter/RoleHeadR2Bangbinata1.png	Assets/Product/Texture/Image/Role/RoleHeadR2Bangbinata2.png	Assets/Product/Texture/Image/Role/RoleHeadR2Bangbinata4.png	Assets/Product/Texture/Image/IconToolsSp/RoleHeadR2Bangbinata2Sp.png	Assets/Product/Texture/Image/IconTools/RoleHeadR2Bangbinata2.png	Assets/Product/Texture/Image/RoleStory/V130bbntNormal01.png	Assets/Product/Texture/Image/RoleCharacterBig/RoleCharacterBigR2BangbinataNormal01.png	Assets/Product/Texture/Image/RoleCharacter/RoleHeadR2Bangbinata3.png	Assets/Product/Texture/Image/IconCoating/IconCoating6002605.png	Bip001LUpperArm	Assets/Product/Effect/Prefab/FxR2BangbinataPrefab/Common/FxR2BangbinataBip001LUpperArm.prefab	46										
6002606	1231002	1230206	梦旋序曲	5	1009	新生活系列——邦比娜塔·琉璃	密锣紧鼓，序曲开幕。霓虹绚烂夺目，礼花缭乱漫天，少女踏着悠扬旋律，飞跃在旋转木马之间，每次迈出步伐，人群就会爆发出阵阵喝彩，只要舞者的裙袂仍翩旋在空，马戏团的狂欢之夜便不会停歇。	Assets/Product/Texture/Image/IconToolsSp/Clo12310029201Sp.png	Assets/Product/Texture/Image/IconTools/Clo12310029201.png	[80211]	123294	32	14	Assets/Product/Texture/Image/Role/RoleHeadR2Bangbinata1.png	Assets/Product/Texture/Image/Role/RoleHeadR2Bangbinata3.png	Assets/Product/Texture/Image/Role/RoleHeadR2Bangbinata1.png	Assets/Product/Texture/Image/RoleCharacter/RoleHeadR2Bangbinata1.png	Assets/Product/Texture/Image/RoleCharacter/RoleHeadR2Bangbinata1.png	Assets/Product/Texture/Image/Role/RoleHeadR2Bangbinata2.png	Assets/Product/Texture/Image/Role/RoleHeadR2Bangbinata4.png	Assets/Product/Texture/Image/IconToolsSp/RoleHeadR2Bangbinata2Sp.png	Assets/Product/Texture/Image/IconTools/RoleHeadR2Bangbinata2.png	Assets/Product/Texture/Image/RoleStory/V130bbntNormal01.png	Assets/Product/Texture/Image/RoleCharacterBig/RoleCharacterBigR2BangbinataNormal01.png	Assets/Product/Texture/Image/RoleCharacter/RoleHeadR2Bangbinata3.png	Assets/Product/Texture/Image/IconCoating/IconCoating6002606.png	Bip001LUpperArm	Assets/Product/Effect/Prefab/FxR2BangbinataPrefab/Common/FxR2BangbinataBip001LUpperArm.prefab	46										
6002701	1011004	1010401	泛用式	1	9000	初始系列——里·超刻	构造体生产出来时配给的服装。	Assets/Product/Texture/Image/IconToolsSp/Clo10110040101Sp.png	Assets/Product/Texture/Image/IconTools/Clo10110040101.png	[19046]	101499	32	3	Assets/Product/Texture/Image/Role/RoleHeadR4Li1.png	Assets/Product/Texture/Image/Role/RoleHeadR4Li3.png	Assets/Product/Texture/Image/Role/RoleHeadR4Li1.png	Assets/Product/Texture/Image/RoleCharacter/RoleHeadR4Li1.png	Assets/Product/Texture/Image/RoleCharacter/RoleHeadR4Li1.png	Assets/Product/Texture/Image/Role/RoleHeadR4Li2.png	Assets/Product/Texture/Image/Role/RoleHeadR4Li4.png	Assets/Product/Texture/Image/IconToolsSp/RoleHeadR4Li2Sp.png	Assets/Product/Texture/Image/IconTools/RoleHeadR4Li2.png	Assets/Product/Texture/Image/RoleStory/V132lNormal01.png	Assets/Product/Texture/Image/RoleCharacterBig/RoleCharacterBigR4LiNormal01.png	Assets/Product/Texture/Image/RoleCharacter/RoleHeadR4Li3.png	Assets/Product/Texture/Image/IconCoating/IconCoating6000704.png	Bip001RForearm	Assets/Product/Effect/Prefab/FxR4LiangPrefab/Common/FxR4LiangBip001RForearm.prefab	47										
6002702	1011004	1010402	泛用式·改	2	9000	初始系列——里·超刻	构造体[初阶]解放后，获得权限根据爱好修改的服装。	Assets/Product/Texture/Image/IconToolsSp/Clo10110040102Sp.png	Assets/Product/Texture/Image/IconTools/Clo10110040102.png	[19046]	101498	32	6	Assets/Product/Texture/Image/Role/RoleHeadR4Li1.png	Assets/Product/Texture/Image/Role/RoleHeadR4Li3.png	Assets/Product/Texture/Image/Role/RoleHeadR4Li1.png	Assets/Product/Texture/Image/RoleCharacter/RoleHeadR4Li1.png	Assets/Product/Texture/Image/RoleCharacter/RoleHeadR4Li1.png	Assets/Product/Texture/Image/Role/RoleHeadR4Li2.png	Assets/Product/Texture/Image/Role/RoleHeadR4Li4.png	Assets/Product/Texture/Image/IconToolsSp/RoleHeadR4Li2Sp.png	Assets/Product/Texture/Image/IconTools/RoleHeadR4Li2.png	Assets/Product/Texture/Image/RoleStory/V132lNormal01.png	Assets/Product/Texture/Image/RoleCharacterBig/RoleCharacterBigR4LiNormal01.png	Assets/Product/Texture/Image/RoleCharacter/RoleHeadR4Li3.png	Assets/Product/Texture/Image/IconCoating/IconCoating6000704.png	Bip001RForearm	Assets/Product/Effect/Prefab/FxR4LiangPrefab/Common/FxR4LiangBip001RForearm.prefab	47										
6002703	1011004	1010403	泛用式·终	2	9000	初始系列——里·超刻	构造体[高阶]解放后，根据个人意愿修改的服装，完好的体现了本人意识海的特征。	Assets/Product/Texture/Image/IconToolsSp/Clo10110040103Sp.png	Assets/Product/Texture/Image/IconTools/Clo10110040103.png	[19046]	101497	32	9	Assets/Product/Texture/Image/Role/RoleHeadR4Li1.png	Assets/Product/Texture/Image/Role/RoleHeadR4Li3.png	Assets/Product/Texture/Image/Role/RoleHeadR4Li1.png	Assets/Product/Texture/Image/RoleCharacter/RoleHeadR4Li1.png	Assets/Product/Texture/Image/RoleCharacter/RoleHeadR4Li1.png	Assets/Product/Texture/Image/Role/RoleHeadR4Li2.png	Assets/Product/Texture/Image/Role/RoleHeadR4Li4.png	Assets/Product/Texture/Image/IconToolsSp/RoleHeadR4Li2Sp.png	Assets/Product/Texture/Image/IconTools/RoleHeadR4Li2.png	Assets/Product/Texture/Image/RoleStory/V132lNormal01.png	Assets/Product/Texture/Image/RoleCharacterBig/RoleCharacterBigR4LiNormal01.png	Assets/Product/Texture/Image/RoleCharacter/RoleHeadR4Li3.png	Assets/Product/Texture/Image/IconCoating/IconCoating6000704.png	Bip001RForearm	Assets/Product/Effect/Prefab/FxR4LiangPrefab/Common/FxR4LiangBip001RForearm.prefab	47										
6002704	1011004	1010404	苍红救赎	5	1028	放逐乐园系列——里·超刻	被苍红之血浸染的身姿，踱步于猎杀的时空间隙。在燃烧的黑夜尽头，是堆叠如山的报酬。但这还不够，猎人将名单上的文字逐一划去，他已付出了无数代价，今后也将一直持续下去，直到某人因此获得救赎。“倘若要质疑我的话，就请指出其它可行的道路吧。”	Assets/Product/Texture/Image/IconToolsSp/Clo10110049011Sp.png	Assets/Product/Texture/Image/IconTools/Clo10110049011.png	[80075,80073]	101496	32	14	Assets/Product/Texture/Image/Role/RoleHeadR4Li1.png	Assets/Product/Texture/Image/Role/RoleHeadR4Li3.png	Assets/Product/Texture/Image/Role/RoleHeadR4Li1.png	Assets/Product/Texture/Image/RoleCharacter/RoleHeadR4Li1.png	Assets/Product/Texture/Image/RoleCharacter/RoleHeadR4Li1.png	Assets/Product/Texture/Image/Role/RoleHeadR4Li2.png	Assets/Product/Texture/Image/Role/RoleHeadR4Li4.png	Assets/Product/Texture/Image/IconToolsSp/RoleHeadR4Li2Sp.png	Assets/Product/Texture/Image/IconTools/RoleHeadR4Li2.png	Assets/Product/Texture/Image/RoleStory/V132lNormal01.png	Assets/Product/Texture/Image/RoleCharacterBig/RoleCharacterBigR4LiNormal01.png	Assets/Product/Texture/Image/RoleCharacter/RoleHeadR4Li3.png	Assets/Product/Texture/Image/IconCoating/IconCoating6002704.png	Bip001RForearm	Assets/Product/Effect/Prefab/FxR4LiangPrefab/Common/FxR4LiangBip001RForearm.prefab	47										
6002705	1011004	1010405	浮光潜影	6	1027	阔海秘闻系列——里·超刻	潜入水面之下，一切的喧嚣烦恼便瞬间消融，化成了宁静的粼光。无论何处都能前往，无论什么风景都能捕捉——这些绚烂美丽的光景，让人不禁想要记录下来，分享给那些最重要的人们，或者就在此刻约定，与之一起在这片海中同游吧。毕竟在这浪花与浮光之间，心愿不再只是心愿，它已触手可及。	Assets/Product/Texture/Image/IconToolsSp/Clo10110049331Sp.png	Assets/Product/Texture/Image/IconTools/Clo10110049331.png	[80116]	101495	32	84	Assets/Product/Texture/Image/Role/RoleHeadR4Li1.png	Assets/Product/Texture/Image/Role/RoleHeadR4Li3.png	Assets/Product/Texture/Image/Role/RoleHeadR4Li5.png	Assets/Product/Texture/Image/RoleCharacter/RoleHeadR4Li1.png	Assets/Product/Texture/Image/RoleCharacter/RoleHeadR4Li5.png	Assets/Product/Texture/Image/Role/RoleHeadR4Li5.png	Assets/Product/Texture/Image/Role/RoleHeadR4Li4.png	Assets/Product/Texture/Image/IconToolsSp/RoleHeadR4Li2Sp.png	Assets/Product/Texture/Image/IconTools/RoleHeadR4Li2.png	Assets/Product/Texture/Image/RoleStory/V132lNormal01.png	Assets/Product/Texture/Image/RoleCharacterBig/RoleCharacterBigR4LiNormal01.png	Assets/Product/Texture/Image/RoleCharacter/RoleHeadR4Li3.png	Assets/Product/Texture/Image/IconCoating/IconCoating6002705.png	Bip001RForearm	Assets/Product/Effect/Prefab/FxR4LiangPrefab/R4LiangMd019331/FxR4LiangBip001RForearm.prefab	102	9010252									
6002801	1091003	1090301	泛用式	1	9000	初始系列——艾拉·万华	构造体生产出来时配给的服装。	Assets/Product/Texture/Image/IconToolsSp/Clo10910030101Sp.png	Assets/Product/Texture/Image/IconTools/Clo10910030101.png	[19047]	109399	32	3	Assets/Product/Texture/Image/Role/RoleHeadR3Aila1.png	Assets/Product/Texture/Image/Role/RoleHeadR3Aila3.png	Assets/Product/Texture/Image/Role/RoleHeadR3Aila1.png	Assets/Product/Texture/Image/RoleCharacter/RoleHeadR3Aila1.png	Assets/Product/Texture/Image/RoleCharacter/RoleHeadR3Aila1.png	Assets/Product/Texture/Image/Role/RoleHeadR3Aila2.png	Assets/Product/Texture/Image/Role/RoleHeadR3Aila4.png	Assets/Product/Texture/Image/IconToolsSp/RoleHeadR3Aila2Sp.png	Assets/Product/Texture/Image/IconTools/RoleHeadR3Aila2.png	Assets/Product/Texture/Image/RoleStory/V200alNormal01.png	Assets/Product/Texture/Image/RoleCharacterBig/RoleCharacterBigR3AilaNormal01.png	Assets/Product/Texture/Image/RoleCharacter/RoleHeadR3Aila3.png	Assets/Product/Texture/Image/IconCoating/IconCoating6000704.png	Bip001RForearm	Assets/Product/Effect/Prefab/FxR3AilaPrefab/Common/FxR3AilaBip001RForearm.prefab	48										
6002802	1091003	1090302	泛用式·改	2	9000	初始系列——艾拉·万华	构造体[初阶]解放后，获得权限根据爱好修改的服装。	Assets/Product/Texture/Image/IconToolsSp/Clo10910030102Sp.png	Assets/Product/Texture/Image/IconTools/Clo10910030102.png	[19047]	109398	32	6	Assets/Product/Texture/Image/Role/RoleHeadR3Aila1.png	Assets/Product/Texture/Image/Role/RoleHeadR3Aila3.png	Assets/Product/Texture/Image/Role/RoleHeadR3Aila1.png	Assets/Product/Texture/Image/RoleCharacter/RoleHeadR3Aila1.png	Assets/Product/Texture/Image/RoleCharacter/RoleHeadR3Aila1.png	Assets/Product/Texture/Image/Role/RoleHeadR3Aila2.png	Assets/Product/Texture/Image/Role/RoleHeadR3Aila4.png	Assets/Product/Texture/Image/IconToolsSp/RoleHeadR3Aila2Sp.png	Assets/Product/Texture/Image/IconTools/RoleHeadR3Aila2.png	Assets/Product/Texture/Image/RoleStory/V200alNormal01.png	Assets/Product/Texture/Image/RoleCharacterBig/RoleCharacterBigR3AilaNormal01.png	Assets/Product/Texture/Image/RoleCharacter/RoleHeadR3Aila3.png	Assets/Product/Texture/Image/IconCoating/IconCoating6000704.png	Bip001RForearm	Assets/Product/Effect/Prefab/FxR3AilaPrefab/Common/FxR3AilaBip001RForearm.prefab	48										
6002803	1091003	1090303	泛用式·终	2	9000	初始系列——艾拉·万华	构造体[高阶]解放后，根据个人意愿修改的服装，完好的体现了本人意识海的特征。	Assets/Product/Texture/Image/IconToolsSp/Clo10910030103Sp.png	Assets/Product/Texture/Image/IconTools/Clo10910030103.png	[19047]	109397	32	9	Assets/Product/Texture/Image/Role/RoleHeadR3Aila1.png	Assets/Product/Texture/Image/Role/RoleHeadR3Aila3.png	Assets/Product/Texture/Image/Role/RoleHeadR3Aila1.png	Assets/Product/Texture/Image/RoleCharacter/RoleHeadR3Aila1.png	Assets/Product/Texture/Image/RoleCharacter/RoleHeadR3Aila1.png	Assets/Product/Texture/Image/Role/RoleHeadR3Aila2.png	Assets/Product/Texture/Image/Role/RoleHeadR3Aila4.png	Assets/Product/Texture/Image/IconToolsSp/RoleHeadR3Aila2Sp.png	Assets/Product/Texture/Image/IconTools/RoleHeadR3Aila2.png	Assets/Product/Texture/Image/RoleStory/V200alNormal01.png	Assets/Product/Texture/Image/RoleCharacterBig/RoleCharacterBigR3AilaNormal01.png	Assets/Product/Texture/Image/RoleCharacter/RoleHeadR3Aila3.png	Assets/Product/Texture/Image/IconCoating/IconCoating6000704.png	Bip001RForearm	Assets/Product/Effect/Prefab/FxR3AilaPrefab/Common/FxR3AilaBip001RForearm.prefab	48										
6002804	1091003	1090304	闪耀晨星	5	1009	新生活系列——艾拉·万华	艺术家、战士、指挥官……以画笔绘出无限可能的未来，每一个都如同奔行闪耀的晨星般熠熠生辉。步履匆忙也不要紧，向着坚信的方向迈开步伐奔跑就好，少女的身后落下晨星万色的尾迹，无论何时，她都会以最饱满的姿态向着明日展露笑容。	Assets/Product/Texture/Image/IconToolsSp/Clo10910039011Sp.png	Assets/Product/Texture/Image/IconTools/Clo10910039011.png	[80081,80080]	109396	32	14	Assets/Product/Texture/Image/Role/RoleHeadR3Aila1.png	Assets/Product/Texture/Image/Role/RoleHeadR3Aila3.png	Assets/Product/Texture/Image/Role/RoleHeadR3Aila1.png	Assets/Product/Texture/Image/RoleCharacter/RoleHeadR3Aila1.png	Assets/Product/Texture/Image/RoleCharacter/RoleHeadR3Aila1.png	Assets/Product/Texture/Image/Role/RoleHeadR3Aila2.png	Assets/Product/Texture/Image/Role/RoleHeadR3Aila4.png	Assets/Product/Texture/Image/IconToolsSp/RoleHeadR3Aila2Sp.png	Assets/Product/Texture/Image/IconTools/RoleHeadR3Aila2.png	Assets/Product/Texture/Image/RoleStory/V200alNormal01.png	Assets/Product/Texture/Image/RoleCharacterBig/RoleCharacterBigR3AilaNormal01.png	Assets/Product/Texture/Image/RoleCharacter/RoleHeadR3Aila3.png	Assets/Product/Texture/Image/IconCoating/IconCoating6002804.png	Bip001RForearm	Assets/Product/Effect/Prefab/FxR3AilaPrefab/Common/FxR3AilaBip001RForearm.prefab	48										
6002805	1091003	1090305	竞跃纷斓	6	1003	地平线系列——艾拉·万华	“战场的基调绝不是黑白灰！”少女的每一次跃动，都将是这场战斗游戏中的最强指令。 艾拉根据自己的喜好在新涂装上做了特殊设计，不仅拥有超强机动性，斑斓亮色更是吸引着战场上每一个人的目光。	Assets/Product/Texture/Image/IconToolsSp/Clo10910039031Sp.png	Assets/Product/Texture/Image/IconTools/Clo10910039031.png	[80237]	109395	32	84	Assets/Product/Texture/Image/Role/RoleHeadR3Aila1.png	Assets/Product/Texture/Image/Role/RoleHeadR3Aila3.png	Assets/Product/Texture/Image/Role/RoleHeadR3Aila5.png	Assets/Product/Texture/Image/RoleCharacter/RoleHeadR3Aila1.png	Assets/Product/Texture/Image/RoleCharacter/RoleHeadR3Aila5.png	Assets/Product/Texture/Image/Role/RoleHeadR3Aila5.png	Assets/Product/Texture/Image/Role/RoleHeadR3Aila4.png	Assets/Product/Texture/Image/IconToolsSp/RoleHeadR3Aila2Sp.png	Assets/Product/Texture/Image/IconTools/RoleHeadR3Aila2.png	Assets/Product/Texture/Image/RoleStory/V200alNormal01.png	Assets/Product/Texture/Image/RoleCharacterBig/RoleCharacterBigR3AilaNormal01.png	Assets/Product/Texture/Image/RoleCharacter/RoleHeadR3Aila3.png	Assets/Product/Texture/Image/IconCoating/IconCoating6002805.png	Bip001RForearm	Assets/Product/Effect/Prefab/FxR3AilaPrefab/R3AilaMd019031/FxR3AilaBip001RForearm.prefab	107	9010255									
6002806	1091003	1090306	滨海涟漪	6	1027	阔海秘闻系列——艾拉·万华	湛蓝的海洋延展至天际，阳光温柔地抚摸着波光粼粼的水面，船只在这光滑的画布上划过，身后留下阵阵涟漪。虹彩般的少女伫立沙滩，用手中画笔，将这蔚蓝世界的烂漫定格永恒。	Assets/Product/Texture/Image/IconToolsSp/Clo10910039271Sp.png	Assets/Product/Texture/Image/IconTools/Clo10910039271.png	[80176]	109394	32	84	Assets/Product/Texture/Image/Role/RoleHeadR3Aila1.png	Assets/Product/Texture/Image/Role/RoleHeadR3Aila3.png	Assets/Product/Texture/Image/Role/RoleHeadR3Aila6.png	Assets/Product/Texture/Image/RoleCharacter/RoleHeadR3Aila1.png	Assets/Product/Texture/Image/RoleCharacter/RoleHeadR3Aila6.png	Assets/Product/Texture/Image/Role/RoleHeadR3Aila6.png	Assets/Product/Texture/Image/Role/RoleHeadR3Aila4.png	Assets/Product/Texture/Image/IconToolsSp/RoleHeadR3Aila2Sp.png	Assets/Product/Texture/Image/IconTools/RoleHeadR3Aila2.png	Assets/Product/Texture/Image/RoleStory/V200alNormal01.png	Assets/Product/Texture/Image/RoleCharacterBig/RoleCharacterBigR3AilaNormal01.png	Assets/Product/Texture/Image/RoleCharacter/RoleHeadR3Aila3.png	Assets/Product/Texture/Image/IconCoating/IconCoating6002806.png	Bip001RForearm	Assets/Product/Effect/Prefab/FxR3AilaPrefab/R3AilaMd019271/FxR3AilaBip001RForearm.prefab	125	9010266									
6002901	1021005	1020501	泛用式	1	9000	初始系列——露西亚·深红囚影	构造体生产出来时配给的服装。	Assets/Product/Texture/Image/IconToolsSp/Clo10210050101Sp.png	Assets/Product/Texture/Image/IconTools/Clo10210050101.png	[19048]	102599	32	3	Assets/Product/Texture/Image/Role/RoleHeadR5Luxiya1.png	Assets/Product/Texture/Image/Role/RoleHeadR5Luxiya3.png	Assets/Product/Texture/Image/Role/RoleHeadR5Luxiya1.png	Assets/Product/Texture/Image/RoleCharacter/RoleHeadR5Luxiya1.png	Assets/Product/Texture/Image/RoleCharacter/RoleHeadR5Luxiya1.png	Assets/Product/Texture/Image/Role/RoleHeadR5Luxiya2.png	Assets/Product/Texture/Image/Role/RoleHeadR5Luxiya4.png	Assets/Product/Texture/Image/IconToolsSp/RoleHeadR5Luxiya2Sp.png	Assets/Product/Texture/Image/IconTools/RoleHeadR5Luxiya2.png	Assets/Product/Texture/Image/RoleStory/V210aefNormal01.png	Assets/Product/Texture/Image/RoleCharacterBig/RoleCharacterBigR5LuxiyaNormal01.png	Assets/Product/Texture/Image/RoleCharacter/RoleHeadR5Luxiya3.png	Assets/Product/Texture/Image/IconCoating/IconCoating6000704.png	Bip001RForearm	Assets/Product/Effect/Prefab/FxR5LuxiyaPrefab/Common/FxR5LuxiyaBip001RForearm.prefab	55										
6002902	1021005	1020502	泛用式·改	2	9000	初始系列——露西亚·深红囚影	构造体[初阶]解放后，获得权限根据爱好修改的服装。	Assets/Product/Texture/Image/IconToolsSp/Clo10210050102Sp.png	Assets/Product/Texture/Image/IconTools/Clo10210050102.png	[19048]	102598	32	6	Assets/Product/Texture/Image/Role/RoleHeadR5Luxiya1.png	Assets/Product/Texture/Image/Role/RoleHeadR5Luxiya3.png	Assets/Product/Texture/Image/Role/RoleHeadR5Luxiya1.png	Assets/Product/Texture/Image/RoleCharacter/RoleHeadR5Luxiya1.png	Assets/Product/Texture/Image/RoleCharacter/RoleHeadR5Luxiya1.png	Assets/Product/Texture/Image/Role/RoleHeadR5Luxiya2.png	Assets/Product/Texture/Image/Role/RoleHeadR5Luxiya4.png	Assets/Product/Texture/Image/IconToolsSp/RoleHeadR5Luxiya2Sp.png	Assets/Product/Texture/Image/IconTools/RoleHeadR5Luxiya2.png	Assets/Product/Texture/Image/RoleStory/V210aefNormal01.png	Assets/Product/Texture/Image/RoleCharacterBig/RoleCharacterBigR5LuxiyaNormal01.png	Assets/Product/Texture/Image/RoleCharacter/RoleHeadR5Luxiya3.png	Assets/Product/Texture/Image/IconCoating/IconCoating6000704.png	Bip001RForearm	Assets/Product/Effect/Prefab/FxR5LuxiyaPrefab/Common/FxR5LuxiyaBip001RForearm.prefab	55										
6002903	1021005	1020503	泛用式·终	2	9000	初始系列——露西亚·深红囚影	构造体[高阶]解放后，根据个人意愿修改的服装，完好的体现了本人意识海的特征。	Assets/Product/Texture/Image/IconToolsSp/Clo10210050103Sp.png	Assets/Product/Texture/Image/IconTools/Clo10210050103.png	[19048]	102597	32	9	Assets/Product/Texture/Image/Role/RoleHeadR5Luxiya1.png	Assets/Product/Texture/Image/Role/RoleHeadR5Luxiya3.png	Assets/Product/Texture/Image/Role/RoleHeadR5Luxiya1.png	Assets/Product/Texture/Image/RoleCharacter/RoleHeadR5Luxiya1.png	Assets/Product/Texture/Image/RoleCharacter/RoleHeadR5Luxiya1.png	Assets/Product/Texture/Image/Role/RoleHeadR5Luxiya2.png	Assets/Product/Texture/Image/Role/RoleHeadR5Luxiya4.png	Assets/Product/Texture/Image/IconToolsSp/RoleHeadR5Luxiya2Sp.png	Assets/Product/Texture/Image/IconTools/RoleHeadR5Luxiya2.png	Assets/Product/Texture/Image/RoleStory/V210aefNormal01.png	Assets/Product/Texture/Image/RoleCharacterBig/RoleCharacterBigR5LuxiyaNormal01.png	Assets/Product/Texture/Image/RoleCharacter/RoleHeadR5Luxiya3.png	Assets/Product/Texture/Image/IconCoating/IconCoating6000704.png	Bip001RForearm	Assets/Product/Effect/Prefab/FxR5LuxiyaPrefab/Common/FxR5LuxiyaBip001RForearm.prefab	55										
6002904	1021005	1020504	蚩龙渊渺	6	1014	霓裳系列——露西亚·深红囚影	霹雳昼射蛟螭渊，妖星夜落蚩尤躔。 同行、牺牲、背叛……即使舍弃了诸多过往，旅人仍将一路行来的记忆錾刻于身，繁复的纹样述说着上古之战的历史，于她而言，这是“他们”存在过的证明。 历史变为传说，神话被传承讲述，如今独自流浪的她，眼中映出的又会是怎样的世界？	Assets/Product/Texture/Image/IconToolsSp/Clo10210059011Sp.png	Assets/Product/Texture/Image/IconTools/Clo10210059011.png	[80083,80084]	102596	32	84	Assets/Product/Texture/Image/Role/RoleHeadR5Luxiya1.png	Assets/Product/Texture/Image/Role/RoleHeadR5Luxiya3.png	Assets/Product/Texture/Image/Role/RoleHeadR5Luxiya5.png	Assets/Product/Texture/Image/RoleCharacter/RoleHeadR5Luxiya1.png	Assets/Product/Texture/Image/RoleCharacter/RoleHeadR5Luxiya5.png	Assets/Product/Texture/Image/Role/RoleHeadR5Luxiya5.png	Assets/Product/Texture/Image/Role/RoleHeadR5Luxiya4.png	Assets/Product/Texture/Image/IconToolsSp/RoleHeadR5Luxiya2Sp.png	Assets/Product/Texture/Image/IconTools/RoleHeadR5Luxiya2.png	Assets/Product/Texture/Image/RoleStory/V210aefNormal01.png	Assets/Product/Texture/Image/RoleCharacterBig/RoleCharacterBigR5LuxiyaNormal01.png	Assets/Product/Texture/Image/RoleCharacter/RoleHeadR5Luxiya3.png	Assets/Product/Texture/Image/IconCoating/IconCoating1020504.png	Bip001RForearm	Assets/Product/Effect/Prefab/FxR5LuxiyaPrefab/R5LuxiyaMd019011/FxR5LuxiyaBip001RForearmH.prefab	61	9010244									
6002905	1021005	1020505	破夜极星	6	1009	新生活系列——露西亚·深红囚影	午夜、暴雨、雷鸣、火光……待一切归于平静，少女翻转手腕，收刀入鞘，在鸣响的警笛到来前，消失在街道尽头。 无人知晓少女的身份，犯罪者称她为白色噩梦，执法者称她为独断的私刑者，强者称她为麻烦，弱者称她为救星……但无论外界如何评价，只要罪恶还在光照不进的阴暗中滋生，少女斩破黑夜的脚步就从未犹豫与停歇。	Assets/Product/Texture/Image/IconToolsSp/Clo10210059391Sp.png	Assets/Product/Texture/Image/IconTools/Clo10210059391.png	[80125]	102595	32	84	Assets/Product/Texture/Image/Role/RoleHeadR5Luxiya1.png	Assets/Product/Texture/Image/Role/RoleHeadR5Luxiya3.png	Assets/Product/Texture/Image/Role/RoleHeadR5Luxiya6.png	Assets/Product/Texture/Image/RoleCharacter/RoleHeadR5Luxiya1.png	Assets/Product/Texture/Image/RoleCharacter/RoleHeadR5Luxiya6.png	Assets/Product/Texture/Image/Role/RoleHeadR5Luxiya6.png	Assets/Product/Texture/Image/Role/RoleHeadR5Luxiya4.png	Assets/Product/Texture/Image/IconToolsSp/RoleHeadR5Luxiya2Sp.png	Assets/Product/Texture/Image/IconTools/RoleHeadR5Luxiya2.png	Assets/Product/Texture/Image/RoleStory/V210aefNormal01.png	Assets/Product/Texture/Image/RoleCharacterBig/RoleCharacterBigR5LuxiyaNormal01.png	Assets/Product/Texture/Image/RoleCharacter/RoleHeadR5Luxiya3.png	Assets/Product/Texture/Image/IconCoating/IconCoating6002905.png	Bip001RForearm	Assets/Product/Effect/Prefab/FxR5LuxiyaPrefab/R5LuxiyaMd019391/FxR5LuxiyaBip001RForearm.prefab	104	9010254									
6002906	1021005	1020506	绛龙佑岁	6	1014	霓裳系列——露西亚·深红囚影	龙行踏绛气，虎腾佑岁祯。她风驰在颓垣荒土，奔行于山阜之巅。鳞甲双刃铩火扬焰，鱼龙拖尾雨布云兴。龙是掩蔽、是幻化、是隐喻、是漠然，唯独袍角烙刻的印痕，是皎炎无法吞噬的本真，封印着她不会轻易诉言的决意。	Assets/Product/Texture/Image/IconToolsSp/Clo10210059392Sp.png	Assets/Product/Texture/Image/IconTools/Clo10210059392.png	[80157]	102594	32	84	Assets/Product/Texture/Image/Role/RoleHeadR5Luxiya1.png	Assets/Product/Texture/Image/Role/RoleHeadR5Luxiya3.png	Assets/Product/Texture/Image/Role/RoleHeadR5Luxiya7.png	Assets/Product/Texture/Image/RoleCharacter/RoleHeadR5Luxiya1.png	Assets/Product/Texture/Image/RoleCharacter/RoleHeadR5Luxiya7.png	Assets/Product/Texture/Image/Role/RoleHeadR5Luxiya7.png	Assets/Product/Texture/Image/Role/RoleHeadR5Luxiya4.png	Assets/Product/Texture/Image/IconToolsSp/RoleHeadR5Luxiya2Sp.png	Assets/Product/Texture/Image/IconTools/RoleHeadR5Luxiya2.png	Assets/Product/Texture/Image/RoleStory/V210aefNormal01.png	Assets/Product/Texture/Image/RoleCharacterBig/RoleCharacterBigR5LuxiyaNormal01.png	Assets/Product/Texture/Image/RoleCharacter/RoleHeadR5Luxiya3.png	Assets/Product/Texture/Image/IconCoating/IconCoating6002906.png	Bip001RForearm	Assets/Product/Effect/Prefab/FxR5LuxiyaPrefab/R5LuxiyaMd019092/FxR5LuxiyaBip001RForearm.prefab	117	9010261									
6002907	1021005	1020507	赤樗椿	6	1037	寰星之屿系列——露西亚·深红囚影	月黑寂夜，一束幽红掠过白皑山林。大殿外，贪嗔痴三毒尽显，诸恶生狞，虚像苦海孳生。她却不畏斩断羁束，疾雷彻意，劈落寒霜。鬼魅退散，真心归寻。行行重行行，山茶花的那抹绯色，便是参禅的遗音。	Assets/Product/Texture/Image/IconToolsSp/Clo10210059393Sp.png	Assets/Product/Texture/Image/IconTools/Clo10210059393.png	[80180]	102593	32	84	Assets/Product/Texture/Image/Role/RoleHeadR5Luxiya1.png	Assets/Product/Texture/Image/Role/RoleHeadR5Luxiya3.png	Assets/Product/Texture/Image/Role/RoleHeadR5Luxiya8.png	Assets/Product/Texture/Image/RoleCharacter/RoleHeadR5Luxiya1.png	Assets/Product/Texture/Image/RoleCharacter/RoleHeadR5Luxiya8.png	Assets/Product/Texture/Image/Role/RoleHeadR5Luxiya8.png	Assets/Product/Texture/Image/Role/RoleHeadR5Luxiya4.png	Assets/Product/Texture/Image/IconToolsSp/RoleHeadR5Luxiya2Sp.png	Assets/Product/Texture/Image/IconTools/RoleHeadR5Luxiya2.png	Assets/Product/Texture/Image/RoleStory/V210aefNormal01.png	Assets/Product/Texture/Image/RoleCharacterBig/RoleCharacterBigR5LuxiyaNormal01.png	Assets/Product/Texture/Image/RoleCharacter/RoleHeadR5Luxiya3.png	Assets/Product/Texture/Image/IconCoating/IconCoating6002907.png	Bip001RForearm	Assets/Product/Effect/Prefab/FxR5LuxiyaPrefab/R5LuxiyaMd019092/FxR5LuxiyaBip001RForearm.prefab	130			[50125,50139]	Assets/Product/Texture/Image/RoleStory/V2150aefNormal01.png						
6002908	1021005	1020508	健朗驰速	5	1009	新生活系列——露西亚·深红囚影	身高：165 cm 体重：48 kg 基础消耗：********兆瓦 运动消耗：计算中 当日摄入：烤鱼×1，279 kcal 登山型运动款电解液×2，1100 kcal 健身指南：尚无法确认高强度肢体活动是否会对构造体机能造成负面影响。 建议用户收集运动数据，集中优化平衡模块。 无法分解吸收的食物水分将通过仿生皮肤的人造粒面纹路排出，请确认是否启动该涂装的冷却循环涂层？	Assets/Product/Texture/Image/IconToolsSp/Clo10210059394Sp.png	Assets/Product/Texture/Image/IconTools/Clo10210059394.png	[80228]	102592	32	14	Assets/Product/Texture/Image/Role/RoleHeadR5Luxiya1.png	Assets/Product/Texture/Image/Role/RoleHeadR5Luxiya3.png	Assets/Product/Texture/Image/Role/RoleHeadR5Luxiya1.png	Assets/Product/Texture/Image/RoleCharacter/RoleHeadR5Luxiya1.png	Assets/Product/Texture/Image/RoleCharacter/RoleHeadR5Luxiya1.png	Assets/Product/Texture/Image/Role/RoleHeadR5Luxiya2.png	Assets/Product/Texture/Image/Role/RoleHeadR5Luxiya4.png	Assets/Product/Texture/Image/IconToolsSp/RoleHeadR5Luxiya2Sp.png	Assets/Product/Texture/Image/IconTools/RoleHeadR5Luxiya2.png	Assets/Product/Texture/Image/RoleStory/V210aefNormal01.png	Assets/Product/Texture/Image/RoleCharacterBig/RoleCharacterBigR5LuxiyaNormal01.png	Assets/Product/Texture/Image/RoleCharacter/RoleHeadR5Luxiya3.png	Assets/Product/Texture/Image/IconCoating/IconCoating6002908.png	Bip001RForearm	Assets/Product/Effect/Prefab/FxR5LuxiyaPrefab/Common/FxR5LuxiyaBip001RForearm.prefab	55										
6002909	1021005	1020509	终途巡猎	5	1028	放逐乐园系列——露西亚·深红囚影	像每一个都市传说里描述的那样，她在夜色最浓时启程，所行之处只留下座驾的轰鸣。不论这趟旅途的终点是赴约还是决斗，她都会在天明之前给出正确的答案。	Assets/Product/Texture/Image/IconToolsSp/Clo10210059031Sp.png	Assets/Product/Texture/Image/IconTools/Clo10210059031.png	[80273]	102591	32	14	Assets/Product/Texture/Image/Role/RoleHeadR5Luxiya1.png	Assets/Product/Texture/Image/Role/RoleHeadR5Luxiya3.png	Assets/Product/Texture/Image/Role/RoleHeadR5Luxiya1.png	Assets/Product/Texture/Image/RoleCharacter/RoleHeadR5Luxiya1.png	Assets/Product/Texture/Image/RoleCharacter/RoleHeadR5Luxiya1.png	Assets/Product/Texture/Image/Role/RoleHeadR5Luxiya2.png	Assets/Product/Texture/Image/Role/RoleHeadR5Luxiya4.png	Assets/Product/Texture/Image/IconToolsSp/RoleHeadR5Luxiya2Sp.png	Assets/Product/Texture/Image/IconTools/RoleHeadR5Luxiya2.png	Assets/Product/Texture/Image/RoleStory/V210aefNormal01.png	Assets/Product/Texture/Image/RoleCharacterBig/RoleCharacterBigR5LuxiyaNormal01.png	Assets/Product/Texture/Image/RoleCharacter/RoleHeadR5Luxiya3.png	Assets/Product/Texture/Image/IconCoating/IconCoating6002909.png	Bip001RForearm	Assets/Product/Effect/Prefab/FxR5LuxiyaPrefab/Common/FxR5LuxiyaBip001RForearm.prefab	55										
6003001	1241002	1240201	泛用式	1	9000	初始系列——含英·清商	构造体生产出来时配给的服装。	Assets/Product/Texture/Image/IconToolsSp/Clo12410020101Sp.png	Assets/Product/Texture/Image/IconTools/Clo12410020101.png	[19049]	124299	32	3	Assets/Product/Texture/Image/Role/RoleHeadR2Hanying1.png	Assets/Product/Texture/Image/Role/RoleHeadR2Hanying3.png	Assets/Product/Texture/Image/Role/RoleHeadR2Hanying1.png	Assets/Product/Texture/Image/RoleCharacter/RoleHeadR2Hanying1.png	Assets/Product/Texture/Image/RoleCharacter/RoleHeadR2Hanying1.png	Assets/Product/Texture/Image/Role/RoleHeadR2Hanying2.png	Assets/Product/Texture/Image/Role/RoleHeadR2Hanying4.png	Assets/Product/Texture/Image/IconToolsSp/RoleHeadR2Hanying2Sp.png	Assets/Product/Texture/Image/IconTools/RoleHeadR2Hanying2.png	Assets/Product/Texture/Image/RoleStory/V220hyNormal01.png	Assets/Product/Texture/Image/RoleCharacterBig/RoleCharacterBigR2HanyingNormal01.png	Assets/Product/Texture/Image/RoleCharacter/RoleHeadR2Hanying3.png	Assets/Product/Texture/Image/IconCoating/IconCoating6000704.png	SpringRCalf	Assets/Product/Effect/Prefab/FxR2HanyingPrefab/Common/FxR2HanyingPinzhiGuadianBip001LForearm.prefab	57										
6003002	1241002	1240202	泛用式·改	2	9000	初始系列——含英·清商	构造体[初阶]解放后，获得权限根据爱好修改的服装。	Assets/Product/Texture/Image/IconToolsSp/Clo12410020102Sp.png	Assets/Product/Texture/Image/IconTools/Clo12410020102.png	[19049]	124298	32	6	Assets/Product/Texture/Image/Role/RoleHeadR2Hanying1.png	Assets/Product/Texture/Image/Role/RoleHeadR2Hanying3.png	Assets/Product/Texture/Image/Role/RoleHeadR2Hanying1.png	Assets/Product/Texture/Image/RoleCharacter/RoleHeadR2Hanying1.png	Assets/Product/Texture/Image/RoleCharacter/RoleHeadR2Hanying1.png	Assets/Product/Texture/Image/Role/RoleHeadR2Hanying2.png	Assets/Product/Texture/Image/Role/RoleHeadR2Hanying4.png	Assets/Product/Texture/Image/IconToolsSp/RoleHeadR2Hanying2Sp.png	Assets/Product/Texture/Image/IconTools/RoleHeadR2Hanying2.png	Assets/Product/Texture/Image/RoleStory/V220hyNormal01.png	Assets/Product/Texture/Image/RoleCharacterBig/RoleCharacterBigR2HanyingNormal01.png	Assets/Product/Texture/Image/RoleCharacter/RoleHeadR2Hanying3.png	Assets/Product/Texture/Image/IconCoating/IconCoating6000704.png	SpringRCalf	Assets/Product/Effect/Prefab/FxR2HanyingPrefab/Common/FxR2HanyingPinzhiGuadianBip001LForearm.prefab	57										
6003003	1241002	1240203	泛用式·终	2	9000	初始系列——含英·清商	构造体[高阶]解放后，根据个人意愿修改的服装，完好的体现了本人意识海的特征。	Assets/Product/Texture/Image/IconToolsSp/Clo12410020103Sp.png	Assets/Product/Texture/Image/IconTools/Clo12410020103.png	[19049]	124297	32	9	Assets/Product/Texture/Image/Role/RoleHeadR2Hanying1.png	Assets/Product/Texture/Image/Role/RoleHeadR2Hanying3.png	Assets/Product/Texture/Image/Role/RoleHeadR2Hanying1.png	Assets/Product/Texture/Image/RoleCharacter/RoleHeadR2Hanying1.png	Assets/Product/Texture/Image/RoleCharacter/RoleHeadR2Hanying1.png	Assets/Product/Texture/Image/Role/RoleHeadR2Hanying2.png	Assets/Product/Texture/Image/Role/RoleHeadR2Hanying4.png	Assets/Product/Texture/Image/IconToolsSp/RoleHeadR2Hanying2Sp.png	Assets/Product/Texture/Image/IconTools/RoleHeadR2Hanying2.png	Assets/Product/Texture/Image/RoleStory/V220hyNormal01.png	Assets/Product/Texture/Image/RoleCharacterBig/RoleCharacterBigR2HanyingNormal01.png	Assets/Product/Texture/Image/RoleCharacter/RoleHeadR2Hanying3.png	Assets/Product/Texture/Image/IconCoating/IconCoating6000704.png	SpringRCalf	Assets/Product/Effect/Prefab/FxR2HanyingPrefab/Common/FxR2HanyingPinzhiGuadianBip001LForearm.prefab	57										
6003004	1241002	1240204	鹣翎归梦	5	1014	霓裳系列——含英·清商	幽柩起，鹣翎归，人间别久不成悲。子时庭蘼倚清梦，琅琅一舞动星辉。 以九龙坊间流传的话本为蓝本制作的舞台服装，不难看出设计者最近沉迷的是哪种类型的作品。久别重逢的少女得意洋洋地表示自己还准备了另一套风格相配的演出服，究竟是想给什么人穿呢……？	Assets/Product/Texture/Image/IconToolsSp/Clo12410029011Sp.png	Assets/Product/Texture/Image/IconTools/Clo12410029011.png	[80091,80092]	124296	32	14	Assets/Product/Texture/Image/Role/RoleHeadR2Hanying1.png	Assets/Product/Texture/Image/Role/RoleHeadR2Hanying3.png	Assets/Product/Texture/Image/Role/RoleHeadR2Hanying1.png	Assets/Product/Texture/Image/RoleCharacter/RoleHeadR2Hanying1.png	Assets/Product/Texture/Image/RoleCharacter/RoleHeadR2Hanying1.png	Assets/Product/Texture/Image/Role/RoleHeadR2Hanying2.png	Assets/Product/Texture/Image/Role/RoleHeadR2Hanying4.png	Assets/Product/Texture/Image/IconToolsSp/RoleHeadR2Hanying2Sp.png	Assets/Product/Texture/Image/IconTools/RoleHeadR2Hanying2.png	Assets/Product/Texture/Image/RoleStory/V220hyNormal01.png	Assets/Product/Texture/Image/RoleCharacterBig/RoleCharacterBigR2HanyingNormal01.png	Assets/Product/Texture/Image/RoleCharacter/RoleHeadR2Hanying3.png	Assets/Product/Texture/Image/IconCoating/IconCoating6003004.png	SpringRCalf	Assets/Product/Effect/Prefab/FxR2HanyingPrefab/Common/FxR2HanyingPinzhiGuadianBip001LForearm.prefab	57										
6003005	1241002	1240205	亭槐依梦	5	1014	霓裳系列——含英·清商	清绫燕语绲边窄，欲滴苍翠点春衣。飘飘帛带，骤雨连星，这件特别缝制的华服总让舞者羁怀多感，念起旧愁。舞台上黯然作别小街水巷，剧幕后酌来竹叶青一饮而尽。亭台之下，拨云见月，渺渺云雾蕴韫琼华，清凉水汽扑面，方才似梦初醒。梦中的船和山渐行渐远，不觉之间，东方既白。	Assets/Product/Texture/Image/IconToolsSp/Clo12410029012Sp.png	Assets/Product/Texture/Image/IconTools/Clo12410029012.png	[80154]	124295	32	14	Assets/Product/Texture/Image/Role/RoleHeadR2Hanying1.png	Assets/Product/Texture/Image/Role/RoleHeadR2Hanying3.png	Assets/Product/Texture/Image/Role/RoleHeadR2Hanying1.png	Assets/Product/Texture/Image/RoleCharacter/RoleHeadR2Hanying1.png	Assets/Product/Texture/Image/RoleCharacter/RoleHeadR2Hanying1.png	Assets/Product/Texture/Image/Role/RoleHeadR2Hanying2.png	Assets/Product/Texture/Image/Role/RoleHeadR2Hanying4.png	Assets/Product/Texture/Image/IconToolsSp/RoleHeadR2Hanying2Sp.png	Assets/Product/Texture/Image/IconTools/RoleHeadR2Hanying2.png	Assets/Product/Texture/Image/RoleStory/V220hyNormal01.png	Assets/Product/Texture/Image/RoleCharacterBig/RoleCharacterBigR2HanyingNormal01.png	Assets/Product/Texture/Image/RoleCharacter/RoleHeadR2Hanying3.png	Assets/Product/Texture/Image/IconCoating/IconCoating6003005.png	SpringRCalf	Assets/Product/Effect/Prefab/FxR2HanyingPrefab/Common/FxR2HanyingPinzhiGuadianBip001LForearm.prefab	57										
6003101	1221003	1220301	泛用式	1	9000	初始系列——21号·森息	构造体生产出来时配给的服装。	Assets/Product/Texture/Image/IconToolsSp/Clo12210030101Sp.png	Assets/Product/Texture/Image/IconTools/Clo12210030101.png	[19050]	122399	32	3	Assets/Product/Texture/Image/Role/RoleHeadR3Twentyone1.png	Assets/Product/Texture/Image/Role/RoleHeadR3Twentyone3.png	Assets/Product/Texture/Image/Role/RoleHeadR3Twentyone1.png	Assets/Product/Texture/Image/RoleCharacter/RoleHeadR3Twentyone1.png	Assets/Product/Texture/Image/RoleCharacter/RoleHeadR3Twentyone1.png	Assets/Product/Texture/Image/Role/RoleHeadR3Twentyone2.png	Assets/Product/Texture/Image/Role/RoleHeadR3Twentyone4.png	Assets/Product/Texture/Image/IconToolsSp/RoleHeadR3Twentyone2Sp.png	Assets/Product/Texture/Image/IconTools/RoleHeadR3Twentyone2.png	Assets/Product/Texture/Image/RoleStory/V23021Normal01.png	Assets/Product/Texture/Image/RoleCharacterBig/RoleCharacterBigR3TwentyoneNormal01.png	Assets/Product/Texture/Image/RoleCharacter/RoleHeadR3Twentyone3.png	Assets/Product/Texture/Image/IconCoating/IconCoating6000704.png	BoneRThighTwist2	Assets/Product/Effect/Prefab/FxR3TwentyonePrefab/Common/FxR3TwentyoneBip001RCalf.prefab	59										
6003102	1221003	1220302	泛用式·改	2	9000	初始系列——21号·森息	构造体[初阶]解放后，获得权限根据爱好修改的服装。	Assets/Product/Texture/Image/IconToolsSp/Clo12210030102Sp.png	Assets/Product/Texture/Image/IconTools/Clo12210030102.png	[19050]	122398	32	6	Assets/Product/Texture/Image/Role/RoleHeadR3Twentyone1.png	Assets/Product/Texture/Image/Role/RoleHeadR3Twentyone3.png	Assets/Product/Texture/Image/Role/RoleHeadR3Twentyone1.png	Assets/Product/Texture/Image/RoleCharacter/RoleHeadR3Twentyone1.png	Assets/Product/Texture/Image/RoleCharacter/RoleHeadR3Twentyone1.png	Assets/Product/Texture/Image/Role/RoleHeadR3Twentyone2.png	Assets/Product/Texture/Image/Role/RoleHeadR3Twentyone4.png	Assets/Product/Texture/Image/IconToolsSp/RoleHeadR3Twentyone2Sp.png	Assets/Product/Texture/Image/IconTools/RoleHeadR3Twentyone2.png	Assets/Product/Texture/Image/RoleStory/V23021Normal01.png	Assets/Product/Texture/Image/RoleCharacterBig/RoleCharacterBigR3TwentyoneNormal01.png	Assets/Product/Texture/Image/RoleCharacter/RoleHeadR3Twentyone3.png	Assets/Product/Texture/Image/IconCoating/IconCoating6000704.png	BoneRThighTwist2	Assets/Product/Effect/Prefab/FxR3TwentyonePrefab/Common/FxR3TwentyoneBip001RCalf.prefab	59										
6003103	1221003	1220303	泛用式·终	2	9000	初始系列——21号·森息	构造体[高阶]解放后，根据个人意愿修改的服装，完好的体现了本人意识海的特征。	Assets/Product/Texture/Image/IconToolsSp/Clo12210030103Sp.png	Assets/Product/Texture/Image/IconTools/Clo12210030103.png	[19050]	122397	32	9	Assets/Product/Texture/Image/Role/RoleHeadR3Twentyone1.png	Assets/Product/Texture/Image/Role/RoleHeadR3Twentyone3.png	Assets/Product/Texture/Image/Role/RoleHeadR3Twentyone1.png	Assets/Product/Texture/Image/RoleCharacter/RoleHeadR3Twentyone1.png	Assets/Product/Texture/Image/RoleCharacter/RoleHeadR3Twentyone1.png	Assets/Product/Texture/Image/Role/RoleHeadR3Twentyone2.png	Assets/Product/Texture/Image/Role/RoleHeadR3Twentyone4.png	Assets/Product/Texture/Image/IconToolsSp/RoleHeadR3Twentyone2Sp.png	Assets/Product/Texture/Image/IconTools/RoleHeadR3Twentyone2.png	Assets/Product/Texture/Image/RoleStory/V23021Normal01.png	Assets/Product/Texture/Image/RoleCharacterBig/RoleCharacterBigR3TwentyoneNormal01.png	Assets/Product/Texture/Image/RoleCharacter/RoleHeadR3Twentyone3.png	Assets/Product/Texture/Image/IconCoating/IconCoating6000704.png	BoneRThighTwist2	Assets/Product/Effect/Prefab/FxR3TwentyonePrefab/Common/FxR3TwentyoneBip001RCalf.prefab	59										
6003104	1221003	1220304	迷途梦魇	5	1007	深度腐蚀系列——21号·森息	无害的纯白沾染上深异的梦魇，狂兽迷失于残酷的牢笼之中。没有对手见过她真实的模样，只因哨音响起的一瞬间，胜负就足以定论。 当苍白与深紫的兽影即将破笼而出时，一定记得，不要眨眼。	Assets/Product/Texture/Image/IconToolsSp/Clo12210039041Sp.png	Assets/Product/Texture/Image/IconTools/Clo12210039041.png	[80099,80100]	122396	32	14	Assets/Product/Texture/Image/Role/RoleHeadR3Twentyone1.png	Assets/Product/Texture/Image/Role/RoleHeadR3Twentyone3.png	Assets/Product/Texture/Image/Role/RoleHeadR3Twentyone1.png	Assets/Product/Texture/Image/RoleCharacter/RoleHeadR3Twentyone1.png	Assets/Product/Texture/Image/RoleCharacter/RoleHeadR3Twentyone1.png	Assets/Product/Texture/Image/Role/RoleHeadR3Twentyone2.png	Assets/Product/Texture/Image/Role/RoleHeadR3Twentyone4.png	Assets/Product/Texture/Image/IconToolsSp/RoleHeadR3Twentyone2Sp.png	Assets/Product/Texture/Image/IconTools/RoleHeadR3Twentyone2.png	Assets/Product/Texture/Image/RoleStory/V23021Normal01.png	Assets/Product/Texture/Image/RoleCharacterBig/RoleCharacterBigR3TwentyoneNormal01.png	Assets/Product/Texture/Image/RoleCharacter/RoleHeadR3Twentyone3.png	Assets/Product/Texture/Image/IconCoating/IconCoating6003104.png	BoneRThighTwist2	Assets/Product/Effect/Prefab/FxR3TwentyonePrefab/Common/FxR3TwentyoneBip001RCalf.prefab	59										
6003105	1221003	1220305	朽骨回生	6	1014	霓裳系列——21号·森息	白衣胜雪，青衫湿露。神医手到病立除，谁言人间无圣迹。 “空都还有个神医，别看小小年纪，医术却是十分了得。连续哭了三天的婴孩，只消这神医来看上一眼，就立马停泣止啼，众人都夸她真是华佗转世……” ——出自评书《空都话本》	Assets/Product/Texture/Image/IconToolsSp/Clo12210039141Sp.png	Assets/Product/Texture/Image/IconTools/Clo12210039141.png	[80322,80241]	122395	32	84	Assets/Product/Texture/Image/Role/RoleHeadR3Twentyone1.png	Assets/Product/Texture/Image/Role/RoleHeadR3Twentyone3.png	Assets/Product/Texture/Image/Role/RoleHeadR3Twentyone5.png	Assets/Product/Texture/Image/RoleCharacter/RoleHeadR3Twentyone1.png	Assets/Product/Texture/Image/RoleCharacter/RoleHeadR3Twentyone5.png	Assets/Product/Texture/Image/Role/RoleHeadR3Twentyone5.png	Assets/Product/Texture/Image/Role/RoleHeadR3Twentyone4.png	Assets/Product/Texture/Image/IconToolsSp/RoleHeadR3Twentyone2Sp.png	Assets/Product/Texture/Image/IconTools/RoleHeadR3Twentyone2.png	Assets/Product/Texture/Image/RoleStory/V23021Normal01.png	Assets/Product/Texture/Image/RoleCharacterBig/RoleCharacterBigR3TwentyoneNormal01.png	Assets/Product/Texture/Image/RoleCharacter/RoleHeadR3Twentyone3.png	Assets/Product/Texture/Image/IconCoating/IconCoating6003105.png	Bip001RThigh	Assets/Product/Effect/Prefab/FxR3TwentyonePrefab/R3TwentyoneMd019141/FxR3TwentyoneBip001RCalf.prefab	112	9010258									
6003106	1221003	1220306	稚眠绒狼	6	1009	新生活系列——21号·森息	阳光如同绘色，把游乐园染成童话的奇境，小小的探险家，穿梭在彩色气球与旋转木马间。“21号发现了一个亮闪闪的地方，那里有很多和21号差不多大小的人类，还有很多好玩的东西，味道也不讨厌。21号觉得你也会喜欢那里，要跟我去看看吗？”	Assets/Product/Texture/Image/IconToolsSp/Clo12210039091Sp.png	Assets/Product/Texture/Image/IconTools/Clo12210039091.png	[80174]	122394	32	84	Assets/Product/Texture/Image/Role/RoleHeadR3Twentyone1.png	Assets/Product/Texture/Image/Role/RoleHeadR3Twentyone3.png	Assets/Product/Texture/Image/Role/RoleHeadR3Twentyone6.png	Assets/Product/Texture/Image/RoleCharacter/RoleHeadR3Twentyone1.png	Assets/Product/Texture/Image/RoleCharacter/RoleHeadR3Twentyone6.png	Assets/Product/Texture/Image/Role/RoleHeadR3Twentyone6.png	Assets/Product/Texture/Image/Role/RoleHeadR3Twentyone4.png	Assets/Product/Texture/Image/IconToolsSp/RoleHeadR3Twentyone2Sp.png	Assets/Product/Texture/Image/IconTools/RoleHeadR3Twentyone2.png	Assets/Product/Texture/Image/RoleStory/V23021Normal01.png	Assets/Product/Texture/Image/RoleCharacterBig/RoleCharacterBigR3TwentyoneNormal01.png	Assets/Product/Texture/Image/RoleCharacter/RoleHeadR3Twentyone3.png	Assets/Product/Texture/Image/IconCoating/IconCoating6003106.png	Bip001RCalf	Assets/Product/Effect/Prefab/FxR3TwentyonePrefab/R3TwentyoneMd019091/FxR3TwentyoneBip001RCalf.prefab	124	9010265									
6003201	1251002	1250201	泛用式	1	9000	初始系列——诺克提·擎驱	构造体生产出来时配给的服装。	Assets/Product/Texture/Image/IconToolsSp/Clo12510020101Sp.png	Assets/Product/Texture/Image/IconTools/Clo12510020101.png	[19051]	125299	32	3	Assets/Product/Texture/Image/Role/RoleHeadR2Nuoketi1.png	Assets/Product/Texture/Image/Role/RoleHeadR2Nuoketi3.png	Assets/Product/Texture/Image/Role/RoleHeadR2Nuoketi1.png	Assets/Product/Texture/Image/RoleCharacter/RoleHeadR2Nuoketi1.png	Assets/Product/Texture/Image/RoleCharacter/RoleHeadR2Nuoketi1.png	Assets/Product/Texture/Image/Role/RoleHeadR2Nuoketi2.png	Assets/Product/Texture/Image/Role/RoleHeadR2Nuoketi4.png	Assets/Product/Texture/Image/IconToolsSp/RoleHeadR2Nuoketi2Sp.png	Assets/Product/Texture/Image/IconTools/RoleHeadR2Nuoketi2.png	Assets/Product/Texture/Image/RoleStory/V240nktNormal06.png	Assets/Product/Texture/Image/RoleCharacterBig/RoleCharacterBigR2NuoketiNormal01.png	Assets/Product/Texture/Image/RoleCharacter/RoleHeadR2Nuoketi3.png	Assets/Product/Texture/Image/IconCoating/IconCoating6000704.png	BoneRForeArmTwist	Assets/Product/Effect/Prefab/FxR2NuoketiPrefab/Common/FxR2NuoketiPinzhiGuadianBoneRForeArmTwist.prefab	96										
6003202	1251002	1250202	泛用式·改	2	9000	初始系列——诺克提·擎驱	构造体[初阶]解放后，获得权限根据爱好修改的服装。	Assets/Product/Texture/Image/IconToolsSp/Clo12510020102Sp.png	Assets/Product/Texture/Image/IconTools/Clo12510020102.png	[19051]	125298	32	6	Assets/Product/Texture/Image/Role/RoleHeadR2Nuoketi1.png	Assets/Product/Texture/Image/Role/RoleHeadR2Nuoketi3.png	Assets/Product/Texture/Image/Role/RoleHeadR2Nuoketi1.png	Assets/Product/Texture/Image/RoleCharacter/RoleHeadR2Nuoketi1.png	Assets/Product/Texture/Image/RoleCharacter/RoleHeadR2Nuoketi1.png	Assets/Product/Texture/Image/Role/RoleHeadR2Nuoketi2.png	Assets/Product/Texture/Image/Role/RoleHeadR2Nuoketi4.png	Assets/Product/Texture/Image/IconToolsSp/RoleHeadR2Nuoketi2Sp.png	Assets/Product/Texture/Image/IconTools/RoleHeadR2Nuoketi2.png	Assets/Product/Texture/Image/RoleStory/V240nktNormal06.png	Assets/Product/Texture/Image/RoleCharacterBig/RoleCharacterBigR2NuoketiNormal01.png	Assets/Product/Texture/Image/RoleCharacter/RoleHeadR2Nuoketi3.png	Assets/Product/Texture/Image/IconCoating/IconCoating6000704.png	BoneRForeArmTwist	Assets/Product/Effect/Prefab/FxR2NuoketiPrefab/Common/FxR2NuoketiPinzhiGuadianBoneRForeArmTwist.prefab	96										
6003203	1251002	1250203	泛用式·终	2	9000	初始系列——诺克提·擎驱	构造体[高阶]解放后，根据个人意愿修改的服装，完好的体现了本人意识海的特征。	Assets/Product/Texture/Image/IconToolsSp/Clo12510020103Sp.png	Assets/Product/Texture/Image/IconTools/Clo12510020103.png	[19051]	125297	32	9	Assets/Product/Texture/Image/Role/RoleHeadR2Nuoketi1.png	Assets/Product/Texture/Image/Role/RoleHeadR2Nuoketi3.png	Assets/Product/Texture/Image/Role/RoleHeadR2Nuoketi1.png	Assets/Product/Texture/Image/RoleCharacter/RoleHeadR2Nuoketi1.png	Assets/Product/Texture/Image/RoleCharacter/RoleHeadR2Nuoketi1.png	Assets/Product/Texture/Image/Role/RoleHeadR2Nuoketi2.png	Assets/Product/Texture/Image/Role/RoleHeadR2Nuoketi4.png	Assets/Product/Texture/Image/IconToolsSp/RoleHeadR2Nuoketi2Sp.png	Assets/Product/Texture/Image/IconTools/RoleHeadR2Nuoketi2.png	Assets/Product/Texture/Image/RoleStory/V240nktNormal06.png	Assets/Product/Texture/Image/RoleCharacterBig/RoleCharacterBigR2NuoketiNormal01.png	Assets/Product/Texture/Image/RoleCharacter/RoleHeadR2Nuoketi3.png	Assets/Product/Texture/Image/IconCoating/IconCoating6000704.png	BoneRForeArmTwist	Assets/Product/Effect/Prefab/FxR2NuoketiPrefab/Common/FxR2NuoketiPinzhiGuadianBoneRForeArmTwist.prefab	96										
6003204	1251002	1250204	狂骤爆音	5	1009	新生活系列——诺克提·擎驱	在新奥克蕾小镇的收获节上购买的服装，据说是传奇摇滚大师的经典装扮，被诺克提带回空中花园之后改良成了更适合施展拳脚的新涂装。即使几乎没有什么机会再穿上这身衣服，诺克提还是把它放在了房间内最显眼的地方，不久之后各小队之间便出现了“三头犬小队那个喜欢跳舞的家伙跳得更起劲了”等绘声绘色的传言，当然，该谣言已经被当事人现场极力否认。	Assets/Product/Texture/Image/IconToolsSp/Clo12510029091Sp.png	Assets/Product/Texture/Image/IconTools/Clo12510029091.png	[80102]	125296	32	14	Assets/Product/Texture/Image/Role/RoleHeadR2Nuoketi1.png	Assets/Product/Texture/Image/Role/RoleHeadR2Nuoketi3.png	Assets/Product/Texture/Image/Role/RoleHeadR2Nuoketi1.png	Assets/Product/Texture/Image/RoleCharacter/RoleHeadR2Nuoketi1.png	Assets/Product/Texture/Image/RoleCharacter/RoleHeadR2Nuoketi1.png	Assets/Product/Texture/Image/Role/RoleHeadR2Nuoketi2.png	Assets/Product/Texture/Image/Role/RoleHeadR2Nuoketi4.png	Assets/Product/Texture/Image/IconToolsSp/RoleHeadR2Nuoketi2Sp.png	Assets/Product/Texture/Image/IconTools/RoleHeadR2Nuoketi2.png	Assets/Product/Texture/Image/RoleStory/V240nktNormal06.png	Assets/Product/Texture/Image/RoleCharacterBig/RoleCharacterBigR2NuoketiNormal01.png	Assets/Product/Texture/Image/RoleCharacter/RoleHeadR2Nuoketi3.png	Assets/Product/Texture/Image/IconCoating/IconCoating6003204.png	BoneRForeArmTwist	Assets/Product/Effect/Prefab/FxR2NuoketiPrefab/Common/FxR2NuoketiPinzhiGuadianBoneRForeArmTwist.prefab	96										
6003205	1251002	1250205	驭龙拏云	5	1014	霓裳系列——诺克提·擎驱	逢山开路，遇水叠桥，路见不平，拔刀相助，事了拂衣去，深藏功与名。 “街上还有个大家都不愿多提他名号的闲子，从前因为犯事没了胳膊，如今装了个假手混迹江湖。但是说来也稀奇，这闲子却是古道热肠，每当看到有纨绔子弟仗势欺人，都是立马攥紧了义手，一拳击去……” ——出自评书《空都话本》	Assets/Product/Texture/Image/IconToolsSp/Clo12510029141Sp.png	Assets/Product/Texture/Image/IconTools/Clo12510029141.png	[80140]	125295	32	14	Assets/Product/Texture/Image/Role/RoleHeadR2Nuoketi1.png	Assets/Product/Texture/Image/Role/RoleHeadR2Nuoketi3.png	Assets/Product/Texture/Image/Role/RoleHeadR2Nuoketi1.png	Assets/Product/Texture/Image/RoleCharacter/RoleHeadR2Nuoketi1.png	Assets/Product/Texture/Image/RoleCharacter/RoleHeadR2Nuoketi1.png	Assets/Product/Texture/Image/Role/RoleHeadR2Nuoketi2.png	Assets/Product/Texture/Image/Role/RoleHeadR2Nuoketi4.png	Assets/Product/Texture/Image/IconToolsSp/RoleHeadR2Nuoketi2Sp.png	Assets/Product/Texture/Image/IconTools/RoleHeadR2Nuoketi2.png	Assets/Product/Texture/Image/RoleStory/V240nktNormal06.png	Assets/Product/Texture/Image/RoleCharacterBig/RoleCharacterBigR2NuoketiNormal01.png	Assets/Product/Texture/Image/RoleCharacter/RoleHeadR2Nuoketi3.png	Assets/Product/Texture/Image/IconCoating/IconCoating6003205.png	BoneRForeArmTwist	Assets/Product/Effect/Prefab/FxR2NuoketiPrefab/Common/FxR2NuoketiPinzhiGuadianBoneRForeArmTwist.prefab	96										
6003301	1261003	1260301	泛用式	1	9000	初始系列——亚里莎·回音	构造体生产出来时配给的服装。	Assets/Product/Texture/Image/IconToolsSp/Clo12610030101Sp.png	Assets/Product/Texture/Image/IconTools/Clo12610030101.png	[19052]	126399	32	3	Assets/Product/Texture/Image/Role/RoleHeadR3Yalisha1.png	Assets/Product/Texture/Image/Role/RoleHeadR3Yalisha3.png	Assets/Product/Texture/Image/Role/RoleHeadR3Yalisha1.png	Assets/Product/Texture/Image/RoleCharacter/RoleHeadR3Yalisha1.png	Assets/Product/Texture/Image/RoleCharacter/RoleHeadR3Yalisha1.png	Assets/Product/Texture/Image/Role/RoleHeadR3Yalisha2.png	Assets/Product/Texture/Image/Role/RoleHeadR3Yalisha4.png	Assets/Product/Texture/Image/IconToolsSp/RoleHeadR3Yalisha2Sp.png	Assets/Product/Texture/Image/IconTools/RoleHeadR3Yalisha2.png	Assets/Product/Texture/Image/RoleStory/V250ylsNormal01.png	Assets/Product/Texture/Image/RoleCharacterBig/RoleCharacterBigR3YalishaNormal01.png	Assets/Product/Texture/Image/RoleCharacter/RoleHeadR3Yalisha3.png	Assets/Product/Texture/Image/IconCoating/IconCoating6000704.png	Bip001LForearm	Assets/Product/Effect/Prefab/FxR3YalishaPrefab/Common/FxR3YalishaPinzhiGuadianBip001LForearm.prefab	97										
6003302	1261003	1260302	泛用式·改	2	9000	初始系列——亚里莎·回音	构造体[初阶]解放后，获得权限根据爱好修改的服装。	Assets/Product/Texture/Image/IconToolsSp/Clo12610030102Sp.png	Assets/Product/Texture/Image/IconTools/Clo12610030102.png	[19052]	126398	32	6	Assets/Product/Texture/Image/Role/RoleHeadR3Yalisha1.png	Assets/Product/Texture/Image/Role/RoleHeadR3Yalisha3.png	Assets/Product/Texture/Image/Role/RoleHeadR3Yalisha1.png	Assets/Product/Texture/Image/RoleCharacter/RoleHeadR3Yalisha1.png	Assets/Product/Texture/Image/RoleCharacter/RoleHeadR3Yalisha1.png	Assets/Product/Texture/Image/Role/RoleHeadR3Yalisha2.png	Assets/Product/Texture/Image/Role/RoleHeadR3Yalisha4.png	Assets/Product/Texture/Image/IconToolsSp/RoleHeadR3Yalisha2Sp.png	Assets/Product/Texture/Image/IconTools/RoleHeadR3Yalisha2.png	Assets/Product/Texture/Image/RoleStory/V250ylsNormal01.png	Assets/Product/Texture/Image/RoleCharacterBig/RoleCharacterBigR3YalishaNormal01.png	Assets/Product/Texture/Image/RoleCharacter/RoleHeadR3Yalisha3.png	Assets/Product/Texture/Image/IconCoating/IconCoating6000704.png	Bip001LForearm	Assets/Product/Effect/Prefab/FxR3YalishaPrefab/Common/FxR3YalishaPinzhiGuadianBip001LForearm.prefab	97										
6003303	1261003	1260303	泛用式·终	2	9000	初始系列——亚里莎·回音	构造体[高阶]解放后，根据个人意愿修改的服装，完好的体现了本人意识海的特征。	Assets/Product/Texture/Image/IconToolsSp/Clo12610030103Sp.png	Assets/Product/Texture/Image/IconTools/Clo12610030103.png	[19052]	126397	32	9	Assets/Product/Texture/Image/Role/RoleHeadR3Yalisha1.png	Assets/Product/Texture/Image/Role/RoleHeadR3Yalisha3.png	Assets/Product/Texture/Image/Role/RoleHeadR3Yalisha1.png	Assets/Product/Texture/Image/RoleCharacter/RoleHeadR3Yalisha1.png	Assets/Product/Texture/Image/RoleCharacter/RoleHeadR3Yalisha1.png	Assets/Product/Texture/Image/Role/RoleHeadR3Yalisha2.png	Assets/Product/Texture/Image/Role/RoleHeadR3Yalisha4.png	Assets/Product/Texture/Image/IconToolsSp/RoleHeadR3Yalisha2Sp.png	Assets/Product/Texture/Image/IconTools/RoleHeadR3Yalisha2.png	Assets/Product/Texture/Image/RoleStory/V250ylsNormal01.png	Assets/Product/Texture/Image/RoleCharacterBig/RoleCharacterBigR3YalishaNormal01.png	Assets/Product/Texture/Image/RoleCharacter/RoleHeadR3Yalisha3.png	Assets/Product/Texture/Image/IconCoating/IconCoating6000704.png	Bip001LForearm	Assets/Product/Effect/Prefab/FxR3YalishaPrefab/Common/FxR3YalishaPinzhiGuadianBip001LForearm.prefab	97										
6003304	1261003	1260304	长夜瞭望	6	1009	新生活系列——亚里莎·回音	少女追逐着午夜与罪恶的踪迹，在钢铁的丛林中，独自守候着城市的长夜。 尽管真正的零时已经过去，她习惯性地压了压帽檐，淡紫色的剪影在身后的盔甲上若隐若现，敲响下一道隐秘的门。	Assets/Product/Texture/Image/IconToolsSp/Clo12610039011Sp.png	Assets/Product/Texture/Image/IconTools/Clo12610039011.png	[80108,80109]	126396	32	84	Assets/Product/Texture/Image/Role/RoleHeadR3Yalisha1.png	Assets/Product/Texture/Image/Role/RoleHeadR3Yalisha3.png	Assets/Product/Texture/Image/Role/RoleHeadR3Yalisha5.png	Assets/Product/Texture/Image/RoleCharacter/RoleHeadR3Yalisha1.png	Assets/Product/Texture/Image/RoleCharacter/RoleHeadR3Yalisha5.png	Assets/Product/Texture/Image/Role/RoleHeadR3Yalisha5.png	Assets/Product/Texture/Image/Role/RoleHeadR3Yalisha4.png	Assets/Product/Texture/Image/IconToolsSp/RoleHeadR3Yalisha2Sp.png	Assets/Product/Texture/Image/IconTools/RoleHeadR3Yalisha2.png	Assets/Product/Texture/Image/RoleStory/V250ylsNormal01.png	Assets/Product/Texture/Image/RoleCharacterBig/RoleCharacterBigR3YalishaNormal01.png	Assets/Product/Texture/Image/RoleCharacter/RoleHeadR3Yalisha3.png	Assets/Product/Texture/Image/IconCoating/IconCoating6003304.png	Bip001LForearm	Assets/Product/Effect/Prefab/FxR3YalishaPrefab/R3YalishaMd019011/FxR3YalishaPinzhiGuadianBip001LForearm.prefab	98	9010249									
6003305	1261003	1260305	暮色黯星	6	1029	游诗歌谣系列——亚里莎·回音	橘红之光定格天空，终末黄昏凝固，衰败与凋零绽放。废墟圣殿内，少女眼眸轻启，洁白弓矢携带祷告轻语，驱散大地上的荆棘迷雾。希望并未泯灭，纵使神明早已弃世于眠，仍有残星坚执，以黯淡光芒，为众人引领归途。	Assets/Product/Texture/Image/IconToolsSp/Clo12610039391Sp.png	Assets/Product/Texture/Image/IconTools/Clo12610039391.png	[80168]	126395	32	84	Assets/Product/Texture/Image/Role/RoleHeadR3Yalisha1.png	Assets/Product/Texture/Image/Role/RoleHeadR3Yalisha3.png	Assets/Product/Texture/Image/Role/RoleHeadR3Yalisha6.png	Assets/Product/Texture/Image/RoleCharacter/RoleHeadR3Yalisha1.png	Assets/Product/Texture/Image/RoleCharacter/RoleHeadR3Yalisha6.png	Assets/Product/Texture/Image/Role/RoleHeadR3Yalisha6.png	Assets/Product/Texture/Image/Role/RoleHeadR3Yalisha4.png	Assets/Product/Texture/Image/IconToolsSp/RoleHeadR3Yalisha2Sp.png	Assets/Product/Texture/Image/IconTools/RoleHeadR3Yalisha2.png	Assets/Product/Texture/Image/RoleStory/V250ylsNormal01.png	Assets/Product/Texture/Image/RoleCharacterBig/RoleCharacterBigR3YalishaNormal01.png	Assets/Product/Texture/Image/RoleCharacter/RoleHeadR3Yalisha3.png	Assets/Product/Texture/Image/IconCoating/IconCoating6003305.png	Bip001LForearm	Assets/Product/Effect/Prefab/FxR3YalishaPrefab/R3YalishaMd019281/FxR3YalishaPinzhiGuadianBip001LForearm.prefab	122	9010263									
6003306	1261003	1260306	沙飞虹芒	6	1027	阔海秘闻系列——亚里莎·回音	海浪拍岸的节奏中，少女轻盈跃起。浅紫色的身影忽从身后出现，一记精准无间的凌空扣杀顿时划破空气，哨声骤响。少女与姐姐相视一笑，转身望向对手：“这是对你们刚才犯规的警告。”	Assets/Product/Texture/Image/IconToolsSp/Clo12610039271Sp.png	Assets/Product/Texture/Image/IconTools/Clo12610039271.png	[80242]	126394	32	84	Assets/Product/Texture/Image/Role/RoleHeadR3Yalisha1.png	Assets/Product/Texture/Image/Role/RoleHeadR3Yalisha3.png	Assets/Product/Texture/Image/Role/RoleHeadR3Yalisha7.png	Assets/Product/Texture/Image/RoleCharacter/RoleHeadR3Yalisha1.png	Assets/Product/Texture/Image/RoleCharacter/RoleHeadR3Yalisha7.png	Assets/Product/Texture/Image/Role/RoleHeadR3Yalisha7.png	Assets/Product/Texture/Image/Role/RoleHeadR3Yalisha4.png	Assets/Product/Texture/Image/IconToolsSp/RoleHeadR3Yalisha2Sp.png	Assets/Product/Texture/Image/IconTools/RoleHeadR3Yalisha2.png	Assets/Product/Texture/Image/RoleStory/V250ylsNormal01.png	Assets/Product/Texture/Image/RoleCharacterBig/RoleCharacterBigR3YalishaNormal01.png	Assets/Product/Texture/Image/RoleCharacter/RoleHeadR3Yalisha3.png	Assets/Product/Texture/Image/IconCoating/IconCoating6003306.png	Bip001LForearm	Assets/Product/Effect/Prefab/FxR3YalishaPrefab/R3YalishaMd019281/FxR3YalishaPinzhiGuadianBip001LForearm.prefab	153	9010285									
6003401	1271003	1270301	泛用式	1	9000	初始系列——拉弥亚·深谣	构造体生产出来时配给的服装。	Assets/Product/Texture/Image/IconToolsSp/Clo12710030101Sp.png	Assets/Product/Texture/Image/IconTools/Clo12710030101.png	[19053]	127399	32	3	Assets/Product/Texture/Image/Role/RoleHeadR3Lamiya1.png	Assets/Product/Texture/Image/Role/RoleHeadR3Lamiya3.png	Assets/Product/Texture/Image/Role/RoleHeadR3Lamiya1.png	Assets/Product/Texture/Image/RoleCharacter/RoleHeadR3Lamiya1.png	Assets/Product/Texture/Image/RoleCharacter/RoleHeadR3Lamiya1.png	Assets/Product/Texture/Image/Role/RoleHeadR3Lamiya2.png	Assets/Product/Texture/Image/Role/RoleHeadR3Lamiya4.png	Assets/Product/Texture/Image/IconToolsSp/RoleHeadR3Lamiya2Sp.png	Assets/Product/Texture/Image/IconTools/RoleHeadR3Lamiya2.png	Assets/Product/Texture/Image/RoleStory/V260lmyNormal01.png	Assets/Product/Texture/Image/RoleCharacterBig/RoleCharacterBigR3LamiyaNormal01.png	Assets/Product/Texture/Image/RoleCharacter/RoleHeadR3Lamiya3.png	Assets/Product/Texture/Image/IconCoating/IconCoating6000704.png	Bip001RForearm	Assets/Product/Effect/Prefab/FxR3LamiyaPrefab/Common/FxR3LamiyaBip001RForearm.prefab	99										
6003402	1271003	1270302	泛用式·改	2	9000	初始系列——拉弥亚·深谣	构造体[初阶]解放后，获得权限根据爱好修改的服装。	Assets/Product/Texture/Image/IconToolsSp/Clo12710030102Sp.png	Assets/Product/Texture/Image/IconTools/Clo12710030102.png	[19053]	127398	32	6	Assets/Product/Texture/Image/Role/RoleHeadR3Lamiya1.png	Assets/Product/Texture/Image/Role/RoleHeadR3Lamiya3.png	Assets/Product/Texture/Image/Role/RoleHeadR3Lamiya1.png	Assets/Product/Texture/Image/RoleCharacter/RoleHeadR3Lamiya1.png	Assets/Product/Texture/Image/RoleCharacter/RoleHeadR3Lamiya1.png	Assets/Product/Texture/Image/Role/RoleHeadR3Lamiya2.png	Assets/Product/Texture/Image/Role/RoleHeadR3Lamiya4.png	Assets/Product/Texture/Image/IconToolsSp/RoleHeadR3Lamiya2Sp.png	Assets/Product/Texture/Image/IconTools/RoleHeadR3Lamiya2.png	Assets/Product/Texture/Image/RoleStory/V260lmyNormal01.png	Assets/Product/Texture/Image/RoleCharacterBig/RoleCharacterBigR3LamiyaNormal01.png	Assets/Product/Texture/Image/RoleCharacter/RoleHeadR3Lamiya3.png	Assets/Product/Texture/Image/IconCoating/IconCoating6000704.png	Bip001RForearm	Assets/Product/Effect/Prefab/FxR3LamiyaPrefab/Common/FxR3LamiyaBip001RForearm.prefab	99										
6003403	1271003	1270303	泛用式·终	2	9000	初始系列——拉弥亚·深谣	构造体[高阶]解放后，根据个人意愿修改的服装，完好的体现了本人意识海的特征。	Assets/Product/Texture/Image/IconToolsSp/Clo12710030103Sp.png	Assets/Product/Texture/Image/IconTools/Clo12710030103.png	[19053]	127397	32	9	Assets/Product/Texture/Image/Role/RoleHeadR3Lamiya1.png	Assets/Product/Texture/Image/Role/RoleHeadR3Lamiya3.png	Assets/Product/Texture/Image/Role/RoleHeadR3Lamiya1.png	Assets/Product/Texture/Image/RoleCharacter/RoleHeadR3Lamiya1.png	Assets/Product/Texture/Image/RoleCharacter/RoleHeadR3Lamiya1.png	Assets/Product/Texture/Image/Role/RoleHeadR3Lamiya2.png	Assets/Product/Texture/Image/Role/RoleHeadR3Lamiya4.png	Assets/Product/Texture/Image/IconToolsSp/RoleHeadR3Lamiya2Sp.png	Assets/Product/Texture/Image/IconTools/RoleHeadR3Lamiya2.png	Assets/Product/Texture/Image/RoleStory/V260lmyNormal01.png	Assets/Product/Texture/Image/RoleCharacterBig/RoleCharacterBigR3LamiyaNormal01.png	Assets/Product/Texture/Image/RoleCharacter/RoleHeadR3Lamiya3.png	Assets/Product/Texture/Image/IconCoating/IconCoating6000704.png	Bip001RForearm	Assets/Product/Effect/Prefab/FxR3LamiyaPrefab/Common/FxR3LamiyaBip001RForearm.prefab	99										
6003404	1271003	1270304	海渊殊色	6	1029	游诗歌谣系列——拉弥亚·深谣	伴随水手们返航的不止货物，还有传说。 有人说她是海妖，以美丽的相貌为陷阱捕获人类；有人说她是守护神，为迷航的船只指明方向；有人说她跃出海面时，彩虹伴随着她的身躯；有人说饮下她的眼泪不仅可以治愈一切疾病，还能获得悠久的生命。 无数探险者为了她的眼泪踏上旅途。 可是，她为什么会流泪呢？	Assets/Product/Texture/Image/IconToolsSp/Clo12710039091Sp.png	Assets/Product/Texture/Image/IconTools/Clo12710039091.png	[80113,80114]	127396	32	84	Assets/Product/Texture/Image/Role/RoleHeadR3Lamiya1.png	Assets/Product/Texture/Image/Role/RoleHeadR3Lamiya3.png	Assets/Product/Texture/Image/Role/RoleHeadR3Lamiya5.png	Assets/Product/Texture/Image/RoleCharacter/RoleHeadR3Lamiya1.png	Assets/Product/Texture/Image/RoleCharacter/RoleHeadR3Lamiya5.png	Assets/Product/Texture/Image/Role/RoleHeadR3Lamiya5.png	Assets/Product/Texture/Image/Role/RoleHeadR3Lamiya4.png	Assets/Product/Texture/Image/IconToolsSp/RoleHeadR3Lamiya2Sp.png	Assets/Product/Texture/Image/IconTools/RoleHeadR3Lamiya2.png	Assets/Product/Texture/Image/RoleStory/V260lmyNormal01.png	Assets/Product/Texture/Image/RoleCharacterBig/RoleCharacterBigR3LamiyaNormal01.png	Assets/Product/Texture/Image/RoleCharacter/RoleHeadR3Lamiya3.png	Assets/Product/Texture/Image/IconCoating/IconCoating6003404.png	Bip001RForearm	Assets/Product/Effect/Prefab/FxR3LamiyaPrefab/R3LamiyaMd019091/FxR3LamiyaBip001RForearm.prefab	100	9010250									
6003405	1271003	1270305	茕心溯愿	6	1037	寰星之屿系列——拉弥亚·深谣	游鱼藏身梦境，窥视岸边停泊的明光。风雨赴岸，深浪沦没，罅隙间的妄念化作泡影，伪饰的愿景终将被海渊埋葬。如果，如果一切都能停留在这个片刻……能否为她留住，那海面遥不可及的光？	Assets/Product/Texture/Image/IconToolsSp/Clo12710039092Sp.png	Assets/Product/Texture/Image/IconTools/Clo12710039092.png	[80158,80194]	127395	32	84	Assets/Product/Texture/Image/Role/RoleHeadR3Lamiya1.png	Assets/Product/Texture/Image/Role/RoleHeadR3Lamiya3.png	Assets/Product/Texture/Image/Role/RoleHeadR3Lamiya6.png	Assets/Product/Texture/Image/RoleCharacter/RoleHeadR3Lamiya1.png	Assets/Product/Texture/Image/RoleCharacter/RoleHeadR3Lamiya6.png	Assets/Product/Texture/Image/Role/RoleHeadR3Lamiya6.png	Assets/Product/Texture/Image/Role/RoleHeadR3Lamiya4.png	Assets/Product/Texture/Image/IconToolsSp/RoleHeadR3Lamiya2Sp.png	Assets/Product/Texture/Image/IconTools/RoleHeadR3Lamiya2.png	Assets/Product/Texture/Image/RoleStory/V260lmyNormal01.png	Assets/Product/Texture/Image/RoleCharacterBig/RoleCharacterBigR3LamiyaNormal01.png	Assets/Product/Texture/Image/RoleCharacter/RoleHeadR3Lamiya3.png	Assets/Product/Texture/Image/IconCoating/IconCoating6003405.png	Bip001RForearm	Assets/Product/Effect/Prefab/FxR3LamiyaPrefab/R3LamiyaMd019371/FxR3LamiyaBip001RForearm.prefab	115			[50120,50127]	Assets/Product/Texture/Image/RoleCharacterBig/RoleCharacterBigR3LamiyaKnightNormal01.png						
6003406	1271003	1270306	绛鳞游虹	6	1014	霓裳系列——拉弥亚·深谣	玉妧浮沉凄世镜，龙门试跃却回眸。相传，每逢黄道良时，鲛人一族便会飞跃碧水龙门，褪鳞登仙，摆脱凡骨忧苦。少女夹游在群尾间，回望身后的浮岚暖翠，不禁忆起被族人与家训规束的过往。若逃不出这吞没自由的江流，即是仙境，又与俗世何异？就在鱼群跃过龙门的一霎，少女毅然从虹桥落下，坠入那孤独却逍遥的人间。	Assets/Product/Texture/Image/IconToolsSp/Clo12710039141Sp.png	Assets/Product/Texture/Image/IconTools/Clo12710039141.png	[80208]	127394	32	84	Assets/Product/Texture/Image/Role/RoleHeadR3Lamiya1.png	Assets/Product/Texture/Image/Role/RoleHeadR3Lamiya3.png	Assets/Product/Texture/Image/Role/RoleHeadR3Lamiya7.png	Assets/Product/Texture/Image/RoleCharacter/RoleHeadR3Lamiya1.png	Assets/Product/Texture/Image/RoleCharacter/RoleHeadR3Lamiya7.png	Assets/Product/Texture/Image/Role/RoleHeadR3Lamiya7.png	Assets/Product/Texture/Image/Role/RoleHeadR3Lamiya4.png	Assets/Product/Texture/Image/IconToolsSp/RoleHeadR3Lamiya2Sp.png	Assets/Product/Texture/Image/IconTools/RoleHeadR3Lamiya2.png	Assets/Product/Texture/Image/RoleStory/V260lmyNormal01.png	Assets/Product/Texture/Image/RoleCharacterBig/RoleCharacterBigR3LamiyaNormal01.png	Assets/Product/Texture/Image/RoleCharacter/RoleHeadR3Lamiya3.png	Assets/Product/Texture/Image/IconCoating/IconCoating6003406.png	Bip001RForearm	Assets/Product/Effect/Prefab/FxR3LamiyaPrefab/R3LamiyaMd019091/FxR3LamiyaBip001RForearm.prefab	138	9010276									
6003501	1281002	1280201	BRS	5	9000		联动角色BLACK★ROCK SHOOTER的涂装	Assets/Product/Texture/Image/IconToolsSp/Clo12810030101Sp.png	Assets/Product/Texture/Image/IconTools/Clo12810030101.png	[19054]	128299	32	3	Assets/Product/Texture/Image/Role/RoleHeadR2Blackrock1.png	Assets/Product/Texture/Image/Role/RoleHeadR2Blackrock3.png	Assets/Product/Texture/Image/Role/RoleHeadR2Blackrock1.png	Assets/Product/Texture/Image/RoleCharacter/RoleHeadR2Blackrock1.png	Assets/Product/Texture/Image/RoleCharacter/RoleHeadR2Blackrock1.png	Assets/Product/Texture/Image/Role/RoleHeadR2Blackrock2.png	Assets/Product/Texture/Image/Role/RoleHeadR2Blackrock4.png	Assets/Product/Texture/Image/IconToolsSp/RoleHeadR2Blackrock2Sp.png	Assets/Product/Texture/Image/IconTools/RoleHeadR2Blackrock2.png	Assets/Product/Texture/Image/RoleStory/V270hyNormal01.png	Assets/Product/Texture/Image/RoleCharacterBig/RoleCharacterBigR2BlackrockNormal01.png	Assets/Product/Texture/Image/RoleCharacter/RoleHeadR2Blackrock3.png	Assets/Product/Texture/Image/IconCoating/IconCoating6000704.png	Bip001LForearm	Assets/Product/Effect/Prefab/FxR2BlackrockPrefab/FxR2BlackrockBip001LHand.prefab	105										
6003502	1281002	1280202	旧日灼焰	5	1007	深度腐蚀系列——BRS	昔日，少女的名响彻穹顶，后来，少女沉寂于地下深处。如今她已睁开眼睛，灼烧的蓝焰，崩碎的锁链，轰鸣的炮火，归来者将在这无限纷争之处，掀起轮席卷一切的全新风暴。	Assets/Product/Texture/Image/IconToolsSp/Clo12810039031Sp.png	Assets/Product/Texture/Image/IconTools/Clo12810039031.png	[80124]	128298	32	14	Assets/Product/Texture/Image/Role/RoleHeadR2Blackrock1.png	Assets/Product/Texture/Image/Role/RoleHeadR2Blackrock3.png	Assets/Product/Texture/Image/Role/RoleHeadR2Blackrock1.png	Assets/Product/Texture/Image/RoleCharacter/RoleHeadR2Blackrock1.png	Assets/Product/Texture/Image/RoleCharacter/RoleHeadR2Blackrock1.png	Assets/Product/Texture/Image/Role/RoleHeadR2Blackrock2.png	Assets/Product/Texture/Image/Role/RoleHeadR2Blackrock4.png	Assets/Product/Texture/Image/IconToolsSp/RoleHeadR2Blackrock2Sp.png	Assets/Product/Texture/Image/IconTools/RoleHeadR2Blackrock2.png	Assets/Product/Texture/Image/RoleStory/V270hyNormal01.png	Assets/Product/Texture/Image/RoleCharacterBig/RoleCharacterBigR2BlackrockNormal01.png	Assets/Product/Texture/Image/RoleCharacter/RoleHeadR2Blackrock3.png	Assets/Product/Texture/Image/IconCoating/IconCoating6003502.png	Bip001LForearm	Assets/Product/Effect/Prefab/FxR2BlackrockPrefab/FxR2BlackrockBip001LHand.prefab	105										
6003601	1081004	1080401	泛用式	1	9000	初始系列——渡边·尘铭	构造体生产出来时配给的服装。	Assets/Product/Texture/Image/IconToolsSp/Clo10810040101Sp.png	Assets/Product/Texture/Image/IconTools/Clo10810040101.png	[19055]	108499	32	3	Assets/Product/Texture/Image/Role/RoleHeadR4Dubian1.png	Assets/Product/Texture/Image/Role/RoleHeadR4Dubian3.png	Assets/Product/Texture/Image/Role/RoleHeadR4Dubian1.png	Assets/Product/Texture/Image/RoleCharacter/RoleHeadR4Dubian1.png	Assets/Product/Texture/Image/RoleCharacter/RoleHeadR4Dubian1.png	Assets/Product/Texture/Image/Role/RoleHeadR4Dubian2.png	Assets/Product/Texture/Image/Role/RoleHeadR4Dubian4.png	Assets/Product/Texture/Image/IconToolsSp/RoleHeadR4Dubian2Sp.png	Assets/Product/Texture/Image/IconTools/RoleHeadR4Dubian2.png	Assets/Product/Texture/Image/RoleStory/V280dbNormal01.png	Assets/Product/Texture/Image/RoleCharacterBig/RoleCharacterBigR4DubianNormal01.png	Assets/Product/Texture/Image/RoleCharacter/RoleHeadR4Dubian3.png	Assets/Product/Texture/Image/IconCoating/IconCoating6000704.png	BoneRForeArmTwist1	Assets/Product/Effect/Prefab/FxR4DubianPrefab/Common/FxR4DubianPinzhiGuadianBoneRForeArmTwist1.prefab	106										
6003602	1081004	1080402	泛用式·改	2	9000	初始系列——渡边·尘铭	构造体[初阶]解放后，获得权限根据爱好修改的服装。	Assets/Product/Texture/Image/IconToolsSp/Clo10810040102Sp.png	Assets/Product/Texture/Image/IconTools/Clo10810040102.png	[19055]	108498	32	6	Assets/Product/Texture/Image/Role/RoleHeadR4Dubian1.png	Assets/Product/Texture/Image/Role/RoleHeadR4Dubian3.png	Assets/Product/Texture/Image/Role/RoleHeadR4Dubian1.png	Assets/Product/Texture/Image/RoleCharacter/RoleHeadR4Dubian1.png	Assets/Product/Texture/Image/RoleCharacter/RoleHeadR4Dubian1.png	Assets/Product/Texture/Image/Role/RoleHeadR4Dubian2.png	Assets/Product/Texture/Image/Role/RoleHeadR4Dubian4.png	Assets/Product/Texture/Image/IconToolsSp/RoleHeadR4Dubian2Sp.png	Assets/Product/Texture/Image/IconTools/RoleHeadR4Dubian2.png	Assets/Product/Texture/Image/RoleStory/V280dbNormal01.png	Assets/Product/Texture/Image/RoleCharacterBig/RoleCharacterBigR4DubianNormal01.png	Assets/Product/Texture/Image/RoleCharacter/RoleHeadR4Dubian3.png	Assets/Product/Texture/Image/IconCoating/IconCoating6000704.png	BoneRForeArmTwist1	Assets/Product/Effect/Prefab/FxR4DubianPrefab/Common/FxR4DubianPinzhiGuadianBoneRForeArmTwist1.prefab	106										
6003603	1081004	1080403	泛用式·终	2	9000	初始系列——渡边·尘铭	构造体[高阶]解放后，根据个人意愿修改的服装，完好的体现了本人意识海的特征。	Assets/Product/Texture/Image/IconToolsSp/Clo10810040103Sp.png	Assets/Product/Texture/Image/IconTools/Clo10810040103.png	[19055]	108497	32	9	Assets/Product/Texture/Image/Role/RoleHeadR4Dubian1.png	Assets/Product/Texture/Image/Role/RoleHeadR4Dubian3.png	Assets/Product/Texture/Image/Role/RoleHeadR4Dubian1.png	Assets/Product/Texture/Image/RoleCharacter/RoleHeadR4Dubian1.png	Assets/Product/Texture/Image/RoleCharacter/RoleHeadR4Dubian1.png	Assets/Product/Texture/Image/Role/RoleHeadR4Dubian2.png	Assets/Product/Texture/Image/Role/RoleHeadR4Dubian4.png	Assets/Product/Texture/Image/IconToolsSp/RoleHeadR4Dubian2Sp.png	Assets/Product/Texture/Image/IconTools/RoleHeadR4Dubian2.png	Assets/Product/Texture/Image/RoleStory/V280dbNormal01.png	Assets/Product/Texture/Image/RoleCharacterBig/RoleCharacterBigR4DubianNormal01.png	Assets/Product/Texture/Image/RoleCharacter/RoleHeadR4Dubian3.png	Assets/Product/Texture/Image/IconCoating/IconCoating6000704.png	BoneRForeArmTwist1	Assets/Product/Effect/Prefab/FxR4DubianPrefab/Common/FxR4DubianPinzhiGuadianBoneRForeArmTwist1.prefab	106										
6003604	1081004	1080404	怀沙朔流	5	1029	游诗歌谣系列——渡边·尘铭	怀揣自由的意志，踏入风尘之中，探索至世界的每一处角落——走过的沙地曾为海洋，抚过的残垣曾为辉煌大殿，注视星辰，也仅仅仰望了它消亡的历史。 但因为你一瞬的停留，它们将不再被遗忘。	Assets/Product/Texture/Image/IconToolsSp/Clo10810049091Sp.png	Assets/Product/Texture/Image/IconTools/Clo10810049091.png	[80131,80132]	108496	32	14	Assets/Product/Texture/Image/Role/RoleHeadR4Dubian1.png	Assets/Product/Texture/Image/Role/RoleHeadR4Dubian3.png	Assets/Product/Texture/Image/Role/RoleHeadR4Dubian1.png	Assets/Product/Texture/Image/RoleCharacter/RoleHeadR4Dubian1.png	Assets/Product/Texture/Image/RoleCharacter/RoleHeadR4Dubian1.png	Assets/Product/Texture/Image/Role/RoleHeadR4Dubian2.png	Assets/Product/Texture/Image/Role/RoleHeadR4Dubian4.png	Assets/Product/Texture/Image/IconToolsSp/RoleHeadR4Dubian2Sp.png	Assets/Product/Texture/Image/IconTools/RoleHeadR4Dubian2.png	Assets/Product/Texture/Image/RoleStory/V280dbNormal01.png	Assets/Product/Texture/Image/RoleCharacterBig/RoleCharacterBigR4DubianNormal01.png	Assets/Product/Texture/Image/RoleCharacter/RoleHeadR4Dubian3.png	Assets/Product/Texture/Image/IconCoating/IconCoating6003604.png	BoneRForeArmTwist1	Assets/Product/Effect/Prefab/FxR4DubianPrefab/Common/FxR4DubianPinzhiGuadianBoneRForeArmTwist1.prefab	106										
6003605	1081004	1080405	逐孽游骑	6	1041	神寂启示录系列——渡边·尘铭	护卫人民的兵戈，鏖战地狱的军团，在圣堂的阴翳下倾颓跌落。往日余烬迎风蔓延，「战争骑士」采撷火种，将陈腐的旧世掷入熔炉。末日的号角吹响，寻仇的死者踏上征程，熔铸最后的钢。	Assets/Product/Texture/Image/IconToolsSp/Clo10810049071Sp.png	Assets/Product/Texture/Image/IconTools/Clo10810049071.png	[80238]	108495	32	84	Assets/Product/Texture/Image/Role/RoleHeadR4Dubian1.png	Assets/Product/Texture/Image/Role/RoleHeadR4Dubian3.png	Assets/Product/Texture/Image/Role/RoleHeadR4Dubian5.png	Assets/Product/Texture/Image/RoleCharacter/RoleHeadR4Dubian1.png	Assets/Product/Texture/Image/RoleCharacter/RoleHeadR4Dubian5.png	Assets/Product/Texture/Image/Role/RoleHeadR4Dubian5.png	Assets/Product/Texture/Image/Role/RoleHeadR4Dubian4.png	Assets/Product/Texture/Image/IconToolsSp/RoleHeadR4Dubian2Sp.png	Assets/Product/Texture/Image/IconTools/RoleHeadR4Dubian2.png	Assets/Product/Texture/Image/RoleStory/V280dbNormal01.png	Assets/Product/Texture/Image/RoleCharacterBig/RoleCharacterBigR4DubianNormal01.png	Assets/Product/Texture/Image/RoleCharacter/RoleHeadR4Dubian3.png	Assets/Product/Texture/Image/IconCoating/IconCoating6003605.png	BoneRForeArmTwist1	Assets/Product/Effect/Prefab/FxR4DubianPrefab/Common/FxR4DubianPinzhiGuadianBoneRForeArmTwist1.prefab	134	9010273				3	Assets/Product/Texture/Image/UiFashionSuit/UiFashionSuit01Shenji/UiFashionSuitShenji02.png	Assets/Product/Texture/Image/UiFashionSuit/UiFashionSuit01Shenji/UiFashionSuitShenji02.png			
6003701	1521004	1520401	泛用式	1	9000	初始系列——曲·启明	构造体生产出来时配给的服装。	Assets/Product/Texture/Image/IconToolsSp/Clo15210040101Sp.png	Assets/Product/Texture/Image/IconTools/Clo15210040101.png	[19056]	152499	32	3	Assets/Product/Texture/Image/Role/RoleHeadR3Qu1.png	Assets/Product/Texture/Image/Role/RoleHeadR3Qu3.png	Assets/Product/Texture/Image/Role/RoleHeadR3Qu1.png	Assets/Product/Texture/Image/RoleCharacter/RoleHeadR3Qu1.png	Assets/Product/Texture/Image/RoleCharacter/RoleHeadR3Qu1.png	Assets/Product/Texture/Image/Role/RoleHeadR3Qu2.png	Assets/Product/Texture/Image/Role/RoleHeadR3Qu4.png	Assets/Product/Texture/Image/IconToolsSp/RoleHeadR3Qu2Sp.png	Assets/Product/Texture/Image/IconTools/RoleHeadR3Qu2.png	Assets/Product/Texture/Image/RoleStory/V290qNormal01.png	Assets/Product/Texture/Image/RoleCharacterBig/RoleCharacterBigR3QuNormal01.png	Assets/Product/Texture/Image/RoleCharacter/RoleHeadR3Qu3.png	Assets/Product/Texture/Image/IconCoating/IconCoating6000704.png	Bip001RForearm	Assets/Product/Effect/Prefab/FxR3QuPrefab/Common/FxR3QuBip001RForearm.prefab	109										
6003702	1521004	1520402	泛用式·改	2	9000	初始系列——曲·启明	构造体[初阶]解放后，获得权限根据爱好修改的服装。	Assets/Product/Texture/Image/IconToolsSp/Clo15210040102Sp.png	Assets/Product/Texture/Image/IconTools/Clo15210040102.png	[19056]	152498	32	6	Assets/Product/Texture/Image/Role/RoleHeadR3Qu1.png	Assets/Product/Texture/Image/Role/RoleHeadR3Qu3.png	Assets/Product/Texture/Image/Role/RoleHeadR3Qu1.png	Assets/Product/Texture/Image/RoleCharacter/RoleHeadR3Qu1.png	Assets/Product/Texture/Image/RoleCharacter/RoleHeadR3Qu1.png	Assets/Product/Texture/Image/Role/RoleHeadR3Qu2.png	Assets/Product/Texture/Image/Role/RoleHeadR3Qu4.png	Assets/Product/Texture/Image/IconToolsSp/RoleHeadR3Qu2Sp.png	Assets/Product/Texture/Image/IconTools/RoleHeadR3Qu2.png	Assets/Product/Texture/Image/RoleStory/V290qNormal01.png	Assets/Product/Texture/Image/RoleCharacterBig/RoleCharacterBigR3QuNormal01.png	Assets/Product/Texture/Image/RoleCharacter/RoleHeadR3Qu3.png	Assets/Product/Texture/Image/IconCoating/IconCoating6000704.png	Bip001RForearm	Assets/Product/Effect/Prefab/FxR3QuPrefab/Common/FxR3QuBip001RForearm.prefab	109										
6003703	1521004	1520403	泛用式·终	2	9000	初始系列——曲·启明	构造体[高阶]解放后，根据个人意愿修改的服装，完好的体现了本人意识海的特征。	Assets/Product/Texture/Image/IconToolsSp/Clo15210040103Sp.png	Assets/Product/Texture/Image/IconTools/Clo15210040103.png	[19056]	152497	32	9	Assets/Product/Texture/Image/Role/RoleHeadR3Qu1.png	Assets/Product/Texture/Image/Role/RoleHeadR3Qu3.png	Assets/Product/Texture/Image/Role/RoleHeadR3Qu1.png	Assets/Product/Texture/Image/RoleCharacter/RoleHeadR3Qu1.png	Assets/Product/Texture/Image/RoleCharacter/RoleHeadR3Qu1.png	Assets/Product/Texture/Image/Role/RoleHeadR3Qu2.png	Assets/Product/Texture/Image/Role/RoleHeadR3Qu4.png	Assets/Product/Texture/Image/IconToolsSp/RoleHeadR3Qu2Sp.png	Assets/Product/Texture/Image/IconTools/RoleHeadR3Qu2.png	Assets/Product/Texture/Image/RoleStory/V290qNormal01.png	Assets/Product/Texture/Image/RoleCharacterBig/RoleCharacterBigR3QuNormal01.png	Assets/Product/Texture/Image/RoleCharacter/RoleHeadR3Qu3.png	Assets/Product/Texture/Image/IconCoating/IconCoating6000704.png	Bip001RForearm	Assets/Product/Effect/Prefab/FxR3QuPrefab/Common/FxR3QuBip001RForearm.prefab	109										
6003704	1521004	1520404	灰翎飞翩	6	1028	放逐乐园系列——曲·启明	在黑棘包围的塔顶上，少女发动了禁忌的秘仪，将自己化为永生的造物，只为了守护皇座下的子民。 如今百年过去，来犯的敌人都化为了枯骨。而不死身的女皇，依然端坐在破败城池的皇座上，等待着下一位挑战者，让她从漫长的使命中解脱。 而你，有勇气接下她的试炼吗？	Assets/Product/Texture/Image/IconToolsSp/Clo15210049281Sp.png	Assets/Product/Texture/Image/IconTools/Clo15210049281.png	[80136,80137]	152496	32	84	Assets/Product/Texture/Image/Role/RoleHeadR3Qu1.png	Assets/Product/Texture/Image/Role/RoleHeadR3Qu3.png	Assets/Product/Texture/Image/Role/RoleHeadR3Qu5.png	Assets/Product/Texture/Image/RoleCharacter/RoleHeadR3Qu1.png	Assets/Product/Texture/Image/RoleCharacter/RoleHeadR3Qu5.png	Assets/Product/Texture/Image/Role/RoleHeadR3Qu5.png	Assets/Product/Texture/Image/Role/RoleHeadR3Qu4.png	Assets/Product/Texture/Image/IconToolsSp/RoleHeadR3Qu2Sp.png	Assets/Product/Texture/Image/IconTools/RoleHeadR3Qu2.png	Assets/Product/Texture/Image/RoleStory/V290qNormal01.png	Assets/Product/Texture/Image/RoleCharacterBig/RoleCharacterBigR3QuNormal01.png	Assets/Product/Texture/Image/RoleCharacter/RoleHeadR3Qu3.png	Assets/Product/Texture/Image/IconCoating/IconCoating6003704.png	Bip001RForearm	Assets/Product/Effect/Prefab/FxR3QuPrefab/R3QuMd019281/FxR3QuBip001RForearm.prefab	110	9010256									
6003705	1521004	1520405	梨缘韶华	6	1014	霓裳系列——曲·启明	凤冠霞帔，罗袖翻飞。戏台之上，浮翠流丹，王侯将相轮番登场，绫罗曳影舞出一曲华章。台前满堂宾客屏息凝神，倾听乐调演绎众生百态；台后几度灯火彻夜，研磨唱腔锤炼丝毫。顷刻间千秋事业,方寸地万里江山，自此意把戏文里古今繁华唱进这盛景人间。	Assets/Product/Texture/Image/IconToolsSp/Clo15210049141Sp.png	Assets/Product/Texture/Image/IconTools/Clo15210049141.png	[80240]	152495	32	84	Assets/Product/Texture/Image/Role/RoleHeadR3Qu1.png	Assets/Product/Texture/Image/Role/RoleHeadR3Qu3.png	Assets/Product/Texture/Image/Role/RoleHeadR3Qu6.png	Assets/Product/Texture/Image/RoleCharacter/RoleHeadR3Qu1.png	Assets/Product/Texture/Image/RoleCharacter/RoleHeadR3Qu6.png	Assets/Product/Texture/Image/Role/RoleHeadR3Qu6.png	Assets/Product/Texture/Image/Role/RoleHeadR3Qu4.png	Assets/Product/Texture/Image/IconToolsSp/RoleHeadR3Qu2Sp.png	Assets/Product/Texture/Image/IconTools/RoleHeadR3Qu2.png	Assets/Product/Texture/Image/RoleStory/V290qNormal01.png	Assets/Product/Texture/Image/RoleCharacterBig/RoleCharacterBigR3QuNormal01.png	Assets/Product/Texture/Image/RoleCharacter/RoleHeadR3Qu3.png	Assets/Product/Texture/Image/IconCoating/IconCoating6003705.png	Bip001RForearm	Assets/Product/Effect/Prefab/FxR3QuPrefab/R3QuMd019141/FxR3QuBip001RForearm.prefab	141	9010277									
6003706	1521004	1520406	龙雀归膺	6	1014	霓裳系列——曲·启明	龙雀归膺之日，万兵俯首称臣。她侧身立于断裂的旗杆前，龙雀环刃悬浮于掌心，肩甲化形为青铜雀首，刃光流转间绽出青金翎羽，王座前是横陈的尸首，王座后是九龙的荣膺。以血拭尘，叛者永封！	Assets/Product/Texture/Image/IconToolsSp/Clo15210049142Sp.png	Assets/Product/Texture/Image/IconTools/Clo15210049142.png	[80288,80258]	152495	32	84	Assets/Product/Texture/Image/Role/RoleHeadR3Qu1.png	Assets/Product/Texture/Image/Role/RoleHeadR3Qu3.png	Assets/Product/Texture/Image/Role/RoleHeadR3Qu7.png	Assets/Product/Texture/Image/RoleCharacter/RoleHeadR3Qu1.png	Assets/Product/Texture/Image/RoleCharacter/RoleHeadR3Qu7.png	Assets/Product/Texture/Image/Role/RoleHeadR3Qu7.png	Assets/Product/Texture/Image/Role/RoleHeadR3Qu4.png	Assets/Product/Texture/Image/IconToolsSp/RoleHeadR3Qu2Sp.png	Assets/Product/Texture/Image/IconTools/RoleHeadR3Qu2.png	Assets/Product/Texture/Image/RoleStory/V290qNormal01.png	Assets/Product/Texture/Image/RoleCharacterBig/RoleCharacterBigR3QuNormal01.png	Assets/Product/Texture/Image/RoleCharacter/RoleHeadR3Qu3.png	Assets/Product/Texture/Image/IconCoating/IconCoating6003706.png	Bip001RForearm	Assets/Product/Effect/Prefab/FxR3QuPrefab/R3QuMd019141/FxR3QuBip001RForearm.prefab	160	9010290									
6003801	1291002	1290201	泛用式	1	9000	初始系列——布偶熊·觅语	构造体生产出来时配给的服装。	Assets/Product/Texture/Image/IconToolsSp/Clo12910020101Sp.png	Assets/Product/Texture/Image/IconTools/Clo12910020101.png	[19057]	129299	32	3	Assets/Product/Texture/Image/Role/RoleHeadR2Buouxiong1.png	Assets/Product/Texture/Image/Role/RoleHeadR2Buouxiong3.png	Assets/Product/Texture/Image/Role/RoleHeadR2Buouxiong1.png	Assets/Product/Texture/Image/RoleCharacter/RoleHeadR2Buouxiong1.png	Assets/Product/Texture/Image/RoleCharacter/RoleHeadR2Buouxiong1.png	Assets/Product/Texture/Image/Role/RoleHeadR2Buouxiong2.png	Assets/Product/Texture/Image/Role/RoleHeadR2Buouxiong4.png	Assets/Product/Texture/Image/IconToolsSp/RoleHeadR2Buouxiong2Sp.png	Assets/Product/Texture/Image/IconTools/RoleHeadR2Buouxiong2.png	Assets/Product/Texture/Image/RoleStory/V2100boxNormal01.png	Assets/Product/Texture/Image/RoleCharacterBig/RoleCharacterBigR2BuouxiongNormal01.png	Assets/Product/Texture/Image/RoleCharacter/RoleHeadR2Buouxiong3.png	Assets/Product/Texture/Image/IconCoating/IconCoating6000704.png	Bip001LForearm	Assets/Product/Effect/Prefab/FxR2BuouxiongPrefab/FxR2BuouxiongBip001LForearm.prefab	113										
6003802	1291002	1290202	泛用式·改	2	9000	初始系列——布偶熊·觅语	构造体[初阶]解放后，获得权限根据爱好修改的服装。	Assets/Product/Texture/Image/IconToolsSp/Clo12910020102Sp.png	Assets/Product/Texture/Image/IconTools/Clo12910020102.png	[19057]	129298	32	6	Assets/Product/Texture/Image/Role/RoleHeadR2Buouxiong1.png	Assets/Product/Texture/Image/Role/RoleHeadR2Buouxiong3.png	Assets/Product/Texture/Image/Role/RoleHeadR2Buouxiong1.png	Assets/Product/Texture/Image/RoleCharacter/RoleHeadR2Buouxiong1.png	Assets/Product/Texture/Image/RoleCharacter/RoleHeadR2Buouxiong1.png	Assets/Product/Texture/Image/Role/RoleHeadR2Buouxiong2.png	Assets/Product/Texture/Image/Role/RoleHeadR2Buouxiong4.png	Assets/Product/Texture/Image/IconToolsSp/RoleHeadR2Buouxiong2Sp.png	Assets/Product/Texture/Image/IconTools/RoleHeadR2Buouxiong2.png	Assets/Product/Texture/Image/RoleStory/V2100boxNormal01.png	Assets/Product/Texture/Image/RoleCharacterBig/RoleCharacterBigR2BuouxiongNormal01.png	Assets/Product/Texture/Image/RoleCharacter/RoleHeadR2Buouxiong3.png	Assets/Product/Texture/Image/IconCoating/IconCoating6000704.png	Bip001LForearm	Assets/Product/Effect/Prefab/FxR2BuouxiongPrefab/FxR2BuouxiongBip001LForearm.prefab	113										
6003803	1291002	1290203	泛用式·终	2	9000	初始系列——布偶熊·觅语	构造体[高阶]解放后，根据个人意愿修改的服装，完好的体现了本人意识海的特征。	Assets/Product/Texture/Image/IconToolsSp/Clo12910020103Sp.png	Assets/Product/Texture/Image/IconTools/Clo12910020103.png	[19057]	129297	32	9	Assets/Product/Texture/Image/Role/RoleHeadR2Buouxiong1.png	Assets/Product/Texture/Image/Role/RoleHeadR2Buouxiong3.png	Assets/Product/Texture/Image/Role/RoleHeadR2Buouxiong1.png	Assets/Product/Texture/Image/RoleCharacter/RoleHeadR2Buouxiong1.png	Assets/Product/Texture/Image/RoleCharacter/RoleHeadR2Buouxiong1.png	Assets/Product/Texture/Image/Role/RoleHeadR2Buouxiong2.png	Assets/Product/Texture/Image/Role/RoleHeadR2Buouxiong4.png	Assets/Product/Texture/Image/IconToolsSp/RoleHeadR2Buouxiong2Sp.png	Assets/Product/Texture/Image/IconTools/RoleHeadR2Buouxiong2.png	Assets/Product/Texture/Image/RoleStory/V2100boxNormal01.png	Assets/Product/Texture/Image/RoleCharacterBig/RoleCharacterBigR2BuouxiongNormal01.png	Assets/Product/Texture/Image/RoleCharacter/RoleHeadR2Buouxiong3.png	Assets/Product/Texture/Image/IconCoating/IconCoating6000704.png	Bip001LForearm	Assets/Product/Effect/Prefab/FxR2BuouxiongPrefab/FxR2BuouxiongBip001LForearm.prefab	113										
6003804	1291002	1290204	绚彩节拍	5	1009	新生活系列——布偶熊·觅语	插上合成器，打开扩音箱，让色彩炸裂，让旋律轰鸣。既然今天是难得的休假，那就将那些无聊的工作全部推开。整条街道都响彻着我们的节拍，让斑斓的涂鸦喷溅出心底所有的思绪，一直狂欢吧。	Assets/Product/Texture/Image/IconToolsSp/Clo12910029091Sp.png	Assets/Product/Texture/Image/IconTools/Clo12910029091.png	[80143,80144]	129296	32	14	Assets/Product/Texture/Image/Role/RoleHeadR2Buouxiong1.png	Assets/Product/Texture/Image/Role/RoleHeadR2Buouxiong3.png	Assets/Product/Texture/Image/Role/RoleHeadR2Buouxiong1.png	Assets/Product/Texture/Image/RoleCharacter/RoleHeadR2Buouxiong1.png	Assets/Product/Texture/Image/RoleCharacter/RoleHeadR2Buouxiong1.png	Assets/Product/Texture/Image/Role/RoleHeadR2Buouxiong2.png	Assets/Product/Texture/Image/Role/RoleHeadR2Buouxiong4.png	Assets/Product/Texture/Image/IconToolsSp/RoleHeadR2Buouxiong2Sp.png	Assets/Product/Texture/Image/IconTools/RoleHeadR2Buouxiong2.png	Assets/Product/Texture/Image/RoleStory/V2100boxNormal01.png	Assets/Product/Texture/Image/RoleCharacterBig/RoleCharacterBigR2BuouxiongNormal01.png	Assets/Product/Texture/Image/RoleCharacter/RoleHeadR2Buouxiong3.png	Assets/Product/Texture/Image/IconCoating/IconCoating6003804.png	Bip001LForearm	Assets/Product/Effect/Prefab/FxR2BuouxiongPrefab/FxR2BuouxiongBip001LForearm.prefab	113										
6003805	1291002	1290205	泳歌盈步	5	1027	阔海秘闻系列——布偶熊·觅语	对于海滩度假来说，最重要的是什么？防水凉靴、冲浪板底蜡，亦或是流线设计的运动泳装？是的，它们都不可或缺。但采购清单无法列出的，是阳光的编曲、海浪的调音，还有踩过松软细沙时的惬意。美妙的共振，诞于灵巧的跃动中。	Assets/Product/Texture/Image/IconToolsSp/Clo12910029092Sp.png	Assets/Product/Texture/Image/IconTools/Clo12910029092.png	[80185]	129295	32	14	Assets/Product/Texture/Image/Role/RoleHeadR2Buouxiong1.png	Assets/Product/Texture/Image/Role/RoleHeadR2Buouxiong3.png	Assets/Product/Texture/Image/Role/RoleHeadR2Buouxiong1.png	Assets/Product/Texture/Image/RoleCharacter/RoleHeadR2Buouxiong1.png	Assets/Product/Texture/Image/RoleCharacter/RoleHeadR2Buouxiong1.png	Assets/Product/Texture/Image/Role/RoleHeadR2Buouxiong2.png	Assets/Product/Texture/Image/Role/RoleHeadR2Buouxiong4.png	Assets/Product/Texture/Image/IconToolsSp/RoleHeadR2Buouxiong2Sp.png	Assets/Product/Texture/Image/IconTools/RoleHeadR2Buouxiong2.png	Assets/Product/Texture/Image/RoleStory/V2100boxNormal01.png	Assets/Product/Texture/Image/RoleCharacterBig/RoleCharacterBigR2BuouxiongNormal01.png	Assets/Product/Texture/Image/RoleCharacter/RoleHeadR2Buouxiong3.png	Assets/Product/Texture/Image/IconCoating/IconCoating6003805.png	Bip001LForearm	Assets/Product/Effect/Prefab/FxR2BuouxiongPrefab/FxR2BuouxiongBip001LForearm.prefab	113										
6003806	1291002	1290206	绯彩盈曦	5	1014	霓裳系列——布偶熊·觅语	一袭春衣在升腾的烟火中耀眼夺目，少女穿梭于街巷之间，手捧仍升腾着热气的茶点，步履律动着春的消息，爆竹声起，她在楼宇间脚步轻俏，所及之处，皆被她渲染出新岁的欢愉。	Assets/Product/Texture/Image/IconToolsSp/Clo12910029141Sp.png	Assets/Product/Texture/Image/IconTools/Clo12910029141.png	[80224]	129294	32	14	Assets/Product/Texture/Image/Role/RoleHeadR2Buouxiong1.png	Assets/Product/Texture/Image/Role/RoleHeadR2Buouxiong3.png	Assets/Product/Texture/Image/Role/RoleHeadR2Buouxiong1.png	Assets/Product/Texture/Image/RoleCharacter/RoleHeadR2Buouxiong1.png	Assets/Product/Texture/Image/RoleCharacter/RoleHeadR2Buouxiong1.png	Assets/Product/Texture/Image/Role/RoleHeadR2Buouxiong2.png	Assets/Product/Texture/Image/Role/RoleHeadR2Buouxiong4.png	Assets/Product/Texture/Image/IconToolsSp/RoleHeadR2Buouxiong2Sp.png	Assets/Product/Texture/Image/IconTools/RoleHeadR2Buouxiong2.png	Assets/Product/Texture/Image/RoleStory/V2100boxNormal01.png	Assets/Product/Texture/Image/RoleCharacterBig/RoleCharacterBigR2BuouxiongNormal01.png	Assets/Product/Texture/Image/RoleCharacter/RoleHeadR2Buouxiong3.png	Assets/Product/Texture/Image/IconCoating/IconCoating6003806.png	Bip001LForearm	Assets/Product/Effect/Prefab/FxR2BuouxiongPrefab/FxR2BuouxiongBip001LForearm.prefab	113										
6003901	1171004	1170401	泛用式	1	9000	初始系列——露娜·终焉	构造体生产出来时配给的服装。	Assets/Product/Texture/Image/IconToolsSp/Clo11710040101Sp.png	Assets/Product/Texture/Image/IconTools/Clo11710040101.png	[19058]	117499	32	3	Assets/Product/Texture/Image/Role/RoleHeadR4Luna1.png	Assets/Product/Texture/Image/Role/RoleHeadR4Luna3.png	Assets/Product/Texture/Image/Role/RoleHeadR4Luna1.png	Assets/Product/Texture/Image/RoleCharacter/RoleHeadR4Luna1.png	Assets/Product/Texture/Image/RoleCharacter/RoleHeadR4Luna1.png	Assets/Product/Texture/Image/Role/RoleHeadR4Luna2.png	Assets/Product/Texture/Image/Role/RoleHeadR4Luna4.png	Assets/Product/Texture/Image/IconToolsSp/RoleHeadR4Luna2Sp.png	Assets/Product/Texture/Image/IconTools/RoleHeadR4Luna2.png	Assets/Product/Texture/Image/RoleStory/V2110lnNormal06.png	Assets/Product/Texture/Image/RoleCharacterBig/RoleCharacterBigR4LunaNormal01.png	Assets/Product/Texture/Image/RoleCharacter/RoleHeadR4Luna3.png	Assets/Product/Texture/Image/IconCoating/IconCoating6000704.png	Bip001RForearm	Assets/Product/Effect/Prefab/FxR4LunaPrefab/Common/FxR4LunaBip001RForearm.prefab	114										
6003902	1171004	1170402	泛用式·改	2	9000	初始系列——露娜·终焉	构造体[初阶]解放后，获得权限根据爱好修改的服装。	Assets/Product/Texture/Image/IconToolsSp/Clo11710040102Sp.png	Assets/Product/Texture/Image/IconTools/Clo11710040102.png	[19058]	117498	32	6	Assets/Product/Texture/Image/Role/RoleHeadR4Luna1.png	Assets/Product/Texture/Image/Role/RoleHeadR4Luna3.png	Assets/Product/Texture/Image/Role/RoleHeadR4Luna1.png	Assets/Product/Texture/Image/RoleCharacter/RoleHeadR4Luna1.png	Assets/Product/Texture/Image/RoleCharacter/RoleHeadR4Luna1.png	Assets/Product/Texture/Image/Role/RoleHeadR4Luna2.png	Assets/Product/Texture/Image/Role/RoleHeadR4Luna4.png	Assets/Product/Texture/Image/IconToolsSp/RoleHeadR4Luna2Sp.png	Assets/Product/Texture/Image/IconTools/RoleHeadR4Luna2.png	Assets/Product/Texture/Image/RoleStory/V2110lnNormal06.png	Assets/Product/Texture/Image/RoleCharacterBig/RoleCharacterBigR4LunaNormal01.png	Assets/Product/Texture/Image/RoleCharacter/RoleHeadR4Luna3.png	Assets/Product/Texture/Image/IconCoating/IconCoating6000704.png	Bip001RForearm	Assets/Product/Effect/Prefab/FxR4LunaPrefab/Common/FxR4LunaBip001RForearm.prefab	114										
6003903	1171004	1170403	泛用式·终	2	9000	初始系列——露娜·终焉	构造体[高阶]解放后，根据个人意愿修改的服装，完好的体现了本人意识海的特征。	Assets/Product/Texture/Image/IconToolsSp/Clo11710040103Sp.png	Assets/Product/Texture/Image/IconTools/Clo11710040103.png	[19058]	117497	32	9	Assets/Product/Texture/Image/Role/RoleHeadR4Luna1.png	Assets/Product/Texture/Image/Role/RoleHeadR4Luna3.png	Assets/Product/Texture/Image/Role/RoleHeadR4Luna1.png	Assets/Product/Texture/Image/RoleCharacter/RoleHeadR4Luna1.png	Assets/Product/Texture/Image/RoleCharacter/RoleHeadR4Luna1.png	Assets/Product/Texture/Image/Role/RoleHeadR4Luna2.png	Assets/Product/Texture/Image/Role/RoleHeadR4Luna4.png	Assets/Product/Texture/Image/IconToolsSp/RoleHeadR4Luna2Sp.png	Assets/Product/Texture/Image/IconTools/RoleHeadR4Luna2.png	Assets/Product/Texture/Image/RoleStory/V2110lnNormal06.png	Assets/Product/Texture/Image/RoleCharacterBig/RoleCharacterBigR4LunaNormal01.png	Assets/Product/Texture/Image/RoleCharacter/RoleHeadR4Luna3.png	Assets/Product/Texture/Image/IconCoating/IconCoating6000704.png	Bip001RForearm	Assets/Product/Effect/Prefab/FxR4LunaPrefab/Common/FxR4LunaBip001RForearm.prefab	114										
6003904	1171004	1170404	弥月寒调	6	1019	圣誓系列——露娜·终焉	终月坠落，银砂澄空。她凛空踏冰，身披素纱，再次降临于大地。时间匆匆奔向来日，但即使终焉尽途，少女仍然停下了她的身影，于黑暗中转身握住你的手。万籁俱寂，夜空下相携的背影，收尽一切雪白荒芜。	Assets/Product/Texture/Image/IconToolsSp/Clo11710049091Sp.png	Assets/Product/Texture/Image/IconTools/Clo11710049091.png	[80155,80156]	117496	32	84	Assets/Product/Texture/Image/Role/RoleHeadR4Luna1.png	Assets/Product/Texture/Image/Role/RoleHeadR4Luna3.png	Assets/Product/Texture/Image/Role/RoleHeadR4Luna5.png	Assets/Product/Texture/Image/RoleCharacter/RoleHeadR4Luna1.png	Assets/Product/Texture/Image/RoleCharacter/RoleHeadR4Luna5.png	Assets/Product/Texture/Image/Role/RoleHeadR4Luna5.png	Assets/Product/Texture/Image/Role/RoleHeadR4Luna4.png	Assets/Product/Texture/Image/IconToolsSp/RoleHeadR4Luna2Sp.png	Assets/Product/Texture/Image/IconTools/RoleHeadR4Luna2.png	Assets/Product/Texture/Image/RoleStory/V2110lnNormal06.png	Assets/Product/Texture/Image/RoleCharacterBig/RoleCharacterBigR4LunaNormal01.png	Assets/Product/Texture/Image/RoleCharacter/RoleHeadR4Luna3.png	Assets/Product/Texture/Image/IconCoating/IconCoating6003904.png	Bip001RForearm	Assets/Product/Effect/Prefab/FxR4LunaPrefab/R4LunaMd019091/FxR4LunaBip001RForearm.prefab	116	9010260									
6003905	1171004	1170405	璃蓝眸转	6	1027	阔海秘闻系列——露娜·终焉	瞳中若深海，细碎闪光都是迷惘的心在寻觅的证明。浪花卷起泡沫般的自由，而自由是海风的颜色。细丝密缕的凉意抚过掌心，不忍让那个身影融化在暮色里。琉璃之海尽头，是她的谜语，是她的憧憬，是她只愿停泊在此刻的记忆。	Assets/Product/Texture/Image/IconToolsSp/Clo11710049092Sp.png	Assets/Product/Texture/Image/IconTools/Clo11710049092.png	[80184]	117495	32	84	Assets/Product/Texture/Image/Role/RoleHeadR4Luna1.png	Assets/Product/Texture/Image/Role/RoleHeadR4Luna3.png	Assets/Product/Texture/Image/Role/RoleHeadR4Luna6.png	Assets/Product/Texture/Image/RoleCharacter/RoleHeadR4Luna1.png	Assets/Product/Texture/Image/RoleCharacter/RoleHeadR4Luna6.png	Assets/Product/Texture/Image/Role/RoleHeadR4Luna6.png	Assets/Product/Texture/Image/Role/RoleHeadR4Luna4.png	Assets/Product/Texture/Image/IconToolsSp/RoleHeadR4Luna2Sp.png	Assets/Product/Texture/Image/IconTools/RoleHeadR4Luna2.png	Assets/Product/Texture/Image/RoleStory/V2110lnNormal06.png	Assets/Product/Texture/Image/RoleCharacterBig/RoleCharacterBigR4LunaNormal01.png	Assets/Product/Texture/Image/RoleCharacter/RoleHeadR4Luna3.png	Assets/Product/Texture/Image/IconCoating/IconCoating6003905.png	Bip001RForearm	Assets/Product/Effect/Prefab/FxR4LunaPrefab/Common/FxR4LunaBip001RForearm.prefab	127	9010268									
6003906	1171004	1170406	罪妄月华	6	1028	放逐乐园系列——露娜·终焉	创世伊始，诞生了璀璨绚烂的星芒，也繁育出了禁忌的阴翳。当树荫下女孩悄悄睁开眼，眸中闪烁着的，不只有宝石般的星河，还有那颗摄人心魄的幼果。亿万斯年，她是遭人鄙惧的恶华，也是彷徨迷途的羔羊。此时此刻，终于有人走入了她的画本，与她一同呼吸傍晚的芬芳，俯瞰黎明原野的金黄。不再按捺心底的悸动，女孩仰望着喜悦，鼓起勇气，牵起了那只垂在身侧的手。	Assets/Product/Texture/Image/IconToolsSp/Clo11710049281Sp.png	Assets/Product/Texture/Image/IconTools/Clo11710049281.png	[80207]	117494	32	84	Assets/Product/Texture/Image/Role/RoleHeadR4Luna1.png	Assets/Product/Texture/Image/Role/RoleHeadR4Luna3.png	Assets/Product/Texture/Image/Role/RoleHeadR4Luna7.png	Assets/Product/Texture/Image/RoleCharacter/RoleHeadR4Luna1.png	Assets/Product/Texture/Image/RoleCharacter/RoleHeadR4Luna7.png	Assets/Product/Texture/Image/Role/RoleHeadR4Luna7.png	Assets/Product/Texture/Image/Role/RoleHeadR4Luna4.png	Assets/Product/Texture/Image/IconToolsSp/RoleHeadR4Luna2Sp.png	Assets/Product/Texture/Image/IconTools/RoleHeadR4Luna2.png	Assets/Product/Texture/Image/RoleStory/V2110lnNormal06.png	Assets/Product/Texture/Image/RoleCharacterBig/RoleCharacterBigR4LunaNormal01.png	Assets/Product/Texture/Image/RoleCharacter/RoleHeadR4Luna3.png	Assets/Product/Texture/Image/IconCoating/IconCoating6003906.png	Bip001RForearm	Assets/Product/Effect/Prefab/FxR4LunaPrefab/Common/FxR4LunaBip001RForearm.prefab	137			[50132,50148]							
6003907	1171004	1170407	涂鸦法则	6	1009	新生活系列——露娜·终焉	带好全套涂鸦喷雾，把耳机里的摇滚乐音量调到最大——接下来，就是持续整夜、肆无忌惮的街头狂欢！“如果在天亮之前还没有把我们的名字涂满这条小巷，你就输了。”	Assets/Product/Texture/Image/IconToolsSp/Clo11710049031Sp.png	Assets/Product/Texture/Image/IconTools/Clo11710049031.png	[80323,80272]	117493	32	84	Assets/Product/Texture/Image/Role/RoleHeadR4Luna1.png	Assets/Product/Texture/Image/Role/RoleHeadR4Luna3.png	Assets/Product/Texture/Image/Role/RoleHeadR4Luna8.png	Assets/Product/Texture/Image/RoleCharacter/RoleHeadR4Luna1.png	Assets/Product/Texture/Image/RoleCharacter/RoleHeadR4Luna8.png	Assets/Product/Texture/Image/Role/RoleHeadR4Luna8.png	Assets/Product/Texture/Image/Role/RoleHeadR4Luna4.png	Assets/Product/Texture/Image/IconToolsSp/RoleHeadR4Luna2Sp.png	Assets/Product/Texture/Image/IconTools/RoleHeadR4Luna2.png	Assets/Product/Texture/Image/RoleStory/V2110lnNormal06.png	Assets/Product/Texture/Image/RoleCharacterBig/RoleCharacterBigR4LunaNormal01.png	Assets/Product/Texture/Image/RoleCharacter/RoleHeadR4Luna3.png	Assets/Product/Texture/Image/IconCoating/IconCoating6003907.png	Bip001RCalfTwist1	Assets/Product/Effect/Prefab/FxR4LunaPrefab/Common/FxR4LunaBip001RForearm.prefab	168	9010292									
6004001	1301002	1290301	泛用式	1	9000	初始系列——布丽姬特·耀炎	构造体生产出来时配给的服装。	Assets/Product/Texture/Image/IconToolsSp/Clo13010020101Sp.png	Assets/Product/Texture/Image/IconTools/Clo13010020101.png	[19059]	130299	32	3	Assets/Product/Texture/Image/Role/RoleHeadR2Bulijite1.png	Assets/Product/Texture/Image/Role/RoleHeadR2Bulijite3.png	Assets/Product/Texture/Image/Role/RoleHeadR2Bulijite1.png	Assets/Product/Texture/Image/RoleCharacter/RoleHeadR2Bulijite1.png	Assets/Product/Texture/Image/RoleCharacter/RoleHeadR2Bulijite1.png	Assets/Product/Texture/Image/Role/RoleHeadR2Bulijite2.png	Assets/Product/Texture/Image/Role/RoleHeadR2Bulijite4.png	Assets/Product/Texture/Image/IconToolsSp/RoleHeadR2Bulijite2Sp.png	Assets/Product/Texture/Image/IconTools/RoleHeadR2Bulijite2.png	Assets/Product/Texture/Image/RoleStory/V2120bljtNormal01.png	Assets/Product/Texture/Image/RoleCharacterBig/RoleCharacterBigR2BulijiteNormal01.png	Assets/Product/Texture/Image/RoleCharacter/RoleHeadR2Bulijite3.png	Assets/Product/Texture/Image/IconCoating/IconCoating6000704.png	Bip001RUpperArm	Assets/Product/Effect/Prefab/FxR2BulijitePrefab/Common/FxR2BulijiteBip001RUpperArm.prefab	118										
6004002	1301002	1290302	泛用式·改	2	9000	初始系列——布丽姬特·耀炎	构造体[初阶]解放后，获得权限根据爱好修改的服装。	Assets/Product/Texture/Image/IconToolsSp/Clo13010020102Sp.png	Assets/Product/Texture/Image/IconTools/Clo13010020102.png	[19059]	130298	32	6	Assets/Product/Texture/Image/Role/RoleHeadR2Bulijite1.png	Assets/Product/Texture/Image/Role/RoleHeadR2Bulijite3.png	Assets/Product/Texture/Image/Role/RoleHeadR2Bulijite1.png	Assets/Product/Texture/Image/RoleCharacter/RoleHeadR2Bulijite1.png	Assets/Product/Texture/Image/RoleCharacter/RoleHeadR2Bulijite1.png	Assets/Product/Texture/Image/Role/RoleHeadR2Bulijite2.png	Assets/Product/Texture/Image/Role/RoleHeadR2Bulijite4.png	Assets/Product/Texture/Image/IconToolsSp/RoleHeadR2Bulijite2Sp.png	Assets/Product/Texture/Image/IconTools/RoleHeadR2Bulijite2.png	Assets/Product/Texture/Image/RoleStory/V2120bljtNormal01.png	Assets/Product/Texture/Image/RoleCharacterBig/RoleCharacterBigR2BulijiteNormal01.png	Assets/Product/Texture/Image/RoleCharacter/RoleHeadR2Bulijite3.png	Assets/Product/Texture/Image/IconCoating/IconCoating6000704.png	Bip001RUpperArm	Assets/Product/Effect/Prefab/FxR2BulijitePrefab/Common/FxR2BulijiteBip001RUpperArm.prefab	118										
6004003	1301002	1290303	泛用式·终	2	9000	初始系列——布丽姬特·耀炎	构造体[高阶]解放后，根据个人意愿修改的服装，完好的体现了本人意识海的特征。	Assets/Product/Texture/Image/IconToolsSp/Clo13010020103Sp.png	Assets/Product/Texture/Image/IconTools/Clo13010020103.png	[19059]	130297	32	9	Assets/Product/Texture/Image/Role/RoleHeadR2Bulijite1.png	Assets/Product/Texture/Image/Role/RoleHeadR2Bulijite3.png	Assets/Product/Texture/Image/Role/RoleHeadR2Bulijite1.png	Assets/Product/Texture/Image/RoleCharacter/RoleHeadR2Bulijite1.png	Assets/Product/Texture/Image/RoleCharacter/RoleHeadR2Bulijite1.png	Assets/Product/Texture/Image/Role/RoleHeadR2Bulijite2.png	Assets/Product/Texture/Image/Role/RoleHeadR2Bulijite4.png	Assets/Product/Texture/Image/IconToolsSp/RoleHeadR2Bulijite2Sp.png	Assets/Product/Texture/Image/IconTools/RoleHeadR2Bulijite2.png	Assets/Product/Texture/Image/RoleStory/V2120bljtNormal01.png	Assets/Product/Texture/Image/RoleCharacterBig/RoleCharacterBigR2BulijiteNormal01.png	Assets/Product/Texture/Image/RoleCharacter/RoleHeadR2Bulijite3.png	Assets/Product/Texture/Image/IconCoating/IconCoating6000704.png	Bip001RUpperArm	Assets/Product/Effect/Prefab/FxR2BulijitePrefab/Common/FxR2BulijiteBip001RUpperArm.prefab	118										
6004004	1301002	1290304	热忱漫途	5	1009	新生活系列——布丽姬特·耀炎	“有位废土少女，向来心无所惧。不畏机械恶种，为人排忧解虑……”朽壤之上传唱的民谣，伴她驶过悠长来路。曲中传奇是流浪者安如磐石的庇护，而如今她那仿生皮肤下依然跳动着一颗热忱的心。	Assets/Product/Texture/Image/IconToolsSp/Clo13010029091Sp.png	Assets/Product/Texture/Image/IconTools/Clo13010029091.png	[80165,80166]	130296	32	14	Assets/Product/Texture/Image/Role/RoleHeadR2Bulijite1.png	Assets/Product/Texture/Image/Role/RoleHeadR2Bulijite3.png	Assets/Product/Texture/Image/Role/RoleHeadR2Bulijite1.png	Assets/Product/Texture/Image/RoleCharacter/RoleHeadR2Bulijite1.png	Assets/Product/Texture/Image/RoleCharacter/RoleHeadR2Bulijite1.png	Assets/Product/Texture/Image/Role/RoleHeadR2Bulijite2.png	Assets/Product/Texture/Image/Role/RoleHeadR2Bulijite4.png	Assets/Product/Texture/Image/IconToolsSp/RoleHeadR2Bulijite2Sp.png	Assets/Product/Texture/Image/IconTools/RoleHeadR2Bulijite2.png	Assets/Product/Texture/Image/RoleStory/V2120bljtNormal01.png	Assets/Product/Texture/Image/RoleCharacterBig/RoleCharacterBigR2BulijiteNormal01.png	Assets/Product/Texture/Image/RoleCharacter/RoleHeadR2Bulijite3.png	Assets/Product/Texture/Image/IconCoating/IconCoating6004004.png	Bip001RUpperArm	Assets/Product/Effect/Prefab/FxR2BulijitePrefab/Common/FxR2BulijiteBip001RUpperArm.prefab	118										
6004005	1301002	1290305	熠耀方程	5	1003	地平线系列——布丽姬特·耀炎	日高云淡，热辣午后，引擎的咆啸卷携着观众的呼喊，如风暴般震颤着赛道，疾驰着的车队穷追猛赶，宛若一条飞虹。最后的弯道近在眼前，领头的车手笑靥飒爽，踩下刹车，打满方向盘，在滚烫的跑道上留下又一个胜利的证明。	Assets/Product/Texture/Image/IconToolsSp/Clo13010029031Sp.png	Assets/Product/Texture/Image/IconTools/Clo13010029031.png	[80201]	130295	32	14	Assets/Product/Texture/Image/Role/RoleHeadR2Bulijite1.png	Assets/Product/Texture/Image/Role/RoleHeadR2Bulijite3.png	Assets/Product/Texture/Image/Role/RoleHeadR2Bulijite1.png	Assets/Product/Texture/Image/RoleCharacter/RoleHeadR2Bulijite1.png	Assets/Product/Texture/Image/RoleCharacter/RoleHeadR2Bulijite1.png	Assets/Product/Texture/Image/Role/RoleHeadR2Bulijite2.png	Assets/Product/Texture/Image/Role/RoleHeadR2Bulijite4.png	Assets/Product/Texture/Image/IconToolsSp/RoleHeadR2Bulijite2Sp.png	Assets/Product/Texture/Image/IconTools/RoleHeadR2Bulijite2.png	Assets/Product/Texture/Image/RoleStory/V2120bljtNormal01.png	Assets/Product/Texture/Image/RoleCharacterBig/RoleCharacterBigR2BulijiteNormal01.png	Assets/Product/Texture/Image/RoleCharacter/RoleHeadR2Bulijite3.png	Assets/Product/Texture/Image/IconCoating/IconCoating6004005.png	Bip001RUpperArm	Assets/Product/Effect/Prefab/FxR2BulijitePrefab/Common/FxR2BulijiteBip001RUpperArm.prefab	118										
6004101	1241003	1240301	泛用式	1	9000	初始系列——含英·檀心	构造体生产出来时配给的服装。	Assets/Product/Texture/Image/IconToolsSp/Clo12410030101Sp.png	Assets/Product/Texture/Image/IconTools/Clo12410030101.png	[19060]	124399	32	3	Assets/Product/Texture/Image/Role/RoleHeadR3Hanying1.png	Assets/Product/Texture/Image/Role/RoleHeadR3Hanying3.png	Assets/Product/Texture/Image/Role/RoleHeadR3Hanying1.png	Assets/Product/Texture/Image/RoleCharacter/RoleHeadR3Hanying1.png	Assets/Product/Texture/Image/RoleCharacter/RoleHeadR3Hanying1.png	Assets/Product/Texture/Image/Role/RoleHeadR3Hanying2.png	Assets/Product/Texture/Image/Role/RoleHeadR3Hanying4.png	Assets/Product/Texture/Image/IconToolsSp/RoleHeadR3Hanying2Sp.png	Assets/Product/Texture/Image/IconTools/RoleHeadR3Hanying2.png	Assets/Product/Texture/Image/RoleStory/V2130hyNormal01.png	Assets/Product/Texture/Image/RoleCharacterBig/RoleCharacterBigR3HanyingNormal01.png	Assets/Product/Texture/Image/RoleCharacter/RoleHeadR3Hanying3.png	Assets/Product/Texture/Image/IconCoating/IconCoating6000704.png	BoneLUpperArmTwist1	Assets/Product/Effect/Prefab/FxR3HanyingPrefab/Common/FxR3HanyingBip001RForearm.prefab	120										
6004102	1241003	1240302	泛用式·改	2	9000	初始系列——含英·檀心	构造体[初阶]解放后，获得权限根据爱好修改的服装。	Assets/Product/Texture/Image/IconToolsSp/Clo12410030102Sp.png	Assets/Product/Texture/Image/IconTools/Clo12410030102.png	[19060]	124398	32	6	Assets/Product/Texture/Image/Role/RoleHeadR3Hanying1.png	Assets/Product/Texture/Image/Role/RoleHeadR3Hanying3.png	Assets/Product/Texture/Image/Role/RoleHeadR3Hanying1.png	Assets/Product/Texture/Image/RoleCharacter/RoleHeadR3Hanying1.png	Assets/Product/Texture/Image/RoleCharacter/RoleHeadR3Hanying1.png	Assets/Product/Texture/Image/Role/RoleHeadR3Hanying2.png	Assets/Product/Texture/Image/Role/RoleHeadR3Hanying4.png	Assets/Product/Texture/Image/IconToolsSp/RoleHeadR3Hanying2Sp.png	Assets/Product/Texture/Image/IconTools/RoleHeadR3Hanying2.png	Assets/Product/Texture/Image/RoleStory/V2130hyNormal01.png	Assets/Product/Texture/Image/RoleCharacterBig/RoleCharacterBigR3HanyingNormal01.png	Assets/Product/Texture/Image/RoleCharacter/RoleHeadR3Hanying3.png	Assets/Product/Texture/Image/IconCoating/IconCoating6000704.png	BoneLUpperArmTwist1	Assets/Product/Effect/Prefab/FxR3HanyingPrefab/Common/FxR3HanyingBip001RForearm.prefab	120										
6004103	1241003	1240303	泛用式·终	2	9000	初始系列——含英·檀心	构造体[高阶]解放后，根据个人意愿修改的服装，完好的体现了本人意识海的特征。	Assets/Product/Texture/Image/IconToolsSp/Clo12410030103Sp.png	Assets/Product/Texture/Image/IconTools/Clo12410030103.png	[19060]	124397	32	9	Assets/Product/Texture/Image/Role/RoleHeadR3Hanying1.png	Assets/Product/Texture/Image/Role/RoleHeadR3Hanying3.png	Assets/Product/Texture/Image/Role/RoleHeadR3Hanying1.png	Assets/Product/Texture/Image/RoleCharacter/RoleHeadR3Hanying1.png	Assets/Product/Texture/Image/RoleCharacter/RoleHeadR3Hanying1.png	Assets/Product/Texture/Image/Role/RoleHeadR3Hanying2.png	Assets/Product/Texture/Image/Role/RoleHeadR3Hanying4.png	Assets/Product/Texture/Image/IconToolsSp/RoleHeadR3Hanying2Sp.png	Assets/Product/Texture/Image/IconTools/RoleHeadR3Hanying2.png	Assets/Product/Texture/Image/RoleStory/V2130hyNormal01.png	Assets/Product/Texture/Image/RoleCharacterBig/RoleCharacterBigR3HanyingNormal01.png	Assets/Product/Texture/Image/RoleCharacter/RoleHeadR3Hanying3.png	Assets/Product/Texture/Image/IconCoating/IconCoating6000704.png	BoneLUpperArmTwist1	Assets/Product/Effect/Prefab/FxR3HanyingPrefab/Common/FxR3HanyingBip001RForearm.prefab	120										
6004104	1241003	1240304	瑶云流华	6	1014	霓裳系列——含英·檀心	瑶台月下清霜洗，流光借华织。指尖掠过墙壁，飞天倚云，歌舞升平，古韵凝聚拨动舞者心弦。素手急雨，铮铮碎澹清，月下莲步，飘浮渺云影，过往今朝交织涟漪，万载千秋晕染衣裾，仿佛古今一梦，一曲舞起，一舞千年。	Assets/Product/Texture/Image/IconToolsSp/Clo12410039091Sp.png	Assets/Product/Texture/Image/IconTools/Clo12410039091.png	[80167]	124396	32	84	Assets/Product/Texture/Image/Role/RoleHeadR3Hanying1.png	Assets/Product/Texture/Image/Role/RoleHeadR3Hanying3.png	Assets/Product/Texture/Image/Role/RoleHeadR3Hanying5.png	Assets/Product/Texture/Image/RoleCharacter/RoleHeadR3Hanying1.png	Assets/Product/Texture/Image/RoleCharacter/RoleHeadR3Hanying5.png	Assets/Product/Texture/Image/Role/RoleHeadR3Hanying5.png	Assets/Product/Texture/Image/Role/RoleHeadR3Hanying4.png	Assets/Product/Texture/Image/IconToolsSp/RoleHeadR3Hanying2Sp.png	Assets/Product/Texture/Image/IconTools/RoleHeadR3Hanying2.png	Assets/Product/Texture/Image/RoleStory/V2130hyNormal01.png	Assets/Product/Texture/Image/RoleCharacterBig/RoleCharacterBigR3HanyingNormal01.png	Assets/Product/Texture/Image/RoleCharacter/RoleHeadR3Hanying3.png	Assets/Product/Texture/Image/IconCoating/IconCoating6004104.png	BoneLUpperArmTwist1	Assets/Product/Effect/Prefab/FxR3HanyingPrefab/R3HanyingMd019011/FxR3HanyingBip001RForearm.prefab	121	9010264									
6004105	1241003	1240305	泠泫旖碧	6	1027	阔海秘闻系列——含英·檀心	荷髻蟠空，袅娜金缕。如歌的舞姿灵动婉转，让落梅之曲都相形失色。凌波轻步漾起一片潋滟，与池间的清寒淅沥相映成趣。画舸隐入芙蓉浦消失不见，熏风却为淡磨明镜留下痕迹——似是舞者眸间的柔光，又像方才的廉纤细雨。	Assets/Product/Texture/Image/IconToolsSp/Clo12410039092Sp.png	Assets/Product/Texture/Image/IconTools/Clo12410039092.png	[80183]	124395	32	84	Assets/Product/Texture/Image/Role/RoleHeadR3Hanying1.png	Assets/Product/Texture/Image/Role/RoleHeadR3Hanying3.png	Assets/Product/Texture/Image/Role/RoleHeadR3Hanying6.png	Assets/Product/Texture/Image/RoleCharacter/RoleHeadR3Hanying1.png	Assets/Product/Texture/Image/RoleCharacter/RoleHeadR3Hanying6.png	Assets/Product/Texture/Image/Role/RoleHeadR3Hanying6.png	Assets/Product/Texture/Image/Role/RoleHeadR3Hanying4.png	Assets/Product/Texture/Image/IconToolsSp/RoleHeadR3Hanying2Sp.png	Assets/Product/Texture/Image/IconTools/RoleHeadR3Hanying2.png	Assets/Product/Texture/Image/RoleStory/V2130hyNormal01.png	Assets/Product/Texture/Image/RoleCharacterBig/RoleCharacterBigR3HanyingNormal01.png	Assets/Product/Texture/Image/RoleCharacter/RoleHeadR3Hanying3.png	Assets/Product/Texture/Image/IconCoating/IconCoating6004105.png	BoneLUpperArmTwist1	Assets/Product/Effect/Prefab/FxR3HanyingPrefab/R3HanyingMd019011/FxR3HanyingBip001RForearm.prefab	128	9010269									
6004106	1241003	1240306	鸿韵绣春	6	1014	霓裳系列——含英·檀心	新韵裁旧岁，映鸿绣春归。春红化作蝴蝶翩然跃舞，少女裁剪下春日的寄语，剪隙间描下团圆的心愿，春风正浓，窗下映雪，爆竹声中，贴窗的红笺轻诉着憧憬中的未来。	Assets/Product/Texture/Image/IconToolsSp/Clo12410039141Sp.png	Assets/Product/Texture/Image/IconTools/Clo12410039141.png	[80223]	124394	32	84	Assets/Product/Texture/Image/Role/RoleHeadR3Hanying1.png	Assets/Product/Texture/Image/Role/RoleHeadR3Hanying3.png	Assets/Product/Texture/Image/Role/RoleHeadR3Hanying7.png	Assets/Product/Texture/Image/RoleCharacter/RoleHeadR3Hanying1.png	Assets/Product/Texture/Image/RoleCharacter/RoleHeadR3Hanying7.png	Assets/Product/Texture/Image/Role/RoleHeadR3Hanying7.png	Assets/Product/Texture/Image/Role/RoleHeadR3Hanying4.png	Assets/Product/Texture/Image/IconToolsSp/RoleHeadR3Hanying2Sp.png	Assets/Product/Texture/Image/IconTools/RoleHeadR3Hanying2.png	Assets/Product/Texture/Image/RoleStory/V2130hyNormal01.png	Assets/Product/Texture/Image/RoleCharacterBig/RoleCharacterBigR3HanyingNormal01.png	Assets/Product/Texture/Image/RoleCharacter/RoleHeadR3Hanying3.png	Assets/Product/Texture/Image/IconCoating/IconCoating6004106.png	Bip001RForearm	Assets/Product/Effect/Prefab/FxR3HanyingPrefab/R3HanyingMd019011/FxR3HanyingBip001RForearm.prefab	144	9010280									
6004201	1211003	1210301	泛用式	1	9000	初始系列——万事·明晰梦	构造体生产出来时配给的服装。	Assets/Product/Texture/Image/IconToolsSp/Clo12110030101Sp.png	Assets/Product/Texture/Image/IconTools/Clo12110030101.png	[19061]	121399	32	3	Assets/Product/Texture/Image/Role/RoleHeadR3Wanshi1.png	Assets/Product/Texture/Image/Role/RoleHeadR3Wanshi3.png	Assets/Product/Texture/Image/Role/RoleHeadR3Wanshi1.png	Assets/Product/Texture/Image/RoleCharacter/RoleHeadR3Wanshi1.png	Assets/Product/Texture/Image/RoleCharacter/RoleHeadR3Wanshi1.png	Assets/Product/Texture/Image/Role/RoleHeadR3Wanshi2.png	Assets/Product/Texture/Image/Role/RoleHeadR3Wanshi4.png	Assets/Product/Texture/Image/IconToolsSp/RoleHeadR3Wanshi2Sp.png	Assets/Product/Texture/Image/IconTools/RoleHeadR3Wanshi2.png	Assets/Product/Texture/Image/RoleStory/V2140wssNormal01.png	Assets/Product/Texture/Image/RoleCharacterBig/RoleCharacterBigR3WanshiNormal01.png	Assets/Product/Texture/Image/RoleCharacter/RoleHeadR3Wanshi3.png	Assets/Product/Texture/Image/IconCoating/IconCoating6000704.png	Bip001RForearm	Assets/Product/Effect/Prefab/FxR3WanshiPrefab/Common/FxR3WanshiBip001RForearm.prefab	123										
6004202	1211003	1210302	泛用式·改	2	9000	初始系列——万事·明晰梦	构造体[初阶]解放后，获得权限根据爱好修改的服装。	Assets/Product/Texture/Image/IconToolsSp/Clo12110030102Sp.png	Assets/Product/Texture/Image/IconTools/Clo12110030102.png	[19061]	121398	32	6	Assets/Product/Texture/Image/Role/RoleHeadR3Wanshi1.png	Assets/Product/Texture/Image/Role/RoleHeadR3Wanshi3.png	Assets/Product/Texture/Image/Role/RoleHeadR3Wanshi1.png	Assets/Product/Texture/Image/RoleCharacter/RoleHeadR3Wanshi1.png	Assets/Product/Texture/Image/RoleCharacter/RoleHeadR3Wanshi1.png	Assets/Product/Texture/Image/Role/RoleHeadR3Wanshi2.png	Assets/Product/Texture/Image/Role/RoleHeadR3Wanshi4.png	Assets/Product/Texture/Image/IconToolsSp/RoleHeadR3Wanshi2Sp.png	Assets/Product/Texture/Image/IconTools/RoleHeadR3Wanshi2.png	Assets/Product/Texture/Image/RoleStory/V2140wssNormal01.png	Assets/Product/Texture/Image/RoleCharacterBig/RoleCharacterBigR3WanshiNormal01.png	Assets/Product/Texture/Image/RoleCharacter/RoleHeadR3Wanshi3.png	Assets/Product/Texture/Image/IconCoating/IconCoating6000704.png	Bip001RForearm	Assets/Product/Effect/Prefab/FxR3WanshiPrefab/Common/FxR3WanshiBip001RForearm.prefab	123										
6004203	1211003	1210303	泛用式·终	2	9000	初始系列——万事·明晰梦	构造体[高阶]解放后，根据个人意愿修改的服装，完好的体现了本人意识海的特征。	Assets/Product/Texture/Image/IconToolsSp/Clo12110030103Sp.png	Assets/Product/Texture/Image/IconTools/Clo12110030103.png	[19061]	121397	32	9	Assets/Product/Texture/Image/Role/RoleHeadR3Wanshi1.png	Assets/Product/Texture/Image/Role/RoleHeadR3Wanshi3.png	Assets/Product/Texture/Image/Role/RoleHeadR3Wanshi1.png	Assets/Product/Texture/Image/RoleCharacter/RoleHeadR3Wanshi1.png	Assets/Product/Texture/Image/RoleCharacter/RoleHeadR3Wanshi1.png	Assets/Product/Texture/Image/Role/RoleHeadR3Wanshi2.png	Assets/Product/Texture/Image/Role/RoleHeadR3Wanshi4.png	Assets/Product/Texture/Image/IconToolsSp/RoleHeadR3Wanshi2Sp.png	Assets/Product/Texture/Image/IconTools/RoleHeadR3Wanshi2.png	Assets/Product/Texture/Image/RoleStory/V2140wssNormal01.png	Assets/Product/Texture/Image/RoleCharacterBig/RoleCharacterBigR3WanshiNormal01.png	Assets/Product/Texture/Image/RoleCharacter/RoleHeadR3Wanshi3.png	Assets/Product/Texture/Image/IconCoating/IconCoating6000704.png	Bip001RForearm	Assets/Product/Effect/Prefab/FxR3WanshiPrefab/Common/FxR3WanshiBip001RForearm.prefab	123										
6004204	1211003	1210304	霜绫栖鸮	5	1014	霓裳系列——万事·明晰梦	霜风吹白羽，栖鸮卧雪堂。冬雪纷飞，古老医馆门扉微掩，暖黄灯光缝隙透出。他懒懒倚在柱旁，翻阅药典、思索处方，直到有脚步伴风雪靠近。富商巨贾携礼谒门，穷苦百姓裹衣而入，此堂不问贵贱尊卑，惟分医者与病者。袖展温言，济世仁心无愧，药香携暖风漫卷，尽将寒夜化作春风长歌。	Assets/Product/Texture/Image/IconToolsSp/Clo12110039141Sp.png	Assets/Product/Texture/Image/IconTools/Clo12110039141.png	[80172,80173]	121396	32	14	Assets/Product/Texture/Image/Role/RoleHeadR3Wanshi1.png	Assets/Product/Texture/Image/Role/RoleHeadR3Wanshi3.png	Assets/Product/Texture/Image/Role/RoleHeadR3Wanshi1.png	Assets/Product/Texture/Image/RoleCharacter/RoleHeadR3Wanshi1.png	Assets/Product/Texture/Image/RoleCharacter/RoleHeadR3Wanshi1.png	Assets/Product/Texture/Image/Role/RoleHeadR3Wanshi2.png	Assets/Product/Texture/Image/Role/RoleHeadR3Wanshi4.png	Assets/Product/Texture/Image/IconToolsSp/RoleHeadR3Wanshi2Sp.png	Assets/Product/Texture/Image/IconTools/RoleHeadR3Wanshi2.png	Assets/Product/Texture/Image/RoleStory/V2140wssNormal01.png	Assets/Product/Texture/Image/RoleCharacterBig/RoleCharacterBigR3WanshiNormal01.png	Assets/Product/Texture/Image/RoleCharacter/RoleHeadR3Wanshi3.png	Assets/Product/Texture/Image/IconCoating/IconCoating6004204.png	Bip001RForearm	Assets/Product/Effect/Prefab/FxR3WanshiPrefab/Common/FxR3WanshiBip001RForearm.prefab	123										
6004205	1211003	1210305	冥土渡魂	6	1041	神寂启示录系列——万事·明晰梦	疫病是亡者的低语，而我的职责是让它们...永远沉默。那个游荡在湮灭区的鸦喙黑影，用手术刀将扭曲的灵魂渡往永恒的静默。他说，这不是救赎……而是对生者最彻底的慈悲。	Assets/Product/Texture/Image/IconToolsSp/Clo12110039281Sp.png	Assets/Product/Texture/Image/IconTools/Clo12110039281.png	[80303,80259]	121395	32	84	Assets/Product/Texture/Image/Role/RoleHeadR3Wanshi1.png	Assets/Product/Texture/Image/Role/RoleHeadR3Wanshi3.png	Assets/Product/Texture/Image/Role/RoleHeadR3Wanshi5.png	Assets/Product/Texture/Image/RoleCharacter/RoleHeadR3Wanshi1.png	Assets/Product/Texture/Image/RoleCharacter/RoleHeadR3Wanshi5.png	Assets/Product/Texture/Image/Role/RoleHeadR3Wanshi5.png	Assets/Product/Texture/Image/Role/RoleHeadR3Wanshi4.png	Assets/Product/Texture/Image/IconToolsSp/RoleHeadR3Wanshi2Sp.png	Assets/Product/Texture/Image/IconTools/RoleHeadR3Wanshi2.png	Assets/Product/Texture/Image/RoleStory/V2140wssNormal01.png	Assets/Product/Texture/Image/RoleCharacterBig/RoleCharacterBigR3WanshiNormal01.png	Assets/Product/Texture/Image/RoleCharacter/RoleHeadR3Wanshi3.png	Assets/Product/Texture/Image/IconCoating/IconCoating6004205.png	Bip001RForearm	Assets/Product/Effect/Prefab/FxR3WanshiPrefab/Common/FxR3WanshiBip001RForearm.prefab	161	9010289				3	Assets/Product/Texture/Image/UiFashionSuit/UiFashionSuit01Shenji/UiFashionSuitShenji03.png	Assets/Product/Texture/Image/UiFashionSuit/UiFashionSuit01Shenji/UiFashionSuitShenji03.png			
6004301	1021006	1020601	泛用式	1	9000	初始系列——露西亚·誓焰	构造体生产出来时配给的服装。	Assets/Product/Texture/Image/IconToolsSp/Clo10210060101Sp.png	Assets/Product/Texture/Image/IconTools/Clo10210060101.png	[19062]	102699	32	3	Assets/Product/Texture/Image/Role/RoleHeadR6Luxiya1.png	Assets/Product/Texture/Image/Role/RoleHeadR6Luxiya3.png	Assets/Product/Texture/Image/Role/RoleHeadR6Luxiya1.png	Assets/Product/Texture/Image/RoleCharacter/RoleHeadR6Luxiya1.png	Assets/Product/Texture/Image/RoleCharacter/RoleHeadR6Luxiya1.png	Assets/Product/Texture/Image/Role/RoleHeadR6Luxiya2.png	Assets/Product/Texture/Image/Role/RoleHeadR6Luxiya4.png	Assets/Product/Texture/Image/IconToolsSp/RoleHeadR6Luxiya2Sp.png	Assets/Product/Texture/Image/IconTools/RoleHeadR6Luxiya2.png	Assets/Product/Texture/Image/RoleStory/V2150lxyNormal14.png	Assets/Product/Texture/Image/RoleCharacterBig/RoleCharacterBigR6LuxiyaNormal01.png	Assets/Product/Texture/Image/RoleCharacter/RoleHeadR6Luxiya3.png	Assets/Product/Texture/Image/IconCoating/IconCoating6000704.png	Bip001RForearm	Assets/Product/Effect/Prefab/FxR6LuxiyaPrefab/Common/FxR6LuxiyaBip001RForearm.prefab	126										
6004302	1021006	1020602	泛用式·改	2	9000	初始系列——露西亚·誓焰	构造体[初阶]解放后，获得权限根据爱好修改的服装。	Assets/Product/Texture/Image/IconToolsSp/Clo10210060102Sp.png	Assets/Product/Texture/Image/IconTools/Clo10210060102.png	[19062]	102698	32	6	Assets/Product/Texture/Image/Role/RoleHeadR6Luxiya1.png	Assets/Product/Texture/Image/Role/RoleHeadR6Luxiya3.png	Assets/Product/Texture/Image/Role/RoleHeadR6Luxiya1.png	Assets/Product/Texture/Image/RoleCharacter/RoleHeadR6Luxiya1.png	Assets/Product/Texture/Image/RoleCharacter/RoleHeadR6Luxiya1.png	Assets/Product/Texture/Image/Role/RoleHeadR6Luxiya2.png	Assets/Product/Texture/Image/Role/RoleHeadR6Luxiya4.png	Assets/Product/Texture/Image/IconToolsSp/RoleHeadR6Luxiya2Sp.png	Assets/Product/Texture/Image/IconTools/RoleHeadR6Luxiya2.png	Assets/Product/Texture/Image/RoleStory/V2150lxyNormal14.png	Assets/Product/Texture/Image/RoleCharacterBig/RoleCharacterBigR6LuxiyaNormal01.png	Assets/Product/Texture/Image/RoleCharacter/RoleHeadR6Luxiya3.png	Assets/Product/Texture/Image/IconCoating/IconCoating6000704.png	Bip001RForearm	Assets/Product/Effect/Prefab/FxR6LuxiyaPrefab/Common/FxR6LuxiyaBip001RForearm.prefab	126										
6004303	1021006	1020603	泛用式·终	2	9000	初始系列——露西亚·誓焰	构造体[高阶]解放后，根据个人意愿修改的服装，完好的体现了本人意识海的特征。	Assets/Product/Texture/Image/IconToolsSp/Clo10210060103Sp.png	Assets/Product/Texture/Image/IconTools/Clo10210060103.png	[19062]	102697	32	9	Assets/Product/Texture/Image/Role/RoleHeadR6Luxiya1.png	Assets/Product/Texture/Image/Role/RoleHeadR6Luxiya3.png	Assets/Product/Texture/Image/Role/RoleHeadR6Luxiya1.png	Assets/Product/Texture/Image/RoleCharacter/RoleHeadR6Luxiya1.png	Assets/Product/Texture/Image/RoleCharacter/RoleHeadR6Luxiya1.png	Assets/Product/Texture/Image/Role/RoleHeadR6Luxiya2.png	Assets/Product/Texture/Image/Role/RoleHeadR6Luxiya4.png	Assets/Product/Texture/Image/IconToolsSp/RoleHeadR6Luxiya2Sp.png	Assets/Product/Texture/Image/IconTools/RoleHeadR6Luxiya2.png	Assets/Product/Texture/Image/RoleStory/V2150lxyNormal14.png	Assets/Product/Texture/Image/RoleCharacterBig/RoleCharacterBigR6LuxiyaNormal01.png	Assets/Product/Texture/Image/RoleCharacter/RoleHeadR6Luxiya3.png	Assets/Product/Texture/Image/IconCoating/IconCoating6000704.png	Bip001RForearm	Assets/Product/Effect/Prefab/FxR6LuxiyaPrefab/Common/FxR6LuxiyaBip001RForearm.prefab	126										
6004304	1021006	1020604	光耀颂赞	6	1023	往昔重绽系列——露西亚·誓焰	艺术协会为这件军礼服设计了绶带和勋章。橄榄枝承载着和平的期望，三角图案据说参考自灰鸦小队的队徽，这象征稳固的形状亦是献给袍泽情谊的礼赞。而丽芙在设计稿上用铅笔给勋章添加了双翼，让涅槃的飞鸟成为了不朽荣光的见证者。	Assets/Product/Texture/Image/IconToolsSp/Clo10210069091Sp.png	Assets/Product/Texture/Image/IconTools/Clo10210069091.png	[80181,80182]	102696	32	84	Assets/Product/Texture/Image/Role/RoleHeadR6Luxiya1.png	Assets/Product/Texture/Image/Role/RoleHeadR6Luxiya3.png	Assets/Product/Texture/Image/Role/RoleHeadR6Luxiya5.png	Assets/Product/Texture/Image/RoleCharacter/RoleHeadR6Luxiya1.png	Assets/Product/Texture/Image/RoleCharacter/RoleHeadR6Luxiya5.png	Assets/Product/Texture/Image/Role/RoleHeadR6Luxiya5.png	Assets/Product/Texture/Image/Role/RoleHeadR6Luxiya4.png	Assets/Product/Texture/Image/IconToolsSp/RoleHeadR6Luxiya2Sp.png	Assets/Product/Texture/Image/IconTools/RoleHeadR6Luxiya2.png	Assets/Product/Texture/Image/RoleStory/V2150lxyNormal14.png	Assets/Product/Texture/Image/RoleCharacterBig/RoleCharacterBigR6LuxiyaNormal01.png	Assets/Product/Texture/Image/RoleCharacter/RoleHeadR6Luxiya3.png	Assets/Product/Texture/Image/IconCoating/IconCoating6004304.png	Bip001RForearm	Assets/Product/Effect/Prefab/FxR6LuxiyaPrefab/Common/FxR6LuxiyaBip001RForearm.prefab	129	9010270									
6004305	1021006	1020605	拂晓长誓	6	1037	寰星之屿系列——露西亚·誓焰	圣洁的誓言汇聚在黎明时分，向世界昭示着忠贞的爱恋。钟声响起，银鸽呢喃，桃花纷飞，站在古老殿堂上，轻轻推动指环，将缱绻的心意，萦系在彼此的指间。未来的旅途中，她会与你见证、分享每一刻的光景，不论是寒冬中的融雪，亦或是拂晓时的彩虹。	Assets/Product/Texture/Image/IconToolsSp/Clo10210069371Sp.png	Assets/Product/Texture/Image/IconTools/Clo10210069371.png	[80220]	102696	32	84	Assets/Product/Texture/Image/Role/RoleHeadR6Luxiya1.png	Assets/Product/Texture/Image/Role/RoleHeadR6Luxiya3.png	Assets/Product/Texture/Image/Role/RoleHeadR6Luxiya6.png	Assets/Product/Texture/Image/RoleCharacter/RoleHeadR6Luxiya1.png	Assets/Product/Texture/Image/RoleCharacter/RoleHeadR6Luxiya6.png	Assets/Product/Texture/Image/Role/RoleHeadR6Luxiya6.png	Assets/Product/Texture/Image/Role/RoleHeadR6Luxiya4.png	Assets/Product/Texture/Image/IconToolsSp/RoleHeadR6Luxiya2Sp.png	Assets/Product/Texture/Image/IconTools/RoleHeadR6Luxiya2.png	Assets/Product/Texture/Image/RoleStory/V2150lxyNormal14.png	Assets/Product/Texture/Image/RoleCharacterBig/RoleCharacterBigR6LuxiyaNormal01.png	Assets/Product/Texture/Image/RoleCharacter/RoleHeadR6Luxiya3.png	Assets/Product/Texture/Image/IconCoating/IconCoating6004804.png	Bip001RUpperArm	Assets/Product/Effect/Prefab/FxR6LuxiyaPrefab/Common/FxR6LuxiyaBip001RForearm.prefab	145			[50137,50151]	Assets/Product/Texture/Image/RoleCharacterBig/V3200luxiyaNormal01.png						
6004306	1021006	1020606	粼海浮荧	6	1027	阔海秘闻系列——露西亚·誓焰	夜色拥抱深海，潮汐轻柔拍打，细碎的星尘悄然洒下。在这如同被银河亲吻的潮声里，幽蓝的海莹随波光破碎又聚合，如同易逝的梦境。少女静静伫立，任那朦胧的光点没过脚踝，她望向身边人的侧影，忽觉世间一切美好皆如此刻：悄然而至，却恰逢其时。	Assets/Product/Texture/Image/IconToolsSp/Clo10210069271Sp.png	Assets/Product/Texture/Image/IconTools/Clo10210069271.png	[80249]	102697	32	84	Assets/Product/Texture/Image/Role/RoleHeadR6Luxiya1.png	Assets/Product/Texture/Image/Role/RoleHeadR6Luxiya3.png	Assets/Product/Texture/Image/Role/RoleHeadR6Luxiya8.png	Assets/Product/Texture/Image/RoleCharacter/RoleHeadR6Luxiya1.png	Assets/Product/Texture/Image/RoleCharacter/RoleHeadR6Luxiya8.png	Assets/Product/Texture/Image/Role/RoleHeadR6Luxiya8.png	Assets/Product/Texture/Image/Role/RoleHeadR6Luxiya4.png	Assets/Product/Texture/Image/IconToolsSp/RoleHeadR6Luxiya2Sp.png	Assets/Product/Texture/Image/IconTools/RoleHeadR6Luxiya2.png	Assets/Product/Texture/Image/RoleStory/V2150lxyNormal14.png	Assets/Product/Texture/Image/RoleCharacterBig/RoleCharacterBigR6LuxiyaNormal01.png	Assets/Product/Texture/Image/RoleCharacter/RoleHeadR6Luxiya3.png	Assets/Product/Texture/Image/IconCoating/IconCoating6004306.png	Bip001RForearm	Assets/Product/Effect/Prefab/FxR6LuxiyaPrefab/R6LuxiyaMd019271/FxR6LuxiyaBip001RForearm.prefab	156	9010286									
6004401	1311002	1310201	泛用式	1	9000	初始系列——八咫·徊闪	构造体生产出来时配给的服装。	Assets/Product/Texture/Image/IconToolsSp/Clo13110020101Sp.png	Assets/Product/Texture/Image/IconTools/Clo13110020101.png	[19063]	131299	32	3	Assets/Product/Texture/Image/Role/RoleHeadR2Bazhi1.png	Assets/Product/Texture/Image/Role/RoleHeadR2Bazhi3.png	Assets/Product/Texture/Image/Role/RoleHeadR2Bazhi1.png	Assets/Product/Texture/Image/RoleCharacter/RoleHeadR2Bazhi1.png	Assets/Product/Texture/Image/RoleCharacter/RoleHeadR2Bazhi1.png	Assets/Product/Texture/Image/Role/RoleHeadR2Bazhi2.png	Assets/Product/Texture/Image/Role/RoleHeadR2Bazhi4.png	Assets/Product/Texture/Image/IconToolsSp/RoleHeadR2Bazhi2Sp.png	Assets/Product/Texture/Image/IconTools/RoleHeadR2Bazhi2.png	Assets/Product/Texture/Image/RoleStory/V2160bqNormal01.png	Assets/Product/Texture/Image/RoleCharacterBig/RoleCharacterBigR2BazhiNormal01.png	Assets/Product/Texture/Image/RoleCharacter/RoleHeadR2Bazhi3.png	Assets/Product/Texture/Image/IconCoating/IconCoating6000704.png	Bip001RForearm	Assets/Product/Effect/Prefab/FxR2BazhiPrefab/Common/FxR2BazhiBip001RForearm.prefab	131										
6004402	1311002	1310202	泛用式·改	2	9000	初始系列——八咫·徊闪	构造体[初阶]解放后，获得权限根据爱好修改的服装。	Assets/Product/Texture/Image/IconToolsSp/Clo13110020102Sp.png	Assets/Product/Texture/Image/IconTools/Clo13110020102.png	[19063]	131298	32	6	Assets/Product/Texture/Image/Role/RoleHeadR2Bazhi1.png	Assets/Product/Texture/Image/Role/RoleHeadR2Bazhi3.png	Assets/Product/Texture/Image/Role/RoleHeadR2Bazhi1.png	Assets/Product/Texture/Image/RoleCharacter/RoleHeadR2Bazhi1.png	Assets/Product/Texture/Image/RoleCharacter/RoleHeadR2Bazhi1.png	Assets/Product/Texture/Image/Role/RoleHeadR2Bazhi2.png	Assets/Product/Texture/Image/Role/RoleHeadR2Bazhi4.png	Assets/Product/Texture/Image/IconToolsSp/RoleHeadR2Bazhi2Sp.png	Assets/Product/Texture/Image/IconTools/RoleHeadR2Bazhi2.png	Assets/Product/Texture/Image/RoleStory/V2160bqNormal01.png	Assets/Product/Texture/Image/RoleCharacterBig/RoleCharacterBigR2BazhiNormal01.png	Assets/Product/Texture/Image/RoleCharacter/RoleHeadR2Bazhi3.png	Assets/Product/Texture/Image/IconCoating/IconCoating6000704.png	Bip001RForearm	Assets/Product/Effect/Prefab/FxR2BazhiPrefab/Common/FxR2BazhiBip001RForearm.prefab	131										
6004403	1311002	1310203	泛用式·终	2	9000	初始系列——八咫·徊闪	构造体[高阶]解放后，根据个人意愿修改的服装，完好的体现了本人意识海的特征。	Assets/Product/Texture/Image/IconToolsSp/Clo13110020103Sp.png	Assets/Product/Texture/Image/IconTools/Clo13110020103.png	[19063]	131297	32	9	Assets/Product/Texture/Image/Role/RoleHeadR2Bazhi1.png	Assets/Product/Texture/Image/Role/RoleHeadR2Bazhi3.png	Assets/Product/Texture/Image/Role/RoleHeadR2Bazhi1.png	Assets/Product/Texture/Image/RoleCharacter/RoleHeadR2Bazhi1.png	Assets/Product/Texture/Image/RoleCharacter/RoleHeadR2Bazhi1.png	Assets/Product/Texture/Image/Role/RoleHeadR2Bazhi2.png	Assets/Product/Texture/Image/Role/RoleHeadR2Bazhi4.png	Assets/Product/Texture/Image/IconToolsSp/RoleHeadR2Bazhi2Sp.png	Assets/Product/Texture/Image/IconTools/RoleHeadR2Bazhi2.png	Assets/Product/Texture/Image/RoleStory/V2160bqNormal01.png	Assets/Product/Texture/Image/RoleCharacterBig/RoleCharacterBigR2BazhiNormal01.png	Assets/Product/Texture/Image/RoleCharacter/RoleHeadR2Bazhi3.png	Assets/Product/Texture/Image/IconCoating/IconCoating6000704.png	Bip001RForearm	Assets/Product/Effect/Prefab/FxR2BazhiPrefab/Common/FxR2BazhiBip001RForearm.prefab	131										
6004404	1311002	1310204	彼岸浮华	5	1023	往昔重绽系列——八咫·徊闪	岁月翩跹，故昔的歌谣响起，回荡在空无一人的教室。迈出脚步，眼前蜃影绰绰，而后又如幻沫消散。就此回头，或许便能不必直面那些诡谲的回忆，但少女知道，在迷宫的尽头，有着自己必须要找寻的答案——她不假思索，一如当初，走入了那片花海。	Assets/Product/Texture/Image/IconToolsSp/Clo13110029091Sp.png	Assets/Product/Texture/Image/IconTools/Clo13110029091.png	[80189,80190]	131296	32	14	Assets/Product/Texture/Image/Role/RoleHeadR2Bazhi1.png	Assets/Product/Texture/Image/Role/RoleHeadR2Bazhi3.png	Assets/Product/Texture/Image/Role/RoleHeadR2Bazhi1.png	Assets/Product/Texture/Image/RoleCharacter/RoleHeadR2Bazhi1.png	Assets/Product/Texture/Image/RoleCharacter/RoleHeadR2Bazhi1.png	Assets/Product/Texture/Image/Role/RoleHeadR2Bazhi2.png	Assets/Product/Texture/Image/Role/RoleHeadR2Bazhi4.png	Assets/Product/Texture/Image/IconToolsSp/RoleHeadR2Bazhi2Sp.png	Assets/Product/Texture/Image/IconTools/RoleHeadR2Bazhi2.png	Assets/Product/Texture/Image/RoleStory/V2160bqNormal01.png	Assets/Product/Texture/Image/RoleCharacterBig/RoleCharacterBigR2BazhiNormal01.png	Assets/Product/Texture/Image/RoleCharacter/RoleHeadR2Bazhi3.png	Assets/Product/Texture/Image/IconCoating/IconCoating6004404.png	Bip001RForearm	Assets/Product/Effect/Prefab/FxR2BazhiPrefab/Common/FxR2BazhiBip001RForearm.prefab	131										
6004501	1051005	1050501	泛用式	1	9000	初始系列——七实·芒星之迹	构造体生产出来时配给的服装。	Assets/Product/Texture/Image/IconToolsSp/Clo10510050101Sp.png	Assets/Product/Texture/Image/IconTools/Clo10510050101.png	[19064]	105599	32	3	Assets/Product/Texture/Image/Role/RoleHeadR6Yongyechao1.png	Assets/Product/Texture/Image/Role/RoleHeadR6Yongyechao3.png	Assets/Product/Texture/Image/Role/RoleHeadR6Yongyechao1.png	Assets/Product/Texture/Image/RoleCharacter/RoleHeadR6Yongyechao1.png	Assets/Product/Texture/Image/RoleCharacter/RoleHeadR6Yongyechao1.png	Assets/Product/Texture/Image/Role/RoleHeadR6Yongyechao2.png	Assets/Product/Texture/Image/Role/RoleHeadR6Yongyechao4.png	Assets/Product/Texture/Image/IconToolsSp/RoleHeadR6Yongyechao2Sp.png	Assets/Product/Texture/Image/IconTools/RoleHeadR6Yongyechao2.png	Assets/Product/Texture/Image/RoleStory/V2170qsNormal02.png	Assets/Product/Texture/Image/RoleCharacterBig/RoleCharacterBigR6YongyechaoNormal01.png	Assets/Product/Texture/Image/RoleCharacter/RoleHeadR6Yongyechao3.png	Assets/Product/Texture/Image/IconCoating/IconCoating6000704.png	Bip001RForearm	Assets/Product/Effect/Prefab/FxR5YongyechaoPrefab/Common/FxR5YongyechaoBip001RForearm.prefab	133										
6004502	1051005	1050502	泛用式·改	2	9000	初始系列——七实·芒星之迹	构造体[初阶]解放后，获得权限根据爱好修改的服装。	Assets/Product/Texture/Image/IconToolsSp/Clo10510050102Sp.png	Assets/Product/Texture/Image/IconTools/Clo10510050102.png	[19064]	105598	32	6	Assets/Product/Texture/Image/Role/RoleHeadR6Yongyechao1.png	Assets/Product/Texture/Image/Role/RoleHeadR6Yongyechao3.png	Assets/Product/Texture/Image/Role/RoleHeadR6Yongyechao1.png	Assets/Product/Texture/Image/RoleCharacter/RoleHeadR6Yongyechao1.png	Assets/Product/Texture/Image/RoleCharacter/RoleHeadR6Yongyechao1.png	Assets/Product/Texture/Image/Role/RoleHeadR6Yongyechao2.png	Assets/Product/Texture/Image/Role/RoleHeadR6Yongyechao4.png	Assets/Product/Texture/Image/IconToolsSp/RoleHeadR6Yongyechao2Sp.png	Assets/Product/Texture/Image/IconTools/RoleHeadR6Yongyechao2.png	Assets/Product/Texture/Image/RoleStory/V2170qsNormal02.png	Assets/Product/Texture/Image/RoleCharacterBig/RoleCharacterBigR6YongyechaoNormal01.png	Assets/Product/Texture/Image/RoleCharacter/RoleHeadR6Yongyechao3.png	Assets/Product/Texture/Image/IconCoating/IconCoating6000704.png	Bip001RForearm	Assets/Product/Effect/Prefab/FxR5YongyechaoPrefab/Common/FxR5YongyechaoBip001RForearm.prefab	133										
6004503	1051005	1050503	泛用式·终	2	9000	初始系列——七实·芒星之迹	构造体[高阶]解放后，根据个人意愿修改的服装，完好的体现了本人意识海的特征。	Assets/Product/Texture/Image/IconToolsSp/Clo10510050103Sp.png	Assets/Product/Texture/Image/IconTools/Clo10510050103.png	[19064]	105597	32	9	Assets/Product/Texture/Image/Role/RoleHeadR6Yongyechao1.png	Assets/Product/Texture/Image/Role/RoleHeadR6Yongyechao3.png	Assets/Product/Texture/Image/Role/RoleHeadR6Yongyechao1.png	Assets/Product/Texture/Image/RoleCharacter/RoleHeadR6Yongyechao1.png	Assets/Product/Texture/Image/RoleCharacter/RoleHeadR6Yongyechao1.png	Assets/Product/Texture/Image/Role/RoleHeadR6Yongyechao2.png	Assets/Product/Texture/Image/Role/RoleHeadR6Yongyechao4.png	Assets/Product/Texture/Image/IconToolsSp/RoleHeadR6Yongyechao2Sp.png	Assets/Product/Texture/Image/IconTools/RoleHeadR6Yongyechao2.png	Assets/Product/Texture/Image/RoleStory/V2170qsNormal02.png	Assets/Product/Texture/Image/RoleCharacterBig/RoleCharacterBigR6YongyechaoNormal01.png	Assets/Product/Texture/Image/RoleCharacter/RoleHeadR6Yongyechao3.png	Assets/Product/Texture/Image/IconCoating/IconCoating6000704.png	Bip001RForearm	Assets/Product/Effect/Prefab/FxR5YongyechaoPrefab/Common/FxR5YongyechaoBip001RForearm.prefab	133										
6004504	1051005	1050504	甜莓绯轮	6	1009	新生活系列——七实·芒星之迹	斜晖匿入夜幕，与城市告别，万束霓虹苏醒的时刻，女孩悄然登上冰场，她剥开糖果包装，踏着轱轱的轮声，将喧嚣与烦恼甩在身后，逆着时间的方向，疾驰启程。	Assets/Product/Texture/Image/IconToolsSp/Clo10510059011Sp.png	Assets/Product/Texture/Image/IconTools/Clo10510059011.png	[80195,80196]	105596	32	84	Assets/Product/Texture/Image/Role/RoleHeadR6Yongyechao1.png	Assets/Product/Texture/Image/Role/RoleHeadR6Yongyechao3.png	Assets/Product/Texture/Image/Role/RoleHeadR6Yongyechao5.png	Assets/Product/Texture/Image/RoleCharacter/RoleHeadR6Yongyechao1.png	Assets/Product/Texture/Image/RoleCharacter/RoleHeadR6Yongyechao5.png	Assets/Product/Texture/Image/Role/RoleHeadR6Yongyechao5.png	Assets/Product/Texture/Image/Role/RoleHeadR6Yongyechao4.png	Assets/Product/Texture/Image/IconToolsSp/RoleHeadR6Yongyechao2Sp.png	Assets/Product/Texture/Image/IconTools/RoleHeadR6Yongyechao2.png	Assets/Product/Texture/Image/RoleStory/V2170qsNormal02.png	Assets/Product/Texture/Image/RoleCharacterBig/RoleCharacterBigR6YongyechaoNormal01.png	Assets/Product/Texture/Image/RoleCharacter/RoleHeadR6Yongyechao3.png	Assets/Product/Texture/Image/IconCoating/IconCoating6004504.png	Bip001RForearm	Assets/Product/Effect/Prefab/FxR5YongyechaoPrefab/Common/FxR5YongyechaoBip001RForearm.prefab	135	9010272									
6004505	1051005	1050505	秘龙驰星	6	1028	放逐乐园系列——七实·芒星之迹	薄雾笼罩荒野尽头，低鸣划破寂静，残阳隐没山脊。暗藏的龙影悄然舒展双翼。她踏着繁星与无垠，逆着命运的流向，昂首启程，去唤醒沉秘的天地。	Assets/Product/Texture/Image/IconToolsSp/Clo10510059071Sp.png	Assets/Product/Texture/Image/IconTools/Clo10510059071.png	[80233]	105596	32	84	Assets/Product/Texture/Image/Role/RoleHeadR6Yongyechao1.png	Assets/Product/Texture/Image/Role/RoleHeadR6Yongyechao3.png	Assets/Product/Texture/Image/Role/RoleHeadR6Yongyechao6.png	Assets/Product/Texture/Image/RoleCharacter/RoleHeadR6Yongyechao1.png	Assets/Product/Texture/Image/RoleCharacter/RoleHeadR6Yongyechao6.png	Assets/Product/Texture/Image/Role/RoleHeadR6Yongyechao6.png	Assets/Product/Texture/Image/Role/RoleHeadR6Yongyechao4.png	Assets/Product/Texture/Image/IconToolsSp/RoleHeadR6Yongyechao2Sp.png	Assets/Product/Texture/Image/IconTools/RoleHeadR6Yongyechao2.png	Assets/Product/Texture/Image/RoleStory/V2170qsNormal02.png	Assets/Product/Texture/Image/RoleCharacterBig/RoleCharacterBigR6YongyechaoNormal01.png	Assets/Product/Texture/Image/RoleCharacter/RoleHeadR6Yongyechao3.png	Assets/Product/Texture/Image/IconCoating/IconCoating6004505.png	Bip001RForearm	Assets/Product/Effect/Prefab/FxR5YongyechaoPrefab/R5YongyechaoMd019071/FxR5YongyechaoBip001RForearm.prefab	151	9010283									
6004506	1051005	1050506	虹夜☆漫游	6	1003	地平线系列——七实·芒星之迹	乘客名：七实 列车：银河特快999号 搭乘距离：计算中 目的地：最远的一颗星星 温馨提醒：本趟列车行驶速度已经突破光速，超光速，银河膨胀速度……已经测不过来了！算了，那就往宇宙的最深处，一口气上吧☆	Assets/Product/Texture/Image/IconToolsSp/Clo10510059031Sp.png	Assets/Product/Texture/Image/IconTools/Clo10510059031.png	[80304,80283]	105595	32	84	Assets/Product/Texture/Image/Role/RoleHeadR6Yongyechao1.png	Assets/Product/Texture/Image/Role/RoleHeadR6Yongyechao3.png	Assets/Product/Texture/Image/Role/RoleHeadR6Yongyechao7.png	Assets/Product/Texture/Image/RoleCharacter/RoleHeadR6Yongyechao1.png	Assets/Product/Texture/Image/RoleCharacter/RoleHeadR6Yongyechao7.png	Assets/Product/Texture/Image/Role/RoleHeadR6Yongyechao7.png	Assets/Product/Texture/Image/Role/RoleHeadR6Yongyechao4.png	Assets/Product/Texture/Image/IconToolsSp/RoleHeadR6Yongyechao2Sp.png	Assets/Product/Texture/Image/IconTools/RoleHeadR6Yongyechao2.png	Assets/Product/Texture/Image/RoleStory/V2170qsNormal02.png	Assets/Product/Texture/Image/RoleCharacterBig/RoleCharacterBigR6YongyechaoNormal01.png	Assets/Product/Texture/Image/RoleCharacter/RoleHeadR6Yongyechao3.png	Assets/Product/Texture/Image/IconCoating/IconCoating6004506.png	Bip001RForearm	Assets/Product/Effect/Prefab/FxR5YongyechaoPrefab/R5YongyechaoMd019031/FxR5YongyechaoBip001RForearm.prefab	174	9010299									
6004601	1321003	1320301	泛用式	1	9000	初始系列——伊什梅尔·幻日	构造体生产出来时配给的服装。	Assets/Product/Texture/Image/IconToolsSp/Clo13210030101Sp.png	Assets/Product/Texture/Image/IconTools/Clo13210030101.png	[19065]	132399	32	3	Assets/Product/Texture/Image/Role/RoleHeadR3Cibeizhe1.png	Assets/Product/Texture/Image/Role/RoleHeadR3Cibeizhe3.png	Assets/Product/Texture/Image/Role/RoleHeadR3Cibeizhe1.png	Assets/Product/Texture/Image/RoleCharacter/RoleHeadR3Cibeizhe1.png	Assets/Product/Texture/Image/RoleCharacter/RoleHeadR3Cibeizhe1.png	Assets/Product/Texture/Image/Role/RoleHeadR3Cibeizhe2.png	Assets/Product/Texture/Image/Role/RoleHeadR3Cibeizhe4.png	Assets/Product/Texture/Image/IconToolsSp/RoleHeadR3Cibeizhe2Sp.png	Assets/Product/Texture/Image/IconTools/RoleHeadR3Cibeizhe2.png	Assets/Product/Texture/Image/RoleStory/V3000CbzNormal04.png	Assets/Product/Texture/Image/RoleCharacterBig/RoleCharacterBigR3CibeizheNormal01.png	Assets/Product/Texture/Image/RoleCharacter/RoleHeadR3Cibeizhe3.png	Assets/Product/Texture/Image/IconCoating/IconCoating6000704.png	Bip001RForearm	Assets/Product/Effect/Prefab/FxR3CibeizhePrefab/Common/FxR3CibeizhePinzhiBip001RForearm.prefab	136										
6004602	1321003	1320302	泛用式·改	2	9000	初始系列——伊什梅尔·幻日	构造体[初阶]解放后，获得权限根据爱好修改的服装。	Assets/Product/Texture/Image/IconToolsSp/Clo13210030102Sp.png	Assets/Product/Texture/Image/IconTools/Clo13210030102.png	[19065]	132398	32	6	Assets/Product/Texture/Image/Role/RoleHeadR3Cibeizhe1.png	Assets/Product/Texture/Image/Role/RoleHeadR3Cibeizhe3.png	Assets/Product/Texture/Image/Role/RoleHeadR3Cibeizhe1.png	Assets/Product/Texture/Image/RoleCharacter/RoleHeadR3Cibeizhe1.png	Assets/Product/Texture/Image/RoleCharacter/RoleHeadR3Cibeizhe1.png	Assets/Product/Texture/Image/Role/RoleHeadR3Cibeizhe2.png	Assets/Product/Texture/Image/Role/RoleHeadR3Cibeizhe4.png	Assets/Product/Texture/Image/IconToolsSp/RoleHeadR3Cibeizhe2Sp.png	Assets/Product/Texture/Image/IconTools/RoleHeadR3Cibeizhe2.png	Assets/Product/Texture/Image/RoleStory/V3000CbzNormal04.png	Assets/Product/Texture/Image/RoleCharacterBig/RoleCharacterBigR3CibeizheNormal01.png	Assets/Product/Texture/Image/RoleCharacter/RoleHeadR3Cibeizhe3.png	Assets/Product/Texture/Image/IconCoating/IconCoating6000704.png	Bip001RForearm	Assets/Product/Effect/Prefab/FxR3CibeizhePrefab/Common/FxR3CibeizhePinzhiBip001RForearm.prefab	136										
6004603	1321003	1320303	泛用式·终	2	9000	初始系列——伊什梅尔·幻日	构造体[高阶]解放后，根据个人意愿修改的服装，完好的体现了本人意识海的特征。	Assets/Product/Texture/Image/IconToolsSp/Clo13210030103Sp.png	Assets/Product/Texture/Image/IconTools/Clo13210030103.png	[19065]	132397	32	9	Assets/Product/Texture/Image/Role/RoleHeadR3Cibeizhe1.png	Assets/Product/Texture/Image/Role/RoleHeadR3Cibeizhe3.png	Assets/Product/Texture/Image/Role/RoleHeadR3Cibeizhe1.png	Assets/Product/Texture/Image/RoleCharacter/RoleHeadR3Cibeizhe1.png	Assets/Product/Texture/Image/RoleCharacter/RoleHeadR3Cibeizhe1.png	Assets/Product/Texture/Image/Role/RoleHeadR3Cibeizhe2.png	Assets/Product/Texture/Image/Role/RoleHeadR3Cibeizhe4.png	Assets/Product/Texture/Image/IconToolsSp/RoleHeadR3Cibeizhe2Sp.png	Assets/Product/Texture/Image/IconTools/RoleHeadR3Cibeizhe2.png	Assets/Product/Texture/Image/RoleStory/V3000CbzNormal04.png	Assets/Product/Texture/Image/RoleCharacterBig/RoleCharacterBigR3CibeizheNormal01.png	Assets/Product/Texture/Image/RoleCharacter/RoleHeadR3Cibeizhe3.png	Assets/Product/Texture/Image/IconCoating/IconCoating6000704.png	Bip001RForearm	Assets/Product/Effect/Prefab/FxR3CibeizhePrefab/Common/FxR3CibeizhePinzhiBip001RForearm.prefab	136										
6004604	1321003	1320304	御衡圣翼	6	1029	游诗歌谣系列——伊什梅尔·幻日	苍茫薄暮，天边微微泛起星光。女神端坐山巅，饶有兴致地凭眺汪洋，在那清幽的眸底，一叶孤帆从风暴冲出，满舵转航，驶向远方……她莞然浅笑，挥动起了手中的画笔，记叙下了又一位英雄的史诗。	Assets/Product/Texture/Image/IconToolsSp/Clo13210039011Sp.png	Assets/Product/Texture/Image/IconTools/Clo13210039011.png	[80209,80210]	132396	32	84	Assets/Product/Texture/Image/Role/RoleHeadR3Cibeizhe1.png	Assets/Product/Texture/Image/Role/RoleHeadR3Cibeizhe3.png	Assets/Product/Texture/Image/Role/RoleHeadR3Cibeizhe5.png	Assets/Product/Texture/Image/RoleCharacter/RoleHeadR3Cibeizhe1.png	Assets/Product/Texture/Image/RoleCharacter/RoleHeadR3Cibeizhe5.png	Assets/Product/Texture/Image/Role/RoleHeadR3Cibeizhe5.png	Assets/Product/Texture/Image/Role/RoleHeadR3Cibeizhe4.png	Assets/Product/Texture/Image/IconToolsSp/RoleHeadR3Cibeizhe2Sp.png	Assets/Product/Texture/Image/IconTools/RoleHeadR3Cibeizhe2.png	Assets/Product/Texture/Image/RoleStory/V3000CbzNormal04.png	Assets/Product/Texture/Image/RoleCharacterBig/RoleCharacterBigR3CibeizheNormal01.png	Assets/Product/Texture/Image/RoleCharacter/RoleHeadR3Cibeizhe3.png	Assets/Product/Texture/Image/IconCoating/IconCoating6004604.png	Bip001RForearm	Assets/Product/Effect/Prefab/FxR3CibeizhePrefab/Common/FxR3CibeizhePinzhiBip001RForearm.prefab	139	9010274									
6004605	1321003	1320305	巫渺魂祀	6	1014	霓裳系列——伊什梅尔·幻日	巫魂渺渺起幽烟，雾隐离歌祭九天。神女垂眸，抚着时间的流沙，唤醒沉睡千年的魂灵。烟波如歌，虚幻无形。情独私怀，求之至曙。	Assets/Product/Texture/Image/IconToolsSp/Clo13210039141Sp.png	Assets/Product/Texture/Image/IconTools/Clo13210039141.png	[80239]	132395	32	84	Assets/Product/Texture/Image/Role/RoleHeadR3Cibeizhe1.png	Assets/Product/Texture/Image/Role/RoleHeadR3Cibeizhe3.png	Assets/Product/Texture/Image/Role/RoleHeadR3Cibeizhe6.png	Assets/Product/Texture/Image/RoleCharacter/RoleHeadR3Cibeizhe1.png	Assets/Product/Texture/Image/RoleCharacter/RoleHeadR3Cibeizhe6.png	Assets/Product/Texture/Image/Role/RoleHeadR3Cibeizhe6.png	Assets/Product/Texture/Image/Role/RoleHeadR3Cibeizhe4.png	Assets/Product/Texture/Image/IconToolsSp/RoleHeadR3Cibeizhe2Sp.png	Assets/Product/Texture/Image/IconTools/RoleHeadR3Cibeizhe2.png	Assets/Product/Texture/Image/RoleStory/V3000CbzNormal04.png	Assets/Product/Texture/Image/RoleCharacterBig/RoleCharacterBigR3CibeizheNormal01.png	Assets/Product/Texture/Image/RoleCharacter/RoleHeadR3Cibeizhe3.png	Assets/Product/Texture/Image/IconCoating/IconCoating6004605.png	Bip001RForearm	Assets/Product/Effect/Prefab/FxR3CibeizhePrefab/Common/FxR3CibeizhePinzhiBip001RForearm.prefab	154	9010284									
6004606	1321003	1320306	夜诏终章	6	1029	游诗歌谣系列——伊什梅尔·幻日	在永夜降临之际，命运之主点燃不灭的烛火，她行走于黑暗的回廊，将昔日的荣耀和秘辛一同封存进长夜。她在流转的时光中守候，璀璨的宝冠似星辰般永不褪色，她等待着，等待着时光流转殆尽之前，那能解出她唇边神秘笑意的命定之人走向她的宝座。	Assets/Product/Texture/Image/IconToolsSp/Clo13210039231Sp.png	Assets/Product/Texture/Image/IconTools/Clo13210039231.png	[80271]	132394	32	84	Assets/Product/Texture/Image/Role/RoleHeadR3Cibeizhe1.png	Assets/Product/Texture/Image/Role/RoleHeadR3Cibeizhe3.png	Assets/Product/Texture/Image/Role/RoleHeadR3Cibeizhe7.png	Assets/Product/Texture/Image/RoleCharacter/RoleHeadR3Cibeizhe1.png	Assets/Product/Texture/Image/RoleCharacter/RoleHeadR3Cibeizhe7.png	Assets/Product/Texture/Image/Role/RoleHeadR3Cibeizhe7.png	Assets/Product/Texture/Image/Role/RoleHeadR3Cibeizhe4.png	Assets/Product/Texture/Image/IconToolsSp/RoleHeadR3Cibeizhe2Sp.png	Assets/Product/Texture/Image/IconTools/RoleHeadR3Cibeizhe2.png	Assets/Product/Texture/Image/RoleStory/V3000CbzNormal04.png	Assets/Product/Texture/Image/RoleCharacterBig/RoleCharacterBigR3CibeizheNormal01.png	Assets/Product/Texture/Image/RoleCharacter/RoleHeadR3Cibeizhe3.png	Assets/Product/Texture/Image/IconCoating/IconCoating6004606.png	Bip001RForearm	Assets/Product/Effect/Prefab/FxR3CibeizhePrefab/Common/FxR3CibeizhePinzhiBip001RForearm.prefab	167			[50158]	Assets/Product/Texture/Image/RoleStory/V4000CbzNormal01.png						
6004701	1331003	1330301	泛用式	1	9000	初始系列——莉莉丝·谬影	构造体生产出来时配给的服装。	Assets/Product/Texture/Image/IconToolsSp/Clo13310030101Sp.png	Assets/Product/Texture/Image/IconTools/Clo13310030101.png	[19066]	133399	32	3	Assets/Product/Texture/Image/Role/RoleHeadR3Lilith1.png	Assets/Product/Texture/Image/Role/RoleHeadR3Lilith3.png	Assets/Product/Texture/Image/Role/RoleHeadR3Lilith1.png	Assets/Product/Texture/Image/RoleCharacter/RoleHeadR3Lilith1.png	Assets/Product/Texture/Image/RoleCharacter/RoleHeadR3Lilith1.png	Assets/Product/Texture/Image/Role/RoleHeadR3Lilith2.png	Assets/Product/Texture/Image/Role/RoleHeadR3Lilith4.png	Assets/Product/Texture/Image/IconToolsSp/RoleHeadR3Lilith2Sp.png	Assets/Product/Texture/Image/IconTools/RoleHeadR3Lilith2.png	Assets/Product/Texture/Image/RoleStory/V3100llsNormal01.png	Assets/Product/Texture/Image/RoleCharacterBig/RoleCharacterBigR3LilithNormal01.png	Assets/Product/Texture/Image/RoleCharacter/RoleHeadR3Lilith3.png	Assets/Product/Texture/Image/IconCoating/IconCoating6000704.png	Bip001RForearm	Assets/Product/Effect/Prefab/FxR3CibeizhePrefab/Common/FxR3CibeizhePinzhiBip001RForearm.prefab	140										
6004702	1331003	1330302	泛用式·改	2	9000	初始系列——莉莉丝·谬影	构造体[初阶]解放后，获得权限根据爱好修改的服装。	Assets/Product/Texture/Image/IconToolsSp/Clo13310030102Sp.png	Assets/Product/Texture/Image/IconTools/Clo13310030102.png	[19066]	133398	32	6	Assets/Product/Texture/Image/Role/RoleHeadR3Lilith1.png	Assets/Product/Texture/Image/Role/RoleHeadR3Lilith3.png	Assets/Product/Texture/Image/Role/RoleHeadR3Lilith1.png	Assets/Product/Texture/Image/RoleCharacter/RoleHeadR3Lilith1.png	Assets/Product/Texture/Image/RoleCharacter/RoleHeadR3Lilith1.png	Assets/Product/Texture/Image/Role/RoleHeadR3Lilith2.png	Assets/Product/Texture/Image/Role/RoleHeadR3Lilith4.png	Assets/Product/Texture/Image/IconToolsSp/RoleHeadR3Lilith2Sp.png	Assets/Product/Texture/Image/IconTools/RoleHeadR3Lilith2.png	Assets/Product/Texture/Image/RoleStory/V3100llsNormal01.png	Assets/Product/Texture/Image/RoleCharacterBig/RoleCharacterBigR3LilithNormal01.png	Assets/Product/Texture/Image/RoleCharacter/RoleHeadR3Lilith3.png	Assets/Product/Texture/Image/IconCoating/IconCoating6000704.png	Bip001RForearm	Assets/Product/Effect/Prefab/FxR3CibeizhePrefab/Common/FxR3CibeizhePinzhiBip001RForearm.prefab	140										
6004703	1331003	1330303	泛用式·终	2	9000	初始系列——莉莉丝·谬影	构造体[高阶]解放后，根据个人意愿修改的服装，完好的体现了本人意识海的特征。	Assets/Product/Texture/Image/IconToolsSp/Clo13310030103Sp.png	Assets/Product/Texture/Image/IconTools/Clo13310030103.png	[19066]	133397	32	9	Assets/Product/Texture/Image/Role/RoleHeadR3Lilith1.png	Assets/Product/Texture/Image/Role/RoleHeadR3Lilith3.png	Assets/Product/Texture/Image/Role/RoleHeadR3Lilith1.png	Assets/Product/Texture/Image/RoleCharacter/RoleHeadR3Lilith1.png	Assets/Product/Texture/Image/RoleCharacter/RoleHeadR3Lilith1.png	Assets/Product/Texture/Image/Role/RoleHeadR3Lilith2.png	Assets/Product/Texture/Image/Role/RoleHeadR3Lilith4.png	Assets/Product/Texture/Image/IconToolsSp/RoleHeadR3Lilith2Sp.png	Assets/Product/Texture/Image/IconTools/RoleHeadR3Lilith2.png	Assets/Product/Texture/Image/RoleStory/V3100llsNormal01.png	Assets/Product/Texture/Image/RoleCharacterBig/RoleCharacterBigR3LilithNormal01.png	Assets/Product/Texture/Image/RoleCharacter/RoleHeadR3Lilith3.png	Assets/Product/Texture/Image/IconCoating/IconCoating6000704.png	Bip001RForearm	Assets/Product/Effect/Prefab/FxR3CibeizhePrefab/Common/FxR3CibeizhePinzhiBip001RForearm.prefab	140										
6004704	1331003	1330304	遐寐矜妄	5	1009	新生活系列——莉莉丝·谬影	风将夜曲送至街头巷尾，哄城镇陷入温柔的假寐。喧嚣的舞会早已落幕，客人散尽后的大厅格外空荡，她独自侧卧进柔软沙发椅，倾听着梦深处的喃喃细语。柔和的夜色暂时消弭了蛊惑，但终有一日她会卸下抵抗，任由秉性无尽蔓延，直到如焰的狂妄灼穿所有的伪装。	Assets/Product/Texture/Image/IconToolsSp/Clo13310039231Sp.png	Assets/Product/Texture/Image/IconTools/Clo13310039231.png	[80214,80215]	133396	32	14	Assets/Product/Texture/Image/Role/RoleHeadR3Lilith1.png	Assets/Product/Texture/Image/Role/RoleHeadR3Lilith3.png	Assets/Product/Texture/Image/Role/RoleHeadR3Lilith1.png	Assets/Product/Texture/Image/RoleCharacter/RoleHeadR3Lilith1.png	Assets/Product/Texture/Image/RoleCharacter/RoleHeadR3Lilith1.png	Assets/Product/Texture/Image/Role/RoleHeadR3Lilith2.png	Assets/Product/Texture/Image/Role/RoleHeadR3Lilith4.png	Assets/Product/Texture/Image/IconToolsSp/RoleHeadR3Lilith2Sp.png	Assets/Product/Texture/Image/IconTools/RoleHeadR3Lilith2.png	Assets/Product/Texture/Image/RoleStory/V3100llsNormal01.png	Assets/Product/Texture/Image/RoleCharacterBig/RoleCharacterBigR3LilithNormal01.png	Assets/Product/Texture/Image/RoleCharacter/RoleHeadR3Lilith3.png	Assets/Product/Texture/Image/IconCoating/IconCoating6004704.png	Bip001RForearm	Assets/Product/Effect/Prefab/FxR3CibeizhePrefab/Common/FxR3CibeizhePinzhiBip001RForearm.prefab	140										
6004705	1331003	1330305	妖蛊魇色	6	1014	霓裳系列——莉莉丝·谬影	众人说蛇蝎永远无法胜利，而她却找到梦寐以求的东西。可怜的人儿啊，从来没有过全身而退的机会——夜色浓时的孽缘，每一场精心策划的舞会；甜蜜的流沙早已将理智包围，尖尖的高跟鞋抵着你的红心；丹祺唇色，是瞳间匕光的最佳点缀。他们说要远离，但谁能阻止你？	Assets/Product/Texture/Image/IconToolsSp/Clo13310039041Sp.png	Assets/Product/Texture/Image/IconTools/Clo13310039041.png	[80225]	133395	32	84	Assets/Product/Texture/Image/Role/RoleHeadR3Lilith1.png	Assets/Product/Texture/Image/Role/RoleHeadR3Lilith3.png	Assets/Product/Texture/Image/Role/RoleHeadR3Lilith5.png	Assets/Product/Texture/Image/RoleCharacter/RoleHeadR3Lilith1.png	Assets/Product/Texture/Image/RoleCharacter/RoleHeadR3Lilith5.png	Assets/Product/Texture/Image/Role/RoleHeadR3Lilith5.png	Assets/Product/Texture/Image/Role/RoleHeadR3Lilith4.png	Assets/Product/Texture/Image/IconToolsSp/RoleHeadR3Lilith2Sp.png	Assets/Product/Texture/Image/IconTools/RoleHeadR3Lilith2.png	Assets/Product/Texture/Image/RoleStory/V3100llsNormal01.png	Assets/Product/Texture/Image/RoleCharacterBig/RoleCharacterBigR3LilithNormal01.png	Assets/Product/Texture/Image/RoleCharacter/RoleHeadR3Lilith3.png	Assets/Product/Texture/Image/IconCoating/IconCoating6004705.png	Bip001RForearm	Assets/Product/Effect/Prefab/FxR3CibeizhePrefab/Common/FxR3CibeizhePinzhiBip001RForearm.prefab	147	9010281									
6004706	1331003	1330306	诡祚轮契	6	1041	神寂启示录——莉莉丝·谬影	骨制的赌盘在永不止息的疯转，无人知晓这赌局何时开始，正如无人能数清楚高垒的筹码之下到底典押了多少灵魂。赢来一切？再输掉所有？胜负不过是所掷出玛门金币的正反两面。当金芒交转的扑克厘清生死，她笑着将对手的恐惧与绝望收入囊中——毕竟，庄家从不需要运气，只需要静待下一位赌徒将一切押上赌桌。	Assets/Product/Texture/Image/IconToolsSp/Clo13310039281Sp.png	Assets/Product/Texture/Image/IconTools/Clo13310039281.png	[80263]	133395	32	84	Assets/Product/Texture/Image/Role/RoleHeadR3Lilith1.png	Assets/Product/Texture/Image/Role/RoleHeadR3Lilith3.png	Assets/Product/Texture/Image/Role/RoleHeadR3Lilith6.png	Assets/Product/Texture/Image/RoleCharacter/RoleHeadR3Lilith1.png	Assets/Product/Texture/Image/RoleCharacter/RoleHeadR3Lilith6.png	Assets/Product/Texture/Image/Role/RoleHeadR3Lilith6.png	Assets/Product/Texture/Image/Role/RoleHeadR3Lilith4.png	Assets/Product/Texture/Image/IconToolsSp/RoleHeadR3Lilith2Sp.png	Assets/Product/Texture/Image/IconTools/RoleHeadR3Lilith2.png	Assets/Product/Texture/Image/RoleStory/V3100llsNormal01.png	Assets/Product/Texture/Image/RoleCharacterBig/RoleCharacterBigR3LilithNormal01.png	Assets/Product/Texture/Image/RoleCharacter/RoleHeadR3Lilith3.png	Assets/Product/Texture/Image/IconCoating/IconCoating6004706.png	Bip001RForearm	Assets/Product/Effect/Prefab/FxR3LilithPrefab/R3LilithMd019281/FxR3LilithBip001RForearm.prefab	164	9010295				3	Assets/Product/Texture/Image/UiFashionSuit/UiFashionSuit01Shenji/UiFashionSuitShenji01.png	Assets/Product/Texture/Image/UiFashionSuit/UiFashionSuit01Shenji/UiFashionSuitShenji01.png			
6004801	1531005	1530501	泛用式	1	9000	初始系列——赛琳娜·希声	构造体生产出来时配给的服装。	Assets/Product/Texture/Image/IconToolsSp/Clo15310050101Sp.png	Assets/Product/Texture/Image/IconTools/Clo15310050101.png	[19067]	153599	32	3	Assets/Product/Texture/Image/Role/RoleHeadR5Sailinna1.png	Assets/Product/Texture/Image/Role/RoleHeadR5Sailinna3.png	Assets/Product/Texture/Image/Role/RoleHeadR5Sailinna1.png	Assets/Product/Texture/Image/RoleCharacter/RoleHeadR5Sailinna1.png	Assets/Product/Texture/Image/RoleCharacter/RoleHeadR5Sailinna1.png	Assets/Product/Texture/Image/Role/RoleHeadR5Sailinna2.png	Assets/Product/Texture/Image/Role/RoleHeadR5Sailinna4.png	Assets/Product/Texture/Image/IconToolsSp/RoleHeadR5Sailinna2Sp.png	Assets/Product/Texture/Image/IconTools/RoleHeadR5Sailinna2.png	Assets/Product/Texture/Image/RoleStory/V3200saiNormal01.png	Assets/Product/Texture/Image/RoleCharacterBig/RoleCharacterBigR5SailinnaNormal01.png	Assets/Product/Texture/Image/RoleCharacter/RoleHeadR5Sailinna3.png	Assets/Product/Texture/Image/IconCoating/IconCoating6000704.png	Bip001RForearm	Assets/Product/Effect/Prefab/FxR3CibeizhePrefab/Common/FxR3CibeizhePinzhiBip001RForearm.prefab	142										
6004802	1531005	1530502	泛用式·改	2	9000	初始系列——赛琳娜·希声	构造体[初阶]解放后，获得权限根据爱好修改的服装。	Assets/Product/Texture/Image/IconToolsSp/Clo15310050102Sp.png	Assets/Product/Texture/Image/IconTools/Clo15310050102.png	[19067]	153598	32	6	Assets/Product/Texture/Image/Role/RoleHeadR5Sailinna1.png	Assets/Product/Texture/Image/Role/RoleHeadR5Sailinna3.png	Assets/Product/Texture/Image/Role/RoleHeadR5Sailinna1.png	Assets/Product/Texture/Image/RoleCharacter/RoleHeadR5Sailinna1.png	Assets/Product/Texture/Image/RoleCharacter/RoleHeadR5Sailinna1.png	Assets/Product/Texture/Image/Role/RoleHeadR5Sailinna2.png	Assets/Product/Texture/Image/Role/RoleHeadR5Sailinna4.png	Assets/Product/Texture/Image/IconToolsSp/RoleHeadR5Sailinna2Sp.png	Assets/Product/Texture/Image/IconTools/RoleHeadR5Sailinna2.png	Assets/Product/Texture/Image/RoleStory/V3200saiNormal01.png	Assets/Product/Texture/Image/RoleCharacterBig/RoleCharacterBigR5SailinnaNormal01.png	Assets/Product/Texture/Image/RoleCharacter/RoleHeadR5Sailinna3.png	Assets/Product/Texture/Image/IconCoating/IconCoating6000704.png	Bip001RForearm	Assets/Product/Effect/Prefab/FxR3CibeizhePrefab/Common/FxR3CibeizhePinzhiBip001RForearm.prefab	142										
6004803	1531005	1530503	泛用式·终	2	9000	初始系列——赛琳娜·希声	构造体[高阶]解放后，根据个人意愿修改的服装，完好的体现了本人意识海的特征。	Assets/Product/Texture/Image/IconToolsSp/Clo15310050103Sp.png	Assets/Product/Texture/Image/IconTools/Clo15310050103.png	[19067]	153597	32	9	Assets/Product/Texture/Image/Role/RoleHeadR5Sailinna1.png	Assets/Product/Texture/Image/Role/RoleHeadR5Sailinna3.png	Assets/Product/Texture/Image/Role/RoleHeadR5Sailinna1.png	Assets/Product/Texture/Image/RoleCharacter/RoleHeadR5Sailinna1.png	Assets/Product/Texture/Image/RoleCharacter/RoleHeadR5Sailinna1.png	Assets/Product/Texture/Image/Role/RoleHeadR5Sailinna2.png	Assets/Product/Texture/Image/Role/RoleHeadR5Sailinna4.png	Assets/Product/Texture/Image/IconToolsSp/RoleHeadR5Sailinna2Sp.png	Assets/Product/Texture/Image/IconTools/RoleHeadR5Sailinna2.png	Assets/Product/Texture/Image/RoleStory/V3200saiNormal01.png	Assets/Product/Texture/Image/RoleCharacterBig/RoleCharacterBigR5SailinnaNormal01.png	Assets/Product/Texture/Image/RoleCharacter/RoleHeadR5Sailinna3.png	Assets/Product/Texture/Image/IconCoating/IconCoating6000704.png	Bip001RForearm	Assets/Product/Effect/Prefab/FxR3CibeizhePrefab/Common/FxR3CibeizhePinzhiBip001RForearm.prefab	142										
6004804	1531005	1530504	曜弦游吟	6	1029	游诗歌谣系列——赛琳娜·希声	她脚步穿过日夜流转，十四句的思念中，弦音如诉。少女轻拨琴弦，迷失的季节里，微光下的阴影不再照向归途，她低吟歌乐，奏响下一场剧目的开演。	Assets/Product/Texture/Image/IconToolsSp/Clo15310059011Sp.png	Assets/Product/Texture/Image/IconTools/Clo15310059011.png	[80221,80222]	153596	32	84	Assets/Product/Texture/Image/Role/RoleHeadR5Sailinna1.png	Assets/Product/Texture/Image/Role/RoleHeadR5Sailinna3.png	Assets/Product/Texture/Image/Role/RoleHeadR5Sailinna5.png	Assets/Product/Texture/Image/RoleCharacter/RoleHeadR5Sailinna1.png	Assets/Product/Texture/Image/RoleCharacter/RoleHeadR5Sailinna5.png	Assets/Product/Texture/Image/Role/RoleHeadR5Sailinna5.png	Assets/Product/Texture/Image/Role/RoleHeadR5Sailinna4.png	Assets/Product/Texture/Image/IconToolsSp/RoleHeadR5Sailinna2Sp.png	Assets/Product/Texture/Image/IconTools/RoleHeadR5Sailinna2.png	Assets/Product/Texture/Image/RoleStory/V3200saiNormal01.png	Assets/Product/Texture/Image/RoleCharacterBig/RoleCharacterBigR5SailinnaNormal01.png	Assets/Product/Texture/Image/RoleCharacter/RoleHeadR5Sailinna3.png	Assets/Product/Texture/Image/IconCoating/IconCoating6004305.png	Bip001RForearm	Assets/Product/Effect/Prefab/FxR3CibeizhePrefab/Common/FxR3CibeizhePinzhiBip001RForearm.prefab	143	9010279									
6004805	1531005	1530505	缘纺祈糸	6	1037	寰星之屿系列——赛琳娜·希声	晨光熹微，晕染开山林的轮廓。苔藓青石，古木参天，一切都浸沉在虔敬的祈愿里。祝词奏上，三献仪礼，轻轻捧起盛满誓约的朱杯，指尖相触的瞬间，暖意流转。共饮清冽甘醇，将两颗心、两段未来，就此温柔缔结。这段由缘结成的羁绊，定将温暖和睦，地久天长。	Assets/Product/Texture/Image/IconToolsSp/Clo15310059371Sp.png	Assets/Product/Texture/Image/IconTools/Clo15310059371.png	[80248]	153595	32	84	Assets/Product/Texture/Image/Role/RoleHeadR5Sailinna1.png	Assets/Product/Texture/Image/Role/RoleHeadR5Sailinna3.png	Assets/Product/Texture/Image/Role/RoleHeadR5Sailinna6.png	Assets/Product/Texture/Image/RoleCharacter/RoleHeadR5Sailinna1.png	Assets/Product/Texture/Image/RoleCharacter/RoleHeadR5Sailinna6.png	Assets/Product/Texture/Image/Role/RoleHeadR5Sailinna6.png	Assets/Product/Texture/Image/Role/RoleHeadR5Sailinna4.png	Assets/Product/Texture/Image/IconToolsSp/RoleHeadR5Sailinna2Sp.png	Assets/Product/Texture/Image/IconTools/RoleHeadR5Sailinna2.png	Assets/Product/Texture/Image/RoleStory/V3200saiNormal01.png	Assets/Product/Texture/Image/RoleCharacterBig/RoleCharacterBigR5SailinnaNormal01.png	Assets/Product/Texture/Image/RoleCharacter/RoleHeadR5Sailinna3.png	Assets/Product/Texture/Image/IconCoating/IconCoating6004805.png	Bip001RForearm	Assets/Product/Effect/Prefab/FxR5SailinnaPrefab/R5SailinnaMd019371/FxR5SailinnaBip001RForearm.prefab	157			[50150]	Assets/Product/Texture/Image/UiGachaSelena/V3600saiNormal01.png						
6004806	1531005	1530506	汐光曳影	6	1043	汐落浮光系列——赛琳娜·希声	暮色将海面染成温柔的颜色，白日的暑热已然消散，唯余沁入心脾的凉意，静静地彼此携手，共享这片沙滩上的宁静。在这片喧嚣已退的海域，唯有海潮的声音，和她的低语，共同编织成这个夏天令人想要永远珍藏的回忆。	Assets/Product/Texture/Image/IconToolsSp/Clo15310059271Sp.png	Assets/Product/Texture/Image/IconTools/Clo15310059271.png	[80313]	153594	32	84	Assets/Product/Texture/Image/Role/RoleHeadR5Sailinna1.png	Assets/Product/Texture/Image/Role/RoleHeadR5Sailinna3.png	Assets/Product/Texture/Image/Role/RoleHeadR5Sailinna7.png	Assets/Product/Texture/Image/RoleCharacter/RoleHeadR5Sailinna1.png	Assets/Product/Texture/Image/RoleCharacter/RoleHeadR5Sailinna7.png	Assets/Product/Texture/Image/Role/RoleHeadR5Sailinna7.png	Assets/Product/Texture/Image/Role/RoleHeadR5Sailinna4.png	Assets/Product/Texture/Image/IconToolsSp/RoleHeadR5Sailinna2Sp.png	Assets/Product/Texture/Image/IconTools/RoleHeadR5Sailinna2.png	Assets/Product/Texture/Image/RoleStory/V3200saiNormal01.png	Assets/Product/Texture/Image/RoleCharacterBig/RoleCharacterBigR5SailinnaNormal01.png	Assets/Product/Texture/Image/RoleCharacter/RoleHeadR5Sailinna3.png	Assets/Product/Texture/Image/IconCoating/IconCoating6004806.png	Bip001RForearm	Assets/Product/Effect/Prefab/FxR5SailinnaPrefab/R5SailinnaMd019271/FxR5SailinnaBip001RForearm.prefab	183	9010307				3	Assets/Product/Texture/Image/UiFashionSuit/UiFashionSuitMain03Xiari/UiFashionSuitXiari01.png	Assets/Product/Texture/Image/UiFashionSuit/UiFashionSuitMain03Xiari/UiFashionSuitXiari01.png			
6004901	1341002	1340201	泛用式	1	9000	初始系列——洁塔薇	构造体生产出来时配给的服装。	Assets/Product/Texture/Image/IconToolsSp/Clo13410020101Sp.png	Assets/Product/Texture/Image/IconTools/Clo13410020101.png	[19068]	134299	32	3	Assets/Product/Texture/Image/Role/RoleHeadR2Jietawei1.png	Assets/Product/Texture/Image/Role/RoleHeadR2Jietawei3.png	Assets/Product/Texture/Image/Role/RoleHeadR2Jietawei1.png	Assets/Product/Texture/Image/RoleCharacter/RoleHeadR2Jietawei1.png	Assets/Product/Texture/Image/RoleCharacter/RoleHeadR2Jietawei1.png	Assets/Product/Texture/Image/Role/RoleHeadR2Jietawei2.png	Assets/Product/Texture/Image/Role/RoleHeadR2Jietawei4.png	Assets/Product/Texture/Image/IconToolsSp/RoleHeadR2Jietawei2Sp.png	Assets/Product/Texture/Image/IconTools/RoleHeadR2Jietawei2.png	Assets/Product/Texture/Image/RoleStory/V3300jtwNormal02.png	Assets/Product/Texture/Image/RoleCharacterBig/RoleCharacterBigR2JietaweiNormal01.png	Assets/Product/Texture/Image/RoleCharacter/RoleHeadR2Jietawei3.png	Assets/Product/Texture/Image/IconCoating/IconCoating6000704.png	Bip001LForearm	Assets/Product/Effect/Prefab/FxR2Jietawei/Common/FxR2JietaweiBip001RForearm.prefab	146										
6004902	1341002	1340202	泛用式·改	2	9000	初始系列——洁塔薇	构造体[初阶]解放后，获得权限根据爱好修改的服装。	Assets/Product/Texture/Image/IconToolsSp/Clo13410020102Sp.png	Assets/Product/Texture/Image/IconTools/Clo13410020102.png	[19068]	134298	32	6	Assets/Product/Texture/Image/Role/RoleHeadR2Jietawei1.png	Assets/Product/Texture/Image/Role/RoleHeadR2Jietawei3.png	Assets/Product/Texture/Image/Role/RoleHeadR2Jietawei1.png	Assets/Product/Texture/Image/RoleCharacter/RoleHeadR2Jietawei1.png	Assets/Product/Texture/Image/RoleCharacter/RoleHeadR2Jietawei1.png	Assets/Product/Texture/Image/Role/RoleHeadR2Jietawei2.png	Assets/Product/Texture/Image/Role/RoleHeadR2Jietawei4.png	Assets/Product/Texture/Image/IconToolsSp/RoleHeadR2Jietawei2Sp.png	Assets/Product/Texture/Image/IconTools/RoleHeadR2Jietawei2.png	Assets/Product/Texture/Image/RoleStory/V3300jtwNormal02.png	Assets/Product/Texture/Image/RoleCharacterBig/RoleCharacterBigR2JietaweiNormal01.png	Assets/Product/Texture/Image/RoleCharacter/RoleHeadR2Jietawei3.png	Assets/Product/Texture/Image/IconCoating/IconCoating6000704.png	Bip001LForearm	Assets/Product/Effect/Prefab/FxR2Jietawei/Common/FxR2JietaweiBip001RForearm.prefab	146										
6004903	1341002	1340203	泛用式·终	2	9000	初始系列——洁塔薇	构造体[高阶]解放后，根据个人意愿修改的服装，完好的体现了本人意识海的特征。	Assets/Product/Texture/Image/IconToolsSp/Clo13410020103Sp.png	Assets/Product/Texture/Image/IconTools/Clo13410020103.png	[19068]	134297	32	9	Assets/Product/Texture/Image/Role/RoleHeadR2Jietawei1.png	Assets/Product/Texture/Image/Role/RoleHeadR2Jietawei3.png	Assets/Product/Texture/Image/Role/RoleHeadR2Jietawei1.png	Assets/Product/Texture/Image/RoleCharacter/RoleHeadR2Jietawei1.png	Assets/Product/Texture/Image/RoleCharacter/RoleHeadR2Jietawei1.png	Assets/Product/Texture/Image/Role/RoleHeadR2Jietawei2.png	Assets/Product/Texture/Image/Role/RoleHeadR2Jietawei4.png	Assets/Product/Texture/Image/IconToolsSp/RoleHeadR2Jietawei2Sp.png	Assets/Product/Texture/Image/IconTools/RoleHeadR2Jietawei2.png	Assets/Product/Texture/Image/RoleStory/V3300jtwNormal02.png	Assets/Product/Texture/Image/RoleCharacterBig/RoleCharacterBigR2JietaweiNormal01.png	Assets/Product/Texture/Image/RoleCharacter/RoleHeadR2Jietawei3.png	Assets/Product/Texture/Image/IconCoating/IconCoating6000704.png	Bip001LForearm	Assets/Product/Effect/Prefab/FxR2Jietawei/Common/FxR2JietaweiBip001RForearm.prefab	146										
6004904	1341002	1340204	翼痕悦趣	5	1009	新生活系列——洁塔薇	嘿，接住啦！里面有什么？唔……浓缩果汁？然后……大概还有牛磺酸、人参提取物、咖啡因……喝起来很浓烈？嘻嘻，才这种程度而已哦？喂，不许和我客气！喝下去……我说，喝、下、去~	Assets/Product/Texture/Image/IconToolsSp/Clo13410029011Sp.png	Assets/Product/Texture/Image/IconTools/Clo13410029011.png	[80226,80227]	134296	32	14	Assets/Product/Texture/Image/Role/RoleHeadR2Jietawei1.png	Assets/Product/Texture/Image/Role/RoleHeadR2Jietawei3.png	Assets/Product/Texture/Image/Role/RoleHeadR2Jietawei1.png	Assets/Product/Texture/Image/RoleCharacter/RoleHeadR2Jietawei1.png	Assets/Product/Texture/Image/RoleCharacter/RoleHeadR2Jietawei1.png	Assets/Product/Texture/Image/Role/RoleHeadR2Jietawei2.png	Assets/Product/Texture/Image/Role/RoleHeadR2Jietawei4.png	Assets/Product/Texture/Image/IconToolsSp/RoleHeadR2Jietawei2Sp.png	Assets/Product/Texture/Image/IconTools/RoleHeadR2Jietawei2.png	Assets/Product/Texture/Image/RoleStory/V3300jtwNormal02.png	Assets/Product/Texture/Image/RoleCharacterBig/RoleCharacterBigR2JietaweiNormal01.png	Assets/Product/Texture/Image/RoleCharacter/RoleHeadR2Jietawei3.png	Assets/Product/Texture/Image/IconCoating/IconCoating6004904.png	Bip001LForearm	Assets/Product/Effect/Prefab/FxR2Jietawei/Common/FxR2JietaweiBip001RForearm.prefab	146										
6004905	1341002	1340205	晴滩涟影	5	1027	阔海秘闻系列——洁塔薇	踩着拍打在沙滩上的海浪，沐浴金色阳光的少女递上冰沙，带着笑意将沁人心脾的凉爽分享。 夏天的绚烂在彼此对视的眼瞳中绽放，化作绮丽的虹彩，在心间永恒回荡。她将这些闪闪发光的记忆逐个拾起，小心珍藏，更贪心地许愿，希望有你在侧的瞬间，能够填满往后的每一个夏日时光。	Assets/Product/Texture/Image/IconToolsSp/Clo13410029271Sp.png	Assets/Product/Texture/Image/IconTools/Clo13410029271.png	[80252]	134296	32	14	Assets/Product/Texture/Image/Role/RoleHeadR2Jietawei1.png	Assets/Product/Texture/Image/Role/RoleHeadR2Jietawei3.png	Assets/Product/Texture/Image/Role/RoleHeadR2Jietawei1.png	Assets/Product/Texture/Image/RoleCharacter/RoleHeadR2Jietawei1.png	Assets/Product/Texture/Image/RoleCharacter/RoleHeadR2Jietawei1.png	Assets/Product/Texture/Image/Role/RoleHeadR2Jietawei2.png	Assets/Product/Texture/Image/Role/RoleHeadR2Jietawei4.png	Assets/Product/Texture/Image/IconToolsSp/RoleHeadR2Jietawei2Sp.png	Assets/Product/Texture/Image/IconTools/RoleHeadR2Jietawei2.png	Assets/Product/Texture/Image/RoleStory/V3300jtwNormal02.png	Assets/Product/Texture/Image/RoleCharacterBig/RoleCharacterBigR2JietaweiNormal01.png	Assets/Product/Texture/Image/RoleCharacter/RoleHeadR2Jietawei3.png	Assets/Product/Texture/Image/IconCoating/IconCoating6004905.png	Bip001LForearm	Assets/Product/Effect/Prefab/FxR2Jietawei/Common/FxR2JietaweiBip001RForearm.prefab	146										
6004906	1341002	1340206	烬色礼典	5	1009	新生活系列——洁塔薇	少女提起裙摆，轻盈地翻过校园的栏杆，深红礼裙在夜色中旋开，枪口绽放的火花成了她周身唯一的装饰。弹壳坠地，余烬在哀鸣中飘散，少女收枪，唇角扬起一抹顽皮的笑意——这场仅属于她的独舞，还远远未到落幕之时。	Assets/Product/Texture/Image/IconToolsSp/Clo13410029091Sp.png	Assets/Product/Texture/Image/IconTools/Clo13410029091.png	[80326]	134295	32	14	Assets/Product/Texture/Image/Role/RoleHeadR2Jietawei1.png	Assets/Product/Texture/Image/Role/RoleHeadR2Jietawei3.png	Assets/Product/Texture/Image/Role/RoleHeadR2Jietawei1.png	Assets/Product/Texture/Image/RoleCharacter/RoleHeadR2Jietawei1.png	Assets/Product/Texture/Image/RoleCharacter/RoleHeadR2Jietawei1.png	Assets/Product/Texture/Image/Role/RoleHeadR2Jietawei2.png	Assets/Product/Texture/Image/Role/RoleHeadR2Jietawei4.png	Assets/Product/Texture/Image/IconToolsSp/RoleHeadR2Jietawei2Sp.png	Assets/Product/Texture/Image/IconTools/RoleHeadR2Jietawei2.png	Assets/Product/Texture/Image/RoleStory/V3300jtwNormal02.png	Assets/Product/Texture/Image/RoleCharacterBig/RoleCharacterBigR2JietaweiNormal01.png	Assets/Product/Texture/Image/RoleCharacter/RoleHeadR2Jietawei3.png	Assets/Product/Texture/Image/IconCoating/IconCoating6004906.png	Bip001LForearm	Assets/Product/Effect/Prefab/FxR2Jietawei/Common/FxR2JietaweiBip001RForearm.prefab	146		2026/9/29 10:00								
6005001	1131004	1130401	泛用式	1	9000	初始系列——薇拉·灼惘	构造体生产出来时配给的服装。	Assets/Product/Texture/Image/IconToolsSp/Clo11310040101Sp.png	Assets/Product/Texture/Image/IconTools/Clo11310040101.png	[19069]	113499	32	3	Assets/Product/Texture/Image/Role/RoleHeadR4Weila1.png	Assets/Product/Texture/Image/Role/RoleHeadR4Weila3.png	Assets/Product/Texture/Image/Role/RoleHeadR4Weila1.png	Assets/Product/Texture/Image/RoleCharacter/RoleHeadR4Weila1.png	Assets/Product/Texture/Image/RoleCharacter/RoleHeadR4Weila1.png	Assets/Product/Texture/Image/Role/RoleHeadR4Weila2.png	Assets/Product/Texture/Image/Role/RoleHeadR4Weila4.png	Assets/Product/Texture/Image/IconToolsSp/RoleHeadR4Weila2Sp.png	Assets/Product/Texture/Image/IconTools/RoleHeadR4Weila2.png	Assets/Product/Texture/Image/RoleStory/V3400wlNormal12.png	Assets/Product/Texture/Image/RoleCharacterBig/RoleCharacterBigR4WeilaNormal01.png	Assets/Product/Texture/Image/RoleCharacter/RoleHeadR4Weila3.png	Assets/Product/Texture/Image/IconCoating/IconCoating6000704.png	BoneRForeArmTwist2	Assets/Product/Effect/Prefab/FxR4WeilaPrefab/Common/FxR4WeilaBoneRForeArmTwist2.prefab	150										
6005002	1131004	1130402	泛用式·改	2	9000	初始系列——薇拉·灼惘	构造体[初阶]解放后，获得权限根据爱好修改的服装。	Assets/Product/Texture/Image/IconToolsSp/Clo11310040102Sp.png	Assets/Product/Texture/Image/IconTools/Clo11310040102.png	[19069]	113498	32	6	Assets/Product/Texture/Image/Role/RoleHeadR4Weila1.png	Assets/Product/Texture/Image/Role/RoleHeadR4Weila3.png	Assets/Product/Texture/Image/Role/RoleHeadR4Weila1.png	Assets/Product/Texture/Image/RoleCharacter/RoleHeadR4Weila1.png	Assets/Product/Texture/Image/RoleCharacter/RoleHeadR4Weila1.png	Assets/Product/Texture/Image/Role/RoleHeadR4Weila2.png	Assets/Product/Texture/Image/Role/RoleHeadR4Weila4.png	Assets/Product/Texture/Image/IconToolsSp/RoleHeadR4Weila2Sp.png	Assets/Product/Texture/Image/IconTools/RoleHeadR4Weila2.png	Assets/Product/Texture/Image/RoleStory/V3400wlNormal12.png	Assets/Product/Texture/Image/RoleCharacterBig/RoleCharacterBigR4WeilaNormal01.png	Assets/Product/Texture/Image/RoleCharacter/RoleHeadR4Weila3.png	Assets/Product/Texture/Image/IconCoating/IconCoating6000704.png	BoneRForeArmTwist2	Assets/Product/Effect/Prefab/FxR4WeilaPrefab/Common/FxR4WeilaBoneRForeArmTwist2.prefab	150										
6005003	1131004	1130403	泛用式·终	2	9000	初始系列——薇拉·灼惘	构造体[高阶]解放后，根据个人意愿修改的服装，完好的体现了本人意识海的特征。	Assets/Product/Texture/Image/IconToolsSp/Clo11310040103Sp.png	Assets/Product/Texture/Image/IconTools/Clo11310040103.png	[19069]	113497	32	9	Assets/Product/Texture/Image/Role/RoleHeadR4Weila1.png	Assets/Product/Texture/Image/Role/RoleHeadR4Weila3.png	Assets/Product/Texture/Image/Role/RoleHeadR4Weila1.png	Assets/Product/Texture/Image/RoleCharacter/RoleHeadR4Weila1.png	Assets/Product/Texture/Image/RoleCharacter/RoleHeadR4Weila1.png	Assets/Product/Texture/Image/Role/RoleHeadR4Weila2.png	Assets/Product/Texture/Image/Role/RoleHeadR4Weila4.png	Assets/Product/Texture/Image/IconToolsSp/RoleHeadR4Weila2Sp.png	Assets/Product/Texture/Image/IconTools/RoleHeadR4Weila2.png	Assets/Product/Texture/Image/RoleStory/V3400wlNormal12.png	Assets/Product/Texture/Image/RoleCharacterBig/RoleCharacterBigR4WeilaNormal01.png	Assets/Product/Texture/Image/RoleCharacter/RoleHeadR4Weila3.png	Assets/Product/Texture/Image/IconCoating/IconCoating6000704.png	BoneRForeArmTwist2	Assets/Product/Effect/Prefab/FxR4WeilaPrefab/Common/FxR4WeilaBoneRForeArmTwist2.prefab	150										
6005004	1131004	1130404	焰骸孤冕	6	1041	神寂启示录系列——薇拉·灼惘	烬土边疆不再有黑夜，火焚谷上空的暮色延伸至永远。沉眠的「死亡骑士」从流放中归来，摆渡人要夺回属于自己的领地，重铸人间与地狱的通渠。古卷中的不祥秘密，却像不曾褪去的幽暗之火。她活着，她燃烧着；她爱着，她杀戮着；从河到海，她要亲自见证命定的终结。	Assets/Product/Texture/Image/IconToolsSp/Clo11310049011Sp.png	Assets/Product/Texture/Image/IconTools/Clo11310049011.png	[80231,80232]	113496	32	84	Assets/Product/Texture/Image/Role/RoleHeadR4Weila1.png	Assets/Product/Texture/Image/Role/RoleHeadR4Weila3.png	Assets/Product/Texture/Image/Role/RoleHeadR4Weila5.png	Assets/Product/Texture/Image/RoleCharacter/RoleHeadR4Weila1.png	Assets/Product/Texture/Image/RoleCharacter/RoleHeadR4Weila5.png	Assets/Product/Texture/Image/Role/RoleHeadR4Weila5.png	Assets/Product/Texture/Image/Role/RoleHeadR4Weila4.png	Assets/Product/Texture/Image/IconToolsSp/RoleHeadR4Weila2Sp.png	Assets/Product/Texture/Image/IconTools/RoleHeadR4Weila2.png	Assets/Product/Texture/Image/RoleStory/V3400wlNormal12.png	Assets/Product/Texture/Image/RoleCharacterBig/RoleCharacterBigR4WeilaNormal01.png	Assets/Product/Texture/Image/RoleCharacter/RoleHeadR4Weila3.png	Assets/Product/Texture/Image/IconCoating/IconCoating6005004.png	BoneRForeArmTwist2	Assets/Product/Effect/Prefab/FxR4WeilaPrefab/Common/FxR4WeilaBoneRForeArmTwist2.prefab	152	9010282				3	Assets/Product/Texture/Image/UiFashionSuit/UiFashionSuit01Shenji/UiFashionSuitShenji04.png	Assets/Product/Texture/Image/UiFashionSuit/UiFashionSuit01Shenji/UiFashionSuitShenji04.png			
6005005	1131004	1130405	焰血裁决	6	1023	往昔重绽系列——薇拉·灼惘	黄金时代末期，薇拉就读于士官学院期间，曾参与长达数月的潜伏任务，成功捣毁多个帮派据点。应薇拉本人的特别意愿，特调取档案，制作适配于“灼惘”机体的帮派涂装——复现彼时的伪装，以纪念那段危险而辉煌的经历。……“距离任务完成，只剩下最后一个窝点了。祝你们好运，散发着下水道味的帮派老鼠们，是时候迎接……真正的收割了。”	Assets/Product/Texture/Image/IconToolsSp/Clo11310049101Sp.png	Assets/Product/Texture/Image/IconTools/Clo11310049101.png	[80287]	113496	32	84	Assets/Product/Texture/Image/Role/RoleHeadR4Weila1.png	Assets/Product/Texture/Image/Role/RoleHeadR4Weila3.png	Assets/Product/Texture/Image/Role/RoleHeadR4Weila6.png	Assets/Product/Texture/Image/RoleCharacter/RoleHeadR4Weila1.png	Assets/Product/Texture/Image/RoleCharacter/RoleHeadR4Weila6.png	Assets/Product/Texture/Image/Role/RoleHeadR4Weila6.png	Assets/Product/Texture/Image/Role/RoleHeadR4Weila4.png	Assets/Product/Texture/Image/IconToolsSp/RoleHeadR4Weila2Sp.png	Assets/Product/Texture/Image/IconTools/RoleHeadR4Weila2.png	Assets/Product/Texture/Image/RoleStory/V3400wlNormal12.png	Assets/Product/Texture/Image/RoleCharacterBig/RoleCharacterBigR4WeilaNormal01.png	Assets/Product/Texture/Image/RoleCharacter/RoleHeadR4Weila3.png	Assets/Product/Texture/Image/IconCoating/IconCoating6005005.png	BoneRForeArmTwist2	Assets/Product/Effect/Prefab/FxR4WeilaPrefab/R4WeilaMd019101/FxR4WeilaBoneRForeArmTwist2.prefab	176	9010300									
6005101	1351003	1350301	维吉尔	5	9000		联动角色维吉尔的涂装	Assets/Product/Texture/Image/IconToolsSp/Clo13510030101Sp.png	Assets/Product/Texture/Image/IconTools/Clo13510030101.png	[19070]	135399	32	3	Assets/Product/Texture/Image/Role/RoleHeadR2Weijier1.png	Assets/Product/Texture/Image/Role/RoleHeadR2Weijier3.png	Assets/Product/Texture/Image/Role/RoleHeadR2Weijier1.png	Assets/Product/Texture/Image/RoleCharacter/RoleHeadR2Weijier1.png	Assets/Product/Texture/Image/RoleCharacter/RoleHeadR2Weijier1.png	Assets/Product/Texture/Image/Role/RoleHeadR2Weijier2.png	Assets/Product/Texture/Image/Role/RoleHeadR2Weijier4.png	Assets/Product/Texture/Image/IconToolsSp/RoleHeadR2Weijier2Sp.png	Assets/Product/Texture/Image/IconTools/RoleHeadR2Weijier2.png	Assets/Product/Texture/Image/RoleStory/V3500VergilNormal01.png	Assets/Product/Texture/Image/RoleCharacterBig/RoleCharacterBigR2WeijierNormal01.png	Assets/Product/Texture/Image/RoleCharacter/RoleHeadR2Weijier3.png	Assets/Product/Texture/Image/IconCoating/IconCoating6000704.png	Bip001RForearm	Assets/Product/Effect/Prefab/FxR3VergilPrefab/Common/FxR3VergilMd010011Bip001RForearm.prefab	148										
6005201	1361003	1360301	但丁	5	9000		联动角色但丁的涂装	Assets/Product/Texture/Image/IconToolsSp/Clo13610030101Sp.png	Assets/Product/Texture/Image/IconTools/Clo13610030101.png	[19071]	136399	32	3	Assets/Product/Texture/Image/Role/RoleHeadR2Danding1.png	Assets/Product/Texture/Image/Role/RoleHeadR2Danding3.png	Assets/Product/Texture/Image/Role/RoleHeadR2Danding1.png	Assets/Product/Texture/Image/RoleCharacter/RoleHeadR2Danding1.png	Assets/Product/Texture/Image/RoleCharacter/RoleHeadR2Danding1.png	Assets/Product/Texture/Image/Role/RoleHeadR2Danding2.png	Assets/Product/Texture/Image/Role/RoleHeadR2Danding4.png	Assets/Product/Texture/Image/IconToolsSp/RoleHeadR2Danding2Sp.png	Assets/Product/Texture/Image/IconTools/RoleHeadR2Danding2.png	Assets/Product/Texture/Image/RoleStory/V3500DanteNormal01.png	Assets/Product/Texture/Image/RoleCharacterBig/RoleCharacterBigR2DandingNormal01.png	Assets/Product/Texture/Image/RoleCharacter/RoleHeadR2Danding3.png	Assets/Product/Texture/Image/IconCoating/IconCoating6000704.png	Bip001LForearm	Assets/Product/Effect/Prefab/FxR3DantePrefab/Common/FxR3DanteBip001LForearm.prefab	149										
6005301	1041005	1040501	泛用式	1	9000	初始系列——比安卡·晖暮	构造体生产出来时配给的服装。	Assets/Product/Texture/Image/IconToolsSp/Clo10410050101Sp.png	Assets/Product/Texture/Image/IconTools/Clo10410050101.png	[19072]	104599	32	3	Assets/Product/Texture/Image/Role/RoleHeadR5Bianka1.png	Assets/Product/Texture/Image/Role/RoleHeadR5Bianka3.png	Assets/Product/Texture/Image/Role/RoleHeadR5Bianka1.png	Assets/Product/Texture/Image/RoleCharacter/RoleHeadR5Bianka1.png	Assets/Product/Texture/Image/RoleCharacter/RoleHeadR5Bianka1.png	Assets/Product/Texture/Image/Role/RoleHeadR5Bianka2.png	Assets/Product/Texture/Image/Role/RoleHeadR5Bianka4.png	Assets/Product/Texture/Image/IconToolsSp/RoleHeadR5Bianka2Sp.png	Assets/Product/Texture/Image/IconTools/RoleHeadR5Bianka2.png	Assets/Product/Texture/Image/RoleStory/V3600BiankaNormal04.png	Assets/Product/Texture/Image/RoleCharacterBig/RoleCharacterBigR5BiankaNormal01.png	Assets/Product/Texture/Image/RoleCharacter/RoleHeadR5Bianka3.png	Assets/Product/Texture/Image/IconCoating/IconCoating6000704.png	Bip001RForearm	Assets/Product/Effect/Prefab/FxR5BiankaPrefab/Common/FxR5BiankaBip001RForearm.prefab	155										
6005302	1041005	1040502	泛用式·改	2	9000	初始系列——比安卡·晖暮	构造体[初阶]解放后，获得权限根据爱好修改的服装。	Assets/Product/Texture/Image/IconToolsSp/Clo10410050102Sp.png	Assets/Product/Texture/Image/IconTools/Clo10410050102.png	[19072]	104598	32	6	Assets/Product/Texture/Image/Role/RoleHeadR5Bianka1.png	Assets/Product/Texture/Image/Role/RoleHeadR5Bianka3.png	Assets/Product/Texture/Image/Role/RoleHeadR5Bianka1.png	Assets/Product/Texture/Image/RoleCharacter/RoleHeadR5Bianka1.png	Assets/Product/Texture/Image/RoleCharacter/RoleHeadR5Bianka1.png	Assets/Product/Texture/Image/Role/RoleHeadR5Bianka2.png	Assets/Product/Texture/Image/Role/RoleHeadR5Bianka4.png	Assets/Product/Texture/Image/IconToolsSp/RoleHeadR5Bianka2Sp.png	Assets/Product/Texture/Image/IconTools/RoleHeadR5Bianka2.png	Assets/Product/Texture/Image/RoleStory/V3600BiankaNormal04.png	Assets/Product/Texture/Image/RoleCharacterBig/RoleCharacterBigR5BiankaNormal01.png	Assets/Product/Texture/Image/RoleCharacter/RoleHeadR5Bianka3.png	Assets/Product/Texture/Image/IconCoating/IconCoating6000704.png	Bip001RForearm	Assets/Product/Effect/Prefab/FxR5BiankaPrefab/Common/FxR5BiankaBip001RForearm.prefab	155										
6005303	1041005	1040503	泛用式·终	2	9000	初始系列——比安卡·晖暮	构造体[高阶]解放后，根据个人意愿修改的服装，完好的体现了本人意识海的特征。	Assets/Product/Texture/Image/IconToolsSp/Clo10410050103Sp.png	Assets/Product/Texture/Image/IconTools/Clo10410050103.png	[19072]	104597	32	9	Assets/Product/Texture/Image/Role/RoleHeadR5Bianka1.png	Assets/Product/Texture/Image/Role/RoleHeadR5Bianka3.png	Assets/Product/Texture/Image/Role/RoleHeadR5Bianka1.png	Assets/Product/Texture/Image/RoleCharacter/RoleHeadR5Bianka1.png	Assets/Product/Texture/Image/RoleCharacter/RoleHeadR5Bianka1.png	Assets/Product/Texture/Image/Role/RoleHeadR5Bianka2.png	Assets/Product/Texture/Image/Role/RoleHeadR5Bianka4.png	Assets/Product/Texture/Image/IconToolsSp/RoleHeadR5Bianka2Sp.png	Assets/Product/Texture/Image/IconTools/RoleHeadR5Bianka2.png	Assets/Product/Texture/Image/RoleStory/V3600BiankaNormal04.png	Assets/Product/Texture/Image/RoleCharacterBig/RoleCharacterBigR5BiankaNormal01.png	Assets/Product/Texture/Image/RoleCharacter/RoleHeadR5Bianka3.png	Assets/Product/Texture/Image/IconCoating/IconCoating6000704.png	Bip001RForearm	Assets/Product/Effect/Prefab/FxR5BiankaPrefab/Common/FxR5BiankaBip001RForearm.prefab	155										
6005304	1041005	1040504	绯烬黯棘	6	1028	放逐乐园系列——比安卡·晖暮	晦暗余烬笼罩天穹，苍白亡骸徘徊不去，在这被诅咒的世界里，就连死亡亦无法得到安息。圣所残垣间，神像坍塌，她点亮烛火，虔诚祷告，以无声的回应，安息着倾颓废域中每一缕不愿被虚无吞噬，仍在诉说执念与不甘的魂灵。	Assets/Product/Texture/Image/IconToolsSp/Clo10410059011Sp.png	Assets/Product/Texture/Image/IconTools/Clo10410059011.png	[80250,80251]	104596	32	84	Assets/Product/Texture/Image/Role/RoleHeadR5Bianka1.png	Assets/Product/Texture/Image/Role/RoleHeadR5Bianka3.png	Assets/Product/Texture/Image/Role/RoleHeadR5Bianka5.png	Assets/Product/Texture/Image/RoleCharacter/RoleHeadR5Bianka1.png	Assets/Product/Texture/Image/RoleCharacter/RoleHeadR5Bianka5.png	Assets/Product/Texture/Image/Role/RoleHeadR5Bianka5.png	Assets/Product/Texture/Image/Role/RoleHeadR5Bianka4.png	Assets/Product/Texture/Image/IconToolsSp/RoleHeadR5Bianka2Sp.png	Assets/Product/Texture/Image/IconTools/RoleHeadR5Bianka2.png	Assets/Product/Texture/Image/RoleStory/V3600BiankaNormal04.png	Assets/Product/Texture/Image/RoleCharacterBig/RoleCharacterBigR5BiankaNormal01.png	Assets/Product/Texture/Image/RoleCharacter/RoleHeadR5Bianka3.png	Assets/Product/Texture/Image/IconCoating/IconCoating6005304.png	Bip001RForearm	Assets/Product/Effect/Prefab/FxR5BiankaPrefab/R5BiankaMd019011/FxR5BiankaBip001RForearm.prefab	158	9010287									
6005305	1041005	1040505	旖夜咏奏	6	1037	寰星之屿系列——比安卡·晖暮	揭开夜的帷幕，随音律的台阶而上，步上命运的舞台。她在等待，等待有人能看清这重重纱帘之下隐藏的面容——到那时候，她会将摘下的假面，和一颗灼热的心，都交予于你手中。	Assets/Product/Texture/Image/IconToolsSp/Clo10410059241Sp.png	Assets/Product/Texture/Image/IconTools/Clo10410059241.png	[80282]	104595	32	84	Assets/Product/Texture/Image/Role/RoleHeadR5Bianka1.png	Assets/Product/Texture/Image/Role/RoleHeadR5Bianka3.png	Assets/Product/Texture/Image/Role/RoleHeadR5Bianka6.png	Assets/Product/Texture/Image/RoleCharacter/RoleHeadR5Bianka1.png	Assets/Product/Texture/Image/RoleCharacter/RoleHeadR5Bianka6.png	Assets/Product/Texture/Image/Role/RoleHeadR5Bianka6.png	Assets/Product/Texture/Image/Role/RoleHeadR5Bianka4.png	Assets/Product/Texture/Image/IconToolsSp/RoleHeadR5Bianka2Sp.png	Assets/Product/Texture/Image/IconTools/RoleHeadR5Bianka2.png	Assets/Product/Texture/Image/RoleStory/V3600BiankaNormal04.png	Assets/Product/Texture/Image/RoleCharacterBig/RoleCharacterBigR5BiankaNormal01.png	Assets/Product/Texture/Image/RoleCharacter/RoleHeadR5Bianka3.png	Assets/Product/Texture/Image/IconCoating/IconCoating6005305.png	Bip001RForearm	Assets/Product/Effect/Prefab/FxR5BiankaPrefab/R5BiankaMd019241/FxR5BiankaBip001RForearm.prefab	173			[50160]	Assets/Product/Texture/Image/RoleCharacterBig/V4200BiankaNormal01.png						
6005306	1041005	1040506	晴屿漫汐	6	1043	汐落浮光系列——比安卡·晖暮	晴光穿透薄云，描摹出在海滩上并肩而行的二人的轮廓，赤足踏在细软的沙滩上，沙滩上成双的足迹被浪涛抹去，却无法消减半分彼此相伴的温柔。	Assets/Product/Texture/Image/IconToolsSp/Clo10410059271Sp.png	Assets/Product/Texture/Image/IconTools/Clo10410059271.png	[80320]	104594	32	84	Assets/Product/Texture/Image/Role/RoleHeadR5Bianka1.png	Assets/Product/Texture/Image/Role/RoleHeadR5Bianka3.png	Assets/Product/Texture/Image/Role/RoleHeadR5Bianka7.png	Assets/Product/Texture/Image/RoleCharacter/RoleHeadR5Bianka1.png	Assets/Product/Texture/Image/RoleCharacter/RoleHeadR5Bianka7.png	Assets/Product/Texture/Image/Role/RoleHeadR5Bianka7.png	Assets/Product/Texture/Image/Role/RoleHeadR5Bianka4.png	Assets/Product/Texture/Image/IconToolsSp/RoleHeadR5Bianka2Sp.png	Assets/Product/Texture/Image/IconTools/RoleHeadR5Bianka2.png	Assets/Product/Texture/Image/RoleStory/V3600BiankaNormal04.png	Assets/Product/Texture/Image/RoleCharacterBig/RoleCharacterBigR5BiankaNormal01.png	Assets/Product/Texture/Image/RoleCharacter/RoleHeadR5Bianka3.png	Assets/Product/Texture/Image/IconCoating/IconCoating6005306.png	Bip001RForearm	Assets/Product/Effect/Prefab/FxR5BiankaPrefab/R5BiankaMd019271/FxR5BiankaBip001RForearm.prefab	188	9010309				3	Assets/Product/Texture/Image/UiFashionSuit/UiFashionSuitMain03Xiari/UiFashionSuitXiari03.png	Assets/Product/Texture/Image/UiFashionSuit/UiFashionSuitMain03Xiari/UiFashionSuitXiari03.png			
6005401	1371002	1370201	泛用式	1	9000	初始系列——斜奏·裁律	构造体生产出来时配给的服装。	Assets/Product/Texture/Image/IconToolsSp/Clo13710020101Sp.png	Assets/Product/Texture/Image/IconTools/Clo13710020101.png	[19073]	137299	32	3	Assets/Product/Texture/Image/Role/RoleHeadR2Xiezou1.png	Assets/Product/Texture/Image/Role/RoleHeadR2Xiezou3.png	Assets/Product/Texture/Image/Role/RoleHeadR2Xiezou1.png	Assets/Product/Texture/Image/RoleCharacter/RoleHeadR2Xiezou1.png	Assets/Product/Texture/Image/RoleCharacter/RoleHeadR2Xiezou1.png	Assets/Product/Texture/Image/Role/RoleHeadR2Xiezou2.png	Assets/Product/Texture/Image/Role/RoleHeadR2Xiezou4.png	Assets/Product/Texture/Image/IconToolsSp/RoleHeadR2Xiezou2Sp.png	Assets/Product/Texture/Image/IconTools/RoleHeadR2Xiezou2.png	Assets/Product/Texture/Image/RoleStory/V3700xzNormal02.png	Assets/Product/Texture/Image/RoleCharacterBig/RoleCharacterBigR2XiezouNormal01.png	Assets/Product/Texture/Image/RoleCharacter/RoleHeadR2Xiezou3.png	Assets/Product/Texture/Image/IconCoating/IconCoating6000704.png	Bip001RForearm	Assets/Product/Effect/Prefab/FxR2XiezouPrefab/Common/FxR2XiezouBip001RForearm.prefab	159										
6005402	1371002	1370202	泛用式·改	2	9000	初始系列——斜奏·裁律	构造体[初阶]解放后，获得权限根据爱好修改的服装。	Assets/Product/Texture/Image/IconToolsSp/Clo13710020102Sp.png	Assets/Product/Texture/Image/IconTools/Clo13710020102.png	[19073]	137298	32	6	Assets/Product/Texture/Image/Role/RoleHeadR2Xiezou1.png	Assets/Product/Texture/Image/Role/RoleHeadR2Xiezou3.png	Assets/Product/Texture/Image/Role/RoleHeadR2Xiezou1.png	Assets/Product/Texture/Image/RoleCharacter/RoleHeadR2Xiezou1.png	Assets/Product/Texture/Image/RoleCharacter/RoleHeadR2Xiezou1.png	Assets/Product/Texture/Image/Role/RoleHeadR2Xiezou2.png	Assets/Product/Texture/Image/Role/RoleHeadR2Xiezou4.png	Assets/Product/Texture/Image/IconToolsSp/RoleHeadR2Xiezou2Sp.png	Assets/Product/Texture/Image/IconTools/RoleHeadR2Xiezou2.png	Assets/Product/Texture/Image/RoleStory/V3700xzNormal02.png	Assets/Product/Texture/Image/RoleCharacterBig/RoleCharacterBigR2XiezouNormal01.png	Assets/Product/Texture/Image/RoleCharacter/RoleHeadR2Xiezou3.png	Assets/Product/Texture/Image/IconCoating/IconCoating6000704.png	Bip001RForearm	Assets/Product/Effect/Prefab/FxR2XiezouPrefab/Common/FxR2XiezouBip001RForearm.prefab	159										
6005403	1371002	1370203	泛用式·终	2	9000	初始系列——斜奏·裁律	构造体[高阶]解放后，根据个人意愿修改的服装，完好的体现了本人意识海的特征。	Assets/Product/Texture/Image/IconToolsSp/Clo13710020103Sp.png	Assets/Product/Texture/Image/IconTools/Clo13710020103.png	[19073]	137297	32	9	Assets/Product/Texture/Image/Role/RoleHeadR2Xiezou1.png	Assets/Product/Texture/Image/Role/RoleHeadR2Xiezou3.png	Assets/Product/Texture/Image/Role/RoleHeadR2Xiezou1.png	Assets/Product/Texture/Image/RoleCharacter/RoleHeadR2Xiezou1.png	Assets/Product/Texture/Image/RoleCharacter/RoleHeadR2Xiezou1.png	Assets/Product/Texture/Image/Role/RoleHeadR2Xiezou2.png	Assets/Product/Texture/Image/Role/RoleHeadR2Xiezou4.png	Assets/Product/Texture/Image/IconToolsSp/RoleHeadR2Xiezou2Sp.png	Assets/Product/Texture/Image/IconTools/RoleHeadR2Xiezou2.png	Assets/Product/Texture/Image/RoleStory/V3700xzNormal02.png	Assets/Product/Texture/Image/RoleCharacterBig/RoleCharacterBigR2XiezouNormal01.png	Assets/Product/Texture/Image/RoleCharacter/RoleHeadR2Xiezou3.png	Assets/Product/Texture/Image/IconCoating/IconCoating6000704.png	Bip001RForearm	Assets/Product/Effect/Prefab/FxR2XiezouPrefab/Common/FxR2XiezouBip001RForearm.prefab	159										
6005404	1371002	1370204	胧月裂帛	5	1036	浮世晓歌系列——斜奏·裁律	在月色被夜雾吞没的晚上，她悄然降临——身披深蓝绸缎，银剪撕裂朦胧月光。将战场上飞溅的血滴视作暗夜锦缎，把敌人最后的喘息唤作未断的丝缕。刃锋挥斩之间，冰冷的月之碎片纷然飘落。无人知晓，在被裁断的月光尽头…正有一曲缝缀亡魂的镇魂歌，无声编织。	Assets/Product/Texture/Image/IconToolsSp/Clo13710029011Sp.png	Assets/Product/Texture/Image/IconTools/Clo13710029011.png	[80256,80257]	137296	32	14	Assets/Product/Texture/Image/Role/RoleHeadR2Xiezou1.png	Assets/Product/Texture/Image/Role/RoleHeadR2Xiezou3.png	Assets/Product/Texture/Image/Role/RoleHeadR2Xiezou1.png	Assets/Product/Texture/Image/RoleCharacter/RoleHeadR2Xiezou1.png	Assets/Product/Texture/Image/RoleCharacter/RoleHeadR2Xiezou1.png	Assets/Product/Texture/Image/Role/RoleHeadR2Xiezou2.png	Assets/Product/Texture/Image/Role/RoleHeadR2Xiezou4.png	Assets/Product/Texture/Image/IconToolsSp/RoleHeadR2Xiezou2Sp.png	Assets/Product/Texture/Image/IconTools/RoleHeadR2Xiezou2.png	Assets/Product/Texture/Image/RoleStory/V3700xzNormal02.png	Assets/Product/Texture/Image/RoleCharacterBig/RoleCharacterBigR2XiezouNormal01.png	Assets/Product/Texture/Image/RoleCharacter/RoleHeadR2Xiezou3.png	Assets/Product/Texture/Image/IconCoating/IconCoating6005404.png	Bip001RForearm	Assets/Product/Effect/Prefab/FxR2XiezouPrefab/Common/FxR2XiezouBip001RForearm.prefab	159										
6005405	1371002	1370205	纤卉裁风	5	1014	霓裳系列——斜奏·裁律	沐春之月，也是千家万户裁新衣之时。小衣匠抱着几卷布匹，步履匆匆地穿行在巷道之间，穿针引线中，一件件承载着无数牵挂与祝福的新衣在手中成形。她仍认真细致地举起这些衣裳，一次又一次地确认着自己是否已经做到最好。心中唯愿，这份祝愿能顺利抵达牵挂之人身边。	Assets/Product/Texture/Image/IconToolsSp/Clo13710029141Sp.png	Assets/Product/Texture/Image/IconTools/Clo13710029141.png	[80284]	137295	32	14	Assets/Product/Texture/Image/Role/RoleHeadR2Xiezou1.png	Assets/Product/Texture/Image/Role/RoleHeadR2Xiezou3.png	Assets/Product/Texture/Image/Role/RoleHeadR2Xiezou1.png	Assets/Product/Texture/Image/RoleCharacter/RoleHeadR2Xiezou1.png	Assets/Product/Texture/Image/RoleCharacter/RoleHeadR2Xiezou1.png	Assets/Product/Texture/Image/Role/RoleHeadR2Xiezou2.png	Assets/Product/Texture/Image/Role/RoleHeadR2Xiezou4.png	Assets/Product/Texture/Image/IconToolsSp/RoleHeadR2Xiezou2Sp.png	Assets/Product/Texture/Image/IconTools/RoleHeadR2Xiezou2.png	Assets/Product/Texture/Image/RoleStory/V3700xzNormal02.png	Assets/Product/Texture/Image/RoleCharacterBig/RoleCharacterBigR2XiezouNormal01.png	Assets/Product/Texture/Image/RoleCharacter/RoleHeadR2Xiezou3.png	Assets/Product/Texture/Image/IconCoating/IconCoating6005405.png	Bip001RForearm	Assets/Product/Effect/Prefab/FxR2XiezouPrefab/Common/FxR2XiezouBip001RForearm.prefab	159										
6005501	1381003	1380301	泛用式	1	9000	初始系列——维罗妮卡·铮骨	构造体生产出来时配给的服装。	Assets/Product/Texture/Image/IconToolsSp/Clo13810030101Sp.png	Assets/Product/Texture/Image/IconTools/Clo13810030101.png	[19074]	138299	32	3	Assets/Product/Texture/Image/Role/RoleHeadR3Weiluonika1.png	Assets/Product/Texture/Image/Role/RoleHeadR3Weiluonika3.png	Assets/Product/Texture/Image/Role/RoleHeadR3Weiluonika1.png	Assets/Product/Texture/Image/RoleCharacter/RoleHeadR3Weiluonika1.png	Assets/Product/Texture/Image/RoleCharacter/RoleHeadR3Weiluonika1.png	Assets/Product/Texture/Image/Role/RoleHeadR3Weiluonika2.png	Assets/Product/Texture/Image/Role/RoleHeadR3Weiluonika4.png	Assets/Product/Texture/Image/IconToolsSp/RoleHeadR3Weiluonika2Sp.png	Assets/Product/Texture/Image/IconTools/RoleHeadR3Weiluonika2.png	Assets/Product/Texture/Image/RoleStory/V3800wlnkNormal09.png	Assets/Product/Texture/Image/RoleCharacterBig/RoleCharacterBigR3WeiluonikaNormal01.png	Assets/Product/Texture/Image/RoleCharacter/RoleHeadR3Weiluonika3.png	Assets/Product/Texture/Image/IconCoating/IconCoating6000704.png	BoneRForeArmTwist2	Assets/Product/Effect/Prefab/FxR3WeiluonikaPrefab/Common/FxR3WeiluonikaBoneRForeArmTwist2.prefab	162										
6005502	1381003	1380302	泛用式·改	2	9000	初始系列——维罗妮卡·铮骨	构造体[初阶]解放后，获得权限根据爱好修改的服装。	Assets/Product/Texture/Image/IconToolsSp/Clo13810030102Sp.png	Assets/Product/Texture/Image/IconTools/Clo13810030102.png	[19074]	138298	32	6	Assets/Product/Texture/Image/Role/RoleHeadR3Weiluonika1.png	Assets/Product/Texture/Image/Role/RoleHeadR3Weiluonika3.png	Assets/Product/Texture/Image/Role/RoleHeadR3Weiluonika1.png	Assets/Product/Texture/Image/RoleCharacter/RoleHeadR3Weiluonika1.png	Assets/Product/Texture/Image/RoleCharacter/RoleHeadR3Weiluonika1.png	Assets/Product/Texture/Image/Role/RoleHeadR3Weiluonika2.png	Assets/Product/Texture/Image/Role/RoleHeadR3Weiluonika4.png	Assets/Product/Texture/Image/IconToolsSp/RoleHeadR3Weiluonika2Sp.png	Assets/Product/Texture/Image/IconTools/RoleHeadR3Weiluonika2.png	Assets/Product/Texture/Image/RoleStory/V3800wlnkNormal09.png	Assets/Product/Texture/Image/RoleCharacterBig/RoleCharacterBigR3WeiluonikaNormal01.png	Assets/Product/Texture/Image/RoleCharacter/RoleHeadR3Weiluonika3.png	Assets/Product/Texture/Image/IconCoating/IconCoating6000704.png	BoneRForeArmTwist2	Assets/Product/Effect/Prefab/FxR3WeiluonikaPrefab/Common/FxR3WeiluonikaBoneRForeArmTwist2.prefab	162										
6005503	1381003	1380303	泛用式·终	2	9000	初始系列——维罗妮卡·铮骨	构造体[高阶]解放后，根据个人意愿修改的服装，完好的体现了本人意识海的特征。	Assets/Product/Texture/Image/IconToolsSp/Clo13810030103Sp.png	Assets/Product/Texture/Image/IconTools/Clo13810030103.png	[19074]	138297	32	9	Assets/Product/Texture/Image/Role/RoleHeadR3Weiluonika1.png	Assets/Product/Texture/Image/Role/RoleHeadR3Weiluonika3.png	Assets/Product/Texture/Image/Role/RoleHeadR3Weiluonika1.png	Assets/Product/Texture/Image/RoleCharacter/RoleHeadR3Weiluonika1.png	Assets/Product/Texture/Image/RoleCharacter/RoleHeadR3Weiluonika1.png	Assets/Product/Texture/Image/Role/RoleHeadR3Weiluonika2.png	Assets/Product/Texture/Image/Role/RoleHeadR3Weiluonika4.png	Assets/Product/Texture/Image/IconToolsSp/RoleHeadR3Weiluonika2Sp.png	Assets/Product/Texture/Image/IconTools/RoleHeadR3Weiluonika2.png	Assets/Product/Texture/Image/RoleStory/V3800wlnkNormal09.png	Assets/Product/Texture/Image/RoleCharacterBig/RoleCharacterBigR3WeiluonikaNormal01.png	Assets/Product/Texture/Image/RoleCharacter/RoleHeadR3Weiluonika3.png	Assets/Product/Texture/Image/IconCoating/IconCoating6000704.png	BoneRForeArmTwist2	Assets/Product/Effect/Prefab/FxR3WeiluonikaPrefab/Common/FxR3WeiluonikaBoneRForeArmTwist2.prefab	162										
6005504	1381003	1380304	冥神绶寂	6	1029	游诗歌谣系列——维罗妮卡·铮骨	烬尘蔽日的穹顶下，古砂吞没神祇残碑。当湮世的沙尘吞没最后一道余晖后，她自这死众的渊薮深处行来，告亡的神明垂首，赐予来者名为永寂的勋绶。她是安抚众魂的牧者，亦是统领死亡的将帅，她行于生死狭间破碎的疆界，俯览永恒噤声的狩场。她的国度中空无一物，唯有空无的静谧在无声称颂：死亡——是对生命最古老的慈悲。	Assets/Product/Texture/Image/IconToolsSp/Clo13810039011Sp.png	Assets/Product/Texture/Image/IconTools/Clo13810039011.png	[80261,80262]	138296	32	84	Assets/Product/Texture/Image/Role/RoleHeadR3Weiluonika1.png	Assets/Product/Texture/Image/Role/RoleHeadR3Weiluonika3.png	Assets/Product/Texture/Image/Role/RoleHeadR3Weiluonika5.png	Assets/Product/Texture/Image/RoleCharacter/RoleHeadR3Weiluonika1.png	Assets/Product/Texture/Image/RoleCharacter/RoleHeadR3Weiluonika5.png	Assets/Product/Texture/Image/Role/RoleHeadR3Weiluonika5.png	Assets/Product/Texture/Image/Role/RoleHeadR3Weiluonika4.png	Assets/Product/Texture/Image/IconToolsSp/RoleHeadR3Weiluonika2Sp.png	Assets/Product/Texture/Image/IconTools/RoleHeadR3Weiluonika2.png	Assets/Product/Texture/Image/RoleStory/V3800wlnkNormal09.png	Assets/Product/Texture/Image/RoleCharacterBig/RoleCharacterBigR3WeiluonikaNormal01.png	Assets/Product/Texture/Image/RoleCharacter/RoleHeadR3Weiluonika3.png	Assets/Product/Texture/Image/IconCoating/IconCoating6005504.png	BoneRForeArmTwist2	Assets/Product/Effect/Prefab/FxR3WeiluonikaPrefab/R3WeiluonikaMd019011/FxR3WeiluonikaBoneRForeArmTwist2.prefab	163	9010294									
6005505	1381003	1380305	冥契妖翎	6	1042	雾夜镇魂曲系列——维罗妮卡·铮骨	遵从与宿命结下的契约，在夜幕被最初一缕晨光撕裂之前，她背后双翼先行划破深浓的夜色。她巡猎着藏匿于雾中的怪物，关于生死的规则，由她全权书写。微光终将照彻长夜，而雾中的罪恶，也会在久违的光明下永恒沉睡。	Assets/Product/Texture/Image/IconToolsSp/Clo13810039421Sp.png	Assets/Product/Texture/Image/IconTools/Clo13810039421.png	[80300]	138295	32	84	Assets/Product/Texture/Image/Role/RoleHeadR3Weiluonika1.png	Assets/Product/Texture/Image/Role/RoleHeadR3Weiluonika3.png	Assets/Product/Texture/Image/Role/RoleHeadR3Weiluonika6.png	Assets/Product/Texture/Image/RoleCharacter/RoleHeadR3Weiluonika1.png	Assets/Product/Texture/Image/RoleCharacter/RoleHeadR3Weiluonika6.png	Assets/Product/Texture/Image/Role/RoleHeadR3Weiluonika6.png	Assets/Product/Texture/Image/Role/RoleHeadR3Weiluonika4.png	Assets/Product/Texture/Image/IconToolsSp/RoleHeadR3Weiluonika2Sp.png	Assets/Product/Texture/Image/IconTools/RoleHeadR3Weiluonika2.png	Assets/Product/Texture/Image/RoleStory/V3800wlnkNormal09.png	Assets/Product/Texture/Image/RoleCharacterBig/RoleCharacterBigR3WeiluonikaNormal01.png	Assets/Product/Texture/Image/RoleCharacter/RoleHeadR3Weiluonika3.png	Assets/Product/Texture/Image/IconCoating/IconCoating6005505.png	BoneRForeArmTwist2	Assets/Product/Effect/Prefab/FxR3WeiluonikaPrefab/R3WeiluonikaMd019421/FxR3WeiluonikaBoneRForeArmTwist2.prefab	180	9010305				3	Assets/Product/Texture/Image/UiFashionSuit/UiFashionSuitMain02Kesulu/UiFashionSuitKesulu03.png	Assets/Product/Texture/Image/UiFashionSuit/UiFashionSuitMain02Kesulu/UiFashionSuitKesulu03.png			
6005601	1031005	1030501	泛用式	1	9000	初始系列——丽芙·霁梦	构造体生产出来时配给的服装。	Assets/Product/Texture/Image/IconToolsSp/Clo10310050101Sp.png	Assets/Product/Texture/Image/IconTools/Clo10310050101.png	[19075]	103599	32	3	Assets/Product/Texture/Image/Role/RoleHeadR5Lifu1.png	Assets/Product/Texture/Image/Role/RoleHeadR5Lifu3.png	Assets/Product/Texture/Image/Role/RoleHeadR5Lifu1.png	Assets/Product/Texture/Image/RoleCharacter/RoleHeadR5Lifu1.png	Assets/Product/Texture/Image/RoleCharacter/RoleHeadR5Lifu1.png	Assets/Product/Texture/Image/Role/RoleHeadR5Lifu2.png	Assets/Product/Texture/Image/Role/RoleHeadR5Lifu4.png	Assets/Product/Texture/Image/IconToolsSp/RoleHeadR5Lifu2Sp.png	Assets/Product/Texture/Image/IconTools/RoleHeadR5Lifu2.png	Assets/Product/Texture/Image/RoleStory/V4000LifuNormal04.png	Assets/Product/Texture/Image/RoleCharacterBig/RoleCharacterBigR5LifuNormal01.png	Assets/Product/Texture/Image/RoleCharacter/RoleHeadR5Lifu3.png	Assets/Product/Texture/Image/IconCoating/IconCoating6000704.png	Bip001RForearm	Assets/Product/Effect/Prefab/FxR5LifuPrefab/Common/FxR5LifuBip001RForearm.prefab	165										
6005602	1031005	1030502	泛用式·改	2	9000	初始系列——丽芙·霁梦	构造体[初阶]解放后，获得权限根据爱好修改的服装。	Assets/Product/Texture/Image/IconToolsSp/Clo10310050102Sp.png	Assets/Product/Texture/Image/IconTools/Clo10310050102.png	[19075]	103598	32	6	Assets/Product/Texture/Image/Role/RoleHeadR5Lifu1.png	Assets/Product/Texture/Image/Role/RoleHeadR5Lifu3.png	Assets/Product/Texture/Image/Role/RoleHeadR5Lifu1.png	Assets/Product/Texture/Image/RoleCharacter/RoleHeadR5Lifu1.png	Assets/Product/Texture/Image/RoleCharacter/RoleHeadR5Lifu1.png	Assets/Product/Texture/Image/Role/RoleHeadR5Lifu2.png	Assets/Product/Texture/Image/Role/RoleHeadR5Lifu4.png	Assets/Product/Texture/Image/IconToolsSp/RoleHeadR5Lifu2Sp.png	Assets/Product/Texture/Image/IconTools/RoleHeadR5Lifu2.png	Assets/Product/Texture/Image/RoleStory/V4000LifuNormal04.png	Assets/Product/Texture/Image/RoleCharacterBig/RoleCharacterBigR5LifuNormal01.png	Assets/Product/Texture/Image/RoleCharacter/RoleHeadR5Lifu3.png	Assets/Product/Texture/Image/IconCoating/IconCoating6000704.png	Bip001RForearm	Assets/Product/Effect/Prefab/FxR5LifuPrefab/Common/FxR5LifuBip001RForearm.prefab	165										
6005603	1031005	1030503	泛用式·终	2	9000	初始系列——丽芙·霁梦	构造体[高阶]解放后，根据个人意愿修改的服装，完好的体现了本人意识海的特征。	Assets/Product/Texture/Image/IconToolsSp/Clo10310050103Sp.png	Assets/Product/Texture/Image/IconTools/Clo10310050103.png	[19075]	103597	32	9	Assets/Product/Texture/Image/Role/RoleHeadR5Lifu1.png	Assets/Product/Texture/Image/Role/RoleHeadR5Lifu3.png	Assets/Product/Texture/Image/Role/RoleHeadR5Lifu1.png	Assets/Product/Texture/Image/RoleCharacter/RoleHeadR5Lifu1.png	Assets/Product/Texture/Image/RoleCharacter/RoleHeadR5Lifu1.png	Assets/Product/Texture/Image/Role/RoleHeadR5Lifu2.png	Assets/Product/Texture/Image/Role/RoleHeadR5Lifu4.png	Assets/Product/Texture/Image/IconToolsSp/RoleHeadR5Lifu2Sp.png	Assets/Product/Texture/Image/IconTools/RoleHeadR5Lifu2.png	Assets/Product/Texture/Image/RoleStory/V4000LifuNormal04.png	Assets/Product/Texture/Image/RoleCharacterBig/RoleCharacterBigR5LifuNormal01.png	Assets/Product/Texture/Image/RoleCharacter/RoleHeadR5Lifu3.png	Assets/Product/Texture/Image/IconCoating/IconCoating6000704.png	Bip001RForearm	Assets/Product/Effect/Prefab/FxR5LifuPrefab/Common/FxR5LifuBip001RForearm.prefab	165										
6005604	1031005	1030504	莲歌行	6	1014	霓裳系列——丽芙·霁梦	长窗下，少女以轻绡亲裁衣裙，剪一抹烟水之色，蕴几许莲塘清露，于夜风中款步行至归人之前，素手相邀，只愿长相厮守，共赏晨曦夜色，四时花开。	Assets/Product/Texture/Image/IconToolsSp/Clo10310059011Sp.png	Assets/Product/Texture/Image/IconTools/Clo10310059011.png	[80269,80270]	103596	32	84	Assets/Product/Texture/Image/Role/RoleHeadR5Lifu1.png	Assets/Product/Texture/Image/Role/RoleHeadR5Lifu3.png	Assets/Product/Texture/Image/Role/RoleHeadR5Lifu5.png	Assets/Product/Texture/Image/RoleCharacter/RoleHeadR5Lifu1.png	Assets/Product/Texture/Image/RoleCharacter/RoleHeadR5Lifu5.png	Assets/Product/Texture/Image/Role/RoleHeadR5Lifu5.png	Assets/Product/Texture/Image/Role/RoleHeadR5Lifu4.png	Assets/Product/Texture/Image/IconToolsSp/RoleHeadR5Lifu2Sp.png	Assets/Product/Texture/Image/IconTools/RoleHeadR5Lifu2.png	Assets/Product/Texture/Image/RoleStory/V4000LifuNormal04.png	Assets/Product/Texture/Image/RoleCharacterBig/RoleCharacterBigR5LifuNormal01.png	Assets/Product/Texture/Image/RoleCharacter/RoleHeadR5Lifu3.png	Assets/Product/Texture/Image/IconCoating/IconCoating6005604.png	Bip001RForearm	Assets/Product/Effect/Prefab/FxR5LifuPrefab/R5LifuMd019011/FxR5LifuBip001RForearm.prefab	166	9010291									
6005605	1031005	1030505	悠羽倾舞	6	1037	寰星之屿系列——丽芙·霁梦	以晨曦织就，以夜幕点染，将最后一片落雪与第一缕芳菲编入裙裾。是羽翼掠过湖面的涟漪，是愿望成真前的屏息。少女倾尽心意，邀命定之人共赴一舞。	Assets/Product/Texture/Image/IconToolsSp/Clo10310059371Sp.png	Assets/Product/Texture/Image/IconTools/Clo10310059371.png	[80299]	103595	32	84	Assets/Product/Texture/Image/Role/RoleHeadR5Lifu1.png	Assets/Product/Texture/Image/Role/RoleHeadR5Lifu3.png	Assets/Product/Texture/Image/Role/RoleHeadR5Lifu6.png	Assets/Product/Texture/Image/RoleCharacter/RoleHeadR5Lifu1.png	Assets/Product/Texture/Image/RoleCharacter/RoleHeadR5Lifu6.png	Assets/Product/Texture/Image/Role/RoleHeadR5Lifu6.png	Assets/Product/Texture/Image/Role/RoleHeadR5Lifu4.png	Assets/Product/Texture/Image/IconToolsSp/RoleHeadR5Lifu2Sp.png	Assets/Product/Texture/Image/IconTools/RoleHeadR5Lifu2.png	Assets/Product/Texture/Image/RoleStory/V4000LifuNormal04.png	Assets/Product/Texture/Image/RoleCharacterBig/RoleCharacterBigR5LifuNormal01.png	Assets/Product/Texture/Image/RoleCharacter/RoleHeadR5Lifu3.png	Assets/Product/Texture/Image/IconCoating/IconCoating6005605.png	Bip001RForearm	Assets/Product/Effect/Prefab/FxR5LifuPrefab/R5LifuMd019371/FxR5LifuBip001RForearm.prefab	179			[50170]	Assets/Product/Texture/Image/UiGachaLifu405/V4500LifuNormal01.png						
6005701	1291003	1290401	泛用式	1	9000	初始系列——布偶熊·骇影	构造体生产出来时配给的服装。	Assets/Product/Texture/Image/IconToolsSp/Clo12910030101Sp.png	Assets/Product/Texture/Image/IconTools/Clo12910030101.png	[19076]	129399	32	3	Assets/Product/Texture/Image/Role/RoleHeadR3Buouxiong1.png	Assets/Product/Texture/Image/Role/RoleHeadR3Buouxiong3.png	Assets/Product/Texture/Image/Role/RoleHeadR3Buouxiong1.png	Assets/Product/Texture/Image/RoleCharacter/RoleHeadR3Buouxiong1.png	Assets/Product/Texture/Image/RoleCharacter/RoleHeadR3Buouxiong1.png	Assets/Product/Texture/Image/Role/RoleHeadR3Buouxiong2.png	Assets/Product/Texture/Image/Role/RoleHeadR3Buouxiong4.png	Assets/Product/Texture/Image/IconToolsSp/RoleHeadR3Buouxiong2Sp.png	Assets/Product/Texture/Image/IconTools/RoleHeadR3Buouxiong2.png	Assets/Product/Texture/Image/RoleStory/V4100boxNormal08.png	Assets/Product/Texture/Image/RoleCharacterBig/RoleCharacterBigR3BuouxiongNormal01.png	Assets/Product/Texture/Image/RoleCharacter/RoleHeadR3Buouxiong3.png	Assets/Product/Texture/Image/IconCoating/IconCoating6000704.png	Root/Bip001/Bip001Pelvis/Bip001Spine/Bip001Spine1/Bip001Spine2/Bip001LClavicle/Bip001LUpperArm/Bip001LForearm	Assets/Product/Effect/Prefab/FxR3BuouxiongPrefab/Common/FxR3BuouxiongBip001LForearm.prefab	169										
6005702	1291003	1290402	泛用式·改	2	9000	初始系列——布偶熊·骇影	构造体[初阶]解放后，获得权限根据爱好修改的服装。	Assets/Product/Texture/Image/IconToolsSp/Clo12910030102Sp.png	Assets/Product/Texture/Image/IconTools/Clo12910030102.png	[19076]	129398	32	6	Assets/Product/Texture/Image/Role/RoleHeadR3Buouxiong1.png	Assets/Product/Texture/Image/Role/RoleHeadR3Buouxiong3.png	Assets/Product/Texture/Image/Role/RoleHeadR3Buouxiong1.png	Assets/Product/Texture/Image/RoleCharacter/RoleHeadR3Buouxiong1.png	Assets/Product/Texture/Image/RoleCharacter/RoleHeadR3Buouxiong1.png	Assets/Product/Texture/Image/Role/RoleHeadR3Buouxiong2.png	Assets/Product/Texture/Image/Role/RoleHeadR3Buouxiong4.png	Assets/Product/Texture/Image/IconToolsSp/RoleHeadR3Buouxiong2Sp.png	Assets/Product/Texture/Image/IconTools/RoleHeadR3Buouxiong2.png	Assets/Product/Texture/Image/RoleStory/V4100boxNormal08.png	Assets/Product/Texture/Image/RoleCharacterBig/RoleCharacterBigR3BuouxiongNormal01.png	Assets/Product/Texture/Image/RoleCharacter/RoleHeadR3Buouxiong3.png	Assets/Product/Texture/Image/IconCoating/IconCoating6000704.png	Root/Bip001/Bip001Pelvis/Bip001Spine/Bip001Spine1/Bip001Spine2/Bip001LClavicle/Bip001LUpperArm/Bip001LForearm	Assets/Product/Effect/Prefab/FxR3BuouxiongPrefab/Common/FxR3BuouxiongBip001LForearm.prefab	169										
6005703	1291003	1290403	泛用式·终	2	9000	初始系列——布偶熊·骇影	构造体[高阶]解放后，根据个人意愿修改的服装，完好的体现了本人意识海的特征。	Assets/Product/Texture/Image/IconToolsSp/Clo12910030103Sp.png	Assets/Product/Texture/Image/IconTools/Clo12910030103.png	[19076]	129397	32	9	Assets/Product/Texture/Image/Role/RoleHeadR3Buouxiong1.png	Assets/Product/Texture/Image/Role/RoleHeadR3Buouxiong3.png	Assets/Product/Texture/Image/Role/RoleHeadR3Buouxiong1.png	Assets/Product/Texture/Image/RoleCharacter/RoleHeadR3Buouxiong1.png	Assets/Product/Texture/Image/RoleCharacter/RoleHeadR3Buouxiong1.png	Assets/Product/Texture/Image/Role/RoleHeadR3Buouxiong2.png	Assets/Product/Texture/Image/Role/RoleHeadR3Buouxiong4.png	Assets/Product/Texture/Image/IconToolsSp/RoleHeadR3Buouxiong2Sp.png	Assets/Product/Texture/Image/IconTools/RoleHeadR3Buouxiong2.png	Assets/Product/Texture/Image/RoleStory/V4100boxNormal08.png	Assets/Product/Texture/Image/RoleCharacterBig/RoleCharacterBigR3BuouxiongNormal01.png	Assets/Product/Texture/Image/RoleCharacter/RoleHeadR3Buouxiong3.png	Assets/Product/Texture/Image/IconCoating/IconCoating6000704.png	Root/Bip001/Bip001Pelvis/Bip001Spine/Bip001Spine1/Bip001Spine2/Bip001LClavicle/Bip001LUpperArm/Bip001LForearm	Assets/Product/Effect/Prefab/FxR3BuouxiongPrefab/Common/FxR3BuouxiongBip001LForearm.prefab	169										
6005704	1291003	1290404	熊迹旅诗	6	1023	往昔重绽系列——布偶熊·骇影	篝火在静谧的森林边缘噼啪作响，温暖的香气随着炊烟袅袅升起，那其中混合着蜂蜜的香甜与冒险路上新奇的传说。没人知悉小熊的爪印抵达过多少处未知的秘境，正如没人知悉旅团的终点将在何方。	Assets/Product/Texture/Image/IconToolsSp/Clo12910039011Sp.png	Assets/Product/Texture/Image/IconTools/Clo12910039011.png	[80277,80278]	129396	32	84	Assets/Product/Texture/Image/Role/RoleHeadR3Buouxiong1.png	Assets/Product/Texture/Image/Role/RoleHeadR3Buouxiong3.png	Assets/Product/Texture/Image/Role/RoleHeadR3Buouxiong5.png	Assets/Product/Texture/Image/RoleCharacter/RoleHeadR3Buouxiong1.png	Assets/Product/Texture/Image/RoleCharacter/RoleHeadR3Buouxiong5.png	Assets/Product/Texture/Image/Role/RoleHeadR3Buouxiong5.png	Assets/Product/Texture/Image/Role/RoleHeadR3Buouxiong4.png	Assets/Product/Texture/Image/IconToolsSp/RoleHeadR3Buouxiong2Sp.png	Assets/Product/Texture/Image/IconTools/RoleHeadR3Buouxiong2.png	Assets/Product/Texture/Image/RoleStory/V4100boxNormal08.png	Assets/Product/Texture/Image/RoleCharacterBig/RoleCharacterBigR3BuouxiongNormal01.png	Assets/Product/Texture/Image/RoleCharacter/RoleHeadR3Buouxiong3.png	Assets/Product/Texture/Image/IconCoating/IconCoating6005704.png	Bip001LForearm	Assets/Product/Effect/Prefab/FxR3BuouxiongPrefab/Common/FxR3BuouxiongBip001LForearm.prefab	170	9010296									
6005705	1291003	1290405	浮梦浅夏	5	1043	汐落浮光系列——布偶熊·骇影	正午的阳光把沙滩晒得发烫，还好，有冰西瓜，海盐柠檬电解液，以及身边少女最热烈的笑容。	Assets/Product/Texture/Image/IconToolsSp/Clo12910039271Sp.png	Assets/Product/Texture/Image/IconTools/Clo12910039271.png	[80319]	129395	32	14	Assets/Product/Texture/Image/Role/RoleHeadR3Buouxiong1.png	Assets/Product/Texture/Image/Role/RoleHeadR3Buouxiong3.png	Assets/Product/Texture/Image/Role/RoleHeadR3Buouxiong1.png	Assets/Product/Texture/Image/RoleCharacter/RoleHeadR3Buouxiong1.png	Assets/Product/Texture/Image/RoleCharacter/RoleHeadR3Buouxiong1.png	Assets/Product/Texture/Image/Role/RoleHeadR3Buouxiong2.png	Assets/Product/Texture/Image/Role/RoleHeadR3Buouxiong4.png	Assets/Product/Texture/Image/IconToolsSp/RoleHeadR3Buouxiong2Sp.png	Assets/Product/Texture/Image/IconTools/RoleHeadR3Buouxiong2.png	Assets/Product/Texture/Image/RoleStory/V4100boxNormal08.png	Assets/Product/Texture/Image/RoleCharacterBig/RoleCharacterBigR3BuouxiongNormal01.png	Assets/Product/Texture/Image/RoleCharacter/RoleHeadR3Buouxiong3.png	Assets/Product/Texture/Image/IconCoating/IconCoating6005705.png	Root/Bip001/Bip001Pelvis/Bip001Spine/Bip001Spine1/Bip001Spine2/Bip001LClavicle/Bip001LUpperArm/Bip001LForearm	Assets/Product/Effect/Prefab/FxR3BuouxiongPrefab/Common/FxR3BuouxiongBip001LForearm.prefab	169					3	Assets/Product/Texture/Image/UiFashionSuit/UiFashionSuitMain03Xiari/UiFashionSuitXiari04.png	Assets/Product/Texture/Image/UiFashionSuit/UiFashionSuitMain03Xiari/UiFashionSuitXiari04.png			
6005801	1141004	1140401	泛用式	1	9000	初始系列——罗塞塔·极锋	构造体生产出来时配给的服装。	Assets/Product/Texture/Image/IconToolsSp/Clo11410040101Sp.png	Assets/Product/Texture/Image/IconTools/Clo11410040101.png	[19077]	114499	32	3	Assets/Product/Texture/Image/Role/RoleHeadR4Luosaita1.png	Assets/Product/Texture/Image/Role/RoleHeadR4Luosaita3.png	Assets/Product/Texture/Image/Role/RoleHeadR4Luosaita1.png	Assets/Product/Texture/Image/RoleCharacter/RoleHeadR4Luosaita1.png	Assets/Product/Texture/Image/RoleCharacter/RoleHeadR4Luosaita1.png	Assets/Product/Texture/Image/Role/RoleHeadR4Luosaita2.png	Assets/Product/Texture/Image/Role/RoleHeadR4Luosaita4.png	Assets/Product/Texture/Image/IconToolsSp/RoleHeadR4Luosaita2Sp.png	Assets/Product/Texture/Image/IconTools/RoleHeadR4Luosaita2.png	Assets/Product/Texture/Image/RoleStory/V4200LuosaitaNormal05.png	Assets/Product/Texture/Image/RoleCharacterBig/RoleCharacterBigR4LuosaitaNormal01.png	Assets/Product/Texture/Image/RoleCharacter/RoleHeadR4Luosaita3.png	Assets/Product/Texture/Image/IconCoating/IconCoating6000704.png	Bip001RForearm	Assets/Product/Effect/Prefab/FxR4LuosaitaPrefab/Common/FxR4LuosaitaBip001RForearm.prefab	171										
6005802	1141004	1140402	泛用式·改	2	9000	初始系列——罗塞塔·极锋	构造体[初阶]解放后，获得权限根据爱好修改的服装。	Assets/Product/Texture/Image/IconToolsSp/Clo11410040102Sp.png	Assets/Product/Texture/Image/IconTools/Clo11410040102.png	[19077]	114498	32	6	Assets/Product/Texture/Image/Role/RoleHeadR4Luosaita1.png	Assets/Product/Texture/Image/Role/RoleHeadR4Luosaita3.png	Assets/Product/Texture/Image/Role/RoleHeadR4Luosaita1.png	Assets/Product/Texture/Image/RoleCharacter/RoleHeadR4Luosaita1.png	Assets/Product/Texture/Image/RoleCharacter/RoleHeadR4Luosaita1.png	Assets/Product/Texture/Image/Role/RoleHeadR4Luosaita2.png	Assets/Product/Texture/Image/Role/RoleHeadR4Luosaita4.png	Assets/Product/Texture/Image/IconToolsSp/RoleHeadR4Luosaita2Sp.png	Assets/Product/Texture/Image/IconTools/RoleHeadR4Luosaita2.png	Assets/Product/Texture/Image/RoleStory/V4200LuosaitaNormal05.png	Assets/Product/Texture/Image/RoleCharacterBig/RoleCharacterBigR4LuosaitaNormal01.png	Assets/Product/Texture/Image/RoleCharacter/RoleHeadR4Luosaita3.png	Assets/Product/Texture/Image/IconCoating/IconCoating6000704.png	Bip001RForearm	Assets/Product/Effect/Prefab/FxR4LuosaitaPrefab/Common/FxR4LuosaitaBip001RForearm.prefab	171										
6005803	1141004	1140403	泛用式·终	2	9000	初始系列——罗塞塔·极锋	构造体[高阶]解放后，根据个人意愿修改的服装，完好的体现了本人意识海的特征。	Assets/Product/Texture/Image/IconToolsSp/Clo11410040103Sp.png	Assets/Product/Texture/Image/IconTools/Clo11410040103.png	[19077]	114497	32	9	Assets/Product/Texture/Image/Role/RoleHeadR4Luosaita1.png	Assets/Product/Texture/Image/Role/RoleHeadR4Luosaita3.png	Assets/Product/Texture/Image/Role/RoleHeadR4Luosaita1.png	Assets/Product/Texture/Image/RoleCharacter/RoleHeadR4Luosaita1.png	Assets/Product/Texture/Image/RoleCharacter/RoleHeadR4Luosaita1.png	Assets/Product/Texture/Image/Role/RoleHeadR4Luosaita2.png	Assets/Product/Texture/Image/Role/RoleHeadR4Luosaita4.png	Assets/Product/Texture/Image/IconToolsSp/RoleHeadR4Luosaita2Sp.png	Assets/Product/Texture/Image/IconTools/RoleHeadR4Luosaita2.png	Assets/Product/Texture/Image/RoleStory/V4200LuosaitaNormal05.png	Assets/Product/Texture/Image/RoleCharacterBig/RoleCharacterBigR4LuosaitaNormal01.png	Assets/Product/Texture/Image/RoleCharacter/RoleHeadR4Luosaita3.png	Assets/Product/Texture/Image/IconCoating/IconCoating6000704.png	Bip001RForearm	Assets/Product/Effect/Prefab/FxR4LuosaitaPrefab/Common/FxR4LuosaitaBip001RForearm.prefab	171										
6005804	1141004	1140404	圣律锢金	6	1029	游诗歌谣系列——罗塞塔·极锋	遵从着崇高的戒律，穿戴起象征着重责的黄金甲胄，对极光洒落的方向献上祈祷，忠诚的誓言化作血液锻入脊椎。当风暴啃噬北境疆界，长枪在大雪中扬起，对那即将坠落的日轮咆哮——她绝不会后退一步。	Assets/Product/Texture/Image/IconToolsSp/Clo11410049011Sp.png	Assets/Product/Texture/Image/IconTools/Clo11410049011.png	[80285,80286]	114496	32	84	Assets/Product/Texture/Image/Role/RoleHeadR4Luosaita1.png	Assets/Product/Texture/Image/Role/RoleHeadR4Luosaita3.png	Assets/Product/Texture/Image/Role/RoleHeadR4Luosaita5.png	Assets/Product/Texture/Image/RoleCharacter/RoleHeadR4Luosaita1.png	Assets/Product/Texture/Image/RoleCharacter/RoleHeadR4Luosaita5.png	Assets/Product/Texture/Image/Role/RoleHeadR4Luosaita5.png	Assets/Product/Texture/Image/Role/RoleHeadR4Luosaita4.png	Assets/Product/Texture/Image/IconToolsSp/RoleHeadR4Luosaita2Sp.png	Assets/Product/Texture/Image/IconTools/RoleHeadR4Luosaita2.png	Assets/Product/Texture/Image/RoleStory/V4200LuosaitaNormal05.png	Assets/Product/Texture/Image/RoleCharacterBig/RoleCharacterBigR4LuosaitaNormal01.png	Assets/Product/Texture/Image/RoleCharacter/RoleHeadR4Luosaita3.png	Assets/Product/Texture/Image/IconCoating/IconCoating6005804.png	Bip001RForearm	Assets/Product/Effect/Prefab/FxR4LuosaitaPrefab/R4LuosaitaMd019011/FxR4LuosaitaBip001RForearm.prefab	172	9010297									
6005901	1391003	1390301	泛用式	1	9000	初始系列——涅缇娅·亡歌	构造体生产出来时配给的服装。	Assets/Product/Texture/Image/IconToolsSp/Clo13910030101Sp.png	Assets/Product/Texture/Image/IconTools/Clo13910030101.png	[19078]	139399	32	3	Assets/Product/Texture/Image/Role/RoleHeadR3Nietiya1.png	Assets/Product/Texture/Image/Role/RoleHeadR3Nietiya3.png	Assets/Product/Texture/Image/Role/RoleHeadR3Nietiya1.png	Assets/Product/Texture/Image/RoleCharacter/RoleHeadR3Nietiya1.png	Assets/Product/Texture/Image/RoleCharacter/RoleHeadR3Nietiya1.png	Assets/Product/Texture/Image/Role/RoleHeadR3Nietiya2.png	Assets/Product/Texture/Image/Role/RoleHeadR3Nietiya4.png	Assets/Product/Texture/Image/IconToolsSp/RoleHeadR3Nietiya2Sp.png	Assets/Product/Texture/Image/IconTools/RoleHeadR3Nietiya2.png	Assets/Product/Texture/Image/RoleStory/V4100NietiyaNormal04.png	Assets/Product/Texture/Image/RoleCharacterBig/RoleCharacterBigR3NietiyaNormal01.png	Assets/Product/Texture/Image/RoleCharacter/RoleHeadR3Nietiya3.png	Assets/Product/Texture/Image/IconCoating/IconCoating6000704.png	Bip001LForearm	Assets/Product/Effect/Prefab/FxR3NietiyaPrefab/Common/FxR3NietiyaBip001LForearm.prefab	175										
6005902	1391003	1390302	泛用式·改	2	9000	初始系列——涅缇娅·亡歌	构造体[初阶]解放后，获得权限根据爱好修改的服装。	Assets/Product/Texture/Image/IconToolsSp/Clo13910030102Sp.png	Assets/Product/Texture/Image/IconTools/Clo13910030102.png	[19078]	139398	32	6	Assets/Product/Texture/Image/Role/RoleHeadR3Nietiya1.png	Assets/Product/Texture/Image/Role/RoleHeadR3Nietiya3.png	Assets/Product/Texture/Image/Role/RoleHeadR3Nietiya1.png	Assets/Product/Texture/Image/RoleCharacter/RoleHeadR3Nietiya1.png	Assets/Product/Texture/Image/RoleCharacter/RoleHeadR3Nietiya1.png	Assets/Product/Texture/Image/Role/RoleHeadR3Nietiya2.png	Assets/Product/Texture/Image/Role/RoleHeadR3Nietiya4.png	Assets/Product/Texture/Image/IconToolsSp/RoleHeadR3Nietiya2Sp.png	Assets/Product/Texture/Image/IconTools/RoleHeadR3Nietiya2.png	Assets/Product/Texture/Image/RoleStory/V4100NietiyaNormal04.png	Assets/Product/Texture/Image/RoleCharacterBig/RoleCharacterBigR3NietiyaNormal01.png	Assets/Product/Texture/Image/RoleCharacter/RoleHeadR3Nietiya3.png	Assets/Product/Texture/Image/IconCoating/IconCoating6000704.png	Bip001LForearm	Assets/Product/Effect/Prefab/FxR3NietiyaPrefab/Common/FxR3NietiyaBip001LForearm.prefab	175										
6005903	1391003	1390303	泛用式·终	2	9000	初始系列——涅缇娅·亡歌	构造体[高阶]解放后，根据个人意愿修改的服装，完好的体现了本人意识海的特征。	Assets/Product/Texture/Image/IconToolsSp/Clo13910030103Sp.png	Assets/Product/Texture/Image/IconTools/Clo13910030103.png	[19078]	139397	32	9	Assets/Product/Texture/Image/Role/RoleHeadR3Nietiya1.png	Assets/Product/Texture/Image/Role/RoleHeadR3Nietiya3.png	Assets/Product/Texture/Image/Role/RoleHeadR3Nietiya1.png	Assets/Product/Texture/Image/RoleCharacter/RoleHeadR3Nietiya1.png	Assets/Product/Texture/Image/RoleCharacter/RoleHeadR3Nietiya1.png	Assets/Product/Texture/Image/Role/RoleHeadR3Nietiya2.png	Assets/Product/Texture/Image/Role/RoleHeadR3Nietiya4.png	Assets/Product/Texture/Image/IconToolsSp/RoleHeadR3Nietiya2Sp.png	Assets/Product/Texture/Image/IconTools/RoleHeadR3Nietiya2.png	Assets/Product/Texture/Image/RoleStory/V4100NietiyaNormal04.png	Assets/Product/Texture/Image/RoleCharacterBig/RoleCharacterBigR3NietiyaNormal01.png	Assets/Product/Texture/Image/RoleCharacter/RoleHeadR3Nietiya3.png	Assets/Product/Texture/Image/IconCoating/IconCoating6000704.png	Bip001LForearm	Assets/Product/Effect/Prefab/FxR3NietiyaPrefab/Common/FxR3NietiyaBip001LForearm.prefab	175										
6005904	1391003	1390304	幽林巫祷	5	1029	游诗歌谣系列——涅缇娅·亡歌	她于密林深处纺织月光织就覆面之纱，在荒芜坟茔间召唤亡灵与之交谈，收集流淌着魔力和毒液的草药。长生的魔女总伴随渡鸦和蓝月现身，天亮时便如雾气般消散。	Assets/Product/Texture/Image/IconToolsSp/Clo13910039011Sp.png	Assets/Product/Texture/Image/IconTools/Clo13910039011.png	[80290,80291]	139396	32	14	Assets/Product/Texture/Image/Role/RoleHeadR3Nietiya1.png	Assets/Product/Texture/Image/Role/RoleHeadR3Nietiya3.png	Assets/Product/Texture/Image/Role/RoleHeadR3Nietiya1.png	Assets/Product/Texture/Image/RoleCharacter/RoleHeadR3Nietiya1.png	Assets/Product/Texture/Image/RoleCharacter/RoleHeadR3Nietiya1.png	Assets/Product/Texture/Image/Role/RoleHeadR3Nietiya2.png	Assets/Product/Texture/Image/Role/RoleHeadR3Nietiya4.png	Assets/Product/Texture/Image/IconToolsSp/RoleHeadR3Nietiya2Sp.png	Assets/Product/Texture/Image/IconTools/RoleHeadR3Nietiya2.png	Assets/Product/Texture/Image/RoleStory/V4100NietiyaNormal04.png	Assets/Product/Texture/Image/RoleCharacterBig/RoleCharacterBigR3NietiyaNormal01.png	Assets/Product/Texture/Image/RoleCharacter/RoleHeadR3Nietiya3.png	Assets/Product/Texture/Image/IconCoating/IconCoating6005904.png	Bip001LForearm	Assets/Product/Effect/Prefab/FxR3NietiyaPrefab/Common/FxR3NietiyaBip001LForearm.prefab	175										
6005905	1391003	1390305	旖梦逝影	6	1042	雾夜镇魂曲系列——涅缇娅·亡歌	告别豢养半生的昨日谎言，今夜归来的，是再度执刃的送葬者。纯净的初心不曾蒙尘，微暧的灯盏交予所信之手。 消散吧，低语的诅咒，她将亲手终结那盘踞于灵魂深处的枷锁。	Assets/Product/Texture/Image/IconToolsSp/Clo13910039421Sp.png	Assets/Product/Texture/Image/IconTools/Clo13910039421.png	[80321]	139395	32	84	Assets/Product/Texture/Image/Role/RoleHeadR3Nietiya1.png	Assets/Product/Texture/Image/Role/RoleHeadR3Nietiya3.png	Assets/Product/Texture/Image/Role/RoleHeadR3Nietiya6.png	Assets/Product/Texture/Image/RoleCharacter/RoleHeadR3Nietiya1.png	Assets/Product/Texture/Image/RoleCharacter/RoleHeadR3Nietiya6.png	Assets/Product/Texture/Image/Role/RoleHeadR3Nietiya6.png	Assets/Product/Texture/Image/Role/RoleHeadR3Nietiya4.png	Assets/Product/Texture/Image/IconToolsSp/RoleHeadR3Nietiya2Sp.png	Assets/Product/Texture/Image/IconTools/RoleHeadR3Nietiya2.png	Assets/Product/Texture/Image/RoleStory/V4100NietiyaNormal04.png	Assets/Product/Texture/Image/RoleCharacterBig/RoleCharacterBigR3NietiyaNormal01.png	Assets/Product/Texture/Image/RoleCharacter/RoleHeadR3Nietiya3.png	Assets/Product/Texture/Image/IconCoating/IconCoating6005905.png	Bip001LForearm	Assets/Product/Effect/Prefab/FxR3NietiyaPrefab/R3NietiyaMd019421/FxR3NietiyaBip001LForearm.prefab	191	9010311				3	Assets/Product/Texture/Image/UiFashionSuit/UiFashionSuitMain02Kesulu/UiFashionSuitKesulu04.png	Assets/Product/Texture/Image/UiFashionSuit/UiFashionSuitMain02Kesulu/UiFashionSuitKesulu04.png			
6006001	1061004	1060401	泛用式	1	9000	初始系列——神威·不落日	构造体生产出来时配给的服装。	Assets/Product/Texture/Image/IconToolsSp/Clo10610040101Sp.png	Assets/Product/Texture/Image/IconTools/Clo10610040101.png	[19079]	106499	32	3	Assets/Product/Texture/Image/Role/RoleHeadR4Shenwei1.png	Assets/Product/Texture/Image/Role/RoleHeadR4Shenwei3.png	Assets/Product/Texture/Image/Role/RoleHeadR4Shenwei1.png	Assets/Product/Texture/Image/RoleCharacter/RoleHeadR4Shenwei1.png	Assets/Product/Texture/Image/RoleCharacter/RoleHeadR4Shenwei1.png	Assets/Product/Texture/Image/Role/RoleHeadR4Shenwei2.png	Assets/Product/Texture/Image/Role/RoleHeadR4Shenwei4.png	Assets/Product/Texture/Image/IconToolsSp/RoleHeadR4Shenwei2Sp.png	Assets/Product/Texture/Image/IconTools/RoleHeadR4Shenwei2.png	Assets/Product/Texture/Image/RoleStory/V4400Shenwei520Normal01.png	Assets/Product/Texture/Image/RoleCharacterBig/RoleCharacterBigR4ShenweiNormal01.png	Assets/Product/Texture/Image/RoleCharacter/RoleHeadR4Shenwei3.png	Assets/Product/Texture/Image/IconCoating/IconCoating6000704.png	Bip001RForearm	Assets/Product/Effect/Prefab/FxR4ShenweiPrefab/Common/FxR4ShenweiBip001RForearm.prefab	177										
6006002	1061004	1060402	泛用式·改	2	9000	初始系列——神威·不落日	构造体[初阶]解放后，获得权限根据爱好修改的服装。	Assets/Product/Texture/Image/IconToolsSp/Clo10610040102Sp.png	Assets/Product/Texture/Image/IconTools/Clo10610040102.png	[19079]	106498	32	6	Assets/Product/Texture/Image/Role/RoleHeadR4Shenwei1.png	Assets/Product/Texture/Image/Role/RoleHeadR4Shenwei3.png	Assets/Product/Texture/Image/Role/RoleHeadR4Shenwei1.png	Assets/Product/Texture/Image/RoleCharacter/RoleHeadR4Shenwei1.png	Assets/Product/Texture/Image/RoleCharacter/RoleHeadR4Shenwei1.png	Assets/Product/Texture/Image/Role/RoleHeadR4Shenwei2.png	Assets/Product/Texture/Image/Role/RoleHeadR4Shenwei4.png	Assets/Product/Texture/Image/IconToolsSp/RoleHeadR4Shenwei2Sp.png	Assets/Product/Texture/Image/IconTools/RoleHeadR4Shenwei2.png	Assets/Product/Texture/Image/RoleStory/V4400Shenwei520Normal01.png	Assets/Product/Texture/Image/RoleCharacterBig/RoleCharacterBigR4ShenweiNormal01.png	Assets/Product/Texture/Image/RoleCharacter/RoleHeadR4Shenwei3.png	Assets/Product/Texture/Image/IconCoating/IconCoating6000704.png	Bip001RForearm	Assets/Product/Effect/Prefab/FxR4ShenweiPrefab/Common/FxR4ShenweiBip001RForearm.prefab	177										
6006003	1061004	1060403	泛用式·终	2	9000	初始系列——神威·不落日	构造体[高阶]解放后，根据个人意愿修改的服装，完好的体现了本人意识海的特征。	Assets/Product/Texture/Image/IconToolsSp/Clo10610040103Sp.png	Assets/Product/Texture/Image/IconTools/Clo10610040103.png	[19079]	106497	32	9	Assets/Product/Texture/Image/Role/RoleHeadR4Shenwei1.png	Assets/Product/Texture/Image/Role/RoleHeadR4Shenwei3.png	Assets/Product/Texture/Image/Role/RoleHeadR4Shenwei1.png	Assets/Product/Texture/Image/RoleCharacter/RoleHeadR4Shenwei1.png	Assets/Product/Texture/Image/RoleCharacter/RoleHeadR4Shenwei1.png	Assets/Product/Texture/Image/Role/RoleHeadR4Shenwei2.png	Assets/Product/Texture/Image/Role/RoleHeadR4Shenwei4.png	Assets/Product/Texture/Image/IconToolsSp/RoleHeadR4Shenwei2Sp.png	Assets/Product/Texture/Image/IconTools/RoleHeadR4Shenwei2.png	Assets/Product/Texture/Image/RoleStory/V4400Shenwei520Normal01.png	Assets/Product/Texture/Image/RoleCharacterBig/RoleCharacterBigR4ShenweiNormal01.png	Assets/Product/Texture/Image/RoleCharacter/RoleHeadR4Shenwei3.png	Assets/Product/Texture/Image/IconCoating/IconCoating6000704.png	Bip001RForearm	Assets/Product/Effect/Prefab/FxR4ShenweiPrefab/Common/FxR4ShenweiBip001RForearm.prefab	177										
6006004	1061004	1060404	矢志猎踪	6	1042	雾夜镇魂曲系列——神威·不落日	呓语咽下坦诚，癫狂吞入良善，以雾为猎的旅途永无尽头。若是这样能升上黎明的幕布，他甘愿如此从容地走入那无尽的雾夜。	Assets/Product/Texture/Image/IconToolsSp/Clo10610049421Sp.png	Assets/Product/Texture/Image/IconTools/Clo10610049421.png	[80314,80297,80298]	106496	32	84	Assets/Product/Texture/Image/Role/RoleHeadR4Shenwei1.png	Assets/Product/Texture/Image/Role/RoleHeadR4Shenwei3.png	Assets/Product/Texture/Image/Role/RoleHeadR4Shenwei5.png	Assets/Product/Texture/Image/RoleCharacter/RoleHeadR4Shenwei1.png	Assets/Product/Texture/Image/RoleCharacter/RoleHeadR4Shenwei5.png	Assets/Product/Texture/Image/Role/RoleHeadR4Shenwei5.png	Assets/Product/Texture/Image/Role/RoleHeadR4Shenwei4.png	Assets/Product/Texture/Image/IconToolsSp/RoleHeadR4Shenwei2Sp.png	Assets/Product/Texture/Image/IconTools/RoleHeadR4Shenwei2.png	Assets/Product/Texture/Image/RoleStory/V4400Shenwei520Normal01.png	Assets/Product/Texture/Image/RoleCharacterBig/RoleCharacterBigR4ShenweiNormal01.png	Assets/Product/Texture/Image/RoleCharacter/RoleHeadR4Shenwei3.png	Assets/Product/Texture/Image/IconCoating/IconCoating6006004.png	Bip001RForearm	Assets/Product/Effect/Prefab/FxR4ShenweiPrefab/R4ShenweiMd019421/FxR4ShenweiBip001RForearm.prefab	178	9010303				3	Assets/Product/Texture/Image/UiFashionSuit/UiFashionSuitMain02Kesulu/UiFashionSuitKesulu01.png	Assets/Product/Texture/Image/UiFashionSuit/UiFashionSuitMain02Kesulu/UiFashionSuitKesulu01.png			
6006101	1021007	1020701	泛用式	1	9000	初始系列——露西亚·逆冕	构造体生产出来时配给的服装。	Assets/Product/Texture/Image/IconToolsSp/Clo10210070101Sp.png	Assets/Product/Texture/Image/IconTools/Clo10210070101.png	[19080]	102799	32	3	Assets/Product/Texture/Image/Role/RoleHeadR7Luxiya1.png	Assets/Product/Texture/Image/Role/RoleHeadR7Luxiya3.png	Assets/Product/Texture/Image/Role/RoleHeadR7Luxiya1.png	Assets/Product/Texture/Image/RoleCharacter/RoleHeadR7Luxiya1.png	Assets/Product/Texture/Image/RoleCharacter/RoleHeadR7Luxiya1.png	Assets/Product/Texture/Image/Role/RoleHeadR7Luxiya2.png	Assets/Product/Texture/Image/Role/RoleHeadR7Luxiya4.png	Assets/Product/Texture/Image/IconToolsSp/RoleHeadR7Luxiya2Sp.png	Assets/Product/Texture/Image/IconTools/RoleHeadR7Luxiya2.png	Assets/Product/Texture/Image/RoleStory/V4500aefNormal18.png	Assets/Product/Texture/Image/RoleCharacterBig/RoleCharacterBigR7LuxiyaNormal01.png	Assets/Product/Texture/Image/RoleCharacter/RoleHeadR7Luxiya3.png	Assets/Product/Texture/Image/IconCoating/IconCoating6000704.png	Bip001RForearm	Assets/Product/Effect/Prefab/FxR7LuxiyaPrefab/Common/FxR7LuxiyaBip001RForearm.prefab	182										
6006102	1021007	1020702	泛用式·改	2	9000	初始系列——露西亚·逆冕	构造体[初阶]解放后，获得权限根据爱好修改的服装。	Assets/Product/Texture/Image/IconToolsSp/Clo10210070102Sp.png	Assets/Product/Texture/Image/IconTools/Clo10210070102.png	[19080]	102798	32	6	Assets/Product/Texture/Image/Role/RoleHeadR7Luxiya1.png	Assets/Product/Texture/Image/Role/RoleHeadR7Luxiya3.png	Assets/Product/Texture/Image/Role/RoleHeadR7Luxiya1.png	Assets/Product/Texture/Image/RoleCharacter/RoleHeadR7Luxiya1.png	Assets/Product/Texture/Image/RoleCharacter/RoleHeadR7Luxiya1.png	Assets/Product/Texture/Image/Role/RoleHeadR7Luxiya2.png	Assets/Product/Texture/Image/Role/RoleHeadR7Luxiya4.png	Assets/Product/Texture/Image/IconToolsSp/RoleHeadR7Luxiya2Sp.png	Assets/Product/Texture/Image/IconTools/RoleHeadR7Luxiya2.png	Assets/Product/Texture/Image/RoleStory/V4500aefNormal18.png	Assets/Product/Texture/Image/RoleCharacterBig/RoleCharacterBigR7LuxiyaNormal01.png	Assets/Product/Texture/Image/RoleCharacter/RoleHeadR7Luxiya3.png	Assets/Product/Texture/Image/IconCoating/IconCoating6000704.png	Bip001RForearm	Assets/Product/Effect/Prefab/FxR7LuxiyaPrefab/Common/FxR7LuxiyaBip001RForearm.prefab	182										
6006103	1021007	1020703	泛用式·终	2	9000	初始系列——露西亚·逆冕	构造体[高阶]解放后，根据个人意愿修改的服装，完好的体现了本人意识海的特征。	Assets/Product/Texture/Image/IconToolsSp/Clo10210070103Sp.png	Assets/Product/Texture/Image/IconTools/Clo10210070103.png	[19080]	102797	32	9	Assets/Product/Texture/Image/Role/RoleHeadR7Luxiya1.png	Assets/Product/Texture/Image/Role/RoleHeadR7Luxiya3.png	Assets/Product/Texture/Image/Role/RoleHeadR7Luxiya1.png	Assets/Product/Texture/Image/RoleCharacter/RoleHeadR7Luxiya1.png	Assets/Product/Texture/Image/RoleCharacter/RoleHeadR7Luxiya1.png	Assets/Product/Texture/Image/Role/RoleHeadR7Luxiya2.png	Assets/Product/Texture/Image/Role/RoleHeadR7Luxiya4.png	Assets/Product/Texture/Image/IconToolsSp/RoleHeadR7Luxiya2Sp.png	Assets/Product/Texture/Image/IconTools/RoleHeadR7Luxiya2.png	Assets/Product/Texture/Image/RoleStory/V4500aefNormal18.png	Assets/Product/Texture/Image/RoleCharacterBig/RoleCharacterBigR7LuxiyaNormal01.png	Assets/Product/Texture/Image/RoleCharacter/RoleHeadR7Luxiya3.png	Assets/Product/Texture/Image/IconCoating/IconCoating6000704.png	Bip001RForearm	Assets/Product/Effect/Prefab/FxR7LuxiyaPrefab/Common/FxR7LuxiyaBip001RForearm.prefab	182								[33000001]	#DE4F4C	
6006104	1021007	1020704	雾夜赤冕	6	1042	雾夜镇魂曲系列——露西亚·逆冕	往事已被鲜红浸染，而裁决的权柄已牢牢握于掌中。她以女爵之名，向沉睡于雾中的旧时代道别。血色的满月再度升起之际，她重新握紧手中锋刃，步入雾霭流转的长街。在一切落下终幕之前，以绝不畏惧的意志，斩开死寂中的虚妄。	Assets/Product/Texture/Image/IconToolsSp/Clo10210079421Sp.png	Assets/Product/Texture/Image/IconTools/Clo10210079421.png	[80301,80302]	102796	32	84	Assets/Product/Texture/Image/Role/RoleHeadR7Luxiya1.png	Assets/Product/Texture/Image/Role/RoleHeadR7Luxiya3.png	Assets/Product/Texture/Image/Role/RoleHeadR7Luxiya5.png	Assets/Product/Texture/Image/RoleCharacter/RoleHeadR7Luxiya1.png	Assets/Product/Texture/Image/RoleCharacter/RoleHeadR7Luxiya5.png	Assets/Product/Texture/Image/Role/RoleHeadR7Luxiya5.png	Assets/Product/Texture/Image/Role/RoleHeadR7Luxiya4.png	Assets/Product/Texture/Image/IconToolsSp/RoleHeadR7Luxiya2Sp.png	Assets/Product/Texture/Image/IconTools/RoleHeadR7Luxiya2.png	Assets/Product/Texture/Image/RoleStory/V4500aefNormal18.png	Assets/Product/Texture/Image/RoleCharacterBig/RoleCharacterBigR7LuxiyaNormal01.png	Assets/Product/Texture/Image/RoleCharacter/RoleHeadR7Luxiya3.png	Assets/Product/Texture/Image/IconCoating/IconCoating6006104.png	Bip001RForearm	Assets/Product/Effect/Prefab/FxR7LuxiyaPrefab/R7LuxiyaMd019421/FxR7LuxiyaBip001RForearm.prefab	181	9010304				3	Assets/Product/Texture/Image/UiFashionSuit/UiFashionSuitMain02Kesulu/UiFashionSuitKesulu02.png	Assets/Product/Texture/Image/UiFashionSuit/UiFashionSuitMain02Kesulu/UiFashionSuitKesulu02.png			
6006105	1021007	1020705	泛用式·终 异色涂装	5	9000	初始系列——露西亚·逆冕	构造体[高阶]解放后，根据个人意愿修改的服装，完好的体现了本人意识海的特征。	Assets/Product/Texture/Image/IconToolsSp/Clo10210070104Sp.png	Assets/Product/Texture/Image/IconTools/Clo10210070104.png	[19080]	102797	32	9	Assets/Product/Texture/Image/Role/RoleHeadR7Luxiya1.png	Assets/Product/Texture/Image/Role/RoleHeadR7Luxiya3.png	Assets/Product/Texture/Image/Role/RoleHeadR7Luxiya1.png	Assets/Product/Texture/Image/RoleCharacter/RoleHeadR7Luxiya1.png	Assets/Product/Texture/Image/RoleCharacter/RoleHeadR7Luxiya1.png	Assets/Product/Texture/Image/Role/RoleHeadR7Luxiya2.png	Assets/Product/Texture/Image/Role/RoleHeadR7Luxiya4.png	Assets/Product/Texture/Image/IconToolsSp/RoleHeadR7Luxiya2Sp.png	Assets/Product/Texture/Image/IconTools/RoleHeadR7Luxiya2.png	Assets/Product/Texture/Image/RoleStory/V4500aefNormal18.png	Assets/Product/Texture/Image/RoleCharacterBig/RoleCharacterBigR7LuxiyaNormal01.png	Assets/Product/Texture/Image/RoleCharacter/RoleHeadR7Luxiya3.png	Assets/Product/Texture/Image/IconCoating/IconCoating6000704.png	Bip001RForearm	Assets/Product/Effect/Prefab/FxR7LuxiyaPrefab/Common/FxR7LuxiyaBip001RForearm.prefab	182										true
6006201	1401003	1400301	泛用式	1	9000	初始系列——海伦汀·安魂	构造体生产出来时配给的服装。	Assets/Product/Texture/Image/IconToolsSp/Clo14010030101Sp.png	Assets/Product/Texture/Image/IconTools/Clo14010030101.png	[19081]	140399	32	3	Assets/Product/Texture/Image/Role/RoleHeadR3Helentine1.png	Assets/Product/Texture/Image/Role/RoleHeadR3Helentine3.png	Assets/Product/Texture/Image/Role/RoleHeadR3Helentine1.png	Assets/Product/Texture/Image/RoleCharacter/RoleHeadR3Helentine1.png	Assets/Product/Texture/Image/RoleCharacter/RoleHeadR3Helentine1.png	Assets/Product/Texture/Image/Role/RoleHeadR3Helentine2.png	Assets/Product/Texture/Image/Role/RoleHeadR3Helentine4.png	Assets/Product/Texture/Image/IconToolsSp/RoleHeadR3Helentine2Sp.png	Assets/Product/Texture/Image/IconTools/RoleHeadR3Helentine2.png	Assets/Product/Texture/Image/RoleStory/V4600hltNormal11.png	Assets/Product/Texture/Image/RoleCharacterBig/RoleCharacterBigR3HelentineNormal01.png	Assets/Product/Texture/Image/RoleCharacter/RoleHeadR3Helentine3.png	Assets/Product/Texture/Image/IconCoating/IconCoating6000704.png	Bip001RForearm	Assets/Product/Effect/Prefab/FxR3HelentinePrefab/Common/FxR3HelentineBip001RForearm.prefab	184										
6006202	1401003	1400302	泛用式·改	2	9000	初始系列——海伦汀·安魂	构造体[初阶]解放后，获得权限根据爱好修改的服装。	Assets/Product/Texture/Image/IconToolsSp/Clo14010030102Sp.png	Assets/Product/Texture/Image/IconTools/Clo14010030102.png	[19081]	140398	32	6	Assets/Product/Texture/Image/Role/RoleHeadR3Helentine1.png	Assets/Product/Texture/Image/Role/RoleHeadR3Helentine3.png	Assets/Product/Texture/Image/Role/RoleHeadR3Helentine1.png	Assets/Product/Texture/Image/RoleCharacter/RoleHeadR3Helentine1.png	Assets/Product/Texture/Image/RoleCharacter/RoleHeadR3Helentine1.png	Assets/Product/Texture/Image/Role/RoleHeadR3Helentine2.png	Assets/Product/Texture/Image/Role/RoleHeadR3Helentine4.png	Assets/Product/Texture/Image/IconToolsSp/RoleHeadR3Helentine2Sp.png	Assets/Product/Texture/Image/IconTools/RoleHeadR3Helentine2.png	Assets/Product/Texture/Image/RoleStory/V4600hltNormal11.png	Assets/Product/Texture/Image/RoleCharacterBig/RoleCharacterBigR3HelentineNormal01.png	Assets/Product/Texture/Image/RoleCharacter/RoleHeadR3Helentine3.png	Assets/Product/Texture/Image/IconCoating/IconCoating6000704.png	Bip001RForearm	Assets/Product/Effect/Prefab/FxR3HelentinePrefab/Common/FxR3HelentineBip001RForearm.prefab	184										
6006203	1401003	1400303	泛用式·终	2	9000	初始系列——海伦汀·安魂	构造体[高阶]解放后，根据个人意愿修改的服装，完好的体现了本人意识海的特征。	Assets/Product/Texture/Image/IconToolsSp/Clo14010030103Sp.png	Assets/Product/Texture/Image/IconTools/Clo14010030103.png	[19081]	140397	32	9	Assets/Product/Texture/Image/Role/RoleHeadR3Helentine1.png	Assets/Product/Texture/Image/Role/RoleHeadR3Helentine3.png	Assets/Product/Texture/Image/Role/RoleHeadR3Helentine1.png	Assets/Product/Texture/Image/RoleCharacter/RoleHeadR3Helentine1.png	Assets/Product/Texture/Image/RoleCharacter/RoleHeadR3Helentine1.png	Assets/Product/Texture/Image/Role/RoleHeadR3Helentine2.png	Assets/Product/Texture/Image/Role/RoleHeadR3Helentine4.png	Assets/Product/Texture/Image/IconToolsSp/RoleHeadR3Helentine2Sp.png	Assets/Product/Texture/Image/IconTools/RoleHeadR3Helentine2.png	Assets/Product/Texture/Image/RoleStory/V4600hltNormal11.png	Assets/Product/Texture/Image/RoleCharacterBig/RoleCharacterBigR3HelentineNormal01.png	Assets/Product/Texture/Image/RoleCharacter/RoleHeadR3Helentine3.png	Assets/Product/Texture/Image/IconCoating/IconCoating6000704.png	Bip001RForearm	Assets/Product/Effect/Prefab/FxR3HelentinePrefab/Common/FxR3HelentineBip001RForearm.prefab	184								[33000002]	#4A464C	
6006204	1401003	1400304	缱绻晴空	6	1043	汐落浮光系列——海伦汀·安魂	夕阳西下，流光于浪涛之上轻灵跳跃，如同此刻的心绪。微风轻送来海潮的气息，无需过多言语，只是任由落日将二人在沙滩上的投影渐渐拉长。此刻最大的心愿，是这一刻永不结束。	Assets/Product/Texture/Image/IconToolsSp/Clo14010039271Sp.png	Assets/Product/Texture/Image/IconTools/Clo14010039271.png	[80311,80312]	140396	32	84	Assets/Product/Texture/Image/Role/RoleHeadR3Helentine1.png	Assets/Product/Texture/Image/Role/RoleHeadR3Helentine3.png	Assets/Product/Texture/Image/Role/RoleHeadR3Helentine5.png	Assets/Product/Texture/Image/RoleCharacter/RoleHeadR3Helentine1.png	Assets/Product/Texture/Image/RoleCharacter/RoleHeadR3Helentine5.png	Assets/Product/Texture/Image/Role/RoleHeadR3Helentine5.png	Assets/Product/Texture/Image/Role/RoleHeadR3Helentine4.png	Assets/Product/Texture/Image/IconToolsSp/RoleHeadR3Helentine2Sp.png	Assets/Product/Texture/Image/IconTools/RoleHeadR3Helentine2.png	Assets/Product/Texture/Image/RoleStory/V4600hltNormal11.png	Assets/Product/Texture/Image/RoleCharacterBig/RoleCharacterBigR3HelentineNormal01.png	Assets/Product/Texture/Image/RoleCharacter/RoleHeadR3Helentine3.png	Assets/Product/Texture/Image/IconCoating/IconCoating6006204.png	Bip001RForearm	Assets/Product/Effect/Prefab/FxR3HelentinePrefab/R3HelentineMd019271/FxR3HelentineBip001RForearm.prefab	185	9010308				3	Assets/Product/Texture/Image/UiFashionSuit/UiFashionSuitMain03Xiari/UiFashionSuitXiari02.png	Assets/Product/Texture/Image/UiFashionSuit/UiFashionSuitMain03Xiari/UiFashionSuitXiari02.png			
6006205	1401003	1400305	泛用式·终 异色涂装	5	9000	初始系列——海伦汀·安魂	构造体[高阶]解放后，根据个人意愿修改的服装，完好的体现了本人意识海的特征。	Assets/Product/Texture/Image/IconToolsSp/Clo14010030104Sp.png	Assets/Product/Texture/Image/IconTools/Clo14010030104.png	[19081]	140397	32	9	Assets/Product/Texture/Image/Role/RoleHeadR3Helentine1.png	Assets/Product/Texture/Image/Role/RoleHeadR3Helentine3.png	Assets/Product/Texture/Image/Role/RoleHeadR3Helentine1.png	Assets/Product/Texture/Image/RoleCharacter/RoleHeadR3Helentine1.png	Assets/Product/Texture/Image/RoleCharacter/RoleHeadR3Helentine1.png	Assets/Product/Texture/Image/Role/RoleHeadR3Helentine2.png	Assets/Product/Texture/Image/Role/RoleHeadR3Helentine4.png	Assets/Product/Texture/Image/IconToolsSp/RoleHeadR3Helentine2Sp.png	Assets/Product/Texture/Image/IconTools/RoleHeadR3Helentine2.png	Assets/Product/Texture/Image/RoleStory/V4600hltNormal11.png	Assets/Product/Texture/Image/RoleCharacterBig/RoleCharacterBigR3HelentineNormal01.png	Assets/Product/Texture/Image/RoleCharacter/RoleHeadR3Helentine3.png	Assets/Product/Texture/Image/IconCoating/IconCoating6000704.png	Bip001RForearm	Assets/Product/Effect/Prefab/FxR3HelentinePrefab/Common/FxR3HelentineBip001RForearm.prefab	184										true
6006301	1071005	1070501	泛用式	1	9000	初始系列——卡列尼娜·烬航	构造体生产出来时配给的服装。	Assets/Product/Texture/Image/IconToolsSp/Clo10710050101Sp.png	Assets/Product/Texture/Image/IconTools/Clo10710050101.png	[19082]	107599	32	3	Assets/Product/Texture/Image/Role/RoleHeadR5Kalienina1.png	Assets/Product/Texture/Image/Role/RoleHeadR5Kalienina3.png	Assets/Product/Texture/Image/Role/RoleHeadR5Kalienina1.png	Assets/Product/Texture/Image/RoleCharacter/RoleHeadR5Kalienina1.png	Assets/Product/Texture/Image/RoleCharacter/RoleHeadR5Kalienina1.png	Assets/Product/Texture/Image/Role/RoleHeadR5Kalienina2.png	Assets/Product/Texture/Image/Role/RoleHeadR5Kalienina4.png	Assets/Product/Texture/Image/IconToolsSp/RoleHeadR5Kalienina2Sp.png	Assets/Product/Texture/Image/IconTools/RoleHeadR5Kalienina2.png	Assets/Product/Texture/Image/RoleStory/V4700klnnNormal04.png	Assets/Product/Texture/Image/RoleCharacterBig/RoleCharacterBigR5KalieninaNormal01.png	Assets/Product/Texture/Image/RoleCharacter/RoleHeadR5Kalienina3.png	Assets/Product/Texture/Image/IconCoating/IconCoating6000704.png	Bip001RForearm	Assets/Product/Effect/Prefab/FxR5KalieninaPrefab/Common/FxR5KalieninaBip001RForearm.prefab	186										
6006302	1071005	1070502	泛用式·改	2	9000	初始系列——卡列尼娜·烬航	构造体[初阶]解放后，获得权限根据爱好修改的服装。	Assets/Product/Texture/Image/IconToolsSp/Clo10710050102Sp.png	Assets/Product/Texture/Image/IconTools/Clo10710050102.png	[19082]	107598	32	6	Assets/Product/Texture/Image/Role/RoleHeadR5Kalienina1.png	Assets/Product/Texture/Image/Role/RoleHeadR5Kalienina3.png	Assets/Product/Texture/Image/Role/RoleHeadR5Kalienina1.png	Assets/Product/Texture/Image/RoleCharacter/RoleHeadR5Kalienina1.png	Assets/Product/Texture/Image/RoleCharacter/RoleHeadR5Kalienina1.png	Assets/Product/Texture/Image/Role/RoleHeadR5Kalienina2.png	Assets/Product/Texture/Image/Role/RoleHeadR5Kalienina4.png	Assets/Product/Texture/Image/IconToolsSp/RoleHeadR5Kalienina2Sp.png	Assets/Product/Texture/Image/IconTools/RoleHeadR5Kalienina2.png	Assets/Product/Texture/Image/RoleStory/V4700klnnNormal04.png	Assets/Product/Texture/Image/RoleCharacterBig/RoleCharacterBigR5KalieninaNormal01.png	Assets/Product/Texture/Image/RoleCharacter/RoleHeadR5Kalienina3.png	Assets/Product/Texture/Image/IconCoating/IconCoating6000704.png	Bip001RForearm	Assets/Product/Effect/Prefab/FxR5KalieninaPrefab/Common/FxR5KalieninaBip001RForearm.prefab	186										
6006303	1071005	1070503	泛用式·终	2	9000	初始系列——卡列尼娜·烬航	构造体[高阶]解放后，根据个人意愿修改的服装，完好的体现了本人意识海的特征。	Assets/Product/Texture/Image/IconToolsSp/Clo10710050103Sp.png	Assets/Product/Texture/Image/IconTools/Clo10710050103.png	[19082]	107597	32	9	Assets/Product/Texture/Image/Role/RoleHeadR5Kalienina1.png	Assets/Product/Texture/Image/Role/RoleHeadR5Kalienina3.png	Assets/Product/Texture/Image/Role/RoleHeadR5Kalienina1.png	Assets/Product/Texture/Image/RoleCharacter/RoleHeadR5Kalienina1.png	Assets/Product/Texture/Image/RoleCharacter/RoleHeadR5Kalienina1.png	Assets/Product/Texture/Image/Role/RoleHeadR5Kalienina2.png	Assets/Product/Texture/Image/Role/RoleHeadR5Kalienina4.png	Assets/Product/Texture/Image/IconToolsSp/RoleHeadR5Kalienina2Sp.png	Assets/Product/Texture/Image/IconTools/RoleHeadR5Kalienina2.png	Assets/Product/Texture/Image/RoleStory/V4700klnnNormal04.png	Assets/Product/Texture/Image/RoleCharacterBig/RoleCharacterBigR5KalieninaNormal01.png	Assets/Product/Texture/Image/RoleCharacter/RoleHeadR5Kalienina3.png	Assets/Product/Texture/Image/IconCoating/IconCoating6000704.png	Bip001RForearm	Assets/Product/Effect/Prefab/FxR5KalieninaPrefab/Common/FxR5KalieninaBip001RForearm.prefab	186								[33000003]	#2f3336	
6006304	1071005	1070504	炽音破律	6	1023	往昔重绽系列——卡列尼娜·烬航	白日的喧嚣随潮水退去，唯余清凉的海风在身边拂动。然而这夜色却并未归于沉静，而是开启了新的篇章，星光为灯，潮汐为鼓，在这片独属于你们二人的舞台，少女的指尖拨动琴弦，灼热的声浪划破夜空。弦音响起，那不同于任何你听过的乐曲，而是源自那位少女对你真正的心声。	Assets/Product/Texture/Image/IconToolsSp/Clo10710059011Sp.png	Assets/Product/Texture/Image/IconTools/Clo10710059011.png	[80317,80318]	107596	32	84	Assets/Product/Texture/Image/Role/RoleHeadR5Kalienina1.png	Assets/Product/Texture/Image/Role/RoleHeadR5Kalienina3.png	Assets/Product/Texture/Image/Role/RoleHeadR5Kalienina5.png	Assets/Product/Texture/Image/RoleCharacter/RoleHeadR5Kalienina1.png	Assets/Product/Texture/Image/RoleCharacter/RoleHeadR5Kalienina5.png	Assets/Product/Texture/Image/Role/RoleHeadR5Kalienina5.png	Assets/Product/Texture/Image/Role/RoleHeadR5Kalienina4.png	Assets/Product/Texture/Image/IconToolsSp/RoleHeadR5Kalienina2Sp.png	Assets/Product/Texture/Image/IconTools/RoleHeadR5Kalienina2.png	Assets/Product/Texture/Image/RoleStory/V4700klnnNormal04.png	Assets/Product/Texture/Image/RoleCharacterBig/RoleCharacterBigR5KalieninaNormal01.png	Assets/Product/Texture/Image/RoleCharacter/RoleHeadR5Kalienina3.png	Assets/Product/Texture/Image/IconCoating/IconCoating6006304.png	Bip001RForearm	Assets/Product/Effect/Prefab/FxR5KalieninaPrefab/R5KalieninaMd019011/FxR5KalieninaBip001RForearm.prefab	187	9010310									
6006305	1071005	1070505	泛用式·终 异色涂装	5	9000	初始系列——卡列尼娜·烬航	构造体[高阶]解放后，根据个人意愿修改的服装，完好的体现了本人意识海的特征。	Assets/Product/Texture/Image/IconToolsSp/Clo10710050104Sp.png	Assets/Product/Texture/Image/IconTools/Clo10710050104.png	[19082]	107597	32	9	Assets/Product/Texture/Image/Role/RoleHeadR5Kalienina1.png	Assets/Product/Texture/Image/Role/RoleHeadR5Kalienina3.png	Assets/Product/Texture/Image/Role/RoleHeadR5Kalienina1.png	Assets/Product/Texture/Image/RoleCharacter/RoleHeadR5Kalienina1.png	Assets/Product/Texture/Image/RoleCharacter/RoleHeadR5Kalienina1.png	Assets/Product/Texture/Image/Role/RoleHeadR5Kalienina2.png	Assets/Product/Texture/Image/Role/RoleHeadR5Kalienina4.png	Assets/Product/Texture/Image/IconToolsSp/RoleHeadR5Kalienina2Sp.png	Assets/Product/Texture/Image/IconTools/RoleHeadR5Kalienina2.png	Assets/Product/Texture/Image/RoleStory/V4700klnnNormal04.png	Assets/Product/Texture/Image/RoleCharacterBig/RoleCharacterBigR5KalieninaNormal01.png	Assets/Product/Texture/Image/RoleCharacter/RoleHeadR5Kalienina3.png	Assets/Product/Texture/Image/IconCoating/IconCoating6000704.png	Bip001RForearm	Assets/Product/Effect/Prefab/FxR5KalieninaPrefab/Common/FxR5KalieninaBip001RForearm.prefab	186										true
6006401	1411003	1410301	时崎狂三	5	9000		联动角色时崎狂三的涂装	Assets/Product/Texture/Image/IconToolsSp/Clo14110030101Sp.png	Assets/Product/Texture/Image/IconTools/Clo14110030101.png	[19083]	141399	32	3	Assets/Product/Texture/Image/Role/RoleHeadR3Kurumi1.png	Assets/Product/Texture/Image/Role/RoleHeadR3Kurumi3.png	Assets/Product/Texture/Image/Role/RoleHeadR3Kurumi1.png	Assets/Product/Texture/Image/RoleCharacter/RoleHeadR3Kurumi1.png	Assets/Product/Texture/Image/RoleCharacter/RoleHeadR3Kurumi1.png	Assets/Product/Texture/Image/Role/RoleHeadR3Kurumi2.png	Assets/Product/Texture/Image/Role/RoleHeadR3Kurumi4.png	Assets/Product/Texture/Image/IconToolsSp/RoleHeadR3Kurumi2Sp.png	Assets/Product/Texture/Image/IconTools/RoleHeadR3Kurumi2.png	Assets/Product/Texture/Image/RoleStory/V4800ksNormal05.png	Assets/Product/Texture/Image/RoleCharacterBig/RoleCharacterBigR3KurumiNormal01.png	Assets/Product/Texture/Image/RoleCharacter/RoleHeadR3Kurumi3.png	Assets/Product/Texture/Image/IconCoating/IconCoating6000704.png	Bip001RForearm	Assets/Product/Effect/Prefab/FxR3KurumiPrefab/FxR3KurumiBip001RForearm.prefab	192										
6006501	1421003	1420301	泛用式	1	9000	初始系列——阿德莱德·破渊	构造体生产出来时配给的服装。	Assets/Product/Texture/Image/IconToolsSp/Clo14210030101Sp.png	Assets/Product/Texture/Image/IconTools/Clo14210030101.png	[19084]	142399	32	3	Assets/Product/Texture/Image/Role/RoleHeadR3Adelaide1.png	Assets/Product/Texture/Image/Role/RoleHeadR3Adelaide3.png	Assets/Product/Texture/Image/Role/RoleHeadR3Adelaide1.png	Assets/Product/Texture/Image/RoleCharacter/RoleHeadR3Adelaide1.png	Assets/Product/Texture/Image/RoleCharacter/RoleHeadR3Adelaide1.png	Assets/Product/Texture/Image/Role/RoleHeadR3Adelaide2.png	Assets/Product/Texture/Image/Role/RoleHeadR3Adelaide4.png	Assets/Product/Texture/Image/IconToolsSp/RoleHeadR3Adelaide2Sp.png	Assets/Product/Texture/Image/IconTools/RoleHeadR3Adelaide2.png	Assets/Product/Texture/Image/RoleStory/V4800adldNormal07.png	Assets/Product/Texture/Image/RoleCharacterBig/RoleCharacterBigR3AdelaideNormal01.png	Assets/Product/Texture/Image/RoleCharacter/RoleHeadR3Adelaide3.png	Assets/Product/Texture/Image/IconCoating/IconCoating6000704.png	Bip001LHand	Assets/Product/Effect/Prefab/FxR3AdelaidePrefab/Common/FxR3AdelaideBip001RElbowF.prefab	189										
6006502	1421003	1420302	泛用式·改	2	9000	初始系列——阿德莱德·破渊	构造体[初阶]解放后，获得权限根据爱好修改的服装。	Assets/Product/Texture/Image/IconToolsSp/Clo14210030102Sp.png	Assets/Product/Texture/Image/IconTools/Clo14210030102.png	[19084]	142398	32	6	Assets/Product/Texture/Image/Role/RoleHeadR3Adelaide1.png	Assets/Product/Texture/Image/Role/RoleHeadR3Adelaide3.png	Assets/Product/Texture/Image/Role/RoleHeadR3Adelaide1.png	Assets/Product/Texture/Image/RoleCharacter/RoleHeadR3Adelaide1.png	Assets/Product/Texture/Image/RoleCharacter/RoleHeadR3Adelaide1.png	Assets/Product/Texture/Image/Role/RoleHeadR3Adelaide2.png	Assets/Product/Texture/Image/Role/RoleHeadR3Adelaide4.png	Assets/Product/Texture/Image/IconToolsSp/RoleHeadR3Adelaide2Sp.png	Assets/Product/Texture/Image/IconTools/RoleHeadR3Adelaide2.png	Assets/Product/Texture/Image/RoleStory/V4800adldNormal07.png	Assets/Product/Texture/Image/RoleCharacterBig/RoleCharacterBigR3AdelaideNormal01.png	Assets/Product/Texture/Image/RoleCharacter/RoleHeadR3Adelaide3.png	Assets/Product/Texture/Image/IconCoating/IconCoating6000704.png	Bip001LHand	Assets/Product/Effect/Prefab/FxR3AdelaidePrefab/Common/FxR3AdelaideBip001RElbowF.prefab	189										
6006503	1421003	1420303	泛用式·终	2	9000	初始系列——阿德莱德·破渊	构造体[高阶]解放后，根据个人意愿修改的服装，完好的体现了本人意识海的特征。	Assets/Product/Texture/Image/IconToolsSp/Clo14210030103Sp.png	Assets/Product/Texture/Image/IconTools/Clo14210030103.png	[19084]	142397	32	9	Assets/Product/Texture/Image/Role/RoleHeadR3Adelaide1.png	Assets/Product/Texture/Image/Role/RoleHeadR3Adelaide3.png	Assets/Product/Texture/Image/Role/RoleHeadR3Adelaide1.png	Assets/Product/Texture/Image/RoleCharacter/RoleHeadR3Adelaide1.png	Assets/Product/Texture/Image/RoleCharacter/RoleHeadR3Adelaide1.png	Assets/Product/Texture/Image/Role/RoleHeadR3Adelaide2.png	Assets/Product/Texture/Image/Role/RoleHeadR3Adelaide4.png	Assets/Product/Texture/Image/IconToolsSp/RoleHeadR3Adelaide2Sp.png	Assets/Product/Texture/Image/IconTools/RoleHeadR3Adelaide2.png	Assets/Product/Texture/Image/RoleStory/V4800adldNormal07.png	Assets/Product/Texture/Image/RoleCharacterBig/RoleCharacterBigR3AdelaideNormal01.png	Assets/Product/Texture/Image/RoleCharacter/RoleHeadR3Adelaide3.png	Assets/Product/Texture/Image/IconCoating/IconCoating6000704.png	Bip001LHand	Assets/Product/Effect/Prefab/FxR3AdelaidePrefab/Common/FxR3AdelaideBip001RElbowF.prefab	189								[33000004]	#AD271F	
6006504	1421003	1420304	禁隙摧厄	6	1028	放逐乐园系列——阿德莱德·破渊	苍火舔舐着枷锁，于无边长夜中焚尽恐惧与犹疑。她反手握住荆棘，任由棘刺在掌心烙下清醒的印记，提醒着自己绝不要虚度这一场燃烧。“审判降临之前，由我亲自来点燃黎明。”	Assets/Product/Texture/Image/IconToolsSp/Clo14210039011Sp.png	Assets/Product/Texture/Image/IconTools/Clo14210039011.png	[80324,80325]	142396	32	84	Assets/Product/Texture/Image/Role/RoleHeadR3Adelaide1.png	Assets/Product/Texture/Image/Role/RoleHeadR3Adelaide3.png	Assets/Product/Texture/Image/Role/RoleHeadR3Adelaide5.png	Assets/Product/Texture/Image/RoleCharacter/RoleHeadR3Adelaide1.png	Assets/Product/Texture/Image/RoleCharacter/RoleHeadR3Adelaide5.png	Assets/Product/Texture/Image/Role/RoleHeadR3Adelaide5.png	Assets/Product/Texture/Image/Role/RoleHeadR3Adelaide4.png	Assets/Product/Texture/Image/IconToolsSp/RoleHeadR3Adelaide2Sp.png	Assets/Product/Texture/Image/IconTools/RoleHeadR3Adelaide2.png	Assets/Product/Texture/Image/RoleStory/V4800adldNormal07.png	Assets/Product/Texture/Image/RoleCharacterBig/RoleCharacterBigR3AdelaideNormal01.png	Assets/Product/Texture/Image/RoleCharacter/RoleHeadR3Adelaide3.png	Assets/Product/Texture/Image/IconCoating/IconCoating6006504.png	Bip001LForearm	Assets/Product/Effect/Prefab/FxR3AdelaidePrefab/R3AdelaideMd019011/FxR3AdelaideBip001RForearm.prefab	190	9010312									
6006505	1421003	1420305	泛用式·终 异色涂装	5	9000	初始系列——阿德莱德·破渊	构造体[高阶]解放后，根据个人意愿修改的服装，完好的体现了本人意识海的特征。	Assets/Product/Texture/Image/IconToolsSp/Clo14210030104Sp.png	Assets/Product/Texture/Image/IconTools/Clo14210030104.png	[19084]	142395	32	9	Assets/Product/Texture/Image/Role/RoleHeadR3Adelaide1.png	Assets/Product/Texture/Image/Role/RoleHeadR3Adelaide3.png	Assets/Product/Texture/Image/Role/RoleHeadR3Adelaide1.png	Assets/Product/Texture/Image/RoleCharacter/RoleHeadR3Adelaide1.png	Assets/Product/Texture/Image/RoleCharacter/RoleHeadR3Adelaide1.png	Assets/Product/Texture/Image/Role/RoleHeadR3Adelaide2.png	Assets/Product/Texture/Image/Role/RoleHeadR3Adelaide4.png	Assets/Product/Texture/Image/IconToolsSp/RoleHeadR3Adelaide2Sp.png	Assets/Product/Texture/Image/IconTools/RoleHeadR3Adelaide2.png	Assets/Product/Texture/Image/RoleStory/V4800adldNormal07.png	Assets/Product/Texture/Image/RoleCharacterBig/RoleCharacterBigR3AdelaideNormal01.png	Assets/Product/Texture/Image/RoleCharacter/RoleHeadR3Adelaide3.png	Assets/Product/Texture/Image/IconCoating/IconCoating6000704.png	Bip001LHand	Assets/Product/Effect/Prefab/FxR3AdelaidePrefab/Common/FxR3AdelaideBip001RElbowF.prefab	189										true
