Id	Name	Description	WorldDesc	BigIcon	Icon	ItemType	Quality	Priority	SkipIdParams	MaxCount	RecType	RecTime	RecCount	GridCount	TimelinessType	StartTime	Duration	RecycleRewardId	SellForId	SellForCount	RecycleByMail	SubTypeParams	SuitId	FastTrading
1	螺母	含有重要化合物的通用材料。	黄金时代被广泛运用在工业生产中的标准螺母，在其中含有的钽-193共聚物被发现具有极高的生物亲和性之后，成为了研发构造体的重要材料。	Assets/Product/Texture/Image/Iconcurrency/IconConsumeMoney.png	Assets/Product/Texture/Image/IconcurrencySp/IconConsumeMoneySp.png	3	3	10																
2	黑卡	用于兑换各种物资的特制卡片。	人类阵线势力范围内可使用的物资兑换卡，以小队为单位发放并作为活动经费，通常由指挥官保管。	Assets/Product/Texture/Image/Iconcurrency/IconConsumeGem.png	Assets/Product/Texture/Image/IconcurrencySp/IconConsumeGemSp.png	3	5	10	[50024]															
3	黑卡	用于兑换各种物资的特制卡片。	人类阵线势力范围内可使用的物资兑换卡，以小队为单位发放并作为活动经费，通常由指挥官保管。	Assets/Product/Texture/Image/Iconcurrency/IconConsumeGem.png	Assets/Product/Texture/Image/IconcurrencySp/IconConsumeGemSp.png	3	5	10	[50024]															
4	免疫血清	指挥官作战所要消耗的道具，每次战斗都会消耗一定的数量。	能够在有限时间内维持人类在帕弥什环境中的正常活动，空中花园会定期为作战小队补充血清。	Assets/Product/Texture/Image/Iconcurrency/IconConsumeActionPoint.png	Assets/Product/Texture/Image/IconcurrencySp/IconConsumeActionPointSp.png	1	4	10		5000	1	360	1											
5	虹卡	用于兑换各种物资的顶级卡片。	人类阵线势力范围内可使用的顶级兑换卡，通常由指挥官保管。	Assets/Product/Texture/Image/IconTools/IconConsumeGem02.png	Assets/Product/Texture/Image/IconToolsSp/IconConsumeGem02Sp.png	3	5	10	[50037]															
6	真钱	占用道具。	占用道具	Assets/Product/Texture/Image/IconTools/ItPointChaExp.png	Assets/Product/Texture/Image/IconToolsSp/ItPointChaExpSp.png	1	3	10		999				99										
7	小队EXP	评定队伍整体战绩的数据，累积到一定程度后就能提升队伍的评价等级。		Assets/Product/Texture/Image/IconTools/ItPointTeamExp001.png	Assets/Product/Texture/Image/IconToolsSp/ItPointTeamExp001Sp.png	1	3	10																
8	虹卡	用于兑换各种物资的顶级卡片。	人类阵线势力范围内可使用的顶级兑换卡，通常由指挥官保管。	Assets/Product/Texture/Image/IconTools/IconConsumeGem02.png	Assets/Product/Texture/Image/IconToolsSp/IconConsumeGem02Sp.png	3	5	10																
9	碎片	没有使用。		Assets/Product/Texture/Image/IconTools/IconNomal.png	Assets/Product/Texture/Image/IconToolsSp/IconNomalSp.png	8	3	10		999				999										
10	虹卡	用于兑换各种物资的顶级卡片。	人类阵线势力范围内可使用的顶级兑换卡，通常由指挥官保管。	Assets/Product/Texture/Image/IconTools/IconConsumeGem02.png	Assets/Product/Texture/Image/IconToolsSp/IconConsumeGem02Sp.png	3	5	10																
11	友情点	与联络人友好度的象征。		Assets/Product/Texture/Image/IconTools/ItPointFriend001.png	Assets/Product/Texture/Image/IconToolsSp/ItPointFriend001Sp.png	1	3	10		9999														
12	技能点	加深成员对技能了解的数据程式，可以用来提升技能的等级。	装载着各种技能数据的芯片，可以辅助成员进行学习，提升技能强度。	Assets/Product/Texture/Image/Iconcurrency/IconConsumeSP.png	Assets/Product/Texture/Image/IconcurrencySp/IconConsumeSPSp.png	1	3	10	[10040,4104]	99999				99										
13	日活跃度	完成每日任务获取的活跃度，每天早晨5点清空。		Assets/Product/Texture/Image/IconTools/ItPointNewquest01.png	Assets/Product/Texture/Image/IconToolsSp/ItPointNewquest01Sp.png	1	3	10		1000														
14	周活跃度	完成每日任务获取的活跃度，每周一早晨5点清空。		Assets/Product/Texture/Image/IconTools/ItPointQuest01.png	Assets/Product/Texture/Image/IconToolsSp/ItPointQuest01Sp.png	1	3	10		5000														
15	粒子	宿舍系统发电站产出。		Assets/Product/Texture/Image/IconTools/ItBatI010010.png	Assets/Product/Texture/Image/IconToolsSp/ItBatI010010Sp.png	1	3	10																
16	资材	宿舍家具货币。	把产物回收整合以后的资材，根据制作工艺能变成各种有用的东西。	Assets/Product/Texture/Image/IconTools/ItExpI100010.png	Assets/Product/Texture/Image/IconToolsSp/ItExpI100010Sp.png	1	3	10																
17	拾荒者MK-II	在协同作战中可获得更多奖励。	空中花园的特制机器人，可以短时间内活动在危险环境中，帮助指挥官在战场上搜寻可用物资	Assets/Product/Texture/Image/Iconcurrency/IconConsumeJunkman.png	Assets/Product/Texture/Image/IconcurrencySp/IconConsumeJunkmanSp.png	1	3	10		3				3										
18	赏金任务EXP	可用于提升赏金等级的EXP。	提升赏金等级的特殊奖励，完成不同的任务会获得不同量的加成，“向着顶端去吧。”——某构造体。	Assets/Product/Texture/Image/Iconcurrency/IconConsumeJunkman.png	Assets/Product/Texture/Image/IconcurrencySp/IconConsumeJunkmanSp.png	1	3	10																
19	测试道具	测试道具。	测试道具	Assets/Product/Texture/Image/IconTools/IconConsumeGem02.png	Assets/Product/Texture/Image/IconToolsSp/IconConsumeGem02Sp.png	3	5	10																
20	进度	完成新手目标任务获得的进度。	谢谢你，指挥官——灰鸦小队	Assets/Product/Texture/Image/IconTools/ItPointQuest01.png	Assets/Product/Texture/Image/IconToolsSp/ItPointQuest01Sp.png	1	3	10		1000														
21	断章的碎片	用于解锁断章挑战关卡。	就算是一样的碎片，依照拼合的方式，最终也可能产生不同的结果。——阿西莫夫	Assets/Product/Texture/Image/IconTools/ItBePassport01.png	Assets/Product/Texture/Image/IconToolsSp/ItBePassport01Sp.png	1	3	10		99				99										
22	拾荒者MK-II	在协同作战中可获得更多奖励。	空中花园的特制机器人，可以短时间内活动在危险环境中，帮助指挥官在战场上搜寻可用物资	Assets/Product/Texture/Image/Iconcurrency/IconConsumeJunkman.png	Assets/Product/Texture/Image/IconcurrencySp/IconConsumeJunkmanSp.png	1	3	10		3				3										
23	战区影响力	纷争战区代币，可在战区商店中兑换补给。	在战区竞争之间会产生各种摩擦和分歧，而最终能决定这些意外事件的结局的，往往是最有影响力的人。	Assets/Product/Texture/Image/IconTools/IconConsumeBattle001.png	Assets/Product/Texture/Image/IconToolsSp/IconConsumeBattle001Sp.png	3	5	10	[10000]	99999				99999										
24	4星·武器碎片	通过分解4星武器获得。	从4星武器上拆解下的零件，可以作为同规格武器的原材料进行再生产，达到资源的高效利用。	Assets/Product/Texture/Image/IconTools/IconConsumeShopWeapon01.png	Assets/Product/Texture/Image/IconToolsSp/IconConsumeShopWeapon01Sp.png	65540	4	29800	[10001]	99999				99999	1	2020/12/24 10:00	1	24						
25	5星·武器碎片	通过分解5星武器获得。	从5星武器上拆解下的零件，可以作为同规格武器的原材料进行再生产，达到资源的高效利用。	Assets/Product/Texture/Image/IconTools/IconConsumeShopWeapon02.png	Assets/Product/Texture/Image/IconToolsSp/IconConsumeShopWeapon02Sp.png	65540	5	29800	[10002]	99999				99999										
26	6星·武器碎片	通过分解6星武器获得。	从6星武器上拆解下的零件，可以作为同规格武器的原材料进行再生产，达到资源的高效利用。	Assets/Product/Texture/Image/IconTools/IconConsumeShopWeapon03.png	Assets/Product/Texture/Image/IconToolsSp/IconConsumeShopWeapon03Sp.png	65540	6	29800	[10003]	99999				99999										
27	4星·意识碎片	通过分解4星意识获得。	从4星意识芯片上拆解下的零件，可以作为同规格意识的原材料进行再生产，达到资源的高效利用。	Assets/Product/Texture/Image/IconTools/IconConsumeShopWafer01.png	Assets/Product/Texture/Image/IconToolsSp/IconConsumeShopWafer01Sp.png	65540	4	29800	[10004]	99999				99999	1	2020/12/24 10:00	1	27						
28	5星·意识碎片	通过分解5星意识获得。	从5星意识芯片上拆解下的零件，可以作为同规格意识的原材料进行再生产，达到资源的高效利用。	Assets/Product/Texture/Image/IconTools/IconConsumeShopWafer02.png	Assets/Product/Texture/Image/IconToolsSp/IconConsumeShopWafer02Sp.png	65540	5	29800	[10005,4104]	99999				99999										
29	6星·意识碎片	通过分解6星意识获得。	从6星意识芯片上拆解下的零件，可以作为同规格意识的原材料进行再生产，达到资源的高效利用。	Assets/Product/Texture/Image/IconTools/IconConsumeShopWafer03.png	Assets/Product/Texture/Image/IconToolsSp/IconConsumeShopWafer03Sp.png	65540	6	29800	[10006,4104]	99999				99999										
30	宿舍币	用以宿舍研发等工作的代币。	亮闪闪的代币，支付一定的数量可以进行宿舍相关的研发等工作。	Assets/Product/Texture/Image/IconTools/IconConsumeBase01.png	Assets/Product/Texture/Image/IconToolsSp/IconConsumeBase01Sp.png	3	5	29500	[10007]	99999				99999										
31	家具币	从家具中拆卸下来的零件，可以重新组装成新的家具。	通过拆解现有家具即可获得生产新家具的材料，达到资源的高效利用。	Assets/Product/Texture/Image/IconTools/IconConsumeHouse01.png	Assets/Product/Texture/Image/IconToolsSp/IconConsumeHouse01Sp.png	3	4	29500	[10026]	9999999				9999999										
32	涂装设计图	用以兑换涂装。	生产部门制作涂装时用到的正式涂装设计图，详细地记录着涂装的各部位设计。	Assets/Product/Texture/Image/IconTools/CloPass02.png	Assets/Product/Texture/Image/IconToolsSp/CloPass02Sp.png	65540	5	29700	[10008,90002]	99999				99999										
33	涂装设计草稿	用以兑换涂装设计图。	画着涂装设计的草稿，能够看出设计者的想法，但是要生产部门根据草稿来制作涂装，似乎有些强人所难。	Assets/Product/Texture/Image/IconTools/CloPass01.png	Assets/Product/Texture/Image/IconToolsSp/CloPass01Sp.png	65540	4	29700	[10020]	99999				99999										
34	A级逆元材料	分解相应逆元碎片获得。	拆解冗余的逆元碎片获得的材料，具有较高的可回收价值，可以在空中花园兑换各种物资。	Assets/Product/Texture/Image/IconTools/IconCharacterPiece01.png	Assets/Product/Texture/Image/IconToolsSp/IconCharacterPiece01Sp.png	65540	4	29901	[10024]	99999				99999										
35	S级逆元材料	分解相应逆元碎片获得。	拆解冗余的逆元碎片获得的材料，具有极高的可回收价值，可以在空中花园兑换各种物资。	Assets/Product/Texture/Image/IconTools/IconCharacterPiece02.png	Assets/Product/Texture/Image/IconToolsSp/IconCharacterPiece02Sp.png	65540	5	29903	[10024]	99999				99999										
36	入住凭证	用以开启新宿舍的入住凭证。	空中花园审核通过的扩建许可，允许指挥官在基地中开启新的宿舍。	Assets/Product/Texture/Image/IconTools/IconDormPass01.png	Assets/Product/Texture/Image/IconToolsSp/IconDormPass01Sp.png	65540	5	29500	[10015]	99999				99999					30	2				
37	赞誉之证	可在联合指挥局中对他人点赞，增加对方的人气	特殊的凭证，人气的象征	Assets/Product/Texture/Image/IconTools/IconDormPass01.png	Assets/Product/Texture/Image/IconToolsSp/IconDormPass01Sp.png	262148	4	1		99999				99999										
38	指挥局贡献	代表着您为指挥局做出的诸多贡献，可用于指挥局排行榜的贡献排名。	参加指挥局挑战玩法时可获得	Assets/Product/Texture/Image/IconTools/ItGuildPoint01.png	Assets/Product/Texture/Image/IconToolsSp/ItGuildPoint01Sp.png	2097156	4	40001		99999				99999										
39	联合绩点	参加指挥局挑战玩法时可获得，可在绩点商店中购买各类资源。	参与联合指挥局活动获得的代币	Assets/Product/Texture/Image/IconTools/ItGuildConsume01.png	Assets/Product/Texture/Image/IconToolsSp/ItGuildConsume01Sp.png	3	4	10	[20126]	99999				99999										
40	指挥局经验	用于提升指挥局等级的道具，当经验值累计达到一定数值时，指挥局会升级。	指挥官们参加指挥局挑战玩法时可为所属指挥局积累经验	Assets/Product/Texture/Image/IconTools/ItGuildExp01.png	Assets/Product/Texture/Image/IconToolsSp/ItGuildExp01Sp.png	1	3	10		99999														
41	回归进度	完成回归任务获得的进度，回归状态结束后将会清空。		Assets/Product/Texture/Image/IconTools/ItPointQuest01.png	Assets/Product/Texture/Image/IconToolsSp/ItPointQuest01Sp.png	1	3	10		9999														
42	二型投票券	用来在“伊甸二型”论坛上对喜爱的留言进行点赞的道具。	每张投票券配备着不同的识别码，可以在“伊甸二型”论坛上输入识别码来兑换点赞次数。每期活动结束后投票券会清零。	Assets/Product/Texture/Image/IconTools/ItPointEvent005.png	Assets/Product/Texture/Image/IconToolsSp/ItPointEvent005Sp.png	1	3	10		9999				99										
43	进度	完成伊甸二型活动目标任务获得的进度。	谢谢你，指挥官——灰鸦小队	Assets/Product/Texture/Image/IconTools/ItPointQuest01.png	Assets/Product/Texture/Image/IconToolsSp/ItPointQuest01Sp.png	1	3	10		99999														
44	先锋勋章	参与先锋测试的证明，可在正式服按一定比例获得黑卡，具体留意相关公告		Assets/Product/Texture/Image/IconTools/IconStagePass01.png	Assets/Product/Texture/Image/IconToolsSp/IconStagePass01Sp.png	65540	5	29999		99999				99999										
45	武器涂装设计图	用以兑换武器涂装。	生产部门制作武器涂装时用到的正式涂装设计图，详细地记录着武器涂装的各部位设计。	Assets/Product/Texture/Image/IconTools/CloPass03.png	Assets/Product/Texture/Image/IconToolsSp/CloPass03Sp.png	65540	5	29700		99999				99999										
46	信标增幅点数	可提升信标增幅等级，联合指挥局升级时会获得。	联合指挥局成员一起建设联合指挥局的指标	Assets/Product/Texture/Image/IconTools/ItGuildConsume02.png	Assets/Product/Texture/Image/IconToolsSp/ItGuildConsume02Sp.png	1	3	10		99999														
47	特殊支援信物	可在资源商店兑换物品	一枚由特殊材质制成的银色陀螺，螺身刻印着一排二维码，扫描后便能得到“SupportForce”（支援部队）的投影字样。凭此物可在资源商店获得空中花园为作战能力突出的执行小队专门申请的特殊补给。	Assets/Product/Texture/Image/IconTools/IconConsumeShop001.png	Assets/Product/Texture/Image/IconToolsSp/IconConsumeShop001Sp.png	3	4	10	[11728]	99999				99999										
48	S级独域材料	分解相应逆元碎片获得。	拆解冗余的逆元碎片获得的材料，具有较高的可回收价值，可以在空中花园兑换各种物资。	Assets/Product/Texture/Image/IconTools/IconCharacterPiece03.png	Assets/Product/Texture/Image/IconToolsSp/IconCharacterPiece03Sp.png	65540	5	29902	[10024]	99999				99999										
49	场景设计图	用以兑换主界面场景。	生产部门制作场景时用到的正式场景设计图，详细地记录着场景的各区域的设计。	Assets/Product/Texture/Image/IconTools/CloPass04.png	Assets/Product/Texture/Image/IconToolsSp/CloPass04Sp.png	65540	5	29700	[10008]	99999				99999										
50	行动力	异聚迷宫行动力	异聚迷宫行动力			3	5	10		99999				99999										
51	畸变方块	异聚迷宫玩法中用于购买插件单元	工业生产通用资材的小型版本，可以根据设计图投入制造设备中快速生产出备用的插件、工具等。不过对于迷宫之外的设备来说，这种不完全遵循标准模板生产的资材毫无价值。	Assets/Product/Texture/Image/IconTools/ItPointEvent006.png	Assets/Product/Texture/Image/IconTools/ItPointEvent006.png	3	5	10		99999				99999										
52	插件单元	随机获得一个插件单元，在异聚迷宫玩法中提升成员能力	使用特定的插件组成的效能集群，仅在异聚迷宫中可以生效	Assets/Product/Texture/Image/IconTools/ItPointEvent008.png	Assets/Product/Texture/Image/IconTools/ItPointEvent008.png	2097156	5	40002		99999				99999										
53	指挥局改名卡	可以为指挥局更改名称，只有具有指挥局最高管理权限的指挥官才可使用，请谨慎购买。		Assets/Product/Texture/Image/IconTools/IconGuildRenameCard.png	Assets/Product/Texture/Image/IconToolsSp/IconGuildRenameCardSp.png	4194308	5	100000		99999				99999										
54	战区功勋值	根据战区排名发放的功勋值，处于英雄小队晋级区的指挥官需要拥有100点功勋值才可晋升传奇小队。	空中花园从不会亏待在战区中做出卓越贡献的指挥官。对于那些拥有可观功勋值的指挥官们，军方会对其作出应有的嘉奖。	Assets/Product/Texture/Image/IconToolsSp/IconZhanquGognxunzhi.png	Assets/Product/Texture/Image/IconToolsSp/IconZhanquGognxunzhi.png	3	5	10		99999				99999										
55	战斗数据	飒棋战阵货币，用于在战术储备处购买战术卡。	一个极具科技感的小型终端，能够在战斗中捕捉战斗数据进行实时传输、分析。	Assets/Product/Texture/Image/IconTools/IconActivityChessPursuit01.png	Assets/Product/Texture/Image/IconToolsSp/IconActivityChessPursuit01Sp.png	3	5	10		99999				99999										
56	动能试剂	空想环廊升级道具	一罐看起来平平无奇的易拉罐，里面装着气味奇妙的液体。据制作者本人说，罐头表面涂鸦着的画像“是防伪标志哦”。	Assets/Product/Texture/Image/IconTools/IconPokemonDongnengshiji01.png	Assets/Product/Texture/Image/IconTools/IconPokemonDongnengshiji001.png	3	5	11		99999				99999										
57	核心模块	空想环廊升星道具	精致的机械心脏。内置全新动能模块，能够将存储在装置其中的高浓度动能液转化为可供机械持续运转的能源，大大提升机械体性能。	Assets/Product/Texture/Image/IconTools/IconPokemonHexinmokuai01.png	Assets/Product/Texture/Image/IconTools/IconPokemonHexinmokuai002.png	3	5	10		99999				99999										
58	低级核心模块	空想环廊低级升星道具	不那么精致却依然实用的机械心脏，是预算不足并追求性价比的不二之选！	Assets/Product/Texture/Image/IconTools/IconPokemonHexinmokuai02.png	Assets/Product/Texture/Image/IconTools/IconPokemonHexinmokuai022.png	3	5	10		99999				99999										
59	陷阱人偶	无尽之章的跳关道具，使用后可以跳关，之后可以通过挑战跳过的关卡回收。	由七实亲手制作的人偶。不知道七实对它做了什么，可以用这个陷阱人偶短暂地吸引其他感染体的注意力......趁这个时候，快到下一层去吧！	Assets/Product/Texture/Image/IconTools/IconPokemonXianjingrenou01.png	Assets/Product/Texture/Image/IconTools/IconPokemonXianjingrenou02.png	3	5	10		99999				99999										
60	情报值	完成评定任务后获得，累计后可以提升评定等级	完成评定任务后可获得对应情报值，是用来衡量指挥官评定等级的重要参数。 一些不起眼的细节或许能够左右战局，你需要格外注意自己能够获得的一切筹码。	Assets/Product/Texture/Image/IconTools/ItPassportcurrency01.png	Assets/Product/Texture/Image/IconToolsSp/ItPassportcurrency01Sp.png	2097156	5	10		999999				999999										
61	A级架构材料	分解A级随行支援单位获得。	拆解额外的随行支援单位获得的材料，具有较高的可回收价值，可在空中花园兑换各种物资	Assets/Product/Texture/Image/IconTools/IconParentPiece01.png	Assets/Product/Texture/Image/IconToolsSp/IconParentPiece01Sp.png	65540	4	29904		99999				99999										
62	S级架构材料	分解S级随行支援单位获得。	拆解额外的随行支援单位获得的材料，具有较高的可回收价值，可在空中花园兑换各种物资	Assets/Product/Texture/Image/IconTools/IconParentPiece02.png	Assets/Product/Texture/Image/IconToolsSp/IconParentPiece02Sp.png	65540	5	29905		99999				99999										
63	信号扩散装置	链合回路道具，通过完成任务获得，可在商店解锁技能	用于扩展信号波段容量和作用范围的配件，因其卓越的易用性，兼容性和稳定性被广泛应用于各种场景。实在是居家办公和外出作战的必备佳品。	Assets/Product/Texture/Image/IconTools/IconSameColorCoin02.png	Assets/Product/Texture/Image/IconToolsSp/IconSameColorCoin02Sp.png	3	5	10		99999				99999										
64	信号锚标	链合回路道具，通过完成任务获得，可在商店解锁角色	曾经是用于信号定位的微型电子元件，作为黄金时代电子工业不可缺少的零件之一，曾大批量生产并在各领域应用。虽然无数次改换了基础技术和形态，但其地位依然非常稳固。	Assets/Product/Texture/Image/IconTools/IconSameColorCoin01.png	Assets/Product/Texture/Image/IconToolsSp/IconSameColorCoin01Sp.png	3	5	10		99999				99999										
65	域能模块	可在独域特攻商店中兑换物品	参加独域特攻玩法可获得	Assets/Product/Texture/Image/UiPivotCombat/UiPivotCombatIconCurrency.png	Assets/Product/Texture/Image/UiPivotCombat/UiPivotCombatIconCurrencySp.png	3	4	10		9999999				9999999										
71	加步数	链合回路道具，购买后在活动期间解锁技能	增加行动步数1步，冷却9回合	Assets/Product/Texture/Image/IconTools/IconShanxian.png	Assets/Product/Texture/Image/IconTools/IconShanxian.png	3	5	10		99999				99999										
72	强化红	链合回路道具，购买后在活动期间解锁技能	增加红球50%伤害分数1回合，冷却5回合	Assets/Product/Texture/Image/IconTools/IconWeihong.png	Assets/Product/Texture/Image/IconTools/IconWeihong.png	3	5	10		99999				99999										
73	强化蓝	链合回路道具，购买后在活动期间解锁技能	增加蓝球50%伤害分数1回合，冷却5回合	Assets/Product/Texture/Image/IconTools/IconWeilan.png	Assets/Product/Texture/Image/IconTools/IconWeilan.png	3	5	10		99999				99999										
74	强化黄	链合回路道具，购买后在活动期间解锁技能	增加黄球50%伤害分数1回合，冷却5回合	Assets/Product/Texture/Image/IconTools/IconWeihuang.png	Assets/Product/Texture/Image/IconTools/IconWeihuang.png	3	5	10		99999				99999										
75	强化普攻	链合回路道具，购买后在活动期间解锁技能	增加普攻球50%伤害分数1回合，冷却5回合	Assets/Product/Texture/Image/IconTools/IconQianggong.png	Assets/Product/Texture/Image/IconTools/IconQianggong.png	3	5	10		99999				99999										
76	消除一行	链合回路道具，购买后在活动期间解锁技能	消除一行，冷却8回合	Assets/Product/Texture/Image/IconTools/IconXuruo2.png	Assets/Product/Texture/Image/IconTools/IconXuruo2.png	3	5	10		99999				99999										
77	消除一列	链合回路道具，购买后在活动期间解锁技能	消除一列，冷却8回合	Assets/Product/Texture/Image/IconTools/IconXuruo.png	Assets/Product/Texture/Image/IconTools/IconXuruo.png	3	5	10		99999				99999										
78	消除同色	链合回路道具，购买后在活动期间解锁技能	消除同色球，冷却12回合	Assets/Product/Texture/Image/IconTools/IconKangyuansu.png	Assets/Product/Texture/Image/IconTools/IconKangyuansu.png	3	5	10		99999				99999										
79	改变球	链合回路道具，购买后在活动期间解锁技能	改变球的颜色，冷却12回合	Assets/Product/Texture/Image/IconTools/IconHeidong.png	Assets/Product/Texture/Image/IconTools/IconHeidong.png	3	5	10		99999				99999										
80	交换球	链合回路道具，购买后在活动期间解锁技能	交换两个球，冷却5回合	Assets/Product/Texture/Image/IconTools/IconBihuan.png	Assets/Product/Texture/Image/IconTools/IconBihuan.png	3	5	10		99999				99999										
91	七实·风暴	链合回路道具，购买后在活动期间解锁角色	解锁角色——七实·风暴	Assets/Product/Texture/Image/Role/RoleHeadYongyechao.png	Assets/Product/Texture/Image/Role/RoleHeadYongyechao.png	3	5	10		99999				99999										
92	里·异火	链合回路道具，购买后在活动期间解锁角色	解锁角色——里·异火	Assets/Product/Texture/Image/Role/RoleHeadLi.png	Assets/Product/Texture/Image/Role/RoleHeadLi.png	3	5	10		99999				99999										
93	渡边·夜刃	链合回路道具，购买后在活动期间解锁角色	解锁角色——渡边·夜刃	Assets/Product/Texture/Image/Role/RoleHeadDubian.png	Assets/Product/Texture/Image/Role/RoleHeadDubian.png	3	5	10		99999				99999										
94	露西亚·鸦羽	链合回路道具，购买后在活动期间解锁角色	解锁角色——露西亚·鸦羽	Assets/Product/Texture/Image/Role/RoleHeadR4Luxiya.png	Assets/Product/Texture/Image/Role/RoleHeadR4Luxiya.png	3	5	10		99999				99999										
95	薇拉·绯耀	链合回路道具，购买后在活动期间解锁角色	解锁角色——薇拉·绯耀	Assets/Product/Texture/Image/Role/RoleHeadR3Weila.png	Assets/Product/Texture/Image/Role/RoleHeadR3Weila.png	3	5	10		99999				99999										
96	角色邀请函	可在累充自选商店-角色兑换中获取角色	邀请心仪角色，来场美妙邂逅。 <color=#FF0000FF>后续版本的角色将逐步更新至累充自选商店中</color>	Assets/Product/Texture/Image/IconTools/IconAccumulated01.png	Assets/Product/Texture/Image/IconToolsSp/IconAccumulated01Sp.png	1	5	10		99999				99999										
97	武器锻造券	可在累充自选商店-武器兑换中获取武器	武器的储备，将决定战斗的胜负。 <color=#FF0000FF>后续版本的武器将逐步更新至累充自选商店中</color>	Assets/Product/Texture/Image/IconTools/IconAccumulated02.png	Assets/Product/Texture/Image/IconToolsSp/IconAccumulated02Sp.png	1	5	10		99999				99999										
98	辅助机兑换券	可在累充自选商店-辅助机兑换中获取辅助机	出发，目标是辅助机大师！ <color=#FF0000FF>后续版本的辅助机将逐步更新至累充自选商店中</color>	Assets/Product/Texture/Image/IconTools/IconAccumulated03.png	Assets/Product/Texture/Image/IconToolsSp/IconAccumulated03Sp.png	1	5	10		99999				99999										
99	虹卡	用于兑换各种物资的顶级卡片。	人类阵线势力范围内可使用的顶级兑换卡，通常由指挥官保管。	Assets/Product/Texture/Image/IconTools/IconConsumeGem02.png	Assets/Product/Texture/Image/IconToolsSp/IconConsumeGem02Sp.png	3	5	10																
100	怪异的印记	解析雷蒙盖顿之书时得到的货币。	完全不知道是什么。——某人	Assets/Product/Texture/Image/IconTools/ItPointEvent003.png	Assets/Product/Texture/Image/IconToolsSp/ItPointEvent003Sp.png	262148	3	1		99999				99999										
101	人气礼品	可以赠送给指挥局中的其他指挥官，会为其增加10点人气值，同时自己会获得1个联合绩点。	可通过挑战作战补给关卡AE-5来获得	Assets/Product/Texture/Image/IconTools/ItGuildGift0101.png	Assets/Product/Texture/Image/IconTools/ItGuildGift0101.png	4194308	4	30001		99999				99999					1	10				
102	贸易凭据	可在商店<color=#34AFF8><link=urlId=10039><u>凭据兑换台</u></link></color>中兑换道具	记录着各项资源往来的记录凭据，用于提交后续审批流程。	Assets/Product/Texture/Image/IconTools/IconPoints102.png	Assets/Product/Texture/Image/IconToolsSp/IconPoints102Sp.png	3	5	10	[20109]															
103	遣测凭证	可在宿舍商店【遣测商店】中兑换道具	空中花园为完成委托任务的个体发放的任务完成凭证，可以用来申请额外物资。在构造体中，也有将它作为奖章来收藏的例子。	Assets/Product/Texture/Image/IconTools/IconConsumeDormQuest01.png	Assets/Product/Texture/Image/IconToolsSp/IconConsumeDormQuest01Sp.png	3	5	29500	[10043]	9999999				9999999										
104	物资供应卡	完成特殊回归任务获得	小队指挥官在特殊回归活动领用的物资供应卡券，可以根据小队具体需要指定兑换物资，累计后可提升特殊回归的话会茶饮等级。	Assets/Product/Texture/Image/IconTools/IconRegression3Coin02.png	Assets/Product/Texture/Image/IconToolsSp/IconRegression3Coin02Sp.png	2097156	5	10		99999				99999										
105	创生算符	搜集一定数量后可在历战映射中领取奖励	通关历战映射挑战获得，根据搜集数量可以在历战映射中领取对应奖励。每个周期结束时会被清除	Assets/Product/Texture/Image/IconTools/IconTransfinite.png	Assets/Product/Texture/Image/IconToolsSp/IconTransfiniteSp.png	2097156	4	10	[20109]	1500				1500										
106	出勤补录卡	可用于补签月卡期间漏签的日期并补领奖励	完成周任务获取，月卡有效期内可使用。每个自然月结束时会自动进行补签，多余的道具将被回收。	Assets/Product/Texture/Image/IconTools/IconMonthCardFix.png	Assets/Product/Texture/Image/IconToolsSp/IconMonthCardFixSp.png	1048580	4	10		99999				99999										
200	幻痛伤痕	幻痛囚笼中能获得的代币，可用于兑换各种有用的东西。	从强力侵蚀体身上取下的组件，科学理事会研究帕弥什的途径之一，可以换取物资。	Assets/Product/Texture/Image/IconTools/ItPointEvent001.png	Assets/Product/Texture/Image/IconToolsSp/ItPointEvent001Sp.png	65540	3	29600	[10009]	99999				99999										
201	支援架构零件-元谒	支援单位元谒的架构零件，收集一定数量后可组合支援单位。	支援单位的核心技术都浓缩在架构上。只要收集足够的架构零件，就能组合出支援单位来。	Assets/Product/Texture/Image/IconTools/IconPet2Niu.png	Assets/Product/Texture/Image/IconToolsSp/IconPet2NiuSp.png	8	4	29600	[15004,7212]	9999				9999										
202	支援架构零件-沃托	支援单位沃托的架构零件，收集一定数量后可组合支援单位。	支援单位的核心技术都浓缩在架构上。只要收集足够的架构零件，就能组合出支援单位来。	Assets/Product/Texture/Image/IconTools/IconPet2Xiao.png	Assets/Product/Texture/Image/IconToolsSp/IconPet2XiaoSp.png	8	4	29600	[15006,7212]	9999				9999										
203	支援架构零件-庭霓	支援单位庭霓的架构零件，收集一定数量后可组合支援单位。	支援单位的核心技术都浓缩在架构上。只要收集足够的架构零件，就能组合出支援单位来。	Assets/Product/Texture/Image/IconTools/IconPet3He.png	Assets/Product/Texture/Image/IconToolsSp/IconPet3HeSp.png	8	5	29600	[15006,7212]	9999				9999										
204	支援架构零件-霜誓	支援单位霜誓的架构零件，收集一定数量后可组合支援单位。	支援单位的核心技术都浓缩在架构上。只要收集足够的架构零件，就能组合出支援单位来。	Assets/Product/Texture/Image/IconTools/IconPet3Ma.png	Assets/Product/Texture/Image/IconToolsSp/IconPet3Ma.png	8	5	29600	[15006,7212]	9999				9999										
205	支援架构零件-冷观	支援单位冷观的架构零件，收集一定数量后可组合支援单位。	支援单位的核心技术都浓缩在架构上。只要收集足够的架构零件，就能组合出支援单位来。	Assets/Product/Texture/Image/IconTools/IconPet2Bei.png	Assets/Product/Texture/Image/IconToolsSp/IconPet2BeiSp.png	8	4	29600	[15006,7212]	9999				9999										
206	支援架构零件-宵煌	支援单位宵煌的架构零件，收集一定数量后可组合支援单位。	支援单位的核心技术都浓缩在架构上。只要收集足够的架构零件，就能组合出支援单位来。	Assets/Product/Texture/Image/IconTools/IconPet3Mao.png	Assets/Product/Texture/Image/IconToolsSp/IconPet3MaoSp.png	8	5	29600	[15006,7212]	9999				9999										
207	支援架构零件-伶崖	支援单位伶崖的架构零件，收集一定数量后可组合支援单位。	支援单位的核心技术都浓缩在架构上。只要收集足够的架构零件，就能组合出支援单位来。	Assets/Product/Texture/Image/IconTools/IconPet2Yang.png	Assets/Product/Texture/Image/IconToolsSp/IconPet2YangSp.png	8	4	29600	[15006,7212]	9999				9999										
208	支援架构零件-沧翊	支援单位沧翊的架构零件，收集一定数量后可组合支援单位。	支援单位的核心技术都浓缩在架构上。只要收集足够的架构零件，就能组合出支援单位来。	Assets/Product/Texture/Image/IconTools/IconPet3Ying1.png	Assets/Product/Texture/Image/IconToolsSp/IconPet3Ying1Sp.png	8	5	29600	[15006,7212]	9999				9999										
209	支援架构零件-棘钧	支援单位棘钧的架构零件，收集一定数量后可组合支援单位。	支援单位的核心技术都浓缩在架构上。只要收集足够的架构零件，就能组合出支援单位来。	Assets/Product/Texture/Image/IconTools/IconPet2Ciwei1.png	Assets/Product/Texture/Image/IconToolsSp/IconPet2Ciwei1Sp.png	8	4	29600	[15006,7212]	9999				9999										
210	支援架构零件-啸钺	支援单位啸钺的架构零件，收集一定数量后可组合支援单位。	支援单位的核心技术都浓缩在架构上。只要收集足够的架构零件，就能组合出支援单位来。	Assets/Product/Texture/Image/IconTools/IconPet3Hu1.png	Assets/Product/Texture/Image/IconToolsSp/IconPet3Hu1Sp.png	8	5	29600	[15006,7212]	9999				9999										
211	支援架构零件-暝月	支援单位暝月的架构零件，收集一定数量后可组合支援单位。	支援单位的核心技术都浓缩在架构上。只要收集足够的架构零件，就能组合出支援单位来。	Assets/Product/Texture/Image/IconTools/IconPet3Tu1.png	Assets/Product/Texture/Image/IconToolsSp/IconPet3Tu1Sp.png	8	5	29600	[15006,7212]	9999				9999										
212	支援架构零件-霏粼	支援单位霏粼的架构零件，收集一定数量后可组合支援单位。	支援单位的核心技术都浓缩在架构上。只要收集足够的架构零件，就能组合出支援单位来。	Assets/Product/Texture/Image/IconTools/IconPet3Yu1.png	Assets/Product/Texture/Image/IconToolsSp/IconPet3Yu1Sp.png	8	5	29600	[15006,7212]	9999				9999										
213	支援架构零件-掣矩	支援单位掣矩的架构零件，收集一定数量后可组合支援单位。	支援单位的核心技术都浓缩在架构上。只要收集足够的架构零件，就能组合出支援单位来。	Assets/Product/Texture/Image/IconTools/IconPet3Quan1.png	Assets/Product/Texture/Image/IconToolsSp/IconPet3Quan1Sp.png	8	5	29600	[15006,7212]	9999				9999										
214	支援架构零件-虹霁	支援单位虹霁的架构零件，收集一定数量后可组合支援单位。	支援单位的核心技术都浓缩在架构上。只要收集足够的架构零件，就能组合出支援单位来。	Assets/Product/Texture/Image/IconTools/IconPet3Wuzei1.png	Assets/Product/Texture/Image/IconToolsSp/IconPet3Wuzei1Sp.png	8	5	29600	[15006,7212]	9999				9999										
215	支援架构零件-坼霆	支援单位坼霆的架构零件，收集一定数量后可组合支援单位。	支援单位的核心技术都浓缩在架构上。只要收集足够的架构零件，就能组合出支援单位来。	Assets/Product/Texture/Image/IconTools/IconPet3Motor1.png	Assets/Product/Texture/Image/IconToolsSp/IconPet3Motor1Sp.png	8	5	29600	[15006,7212]	9999				9999										
216	支援架构零件-冥牙	支援单位冥牙的架构零件，收集一定数量后可组合支援单位。	支援单位的核心技术都浓缩在架构上。只要收集足够的架构零件，就能组合出支援单位来。	Assets/Product/Texture/Image/IconTools/IconPet3Wolf1.png	Assets/Product/Texture/Image/IconToolsSp/IconPet3Wolf1Sp.png	8	5	29600	[15006,7212]	9999				9999										
217	支援架构零件-昼翼	支援单位昼翼的架构零件，收集一定数量后可组合支援单位。	支援单位的核心技术都浓缩在架构上。只要收集足够的架构零件，就能组合出支援单位来。	Assets/Product/Texture/Image/IconTools/IconPet3Griffon1.png	Assets/Product/Texture/Image/IconToolsSp/IconPet3Griffon1Sp.png	8	5	29600	[15006,7212]	9999				9999										
218	支援架构零件-潜泽	支援单位潜泽的架构零件，收集一定数量后可组合支援单位。	支援单位的核心技术都浓缩在架构上。只要收集足够的架构零件，就能组合出支援单位来。	Assets/Product/Texture/Image/IconTools/IconPet3Dolphin1.png	Assets/Product/Texture/Image/IconToolsSp/IconPet3Dolphin1Sp.png	8	5	29600	[15006,7212]	9999				9999										
219	支援架构零件-夜蝠	支援单位夜蝠的架构零件，收集一定数量后可组合支援单位。	支援单位的核心技术都浓缩在架构上。只要收集足够的架构零件，就能组合出支援单位来。	Assets/Product/Texture/Image/IconTools/IconPet3Bat1.png	Assets/Product/Texture/Image/IconToolsSp/IconPet3Bat1.png	8	5	29600	[15006,7212]	9999				9999										
220	支援架构零件-徽羽	支援单位徽羽的架构零件，收集一定数量后可组合支援单位。	支援单位的核心技术都浓缩在架构上。只要收集足够的架构零件，就能组合出支援单位来。	Assets/Product/Texture/Image/IconTools/IconPet3Peacock1.png	Assets/Product/Texture/Image/IconToolsSp/IconPet3Peacock1Sp.png	8	5	29600	[15006,7212]	9999				9999										
221	支援架构零件-肃噩	支援单位肃噩的架构零件，收集一定数量后可组合支援单位。	支援单位的核心技术都浓缩在架构上。只要收集足够的架构零件，就能组合出支援单位来。	Assets/Product/Texture/Image/IconTools/IconPet3Dragon1.png	Assets/Product/Texture/Image/IconToolsSp/IconPet3Dragon1Sp.png	8	5	29600	[15006,7212]	9999				9999										
222	支援架构零件-寐寤	支援单位寐寤的架构零件，收集一定数量后可组合支援单位。	支援单位的核心技术都浓缩在架构上。只要收集足够的架构零件，就能组合出支援单位来。	Assets/Product/Texture/Image/IconTools/IconPet3Die1.png	Assets/Product/Texture/Image/IconToolsSp/IconPet3Die1.png	8	5	29600	[15006,7212]	9999				9999										
223	支援架构零件-瑞雪	支援单位瑞雪的架构零件，收集一定数量后可组合支援单位。	支援单位的核心技术都浓缩在架构上。只要收集足够的架构零件，就能组合出支援单位来。	Assets/Product/Texture/Image/IconTools/IconPet3Fox1.png	Assets/Product/Texture/Image/IconToolsSp/IconPet3Fox1Sp.png	8	5	29600	[15006,7212]	9999				9999										
224	支援架构零件-熠空	支援单位熠空的架构零件，收集一定数量后可组合支援单位。	支援单位的核心技术都浓缩在架构上。只要收集足够的架构零件，就能组合出支援单位来。	Assets/Product/Texture/Image/IconTools/IconPet3Raven1.png	Assets/Product/Texture/Image/IconToolsSp/IconPet3Raven1.png	8	5	29600	[15006,7212]	9999				9999										
225	支援架构零件-鮟棘	支援单位鮟棘的架构零件，收集一定数量后可组合支援单位。	支援单位的核心技术都浓缩在架构上。只要收集足够的架构零件，就能组合出支援单位来。	Assets/Product/Texture/Image/IconTools/IconPet3Anglerfish1.png	Assets/Product/Texture/Image/IconToolsSp/IconPet3Anglerfish1Sp.png	8	5	29600	[15006,7212]	9999				9999										
226	支援架构零件-杼菱	支援单位杼菱的架构零件，收集一定数量后可组合支援单位。	支援单位的核心技术都浓缩在架构上。只要收集足够的架构零件，就能组合出支援单位来。	Assets/Product/Texture/Image/IconTools/IconPet3Pandora1.png	Assets/Product/Texture/Image/IconToolsSp/IconPet3Pandora1Sp.png	8	5	29600	[15006,7212]	9999				9999										
227	支援架构零件-彼莉	支援单位彼莉的架构零件，收集一定数量后可组合支援单位。	支援单位的核心技术都浓缩在架构上。只要收集足够的架构零件，就能组合出支援单位来。	Assets/Product/Texture/Image/IconTools/IconPet3Chiprobot1.png	Assets/Product/Texture/Image/IconToolsSp/IconPet3Chiprobot1Sp.png	8	5	29600	[15006,7212]	9999				9999										
228	支援架构零件-雪歌	支援单位雪歌的架构零件，收集一定数量后可组合支援单位。	支援单位的核心技术都浓缩在架构上。只要收集足够的架构零件，就能组合出支援单位来。	Assets/Product/Texture/Image/IconTools/IconPet3Speaker1.png	Assets/Product/Texture/Image/IconToolsSp/IconPet3Speaker1Sp.png	8	5	29600	[15006,7212]	9999				9999										
229	支援架构零件-啸牙	支援单位啸牙的架构零件，收集一定数量后可组合支援单位。	支援单位的核心技术都浓缩在架构上。只要收集足够的架构零件，就能组合出支援单位来。	Assets/Product/Texture/Image/IconTools/IconPet3Redwolf1.png	Assets/Product/Texture/Image/IconToolsSp/IconPet3Redwolf1Sp.png	8	5	29600	[15006,7212]	9999				9999										
230	支援架构零件-幻影剑	支援单位幻影剑的架构零件，收集一定数量后可组合支援单位。	支援单位的核心技术都浓缩在架构上。只要收集足够的架构零件，就能组合出支援单位来。	Assets/Product/Texture/Image/IconTools/IconPet3Vmirageblade1.png	Assets/Product/Texture/Image/IconToolsSp/IconPet3Vmirageblade1Sp.png	8	5	29600		9999				9999										
231	支援架构零件-科沃兹	支援单位科沃兹的架构零件，收集一定数量后可组合支援单位。	支援单位的核心技术都浓缩在架构上。只要收集足够的架构零件，就能组合出支援单位来。	Assets/Product/Texture/Image/IconTools/IconPet3Dcavaliere1.png	Assets/Product/Texture/Image/IconToolsSp/IconPet3Dcavaliere1Sp.png	8	5	29600		9999				9999										
232	支援架构零件-浊璃	支援单位浊璃的架构零件，收集一定数量后可组合支援单位。	支援单位的核心技术都浓缩在架构上。只要收集足够的架构零件，就能组合出支援单位来。	Assets/Product/Texture/Image/IconTools/IconPet3Jellyfish1.png	Assets/Product/Texture/Image/IconToolsSp/IconPet3Jellyfish1Sp.png	8	5	29600	[15006,7212]	9999				9999										
233	支援架构零件-鳞垒	支援单位鳞垒的架构零件，收集一定数量后可组合支援单位。	支援单位的核心技术都浓缩在架构上。只要收集足够的架构零件，就能组合出支援单位来。	Assets/Product/Texture/Image/IconTools/IconPet3Bladeshield1.png	Assets/Product/Texture/Image/IconToolsSp/IconPet3Bladeshield1Sp.png	8	5	29600	[15006,7212]	9999				9999										
234	支援架构零件-浮浮	支援单位浮浮的架构零件，收集一定数量后可组合支援单位。	支援单位的核心技术都浓缩在架构上。只要收集足够的架构零件，就能组合出支援单位来。	Assets/Product/Texture/Image/IconTools/IconPet3Wuya1.png	Assets/Product/Texture/Image/IconToolsSp/IconPet3Wuya1Sp.png	8	5	29600	[15006,7212]	9999				9999										
235	支援架构零件-吡啵	支援单位吡啵的架构零件，收集一定数量后可组合支援单位。	支援单位的核心技术都浓缩在架构上。只要收集足够的架构零件，就能组合出支援单位来。	Assets/Product/Texture/Image/IconTools/IconPet3Elecpanda1.png	Assets/Product/Texture/Image/IconToolsSp/IconPet3Elecpanda1Sp.png	8	5	29600	[15006,7212]	9999				9999										
236	支援架构零件-波灵	支援单位波灵的架构零件，收集一定数量后可组合支援单位。	支援单位的核心技术都浓缩在架构上。只要收集足够的架构零件，就能组合出支援单位来。	Assets/Product/Texture/Image/IconTools/IconPet3Signal1.png	Assets/Product/Texture/Image/IconToolsSp/IconPet3Signal1Sp.png	8	5	29600	[15006,7212]	9999				9999										
237	支援架构零件-摩利甘	支援单位摩利甘的架构零件，收集一定数量后可组合支援单位。	支援单位的核心技术都浓缩在架构上。只要收集足够的架构零件，就能组合出支援单位来。	Assets/Product/Texture/Image/IconTools/IconPet3Duya1.png	Assets/Product/Texture/Image/IconToolsSp/IconPet3Duya1Sp.png	8	5	29600	[15006,7212]	9999				9999										
238	支援架构零件-焰燧	支援单位焰燧的架构零件，收集一定数量后可组合支援单位。	支援单位的核心技术都浓缩在架构上。只要收集足够的架构零件，就能组合出支援单位来。	Assets/Product/Texture/Image/IconTools/IconPet3Lion1.png	Assets/Product/Texture/Image/IconToolsSp/IconPet3Lion1Sp.png	8	5	29600	[15006,7212]	9999				9999										
239	支援架构零件-异身	支援单位异身的架构零件，收集一定数量后可组合支援单位。	支援单位的核心技术都浓缩在架构上。只要收集足够的架构零件，就能组合出支援单位来。	Assets/Product/Texture/Image/IconTools/IconPet3Motordragon1.png	Assets/Product/Texture/Image/IconToolsSp/IconPet3Motordragon1Sp.png	8	5	29600	[15006,7212]	9999				9999										
240	支援架构零件-大公	支援单位大公的架构零件，收集一定数量后可组合支援单位。	支援单位的核心技术都浓缩在架构上。只要收集足够的架构零件，就能组合出支援单位来。	Assets/Product/Texture/Image/IconTools/IconPet3Chandelier1.png	Assets/Product/Texture/Image/IconToolsSp/IconPet3Chandelier1Sp.png	8	5	29600	[15006,7212]	9999				9999										
241	支援架构零件-派德里	支援单位派德里的架构零件，收集一定数量后可组合支援单位。	支援单位的核心技术都浓缩在架构上。只要收集足够的架构零件，就能组合出支援单位来。	Assets/Product/Texture/Image/IconTools/IconPet3Starfish1.png	Assets/Product/Texture/Image/IconToolsSp/IconPet3Starfish1Sp.png	8	5	29600	[15006,7212]	9999				9999										
242	支援架构零件-刻刻帝	支援单位刻刻帝的架构零件，收集一定数量后可组合支援单位。	支援单位的核心技术都浓缩在架构上。只要收集足够的架构零件，就能组合出支援单位来。	Assets/Product/Texture/Image/IconTools/IconPet3Kekedi1.png	Assets/Product/Texture/Image/IconToolsSp/IconPet3Kekedi1Sp.png	8	5	29600	[20413]	9999				9999										
243	支援架构零件-凯尔派	支援单位凯尔派的架构零件，收集一定数量后可组合支援单位。	支援单位的核心技术都浓缩在架构上。只要收集足够的架构零件，就能组合出支援单位来。	Assets/Product/Texture/Image/IconTools/IconPet3Sailfish1.png	Assets/Product/Texture/Image/IconToolsSp/IconPet3Sailfish1Sp.png	8	5	29600	[15006,7212]	9999				9999										
300	基地残片	废弃金属制作的代币，能和支援部队换些道具。		Assets/Product/Texture/Image/IconTools/ItPointEvent002.png	Assets/Product/Texture/Image/IconToolsSp/ItPointEvent002Sp.png	262148	3	1		99999				99999										
310	鲨士碧儿手办	通关“乐园游行”获取的纪念品。	鲨士碧儿1:15限量手办，根据不同档位显示不同品质，陪鲨士碧儿“玩耍”后即可获得，不断在那里循环播放着“一起玩吧~碧儿爱吃姜饼人~”的儿歌。	Assets/Product/Texture/Image/UiCollection/Iconcollection014.png	Assets/Product/Texture/Image/UiCollection/Iconcollection014.png	1	2	10		99999														
311	鲨士碧儿手办	通关“乐园游行”获取的纪念品。（收藏品提升至蓝色品质）	鲨士碧儿1:15限量手办，根据不同档位显示不同品质，陪鲨士碧儿“玩耍”后即可获得，不断在那里循环播放着“一起玩吧~碧儿爱吃姜饼人~”的儿歌。	Assets/Product/Texture/Image/UiCollection/Iconcollection014.png	Assets/Product/Texture/Image/UiCollection/Iconcollection014.png	1	3	10		99999														
312	鲨士碧儿手办	通关“乐园游行”获取的纪念品。（收藏品提升至紫色品质）	鲨士碧儿1:15限量手办，根据不同档位显示不同品质，陪鲨士碧儿“玩耍”后即可获得，不断在那里循环播放着“一起玩吧~碧儿爱吃姜饼人~”的儿歌。	Assets/Product/Texture/Image/UiCollection/Iconcollection014.png	Assets/Product/Texture/Image/UiCollection/Iconcollection014.png	1	4	10		99999														
313	鲨士碧儿手办	通关“乐园游行”获取的纪念品。（收藏品提升至橙色品质）	鲨士碧儿1:15限量手办，根据不同档位显示不同品质，陪鲨士碧儿“玩耍”后即可获得，不断在那里循环播放着“一起玩吧~碧儿爱吃姜饼人~”的儿歌。	Assets/Product/Texture/Image/UiCollection/Iconcollection014.png	Assets/Product/Texture/Image/UiCollection/Iconcollection014.png	1	5	10		99999														
314	安博莉亚手办	通关“永罪潮汐”获取的纪念品。	打倒安博莉亚后的纪念品，根据不同档位显示不同品质。一切的罪孽与梦魇，都终结于此——	Assets/Product/Texture/Image/UiCollection/Iconcollection017.png	Assets/Product/Texture/Image/UiCollection/Iconcollection017.png	1	2	10		99999														
315	安博莉亚手办	通关“永罪潮汐”获取的纪念品。（收藏品提升至蓝色品质）	打倒安博莉亚后的纪念品，根据不同档位显示不同品质。一切的罪孽与梦魇，都终结于此——	Assets/Product/Texture/Image/UiCollection/Iconcollection017.png	Assets/Product/Texture/Image/UiCollection/Iconcollection017.png	1	3	10		99999														
316	安博莉亚手办	通关“永罪潮汐”获取的纪念品。（收藏品提升至紫色品质）	打倒安博莉亚后的纪念品，根据不同档位显示不同品质。一切的罪孽与梦魇，都终结于此——	Assets/Product/Texture/Image/UiCollection/Iconcollection017.png	Assets/Product/Texture/Image/UiCollection/Iconcollection017.png	1	4	10		99999														
317	安博莉亚手办	通关“永罪潮汐”获取的纪念品。（收藏品提升至橙色品质）	打倒安博莉亚后的纪念品，根据不同档位显示不同品质。一切的罪孽与梦魇，都终结于此——	Assets/Product/Texture/Image/UiCollection/Iconcollection017.png	Assets/Product/Texture/Image/UiCollection/Iconcollection017.png	1	5	10		99999														
318	露娜数据样本	通关“九龙剧院”获取的纪念品。	空中花园收集到的作战残像，根据不同档位显示不同品质。模拟与露娜的作战后即可获得，即便是部分样本也散发出让人胆寒的力量。	Assets/Product/Texture/Image/UiCollection/Iconcollection025.png	Assets/Product/Texture/Image/UiCollection/Iconcollection025.png	1	2	10		99999														
319	露娜数据样本	通关“九龙剧院”获取的纪念品。（收藏品提升至蓝色品质）	空中花园收集到的作战残像，根据不同档位显示不同品质。模拟与露娜的作战后即可获得，即便是部分样本也散发出让人胆寒的力量。	Assets/Product/Texture/Image/UiCollection/Iconcollection025.png	Assets/Product/Texture/Image/UiCollection/Iconcollection025.png	1	3	10		99999														
320	古铭残片	通关“梨园墟”副本获得的材料，可在“残章合铭”活动中转化为拼图碎片。	包含旧日留影的事项碎片，经过运算后，完整的资料将被呈现到主人——“她”的面前。	Assets/Product/Texture/Image/IconTools/IconPuzzleFragment001.png	Assets/Product/Texture/Image/IconToolsSp/IconPuzzleFragment001Sp.png	1	3	10	[20032,20034]	99999														
321	访问权限代码	通关“暗潮涌动”副本获得的材料，可在“虚像空间”活动中转化为拼图碎片。	包含空中花园的机密信息，需要足够的权限等级才能查看。	Assets/Product/Texture/Image/IconTools/IconPuzzleFragment001.png	Assets/Product/Texture/Image/IconToolsSp/IconPuzzleFragment001Sp.png	1	3	10	[20042,20039]	99999														
322	未知拓本	活动任务获取的道具材料，可在“遗落刻痕”活动中转化为拼图碎片。	完成拓本后似乎还需要破解谜题才能揭晓答案，但至少不用再全靠运气了。	Assets/Product/Texture/Image/IconTools/IconPuzzleFragment001.png	Assets/Product/Texture/Image/IconToolsSp/IconPuzzleFragment001Sp.png	1	3	10	[20075]	99999														
323	舞台记忆	活动任务获取的道具材料，可在“荒日歌谣”活动中转化为拼图碎片。	某人往日回忆的一鳞片爪。那是已经发生的故事，抑或只是一种可能性？	Assets/Product/Texture/Image/IconTools/IconPuzzleFragment001.png	Assets/Product/Texture/Image/IconToolsSp/IconPuzzleFragment001Sp.png	1	3	10	[20100]	99999														
324	真理之钥	活动任务获取的道具材料，可在“秘渊”活动中转化为拼图碎片。	刻印着神秘雕纹的银制钥匙。钥匙是解开谜题的工具，手持银钥之人，你究竟揭示了这个世界的哪个秘密？	Assets/Product/Texture/Image/UiFubenActivityPuzzle/IconActivityPuzzle02.png	Assets/Product/Texture/Image/UiFubenActivityPuzzle/IconActivityPuzzle02.png	1	3	10	[20148]	99999														
325	纸质风车	活动任务获取的道具材料，可在“映域笔触”活动中转化为拼图碎片。	由随处可见的材料做成的简易玩具。一位来自空中花园的粉发构造体将制作方法教给了某个保育区的孩子后，很快便再次在地面流行了起来。	Assets/Product/Texture/Image/IconTools/IconPuzzleFragment002.png	Assets/Product/Texture/Image/IconToolsSp/IconPuzzleFragment002Sp.png	1	3	10	[20169]	99999														
330	露娜数据样本	通关“九龙剧院”获取的纪念品。（收藏品提升至紫色品质）	空中花园收集到的作战残像，根据不同档位显示不同品质。模拟与露娜的作战后即可获得，即便是部分样本也散发出让人胆寒的力量。	Assets/Product/Texture/Image/UiCollection/Iconcollection025.png	Assets/Product/Texture/Image/UiCollection/Iconcollection025.png	1	4	10		99999														
331	露娜数据样本	通关“九龙剧院”获取的纪念品。（收藏品提升至橙色品质）	空中花园收集到的作战残像，根据不同档位显示不同品质。模拟与露娜的作战后即可获得，即便是部分样本也散发出让人胆寒的力量。	Assets/Product/Texture/Image/UiCollection/Iconcollection025.png	Assets/Product/Texture/Image/UiCollection/Iconcollection025.png	1	5	10		99999														
332	枢蛉后采样	通关“拟态乱流”获取的高进化度异合生物样本。	打倒枢蛉后获得的数据采样，根据不同档位显示不同品质。“随意打开隔离外壳可能会造成不可挽回的后果，还是做好完备防护再靠近该样本比较好。”——阿西莫夫No.179留言。	Assets/Product/Texture/Image/UiCollection/Iconcollection027.png	Assets/Product/Texture/Image/UiCollection/Iconcollection027.png	1	2	10		99999														
333	枢蛉后采样	通关“拟态乱流”获取的高进化度异合生物样本。（收藏品提升至蓝色品质）	打倒枢蛉后获得的数据采样，根据不同档位显示不同品质。“随意打开隔离外壳可能会造成不可挽回的后果，还是做好完备防护再靠近该样本比较好。”——阿西莫夫No.179留言。	Assets/Product/Texture/Image/UiCollection/Iconcollection027.png	Assets/Product/Texture/Image/UiCollection/Iconcollection027.png	1	3	10		99999														
334	枢蛉后采样	通关“拟态乱流”获取的高进化度异合生物样本。（收藏品提升至紫色品质）	打倒枢蛉后获得的数据采样，根据不同档位显示不同品质。“随意打开隔离外壳可能会造成不可挽回的后果，还是做好完备防护再靠近该样本比较好。”——阿西莫夫No.179留言。	Assets/Product/Texture/Image/UiCollection/Iconcollection027.png	Assets/Product/Texture/Image/UiCollection/Iconcollection027.png	1	4	10		99999														
335	枢蛉后采样	通关“拟态乱流”获取的高进化度异合生物样本。（收藏品提升至橙色品质）	打倒枢蛉后获得的数据采样，根据不同档位显示不同品质。“随意打开隔离外壳可能会造成不可挽回的后果，还是做好完备防护再靠近该样本比较好。”——阿西莫夫No.179留言。	Assets/Product/Texture/Image/UiCollection/Iconcollection027.png	Assets/Product/Texture/Image/UiCollection/Iconcollection027.png	1	5	10		99999														
336	行星序列	通关“界限构解”获取的星系模型。	手工制作的星系模型，虽然比不上全息投影精确和方便，但是却正因如此更加能引人幻想。	Assets/Product/Texture/Image/UiCollection/Iconcollection063.png	Assets/Product/Texture/Image/UiCollection/Iconcollection063.png	1	2	10		99999														
337	行星序列	通关“界限构解”获取的星系模型。	手工制作的星系模型，虽然比不上全息投影精确和方便，但是却正因如此更加能引人幻想。	Assets/Product/Texture/Image/UiCollection/Iconcollection063.png	Assets/Product/Texture/Image/UiCollection/Iconcollection063.png	1	3	10		99999														
338	行星序列	通关“界限构解”获取的星系模型。	手工制作的星系模型，虽然比不上全息投影精确和方便，但是却正因如此更加能引人幻想。	Assets/Product/Texture/Image/UiCollection/Iconcollection063.png	Assets/Product/Texture/Image/UiCollection/Iconcollection063.png	1	4	10		99999														
339	行星序列	通关“界限构解”获取的星系模型。	手工制作的星系模型，虽然比不上全息投影精确和方便，但是却正因如此更加能引人幻想。	Assets/Product/Texture/Image/UiCollection/Iconcollection063.png	Assets/Product/Texture/Image/UiCollection/Iconcollection063.png	1	5	10		99999														
350	挑战勋章	通关困难难度副本有几率收集到的代币，可以换些支援物资。		Assets/Product/Texture/Image/IconTools/ItPointEvent004.png	Assets/Product/Texture/Image/IconToolsSp/ItPointEvent004Sp.png	262148	3	1		99999				99999										
360	黑星高塔纪念章	巴别塔计划—黑星中获得的纪念章，可作为珍贵的收藏品，未来也许会发挥作用	用以嘉奖在巴别塔计划战略行动中成功达成深度战略模拟的指挥官们，发放数额根据其所突破的战略等级高度决定，制作工艺非常考究，具备特殊纪念价值。	Assets/Product/Texture/Image/IconTools/BabelReward1.png	Assets/Product/Texture/Image/IconToolsSp/BabelReward1Sp.png	65540	5	29500		99999				999										
361	沙海高塔纪念章	巴别塔计划——沙海中获得的纪念章，别具匠心的造型工艺令其具备了独特的收藏价值	用以嘉奖在巴别塔计划第二期，无垠沙海的战略行动中成功达成深度战略模拟的指挥官们，纪念章发放的数额根据其所突破的战略等级高度决定，独特的造型工艺让其在具备高度荣耀性质的同时也满足了收藏喜爱者的需要——它是荣耀的象征，亦是一段刚勇传说的见证。	Assets/Product/Texture/Image/IconTools/BabelReward2.png	Assets/Product/Texture/Image/IconToolsSp/BabelReward2Sp.png	65540	5	29500		99999				999										
362	游乐场高塔纪念章	巴别塔计划—游乐场中获得的纪念章，可作为珍贵的收藏品	用以嘉奖在巴别塔计划第三期战略行动中成功达成深度战略模拟的指挥官们，全手工流程精雕细琢而成，具备特殊纪念价值，铭刻着演武的难忘经历。（纪念章品质提升为蓝色）	Assets/Product/Texture/Image/IconTools/BabelReward3.png	Assets/Product/Texture/Image/IconToolsSp/BabelReward3Sp.png	262148	3	10		99999														
363	游乐场高塔纪念章	巴别塔计划—游乐场中获得的纪念章，可作为珍贵的收藏品	用以嘉奖在巴别塔计划第三期战略行动中成功达成深度战略模拟的指挥官们，全手工流程精雕细琢而成，具备特殊纪念价值，铭刻着演武的难忘经历。（纪念章品质提升为紫色）	Assets/Product/Texture/Image/IconTools/BabelReward3.png	Assets/Product/Texture/Image/IconToolsSp/BabelReward3Sp.png	262148	4	10		99999														
364	游乐场高塔纪念章	巴别塔计划—游乐场中获得的纪念章，可作为珍贵的收藏品	用以嘉奖在巴别塔计划第三期战略行动中成功达成深度战略模拟的指挥官们，全手工流程精雕细琢而成，具备特殊纪念价值，铭刻着演武的难忘经历。（纪念章品质提升为橙色）	Assets/Product/Texture/Image/IconTools/BabelReward3.png	Assets/Product/Texture/Image/IconToolsSp/BabelReward3Sp.png	262148	5	10		99999														
365	极光天穹纪念章	极地中获得的纪念章，别具匠心的造型工艺令其具备了独特的收藏价值	用以嘉奖在巴别塔计划第四期极光天穹的战略行动中成功达成深度战略模拟的指挥官们。纪念章的极地工业风格造型硬朗，极具收藏价值——每个人都能通过记录在上面的数字，了解到这段战斗的厚重。（纪念章品质提升为蓝色）	Assets/Product/Texture/Image/IconTools/BabelReward4.png	Assets/Product/Texture/Image/IconToolsSp/BabelReward4Sp.png	262148	3	10		99999														
366	极光天穹纪念章	极地中获得的纪念章，别具匠心的造型工艺令其具备了独特的收藏价值	用以嘉奖在巴别塔计划第四期极光天穹的战略行动中成功达成深度战略模拟的指挥官们。纪念章的极地工业风格造型硬朗，极具收藏价值——每个人都能通过记录在上面的数字，了解到这段战斗的厚重。（纪念章品质提升为紫色）	Assets/Product/Texture/Image/IconTools/BabelReward4.png	Assets/Product/Texture/Image/IconToolsSp/BabelReward4Sp.png	262148	4	10		99999														
367	极光天穹纪念章	极地中获得的纪念章，别具匠心的造型工艺令其具备了独特的收藏价值	用以嘉奖在巴别塔计划第四期极光天穹的战略行动中成功达成深度战略模拟的指挥官们。纪念章的极地工业风格造型硬朗，极具收藏价值——每个人都能通过记录在上面的数字，了解到这段战斗的厚重。（纪念章品质提升为橙色）	Assets/Product/Texture/Image/IconTools/BabelReward4.png	Assets/Product/Texture/Image/IconToolsSp/BabelReward4Sp.png	262148	5	10		99999														
368	白泽枢纪念章	巴别塔计划·白泽枢中获得的纪念章，别具匠心的造型工艺是深厚底蕴的象征	用以嘉奖在巴别塔计划第五期白泽枢战略行动中成功达成深度战略模拟的指挥官们，纪念章由顶级匠人手工雕琢，具备特殊纪念价值——收藏者会通过记录在上面的数字，将战斗的荣耀与历史铭刻于心。（纪念章品质提升为蓝色）	Assets/Product/Texture/Image/UiCollection/Iconcollection024.png	Assets/Product/Texture/Image/UiCollection/Iconcollection024.png	262148	3	10		99999														
369	白泽枢纪念章	巴别塔计划·白泽枢中获得的纪念章，别具匠心的造型工艺是深厚底蕴的象征	用以嘉奖在巴别塔计划第五期白泽枢战略行动中成功达成深度战略模拟的指挥官们，纪念章由顶级匠人手工雕琢，具备特殊纪念价值——收藏者会通过记录在上面的数字，将战斗的荣耀与历史铭刻于心。（纪念章品质提升为紫色）	Assets/Product/Texture/Image/UiCollection/Iconcollection024.png	Assets/Product/Texture/Image/UiCollection/Iconcollection024.png	262148	4	10		99999														
370	白泽枢纪念章	巴别塔计划·白泽枢中获得的纪念章，别具匠心的造型工艺是深厚底蕴的象征	用以嘉奖在巴别塔计划第五期白泽枢战略行动中成功达成深度战略模拟的指挥官们，纪念章由顶级匠人手工雕琢，具备特殊纪念价值——收藏者会通过记录在上面的数字，将战斗的荣耀与历史铭刻于心。（纪念章品质提升为橙色）	Assets/Product/Texture/Image/UiCollection/Iconcollection024.png	Assets/Product/Texture/Image/UiCollection/Iconcollection024.png	262148	5	10		99999														
371	巴别塔·荒尘蜃楼	巴别塔计划·荒尘蜃楼中获得的纪念章，重视传统的设计极具仪式感。	这枚特殊的纪念章被授予此次巴别塔计划的参与者，用以嘉奖在荒尘蜃楼攻略行动中成功达成深度战略模拟的指挥官们——记录在上面的数字，将史诗般的战斗过程铭记于此，希望你们的努力能让人类距离危机的结束更进一步。	Assets/Product/Texture/Image/UiCollection/Iconcollection042.png	Assets/Product/Texture/Image/UiCollection/Iconcollection042.png	262148	3	10		99999														
372	巴别塔·荒尘蜃楼	巴别塔计划·荒尘蜃楼中获得的纪念章，重视传统的设计极具仪式感。	这枚特殊的纪念章被授予此次巴别塔计划的参与者，用以嘉奖在荒尘蜃楼攻略行动中成功达成深度战略模拟的指挥官们——记录在上面的数字，将史诗般的战斗过程铭记于此，希望你们的努力能让人类距离危机的结束更进一步。	Assets/Product/Texture/Image/UiCollection/Iconcollection042.png	Assets/Product/Texture/Image/UiCollection/Iconcollection042.png	262148	4	10		99999														
373	巴别塔·荒尘蜃楼	巴别塔计划·荒尘蜃楼中获得的纪念章，重视传统的设计极具仪式感。	这枚特殊的纪念章被授予此次巴别塔计划的参与者，用以嘉奖在荒尘蜃楼攻略行动中成功达成深度战略模拟的指挥官们——记录在上面的数字，将史诗般的战斗过程铭记于此，希望你们的努力能让人类距离危机的结束更进一步。	Assets/Product/Texture/Image/UiCollection/Iconcollection042.png	Assets/Product/Texture/Image/UiCollection/Iconcollection042.png	262148	5	10		99999														
374	巴别塔·洋流涡	巴别塔计划·洋流涡中获得的纪念章，独辟蹊径的造型创意昭示着工匠在这颗小小徽章上付诸的心血	用以嘉奖在巴别塔计划第七期洋流涡战略行动中成功达成深度战略模拟的指挥官们。纪念章精致大方的设计，彰显着持有者的英勇，诉说着某次战斗的传说与荣光	Assets/Product/Texture/Image/UiCollection/Iconcollection053.png	Assets/Product/Texture/Image/UiCollection/Iconcollection053.png	262148	3	10		99999														
375	巴别塔·洋流涡	巴别塔计划·洋流涡中获得的纪念章，独辟蹊径的造型创意昭示着工匠在这颗小小徽章上付诸的心血	用以嘉奖在巴别塔计划第七期洋流涡战略行动中成功达成深度战略模拟的指挥官们。纪念章精致大方的设计，彰显着持有者的英勇，诉说着某次战斗的传说与荣光	Assets/Product/Texture/Image/UiCollection/Iconcollection053.png	Assets/Product/Texture/Image/UiCollection/Iconcollection053.png	262148	4	10		99999														
376	巴别塔·洋流涡	巴别塔计划·洋流涡中获得的纪念章，独辟蹊径的造型创意昭示着工匠在这颗小小徽章上付诸的心血	用以嘉奖在巴别塔计划第七期洋流涡战略行动中成功达成深度战略模拟的指挥官们。纪念章精致大方的设计，彰显着持有者的英勇，诉说着某次战斗的传说与荣光	Assets/Product/Texture/Image/UiCollection/Iconcollection053.png	Assets/Product/Texture/Image/UiCollection/Iconcollection053.png	262148	5	10		99999														
377	巴别塔·岖夜行	巴别塔计划·岖夜行中获得的纪念章，独特的雕刻工艺使其在诸多纪念章中也格外显眼。	用以嘉奖在巴别塔计划第八期岖夜行战略行动中成功达成深度战略模拟的指挥官们。别具一格的光泽与凹凸设计，体现了持有者在某次作战中的卓越表现。	Assets/Product/Texture/Image/UiCollection/Iconcollection064.png	Assets/Product/Texture/Image/UiCollection/Iconcollection064.png	262148	3	10		99999														
378	巴别塔·岖夜行	巴别塔计划·岖夜行中获得的纪念章，独特的雕刻工艺使其在诸多纪念章中也格外显眼。	用以嘉奖在巴别塔计划第八期岖夜行战略行动中成功达成深度战略模拟的指挥官们。别具一格的光泽与凹凸设计，体现了持有者在某次作战中的卓越表现。	Assets/Product/Texture/Image/UiCollection/Iconcollection064.png	Assets/Product/Texture/Image/UiCollection/Iconcollection064.png	262148	4	10		99999														
379	巴别塔·岖夜行	巴别塔计划·岖夜行中获得的纪念章，独特的雕刻工艺使其在诸多纪念章中也格外显眼。	用以嘉奖在巴别塔计划第八期岖夜行战略行动中成功达成深度战略模拟的指挥官们。别具一格的光泽与凹凸设计，体现了持有者在某次作战中的卓越表现。	Assets/Product/Texture/Image/UiCollection/Iconcollection064.png	Assets/Product/Texture/Image/UiCollection/Iconcollection064.png	262148	5	10		99999														
380	巴别塔·化物归墟	巴别塔计划·化物归墟中获得的纪念章，可作为珍贵的收藏品。	用以嘉奖在化物归墟攻略行动中成功达成深度战略模拟的指挥官们。（纪念章品质提升为蓝色）	Assets/Product/Texture/Image/UiCollection/Iconcollection078.png	Assets/Product/Texture/Image/UiCollection/Iconcollection078.png	262148	3	10		99999														
381	巴别塔·化物归墟	巴别塔计划·化物归墟中获得的纪念章，可作为珍贵的收藏品。	用以嘉奖在化物归墟攻略行动中成功达成深度战略模拟的指挥官们。（纪念章品质提升为紫色）	Assets/Product/Texture/Image/UiCollection/Iconcollection078.png	Assets/Product/Texture/Image/UiCollection/Iconcollection078.png	262148	4	10		99999														
382	巴别塔·化物归墟	巴别塔计划·化物归墟中获得的纪念章，可作为珍贵的收藏品。	用以嘉奖在化物归墟攻略行动中成功达成深度战略模拟的指挥官们。（纪念章品质提升为橙色）	Assets/Product/Texture/Image/UiCollection/Iconcollection078.png	Assets/Product/Texture/Image/UiCollection/Iconcollection078.png	262148	5	10		99999														
383	巴别塔·凯旋潮	巴别塔计划·凯旋潮中获得的纪念章，用以嘉奖在巴别塔计划第十期凯旋潮战略行动中成功达成深度战略模拟的指挥官们。纪念章气势磅礴的设计中镌刻了对战士胜利的祝颂。	用以嘉奖在凯旋潮攻略行动中成功达成深度战略模拟的指挥官们。（纪念章品质提升为蓝色）	Assets/Product/Texture/Image/UiCollection/Iconcollection091.png	Assets/Product/Texture/Image/UiCollection/Iconcollection091.png	262148	3	10		99999														
384	巴别塔·凯旋潮	巴别塔计划·凯旋潮中获得的纪念章，用以嘉奖在巴别塔计划第十期凯旋潮战略行动中成功达成深度战略模拟的指挥官们。纪念章气势磅礴的设计中镌刻了对战士胜利的祝颂。	用以嘉奖在凯旋潮攻略行动中成功达成深度战略模拟的指挥官们。（纪念章品质提升为紫色）	Assets/Product/Texture/Image/UiCollection/Iconcollection091.png	Assets/Product/Texture/Image/UiCollection/Iconcollection091.png	262148	4	10		99999														
385	巴别塔·凯旋潮	巴别塔计划·凯旋潮中获得的纪念章，用以嘉奖在巴别塔计划第十期凯旋潮战略行动中成功达成深度战略模拟的指挥官们。纪念章气势磅礴的设计中镌刻了对战士胜利的祝颂。	用以嘉奖在凯旋潮攻略行动中成功达成深度战略模拟的指挥官们。（纪念章品质提升为橙色）	Assets/Product/Texture/Image/UiCollection/Iconcollection091.png	Assets/Product/Texture/Image/UiCollection/Iconcollection091.png	262148	5	10		99999														
386	巴别塔·印象星空	巴别塔计划·印象星空中获得的纪念章，此次徽章并未采用常规的雕刻手法而是大胆使用了特制油画颜料堆叠烘干塑成，用以嘉奖在印象星空战略行动中达成深度战略模拟的指挥官们。	用以嘉奖在印象星空攻略行动中成功达成深度战略模拟的指挥官们。（纪念章品质提升为蓝色）	Assets/Product/Texture/Image/UiCollection/Iconcollection106.png	Assets/Product/Texture/Image/UiCollection/Iconcollection106.png	262148	3	10		99999														
387	巴别塔·印象星空	巴别塔计划·印象星空中获得的纪念章，此次徽章并未采用常规的雕刻手法而是大胆使用了特制油画颜料堆叠烘干塑成，用以嘉奖在印象星空战略行动中达成深度战略模拟的指挥官们。	用以嘉奖在印象星空攻略行动中成功达成深度战略模拟的指挥官们。（纪念章品质提升为紫色）	Assets/Product/Texture/Image/UiCollection/Iconcollection106.png	Assets/Product/Texture/Image/UiCollection/Iconcollection106.png	262148	4	10		99999														
388	巴别塔·印象星空	巴别塔计划·印象星空中获得的纪念章，此次徽章并未采用常规的雕刻手法而是大胆使用了特制油画颜料堆叠烘干塑成，用以嘉奖在印象星空战略行动中达成深度战略模拟的指挥官们。	用以嘉奖在印象星空攻略行动中成功达成深度战略模拟的指挥官们。（纪念章品质提升为橙色）	Assets/Product/Texture/Image/UiCollection/Iconcollection106.png	Assets/Product/Texture/Image/UiCollection/Iconcollection106.png	262148	5	10		99999														
389	巴别塔·幽界林海	巴别塔计划·幽界林海中获得的纪念章，用以嘉奖在幽界林海战略行动中达成深度战略模拟的指挥官们。纪念章以特殊材质的实木雕刻而成，寓意战士们的功绩永不腐朽。	用以嘉奖在幽界林海攻略行动中成功达成深度战略模拟的指挥官们。（纪念章品质提升为蓝色）	Assets/Product/Texture/Image/UiCollection/Iconcollection124.png	Assets/Product/Texture/Image/UiCollection/Iconcollection124.png	262148	3	10		99999														
390	巴别塔·幽界林海	巴别塔计划·幽界林海中获得的纪念章，用以嘉奖在幽界林海战略行动中达成深度战略模拟的指挥官们。纪念章以特殊材质的实木雕刻而成，寓意战士们的功绩永不腐朽。	用以嘉奖在幽界林海攻略行动中成功达成深度战略模拟的指挥官们。（纪念章品质提升为紫色）	Assets/Product/Texture/Image/UiCollection/Iconcollection124.png	Assets/Product/Texture/Image/UiCollection/Iconcollection124.png	262148	4	10		99999														
391	巴别塔·幽界林海	巴别塔计划·幽界林海中获得的纪念章，用以嘉奖在幽界林海战略行动中达成深度战略模拟的指挥官们。纪念章以特殊材质的实木雕刻而成，寓意战士们的功绩永不腐朽。	用以嘉奖在幽界林海攻略行动中成功达成深度战略模拟的指挥官们。（纪念章品质提升为橙色）	Assets/Product/Texture/Image/UiCollection/Iconcollection124.png	Assets/Product/Texture/Image/UiCollection/Iconcollection124.png	262148	5	10		99999														
392	巴别塔·无隙星泊	巴别塔计划·无隙星泊中获得的纪念章，用以嘉奖在无隙星泊战略行动中达成深度战略模拟的指挥官们。	用以嘉奖在无隙星泊攻略行动中成功达成深度战略模拟的指挥官们。（纪念章品质提升为蓝色）	Assets/Product/Texture/Image/UiCollection/Iconcollection138.png	Assets/Product/Texture/Image/UiCollection/Iconcollection138.png	262148	3	10		99999														
393	巴别塔·无隙星泊	巴别塔计划·无隙星泊中获得的纪念章，用以嘉奖在无隙星泊战略行动中达成深度战略模拟的指挥官们。	用以嘉奖在无隙星泊攻略行动中成功达成深度战略模拟的指挥官们。（纪念章品质提升为紫色）	Assets/Product/Texture/Image/UiCollection/Iconcollection138.png	Assets/Product/Texture/Image/UiCollection/Iconcollection138.png	262148	4	10		99999														
394	巴别塔·无隙星泊	巴别塔计划·无隙星泊中获得的纪念章，用以嘉奖在无隙星泊战略行动中达成深度战略模拟的指挥官们。	用以嘉奖在无隙星泊攻略行动中成功达成深度战略模拟的指挥官们。（纪念章品质提升为橙色）	Assets/Product/Texture/Image/UiCollection/Iconcollection138.png	Assets/Product/Texture/Image/UiCollection/Iconcollection138.png	262148	5	10		99999														
395	巴别塔·烬域墟影	巴别塔计划·烬域墟影中获得的纪念章，用以嘉奖在烬域墟影战略行动中达成深度战略模拟的指挥官们。	用以嘉奖在烬域墟影攻略行动中成功达成深度战略模拟的指挥官们。（纪念章品质提升为蓝色）	Assets/Product/Texture/Image/UiCollection/Iconcollection156.png	Assets/Product/Texture/Image/UiCollection/Iconcollection156.png	262148	3	10		99999														
396	巴别塔·烬域墟影	巴别塔计划·烬域墟影中获得的纪念章，用以嘉奖在烬域墟影战略行动中达成深度战略模拟的指挥官们。	用以嘉奖在烬域墟影攻略行动中成功达成深度战略模拟的指挥官们。（纪念章品质提升为紫色）	Assets/Product/Texture/Image/UiCollection/Iconcollection156.png	Assets/Product/Texture/Image/UiCollection/Iconcollection156.png	262148	4	10		99999														
397	巴别塔·烬域墟影	巴别塔计划·烬域墟影中获得的纪念章，用以嘉奖在烬域墟影战略行动中达成深度战略模拟的指挥官们。	用以嘉奖在烬域墟影攻略行动中成功达成深度战略模拟的指挥官们。（纪念章品质提升为橙色）	Assets/Product/Texture/Image/UiCollection/Iconcollection156.png	Assets/Product/Texture/Image/UiCollection/Iconcollection156.png	262148	5	10		99999														
400	友情之印	小队之间的友好证明。		Assets/Product/Texture/Image/IconTools/ItPointFriend001.png	Assets/Product/Texture/Image/IconToolsSp/ItPointFriend001Sp.png	262148	3	1		99999				99999										
401	噩梦勋章	噩梦主线的通关证明。	那些经历过极难挑战的指挥官才能获取的荣耀证明，纪念过去的艰苦付出。	Assets/Product/Texture/Image/IconTools/IconStagePass01.png	Assets/Product/Texture/Image/IconToolsSp/IconStagePass01Sp.png	262148	3	1		99999				99999										
402	终解·异火	构造体终阶解放后，将会在每一场战斗中，首次登场时获取3个同色信号球。	科学理事会研发，根据机体单独配备的光环型装置，内含动能驱动的纳米机器人，可以辅助构造体进行高频计算，立刻产生信号球。	Assets/Product/Texture/Image/IconTools/IconSkillRelease01.png	Assets/Product/Texture/Image/IconToolsSp/IconSkillRelease01Sp.png	1	5	50		999				999					1	10				
403	终解·红莲	构造体终阶解放后，将会在每一场战斗中，首次登场时获取3个同色信号球。	科学理事会研发，根据机体单独配备的光环型装置，内含动能驱动的纳米机器人，可以辅助构造体进行高频计算，立刻产生信号球。	Assets/Product/Texture/Image/IconTools/IconSkillRelease03.png	Assets/Product/Texture/Image/IconToolsSp/IconSkillRelease03Sp.png	1	5	50		999				999					1	10				
404	终解·蚀暗	构造体终阶解放后，将会在每一场战斗中，首次登场时获取3个同色信号球。	科学理事会研发，根据机体单独配备的光环型装置，内含动能驱动的纳米机器人，可以辅助构造体进行高频计算，立刻产生信号球。	Assets/Product/Texture/Image/IconTools/IconSkillRelease02.png	Assets/Product/Texture/Image/IconToolsSp/IconSkillRelease02Sp.png	1	5	50		999				999					1	10				
405	终解·风暴	构造体终阶解放后，将会在每一场战斗中，首次登场时获取3个同色信号球。	科学理事会研发，根据机体单独配备的光环型装置，内含动能驱动的纳米机器人，可以辅助构造体进行高频计算，立刻产生信号球。	Assets/Product/Texture/Image/IconTools/IconSkillRelease04.png	Assets/Product/Texture/Image/IconToolsSp/IconSkillRelease04Sp.png	1	5	50		999				999					1	10				
406	终解·流光	构造体终阶解放后，将会在每一场战斗中，首次登场时获取3个同色信号球。	科学理事会研发，根据机体单独配备的光环型装置，内含动能驱动的纳米机器人，可以辅助构造体进行高频计算，立刻产生信号球。	Assets/Product/Texture/Image/IconTools/IconSkillRelease02.png	Assets/Product/Texture/Image/IconToolsSp/IconSkillRelease02Sp.png	1	5	50		999				999					1	10				
407	终解·黎明	构造体终阶解放后，将会在每一场战斗中，首次登场时获取3个同色信号球。	科学理事会研发，根据机体单独配备的光环型装置，内含动能驱动的纳米机器人，可以辅助构造体进行高频计算，立刻产生信号球。	Assets/Product/Texture/Image/IconTools/IconSkillRelease03.png	Assets/Product/Texture/Image/IconToolsSp/IconSkillRelease03Sp.png	1	5	50		999				999					1	10				
408	终解·仰光	构造体终阶解放后，将会在每一场战斗中，首次登场时获取3个同色信号球。	科学理事会研发，根据机体单独配备的光环型装置，内含动能驱动的纳米机器人，可以辅助构造体进行高频计算，立刻产生信号球。	Assets/Product/Texture/Image/IconTools/IconSkillRelease02.png	Assets/Product/Texture/Image/IconToolsSp/IconSkillRelease02Sp.png	1	5	50		999				999					1	10				
409	终解·暗能	构造体终阶解放后，将会在每一场战斗中，首次登场时获取3个同色信号球。	科学理事会研发，根据机体单独配备的光环型装置，内含动能驱动的纳米机器人，可以辅助构造体进行高频计算，立刻产生信号球。	Assets/Product/Texture/Image/IconTools/IconSkillRelease05.png	Assets/Product/Texture/Image/IconToolsSp/IconSkillRelease05Sp.png	1	5	50		999				999					1	10				
410	终解·夜刃	构造体终阶解放后，将会在每一场战斗中，首次登场时获取3个同色信号球。	科学理事会研发，根据机体单独配备的光环型装置，内含动能驱动的纳米机器人，可以辅助构造体进行高频计算，立刻产生信号球。	Assets/Product/Texture/Image/IconTools/IconSkillRelease04.png	Assets/Product/Texture/Image/IconToolsSp/IconSkillRelease04Sp.png	1	5	50		999				999					1	10				
411	终解·爆裂	构造体终阶解放后，将会在每一场战斗中，首次登场时获取3个同色信号球。	科学理事会研发，根据机体单独配备的光环型装置，内含动能驱动的纳米机器人，可以辅助构造体进行高频计算，立刻产生信号球。	Assets/Product/Texture/Image/IconTools/IconSkillRelease04.png	Assets/Product/Texture/Image/IconToolsSp/IconSkillRelease04Sp.png	1	5	50		999				999					1	10				
412	终解·重能	构造体终阶解放后，将会在每一场战斗中，首次登场时获取3个同色信号球。	科学理事会研发，根据机体单独配备的光环型装置，内含动能驱动的纳米机器人，可以辅助构造体进行高频计算，立刻产生信号球。	Assets/Product/Texture/Image/IconTools/IconSkillRelease05.png	Assets/Product/Texture/Image/IconToolsSp/IconSkillRelease05Sp.png	1	5	50		999				999					1	10				
413	终解·零度	构造体终阶解放后，将会在每一场战斗中，首次登场时获取3个同色信号球。	科学理事会研发，根据机体单独配备的光环型装置，内含动能驱动的纳米机器人，可以辅助构造体进行高频计算，立刻产生信号球。	Assets/Product/Texture/Image/IconTools/IconSkillRelease01.png	Assets/Product/Texture/Image/IconToolsSp/IconSkillRelease01Sp.png	1	5	50		999				999					1	10				
414	终解·烬燃	构造体终阶解放后，将会在每一场战斗中，首次登场时获取3个同色信号球。	科学理事会研发，根据机体单独配备的光环型装置，内含动能驱动的纳米机器人，可以辅助构造体进行高频计算，立刻产生信号球。	Assets/Product/Texture/Image/IconTools/IconSkillRelease04.png	Assets/Product/Texture/Image/IconToolsSp/IconSkillRelease04Sp.png	1	5	50		999				999					1	10				
415	终解·乱数	构造体终阶解放后，将会在每一场战斗中，首次登场时获取3个同色信号球。	科学理事会研发，根据机体单独配备的光环型装置，内含动能驱动的纳米机器人，可以辅助构造体进行高频计算，立刻产生信号球。	Assets/Product/Texture/Image/IconTools/IconSkillRelease01.png	Assets/Product/Texture/Image/IconToolsSp/IconSkillRelease01Sp.png	1	5	50		999				999					1	10				
416	终解·脉冲	构造体终阶解放后，将会在每一场战斗中，首次登场时获取3个同色信号球。	科学理事会研发，根据机体单独配备的光环型装置，内含动能驱动的纳米机器人，可以辅助构造体进行高频计算，立刻产生信号球。	Assets/Product/Texture/Image/IconTools/IconSkillRelease04.png	Assets/Product/Texture/Image/IconToolsSp/IconSkillRelease04Sp.png	1	5	50		999				999					1	10				
417	终解·深红之渊	构造体终阶解放后，将会在每一场战斗中，首次登场时获取3个同色信号球。	科学理事会研发，根据机体单独配备的光环型装置，内含动能驱动的纳米机器人，可以辅助构造体进行高频计算，立刻产生信号球。	Assets/Product/Texture/Image/IconTools/IconSkillRelease03.png	Assets/Product/Texture/Image/IconToolsSp/IconSkillRelease03Sp.png	1	5	50		999				999					1	10				
418	终解·夙星	构造体终阶解放后，将会在每一场战斗中，首次登场时获取3个同色信号球。	科学理事会研发，根据机体单独配备的光环型装置，内含动能驱动的纳米机器人，可以辅助构造体进行高频计算，立刻产生信号球。	Assets/Product/Texture/Image/IconTools/IconSkillRelease04.png	Assets/Product/Texture/Image/IconToolsSp/IconSkillRelease04Sp.png	1	5	50		999				999					1	10				
419	终解·溢彩	构造体终阶解放后，将会在每一场战斗中，首次登场时获取3个同色信号球。	科学理事会研发，根据机体单独配备的光环型装置，内含动能驱动的纳米机器人，可以辅助构造体进行高频计算，立刻产生信号球。	Assets/Product/Texture/Image/IconTools/IconSkillRelease06.png	Assets/Product/Texture/Image/IconToolsSp/IconSkillRelease06Sp.png	1	5	50		999				999					1	10				
420	终解·真理	构造体终阶解放后，将会在每一场战斗中，首次登场时获取3个同色信号球。	科学理事会研发，根据机体单独配备的光环型装置，内含动能驱动的纳米机器人，可以辅助构造体进行高频计算，立刻产生信号球。	Assets/Product/Texture/Image/IconTools/IconSkillRelease01.png	Assets/Product/Texture/Image/IconToolsSp/IconSkillRelease01Sp.png	1	5	50		999				999					1	10				
421	终解·银牙	构造体终阶解放后，将会在每一场战斗中，首次登场时获取3个同色信号球。	科学理事会研发，根据机体单独配备的光环型装置，内含动能驱动的纳米机器人，可以辅助构造体进行高频计算，立刻产生信号球。	Assets/Product/Texture/Image/IconTools/IconSkillRelease07.png	Assets/Product/Texture/Image/IconToolsSp/IconSkillRelease07Sp.png	1	5	50		999				999					1	10				
422	终解·弧光	构造体终阶解放后，将会在每一场战斗中，首次登场时获取3个同色信号球。	科学理事会研发，根据机体单独配备的光环型装置，内含动能驱动的纳米机器人，可以辅助构造体进行高频计算，立刻产生信号球。	Assets/Product/Texture/Image/IconTools/IconSkillRelease01.png	Assets/Product/Texture/Image/IconToolsSp/IconSkillRelease01Sp.png	1	5	50		999				999					1	10				
423	终解·鸦羽	构造体终阶解放后，将会在每一场战斗中，首次登场时获取3个同色信号球。	科学理事会研发，根据机体单独配备的光环型装置，内含动能驱动的纳米机器人，可以辅助构造体进行高频计算，立刻产生信号球。	Assets/Product/Texture/Image/IconTools/IconSkillRelease03.png	Assets/Product/Texture/Image/IconToolsSp/IconSkillRelease03Sp.png	1	5	50		999				999					1	10				
424	终解·瑰丽	构造体终阶解放后，将会在每一场战斗中，首次登场时获取3个同色信号球。	科学理事会研发，根据机体单独配备的光环型装置，内含动能驱动的纳米机器人，可以辅助构造体进行高频计算，立刻产生信号球。	Assets/Product/Texture/Image/IconTools/IconSkillRelease12.png	Assets/Product/Texture/Image/IconToolsSp/IconSkillRelease12Sp.png	1	5	50		999				999					1	10				
425	终解·狂犬	构造体终阶解放后，将会在每一场战斗中，首次登场时获取3个同色信号球。	科学理事会研发，根据机体单独配备的光环型装置，内含动能驱动的纳米机器人，可以辅助构造体进行高频计算，立刻产生信号球。	Assets/Product/Texture/Image/IconTools/IconSkillRelease08.png	Assets/Product/Texture/Image/IconToolsSp/IconSkillRelease08Sp.png	1	5	50		999				999					1	10				
426	终解·凛冽	构造体终阶解放后，将会在每一场战斗中，首次登场时获取3个同色信号球。	科学理事会研发，根据机体单独配备的光环型装置，内含动能驱动的纳米机器人，可以辅助构造体进行高频计算，立刻产生信号球。	Assets/Product/Texture/Image/IconTools/IconSkillRelease09.png	Assets/Product/Texture/Image/IconToolsSp/IconSkillRelease09Sp.png	1	5	50		999				999					1	10				
427	终解·雀翎	构造体终阶解放后，将会在每一场战斗中，首次登场时获取3个同色信号球。	科学理事会研发，根据机体单独配备的光环型装置，内含动能驱动的纳米机器人，可以辅助构造体进行高频计算，立刻产生信号球。	Assets/Product/Texture/Image/IconTools/IconSkillRelease10.png	Assets/Product/Texture/Image/IconToolsSp/IconSkillRelease10Sp.png	1	5	50		999				999					1	10				
428	终解·游麟	构造体终阶解放后，将会在每一场战斗中，首次登场时获取3个同色信号球。	科学理事会研发，根据机体单独配备的光环型装置，内含动能驱动的纳米机器人，可以辅助构造体进行高频计算，立刻产生信号球。	Assets/Product/Texture/Image/IconTools/IconSkillRelease11.png	Assets/Product/Texture/Image/IconToolsSp/IconSkillRelease11Sp.png	1	5	50		999				999					1	10				
429	终解·银冕	构造体终阶解放后，将会在每一场战斗中，首次登场时获取3个同色信号球。	科学理事会研发，根据机体单独配备的光环型装置，内含动能驱动的纳米机器人，可以辅助构造体进行高频计算，立刻产生信号球。	Assets/Product/Texture/Image/IconTools/IconSkillRelease13.png	Assets/Product/Texture/Image/IconToolsSp/IconSkillRelease13Sp.png	1	5	50		999				999					1	10				
430	终解·2B	构造体终阶解放后，将会在每一场战斗中，首次登场时获取3个同色信号球。	科学理事会研发，根据机体单独配备的光环型装置，内含动能驱动的纳米机器人，可以辅助构造体进行高频计算，立刻产生信号球。	Assets/Product/Texture/Image/IconTools/IconSkillRelease11.png	Assets/Product/Texture/Image/IconToolsSp/IconSkillRelease11Sp.png	1	5	50		999				999					1	10				
431	终解·9S	构造体终阶解放后，将会在每一场战斗中，首次登场时获取3个同色信号球。	科学理事会研发，根据机体单独配备的光环型装置，内含动能驱动的纳米机器人，可以辅助构造体进行高频计算，立刻产生信号球。	Assets/Product/Texture/Image/IconTools/IconSkillRelease11.png	Assets/Product/Texture/Image/IconToolsSp/IconSkillRelease11Sp.png	1	5	50		999				999					1	10				
432	终解·A2	构造体终阶解放后，将会在每一场战斗中，首次登场时获取3个同色信号球。	科学理事会研发，根据机体单独配备的光环型装置，内含动能驱动的纳米机器人，可以辅助构造体进行高频计算，立刻产生信号球。	Assets/Product/Texture/Image/IconTools/IconSkillRelease11.png	Assets/Product/Texture/Image/IconToolsSp/IconSkillRelease11Sp.png	1	5	50		999				999					1	10				
433	终解·明觉	构造体终阶解放后，将会在每一场战斗中，首次登场时获取3个同色信号球。	科学理事会研发，根据机体单独配备的光环型装置，内含动能驱动的纳米机器人，可以辅助构造体进行高频计算，立刻产生信号球。	Assets/Product/Texture/Image/IconTools/IconSkillRelease10.png	Assets/Product/Texture/Image/IconToolsSp/IconSkillRelease10Sp.png	1	5	50		999				999					1	10				
434	终解·岚音	构造体终阶解放后，将会在每一场战斗中，首次登场时获取3个同色信号球。	科学理事会研发，根据机体单独配备的光环型装置，内含动能驱动的纳米机器人，可以辅助构造体进行高频计算，立刻产生信号球。	Assets/Product/Texture/Image/IconTools/IconSkillRelease14.png	Assets/Product/Texture/Image/IconToolsSp/IconSkillRelease14Sp.png	1	5	50		999				999					1	10				
435	终解·荣光	构造体终阶解放后，将会在每一场战斗中，首次登场时获取3个同色信号球。	科学理事会研发，根据机体单独配备的光环型装置，内含动能驱动的纳米机器人，可以辅助构造体进行高频计算，立刻产生信号球。	Assets/Product/Texture/Image/IconTools/IconSkillRelease01.png	Assets/Product/Texture/Image/IconToolsSp/IconSkillRelease01Sp.png	1	5	50		999				999					1	10				
436	终解·XXI	构造体终阶解放后，将会在每一场战斗中，首次登场时获取3个同色信号球。	科学理事会研发，根据机体单独配备的光环型装置，内含动能驱动的纳米机器人，可以辅助构造体进行高频计算，立刻产生信号球。	Assets/Product/Texture/Image/IconTools/IconSkillRelease15.png	Assets/Product/Texture/Image/IconToolsSp/IconSkillRelease15Sp.png	1	5	50		999				999					1	10				
437	终解·绯耀	构造体终阶解放后，将会在每一场战斗中，首次登场时获取3个同色信号球。	科学理事会研发，根据机体单独配备的光环型装置，内含动能驱动的纳米机器人，可以辅助构造体进行高频计算，立刻产生信号球。	Assets/Product/Texture/Image/IconTools/IconSkillRelease12.png	Assets/Product/Texture/Image/IconToolsSp/IconSkillRelease12Sp.png	1	5	50		999				999					1	10				
438	终解·戏炎	罗兰·戏炎终阶解放后，将会在每一场战斗中，首次登场时获取30点虚赝值。	机体被重塑之后，罗兰根据新机体的特性配备了新的补强单元，内含动能驱动的核心原件，可加速战斗中机体的充能效率。	Assets/Product/Texture/Image/IconTools/IconSkillRelease16.png	Assets/Product/Texture/Image/IconToolsSp/IconSkillRelease16Sp.png	1	5	50		999				999					1	10				
439	终解·极昼	构造体终阶解放后，将会在每一场战斗中，首次登场时获取3个同色信号球。	科学理事会研发，根据机体单独配备的光环型装置，内含动能驱动的纳米机器人，可以辅助构造体进行高频计算，立刻产生信号球。	Assets/Product/Texture/Image/IconTools/IconSkillRelease17.png	Assets/Product/Texture/Image/IconToolsSp/IconSkillRelease17Sp.png	1	5	50		999				999					1	10				
440	终解·幻奏	构造体终阶解放后，将会在每一场战斗中，首次登场时获取3个同色信号球。	科学理事会研发，根据机体单独配备的光环型装置，内含动能驱动的纳米机器人，可以辅助构造体进行高频计算，立刻产生信号球。	Assets/Product/Texture/Image/IconTools/IconSkillRelease18.png	Assets/Product/Texture/Image/IconToolsSp/IconSkillRelease18Sp.png	1	5	50		999				999					1	10				
441	终解·华钟	构造体终阶解放后，将会在每一场战斗中，首次登场时获取3个同色信号球。	科学理事会研发，根据机体单独配备的光环型装置，内含动能驱动的纳米机器人，可以辅助构造体进行高频计算，立刻产生信号球。	Assets/Product/Texture/Image/IconTools/IconSkillRelease19.png	Assets/Product/Texture/Image/IconToolsSp/IconSkillRelease19Sp.png	1	5	50		999				999					1	10				
442	终解·遥星之座	构造体终阶解放后，将会在每一场战斗中，首次登场时获取3个同色信号球。	科学理事会研发，根据机体单独配备的光环型装置，内含动能驱动的纳米机器人，可以辅助构造体进行高频计算，立刻产生信号球。	Assets/Product/Texture/Image/IconTools/IconSkillRelease20.png	Assets/Product/Texture/Image/IconToolsSp/IconSkillRelease20Sp.png	1	5	50		999				999					1	10				
443	终解·隐星	构造体终阶解放后，将会在每一场战斗中，首次登场时获取3个同色信号球。	科学理事会研发，根据机体单独配备的光环型装置，内含动能驱动的纳米机器人，可以辅助构造体进行高频计算，立刻产生信号球。	Assets/Product/Texture/Image/IconTools/IconSkillRelease21.png	Assets/Product/Texture/Image/IconToolsSp/IconSkillRelease21Sp.png	1	5	50		999				999					1	10				
444	终解·辉晓	构造体终阶解放后，将会在每一场战斗中，首次登场时获取3个同色信号球。	科学理事会研发，根据机体单独配备的光环型装置，内含动能驱动的纳米机器人，可以辅助构造体进行高频计算，立刻产生信号球。	Assets/Product/Texture/Image/IconTools/IconSkillRelease22.png	Assets/Product/Texture/Image/IconToolsSp/IconSkillRelease22Sp.png	1	5	50		999				999					1	10				
445	终解·逆旅	构造体终阶解放后，将会在每一场战斗中，首次登场时获取3个同色信号球。	科学理事会研发，根据机体单独配备的光环型装置，内含动能驱动的纳米机器人，可以辅助构造体进行高频计算，立刻产生信号球。	Assets/Product/Texture/Image/IconTools/IconSkillRelease23.png	Assets/Product/Texture/Image/IconToolsSp/IconSkillRelease23Sp.png	1	5	50		999				999					1	10				
446	终解·深痕	构造体终阶解放后，将会在每一场战斗中，首次登场时获取3个同色信号球。	科学理事会研发，根据机体单独配备的光环型装置，内含动能驱动的纳米机器人，可以辅助构造体进行高频计算，立刻产生信号球。	Assets/Product/Texture/Image/IconTools/IconSkillRelease24.png	Assets/Product/Texture/Image/IconToolsSp/IconSkillRelease24Sp.png	1	5	50		999				999					1	10				
447	终解·琉璃	构造体终阶解放后，将会在每一场战斗中，首次登场时获取3个同色信号球。	科学理事会研发，根据机体单独配备的光环型装置，内含动能驱动的纳米机器人，可以辅助构造体进行高频计算，立刻产生信号球。	Assets/Product/Texture/Image/IconTools/IconSkillRelease25.png	Assets/Product/Texture/Image/IconToolsSp/IconSkillRelease25Sp.png	1	5	50		999				999					1	10				
448	终解·超刻	构造体终阶解放后，将会在每一场战斗中，首次登场时获取3个同色信号球。	科学理事会研发，根据机体单独配备的光环型装置，内含动能驱动的纳米机器人，可以辅助构造体进行高频计算，立刻产生信号球。	Assets/Product/Texture/Image/IconTools/IconSkillRelease26.png	Assets/Product/Texture/Image/IconToolsSp/IconSkillRelease26Sp.png	1	5	50		999				999					1	10				
449	终解·万华	构造体终阶解放后，将会在每一场战斗中，首次登场时获取3个同色信号球。	科学理事会研发，根据机体单独配备的光环型装置，内含动能驱动的纳米机器人，可以辅助构造体进行高频计算，立刻产生信号球。	Assets/Product/Texture/Image/IconTools/IconSkillRelease27.png	Assets/Product/Texture/Image/IconToolsSp/IconSkillRelease27Sp.png	1	5	50		999				999					1	10				
450	终解·深红囚影	构造体终阶解放后，将会在每一场战斗中，首次登场时获取3个同色信号球。	科学理事会研发，根据机体单独配备的光环型装置，内含动能驱动的纳米机器人，可以辅助构造体进行高频计算，立刻产生信号球。	Assets/Product/Texture/Image/IconTools/IconSkillRelease27.png	Assets/Product/Texture/Image/IconToolsSp/IconSkillRelease27Sp.png	1	5	50		999				999					1	10				
451	终解·清商	构造体终阶解放后，将会在每一场战斗中，首次登场时获取3个同色信号球。	科学理事会研发，根据机体单独配备的光环型装置，内含动能驱动的纳米机器人，可以辅助构造体进行高频计算，立刻产生信号球。	Assets/Product/Texture/Image/IconTools/IconSkillRelease29.png	Assets/Product/Texture/Image/IconToolsSp/IconSkillRelease29Sp.png	1	5	50		999				999					1	10				
452	终解·森息	构造体终阶解放后，将会在每一场战斗中，首次登场时获取3个同色信号球。	科学理事会研发，根据机体单独配备的光环型装置，内含动能驱动的纳米机器人，可以辅助构造体进行高频计算，立刻产生信号球。	Assets/Product/Texture/Image/IconTools/IconSkillRelease30.png	Assets/Product/Texture/Image/IconToolsSp/IconSkillRelease30Sp.png	1	5	50		999				999					1	10				
453	终解·擎驱	构造体终阶解放后，将会在每一场战斗中，首次登场时获取3个同色信号球。	科学理事会研发，根据机体单独配备的光环型装置，内含动能驱动的纳米机器人，可以辅助构造体进行高频计算，立刻产生信号球。	Assets/Product/Texture/Image/IconTools/IconSkillRelease31.png	Assets/Product/Texture/Image/IconToolsSp/IconSkillRelease31Sp.png	1	5	50		999				999					1	10				
454	终解·回音	构造体终阶解放后，将会在每一场战斗中，首次登场时获取3个同色信号球。	科学理事会研发，根据机体单独配备的光环型装置，内含动能驱动的纳米机器人，可以辅助构造体进行高频计算，立刻产生信号球。	Assets/Product/Texture/Image/IconTools/IconSkillRelease32.png	Assets/Product/Texture/Image/IconToolsSp/IconSkillRelease32Sp.png	1	5	50		999				999					1	10				
455	终解·深谣	构造体终阶解放后，将会在每一场战斗中，首次登场时获取3个同色信号球。	科学理事会研发，根据机体单独配备的光环型装置，内含动能驱动的纳米机器人，可以辅助构造体进行高频计算，立刻产生信号球。	Assets/Product/Texture/Image/IconTools/IconSkillRelease33.png	Assets/Product/Texture/Image/IconToolsSp/IconSkillRelease33Sp.png	1	5	50		999				999					1	10				
456	终解·BRS	构造体终阶解放后，将会在每一场战斗中，首次登场时获取3个同色信号球。	科学理事会研发，根据机体单独配备的光环型装置，内含动能驱动的纳米机器人，可以辅助构造体进行高频计算，立刻产生信号球。	Assets/Product/Texture/Image/IconTools/IconSkillRelease34.png	Assets/Product/Texture/Image/IconToolsSp/IconSkillRelease34Sp.png	1	5	50		999				999					1	10				
457	终解·尘铭	构造体终阶解放后，将会在每一场战斗中，首次登场时获取3个同色信号球。	科学理事会研发，根据机体单独配备的光环型装置，内含动能驱动的纳米机器人，可以辅助构造体进行高频计算，立刻产生信号球。	Assets/Product/Texture/Image/IconTools/IconSkillRelease35.png	Assets/Product/Texture/Image/IconToolsSp/IconSkillRelease35Sp.png	1	5	50		999				999					1	10				
458	终解·启明	构造体终阶解放后，将会在每一场战斗中，首次登场时获取3个同色信号球。	科学理事会研发，根据机体单独配备的光环型装置，内含动能驱动的纳米机器人，可以辅助构造体进行高频计算，立刻产生信号球。	Assets/Product/Texture/Image/IconTools/IconSkillRelease36.png	Assets/Product/Texture/Image/IconToolsSp/IconSkillRelease36Sp.png	1	5	50		999				999					1	10				
459	终解·觅语	构造体终阶解放后，将会在每一场战斗中，首次登场时获取3个同色信号球。	科学理事会研发，根据机体单独配备的光环型装置，内含动能驱动的纳米机器人，可以辅助构造体进行高频计算，立刻产生信号球。	Assets/Product/Texture/Image/IconTools/IconSkillRelease37.png	Assets/Product/Texture/Image/IconToolsSp/IconSkillRelease37Sp.png	1	5	50		999				999					1	10				
460	终解·终焉	构造体终阶解放后，将会在每一场战斗中，首次登场时获取3个同色信号球。	科学理事会研发，根据机体单独配备的光环型装置，内含动能驱动的纳米机器人，可以辅助构造体进行高频计算，立刻产生信号球。	Assets/Product/Texture/Image/IconTools/IconSkillRelease38.png	Assets/Product/Texture/Image/IconToolsSp/IconSkillRelease38Sp.png	1	5	50		999				999					1	10				
461	终解·耀炎	构造体终阶解放后，将会在每一场战斗中，首次登场时获取3个同色信号球。	科学理事会研发，根据机体单独配备的光环型装置，内含动能驱动的纳米机器人，可以辅助构造体进行高频计算，立刻产生信号球。	Assets/Product/Texture/Image/IconTools/IconSkillRelease39.png	Assets/Product/Texture/Image/IconToolsSp/IconSkillRelease39Sp.png	1	5	50		999				999					1	10				
462	终解·檀心	构造体终阶解放后，将会在每一场战斗中，首次登场时获取3个同色信号球。	科学理事会研发，根据机体单独配备的光环型装置，内含动能驱动的纳米机器人，可以辅助构造体进行高频计算，立刻产生信号球。	Assets/Product/Texture/Image/IconTools/IconSkillRelease40.png	Assets/Product/Texture/Image/IconToolsSp/IconSkillRelease40Sp.png	1	5	50		999				999					1	10				
463	终解·明晰梦	构造体终阶解放后，将会在每一场战斗中，首次登场时获取3个同色信号球。	科学理事会研发，根据机体单独配备的光环型装置，内含动能驱动的纳米机器人，可以辅助构造体进行高频计算，立刻产生信号球。	Assets/Product/Texture/Image/IconTools/IconSkillRelease41.png	Assets/Product/Texture/Image/IconToolsSp/IconSkillRelease41Sp.png	1	5	50		999				999					1	10				
464	终解·誓焰	构造体终阶解放后，将会在每一场战斗中，首次登场时获取3个同色信号球。	科学理事会研发，根据机体单独配备的光环型装置，内含动能驱动的纳米机器人，可以辅助构造体进行高频计算，立刻产生信号球。	Assets/Product/Texture/Image/IconTools/IconSkillRelease42.png	Assets/Product/Texture/Image/IconToolsSp/IconSkillRelease42Sp.png	1	5	50		999				999					1	10				
465	终解·徊闪	构造体终阶解放后，将会在每一场战斗中，首次登场时获取3个同色信号球。	科学理事会研发，根据机体单独配备的光环型装置，内含动能驱动的纳米机器人，可以辅助构造体进行高频计算，立刻产生信号球。	Assets/Product/Texture/Image/IconTools/IconSkillRelease43.png	Assets/Product/Texture/Image/IconToolsSp/IconSkillRelease43Sp.png	1	5	50		999				999					1	10				
466	终解·芒星之迹	构造体终阶解放后，将会在每一场战斗中，首次登场时获取3个同色信号球。	科学理事会研发，根据机体单独配备的光环型装置，内含动能驱动的纳米机器人，可以辅助构造体进行高频计算，立刻产生信号球。	Assets/Product/Texture/Image/IconTools/IconSkillRelease44.png	Assets/Product/Texture/Image/IconToolsSp/IconSkillRelease44Sp.png	1	5	50		999				999					1	10				
467	终解·幻日	构造体终阶解放后，将会在每一场战斗中，首次登场时获取3个同色信号球。	科学理事会研发，根据机体单独配备的光环型装置，内含动能驱动的纳米机器人，可以辅助构造体进行高频计算，立刻产生信号球。	Assets/Product/Texture/Image/IconTools/IconSkillRelease45.png	Assets/Product/Texture/Image/IconToolsSp/IconSkillRelease45Sp.png	1	5	50		999				999					1	10				
468	终解·谬影	构造体终阶解放后，将会在每一场战斗中，首次登场时获取3个同色信号球。	科学理事会研发，根据机体单独配备的光环型装置，内含动能驱动的纳米机器人，可以辅助构造体进行高频计算，立刻产生信号球。	Assets/Product/Texture/Image/IconTools/IconSkillRelease46.png	Assets/Product/Texture/Image/IconToolsSp/IconSkillRelease46Sp.png	1	5	50		999				999					1	10				
469	终解·希声	构造体终阶解放后，将会在每一场战斗中，首次登场时获取3个同色信号球。	科学理事会研发，根据机体单独配备的光环型装置，内含动能驱动的纳米机器人，可以辅助构造体进行高频计算，立刻产生信号球。	Assets/Product/Texture/Image/IconTools/IconSkillRelease47.png	Assets/Product/Texture/Image/IconToolsSp/IconSkillRelease47Sp.png	1	5	50		999				999					1	10				
470	终解·破晓	构造体终阶解放后，将会在每一场战斗中，首次登场时获取3个同色信号球。	科学理事会研发，根据机体单独配备的光环型装置，内含动能驱动的纳米机器人，可以辅助构造体进行高频计算，立刻产生信号球。	Assets/Product/Texture/Image/IconTools/IconSkillRelease48.png	Assets/Product/Texture/Image/IconToolsSp/IconSkillRelease48Sp.png	1	5	50		999				999					1	10				
471	终解·灼惘	构造体终阶解放后，将会在每一场战斗中，首次登场时获取3个同色信号球。	科学理事会研发，根据机体单独配备的光环型装置，内含动能驱动的纳米机器人，可以辅助构造体进行高频计算，立刻产生信号球。	Assets/Product/Texture/Image/IconTools/IconSkillRelease49.png	Assets/Product/Texture/Image/IconToolsSp/IconSkillRelease49Sp.png	1	5	50		999				999					1	10				
472	终解·维吉尔	构造体终阶解放后，将会在每一场战斗中，首次登场时获取3个同色信号球。	科学理事会研发，根据机体单独配备的光环型装置，内含动能驱动的纳米机器人，可以辅助构造体进行高频计算，立刻产生信号球。	Assets/Product/Texture/Image/IconTools/IconSkillRelease50.png	Assets/Product/Texture/Image/IconToolsSp/IconSkillRelease50Sp.png	1	5	50		999				999					1	10				
473	终解·但丁	构造体终阶解放后，将会在每一场战斗中，首次登场时获取3个同色信号球。	科学理事会研发，根据机体单独配备的光环型装置，内含动能驱动的纳米机器人，可以辅助构造体进行高频计算，立刻产生信号球。	Assets/Product/Texture/Image/IconTools/IconSkillRelease51.png	Assets/Product/Texture/Image/IconToolsSp/IconSkillRelease51Sp.png	1	5	50		999				999					1	10				
474	终解·晖暮	构造体终阶解放后，将会在每一场战斗中，首次登场时获取3个同色信号球。	科学理事会研发，根据机体单独配备的光环型装置，内含动能驱动的纳米机器人，可以辅助构造体进行高频计算，立刻产生信号球。	Assets/Product/Texture/Image/IconTools/IconSkillRelease52.png	Assets/Product/Texture/Image/IconToolsSp/IconSkillRelease52Sp.png	1	5	50		999				999					1	10				
475	终解·裁律	构造体终阶解放后，将会在每一场战斗中，首次登场时获取3个同色信号球。	科学理事会研发，根据机体单独配备的光环型装置，内含动能驱动的纳米机器人，可以辅助构造体进行高频计算，立刻产生信号球。	Assets/Product/Texture/Image/IconTools/IconSkillRelease53.png	Assets/Product/Texture/Image/IconToolsSp/IconSkillRelease53Sp.png	1	5	50		999				999					1	10				
476	终解·铮骨	构造体终阶解放后，将会在每一场战斗中，首次登场时获取3个同色信号球。	科学理事会研发，根据机体单独配备的光环型装置，内含动能驱动的纳米机器人，可以辅助构造体进行高频计算，立刻产生信号球。	Assets/Product/Texture/Image/IconTools/IconSkillRelease54.png	Assets/Product/Texture/Image/IconToolsSp/IconSkillRelease54Sp.png	1	5	50		999				999					1	10				
477	终解·霁梦	构造体终阶解放后，将会在每一场战斗中，首次登场时获取3个同色信号球。	科学理事会研发，根据机体单独配备的光环型装置，内含动能驱动的纳米机器人，可以辅助构造体进行高频计算，立刻产生信号球。	Assets/Product/Texture/Image/IconTools/IconSkillRelease55.png	Assets/Product/Texture/Image/IconToolsSp/IconSkillRelease55Sp.png	1	5	50		999				999					1	10				
478	终解·骇影	构造体终阶解放后，将会在每一场战斗中，首次登场时获取3个同色信号球。	科学理事会研发，根据机体单独配备的光环型装置，内含动能驱动的纳米机器人，可以辅助构造体进行高频计算，立刻产生信号球。	Assets/Product/Texture/Image/IconTools/IconSkillRelease56.png	Assets/Product/Texture/Image/IconToolsSp/IconSkillRelease56Sp.png	1	5	50		999				999					1	10				
479	终解·极锋	构造体终阶解放后，将会在每一场战斗中，首次登场时获取3个同色信号球。	科学理事会研发，根据机体单独配备的光环型装置，内含动能驱动的纳米机器人，可以辅助构造体进行高频计算，立刻产生信号球。	Assets/Product/Texture/Image/IconTools/IconSkillRelease57.png	Assets/Product/Texture/Image/IconToolsSp/IconSkillRelease57Sp.png	1	5	50		999				999					1	10				
480	终解·亡歌	构造体终阶解放后，将会在每一场战斗中，首次登场时获取3个同色信号球。	科学理事会研发，根据机体单独配备的光环型装置，内含动能驱动的纳米机器人，可以辅助构造体进行高频计算，立刻产生信号球。	Assets/Product/Texture/Image/IconTools/IconSkillRelease58.png	Assets/Product/Texture/Image/IconToolsSp/IconSkillRelease58Sp.png	1	5	50		999				999					1	10				
481	终解·不落日	构造体终阶解放后，将会在每一场战斗中，首次登场时获取3个同色信号球。	科学理事会研发，根据机体单独配备的光环型装置，内含动能驱动的纳米机器人，可以辅助构造体进行高频计算，立刻产生信号球。	Assets/Product/Texture/Image/IconTools/IconSkillRelease59.png	Assets/Product/Texture/Image/IconToolsSp/IconSkillRelease59Sp.png	1	5	50		999				999					1	10				
482	终解·逆冕	构造体终阶解放后，将会在每一场战斗中，首次登场时获取3个同色信号球。	科学理事会研发，根据机体单独配备的光环型装置，内含动能驱动的纳米机器人，可以辅助构造体进行高频计算，立刻产生信号球。	Assets/Product/Texture/Image/IconTools/IconSkillRelease60.png	Assets/Product/Texture/Image/IconToolsSp/IconSkillRelease60Sp.png	1	5	50		999				999					1	10				
483	终解·安魂	构造体终阶解放后，将会在每一场战斗中，首次登场时获取3个同色信号球。	科学理事会研发，根据机体单独配备的光环型装置，内含动能驱动的纳米机器人，可以辅助构造体进行高频计算，立刻产生信号球。	Assets/Product/Texture/Image/IconTools/IconSkillRelease61.png	Assets/Product/Texture/Image/IconToolsSp/IconSkillRelease61Sp.png	1	5	50		999				999					1	10				
484	终解·烬航	构造体终阶解放后，将会在每一场战斗中，首次登场时获取3个同色信号球。	科学理事会研发，根据机体单独配备的光环型装置，内含动能驱动的纳米机器人，可以辅助构造体进行高频计算，立刻产生信号球。	Assets/Product/Texture/Image/IconTools/IconSkillRelease62.png	Assets/Product/Texture/Image/IconToolsSp/IconSkillRelease62Sp.png	1	5	50		999				999					1	10				
485	终解·时崎狂三	构造体终阶解放后，将会在每一场战斗中，首次登场时获取3个同色信号球。	科学理事会研发，根据机体单独配备的光环型装置，内含动能驱动的纳米机器人，可以辅助构造体进行高频计算，立刻产生信号球。	Assets/Product/Texture/Image/IconTools/IconSkillRelease63.png	Assets/Product/Texture/Image/IconToolsSp/IconSkillRelease63Sp.png	1	5	50		999				999					1	10				
486	终解·破渊	构造体终阶解放后，将会在每一场战斗中，首次登场时获取3个同色信号球。	科学理事会研发，根据机体单独配备的光环型装置，内含动能驱动的纳米机器人，可以辅助构造体进行高频计算，立刻产生信号球。	Assets/Product/Texture/Image/IconTools/IconSkillRelease64.png	Assets/Product/Texture/Image/IconToolsSp/IconSkillRelease64Sp.png	1	5	50		999				999					1	10				
501	逆元碎片-异火	里·异火的逆元碎片，收集一定数量后可连接构造体。	构造体的意识可以分解为数个逆元碎片，当这些碎片聚合完整后，指挥官就可以与对应构造体产生连接。	Assets/Product/Texture/Image/IconTools/IconTools1011001.png	Assets/Product/Texture/Image/IconToolsSp/IconTools1011001Sp.png	8	4	50	[10042,10012]	999				999					34	5				
502	逆元碎片-红莲	露西亚·红莲的逆元碎片，收集一定数量后可连接构造体。	构造体的意识可以分解为数个逆元碎片，当这些碎片聚合完整后，指挥官就可以与对应构造体产生连接。	Assets/Product/Texture/Image/IconTools/IconTools1021001.png	Assets/Product/Texture/Image/IconToolsSp/IconTools1021001Sp.png	8	4	50	[10042,10012]	999				999					34	5				
503	逆元碎片-蚀暗	丽芙·蚀暗的逆元碎片，收集一定数量后可连接构造体。	构造体的意识可以分解为数个逆元碎片，当这些碎片聚合完整后，指挥官就可以与对应构造体产生连接。	Assets/Product/Texture/Image/IconTools/IconTools1031001.png	Assets/Product/Texture/Image/IconToolsSp/IconTools1031001Sp.png	8	4	50	[10042,10012]	999				999					34	5				
504	逆元碎片-零度	比安卡·零度的逆元碎片，收集一定数量后可连接构造体。	构造体的意识可以分解为数个逆元碎片，当这些碎片聚合完整后，指挥官就可以与对应构造体产生连接。	Assets/Product/Texture/Image/IconTools/IconTools1041001.png	Assets/Product/Texture/Image/IconToolsSp/IconTools1041001Sp.png	8	4	50	[10042,10012]	999				999					34	5				
505	逆元碎片-风暴	七实·风暴的逆元碎片，收集一定数量后可连接构造体。	构造体的意识可以分解为数个逆元碎片，当这些碎片聚合完整后，指挥官就可以与对应构造体产生连接。	Assets/Product/Texture/Image/IconTools/IconTools1051001.png	Assets/Product/Texture/Image/IconToolsSp/IconTools1051001Sp.png	8	4	50	[10042,10012]	999				999					34	5				
506	逆元碎片-重能	神威·重能的逆元碎片，收集一定数量后可连接构造体。	构造体的意识可以分解为数个逆元碎片，当这些碎片聚合完整后，指挥官就可以与对应构造体产生连接。	Assets/Product/Texture/Image/IconTools/IconTools1061001.png	Assets/Product/Texture/Image/IconToolsSp/IconTools1061001Sp.png	8	4	50	[10042,10012]	999				999					34	5				
507	逆元碎片-爆裂	卡列尼娜·爆裂的逆元碎片，收集一定数量后可连接构造体。	构造体的意识可以分解为数个逆元碎片，当这些碎片聚合完整后，指挥官就可以与对应构造体产生连接。	Assets/Product/Texture/Image/IconTools/IconTools1071001.png	Assets/Product/Texture/Image/IconToolsSp/IconTools1071001Sp.png	8	4	50	[10042,10012]	999				999					34	5				
508	逆元碎片-夜刃	渡边·夜刃的逆元碎片，收集一定数量后可连接构造体。	构造体的意识可以分解为数个逆元碎片，当这些碎片聚合完整后，指挥官就可以与对应构造体产生连接。	Assets/Product/Texture/Image/IconTools/IconTools1081001.png	Assets/Product/Texture/Image/IconToolsSp/IconTools1081001Sp.png	8	4	50	[10042,10012]	999				999					34	5				
509	逆元碎片-溢彩	艾拉·溢彩的逆元碎片，收集一定数量后可连接构造体。	构造体的意识可以分解为数个逆元碎片，当这些碎片聚合完整后，指挥官就可以与对应构造体产生连接。	Assets/Product/Texture/Image/IconTools/IconTools1091002.png	Assets/Product/Texture/Image/IconToolsSp/IconTools1091002Sp.png	8	4	50	[10042,10012]	999				999					34	5				
512	逆元碎片-黎明	露西亚·黎明的逆元碎片，收集一定数量后可连接构造体。	构造体的意识可以分解为数个逆元碎片，当这些碎片聚合完整后，指挥官就可以与对应构造体产生连接。	Assets/Product/Texture/Image/IconTools/IconTools1021002.png	Assets/Product/Texture/Image/IconToolsSp/IconTools1021002Sp.png	8	4	50	[10042,10012]	999				999					34	5				
513	逆元碎片-流光	丽芙·流光的逆元碎片，收集一定数量后可连接构造体。	构造体的意识可以分解为数个逆元碎片，当这些碎片聚合完整后，指挥官就可以与对应构造体产生连接。	Assets/Product/Texture/Image/IconTools/IconTools1031002.png	Assets/Product/Texture/Image/IconToolsSp/IconTools1031002Sp.png	8	4	50	[10042,10012]	999				999					34	5				
514	逆元碎片-真理	比安卡·真理的逆元碎片，收集一定数量后可连接构造体。	构造体的意识可以分解为数个逆元碎片，当这些碎片聚合完整后，指挥官就可以与对应构造体产生连接。	Assets/Product/Texture/Image/IconTools/IconTools1041003.png	Assets/Product/Texture/Image/IconToolsSp/IconTools1041003Sp.png	8	5	50	[10012,10048]	999				999					35	5				
515	逆元碎片-脉冲	七实·脉冲的逆元碎片，收集一定数量后可连接构造体。	构造体的意识可以分解为数个逆元碎片，当这些碎片聚合完整后，指挥官就可以与对应构造体产生连接。	Assets/Product/Texture/Image/IconTools/IconTools1051003.png	Assets/Product/Texture/Image/IconToolsSp/IconTools1051003Sp.png	8	5	50	[10012,10048]	999				999					35	5				
516	逆元碎片-暗能	神威·暗能的逆元碎片，收集一定数量后可连接构造体。	构造体的意识可以分解为数个逆元碎片，当这些碎片聚合完整后，指挥官就可以与对应构造体产生连接。	Assets/Product/Texture/Image/IconTools/IconTools1061002.png	Assets/Product/Texture/Image/IconToolsSp/IconTools1061002Sp.png	8	5	50	[10012,10048]	999				999					35	5				
517	逆元碎片-烬燃	卡列尼娜·烬燃的逆元碎片，收集一定数量后可连接构造体。	构造体的意识可以分解为数个逆元碎片，当这些碎片聚合完整后，指挥官就可以与对应构造体产生连接。	Assets/Product/Texture/Image/IconTools/IconTools1071002.png	Assets/Product/Texture/Image/IconToolsSp/IconTools1071002Sp.png	8	5	50	[10012,10048]	999				999					35	5				
521	逆元碎片-乱数	里·乱数的逆元碎片，收集一定数量后可连接构造体。	构造体的意识可以分解为数个逆元碎片，当这些碎片聚合完整后，指挥官就可以与对应构造体产生连接。	Assets/Product/Texture/Image/IconTools/IconTools1011002.png	Assets/Product/Texture/Image/IconToolsSp/IconTools1011002Sp.png	8	5	50	[10012,10048]	999				999					35	5				
522	逆元碎片-深红之渊	露西亚·深红之渊的逆元碎片，收集一定数量后可连接构造体。	构造体的意识可以分解为数个逆元碎片，当这些碎片聚合完整后，指挥官就可以与对应构造体产生连接。	Assets/Product/Texture/Image/IconTools/IconTools1021003.png	Assets/Product/Texture/Image/IconToolsSp/IconTools1021003Sp.png	8	5	50	[10012,10048]	999				999					35	5				
523	逆元碎片-仰光	丽芙·仰光的逆元碎片，收集一定数量后可连接构造体。	构造体的意识可以分解为数个逆元碎片，当这些碎片聚合完整后，指挥官就可以与对应构造体产生连接。	Assets/Product/Texture/Image/IconTools/IconTools1031003.png	Assets/Product/Texture/Image/IconToolsSp/IconTools1031003Sp.png	8	5	50	[10012,10048]	999				999					35	5				
528	逆元碎片-夙星	渡边·夙星的逆元碎片，收集一定数量后可连接构造体。	构造体的意识可以分解为数个逆元碎片，当这些碎片聚合完整后，指挥官就可以与对应构造体产生连接。	Assets/Product/Texture/Image/IconTools/IconTools1081003.png	Assets/Product/Texture/Image/IconToolsSp/IconTools1081003Sp.png	8	4	50	[10042,10012]	999				999					34	5				
531	逆元碎片-银牙	苏菲亚·银牙的逆元碎片，收集一定数量后可连接构造体。	构造体的意识可以分解为数个逆元碎片，当这些碎片聚合完整后，指挥官就可以与对应构造体产生连接。	Assets/Product/Texture/Image/IconTools/IconTools1101002.png	Assets/Product/Texture/Image/IconToolsSp/IconTools1101002Sp.png	8	4	50	[10042,10012]	999				999					34	5				
532	逆元碎片-鸦羽	露西亚·鸦羽的逆元碎片，收集一定数量后可连接构造体。	构造体的意识可以分解为数个逆元碎片，当这些碎片聚合完整后，指挥官就可以与对应构造体产生连接。	Assets/Product/Texture/Image/IconTools/IconTools1021004.png	Assets/Product/Texture/Image/IconToolsSp/IconTools1021004Sp.png	8	5	50	[10012]	999				999					35	5				
533	逆元碎片-瑰丽	薇拉·瑰丽的逆元碎片，收集一定数量后可连接构造体。	构造体的意识可以分解为数个逆元碎片，当这些碎片聚合完整后，指挥官就可以与对应构造体产生连接。	Assets/Product/Texture/Image/IconTools/IconTools1131002.png	Assets/Product/Texture/Image/IconToolsSp/IconTools1131002Sp.png	8	4	50	[10042,10012]	999				999					34	5				
534	逆元碎片-狂犬	卡穆·狂犬的逆元碎片，收集一定数量后可连接构造体。	构造体的意识可以分解为数个逆元碎片，当这些碎片聚合完整后，指挥官就可以与对应构造体产生连接。	Assets/Product/Texture/Image/IconTools/IconTools1511003.png	Assets/Product/Texture/Image/IconToolsSp/IconTools1511003Sp.png	8	5	50	[20023]	999				999					48	5				
535	逆元碎片-凛冽	罗塞塔·凛冽的逆元碎片，收集一定数量后可连接构造体。	构造体的意识可以分解为数个逆元碎片，当这些碎片聚合完整后，指挥官就可以与对应构造体产生连接。	Assets/Product/Texture/Image/IconTools/IconTools1141003.png	Assets/Product/Texture/Image/IconToolsSp/IconTools1141003Sp.png	8	5	50	[10012,10048]	999				999					35	5				
536	逆元碎片-雀翎	曲·雀翎的逆元碎片，收集一定数量后可连接构造体。	构造体的意识可以分解为数个逆元碎片，当这些碎片聚合完整后，指挥官就可以与对应构造体产生连接。	Assets/Product/Texture/Image/IconTools/IconTools1521003.png	Assets/Product/Texture/Image/IconToolsSp/IconTools1521003Sp.png	8	5	50	[20023]	999				999					48	5				
537	逆元碎片-游麟	常羽·游麟的逆元碎片，收集一定数量后可连接构造体。	构造体的意识可以分解为数个逆元碎片，当这些碎片聚合完整后，指挥官就可以与对应构造体产生连接。	Assets/Product/Texture/Image/IconTools/IconTools1161002.png	Assets/Product/Texture/Image/IconToolsSp/IconTools1161002Sp.png	8	4	50	[10042,10012]	999				999					34	5				
539	逆元碎片-弧光	库洛姆·弧光的逆元碎片，收集一定数量后可连接构造体。	构造体的意识可以分解为数个逆元碎片，当这些碎片聚合完整后，指挥官就可以与对应构造体产生连接。	Assets/Product/Texture/Image/IconTools/IconTools1201002.png	Assets/Product/Texture/Image/IconToolsSp/IconTools1201002Sp.png	8	4	50	[10042,10012]	999				999					34	5				
538	逆元碎片-银冕	露娜·银冕的逆元碎片，收集一定数量后可连接构造体。	构造体的意识可以分解为数个逆元碎片，当这些碎片聚合完整后，指挥官就可以与对应构造体产生连接。	Assets/Product/Texture/Image/IconTools/IconTools1171003.png	Assets/Product/Texture/Image/IconToolsSp/IconTools1171003Sp.png	8	5	50	[10012]	999				999					35	5				
540	逆元碎片-2B	2B的逆元碎片，收集一定数量后可连接构造体。	构造体的意识可以分解为数个逆元碎片，当这些碎片聚合完整后，指挥官就可以与对应构造体产生连接。	Assets/Product/Texture/Image/IconTools/IconTools1181003.png	Assets/Product/Texture/Image/IconToolsSp/IconTools1181003Sp.png	8	5	50	[10012]	999				999					35	5				
541	逆元碎片-9S	9S的逆元碎片，收集一定数量后可连接构造体。	构造体的意识可以分解为数个逆元碎片，当这些碎片聚合完整后，指挥官就可以与对应构造体产生连接。	Assets/Product/Texture/Image/IconTools/IconTools1191003.png	Assets/Product/Texture/Image/IconToolsSp/IconTools1191003Sp.png	8	5	50	[10012]	999				999					35	5				
542	逆元碎片-A2	A2的逆元碎片，收集一定数量后可连接构造体。	构造体的意识可以分解为数个逆元碎片，当这些碎片聚合完整后，指挥官就可以与对应构造体产生连接。	Assets/Product/Texture/Image/IconTools/IconTools1201003.png	Assets/Product/Texture/Image/IconToolsSp/IconTools1201003Sp.png	8	5	50	[10012]	999				999					35	5				
543	逆元碎片-明觉	万事·明觉的逆元碎片，收集一定数量后可连接构造体。	构造体的意识可以分解为数个逆元碎片，当这些碎片聚合完整后，指挥官就可以与对应构造体产生连接。	Assets/Product/Texture/Image/IconTools/IconTools1211002.png	Assets/Product/Texture/Image/IconToolsSp/IconTools1211002Sp.png	8	4	50	[10042,10012]	999				999					34	5				
544	逆元碎片-岚音	赛琳娜·岚音的逆元碎片，收集一定数量后可连接构造体。	构造体的意识可以分解为数个逆元碎片，当这些碎片聚合完整后，指挥官就可以与对应构造体产生连接。	Assets/Product/Texture/Image/IconTools/IconTools1531003.png	Assets/Product/Texture/Image/IconToolsSp/IconTools1531003Sp.png	8	5	50	[20023]	999				999					48	5				
545	逆元碎片-荣光	库洛姆·荣光的逆元碎片，收集一定数量后可连接构造体。	构造体的意识可以分解为数个逆元碎片，当这些碎片聚合完整后，指挥官就可以与对应构造体产生连接。	Assets/Product/Texture/Image/IconTools/IconTools1121003.png	Assets/Product/Texture/Image/IconToolsSp/IconTools1121003Sp.png	8	5	50	[10012]	999				999					35	5				
546	逆元碎片-XXI	21号·XXI的逆元碎片，收集一定数量后可连接构造体。	构造体的意识可以分解为数个逆元碎片，当这些碎片聚合完整后，指挥官就可以与对应构造体产生连接。	Assets/Product/Texture/Image/IconTools/IconTools1221002.png	Assets/Product/Texture/Image/IconToolsSp/IconTools1221002Sp.png	8	4	50	[10042,10012]	999				999					34	5				
547	逆元碎片-绯耀	薇拉·绯耀的逆元碎片，收集一定数量后可连接构造体。	构造体的意识可以分解为数个逆元碎片，当这些碎片聚合完整后，指挥官就可以与对应构造体产生连接。	Assets/Product/Texture/Image/IconTools/IconTools1131003.png	Assets/Product/Texture/Image/IconToolsSp/IconTools1131003Sp.png	8	5	50	[10012,10048]	999				999					35	5				
548	逆元碎片-戏炎	罗兰·戏炎的逆元碎片，收集一定数量后可连接构造体。	构造体的意识可以分解为数个逆元碎片，当这些碎片聚合完整后，指挥官就可以与对应构造体产生连接。	Assets/Product/Texture/Image/IconTools/IconTools1541003.png	Assets/Product/Texture/Image/IconToolsSp/IconTools1541003Sp.png	8	5	50	[20023]	999				999					48	5				
549	逆元碎片-极昼	丽芙·极昼的逆元碎片，收集一定数量后可连接构造体。	构造体的意识可以分解为数个逆元碎片，当这些碎片聚合完整后，指挥官就可以与对应构造体产生连接。	Assets/Product/Texture/Image/IconTools/IconTools1031004.png	Assets/Product/Texture/Image/IconToolsSp/IconTools1031004Sp.png	8	5	50	[10012,10048]	999				999					35	5				
550	逆元碎片-幻奏	赛琳娜·幻奏的逆元碎片，收集一定数量后可连接构造体。	构造体的意识可以分解为数个逆元碎片，当这些碎片聚合完整后，指挥官就可以与对应构造体产生连接。	Assets/Product/Texture/Image/IconTools/IconTools1531004.png	Assets/Product/Texture/Image/IconToolsSp/IconTools1531004Sp.png	8	5	50	[10012,10048]	999				999					35	5				
551	逆元碎片-华钟	蒲牢·华钟的逆元碎片，收集一定数量后可连接构造体。	构造体的意识可以分解为数个逆元碎片，当这些碎片聚合完整后，指挥官就可以与对应构造体产生连接。	Assets/Product/Texture/Image/IconTools/IconTools1551003.png	Assets/Product/Texture/Image/IconToolsSp/IconTools1551003Sp.png	8	5	50	[20023]	999				999					48	5				
552	逆元碎片-遥星之座	七实·遥星之座的逆元碎片，收集一定数量后可连接构造体。	构造体的意识可以分解为数个逆元碎片，当这些碎片聚合完整后，指挥官就可以与对应构造体产生连接。	Assets/Product/Texture/Image/IconTools/IconTools1051004.png	Assets/Product/Texture/Image/IconToolsSp/IconTools1051004Sp.png	8	5	50	[10012]	999				999					35	5				
553	逆元碎片-隐星	哈卡玛·隐星的逆元碎片，收集一定数量后可连接构造体。	构造体的意识可以分解为数个逆元碎片，当这些碎片聚合完整后，指挥官就可以与对应构造体产生连接。	Assets/Product/Texture/Image/IconTools/IconTools1561003.png	Assets/Product/Texture/Image/IconToolsSp/IconTools1561003Sp.png	8	5	50	[20023]	999				999					48	5				
554	逆元碎片-辉晓	卡列尼娜·辉晓的逆元碎片，收集一定数量后可连接构造体。	构造体的意识可以分解为数个逆元碎片，当这些碎片聚合完整后，指挥官就可以与对应构造体产生连接。	Assets/Product/Texture/Image/IconTools/IconTools1071004.png	Assets/Product/Texture/Image/IconToolsSp/IconTools1071004Sp.png	8	5	50	[10012,10048]	999				999					35	5				
555	逆元碎片-逆旅	诺安·逆旅的逆元碎片，收集一定数量后可连接构造体。	构造体的意识可以分解为数个逆元碎片，当这些碎片聚合完整后，指挥官就可以与对应构造体产生连接。	Assets/Product/Texture/Image/IconTools/IconTools1571003.png	Assets/Product/Texture/Image/IconToolsSp/IconTools1571003Sp.png	8	5	50	[20023]	999				999					48	5				
556	逆元碎片-深痕	比安卡·深痕的逆元碎片，收集一定数量后可连接构造体。	构造体的意识可以分解为数个逆元碎片，当这些碎片聚合完整后，指挥官就可以与对应构造体产生连接。	Assets/Product/Texture/Image/IconTools/IconTools1041004.png	Assets/Product/Texture/Image/IconToolsSp/IconTools1041004Sp.png	8	5	50	[10012,10048]	999				999					35	5				
557	逆元碎片-琉璃	邦比娜塔·琉璃的逆元碎片，收集一定数量后可连接构造体。	构造体的意识可以分解为数个逆元碎片，当这些碎片聚合完整后，指挥官就可以与对应构造体产生连接。	Assets/Product/Texture/Image/IconTools/IconTools1231002.png	Assets/Product/Texture/Image/IconToolsSp/IconTools1231002Sp.png	8	4	50	[10042,10012]	999				999					34	5				
558	逆元碎片-超刻	里·超刻的逆元碎片，收集一定数量后可连接构造体。	构造体的意识可以分解为数个逆元碎片，当这些碎片聚合完整后，指挥官就可以与对应构造体产生连接。	Assets/Product/Texture/Image/IconTools/IconTools1011004.png	Assets/Product/Texture/Image/IconToolsSp/IconTools1011004Sp.png	8	5	50	[10012]	999				999					35	5				
559	逆元碎片-万华	艾拉·万华的逆元碎片，收集一定数量后可连接构造体。	构造体的意识可以分解为数个逆元碎片，当这些碎片聚合完整后，指挥官就可以与对应构造体产生连接。	Assets/Product/Texture/Image/IconTools/IconTools1091003.png	Assets/Product/Texture/Image/IconToolsSp/IconTools1091003Sp.png	8	5	50	[10012,10048]	999				999					35	5				
560	逆元碎片-深红囚影	露西亚·深红囚影的逆元碎片，收集一定数量后可连接构造体。	构造体的意识可以分解为数个逆元碎片，当这些碎片聚合完整后，指挥官就可以与对应构造体产生连接。	Assets/Product/Texture/Image/IconTools/IconTools1021005.png	Assets/Product/Texture/Image/IconToolsSp/IconTools1021005Sp.png	8	5	50	[10012,10048]	999				999					35	5				
561	逆元碎片-清商	含英·清商的逆元碎片，收集一定数量后可连接构造体。	构造体的意识可以分解为数个逆元碎片，当这些碎片聚合完整后，指挥官就可以与对应构造体产生连接。	Assets/Product/Texture/Image/IconTools/IconTools1241002.png	Assets/Product/Texture/Image/IconToolsSp/IconTools1241002Sp.png	8	4	50	[10042,10012]	999				999					34	5				
562	逆元碎片-森息	21号·森息的逆元碎片，收集一定数量后可连接构造体。	构造体的意识可以分解为数个逆元碎片，当这些碎片聚合完整后，指挥官就可以与对应构造体产生连接。	Assets/Product/Texture/Image/IconTools/IconTools1221003.png	Assets/Product/Texture/Image/IconToolsSp/IconTools1221003Sp.png	8	5	50	[10012]	999				999					35	5				
563	逆元碎片-擎驱	诺克提·擎驱的逆元碎片，收集一定数量后可连接构造体。	构造体的意识可以分解为数个逆元碎片，当这些碎片聚合完整后，指挥官就可以与对应构造体产生连接。	Assets/Product/Texture/Image/IconTools/IconTools1251002.png	Assets/Product/Texture/Image/IconToolsSp/IconTools1251002Sp.png	8	4	50	[10042,10012]	999				999					34	5				
564	逆元碎片-回音	亚里莎·回音的逆元碎片，收集一定数量后可连接构造体。	构造体的意识可以分解为数个逆元碎片，当这些碎片聚合完整后，指挥官就可以与对应构造体产生连接。	Assets/Product/Texture/Image/IconTools/IconTools1261003.png	Assets/Product/Texture/Image/IconToolsSp/IconTools1261003Sp.png	8	5	50	[10012,10048]	999				999					35	5				
565	逆元碎片-深谣	拉弥亚·深谣的逆元碎片，收集一定数量后可连接构造体。	构造体的意识可以分解为数个逆元碎片，当这些碎片聚合完整后，指挥官就可以与对应构造体产生连接。	Assets/Product/Texture/Image/IconTools/IconTools1271003.png	Assets/Product/Texture/Image/IconToolsSp/IconTools1271003Sp.png	8	5	50	[10012]	999				999					35	5				
566	逆元碎片-BRS	BLACK★ROCK SHOOTER的逆元碎片， 收集一定数量后可连接构造体。	构造体的意识可以分解为数个逆元碎片，当这些碎片聚合完整后，指挥官就可以与对应构造体产生连接。	Assets/Product/Texture/Image/IconTools/IconTools1281003.png	Assets/Product/Texture/Image/IconToolsSp/IconTools1281003Sp.png	8	4	50	[10047]	999				999					34	5				
567	逆元碎片-尘铭	渡边·尘铭的逆元碎片，收集一定数量后可连接构造体。	构造体的意识可以分解为数个逆元碎片，当这些碎片聚合完整后，指挥官就可以与对应构造体产生连接。	Assets/Product/Texture/Image/IconTools/IconTools1081004.png	Assets/Product/Texture/Image/IconToolsSp/IconTools1081004Sp.png	8	5	50	[10012,10048]	999				999					35	5				
568	逆元碎片-启明	曲·启明的逆元碎片，收集一定数量后可连接构造体。	构造体的意识可以分解为数个逆元碎片，当这些碎片聚合完整后，指挥官就可以与对应构造体产生连接。	Assets/Product/Texture/Image/IconTools/IconTools1521004.png	Assets/Product/Texture/Image/IconToolsSp/IconTools1521004Sp.png	8	5	50	[10012]	999				999					35	5				
569	逆元碎片-觅语	布偶熊·觅语的逆元碎片，收集一定数量后可连接构造体。	构造体的意识可以分解为数个逆元碎片，当这些碎片聚合完整后，指挥官就可以与对应构造体产生连接。	Assets/Product/Texture/Image/IconTools/IconTools1291002.png	Assets/Product/Texture/Image/IconToolsSp/IconTools1291002Sp.png	8	4	50	[10042,10012]	999				999					34	5				
570	逆元碎片-终焉	露娜·终焉的逆元碎片，收集一定数量后可连接构造体。	构造体的意识可以分解为数个逆元碎片，当这些碎片聚合完整后，指挥官就可以与对应构造体产生连接。	Assets/Product/Texture/Image/IconTools/IconTools1171004.png	Assets/Product/Texture/Image/IconToolsSp/IconTools1171004Sp.png	8	5	50	[10012,10048]	999				999					35	5				
571	逆元碎片-耀炎	布丽姬特·耀炎的逆元碎片，收集一定数量后可连接构造体。	构造体的意识可以分解为数个逆元碎片，当这些碎片聚合完整后，指挥官就可以与对应构造体产生连接。	Assets/Product/Texture/Image/IconTools/IconTools1301002.png	Assets/Product/Texture/Image/IconToolsSp/IconTools1301002Sp.png	8	4	50	[10042,10012]	999				999					34	5				
572	逆元碎片-檀心	含英·檀心的逆元碎片，收集一定数量后可连接构造体。	构造体的意识可以分解为数个逆元碎片，当这些碎片聚合完整后，指挥官就可以与对应构造体产生连接。	Assets/Product/Texture/Image/IconTools/IconTools1241003.png	Assets/Product/Texture/Image/IconToolsSp/IconTools1241003Sp.png	8	5	50	[10012,10048]	999				999					35	5				
573	逆元碎片-明晰梦	万事·明晰梦的逆元碎片，收集一定数量后可连接构造体。	构造体的意识可以分解为数个逆元碎片，当这些碎片聚合完整后，指挥官就可以与对应构造体产生连接。	Assets/Product/Texture/Image/IconTools/IconTools1211003.png	Assets/Product/Texture/Image/IconToolsSp/IconTools1211003Sp.png	8	5	50	[10012,10048]	999				999					35	5				
574	逆元碎片-誓焰	露西亚·誓焰的逆元碎片，收集一定数量后可连接构造体。	构造体的意识可以分解为数个逆元碎片，当这些碎片聚合完整后，指挥官就可以与对应构造体产生连接。	Assets/Product/Texture/Image/IconTools/IconTools1021006.png	Assets/Product/Texture/Image/IconToolsSp/IconTools1021006Sp.png	8	5	50	[10012]	999				999					35	5				
575	逆元碎片-徊闪	八咫·徊闪的逆元碎片，收集一定数量后可连接构造体。	构造体的意识可以分解为数个逆元碎片，当这些碎片聚合完整后，指挥官就可以与对应构造体产生连接。	Assets/Product/Texture/Image/IconTools/IconTools1311002.png	Assets/Product/Texture/Image/IconToolsSp/IconTools1311002Sp.png	8	4	50	[10042,10012]	999				999					34	5				
576	逆元碎片-芒星之迹	七实·芒星之迹的逆元碎片，收集一定数量后可连接构造体。	构造体的意识可以分解为数个逆元碎片，当这些碎片聚合完整后，指挥官就可以与对应构造体产生连接。	Assets/Product/Texture/Image/IconTools/IconTools1051005.png	Assets/Product/Texture/Image/IconToolsSp/IconTools1051005Sp.png	8	5	50	[10012,10048]	999				999					35	5				
577	逆元碎片-幻日	伊什梅尔·幻日的逆元碎片，收集一定数量后可连接构造体。	构造体的意识可以分解为数个逆元碎片，当这些碎片聚合完整后，指挥官就可以与对应构造体产生连接。	Assets/Product/Texture/Image/IconTools/IconTools1321003.png	Assets/Product/Texture/Image/IconToolsSp/IconTools1321003Sp.png	8	5	50	[10012]	999				999					35	5				
578	逆元碎片-谬影	莉莉丝·谬影的逆元碎片，收集一定数量后可连接构造体。	构造体的意识可以分解为数个逆元碎片，当这些碎片聚合完整后，指挥官就可以与对应构造体产生连接。	Assets/Product/Texture/Image/IconTools/IconTools1331003.png	Assets/Product/Texture/Image/IconToolsSp/IconTools1331003Sp.png	8	5	50	[10012,10048]	999				999					35	5				
579	逆元碎片-希声	赛琳娜·希声的逆元碎片，收集一定数量后可连接构造体。	构造体的意识可以分解为数个逆元碎片，当这些碎片聚合完整后，指挥官就可以与对应构造体产生连接。	Assets/Product/Texture/Image/IconTools/IconTools1531005.png	Assets/Product/Texture/Image/IconToolsSp/IconTools1531005Sp.png	8	5	50	[10012]	999				999					35	5				
580	逆元碎片-破晓	洁塔薇·破晓的逆元碎片，收集一定数量后可连接构造体。	构造体的意识可以分解为数个逆元碎片，当这些碎片聚合完整后，指挥官就可以与对应构造体产生连接。	Assets/Product/Texture/Image/IconTools/IconTools1341002.png	Assets/Product/Texture/Image/IconToolsSp/IconTools1341002Sp.png	8	4	50	[10042,10012]	999				999					34	5				
581	逆元碎片-灼惘	薇拉·灼惘的逆元碎片，收集一定数量后可连接构造体。	构造体的意识可以分解为数个逆元碎片，当这些碎片聚合完整后，指挥官就可以与对应构造体产生连接。	Assets/Product/Texture/Image/IconTools/IconTools1131004.png	Assets/Product/Texture/Image/IconToolsSp/IconTools1131004Sp.png	8	5	50	[10012]	999				999					35	5				
582	逆元碎片-维吉尔	维吉尔的逆元碎片，收集一定数量后可连接构造体。	构造体的意识可以分解为数个逆元碎片，当这些碎片聚合完整后，指挥官就可以与对应构造体产生连接。	Assets/Product/Texture/Image/IconTools/IconTools1351003.png	Assets/Product/Texture/Image/IconToolsSp/IconTools1351003Sp.png	8	5	50	[10012]	999				999					35	5				
583	逆元碎片-但丁	但丁的逆元碎片，收集一定数量后可连接构造体。	构造体的意识可以分解为数个逆元碎片，当这些碎片聚合完整后，指挥官就可以与对应构造体产生连接。	Assets/Product/Texture/Image/IconTools/IconTools1361003.png	Assets/Product/Texture/Image/IconToolsSp/IconTools1361003Sp.png	8	5	50	[10012]	999				999					35	5				
584	逆元碎片-晖暮	比安卡·晖暮的逆元碎片，收集一定数量后可连接构造体。	构造体的意识可以分解为数个逆元碎片，当这些碎片聚合完整后，指挥官就可以与对应构造体产生连接。	Assets/Product/Texture/Image/IconTools/IconTools1041005.png	Assets/Product/Texture/Image/IconToolsSp/IconTools1041005Sp.png	8	5	50	[10012]	999				999					35	5				
585	逆元碎片-裁律	斜奏·裁律的逆元碎片，收集一定数量后可连接构造体。	构造体的意识可以分解为数个逆元碎片，当这些碎片聚合完整后，指挥官就可以与对应构造体产生连接。	Assets/Product/Texture/Image/IconTools/IconTools1371002.png	Assets/Product/Texture/Image/IconToolsSp/IconTools1371002Sp.png	8	4	50	[10042,10012]	999				999					34	5				
586	逆元碎片-铮骨	维罗妮卡·铮骨的逆元碎片，收集一定数量后可连接构造体。	构造体的意识可以分解为数个逆元碎片，当这些碎片聚合完整后，指挥官就可以与对应构造体产生连接。	Assets/Product/Texture/Image/IconTools/IconTools1381003.png	Assets/Product/Texture/Image/IconToolsSp/IconTools1381003Sp.png	8	5	50	[10012]	999				999					35	5				
587	逆元碎片-霁梦	丽芙·霁梦的逆元碎片，收集一定数量后可连接构造体。	构造体的意识可以分解为数个逆元碎片，当这些碎片聚合完整后，指挥官就可以与对应构造体产生连接。	Assets/Product/Texture/Image/IconTools/IconTools1031005.png	Assets/Product/Texture/Image/IconToolsSp/IconTools1031005Sp.png	8	5	50	[10012]	999				999					35	5				
588	逆元碎片-骇影	布偶熊·骇影的逆元碎片，收集一定数量后可连接构造体。	构造体的意识可以分解为数个逆元碎片，当这些碎片聚合完整后，指挥官就可以与对应构造体产生连接。	Assets/Product/Texture/Image/IconTools/IconTools1291003.png	Assets/Product/Texture/Image/IconToolsSp/IconTools1291003Sp.png	8	5	50	[10012,10048]	999				999					35	5				
589	逆元碎片-极锋	罗塞塔·极锋的逆元碎片，收集一定数量后可连接构造体。	构造体的意识可以分解为数个逆元碎片，当这些碎片聚合完整后，指挥官就可以与对应构造体产生连接。	Assets/Product/Texture/Image/IconTools/IconTools1141004.png	Assets/Product/Texture/Image/IconToolsSp/IconTools1141004Sp.png	8	5	50	[10012]	999				999					35	5				
590	逆元碎片-亡歌	涅缇娅·亡歌的逆元碎片，收集一定数量后可连接构造体。	构造体的意识可以分解为数个逆元碎片，当这些碎片聚合完整后，指挥官就可以与对应构造体产生连接。	Assets/Product/Texture/Image/IconTools/IconTools1391003.png	Assets/Product/Texture/Image/IconToolsSp/IconTools1391003Sp.png	8	5	50	[10012,10048,90061]	999				999					35	5				
591	逆元碎片-不落日	神威·不落日的逆元碎片，收集一定数量后可连接构造体。	构造体的意识可以分解为数个逆元碎片，当这些碎片聚合完整后，指挥官就可以与对应构造体产生连接。	Assets/Product/Texture/Image/IconTools/IconTools1061004.png	Assets/Product/Texture/Image/IconToolsSp/IconTools1061004Sp.png	8	5	50	[10012]	999				999					35	5				
592	逆元碎片-逆冕	露西亚·逆冕的逆元碎片，收集一定数量后可连接构造体。	构造体的意识可以分解为数个逆元碎片，当这些碎片聚合完整后，指挥官就可以与对应构造体产生连接。	Assets/Product/Texture/Image/IconTools/IconTools1021007.png	Assets/Product/Texture/Image/IconToolsSp/IconTools1021007Sp.png	8	5	50	[10012]	999				999					35	5				
593	逆元碎片-安魂	海伦汀·安魂的逆元碎片，收集一定数量后可连接构造体。	构造体的意识可以分解为数个逆元碎片，当这些碎片聚合完整后，指挥官就可以与对应构造体产生连接。	Assets/Product/Texture/Image/IconTools/IconTools1401003.png	Assets/Product/Texture/Image/IconToolsSp/IconTools1401003Sp.png	8	5	50	[10012,10048,90061]	999				999					35	5				
594	逆元碎片-烬航	卡列尼娜·烬航的逆元碎片，收集一定数量后可连接构造体。	构造体的意识可以分解为数个逆元碎片，当这些碎片聚合完整后，指挥官就可以与对应构造体产生连接。	Assets/Product/Texture/Image/IconTools/IconTools1071005.png	Assets/Product/Texture/Image/IconToolsSp/IconTools1071005Sp.png	8	5	50	[10012]	999				999					35	5				
595	逆元碎片-时崎狂三	时崎狂三的逆元碎片，收集一定数量后可连接构造体。	构造体的意识可以分解为数个逆元碎片，当这些碎片聚合完整后，指挥官就可以与对应构造体产生连接。	Assets/Product/Texture/Image/IconTools/IconTools1411003.png	Assets/Product/Texture/Image/IconToolsSp/IconTools1411003Sp.png	8	5	50	[20393]	999				999					35	5				
596	逆元碎片-破渊	阿德莱德·破渊的逆元碎片，收集一定数量后可连接构造体。	构造体的意识可以分解为数个逆元碎片，当这些碎片聚合完整后，指挥官就可以与对应构造体产生连接。	Assets/Product/Texture/Image/IconTools/IconTools1421003.png	Assets/Product/Texture/Image/IconToolsSp/IconTools1421003Sp.png	8	5	50	[10012,10048,90061]	999				999					35	5				
1000	圣诞礼品券	可以用来和构造体交换圣诞礼物。	空中花园发放的圣诞礼品券，可以兑换很多东西。	Assets/Product/Texture/Image/UiChristmasTrees/UiChristmasIcon16.png	Assets/Product/Texture/Image/UiChristmasTrees/UiChristmasIcon16.png	262148	4	10	[20050,20056]	99999				999										
1001	星星发卡	将曾经仰望过的星辰别在发间，愿你与其同在。	来自苏菲亚的圣诞礼物，可用于装饰树顶部位。	Assets/Product/Texture/Image/UiChristmasTrees/UiChristmasIcon3.png	Assets/Product/Texture/Image/UiChristmasTrees/UiChristmasIcon3.png	262148	4	10		99999				999										
1002	雪球炸弹	观赏性爆炸物。不会真的爆炸，大概。	来自卡列尼娜的圣诞礼物，可用于装饰树顶部位。	Assets/Product/Texture/Image/UiChristmasTrees/UiChristmasIcon14.png	Assets/Product/Texture/Image/UiChristmasTrees/UiChristmasIcon14.png	262148	4	10		99999				999										
1003	冰淇淋兑换券	现在这个年代，冰淇淋可是非常珍贵的！	来自卡穆的圣诞礼物，可用于装饰树顶部位。	Assets/Product/Texture/Image/UiChristmasTrees/UiChristmasIcon1.png	Assets/Product/Texture/Image/UiChristmasTrees/UiChristmasIcon1.png	262148	4	10		99999				999										
1004	金毛犬玩具	使用人气宠物形象制作的挂件。	来自薇拉的圣诞礼物，可用于装饰树顶部位。	Assets/Product/Texture/Image/UiChristmasTrees/UiChristmasIcon2.png	Assets/Product/Texture/Image/UiChristmasTrees/UiChristmasIcon2.png	262148	4	10		99999				999										
1005	九龙红包	最实惠的礼物，用来收和用来送都是。	来自常羽的圣诞礼物，可用于装饰树顶部位。	Assets/Product/Texture/Image/UiChristmasTrees/UiChristmasIcon4.png	Assets/Product/Texture/Image/UiChristmasTrees/UiChristmasIcon4.png	262148	4	10		99999				999										
1006	阿呆蛙·圣诞	圣诞节发售的阿呆蛙限量款玩偶，非常可爱。	来自露西亚的圣诞礼物，可用于装饰树干部位。	Assets/Product/Texture/Image/UiChristmasTrees/UiChristmasIcon6.png	Assets/Product/Texture/Image/UiChristmasTrees/UiChristmasIcon6.png	262148	4	10		99999				999										
1007	绵羊玩偶	最近恢复生产的绵羊玩偶，非常洁白柔软。	来自丽芙的圣诞礼物，可用于装饰树干部位。	Assets/Product/Texture/Image/UiChristmasTrees/UiChristmasIcon8.png	Assets/Product/Texture/Image/UiChristmasTrees/UiChristmasIcon8.png	262148	4	10		99999				999										
1008	地狱数独	地狱级难度的数独谜题合集。	来自里的圣诞礼物，可用于装饰树干部位。	Assets/Product/Texture/Image/UiChristmasTrees/UiChristmasIcon7.png	Assets/Product/Texture/Image/UiChristmasTrees/UiChristmasIcon7.png	262148	4	10		99999				999										
1009	旷野传说	黄金时代的传说级人气游戏《旷野传说》。	来自神威的圣诞礼物，可用于装饰树干部位。	Assets/Product/Texture/Image/UiChristmasTrees/UiChristmasIcon15.png	Assets/Product/Texture/Image/UiChristmasTrees/UiChristmasIcon15.png	262148	4	10		99999				999										
1010	便携缝纫包	便携式针插，便利的缝纫助手。	来自库洛姆的圣诞礼物，可用于装饰树干部位。	Assets/Product/Texture/Image/UiChristmasTrees/UiChristmasIcon5.png	Assets/Product/Texture/Image/UiChristmasTrees/UiChristmasIcon5.png	262148	4	10		99999				999										
1011	故乡雪人	仿真雪人，令人回想起故乡的雪夜。	来自比安卡的圣诞礼物，可用于装饰圣诞树底部。	Assets/Product/Texture/Image/UiChristmasTrees/UiChristmasIcon12.png	Assets/Product/Texture/Image/UiChristmasTrees/UiChristmasIcon12.png	262148	4	10		99999				999										
1012	龙与异域启示录	越是身处绝望之中，越是不能放弃希望。游戏如此，人生亦然。	来自罗塞塔的圣诞礼物，可用于装饰圣诞树底部。	Assets/Product/Texture/Image/UiChristmasTrees/UiChristmasIcon13.png	Assets/Product/Texture/Image/UiChristmasTrees/UiChristmasIcon13.png	262148	4	10		99999				999										
1013	世界名画大全	记录了黄金时代流传下来的世界名画。	来自艾拉的圣诞礼物，可用于装饰圣诞树底部。	Assets/Product/Texture/Image/UiChristmasTrees/UiChristmasIcon10.png	Assets/Product/Texture/Image/UiChristmasTrees/UiChristmasIcon10.png	262148	4	10		99999				999										
1014	古旧吉他	一把略显陈旧的吉他，但仍然可以奏响。	来自渡边的圣诞礼物，可用于装饰圣诞树底部。	Assets/Product/Texture/Image/UiChristmasTrees/UiChristmasIcon11.png	Assets/Product/Texture/Image/UiChristmasTrees/UiChristmasIcon11.png	262148	4	10		99999				999										
1015	咬人齿鲨	整人玩具，增加了许多随机小游戏重新被制作了出来。	来自七实的圣诞礼物，可用于装饰圣诞树底部。	Assets/Product/Texture/Image/UiChristmasTrees/UiChristmasIcon9.png	Assets/Product/Texture/Image/UiChristmasTrees/UiChristmasIcon9.png	262148	4	10		99999				999										
1020	小灯笼	可以用来在拂旧迎新商店中购买原型机部件。	手掌大小的灯笼，由于过量生产，堆积的四处都是。拆解后似乎可以用作研究材料。	Assets/Product/Texture/Image/UiFubenYuandan/IconYuandan009.png	Assets/Product/Texture/Image/UiFubenYuandan/IconYuandan0009.png	262148	4	10	[20051,20057]	99999				999										
1021	留言贺卡	可在【楹联曰韵】玩法中用于下联填字。	以库洛洛为外形，抹除五官的便签贺卡，上面记录着模糊不清的留言。	Assets/Product/Texture/Image/UiCouplet/UiCoupletMemo.png	Assets/Product/Texture/Image/UiCouplet/UiCoupletMemo.png	262148	4	10	[20065]	99999				999										
1022	晨星玫瑰	可以通过累积本道具完成任务获取【白靡之约】活动的奖励	有着玫瑰图样的烫金火漆标记。虽然看起来金光闪闪，但其实是塑料做的，不会烫手的啦！	Assets/Product/Texture/Image/UiWhiteday/IconWhiteday001.png	Assets/Product/Texture/Image/UiWhiteday/IconWhiteday001Sp.png	262148	4	10	[20065]	99999				999										
1023	晨星印花券	【白靡之约】活动中的特别印花券，可以与构造体一起参与映画星辰乐园中的游乐项目	为了某个特别的节日而发行的印花券。本券用于乐园内的一切购买消费，仅限节日内在游乐园内使用。	Assets/Product/Texture/Image/UiWhiteday/IconWhiteday002.png	Assets/Product/Texture/Image/UiWhiteday/IconWhiteday002Sp.png	262148	4	10	[20065]	99999				999										
1024	古典手镜	可在【霸王之拳！】玩法中用于挑战敌人。	镜子能够破除幻像，只有拥有这手镜才能看穿对手的本质。	Assets/Product/Texture/Image/UiFingerGuessing/UiFingerGuessingImg6.png	Assets/Product/Texture/Image/UiFingerGuessing/UiFingerGuessingImg6.png	262148	4	10	[20069]	99999				999										
1025	手持探测器	可在【矩海寻标】玩法中用于翻开卡牌。	水下探索作业时必备的探测器，即使在深海之中也不会迷失方向。	Assets/Product/Texture/Image/UiInvertCardGame/UiInvertCardGameItem01.png	Assets/Product/Texture/Image/UiInvertCardGame/UiInvertCardGameItem01Sp.png	262148	4	10	[20079]	99999				999										
1026	剑状指令	可在【危机手信】玩法中用于开启游戏。	每次点击都会在收到的那件奇怪礼物箱上出现一把剑型标记，如果剑戳到了小丑图标后整个礼物箱会传出巨大的噪音，让人回想起过去那曾被叫做“海盗桶”的玩具。	Assets/Product/Texture/Image/UiSweep/UiSweepImg.png	Assets/Product/Texture/Image/UiSweep/UiSweepImg.png	262148	4	10	[20080]	99999				999										
1027	信号点	可在【信号时声】玩法中用于交换头像的位置。	BPN-08，我们人类需要你。	Assets/Product/Texture/Image/UiLivWarmActivity/UiLivWarmItem01.png	Assets/Product/Texture/Image/UiLivWarmActivity/UiLivWarmItem01.png	262148	4	10	[20093]	99999				999										
1028	赛跑代币	可在【信号时声】玩法中用于交换头像的位置。	BPN-08，我们人类需要你。	Assets/Product/Texture/Image/UiLivWarmActivity/UiLivWarmItem01.png	Assets/Product/Texture/Image/UiLivWarmActivity/UiLivWarmItem01.png	262148	4	10	[20093]	99999				999										
1029	珐琅玉梅	可以在【元春栈房】中兑换积分。	江南无所有，聊赠一枝春。由阿迪莱商会赞助，蒲牢参与制作的珐琅花饰，据说使用方法得当就能在蒲牢的店铺中换到意料不到的新春贺礼。	Assets/Product/Texture/Image/UiFubenYureYuandan/IconDice01.png	Assets/Product/Texture/Image/UiFubenYureYuandan/IconDice01Sp.png	262148	4	10	[20093]	99999				999										
1030	岁首币	可以在【岁首捻彩】中购买奖券。	岁首之日，期年伊始。在象征着新生的元旦假日里，空中花园特别颁发了这种可以兑换奖券的货币。	Assets/Product/Texture/Image/UiNewYearLuck/UiNewYearLuckItem.png	Assets/Product/Texture/Image/UiNewYearLuck/UiNewYearLuckItem.png	262148	4	10	[20114]	99999				999	1	2021/12/30 5:00	950400	580012			true			
1031	命运代币	可以在【临别留念】玩法中解锁关卡。	看上去像是游戏机代币，但却画着复杂的图案，这也是某种留言吗？	Assets/Product/Texture/Image/UiFubenYureChunJie/IconFateCoin.png	Assets/Product/Texture/Image/UiFubenYureChunJie/IconFateCoinSp.png	262148	4	10	[20115]	99999				999										
1032	蓄幻电池	可以在【炬火黎希】玩法中解锁关卡。	储蓄了奇妙能源的充能电池，据说可以触发众多如梦如幻的画面碎片。至于如何找到理想中的画面并进行拼接，就交给电池使用者自行选择吧。	Assets/Product/Texture/Image/IconTools/IconBodyCombine02.png	Assets/Product/Texture/Image/IconToolsSp/IconBodyCombine02Sp.png	262148	4	10	[20332]	99999				999		2026/4/13 5:00								
1033	月尘	可在【蚀月暗面】玩法中用于翻开卡牌。	一直以来人类对月球的暗面会存在何物存在着诸多幻想，这灰白色的一坯尘土，便来自那个既熟悉又陌生的地方。	Assets/Product/Texture/Image/UiInvertCardGame/UiInvertCardGameItem02.png	Assets/Product/Texture/Image/UiInvertCardGame/UiInvertCardGameItem02Sp.png	262148	4	10	[20135]	99999				999										
1034	碎纸团	可在【无声自我】玩法中用于开启游戏。	由撕碎的纸片卷成的“垃圾”，曾是某个孩子珍贵的宝物。	Assets/Product/Texture/Image/UiSweep/UiSweepImg2.png	Assets/Product/Texture/Image/UiSweep/UiSweepImg2.png	262148	4	10	[20139]	99999				999										
1035	无界之瓶	可在【拓扑流形】玩法中用于翻开卡牌。	只存在于构想中的形体，它不存在普通定义上的边界，有着现维度的人类无法表述与理解的构造。现在这个复原出来的物体不过只是个粗糙的复制品。	Assets/Product/Texture/Image/UiInvertCardGame/UiInvertCardGameItem03.png	Assets/Product/Texture/Image/UiInvertCardGame/UiInvertCardGameItem03Sp.png	262148	4	10	[20165]	99999				999										
1036	束能立方	可在【暗冬原点】玩法中用于开启游戏。	将电能束缚在容器【枷锁】之中，也是可以做到的吗？	Assets/Product/Texture/Image/UiSweep/UiSweepImg3.png	Assets/Product/Texture/Image/UiSweep/UiSweepImg3.png	262148	4	10	[20174]	99999				999										
1037	罐装茶叶	可以在【莫春归兮】中兑换积分。	对许多九龙人而言，茶是离不开的生活必需品，在需要以物易物的时候，称得上是硬通货。	Assets/Product/Texture/Image/UiFubenYureYuandan/IconDice02.png	Assets/Product/Texture/Image/UiFubenYureYuandan/IconDice02Sp.png	262148	4	10	[20180]	99999				999										
1038	童话撕页	可以在【遂想终页】玩法中解锁关卡。	无敌又可爱的英雄勇猛而礼貌地打败了前来挑战的勇士，击溃了无恶不作的坏蛋，带回了意料之外的宝藏……嗯？这一页写的不是这个结局？没关系，这一页作废。	Assets/Product/Texture/Image/UiFubenYureChunJie/IconFateCoin2.png	Assets/Product/Texture/Image/UiFubenYureChunJie/IconFateCoin2Sp.png	262148	4	10	[20183]	99999				999										
1039	芒果风味压缩饼干	可在【硝烟庆典】玩法中用于开启游戏。	带着淡淡芒果味的压缩饼干，其硬度就算连构造体也无法轻易咬开。诺克提经常在兜里备着这款芒果味的压缩饼干，当不幸被21号缠上的时候丢给她多少能够应付一下。	Assets/Product/Texture/Image/UiSweep/UiSweepImg4.png	Assets/Product/Texture/Image/UiSweep/UiSweepImg4.png	262148	4	10	[20188]	99999				999										
1040	公正裁决	可在【秩序的逆转】玩法中用于开启游戏。	印着天秤的铜币，是度尔茜内娅设计的游戏道具。在这里，正义永远不会迟来。	Assets/Product/Texture/Image/IconTools/UiFingerGuessing2Img6.png	Assets/Product/Texture/Image/IconTools/UiFingerGuessing2Img6.png	262148	4	10	[20192]	99999				999	1	2023/6/1 5:00	604800							
1041	哀涕虚鳞	可在【釜底哀歌】玩法中用于交换头像的位置。	由泪水凝结而成的透明鳞片。波纹随着触碰轻轻涤荡，仿佛能听见从中飘摇而出的幽远挽歌。	Assets/Product/Texture/Image/IconTools/UiLivWarmItem02.png	Assets/Product/Texture/Image/IconTools/UiLivWarmItem02.png	262148	4	10	[20196]	99999				999	1	2023/7/13 5:00	604800							
1042	十二面骰	可在【双色回廊】玩法中用于解锁拼图碎片。	在某场游戏中充当重要道具的骰子。	Assets/Product/Texture/Image/IconTools/UiDragPuzzleItem08.png	Assets/Product/Texture/Image/IconToolsSp/UiDragPuzzleItem08Sp.png	262148	4	10	[20197]	99999				999	1	2023/8/17 5:00	604800							
1043	荣耀勋章	可在【载光远途】玩法中翻转牌面。	以此纪念和平与荣光。	Assets/Product/Texture/Image/IconTools/UiInvertCardGameItem05.png	Assets/Product/Texture/Image/IconTools/UiInvertCardGameItem05.png	262148	4	10	[20202]	99999				999	1	2023/9/21 5:00	604800							
1044	天官铭文瓦	可在【万世诔碑】玩法中用于开启游戏。	“帝九月，岁不居，左右未去，其国凶。岁色青白而灰，角动，火犯守房，人主有忧。”	Assets/Product/Texture/Image/IconTools/UiConnectingLineGameItem01.png	Assets/Product/Texture/Image/IconToolsSp/UiConnectingLineGameItem01Sp.png	262148	4	10	[20204]	99999				999	1	2023/11/2 5:00	604800							
1045	回车键	可在【源码积木】玩法中用于开启游戏	黄金时代的复古产物，是布偶熊很喜欢的收藏品之一。	Assets/Product/Texture/Image/UiSweep/UiSweepImg5.png	Assets/Product/Texture/Image/UiSweep/UiSweepImg5.png	262148	4	10	[20206]	99999				999	1	2023/12/14 5:00	604800							
1046	雪影兰花	可在【旧日雪影】玩法中用于解锁拼图碎片。	纯白似雪的兰花，在这日渐残破的世界中，不知还能否找到。	Assets/Product/Texture/Image/IconTools/UiDragPuzzleItem09.png	Assets/Product/Texture/Image/IconTools/UiDragPuzzleItem09.png	262148	4	10	[20210]	99999				999	1	2024/1/25 5:00	604800							
1047	遗时余音	可在【渊井循声】玩法中交换卡牌位置。	至今依旧从地底传来的，来自过去的回响。断断续续的残破信号里，到底想对幸运捕捉到这段遗响的人诉说什么？	Assets/Product/Texture/Image/IconTools/UiLivWarmItem03.png	Assets/Product/Texture/Image/IconTools/UiLivWarmItem03.png	262148	4	10	[20214]	99999				999	1	2024/3/7 5:00	604800							
1048	共耦集成组	可在【同矩解耦】玩法中用于开启游戏。	在系统优化迭代过程中，被逐步解耦并移除的高耦合性集成模块组。	Assets/Product/Texture/Image/IconTools/UiConnectingLineGameItem02.png	Assets/Product/Texture/Image/IconTools/UiConnectingLineGameItem02.png	262148	4	10		99999				999	1	2024/3/21 10:00	2142000							
1049	失眠远星	可在【咕咚入眠时刻！】玩法中用于开启游戏。	为登上星空而存在的宇航头盔，此刻与沉眠的梦一起封存。	Assets/Product/Texture/Image/IconTools/UiHitMouseItem04.png	Assets/Product/Texture/Image/IconTools/UiHitMouseItem04.png	262148	4	10	[20215]	99999				999	1	2024/4/11 5:00	604800							
1053	寄梦琥珀	可在【闲眠一晌】玩法中翻转牌面。	一颗包容无限时光的琥珀。	Assets/Product/Texture/Image/IconTools/UiInvertCardGameItem06.png	Assets/Product/Texture/Image/IconToolsSp/UiInvertCardGameItem06Sp.png	262148	4	10	[20218]	99999				999	1	2024/5/23 5:00	604800							
1054	推演数据	可在【残页预告】玩法中用于开启游戏。	残缺的未来推演数据，真实，却不可靠。	Assets/Product/Texture/Image/UiSweep/UiSweepImg6.png	Assets/Product/Texture/Image/UiSweep/UiSweepImg6.png	262148	4	10	[20222]	99999				999	1	2024/7/4 5:00	604800							
1055	御园徽	可在【终夏凛谲】玩法中用于解锁拼图碎片。	御园学院的校徽。以绣球花瓣装点的华美纹饰，象征着学院旧日的骄傲与崇高。	Assets/Product/Texture/Image/IconTools/UiDragPuzzleItem10.png	Assets/Product/Texture/Image/IconToolsSp/UiDragPuzzleItem10Sp.png	262148	4	10	[20225]	99999				999	1	2024/8/15 5:00	604800							
1056	星星饼干	可在【烁语星愿】玩法中交换卡牌位置。	星星在宇宙中也会说话噢，一颗，两颗......嘿嘿，你听到星星在说什么了吗？	Assets/Product/Texture/Image/IconTools/UiLivWarmItem04.png	Assets/Product/Texture/Image/IconToolsSp/UiLivWarmItem04.png	262148	4	10	[20227]	99999				999	1	2024/9/19 5:00	604800							
1057	片面自我	可在【倒映浸景】玩法中用于开启游戏。	记录着“海伦汀”的胶卷。	Assets/Product/Texture/Image/IconTools/UiNonogramItem18.png	Assets/Product/Texture/Image/IconToolsSp/UiNonogramItem18Sp.png	262148	4	10	[20375]	99999				999	1	2026/7/9 5:00	604800							
1058	燃夜烛芯Ⅰ	可在【折影虚暮】玩法中用于解锁剧情CG。	命运编织成烛芯，燃烧夜晚，点亮黎明。	Assets/Product/Texture/Image/IconTools/UiNonogramItem04.png	Assets/Product/Texture/Image/IconToolsSp/UiNonogramItem04Sp.png	262148	4	10	[20233]	99999				999	1	2024/10/10 5:00	2419200							
1059	燃夜烛芯Ⅱ	可在【折影虚暮】玩法中用于解锁剧情CG。	命运编织成烛芯，燃烧夜晚，点亮黎明。	Assets/Product/Texture/Image/IconTools/UiNonogramItem01.png	Assets/Product/Texture/Image/IconToolsSp/UiNonogramItem01Sp.png	262148	4	10	[20233]	99999				999	1	2024/10/10 5:00	2419200							
1060	燃夜烛芯Ⅲ	可在【折影虚暮】玩法中用于解锁剧情CG。	命运编织成烛芯，燃烧夜晚，点亮黎明。	Assets/Product/Texture/Image/IconTools/UiNonogramItem05.png	Assets/Product/Texture/Image/IconToolsSp/UiNonogramItem05Sp.png	262148	4	10	[20233]	99999				999	1	2024/10/10 5:00	2419200							
1061	燃夜烛芯Ⅳ	可在【折影虚暮】玩法中用于解锁剧情CG。	命运编织成烛芯，燃烧夜晚，点亮黎明。	Assets/Product/Texture/Image/IconTools/UiNonogramItem03.png	Assets/Product/Texture/Image/IconToolsSp/UiNonogramItem03Sp.png	262148	4	10	[20233]	99999				999	1	2024/10/10 5:00	2419200							
1062	燃夜烛芯Ⅴ	可在【折影虚暮】玩法中用于解锁剧情CG。	命运编织成烛芯，燃烧夜晚，点亮黎明。	Assets/Product/Texture/Image/IconTools/UiNonogramItem02.png	Assets/Product/Texture/Image/IconToolsSp/UiNonogramItem02Sp.png	262148	4	10	[20233]	99999				999	1	2024/10/10 5:00	2419200							
1063	毒砂主教	可在【王翼弃兵】玩法中用于解锁关卡。	大理石纹样的典藏款扑克，镶于纸面的涂饰见证了尔虞我诈中诞出的不败传奇。	Assets/Product/Texture/Image/IconTools/ConnectingLineItem005.png	Assets/Product/Texture/Image/IconToolsSp/ConnectingLineItem005Sp.png	262148	4	10	[20238]	99999				999	1	2024/11/6 5:00	2419200							
1064	慕绪凝时	可在【余响补时】玩法中用于完成拾忆。	已经被当下淘汰，稍显得有些老旧盒装光盘。 但她很喜欢使用这种方式去记录自己的习作， 她说，里面能感受到时间刻下的温度。	Assets/Product/Texture/Image/IconToolsSp/UiMusicGameActivity01Sp.png	Assets/Product/Texture/Image/IconTools/UiMusicGameActivity01.png	262148	4	10	[90013]	99999				999	1	2025/1/9 5:00	2419200							
1065	新枝	可在【萤庭之曦】玩法中用于翻开卡牌。	初春新生长的枝条。	Assets/Product/Texture/Image/IconTools/UiInvertCardGameItem07.png	Assets/Product/Texture/Image/IconToolsSp/UiInvertCardGameItem07Sp.png	262148	4	10	[20248]	99999				999	1	2025/2/27 5:00	604800							
1066	异常样本UNK-9	可在【缚命归途】玩法中用于开启游戏。	曾造成小范围异灾的异常帕弥什样本，所幸被一位法奥斯学院的学生及时回收。解析之后，灾难的蔓延被遏止。	Assets/Product/Texture/Image/UiSweep/UiSweepImg7.png	Assets/Product/Texture/Image/UiSweep/UiSweepImg7.png	262148	4	10	[20262]	99999				999	1	2025/3/27 5:00	1209600							
1068	红魔魂石	可在【幻镜虚像】玩法中用于解锁关卡。	恶魔之血结晶化形成的物质。	Assets/Product/Texture/Image/IconTools/UiDragPuzzleItem11.png	Assets/Product/Texture/Image/IconToolsSp/UiDragPuzzleItem11Sp.png	262148	4	10	[20271]	99999				999	1	2025/5/15 5:00	604800							
1070	弥潮之泪Ⅰ	可在【幽潮循光】玩法中用于解锁剧情CG。	异合生物<//她>的泪滴。几近枯朽的光芒之中，镌刻着她那斑驳美丽……而又行色匆匆的一生。	Assets/Product/Texture/Image/IconTools/UiNonogramItem07.png	Assets/Product/Texture/Image/IconToolsSp/UiNonogramItem07Sp.png	262148	4	10	[20272]	99999				999	1	2025/6/19 5:00	1209600							
1071	弥潮之泪Ⅱ	可在【幽潮循光】玩法中用于解锁剧情CG。	异合生物<//她>的泪滴。几近枯朽的光芒之中，镌刻着她那斑驳美丽……而又行色匆匆的一生。	Assets/Product/Texture/Image/IconTools/UiNonogramItem08.png	Assets/Product/Texture/Image/IconToolsSp/UiNonogramItem08Sp.png	262148	4	10	[20272]	99999				999	1	2025/6/19 5:00	1209600							
1072	弥潮之泪Ⅲ	可在【幽潮循光】玩法中用于解锁剧情CG。	异合生物<//她>的泪滴。几近枯朽的光芒之中，镌刻着她那斑驳美丽……而又行色匆匆的一生。	Assets/Product/Texture/Image/IconTools/UiNonogramItem09.png	Assets/Product/Texture/Image/IconToolsSp/UiNonogramItem09Sp.png	262148	4	10	[20272]	99999				999	1	2025/6/19 5:00	1209600							
1073	弥潮之泪Ⅳ	可在【幽潮循光】玩法中用于解锁剧情CG。	异合生物<//她>的泪滴。几近枯朽的光芒之中，镌刻着她那斑驳美丽……而又行色匆匆的一生。	Assets/Product/Texture/Image/IconTools/UiNonogramItem10.png	Assets/Product/Texture/Image/IconToolsSp/UiNonogramItem10Sp.png	262148	4	10	[20272]	99999				999	1	2025/6/19 5:00	1209600							
1074	弥潮之泪Ⅴ	可在【幽潮循光】玩法中用于解锁剧情CG。	异合生物<//她>的泪滴。几近枯朽的光芒之中，镌刻着她那斑驳美丽……而又行色匆匆的一生。	Assets/Product/Texture/Image/IconTools/UiNonogramItem11.png	Assets/Product/Texture/Image/IconToolsSp/UiNonogramItem11Sp.png	262148	4	10	[20272]	99999				999	1	2025/6/19 5:00	1209600							
1075	OK绷一绷	可在【一锤叮咚！】玩法中用于开启游戏。	居家必备神器兼旅行好物，贴上后能够迅速消肿。	Assets/Product/Texture/Image/IconTools/UiLivWarmItem05.png	Assets/Product/Texture/Image/IconToolsSp/UiLivWarmItem05Sp.png	262148	4	10	[20279]	99999				999	1	2025/8/14 5:00	604800							
1076	战铸模组	可在【贯击鸣穹】玩法中交换卡牌位置。	将决胜的意志，都凝聚在每一次的出击之中。	Assets/Product/Texture/Image/IconTools/UiLivWarmItem06.png	Assets/Product/Texture/Image/IconToolsSp/UiLivWarmItem06Sp.png	262148	4	10	[20283]	99999				999	1	2025/9/18 5:00	604800							
1077	捕梦网	可在【捕梦遮网】玩法中用于开启游戏。	传闻能够捕捉梦境的织网，只要将蜘蛛的丝线缠绕在上面，就能够捉住噩梦……这会是真的吗？	Assets/Product/Texture/Image/UiSweep/UiSweepImg8.png	Assets/Product/Texture/Image/UiSweep/UiSweepImg8.png	262148	4	10	[20303]	99999				999	1	2025/10/30 5:00	1209600							
1078	黑金熊卡	可在【虚像妄念】玩法中用于开启游戏。	散落在城市各处的神奇卡片，传说只要举起黑金熊卡对着天空喊出“伟大之熊”，就会有神秘人出现实现一个愿望。	Assets/Product/Texture/Image/IconTools/ConnectingLineItem006.png	Assets/Product/Texture/Image/IconToolsSp/ConnectingLineItem006Sp.png	262148	4	10	[20304]	99999				999	1	2025/12/11 5:00	950400							
1079	鲸音存储器	可在【极境统合】玩法中用于翻开卡牌。	收录了极地深海的自然鲸鸣，多是零散片段，短暂又不完整。每一次读取，都像听见冰川下偶然传来的悠远回响，零碎却带着极地独有的清冷与静谧。	Assets/Product/Texture/Image/UiInvertCardGame/UiInvertCardGameItem04.png	Assets/Product/Texture/Image/UiInvertCardGame/UiInvertCardGameItem04Sp.png	262148	4	10	[20311]	99999				999	1	2026/1/20 5:00	1123200							
1080	红酣筹码	可以在【诡魇轮骰】中兑换积分。	撬开边陲风味的啤酒瓶盖，把这粗粝的筹码收进口袋里——金属背面沾着亡命徒的血斑，混杂了云杉啤酒特有的苦香。昏暗的地狱客栈里，它就这样充当着新一轮游戏的硬通货。	Assets/Product/Texture/Image/UiFubenYureYuandan/IconDice03.png	Assets/Product/Texture/Image/UiFubenYureYuandan/IconDice03Sp.png	262148	4	10	[20322]	99999				999		2026/3/9 5:00								
1081	引航灯	可在【无归的航道】玩法中用于解锁关卡。	法奥斯周年校庆纪念品，一个小型的灯塔投影仪。灯塔的光辉照破茫茫迷雾，似乎在为迷途的船帆指引归航的方向。	Assets/Product/Texture/Image/IconTools/UiDragPuzzleItem12.png	Assets/Product/Texture/Image/IconToolsSp/UiDragPuzzleItem12Sp.png	262148	4	10	[20354]	99999				999		2026/5/25 5:00								
1082	“凝固记忆”Ⅰ	可在【倒映浸景】玩法中用于解锁剧情CG。	清晰的声音在你耳畔响起，它来自过去，熟悉而陌生，你知道这是自己的声音。	Assets/Product/Texture/Image/IconTools/UiNonogramItem13.png	Assets/Product/Texture/Image/IconToolsSp/UiNonogramItem13Sp.png	262148	4	10	[20375]	99999				999	1	2026/7/9 5:00	604800							
1083	“凝固记忆”Ⅱ	可在【倒映浸景】玩法中用于解锁剧情CG。	清晰的声音在你耳畔响起，它来自过去，熟悉而陌生，你知道这是自己的声音。	Assets/Product/Texture/Image/IconTools/UiNonogramItem14.png	Assets/Product/Texture/Image/IconToolsSp/UiNonogramItem14Sp.png	262148	4	10	[20375]	99999				999	1	2026/7/9 5:00	604800							
1084	“凝固记忆”Ⅲ	可在【倒映浸景】玩法中用于解锁剧情CG。	清晰的声音在你耳畔响起，它来自过去，熟悉而陌生，你知道这是自己的声音。	Assets/Product/Texture/Image/IconTools/UiNonogramItem15.png	Assets/Product/Texture/Image/IconToolsSp/UiNonogramItem15Sp.png	262148	4	10	[20375]	99999				999	1	2026/7/9 5:00	604800							
1085	“凝固记忆”Ⅳ	可在【倒映浸景】玩法中用于解锁剧情CG。	清晰的声音在你耳畔响起，它来自过去，熟悉而陌生，你知道这是自己的声音。	Assets/Product/Texture/Image/IconTools/UiNonogramItem16.png	Assets/Product/Texture/Image/IconToolsSp/UiNonogramItem16Sp.png	262148	4	10	[20375]	99999				999	1	2026/7/9 5:00	604800							
1086	“凝固记忆”Ⅴ	可在【倒映浸景】玩法中用于解锁剧情CG。	清晰的声音在你耳畔响起，它来自过去，熟悉而陌生，你知道这是自己的声音。	Assets/Product/Texture/Image/IconTools/UiNonogramItem17.png	Assets/Product/Texture/Image/IconToolsSp/UiNonogramItem17Sp.png	262148	4	10	[20375]	99999				999	1	2026/7/9 5:00	604800							
1087	拓扑拨片	可在【暄夏节拍】玩法中用于开启游戏。	舞台终会落幕，但至少还有一枚曾炙热跃动过的碎片，铭记着那个群星璀璨的夜晚。	Assets/Product/Texture/Image/IconTools/UiLivWarmItem07.png	Assets/Product/Texture/Image/IconToolsSp/UiLivWarmItem07Sp.png	262148	4	10	[20378]	99999				999		2026/8/11 5:00								
1088	铜质怀表	可在【绯影降临】玩法中用于解锁关卡。	某位少女的随身物品。奇妙的是，其表盘的刻度却不会随着时间流逝而循迹转动。	Assets/Product/Texture/Image/IconTools/UiDragPuzzleItem13.png	Assets/Product/Texture/Image/IconToolsSp/UiDragPuzzleItem13Sp.png	262148	4	10	[20383]	99999				999		2026/9/14 5:00								
1089	法奥斯校徽	可在【溯讯衍波】玩法中交换卡牌位置。	法奥斯颁予每位学生的校徽，纵使岁月流转，徽面上的金属光泽也从未黯淡。	Assets/Product/Texture/Image/IconTools/UiLivWarmItem08.png	Assets/Product/Texture/Image/IconToolsSp/UiLivWarmItem08Sp.png	262148	4	10	[20389]	99999				999		2026/9/14 5:00								
1090	“清庭白鹭”	可在【宇宙奇趣】玩法中用于开启游戏。	凡妮莎为小队设计的徽章。每一位成员的都由她亲手制作，形制上稍有差异。	Assets/Product/Texture/Image/UiSweep/UiSweepImg8.png	Assets/Product/Texture/Image/UiSweep/UiSweepImg8.png	262148	4	10	[20409]	99999				999		2026/10/26 5:00								
1101	回归邀请函	可在【战线复归】活动中，在【回归补给】抽取奖励。	很高兴再见到你~欢迎回来，指挥官。	Assets/Product/Texture/Image/IconTools/IconRegressionCoin.png	Assets/Product/Texture/Image/IconToolsSp/IconRegressionCoinSp.png	2097156	4	10		99999				999										
1102	功勋感谢函	可在【战友重聚】活动中，在【战线补给】抽取奖励。	感谢指挥官你一直以来的艰苦战斗，你一定能够作为榜样激励大家，为夺回我们的地球而战！	Assets/Product/Texture/Image/IconTools/IconInviteCoin.png	Assets/Product/Texture/Image/IconToolsSp/IconInviteCoinSp.png	2097156	4	10		99999				999										
1103	迷你阿呆蛙挂件	使用后可获得60毫升血清。	由露西亚亲手制作的阿呆蛙挂件，虽然略显粗糙，但其中却包含了她全部的心意。	Assets/Product/Texture/Image/IconTools/GiftLucia.png	Assets/Product/Texture/Image/IconToolsSp/GiftLuciaSp.png	16	4	10		99999				999								[1,1107]		
1104	甜蜜水果馅饼	使用后可获得60毫升血清。	由丽芙全心全意烤制的水果馅饼，用的虽然只是合成水果，但其甜蜜的味道让人沉醉。	Assets/Product/Texture/Image/IconTools/GiftLiv.png	Assets/Product/Texture/Image/IconToolsSp/GiftLivSp.png	16	4	10		99999				999								[1,1107]		
1105	“小帮手”	使用后可获得60毫升血清。	由里用多余零件制作的小型辅助机器人，没有战斗能力，但能够辅助完成日常文书工作。	Assets/Product/Texture/Image/IconTools/GiftLee.png	Assets/Product/Texture/Image/IconToolsSp/GiftLeeSp.png	16	4	10		99999				999								[1,1107]		
1106	勋业值	完成手册阶段任务后获得，累计后可以提升勋业等级	勋业值是用于考察指挥官修习进度的标准。	Assets/Product/Texture/Image/IconTools/IconWheelchairItem02.png	Assets/Product/Texture/Image/IconToolsSp/IconWheelchairItem02Sp.png	2097156	5	10		99999				999										
1201	看板动作-夜刃	解锁动作-信赖提升2	在本我回廊-夜刃的心锁试炼挑战关中，累计10星获取	Assets/Product/Texture/Image/UiCharacterTower/UiCharacterTowerItem02.png	Assets/Product/Texture/Image/UiCharacterTower/UiCharacterTowerItem02Sp.png	262148	5	10		99999				999										
1202	看板动作-深红之渊	解锁动作-看板动作4	在本我回廊-深红之渊的心锁试炼挑战关中，累计10星获取	Assets/Product/Texture/Image/UiCharacterTower/UiCharacterTowerItem03.png	Assets/Product/Texture/Image/UiCharacterTower/UiCharacterTowerItem03Sp.png	262148	5	10		99999				999										
1203	看板动作-遥星之座	解锁动作-看板动作4	在本我回廊-遥星之座的心锁试炼挑战关中，累计10星获取	Assets/Product/Texture/Image/UiCharacterTower/UiCharacterTowerItem04.png	Assets/Product/Texture/Image/UiCharacterTower/UiCharacterTowerItem04Sp.png	262148	5	10		99999				999										
1204	看板动作-辉晓	解锁动作-看板动作4	在本我回廊-辉晓的心锁试炼挑战关中，累计10星获取	Assets/Product/Texture/Image/UiCharacterTower/UiCharacterTowerItem05.png	Assets/Product/Texture/Image/UiCharacterTower/UiCharacterTowerItem05Sp.png	262148	5	10		99999				999										
1205	看板动作-逆旅	解锁动作-看板动作4	在本我回廊-逆旅的心锁试炼挑战关中，累计10星获取	Assets/Product/Texture/Image/UiCharacterTower/UiCharacterTowerItem06.png	Assets/Product/Texture/Image/UiCharacterTower/UiCharacterTowerItem06Sp.png	262148	5	10		99999				999										
1206	看板动作-绯耀	解锁动作-看板动作4	在本我回廊-绯耀的心锁试炼挑战关中，累计10星获取	Assets/Product/Texture/Image/UiCharacterTower/UiCharacterTowerItem07.png	Assets/Product/Texture/Image/UiCharacterTower/UiCharacterTowerItem07Sp.png	262148	5	10		99999				999										
2000	浅色天花板图纸	类型：天花板。	在家具改装时使用，可以将其他家具改装为浅色天花板。	Assets/Product/Texture/Image/IconTools/IconBlueBasisceiling001.png	Assets/Product/Texture/Image/IconToolsSp/IconBlueBasisceiling001Sp.png	16388	4	10	[10015]	99999				999					1	10		[211101001]	4	
2001	金属墙图纸	类型：墙。	在家具改装时使用，可以将其他家具改装为金属墙。	Assets/Product/Texture/Image/IconTools/IconBlueBasiswall001.png	Assets/Product/Texture/Image/IconToolsSp/IconBlueBasiswall001Sp.png	16388	4	10	[10015]	99999				999					1	10		[211201001]	4	
2002	金属地板图纸	类型：地板。	在家具改装时使用，可以将其他家具改装为金属地板。	Assets/Product/Texture/Image/IconTools/IconBlueBasisfloor001.png	Assets/Product/Texture/Image/IconToolsSp/IconBlueBasisfloor001Sp.png	16388	4	10	[10015]	99999				999					1	10		[212102001]	4	
2003	培育装置图纸	类型：小件-物件。	在家具改装时使用，可以将其他家具改装为培育装置。	Assets/Product/Texture/Image/IconTools/IconBlueBasistrays001.png	Assets/Product/Texture/Image/IconToolsSp/IconBlueBasistrays001Sp.png	16388	4	10	[10015]	99999				999					1	10		[212102002]	4	
2004	宿舍茶几图纸	类型：小件-物件。	在家具改装时使用，可以将其他家具改装为宿舍茶几。	Assets/Product/Texture/Image/IconTools/IconBlueBasisteatable001.png	Assets/Product/Texture/Image/IconToolsSp/IconBlueBasisteatable001Sp.png	16388	4	10	[10015]	99999				999					1	10		[212102003]	4	
2005	收纳箱图纸	类型：小件-矮柜。	在家具改装时使用，可以将其他家具改装为收纳箱。	Assets/Product/Texture/Image/IconTools/IconBlueBasiscabinet001.png	Assets/Product/Texture/Image/IconToolsSp/IconBlueBasiscabinet001Sp.png	16388	4	10	[10015]	99999				999					1	10		[211301001]	4	
2006	电缆图纸	类型：挂饰。	在家具改装时使用，可以将其他家具改装为电缆。	Assets/Product/Texture/Image/IconTools/IconBlueBasiscable001.png	Assets/Product/Texture/Image/IconToolsSp/IconBlueBasiscable001Sp.png	16388	4	10	[10015]	99999				999					1	10		[211101001]	4	
2007	温度调节器图纸	类型：挂饰。	在家具改装时使用，可以将其他家具改装为温度调节器。	Assets/Product/Texture/Image/IconTools/IconBlueBasisairconditioning001.png	Assets/Product/Texture/Image/IconToolsSp/IconBlueBasisairconditioning001Sp.png	16388	4	10	[10015]	99999				999					1	10		[211201001]	4	
2008	宿舍窗户图纸	类型：挂饰。	在家具改装时使用，可以将其他家具改装为宿舍窗户。	Assets/Product/Texture/Image/IconTools/IconBlueBasiswindow001.png	Assets/Product/Texture/Image/IconToolsSp/IconBlueBasiswindow001Sp.png	16388	4	10	[10015]	99999				999					1	10		[212102001]	4	
2009	沙发凳图纸	类型：小件-板凳。	在家具改装时使用，可以将其他家具改装为沙发凳。	Assets/Product/Texture/Image/IconTools/IconBlueBasisstool001.png	Assets/Product/Texture/Image/IconToolsSp/IconBlueBasisstool001Sp.png	16388	4	10	[10015]	99999				999					1	10		[212102002]	4	
2010	长沙发图纸	类型：大件-沙发。	在家具改装时使用，可以将其他家具改装为长沙发。	Assets/Product/Texture/Image/IconTools/IconBlueBasissofa001.png	Assets/Product/Texture/Image/IconToolsSp/IconBlueBasissofa001Sp.png	16388	4	10	[10015]	99999				999					1	10		[212102003]	4	
2011	电脑椅图纸	类型：小件-椅子。	在家具改装时使用，可以将其他家具改装为电脑椅。	Assets/Product/Texture/Image/IconTools/IconBlueBasischair001.png	Assets/Product/Texture/Image/IconToolsSp/IconBlueBasischair001Sp.png	16388	4	10	[10015]	99999				999					1	10		[211301001]	4	
2012	电脑桌图纸	类型：大件-桌子。	在家具改装时使用，可以将其他家具改装为电脑桌。	Assets/Product/Texture/Image/IconTools/IconBlueBasistable001.png	Assets/Product/Texture/Image/IconToolsSp/IconBlueBasistable001Sp.png	16388	4	10	[10015]	99999				999					1	10		[211101001]	4	
2013	宿舍床图纸	类型：大件-床。	在家具改装时使用，可以将其他家具改装为宿舍床。	Assets/Product/Texture/Image/IconTools/IconBlueBasisbed001.png	Assets/Product/Texture/Image/IconToolsSp/IconBlueBasisbed001Sp.png	16388	4	10	[10015]	99999				999					1	10		[211201001]	4	
2014	数据终端图纸	类型：小件-物件。	在家具改装时使用，可以将其他家具改装为数据终端。	Assets/Product/Texture/Image/IconTools/IconBlueBasisterminal001.png	Assets/Product/Texture/Image/IconToolsSp/IconBlueBasisterminal001Sp.png	16388	4	10	[10015]	99999				999					1	10		[212102001]	4	
2015	更衣柜图纸	类型：大件-柜子。	在家具改装时使用，可以将其他家具改装为更衣柜。	Assets/Product/Texture/Image/IconTools/IconBlueBasiswardrobe001.png	Assets/Product/Texture/Image/IconToolsSp/IconBlueBasiswardrobe001Sp.png	16388	4	10	[10015]	99999				999					1	10		[212102002]	4	
2016	中央处理器图纸	类型：小件-挂饰。	在家具改装时使用，可以将其他家具改装为中央处理器。	Assets/Product/Texture/Image/IconTools/IconBlueBasisprocessor001.png	Assets/Product/Texture/Image/IconToolsSp/IconBlueBasisprocessor001Sp.png	16388	4	10	[10015]	99999				999					1	10		[212102003]	4	
2017	咖啡柜台图纸	类型：大件-桌子。	在家具改装时使用，可以将其他家具改装为咖啡柜台。	Assets/Product/Texture/Image/IconTools/IconBlueCoffeecounter001.png	Assets/Product/Texture/Image/IconToolsSp/IconBlueCoffeecounter001Sp.png	16388	4	10	[10015]	99999				999					1	10		[211301001]	2	
2018	风景画框图纸	类型：挂饰。	在家具改装时使用，可以将其他家具改装为风景画框。	Assets/Product/Texture/Image/IconTools/IconBlueCoffeeframe001.png	Assets/Product/Texture/Image/IconToolsSp/IconBlueCoffeeframe001Sp.png	16388	4	10	[10015]	99999				999					1	10		[211101001]	2	
2019	深色皮沙发图纸	类型：大件-沙发。	在家具改装时使用，可以将其他家具改装为深色皮沙发。	Assets/Product/Texture/Image/IconTools/IconBlueCoffeesofa001.png	Assets/Product/Texture/Image/IconToolsSp/IconBlueCoffeesofa001Sp.png	16388	4	10	[10015]	99999				999					1	10		[211201001]	2	
2020	挂壁灯图纸	类型：挂饰。	在家具改装时使用，可以将其他家具改装为挂壁灯。	Assets/Product/Texture/Image/IconTools/IconBlueCoffeedroplight001.png	Assets/Product/Texture/Image/IconToolsSp/IconBlueCoffeedroplight001Sp.png	16388	4	10	[10015]	99999				999					1	10		[212102001]	2	
2021	落地窗图纸	类型：挂饰。	在家具改装时使用，可以将其他家具改装为落地窗。	Assets/Product/Texture/Image/IconTools/IconBlueCoffeewindow001.png	Assets/Product/Texture/Image/IconToolsSp/IconBlueCoffeewindow001Sp.png	16388	4	10	[10015]	99999				999					1	10		[212102002]	2	
2022	菜单黑板图纸	类型：挂饰。	在家具改装时使用，可以将其他家具改装为菜单黑板。	Assets/Product/Texture/Image/IconTools/IconBlueCoffeeblackboard001.png	Assets/Product/Texture/Image/IconToolsSp/IconBlueCoffeeblackboard001Sp.png	16388	4	10	[10015]	99999				999					1	10		[212102003]	2	
2023	浪漫圆桌图纸	类型：大件-桌子。	在家具改装时使用，可以将其他家具改装为浪漫圆桌。	Assets/Product/Texture/Image/IconTools/IconBlueCoffeecombination001.png	Assets/Product/Texture/Image/IconToolsSp/IconBlueCoffeecombination001Sp.png	16388	4	10	[10015]	99999				999					1	10		[211301001]	2	
2024	盆栽植物图纸	类型：小件-物件。	在家具改装时使用，可以将其他家具改装为盆栽植物。	Assets/Product/Texture/Image/IconTools/IconBlueCoffeeflowerpot001.png	Assets/Product/Texture/Image/IconToolsSp/IconBlueCoffeeflowerpot001Sp.png	16388	4	10	[10015]	99999				999					1	10		[211101001]	2	
2025	置物柜图纸	类型：大件-柜子。	在家具改装时使用，可以将其他家具改装为置物柜。	Assets/Product/Texture/Image/IconTools/IconBlueCoffeelocker001.png	Assets/Product/Texture/Image/IconToolsSp/IconBlueCoffeelocker001Sp.png	16388	4	10	[10015]	99999				999					1	10		[211201001]	2	
2026	长桌图纸	类型：大件-桌子。	在家具改装时使用，可以将其他家具改装为长桌。	Assets/Product/Texture/Image/IconTools/IconBlueCoffeetable001.png	Assets/Product/Texture/Image/IconToolsSp/IconBlueCoffeetable001Sp.png	16388	4	10	[10015]	99999				999					1	10		[212102001]	2	
2027	高脚凳图纸	类型：小件-椅子。	在家具改装时使用，可以将其他家具改装为高脚凳。	Assets/Product/Texture/Image/IconTools/IconBlueCoffeestool001.png	Assets/Product/Texture/Image/IconToolsSp/IconBlueCoffeestool001Sp.png	16388	4	10	[10015]	99999				999					1	10		[212102002]	2	
2028	咖啡茶几图纸	类型：小件-物件。	在家具改装时使用，可以将其他家具改装为咖啡茶几。	Assets/Product/Texture/Image/IconTools/IconBlueCoffeeteatable001.png	Assets/Product/Texture/Image/IconToolsSp/IconBlueCoffeeteatable001Sp.png	16388	4	10	[10015]	99999				999					1	10		[212102003]	2	
2029	桌椅组合图纸	类型：大件-桌子。	在家具改装时使用，可以将其他家具改装为桌椅组合。	Assets/Product/Texture/Image/IconTools/IconBlueCoffeecombination003.png	Assets/Product/Texture/Image/IconToolsSp/IconBlueCoffeecombination003Sp.png	16388	4	10	[10015]	99999				999					1	10		[211301001]	2	
2030	咖啡厅地板图纸	类型：地板。	在家具改装时使用，可以将其他家具改装为咖啡厅地板。	Assets/Product/Texture/Image/IconTools/IconBlueCoffeefloor001.png	Assets/Product/Texture/Image/IconToolsSp/IconBlueCoffeefloor001Sp.png	16388	4	10	[10015]	99999				999					1	10		[211101001]	2	
2031	咖啡厅天花板图纸	类型：天花板。	在家具改装时使用，可以将其他家具改装为咖啡厅天花板。	Assets/Product/Texture/Image/IconTools/IconBlueCoffeeceiling001.png	Assets/Product/Texture/Image/IconToolsSp/IconBlueCoffeeceiling001Sp.png	16388	4	10	[10015]	99999				999					1	10		[211201001]	2	
2032	咖啡厅白墙图纸	类型：墙。	在家具改装时使用，可以将其他家具改装为咖啡厅白墙。	Assets/Product/Texture/Image/IconTools/IconBlueCoffeewall001.png	Assets/Product/Texture/Image/IconToolsSp/IconBlueCoffeewall001Sp.png	16388	4	10	[10015]	99999				999					1	10		[212102001]	2	
2033	储物柜图纸	类型：大件-柜子。	在家具改装时使用，可以将其他家具改装为储物柜。	Assets/Product/Texture/Image/IconTools/IconBluePunklocker001.png	Assets/Product/Texture/Image/IconToolsSp/IconBluePunklocker001Sp.png	16388	4	10	[10015]	99999				999					1	10		[212102002]	2	
2034	灯管图纸	类型：挂饰。	在家具改装时使用，可以将其他家具改装为灯管。	Assets/Product/Texture/Image/IconTools/IconBluePunktube001.png	Assets/Product/Texture/Image/IconToolsSp/IconBluePunktube001Sp.png	16388	4	10	[10015]	99999				999					1	10		[212102003]	5	
2035	办公桌图纸	类型：大件-桌子。	在家具改装时使用，可以将其他家具改装为办公桌。	Assets/Product/Texture/Image/IconTools/IconBluePunkdesk001.png	Assets/Product/Texture/Image/IconToolsSp/IconBluePunkdesk001Sp.png	16388	4	10	[10015]	99999				999					1	10		[211301001]	5	
2036	百叶窗图纸	类型：挂饰。	在家具改装时使用，可以将其他家具改装为百叶窗。	Assets/Product/Texture/Image/IconTools/IconBluePunkshutters001.png	Assets/Product/Texture/Image/IconToolsSp/IconBluePunkshutters001Sp.png	16388	4	10	[10015]	99999				999					1	10		[211101001]	5	
2037	设备箱图纸	类型：小件-物件。	在家具改装时使用，可以将其他家具改装为设备箱。	Assets/Product/Texture/Image/IconTools/IconBluePunkcabinet001.png	Assets/Product/Texture/Image/IconToolsSp/IconBluePunkcabinet001Sp.png	16388	4	10	[10015]	99999				999					1	10		[211201001]	5	
2038	自动贩卖机图纸	类型：大件-柜子。	在家具改装时使用，可以将其他家具改装为自动贩卖机。	Assets/Product/Texture/Image/IconTools/IconBluePunkmachines001.png	Assets/Product/Texture/Image/IconToolsSp/IconBluePunkmachines001Sp.png	16388	4	10	[10015]	99999				999					1	10		[212102001]	5	
2039	控制终端图纸	类型：挂饰。	在家具改装时使用，可以将其他家具改装为控制终端。	Assets/Product/Texture/Image/IconTools/IconBluePunkterminal001.png	Assets/Product/Texture/Image/IconToolsSp/IconBluePunkterminal001Sp.png	16388	4	10	[10015]	99999				999					1	10		[212102002]	5	
2040	杂乱置物架图纸	类型：大件-柜子。	在家具改装时使用，可以将其他家具改装为杂乱置物架。	Assets/Product/Texture/Image/IconTools/IconBluePunklocker002.png	Assets/Product/Texture/Image/IconToolsSp/IconBluePunklocker002Sp.png	16388	4	10	[10015]	99999				999					1	10		[212102003]	5	
2041	马桶图纸	类型：小件-椅子。	在家具改装时使用，可以将其他家具改装为马桶。	Assets/Product/Texture/Image/IconTools/IconBluePunktoilet001.png	Assets/Product/Texture/Image/IconToolsSp/IconBluePunktoilet001Sp.png	16388	4	10	[10015]	99999				999					1	10		[211301001]	5	
2042	维修台图纸	类型：大件-床。	在家具改装时使用，可以将其他家具改装为维修台。	Assets/Product/Texture/Image/IconTools/IconBluePunkrepairstation001.png	Assets/Product/Texture/Image/IconToolsSp/IconBluePunkrepairstation001Sp.png	16388	4	10	[10015]	99999				999					1	10		[211101001]	5	
2043	吧椅图纸	类型：小件-椅子。	在家具改装时使用，可以将其他家具改装为吧椅。	Assets/Product/Texture/Image/IconTools/IconBluePunkchair001.png	Assets/Product/Texture/Image/IconToolsSp/IconBluePunkchair001Sp.png	16388	4	10	[10015]	99999				999					1	10		[211201001]	5	
2044	吧台图纸	类型：大件-桌子。	在家具改装时使用，可以将其他家具改装为吧台。	Assets/Product/Texture/Image/IconTools/IconBluePunkbar001.png	Assets/Product/Texture/Image/IconToolsSp/IconBluePunkbar001Sp.png	16388	4	10	[10015]	99999				999					1	10		[212102001]	5	
2045	布艺沙发图纸	类型：大件-沙发。	在家具改装时使用，可以将其他家具改装为布艺沙发。	Assets/Product/Texture/Image/IconTools/IconBluePunksofa001.png	Assets/Product/Texture/Image/IconToolsSp/IconBluePunksofa001Sp.png	16388	4	10	[10015]	99999				999					1	10		[212102002]	5	
2046	拼接沙发图纸	类型：大件-沙发。	在家具改装时使用，可以将其他家具改装为拼接沙发。	Assets/Product/Texture/Image/IconTools/IconBluePunksofa002.png	Assets/Product/Texture/Image/IconToolsSp/IconBluePunksofa002Sp.png	16388	4	10	[10015]	99999				999					1	10		[212102003]	5	
2047	海报α图纸	类型：挂饰。	在家具改装时使用，可以将其他家具改装为海报α。	Assets/Product/Texture/Image/IconTools/IconBluePunkposters001.png	Assets/Product/Texture/Image/IconToolsSp/IconBluePunkposters001Sp.png	16388	4	10	[10015]	99999				999					1	10		[211301001]	5	
2048	海报β图纸	类型：挂饰。	在家具改装时使用，可以将其他家具改装为海报β。	Assets/Product/Texture/Image/IconTools/IconBluePunkposters002.png	Assets/Product/Texture/Image/IconToolsSp/IconBluePunkposters002Sp.png	16388	4	10	[10015]	99999				999					1	10		[212102001]	5	
2049	海报γ图纸	类型：挂饰。	在家具改装时使用，可以将其他家具改装为海报γ。	Assets/Product/Texture/Image/IconTools/IconBluePunkposters003.png	Assets/Product/Texture/Image/IconToolsSp/IconBluePunkposters003Sp.png	16388	4	10	[10015]	99999				999					1	10		[212102002]	5	
2050	霓虹灯Logo图纸	类型：挂饰。	在家具改装时使用，可以将其他家具改装为霓虹灯Logo。	Assets/Product/Texture/Image/IconTools/IconBluePunktube002.png	Assets/Product/Texture/Image/IconToolsSp/IconBluePunktube002Sp.png	16388	4	10	[10015]	99999				999					1	10		[212102003]	5	
2051	置物架图纸	类型：挂饰。	在家具改装时使用，可以将其他家具改装为置物架。	Assets/Product/Texture/Image/IconTools/IconBluePunklocker003.png	Assets/Product/Texture/Image/IconToolsSp/IconBluePunklocker003Sp.png	16388	4	10	[10015]	99999				999					1	10		[211301001]	5	
2052	朋克地板图纸	类型：地板。	在家具改装时使用，可以将其他家具改装为朋克地板。	Assets/Product/Texture/Image/IconTools/IconBluePunkfloor001.png	Assets/Product/Texture/Image/IconToolsSp/IconBluePunkfloor001Sp.png	16388	4	10	[10015]	99999				999					1	10		[212102001]	5	
2053	朋克天花板图纸	类型：天花板。	在家具改装时使用，可以将其他家具改装为朋克天花板。	Assets/Product/Texture/Image/IconTools/IconBluePunkceiling001.png	Assets/Product/Texture/Image/IconToolsSp/IconBluePunkceiling001Sp.png	16388	4	10	[10015]	99999				999					1	10		[212102002]	5	
2054	朋克Logo墙图纸	类型：墙。	在家具改装时使用，可以将其他家具改装为朋克Logo墙。	Assets/Product/Texture/Image/IconTools/IconBluePunkwall001.png	Assets/Product/Texture/Image/IconToolsSp/IconBluePunkwall001Sp.png	16388	4	10	[10015]	99999				999					1	10		[212102003]	5	
2055	纸窗图纸	类型：挂饰。	在家具改装时使用，可以将其他家具改装为纸窗。	Assets/Product/Texture/Image/IconTools/IconBlueCherrywindow001.png	Assets/Product/Texture/Image/IconToolsSp/IconBlueCherrywindow001Sp.png	16388	4	10	[10015]	99999				999					1	10		[211301001]	3	
2056	坐垫椅图纸	类型：小件-板凳。	在家具改装时使用，可以将其他家具改装为坐垫椅。	Assets/Product/Texture/Image/IconTools/IconBlueCherrychaircushion001.png	Assets/Product/Texture/Image/IconToolsSp/IconBlueCherrychaircushion001Sp.png	16388	4	10	[10015]	99999				999					1	10		[211301001]	3	
2057	盆栽竹图纸	类型：小件-物件。	在家具改装时使用，可以将其他家具改装为盆栽竹。	Assets/Product/Texture/Image/IconTools/IconBlueCherrybamboo001.png	Assets/Product/Texture/Image/IconToolsSp/IconBlueCherrybamboo001Sp.png	16388	4	10	[10015]	99999				999					1	10		[211301001]	3	
2058	樱花和扇图纸	类型：挂饰。	在家具改装时使用，可以将其他家具改装为樱花和扇。	Assets/Product/Texture/Image/IconTools/IconBlueCherryfan001.png	Assets/Product/Texture/Image/IconToolsSp/IconBlueCherryfan001Sp.png	16388	4	10	[10015]	99999				999					1	10		[211301001]	3	
2059	挂画墙图纸	类型：挂饰。	在家具改装时使用，可以将其他家具改装为挂画墙。	Assets/Product/Texture/Image/IconTools/IconBlueCherrypicture001.png	Assets/Product/Texture/Image/IconToolsSp/IconBlueCherrypicture001Sp.png	16388	4	10	[10015]	99999				999					1	10		[211301001]	3	
2060	和风立柜图纸	类型：大件-柜子。	在家具改装时使用，可以将其他家具改装为和风立柜。	Assets/Product/Texture/Image/IconTools/IconBlueCherrycabinet001.png	Assets/Product/Texture/Image/IconToolsSp/IconBlueCherrycabinet001Sp.png	16388	4	10	[10015]	99999				999					1	10		[211301001]	3	
2061	地铺图纸	类型：物件。	在家具改装时使用，可以将其他家具改装为地铺。	Assets/Product/Texture/Image/IconTools/IconBlueCherryshakedown001.png	Assets/Product/Texture/Image/IconToolsSp/IconBlueCherryshakedown001Sp.png	16388	4	10	[10015]	99999				999					1	10		[211301001]	3	
2062	樱花折屏图纸	类型：物件。	在家具改装时使用，可以将其他家具改装为樱花折屏。	Assets/Product/Texture/Image/IconTools/IconBlueCherryscreen001.png	Assets/Product/Texture/Image/IconToolsSp/IconBlueCherryscreen001Sp.png	16388	4	10	[10015]	99999				999					1	10		[211301001]	3	
2063	刀架矮柜图纸	类型：物件。	在家具改装时使用，可以将其他家具改装为刀架矮柜。	Assets/Product/Texture/Image/IconTools/IconBlueCherryshortark001.png	Assets/Product/Texture/Image/IconToolsSp/IconBlueCherryshortark001Sp.png	16388	4	10	[10015]	99999				999					1	10		[211301001]	3	
2064	被炉图纸	类型：大件-桌子。	在家具改装时使用，可以将其他家具改装为被炉。	Assets/Product/Texture/Image/IconTools/IconBlueCherryfurnace001.png	Assets/Product/Texture/Image/IconToolsSp/IconBlueCherryfurnace001Sp.png	16388	4	10	[10015]	99999				999					1	10		[211301001]	3	
2065	饮酒茶几图纸	类型：大件-桌子。	在家具改装时使用，可以将其他家具改装为饮酒茶几。	Assets/Product/Texture/Image/IconTools/IconBlueCherryteatable001.png	Assets/Product/Texture/Image/IconToolsSp/IconBlueCherryteatable001Sp.png	16388	4	10	[10015]	99999				999					1	10		[211301001]	3	
2066	浴桶图纸	类型：小件-物件。	在家具改装时使用，可以将其他家具改装为浴桶。	Assets/Product/Texture/Image/IconTools/IconBlueCherrybathbucket001.png	Assets/Product/Texture/Image/IconToolsSp/IconBlueCherrybathbucket001Sp.png	16388	4	10	[10015]	99999				999					1	10		[211301001]	3	
2067	和风纸吊灯图纸	类型：挂饰。	在家具改装时使用，可以将其他家具改装为和风纸吊灯。	Assets/Product/Texture/Image/IconTools/IconBlueCherrydroplight001.png	Assets/Product/Texture/Image/IconToolsSp/IconBlueCherrydroplight001Sp.png	16388	4	10	[10015]	99999				999					1	10		[211301001]	3	
2068	和风地板图纸	类型：地板。	在家具改装时使用，可以将其他家具改装为和风地板。	Assets/Product/Texture/Image/IconTools/IconBlueCherryfloor001.png	Assets/Product/Texture/Image/IconToolsSp/IconBlueCherryfloor001Sp.png	16388	4	10	[10015]	99999				999					1	10		[211301001]	3	
2069	木梁吊顶图纸	类型：天花板。	在家具改装时使用，可以将其他家具改装为木梁吊顶。	Assets/Product/Texture/Image/IconTools/IconBlueCherryceiling001.png	Assets/Product/Texture/Image/IconToolsSp/IconBlueCherryceiling001Sp.png	16388	4	10	[10015]	99999				999					1	10		[211301001]	3	
2070	樱花墙图纸	类型：墙。	在家具改装时使用，可以将其他家具改装为樱花墙。	Assets/Product/Texture/Image/IconTools/IconBlueCherrywall.png	Assets/Product/Texture/Image/IconToolsSp/IconBlueCherrywallSp.png	16388	4	10	[10015]	99999				999					1	10		[211301001]	3	
2071	bilibili电视图纸	类型：物件。	在家具改装时使用，可以将其他家具改装为bilibili电视图纸。	Assets/Product/Texture/Image/IconTools/IconBlueBasisterminal001.png	Assets/Product/Texture/Image/IconToolsSp/IconBlueBasisterminal001Sp.png	16388	4	10	[10015]	99999				999					1	10		[211301001]	1	
2072	OPPOreno2图纸		在家具改装时使用，可以将其他家具改装为OPPOreno2图纸。	Assets/Product/Texture/Image/IconTools/IconBlueBasisterminal001.png	Assets/Product/Texture/Image/IconToolsSp/IconBlueBasisterminal001Sp.png	16388	4	10	[10015]	99999				999					1	10		[211301001]	1	
2073	游戏机taptap图纸		在家具改装时使用，可以将其他家具改装为游戏机taptap图纸。	Assets/Product/Texture/Image/IconTools/IconBlueBasisterminal001.png	Assets/Product/Texture/Image/IconToolsSp/IconBlueBasisterminal001Sp.png	16388	4	10	[10015]	99999				999					1	10		[211301001]	1	
2074	vivoNEX图纸		在家具改装时使用，可以将其他家具改装为vivoNEX图纸。	Assets/Product/Texture/Image/IconTools/IconBlueBasisterminal001.png	Assets/Product/Texture/Image/IconToolsSp/IconBlueBasisterminal001Sp.png	16388	4	10	[10015]	99999				999					1	10		[211301001]	1	
2075	好游快爆爆米花图纸		在家具改装时使用，可以将其他家具改装为好游快爆爆米花图纸。	Assets/Product/Texture/Image/IconTools/IconBlueBasisterminal001.png	Assets/Product/Texture/Image/IconToolsSp/IconBlueBasisterminal001Sp.png	16388	4	10	[10015]	99999				999					1	10		[211301001]	1	
2076	华为5G Covered图纸		在家具改装时使用，可以将其他家具改装为华为5G Covered图纸。	Assets/Product/Texture/Image/IconTools/IconBlueBasisterminal001.png	Assets/Product/Texture/Image/IconToolsSp/IconBlueBasisterminal001Sp.png	16388	4	10	[10015]	99999				999					1	10		[211301001]	1	
2077	4399游戏盒图纸		在家具改装时使用，可以将其他家具改装为4399游戏盒图纸。	Assets/Product/Texture/Image/IconTools/IconBlueBasisterminal001.png	Assets/Product/Texture/Image/IconToolsSp/IconBlueBasisterminal001Sp.png	16388	4	10	[10015]	99999				999					1	10		[211301001]	1	
2078	黑鲨游戏机图纸		在家具改装时使用，可以将其他家具改装为黑鲨游戏机图纸。	Assets/Product/Texture/Image/IconTools/IconBlueBasisterminal001.png	Assets/Product/Texture/Image/IconToolsSp/IconBlueBasisterminal001Sp.png	16388	4	10	[10015]	99999				999					1	10		[211301001]	1	
2079	小米游戏招牌图纸		在家具改装时使用，可以将其他家具改装为小米游戏招牌图纸。	Assets/Product/Texture/Image/IconTools/IconBlueBasisterminal001.png	Assets/Product/Texture/Image/IconToolsSp/IconBlueBasisterminal001Sp.png	16388	4	10	[10015]	99999				999					1	10		[211301001]	1	
2080	应用宝娃娃机图纸		在家具改装时使用，可以将其他家具改装为应用宝抓娃娃机图纸。	Assets/Product/Texture/Image/IconTools/IconBlueBasisterminal001.png	Assets/Product/Texture/Image/IconToolsSp/IconBlueBasisterminal001Sp.png	16388	4	10	[10015]	99999				999					1	10		[211301001]	1	
2081	赛博蛋图纸	类型：物件。	在家具改装时使用，可以将其他家具改装为赛博蛋图纸。	Assets/Product/Texture/Image/IconTools/IconBlueQudaodan001.png	Assets/Product/Texture/Image/IconToolsSp/IconBlueQudaodan001Sp.png	16388	4	10	[10015]	99999				999					1	10		[211301001]	5	
2082	九游挂壁电视图纸		在家具改装时使用，可以将其他家具改装为九游挂壁电视图纸。	Assets/Product/Texture/Image/IconTools/IconBlueBasisterminal001.png	Assets/Product/Texture/Image/IconToolsSp/IconBlueBasisterminal001Sp.png	16388	4	10	[10015]	99999				999					1	10		[211301001]	1	
2083	复古落地灯图纸	类型：物件。	在家具改装时使用，可以将其他家具改装为落地灯。	Assets/Product/Texture/Image/IconTools/IconBlueShengdanlamp001.png	Assets/Product/Texture/Image/IconToolsSp/IconBlueShengdanlamp001Sp.png	16388	4	10	[10015]	99999				999					1	10		[211301001]	6	
2084	欧式大床图纸	类型：床。	在家具改装时使用，可以将其他家具改装为欧式床。	Assets/Product/Texture/Image/IconTools/IconBlueShengdanbed001.png	Assets/Product/Texture/Image/IconToolsSp/IconBlueShengdanbed001Sp.png	16388	4	10	[10015]	99999				999					1	10		[211301001]	6	
2085	槲寄生花环图纸	类型：挂饰。	在家具改装时使用，可以将其他家具改装为圣诞花圈。	Assets/Product/Texture/Image/IconTools/IconBlueShengdanwreath001.png	Assets/Product/Texture/Image/IconToolsSp/IconBlueShengdanwreath001Sp.png	16388	4	10	[10015]	99999				999					1	10		[211301001]	6	
2086	圣诞礼物堆图纸	类型：物件。	在家具改装时使用，可以将其他家具改装为礼物堆。	Assets/Product/Texture/Image/IconTools/IconBlueShengdangift001.png	Assets/Product/Texture/Image/IconToolsSp/IconBlueShengdangift001Sp.png	16388	4	10	[10015]	99999				999					1	10		[211301001]	6	
2087	烛台矮柜图纸	类型：矮柜。	在家具改装时使用，可以将其他家具改装为矮柜。	Assets/Product/Texture/Image/IconTools/IconBlueShengdancredenza001.png	Assets/Product/Texture/Image/IconToolsSp/IconBlueShengdancredenza001Sp.png	16388	4	10	[10015]	99999				999					1	10		[211301001]	6	
2088	欧式大衣柜图纸	类型：柜子。	在家具改装时使用，可以将其他家具改装为衣柜。	Assets/Product/Texture/Image/IconTools/IconBlueShengdanarmoire001.png	Assets/Product/Texture/Image/IconToolsSp/IconBlueShengdanarmoire001Sp.png	16388	4	10	[10015]	99999				999					1	10		[211301001]	6	
2089	挂壁烛台灯图纸	类型：挂饰。	在家具改装时使用，可以将其他家具改装为欧式烛台。	Assets/Product/Texture/Image/IconTools/IconBlueShengdancandlestick001.png	Assets/Product/Texture/Image/IconToolsSp/IconBlueShengdancandlestick001Sp.png	16388	4	10	[10015]	99999				999					1	10		[211301001]	6	
2090	挂壁摆钟图纸	类型：挂饰。	在家具改装时使用，可以将其他家具改装为欧式挂钟。	Assets/Product/Texture/Image/IconTools/IconBlueShengdanclock001.png	Assets/Product/Texture/Image/IconToolsSp/IconBlueShengdanclock001Sp.png	16388	4	10	[10015]	99999				999					1	10		[211301001]	6	
2091	欧式暖炉图纸	类型：物件。	在家具改装时使用，可以将其他家具改装为欧式独立暖炉。	Assets/Product/Texture/Image/IconTools/IconBlueShengdanbrazier001.png	Assets/Product/Texture/Image/IconToolsSp/IconBlueShengdanbrazier001Sp.png	16388	4	10	[10015]	99999				999					1	10		[211301001]	6	
2092	挂帘格子窗图纸	类型：挂饰。	在家具改装时使用，可以将其他家具改装为欧式窗户。	Assets/Product/Texture/Image/IconTools/IconBlueShengdanwindow001.png	Assets/Product/Texture/Image/IconToolsSp/IconBlueShengdanwindow001Sp.png	16388	4	10	[10015]	99999				999					1	10		[211301001]	6	
2093	圣诞树图纸	类型：物件。	在家具改装时使用，可以将其他家具改装为圣诞礼物树。	Assets/Product/Texture/Image/IconTools/IconBlueShengdantree001.png	Assets/Product/Texture/Image/IconToolsSp/IconBlueShengdantree001Sp.png	16388	4	10	[10015]	99999				999					1	10		[211301001]	6	
2094	欧式简约沙发图纸	类型：沙发。	在家具改装时使用，可以将其他家具改装为欧式沙发。	Assets/Product/Texture/Image/IconTools/IconBlueShengdansofa001.png	Assets/Product/Texture/Image/IconToolsSp/IconBlueShengdansofa001Sp.png	16388	4	10	[10015]	99999				999					1	10		[211301001]	6	
2095	油画《日出》图纸	类型：挂饰。	在家具改装时使用，可以将其他家具改装为风景油画。	Assets/Product/Texture/Image/IconTools/IconBlueShengdanoilpainting001.png	Assets/Product/Texture/Image/IconToolsSp/IconBlueShengdanoilpainting001Sp.png	16388	4	10	[10015]	99999				999					1	10		[211301001]	6	
2096	欧式书柜图纸	类型：柜子。	在家具改装时使用，可以将其他家具改装为欧式书柜。	Assets/Product/Texture/Image/IconTools/IconBlueShengdanbookcase001.png	Assets/Product/Texture/Image/IconToolsSp/IconBlueShengdanbookcase001Sp.png	16388	4	10	[10015]	99999				999					1	10		[211301001]	6	
2097	圣诞长餐桌图纸	类型：桌子。	在家具改装时使用，可以将其他家具改装为欧式长餐桌组合。	Assets/Product/Texture/Image/IconTools/IconBlueShengdanboard001.png	Assets/Product/Texture/Image/IconToolsSp/IconBlueShengdanboard001Sp.png	16388	4	10	[10015]	99999				999					1	10		[211301001]	6	
2098	欧式高背椅图纸	类型：椅子。	在家具改装时使用，可以将其他家具改装为欧式椅。	Assets/Product/Texture/Image/IconTools/IconBlueShengdanchair001.png	Assets/Product/Texture/Image/IconToolsSp/IconBlueShengdanchair001Sp.png	16388	4	10	[10015]	99999				999					1	10		[211301001]	6	
2099	坐垫矮凳图纸	类型：板凳。	在家具改装时使用，可以将其他家具改装为欧式矮凳。	Assets/Product/Texture/Image/IconTools/IconBlueShengdanstool001.png	Assets/Product/Texture/Image/IconToolsSp/IconBlueShengdanstool001Sp.png	16388	4	10	[10015]	99999				999					1	10		[211301001]	6	
2100	瓷砖地板图纸	类型：地板。	在家具改装时使用，可以将其他家具改装为地板。	Assets/Product/Texture/Image/IconTools/IconBlueShengdanfloor001.png	Assets/Product/Texture/Image/IconToolsSp/IconBlueShengdanfloor001Sp.png	16388	4	10	[10015]	99999				999					1	10		[211301001]	6	
2101	圣诞装饰墙图纸	类型：墙。	在家具改装时使用，可以将其他家具改装为壁炉墙。	Assets/Product/Texture/Image/IconTools/IconBlueShengdanwall001.png	Assets/Product/Texture/Image/IconToolsSp/IconBlueShengdanwall001Sp.png	16388	4	10	[10015]	99999				999					1	10		[211301001]	6	
2102	吊灯横梁图纸	类型：天花板。	在家具改装时使用，可以将其他家具改装为天花板。	Assets/Product/Texture/Image/IconTools/IconBlueShengdanceiling001.png	Assets/Product/Texture/Image/IconToolsSp/IconBlueShengdanceiling001Sp.png	16388	4	10	[10015]	99999				999					1	10		[211301001]	6	
2103	哔哩哔哩沙发图纸	类型：沙发。	在家具改装时使用，可以将其他家具改装为哔哩哔哩沙发。	Assets/Product/Texture/Image/IconTools/IconBlueBasisterminal001.png	Assets/Product/Texture/Image/IconToolsSp/IconBlueBasisterminal001Sp.png	16388	4	10		99999				999					1	10		[211301001]	1	
2104	哔哩哔哩影院图纸	类型：物件。	在家具改装时使用，可以将其他家具改装为哔哩哔哩家庭影院。	Assets/Product/Texture/Image/IconTools/IconBlueBasisterminal001.png	Assets/Product/Texture/Image/IconToolsSp/IconBlueBasisterminal001Sp.png	16388	4	10		99999				999					1	10		[211301001]	1	
2105	哔哩哔哩落地灯图纸	类型：物件。	在家具改装时使用，可以将其他家具改装为哔哩哔哩落地灯。	Assets/Product/Texture/Image/IconTools/IconBlueBasisterminal001.png	Assets/Product/Texture/Image/IconToolsSp/IconBlueBasisterminal001Sp.png	16388	4	10		99999				999					1	10		[211301001]	1	
2106	哔哩哔哩软凳图纸	类型：椅子。	在家具改装时使用，可以将其他家具改装为哔哩哔哩软凳。	Assets/Product/Texture/Image/IconTools/IconBlueBasisterminal001.png	Assets/Product/Texture/Image/IconToolsSp/IconBlueBasisterminal001Sp.png	16388	4	10		99999				999					1	10		[211301001]	1	
2107	哔哩哔哩小桌图纸	类型：桌子。	在家具改装时使用，可以将其他家具改装为哔哩哔哩小桌。	Assets/Product/Texture/Image/IconTools/IconBlueBasisterminal001.png	Assets/Product/Texture/Image/IconToolsSp/IconBlueBasisterminal001Sp.png	16388	4	10		99999				999					1	10		[211301001]	1	
2108	悬浮库洛洛图纸	类型：物件。	在家具改装时使用，可以将其他家具改装为悬浮库洛洛。	Assets/Product/Texture/Image/IconTools/IconBlueQudaokuro001.png	Assets/Product/Texture/Image/IconToolsSp/IconBlueQudaokuro001Sp.png	16388	4	10		99999				999					1	10		[211301001]	1	
2109	努比亚百宝箱图纸	类型：物件。	在家具改装时使用，可以将其他家具改装为努比亚游戏百宝箱。	Assets/Product/Texture/Image/IconTools/IconBlueBasisterminal001.png	Assets/Product/Texture/Image/IconToolsSp/IconBlueQudaokuro001Sp.png	16388	4	10		99999				999					1	10		[211301001]	1	
2110	分类垃圾箱图纸	类型：物件。	在家具改装时使用，可以将其他家具改装为分类垃圾箱。	Assets/Product/Texture/Image/IconTools/IconBlueQudaokuro002.png	Assets/Product/Texture/Image/IconToolsSp/IconBlueQudaokuro002Sp.png	16388	4	10		99999				999					1	10		[211301001]	1	
2111	三联装马桶图纸	类型：沙发。	在家具改装时使用，可以将其他家具改装为三联装马桶。	Assets/Product/Texture/Image/IconTools/IconBlueQudaokuro006.png	Assets/Product/Texture/Image/IconToolsSp/IconBlueQudaokuro006Sp.png	16388	4	10		99999				999					1	10		[211301001]	1	
2112	临时充电站图纸	类型：物件。	在家具改装时使用，可以将其他家具改装为临时充电站。	Assets/Product/Texture/Image/IconTools/IconBlueQudaokuro005.png	Assets/Product/Texture/Image/IconToolsSp/IconBlueQudaokuro005Sp.png	16388	4	10		99999				999					1	10		[211301001]	1	
2113	摄影机图纸	类型：物件。	在家具改装时使用，可以将其他家具改装为摄影机。	Assets/Product/Texture/Image/IconTools/IconBlueQudaokuro003.png	Assets/Product/Texture/Image/IconToolsSp/IconBlueQudaokuro003Sp.png	16388	4	10		99999				999					1	10		[211301001]	1	
2114	标准制式摩托图纸	类型：物件。	在家具改装时使用，可以将其他家具改装为标准制式摩托。	Assets/Product/Texture/Image/IconTools/IconBlueQudaokuro004.png	Assets/Product/Texture/Image/IconToolsSp/IconBlueQudaokuro004Sp.png	16388	4	10		99999				999					1	10		[211301001]	1	
2115	樱花折屏图纸	类型：隔断墙。	在家具改装时使用，可以将其他家具改装为樱花折屏。	Assets/Product/Texture/Image/IconTools/IconBlueQudaokuro006.png	Assets/Product/Texture/Image/IconToolsSp/IconBlueQudaokuro006Sp.png	16388	4	10		99999				999					1	10		[211301001]	3	
2116	挂柱灯笼图纸	类型：挂饰。	在家具改装时使用,可以将其他家具改装为挂柱灯笼。	Assets/Product/Texture/Image/IconTools/IconBlueTeahousepillar001.png	Assets/Product/Texture/Image/IconToolsSp/IconBlueTeahousepillar001Sp.png	16388	4	10		99999				999					1	10		[211301001]	7	
2117	中式茶几图纸	类型：桌子。	在家具改装时使用,可以将其他家具改装为中式茶几。	Assets/Product/Texture/Image/IconTools/IconBlueTeahousetable001.png	Assets/Product/Texture/Image/IconToolsSp/IconBlueTeahousetable001Sp.png	16388	4	10		99999				999					1	10		[211301001]	7	
2118	中式官帽椅图纸	类型：椅子。	在家具改装时使用,可以将其他家具改装为中式官帽椅。	Assets/Product/Texture/Image/IconTools/IconBlueTeahousechair001.png	Assets/Product/Texture/Image/IconToolsSp/IconBlueTeahousechair001Sp.png	16388	4	10		99999				999					1	10		[211301001]	7	
2119	中式案台图纸	类型：床。	在家具改装时使用,可以将其他家具改装为中式案台。	Assets/Product/Texture/Image/IconTools/IconBlueTeahousedesk001.png	Assets/Product/Texture/Image/IconToolsSp/IconBlueTeahousedesk001Sp.png	16388	4	10		99999				999					1	10		[211301001]	7	
2120	中式长凳图纸	类型：板凳。	在家具改装时使用,可以将其他家具改装为中式长凳。	Assets/Product/Texture/Image/IconTools/IconBlueTeahousebench001.png	Assets/Product/Texture/Image/IconToolsSp/IconBlueTeahousebench001Sp.png	16388	4	10		99999				999					1	10		[211301001]	7	
2121	中式五斗柜图纸	类型：柜子。	在家具改装时使用,可以将其他家具改装为中式五斗柜。	Assets/Product/Texture/Image/IconTools/IconBlueTeahousecupboard001.png	Assets/Product/Texture/Image/IconToolsSp/IconBlueTeahousecupboard001Sp.png	16388	4	10		99999				999					1	10		[211301001]	7	
2122	中式橱柜图纸	类型：矮柜。	在家具改装时使用,可以将其他家具改装为中式橱柜。	Assets/Product/Texture/Image/IconTools/IconBlueTeahousecredenza001.png	Assets/Product/Texture/Image/IconToolsSp/IconBlueTeahousecredenza001Sp.png	16388	4	10		99999				999					1	10		[211301001]	7	
2123	土陶酒坛图纸	类型：物件。	在家具改装时使用,可以将其他家具改装为土陶酒坛。	Assets/Product/Texture/Image/IconTools/IconBlueTeahouseflagon001.png	Assets/Product/Texture/Image/IconToolsSp/IconBlueTeahouseflagon001Sp.png	16388	4	10		99999				999					1	10		[211301001]	7	
2124	中式花几图纸	类型：物件。	在家具改装时使用,可以将其他家具改装为中式花几。	Assets/Product/Texture/Image/IconTools/IconBlueTeahouseflowervase001.png	Assets/Product/Texture/Image/IconToolsSp/IconBlueTeahouseflowervase001Sp.png	16388	4	10		99999				999					1	10		[211301001]	7	
2125	春联图纸	类型：挂饰。	在家具改装时使用,可以将其他家具改装为春联。	Assets/Product/Texture/Image/IconTools/IconBlueTeahousecouplet001.png	Assets/Product/Texture/Image/IconToolsSp/IconBlueTeahousecouplet001Sp.png	16388	4	10		99999				999					1	10		[211301001]	7	
2126	茶馆挂旗图纸	类型：挂饰。	在家具改装时使用,可以将其他家具改装为茶馆挂旗。	Assets/Product/Texture/Image/IconTools/IconBlueTeahouseflag001.png	Assets/Product/Texture/Image/IconToolsSp/IconBlueTeahouseflag001Sp.png	16388	4	10		99999				999					1	10		[211301001]	7	
2127	茶馆窗棂图纸	类型：挂饰。	在家具改装时使用,可以将其他家具改装为茶馆窗棂。	Assets/Product/Texture/Image/IconTools/IconBlueTeahousewindow001.png	Assets/Product/Texture/Image/IconToolsSp/IconBlueTeahousewindow001Sp.png	16388	4	10		99999				999					1	10		[211301001]	7	
2128	茶馆柜台图纸	类型：桌子。	在家具改装时使用,可以将其他家具改装为茶馆柜台。	Assets/Product/Texture/Image/IconTools/IconBlueTeahousecounter001.png	Assets/Product/Texture/Image/IconToolsSp/IconBlueTeahousecounter001Sp.png	16388	4	10		99999				999					1	10		[211301001]	7	
2129	中式落地灯图纸	类型：物件。	在家具改装时使用,可以将其他家具改装为中式落地灯。	Assets/Product/Texture/Image/IconTools/IconBlueTeahousefloorlamp001.png	Assets/Product/Texture/Image/IconToolsSp/IconBlueTeahousefloorlamp001Sp.png	16388	4	10		99999				999					1	10		[211301001]	7	
2130	中式屏风图纸	类型：物件。	在家具改装时使用,可以将其他家具改装为中式屏风。	Assets/Product/Texture/Image/IconTools/IconBlueTeahousescreen001.png	Assets/Product/Texture/Image/IconToolsSp/IconBlueTeahousescreen001Sp.png	16388	4	10		99999				999					1	10		[211301001]	7	
2131	中式卧榻图纸	类型：沙发。	在家具改装时使用,可以将其他家具改装为中式卧榻。	Assets/Product/Texture/Image/IconTools/IconBlueTeahousecouch001.png	Assets/Product/Texture/Image/IconToolsSp/IconBlueTeahousecouch001Sp.png	16388	4	10		99999				999					1	10		[211301001]	7	
2132	茶馆大门图纸	类型：墙。	在家具改装时使用,可以将其他家具改装为茶馆大门。	Assets/Product/Texture/Image/IconTools/IconBlueTeahousewall001.png	Assets/Product/Texture/Image/IconToolsSp/IconBlueTeahousewall001Sp.png	16388	4	10		99999				999					1	10		[211301001]	7	
2133	挂檐灯笼图纸	类型：天花板。	在家具改装时使用,可以将其他家具改装为挂檐灯笼。	Assets/Product/Texture/Image/IconTools/IconBlueTeahouseceiling001.png	Assets/Product/Texture/Image/IconToolsSp/IconBlueTeahouseceiling001Sp.png	16388	4	10		99999				999					1	10		[211301001]	7	
2134	中式地毯图纸	类型：地板。	在家具改装时使用,可以将其他家具改装为中式地毯。	Assets/Product/Texture/Image/IconTools/IconBlueTeahousefloor001.png	Assets/Product/Texture/Image/IconToolsSp/IconBlueTeahousefloor001Sp.png	16388	4	10		99999				999					1	10		[211301001]	7	
2135	故所穹顶图纸	类型：天花板。	在家具改装时使用,可以将其他家具改装为故所穹顶。	Assets/Product/Texture/Image/IconTools/IconBlueChurchceiling001.png	Assets/Product/Texture/Image/IconToolsSp/IconBlueChurchceiling001Sp.png	16388	4	10		99999				999					1	10		[211301001]	8	
2136	教堂地砖图纸	类型：地板。	在家具改装时使用,可以将其他家具改装为教堂地砖。	Assets/Product/Texture/Image/IconTools/IconBlueChurchfloor001.png	Assets/Product/Texture/Image/IconToolsSp/IconBlueChurchfloor001Sp.png	16388	4	10		99999				999					1	10		[211301001]	8	
2137	故所墙壁图纸	类型：墙。	在家具改装时使用,可以将其他家具改装为故所墙壁。	Assets/Product/Texture/Image/IconTools/IconBlueChurchwall002.png	Assets/Product/Texture/Image/IconToolsSp/IconBlueChurchwall002Sp.png	16388	4	10		99999				999					1	10		[211301001]	8	
2138	教堂长椅图纸	类型：沙发。	在家具改装时使用,可以将其他家具改装为教堂长椅。	Assets/Product/Texture/Image/IconTools/IconBlueChurchbench001.png	Assets/Product/Texture/Image/IconToolsSp/IconBlueChurchbench001Sp.png	16388	4	10		99999				999					1	10		[211301001]	8	
2139	圣柩图纸	类型：床。	在家具改装时使用,可以将其他家具改装为圣柩。	Assets/Product/Texture/Image/IconTools/IconBlueChurchcoffin001.png	Assets/Product/Texture/Image/IconToolsSp/IconBlueChurchcoffin001Sp.png	16388	4	10		99999				999					1	10		[211301001]	8	
2140	教堂壁龛图纸	类型：柜子。	在家具改装时使用,可以将其他家具改装为教堂壁龛。	Assets/Product/Texture/Image/IconTools/IconBlueChurchaedicula001.png	Assets/Product/Texture/Image/IconToolsSp/IconBlueChurchaedicula001Sp.png	16388	4	10		99999				999					1	10		[211301001]	8	
2141	教堂木椅图纸	类型：椅子。	在家具改装时使用,可以将其他家具改装为教堂木椅。	Assets/Product/Texture/Image/IconTools/IconBlueChurchchair001.png	Assets/Product/Texture/Image/IconToolsSp/IconBlueChurchchair001Sp.png	16388	4	10		99999				999					1	10		[211301001]	8	
2142	教堂钢琴椅图纸	类型：板凳。	在家具改装时使用,可以将其他家具改装为教堂钢琴椅。	Assets/Product/Texture/Image/IconTools/IconBlueChurchchair002.png	Assets/Product/Texture/Image/IconToolsSp/IconBlueChurchchair002Sp.png	16388	4	10		99999				999					1	10		[211301001]	8	
2143	教堂讲台图纸	类型：物件。	在家具改装时使用,可以将其他家具改装为教堂讲台。	Assets/Product/Texture/Image/IconTools/IconBlueChurchtable001.png	Assets/Product/Texture/Image/IconToolsSp/IconBlueChurchtable001Sp.png	16388	4	10		99999				999					1	10		[211301001]	8	
2144	地球仪图纸	类型：物件。	在家具改装时使用,可以将其他家具改装为地球仪。	Assets/Product/Texture/Image/IconTools/IconBlueChurchglobe001.png	Assets/Product/Texture/Image/IconToolsSp/IconBlueChurchglobe001Sp.png	16388	4	10		99999				999					1	10		[211301001]	8	
2145	圣十字架图纸	类型：物件。	在家具改装时使用,可以将其他家具改装为圣十字架。	Assets/Product/Texture/Image/IconTools/IconBlueChurchcross001.png	Assets/Product/Texture/Image/IconToolsSp/IconBlueChurchcross001Sp.png	16388	4	10		99999				999					1	10		[211301001]	8	
2146	教堂钢琴图纸	类型：物件。	在家具改装时使用,可以将其他家具改装为教堂钢琴。	Assets/Product/Texture/Image/IconTools/IconBlueChurchpiano001.png	Assets/Product/Texture/Image/IconToolsSp/IconBlueChurchpiano001Sp.png	16388	4	10		99999				999					1	10		[211301001]	8	
2147	教堂护栏图纸	类型：物件。	在家具改装时使用,可以将其他家具改装为教堂护栏。	Assets/Product/Texture/Image/IconTools/IconBlueChurchguardrail001.png	Assets/Product/Texture/Image/IconToolsSp/IconBlueChurchguardrail001Sp.png	16388	4	10		99999				999					1	10		[211301001]	8	
2148	教堂花坛图纸	类型：物件。	在家具改装时使用,可以将其他家具改装为教堂花坛。	Assets/Product/Texture/Image/IconTools/IconBlueChurchflowerbed001.png	Assets/Product/Texture/Image/IconToolsSp/IconBlueChurchflowerbed001Sp.png	16388	4	10		99999				999					1	10		[211301001]	8	
2149	教堂彩窗图纸	类型：挂饰。	在家具改装时使用,可以将其他家具改装为教堂彩窗。	Assets/Product/Texture/Image/IconTools/IconBlueChurchwindow001.png	Assets/Product/Texture/Image/IconToolsSp/IconBlueChurchwindow001Sp.png	16388	4	10		99999				999					1	10		[211301001]	8	
2150	斯诺画像图纸	类型：挂饰。	在家具改装时使用,可以将其他家具改装为斯诺画像。	Assets/Product/Texture/Image/IconTools/IconBlueChurchpaintings001.png	Assets/Product/Texture/Image/IconToolsSp/IconBlueChurchpaintings001Sp.png	16388	4	10		99999				999					1	10		[211301001]	8	
2151	圣旗图纸	类型：挂饰。	在家具改装时使用,可以将其他家具改装为圣旗。	Assets/Product/Texture/Image/IconTools/IconBlueChurchflag001.png	Assets/Product/Texture/Image/IconToolsSp/IconBlueChurchflag001Sp.png	16388	4	10		99999				999					1	10		[211301001]	8	
2152	教堂暗墙图纸	类型：挂饰。	在家具改装时使用,可以将其他家具改装为教堂暗墙。	Assets/Product/Texture/Image/IconTools/IconBlueChurchwall001.png	Assets/Product/Texture/Image/IconToolsSp/IconBlueChurchwall001Sp.png	16388	4	10		99999				999					1	10		[211301001]	8	
2153	九龙横幅图纸	类型：天花板。	在家具改装时使用,可以将其他家具改装为九龙横幅	Assets/Product/Texture/Image/IconTools/IconBlueCheckerboardCeiling001.png	Assets/Product/Texture/Image/IconToolsSp/IconBlueCheckerboardCeiling001.png	16388	4	10		99999				999					1	10		[211301001]	9	
2154	棋盘地板图纸	类型：地板。	在家具改装时使用,可以将其他家具改装为棋盘地板	Assets/Product/Texture/Image/IconTools/IconBlueCheckerboardfloor001.png	Assets/Product/Texture/Image/IconToolsSp/IconBlueCheckerboardfloor001.png	16388	4	10		99999				999					1	10		[211301001]	9	
2155	九龙舱壁图纸	类型：墙。	在家具改装时使用,可以将其他家具改装为九龙舱壁	Assets/Product/Texture/Image/IconTools/IconBlueCheckerboardwall001.png	Assets/Product/Texture/Image/IconToolsSp/IconBlueCheckerboardwall001.png	16388	4	10		99999				999					1	10		[211301001]	9	
2156	九龙长椅图纸	类型：沙发。	在家具改装时使用,可以将其他家具改装为九龙长椅	Assets/Product/Texture/Image/IconTools/IconBlueCheckerboardChair001.png	Assets/Product/Texture/Image/IconToolsSp/IconBlueCheckerboardChair001.png	16388	4	10		99999				999					1	10		[211301001]	9	
2157	九龙折叠床图纸	类型：床。	在家具改装时使用,可以将其他家具改装为九龙折叠床	Assets/Product/Texture/Image/IconTools/IconBlueCheckerboardBed.png	Assets/Product/Texture/Image/IconToolsSp/IconBlueCheckerboardBed.png	16388	4	10		99999				999					1	10		[211301001]	9	
2158	九龙置物架图纸	类型：柜子。	在家具改装时使用,可以将其他家具改装为九龙置物架	Assets/Product/Texture/Image/IconTools/IconBlueCheckerboardcabinet001.png	Assets/Product/Texture/Image/IconToolsSp/IconBlueCheckerboardcabinet001.png	16388	4	10		99999				999					1	10		[211301001]	9	
2159	九龙方鼎图纸	类型：物件。	在家具改装时使用,可以将其他家具改装为九龙方鼎	Assets/Product/Texture/Image/IconTools/IconBlueCheckerboardtripod.png	Assets/Product/Texture/Image/IconToolsSp/IconBlueCheckerboardtripod.png	16388	4	10		99999				999					1	10		[211301001]	9	
2160	棋子—兵(红)图纸	类型：物件。	在家具改装时使用,可以将其他家具改装为棋子—兵（红）	Assets/Product/Texture/Image/IconTools/IconBlueQR0GouzaotishibingMd010011.png	Assets/Product/Texture/Image/IconToolsSp/IconBlueQR0GouzaotishibingMd010011.png	16388	4	10		99999				999					1	10		[211301001]	9	
2161	棋子—卒(黑)图纸	类型：物件。	在家具改装时使用,可以将其他家具改装为棋子—卒（黑）	Assets/Product/Texture/Image/IconTools/IconBlueQR0ShaojiejipaoMd010011.png	Assets/Product/Texture/Image/IconToolsSp/IconBlueQR0ShaojiejipaoMd010011.png	16388	4	10		99999				999					1	10		[211301001]	9	
2162	棋子—士(黑)图纸	类型：物件。	在家具改装时使用,可以将其他家具改装为棋子—士（黑）	Assets/Product/Texture/Image/IconTools/IconBlueQR0TifaMd010011.png	Assets/Product/Texture/Image/IconToolsSp/IconBlueQR0TifaMd010011.png	16388	4	10		99999				999					1	10		[211301001]	9	
2163	棋子—象(黑)图纸	类型：物件。	在家具改装时使用,可以将其他家具改装为棋子—象（黑）	Assets/Product/Texture/Image/IconTools/IconBlueQR0GuanjiaMd010011.png	Assets/Product/Texture/Image/IconToolsSp/IconBlueQR0GuanjiaMd010011.png	16388	4	10		99999				999					1	10		[211301001]	9	
2164	棋子—车(黑)图纸	类型：物件。	在家具改装时使用,可以将其他家具改装为棋子—车（黑）	Assets/Product/Texture/Image/IconTools/IconBlueQR0ChangmaoMd010011.png	Assets/Product/Texture/Image/IconToolsSp/IconBlueQR0ChangmaoMd010011.png	16388	4	10		99999				999					1	10		[211301001]	9	
2165	棋子—炮(黑)图纸	类型：物件。	在家具改装时使用,可以将其他家具改装为棋子—炮（黑）	Assets/Product/Texture/Image/IconTools/IconBlueQR0GongjianMd010011.png	Assets/Product/Texture/Image/IconToolsSp/IconBlueQR0GongjianMd010011.png	16388	4	10		99999				999					1	10		[211301001]	9	
2166	棋子—将(黑)图纸	类型：物件。	在家具改装时使用,可以将其他家具改装为棋子—将（黑）	Assets/Product/Texture/Image/IconTools/IconBlueQR0LuolanMd010011.png	Assets/Product/Texture/Image/IconToolsSp/IconBlueQR0LuolanMd010011.png	16388	4	10		99999				999					1	10		[211301001]	9	
2167	棋子—马(黑)图纸	类型：物件。	在家具改装时使用,可以将其他家具改装为棋子—马（黑）	Assets/Product/Texture/Image/IconTools/IconBlueQR0LuosaitaMd010011.png	Assets/Product/Texture/Image/IconToolsSp/IconBlueQR0LuosaitaMd010011.png	16388	4	10		99999				999					1	10		[211301001]	9	
2168	棋子—炮(红)图纸	类型：物件。	在家具改装时使用,可以将其他家具改装为棋子—炮（红）	Assets/Product/Texture/Image/IconTools/IconBlueQR0KalieninaMd010011.png	Assets/Product/Texture/Image/IconToolsSp/IconBlueQR0KalieninaMd010011.png	16388	4	10		99999				999					1	10		[211301001]	9	
2169	棋子—帅(红)图纸	类型：物件。	在家具改装时使用,可以将其他家具改装为棋子—帅（红）	Assets/Product/Texture/Image/IconTools/IconBlueQR0QishiMd010011.png	Assets/Product/Texture/Image/IconToolsSp/IconBlueQR0QishiMd010011.png	16388	4	10		99999				999					1	10		[211301001]	9	
2170	棋子—相(红)图纸	类型：物件。	在家具改装时使用,可以将其他家具改装为棋子—相（红）	Assets/Product/Texture/Image/IconTools/IconBlueQR0LiMd010011.png	Assets/Product/Texture/Image/IconToolsSp/IconBlueQR0LiMd010011.png	16388	4	10		99999				999					1	10		[211301001]	9	
2171	棋子—马(红)图纸	类型：物件。	在家具改装时使用,可以将其他家具改装为棋子—马（红）	Assets/Product/Texture/Image/IconTools/IconBlueQR0LuxiyaMd010011.png	Assets/Product/Texture/Image/IconToolsSp/IconBlueQR0LuxiyaMd010011.png	16388	4	10		99999				999					1	10		[211301001]	9	
2172	棋子—仕(红)图纸	类型：物件。	在家具改装时使用,可以将其他家具改装为棋子—仕（红）	Assets/Product/Texture/Image/IconTools/IconBlueQR0LifuMd010011.png	Assets/Product/Texture/Image/IconToolsSp/IconBlueQR0LifuMd010011.png	16388	4	10		99999				999					1	10		[211301001]	9	
2173	棋子—车(红)图纸	类型：物件。	在家具改装时使用,可以将其他家具改装为棋子—车（红）	Assets/Product/Texture/Image/IconTools/IconBlueQR0ShenweiMd010011.png	Assets/Product/Texture/Image/IconToolsSp/IconBlueQR0ShenweiMd010011.png	16388	4	10		99999				999					1	10		[211301001]	9	
2174	九龙圆窗图纸	类型：挂饰。	在家具改装时使用,可以将其他家具改装为九龙圆窗	Assets/Product/Texture/Image/IconTools/IconBlueCheckerboardwindow001.png	Assets/Product/Texture/Image/IconToolsSp/IconBlueCheckerboardwindow001.png	16388	4	10		99999				999					1	10		[211301001]	9	
2175	交易面板图纸	类型：挂饰。	在家具改装时使用,可以将其他家具改装为交易面板	Assets/Product/Texture/Image/IconTools/IconBlueCheckerboardwenli001.png	Assets/Product/Texture/Image/IconToolsSp/IconBlueCheckerboardwenli001.png	16388	4	10		99999				999					1	10		[211301001]	9	
2176	浅滩鱼缸图纸	类型：物件。	在家具改装时使用,可以将其他家具改装为浅滩鱼缸	Assets/Product/Texture/Image/IconTools/IconBlueSeascapefishtank001.png	Assets/Product/Texture/Image/IconToolsSp/IconBlueSeascapefishtank001Sp.png	16388	4	10		99999				999					1	10		[211301001]	10	
2177	海岛房梁图纸	类型：天花板。	在家具改装时使用,可以将其他家具改装为海岛房梁	Assets/Product/Texture/Image/IconTools/IconBlueSeascapeceiling001.png	Assets/Product/Texture/Image/IconToolsSp/IconBlueSeascapeceiling001Sp.png	16388	4	10		99999				999					1	10		[211301001]	10	
2178	海岛地砖图纸	类型：地板。	在家具改装时使用,可以将其他家具改装为海岛地砖	Assets/Product/Texture/Image/IconTools/IconBlueSeascapefloor001.png	Assets/Product/Texture/Image/IconToolsSp/IconBlueSeascapefloor001Sp.png	16388	4	10		99999				999					1	10		[211301001]	10	
2179	海滨木墙图纸	类型：墙。	在家具改装时使用,可以将其他家具改装为海滨木墙	Assets/Product/Texture/Image/IconTools/IconBlueSeascapewall.png	Assets/Product/Texture/Image/IconToolsSp/IconBlueSeascapewallSp.png	16388	4	10		99999				999					1	10		[211301001]	10	
2180	海滨酒柜图纸	类型：柜子。	在家具改装时使用,可以将其他家具改装为海滨酒柜	Assets/Product/Texture/Image/IconTools/IconBlueSeascapecabinet001.png	Assets/Product/Texture/Image/IconToolsSp/IconBlueSeascapecabinet001Sp.png	16388	4	10		99999				999					1	10		[211301001]	10	
2181	海岛娱乐桌图纸	类型：桌子。	在家具改装时使用,可以将其他家具改装为海岛娱乐桌	Assets/Product/Texture/Image/IconTools/IconBlueSeascapeTable001.png	Assets/Product/Texture/Image/IconToolsSp/IconBlueSeascapeTable001Sp.png	16388	4	10		99999				999					1	10		[211301001]	10	
2182	海岛落地窗图纸	类型：挂饰。	在家具改装时使用,可以将其他家具改装为海岛落地窗	Assets/Product/Texture/Image/IconTools/IconBlueSeascapewindow002.png	Assets/Product/Texture/Image/IconToolsSp/IconBlueSeascapewindow002Sp.png	16388	4	10		99999				999					1	10		[211301001]	10	
2183	海岛窗台图纸	类型：挂饰。	在家具改装时使用,可以将其他家具改装为海岛窗台	Assets/Product/Texture/Image/IconTools/IconBlueSeascapewindow001.png	Assets/Product/Texture/Image/IconToolsSp/IconBlueSeascapewindow001Sp.png	16388	4	10		99999				999					1	10		[211301001]	10	
2184	海岛长桌图纸	类型：桌子。	在家具改装时使用,可以将其他家具改装为海岛长桌	Assets/Product/Texture/Image/IconTools/IconBlueSeascapePooltable001.png	Assets/Product/Texture/Image/IconToolsSp/IconBlueSeascapePooltable001Sp.png	16388	4	10		99999				999					1	10		[211301001]	10	
2185	海岛沙发图纸	类型：沙发。	在家具改装时使用,可以将其他家具改装为海岛沙发	Assets/Product/Texture/Image/IconTools/IconBlueSeascapesofa001.png	Assets/Product/Texture/Image/IconToolsSp/IconBlueSeascapesofa001Sp.png	16388	4	10		99999				999					1	10		[211301001]	10	
2186	海岛壁画图纸	类型：挂饰。	在家具改装时使用,可以将其他家具改装为海岛壁画	Assets/Product/Texture/Image/IconTools/IconBlueSeascapeFrame001.png	Assets/Product/Texture/Image/IconToolsSp/IconBlueSeascapeFrame001Sp.png	16388	4	10		99999				999					1	10		[211301001]	10	
2187	海岛泳圈图纸	类型：挂饰。	在家具改装时使用,可以将其他家具改装为海岛泳圈	Assets/Product/Texture/Image/IconTools/IconBlueSeascapeSwimmingring001.png	Assets/Product/Texture/Image/IconToolsSp/IconBlueSeascapeSwimmingring001Sp.png	16388	4	10		99999				999					1	10		[211301001]	10	
2188	海岛小椅图纸	类型：椅子。	在家具改装时使用,可以将其他家具改装为海岛小椅	Assets/Product/Texture/Image/IconTools/IconBlueSeascapechair001.png	Assets/Product/Texture/Image/IconToolsSp/IconBlueSeascapechair001Sp.png	16388	4	10		99999				999					1	10		[211301001]	10	
2189	海滨壁灯图纸	类型：挂饰。	在家具改装时使用,可以将其他家具改装为海滨壁灯	Assets/Product/Texture/Image/IconTools/IconBlueSeascapelamp001.png	Assets/Product/Texture/Image/IconToolsSp/IconBlueSeascapelamp001Sp.png	16388	4	10		99999				999					1	10		[211301001]	10	
2190	海滨床铺图纸	类型：床。	在家具改装时使用,可以将其他家具改装为海滨床铺	Assets/Product/Texture/Image/IconTools/IconBlueSeascapeship001.png	Assets/Product/Texture/Image/IconToolsSp/IconBlueSeascapeship001Sp.png	16388	4	10		99999				999					1	10		[211301001]	10	
2191	肯德基价目表图纸	类型：挂饰。	在家具改装时使用,可以将其他家具改装为肯德基价目表	Assets/Product/Texture/Image/IconTools/IconBlueCheckerboardtripod.png	Assets/Product/Texture/Image/IconToolsSp/IconBlueCheckerboardtripod.png	16388	4	10		99999				999					1	10		[211301001]	1	
2192	肯德基收银台图纸	类型：桌子。	在家具改装时使用,可以将其他家具改装为肯德基收银台	Assets/Product/Texture/Image/IconTools/IconBlueCheckerboardtripod.png	Assets/Product/Texture/Image/IconToolsSp/IconBlueCheckerboardtripod.png	16388	4	10		99999				999					1	10		[211301001]	1	
2193	肯德基海报图纸	类型：挂饰。	在家具改装时使用,可以将其他家具改装为肯德基海报	Assets/Product/Texture/Image/IconTools/IconBlueCheckerboardtripod.png	Assets/Product/Texture/Image/IconToolsSp/IconBlueCheckerboardtripod.png	16388	4	10		99999				999					1	10		[211301001]	1	
2194	肯德基展示架图纸	类型：物件。	在家具改装时使用,可以将其他家具改装为肯德基展示架	Assets/Product/Texture/Image/IconTools/IconBlueCheckerboardtripod.png	Assets/Product/Texture/Image/IconToolsSp/IconBlueCheckerboardtripod.png	16388	4	10		99999				999					1	10		[211301001]	1	
2195	融雪烤炉图纸	类型：物件。	在家具改装时使用,可以将其他家具改装为融雪烤炉	Assets/Product/Texture/Image/IconTools/IconBlueWoodenBarbecues001.png	Assets/Product/Texture/Image/IconToolsSp/IconBlueWoodenBarbecues001Sp.png	16388	4	10		99999				999					1	10		[211301001]	11	
2196	凛冬天穹图纸	类型：天花板。	在家具改装时使用,可以将其他家具改装为凛冬天穹	Assets/Product/Texture/Image/IconTools/IconBlueWoodenCeiling001.png	Assets/Product/Texture/Image/IconToolsSp/IconBlueWoodenCeiling001Sp.png	16388	4	10		99999				999					1	10		[211301001]	11	
2197	雪纹地板图纸	类型：地板。	在家具改装时使用,可以将其他家具改装为雪纹地板	Assets/Product/Texture/Image/IconTools/IconBlueWoodenFloor.png	Assets/Product/Texture/Image/IconToolsSp/IconBlueWoodenFloorSp.png	16388	4	10		99999				999					1	10		[211301001]	11	
2198	凛冬坚壁图纸	类型：墙。	在家具改装时使用,可以将其他家具改装为凛冬坚壁	Assets/Product/Texture/Image/IconTools/IconBlueWoodenWall001.png	Assets/Product/Texture/Image/IconToolsSp/IconBlueWoodenWall001Sp.png	16388	4	10		99999				999					1	10		[211301001]	11	
2199	凛冬立柜图纸	类型：柜子。	在家具改装时使用,可以将其他家具改装为凛冬立柜	Assets/Product/Texture/Image/IconTools/IconBlueWoodenCabinet001.png	Assets/Product/Texture/Image/IconToolsSp/IconBlueWoodenCabinet001Sp.png	16388	4	10		99999				999					1	10		[211301001]	11	
2200	凛冬木桌图纸	类型：桌子。	在家具改装时使用,可以将其他家具改装为凛冬木桌	Assets/Product/Texture/Image/IconTools/IconBlueWoodenDesk001.png	Assets/Product/Texture/Image/IconToolsSp/IconBlueWoodenDesk001Sp.png	16388	4	10		99999				999					1	10		[211301001]	11	
2201	永冬之窗图纸	类型：挂饰。	在家具改装时使用,可以将其他家具改装为永冬之窗	Assets/Product/Texture/Image/IconTools/IconBlueWoodenWindow001.png	Assets/Product/Texture/Image/IconToolsSp/IconBlueWoodenWindow001Sp.png	16388	4	10		99999				999					1	10		[211301001]	11	
2202	冰裂印象图纸	类型：挂饰。	在家具改装时使用,可以将其他家具改装为冰裂印象	Assets/Product/Texture/Image/IconTools/IconBlueWoodenArt001.png	Assets/Product/Texture/Image/IconToolsSp/IconBlueWoodenArt001Sp.png	16388	4	10		99999				999					1	10		[211301001]	11	
2203	融雪圆桌图纸	类型：桌子。	在家具改装时使用,可以将其他家具改装为融雪圆桌	Assets/Product/Texture/Image/IconTools/IconBlueWoodenTable001.png	Assets/Product/Texture/Image/IconToolsSp/IconBlueWoodenTable001Sp.png	16388	4	10		99999				999					1	10		[211301001]	11	
2204	融雪沙发图纸	类型：沙发。	在家具改装时使用,可以将其他家具改装为融雪沙发	Assets/Product/Texture/Image/IconTools/IconBlueWoodenSofa001.png	Assets/Product/Texture/Image/IconToolsSp/IconBlueWoodenSofa001Sp.png	16388	4	10		99999				999					1	10		[211301001]	11	
2205	夜雪木柜图纸	类型：物件。	在家具改装时使用,可以将其他家具改装为夜雪木柜	Assets/Product/Texture/Image/IconTools/IconBlueWoodenTable002.png	Assets/Product/Texture/Image/IconToolsSp/IconBlueWoodenTable002Sp.png	16388	4	10		99999				999					1	10		[211301001]	11	
2206	雪纹折叠凳图纸	类型：小件-板凳。	在家具改装时使用,可以将其他家具改装为雪纹折叠凳	Assets/Product/Texture/Image/IconTools/IconBlueWoodenChair001.png	Assets/Product/Texture/Image/IconToolsSp/IconBlueWoodenChair001Sp.png	16388	4	10		99999				999					1	10		[211301001]	11	
2207	凛冬壁灯图纸	类型：挂饰。	在家具改装时使用,可以将其他家具改装为凛冬壁灯	Assets/Product/Texture/Image/IconTools/IconBlueWoodenLamp001.png	Assets/Product/Texture/Image/IconToolsSp/IconBlueWoodenLamp001Sp.png	16388	4	10		99999				999					1	10		[211301001]	11	
2208	融雪木床图纸	类型：床。	在家具改装时使用,可以将其他家具改装为融雪木床	Assets/Product/Texture/Image/IconTools/IconBlueWoodenBed001.png	Assets/Product/Texture/Image/IconToolsSp/IconBlueWoodenBed001Sp.png	16388	4	10		99999				999					1	10		[211301001]	11	
2209	夜雪之窗图纸	类型：挂饰。	在家具改装时使用,可以将其他家具改装为夜雪之窗	Assets/Product/Texture/Image/IconTools/IconBlueWoodenWindow002.png	Assets/Product/Texture/Image/IconToolsSp/IconBlueWoodenWindow002Sp.png	16388	4	10		99999				999					1	10		[211301001]	11	
2210	凛冬狩猎图纸	类型：挂饰。	在家具改装时使用,可以将其他家具改装为凛冬狩猎	Assets/Product/Texture/Image/IconTools/IconBlueWoodenPendant001.png	Assets/Product/Texture/Image/IconToolsSp/IconBlueWoodenPendant001Sp.png	16388	4	10		99999				999					1	10		[211301001]	11	
2211	赎罪高台图纸	类型：沙发。	在家具改装时使用,可以将其他家具改装为赎罪高台	Assets/Product/Texture/Image/IconTools/IconBlueBoss001.png	Assets/Product/Texture/Image/IconToolsSp/IconBlueBoss001Sp.png	16388	4	10		99999				999					1	10		[211301001]	1	
2212	阁楼笑语图纸	类型：天花板。	在家具改装时使用,可以将其他家具改装为阁楼笑语	Assets/Product/Texture/Image/IconTools/IconBlueHalloweenCeiling001.png	Assets/Product/Texture/Image/IconToolsSp/IconBlueHalloweenCeiling001Sp.png	16388	4	10		99999				999					1	10		[211301001]	12	
2213	卜星地砖图纸	类型：地板。	在家具改装时使用,可以将其他家具改装为卜星地砖	Assets/Product/Texture/Image/IconTools/IconBlueHalloweenFloor001.png	Assets/Product/Texture/Image/IconToolsSp/IconBlueHalloweenFloor001Sp.png	16388	4	10		99999				999					1	10		[211301001]	12	
2214	卜星帷幕图纸	类型：墙。	在家具改装时使用,可以将其他家具改装为卜星帷幕	Assets/Product/Texture/Image/IconTools/IconBlueHalloweenWall001.png	Assets/Product/Texture/Image/IconToolsSp/IconBlueHalloweenWall001Sp.png	16388	4	10		99999				999					1	10		[211301001]	12	
2215	甜蜜柜子图纸	类型：柜子。	在家具改装时使用,可以将其他家具改装为甜蜜柜子	Assets/Product/Texture/Image/IconTools/IconBlueHalloweenCabinet001.png	Assets/Product/Texture/Image/IconToolsSp/IconBlueHalloweenCabinet001Sp.png	16388	4	10		99999				999					1	10		[211301001]	12	
2216	卜星圆桌图纸	类型：桌子。	在家具改装时使用,可以将其他家具改装为卜星圆桌	Assets/Product/Texture/Image/IconTools/IconBlueHalloweenTable001.png	Assets/Product/Texture/Image/IconToolsSp/IconBlueHalloweenTable001Sp.png	16388	4	10		99999				999					1	10		[211301001]	12	
2217	卜星茶几图纸	类型：矮柜。	在家具改装时使用,可以将其他家具改装为卜星茶几	Assets/Product/Texture/Image/IconTools/IconBlueHalloweenCabinet002.png	Assets/Product/Texture/Image/IconToolsSp/IconBlueHalloweenCabinet002Sp.png	16388	4	10		99999				999					1	10		[211301001]	12	
2218	卜星长沙发图纸	类型：沙发。	在家具改装时使用,可以将其他家具改装为卜星长沙发	Assets/Product/Texture/Image/IconTools/IconBlueHalloweenSofa001.png	Assets/Product/Texture/Image/IconToolsSp/IconBlueHalloweenSofa001Sp.png	16388	4	10		99999				999					1	10		[211301001]	12	
2219	卜星软凳图纸	类型：椅子。	在家具改装时使用,可以将其他家具改装为卜星软凳	Assets/Product/Texture/Image/IconTools/IconBlueHalloweenChair001.png	Assets/Product/Texture/Image/IconToolsSp/IconBlueHalloweenChair001Sp.png	16388	4	10		99999				999					1	10		[211301001]	12	
2220	薄纱幕帘图纸	类型：床。	在家具改装时使用,可以将其他家具改装为薄纱幕帘	Assets/Product/Texture/Image/IconTools/IconBlueHalloweenBed001.png	Assets/Product/Texture/Image/IconToolsSp/IconBlueHalloweenBed001Sp.png	16388	4	10		99999				999					1	10		[211301001]	12	
2221	神秘煮锅图纸	类型：物件。	在家具改装时使用,可以将其他家具改装为神秘煮锅	Assets/Product/Texture/Image/IconTools/IconBlueHalloweenPan001.png	Assets/Product/Texture/Image/IconToolsSp/IconBlueHalloweenPan001Sp.png	16388	4	10		99999				999					1	10		[211301001]	12	
2222	神秘纱帐图纸	类型：隔离墙。	在家具改装时使用,可以将其他家具改装为神秘纱帐	Assets/Product/Texture/Image/IconTools/IconBlueHalloweenCurtain001.png	Assets/Product/Texture/Image/IconToolsSp/IconBlueHalloweenCurtain001Sp.png	16388	4	10		99999				999					1	10		[211301001]	12	
2223	卜星地毯图纸	类型：物件。	在家具改装时使用,可以将其他家具改装为卜星地毯	Assets/Product/Texture/Image/IconTools/IconBlueHalloweenCarpet001.png	Assets/Product/Texture/Image/IconToolsSp/IconBlueHalloweenCarpet001Sp.png	16388	4	10		99999				999					1	10		[211301001]	12	
2224	卜星烛台图纸	类型：物件。	在家具改装时使用,可以将其他家具改装为卜星烛台	Assets/Product/Texture/Image/IconTools/IconBlueHalloweenCandlestick001.png	Assets/Product/Texture/Image/IconToolsSp/IconBlueHalloweenCandlestick001Sp.png	16388	4	10		99999				999					1	10		[211301001]	12	
2225	狂欢立牌图纸	类型：物件。	在家具改装时使用,可以将其他家具改装为狂欢立牌	Assets/Product/Texture/Image/IconTools/IconBlueHalloweenBrand001.png	Assets/Product/Texture/Image/IconToolsSp/IconBlueHalloweenBrand001Sp.png	16388	4	10		99999				999					1	10		[211301001]	12	
2226	糖彩壁纸图纸	类型：墙。	在家具改装时使用,可以将其他家具改装为糖彩壁纸	Assets/Product/Texture/Image/IconTools/IconBlueChildrenwall001.png	Assets/Product/Texture/Image/IconToolsSp/IconBlueChildrenwall001Sp.png	16388	4	10		99999				999					1	10		[211301001]	13	
2227	糖彩地板图纸	类型：地板。	在家具改装时使用,可以将其他家具改装为糖彩地板	Assets/Product/Texture/Image/IconTools/IconBlueChildrenfloor001.png	Assets/Product/Texture/Image/IconToolsSp/IconBlueChildrenfloor001Sp.png	16388	4	10		99999				999					1	10		[211301001]	13	
2228	糖彩旗帜图纸	类型：天花板。	在家具改装时使用,可以将其他家具改装为糖彩旗帜	Assets/Product/Texture/Image/IconTools/IconBlueChildrenCeiling001.png	Assets/Product/Texture/Image/IconToolsSp/IconBlueChildrenCeiling001Sp.png	16388	4	10		99999				999					1	10		[211301001]	13	
2229	烘焙小铺图纸	类型：柜子。	在家具改装时使用,可以将其他家具改装为烘焙小铺	Assets/Product/Texture/Image/IconTools/IconBlueChildrenHouse001.png	Assets/Product/Texture/Image/IconToolsSp/IconBlueChildrenHouse001Sp.png	16388	4	10		99999				999					1	10		[211301001]	13	
2230	慕斯角桌图纸	类型：桌子。	在家具改装时使用,可以将其他家具改装为慕斯角桌	Assets/Product/Texture/Image/IconTools/IconBlueChildrenTable001.png	Assets/Product/Texture/Image/IconToolsSp/IconBlueChildrenTable001Sp.png	16388	4	10		99999				999					1	10		[211301001]	13	
2231	马卡龙连凳图纸	类型：沙发。	在家具改装时使用,可以将其他家具改装为马卡龙连凳	Assets/Product/Texture/Image/IconTools/IconBlueChildrenSofa001.png	Assets/Product/Texture/Image/IconToolsSp/IconBlueChildrenSofa001Sp.png	16388	4	10		99999				999					1	10		[211301001]	13	
2232	甜梦角鲸图纸	类型：床。	在家具改装时使用,可以将其他家具改装为甜梦角鲸	Assets/Product/Texture/Image/IconTools/IconBlueChildrenBed001.png	Assets/Product/Texture/Image/IconToolsSp/IconBlueChildrenBed001Sp.png	16388	4	10		99999				999					1	10		[211301001]	13	
2233	甜梦放映机图纸	类型：物件。	在家具改装时使用,可以将其他家具改装为甜梦放映机	Assets/Product/Texture/Image/IconTools/IconBlueChildrencamera001.png	Assets/Product/Texture/Image/IconToolsSp/IconBlueChildrencamera001Sp.png	16388	4	10		99999				999					1	10		[211301001]	13	
2234	波奇隔断图纸	类型：隔离墙。	在家具改装时使用,可以将其他家具改装为波奇隔断	Assets/Product/Texture/Image/IconTools/IconBlueChildrenRailing001.png	Assets/Product/Texture/Image/IconToolsSp/IconBlueChildrenRailing001Sp.png	16388	4	10		99999				999					1	10		[211301001]	13	
2235	糖彩盆栽图纸	类型：物件。	在家具改装时使用,可以将其他家具改装为糖彩盆栽	Assets/Product/Texture/Image/IconTools/IconBlueChildrenpotting001.png	Assets/Product/Texture/Image/IconToolsSp/IconBlueChildrenpotting001Sp.png	16388	4	10		99999				999					1	10		[211301001]	13	
2236	彩奇黑巧图纸	类型：物件。	在家具改装时使用,可以将其他家具改装为彩奇黑巧	Assets/Product/Texture/Image/IconTools/IconBlueChildrenFan001.png	Assets/Product/Texture/Image/IconToolsSp/IconBlueChildrenFan001Sp.png	16388	4	10		99999				999					1	10		[211301001]	13	
2237	甜蜜制造图纸	类型：物件。	在家具改装时使用,可以将其他家具改装为甜蜜制造	Assets/Product/Texture/Image/IconTools/IconBlueChildrenSlide001.png	Assets/Product/Texture/Image/IconToolsSp/IconBlueChildrenSlide001Sp.png	16388	4	10		99999				999					1	10		[211301001]	13	
2238	旋转彩圈图纸	类型：物件。	在家具改装时使用,可以将其他家具改装为旋转彩圈	Assets/Product/Texture/Image/IconTools/IconBlueChildrenDragee001.png	Assets/Product/Texture/Image/IconToolsSp/IconBlueChildrenDragee001Sp.png	16388	4	10		99999				999					1	10		[211301001]	13	
2239	甜梦水晶图纸	类型：物件。	在家具改装时使用,可以将其他家具改装为甜梦水晶	Assets/Product/Texture/Image/IconTools/IconBlueChildrensphere001.png	Assets/Product/Texture/Image/IconToolsSp/IconBlueChildrensphere001Sp.png	16388	4	10		99999				999					1	10		[211301001]	13	
2240	糖彩橱窗图纸	类型：挂饰。	在家具改装时使用,可以将其他家具改装为糖彩橱窗	Assets/Product/Texture/Image/IconTools/IconBlueChildrenWindow001.png	Assets/Product/Texture/Image/IconToolsSp/IconBlueChildrenWindow001Sp.png	16388	4	10		99999				999					1	10		[211301001]	13	
2241	糖彩镖盘图纸	类型：挂饰。	在家具改装时使用,可以将其他家具改装为糖彩镖盘	Assets/Product/Texture/Image/IconTools/IconBlueChildrenDartboard001.png	Assets/Product/Texture/Image/IconToolsSp/IconBlueChildrenDartboard001Sp.png	16388	4	10		99999				999					1	10		[211301001]	13	
2242	马卡龙凳(绿)图纸	类型：椅子。	在家具改装时使用,可以将其他家具改装为马卡龙软凳(绿)	Assets/Product/Texture/Image/IconTools/IconBlueChildrenSofa003.png	Assets/Product/Texture/Image/IconToolsSp/IconBlueChildrenSofa003Sp.png	16388	4	10		99999				999					1	10		[211301001]	13	
2243	马卡龙凳(紫)图纸	类型：椅子。	在家具改装时使用,可以将其他家具改装为马卡龙软凳(紫)	Assets/Product/Texture/Image/IconTools/IconBlueChildrenSofa002.png	Assets/Product/Texture/Image/IconToolsSp/IconBlueChildrenSofa002Sp.png	16388	4	10		99999				999					1	10		[211301001]	13	
2244	马卡龙凳(黄)图纸	类型：椅子。	在家具改装时使用,可以将其他家具改装为马卡龙软凳(黄)	Assets/Product/Texture/Image/IconTools/IconBlueChildrenSofa004.png	Assets/Product/Texture/Image/IconToolsSp/IconBlueChildrenSofa004Sp.png	16388	4	10		99999				999					1	10		[211301001]	13	
2245	戏园幕墙图纸	类型：墙。	在家具改装时使用,可以将其他家具改装为戏园幕墙	Assets/Product/Texture/Image/IconTools/IconBlueTheaterWall001.png	Assets/Product/Texture/Image/IconToolsSp/IconBlueTheaterWall001Sp.png	16388	4	10		99999				999					1	10		[211301001]	14	
2246	戏园地毯图纸	类型：地板。	在家具改装时使用,可以将其他家具改装为戏园地毯	Assets/Product/Texture/Image/IconTools/IconBlueTheaterFloor001.png	Assets/Product/Texture/Image/IconToolsSp/IconBlueTheaterFloor001Sp.png	16388	4	10		99999				999					1	10		[211301001]	14	
2247	垂伞横梁图纸	类型：天花板。	在家具改装时使用,可以将其他家具改装为垂伞横梁	Assets/Product/Texture/Image/IconTools/IconBlueTheaterCeiling001.png	Assets/Product/Texture/Image/IconToolsSp/IconBlueTheaterCeiling001Sp.png	16388	4	10		99999				999					1	10		[211301001]	14	
2248	戏园寝榻图纸	类型：床。	在家具改装时使用,可以将其他家具改装为戏园寝榻	Assets/Product/Texture/Image/IconTools/IconBlueTheaterBed001.png	Assets/Product/Texture/Image/IconToolsSp/IconBlueTheaterBed001Sp.png	16388	4	10		99999				999					1	10		[211301001]	14	
2249	席地明灯图纸	类型：物件。	在家具改装时使用,可以将其他家具改装为席地明灯	Assets/Product/Texture/Image/IconTools/IconBlueTheaterLamp001.png	Assets/Product/Texture/Image/IconToolsSp/IconBlueTheaterLamp001Sp.png	16388	4	10		99999				999					1	10		[211301001]	14	
2250	竹香屏风图纸	类型：隔离墙。	在家具改装时使用,可以将其他家具改装为竹香屏风	Assets/Product/Texture/Image/IconTools/IconBlueTheaterScreen001.png	Assets/Product/Texture/Image/IconToolsSp/IconBlueTheaterScreen001Sp.png	16388	4	10		99999				999					1	10		[211301001]	14	
2251	戏园立灯图纸	类型：物件。	在家具改装时使用,可以将其他家具改装为戏园立灯	Assets/Product/Texture/Image/IconTools/IconBlueTheaterLamp002.png	Assets/Product/Texture/Image/IconToolsSp/IconBlueTheaterLamp002Sp.png	16388	4	10		99999				999					1	10		[211301001]	14	
2252	戏园惊鼓图纸	类型：物件。	在家具改装时使用,可以将其他家具改装为戏园惊鼓	Assets/Product/Texture/Image/IconTools/IconBlueTheaterDrum001.png	Assets/Product/Texture/Image/IconToolsSp/IconBlueTheaterDrum001Sp.png	16388	4	10		99999				999					1	10		[211301001]	14	
2253	青曲戏台图纸	类型：物件。	在家具改装时使用,可以将其他家具改装为青曲戏台	Assets/Product/Texture/Image/IconTools/IconBlueTheaterStage001.png	Assets/Product/Texture/Image/IconToolsSp/IconBlueTheaterStage001Sp.png	16388	4	10		99999				999					1	10		[211301001]	14	
2254	仙云饰架图纸	类型：物件。	在家具改装时使用,可以将其他家具改装为仙云饰架	Assets/Product/Texture/Image/IconTools/IconBlueTheaterCabinet002.png	Assets/Product/Texture/Image/IconToolsSp/IconBlueTheaterCabinet002Sp.png	16388	4	10		99999				999					1	10		[211301001]	14	
2255	踏雪寻梅图纸	类型：挂饰。	在家具改装时使用,可以将其他家具改装为踏雪寻梅	Assets/Product/Texture/Image/IconTools/IconBlueTheaterDraw001.png	Assets/Product/Texture/Image/IconToolsSp/IconBlueTheaterDraw001Sp.png	16388	4	10		99999				999					1	10		[211301001]	14	
2256	戏园书柜图纸	类型：柜子。	在家具改装时使用,可以将其他家具改装为戏园书柜	Assets/Product/Texture/Image/IconTools/IconBlueTheaterCabinet001.png	Assets/Product/Texture/Image/IconToolsSp/IconBlueTheaterCabinet001Sp.png	16388	4	10		99999				999					1	10		[211301001]	14	
2257	戏园糙窗图纸	类型：挂饰。	在家具改装时使用,可以将其他家具改装为戏园糙窗	Assets/Product/Texture/Image/IconTools/IconBlueTheaterWindow001.png	Assets/Product/Texture/Image/IconToolsSp/IconBlueTheaterWindow001Sp.png	16388	4	10		99999				999					1	10		[211301001]	14	
2258	戏园卧椅图纸	类型：沙发。	在家具改装时使用,可以将其他家具改装为戏园卧椅	Assets/Product/Texture/Image/IconTools/IconBlueTheaterSofa001.png	Assets/Product/Texture/Image/IconToolsSp/IconBlueTheaterSofa001Sp.png	16388	4	10		99999				999					1	10		[211301001]	14	
2259	戏园板凳图纸	类型：板凳。	在家具改装时使用,可以将其他家具改装为戏园板凳	Assets/Product/Texture/Image/IconTools/IconBlueTheaterChair001.png	Assets/Product/Texture/Image/IconToolsSp/IconBlueTheaterChair001Sp.png	16388	4	10		99999				999					1	10		[211301001]	14	
2260	书台案牍图纸	类型：桌子。	在家具改装时使用,可以将其他家具改装为书台案牍	Assets/Product/Texture/Image/IconTools/IconBlueTheaterTable001.png	Assets/Product/Texture/Image/IconToolsSp/IconBlueTheaterTable001Sp.png	16388	4	10		99999				999					1	10		[211301001]	14	
2261	原木方格图纸	类型：地板。	在家具改装时使用,可以将其他家具改装为原木方格	Assets/Product/Texture/Image/IconTools/IconBlueForestFloor001.png	Assets/Product/Texture/Image/IconToolsSp/IconBlueForestFloor001Sp.png	16388	4	10		99999				999					1	10		[211301001]	15	
2262	幽深石堡图纸	类型：墙。	在家具改装时使用,可以将其他家具改装为幽深石堡	Assets/Product/Texture/Image/IconTools/IconBlueForestWall001.png	Assets/Product/Texture/Image/IconToolsSp/IconBlueForestWall001Sp.png	16388	4	10		99999				999					1	10		[211301001]	15	
2263	天光穹顶图纸	类型：天花板。	在家具改装时使用,可以将其他家具改装为天光穹顶	Assets/Product/Texture/Image/IconTools/IconBlueForestCeiling001.png	Assets/Product/Texture/Image/IconToolsSp/IconBlueForestCeiling001Sp.png	16388	4	10		99999				999					1	10		[211301001]	15	
2264	绿植摇椅图纸	类型：沙发。	在家具改装时使用,可以将其他家具改装为绿植摇椅	Assets/Product/Texture/Image/IconTools/IconBlueForestSofa001.png	Assets/Product/Texture/Image/IconToolsSp/IconBlueForestSofa001Sp.png	16388	4	10		99999				999					1	10		[211301001]	15	
2265	糖果美梦图纸	类型：床。	在家具改装时使用,可以将其他家具改装为糖果美梦	Assets/Product/Texture/Image/IconTools/IconBlueForestBed001.png	Assets/Product/Texture/Image/IconToolsSp/IconBlueForestBed001Sp.png	16388	4	10		99999				999					1	10		[211301001]	15	
2266	巧手魔橱图纸	类型：柜子。	在家具改装时使用,可以将其他家具改装为巧手魔橱	Assets/Product/Texture/Image/IconTools/IconBlueForestCabinet001.png	Assets/Product/Texture/Image/IconToolsSp/IconBlueForestCabinet001Sp.png	16388	4	10		99999				999					1	10		[211301001]	15	
2267	茶歇圆桌图纸	类型：桌子。	在家具改装时使用,可以将其他家具改装为茶歇圆桌	Assets/Product/Texture/Image/IconTools/IconBlueForestTable001.png	Assets/Product/Texture/Image/IconToolsSp/IconBlueForestTable001Sp.png	16388	4	10		99999				999					1	10		[211301001]	15	
2268	可可靠椅图纸	类型：椅子。	在家具改装时使用,可以将其他家具改装为可可靠椅	Assets/Product/Texture/Image/IconTools/IconBlueForestChair001.png	Assets/Product/Texture/Image/IconToolsSp/IconBlueForestChair001Sp.png	16388	4	10		99999				999					1	10		[211301001]	15	
2269	经年树桩图纸	类型：板凳。	在家具改装时使用,可以将其他家具改装为经年树桩	Assets/Product/Texture/Image/IconTools/IconBlueForestChair002.png	Assets/Product/Texture/Image/IconToolsSp/IconBlueForestChair002Sp.png	16388	4	10		99999				999					1	10		[211301001]	15	
2270	悠闲午后图纸	类型：矮柜。	在家具改装时使用,可以将其他家具改装为悠闲午后	Assets/Product/Texture/Image/IconTools/IconBlueForestFloat001.png	Assets/Product/Texture/Image/IconToolsSp/IconBlueForestFloat001Sp.png	16388	4	10		99999				999					1	10		[211301001]	15	
2271	林间小径图纸	类型：物件。	在家具改装时使用,可以将其他家具改装为林间小径	Assets/Product/Texture/Image/IconTools/IconBlueForestEasel001.png	Assets/Product/Texture/Image/IconToolsSp/IconBlueForestEasel001Sp.png	16388	4	10		99999				999					1	10		[211301001]	15	
2272	翻糖园篱图纸	类型：物件。	在家具改装时使用,可以将其他家具改装为翻糖园篱	Assets/Product/Texture/Image/IconTools/IconBlueForestFlowerbed001.png	Assets/Product/Texture/Image/IconToolsSp/IconBlueForestFlowerbed001Sp.png	16388	4	10		99999				999					1	10		[211301001]	15	
2273	甜蜜芬芳图纸	类型：物件。	在家具改装时使用,可以将其他家具改装为甜蜜芬芳	Assets/Product/Texture/Image/IconTools/IconBlueForestFlowerpot002.png	Assets/Product/Texture/Image/IconToolsSp/IconBlueForestFlowerpot002Sp.png	16388	4	10		99999				999					1	10		[211301001]	15	
2274	绿植花架图纸	类型：物件。	在家具改装时使用,可以将其他家具改装为绿植花架	Assets/Product/Texture/Image/IconTools/IconBlueForestShelf001.png	Assets/Product/Texture/Image/IconToolsSp/IconBlueForestShelf001Sp.png	16388	4	10		99999				999					1	10		[211301001]	15	
2275	白石立柱图纸	类型：物件。	在家具改装时使用,可以将其他家具改装为白石立柱	Assets/Product/Texture/Image/IconTools/IconBlueForestFlowerpot001.png	Assets/Product/Texture/Image/IconToolsSp/IconBlueForestFlowerpot001Sp.png	16388	4	10		99999				999					1	10		[211301001]	15	
2276	壁挂花池图纸	类型：挂饰。	在家具改装时使用,可以将其他家具改装为壁挂花池	Assets/Product/Texture/Image/IconTools/IconBlueForestFlowerpot003.png	Assets/Product/Texture/Image/IconToolsSp/IconBlueForestFlowerpot003Sp.png	16388	4	10		99999				999					1	10		[211301001]	15	
2277	碎花拼彩图纸	类型：挂饰。	在家具改装时使用,可以将其他家具改装为碎花拼彩	Assets/Product/Texture/Image/IconTools/IconBlueForestWindow001.png	Assets/Product/Texture/Image/IconToolsSp/IconBlueForestWindow001Sp.png	16388	4	10		99999				999					1	10		[211301001]	15	
2278	坠星吊顶图纸	类型：天花板。	在家具改装时使用,可以将其他家具改装为坠星吊顶	Assets/Product/Texture/Image/IconTools/IconBlueSkuluomuStarry001.png	Assets/Product/Texture/Image/IconToolsSp/IconBlueSkuluomuStarry001Sp.png	16388	4	10		99999				999					1	10		[211301001]	16	
2279	星夜休眠舱图纸	类型：床。	在家具改装时使用,可以将其他家具改装为星夜休眠舱	Assets/Product/Texture/Image/IconTools/IconBlueSkuluomuCapsule001.png	Assets/Product/Texture/Image/IconToolsSp/IconBlueSkuluomuCapsule001Sp.png	16388	4	10		99999				999					1	10		[211301001]	17	
2280	银河之怀图纸	类型：床。	在家具改装时使用,可以将其他家具改装为银河之怀	Assets/Product/Texture/Image/IconTools/IconBlueSkuluomuStarsBed001.png	Assets/Product/Texture/Image/IconToolsSp/IconBlueSkuluomuStarsBed001Sp.png	16388	4	10		99999				999					1	10		[211301001]	16	
2281	武器柜图纸	类型：柜子。	在家具改装时使用,可以将其他家具改装为武器柜	Assets/Product/Texture/Image/IconTools/IconBlueSkuluomuWeaponsArk001.png	Assets/Product/Texture/Image/IconToolsSp/IconBlueSkuluomuWeaponsArk001Sp.png	16388	4	10		99999				999					1	10		[211301001]	17	
2282	多功能战术桌图纸	类型：桌子。	在家具改装时使用,可以将其他家具改装为多功能战术桌	Assets/Product/Texture/Image/IconTools/IconBlueSkuluomuProjectionTable001.png	Assets/Product/Texture/Image/IconToolsSp/IconBlueSkuluomuProjectionTable001Sp.png	16388	4	10		99999				999					1	10		[211301001]	17	
2283	清洁能手图纸	类型：物件。	在家具改装时使用,可以将其他家具改装为清洁能手	Assets/Product/Texture/Image/IconTools/IconBlueSkuluomuSweepingRobot001.png	Assets/Product/Texture/Image/IconToolsSp/IconBlueSkuluomuSweepingRobot001Sp.png	16388	4	10		99999				999					1	10		[211301001]	17	
2284	星夜望远镜图纸	类型：物件。	在家具改装时使用,可以将其他家具改装为星夜望远镜	Assets/Product/Texture/Image/IconTools/IconBlueSkuluomuTelescope001.png	Assets/Product/Texture/Image/IconToolsSp/IconBlueSkuluomuTelescope001Sp.png	16388	4	10		99999				999					1	10		[211301001]	16	
2285	繁星挂灯图纸	类型：挂饰。	在家具改装时使用,可以将其他家具改装为繁星挂灯	Assets/Product/Texture/Image/IconTools/IconBlueSkuluomuStarsLamp001.png	Assets/Product/Texture/Image/IconToolsSp/IconBlueSkuluomuStarsLamp001Sp.png	16388	4	10		99999				999					1	10		[211301001]	16	
2286	星月夜窗图纸	类型：挂饰。	在家具改装时使用,可以将其他家具改装为星月夜窗	Assets/Product/Texture/Image/IconTools/IconBlueSkuluomuStarsWindow001.png	Assets/Product/Texture/Image/IconToolsSp/IconBlueSkuluomuStarsWindow001Sp.png	16388	4	10		99999				999					1	10		[211301001]	16	
2287	战术幕墙图纸	类型：隔离墙。	在家具改装时使用,可以将其他家具改装为战术幕墙	Assets/Product/Texture/Image/IconTools/IconBlueSkuluomuHolographic001.png	Assets/Product/Texture/Image/IconToolsSp/IconBlueSkuluomuHolographic001Sp.png	16388	4	10		99999				999					1	10		[211301001]	17	
2288	实验室白墙图纸	类型：墙。	在家具改装时使用，可以将其他家具改装为【实验室白墙】。	Assets/Product/Texture/Image/IconTools/IconBlueMayWall.png	Assets/Product/Texture/Image/IconToolsSp/IconBlueMayWallSp.png	16388	4	10		99999				999					1	10		[211301001]	18	
2289	九龙卧榻图纸	类型：沙发。	在家具改装时使用，可以将其他家具改装为【九龙卧榻】。	Assets/Product/Texture/Image/IconTools/IconBlueMayChair001.png	Assets/Product/Texture/Image/IconToolsSp/IconBlueMayChair001Sp.png	16388	4	10		99999				999					1	10		[211301001]	18	
2290	仿军用休眠舱图纸	类型：床。	在家具改装时使用，可以将其他家具改装为【仿军用休眠舱】。	Assets/Product/Texture/Image/IconTools/IconBlueMayDormancy001.png	Assets/Product/Texture/Image/IconToolsSp/IconBlueMayDormancy001Sp.png	16388	4	10		99999				999					1	10		[211301001]	18	
2291	制式军用休眠舱图纸	类型：床。	在家具改装时使用，可以将其他家具改装为【制式军用休眠舱】。	Assets/Product/Texture/Image/IconTools/IconBlueMayDormancy002.png	Assets/Product/Texture/Image/IconToolsSp/IconBlueMayDormancy002Sp.png	16388	4	10		99999				999					1	10		[211301001]	18	
2292	沙发床图纸	类型：床。	在家具改装时使用，可以将其他家具改装为【沙发床】。	Assets/Product/Texture/Image/IconTools/IconBlueMayBed001.png	Assets/Product/Texture/Image/IconToolsSp/IconBlueMayBed001Sp.png	16388	4	10		99999				999					1	10		[211301001]	18	
2293	阿迪莱工具柜图纸	类型：柜子。	在家具改装时使用，可以将其他家具改装为【阿迪莱工具柜】。	Assets/Product/Texture/Image/IconTools/IconBlueMayWardrobe001.png	Assets/Product/Texture/Image/IconToolsSp/IconBlueMayWardrobe001Sp.png	16388	4	10		99999				999					1	10		[211301001]	18	
2294	绘画桌图纸	类型：桌子。	在家具改装时使用，可以将其他家具改装为【绘画桌】。	Assets/Product/Texture/Image/IconTools/IconBlueMayTable001.png	Assets/Product/Texture/Image/IconToolsSp/IconBlueMayTable001Sp.png	16388	4	10		99999				999					1	10		[211301001]	18	
2295	维修台X68式图纸	类型：桌子。	在家具改装时使用，可以将其他家具改装为【维修台X68式】。	Assets/Product/Texture/Image/IconTools/IconBlueMayServiceDesk001.png	Assets/Product/Texture/Image/IconToolsSp/IconBlueMayServiceDesk001Sp.png	16388	4	10		99999				999					1	10		[211301001]	18	
2296	维修台X69式图纸	类型：桌子。	在家具改装时使用，可以将其他家具改装为【维修台X69式】。	Assets/Product/Texture/Image/IconTools/IconBlueMayServiceDesk002.png	Assets/Product/Texture/Image/IconToolsSp/IconBlueMayServiceDesk002Sp.png	16388	4	10		99999				999					1	10		[211301001]	18	
2297	简易料理台图纸	类型：桌子。	在家具改装时使用，可以将其他家具改装为【简易料理台】。	Assets/Product/Texture/Image/IconTools/IconBlueMayCooking001.png	Assets/Product/Texture/Image/IconToolsSp/IconBlueMayCooking001Sp.png	16388	4	10		99999				999					1	10		[211301001]	18	
2298	精致料理台图纸	类型：桌子。	在家具改装时使用，可以将其他家具改装为【精致料理台】。	Assets/Product/Texture/Image/IconTools/IconBlueMayCooking002.png	Assets/Product/Texture/Image/IconToolsSp/IconBlueMayCooking002Sp.png	16388	4	10		99999				999					1	10		[211301001]	18	
2299	高级料理台图纸	类型：桌子。	在家具改装时使用，可以将其他家具改装为【高级料理台】。	Assets/Product/Texture/Image/IconTools/IconBlueMayCooking003.png	Assets/Product/Texture/Image/IconToolsSp/IconBlueMayCooking003Sp.png	16388	4	10		99999				999					1	10		[211301001]	18	
2300	木人桩图纸	类型：物件。	在家具改装时使用，可以将其他家具改装为【木人桩】。	Assets/Product/Texture/Image/IconTools/IconBlueMayWood001.png	Assets/Product/Texture/Image/IconToolsSp/IconBlueMayWood001Sp.png	16388	4	10		99999				999					1	10		[211301001]	18	
2301	礼服基本款图纸	类型：物件。	在家具改装时使用，可以将其他家具改装为【礼服基本款】。	Assets/Product/Texture/Image/IconTools/IconBlueMayDress002.png	Assets/Product/Texture/Image/IconToolsSp/IconBlueMayDress002Sp.png	16388	4	10		99999				999					1	10		[211301001]	18	
2302	礼服高定款图纸	类型：物件。	在家具改装时使用，可以将其他家具改装为【礼服高定款】。	Assets/Product/Texture/Image/IconTools/IconBlueMayDress003.png	Assets/Product/Texture/Image/IconToolsSp/IconBlueMayDress003Sp.png	16388	4	10		99999				999					1	10		[211301001]	18	
2303	悬浮水母缸图纸	类型：物件。	在家具改装时使用，可以将其他家具改装为【悬浮水母缸】。	Assets/Product/Texture/Image/IconTools/IconBlueMayJellyfish001.png	Assets/Product/Texture/Image/IconToolsSp/IconBlueMayJellyfish001Sp.png	16388	4	10		99999				999					1	10		[211301001]	18	
2304	全息星系模型图纸	类型：物件。	在家具改装时使用，可以将其他家具改装为【全息星系模型】。	Assets/Product/Texture/Image/IconTools/IconBlueMayGalaxy001.png	Assets/Product/Texture/Image/IconToolsSp/IconBlueMayGalaxy001Sp.png	16388	4	10		99999				999					1	10		[211301001]	18	
2305	电掣摩托图纸	类型：物件。	在家具改装时使用，可以将其他家具改装为【电掣摩托】。	Assets/Product/Texture/Image/IconTools/IconBlueMayMotorcycle001.png	Assets/Product/Texture/Image/IconToolsSp/IconBlueMayMotorcycle001Sp.png	16388	4	10		99999				999					1	10		[211301001]	18	
2306	极地枯木图纸	类型：物件。	在家具改装时使用，可以将其他家具改装为【极地枯木】。	Assets/Product/Texture/Image/IconTools/IconBlueMayPotted001.png	Assets/Product/Texture/Image/IconToolsSp/IconBlueMayPotted001Sp.png	16388	4	10		99999				999					1	10		[211301001]	18	
2307	畅饮机·基本型图纸	类型：物件。	在家具改装时使用，可以将其他家具改装为【畅饮机·基本型】。	Assets/Product/Texture/Image/IconTools/IconBlueMayDrinks001.png	Assets/Product/Texture/Image/IconToolsSp/IconBlueMayDrinks001Sp.png	16388	4	10		99999				999					1	10		[211301001]	18	
2308	畅饮机·供餐型图纸	类型：物件。	在家具改装时使用，可以将其他家具改装为【畅饮机·供餐型】。	Assets/Product/Texture/Image/IconTools/IconBlueMayDrinks002.png	Assets/Product/Texture/Image/IconToolsSp/IconBlueMayDrinks002Sp.png	16388	4	10		99999				999					1	10		[211301001]	18	
2309	基础式电玩组机图纸	类型：物件。	在家具改装时使用，可以将其他家具改装为【基础式电玩组机】。	Assets/Product/Texture/Image/IconTools/IconBlueMayConsole002.png	Assets/Product/Texture/Image/IconToolsSp/IconBlueMayConsole002Sp.png	16388	4	10		99999				999					1	10		[211301001]	18	
2310	家用式电玩组机图纸	类型：物件。	在家具改装时使用，可以将其他家具改装为【家用式电玩组机】。	Assets/Product/Texture/Image/IconTools/IconBlueMayConsole001.png	Assets/Product/Texture/Image/IconToolsSp/IconBlueMayConsole001Sp.png	16388	4	10		99999				999					1	10		[211301001]	18	
2311	STAR架子鼓图纸	类型：物件。	在家具改装时使用，可以将其他家具改装为【STAR架子鼓】。	Assets/Product/Texture/Image/IconTools/IconBlueMayDrums001.png	Assets/Product/Texture/Image/IconToolsSp/IconBlueMayDrums001Sp.png	16388	4	10		99999				999					1	10		[211301001]	18	
2312	零食架图纸	类型：物件。	在家具改装时使用，可以将其他家具改装为【零食架】。	Assets/Product/Texture/Image/IconTools/IconBlueMaySnacks001.png	Assets/Product/Texture/Image/IconToolsSp/IconBlueMaySnacks001Sp.png	16388	4	10		99999				999					1	10		[211301001]	18	
2313	随行留声机图纸	类型：物件。	在家具改装时使用，可以将其他家具改装为【随行留声机】。	Assets/Product/Texture/Image/IconTools/IconBlueMayPhonograph001.png	Assets/Product/Texture/Image/IconToolsSp/IconBlueMayPhonograph001Sp.png	16388	4	10		99999				999					1	10		[211301001]	18	
2314	紫羽弓架图纸	类型：挂饰。	在家具改装时使用，可以将其他家具改装为【紫羽弓架】。	Assets/Product/Texture/Image/IconTools/IconBlueMayBow001.png	Assets/Product/Texture/Image/IconToolsSp/IconBlueMayBow001Sp.png	16388	4	10		99999				999					1	10		[211301001]	18	
2315	白羽弓架图纸	类型：挂饰。	在家具改装时使用，可以将其他家具改装为【白羽弓架】。	Assets/Product/Texture/Image/IconTools/IconBlueMayBow002.png	Assets/Product/Texture/Image/IconToolsSp/IconBlueMayBow002Sp.png	16388	4	10		99999				999					1	10		[211301001]	18	
2316	全息烟火图纸	类型：挂饰。	在家具改装时使用，可以将其他家具改装为【全息烟火】。	Assets/Product/Texture/Image/IconTools/IconBlueMayWindow001.png	Assets/Product/Texture/Image/IconToolsSp/IconBlueMayWindow001Sp.png	16388	4	10		99999				999					1	10		[211301001]	18	
2317	全息控频烟火图纸	类型：挂饰。	在家具改装时使用，可以将其他家具改装为【全息控频烟火】。	Assets/Product/Texture/Image/IconTools/IconBlueMayWindow002.png	Assets/Product/Texture/Image/IconToolsSp/IconBlueMayWindow002Sp.png	16388	4	10		99999				999					1	10		[211301001]	18	
2318	行程表图纸	类型：挂饰。	在家具改装时使用，可以将其他家具改装为【行程表】。	Assets/Product/Texture/Image/IconTools/IconBlueMayPlate001.png	Assets/Product/Texture/Image/IconToolsSp/IconBlueMayPlate001Sp.png	16388	4	10		99999				999					1	10		[211301001]	18	
2319	突击鹰调度表图纸	类型：挂饰。	在家具改装时使用，可以将其他家具改装为【突击鹰调度表】。	Assets/Product/Texture/Image/IconTools/IconBlueMayPlate002.png	Assets/Product/Texture/Image/IconToolsSp/IconBlueMayPlate002Sp.png	16388	4	10		99999				999					1	10		[211301001]	18	
2320	电影海报图纸	类型：挂饰。	在家具改装时使用，可以将其他家具改装为【电影海报】。	Assets/Product/Texture/Image/IconTools/IconBlueMayPosters001.png	Assets/Product/Texture/Image/IconToolsSp/IconBlueMayPosters001Sp.png	16388	4	10		99999				999					1	10		[211301001]	18	
2321	每日练习图纸	类型：物件。	在家具改装时使用，可以将其他家具改装为【每日练习】。	Assets/Product/Texture/Image/IconTools/IconBlueSummerBasketball001.png	Assets/Product/Texture/Image/IconToolsSp/IconBlueSummerBasketball001Sp.png	16388	4	10		99999				999					1	10		[211301001]	19	
2322	书写青春图纸	类型：挂饰。	在家具改装时使用，可以将其他家具改装为【书写青春】。	Assets/Product/Texture/Image/IconTools/IconBlueSummerBlackboard001.png	Assets/Product/Texture/Image/IconToolsSp/IconBlueSummerBlackboard001Sp.png	16388	4	10		99999				999					1	10		[211301001]	19	
2323	清新空气图纸	类型：物件。	在家具改装时使用，可以将其他家具改装为【清新空气】。	Assets/Product/Texture/Image/IconTools/IconBlueSummerBox001.png	Assets/Product/Texture/Image/IconToolsSp/IconBlueSummerBox001Sp.png	16388	4	10		99999				999					1	10		[211301001]	19	
2324	纸箱堆砌图纸	类型：物件。	在家具改装时使用，可以将其他家具改装为【纸箱堆砌】。	Assets/Product/Texture/Image/IconTools/IconBlueSummerBox002.png	Assets/Product/Texture/Image/IconToolsSp/IconBlueSummerBox002Sp.png	16388	4	10		99999				999					1	10		[211301001]	19	
2325	后备物资图纸	类型：物件。	在家具改装时使用，可以将其他家具改装为【后备物资】。	Assets/Product/Texture/Image/IconTools/IconBlueSummerCarryingcase001.png	Assets/Product/Texture/Image/IconToolsSp/IconBlueSummerCarryingcase001Sp.png	16388	4	10		99999				999					1	10		[211301001]	19	
2326	手工彩旗图纸	类型：天花板。	在家具改装时使用，可以将其他家具改装为【手工彩旗】。	Assets/Product/Texture/Image/IconTools/IconBlueSummerCeiling.png	Assets/Product/Texture/Image/IconToolsSp/IconBlueSummerCeilingSp.png	16388	4	10		99999				999					1	10		[211301001]	19	
2327	教室课椅图纸	类型：椅子。	在家具改装时使用，可以将其他家具改装为【教室课椅】。	Assets/Product/Texture/Image/IconTools/IconBlueSummerChair001.png	Assets/Product/Texture/Image/IconToolsSp/IconBlueSummerChair001Sp.png	16388	4	10		99999				999					1	10		[211301001]	19	
2328	教室课桌图纸	类型：桌子。	在家具改装时使用，可以将其他家具改装为【教室课桌】。	Assets/Product/Texture/Image/IconTools/IconBlueSummerDesks001.png	Assets/Product/Texture/Image/IconToolsSp/IconBlueSummerDesks001Sp.png	16388	4	10		99999				999					1	10		[211301001]	19	
2329	实木地板图纸	类型：地板。	在家具改装时使用，可以将其他家具改装为【实木地板】。	Assets/Product/Texture/Image/IconTools/IconBlueSummerFloor.png	Assets/Product/Texture/Image/IconToolsSp/IconBlueSummerFloorSp.png	16388	4	10		99999				999					1	10		[211301001]	19	
2330	光荣劳动图纸	类型：柜子。	在家具改装时使用，可以将其他家具改装为【光荣劳动】。	Assets/Product/Texture/Image/IconTools/IconBlueSummerLocker001.png	Assets/Product/Texture/Image/IconToolsSp/IconBlueSummerLocker001Sp.png	16388	4	10		99999				999					1	10		[211301001]	19	
2331	扣篮高手图纸	类型：物件。	在家具改装时使用，可以将其他家具改装为【扣篮高手】。	Assets/Product/Texture/Image/IconTools/IconBlueSummerRebounds001.png	Assets/Product/Texture/Image/IconToolsSp/IconBlueSummerRebounds001Sp.png	16388	4	10		99999				999					1	10		[211301001]	19	
2332	最后冲刺图纸	类型：物件。	在家具改装时使用，可以将其他家具改装为【最后冲刺】。	Assets/Product/Texture/Image/IconTools/IconBlueSummerRunway001.png	Assets/Product/Texture/Image/IconToolsSp/IconBlueSummerRunway001Sp.png	16388	4	10		99999				999					1	10		[211301001]	19	
2333	逆转时刻图纸	类型：物件。	在家具改装时使用，可以将其他家具改装为【逆转时刻】。	Assets/Product/Texture/Image/IconTools/IconBlueSummerScorecard001.png	Assets/Product/Texture/Image/IconToolsSp/IconBlueSummerScorecard001Sp.png	16388	4	10		99999				999					1	10		[211301001]	19	
2334	零食满载图纸	类型：桌子。	在家具改装时使用，可以将其他家具改装为【零食满载】。	Assets/Product/Texture/Image/IconTools/IconBlueSummerSnacktable.png	Assets/Product/Texture/Image/IconToolsSp/IconBlueSummerSnacktableSp.png	16388	4	10		99999				999					1	10		[211301001]	19	
2335	夏祭舞台图纸	类型：物件。	在家具改装时使用，可以将其他家具改装为【夏祭舞台】。	Assets/Product/Texture/Image/IconTools/IconBlueSummerStage001.png	Assets/Product/Texture/Image/IconToolsSp/IconBlueSummerStage001Sp.png	16388	4	10		99999				999					1	10		[211301001]	19	
2336	跳马沙发图纸	类型：沙发。	在家具改装时使用，可以将其他家具改装为【跳马沙发】。	Assets/Product/Texture/Image/IconTools/IconBlueSummervaultinghorse001.png	Assets/Product/Texture/Image/IconToolsSp/IconBlueSummervaultinghorse001Sp.png	16388	4	10		99999				999					1	10		[211301001]	19	
2337	缤纷墙纸图纸	类型：墙。	在家具改装时使用，可以将其他家具改装为【缤纷墙纸】。	Assets/Product/Texture/Image/IconTools/IconBlueSummerWall001.png	Assets/Product/Texture/Image/IconToolsSp/IconBlueSummerWall001Sp.png	16388	4	10		99999				999					1	10		[211301001]	19	
2338	水分补给图纸	类型：物件。	在家具改装时使用，可以将其他家具改装为【水分补给】。	Assets/Product/Texture/Image/IconTools/IconBlueSummerWater001.png	Assets/Product/Texture/Image/IconToolsSp/IconBlueSummerWater001Sp.png	16388	4	10		99999				999					1	10		[211301001]	19	
2339	耀眼阳光图纸	类型：窗。	在家具改装时使用，可以将其他家具改装为【耀眼阳光】。	Assets/Product/Texture/Image/IconTools/IconBlueSummerWindow001.png	Assets/Product/Texture/Image/IconToolsSp/IconBlueSummerWindow001Sp.png	16388	4	10		99999				999					1	10		[211301001]	19	
2340	银汉迢渡图纸	类型：物件。	在家具改装时使用，可以将其他家具改装为【银汉迢渡】。	Assets/Product/Texture/Image/IconTools/IconBlueMagpieBridge001.png	Assets/Product/Texture/Image/IconToolsSp/IconBlueMagpieBridge001Sp.png	16388	4	10		99999				999					1	10		[211301001]	20	
2341	弄巧纤云图纸	类型：天花板。	在家具改装时使用，可以将其他家具改装为【弄巧纤云】。	Assets/Product/Texture/Image/IconTools/IconBlueMagpieCeiling001.png	Assets/Product/Texture/Image/IconToolsSp/IconBlueMagpieCeiling001Sp.png	16388	4	10		99999				999					1	10		[211301001]	20	
2342	玉露缘照图纸	类型：物件。	在家具改装时使用，可以将其他家具改装为【玉露缘照】。	Assets/Product/Texture/Image/IconTools/IconBlueMagpieLantern001.png	Assets/Product/Texture/Image/IconToolsSp/IconBlueMagpieLantern001Sp.png	16388	4	10		99999				999					1	10		[211301001]	20	
2343	金风鹊窗图纸	类型：窗。	在家具改装时使用，可以将其他家具改装为【金风鹊窗】。	Assets/Product/Texture/Image/IconTools/IconBlueMagpieWindow001.png	Assets/Product/Texture/Image/IconToolsSp/IconBlueMagpieWindow001Sp.png	16388	4	10		99999				999					1	10		[211301001]	20	
2344	莲蓉月饼凳图纸	类型：板凳。	在家具改装时使用，可以将其他家具改装为【莲蓉月饼凳】。	Assets/Product/Texture/Image/IconTools/IconBlueMooncake001.png	Assets/Product/Texture/Image/IconToolsSp/IconBlueMooncake001Sp.png	16388	4	10		99999				999					1	10		[211301001]	20	
2345	奶油月饼凳图纸	类型：板凳。	在家具改装时使用，可以将其他家具改装为【奶油月饼凳】。	Assets/Product/Texture/Image/IconTools/IconBlueMooncake002.png	Assets/Product/Texture/Image/IconToolsSp/IconBlueMooncake002Sp.png	16388	4	10		99999				999					1	10		[211301001]	20	
2346	冰淇淋月饼凳图纸	类型：板凳。	在家具改装时使用，可以将其他家具改装为【冰淇淋月饼凳】。	Assets/Product/Texture/Image/IconTools/IconBlueMooncake003.png	Assets/Product/Texture/Image/IconToolsSp/IconBlueMooncake003Sp.png	16388	4	10		99999				999					1	10		[211301001]	20	
2347	绿豆月饼凳图纸	类型：板凳。	在家具改装时使用，可以将其他家具改装为【绿豆月饼凳】。	Assets/Product/Texture/Image/IconTools/IconBlueMooncake004.png	Assets/Product/Texture/Image/IconToolsSp/IconBlueMooncake004Sp.png	16388	4	10		99999				999					1	10		[211301001]	20	
2348	五仁月饼凳图纸	类型：板凳。	在家具改装时使用，可以将其他家具改装为【五仁月饼凳】。	Assets/Product/Texture/Image/IconTools/IconBlueMooncake005.png	Assets/Product/Texture/Image/IconToolsSp/IconBlueMooncake005Sp.png	16388	4	10		99999				999					1	10		[211301001]	20	
2349	皎月圆桌图纸	类型：桌子。	在家具改装时使用，可以将其他家具改装为【皎月圆桌】。	Assets/Product/Texture/Image/IconTools/IconBlueMooncakeTable001.png	Assets/Product/Texture/Image/IconToolsSp/IconBlueMooncakeTable001Sp.png	16388	4	10		99999				999					1	10		[211301001]	20	
2350	简易护理推车图纸	类型：物件。	在家具改装时使用，可以将其他家具改装为【简易护理推车】。	Assets/Product/Texture/Image/IconTools/IconBlueSuperLivAmbulance001.png	Assets/Product/Texture/Image/IconToolsSp/IconBlueSuperLivAmbulance001Sp.png	16388	4	10		99999				999					1	10		[211301001]	21	
2351	通用理疗床图纸	类型：床。	在家具改装时使用，可以将其他家具改装为【通用理疗床】。	Assets/Product/Texture/Image/IconTools/IconBlueSuperLivBed001.png	Assets/Product/Texture/Image/IconToolsSp/IconBlueSuperLivBed001Sp.png	16388	4	10		99999				999					1	10		[211301001]	21	
2352	医疗睡舱图纸	类型：物件。	在家具改装时使用，可以将其他家具改装为【医疗睡舱】。	Assets/Product/Texture/Image/IconTools/IconBlueSuperLivCabinet001.png	Assets/Product/Texture/Image/IconToolsSp/IconBlueSuperLivCabinet001Sp.png	16388	4	10		99999				999					1	10		[211301001]	21	
2354	胞体连环图纸	类型：天花板。	在家具改装时使用，可以将其他家具改装为【胞体连环】。	Assets/Product/Texture/Image/IconTools/IconBlueSuperLivCeiling001.png	Assets/Product/Texture/Image/IconToolsSp/IconBlueSuperLivCeiling001Sp.png	16388	4	10		99999				999					1	10		[211301001]	21	
2355	命之星塔图纸	类型：物件。	在家具改装时使用，可以将其他家具改装为【命之星塔】。	Assets/Product/Texture/Image/IconTools/IconBlueSuperLivChandeliers001.png	Assets/Product/Texture/Image/IconToolsSp/IconBlueSuperLivChandeliers001Sp.png	16388	4	10		99999				999					1	10		[211301001]	21	
2356	手术用记录屏图纸	类型：物件。	在家具改装时使用，可以将其他家具改装为【手术用记录屏】。	Assets/Product/Texture/Image/IconTools/IconBlueSuperLivDatawall001.png	Assets/Product/Texture/Image/IconToolsSp/IconBlueSuperLivDatawall001Sp.png	16388	4	10		99999				999					1	10		[211301001]	21	
2357	医生办公台图纸	类型：桌子。	在家具改装时使用，可以将其他家具改装为【医生办公台】。	Assets/Product/Texture/Image/IconTools/IconBlueSuperLivDesk001.png	Assets/Product/Texture/Image/IconToolsSp/IconBlueSuperLivDesk001Sp.png	16388	4	10		99999				999					1	10		[211301001]	21	
2358	维育方土图纸	类型：地板。	在家具改装时使用，可以将其他家具改装为【维育方土】。	Assets/Product/Texture/Image/IconTools/IconBlueSuperLivFloor001.png	Assets/Product/Texture/Image/IconToolsSp/IconBlueSuperLivFloor001Sp.png	16388	4	10		99999				999					1	10		[211301001]	21	
2359	蜂巢矮桌图纸	类型：桌子。	在家具改装时使用，可以将其他家具改装为【蜂巢矮桌】。	Assets/Product/Texture/Image/IconTools/IconBlueSuperLivGlasstable001.png	Assets/Product/Texture/Image/IconToolsSp/IconBlueSuperLivGlasstable001Sp.png	16388	4	10		99999				999					1	10		[211301001]	21	
2360	指示屏幕图纸	类型：物件。	在家具改装时使用，可以将其他家具改装为【指示屏幕】。	Assets/Product/Texture/Image/IconTools/IconBlueSuperLivLamp001.png	Assets/Product/Texture/Image/IconToolsSp/IconBlueSuperLivLamp001Sp.png	16388	4	10		99999				999					1	10		[211301001]	21	
2361	屏幕化机械臂图纸	类型：物件。	在家具改装时使用，可以将其他家具改装为【屏幕化机械臂】。	Assets/Product/Texture/Image/IconTools/IconBlueSuperLivMechanicalarm001.png	Assets/Product/Texture/Image/IconToolsSp/IconBlueSuperLivMechanicalarm001Sp.png	16388	4	10		99999				999					1	10		[211301001]	21	
2362	蜂巢饰架图纸	类型：物件。	在家具改装时使用，可以将其他家具改装为【蜂巢饰架】。	Assets/Product/Texture/Image/IconTools/IconBlueSuperLivplant001.png	Assets/Product/Texture/Image/IconToolsSp/IconBlueSuperLivplant001Sp.png	16388	4	10		99999				999					1	10		[211301001]	21	
2363	双层推车图纸	类型：物件。	在家具改装时使用，可以将其他家具改装为【双层推车】。	Assets/Product/Texture/Image/IconTools/IconBlueSuperLivRcar001.png	Assets/Product/Texture/Image/IconToolsSp/IconBlueSuperLivRcar001Sp.png	16388	4	10		99999				999					1	10		[211301001]	21	
2364	生命之星沙发床图纸	类型：沙发。	在家具改装时使用，可以将其他家具改装为【生命之星】。	Assets/Product/Texture/Image/IconTools/IconBlueSuperLivSofa001.png	Assets/Product/Texture/Image/IconToolsSp/IconBlueSuperLivSofa001Sp.png	16388	4	10		99999				999					1	10		[211301001]	21	
2365	病历终端图纸	类型：物件。	在家具改装时使用，可以将其他家具改装为【病历终端】。	Assets/Product/Texture/Image/IconTools/IconBlueSuperLivTreatment001.png	Assets/Product/Texture/Image/IconToolsSp/IconBlueSuperLivTreatment001Sp.png	16388	4	10		99999				999					1	10		[211301001]	21	
2366	祈祷灰墙图纸	类型：墙。	在家具改装时使用，可以将其他家具改装为【祈祷灰墙】。	Assets/Product/Texture/Image/IconTools/IconBlueSuperLivWall001.png	Assets/Product/Texture/Image/IconToolsSp/IconBlueSuperLivWall001Sp.png	16388	4	10		99999				999					1	10		[211301001]	21	
2367	翼蛇杖图纸	类型：物件。	在家具改装时使用，可以将其他家具改装为【翼蛇杖】。	Assets/Product/Texture/Image/IconTools/IconBlueSuperLivWings001.png	Assets/Product/Texture/Image/IconToolsSp/IconBlueSuperLivWings001Sp.png	16388	4	10		99999				999					1	10		[211301001]	21	
2368	理疗椅图纸	类型：椅子。	在家具改装时使用，可以将其他家具改装为【理疗椅】。	Assets/Product/Texture/Image/IconTools/IconBlueSuperLivWorkchair001.png	Assets/Product/Texture/Image/IconToolsSp/IconBlueSuperLivWorkchair001Sp.png	16388	4	10		99999				999					1	10		[211301001]	21	
2369	彩窗图纸	类型：挂饰。	在家具改装时使用，可以将其他家具改装为【彩窗】。	Assets/Product/Texture/Image/IconTools/IconBlueSuperLivWindow001.png	Assets/Product/Texture/Image/IconToolsSp/IconBlueSuperLivWindow001Sp.png	16388	4	10		99999				999					1	10		[211301001]	21	
2370	STAR摇滚鼓组图纸	类型：物件。	在家具改装时使用，可以将其他家具改装为【STAR摇滚鼓组】。	Assets/Product/Texture/Image/IconTools/IconBlueMusicDrums002.png	Assets/Product/Texture/Image/IconToolsSp/IconBlueMusicDrums002Sp.png	16388	4	10		99999				999					1	10		[211301001]	18	
2371	笼球仪图纸	类型：物件。	在家具改装时使用，可以将其他家具改装为【笼球仪】。	Assets/Product/Texture/Image/IconTools/IconBlueSuperLivCageling001.png	Assets/Product/Texture/Image/IconToolsSp/IconBlueSuperLivCageling001Sp.png	16388	4	10		99999				999					1	10		[211301001]	18	
2372	鲸歌留声机图纸	类型：物件。	在家具改装时使用，可以将其他家具改装为【鲸歌留声机】。	Assets/Product/Texture/Image/IconTools/IconBlueMusicPhonograph001.png	Assets/Product/Texture/Image/IconToolsSp/IconBlueMusicPhonograph001Sp.png	16388	4	10		99999				999					1	10		[211301001]	18	
2373	告解室图纸	类型：物件。	在家具改装时使用，可以将其他家具改装为【告解室】。	Assets/Product/Texture/Image/IconTools/IconBlueMusicRoom001.png	Assets/Product/Texture/Image/IconToolsSp/IconBlueMusicRoom001Sp.png	16388	4	10		99999				999					1	10		[211301001]	18	
2374	纯白礼服图纸	类型：物件。	在家具改装时使用，可以将其他家具改装为【纯白礼服】。	Assets/Product/Texture/Image/IconTools/IconBlueMayDress004.png	Assets/Product/Texture/Image/IconToolsSp/IconBlueMayDress004Sp.png	16388	4	10		99999				999					1	10		[211301001]	18	
2375	库洛洛吧台图纸	类型：桌子。	在家具改装时使用，可以将其他家具改装为【库洛洛吧台】。	Assets/Product/Texture/Image/IconTools/IconBlueMusicBar001.png	Assets/Product/Texture/Image/IconToolsSp/IconBlueMusicBar001Sp.png	16388	4	10		99999				999					1	10		[211301001]	22	
2376	迪斯科球图纸	类型：天花板。	在家具改装时使用，可以将其他家具改装为【迪斯科球】。	Assets/Product/Texture/Image/IconTools/IconBlueMusicCeiling001.png	Assets/Product/Texture/Image/IconToolsSp/IconBlueMusicCeiling001Sp.png	16388	4	10		99999				999					1	10		[211301001]	22	
2377	库洛洛贴纸图纸	类型：挂饰。	在家具改装时使用，可以将其他家具改装为【库洛洛贴纸】。	Assets/Product/Texture/Image/IconTools/IconBlueMusicDecoration001.png	Assets/Product/Texture/Image/IconToolsSp/IconBlueMusicDecoration001Sp.png	16388	4	10		99999				999					1	10		[211301001]	22	
2378	DJ台图纸	类型：桌子。	在家具改装时使用，可以将其他家具改装为【DJ台】。	Assets/Product/Texture/Image/IconTools/IconBlueMusicDJtable001.png	Assets/Product/Texture/Image/IconToolsSp/IconBlueMusicDJtable001Sp.png	16388	4	10		99999				999					1	10		[211301001]	22	
2380	咚咚锵电子鼓图纸	类型：物件。	在家具改装时使用，可以将其他家具改装为【咚咚锵】。	Assets/Product/Texture/Image/IconTools/IconBlueMusicDrums001.png	Assets/Product/Texture/Image/IconToolsSp/IconBlueMusicDrums001Sp.png	16388	4	10		99999				999					1	10		[211301001]	22	
2381	嗨翻舞池图纸	类型：地板。	在家具改装时使用，可以将其他家具改装为【嗨翻舞池】。	Assets/Product/Texture/Image/IconTools/IconBlueMusicFloor001.png	Assets/Product/Texture/Image/IconToolsSp/IconBlueMusicFloor001Sp.png	16388	4	10		99999				999					1	10		[211301001]	22	
2382	调音电吉他图纸	类型：物件。	在家具改装时使用，可以将其他家具改装为【调音电吉他】。	Assets/Product/Texture/Image/IconTools/IconBlueMusicGuitar001.png	Assets/Product/Texture/Image/IconToolsSp/IconBlueMusicGuitar001Sp.png	16388	4	10		99999				999					1	10		[211301001]	22	
2383	变音麦克风图纸	类型：物件。	在家具改装时使用，可以将其他家具改装为【变音麦克风】。	Assets/Product/Texture/Image/IconTools/IconBlueMusicMicrophone001.png	Assets/Product/Texture/Image/IconToolsSp/IconBlueMusicMicrophone001Sp.png	16388	4	10		99999				999					1	10		[211301001]	22	
2384	迪厅沙发图纸	类型：沙发。	在家具改装时使用，可以将其他家具改装为【迪厅沙发】。	Assets/Product/Texture/Image/IconTools/IconBlueMusicSofa001.png	Assets/Product/Texture/Image/IconToolsSp/IconBlueMusicSofa001Sp.png	16388	4	10		99999				999					1	10		[211301001]	22	
2385	闪亮舞台图纸	类型：物件。	在家具改装时使用，可以将其他家具改装为【闪亮舞台】。	Assets/Product/Texture/Image/IconTools/IconBlueMusicStage001.png	Assets/Product/Texture/Image/IconToolsSp/IconBlueMusicStage001Sp.png	16388	4	10		99999				999					1	10		[211301001]	22	
2386	环式音箱图纸	类型：物件。	在家具改装时使用，可以将其他家具改装为【环式音箱】。	Assets/Product/Texture/Image/IconTools/IconBlueMusicStereo001.png	Assets/Product/Texture/Image/IconToolsSp/IconBlueMusicStereo001Sp.png	16388	4	10		99999				999					1	10		[211301001]	22	
2387	迪厅矮凳图纸	类型：板凳。	在家具改装时使用，可以将其他家具改装为【迪厅矮凳】。	Assets/Product/Texture/Image/IconTools/IconBlueMusicStool001.png	Assets/Product/Texture/Image/IconToolsSp/IconBlueMusicStool001Sp.png	16388	4	10		99999				999					1	10		[211301001]	22	
2388	音律圆桌图纸	类型：物件。	在家具改装时使用，可以将其他家具改装为【音律圆桌】。	Assets/Product/Texture/Image/IconTools/IconBlueMusicTable001.png	Assets/Product/Texture/Image/IconToolsSp/IconBlueMusicTable001Sp.png	16388	4	10		99999				999					1	10		[211301001]	22	
2389	音浪示墙图纸	类型：墙。	在家具改装时使用，可以将其他家具改装为【音浪示墙】。	Assets/Product/Texture/Image/IconTools/IconBlueMusicWall001.png	Assets/Product/Texture/Image/IconToolsSp/IconBlueMusicWall001Sp.png	16388	4	10		99999				999					1	10		[211301001]	22	
2390	库洛洛展示柜图纸	类型：柜子。	在家具改装时使用，可以将其他家具改装为【库洛洛展示柜】。	Assets/Product/Texture/Image/IconTools/IconBlueMusicWine001.png	Assets/Product/Texture/Image/IconToolsSp/IconBlueMusicWine001Sp.png	16388	4	10		99999				999					1	10		[211301001]	22	
2391	得分怪兽图纸	类型：挂饰。	在家具改装时使用，可以将其他家具改装为【得分怪兽】。	Assets/Product/Texture/Image/IconTools/IconBlueJanuaryDarts001.png	Assets/Product/Texture/Image/IconToolsSp/IconBlueJanuaryDarts001Sp.png	16388	4	10		99999				999					1	10		[211301001]	23	
2392	Throne图纸	类型：椅子。	在家具改装时使用，可以将其他家具改装为【Throne】。	Assets/Product/Texture/Image/IconTools/IconBlueJanuarySofa001.png	Assets/Product/Texture/Image/IconToolsSp/IconBlueJanuarySofa001Sp.png	16388	4	10		99999				999					1	10		[211301001]	23	
2393	教父衣架图纸	类型：物件。	在家具改装时使用，可以将其他家具改装为【教父衣架】。	Assets/Product/Texture/Image/IconTools/IconBlueJanuaryHangers001.png	Assets/Product/Texture/Image/IconToolsSp/IconBlueJanuaryHangers001Sp.png	16388	4	10		99999				999					1	10		[211301001]	23	
2394	暗室青葵图纸	类型：物件。	在家具改装时使用，可以将其他家具改装为【暗室青葵】。	Assets/Product/Texture/Image/IconTools/IconBlueJanuaryPlant001.png	Assets/Product/Texture/Image/IconToolsSp/IconBlueJanuaryPlant001Sp.png	16388	4	10		99999				999					1	10		[211301001]	23	
2395	话事圆桌图纸	类型：物件。	在家具改装时使用，可以将其他家具改装为【话事圆桌】。	Assets/Product/Texture/Image/IconTools/IconBlueJanuaryTable001.png	Assets/Product/Texture/Image/IconToolsSp/IconBlueJanuaryTable001Sp.png	16388	4	10		99999				999					1	10		[211301001]	23	
2396	春色窥窗图纸	类型：挂饰。	在家具改装时使用，可以将其他家具改装为【春色窥窗】。	Assets/Product/Texture/Image/IconTools/IconBlueJanuaryWindow001.png	Assets/Product/Texture/Image/IconToolsSp/IconBlueJanuaryWindow001Sp.png	16388	4	10		99999				999					1	10		[211301001]	24	
2397	坐石听雪图纸	类型：板凳。	在家具改装时使用，可以将其他家具改装为【坐石听雪】。	Assets/Product/Texture/Image/IconTools/IconBlueJanuaryStone001.png	Assets/Product/Texture/Image/IconToolsSp/IconBlueJanuaryStone001Sp.png	16388	4	10		99999				999					1	10		[211301001]	24	
2398	倚壁观山图纸	类型：物件。	在家具改装时使用，可以将其他家具改装为【倚壁观山】。	Assets/Product/Texture/Image/IconTools/IconBlueJanuaryStone002.png	Assets/Product/Texture/Image/IconToolsSp/IconBlueJanuaryStone002Sp.png	16388	4	10		99999				999					1	10		[211301001]	24	
2399	闲饮执棋图纸	类型：桌子。	在家具改装时使用，可以将其他家具改装为【闲饮执棋】。	Assets/Product/Texture/Image/IconTools/IconBlueJanuaryStone003.png	Assets/Product/Texture/Image/IconToolsSp/IconBlueJanuaryStone003Sp.png	16388	4	10		99999				999					1	10		[211301001]	24	
2400	迎客松图纸	类型：物件。	在家具改装时使用，可以将其他家具改装为【迎客松】。	Assets/Product/Texture/Image/IconTools/IconBlueJanuaryTree001.png	Assets/Product/Texture/Image/IconToolsSp/IconBlueJanuaryTree001Sp.png	16388	4	10		99999				999					1	10		[211301001]	24	
2401	瑞狮衔霓图纸	类型：挂饰。	在家具改装时使用，可以将其他家具改装为【瑞狮衔霓】。	Assets/Product/Texture/Image/IconTools/IconBlueJanuaryPulao001.png	Assets/Product/Texture/Image/IconToolsSp/IconBlueJanuaryPulao001Sp.png	16388	4	10		99999				999					1	10		[211301001]	18	
2402	马赛克地板图纸	类型：地板。	在家具改装时使用，可以将其他家具改装为【马赛克地板】。	Assets/Product/Texture/Image/IconTools/IconBlueRestaurantFloor001.png	Assets/Product/Texture/Image/IconToolsSp/IconBlueRestaurantFloor001Sp.png	16388	4	10		99999				999					1	10		[211301001]	25	
2403	青翠格栅图纸	类型：墙。	在家具改装时使用，可以将其他家具改装为【青翠格栅】。	Assets/Product/Texture/Image/IconTools/IconBlueRestaurantWall001.png	Assets/Product/Texture/Image/IconToolsSp/IconBlueRestaurantWall001Sp.png	16388	4	10		99999				999					1	10		[211301001]	25	
2404	琳琅满目图纸	类型：天花板。	在家具改装时使用，可以将其他家具改装为【琳琅满目】。	Assets/Product/Texture/Image/IconTools/IconBlueRestaurantCeiling001.png	Assets/Product/Texture/Image/IconToolsSp/IconBlueRestaurantCeiling001Sp.png	16388	4	10		99999				999					1	10		[211301001]	25	
2405	小憩片刻图纸	类型：沙发。	在家具改装时使用，可以将其他家具改装为【小憩片刻】。	Assets/Product/Texture/Image/IconTools/IconBlueRestaurantSofa001.png	Assets/Product/Texture/Image/IconToolsSp/IconBlueRestaurantSofa001Sp.png	16388	4	10		99999				999					1	10		[211301001]	25	
2406	渐入佳境图纸	类型：床。	在家具改装时使用，可以将其他家具改装为【渐入佳境】。	Assets/Product/Texture/Image/IconTools/IconBlueRestaurantRockingchair001.png	Assets/Product/Texture/Image/IconToolsSp/IconBlueRestaurantRockingchair001Sp.png	16388	4	10		99999				999					1	10		[211301001]	25	
2407	任君挑选图纸	类型：柜子。	在家具改装时使用，可以将其他家具改装为【任君挑选】。	Assets/Product/Texture/Image/IconTools/IconBlueRestaurantMachine001.png	Assets/Product/Texture/Image/IconToolsSp/IconBlueRestaurantMachine001Sp.png	16388	4	10		99999				999					1	10		[211301001]	25	
2408	有劳餐牌图纸	类型：桌子。	在家具改装时使用，可以将其他家具改装为【有劳餐牌】。	Assets/Product/Texture/Image/IconTools/IconBlueRestaurantTable001.png	Assets/Product/Texture/Image/IconToolsSp/IconBlueRestaurantTable001Sp.png	16388	4	10		99999				999					1	10		[211301001]	25	
2409	有劳下单图纸	类型：桌子。	在家具改装时使用，可以将其他家具改装为【有劳下单】。	Assets/Product/Texture/Image/IconTools/IconBlueRestaurantTable002.png	Assets/Product/Texture/Image/IconToolsSp/IconBlueRestaurantTable002Sp.png	16388	4	10		99999				999					1	10		[211301001]	25	
2410	万用好手图纸	类型：椅子。	在家具改装时使用，可以将其他家具改装为【万用好手】。	Assets/Product/Texture/Image/IconTools/IconBlueRestaurantChair001.png	Assets/Product/Texture/Image/IconToolsSp/IconBlueRestaurantChair001Sp.png	16388	4	10		99999				999					1	10		[211301001]	25	
2411	饮料补给图纸	类型：物件。	在家具改装时使用，可以将其他家具改装为【饮料补给】。	Assets/Product/Texture/Image/IconTools/IconBlueRestaurantBoxdrinks001.png	Assets/Product/Texture/Image/IconToolsSp/IconBlueRestaurantBoxdrinks001Sp.png	16388	4	10		99999				999					1	10		[211301001]	25	
2412	冲锋餐车图纸	类型：物件。	在家具改装时使用，可以将其他家具改装为【冲锋餐车】。	Assets/Product/Texture/Image/IconTools/IconBlueRestaurantDiningcar001.png	Assets/Product/Texture/Image/IconToolsSp/IconBlueRestaurantDiningcar001Sp.png	16388	4	10		99999				999					1	10		[211301001]	25	
2413	老巷街灯图纸	类型：物件。	在家具改装时使用，可以将其他家具改装为【老巷街灯】。	Assets/Product/Texture/Image/IconTools/IconBlueRestaurantLantern001.png	Assets/Product/Texture/Image/IconToolsSp/IconBlueRestaurantLantern001Sp.png	16388	4	10		99999				999					1	10		[211301001]	25	
2414	噔噔噔凳图纸	类型：物件。	在家具改装时使用，可以将其他家具改装为【噔噔噔凳】。	Assets/Product/Texture/Image/IconTools/IconBlueRestaurantPlasticstools001.png	Assets/Product/Texture/Image/IconToolsSp/IconBlueRestaurantPlasticstools001Sp.png	16388	4	10		99999				999					1	10		[211301001]	25	
2415	地标建筑图纸	类型：物件。	在家具改装时使用，可以将其他家具改装为【地标建筑】。	Assets/Product/Texture/Image/IconTools/IconBlueRestaurantStreetsigns001.png	Assets/Product/Texture/Image/IconToolsSp/IconBlueRestaurantStreetsigns001Sp.png	16388	4	10		99999				999					1	10		[211301001]	25	
2416	大桔利是图纸	类型：物件。	在家具改装时使用，可以将其他家具改装为【大桔利是】。	Assets/Product/Texture/Image/IconTools/IconBlueRestaurantTree001.png	Assets/Product/Texture/Image/IconToolsSp/IconBlueRestaurantTree001Sp.png	16388	4	10		99999				999					1	10		[211301001]	25	
2417	鞭炮挂饰图纸	类型：挂饰。	在家具改装时使用，可以将其他家具改装为【鞭炮挂饰】。	Assets/Product/Texture/Image/IconTools/IconBlueRestaurantFirecrackers001.png	Assets/Product/Texture/Image/IconToolsSp/IconBlueRestaurantFirecrackers001Sp.png	16388	4	10		99999				999					1	10		[211301001]	25	
2418	老字号图纸	类型：挂饰。	在家具改装时使用，可以将其他家具改装为【老字号】。	Assets/Product/Texture/Image/IconTools/IconBlueRestaurantPendant001.png	Assets/Product/Texture/Image/IconToolsSp/IconBlueRestaurantPendant001Sp.png	16388	4	10		99999				999					1	10		[211301001]	25	
2419	岁月间距图纸	类型：隔离墙。	在家具改装时使用，可以将其他家具改装为【岁月间距】。	Assets/Product/Texture/Image/IconTools/IconBlueRestaurantScreen001.png	Assets/Product/Texture/Image/IconToolsSp/IconBlueRestaurantScreen001Sp.png	16388	4	10		99999				999					1	10		[211301001]	25	
2420	旧时风格图纸	类型：挂饰。	在家具改装时使用，可以将其他家具改装为【旧时风格】。	Assets/Product/Texture/Image/IconTools/IconBlueRestaurantWindow001.png	Assets/Product/Texture/Image/IconToolsSp/IconBlueRestaurantWindow001Sp.png	16388	4	10		99999				999					1	10		[211301001]	25	
2421	充满帕瓦图纸	类型：床。	在家具改装时使用，可以将其他家具改装为【充满帕瓦】。	Assets/Product/Texture/Image/IconTools/IconBlueMayQishi001.png	Assets/Product/Texture/Image/IconToolsSp/IconBlueMayQishi001Sp.png	16388	4	10		99999				999					1	10		[211301001]	18	
2422	骑士梦境图纸	类型：床。	在家具改装时使用，可以将其他家具改装为【骑士梦境】。	Assets/Product/Texture/Image/IconTools/IconBlueHakamaWoodenbed001.png	Assets/Product/Texture/Image/IconToolsSp/IconBlueHakamaWoodenbed001Sp.png	16388	4	10		99999				999					1	10		[211301001]	26	
2423	珍贵典藏图纸	类型：柜子。	在家具改装时使用，可以将其他家具改装为【珍贵典藏】。	Assets/Product/Texture/Image/IconTools/IconBlueHakamaBookcase001.png	Assets/Product/Texture/Image/IconToolsSp/IconBlueHakamaBookcase001Sp.png	16388	4	10		99999				999					1	10		[211301001]	26	
2424	武装头脑图纸	类型：桌子。	在家具改装时使用，可以将其他家具改装为【武装头脑】。	Assets/Product/Texture/Image/IconTools/IconBlueHakamaDesk001.png	Assets/Product/Texture/Image/IconToolsSp/IconBlueHakamaDesk001Sp.png	16388	4	10		99999				999					1	10		[211301001]	26	
2425	领主象征图纸	类型：板凳。	在家具改装时使用，可以将其他家具改装为【领主象征】。	Assets/Product/Texture/Image/IconTools/IconBlueHakamaBench001.png	Assets/Product/Texture/Image/IconToolsSp/IconBlueHakamaBench001Sp.png	16388	4	10		99999				999					1	10		[211301001]	26	
2426	荣耀武具图纸	类型：挂饰。	在家具改装时使用，可以将其他家具改装为【荣耀武具】。	Assets/Product/Texture/Image/IconTools/IconBlueHakamaSword001.png	Assets/Product/Texture/Image/IconToolsSp/IconBlueHakamaSword001Sp.png	16388	4	10		99999				999					1	10		[211301001]	26	
2427	拥抱自然图纸	类型：床。	在家具改装时使用，可以将其他家具改装为【拥抱自然】。	Assets/Product/Texture/Image/IconTools/IconBlueHakamaHammock001.png	Assets/Product/Texture/Image/IconToolsSp/IconBlueHakamaHammock001Sp.png	16388	4	10		99999				999					1	10		[211301001]	27	
2428	果蔬来喽图纸	类型：柜子。	在家具改装时使用，可以将其他家具改装为【果蔬来喽】。	Assets/Product/Texture/Image/IconTools/IconBlueHakamaCabinet001.png	Assets/Product/Texture/Image/IconToolsSp/IconBlueHakamaCabinet001Sp.png	16388	4	10		99999				999					1	10		[211301001]	27	
2429	超简主义图纸	类型：桌子。	在家具改装时使用，可以将其他家具改装为【超简主义】。	Assets/Product/Texture/Image/IconTools/IconBlueHakamaTable001.png	Assets/Product/Texture/Image/IconToolsSp/IconBlueHakamaTable001Sp.png	16388	4	10		99999				999					1	10		[211301001]	27	
2430	草坪矮凳图纸	类型：板凳。	在家具改装时使用，可以将其他家具改装为【草坪矮凳】。	Assets/Product/Texture/Image/IconTools/IconBlueHakamaStool001.png	Assets/Product/Texture/Image/IconToolsSp/IconBlueHakamaStool001Sp.png	16388	4	10		99999				999					1	10		[211301001]	27	
2431	果蔬泳池图纸	类型：物件。	在家具改装时使用，可以将其他家具改装为【果蔬泳池】。	Assets/Product/Texture/Image/IconTools/IconBlueHakamaPool001.png	Assets/Product/Texture/Image/IconToolsSp/IconBlueHakamaPool001Sp.png	16388	4	10		99999				999					1	10		[211301001]	27	
2432	蓬松哈卡玛图纸	类型：物件。	在家具改装时使用，可以将其他家具改装为【蓬松哈卡玛】。	Assets/Product/Texture/Image/IconTools/IconBlueHakamaSushe001.png	Assets/Product/Texture/Image/IconToolsSp/IconBlueHakamaSushe001Sp.png	16388	4	10		99999				999					1	10		[211301001]	18	
2433	专辑挂饰图纸	类型：挂饰。	在家具改装时使用，可以将其他家具改装为【专辑挂饰】。	Assets/Product/Texture/Image/IconTools/IconBlueHakamaCd001.png	Assets/Product/Texture/Image/IconToolsSp/IconBlueHakamaCd001Sp.png	16388	4	10		99999				999					1	10		[211301001]	18	
2434	茶话长桌图纸	类型：桌子。	在家具改装时使用，可以将其他家具改装为【茶话长桌】。	Assets/Product/Texture/Image/IconTools/IconBlueKalieTable001.png	Assets/Product/Texture/Image/IconToolsSp/IconBlueKalieTable001Sp.png	16388	4	10		99999				999					1	10		[211301001]	28	
2435	甜品派对图纸	类型：桌子。	在家具改装时使用，可以将其他家具改装为【甜品派对】。	Assets/Product/Texture/Image/IconTools/IconBlueKalieTable002.png	Assets/Product/Texture/Image/IconToolsSp/IconBlueKalieTable002Sp.png	16388	4	10		99999				999					1	10		[211301001]	28	
2436	茶歇时光图纸	类型：椅子。	在家具改装时使用，可以将其他家具改装为【茶歇时光】。	Assets/Product/Texture/Image/IconTools/IconBlueKalieChair001.png	Assets/Product/Texture/Image/IconToolsSp/IconBlueKalieChair001Sp.png	16388	4	10		99999				999					1	10		[211301001]	28	
2437	白兔先生图纸	类型：物件。	在家具改装时使用，可以将其他家具改装为【白兔先生】。	Assets/Product/Texture/Image/IconTools/IconBlueKaliePotted001.png	Assets/Product/Texture/Image/IconToolsSp/IconBlueKaliePotted001Sp.png	16388	4	10		99999				999					1	10		[211301001]	28	
2438	仙境邀约图纸	类型：物件。	在家具改装时使用，可以将其他家具改装为【仙境邀约】。	Assets/Product/Texture/Image/IconTools/IconBlueKalieBillboard001.png	Assets/Product/Texture/Image/IconToolsSp/IconBlueKalieBillboard001Sp.png	16388	4	10		99999				999					1	10		[211301001]	28	
2439	幻想边界图纸	类型：隔离墙。	在家具改装时使用，可以将其他家具改装为【幻想边界】。	Assets/Product/Texture/Image/IconTools/IconBlueKalieFence001.png	Assets/Product/Texture/Image/IconToolsSp/IconBlueKalieFence001Sp.png	16388	4	10		99999				999					1	10		[211301001]	28	
2440	求真沙发图纸	类型：沙发。	在家具改装时使用，可以将其他家具改装为【求真沙发】。	Assets/Product/Texture/Image/IconTools/IconBlueKalieSofa001.png	Assets/Product/Texture/Image/IconToolsSp/IconBlueKalieSofa001Sp.png	16388	4	10		99999				999					1	10		[211301001]	29	
2441	沉思之座图纸	类型：椅子。	在家具改装时使用，可以将其他家具改装为【沉思之座】。	Assets/Product/Texture/Image/IconTools/IconBlueKalieChair002.png	Assets/Product/Texture/Image/IconToolsSp/IconBlueKalieChair002Sp.png	16388	4	10		99999				999					1	10		[211301001]	29	
2442	揭秘之台图纸	类型：桌子。	在家具改装时使用，可以将其他家具改装为【揭秘之台】。	Assets/Product/Texture/Image/IconTools/IconBlueKalieTable003.png	Assets/Product/Texture/Image/IconToolsSp/IconBlueKalieTable003Sp.png	16388	4	10		99999				999					1	10		[211301001]	29	
2443	演绎圆桌图纸	类型：桌子。	在家具改装时使用，可以将其他家具改装为【演绎圆桌】。	Assets/Product/Texture/Image/IconTools/IconBlueKalieTable004.png	Assets/Product/Texture/Image/IconToolsSp/IconBlueKalieTable004Sp.png	16388	4	10		99999				999					1	10		[211301001]	29	
2444	灵感炉焰图纸	类型：物件。	在家具改装时使用，可以将其他家具改装为【灵感炉焰】。	Assets/Product/Texture/Image/IconTools/IconBlueKalieFireplace001.png	Assets/Product/Texture/Image/IconToolsSp/IconBlueKalieFireplace001Sp.png	16388	4	10		99999				999					1	10		[211301001]	29	
2445	追迹拼图图纸	类型：挂饰。	在家具改装时使用，可以将其他家具改装为【追迹拼图】。	Assets/Product/Texture/Image/IconTools/IconBlueKalieClues001.png	Assets/Product/Texture/Image/IconToolsSp/IconBlueKalieClues001Sp.png	16388	4	10		99999				999					1	10		[211301001]	29	
2446	爱乐之柜图纸	类型：柜子。	在家具改装时使用，可以将其他家具改装为【爱乐之柜】。	Assets/Product/Texture/Image/IconTools/IconBlueKalieSushe001.png	Assets/Product/Texture/Image/IconToolsSp/IconBlueKalieSushe001Sp.png	16388	4	10		99999				999					1	10		[211301001]	18	
2447	终焉之墟图纸	类型：物件。	在家具改装时使用，可以将其他家具改装为【终焉之墟】。	Assets/Product/Texture/Image/IconTools/IconBlueBaimaoSushe001.png	Assets/Product/Texture/Image/IconToolsSp/IconBlueBaimaoSushe001Sp.png	16388	4	10		99999				999					1	10		[211301001]	18	
2448	书海木柜图纸	类型：柜子。	在家具改装时使用，可以将其他家具改装为【书海木柜】。	Assets/Product/Texture/Image/IconTools/IconBlueNuoanBookcase001.png	Assets/Product/Texture/Image/IconToolsSp/IconBlueNuoanBookcase001Sp.png	16388	4	10		99999				999					1	10		[211301001]	30	
2449	暖灯茶话图纸	类型：桌子。	在家具改装时使用，可以将其他家具改装为【暖灯茶话】。	Assets/Product/Texture/Image/IconTools/IconBlueNuoanCarrel001.png	Assets/Product/Texture/Image/IconToolsSp/IconBlueNuoanCarrel001Sp.png	16388	4	10		99999				999					1	10		[211301001]	30	
2450	温棉轻语图纸	类型：椅子。	在家具改装时使用，可以将其他家具改装为【温棉轻语】。	Assets/Product/Texture/Image/IconTools/IconBlueNuoanChair001.png	Assets/Product/Texture/Image/IconToolsSp/IconBlueNuoanChair001Sp.png	16388	4	10		99999				999					1	10		[211301001]	30	
2451	运载推车图纸	类型：矮柜。	在家具改装时使用，可以将其他家具改装为【运载推车】。	Assets/Product/Texture/Image/IconTools/IconBlueNuoanCart001.png	Assets/Product/Texture/Image/IconToolsSp/IconBlueNuoanCart001Sp.png	16388	4	10		99999				999					1	10		[211301001]	30	
2452	遥望宇宙图纸	类型：物件。	在家具改装时使用，可以将其他家具改装为【遥望宇宙】。	Assets/Product/Texture/Image/IconTools/IconBlueNuoanTelescope001.png	Assets/Product/Texture/Image/IconToolsSp/IconBlueNuoanTelescope001Sp.png	16388	4	10		99999				999					1	10		[211301001]	30	
2453	蒲茶窑柜图纸	类型：柜子。	在家具改装时使用，可以将其他家具改装为【蒲茶窑柜】。	Assets/Product/Texture/Image/IconTools/IconBlueNuoanCabinet001.png	Assets/Product/Texture/Image/IconToolsSp/IconBlueNuoanCabinet001Sp.png	16388	4	10		99999				999					1	10		[211301001]	31	
2454	曲水碧流图纸	类型：桌子。	在家具改装时使用，可以将其他家具改装为【曲水碧流】。	Assets/Product/Texture/Image/IconTools/IconBlueNuoanTable001.png	Assets/Product/Texture/Image/IconToolsSp/IconBlueNuoanTable001Sp.png	16388	4	10		99999				999					1	10		[211301001]	31	
2455	葵蒿短椅图纸	类型：椅子。	在家具改装时使用，可以将其他家具改装为【葵蒿短椅】。	Assets/Product/Texture/Image/IconTools/IconBlueNuoanChair002.png	Assets/Product/Texture/Image/IconToolsSp/IconBlueNuoanChair002Sp.png	16388	4	10		99999				999					1	10		[211301001]	31	
2456	糯香炉灶图纸	类型：物件。	在家具改装时使用，可以将其他家具改装为【糯香炉灶】。	Assets/Product/Texture/Image/IconTools/IconBlueNuoanKitchen001.png	Assets/Product/Texture/Image/IconToolsSp/IconBlueNuoanKitchen001Sp.png	16388	4	10		99999				999					1	10		[211301001]	31	
2457	结高坠绿图纸	类型：挂饰。	在家具改装时使用，可以将其他家具改装为【结高坠绿】。	Assets/Product/Texture/Image/IconTools/IconBlueNuoanWicker001.png	Assets/Product/Texture/Image/IconToolsSp/IconBlueNuoanWicker001Sp.png	16388	4	10		99999				999					1	10		[211301001]	31	
2458	芳草华段图纸	类型：挂饰。	在家具改装时使用，可以将其他家具改装为【芳草华段】。	Assets/Product/Texture/Image/IconTools/IconBlueNuoanWicker002.png	Assets/Product/Texture/Image/IconToolsSp/IconBlueNuoanWicker002Sp.png	16388	4	10		99999				999					1	10		[211301001]	31	
2459	梦萤时忆图纸	类型：沙发。	在家具改装时使用，可以将其他家具改装为【梦萤时忆】。	Assets/Product/Texture/Image/IconTools/IconBlueNuoanSushe001.png	Assets/Product/Texture/Image/IconToolsSp/IconBlueNuoanSushe001Sp.png	16388	4	10		99999				999					1	10		[211301001]	18	
2460	经典格调图纸	类型：地板。	在家具改装时使用，可以将其他家具改装为【经典格调】。	Assets/Product/Texture/Image/IconTools/IconBlueBiankaFloor001.png	Assets/Product/Texture/Image/IconToolsSp/IconBlueBiankaFloor001Sp.png	16388	4	10		99999				999					1	10		[211301001]	32	
2461	残阳电波图纸	类型：墙。	在家具改装时使用，可以将其他家具改装为【残阳电波】。	Assets/Product/Texture/Image/IconTools/IconBlueBiankaWall001.png	Assets/Product/Texture/Image/IconToolsSp/IconBlueBiankaWall001Sp.png	16388	4	10		99999				999					1	10		[211301001]	32	
2462	天上霓虹图纸	类型：天花板。	在家具改装时使用，可以将其他家具改装为【天上霓虹】。	Assets/Product/Texture/Image/IconTools/IconBlueBiankaCeiling001.png	Assets/Product/Texture/Image/IconToolsSp/IconBlueBiankaCeiling001Sp.png	16388	4	10		99999				999					1	10		[211301001]	32	
2463	车头沙发图纸	类型：沙发。	在家具改装时使用，可以将其他家具改装为【车头沙发】。	Assets/Product/Texture/Image/IconTools/IconBlueBiankaCarseat001.png	Assets/Product/Texture/Image/IconToolsSp/IconBlueBiankaCarseat001Sp.png	16388	4	10		99999				999					1	10		[211301001]	32	
2464	车尾沙发图纸	类型：沙发。	在家具改装时使用，可以将其他家具改装为【车尾沙发】。	Assets/Product/Texture/Image/IconTools/IconBlueBiankaCarseat002.png	Assets/Product/Texture/Image/IconToolsSp/IconBlueBiankaCarseat002Sp.png	16388	4	10		99999				999					1	10		[211301001]	32	
2465	汽车床图纸	类型：床。	在家具改装时使用，可以将其他家具改装为【汽车床】。	Assets/Product/Texture/Image/IconTools/IconBlueBiankaCarbed001.png	Assets/Product/Texture/Image/IconToolsSp/IconBlueBiankaCarbed001Sp.png	16388	4	10		99999				999					1	10		[211301001]	32	
2466	老派冰柜图纸	类型：柜子。	在家具改装时使用，可以将其他家具改装为【老派冰柜】。	Assets/Product/Texture/Image/IconTools/IconBlueBiankaBar001.png	Assets/Product/Texture/Image/IconToolsSp/IconBlueBiankaBar001Sp.png	16388	4	10		99999				999					1	10		[211301001]	32	
2467	售卖机GOGO图纸	类型：柜子。	在家具改装时使用，可以将其他家具改装为【售卖机GOGO】。	Assets/Product/Texture/Image/IconTools/IconBlueBiankaMachines001.png	Assets/Product/Texture/Image/IconToolsSp/IconBlueBiankaMachines001Sp.png	16388	4	10		99999				999					1	10		[211301001]	32	
2468	怀旧时光图纸	类型：桌子。	在家具改装时使用，可以将其他家具改装为【怀旧时光】。	Assets/Product/Texture/Image/IconTools/IconBlueBiankaTable001.png	Assets/Product/Texture/Image/IconToolsSp/IconBlueBiankaTable001Sp.png	16388	4	10		99999				999					1	10		[211301001]	32	
2469	餐厅椅图纸	类型：椅子。	在家具改装时使用，可以将其他家具改装为【餐厅椅】。	Assets/Product/Texture/Image/IconTools/IconBlueBiankaBarchair001.png	Assets/Product/Texture/Image/IconToolsSp/IconBlueBiankaBarchair001Sp.png	16388	4	10		99999				999					1	10		[211301001]	32	
2470	流行金曲图纸	类型：矮柜。	在家具改装时使用，可以将其他家具改装为【流行金曲】。	Assets/Product/Texture/Image/IconTools/IconBlueBiankaPlayer001.png	Assets/Product/Texture/Image/IconToolsSp/IconBlueBiankaPlayer001Sp.png	16388	4	10		99999				999					1	10		[211301001]	32	
2471	四冲程吧台图纸	类型：物件。	在家具改装时使用，可以将其他家具改装为【四冲程吧台】。	Assets/Product/Texture/Image/IconTools/IconBlueBiankaCounter001.png	Assets/Product/Texture/Image/IconToolsSp/IconBlueBiankaCounter001Sp.png	16388	4	10		99999				999					1	10		[211301001]	32	
2472	黄昏图纸	类型：挂饰。	在家具改装时使用，可以将其他家具改装为【黄昏】。	Assets/Product/Texture/Image/IconTools/IconBlueBiankaWindow001.png	Assets/Product/Texture/Image/IconToolsSp/IconBlueBiankaWindow001Sp.png	16388	4	10		99999				999					1	10		[211301001]	32	
2473	请往此处图纸	类型：挂饰。	在家具改装时使用，可以将其他家具改装为【请往此处】。	Assets/Product/Texture/Image/IconTools/IconBlueBiankaArrow001.png	Assets/Product/Texture/Image/IconToolsSp/IconBlueBiankaArrow001Sp.png	16388	4	10		99999				999					1	10		[211301001]	32	
2474	灯牌·日落图纸	类型：挂饰。	在家具改装时使用，可以将其他家具改装为【灯牌·日落】。	Assets/Product/Texture/Image/IconTools/IconBlueBiankaNeonlights001.png	Assets/Product/Texture/Image/IconToolsSp/IconBlueBiankaNeonlights001Sp.png	16388	4	10		99999				999					1	10		[211301001]	32	
2475	黄金时代图纸	类型：挂饰。	在家具改装时使用，可以将其他家具改装为【黄金时代】。	Assets/Product/Texture/Image/IconTools/IconBlueBiankaPhotoframe001.png	Assets/Product/Texture/Image/IconToolsSp/IconBlueBiankaPhotoframe001Sp.png	16388	4	10		99999				999					1	10		[211301001]	32	
2476	无星夜图纸	类型：床。	在家具改装时使用，可以将其他家具改装为【无星夜】。	Assets/Product/Texture/Image/IconTools/IconBlueBiankasushe001.png	Assets/Product/Texture/Image/IconToolsSp/IconBlueBiankasushe001Sp.png	16388	4	10		99999				999					1	10		[211301001]	18	
2477	曜景图纸	类型：隔离墙。	在家具改装时使用，可以将其他家具改装为【曜景】。	Assets/Product/Texture/Image/IconTools/IconBlueBiankaScreen001.png	Assets/Product/Texture/Image/IconToolsSp/IconBlueBiankaScreen001Sp.png	16388	4	10		99999				999					1	10		[211301001]	18	
2478	银杏入梦图纸	类型：床。	在家具改装时使用，可以将其他家具改装为【银杏入梦】。	Assets/Product/Texture/Image/IconTools/IconBlueAutumnBed001.png	Assets/Product/Texture/Image/IconToolsSp/IconBlueAutumnBed001Sp.png	16388	4	10		99999				999					1	10		[211301001]	33	
2479	飨月宴席图纸	类型：桌子。	在家具改装时使用，可以将其他家具改装为【飨月宴席】。	Assets/Product/Texture/Image/IconTools/IconBlueAutumnTable001.png	Assets/Product/Texture/Image/IconToolsSp/IconBlueAutumnTable001Sp.png	16388	4	10		99999				999					1	10		[211301001]	33	
2480	飨月鼓凳图纸	类型：椅子。	在家具改装时使用，可以将其他家具改装为【飨月鼓凳】。	Assets/Product/Texture/Image/IconTools/IconBlueAutumnChair001.png	Assets/Product/Texture/Image/IconToolsSp/IconBlueAutumnChair001Sp.png	16388	4	10		99999				999					1	10		[211301001]	33	
2481	醉卧葡萄架低香图纸	类型：物件。	在家具改装时使用，可以将其他家具改装为【醉卧葡萄架低香】。	Assets/Product/Texture/Image/IconTools/IconBlueAutumnGrape001.png	Assets/Product/Texture/Image/IconToolsSp/IconBlueAutumnGrape001Sp.png	16388	4	10		99999				999					1	10		[211301001]	33	
2482	桂影芳图纸	类型：物件。	在家具改装时使用，可以将其他家具改装为【桂影芳】。	Assets/Product/Texture/Image/IconTools/IconBlueAutumnQiuju001.png	Assets/Product/Texture/Image/IconToolsSp/IconBlueAutumnQiuju001Sp.png	16388	4	10		99999				999					1	10		[211301001]	33	
2483	晶莹幻想图纸	类型：柜子。	在家具改装时使用，可以将其他家具改装为【晶莹幻想】。	Assets/Product/Texture/Image/IconTools/IconBlueSusheDollark001.png	Assets/Product/Texture/Image/IconToolsSp/IconBlueSusheDollark001Sp.png	16388	4	10		99999				999					1	10		[211301001]	34	
2484	糖果工作台图纸	类型：桌子。	在家具改装时使用，可以将其他家具改装为【糖果工作台】。	Assets/Product/Texture/Image/IconTools/IconBlueSusheDollWorkbench001.png	Assets/Product/Texture/Image/IconToolsSp/IconBlueSusheDollWorkbench001Sp.png	16388	4	10		99999				999					1	10		[211301001]	34	
2485	缝合梦境图纸	类型：桌子。	在家具改装时使用，可以将其他家具改装为【缝合梦境】。	Assets/Product/Texture/Image/IconTools/IconBlueSusheDollMachine001.png	Assets/Product/Texture/Image/IconToolsSp/IconBlueSusheDollMachine001Sp.png	16388	4	10		99999				999					1	10		[211301001]	34	
2486	糖果工作椅图纸	类型：椅子。	在家具改装时使用，可以将其他家具改装为【糖果工作椅】。	Assets/Product/Texture/Image/IconTools/IconBlueSusheDollStool001.png	Assets/Product/Texture/Image/IconToolsSp/IconBlueSusheDollStool001Sp.png	16388	4	10		99999				999					1	10		[211301001]	34	
2487	独立展柜图纸	类型：物件。	在家具改装时使用，可以将其他家具改装为【独立展柜】。	Assets/Product/Texture/Image/IconTools/IconBlueSusheDollBooth001.png	Assets/Product/Texture/Image/IconToolsSp/IconBlueSusheDollBooth001Sp.png	16388	4	10		99999				999					1	10		[211301001]	34	
2488	梦境白花图纸	类型：物件。	在家具改装时使用，可以将其他家具改装为【梦境白花】。	Assets/Product/Texture/Image/IconTools/IconBlueSusheDollPotted001.png	Assets/Product/Texture/Image/IconToolsSp/IconBlueSusheDollPotted001Sp.png	16388	4	10		99999				999					1	10		[211301001]	34	
2489	设计工具板图纸	类型：挂饰。	在家具改装时使用，可以将其他家具改装为【设计工具板】。	Assets/Product/Texture/Image/IconTools/IconBlueSusheDollposters001.png	Assets/Product/Texture/Image/IconToolsSp/IconBlueSusheDollposters001Sp.png	16388	4	10		99999				999					1	10		[211301001]	34	
2490	镜寂玩具箱图纸	类型：物件。	在家具改装时使用，可以将其他家具改装为【镜寂玩具箱】。	Assets/Product/Texture/Image/IconTools/IconBluesusheBangbi001.png	Assets/Product/Texture/Image/IconToolsSp/IconBluesusheBangbi001Sp.png	16388	4	10		99999				999					1	10		[211301001]	18	
2491	浮游炮整备台图纸	类型：物件。	在家具改装时使用，可以将其他家具改装为【浮游炮整备台】。	Assets/Product/Texture/Image/IconTools/IconBluesusheyangguang001.png	Assets/Product/Texture/Image/IconToolsSp/IconBluesusheyangguang001Sp.png	16388	4	10		99999				999					1	10		[211301001]	18	
2492	本影地砖图纸	类型：地板。	在家具改装时使用，可以将其他家具改装为【本影地砖】。	Assets/Product/Texture/Image/IconTools/IconBlueStudioFloor001.png	Assets/Product/Texture/Image/IconToolsSp/IconBlueStudioFloor001Sp.png	16388	4	10		99999				999					1	10		[211301001]	35	
2493	本影幕墙图纸	类型：墙。	在家具改装时使用，可以将其他家具改装为【本影幕墙】。	Assets/Product/Texture/Image/IconTools/IconBlueStudioWall001.png	Assets/Product/Texture/Image/IconToolsSp/IconBlueStudioWall001Sp.png	16388	4	10		99999				999					1	10		[211301001]	35	
2494	灯箱吊顶图纸	类型：天花板。	在家具改装时使用，可以将其他家具改装为【灯箱吊顶】。	Assets/Product/Texture/Image/IconTools/IconBlueStudioCeiling001.png	Assets/Product/Texture/Image/IconToolsSp/IconBlueStudioCeiling001Sp.png	16388	4	10		99999				999					1	10		[211301001]	35	
2495	简约沙发椅图纸	类型：沙发。	在家具改装时使用，可以将其他家具改装为【简约沙发椅】。	Assets/Product/Texture/Image/IconTools/IconBlueStudioChair001.png	Assets/Product/Texture/Image/IconToolsSp/IconBlueStudioChair001Sp.png	16388	4	10		99999				999					1	10		[211301001]	35	
2496	智能睡床图纸	类型：床。	在家具改装时使用，可以将其他家具改装为【智能睡床】。	Assets/Product/Texture/Image/IconTools/IconBlueStudioBed001.png	Assets/Product/Texture/Image/IconToolsSp/IconBlueStudioBed001Sp.png	16388	4	10		99999				999					1	10		[211301001]	35	
2497	摄影展柜图纸	类型：柜子。	在家具改装时使用，可以将其他家具改装为【摄影展柜】。	Assets/Product/Texture/Image/IconTools/IconBlueStudioRevealark001.png	Assets/Product/Texture/Image/IconToolsSp/IconBlueStudioRevealark001Sp.png	16388	4	10		99999				999					1	10		[211301001]	35	
2498	光学工具台图纸	类型：柜子。	在家具改装时使用，可以将其他家具改装为【光学工具台】。	Assets/Product/Texture/Image/IconTools/IconBlueStudioCabinet001.png	Assets/Product/Texture/Image/IconToolsSp/IconBlueStudioCabinet001Sp.png	16388	4	10		99999				999					1	10		[211301001]	35	
2499	摄影室柜台图纸	类型：桌子。	在家具改装时使用，可以将其他家具改装为【摄影室柜台】。	Assets/Product/Texture/Image/IconTools/IconBlueStudioCounter001.png	Assets/Product/Texture/Image/IconToolsSp/IconBlueStudioCounter001Sp.png	16388	4	10		99999				999					1	10		[211301001]	35	
2500	后期工作台图纸	类型：桌子。	在家具改装时使用，可以将其他家具改装为【后期工作台】。	Assets/Product/Texture/Image/IconTools/IconBlueStudioDesk001.png	Assets/Product/Texture/Image/IconToolsSp/IconBlueStudioDesk001Sp.png	16388	4	10		99999				999					1	10		[211301001]	35	
2501	曝光台图纸	类型：桌子。	在家具改装时使用，可以将其他家具改装为【曝光台】。	Assets/Product/Texture/Image/IconTools/IconBlueStudioLighthouse001.png	Assets/Product/Texture/Image/IconToolsSp/IconBlueStudioLighthouse001Sp.png	16388	4	10		99999				999					1	10		[211301001]	35	
2502	冲印台图纸	类型：桌子。	在家具改装时使用，可以将其他家具改装为【冲印台】。	Assets/Product/Texture/Image/IconTools/IconBlueStudioWorkbench001.png	Assets/Product/Texture/Image/IconToolsSp/IconBlueStudioWorkbench001Sp.png	16388	4	10		99999				999					1	10		[211301001]	35	
2503	OMP-2相机图纸	类型：物件。	在家具改装时使用，可以将其他家具改装为【OMP-2相机】。	Assets/Product/Texture/Image/IconTools/IconBlueStudioPhotography003.png	Assets/Product/Texture/Image/IconToolsSp/IconBlueStudioPhotography003Sp.png	16388	4	10		99999				999					1	10		[211301001]	35	
2504	自动化影棚图纸	类型：物件。	在家具改装时使用，可以将其他家具改装为【自动化影棚】。	Assets/Product/Texture/Image/IconTools/IconBlueStudioPhotography001.png	Assets/Product/Texture/Image/IconToolsSp/IconBlueStudioPhotography001Sp.png	16388	4	10		99999				999					1	10		[211301001]	35	
2505	旧日影踪图纸	类型：挂饰。	在家具改装时使用，可以将其他家具改装为【旧日影踪】。	Assets/Product/Texture/Image/IconTools/IconBlueStudioCamera001.png	Assets/Product/Texture/Image/IconToolsSp/IconBlueStudioCamera001Sp.png	16388	4	10		99999				999					1	10		[211301001]	35	
2506	暗房散光灯图纸	类型：挂饰。	在家具改装时使用，可以将其他家具改装为【暗房散光灯】。	Assets/Product/Texture/Image/IconTools/IconBlueStudioWalllamp001.png	Assets/Product/Texture/Image/IconToolsSp/IconBlueStudioWalllamp001Sp.png	16388	4	10		99999				999					1	10		[211301001]	35	
2507	影棚玻璃窗图纸	类型：挂饰。	在家具改装时使用，可以将其他家具改装为【影棚玻璃窗】。	Assets/Product/Texture/Image/IconTools/IconBlueStudioWindow001.png	Assets/Product/Texture/Image/IconToolsSp/IconBlueStudioWindow001Sp.png	16388	4	10		99999				999					1	10		[211301001]	35	
2508	成片风干墙图纸	类型：挂饰。	在家具改装时使用，可以将其他家具改装为【成片风干墙】。	Assets/Product/Texture/Image/IconTools/IconBlueStudioPhotowall001.png	Assets/Product/Texture/Image/IconToolsSp/IconBlueStudioPhotowall001Sp.png	16388	4	10		99999				999					1	10		[211301001]	35	
2509	滤光隔断(左)图纸	类型：隔离墙。	在家具改装时使用，可以将其他家具改装为【滤光隔断(左)】。	Assets/Product/Texture/Image/IconTools/IconBlueStudioScreen001.png	Assets/Product/Texture/Image/IconToolsSp/IconBlueStudioScreen001Sp.png	16388	4	10		99999				999					1	10		[211301001]	35	
2510	滤光隔断(右)图纸	类型：隔离墙。	在家具改装时使用，可以将其他家具改装为【滤光隔断(右)】。	Assets/Product/Texture/Image/IconTools/IconBlueStudioScreen002.png	Assets/Product/Texture/Image/IconToolsSp/IconBlueStudioScreen002Sp.png	16388	4	10		99999				999					1	10		[211301001]	35	
2511	洛伦兹沙漏图纸	类型：物件。	在家具改装时使用，可以将其他家具改装为【洛伦兹沙漏】。	Assets/Product/Texture/Image/IconTools/IconBlueStudioSushe001.png	Assets/Product/Texture/Image/IconToolsSp/IconBlueStudioSushe001Sp.png	16388	4	10		99999				999					1	10		[211301001]	18	
2512	古典地砖图纸	类型：地板。	在家具改装时使用，可以将其他家具改装为【古典地砖】。	Assets/Product/Texture/Image/IconTools/IconBlueArchaeologicalFloor001.png	Assets/Product/Texture/Image/IconToolsSp/IconBlueArchaeologicalFloor001Sp.png	16388	4	10		99999				999					1	10		[211301001]	36	
2513	古典墙纸图纸	类型：墙。	在家具改装时使用，可以将其他家具改装为【古典墙纸】。	Assets/Product/Texture/Image/IconTools/IconBlueArchaeologicalWall001.png	Assets/Product/Texture/Image/IconToolsSp/IconBlueArchaeologicalWall001Sp.png	16388	4	10		99999				999					1	10		[211301001]	36	
2514	工棚拱顶图纸	类型：天花板。	在家具改装时使用，可以将其他家具改装为【工棚拱顶】。	Assets/Product/Texture/Image/IconTools/IconBlueArchaeologicalCeiling001.png	Assets/Product/Texture/Image/IconToolsSp/IconBlueArchaeologicalCeiling001Sp.png	16388	4	10		99999				999					1	10		[211301001]	36	
2515	古典沙发图纸	类型：沙发。	在家具改装时使用，可以将其他家具改装为【古典沙发】。	Assets/Product/Texture/Image/IconTools/IconBlueArchaeologicalSofa001.png	Assets/Product/Texture/Image/IconToolsSp/IconBlueArchaeologicalSofa001Sp.png	16388	4	10		99999				999					1	10		[211301001]	36	
2516	即时小憩图纸	类型：床。	在家具改装时使用，可以将其他家具改装为【即时小憩】。	Assets/Product/Texture/Image/IconTools/IconBlueArchaeologicalBed001.png	Assets/Product/Texture/Image/IconToolsSp/IconBlueArchaeologicalBed001Sp.png	16388	4	10		99999				999					1	10		[211301001]	36	
2517	工具书陈列柜图纸	类型：柜子。	在家具改装时使用，可以将其他家具改装为【工具书陈列柜】。	Assets/Product/Texture/Image/IconTools/IconBlueArchaeologicalCabinet002.png	Assets/Product/Texture/Image/IconToolsSp/IconBlueArchaeologicalCabinet002Sp.png	16388	4	10		99999				999					1	10		[211301001]	36	
2518	临时置物架图纸	类型：柜子。	在家具改装时使用，可以将其他家具改装为【临时置物架】。	Assets/Product/Texture/Image/IconTools/IconBlueArchaeologicalShelf001.png	Assets/Product/Texture/Image/IconToolsSp/IconBlueArchaeologicalShelf001Sp.png	16388	4	10		99999				999					1	10		[211301001]	36	
2519	古典茶几图纸	类型：桌子。	在家具改装时使用，可以将其他家具改装为【古典茶几】。	Assets/Product/Texture/Image/IconTools/IconBlueArchaeologicalTable001.png	Assets/Product/Texture/Image/IconToolsSp/IconBlueArchaeologicalTable001Sp.png	16388	4	10		99999				999					1	10		[211301001]	36	
2520	研讨会议桌图纸	类型：桌子。	在家具改装时使用，可以将其他家具改装为【研讨会议桌】。	Assets/Product/Texture/Image/IconTools/IconBlueArchaeologicalTable002.png	Assets/Product/Texture/Image/IconToolsSp/IconBlueArchaeologicalTable002Sp.png	16388	4	10		99999				999					1	10		[211301001]	36	
2521	测定工作台图纸	类型：桌子。	在家具改装时使用，可以将其他家具改装为【测定工作台】。	Assets/Product/Texture/Image/IconTools/IconBlueArchaeologicalTable003.png	Assets/Product/Texture/Image/IconToolsSp/IconBlueArchaeologicalTable003Sp.png	16388	4	10		99999				999					1	10		[211301001]	36	
2522	古典工作椅图纸	类型：椅子。	在家具改装时使用，可以将其他家具改装为【古典工作椅】。	Assets/Product/Texture/Image/IconTools/IconBlueArchaeologicalChair001.png	Assets/Product/Texture/Image/IconToolsSp/IconBlueArchaeologicalChair001Sp.png	16388	4	10		99999				999					1	10		[211301001]	36	
2523	青瓷玉壶春图纸	类型：物件。	在家具改装时使用，可以将其他家具改装为【青瓷玉壶春】。	Assets/Product/Texture/Image/IconTools/IconBlueArchaeological0orcelain001.png	Assets/Product/Texture/Image/IconToolsSp/IconBlueArchaeological0orcelain001Sp.png	16388	4	10		99999				999					1	10		[211301001]	36	
2524	“藏品2001”图纸	类型：物件。	在家具改装时使用，可以将其他家具改装为【“藏品2001”】。	Assets/Product/Texture/Image/IconTools/IconBlueArchaeologicalCabinet001.png	Assets/Product/Texture/Image/IconToolsSp/IconBlueArchaeologicalCabinet001Sp.png	16388	4	10		99999				999					1	10		[211301001]	36	
2525	“回响”图纸	类型：物件。	在家具改装时使用，可以将其他家具改装为【“回响”】。	Assets/Product/Texture/Image/IconTools/IconBlueArchaeologicalWhale001.png	Assets/Product/Texture/Image/IconToolsSp/IconBlueArchaeologicalWhale001Sp.png	16388	4	10		99999				999					1	10		[211301001]	36	
2526	古典壁灯图纸	类型：挂饰。	在家具改装时使用，可以将其他家具改装为【古典壁灯】。	Assets/Product/Texture/Image/IconTools/IconBlueArchaeologicalLamp001.png	Assets/Product/Texture/Image/IconToolsSp/IconBlueArchaeologicalLamp001Sp.png	16388	4	10		99999				999					1	10		[211301001]	36	
2527	“标本8543”图纸	类型：挂饰。	在家具改装时使用，可以将其他家具改装为【“标本8543”】。	Assets/Product/Texture/Image/IconTools/IconBlueArchaeologicalPlant001.png	Assets/Product/Texture/Image/IconToolsSp/IconBlueArchaeologicalPlant001Sp.png	16388	4	10		99999				999					1	10		[211301001]	36	
2528	“守望者”图纸	类型：挂饰。	在家具改装时使用，可以将其他家具改装为【“守望者”】。	Assets/Product/Texture/Image/IconTools/IconBlueArchaeologicalPlant002.png	Assets/Product/Texture/Image/IconToolsSp/IconBlueArchaeologicalPlant002Sp.png	16388	4	10		99999				999					1	10		[211301001]	36	
2529	古典拱窗图纸	类型：挂饰。	在家具改装时使用，可以将其他家具改装为【古典拱窗】。	Assets/Product/Texture/Image/IconTools/IconBlueArchaeologicalWindow001.png	Assets/Product/Texture/Image/IconToolsSp/IconBlueArchaeologicalWindow001Sp.png	16388	4	10		99999				999					1	10		[211301001]	36	
2530	绘画工作站图纸	类型：物件。	在家具改装时使用，可以将其他家具改装为【绘画工作站】。	Assets/Product/Texture/Image/IconTools/IconBlueAilaSushe001.png	Assets/Product/Texture/Image/IconToolsSp/IconBlueAilaSushe001Sp.png	16388	4	10		99999				999					1	10		[211301001]	18	
2531	西瓜武道场图纸	类型：物件。	在家具改装时使用，可以将其他家具改装为【西瓜武道场】。	Assets/Product/Texture/Image/IconTools/IconBlueKendoSushe001.png	Assets/Product/Texture/Image/IconToolsSp/IconBlueKendoSushe001Sp.png	16388	4	10		99999				999					1	10		[211301001]	18	
2532	M&M'S豆机图纸	类型：柜子。	在家具改装时使用，可以将其他家具改装为【M&M'S豆机】。	Assets/Product/Texture/Image/IconTools/IconBlueQudaoMM001.png	Assets/Product/Texture/Image/IconToolsSp/IconBlueQudaoMM001Sp.png	16388	4	10		99999				999					1	10		[211301001]	1	
2533	金镶地砖图纸	类型：地板。	在家具改装时使用，可以将其他家具改装为【金镶地砖】。	Assets/Product/Texture/Image/IconTools/IconBlueLionTheaterFloor001.png	Assets/Product/Texture/Image/IconToolsSp/IconBlueLionTheaterFloor001Sp.png	16388	4	10		99999				999					1	10		[211301001]	37	
2534	漆木雕墙图纸	类型：墙。	在家具改装时使用，可以将其他家具改装为【漆木雕墙】。	Assets/Product/Texture/Image/IconTools/IconBlueLionTheaterWall001.png	Assets/Product/Texture/Image/IconToolsSp/IconBlueLionTheaterWall001Sp.png	16388	4	10		99999				999					1	10		[211301001]	37	
2535	阑珊灯火图纸	类型：天花板。	在家具改装时使用，可以将其他家具改装为【阑珊灯火】。	Assets/Product/Texture/Image/IconTools/IconBlueLionTheaterCeiling001.png	Assets/Product/Texture/Image/IconToolsSp/IconBlueLionTheaterCeiling001Sp.png	16388	4	10		99999				999					1	10		[211301001]	37	
2536	罗汉榻图纸	类型：沙发。	在家具改装时使用，可以将其他家具改装为【罗汉榻】。	Assets/Product/Texture/Image/IconTools/IconBlueLionTheaterSofa001.png	Assets/Product/Texture/Image/IconToolsSp/IconBlueLionTheaterSofa001Sp.png	16388	4	10		99999				999					1	10		[211301001]	37	
2537	锦绣木床图纸	类型：床。	在家具改装时使用，可以将其他家具改装为【锦绣木床】。	Assets/Product/Texture/Image/IconTools/IconBlueLionTheaterBed001.png	Assets/Product/Texture/Image/IconToolsSp/IconBlueLionTheaterBed001Sp.png	16388	4	10		99999				999					1	10		[211301001]	37	
2538	青柏书柜图纸	类型：柜子。	在家具改装时使用，可以将其他家具改装为【青柏书柜】。	Assets/Product/Texture/Image/IconTools/IconBlueLionTheaterCabinet001.png	Assets/Product/Texture/Image/IconToolsSp/IconBlueLionTheaterCabinet001Sp.png	16388	4	10		99999				999					1	10		[211301001]	37	
2539	新春年夜图纸	类型：桌子。	在家具改装时使用，可以将其他家具改装为【新春年夜】。	Assets/Product/Texture/Image/IconTools/IconBlueLionTheaterTable001.png	Assets/Product/Texture/Image/IconToolsSp/IconBlueLionTheaterTable001Sp.png	16388	4	10		99999				999					1	10		[211301001]	37	
2540	实木圆凳图纸	类型：椅子。	在家具改装时使用，可以将其他家具改装为【实木圆凳】。	Assets/Product/Texture/Image/IconTools/IconBlueLionTheaterChair001.png	Assets/Product/Texture/Image/IconToolsSp/IconBlueLionTheaterChair001Sp.png	16388	4	10		99999				999					1	10		[211301001]	37	
2541	舞狮套装图纸	类型：物件。	在家具改装时使用，可以将其他家具改装为【舞狮套装】。	Assets/Product/Texture/Image/IconTools/IconBlueLionTheaterCabinet002.png	Assets/Product/Texture/Image/IconToolsSp/IconBlueLionTheaterCabinet002Sp.png	16388	4	10		99999				999					1	10		[211301001]	37	
2542	锦绣缎旗图纸	类型：物件。	在家具改装时使用，可以将其他家具改装为【锦绣缎旗】。	Assets/Product/Texture/Image/IconTools/IconBlueLionTheaterFlag001.png	Assets/Product/Texture/Image/IconToolsSp/IconBlueLionTheaterFlag001Sp.png	16388	4	10		99999				999					1	10		[211301001]	37	
2543	除旧新光图纸	类型：物件。	在家具改装时使用，可以将其他家具改装为【除旧新光】。	Assets/Product/Texture/Image/IconTools/IconBlueLionTheaterLamp001.png	Assets/Product/Texture/Image/IconToolsSp/IconBlueLionTheaterLamp001Sp.png	16388	4	10		99999				999					1	10		[211301001]	37	
2544	常青之绿图纸	类型：物件。	在家具改装时使用，可以将其他家具改装为【常青之绿】。	Assets/Product/Texture/Image/IconTools/IconBlueLionTheaterPotted001.png	Assets/Product/Texture/Image/IconToolsSp/IconBlueLionTheaterPotted001Sp.png	16388	4	10		99999				999					1	10		[211301001]	37	
2545	醒狮舞台图纸	类型：物件。	在家具改装时使用，可以将其他家具改装为【醒狮舞台】。	Assets/Product/Texture/Image/IconTools/IconBlueLionTheaterStage001.png	Assets/Product/Texture/Image/IconToolsSp/IconBlueLionTheaterStage001Sp.png	16388	4	10		99999				999					1	10		[211301001]	37	
2546	如意云纹图纸	类型：挂饰。	在家具改装时使用，可以将其他家具改装为【如意云纹】。	Assets/Product/Texture/Image/IconTools/IconBlueLionTheaterFlag002.png	Assets/Product/Texture/Image/IconToolsSp/IconBlueLionTheaterFlag002Sp.png	16388	4	10		99999				999					1	10		[211301001]	37	
2547	新春快乐图纸	类型：挂饰。	在家具改装时使用，可以将其他家具改装为【新春快乐】。	Assets/Product/Texture/Image/IconTools/IconBlueLionTheaterFlag002_01.png	Assets/Product/Texture/Image/IconToolsSp/IconBlueLionTheaterFlag002_01Sp.png	16388	4	10		99999				999					1	10		[211301001]	37	
2548	雄狮挂画图纸	类型：挂饰。	在家具改装时使用，可以将其他家具改装为【雄狮挂画】。	Assets/Product/Texture/Image/IconTools/IconBlueLionTheaterFlag002_02.png	Assets/Product/Texture/Image/IconToolsSp/IconBlueLionTheaterFlag002_02Sp.png	16388	4	10		99999				999					1	10		[211301001]	37	
2549	朝霞之窗图纸	类型：挂饰。	在家具改装时使用，可以将其他家具改装为【朝霞之窗】。	Assets/Product/Texture/Image/IconTools/IconBlueLionTheaterWindow001.png	Assets/Product/Texture/Image/IconToolsSp/IconBlueLionTheaterWindow001Sp.png	16388	4	10		99999				999					1	10		[211301001]	37	
2550	晚霞之窗图纸	类型：挂饰。	在家具改装时使用，可以将其他家具改装为【晚霞之窗】。	Assets/Product/Texture/Image/IconTools/IconBlueLionTheaterWindow002.png	Assets/Product/Texture/Image/IconToolsSp/IconBlueLionTheaterWindow002Sp.png	16388	4	10		99999				999					1	10		[211301001]	37	
2551	印花屏风图纸	类型：隔离墙。	在家具改装时使用，可以将其他家具改装为【印花屏风】。	Assets/Product/Texture/Image/IconTools/IconBlueLionTheaterScreen001.png	Assets/Product/Texture/Image/IconToolsSp/IconBlueLionTheaterScreen001Sp.png	16388	4	10		99999				999					1	10		[211301001]	37	
2552	绯樱落雪图纸	类型：物件。	在家具改装时使用，可以将其他家具改装为【绯樱落雪】。	Assets/Product/Texture/Image/IconTools/IconBlueChaoBaimaoSushe001.png	Assets/Product/Texture/Image/IconToolsSp/IconBlueChaoBaimaoSushe001Sp.png	16388	4	10		99999				999					1	10		[211301001]	18	
2553	库洛洛贩卖机图纸	类型：柜子。	在家具改装时使用，可以将其他家具改装为【库洛洛贩卖机】。	Assets/Product/Texture/Image/IconTools/IconBlueKuroVendingMachine001.png	Assets/Product/Texture/Image/IconToolsSp/IconBlueKuroVendingMachine001Sp.png	16388	4	10		99999				999					1	10		[211301001]	1	
2554	户外电台置物架图纸	类型：柜子。	在家具改装时使用，可以将其他家具改装为【户外电台置物架】。	Assets/Product/Texture/Image/IconTools/IconBlueWirelessShelf001.png	Assets/Product/Texture/Image/IconToolsSp/IconBlueWirelessShelf001Sp.png	16388	4	10		99999				999					1	10		[211301001]	38	
2555	无线电工作台图纸	类型：桌子。	在家具改装时使用，可以将其他家具改装为【无线电工作台】。	Assets/Product/Texture/Image/IconTools/IconBlueWirelessTable002.png	Assets/Product/Texture/Image/IconToolsSp/IconBlueWirelessTable002Sp.png	16388	4	10		99999				999					1	10		[211301001]	38	
2556	无线电工作椅图纸	类型：椅子。	在家具改装时使用，可以将其他家具改装为【无线电工作椅】。	Assets/Product/Texture/Image/IconTools/IconBlueWirelessChair001.png	Assets/Product/Texture/Image/IconToolsSp/IconBlueWirelessChair001Sp.png	16388	4	10		99999				999					1	10		[211301001]	38	
2557	消闲小茶几图纸	类型：矮柜。	在家具改装时使用，可以将其他家具改装为【消闲小茶几】。	Assets/Product/Texture/Image/IconTools/IconBlueWirelessTable001.png	Assets/Product/Texture/Image/IconToolsSp/IconBlueWirelessTable001Sp.png	16388	4	10		99999				999					1	10		[211301001]	38	
2558	QSL卡墙图纸	类型：挂饰。	在家具改装时使用，可以将其他家具改装为【QSL卡墙】。	Assets/Product/Texture/Image/IconTools/IconBlueWirelessStickers001.png	Assets/Product/Texture/Image/IconToolsSp/IconBlueWirelessStickers001Sp.png	16388	4	10		99999				999					1	10		[211301001]	38	
2559	古韵闲榻图纸	类型：床。	在家具改装时使用，可以将其他家具改装为【古韵闲榻】。	Assets/Product/Texture/Image/IconTools/IconBlueWulingBed001.png	Assets/Product/Texture/Image/IconToolsSp/IconBlueWulingBed001Sp.png	16388	4	10		99999				999					1	10		[211301001]	39	
2560	明眸镜花图纸	类型：桌子。	在家具改装时使用，可以将其他家具改装为【明眸镜花】。	Assets/Product/Texture/Image/IconTools/IconBlueWulingDresser001.png	Assets/Product/Texture/Image/IconToolsSp/IconBlueWulingDresser001Sp.png	16388	4	10		99999				999					1	10		[211301001]	39	
2561	古典圈椅图纸	类型：椅子。	在家具改装时使用，可以将其他家具改装为【古典圈椅】。	Assets/Product/Texture/Image/IconTools/IconBlueWulingChair001.png	Assets/Product/Texture/Image/IconToolsSp/IconBlueWulingChair001Sp.png	16388	4	10		99999				999					1	10		[211301001]	39	
2562	兰画提灯图纸	类型：挂饰。	在家具改装时使用，可以将其他家具改装为【兰画提灯】。	Assets/Product/Texture/Image/IconTools/IconBlueWulingLamp001.png	Assets/Product/Texture/Image/IconToolsSp/IconBlueWulingLamp001Sp.png	16388	4	10		99999				999					1	10		[211301001]	39	
2563	兰画屏风图纸	类型：隔离墙。	在家具改装时使用，可以将其他家具改装为【兰画屏风】。	Assets/Product/Texture/Image/IconTools/IconBlueWulingScreen001.png	Assets/Product/Texture/Image/IconToolsSp/IconBlueWulingScreen001Sp.png	16388	4	10		99999				999					1	10		[211301001]	39	
2564	繁弦清桐图纸	类型：物件。	在家具改装时使用，可以将其他家具改装为【繁弦清桐】。	Assets/Product/Texture/Image/IconTools/IconBlueHanyingsushe001.png	Assets/Product/Texture/Image/IconToolsSp/IconBlueHanyingsushe001Sp.png	16388	4	10		99999				999					1	10		[211301001]	18	
2565	藤萝小憩图纸	类型：沙发。	在家具改装时使用，可以将其他家具改装为【藤萝小憩】。	Assets/Product/Texture/Image/IconTools/IconBlueMailboxBench001.png	Assets/Product/Texture/Image/IconToolsSp/IconBlueMailboxBench001Sp.png	16388	4	10		99999				999					1	10		[211301001]	40	
2566	仲春绿意图纸	类型：物件。	在家具改装时使用，可以将其他家具改装为【仲春绿意】。	Assets/Product/Texture/Image/IconTools/IconBlueMailboxFlowers001.png	Assets/Product/Texture/Image/IconToolsSp/IconBlueMailboxFlowers001Sp.png	16388	4	10		99999				999					1	10		[211301001]	40	
2567	寄叶游笺图纸	类型：物件。	在家具改装时使用，可以将其他家具改装为【寄叶游笺】。	Assets/Product/Texture/Image/IconTools/IconBlueMailboxOrnaments001.png	Assets/Product/Texture/Image/IconToolsSp/IconBlueMailboxOrnaments001Sp.png	16388	4	10		99999				999					1	10		[211301001]	40	
2568	微曦指路图纸	类型：物件。	在家具改装时使用，可以将其他家具改装为【微曦指路】。	Assets/Product/Texture/Image/IconTools/IconBlueMailboxStreetsigns001.png	Assets/Product/Texture/Image/IconToolsSp/IconBlueMailboxStreetsigns001Sp.png	16388	4	10		99999				999					1	10		[211301001]	40	
2569	纷繁低语图纸	类型：物件。	在家具改装时使用，可以将其他家具改装为【纷繁低语】。	Assets/Product/Texture/Image/IconTools/IconBlueMailboxTelephone001.png	Assets/Product/Texture/Image/IconToolsSp/IconBlueMailboxTelephone001Sp.png	16388	4	10		99999				999					1	10		[211301001]	40	
2570	红垫茶憩图纸	类型：物件。	在家具改装时使用，可以将其他家具改装为【红垫茶憩】。	Assets/Product/Texture/Image/IconTools/IconBlueRidinghoodBasket001.png	Assets/Product/Texture/Image/IconToolsSp/IconBlueRidinghoodBasket001Sp.png	16388	4	10		99999				999					1	10		[211301001]	41	
2571	狼印软床图纸	类型：床。	在家具改装时使用，可以将其他家具改装为【狼印软床】。	Assets/Product/Texture/Image/IconTools/IconBlueRidinghoodBed001.png	Assets/Product/Texture/Image/IconToolsSp/IconBlueRidinghoodBed001Sp.png	16388	4	10		99999				999					1	10		[211301001]	41	
2572	童话书架图纸	类型：柜子。	在家具改装时使用，可以将其他家具改装为【童话书架】。	Assets/Product/Texture/Image/IconTools/IconBlueRidinghoodCupboard001.png	Assets/Product/Texture/Image/IconToolsSp/IconBlueRidinghoodCupboard001Sp.png	16388	4	10		99999				999					1	10		[211301001]	41	
2573	枕边烛光图纸	类型：矮柜。	在家具改装时使用，可以将其他家具改装为【枕边烛光】。	Assets/Product/Texture/Image/IconTools/IconBlueRidinghoodTable001.png	Assets/Product/Texture/Image/IconToolsSp/IconBlueRidinghoodTable001Sp.png	16388	4	10		99999				999					1	10		[211301001]	41	
2574	玫瑰花箱图纸	类型：物件。	在家具改装时使用，可以将其他家具改装为【玫瑰花箱】。	Assets/Product/Texture/Image/IconTools/IconBlueRidinghoodFence001.png	Assets/Product/Texture/Image/IconToolsSp/IconBlueRidinghoodFence001Sp.png	16388	4	10		99999				999					1	10		[211301001]	41	
2575	绿苔幼眠图纸	类型：物件。	在家具改装时使用，可以将其他家具改装为【绿苔幼眠】。	Assets/Product/Texture/Image/IconTools/IconBlueS21sushe001.png	Assets/Product/Texture/Image/IconToolsSp/IconBlueS21sushe001Sp.png	16388	4	10		99999				999					1	10		[211301001]	18	
2576	恣意沙发图纸	类型：沙发。	在家具改装时使用，可以将其他家具改装为【恣意沙发】。	Assets/Product/Texture/Image/IconTools/IconBlueSkateparkSofa001.png	Assets/Product/Texture/Image/IconToolsSp/IconBlueSkateparkSofa001Sp.png	16388	4	10		99999				999					1	10		[211301001]	42	
2577	自由棒球图纸	类型：物件。	在家具改装时使用，可以将其他家具改装为【自由棒球】。	Assets/Product/Texture/Image/IconTools/IconBlueSkateparkBaseball001.png	Assets/Product/Texture/Image/IconToolsSp/IconBlueSkateparkBaseball001Sp.png	16388	4	10		99999				999					1	10		[211301001]	42	
2578	喷涂艺术图纸	类型：物件。	在家具改装时使用，可以将其他家具改装为【喷涂艺术】。	Assets/Product/Texture/Image/IconTools/IconBlueSkateparkDoodle001.png	Assets/Product/Texture/Image/IconToolsSp/IconBlueSkateparkDoodle001Sp.png	16388	4	10		99999				999					1	10		[211301001]	42	
2579	无限板架图纸	类型：物件。	在家具改装时使用，可以将其他家具改装为【无限板架】。	Assets/Product/Texture/Image/IconTools/IconBlueSkateparkSKATE001.png	Assets/Product/Texture/Image/IconToolsSp/IconBlueSkateparkSKATE001Sp.png	16388	4	10		99999				999					1	10		[211301001]	42	
2580	飞跃者滑道图纸	类型：物件。	在家具改装时使用，可以将其他家具改装为【飞跃者滑道】。	Assets/Product/Texture/Image/IconTools/IconBlueSkateparkTrack001.png	Assets/Product/Texture/Image/IconToolsSp/IconBlueSkateparkTrack001Sp.png	16388	4	10		99999				999					1	10		[211301001]	42	
2581	街墙涂鸦图纸	类型：挂饰。	在家具改装时使用，可以将其他家具改装为【街墙涂鸦】。	Assets/Product/Texture/Image/IconTools/IconBlueSkateparkDoodle002.png	Assets/Product/Texture/Image/IconToolsSp/IconBlueSkateparkDoodle002Sp.png	16388	4	10		99999				999					1	10		[211301001]	42	
2582	西部圆桌图纸	类型：桌子。	在家具改装时使用，可以将其他家具改装为【西部圆桌】。	Assets/Product/Texture/Image/IconTools/IconBlueTavernTable001.png	Assets/Product/Texture/Image/IconToolsSp/IconBlueTavernTable001Sp.png	16388	4	10		99999				999					1	10		[211301001]	43	
2583	尘风木凳图纸	类型：椅子。	在家具改装时使用，可以将其他家具改装为【尘风木凳】。	Assets/Product/Texture/Image/IconTools/IconBlueTavernChair001.png	Assets/Product/Texture/Image/IconToolsSp/IconBlueTavernChair001Sp.png	16388	4	10		99999				999					1	10		[211301001]	43	
2584	烈饮吧台图纸	类型：物件。	在家具改装时使用，可以将其他家具改装为【烈饮吧台】。	Assets/Product/Texture/Image/IconTools/IconBlueTavernBar001.png	Assets/Product/Texture/Image/IconToolsSp/IconBlueTavernBar001Sp.png	16388	4	10		99999				999					1	10		[211301001]	43	
2585	毡帽挂钩图纸	类型：挂饰。	在家具改装时使用，可以将其他家具改装为【毡帽挂钩】。	Assets/Product/Texture/Image/IconTools/IconBlueTavernPendant001.png	Assets/Product/Texture/Image/IconToolsSp/IconBlueTavernPendant001Sp.png	16388	4	10		99999				999					1	10		[211301001]	43	
2586	木制沙龙门图纸	类型：隔离墙。	在家具改装时使用，可以将其他家具改装为【木制沙龙门】。	Assets/Product/Texture/Image/IconTools/IconBlueTavernDoor001.png	Assets/Product/Texture/Image/IconToolsSp/IconBlueTavernDoor001Sp.png	16388	4	10		99999				999					1	10		[211301001]	43	
2587	木制栅栏图纸	类型：隔离墙。	在家具改装时使用，可以将其他家具改装为【木制栅栏】。	Assets/Product/Texture/Image/IconTools/IconBlueTavernFence001.png	Assets/Product/Texture/Image/IconToolsSp/IconBlueTavernFence001Sp.png	16388	4	10		99999				999					1	10		[211301001]	43	
2588	“拳王专属”图纸	类型：物件。	在家具改装时使用，可以将其他家具改装为【“拳王专属”】。	Assets/Product/Texture/Image/IconTools/IconBlueNuoketiSushe001.png	Assets/Product/Texture/Image/IconToolsSp/IconBlueNuoketiSushe001Sp.png	16388	4	10		99999				999					1	10		[211301001]	18	
2589	九龙夜航图纸	类型：物件。	在家具改装时使用，可以将其他家具改装为【九龙夜航】。	Assets/Product/Texture/Image/IconTools/IconBlueJiulongShipSushe001.png	Assets/Product/Texture/Image/IconToolsSp/IconBlueJiulongShipSushe001Sp.png	16388	4	10		99999				999					1	10		[211301001]	1	
2590	西瓜武道场图纸	类型：物件。	在家具改装时使用，可以将其他家具改装为【西瓜武道场】。	Assets/Product/Texture/Image/IconTools/IconBlueKendoSushe001.png	Assets/Product/Texture/Image/IconToolsSp/IconBlueKendoSushe001Sp.png	16388	4	10		99999				999					1	10		[211301001]	18	
2591	库洛洛图腾柱图纸	类型：物件。	在家具改装时使用，可以将其他家具改装为【库洛洛图腾柱】。	Assets/Product/Texture/Image/IconTools/IconBlueHaiwaiTotempoles001.png	Assets/Product/Texture/Image/IconToolsSp/IconBlueHaiwaiTotempoles001Sp.png	16388	4	10		99999				999					1	10		[211301001]	1	
2592	赛利卡的微笑图纸	类型：挂饰。	在家具改装时使用，可以将其他家具改装为【赛利卡的微笑】。	Assets/Product/Texture/Image/IconTools/IconBlueHaiwaiPicture002.png	Assets/Product/Texture/Image/IconToolsSp/IconBlueHaiwaiPicture002Sp.png	16388	4	10		99999				999					1	10		[211301001]	1	
2593	正理记叙图纸	类型：桌子。	在家具改装时使用，可以将其他家具改装为【正理记叙】。	Assets/Product/Texture/Image/IconTools/IconBlueCourtTable001.png	Assets/Product/Texture/Image/IconToolsSp/IconBlueCourtTable001Sp.png	16388	4	10		99999				999					1	10		[211301001]	44	
2594	廉诚之席图纸	类型：桌子。	在家具改装时使用，可以将其他家具改装为【廉诚之席】。	Assets/Product/Texture/Image/IconTools/IconBlueCourtTable002.png	Assets/Product/Texture/Image/IconToolsSp/IconBlueCourtTable002Sp.png	16388	4	10		99999				999					1	10		[211301001]	44	
2595	真理席位图纸	类型：椅子。	在家具改装时使用，可以将其他家具改装为【真理席位】。	Assets/Product/Texture/Image/IconTools/IconBlueCourtChair001.png	Assets/Product/Texture/Image/IconToolsSp/IconBlueCourtChair001Sp.png	16388	4	10		99999				999					1	10		[211301001]	44	
2596	审判台图纸	类型：物件。	在家具改装时使用，可以将其他家具改装为【审判台】。	Assets/Product/Texture/Image/IconTools/IconBlueCourtJudge001.png	Assets/Product/Texture/Image/IconToolsSp/IconBlueCourtJudge001Sp.png	16388	4	10		99999				999					1	10		[211301001]	44	
2597	天秤旗帜图纸	类型：挂饰。	在家具改装时使用，可以将其他家具改装为【天秤旗帜】。	Assets/Product/Texture/Image/IconTools/IconBlueCourtPendant001.png	Assets/Product/Texture/Image/IconToolsSp/IconBlueCourtPendant001Sp.png	16388	4	10		99999				999					1	10		[211301001]	44	
2598	藤绕茶座图纸	类型：沙发。	在家具改装时使用，可以将其他家具改装为【藤绕茶座】。	Assets/Product/Texture/Image/IconTools/IconBlueLogCabinSofa001.png	Assets/Product/Texture/Image/IconToolsSp/IconBlueLogCabinSofa001Sp.png	16388	4	10		99999				999					1	10		[211301001]	45	
2599	漪蔓软席图纸	类型：床。	在家具改装时使用，可以将其他家具改装为【漪蔓软席】。	Assets/Product/Texture/Image/IconTools/IconBlueLogCabinBed001.png	Assets/Product/Texture/Image/IconToolsSp/IconBlueLogCabinBed001Sp.png	16388	4	10		99999				999					1	10		[211301001]	45	
2600	凉意衣橱图纸	类型：柜子。	在家具改装时使用，可以将其他家具改装为【凉意衣橱】。	Assets/Product/Texture/Image/IconTools/IconBlueLogCabinWardrobe001.png	Assets/Product/Texture/Image/IconToolsSp/IconBlueLogCabinWardrobe001Sp.png	16388	4	10		99999				999					1	10		[211301001]	45	
2601	酣梦萤灯图纸	类型：矮柜。	在家具改装时使用，可以将其他家具改装为【酣梦萤灯】。	Assets/Product/Texture/Image/IconTools/IconBlueLogCabinCabinet001.png	Assets/Product/Texture/Image/IconToolsSp/IconBlueLogCabinCabinet001Sp.png	16388	4	10		99999				999					1	10		[211301001]	45	
2602	逸夏茶点图纸	类型：桌子。	在家具改装时使用，可以将其他家具改装为【逸夏茶点】。	Assets/Product/Texture/Image/IconTools/IconBlueLogCabinTable001.png	Assets/Product/Texture/Image/IconToolsSp/IconBlueLogCabinTable001Sp.png	16388	4	10		99999				999					1	10		[211301001]	45	
2603	蝉鸣晚钟图纸	类型：挂饰。	在家具改装时使用，可以将其他家具改装为【蝉鸣晚钟】。	Assets/Product/Texture/Image/IconTools/IconBlueLogCabinPendant001.png	Assets/Product/Texture/Image/IconToolsSp/IconBlueLogCabinPendant001Sp.png	16388	4	10		99999				999					1	10		[211301001]	45	
2604	至理天平图纸	类型：物件。	在家具改装时使用，可以将其他家具改装为【至理天平】。	Assets/Product/Texture/Image/IconTools/IconBlueHuiyinSushe001.png	Assets/Product/Texture/Image/IconToolsSp/IconBlueHuiyinSushe001Sp.png	16388	4	10		99999				999					1	10		[211301001]	18	
2605	罗森小站图纸	类型：物件。	在家具改装时使用，可以将其他家具改装为【罗森小站】。	Assets/Product/Texture/Image/IconTools/IconBlue001.png	Assets/Product/Texture/Image/IconToolsSp/IconBlue001Sp.png	16388	4	10		99999				999					1	10		[211301001]	1	
2606	正义女神图纸	类型：物件。	在家具改装时使用，可以将其他家具改装为【正义女神】。	Assets/Product/Texture/Image/IconTools/IconBlueCourtStatue001.png	Assets/Product/Texture/Image/IconToolsSp/IconBlueCourtStatue001Sp.png	16388	4	10		99999				999					1	10		[211301001]	44	
2607	清夏洋岚图纸	类型：地板。	在家具改装时使用，可以将其他家具改装为【清夏洋岚】。	Assets/Product/Texture/Image/IconTools/IconBlueApartmentFloor001.png	Assets/Product/Texture/Image/IconToolsSp/IconBlueApartmentFloor001Sp.png	16388	4	10		99999				999					1	10		[211301001]	46	
2608	苍澜翠意图纸	类型：墙。	在家具改装时使用，可以将其他家具改装为【苍澜翠意】。	Assets/Product/Texture/Image/IconTools/IconBlueApartmentwall002.png	Assets/Product/Texture/Image/IconToolsSp/IconBlueApartmentwall002Sp.png	16388	4	10		99999				999					1	10		[211301001]	46	
2609	夏风骀荡图纸	类型：天花板。	在家具改装时使用，可以将其他家具改装为【夏风骀荡】。	Assets/Product/Texture/Image/IconTools/IconBlueApartmentCeiling001.png	Assets/Product/Texture/Image/IconToolsSp/IconBlueApartmentCeiling001Sp.png	16388	4	10		99999				999					1	10		[211301001]	46	
2610	夏夜如碧图纸	类型：床。	在家具改装时使用，可以将其他家具改装为【夏夜如碧】。	Assets/Product/Texture/Image/IconTools/IconBlueApartmentBed001.png	Assets/Product/Texture/Image/IconToolsSp/IconBlueApartmentBed001Sp.png	16388	4	10		99999				999					1	10		[211301001]	46	
2611	刨刨冰吧台图纸	类型：桌子。	在家具改装时使用，可以将其他家具改装为【刨刨冰吧台】。	Assets/Product/Texture/Image/IconTools/IconBlueApartmentLiquor001.png	Assets/Product/Texture/Image/IconToolsSp/IconBlueApartmentLiquor001Sp.png	16388	4	10		99999				999					1	10		[211301001]	46	
2612	清爽猕猴桃图纸	类型：桌子。	在家具改装时使用，可以将其他家具改装为【清爽猕猴桃】。	Assets/Product/Texture/Image/IconTools/IconBlueApartmentTable001.png	Assets/Product/Texture/Image/IconToolsSp/IconBlueApartmentTable001Sp.png	16388	4	10		99999				999					1	10		[211301001]	46	
2613	沁心冰露图纸	类型：桌子。	在家具改装时使用，可以将其他家具改装为【沁心冰露】。	Assets/Product/Texture/Image/IconTools/IconBlueApartmentWashbasin001.png	Assets/Product/Texture/Image/IconToolsSp/IconBlueApartmentWashbasin001Sp.png	16388	4	10		99999				999					1	10		[211301001]	46	
2614	活力牛油果图纸	类型：椅子。	在家具改装时使用，可以将其他家具改装为【活力牛油果】。	Assets/Product/Texture/Image/IconTools/IconBlueApartmentChair001.png	Assets/Product/Texture/Image/IconToolsSp/IconBlueApartmentChair001Sp.png	16388	4	10		99999				999					1	10		[211301001]	46	
2615	吧台椅子图纸	类型：椅子。	在家具改装时使用，可以将其他家具改装为【吧台椅子】。	Assets/Product/Texture/Image/IconTools/IconBlueApartmentChair002.png	Assets/Product/Texture/Image/IconToolsSp/IconBlueApartmentChair002Sp.png	16388	4	10		99999				999					1	10		[211301001]	46	
2616	甜点随心享图纸	类型：矮柜。	在家具改装时使用，可以将其他家具改装为【甜点随心享】。	Assets/Product/Texture/Image/IconTools/IconBlueApartmentSnack001.png	Assets/Product/Texture/Image/IconToolsSp/IconBlueApartmentSnack001Sp.png	16388	4	10		99999				999					1	10		[211301001]	46	
2617	枕边夏梦图纸	类型：矮柜。	在家具改装时使用，可以将其他家具改装为【枕边夏梦】。	Assets/Product/Texture/Image/IconTools/IconBlueApartmentTable002.png	Assets/Product/Texture/Image/IconToolsSp/IconBlueApartmentTable002Sp.png	16388	4	10		99999				999					1	10		[211301001]	46	
2618	蛙先生衣篮图纸	类型：物件。	在家具改装时使用，可以将其他家具改装为【蛙先生衣篮】。	Assets/Product/Texture/Image/IconTools/IconBlueApartmentBucket001.png	Assets/Product/Texture/Image/IconToolsSp/IconBlueApartmentBucket001Sp.png	16388	4	10		99999				999					1	10		[211301001]	46	
2619	鸭先生浴缸图纸	类型：物件。	在家具改装时使用，可以将其他家具改装为【鸭先生浴缸】。	Assets/Product/Texture/Image/IconTools/IconBlueApartmentBathtub001.png	Assets/Product/Texture/Image/IconToolsSp/IconBlueApartmentBathtub001Sp.png	16388	4	10		99999				999					1	10		[211301001]	46	
2620	清凉衣架图纸	类型：挂饰。	在家具改装时使用，可以将其他家具改装为【清凉衣架】。	Assets/Product/Texture/Image/IconTools/IconBlueApartmentDebriswall001.png	Assets/Product/Texture/Image/IconToolsSp/IconBlueApartmentDebriswall001Sp.png	16388	4	10		99999				999					1	10		[211301001]	46	
2621	熊先生试衣镜图纸	类型：挂饰。	在家具改装时使用，可以将其他家具改装为【熊先生试衣镜】。	Assets/Product/Texture/Image/IconTools/IconBlueApartmentMirror001.png	Assets/Product/Texture/Image/IconToolsSp/IconBlueApartmentMirror001Sp.png	16388	4	10		99999				999					1	10		[211301001]	46	
2622	香薰窗台图纸	类型：挂饰。	在家具改装时使用，可以将其他家具改装为【香薰窗台】。	Assets/Product/Texture/Image/IconTools/IconBlueApartmentWindow001.png	Assets/Product/Texture/Image/IconToolsSp/IconBlueApartmentWindow001Sp.png	16388	4	10		99999				999					1	10		[211301001]	46	
2623	夏意盎然图纸	类型：挂饰。	在家具改装时使用，可以将其他家具改装为【夏意盎然】。	Assets/Product/Texture/Image/IconTools/IconBlueApartmentWindow002.png	Assets/Product/Texture/Image/IconToolsSp/IconBlueApartmentWindow002Sp.png	16388	4	10		99999				999					1	10		[211301001]	46	
2624	玻璃之形图纸	类型：隔离墙。	在家具改装时使用，可以将其他家具改装为【玻璃之形】。	Assets/Product/Texture/Image/IconTools/IconBlueApartmentCeiling002.png	Assets/Product/Texture/Image/IconToolsSp/IconBlueApartmentCeiling002Sp.png	16388	4	10		99999				999					1	10		[211301001]	46	
2625	星涟谣船图纸	类型：物件。	在家具改装时使用，可以将其他家具改装为【星涟谣船】。	Assets/Product/Texture/Image/IconTools/IconBlueLamiyaSushe001.png	Assets/Product/Texture/Image/IconToolsSp/IconBlueLamiyaSushe001Sp.png	16388	4	10		99999				999					1	10		[211301001]	18	
2626	雪窖冰天图纸	类型：物件。	在家具改装时使用，可以将其他家具改装为【雪窖冰天】。	Assets/Product/Texture/Image/IconTools/IconBlueLuosaitaSushe001.png	Assets/Product/Texture/Image/IconToolsSp/IconBlueLuosaitaSushe001Sp.png	16388	4	10		99999				999					1	10		[211301001]	18	
2627	开放式冷饮柜图纸	类型：柜子。	在家具改装时使用，可以将其他家具改装为【开放式冷饮柜】。	Assets/Product/Texture/Image/IconTools/IconBluesusheREST2Freezer001.png	Assets/Product/Texture/Image/IconToolsSp/IconBluesusheREST2Freezer001Sp.png	16388	4	10		99999				999					1	10		[211301001]	99	
2628	缤纷水果台图纸	类型：桌子。	在家具改装时使用，可以将其他家具改装为【缤纷水果台】。	Assets/Product/Texture/Image/IconTools/IconBluesusheREST2Table001.png	Assets/Product/Texture/Image/IconToolsSp/IconBluesusheREST2Table001Sp.png	16388	4	10		99999				999					1	10		[211301001]	99	
2629	餐厅收银台图纸	类型：桌子。	在家具改装时使用，可以将其他家具改装为【餐厅收银台】。	Assets/Product/Texture/Image/IconTools/IconBluesusheREST2Table003.png	Assets/Product/Texture/Image/IconToolsSp/IconBluesusheREST2Table003Sp.png	16388	4	10		99999				999					1	10		[211301001]	99	
2630	冷饮餐车图纸	类型：矮柜。	在家具改装时使用，可以将其他家具改装为【冷饮餐车】。	Assets/Product/Texture/Image/IconTools/IconBluesusheREST2Table002.png	Assets/Product/Texture/Image/IconToolsSp/IconBluesusheREST2Table002Sp.png	16388	4	10		99999				999					1	10		[211301001]	99	
2631	书卷竹柜图纸	类型：柜子。	在家具改装时使用，可以将其他家具改装为【书卷竹柜】。	Assets/Product/Texture/Image/IconTools/IconBlueAutumnCabinet001.png	Assets/Product/Texture/Image/IconToolsSp/IconBlueAutumnCabinet001Sp.png	16388	4	10		99999				999					1	10		[211301001]	47	
2632	翘头书案图纸	类型：桌子。	在家具改装时使用，可以将其他家具改装为【翘头书案】。	Assets/Product/Texture/Image/IconTools/IconBlue207AutumnTable001.png	Assets/Product/Texture/Image/IconToolsSp/IconBlue207AutumnTable001Sp.png	16388	4	10		99999				999					1	10		[211301001]	47	
2633	软垫杌凳图纸	类型：椅子。	在家具改装时使用，可以将其他家具改装为【软垫杌凳】。	Assets/Product/Texture/Image/IconTools/IconBlue207AutumnChair001.png	Assets/Product/Texture/Image/IconToolsSp/IconBlue207AutumnChair001Sp.png	16388	4	10		99999				999					1	10		[211301001]	47	
2634	迎秋丹枫图纸	类型：物件。	在家具改装时使用，可以将其他家具改装为【迎秋丹枫】。	Assets/Product/Texture/Image/IconTools/IconBlueAutumnMaple001.png	Assets/Product/Texture/Image/IconToolsSp/IconBlueAutumnMaple001Sp.png	16388	4	10		99999				999					1	10		[211301001]	47	
2635	笼灯回桥图纸	类型：物件。	在家具改装时使用，可以将其他家具改装为【笼灯回桥】。	Assets/Product/Texture/Image/IconTools/IconBlueAutumnPool001.png	Assets/Product/Texture/Image/IconToolsSp/IconBlueAutumnPool001Sp.png	16388	4	10		99999				999					1	10		[211301001]	47	
2636	圆木挂灯图纸	类型：挂饰。	在家具改装时使用，可以将其他家具改装为【圆木挂灯】。	Assets/Product/Texture/Image/IconTools/IconBlueAutumnLamp001.png	Assets/Product/Texture/Image/IconToolsSp/IconBlueAutumnLamp001Sp.png	16388	4	10		99999				999					1	10		[211301001]	47	
2637	秋叶眠眠图纸	类型：床。	在家具改装时使用，可以将其他家具改装为【秋叶眠眠】。	Assets/Product/Texture/Image/IconTools/IconBluePlantBed001.png	Assets/Product/Texture/Image/IconToolsSp/IconBluePlantBed001Sp.png	16388	4	10		99999				999					1	10		[211301001]	48	
2638	茶植衣架图纸	类型：柜子。	在家具改装时使用，可以将其他家具改装为【茶植衣架】。	Assets/Product/Texture/Image/IconTools/IconBluePlantClothes001.png	Assets/Product/Texture/Image/IconToolsSp/IconBluePlantClothes001Sp.png	16388	4	10		99999				999					1	10		[211301001]	48	
2639	三叶茶桌图纸	类型：桌子。	在家具改装时使用，可以将其他家具改装为【三叶茶桌】。	Assets/Product/Texture/Image/IconTools/IconBluePlantTable001.png	Assets/Product/Texture/Image/IconToolsSp/IconBluePlantTable001Sp.png	16388	4	10		99999				999					1	10		[211301001]	48	
2640	软叶座椅图纸	类型：椅子。	在家具改装时使用，可以将其他家具改装为【软叶座椅】。	Assets/Product/Texture/Image/IconTools/IconBluePlantChair001.png	Assets/Product/Texture/Image/IconToolsSp/IconBluePlantChair001Sp.png	16388	4	10		99999				999					1	10		[211301001]	48	
2641	秋缀鱼缸图纸	类型：物件。	在家具改装时使用，可以将其他家具改装为【秋缀鱼缸】。	Assets/Product/Texture/Image/IconTools/IconBluePlantFishtank001.png	Assets/Product/Texture/Image/IconToolsSp/IconBluePlantFishtank001Sp.png	16388	4	10		99999				999					1	10		[211301001]	48	
2642	秋雨小窗图纸	类型：挂饰。	在家具改装时使用，可以将其他家具改装为【秋雨小窗】。	Assets/Product/Texture/Image/IconTools/IconBluePlantWindow001.png	Assets/Product/Texture/Image/IconToolsSp/IconBluePlantWindow001Sp.png	16388	4	10		99999				999					1	10		[211301001]	48	
2643	行军床铺图纸	类型：床。	在家具改装时使用，可以将其他家具改装为【行军床铺】。	Assets/Product/Texture/Image/IconTools/IconBlueCampsiteBed001.png	Assets/Product/Texture/Image/IconToolsSp/IconBlueCampsiteBed001Sp.png	16388	4	10		99999				999					1	10		[211301001]	49	
2644	立式衣柜图纸	类型：柜子。	在家具改装时使用，可以将其他家具改装为【立式衣柜】。	Assets/Product/Texture/Image/IconTools/IconBlueCampsiteCabinet001.png	Assets/Product/Texture/Image/IconToolsSp/IconBlueCampsiteCabinet001Sp.png	16388	4	10		99999				999					1	10		[211301001]	49	
2645	便携小桌图纸	类型：桌子。	在家具改装时使用，可以将其他家具改装为【便携小桌】。	Assets/Product/Texture/Image/IconTools/IconBlueCampsiteTable001.png	Assets/Product/Texture/Image/IconToolsSp/IconBlueCampsiteTable001Sp.png	16388	4	10		99999				999					1	10		[211301001]	49	
2646	折叠小凳图纸	类型：板凳。	在家具改装时使用，可以将其他家具改装为【折叠小凳】。	Assets/Product/Texture/Image/IconTools/IconBlueCampsiteChair001.png	Assets/Product/Texture/Image/IconToolsSp/IconBlueCampsiteChair001Sp.png	16388	4	10		99999				999					1	10		[211301001]	49	
2647	柴油桶图纸	类型：物件。	在家具改装时使用，可以将其他家具改装为【柴油桶】。	Assets/Product/Texture/Image/IconTools/IconBlueCampsiteFuelCan001.png	Assets/Product/Texture/Image/IconToolsSp/IconBlueCampsiteFuelCan001Sp.png	16388	4	10		99999				999					1	10		[211301001]	49	
2648	路线板图纸	类型：挂饰。	在家具改装时使用，可以将其他家具改装为【路线板】。	Assets/Product/Texture/Image/IconTools/IconBlueCampsiteMap001.png	Assets/Product/Texture/Image/IconToolsSp/IconBlueCampsiteMap001Sp.png	16388	4	10		99999				999					1	10		[211301001]	49	
2649	狗爪沙发	类型：沙发。	在家具改装时使用，可以将其他家具改装为【狗爪沙发】。	Assets/Product/Texture/Image/IconTools/IconBluePuppySofa001.png	Assets/Product/Texture/Image/IconToolsSp/IconBluePuppySofa001Sp.png	16388	4	10		99999				999					1	10		[211301001]	50	
2650	小狗精选售货柜	类型：柜子。	在家具改装时使用，可以将其他家具改装为【小狗精选售货柜】。	Assets/Product/Texture/Image/IconTools/IconBluePuppyContainer001.png	Assets/Product/Texture/Image/IconToolsSp/IconBluePuppyContainer001Sp.png	16388	4	10		99999				999					1	10		[211301001]	50	
2651	小狗精选陈列架	类型：柜子。	在家具改装时使用，可以将其他家具改装为【小狗精选陈列架】。	Assets/Product/Texture/Image/IconTools/IconBluePuppyContainer002.png	Assets/Product/Texture/Image/IconToolsSp/IconBluePuppyContainer002Sp.png	16388	4	10		99999				999					1	10		[211301001]	50	
2652	小狗收款台	类型：桌子。	在家具改装时使用，可以将其他家具改装为【小狗收款台】。	Assets/Product/Texture/Image/IconTools/IconBluePuppyCheckstand001.png	Assets/Product/Texture/Image/IconToolsSp/IconBluePuppyCheckstand001Sp.png	16388	4	10		99999				999					1	10		[211301001]	50	
2653	狗爪餐桌	类型：桌子。	在家具改装时使用，可以将其他家具改装为【狗爪餐桌】。	Assets/Product/Texture/Image/IconTools/IconBluePuppyTable001.png	Assets/Product/Texture/Image/IconToolsSp/IconBluePuppyTable001Sp.png	16388	4	10		99999				999					1	10		[211301001]	50	
2654	小狗日历	类型：挂饰。	在家具改装时使用，可以将其他家具改装为【小狗日历】。	Assets/Product/Texture/Image/IconTools/IconBluePuppyCalendar001.png	Assets/Product/Texture/Image/IconToolsSp/IconBluePuppyCalendar001Sp.png	16388	4	10		99999				999					1	10		[211301001]	50	
2655	小狗特选菜单	类型：挂饰。	在家具改装时使用，可以将其他家具改装为【小狗特选菜单】。	Assets/Product/Texture/Image/IconTools/IconBluePuppyCheckstand002.png	Assets/Product/Texture/Image/IconToolsSp/IconBluePuppyCheckstand002Sp.png	16388	4	10		99999				999					1	10		[211301001]	50	
2656	霰弹枪藏柜图纸	类型：物件。	在家具改装时使用，可以将其他家具改装为【霰弹枪藏柜】。	Assets/Product/Texture/Image/IconTools/IconBlueDubianSushe001.png	Assets/Product/Texture/Image/IconToolsSp/IconBlueDubianSushe001Sp.png	16388	4	10		99999				999					1	10		[211301001]	18	
2657	雀吟地板图纸	类型：地板。	在家具改装时使用，可以将其他家具改装为【雀吟地板】。	Assets/Product/Texture/Image/IconTools/IconBluePeacockFlooring001.png	Assets/Product/Texture/Image/IconToolsSp/IconBluePeacockFlooring001Sp.png	16388	4	10		99999				999					1	10		[211301001]	51	
2658	素色墙布图纸	类型：墙。	在家具改装时使用，可以将其他家具改装为【素色墙布】。	Assets/Product/Texture/Image/IconTools/IconBluePeacockWall001.png	Assets/Product/Texture/Image/IconToolsSp/IconBluePeacockWall001Sp.png	16388	4	10		99999				999					1	10		[211301001]	51	
2659	雀吟天花板图纸	类型：天花板。	在家具改装时使用，可以将其他家具改装为【雀吟天花板】。	Assets/Product/Texture/Image/IconTools/IconBluePeacockCeiling001.png	Assets/Product/Texture/Image/IconToolsSp/IconBluePeacockCeiling001Sp.png	16388	4	10		99999				999					1	10		[211301001]	51	
2660	雀吟长沙发图纸	类型：沙发。	在家具改装时使用，可以将其他家具改装为【雀吟长沙发】。	Assets/Product/Texture/Image/IconTools/IconBluePeacockSofa001.png	Assets/Product/Texture/Image/IconToolsSp/IconBluePeacockSofa001Sp.png	16388	4	10		99999				999					1	10		[211301001]	51	
2661	栖雀软塌图纸	类型：床。	在家具改装时使用，可以将其他家具改装为【栖雀软塌】。	Assets/Product/Texture/Image/IconTools/IconBluePeacockBed001.png	Assets/Product/Texture/Image/IconToolsSp/IconBluePeacockBed001Sp.png	16388	4	10		99999				999					1	10		[211301001]	51	
2662	雀吟书柜图纸	类型：柜子。	在家具改装时使用，可以将其他家具改装为【雀吟书柜】。	Assets/Product/Texture/Image/IconTools/IconBluePeacockBookcase001.png	Assets/Product/Texture/Image/IconToolsSp/IconBluePeacockBookcase001Sp.png	16388	4	10		99999				999					1	10		[211301001]	51	
2663	雀吟梳妆台图纸	类型：桌子。	在家具改装时使用，可以将其他家具改装为【雀吟梳妆台】。	Assets/Product/Texture/Image/IconTools/IconBluePeacockDresser001.png	Assets/Product/Texture/Image/IconToolsSp/IconBluePeacockDresser001Sp.png	16388	4	10		99999				999					1	10		[211301001]	51	
2664	雀吟点心桌图纸	类型：桌子。	在家具改装时使用，可以将其他家具改装为【雀吟点心桌】。	Assets/Product/Texture/Image/IconTools/IconBluePeacockStool001.png	Assets/Product/Texture/Image/IconToolsSp/IconBluePeacockStool001Sp.png	16388	4	10		99999				999					1	10		[211301001]	51	
2665	雀吟茶桌图纸	类型：桌子。	在家具改装时使用，可以将其他家具改装为【雀吟茶桌】。	Assets/Product/Texture/Image/IconTools/IconBluePeacockTable001.png	Assets/Product/Texture/Image/IconToolsSp/IconBluePeacockTable001Sp.png	16388	4	10		99999				999					1	10		[211301001]	51	
2666	夜读书案图纸	类型：桌子。	在家具改装时使用，可以将其他家具改装为【夜读书案】。	Assets/Product/Texture/Image/IconTools/IconBluePeacockTable003.png	Assets/Product/Texture/Image/IconToolsSp/IconBluePeacockTable003Sp.png	16388	4	10		99999				999					1	10		[211301001]	51	
2667	雀吟小椅图纸	类型：椅子。	在家具改装时使用，可以将其他家具改装为【雀吟小椅】。	Assets/Product/Texture/Image/IconTools/IconBluePeacockStool002.png	Assets/Product/Texture/Image/IconToolsSp/IconBluePeacockStool002Sp.png	16388	4	10		99999				999					1	10		[211301001]	51	
2668	雀吟圆凳图纸	类型：椅子。	在家具改装时使用，可以将其他家具改装为【雀吟圆凳】。	Assets/Product/Texture/Image/IconTools/IconBluePeacockChair001.png	Assets/Product/Texture/Image/IconToolsSp/IconBluePeacockChair001Sp.png	16388	4	10		99999				999					1	10		[211301001]	51	
2669	烛满立灯图纸	类型：物件。	在家具改装时使用，可以将其他家具改装为【烛满立灯】。	Assets/Product/Texture/Image/IconTools/IconBluePeacockLamp001.png	Assets/Product/Texture/Image/IconToolsSp/IconBluePeacockLamp001Sp.png	16388	4	10		99999				999					1	10		[211301001]	51	
2670	会客茶炉图纸	类型：物件。	在家具改装时使用，可以将其他家具改装为【会客茶炉】。	Assets/Product/Texture/Image/IconTools/IconBluePeacockStove001.png	Assets/Product/Texture/Image/IconToolsSp/IconBluePeacockStove001Sp.png	16388	4	10		99999				999					1	10		[211301001]	51	
2671	书房香案图纸	类型：物件。	在家具改装时使用，可以将其他家具改装为【书房香案】。	Assets/Product/Texture/Image/IconTools/IconBluePeacockTable002.png	Assets/Product/Texture/Image/IconToolsSp/IconBluePeacockTable002Sp.png	16388	4	10		99999				999					1	10		[211301001]	51	
2672	梅枝圆窗图纸	类型：挂饰。	在家具改装时使用，可以将其他家具改装为【梅枝圆窗】。	Assets/Product/Texture/Image/IconTools/IconBluePeacockWindow001.png	Assets/Product/Texture/Image/IconToolsSp/IconBluePeacockWindow001Sp.png	16388	4	10		99999				999					1	10		[211301001]	51	
2673	泉鸣素窗图纸	类型：挂饰。	在家具改装时使用，可以将其他家具改装为【泉鸣素窗】。	Assets/Product/Texture/Image/IconTools/IconBluePeacockWindow002.png	Assets/Product/Texture/Image/IconToolsSp/IconBluePeacockWindow002Sp.png	16388	4	10		99999				999					1	10		[211301001]	51	
2674	绢布挂画图纸	类型：挂饰。	在家具改装时使用，可以将其他家具改装为【绢布挂画】。	Assets/Product/Texture/Image/IconTools/IconBluePeacockPicture002.png	Assets/Product/Texture/Image/IconToolsSp/IconBluePeacockPicture002Sp.png	16388	4	10		99999				999					1	10		[211301001]	51	
2675	雀吟立架图纸	类型：隔离墙。	在家具改装时使用，可以将其他家具改装为【雀吟立架】。	Assets/Product/Texture/Image/IconTools/IconBluePeacockPicture001.png	Assets/Product/Texture/Image/IconToolsSp/IconBluePeacockPicture001Sp.png	16388	4	10		99999				999					1	10		[211301001]	51	
2676	展雀屏风(左)图纸	类型：隔离墙。	在家具改装时使用，可以将其他家具改装为【展雀屏风（左）】。	Assets/Product/Texture/Image/IconTools/IconBluePeacockScreen002.png	Assets/Product/Texture/Image/IconToolsSp/IconBluePeacockScreen002Sp.png	16388	4	10		99999				999					1	10		[211301001]	51	
2677	展雀屏风(右)图纸	类型：隔离墙。	在家具改装时使用，可以将其他家具改装为【展雀屏风（右）】。	Assets/Product/Texture/Image/IconTools/IconBluePeacockScreen001.png	Assets/Product/Texture/Image/IconToolsSp/IconBluePeacockScreen001Sp.png	16388	4	10		99999				999					1	10		[211301001]	51	
2678	鸣华日晷图纸	类型：物件。	在家具改装时使用，可以将其他家具改装为【鸣华日晷】。	Assets/Product/Texture/Image/IconTools/IconBlueQuSushe001.png	Assets/Product/Texture/Image/IconToolsSp/IconBlueQuSushe001Sp.png	16388	4	10		99999				999					1	10		[211301001]	18	
2679	特典唱片机图纸	类型：物件。	在家具改装时使用，可以将其他家具改装为【特典唱片机】。	Assets/Product/Texture/Image/IconTools/IconBlueVinylrecord001.png	Assets/Product/Texture/Image/IconToolsSp/IconBlueVinylrecord001Sp.png	16388	4	10		99999				999					1	10		[211301001]	99	
2680	暮冬暖椅图纸	类型：沙发。	在家具改装时使用，可以将其他家具改装为【暮冬暖椅】。	Assets/Product/Texture/Image/IconTools/IconBlueWinterSofa001.png	Assets/Product/Texture/Image/IconToolsSp/IconBlueWinterSofa001Sp.png	16388	4	10		99999				999					1	10		[211301001]	52	
2681	深冬脚凳图纸	类型：椅子。	在家具改装时使用，可以将其他家具改装为【深冬脚凳】。	Assets/Product/Texture/Image/IconTools/IconBlueWinterBench001.png	Assets/Product/Texture/Image/IconToolsSp/IconBlueWinterBench001Sp.png	16388	4	10		99999				999					1	10		[211301001]	52	
2682	初冬茶歇图纸	类型：桌子。	在家具改装时使用，可以将其他家具改装为【初冬茶歇】。	Assets/Product/Texture/Image/IconTools/IconBlueWinterTable001.png	Assets/Product/Texture/Image/IconToolsSp/IconBlueWinterTable001Sp.png	16388	4	10		99999				999					1	10		[211301001]	52	
2683	冬时暖阳图纸	类型：物件。	在家具改装时使用，可以将其他家具改装为【冬时暖阳】。	Assets/Product/Texture/Image/IconTools/IconBlueWinterLamp001.png	Assets/Product/Texture/Image/IconToolsSp/IconBlueWinterLamp001Sp.png	16388	4	10		99999				999					1	10		[211301001]	52	
2684	季冬憩息图纸	类型：物件。	在家具改装时使用，可以将其他家具改装为【季冬憩息】。	Assets/Product/Texture/Image/IconTools/IconBlueWinterFireplace001.png	Assets/Product/Texture/Image/IconToolsSp/IconBlueWinterFireplace001Sp.png	16388	4	10		99999				999					1	10		[211301001]	52	
2685	凛冬飘雪图纸	类型：挂饰。	在家具改装时使用，可以将其他家具改装为【凛冬飘雪】。	Assets/Product/Texture/Image/IconTools/IconBlueWinterWindow001.png	Assets/Product/Texture/Image/IconToolsSp/IconBlueWinterWindow001Sp.png	16388	4	10		99999				999					1	10		[211301001]	52	
2686	熊熊贩售图纸	类型：柜子。	在家具改装时使用，可以将其他家具改装为【熊熊贩售】。	Assets/Product/Texture/Image/IconTools/IconBlueBakeBearTable002.png	Assets/Product/Texture/Image/IconToolsSp/IconBlueBakeBearTable002Sp.png	16388	4	10		99999				999					1	10		[211301001]	53	
2687	绵绵制作图纸	类型：桌子。	在家具改装时使用，可以将其他家具改装为【绵绵制作】。	Assets/Product/Texture/Image/IconTools/IconBlueBakeBearTable001.png	Assets/Product/Texture/Image/IconToolsSp/IconBlueBakeBearTable001Sp.png	16388	4	10		99999				999					1	10		[211301001]	53	
2688	甜甜冷藏图纸	类型：柜子。	在家具改装时使用，可以将其他家具改装为【甜甜冷藏】。	Assets/Product/Texture/Image/IconTools/IconBlueBakeBearIcebox001.png	Assets/Product/Texture/Image/IconToolsSp/IconBlueBakeBearIcebox001Sp.png	16388	4	10		99999				999					1	10		[211301001]	53	
2689	弹弹布丁图纸	类型：桌子。	在家具改装时使用，可以将其他家具改装为【弹弹布丁】。	Assets/Product/Texture/Image/IconTools/IconBlueBakeBearTable003.png	Assets/Product/Texture/Image/IconToolsSp/IconBlueBakeBearTable003Sp.png	16388	4	10		99999				999					1	10		[211301001]	53	
2690	绵绵吐司图纸	类型：椅子。	在家具改装时使用，可以将其他家具改装为【绵绵吐司】。	Assets/Product/Texture/Image/IconTools/IconBlueBakeBearChair001.png	Assets/Product/Texture/Image/IconToolsSp/IconBlueBakeBearChair001Sp.png	16388	4	10		99999				999					1	10		[211301001]	53	
2691	甜蜜陈列图纸	类型：柜子。	在家具改装时使用，可以将其他家具改装为【甜蜜陈列】。	Assets/Product/Texture/Image/IconTools/IconBlueBakeBearCabinet001.png	Assets/Product/Texture/Image/IconToolsSp/IconBlueBakeBearCabinet001Sp.png	16388	4	10		99999				999					1	10		[211301001]	53	
2692	熊熊企划图纸	类型：桌子。	在家具改装时使用，可以将其他家具改装为【熊熊企划】。	Assets/Product/Texture/Image/IconTools/IconBlueBakeBearWorkbench001.png	Assets/Product/Texture/Image/IconToolsSp/IconBlueBakeBearWorkbench001Sp.png	16388	4	10		99999				999					1	10		[211301001]	53	
2693	漫游“侵入”者图纸	类型：桌子。	在家具改装时使用，可以将其他家具改装为【漫游“侵入”者】。	Assets/Product/Texture/Image/IconTools/IconBlueBuouxiongSushe001.png	Assets/Product/Texture/Image/IconToolsSp/IconBlueBuouxiongSushe001Sp.png	16388	4	10		99999				999					1	10		[211301001]	18	
2694	波光粼粼图纸	类型：天花板。	在家具改装时使用，可以将其他家具改装为【波光粼粼】。	Assets/Product/Texture/Image/IconTools/IconBlueSeafloorspaCeiling001.png	Assets/Product/Texture/Image/IconToolsSp/IconBlueSeafloorspaCeiling001Sp.png	16388	4	10		99999				999					1	10		[211301001]	54	
2695	柔浪徜徉图纸	类型：墙。	在家具改装时使用，可以将其他家具改装为【柔浪徜徉】。	Assets/Product/Texture/Image/IconTools/IconBlueSeafloorspaWall001.png	Assets/Product/Texture/Image/IconToolsSp/IconBlueSeafloorspaWall001Sp.png	16388	4	10		99999				999					1	10		[211301001]	54	
2696	流沙海床图纸	类型：地板。	在家具改装时使用，可以将其他家具改装为【流沙海床】。	Assets/Product/Texture/Image/IconTools/IconBlueSeafloorspaFlooring001.png	Assets/Product/Texture/Image/IconToolsSp/IconBlueSeafloorspaFlooring001Sp.png	16388	4	10		99999				999					1	10		[211301001]	54	
2697	迎宾鲨鲨图纸	类型：物件。	在家具改装时使用，可以将其他家具改装为【迎宾鲨鲨】。	Assets/Product/Texture/Image/IconTools/IconBlueSeafloorspaShark001.png	Assets/Product/Texture/Image/IconToolsSp/IconBlueSeafloorspaShark001Sp.png	16388	4	10		99999				999					1	10		[211301001]	54	
2698	贝壳软床图纸	类型：床。	在家具改装时使用，可以将其他家具改装为【贝壳软床】。	Assets/Product/Texture/Image/IconTools/IconBlueSeafloorspaShellbed001.png	Assets/Product/Texture/Image/IconToolsSp/IconBlueSeafloorspaShellbed001Sp.png	16388	4	10		99999				999					1	10		[211301001]	54	
2699	鲸梦涛涛图纸	类型：床。	在家具改装时使用，可以将其他家具改装为【鲸梦涛涛】。	Assets/Product/Texture/Image/IconTools/IconBlueSeafloorspaWaterbed001.png	Assets/Product/Texture/Image/IconToolsSp/IconBlueSeafloorspaWaterbed001Sp.png	16388	4	10		99999				999					1	10		[211301001]	54	
2700	沙地桑拿图纸	类型：物件。	在家具改装时使用，可以将其他家具改装为【沙地桑拿】。	Assets/Product/Texture/Image/IconTools/IconBlueSeafloorspaSauna001.png	Assets/Product/Texture/Image/IconToolsSp/IconBlueSeafloorspaSauna001Sp.png	16388	4	10		99999				999					1	10		[211301001]	54	
2701	潮浪摇篮图纸	类型：物件。	在家具改装时使用，可以将其他家具改装为【潮浪摇篮】。	Assets/Product/Texture/Image/IconTools/IconBlueSeafloorspaBathtub001.png	Assets/Product/Texture/Image/IconToolsSp/IconBlueSeafloorspaBathtub001Sp.png	16388	4	10		99999				999					1	10		[211301001]	54	
2702	果冻海绵图纸	类型：沙发。	在家具改装时使用，可以将其他家具改装为【果冻海绵】。	Assets/Product/Texture/Image/IconTools/IconBlueSeafloorspaSofa001.png	Assets/Product/Texture/Image/IconToolsSp/IconBlueSeafloorspaSofa001Sp.png	16388	4	10		99999				999					1	10		[211301001]	54	
2703	寻浪石桌图纸	类型：桌子。	在家具改装时使用，可以将其他家具改装为【寻浪石桌】。	Assets/Product/Texture/Image/IconTools/IconBlueSeafloorspaReeftable001.png	Assets/Product/Texture/Image/IconToolsSp/IconBlueSeafloorspaReeftable001Sp.png	16388	4	10		99999				999					1	10		[211301001]	54	
2704	海梦挚友图纸	类型：物件。	在家具改装时使用，可以将其他家具改装为【海梦挚友】。	Assets/Product/Texture/Image/IconTools/IconBlueSeafloorspaPlaything001.png	Assets/Product/Texture/Image/IconToolsSp/IconBlueSeafloorspaPlaything001Sp.png	16388	4	10		99999				999					1	10		[211301001]	54	
2705	鱼鱼旅游团图纸	类型：挂饰。	在家具改装时使用，可以将其他家具改装为【鱼鱼旅游团】。	Assets/Product/Texture/Image/IconTools/IconBlueSeafloorspaFish001.png	Assets/Product/Texture/Image/IconToolsSp/IconBlueSeafloorspaFish001Sp.png	16388	4	10		99999				999					1	10		[211301001]	54	
2706	鱼鱼自由行图纸	类型：挂饰。	在家具改装时使用，可以将其他家具改装为【鱼鱼自由行】。	Assets/Product/Texture/Image/IconTools/IconBlueSeafloorspaFish002.png	Assets/Product/Texture/Image/IconToolsSp/IconBlueSeafloorspaFish002Sp.png	16388	4	10		99999				999					1	10		[211301001]	54	
2707	荧光海灯图纸	类型：物件。	在家具改装时使用，可以将其他家具改装为【荧光海灯】。	Assets/Product/Texture/Image/IconTools/IconBlueSeafloorspaMedusa001.png	Assets/Product/Texture/Image/IconToolsSp/IconBlueSeafloorspaMedusa001Sp.png	16388	4	10		99999				999					1	10		[211301001]	54	
2708	飘曳海草图纸	类型：隔离墙。	在家具改装时使用，可以将其他家具改装为【飘曳海草】。	Assets/Product/Texture/Image/IconTools/IconBlueSeafloorspaSeagrass001.png	Assets/Product/Texture/Image/IconToolsSp/IconBlueSeafloorspaSeagrass001Sp.png	16388	4	10		99999				999					1	10		[211301001]	54	
2709	珊瑚森林图纸	类型：物件。	在家具改装时使用，可以将其他家具改装为【珊瑚森林】。	Assets/Product/Texture/Image/IconTools/IconBlueSeafloorspaCoralreef001.png	Assets/Product/Texture/Image/IconToolsSp/IconBlueSeafloorspaCoralreef001Sp.png	16388	4	10		99999				999					1	10		[211301001]	54	
2710	湛蓝宝箱图纸	类型：柜子。	在家具改装时使用，可以将其他家具改装为【湛蓝宝箱】。	Assets/Product/Texture/Image/IconTools/IconBlueSeafloorspaCabinet001.png	Assets/Product/Texture/Image/IconToolsSp/IconBlueSeafloorspaCabinet001Sp.png	16388	4	10		99999				999					1	10		[211301001]	54	
2711	黠意夜魇图纸	类型：物件。	在家具改装时使用，可以将其他家具改装为【黠意夜魇】。	Assets/Product/Texture/Image/IconTools/IconBlueLunaEmosushe001.png	Assets/Product/Texture/Image/IconToolsSp/IconBlueLunaEmosushe001Sp.png	16388	4	10		99999				999					1	10		[211301001]	18	
2712	晃悠悠乐园图纸	类型：物件。	在家具改装时使用，可以将其他家具改装为【晃悠悠乐园】。	Assets/Product/Texture/Image/IconTools/IconBlueXiaodouniCatframe001.png	Assets/Product/Texture/Image/IconToolsSp/IconBlueXiaodouniCatframe001Sp.png	16388	4	10		99999				999					1	10		[211301001]	55	
2713	暖呼呼午觉图纸	类型：物件。	在家具改装时使用，可以将其他家具改装为【暖呼呼午觉】。	Assets/Product/Texture/Image/IconTools/IconBlueXiaodouniPost002Ani.png	Assets/Product/Texture/Image/IconToolsSp/IconBlueXiaodouniPost002AniSp.png	16388	4	10		99999				999					1	10		[211301001]	55	
2714	猫爪爪卖乖图纸	类型：物件。	在家具改装时使用，可以将其他家具改装为【猫爪爪卖乖】。	Assets/Product/Texture/Image/IconTools/IconBlueXiaodouniPost001.png	Assets/Product/Texture/Image/IconToolsSp/IconBlueXiaodouniPost001Sp.png	16388	4	10		99999				999					1	10		[211301001]	55	
2715	云端轻步图纸	类型：天花板。	在家具改装时使用，可以将其他家具改装为【云端轻步】。	Assets/Product/Texture/Image/IconTools/IconBlueXiaodouniCeiling001.png	Assets/Product/Texture/Image/IconToolsSp/IconBlueXiaodouniCeiling001Sp.png	16388	4	10		99999				999					1	10		[211301001]	56	
2716	如蜜暖墙图纸	类型：墙。	在家具改装时使用，可以将其他家具改装为【如蜜暖墙】。	Assets/Product/Texture/Image/IconTools/IconBlueXiaodouniWall.png	Assets/Product/Texture/Image/IconToolsSp/IconBlueXiaodouniWallSp.png	16388	4	10		99999				999					1	10		[211301001]	56	
2717	格间凉暖图纸	类型：地板。	在家具改装时使用，可以将其他家具改装为【格间凉暖】。	Assets/Product/Texture/Image/IconTools/IconBlueXiaodouniFlooring001.png	Assets/Product/Texture/Image/IconToolsSp/IconBlueXiaodouniFlooring001Sp.png	16388	4	10		99999				999					1	10		[211301001]	56	
2718	一隅偷闲图纸	类型：挂饰。	在家具改装时使用，可以将其他家具改装为【一隅偷闲】。	Assets/Product/Texture/Image/IconTools/IconBlueXiaodouniWindow001.png	Assets/Product/Texture/Image/IconToolsSp/IconBlueXiaodouniWindow001Sp.png	16388	4	10		99999				999					1	10		[211301001]	56	
2719	腼腆圆凳图纸	类型：椅子。	在家具改装时使用，可以将其他家具改装为【腼腆圆凳】。	Assets/Product/Texture/Image/IconTools/IconBlueXiaodouniStool001.png	Assets/Product/Texture/Image/IconToolsSp/IconBlueXiaodouniStool001Sp.png	16388	4	10		99999				999					1	10		[211301001]	56	
2720	淘气餐车图纸	类型：桌子。	在家具改装时使用，可以将其他家具改装为【淘气餐车】。	Assets/Product/Texture/Image/IconTools/IconBlueXiaodouniDiningcar001.png	Assets/Product/Texture/Image/IconToolsSp/IconBlueXiaodouniDiningcar001Sp.png	16388	4	10		99999				999					1	10		[211301001]	56	
2721	悠悠绿意图纸	类型：物件。	在家具改装时使用，可以将其他家具改装为【悠悠绿意】。	Assets/Product/Texture/Image/IconTools/IconBlueXiaodouniPotted001.png	Assets/Product/Texture/Image/IconToolsSp/IconBlueXiaodouniPotted001Sp.png	16388	4	10		99999				999					1	10		[211301001]	56	
2722	和心印记图纸	类型：物件。	在家具改装时使用，可以将其他家具改装为【和心印记】。	Assets/Product/Texture/Image/IconTools/IconBlueXiaodouniBillboard001.png	Assets/Product/Texture/Image/IconToolsSp/IconBlueXiaodouniBillboard001Sp.png	16388	4	10		99999				999					1	10		[211301001]	56	
2723	敦厚桌伴图纸	类型：桌子。	在家具改装时使用，可以将其他家具改装为【敦厚桌伴】。	Assets/Product/Texture/Image/IconTools/IconBlueXiaodouniTable001.png	Assets/Product/Texture/Image/IconToolsSp/IconBlueXiaodouniTable001Sp.png	16388	4	10		99999				999					1	10		[211301001]	56	
2724	毛球聚会图纸	类型：沙发。	在家具改装时使用，可以将其他家具改装为【毛球聚会】。	Assets/Product/Texture/Image/IconTools/IconBlueXiaodouniSofa001.png	Assets/Product/Texture/Image/IconToolsSp/IconBlueXiaodouniSofa001Sp.png	16388	4	10		99999				999					1	10		[211301001]	56	
2725	罐中甘甜图纸	类型：物件。	在家具改装时使用，可以将其他家具改装为【罐中甘甜】。	Assets/Product/Texture/Image/IconTools/IconBlueXiaodouniContainer003.png	Assets/Product/Texture/Image/IconToolsSp/IconBlueXiaodouniContainer003Sp.png	16388	4	10		99999				999					1	10		[211301001]	56	
2726	喵咪留声图纸	类型：物件。	在家具改装时使用，可以将其他家具改装为【喵咪留声】。	Assets/Product/Texture/Image/IconTools/IconBlueXiaodouniContainer001.png	Assets/Product/Texture/Image/IconToolsSp/IconBlueXiaodouniContainer001Sp.png	16388	4	10		99999				999					1	10		[211301001]	56	
2727	清爽壁架图纸	类型：挂饰。	在家具改装时使用，可以将其他家具改装为【清爽壁架】。	Assets/Product/Texture/Image/IconTools/IconBlueXiaodouniContainer002.png	Assets/Product/Texture/Image/IconToolsSp/IconBlueXiaodouniContainer002Sp.png	16388	4	10		99999				999					1	10		[211301001]	56	
2728	工程掩体图纸	类型：柜子。	在家具改装时使用，可以将其他家具改装为【工程掩体】。	Assets/Product/Texture/Image/IconTools/IconBlueBulijitesushe001.png	Assets/Product/Texture/Image/IconToolsSp/IconBlueBulijitesushe001Sp.png	16388	4	10		99999				999					1	10		[211301001]	18	
2729	寂寞的热带鱼图纸	类型：沙发。	在家具改装时使用，可以将其他家具改装为【寂寞的热带鱼】。	Assets/Product/Texture/Image/IconTools/IconBlueLamiyaSushe002.png	Assets/Product/Texture/Image/IconToolsSp/IconBlueLamiyaSushe002Sp.png	16388	4	10		99999				999					1	10		[211301001]	18	
2730	清诉檐语图纸	类型：天花板。	在家具改装时使用，可以将其他家具改装为【清诉檐语】。	Assets/Product/Texture/Image/IconTools/IconBlueCyberCeiling001.png	Assets/Product/Texture/Image/IconToolsSp/IconBlueCyberCeiling001Sp.png	16388	4	10		99999				999					1	10		[211301001]	57	
2731	音绘山峦图纸	类型：墙。	在家具改装时使用，可以将其他家具改装为【音绘山峦】。	Assets/Product/Texture/Image/IconTools/IconBlueCyberWall.png	Assets/Product/Texture/Image/IconToolsSp/IconBlueCyberWallSp.png	16388	4	10		99999				999					1	10		[211301001]	57	
2732	画上莲池图纸	类型：地板。	在家具改装时使用，可以将其他家具改装为【画上莲池】。	Assets/Product/Texture/Image/IconTools/IconBlueCyberFlooring001.png	Assets/Product/Texture/Image/IconToolsSp/IconBlueCyberFlooring001Sp.png	16388	4	10		99999				999					1	10		[211301001]	57	
2733	翠竹物台图纸	类型：桌子。	在家具改装时使用，可以将其他家具改装为【翠竹物台】。	Assets/Product/Texture/Image/IconTools/IconBlueCyberChargingstand001.png	Assets/Product/Texture/Image/IconToolsSp/IconBlueCyberChargingstand001Sp.png	16388	4	10		99999				999					1	10		[211301001]	57	
2734	凝心造趣图纸	类型：桌子。	在家具改装时使用，可以将其他家具改装为【凝心造趣】。	Assets/Product/Texture/Image/IconTools/IconBlueCyberFabrication001.png	Assets/Product/Texture/Image/IconToolsSp/IconBlueCyberFabrication001Sp.png	16388	4	10		99999				999					1	10		[211301001]	57	
2735	悠哉钱台图纸	类型：桌子。	在家具改装时使用，可以将其他家具改装为【悠哉钱台】。	Assets/Product/Texture/Image/IconTools/IconBlueCyberSalesdesk001.png	Assets/Product/Texture/Image/IconToolsSp/IconBlueCyberSalesdesk001Sp.png	16388	4	10		99999				999					1	10		[211301001]	57	
2736	潮音韵流图纸	类型：物件。	在家具改装时使用，可以将其他家具改装为【潮音韵流】。	Assets/Product/Texture/Image/IconTools/IconBlueCyberRadiostation001.png	Assets/Product/Texture/Image/IconToolsSp/IconBlueCyberRadiostation001Sp.png	16388	4	10		99999				999					1	10		[211301001]	57	
2737	“此柜暂无”图纸	类型：柜子。	在家具改装时使用，可以将其他家具改装为【“此柜暂无”】。	Assets/Product/Texture/Image/IconTools/IconBlueCyberLocker001.png	Assets/Product/Texture/Image/IconToolsSp/IconBlueCyberLocker001Sp.png	16388	4	10		99999				999					1	10		[211301001]	57	
2738	溪山隐月图纸	类型：物件。	在家具改装时使用，可以将其他家具改装为【溪山隐月】。	Assets/Product/Texture/Image/IconTools/IconBlueCyberDesigns001.png	Assets/Product/Texture/Image/IconToolsSp/IconBlueCyberDesigns001Sp.png	16388	4	10		99999				999					1	10		[211301001]	57	
2739	晨曦朝阳图纸	类型：物件。	在家具改装时使用，可以将其他家具改装为【晨曦朝阳】。	Assets/Product/Texture/Image/IconTools/IconBlueCyberMoon001.png	Assets/Product/Texture/Image/IconToolsSp/IconBlueCyberMoon001Sp.png	16388	4	10		99999				999					1	10		[211301001]	57	
2740	晶荧灯谜图纸	类型：物件。	在家具改装时使用，可以将其他家具改装为【晶荧灯谜】。	Assets/Product/Texture/Image/IconTools/IconBlueCyberLamp001.png	Assets/Product/Texture/Image/IconToolsSp/IconBlueCyberLamp001Sp.png	16388	4	10		99999				999					1	10		[211301001]	57	
2741	琵琶夜灯图纸	类型：物件。	在家具改装时使用，可以将其他家具改装为【琵琶夜灯】。	Assets/Product/Texture/Image/IconTools/IconBlueCyberPipa001.png	Assets/Product/Texture/Image/IconToolsSp/IconBlueCyberPipa001Sp.png	16388	4	10		99999				999					1	10		[211301001]	57	
2742	瓷言青苔图纸	类型：物件。	在家具改装时使用，可以将其他家具改装为【瓷言青苔】。	Assets/Product/Texture/Image/IconTools/IconBlueCyberVase001.png	Assets/Product/Texture/Image/IconToolsSp/IconBlueCyberVase001Sp.png	16388	4	10		99999				999					1	10		[211301001]	57	
2743	樱梦轩息图纸	类型：床。	在家具改装时使用，可以将其他家具改装为【樱梦轩息】。	Assets/Product/Texture/Image/IconTools/IconBlueCyberBed001.png	Assets/Product/Texture/Image/IconToolsSp/IconBlueCyberBed001Sp.png	16388	4	10		99999				999					1	10		[211301001]	57	
2744	碧叶轻坐图纸	类型：椅子。	在家具改装时使用，可以将其他家具改装为【碧叶轻坐】。	Assets/Product/Texture/Image/IconTools/IconBlueCyberStool001.png	Assets/Product/Texture/Image/IconToolsSp/IconBlueCyberStool001Sp.png	16388	4	10		99999				999					1	10		[211301001]	57	
2745	莲趣盛开图纸	类型：物件。	在家具改装时使用，可以将其他家具改装为【莲趣盛开】。	Assets/Product/Texture/Image/IconTools/IconBlueCyberLotuslantern001.png	Assets/Product/Texture/Image/IconToolsSp/IconBlueCyberLotuslantern001Sp.png	16388	4	10		99999				999					1	10		[211301001]	57	
2746	巧匠展翼图纸	类型：挂饰。	在家具改装时使用，可以将其他家具改装为【巧匠展翼】。	Assets/Product/Texture/Image/IconTools/IconBlueCyberCabinet001.png	Assets/Product/Texture/Image/IconToolsSp/IconBlueCyberCabinet001Sp.png	16388	4	10		99999				999					1	10		[211301001]	57	
2747	归途小牌图纸	类型：挂饰。	在家具改装时使用，可以将其他家具改装为【归途小牌】。	Assets/Product/Texture/Image/IconTools/IconBlueCyberLamp002.png	Assets/Product/Texture/Image/IconToolsSp/IconBlueCyberLamp002Sp.png	16388	4	10		99999				999					1	10		[211301001]	57	
2748	和弦檐下图纸	类型：物件。	在家具改装时使用，可以将其他家具改装为【和弦檐下】。	Assets/Product/Texture/Image/IconTools/IconBlueHanyingsushe002.png	Assets/Product/Texture/Image/IconToolsSp/IconBlueHanyingsushe002Sp.png	16388	4	10		99999				999					1	10		[211301001]	18	
2749	繁星佑护图纸	类型：床。	在家具改装时使用，可以将其他家具改装为【繁星佑护】。	Assets/Product/Texture/Image/IconTools/IconBlueStarmoonBed001.png	Assets/Product/Texture/Image/IconToolsSp/IconBlueStarmoonBed001Sp.png	16388	4	10		99999				999					1	10		[211301001]	58	
2750	静息时光图纸	类型：沙发。	在家具改装时使用，可以将其他家具改装为【静息时光】。	Assets/Product/Texture/Image/IconTools/IconBlueStarmoonsofa001.png	Assets/Product/Texture/Image/IconToolsSp/IconBlueStarmoonsofa001Sp.png	16388	4	10		99999				999					1	10		[211301001]	58	
2751	遥光桌语图纸	类型：桌子。	在家具改装时使用，可以将其他家具改装为【遥光桌语】。	Assets/Product/Texture/Image/IconTools/IconBlueStarmoonTable002.png	Assets/Product/Texture/Image/IconToolsSp/IconBlueStarmoonTable002Sp.png	16388	4	10		99999				999					1	10		[211301001]	58	
2752	童想星柜图纸	类型：柜子。	在家具改装时使用，可以将其他家具改装为【童想星柜】。	Assets/Product/Texture/Image/IconTools/IconBlueStarmoonCabinet001.png	Assets/Product/Texture/Image/IconToolsSp/IconBlueStarmoonCabinet001Sp.png	16388	4	10		99999				999					1	10		[211301001]	58	
2753	心愿启航图纸	类型：物件。	在家具改装时使用，可以将其他家具改装为【心愿启航】。	Assets/Product/Texture/Image/IconTools/IconBlueStarmoonTable001.png	Assets/Product/Texture/Image/IconToolsSp/IconBlueStarmoonTable001Sp.png	16388	4	10		99999				999					1	10		[211301001]	58	
2754	轻影光帘图纸	类型：物件。	在家具改装时使用，可以将其他家具改装为【轻影光帘】。	Assets/Product/Texture/Image/IconTools/IconBlueStarmoonWater001.png	Assets/Product/Texture/Image/IconToolsSp/IconBlueStarmoonWater001Sp.png	16388	4	10		99999				999					1	10		[211301001]	58	
2755	跳格田园图纸	类型：物件。	在家具改装时使用，可以将其他家具改装为【跳格田园】。	Assets/Product/Texture/Image/IconTools/IconBlueCarrotVegetable001.png	Assets/Product/Texture/Image/IconToolsSp/IconBlueCarrotVegetable001Sp.png	16388	4	10		99999				999					1	10		[211301001]	59	
2756	时鲜入库图纸	类型：物件。	在家具改装时使用，可以将其他家具改装为【时鲜入库】。	Assets/Product/Texture/Image/IconTools/IconBlueCarrotStash001.png	Assets/Product/Texture/Image/IconToolsSp/IconBlueCarrotStash001Sp.png	16388	4	10		99999				999					1	10		[211301001]	59	
2757	旋转维他命图纸	类型：物件。	在家具改装时使用，可以将其他家具改装为【旋转维他命】。	Assets/Product/Texture/Image/IconTools/IconBlueCarrotWindmill001.png	Assets/Product/Texture/Image/IconToolsSp/IconBlueCarrotWindmill001Sp.png	16388	4	10		99999				999					1	10		[211301001]	59	
2758	营养梦乡图纸	类型：床。	在家具改装时使用，可以将其他家具改装为【营养梦乡】。	Assets/Product/Texture/Image/IconTools/IconBlueCarroBbed001.png	Assets/Product/Texture/Image/IconToolsSp/IconBlueCarroBbed001Sp.png	16388	4	10		99999				999					1	10		[211301001]	59	
2759	暖橘展柜图纸	类型：柜子。	在家具改装时使用，可以将其他家具改装为【暖橘展柜】。	Assets/Product/Texture/Image/IconTools/IconBlueCarrotCabinet001.png	Assets/Product/Texture/Image/IconToolsSp/IconBlueCarrotCabinet001Sp.png	16388	4	10		99999				999					1	10		[211301001]	59	
2760	这不是萝卜图纸	类型：沙发。	在家具改装时使用，可以将其他家具改装为【“这不是萝卜”】。	Assets/Product/Texture/Image/IconTools/IconBlueCarrotSofa001.png	Assets/Product/Texture/Image/IconToolsSp/IconBlueCarrotSofa001Sp.png	16388	4	10		99999				999					1	10		[211301001]	59	
2761	猫头鹰先生图纸	类型：柜子。	在家具改装时使用，可以将其他家具改装为【“猫头鹰先生”】。	Assets/Product/Texture/Image/IconTools/IconBlueWanshisushe001.png	Assets/Product/Texture/Image/IconToolsSp/IconBlueWanshisushe001Sp.png	16388	4	10		99999				999					1	10		[211301001]	18	
2762	绮牌横梁图纸	类型：天花板。	在家具改装时使用，可以将其他家具改装为【绮牌横梁】。	Assets/Product/Texture/Image/IconTools/IconBlueJackCeiling001.png	Assets/Product/Texture/Image/IconToolsSp/IconBlueJackCeiling001Sp.png	16388	4	10		99999				999					1	10		[211301001]	60	
2763	梦寝宫墙图纸	类型：墙。	在家具改装时使用，可以将其他家具改装为【梦寝宫墙】。	Assets/Product/Texture/Image/IconTools/IconBlueJackWall.png	Assets/Product/Texture/Image/IconToolsSp/IconBlueJackWallSp.png	16388	4	10		99999				999					1	10		[211301001]	60	
2764	桃心地砖图纸	类型：地板。	在家具改装时使用，可以将其他家具改装为【桃心地砖】。	Assets/Product/Texture/Image/IconTools/IconBlueJackFlooring001.png	Assets/Product/Texture/Image/IconToolsSp/IconBlueJackFlooring001Sp.png	16388	4	10		99999				999					1	10		[211301001]	60	
2765	缱绻绯梦图纸	类型：床。	在家具改装时使用，可以将其他家具改装为【缱绻绯梦】。	Assets/Product/Texture/Image/IconTools/IconBlueJackBed001.png	Assets/Product/Texture/Image/IconToolsSp/IconBlueJackBed001Sp.png	16388	4	10		99999				999					1	10		[211301001]	60	
2766	桃心御座图纸	类型：沙发。	在家具改装时使用，可以将其他家具改装为【桃心御座】。	Assets/Product/Texture/Image/IconTools/IconBlueJackSofa001.png	Assets/Product/Texture/Image/IconToolsSp/IconBlueJackSofa001Sp.png	16388	4	10		99999				999					1	10		[211301001]	60	
2767	梦织软椅图纸	类型：椅子。	在家具改装时使用，可以将其他家具改装为【梦织软椅】。	Assets/Product/Texture/Image/IconTools/IconBlueJackChair001.png	Assets/Product/Texture/Image/IconToolsSp/IconBlueJackChair001Sp.png	16388	4	10		99999				999					1	10		[211301001]	60	
2768	奇境柜阁图纸	类型：柜子。	在家具改装时使用，可以将其他家具改装为【奇境柜阁】。	Assets/Product/Texture/Image/IconTools/IconBlueJackCabinet002.png	Assets/Product/Texture/Image/IconToolsSp/IconBlueJackCabinet002Sp.png	16388	4	10		99999				999					1	10		[211301001]	60	
2769	梦韵宴台图纸	类型：桌子。	在家具改装时使用，可以将其他家具改装为【梦韵宴台】。	Assets/Product/Texture/Image/IconTools/IconBlueJackTable001.png	Assets/Product/Texture/Image/IconToolsSp/IconBlueJackTable001Sp.png	16388	4	10		99999				999					1	10		[211301001]	60	
2770	午后茶憩图纸	类型：矮柜。	在家具改装时使用，可以将其他家具改装为【午后茶憩】。	Assets/Product/Texture/Image/IconTools/IconBlueJackCabinet001.png	Assets/Product/Texture/Image/IconToolsSp/IconBlueJackCabinet001Sp.png	16388	4	10		99999				999					1	10		[211301001]	60	
2771	云石柜桌图纸	类型：矮柜。	在家具改装时使用，可以将其他家具改装为【云石柜桌】。	Assets/Product/Texture/Image/IconTools/IconBlueJackCabinet003.png	Assets/Product/Texture/Image/IconToolsSp/IconBlueJackCabinet003Sp.png	16388	4	10		99999				999					1	10		[211301001]	60	
2772	梦幻甜意图纸	类型：物件。	在家具改装时使用，可以将其他家具改装为【梦幻甜意】。	Assets/Product/Texture/Image/IconTools/IconBlueJackCake001.png	Assets/Product/Texture/Image/IconToolsSp/IconBlueJackCake001Sp.png	16388	4	10		99999				999					1	10		[211301001]	60	
2773	黑桃殿卫图纸	类型：物件。	在家具改装时使用，可以将其他家具改装为【黑桃殿卫】。	Assets/Product/Texture/Image/IconTools/IconBlueJackBlock001.png	Assets/Product/Texture/Image/IconToolsSp/IconBlueJackBlock001Sp.png	16388	4	10		99999				999					1	10		[211301001]	60	
2774	丽钻隔屏图纸	类型：隔离墙。	在家具改装时使用，可以将其他家具改装为【丽钻隔屏】。	Assets/Product/Texture/Image/IconTools/IconBlueJackCutoff001.png	Assets/Product/Texture/Image/IconToolsSp/IconBlueJackCutoff001Sp.png	16388	4	10		99999				999					1	10		[211301001]	60	
2775	绮牌隔断图纸	类型：隔离墙。	在家具改装时使用，可以将其他家具改装为【绮牌隔断】。	Assets/Product/Texture/Image/IconTools/IconBlueJackCutoff002.png	Assets/Product/Texture/Image/IconToolsSp/IconBlueJackCutoff002Sp.png	16388	4	10		99999				999					1	10		[211301001]	60	
2776	不眠摆钟图纸	类型：挂饰。	在家具改装时使用，可以将其他家具改装为【不眠摆钟】。	Assets/Product/Texture/Image/IconTools/IconBlueJackPendant001.png	Assets/Product/Texture/Image/IconToolsSp/IconBlueJackPendant001Sp.png	16388	4	10		99999				999					1	10		[211301001]	60	
2777	幻彩方绘图纸	类型：挂饰。	在家具改装时使用，可以将其他家具改装为【幻彩方绘】。	Assets/Product/Texture/Image/IconTools/IconBlueJackPendant002.png	Assets/Product/Texture/Image/IconToolsSp/IconBlueJackPendant002Sp.png	16388	4	10		99999				999					1	10		[211301001]	60	
2778	幻彩圆绘图纸	类型：挂饰。	在家具改装时使用，可以将其他家具改装为【幻彩圆绘】。	Assets/Product/Texture/Image/IconTools/IconBlueJackPendant003.png	Assets/Product/Texture/Image/IconToolsSp/IconBlueJackPendant003Sp.png	16388	4	10		99999				999					1	10		[211301001]	60	
2779	启梦彩扉图纸	类型：挂饰。	在家具改装时使用，可以将其他家具改装为【启梦彩扉】。	Assets/Product/Texture/Image/IconTools/IconBlueJackDoor001.png	Assets/Product/Texture/Image/IconToolsSp/IconBlueJackDoor001Sp.png	16388	4	10		99999				999					1	10		[211301001]	60	
2780	梦寝阁窗图纸	类型：挂饰。	在家具改装时使用，可以将其他家具改装为【梦寝阁窗】。	Assets/Product/Texture/Image/IconTools/IconBlueJackWindow001.png	Assets/Product/Texture/Image/IconToolsSp/IconBlueJackWindow001Sp.png	16388	4	10		99999				999					1	10		[211301001]	60	
2781	阿呆蛙沙发图纸	类型：沙发。	在家具改装时使用，可以将其他家具改装为【阿呆蛙沙发】。	Assets/Product/Texture/Image/IconTools/IconBlueLuxiyasushe001.png	Assets/Product/Texture/Image/IconToolsSp/IconBlueLuxiyasushe001Sp.png	16388	4	10		99999				999					1	10		[211301001]	18	
2782	孤寂吞食者图纸	类型：柜子。	在家具改装时使用，可以将其他家具改装为【孤寂吞食者】。	Assets/Product/Texture/Image/IconTools/IconBlueLabCabinet001.png	Assets/Product/Texture/Image/IconToolsSp/IconBlueLabCabinet001Sp.png	16388	4	10		99999				999					1	10		[211301001]	61	
2783	异类注射图纸	类型：物件。	在家具改装时使用，可以将其他家具改装为【异类注射】。	Assets/Product/Texture/Image/IconTools/IconBlueLabScaffold001.png	Assets/Product/Texture/Image/IconToolsSp/IconBlueLabScaffold001Sp.png	16388	4	10		99999				999					1	10		[211301001]	61	
2784	迷途宣告图纸	类型：物件。	在家具改装时使用，可以将其他家具改装为【迷途宣告】。	Assets/Product/Texture/Image/IconTools/IconBlueLabBlackboard001.png	Assets/Product/Texture/Image/IconToolsSp/IconBlueLabBlackboard001Sp.png	16388	4	10		99999				999					1	10		[211301001]	61	
2785	殷红噩兆图纸	类型：床。	在家具改装时使用，可以将其他家具改装为【殷红噩兆】。	Assets/Product/Texture/Image/IconTools/IconBlueLabBed001.png	Assets/Product/Texture/Image/IconToolsSp/IconBlueLabBed001Sp.png	16388	4	10		99999				999					1	10		[211301001]	61	
2786	暗晦静处图纸	类型：椅子。	在家具改装时使用，可以将其他家具改装为【暗晦静处】。	Assets/Product/Texture/Image/IconTools/IconBlueLabChair001.png	Assets/Product/Texture/Image/IconToolsSp/IconBlueLabChair001Sp.png	16388	4	10		99999				999					1	10		[211301001]	61	
2787	森然窥测图纸	类型：隔离墙。	在家具改装时使用，可以将其他家具改装为【森然窥测】。	Assets/Product/Texture/Image/IconTools/IconBlueLabScreen001.png	Assets/Product/Texture/Image/IconToolsSp/IconBlueLabScreen001Sp.png	16388	4	10		99999				999					1	10		[211301001]	61	
2788	橙焰骑士图纸	类型：物件。	在家具改装时使用，可以将其他家具改装为【橙焰骑士】。	Assets/Product/Texture/Image/IconTools/IconBlueGymSpinning001.png	Assets/Product/Texture/Image/IconToolsSp/IconBlueGymSpinning001Sp.png	16388	4	10		99999				999					1	10		[211301001]	62	
2789	疾驰武士图纸	类型：物件。	在家具改装时使用，可以将其他家具改装为【疾驰武士】。	Assets/Product/Texture/Image/IconTools/IconBlueGymTreadmill001.png	Assets/Product/Texture/Image/IconToolsSp/IconBlueGymTreadmill001Sp.png	16388	4	10		99999				999					1	10		[211301001]	62	
2790	铁臂勇士图纸	类型：床。	在家具改装时使用，可以将其他家具改装为【铁臂勇士】。	Assets/Product/Texture/Image/IconTools/IconBlueGymBenchpress001.png	Assets/Product/Texture/Image/IconToolsSp/IconBlueGymBenchpress001Sp.png	16388	4	10		99999				999					1	10		[211301001]	62	
2791	律动斗士图纸	类型：物件。	在家具改装时使用，可以将其他家具改装为【律动斗士】。	Assets/Product/Texture/Image/IconTools/IconBlueGymSandbag001.png	Assets/Product/Texture/Image/IconToolsSp/IconBlueGymSandbag001Sp.png	16388	4	10		99999				999					1	10		[211301001]	62	
2792	脊线战士图纸	类型：椅子。	在家具改装时使用，可以将其他家具改装为【脊线战士】。	Assets/Product/Texture/Image/IconTools/IconBlueGymLatpulldown001.png	Assets/Product/Texture/Image/IconToolsSp/IconBlueGymLatpulldown001Sp.png	16388	4	10		99999				999					1	10		[211301001]	62	
2793	活力源泉图纸	类型：柜子。	在家具改装时使用，可以将其他家具改装为【活力源泉】。	Assets/Product/Texture/Image/IconTools/IconBlueGymCabinet001.png	Assets/Product/Texture/Image/IconToolsSp/IconBlueGymCabinet001Sp.png	16388	4	10		99999				999					1	10		[211301001]	62	
2794	六重激励图纸	类型：椅子。	在家具改装时使用，可以将其他家具改装为【六重激励】。	Assets/Product/Texture/Image/IconTools/IconBlueBazhisushe001.png	Assets/Product/Texture/Image/IconToolsSp/IconBlueBazhisushe001Sp.png	16388	4	10		99999				999					1	10		[211301001]	18	
2795	乐事·脆薯沙发图纸	类型：沙发。	在家具改装时使用，可以将其他家具改装为【乐事·脆薯沙发】。	Assets/Product/Texture/Image/IconTools/IconBlueLeshiSushe001.png	Assets/Product/Texture/Image/IconToolsSp/IconBlueLeshiSushe001Sp.png	16388	4	10		99999				999					1	10		[211301001]	99	
2796	荧星梦航图纸	类型：床。	在家具改装时使用，可以将其他家具改装为【荧星梦航】。	Assets/Product/Texture/Image/IconTools/IconBlueMechaBed001.png	Assets/Product/Texture/Image/IconToolsSp/IconBlueMechaBed001Sp.png	16388	4	10		99999				999					1	10		[211301001]	63	
2797	星铸舱柜图纸	类型：柜子。	在家具改装时使用，可以将其他家具改装为【星铸舱柜】。	Assets/Product/Texture/Image/IconTools/IconBlueMechaCabinet001.png	Assets/Product/Texture/Image/IconToolsSp/IconBlueMechaCabinet001Sp.png	16388	4	10		99999				999					1	10		[211301001]	63	
2798	御机之座图纸	类型：椅子。	在家具改装时使用，可以将其他家具改装为【御机之座】。	Assets/Product/Texture/Image/IconTools/IconBlueMechachair001.png	Assets/Product/Texture/Image/IconToolsSp/IconBlueMechachair001Sp.png	16388	4	10		99999				999					1	10		[211301001]	63	
2799	流羽光饰图纸	类型：物件。	在家具改装时使用，可以将其他家具改装为【流羽光饰】。	Assets/Product/Texture/Image/IconTools/IconBlueMechaWings001.png	Assets/Product/Texture/Image/IconToolsSp/IconBlueMechaWings001Sp.png	16388	4	10		99999				999					1	10		[211301001]	63	
2800	沉默守卫图纸	类型：物件。	在家具改装时使用，可以将其他家具改装为【沉默守卫】。	Assets/Product/Texture/Image/IconTools/IconBlueMechaWeapon001.png	Assets/Product/Texture/Image/IconToolsSp/IconBlueMechaWeapon001Sp.png	16388	4	10		99999				999					1	10		[211301001]	63	
2801	耀环星钟图纸	类型：物件。	在家具改装时使用，可以将其他家具改装为【耀环星钟】。	Assets/Product/Texture/Image/IconTools/IconBlueMechaDecoration001.png	Assets/Product/Texture/Image/IconToolsSp/IconBlueMechaDecoration001Sp.png	16388	4	10		99999				999					1	10		[211301001]	63	
2802	沁樱绯梦图纸	类型：床。	在家具改装时使用，可以将其他家具改装为【沁樱绯梦】。	Assets/Product/Texture/Image/IconTools/IconBlueStrawberryBed001.png	Assets/Product/Texture/Image/IconToolsSp/IconBlueStrawberryBed001Sp.png	16388	4	10		99999				999					1	10		[211301001]	64	
2803	醇香果橱图纸	类型：柜子。	在家具改装时使用，可以将其他家具改装为【醇香果橱】。	Assets/Product/Texture/Image/IconTools/IconBlueStrawberryCabinet001.png	Assets/Product/Texture/Image/IconToolsSp/IconBlueStrawberryCabinet001Sp.png	16388	4	10		99999				999					1	10		[211301001]	64	
2804	绒果绵座图纸	类型：沙发。	在家具改装时使用，可以将其他家具改装为【绒果绵座】。	Assets/Product/Texture/Image/IconTools/IconBlueStrawberrySofa001.png	Assets/Product/Texture/Image/IconToolsSp/IconBlueStrawberrySofa001Sp.png	16388	4	10		99999				999					1	10		[211301001]	64	
2805	绛樱镜台图纸	类型：物件。	在家具改装时使用，可以将其他家具改装为【绛樱镜台】。	Assets/Product/Texture/Image/IconTools/IconBlueStrawberryDresser001.png	Assets/Product/Texture/Image/IconToolsSp/IconBlueStrawberryDresser001Sp.png	16388	4	10		99999				999					1	10		[211301001]	64	
2806	鲜莓储柜图纸	类型：挂饰。	在家具改装时使用，可以将其他家具改装为【鲜莓储柜】。	Assets/Product/Texture/Image/IconTools/IconBlueStrawberryCabinet002.png	Assets/Product/Texture/Image/IconToolsSp/IconBlueStrawberryCabinet002Sp.png	16388	4	10		99999				999					1	10		[211301001]	64	
2807	养料多多图纸	类型：挂饰。	在家具改装时使用，可以将其他家具改装为【养料多多】。	Assets/Product/Texture/Image/IconTools/IconBlueStrawberryStrap001.png	Assets/Product/Texture/Image/IconToolsSp/IconBlueStrawberryStrap001Sp.png	16388	4	10		99999				999					1	10		[211301001]	64	
2808	宇宙之心图纸	类型：物件。	在家具改装时使用，可以将其他家具改装为【宇宙之心】。	Assets/Product/Texture/Image/IconTools/IconBlueQishisushe001.png	Assets/Product/Texture/Image/IconToolsSp/IconBlueQishisushe001Sp.png	16388	4	10		99999				999					1	10		[211301001]	18	
2809	海岛云幕图纸	类型：天花板。	在家具改装时使用，可以将其他家具改装为【海岛云幕】。	Assets/Product/Texture/Image/IconTools/IconBlueIslandCeiling001.png	Assets/Product/Texture/Image/IconToolsSp/IconBlueIslandCeiling001Sp.png	16388	4	10		99999				999					1	10		[211301001]	65	
2810	传奇神庙图纸	类型：墙。	在家具改装时使用，可以将其他家具改装为【传奇神庙】。	Assets/Product/Texture/Image/IconTools/IconBlueIslandWall001.png	Assets/Product/Texture/Image/IconToolsSp/IconBlueIslandWall001Sp.png	16388	4	10		99999				999					1	10		[211301001]	65	
2811	轻涛沙地图纸	类型：地板。	在家具改装时使用，可以将其他家具改装为【轻涛沙地】。	Assets/Product/Texture/Image/IconTools/IconBlueIslandFlooring001.png	Assets/Product/Texture/Image/IconToolsSp/IconBlueIslandFlooring001Sp.png	16388	4	10		99999				999					1	10		[211301001]	65	
2812	荣耀木艇图纸	类型：床。	在家具改装时使用，可以将其他家具改装为【荣耀木艇】。	Assets/Product/Texture/Image/IconTools/IconBlueIslandPirateship001.png	Assets/Product/Texture/Image/IconToolsSp/IconBlueIslandPirateship001Sp.png	16388	4	10		99999				999					1	10		[211301001]	65	
2813	浆果灌丛图纸	类型：柜子。	在家具改装时使用，可以将其他家具改装为【浆果灌丛】。	Assets/Product/Texture/Image/IconTools/IconBlueIslandBerry001.png	Assets/Product/Texture/Image/IconToolsSp/IconBlueIslandBerry001Sp.png	16388	4	10		99999				999					1	10		[211301001]	65	
2814	咸鱼烤架图纸	类型：物件。	在家具改装时使用，可以将其他家具改装为【咸鱼烤架】。	Assets/Product/Texture/Image/IconTools/IconBlueIslandFish001.png	Assets/Product/Texture/Image/IconToolsSp/IconBlueIslandFish001Sp.png	16388	4	10		99999				999					1	10		[211301001]	65	
2815	丰收椰树图纸	类型：物件。	在家具改装时使用，可以将其他家具改装为【丰收椰树】。	Assets/Product/Texture/Image/IconTools/IconBlueIslandCoconutpalm001.png	Assets/Product/Texture/Image/IconToolsSp/IconBlueIslandCoconutpalm001Sp.png	16388	4	10		99999				999					1	10		[211301001]	65	
2816	悠憩吊床图纸	类型：沙发。	在家具改装时使用，可以将其他家具改装为【悠憩吊床】。	Assets/Product/Texture/Image/IconTools/IconBlueIslandsofa001.png	Assets/Product/Texture/Image/IconToolsSp/IconBlueIslandsofa001Sp.png	16388	4	10		99999				999					1	10		[211301001]	65	
2817	魔愿餐桌图纸	类型：物件。	在家具改装时使用，可以将其他家具改装为【魔愿餐桌】。	Assets/Product/Texture/Image/IconTools/IconBlueIslandCanzhuo001.png	Assets/Product/Texture/Image/IconToolsSp/IconBlueIslandCanzhuo001Sp.png	16388	4	10		99999				999					1	10		[211301001]	65	
2818	吱吱鲜储间图纸	类型：物件。	在家具改装时使用，可以将其他家具改装为【吱吱鲜储间】。	Assets/Product/Texture/Image/IconTools/IconBlueIslandMaowu001.png	Assets/Product/Texture/Image/IconToolsSp/IconBlueIslandMaowu001Sp.png	16388	4	10		99999				999					1	10		[211301001]	65	
2819	椰椰加工坊图纸	类型：物件。	在家具改装时使用，可以将其他家具改装为【椰椰加工坊】。	Assets/Product/Texture/Image/IconTools/IconBlueIslandJiagong001.png	Assets/Product/Texture/Image/IconToolsSp/IconBlueIslandJiagong001Sp.png	16388	4	10		99999				999					1	10		[211301001]	65	
2820	月光清泉图纸	类型：物件。	在家具改装时使用，可以将其他家具改装为【月光清泉】。	Assets/Product/Texture/Image/IconTools/IconBlueIslandShuichi001.png	Assets/Product/Texture/Image/IconToolsSp/IconBlueIslandShuichi001Sp.png	16388	4	10		99999				999					1	10		[211301001]	65	
2821	“下一篇章”图纸	类型：沙发。	在家具改装时使用，可以将其他家具改装为【“下一篇章”】。	Assets/Product/Texture/Image/IconTools/IconBlueIslandWangzuo001.png	Assets/Product/Texture/Image/IconToolsSp/IconBlueIslandWangzuo001Sp.png	16388	4	10		99999				999					1	10		[211301001]	18	
2822	浮筹梦语图纸	类型：床。	在家具改装时使用，可以将其他家具改装为【浮筹梦语】。	Assets/Product/Texture/Image/IconTools/IconBlueGamblerBed001.png	Assets/Product/Texture/Image/IconToolsSp/IconBlueGamblerBed001Sp.png	16388	4	10		99999				999					1	10		[211301001]	66	
2823	幕隐密匣图纸	类型：柜子。	在家具改装时使用，可以将其他家具改装为【幕隐密匣】。	Assets/Product/Texture/Image/IconTools/IconBlueGamblerWardrobe001.png	Assets/Product/Texture/Image/IconToolsSp/IconBlueGamblerWardrobe001Sp.png	16388	4	10		99999				999					1	10		[211301001]	66	
2824	“赢家”图纸	类型：椅子。	在家具改装时使用，可以将其他家具改装为【“赢家”】。	Assets/Product/Texture/Image/IconTools/IconBlueGamblerChair001.png	Assets/Product/Texture/Image/IconToolsSp/IconBlueGamblerChair001Sp.png	16388	4	10		99999				999					1	10		[211301001]	66	
2825	仿饰帽架图纸	类型：物件。	在家具改装时使用，可以将其他家具改装为【仿饰帽架】。	Assets/Product/Texture/Image/IconTools/IconBlueGamblerShelf001.png	Assets/Product/Texture/Image/IconToolsSp/IconBlueGamblerShelf001Sp.png	16388	4	10		99999				999					1	10		[211301001]	66	
2826	命运之骰图纸	类型：挂饰。	在家具改装时使用，可以将其他家具改装为【命运之骰】。	Assets/Product/Texture/Image/IconTools/IconBlueGamblerPaint001.png	Assets/Product/Texture/Image/IconToolsSp/IconBlueGamblerPaint001Sp.png	16388	4	10		99999				999					1	10		[211301001]	66	
2827	扑克灯谜图纸	类型：挂饰。	在家具改装时使用，可以将其他家具改装为【扑克灯谜】。	Assets/Product/Texture/Image/IconTools/IconBlueGamblerPaint002.png	Assets/Product/Texture/Image/IconToolsSp/IconBlueGamblerPaint002Sp.png	16388	4	10		99999				999					1	10		[211301001]	66	
2828	澄澈眠梦图纸	类型：床。	在家具改装时使用，可以将其他家具改装为【澄澈眠梦】。	Assets/Product/Texture/Image/IconTools/IconBlueModernBed001.png	Assets/Product/Texture/Image/IconToolsSp/IconBlueModernBed001Sp.png	16388	4	10		99999				999					1	10		[211301001]	67	
2829	光隙柜阁图纸	类型：柜子。	在家具改装时使用，可以将其他家具改装为【光隙柜阁】。	Assets/Product/Texture/Image/IconTools/IconBlueModernCabinet001.png	Assets/Product/Texture/Image/IconToolsSp/IconBlueModernCabinet001Sp.png	16388	4	10		99999				999					1	10		[211301001]	67	
2830	清辉绵座图纸	类型：沙发。	在家具改装时使用，可以将其他家具改装为【清辉绵座】。	Assets/Product/Texture/Image/IconTools/IconBlueModernSofa001.png	Assets/Product/Texture/Image/IconToolsSp/IconBlueModernSofa001Sp.png	16388	4	10		99999				999					1	10		[211301001]	67	
2831	流烁暖炉图纸	类型：物件。	在家具改装时使用，可以将其他家具改装为【流烁暖炉】。	Assets/Product/Texture/Image/IconTools/IconBlueModernFireplace001.png	Assets/Product/Texture/Image/IconToolsSp/IconBlueModernFireplace001Sp.png	16388	4	10		99999				999					1	10		[211301001]	67	
2832	落荧悠芒图纸	类型：物件。	在家具改装时使用，可以将其他家具改装为【落荧悠芒】。	Assets/Product/Texture/Image/IconTools/IconBlueModernLamp001.png	Assets/Product/Texture/Image/IconToolsSp/IconBlueModernLamp001Sp.png	16388	4	10		99999				999					1	10		[211301001]	67	
2833	无瑕之镜图纸	类型：挂饰。	在家具改装时使用，可以将其他家具改装为【无瑕之镜】。	Assets/Product/Texture/Image/IconTools/IconBlueModernMirror001.png	Assets/Product/Texture/Image/IconToolsSp/IconBlueModernMirror001Sp.png	16388	4	10		99999				999					1	10		[211301001]	67	
2834	“狂欢之夜”图纸	类型：物件。	在家具改装时使用，可以将其他家具改装为【“狂欢之夜”】。	Assets/Product/Texture/Image/IconTools/IconBlueGamblerUmbrella002.png	Assets/Product/Texture/Image/IconToolsSp/IconBlueGamblerUmbrella002Sp.png	16388	4	10		99999				999					1	10		[211301001]	18	
2835	碧羽天穹图纸	类型：天花板。	在家具改装时使用，可以将其他家具改装为【碧羽天穹】。	Assets/Product/Texture/Image/IconTools/IconBlueSkyTheatreCeiling001.png	Assets/Product/Texture/Image/IconToolsSp/IconBlueSkyTheatreCeiling001Sp.png	16388	4	10		99999				999					1	10		[211301001]	68	
2836	浮梦绘墙图纸	类型：墙。	在家具改装时使用，可以将其他家具改装为【浮梦绘墙】。	Assets/Product/Texture/Image/IconTools/IconBlueSkyTheatreWall001.png	Assets/Product/Texture/Image/IconToolsSp/IconBlueSkyTheatreWall001Sp.png	16388	4	10		99999				999					1	10		[211301001]	68	
2837	沫蓝云海图纸	类型：地板。	在家具改装时使用，可以将其他家具改装为【沫蓝云海】。	Assets/Product/Texture/Image/IconTools/IconBlueSkyTheatreFlooring001.png	Assets/Product/Texture/Image/IconToolsSp/IconBlueSkyTheatreFlooring001Sp.png	16388	4	10		99999				999					1	10		[211301001]	68	
2838	浪漫交响图纸	类型：物件。	在家具改装时使用，可以将其他家具改装为【浪漫交响】。	Assets/Product/Texture/Image/IconTools/IconBlueSkyTheatreCommandtower001.png	Assets/Product/Texture/Image/IconToolsSp/IconBlueSkyTheatreCommandtower001Sp.png	16388	4	10		99999				999					1	10		[211301001]	68	
2839	沐枕琴安图纸	类型：床。	在家具改装时使用，可以将其他家具改装为【沐枕琴安】。	Assets/Product/Texture/Image/IconTools/IconBlueSkyTheatreBed001.png	Assets/Product/Texture/Image/IconToolsSp/IconBlueSkyTheatreBed001Sp.png	16388	4	10		99999				999					1	10		[211301001]	68	
2840	柔羽诗谱图纸	类型：沙发。	在家具改装时使用，可以将其他家具改装为【柔羽诗谱】。	Assets/Product/Texture/Image/IconTools/IconBlueSkyTheatreSofa001.png	Assets/Product/Texture/Image/IconToolsSp/IconBlueSkyTheatreSofa001Sp.png	16388	4	10		99999				999					1	10		[211301001]	68	
2841	异乡旅人图纸	类型：椅子。	在家具改装时使用，可以将其他家具改装为【异乡旅人】。	Assets/Product/Texture/Image/IconTools/IconBlueSkyTheatreChair001.png	Assets/Product/Texture/Image/IconToolsSp/IconBlueSkyTheatreChair001Sp.png	16388	4	10		99999				999					1	10		[211301001]	68	
2842	森泉牧歌图纸	类型：物件。	在家具改装时使用，可以将其他家具改装为【森泉牧歌】。	Assets/Product/Texture/Image/IconTools/IconBlueSkyTheatreFife002.png	Assets/Product/Texture/Image/IconToolsSp/IconBlueSkyTheatreFife002Sp.png	16388	4	10		99999				999					1	10		[211301001]	68	
2843	和鸣语奏图纸	类型：物件。	在家具改装时使用，可以将其他家具改装为【和鸣语奏】。	Assets/Product/Texture/Image/IconTools/IconBlueSkyTheatreFife001.png	Assets/Product/Texture/Image/IconToolsSp/IconBlueSkyTheatreFife001Sp.png	16388	4	10		99999				999					1	10		[211301001]	68	
2844	安歌暖调图纸	类型：物件。	在家具改装时使用，可以将其他家具改装为【安歌暖调】。	Assets/Product/Texture/Image/IconTools/IconBlueSkyTheatreCello001.png	Assets/Product/Texture/Image/IconToolsSp/IconBlueSkyTheatreCello001Sp.png	16388	4	10		99999				999					1	10		[211301001]	68	
2845	彼岸鲸音图纸	类型：物件。	在家具改装时使用，可以将其他家具改装为【彼岸鲸音】。	Assets/Product/Texture/Image/IconTools/IconBlueSkyTheatreCello002.png	Assets/Product/Texture/Image/IconToolsSp/IconBlueSkyTheatreCello002Sp.png	16388	4	10		99999				999					1	10		[211301001]	68	
2846	未眠浅香图纸	类型：物件。	在家具改装时使用，可以将其他家具改装为【未眠浅香】。	Assets/Product/Texture/Image/IconTools/IconBlueSkyTheatreTable001.png	Assets/Product/Texture/Image/IconToolsSp/IconBlueSkyTheatreTable001Sp.png	16388	4	10		99999				999					1	10		[211301001]	68	
2847	捡拾梦境图纸	类型：柜子。	在家具改装时使用，可以将其他家具改装为【捡拾梦境】。	Assets/Product/Texture/Image/IconTools/IconBlueSkyTheatreShelf001.png	Assets/Product/Texture/Image/IconToolsSp/IconBlueSkyTheatreShelf001Sp.png	16388	4	10		99999				999					1	10		[211301001]	68	
2848	风的呓语图纸	类型：物件。	在家具改装时使用，可以将其他家具改装为【风的呓语】。	Assets/Product/Texture/Image/IconTools/IconBlueSailinnasushe001.png	Assets/Product/Texture/Image/IconToolsSp/IconBlueSailinnasushe001Sp.png	16388	4	10		99999				999					1	10		[211301001]	18	
2849	漆幕深眠图纸	类型：床。	在家具改装时使用，可以将其他家具改装为【漆幕深眠】。	Assets/Product/Texture/Image/IconTools/IconBlueLittledevilBed001.png	Assets/Product/Texture/Image/IconToolsSp/IconBlueLittledevilBed001Sp.png	16388	4	10		99999				999					1	10		[211301001]	69	
2850	黯翼权座图纸	类型：沙发。	在家具改装时使用，可以将其他家具改装为【黯翼权座】。	Assets/Product/Texture/Image/IconTools/IconBlueLittledevilSofa001.png	Assets/Product/Texture/Image/IconToolsSp/IconBlueLittledevilSofa001Sp.png	16388	4	10		99999				999					1	10		[211301001]	69	
2851	黑曜木棺图纸	类型：柜子。	在家具改装时使用，可以将其他家具改装为【黑曜木棺】。	Assets/Product/Texture/Image/IconTools/IconBlueLittledevilCabinet001.png	Assets/Product/Texture/Image/IconToolsSp/IconBlueLittledevilCabinet001Sp.png	16388	4	10		99999				999					1	10		[211301001]	69	
2852	余烬祈火图纸	类型：物件。	在家具改装时使用，可以将其他家具改装为【余烬祈火】。	Assets/Product/Texture/Image/IconTools/IconBlueLittledevilFireplace001.png	Assets/Product/Texture/Image/IconToolsSp/IconBlueLittledevilFireplace001Sp.png	16388	4	10		99999				999					1	10		[211301001]	69	
2853	血月穹影图纸	类型：物件。	在家具改装时使用，可以将其他家具改装为【血月穹影】。	Assets/Product/Texture/Image/IconTools/IconBlueLittledevilScreen001.png	Assets/Product/Texture/Image/IconToolsSp/IconBlueLittledevilScreen001Sp.png	16388	4	10		99999				999					1	10		[211301001]	69	
2854	永夜之徽图纸	类型：挂饰。	在家具改装时使用，可以将其他家具改装为【永夜之徽】。	Assets/Product/Texture/Image/IconTools/IconBlueLittledevilpendant001.png	Assets/Product/Texture/Image/IconToolsSp/IconBlueLittledevilpendant001Sp.png	16388	4	10		99999				999					1	10		[211301001]	69	
2855	寂杉眠榻图纸	类型：床。	在家具改装时使用，可以将其他家具改装为【寂杉眠榻】。	Assets/Product/Texture/Image/IconTools/IconBlueGreenBed001.png	Assets/Product/Texture/Image/IconToolsSp/IconBlueGreenBed001Sp.png	16388	4	10		99999				999					1	10		[211301001]	70	
2856	伺息盘座图纸	类型：椅子。	在家具改装时使用，可以将其他家具改装为【伺息盘座】。	Assets/Product/Texture/Image/IconTools/IconBlueGreenChair001.png	Assets/Product/Texture/Image/IconToolsSp/IconBlueGreenChair001Sp.png	16388	4	10		99999				999					1	10		[211301001]	70	
2857	密森隐案图纸	类型：柜子。	在家具改装时使用，可以将其他家具改装为【密森隐案】。	Assets/Product/Texture/Image/IconTools/IconBlueGreenTable002.png	Assets/Product/Texture/Image/IconToolsSp/IconBlueGreenTable002Sp.png	16388	4	10		99999				999					1	10		[211301001]	70	
2858	幽檀沉盏图纸	类型：物件。	在家具改装时使用，可以将其他家具改装为【幽檀沉盏】。	Assets/Product/Texture/Image/IconTools/IconBlueGreenTable001.png	Assets/Product/Texture/Image/IconToolsSp/IconBlueGreenTable001Sp.png	16388	4	10		99999				999					1	10		[211301001]	70	
2859	缀鳞悬架图纸	类型：物件。	在家具改装时使用，可以将其他家具改装为【缀鳞悬架】。	Assets/Product/Texture/Image/IconTools/IconBlueGreenPendant002.png	Assets/Product/Texture/Image/IconToolsSp/IconBlueGreenPendant002Sp.png	16388	4	10		99999				999					1	10		[211301001]	70	
2860	曦风暮垂图纸	类型：挂饰。	在家具改装时使用，可以将其他家具改装为【曦风暮垂】。	Assets/Product/Texture/Image/IconTools/IconBlueGreenPendant001.png	Assets/Product/Texture/Image/IconToolsSp/IconBlueGreenPendant001Sp.png	16388	4	10		99999				999					1	10		[211301001]	70	
2861	绯影契言图纸	类型：物件。	在家具改装时使用，可以将其他家具改装为【绯影契言】。	Assets/Product/Texture/Image/IconTools/IconBlueJietaweisushe001.png	Assets/Product/Texture/Image/IconToolsSp/IconBlueJietaweisushe001Sp.png	16388	4	10		99999				999					1	10		[211301001]	18	
2862	拍拍搭档图纸	类型：物件。	在家具改装时使用，可以将其他家具改装为【拍拍搭档】。	Assets/Product/Texture/Image/IconTools/IconBlueMoyuAya.png	Assets/Product/Texture/Image/IconToolsSp/IconBlueMoyuAyaSp.png	16388	4	10		99999				999					1	10		[211301001]	71	
2863	拆拆盲盒图纸	类型：物件。	在家具改装时使用，可以将其他家具改装为【拆拆盲盒】。	Assets/Product/Texture/Image/IconTools/IconBlueMoyu002Box01.png	Assets/Product/Texture/Image/IconToolsSp/IconBlueMoyu002Box01Sp.png	16388	4	10		99999				999					1	10		[211301001]	71	
2864	闪闪相棚图纸	类型：物件。	在家具改装时使用，可以将其他家具改装为【闪闪相棚】。	Assets/Product/Texture/Image/IconTools/IconBlueMoyu003.png	Assets/Product/Texture/Image/IconToolsSp/IconBlueMoyu003Sp.png	16388	4	10		99999				999					1	10		[211301001]	71	
2865	苍誓绒榻图纸	类型：床。	在家具改装时使用，可以将其他家具改装为【苍誓绒榻】。	Assets/Product/Texture/Image/IconTools/IconBlueNvwushenBed001.png	Assets/Product/Texture/Image/IconToolsSp/IconBlueNvwushenBed001Sp.png	16388	4	10		99999				999					1	10		[211301001]	72	
2866	霜裔安所图纸	类型：沙发。	在家具改装时使用，可以将其他家具改装为【霜裔安所】。	Assets/Product/Texture/Image/IconTools/IconBlueNvwushenSofa001.png	Assets/Product/Texture/Image/IconToolsSp/IconBlueNvwushenSofa001Sp.png	16388	4	10		99999				999					1	10		[211301001]	72	
2867	黄昏裁决图纸	类型：椅子。	在家具改装时使用，可以将其他家具改装为【黄昏裁决】。	Assets/Product/Texture/Image/IconTools/IconBlueNvwushenChair001.png	Assets/Product/Texture/Image/IconToolsSp/IconBlueNvwushenChair001Sp.png	16388	4	10		99999				999					1	10		[211301001]	72	
2868	铸符卷枢图纸	类型：柜子。	在家具改装时使用，可以将其他家具改装为【铸符卷枢】。	Assets/Product/Texture/Image/IconTools/IconBlueNvwushenCabinet001.png	Assets/Product/Texture/Image/IconToolsSp/IconBlueNvwushenCabinet001Sp.png	16388	4	10		99999				999					1	10		[211301001]	72	
2869	卢纹珍匣图纸	类型：桌子。	在家具改装时使用，可以将其他家具改装为【卢纹珍匣】。	Assets/Product/Texture/Image/IconTools/IconBlueNvwushenTable001.png	Assets/Product/Texture/Image/IconToolsSp/IconBlueNvwushenTable001Sp.png	16388	4	10		99999				999					1	10		[211301001]	72	
2870	嗥语烛焰图纸	类型：物件。	在家具改装时使用，可以将其他家具改装为【嗥语烛焰】。	Assets/Product/Texture/Image/IconTools/IconBlueNvwushenStrap001.png	Assets/Product/Texture/Image/IconToolsSp/IconBlueNvwushenStrap001Sp.png	16388	4	10		99999				999					1	10		[211301001]	72	
2871	赤砧龙渊图纸	类型：床。	在家具改装时使用，可以将其他家具改装为【赤砧龙渊】。	Assets/Product/Texture/Image/IconTools/IconBlueHuntingBed001.png	Assets/Product/Texture/Image/IconToolsSp/IconBlueHuntingBed001Sp.png	16388	4	10		99999				999					1	10		[211301001]	73	
2872	狩王岩座图纸	类型：椅子。	在家具改装时使用，可以将其他家具改装为【狩王岩座】。	Assets/Product/Texture/Image/IconTools/IconBlueHuntingChair001.png	Assets/Product/Texture/Image/IconToolsSp/IconBlueHuntingChair001Sp.png	16388	4	10		99999				999					1	10		[211301001]	73	
2873	骨鸣刃脊图纸	类型：柜子。	在家具改装时使用，可以将其他家具改装为【骨鸣刃脊】。	Assets/Product/Texture/Image/IconTools/IconBlueHuntingShelf001.png	Assets/Product/Texture/Image/IconToolsSp/IconBlueHuntingShelf001Sp.png	16388	4	10		99999				999					1	10		[211301001]	73	
2874	锻魂台基图纸	类型：物件。	在家具改装时使用，可以将其他家具改装为【锻魂台基】。	Assets/Product/Texture/Image/IconTools/IconBlueHuntingIncubator001.png	Assets/Product/Texture/Image/IconToolsSp/IconBlueHuntingIncubator001Sp.png	16388	4	10		99999				999					1	10		[211301001]	73	
2875	赫炎戟图纸	类型：物件。	在家具改装时使用，可以将其他家具改装为【赫炎戟】。	Assets/Product/Texture/Image/IconTools/IconBlueHuntingWeapon001.png	Assets/Product/Texture/Image/IconToolsSp/IconBlueHuntingWeapon001Sp.png	16388	4	10		99999				999					1	10		[211301001]	73	
2876	磐淬盾图纸	类型：挂饰。	在家具改装时使用，可以将其他家具改装为【磐淬盾】。	Assets/Product/Texture/Image/IconTools/IconBlueHuntingStrap001.png	Assets/Product/Texture/Image/IconToolsSp/IconBlueHuntingStrap001Sp.png	16388	4	10		99999				999					1	10		[211301001]	73	
2877	鎏焰圣临图纸	类型：沙发。	在家具改装时使用，可以将其他家具改装为【鎏焰圣临】。	Assets/Product/Texture/Image/IconTools/IconBlueNvwushenSofa002.png	Assets/Product/Texture/Image/IconToolsSp/IconBlueNvwushenSofa002Sp.png	16388	4	10		99999				999					1	10		[211301001]	18	
2878	伏雷镇厄图纸	类型：物件。	在家具改装时使用，可以将其他家具改装为【伏雷镇厄】。	Assets/Product/Texture/Image/IconTools/IconBlueFramesushe001.png	Assets/Product/Texture/Image/IconToolsSp/IconBlueFramesushe001Sp.png	16388	4	10		99999				999					1	10		[211301001]	18	
2879	亮鲸鲸浴缸图纸	类型：物件。	在家具改装时使用，可以将其他家具改装为【亮鲸鲸浴缸】。	Assets/Product/Texture/Image/IconTools/IconBluebathtubsushe001.png	Assets/Product/Texture/Image/IconToolsSp/IconBluebathtubsushe001Sp.png	16388	4	10		99999				999					1	10		[211301001]	18	
2880	塑料龙床图纸	类型：床。	在家具改装时使用，可以将其他家具改装为【塑料龙床】。	Assets/Product/Texture/Image/IconTools/IconBluePlasticBed001.png	Assets/Product/Texture/Image/IconToolsSp/IconBluePlasticBed001Sp.png	16388	4	10		99999				999					1	10		[211301001]	74	
2881	塑料瘫瘫乐图纸	类型：沙发。	在家具改装时使用，可以将其他家具改装为【塑料瘫瘫乐】。	Assets/Product/Texture/Image/IconTools/IconBluePlasticSofa001.png	Assets/Product/Texture/Image/IconToolsSp/IconBluePlasticSofa001Sp.png	16388	4	10		99999				999					1	10		[211301001]	74	
2882	王座？图纸	类型：椅子。	在家具改装时使用，可以将其他家具改装为【王座？】。	Assets/Product/Texture/Image/IconTools/IconBluePlasticChair001.png	Assets/Product/Texture/Image/IconToolsSp/IconBluePlasticChair001Sp.png	16388	4	10		99999				999					1	10		[211301001]	74	
2883	冰室专用柜图纸	类型：柜子。	在家具改装时使用，可以将其他家具改装为【冰室专用柜】。	Assets/Product/Texture/Image/IconTools/IconBluePlasticIcebox001.png	Assets/Product/Texture/Image/IconToolsSp/IconBluePlasticIcebox001Sp.png	16388	4	10		99999				999					1	10		[211301001]	74	
2884	办事处图纸	类型：桌子。	在家具改装时使用，可以将其他家具改装为【办事处】。	Assets/Product/Texture/Image/IconTools/IconBluePlasticTable001.png	Assets/Product/Texture/Image/IconToolsSp/IconBluePlasticTable001Sp.png	16388	4	10		99999				999					1	10		[211301001]	74	
2885	公务展示板图纸	类型：挂饰。	在家具改装时使用，可以将其他家具改装为【公务展示板】。	Assets/Product/Texture/Image/IconTools/IconBluePlasticMenu001.png	Assets/Product/Texture/Image/IconToolsSp/IconBluePlasticMenu001Sp.png	16388	4	10		99999				999					1	10		[211301001]	74	
2886	“暂离游戏”图纸	类型：床。	在家具改装时使用，可以将其他家具改装为【“暂离游戏”】。	Assets/Product/Texture/Image/IconTools/IconBlueGameBed001.png	Assets/Product/Texture/Image/IconToolsSp/IconBlueGameBed001Sp.png	16388	4	10		99999				999					1	10		[211301001]	75	
2887	电竞王座图纸	类型：椅子。	在家具改装时使用，可以将其他家具改装为【电竞王座】。	Assets/Product/Texture/Image/IconTools/IconBlueGameChair001.png	Assets/Product/Texture/Image/IconToolsSp/IconBlueGameChair001Sp.png	16388	4	10		99999				999					1	10		[211301001]	75	
2888	存档收容机图纸	类型：柜子。	在家具改装时使用，可以将其他家具改装为【存档收容机】。	Assets/Product/Texture/Image/IconTools/IconBlueGameCabinet001.png	Assets/Product/Texture/Image/IconToolsSp/IconBlueGameCabinet001Sp.png	16388	4	10		99999				999					1	10		[211301001]	75	
2889	代哥扭蛋图纸	类型：物件。	在家具改装时使用，可以将其他家具改装为【代哥扭蛋】。	Assets/Product/Texture/Image/IconTools/IconBlueGameMachine001.png	Assets/Product/Texture/Image/IconToolsSp/IconBlueGameMachine001Sp.png	16388	4	10		99999				999					1	10		[211301001]	75	
2890	月光宝盒图纸	类型：物件。	在家具改装时使用，可以将其他家具改装为【月光宝盒】。	Assets/Product/Texture/Image/IconTools/IconBlueGameMachine002.png	Assets/Product/Texture/Image/IconToolsSp/IconBlueGameMachine002Sp.png	16388	4	10		99999				999					1	10		[211301001]	75	
2891	成就展示架图纸	类型：物件。	在家具改装时使用，可以将其他家具改装为【成就展示架】。	Assets/Product/Texture/Image/IconTools/IconBlueGameStrap001.png	Assets/Product/Texture/Image/IconToolsSp/IconBlueGameStrap001Sp.png	16388	4	10		99999				999					1	10		[211301001]	75	
2892	圣荆织穹图纸	类型：天花板。	在家具改装时使用，可以将其他家具改装为【圣荆织穹】。	Assets/Product/Texture/Image/IconTools/IconBlueBiankasusheCeiling001.png	Assets/Product/Texture/Image/IconToolsSp/IconBlueBiankasusheCeiling001Sp.png	16388	4	10		99999				999					1	10		[211301001]	76	
2893	垂星浮影图纸	类型：墙。	在家具改装时使用，可以将其他家具改装为【垂星浮影】。	Assets/Product/Texture/Image/IconTools/IconBlueBiankasusheWall001.png	Assets/Product/Texture/Image/IconToolsSp/IconBlueBiankasusheWall001Sp.png	16388	4	10		99999				999					1	10		[211301001]	76	
2894	灵蜕之地图纸	类型：地板。	在家具改装时使用，可以将其他家具改装为【灵蜕之地】。	Assets/Product/Texture/Image/IconTools/IconBlueBiankasusheFlooring001.png	Assets/Product/Texture/Image/IconToolsSp/IconBlueBiankasusheFlooring001Sp.png	16388	4	10		99999				999					1	10		[211301001]	76	
2895	光栖白荆图纸	类型：床。	在家具改装时使用，可以将其他家具改装为【光栖白荆】。	Assets/Product/Texture/Image/IconTools/IconBlueBiankasusheBed001.png	Assets/Product/Texture/Image/IconToolsSp/IconBlueBiankasusheBed001Sp.png	16388	4	10		99999				999					1	10		[211301001]	76	
2896	星憩层云图纸	类型：沙发。	在家具改装时使用，可以将其他家具改装为【星憩层云】。	Assets/Product/Texture/Image/IconTools/IconBlueBiankasusheSofa001.png	Assets/Product/Texture/Image/IconToolsSp/IconBlueBiankasusheSofa001Sp.png	16388	4	10		99999				999					1	10		[211301001]	76	
2897	生息盈座图纸	类型：椅子。	在家具改装时使用，可以将其他家具改装为【生息盈座】。	Assets/Product/Texture/Image/IconTools/IconBlueBiankasusheChair001.png	Assets/Product/Texture/Image/IconToolsSp/IconBlueBiankasusheChair001Sp.png	16388	4	10		99999				999					1	10		[211301001]	76	
2898	枯笔稿台图纸	类型：桌子。	在家具改装时使用，可以将其他家具改装为【枯笔稿台】。	Assets/Product/Texture/Image/IconTools/IconBlueBiankasusheDesk001.png	Assets/Product/Texture/Image/IconToolsSp/IconBlueBiankasusheDesk001Sp.png	16388	4	10		99999				999					1	10		[211301001]	76	
2899	蜕生流泉图纸	类型：物件。	在家具改装时使用，可以将其他家具改装为【蜕生流泉】。	Assets/Product/Texture/Image/IconTools/IconBlueBiankasusheFountain001.png	Assets/Product/Texture/Image/IconToolsSp/IconBlueBiankasusheFountain001Sp.png	16388	4	10		99999				999					1	10		[211301001]	76	
2900	棘光栏（一）图纸	类型：物件。	在家具改装时使用，可以将其他家具改装为【棘光栏（一）】。	Assets/Product/Texture/Image/IconTools/IconBlueBiankasusheFence001.png	Assets/Product/Texture/Image/IconToolsSp/IconBlueBiankasusheFence001Sp.png	16388	4	10		99999				999					1	10		[211301001]	76	
2901	棘光栏（二）图纸	类型：物件。	在家具改装时使用，可以将其他家具改装为【棘光栏（二）】。	Assets/Product/Texture/Image/IconTools/IconBlueBiankasusheFence002.png	Assets/Product/Texture/Image/IconToolsSp/IconBlueBiankasusheFence002Sp.png	16388	4	10		99999				999					1	10		[211301001]	76	
2902	簪光妆吾图纸	类型：桌子。	在家具改装时使用，可以将其他家具改装为【簪光妆吾】。	Assets/Product/Texture/Image/IconTools/IconBlueBiankasusheMakeup001.png	Assets/Product/Texture/Image/IconToolsSp/IconBlueBiankasusheMakeup001Sp.png	16388	4	10		99999				999					1	10		[211301001]	76	
2903	荆隙流光图纸	类型：物件。	在家具改装时使用，可以将其他家具改装为【荆隙流光】。	Assets/Product/Texture/Image/IconTools/IconBlueBiankasusheLamp001.png	Assets/Product/Texture/Image/IconToolsSp/IconBlueBiankasusheLamp001Sp.png	16388	4	10		99999				999					1	10		[211301001]	76	
2904	启日新辰图纸	类型：柜子。	在家具改装时使用，可以将其他家具改装为【启日新辰】。	Assets/Product/Texture/Image/IconTools/IconBlueBiankasusheBookshelf001.png	Assets/Product/Texture/Image/IconToolsSp/IconBlueBiankasusheBookshelf001Sp.png	16388	4	10		99999				999					1	10		[211301001]	76	
2905	持蛇者图纸	类型：物件。	在家具改装时使用，可以将其他家具改装为【持蛇者】。	Assets/Product/Texture/Image/IconTools/IconBlueBiankasusheProp001.png	Assets/Product/Texture/Image/IconToolsSp/IconBlueBiankasusheProp001Sp.png	16388	4	10		99999				999					1	10		[211301001]	18	
2906	甜野考察图纸	类型：物件。	在家具改装时使用，可以将其他家具改装为【甜野考察】。	Assets/Product/Texture/Image/IconTools/IconBlueGeligaojiajvSummer001.png	Assets/Product/Texture/Image/IconToolsSp/IconBlueGeligaojiajvSummer001Sp.png	16388	4	10		99999				999					1	10		[211301001]	99	
2907	绒屿归憩图纸	类型：沙发。	在家具改装时使用，可以将其他家具改装为【绒屿归憩】。	Assets/Product/Texture/Image/IconTools/IconBlueNvpusushe_Sofa001.png	Assets/Product/Texture/Image/IconToolsSp/IconBlueNvpusushe_Sofa001Sp.png	16388	4	10		99999				999					1	10		[211301001]	77	
2908	巧晤圆叙图纸	类型：桌子。	在家具改装时使用，可以将其他家具改装为【巧晤圆叙】。	Assets/Product/Texture/Image/IconTools/IconBlueNvpusushe_Desk001.png	Assets/Product/Texture/Image/IconToolsSp/IconBlueNvpusushe_Desk001Sp.png	16388	4	10		99999				999					1	10		[211301001]	77	
2909	淡音巡迹图纸	类型：物件。	在家具改装时使用，可以将其他家具改装为【淡音巡迹】。	Assets/Product/Texture/Image/IconTools/IconBlueNvpusushe_Changpianji001.png	Assets/Product/Texture/Image/IconToolsSp/IconBlueNvpusushe_Changpianji001Sp.png	16388	4	10		99999				999					1	10		[211301001]	77	
2910	扉语邀伴图纸	类型：物件。	在家具改装时使用，可以将其他家具改装为【扉语邀伴】。	Assets/Product/Texture/Image/IconTools/IconBlueNvpusushe_Zhaopai001.png	Assets/Product/Texture/Image/IconToolsSp/IconBlueNvpusushe_Zhaopai001Sp.png	16388	4	10		99999				999					1	10		[211301001]	77	
2911	默执绶风图纸	类型：物件。	在家具改装时使用，可以将其他家具改装为【默执绶风】。	Assets/Product/Texture/Image/IconTools/IconBlueNvpusushe_Nvpufu001.png	Assets/Product/Texture/Image/IconToolsSp/IconBlueNvpusushe_Nvpufu001Sp.png	16388	4	10		99999				999					1	10		[211301001]	77	
2912	蕾垣缀珍图纸	类型：柜子。	在家具改装时使用，可以将其他家具改装为【蕾垣缀珍】。	Assets/Product/Texture/Image/IconTools/IconBlueNvpusushe_Bookshelf001.png	Assets/Product/Texture/Image/IconToolsSp/IconBlueNvpusushe_Bookshelf001Sp.png	16388	4	10		99999				999					1	10		[211301001]	77	
2913	圣目长椅图纸	类型：沙发。	在家具改装时使用，可以将其他家具改装为【圣目长椅】。	Assets/Product/Texture/Image/IconTools/IconBlueAijisushe_Sofa001.png	Assets/Product/Texture/Image/IconToolsSp/IconBlueAijisushe_Sofa001Sp.png	16388	4	10		99999				999					1	10		[211301001]	78	
2914	巴斯特慵眠图纸	类型：床。	在家具改装时使用，可以将其他家具改装为【巴斯特慵眠】。	Assets/Product/Texture/Image/IconTools/IconBlueAijisushe_Bed001.png	Assets/Product/Texture/Image/IconToolsSp/IconBlueAijisushe_Bed001Sp.png	16388	4	10		99999				999					1	10		[211301001]	78	
2915	冥钥典藏图纸	类型：柜子。	在家具改装时使用，可以将其他家具改装为【冥钥典藏】。	Assets/Product/Texture/Image/IconTools/IconBlueAijisushe_Bookshelf001.png	Assets/Product/Texture/Image/IconToolsSp/IconBlueAijisushe_Bookshelf001Sp.png	16388	4	10		99999				999					1	10		[211301001]	78	
2916	织界之序图纸	类型：椅子。	在家具改装时使用，可以将其他家具改装为【织界之序】。	Assets/Product/Texture/Image/IconTools/IconBlueAijisushe_Chair001.png	Assets/Product/Texture/Image/IconToolsSp/IconBlueAijisushe_Chair001Sp.png	16388	4	10		99999				999					1	10		[211301001]	78	
2917	狮兽炬坛图纸	类型：桌子。	在家具改装时使用，可以将其他家具改装为【狮兽炬坛】。	Assets/Product/Texture/Image/IconTools/IconBlueAijisushe_Desk001.png	Assets/Product/Texture/Image/IconToolsSp/IconBlueAijisushe_Desk001Sp.png	16388	4	10		99999				999					1	10		[211301001]	78	
2918	渡灵台图纸	类型：物件。	在家具改装时使用，可以将其他家具改装为【渡灵台】。	Assets/Product/Texture/Image/IconTools/IconBlueAijisushe_Box001.png	Assets/Product/Texture/Image/IconToolsSp/IconBlueAijisushe_Box001Sp.png	16388	4	10		99999				999					1	10		[211301001]	78	
2919	弦穹缝纫机图纸	类型：椅子。	在家具改装时使用，可以将其他家具改装为【弦穹缝纫机】。	Assets/Product/Texture/Image/IconTools/IconBlueNvpusushe_Fengrenji001.png	Assets/Product/Texture/Image/IconToolsSp/IconBlueNvpusushe_Fengrenji001Sp.png	16388	4	10		99999				999					1	10		[211301001]	18	
2920	敛锋憩翼图纸	类型：沙发。	在家具改装时使用，可以将其他家具改装为【敛锋憩翼】。	Assets/Product/Texture/Image/IconTools/IconBlueLongqisushe_Sofa001.png	Assets/Product/Texture/Image/IconToolsSp/IconBlueLongqisushe_Sofa001Sp.png	16388	4	10		99999				999					1	10		[211301001]	79	
2921	笼械布战图纸	类型：桌子。	在家具改装时使用，可以将其他家具改装为【笼械布战】。	Assets/Product/Texture/Image/IconTools/IconBlueLongqisushe_Desk001.png	Assets/Product/Texture/Image/IconToolsSp/IconBlueLongqisushe_Desk001Sp.png	16388	4	10		99999				999					1	10		[211301001]	79	
2922	角岚赫耀图纸	类型：物件。	在家具改装时使用，可以将其他家具改装为【角岚赫耀】。	Assets/Product/Texture/Image/IconTools/IconBlueLongqisushe_Hanger001.png	Assets/Product/Texture/Image/IconToolsSp/IconBlueLongqisushe_Hanger001Sp.png	16388	4	10		99999				999					1	10		[211301001]	79	
2923	稚龙胄辉图纸	类型：物件。	在家具改装时使用，可以将其他家具改装为【稚龙胄辉】。	Assets/Product/Texture/Image/IconTools/IconBlueLongqisushe_light001.png	Assets/Product/Texture/Image/IconToolsSp/IconBlueLongqisushe_light001Sp.png	16388	4	10		99999				999					1	10		[211301001]	79	
2924	战煌奇珍图纸	类型：挂饰。	在家具改装时使用，可以将其他家具改装为【战煌奇珍】。	Assets/Product/Texture/Image/IconTools/IconBlueLongqisushe_Wuqijia001.png	Assets/Product/Texture/Image/IconToolsSp/IconBlueLongqisushe_Wuqijia001Sp.png	16388	4	10		99999				999					1	10		[211301001]	79	
2925	烇竞龙囚图纸	类型：柜子。	在家具改装时使用，可以将其他家具改装为【烇竞龙囚】。	Assets/Product/Texture/Image/IconTools/IconBlueLongqisushe_Bookshelf001.png	Assets/Product/Texture/Image/IconToolsSp/IconBlueLongqisushe_Bookshelf001Sp.png	16388	4	10		99999				999					1	10		[211301001]	79	
2926	绛夜丝绒图纸	类型：沙发。	在家具改装时使用，可以将其他家具改装为【绛夜丝绒】。	Assets/Product/Texture/Image/IconTools/IconBlueQishisushe_Sofa001.png	Assets/Product/Texture/Image/IconToolsSp/IconBlueQishisushe_Sofa001Sp.png	16388	4	10		99999				999					1	10		[211301001]	80	
2927	诸恶永眠图纸	类型：床。	在家具改装时使用，可以将其他家具改装为【诸恶永眠】。	Assets/Product/Texture/Image/IconTools/IconBlueQishisushe_Bed001.png	Assets/Product/Texture/Image/IconToolsSp/IconBlueQishisushe_Bed001Sp.png	16388	4	10		99999				999					1	10		[211301001]	80	
2928	假匿真视图纸	类型：柜子。	在家具改装时使用，可以将其他家具改装为【假匿真视】。	Assets/Product/Texture/Image/IconTools/IconBlueQishisushe_Cabinet001.png	Assets/Product/Texture/Image/IconToolsSp/IconBlueQishisushe_Cabinet001Sp.png	16388	4	10		99999				999					1	10		[211301001]	80	
2929	血烬塑装图纸	类型：物件。	在家具改装时使用，可以将其他家具改装为【血烬塑装】。	Assets/Product/Texture/Image/IconTools/IconBlueQishisushe_Yimaojia001.png	Assets/Product/Texture/Image/IconToolsSp/IconBlueQishisushe_Yimaojia001Sp.png	16388	4	10		99999				999					1	10		[211301001]	80	
2930	贪欲蜕华图纸	类型：桌子。	在家具改装时使用，可以将其他家具改装为【贪欲蜕华】。	Assets/Product/Texture/Image/IconTools/IconBlueQishisushe_Table001.png	Assets/Product/Texture/Image/IconToolsSp/IconBlueQishisushe_Table001Sp.png	16388	4	10		99999				999					1	10		[211301001]	80	
2931	幽栖与伴图纸	类型：挂饰。	在家具改装时使用，可以将其他家具改装为【幽栖与伴】。	Assets/Product/Texture/Image/IconTools/IconBlueQishisushe_Guakuan001.png	Assets/Product/Texture/Image/IconToolsSp/IconBlueQishisushe_Guakuan001Sp.png	16388	4	10		99999				999					1	10		[211301001]	80	
2932	赤翼龙灯图纸	类型：物件。	在家具改装时使用，可以将其他家具改装为【赤翼龙灯】。	Assets/Product/Texture/Image/IconTools/IconBlueQishisushe_Longdeng001.png	Assets/Product/Texture/Image/IconToolsSp/IconBlueQishisushe_Longdeng001Sp.png	16388	4	10		99999				999					1	10		[211301001]	18	
2933	谧时轻华图纸	类型：物件。	在家具改装时使用，可以将其他家具改装为【谧时轻华】。	Assets/Product/Texture/Image/IconTools/IconBlueLifusushe_Kejideng001.png	Assets/Product/Texture/Image/IconToolsSp/IconBlueLifusushe_Kejideng001Sp.png	16388	4	10		99999				999					1	10		[211301001]	18	
2934	极速漂移图纸	类型：物件。	在家具改装时使用，可以将其他家具改装为【极速漂移】。	Assets/Product/Texture/Image/IconTools/IconBlueDumasushe_RaceCar001.png	Assets/Product/Texture/Image/IconToolsSp/IconBlueDumasushe_RaceCar001Sp.png	16388	4	10		99999				999					1	10		[211301001]	99	
2935	“我是熊布偶”图纸	类型：沙发。	在家具改装时使用，可以将其他家具改装为【“我是熊布偶”】。	Assets/Product/Texture/Image/IconTools/IconBlueBuouxionsushelazysofa001.png	Assets/Product/Texture/Image/IconToolsSp/IconBlueBuouxionsushelazysofa001Sp.png	16388	4	10		99999				999					1	10		[211301001]	18	
2936	爪印软窝图纸	类型：沙发。	在家具改装时使用，可以将其他家具改装为【爪印软窝】。	Assets/Product/Texture/Image/IconTools/IconBlueXionmaosusheSofa001.png	Assets/Product/Texture/Image/IconToolsSp/IconBlueXionmaosusheSofa001Sp.png	16388	4	10		99999				999					1	10		[211301001]	81	
2937	甜睡怀抱图纸	类型：床。	在家具改装时使用，可以将其他家具改装为【甜睡怀抱】。	Assets/Product/Texture/Image/IconTools/IconBlueXionmaosusheBed001.png	Assets/Product/Texture/Image/IconToolsSp/IconBlueXionmaosusheBed001Sp.png	16388	4	10		99999				999					1	10		[211301001]	81	
2938	豆豆眉的智慧图纸	类型：柜子。	在家具改装时使用，可以将其他家具改装为【豆豆眉的智慧】。	Assets/Product/Texture/Image/IconTools/IconBlueXionmaosusheCabinet001.png	Assets/Product/Texture/Image/IconToolsSp/IconBlueXionmaosusheCabinet001Sp.png	16388	4	10		99999				999					1	10		[211301001]	81	
2939	珍果小屉图纸	类型：柜子。	在家具改装时使用，可以将其他家具改装为【珍果小屉】。	Assets/Product/Texture/Image/IconTools/IconBlueXionmaosusheTable001.png	Assets/Product/Texture/Image/IconToolsSp/IconBlueXionmaosusheTable001Sp.png	16388	4	10		99999				999					1	10		[211301001]	81	
2940	乔装大师图纸	类型：物件。	在家具改装时使用，可以将其他家具改装为【乔装大师】。	Assets/Product/Texture/Image/IconTools/IconBlueXionmaosusheJinzi001.png	Assets/Product/Texture/Image/IconToolsSp/IconBlueXionmaosusheJinzi001Sp.png	16388	4	10		99999				999					1	10		[211301001]	81	
2941	林间馈赠图纸	类型：挂饰。	在家具改装时使用，可以将其他家具改装为【林间馈赠】。	Assets/Product/Texture/Image/IconTools/IconBlueXionmaosusheGuakuan001.png	Assets/Product/Texture/Image/IconToolsSp/IconBlueXionmaosusheGuakuan001Sp.png	16388	4	10		99999				999					1	10		[211301001]	81	
2942	忙里偷闲图纸	类型：沙发。	在家具改装时使用，可以将其他家具改装为【忙里偷闲】。	Assets/Product/Texture/Image/IconTools/IconBlueHuanxionsusheSofa001.png	Assets/Product/Texture/Image/IconToolsSp/IconBlueHuanxionsusheSofa001Sp.png	16388	4	10		99999				999					1	10		[211301001]	82	
2943	闲时躺平图纸	类型：床。	在家具改装时使用，可以将其他家具改装为【闲时躺平】。	Assets/Product/Texture/Image/IconTools/IconBlueHuanxionsusheBed001.png	Assets/Product/Texture/Image/IconToolsSp/IconBlueHuanxionsusheBed001Sp.png	16388	4	10		99999				999					1	10		[211301001]	82	
2944	冰爽补给库图纸	类型：柜子。	在家具改装时使用，可以将其他家具改装为【冰爽补给库】。	Assets/Product/Texture/Image/IconTools/IconBlueHuanxionsusheFridge01.png	Assets/Product/Texture/Image/IconToolsSp/IconBlueHuanxionsusheFridge01Sp.png	16388	4	10		99999				999					1	10		[211301001]	82	
2945	零食随手达图纸	类型：物件。	在家具改装时使用，可以将其他家具改装为【零食随手达】。	Assets/Product/Texture/Image/IconTools/IconBlueHuanxionsusheCar001.png	Assets/Product/Texture/Image/IconToolsSp/IconBlueHuanxionsusheCar001Sp.png	16388	4	10		99999				999					1	10		[211301001]	82	
2946	“中场休息”图纸	类型：椅子。	在家具改装时使用，可以将其他家具改装为【“中场休息”】。	Assets/Product/Texture/Image/IconTools/IconBlueHuanxionsusheStools001.png	Assets/Product/Texture/Image/IconToolsSp/IconBlueHuanxionsusheStools001Sp.png	16388	4	10		99999				999					1	10		[211301001]	82	
2947	黠思映趣图纸	类型：挂饰。	在家具改装时使用，可以将其他家具改装为【黠思映趣】。	Assets/Product/Texture/Image/IconTools/IconBlueHuanxionsusheTouyinbu001.png	Assets/Product/Texture/Image/IconToolsSp/IconBlueHuanxionsusheTouyinbu001Sp.png	16388	4	10		99999				999					1	10		[211301001]	82	
2948	小马摆件图纸	类型：物件。	在家具改装时使用，可以将其他家具改装为【小马摆件】。	Assets/Product/Texture/Image/IconTools/IconBlueCjguofengsusheXiaomazang001.png	Assets/Product/Texture/Image/IconToolsSp/IconBlueCjguofengsusheXiaomazang001Sp.png	16388	4	10		99999				999					1	10		[211301001]	18	
2949	寒山引梦图纸	类型：天花板。	在家具改装时使用，可以将其他家具改装为【寒山引梦】。	Assets/Product/Texture/Image/IconTools/IconBlueCjguofengsusheCeiling001.png	Assets/Product/Texture/Image/IconToolsSp/IconBlueCjguofengsusheCeiling001Sp.png	16388	4	10		99999				999					1	10		[211301001]	83	
2950	却岁龙吟图纸	类型：墙。	在家具改装时使用，可以将其他家具改装为【却岁龙吟】。	Assets/Product/Texture/Image/IconTools/IconBlueCjguofengsusheWall001.png	Assets/Product/Texture/Image/IconToolsSp/IconBlueCjguofengsusheWall001Sp.png	16388	4	10		99999				999					1	10		[211301001]	83	
2951	一线春图纸	类型：地板。	在家具改装时使用，可以将其他家具改装为【一线春】。	Assets/Product/Texture/Image/IconTools/IconBlueCjguofengsusheFlooring001.png	Assets/Product/Texture/Image/IconToolsSp/IconBlueCjguofengsusheFlooring001Sp.png	16388	4	10		99999				999					1	10		[211301001]	83	
2952	满床笏图纸	类型：床。	在家具改装时使用，可以将其他家具改装为【满床笏】。	Assets/Product/Texture/Image/IconTools/IconBlueCjguofengsusheHonbaoc001.png	Assets/Product/Texture/Image/IconToolsSp/IconBlueCjguofengsusheHonbaoc001Sp.png	16388	4	10		99999				999					1	10		[211301001]	83	
2953	清平一匮图纸	类型：柜子。	在家具改装时使用，可以将其他家具改装为【清平一匮】。	Assets/Product/Texture/Image/IconTools/IconBlueCjguofengsusheXiaozuo001.png	Assets/Product/Texture/Image/IconToolsSp/IconBlueCjguofengsusheXiaozuo001Sp.png	16388	4	10		99999				999					1	10		[211301001]	83	
2954	舍棹多宝图纸	类型：桌子。	在家具改装时使用，可以将其他家具改装为【舍棹多宝】。	Assets/Product/Texture/Image/IconTools/IconBlueCjguofengsusheRuyizuo001.png	Assets/Product/Texture/Image/IconToolsSp/IconBlueCjguofengsusheRuyizuo001Sp.png	16388	4	10		99999				999					1	10		[211301001]	83	
2955	浮光流月图纸	类型：物件。	在家具改装时使用，可以将其他家具改装为【浮光流月】。	Assets/Product/Texture/Image/IconTools/IconBlueCjguofengsusheJianzu001.png	Assets/Product/Texture/Image/IconToolsSp/IconBlueCjguofengsusheJianzu001Sp.png	16388	4	10		99999				999					1	10		[211301001]	83	
2956	狸奴大黑图纸	类型：物件。	在家具改装时使用，可以将其他家具改装为【狸奴大黑】。	Assets/Product/Texture/Image/IconTools/IconBlueCjguofengsusheZaocaimao002.png	Assets/Product/Texture/Image/IconToolsSp/IconBlueCjguofengsusheZaocaimao002Sp.png	16388	4	10		99999				999					1	10		[211301001]	83	
2957	狸奴小白图纸	类型：物件。	在家具改装时使用，可以将其他家具改装为【狸奴小白】。	Assets/Product/Texture/Image/IconTools/IconBlueCjguofengsusheZaocaimao001.png	Assets/Product/Texture/Image/IconToolsSp/IconBlueCjguofengsusheZaocaimao001Sp.png	16388	4	10		99999				999					1	10		[211301001]	83	
2958	金满笼图纸	类型：物件。	在家具改装时使用，可以将其他家具改装为【金满笼】。	Assets/Product/Texture/Image/IconTools/IconBlueCjguofengsusheYuanbaoc001.png	Assets/Product/Texture/Image/IconToolsSp/IconBlueCjguofengsusheYuanbaoc001Sp.png	16388	4	10		99999				999					1	10		[211301001]	83	
2959	有凤来仪图纸	类型：物件。	在家具改装时使用，可以将其他家具改装为【有凤来仪】。	Assets/Product/Texture/Image/IconTools/IconBlueCjguofengsusheBianzon001.png	Assets/Product/Texture/Image/IconToolsSp/IconBlueCjguofengsusheBianzon001Sp.png	16388	4	10		99999				999					1	10		[211301001]	83	
2960	轻灯鸦啼图纸	类型：物件。	在家具改装时使用，可以将其他家具改装为【轻灯鸦啼】。	Assets/Product/Texture/Image/IconTools/IconBlueNitiyasusheWuyaniaolong001.png	Assets/Product/Texture/Image/IconToolsSp/IconBlueNitiyasusheWuyaniaolong001Sp.png	16388	4	10		99999				999					1	10		[211301001]	18	
2961	冷辉着地图纸	类型：地板。	在家具改装时使用，可以将其他家具改装为【冷辉着地】。	Assets/Product/Texture/Image/IconTools/IconBlueLanyuesusheFlooring001.png	Assets/Product/Texture/Image/IconToolsSp/IconBlueLanyuesusheFlooring001Sp.png	16388	4	10		99999				999					1	10		[211301001]	84	
2962	邀月之窗图纸	类型：挂饰。	在家具改装时使用，可以将其他家具改装为【邀月之窗】。	Assets/Product/Texture/Image/IconTools/IconBlueLanyuesusheWindow001.png	Assets/Product/Texture/Image/IconToolsSp/IconBlueLanyuesusheWindow001Sp.png	16388	4	10		99999				999					1	10		[211301001]	84	
2963	垂星沙发图纸	类型：沙发。	在家具改装时使用，可以将其他家具改装为【垂星沙发】。	Assets/Product/Texture/Image/IconTools/IconBlueLanyuesusheSofa001.png	Assets/Product/Texture/Image/IconToolsSp/IconBlueLanyuesusheSofa001Sp.png	16388	4	10		99999				999					1	10		[211301001]	84	
2964	濯月坩埚图纸	类型：物件。	在家具改装时使用，可以将其他家具改装为【濯月坩埚】。	Assets/Product/Texture/Image/IconTools/IconBlueLanyuesusheJar001.png	Assets/Product/Texture/Image/IconToolsSp/IconBlueLanyuesusheJar001Sp.png	16388	4	10		99999				999					1	10		[211301001]	84	
2965	夜往辉标图纸	类型：物件。	在家具改装时使用，可以将其他家具改装为【夜往辉标】。	Assets/Product/Texture/Image/IconTools/IconBlueLanyuesusheTable001.png	Assets/Product/Texture/Image/IconToolsSp/IconBlueLanyuesusheTable001Sp.png	16388	4	10		99999				999					1	10		[211301001]	84	
2966	沐月陈藏图纸	类型：柜子。	在家具改装时使用，可以将其他家具改装为【沐月陈藏】。	Assets/Product/Texture/Image/IconTools/IconBlueLanyuesusheCloset001.png	Assets/Product/Texture/Image/IconToolsSp/IconBlueLanyuesusheCloset001Sp.png	16388	4	10		99999				999					1	10		[211301001]	84	
2967	向阳而升图纸	类型：物件。	在家具改装时使用，可以将其他家具改装为【向阳而升】。	Assets/Product/Texture/Image/IconTools/IconBlueXinjisusheTaiyangneng001.png	Assets/Product/Texture/Image/IconToolsSp/IconBlueXinjisusheTaiyangneng001Sp.png	16388	4	10		99999				999					1	10		[211301001]	18	
2968	木星表层图纸	类型：地板。	在家具改装时使用，可以将其他家具改装为【木星表层】。	Assets/Product/Texture/Image/IconTools/IconBlueXinjisusheFlooring001.png	Assets/Product/Texture/Image/IconToolsSp/IconBlueXinjisusheFlooring001Sp.png	16388	4	10		99999				999					1	10		[211301001]	85	
2969	向日葵垂灯图纸	类型：物件。	在家具改装时使用，可以将其他家具改装为【向日葵垂灯】。	Assets/Product/Texture/Image/IconTools/IconBlueXinjisusheSunflower001.png	Assets/Product/Texture/Image/IconToolsSp/IconBlueXinjisusheSunflower001Sp.png	16388	4	10		99999				999					1	10		[211301001]	85	
2970	星系休泊处图纸	类型：沙发。	在家具改装时使用，可以将其他家具改装为【星系休泊处】。	Assets/Product/Texture/Image/IconTools/IconBlueXinjisusheSofa001.png	Assets/Product/Texture/Image/IconToolsSp/IconBlueXinjisusheSofa001Sp.png	16388	4	10		99999				999					1	10		[211301001]	85	
2971	小鹰二号图纸	类型：物件。	在家具改装时使用，可以将其他家具改装为【小鹰二号】。	Assets/Product/Texture/Image/IconTools/IconBlueXinjisusheAircraft001.png	Assets/Product/Texture/Image/IconToolsSp/IconBlueXinjisusheAircraft001Sp.png	16388	4	10		99999				999					1	10		[211301001]	85	
2972	勘察记录桌图纸	类型：桌子。	在家具改装时使用，可以将其他家具改装为【勘察记录桌】。	Assets/Product/Texture/Image/IconTools/IconBlueXinjisusheTable001.png	Assets/Product/Texture/Image/IconToolsSp/IconBlueXinjisusheTable001Sp.png	16388	4	10		99999				999					1	10		[211301001]	85	
2973	橙火营光图纸	类型：挂饰。	在家具改装时使用，可以将其他家具改装为【橙火营光】。	Assets/Product/Texture/Image/IconTools/IconBlueXinjisusheLight001.png	Assets/Product/Texture/Image/IconToolsSp/IconBlueXinjisusheLight001Sp.png	16388	4	10		99999				999					1	10		[211301001]	85	
2974	红角喵图纸	类型：挂饰。	在家具改装时使用，可以将其他家具改装为【红角喵】。	Assets/Product/Texture/Image/IconTools/IconBlueSpacesushePendant001.png	Assets/Product/Texture/Image/IconToolsSp/IconBlueSpacesushePendant001Sp.png	16388	4	10		99999				999					1	10		[211301001]	18	
2975	星轨巡航图纸	类型：地板。	在家具改装时使用，可以将其他家具改装为【星轨巡航】。	Assets/Product/Texture/Image/IconTools/IconBlueSpacesusheFlooring001.png	Assets/Product/Texture/Image/IconToolsSp/IconBlueSpacesusheFlooring001Sp.png	16388	4	10		99999				999					1	10		[211301001]	86	
2976	眺望之眼图纸	类型：挂饰。	在家具改装时使用，可以将其他家具改装为【眺望之眼】。	Assets/Product/Texture/Image/IconTools/IconBlueSpacesusheWindow001.png	Assets/Product/Texture/Image/IconToolsSp/IconBlueSpacesusheWindow001Sp.png	16388	4	10		99999				999					1	10		[211301001]	86	
2977	双角星座图纸	类型：沙发。	在家具改装时使用，可以将其他家具改装为【双角星座】。	Assets/Product/Texture/Image/IconTools/IconBlueSpacesusheSofa001.png	Assets/Product/Texture/Image/IconToolsSp/IconBlueSpacesusheSofa001Sp.png	16388	4	10		99999				999					1	10		[211301001]	86	
2978	信标指挥桌图纸	类型：桌子。	在家具改装时使用，可以将其他家具改装为【信标指挥桌】。	Assets/Product/Texture/Image/IconTools/IconBlueSpacesusheDesk001.png	Assets/Product/Texture/Image/IconToolsSp/IconBlueSpacesusheDesk001Sp.png	16388	4	10		99999				999					1	10		[211301001]	86	
2979	赤瞳星痕图纸	类型：物件。	在家具改装时使用，可以将其他家具改装为【赤瞳星痕】。	Assets/Product/Texture/Image/IconTools/IconBlueSpacesusheYunshi001.png	Assets/Product/Texture/Image/IconToolsSp/IconBlueSpacesusheYunshi001Sp.png	16388	4	10		99999				999					1	10		[211301001]	86	
2980	先锋信号塔图纸	类型：物件。	在家具改装时使用，可以将其他家具改装为【先锋信号塔】。	Assets/Product/Texture/Image/IconTools/IconBlueSpacesusheOrnament001.png	Assets/Product/Texture/Image/IconToolsSp/IconBlueSpacesusheOrnament001Sp.png	16388	4	10		99999				999					1	10		[211301001]	86	
2981	照影蛛灯图纸	类型：物件。	在家具改装时使用，可以将其他家具改装为【照影蛛灯】。	Assets/Product/Texture/Image/IconTools/IconBlueHaishangsusheHailuntin001.png	Assets/Product/Texture/Image/IconToolsSp/IconBlueHaishangsusheHailuntin001Sp.png	16388	4	10		99999				999					1	10		[211301001]	18	
2982	游鳞穹幕图纸	类型：天花板。	在家具改装时使用，可以将其他家具改装为【游鳞穹幕】。	Assets/Product/Texture/Image/IconTools/IconBlueHaishangsusheFish001.png	Assets/Product/Texture/Image/IconToolsSp/IconBlueHaishangsusheFish001Sp.png	16388	4	10		99999				999					1	10		[211301001]	87	
2983	晴屿长空图纸	类型：墙。	在家具改装时使用，可以将其他家具改装为【晴屿长空】。	Assets/Product/Texture/Image/IconTools/IconBlueHaishangsusheWall001.png	Assets/Product/Texture/Image/IconToolsSp/IconBlueHaishangsusheWall001Sp.png	16388	4	10		99999				999					1	10		[211301001]	87	
2984	澄湾水纹图纸	类型：地板。	在家具改装时使用，可以将其他家具改装为【澄湾水纹】。	Assets/Product/Texture/Image/IconTools/IconBlueHaishangsusheFlooring001.png	Assets/Product/Texture/Image/IconToolsSp/IconBlueHaishangsusheFlooring001Sp.png	16388	4	10		99999				999					1	10		[211301001]	87	
2985	锦潮巡游图纸	类型：物件。	在家具改装时使用，可以将其他家具改装为【锦潮巡游】。	Assets/Product/Texture/Image/IconTools/IconBlueHaishangsusheDooring001.png	Assets/Product/Texture/Image/IconToolsSp/IconBlueHaishangsusheDooring001Sp.png	16388	4	10		99999				999					1	10		[211301001]	87	
2986	白岸闲椅图纸	类型：沙发。	在家具改装时使用，可以将其他家具改装为【白岸闲椅】。	Assets/Product/Texture/Image/IconTools/IconBlueHaishangsusheChair001.png	Assets/Product/Texture/Image/IconToolsSp/IconBlueHaishangsusheChair001Sp.png	16388	4	10		99999				999					1	10		[211301001]	87	
2987	潮鲜面屋图纸	类型：物件。	在家具改装时使用，可以将其他家具改装为【潮鲜面屋】。	Assets/Product/Texture/Image/IconTools/IconBlueHaishangsusheLamian001.png	Assets/Product/Texture/Image/IconToolsSp/IconBlueHaishangsusheLamian001Sp.png	16388	4	10		99999				999					1	10		[211301001]	87	
2988	浮暑饮站图纸	类型：物件。	在家具改装时使用，可以将其他家具改装为【浮暑饮站】。	Assets/Product/Texture/Image/IconTools/IconBlueHaishangsusheBeverages001.png	Assets/Product/Texture/Image/IconToolsSp/IconBlueHaishangsusheBeverages001Sp.png	16388	4	10		99999				999					1	10		[211301001]	87	
2989	烧丸食堂图纸	类型：物件。	在家具改装时使用，可以将其他家具改装为【烧丸食堂】。	Assets/Product/Texture/Image/IconTools/IconBlueHaishangsusheSushi001.png	Assets/Product/Texture/Image/IconToolsSp/IconBlueHaishangsusheSushi001Sp.png	16388	4	10		99999				999					1	10		[211301001]	87	
2990	阳伞冰铺图纸	类型：物件。	在家具改装时使用，可以将其他家具改装为【阳伞冰铺】。	Assets/Product/Texture/Image/IconTools/IconBlueHaishangsusheIce001.png	Assets/Product/Texture/Image/IconToolsSp/IconBlueHaishangsusheIce001Sp.png	16388	4	10		99999				999					1	10		[211301001]	87	
2991	夏汐车站图纸	类型：床。	在家具改装时使用，可以将其他家具改装为【夏汐车站】。	Assets/Product/Texture/Image/IconTools/IconBlueHaishangsushePlatform001.png	Assets/Product/Texture/Image/IconToolsSp/IconBlueHaishangsushePlatform001Sp.png	16388	4	10		99999				999					1	10		[211301001]	87	
2992	晴湾绿意图纸	类型：物件。	在家具改装时使用，可以将其他家具改装为【晴湾绿意】。	Assets/Product/Texture/Image/IconTools/IconBlueHaishangsusheTree001.png	Assets/Product/Texture/Image/IconToolsSp/IconBlueHaishangsusheTree001Sp.png	16388	4	10		99999				999					1	10		[211301001]	87	
2993	心旅引锚图纸	类型：物件。	在家具改装时使用，可以将其他家具改装为【心旅引锚】。	Assets/Product/Texture/Image/IconTools/IconBlueKaliesusheChuanmao001.png	Assets/Product/Texture/Image/IconToolsSp/IconBlueKaliesusheChuanmao001Sp.png	16388	4	10		99999				999					1	10		[211301001]	18	
2994	“派对制造者”图纸	类型：天花板。	在家具改装时使用，可以将其他家具改装为【“派对制造者”】。	Assets/Product/Texture/Image/IconTools/IconBluePengkesusheCeiling001.png	Assets/Product/Texture/Image/IconToolsSp/IconBluePengkesusheCeiling001Sp.png	16388	4	10		99999				999					1	10		[211301001]	88	
2995	微型霓虹夜图纸	类型：墙。	在家具改装时使用，可以将其他家具改装为【微型霓虹夜】。	Assets/Product/Texture/Image/IconTools/IconBluePengkesusheWall001.png	Assets/Product/Texture/Image/IconToolsSp/IconBluePengkesusheWall001Sp.png	16388	4	10		99999				999					1	10		[211301001]	88	
2996	逐梦之路图纸	类型：地板。	在家具改装时使用，可以将其他家具改装为【逐梦之路】。	Assets/Product/Texture/Image/IconTools/IconBluePengkesusheFlooring001.png	Assets/Product/Texture/Image/IconToolsSp/IconBluePengkesusheFlooring001Sp.png	16388	4	10		99999				999					1	10		[211301001]	88	
2997	全场焦点图纸	类型：物件。	在家具改装时使用，可以将其他家具改装为【全场焦点】。	Assets/Product/Texture/Image/IconTools/IconBluePengkesusheStage001.png	Assets/Product/Texture/Image/IconToolsSp/IconBluePengkesusheStage001Sp.png	16388	4	10		99999				999					1	10		[211301001]	88	
2998	超混响贝斯图纸	类型：物件。	在家具改装时使用，可以将其他家具改装为【超混响贝斯】。	Assets/Product/Texture/Image/IconTools/IconBluePengkesusheBass001.png	Assets/Product/Texture/Image/IconToolsSp/IconBluePengkesusheBass001Sp.png	16388	4	10		99999				999					1	10		[211301001]	88	
2999	电音萨克斯图纸	类型：物件。	在家具改装时使用，可以将其他家具改装为【电音萨克斯】。	Assets/Product/Texture/Image/IconTools/IconBluePengkesusheSaxophone001.png	Assets/Product/Texture/Image/IconToolsSp/IconBluePengkesusheSaxophone001Sp.png	16388	4	10		99999				999					1	10		[211301001]	88	
3000	音浪合成器图纸	类型：物件。	在家具改装时使用，可以将其他家具改装为【音浪合成器】。	Assets/Product/Texture/Image/IconTools/IconBluePengkesusheDjji001.png	Assets/Product/Texture/Image/IconToolsSp/IconBluePengkesusheDjji001Sp.png	16388	4	10		99999				999					1	10		[211301001]	88	
3006	爆裂架子鼓图纸	类型：物件。	在家具改装时使用，可以将其他家具改装为【爆裂架子鼓】。	Assets/Product/Texture/Image/IconTools/IconBluePengkesusheDrum001.png	Assets/Product/Texture/Image/IconToolsSp/IconBluePengkesusheDrum001Sp.png	16388	4	10		99999				999					1	10		[211301001]	88	
3007	高保真音响·右图纸	类型：物件。	在家具改装时使用，可以将其他家具改装为【高保真音响·右】。	Assets/Product/Texture/Image/IconTools/IconBluePengkesusheSound001.png	Assets/Product/Texture/Image/IconToolsSp/IconBluePengkesusheSound001Sp.png	16388	4	10		99999				999					1	10		[211301001]	88	
3008	高保真音响·左图纸	类型：物件。	在家具改装时使用，可以将其他家具改装为【高保真音响·左】。	Assets/Product/Texture/Image/IconTools/IconBluePengkesusheSound002.png	Assets/Product/Texture/Image/IconToolsSp/IconBluePengkesusheSound002Sp.png	16388	4	10		99999				999					1	10		[211301001]	88	
3009	阿呆蛙之梦图纸	类型：物件。	在家具改装时使用，可以将其他家具改装为【阿呆蛙之梦】。	Assets/Product/Texture/Image/IconTools/IconBlueTediansusheLuxiyaxiaowo001.png	Assets/Product/Texture/Image/IconToolsSp/IconBlueTediansusheLuxiyaxiaowo001Sp.png	16388	4	10		99999				999		2026/12/1 5:00			1	10		[211301001]	18	
3010	“她的誓言”图纸	类型：物件。	在家具改装时使用，可以将其他家具改装为【“她的誓言”】。	Assets/Product/Texture/Image/IconTools/IconBlueAdelaidesusheHaogan001.png	Assets/Product/Texture/Image/IconToolsSp/IconBlueAdelaidesusheHaogan001Sp.png	16388	4	10		99999				999					1	10		[211301001]	18	
3011	砺行岁月图纸	类型：墙。	在家具改装时使用，可以将其他家具改装为【砺行岁月】。	Assets/Product/Texture/Image/IconTools/IconBlueAdelaidesusheFloor001.png	Assets/Product/Texture/Image/IconToolsSp/IconBlueAdelaidesusheFloor001Sp.png	16388	4	10		99999				999					1	10		[211301001]	89	
3012	高亮补给图纸	类型：物件。	在家具改装时使用，可以将其他家具改装为【高亮补给】。	Assets/Product/Texture/Image/IconTools/IconBlueAdelaidesusheBox001.png	Assets/Product/Texture/Image/IconToolsSp/IconBlueAdelaidesusheBox001Sp.png	16388	4	10		99999				999					1	10		[211301001]	89	
3013	金牌教师图纸	类型：物件。	在家具改装时使用，可以将其他家具改装为【金牌教师】。	Assets/Product/Texture/Image/IconTools/IconBlueAdelaidesusheDdban001.png	Assets/Product/Texture/Image/IconToolsSp/IconBlueAdelaidesusheDdban001Sp.png	16388	4	10		99999				999					1	10		[211301001]	89	
3014	能量暂存点图纸	类型：桌子。	在家具改装时使用，可以将其他家具改装为【能量暂存点】。	Assets/Product/Texture/Image/IconTools/IconBlueAdelaidesusheWorkbench001.png	Assets/Product/Texture/Image/IconToolsSp/IconBlueAdelaidesusheWorkbench001Sp.png	16388	4	10		99999				999					1	10		[211301001]	89	
3015	默守靶心图纸	类型：物件。	在家具改装时使用，可以将其他家具改装为【默守靶心】。	Assets/Product/Texture/Image/IconTools/IconBlueAdelaidesusheTarget001.png	Assets/Product/Texture/Image/IconToolsSp/IconBlueAdelaidesusheTarget001Sp.png	16388	4	10		99999				999					1	10		[211301001]	89	
3016	“先到先得”图纸	类型：沙发。	在家具改装时使用，可以将其他家具改装为【“先到先得”】。	Assets/Product/Texture/Image/IconTools/IconBlueAdelaidesusheChair001.png	Assets/Product/Texture/Image/IconToolsSp/IconBlueAdelaidesusheChair001Sp.png	16388	4	10		99999				999					1	10		[211301001]	89	
3001	5星武器共鸣材料	可以替代其他5星武器在共鸣时作为消耗使用	内含不同的数据词条，被严格加密，不同的数据词条相互接触后，词条相互之间开始编译组合，最后形成完整的技能词条来强化武器。	Assets/Product/Texture/Image/IconTools/ItWeaponResonate01.png	Assets/Product/Texture/Image/IconToolsSp/ItWeaponResonate01Sp.png	8196	5	86900		99999				999										
3002	6星武器共鸣材料	可以替代其他6星武器在共鸣时作为消耗使用	内含不同的数据词条，被严格加密，不同的数据词条相互接触后，词条相互之间开始编译组合，最后形成完整的技能词条来强化武器。	Assets/Product/Texture/Image/IconTools/ItWeaponResonate02.png	Assets/Product/Texture/Image/IconToolsSp/ItWeaponResonate02Sp.png	8196	6	86900	[15005]	99999				999										
3003	5星意识共鸣材料	可以替代其他5星意识在共鸣时作为消耗使用	内含不同的数据词条，被严格加密，不同的数据词条相互接触后，词条相互之间开始编译组合，最后形成完整的技能词条来强化意识。	Assets/Product/Texture/Image/IconTools/ItWaferResonate01.png	Assets/Product/Texture/Image/IconToolsSp/ItWaferResonate01Sp.png	8196	5	86900		99999				999										
3004	6星意识共鸣材料	可以替代其他6星意识在共鸣时作为消耗使用	内含不同的数据词条，被严格加密，不同的数据词条相互接触后，词条相互之间开始编译组合，最后形成完整的技能词条来强化意识。	Assets/Product/Texture/Image/IconTools/ItWaferResonate02.png	Assets/Product/Texture/Image/IconToolsSp/ItWaferResonate02Sp.png	8196	6	86900		99999				999										
3005	6星意识自选共鸣材料	可以在6星意识共鸣时指定共鸣技能，消耗使用	内含不同的数据词条，被严格加密，不同的数据词条相互接触后，词条相互之间开始编译组合，最后形成完整的技能词条来强化意识。	Assets/Product/Texture/Image/IconTools/ItWaferResonate03.png	Assets/Product/Texture/Image/IconToolsSp/ItWaferResonate03Sp.png	8196	6	86900	[89005,10038]	99999				999										
4001	鸦羽	露西亚的启动日来信附件	夹在仅献给一个人的手账之中，无名之鸦抖落的一片尾羽。 为今天的记录写下最后一笔的少女抬起头，向那翱翔于天际的身姿不自觉地伸出手。 她渴望着有一天，能像一只真正的灰鸦一般，与重要的人飞过地球的每一个角落。	Assets/Product/Texture/Image/IconTools/ItCharBirthday01.png	Assets/Product/Texture/Image/IconToolsSp/ItCharBirthday01Sp.png	4194308	5	10		99999				999	1	2020/12/24 10:00	1							
4002	机车备用钥匙	α的启动日来信附件	一个被妥善保存，看起来有些年代的机车备用钥匙，能看出原主人对它的珍爱。这是仿佛一个无声的邀请，她会尊重你的意愿，等待你一同踏上旅程。	Assets/Product/Texture/Image/IconTools/ItCharBirthday02.png	Assets/Product/Texture/Image/IconToolsSp/ItCharBirthday02Sp.png	4194308	5	10		99999				999	1	2020/12/24 10:00	1							
4003	转轮手枪	里的启动日来信附件	精巧至极的转轮手枪，来自里的回礼。 用机体维护时换下的核心零件改装而成，拥有着和小巧的外观不甚相符的高爆发力与射程——似乎是一早就准备好的礼物，现在终于找到了合理的机会送了出去。 温热的钢铁之心，将在你的掌心继续转动。	Assets/Product/Texture/Image/IconTools/ItCharBirthday03.png	Assets/Product/Texture/Image/IconToolsSp/ItCharBirthday03Sp.png	4194308	5	10		99999				999	1	2020/12/24 10:00	1							
4004	邀请函与钥匙	库洛姆的启动日来信附件	家庭晚宴的邀请函与史密斯旧居的钥匙串，其中包括了三种不同的钥匙卡。 规整的长条形钥匙卡可以打开居住区庭院的近路侧门； 改装为小队标识挂件的钥匙卡可以打开史密斯家前厅的正门， 而那枚战车棋子中包裹钥匙卡芯片，则可以打开库洛姆的卧室门。 留在哪里都可以，使用哪把钥匙都可以，无需任何顾虑，这是他最完整的信任。	Assets/Product/Texture/Image/IconTools/ItCharBirthday04.png	Assets/Product/Texture/Image/IconToolsSp/ItCharBirthday04Sp.png	4194308	5	10		99999				999	1	2020/12/24 10:00	1							
4005	心景星空	诺安的启动日来信附件	以前送给诺安的笔记本，像是为了证明某种决心一般，填满了各种黑白素描。 除了他曾提起过的向日葵，还有图书馆空置的角落，凝结着水珠的杯子和各种琐碎的日常记录。 那片曾被他丢弃的星空，如今已拥有了色彩，静静地留在笔记本的最后一页。	Assets/Product/Texture/Image/IconTools/ItCharBirthday05.png	Assets/Product/Texture/Image/IconToolsSp/ItCharBirthday05Sp.png	4194308	5	10		99999				999	1	2020/12/24 10:00	1							
4006	通讯附件照片_0810	丽芙的启动日来信附件	家政机器人所拍摄的丽芙休息室的照片， 桌角上摆放着尚未绽放，朴素且健康的昙花，最醒目的地方还挂着便签纸卡。 上面写满了要补充的物资，今天想制作点心，指挥官爱吃的东西，需要的衣物和日常用品等等……其中唯独没有自己需要的物品。 看上去，是在做这些准备的途中不小心把备忘用的照片发了过来。	Assets/Product/Texture/Image/IconTools/ItCharBirthday06.png	Assets/Product/Texture/Image/IconToolsSp/ItCharBirthday06Sp.png	4194308	5	10		99999				999	1	2020/12/24 10:00	1							
4007	蒲牢糖糖	蒲牢的启动日来信附件	蒲牢根据失传手艺制作的糖人，据说用来制作糖人的糖浆中还添加了各种有益健康的中药材和其他神秘材料，咬一咬醒脑提神，舔一舔元气万分。蒲牢原本打算将这个作为商品出售，但是可能因为用料太足，这个糖人无论舔多久都不会融化……但也正因为这样，它也能一直陪伴在指挥官的身边不是吗。	Assets/Product/Texture/Image/IconTools/ItCharBirthday07.png	Assets/Product/Texture/Image/IconToolsSp/ItCharBirthday07Sp.png	4194308	5	10		99999				999	1	2020/12/24 10:00	1							
4008	千万年的盛放	赛琳娜的启动日来信附件	在没有尽头的旅途中，少女拾起了一颗宝石。花朵封存在幽蓝色的琥珀之中，跨越了千万年的光阴，在凝固的时间里，迎来了永远不会凋零的绽放。	Assets/Product/Texture/Image/IconTools/ItCharBirthday08.png	Assets/Product/Texture/Image/IconToolsSp/ItCharBirthday08Sp.png	4194308	5	10		99999				999	1	2020/12/24 10:00	1							
4009	“沙沙哒哒”	苏菲亚的启动日来信附件	苏菲亚送来的阿迪莱特产乐器，晃起来会有非常悦耳的沙沙声，配合打在一起的脆响非常适合用来给音乐和舞蹈打节奏。 她曾经没有想过自己会有在舞池中翩翩起舞的一天，摆动身体对她来说并没有摆弄机械那样轻松。但在不知不觉间，她已经乐在其中。 那时，她记忆中最深的，就是同伴用这对沙锤打出的节奏声。 近期她已经没有再起舞的机会，她希望把这美妙的乐器暂存在你这里。她期待着这对沙锤能有一日再次与舞蹈相伴。	Assets/Product/Texture/Image/IconTools/ItCharBirthday09.png	Assets/Product/Texture/Image/IconToolsSp/ItCharBirthday09Sp.png	4194308	5	10		99999				999	1	2020/12/24 10:00	1							
4010	剑与勇士	神威的启动日来信附件	黄金时代盛行的RPG游戏中勇者最常用那一把的武器，但这款周边模型在很久之前就停产了，大约是神威自己珍藏的东西。 剑身雕刻着一行文字：All in war with time。 他把自己的热爱，勇气和信仰同这把剑一起，毫无保留的交付到了你的手心。	Assets/Product/Texture/Image/IconTools/ItCharBirthday10.png	Assets/Product/Texture/Image/IconToolsSp/ItCharBirthday10Sp.png	4194308	5	10		99999				999	1	2020/12/24 10:00	1							
4011	饭盒	卡穆的启动日来信附件	空中花园统一发放的饭盒，经过卡穆的二次创作，独特而具有标志性。隔热合金材质起到优秀的保温作用，饭盒第一层挤着几个奶酪烧饼，第二层装满了卡穆最喜欢吃的金黄鸡蛋地狱饭，看上去确实像是卡穆为自己打包的晚饭。 但如果真的是卡穆准备自己吃的，为什么没有加他每次都要的双倍变态辣呢？	Assets/Product/Texture/Image/IconTools/ItCharBirthday11.png	Assets/Product/Texture/Image/IconToolsSp/ItCharBirthday11Sp.png	4194308	5	10		99999				999	1	2020/12/24 10:00	1							
4012	月海长石	露娜的启动日来信附件	掌心大小的一块未经打磨的石头，根据露娜的信件，这颗石头来自月球表面。由于夹杂在返回空中花园的包裹之中，送达时经过了重重检测，没有发现任何帕弥什存在的迹象。 据说，有些长石能够显示出仿佛月亮的光辉，那样的石头在过去被称之为月光石。而这块石头只是隐约地透着些许光芒，却比清冷的月光更加温润。 从月亮到月亮，这是她自我的证明。	Assets/Product/Texture/Image/IconTools/ItCharBirthday12.png	Assets/Product/Texture/Image/IconToolsSp/ItCharBirthday12Sp.png	4194308	5	10		99999				999	1	2020/12/24 10:00	1							
4013	《乔万尼先生》歌剧票	薇拉的启动日来信附件	艺术协会发售的歌剧票，标注着场次和剧目。 虽然经过艺术协会的重新排演，但《乔万尼先生》的上座率还是很低，更何况是傍晚五点半的场次，观众更是寥寥无几。 但无论如何，直到帷幕落下，薇拉都会在那个预定好了的无人的角落安静地等待。	Assets/Product/Texture/Image/IconTools/ItCharBirthday13.png	Assets/Product/Texture/Image/IconToolsSp/ItCharBirthday13Sp.png	4194308	5	10		99999				999	1	2020/12/24 10:00	1							
4014	照相机	比安卡的启动日来信附件	比安卡在商店街买到的古董相机。 虽然现在的技术已经能够用微型相机记录更加清晰的图像，但从相机取景框看出去的时候，仍然能够发现一个完全不同的世界。	Assets/Product/Texture/Image/IconTools/ItCharBirthday14.png	Assets/Product/Texture/Image/IconToolsSp/ItCharBirthday14Sp.png	4194308	5	10		99999				999	1	2020/12/24 10:00	1							
4015	不惧忘却的容器	邦比娜塔的启动日来信附件	容量不算大的收纳箱，上面的装饰物是邦比娜塔参照凡妮莎为她定制的收纳箱来进行手工制作的。里面还有一本崭新的记事本，同样可以用来书写值得纪念的心情。 邦比娜塔曾经有一次提到过她的“宝物箱”，里面珍藏着在不同时间段中对她而言重要的东西。即使邦比娜塔再次看见它们时已经忘记了由来，但只要是出现在那个收纳箱里的东西，邦比娜塔就绝不会怀疑它们的重要性。 无论载体如何，记忆的确具有或长或短的时效性。邦比娜塔将她对抗忘却的容器赠与你，希望你能尽可能地留住更多重要的回忆。	Assets/Product/Texture/Image/IconTools/ItCharBirthday15.png	Assets/Product/Texture/Image/IconToolsSp/ItCharBirthday15Sp.png	4194308	5	10		99999				999	1	2020/12/24 10:00	1							
4016	《杰作》	艾拉的启动日来信附件	空中花园极富盛名的新锐艺术家艾拉的展览上，展出的最后一幅画作。 ——一个漂亮精致的画框，但里面却只有一张空白的画布，随信寄来的还有一束芍药花，这幅作品需要你们二人共同完成。 她早已想好了这副画的内容——她的灵感缪斯。 这将是她心中的最高杰作。	Assets/Product/Texture/Image/IconTools/ItCharBirthday16.png	Assets/Product/Texture/Image/IconToolsSp/ItCharBirthday16Sp.png	4194308	5	10		99999				999	1	2020/12/24 10:00	1							
4017	《万壑松风》	曲的启动日来信附件	随曲的回信一同寄来的九龙古画，根据卷头的落款判断，这幅画距今已有千年。 苔露洗晴，画藏论身，清泉石上，万壑松风。任是谁见了此中景象，想必都要流连忘返。 那是仅存于九龙历史上的岁月，也是曲永远无法企及的清平。	Assets/Product/Texture/Image/IconTools/ItCharBirthday17.png	Assets/Product/Texture/Image/IconToolsSp/ItCharBirthday17Sp.png	4194308	5	10		99999				999	1	2020/12/24 10:00	1							
4018	喧嚣派对刻录·初回版	21号的启动日来信附件	光是封面就能让人再次感受到夏日盛情的CD，偃息在记忆中的鼓点与音浪也会在看见它的时候被同步唤起。据说初回版CD是喧嚣派对活动专为参与者制作的，除此之外开放销售的数量非常稀少。手上这一盘明显被播放过很多次，看来是21号多次回味过的美好回忆。等等……包装盒背面一角有一排不起眼的擦痕，应该不会是牙印……吧？	Assets/Product/Texture/Image/IconTools/ItCharBirthday18.png	Assets/Product/Texture/Image/IconToolsSp/ItCharBirthday18Sp.png	4194308	5	10		99999				999	1	2020/12/24 10:00	1							
4019	海钓丰收	罗塞塔的启动日来信附件	伴随着海浪与星夜的低语，与罗塞塔两人一起出海垂钓。 当破晓的阳光洒满船舷，船内也堆满了大海的馈赠。 她究竟是什么时候拥有了这样娴熟的钓鱼技巧呢？ 在岸边挥手欢迎她归来的居民，无声地诉说着答案。	Assets/Product/Texture/Image/IconTools/ItCharBirthday19.png	Assets/Product/Texture/Image/IconToolsSp/ItCharBirthday19Sp.png	4194308	5	10		99999				999	1	2020/12/24 10:00	1							
4020	“愚者”	七实的来信附件	由AI绘制的塔罗牌，结合了七实与“愚者”的形象。 为了让脚下的道路必定通向完整的“世界”，少女即将踏上漫长的旅途。	Assets/Product/Texture/Image/IconTools/ItCharBirthday20.png	Assets/Product/Texture/Image/IconToolsSp/ItCharBirthday20Sp.png	4194308	5	10		99999				999	1	2020/12/24 10:00	1							
4021	《教会访谈》	哈卡玛的来信附件	可以播放一首名为《教会访谈》的歌曲MV。 由哈卡玛的声音合成，在说唱、摇滚、民歌、流行乐等不同的曲风中介绍了机械教会，观看后令人半小时回不过神来。	Assets/Product/Texture/Image/IconTools/ItCharBirthday21.png	Assets/Product/Texture/Image/IconToolsSp/ItCharBirthday21Sp.png	4194308	5	10		99999				999	1	2020/12/24 10:00	1							
10000	超越武器掉落	打开后有可能获得一件超越级装备（武器或意识）。		Assets/Product/Texture/Image/IconTools/ItCaseI070010.png	Assets/Product/Texture/Image/IconToolsSp/ItCaseI070010Sp.png	1	5	50		999				999					1	10				
10001	特制武器掉落	打开后有可能获得一件特制级装备（武器或意识）。		Assets/Product/Texture/Image/IconTools/ItCaseI030030.png	Assets/Product/Texture/Image/IconToolsSp/ItCaseI030030Sp.png	1	4	50		999				999					1	10				
10002	觉醒黑盒	随机获得装备觉醒材料。	黑盒中藏有各类不明的数据，通过分析打开后或许能得知其中奥秘。	Assets/Product/Texture/Image/IconTools/ItCaseI030020.png	Assets/Product/Texture/Image/IconToolsSp/ItCaseI030020Sp.png	1	2	50		999				999					1	10				
10003	突破黑盒	随机获得装备突破材料。	黑盒中藏有各类不明的数据，通过分析打开后或许能得知其中奥秘。	Assets/Product/Texture/Image/IconTools/ItCaseI030010.png	Assets/Product/Texture/Image/IconToolsSp/ItCaseI030010Sp.png	1	2	50		999				999					1	10				
10004	5星武器掉落	可能掉落5星武器一件。		Assets/Product/Texture/Image/IconTools/ItWeaponPreview05.png	Assets/Product/Texture/Image/IconToolsSp/ItWeaponPreview05Sp.png	262148	5	1		999				999					1	10				
10005	4星武器掉落	可能掉落4星武器一件。		Assets/Product/Texture/Image/IconTools/ItWeaponPreview04.png	Assets/Product/Texture/Image/IconToolsSp/ItWeaponPreview04Sp.png	262148	4	1		999				999					1	10				
10006	3星武器掉落	可能掉落3星武器一件。		Assets/Product/Texture/Image/IconTools/ItWeaponPreview03.png	Assets/Product/Texture/Image/IconToolsSp/ItWeaponPreview03Sp.png	262148	3	1		999				999					1	10				
10007	2星武器掉落	可能掉落2星武器一件。		Assets/Product/Texture/Image/IconTools/ItWeaponPreview02.png	Assets/Product/Texture/Image/IconToolsSp/ItWeaponPreview02Sp.png	262148	2	1		999				999					1	10				
10008	1星装备掉落	可能掉落1星装备一件。		Assets/Product/Texture/Image/IconTools/ItWeaponPreview01.png	Assets/Product/Texture/Image/IconToolsSp/ItWeaponPreview01Sp.png	262148	1	1		999				999					1	10				
10009	5星意识掉落	可能掉落5星意识一件。		Assets/Product/Texture/Image/IconTools/ItWaferPreview05.png	Assets/Product/Texture/Image/IconToolsSp/ItWaferPreview05Sp.png	262148	5	1		999				999					1	10				
10010	4星意识掉落	可能掉落4星意识一件。		Assets/Product/Texture/Image/IconTools/ItWaferPreview04.png	Assets/Product/Texture/Image/IconToolsSp/ItWaferPreview04Sp.png	262148	4	1		999				999					1	10				
10011	3星意识掉落	可能掉落3星意识一件。		Assets/Product/Texture/Image/IconTools/ItWaferPreview03.png	Assets/Product/Texture/Image/IconToolsSp/ItWaferPreview03Sp.png	262148	3	1		999				999					1	10				
10012	2星意识掉落	可能掉落2星意识一件。		Assets/Product/Texture/Image/IconTools/ItWaferPreview02.png	Assets/Product/Texture/Image/IconToolsSp/ItWaferPreview02Sp.png	262148	2	1		999				999					1	10				
10013	5星装备掉落	可能掉落5星装备一件。		Assets/Product/Texture/Image/IconTools/ItEquipPreview05.png	Assets/Product/Texture/Image/IconToolsSp/ItEquipPreview05Sp.png	262148	5	1		999				999					1	10				
10014	4星装备掉落	可能掉落4星装备一件。		Assets/Product/Texture/Image/IconTools/ItEquipPreview04.png	Assets/Product/Texture/Image/IconToolsSp/ItEquipPreview04Sp.png	262148	4	1		999				999					1	10				
10015	3星装备掉落	可能掉落3星装备一件。		Assets/Product/Texture/Image/IconTools/ItEquipPreview03.png	Assets/Product/Texture/Image/IconToolsSp/ItEquipPreview03Sp.png	262148	3	1		999				999					1	10				
10016	2星装备掉落	可能掉落2星装备一件		Assets/Product/Texture/Image/IconTools/ItEquipPreview02.png	Assets/Product/Texture/Image/IconToolsSp/ItEquipPreview02Sp.png	262148	2	1		999				999					1	10				
10017	1星装备掉落	可能掉落1星装备一件。		Assets/Product/Texture/Image/IconTools/ItEquipPreview01.png	Assets/Product/Texture/Image/IconToolsSp/ItEquipPreview01Sp.png	262148	1	1		999				999					1	10				
10018	2-4星装备掉落	可能掉落2-4星装备。		Assets/Product/Texture/Image/IconTools/ItEquipPreview03.png	Assets/Product/Texture/Image/IconToolsSp/ItEquipPreview03Sp.png	262148	3	1		999				999					1	10				
10034	高级突破材料	可能掉落高级突破材料。	特别的机体素材，一般情况下相当难入手。	Assets/Product/Texture/Image/IconTools/ItCaseBreach002.png	Assets/Product/Texture/Image/IconToolsSp/ItCaseBreach002Sp.png	262148	5	1		999				999					1	10				
10035	低级突破材料	可能掉落低级突破材料。	特别的机体素材，一般情况下相当难入手。	Assets/Product/Texture/Image/IconTools/ItCaseBreach001.png	Assets/Product/Texture/Image/IconToolsSp/ItCaseBreach001Sp.png	262148	4	1		999				999					1	10				
10036	橙色基地装备	可能掉落对应品质基地装备。	灰鸦基地大都使用地表资源再加工建成，但这些资源往往也需要长时间搜寻。	Assets/Product/Texture/Image/IconTools/ItCaseI020010.png	Assets/Product/Texture/Image/IconToolsSp/ItCaseI020010Sp.png	262148	5	1		999				999					1	40				
10037	紫色基地装备	可能掉落对应品质基地装备。	灰鸦基地大都使用地表资源再加工建成，但这些资源往往也需要长时间搜寻。	Assets/Product/Texture/Image/IconTools/ItCaseI020010.png	Assets/Product/Texture/Image/IconToolsSp/ItCaseI020010Sp.png	262148	4	1		999				999					1	20				
10038	蓝色基地装备	可能掉落对应品质基地装备。	灰鸦基地大都使用地表资源再加工建成，但这些资源往往也需要长时间搜寻。	Assets/Product/Texture/Image/IconTools/ItCaseI020010.png	Assets/Product/Texture/Image/IconToolsSp/ItCaseI020010Sp.png	262148	3	1		999				999					1	10				
10039	3-6星装备掉落	可能掉落3-6星装备一件。	在战场上偶尔能获得的一些无主的装备。	Assets/Product/Texture/Image/IconTools/ItEquipPreview06.png	Assets/Product/Texture/Image/IconToolsSp/ItEquipPreview06Sp.png	262148	5	1		999				999					1	10				
10040	3-5星装备掉落	可能掉落3-5星装备一件。	在战场上偶尔能获得的一些无主的装备。	Assets/Product/Texture/Image/IconTools/ItEquipPreview05.png	Assets/Product/Texture/Image/IconToolsSp/ItEquipPreview05Sp.png	262148	5	1		999				999					1	10				
10041	伏尔泰套装掉落	任意伏尔泰意识一件。	某位曾经存在的伟人的意识芯片，组合后能在攻击敌人的同时减少敌人的防御。	Assets/Product/Texture/Image/IconTools/EFuertaiI01001.png	Assets/Product/Texture/Image/IconToolsSp/EFuertaiI01001Sp.png	262148	5	1		999				999					1	10				
10042	歌罗达套装掉落	任意歌罗达意识一件。	某位曾经存在的伟人的意识芯片，组合后能在攻击敌人的同时为敌人添加不同的属性减益。	Assets/Product/Texture/Image/IconTools/EGeluodaI01001.png	Assets/Product/Texture/Image/IconToolsSp/EGeluodaI01001Sp.png	262148	5	1		999				999					1	10				
10043	黎塞留套装掉落	任意黎塞留意识一件。	某位曾经存在的伟人的意识芯片，组合后能使构造体进行治疗时为目标带来物理增益。	Assets/Product/Texture/Image/IconTools/ELisailiuI01001.png	Assets/Product/Texture/Image/IconToolsSp/ELisailiuI01001Sp.png	262148	5	1		999				999					1	10				
10044	萨曼达套装掉落	任意萨曼达意识一件。	某位曾经存在的伟人的意识芯片，组合后能让构造体通过使用属性攻击来扰乱战场。	Assets/Product/Texture/Image/IconTools/ESamandaI01001.png	Assets/Product/Texture/Image/IconToolsSp/ESamandaI01001Sp.png	262148	5	1		999				999					1	10				
10045	艾克套装掉落	任意艾克意识一件。	某位曾经存在的伟人的意识芯片，组合后能强化构造体本身的属性攻击。	Assets/Product/Texture/Image/IconTools/EAikeI01001.png	Assets/Product/Texture/Image/IconToolsSp/EAikeI01001Sp.png	262148	5	1		999				999					1	10				
10046	莫扎特套装掉落	任意莫扎特意识一件。	某位曾经存在的伟人的意识芯片，组合后能使构造体更自由的使用超算空间。	Assets/Product/Texture/Image/IconTools/EMozateI01001.png	Assets/Product/Texture/Image/IconToolsSp/EMozateI01001Sp.png	262148	5	1		999				999					1	10				
10047	嘉莉埃妮套装掉落	任意嘉莉埃妮意识一件。	某位曾经存在的伟人的意识芯片，组合后能够强化构造体的物理攻击。	Assets/Product/Texture/Image/IconTools/ELongmeierI01001.png	Assets/Product/Texture/Image/IconToolsSp/ELongmeierI01001Sp.png	262148	5	1		999				999					1	10				
10048	爱芙套装掉落	任意爱芙意识一件。	某位曾经存在的伟人的意识芯片，组合后使用各类技能的同时能为自己带来增益。	Assets/Product/Texture/Image/IconTools/EAifuI01001.png	Assets/Product/Texture/Image/IconToolsSp/EAifuI01001Sp.png	262148	5	1		999				999					1	10				
10049	6星装备掉落	可能掉落6星装备一件。		Assets/Product/Texture/Image/IconTools/ItEquipPreview06.png	Assets/Product/Texture/Image/IconToolsSp/ItEquipPreview06Sp.png	262148	6	1		999				999					1	10				
10050	6星武器掉落	可能掉落6星武器一件。		Assets/Product/Texture/Image/IconTools/ItWeaponPreview06.png	Assets/Product/Texture/Image/IconToolsSp/ItWeaponPreview06Sp.png	262148	6	1		999				999					1	10				
10051	6星意识掉落	可能掉落6星意识一件。		Assets/Product/Texture/Image/IconTools/ItWaferPreview06.png	Assets/Product/Texture/Image/IconToolsSp/ItWaferPreview06Sp.png	262148	6	1		999				999					1	10				
10052	意识强化素材	提升意识芯片的强化套组，根据容量大小能给意识带来不同的提升。	科学理事会将意识芯片补强的数据保存下来，用来提升其他意识芯片的强度。	Assets/Product/Texture/Image/IconTools/EGouliangI01001.png	Assets/Product/Texture/Image/IconToolsSp/EGouliangI01001Sp.png	262148	1	1		999				999					1	10				
10053	意识强化素材	提升意识芯片的强化套组，根据容量大小能给意识带来不同的提升。	科学理事会将意识芯片补强的数据保存下来，用来提升其他意识芯片的强度。	Assets/Product/Texture/Image/IconTools/EGouliangI01001.png	Assets/Product/Texture/Image/IconToolsSp/EGouliangI01001Sp.png	262148	2	1		999				999					1	10				
10054	意识强化素材	提升意识芯片的强化套组，根据容量大小能给意识带来不同的提升。	科学理事会将意识芯片补强的数据保存下来，用来提升其他意识芯片的强度。	Assets/Product/Texture/Image/IconTools/EGouliangI01001.png	Assets/Product/Texture/Image/IconToolsSp/EGouliangI01001Sp.png	262148	3	1		999				999					1	10				
10055	意识强化素材	提升意识芯片的强化套组，根据容量大小能给意识带来不同的提升。	科学理事会将意识芯片补强的数据保存下来，用来提升其他意识芯片的强度。	Assets/Product/Texture/Image/IconTools/EGouliangI01001.png	Assets/Product/Texture/Image/IconToolsSp/EGouliangI01001Sp.png	262148	4	1		999				999					1	10				
10056	意识强化素材	提升意识芯片的强化套组，根据容量大小能给意识带来不同的提升。	科学理事会将意识芯片补强的数据保存下来，用来提升其他意识芯片的强度。	Assets/Product/Texture/Image/IconTools/EGouliangI01001.png	Assets/Product/Texture/Image/IconToolsSp/EGouliangI01001Sp.png	262148	5	1		999				999					1	10				
10057	边境突破证书	尼夫海姆实验室所给予的精英指挥官认证，重复获可提升品质和评分。	精英指挥官无一例外都具备面对未知的战况，调度一切可利用的队员和资源完成“虚像地平线”作战任务的能力，品质和评分就是区分指挥官实力的证明。航线联合相信他们将会踏破闭塞的极地边境，成为足以颠覆全世界的军事力量。	Assets/Product/Texture/Image/UiCollection/Iconcollection019.png	Assets/Product/Texture/Image/UiCollection/Iconcollection019.png	262148	5	1		999				999					1	10				
10058	算力单元	格式塔的算力分量单元，重复获得可提升品质和评分。	格式塔的算力分量单元，但即使只是算力的单元，仍然有着超乎想象的效能，随着格式塔逐渐修复，能够授权给小队使用的单元等级也会逐渐提高。	Assets/Product/Texture/Image/UiCollection/Iconcollection036.png	Assets/Product/Texture/Image/UiCollection/Iconcollection036.png	262148	5	1		999				999					1	10				
10059	虚妄讬言证书	此证书只允许颁发给授权浏览“虚妄讬言”的精英指挥官，重复获得可提升品质和评分。	此证书只允许颁发给授权浏览“虚妄讬言”的精英指挥官。记录着指挥官于“基伽勒档案”中查阅到的“虚妄讬言”相关数据。	Assets/Product/Texture/Image/UiCollection/Iconcollection019.png	Assets/Product/Texture/Image/UiCollection/Iconcollection019.png	262148	5	1		999				999					1	10				
10060	荣誉纪念章	空中花园颁发给在这一年中辛勤作战的指挥官们的纪念章。	数据化的面板中记录着指挥官的种种光辉事迹，面板外围的镶边彰显着勋章的贵重。	Assets/Product/Texture/Image/UiCollection/Iconcollection033.png	Assets/Product/Texture/Image/UiCollection/Iconcollection033.png	262148	5	1		999				999					1	10				
10061	异壤培蓄证书	此证书只允许颁发给授权浏览“异壤培蓄”的精英指挥官，重复获得可提升品质和评分。	此证书只允许颁发给授权浏览“异壤培蓄”的精英指挥官。记录着指挥官于“基伽勒档案”中查阅到的“异壤培蓄”相关数据。	Assets/Product/Texture/Image/UiCollection/Iconcollection057.png	Assets/Product/Texture/Image/UiCollection/Iconcollection057.png	262148	5	1		999				999					1	10				
10062	纪念相册	——与大家难忘的记忆装点成册，希望这些回忆能够填满今后的每一天。		Assets/Product/Texture/Image/UiCollection/Iconcollection065.png	Assets/Product/Texture/Image/UiCollection/Iconcollection065.png	262148	5	1		999				999					1	10				
10063	生日蛋糕	由大家一起制作的生日蛋糕，寄托了能与指挥官相遇的感谢及祝福。		Assets/Product/Texture/Image/UiCollection/Iconcollection105.png	Assets/Product/Texture/Image/UiCollection/Iconcollection105.png	262148	5	1		999				999					1	10				
10064	生日花束	赛利卡寄来的礼物。	由每个人挑选一朵鲜花，一起制作而成的生日花束。每朵花里面都寄托了他们对指挥官独一无二的谢意和回忆。	Assets/Product/Texture/Image/UiCollection/Iconcollection148.png	Assets/Product/Texture/Image/UiCollection/Iconcollection148.png	262148	5	1		999				999					1	10				
10065	生日贺卡	赛利卡寄来的礼物。	由大家共同制作而成的生日贺卡，所有的心愿与美好寄托其中，融合汇聚成共同的祝福，指挥官，生日快乐！	Assets/Product/Texture/Image/UiCollection/Iconcollection185.png	Assets/Product/Texture/Image/UiCollection/Iconcollection185.png	262148	5	1		999				999					1	10				
10066	生日盲盒	赛利卡寄来的礼物。	大家一同准备的惊喜，满盒凝聚于时光中的珍贵情谊，每一份都因你而起，也为你而来。	Assets/Product/Texture/Image/UiCollection/Iconcollection223.png	Assets/Product/Texture/Image/UiCollection/Iconcollection223.png	262148	5	1		999				999					1	10				
11001	咖啡厅家具	咖啡厅风格的家具。		Assets/Product/Texture/Image/IconTools/IconDormCoffeecounter001.png	Assets/Product/Texture/Image/IconToolsSp/IconDormCoffeecounter001Sp.png	262148	4	1		999				999					1	10				
11002	和风家具	和风风格的家具。		Assets/Product/Texture/Image/IconTools/IconDormCherryfurnace001.png	Assets/Product/Texture/Image/IconToolsSp/IconDormCherryfurnace001Sp.png	262148	4	1		999				999					1	10				
11003	赛博家具	赛博风格的家具。		Assets/Product/Texture/Image/IconTools/IconDormPunkmachines001.png	Assets/Product/Texture/Image/IconToolsSp/IconDormPunkmachines001Sp.png	262148	4	1		999				999					1	10				
11004	咖啡厅图纸	咖啡厅风格的图纸。		Assets/Product/Texture/Image/IconTools/IconBlueCoffeecounter001.png	Assets/Product/Texture/Image/IconToolsSp/IconBlueCoffeecounter001Sp.png	262148	4	1		999				999					1	10				
11005	和风图纸	和风风格的图纸。		Assets/Product/Texture/Image/IconTools/IconBlueCherryscreen001.png	Assets/Product/Texture/Image/IconToolsSp/IconBlueCherryscreen001Sp.png	262148	4	1		999				999					1	10				
11006	赛博图纸	赛博风格的图纸。		Assets/Product/Texture/Image/IconTools/IconBluePunklocker001.png	Assets/Product/Texture/Image/IconToolsSp/IconBluePunklocker001Sp.png	262148	4	1		999				999					1	10				
30000	升迁仪	在【一键养成】系统使用	使用后，可将角色常规养成内容提升至上限。\n若角色已有养成进度，已消耗材料不会返还。\n常规养成：等级、晋升、常规技能（不含进化、跃升、独域）。	Assets/Product/Texture/Image/IconTools/ItExpI30000.png	Assets/Product/Texture/Image/IconToolsSp/ItExpI30000Sp.png	128	5	87999		9999				999								[1]		
30011	经验仓·小	可用来提升成员等级的道具，内含少量经验。	科学理事会将构造体的战斗数据转化成成熟的作战经验保存下来，用来供其他成员进行学习。	Assets/Product/Texture/Image/IconTools/ItExpI010010.png	Assets/Product/Texture/Image/IconToolsSp/ItExpI010010Sp.png	2052	2	86802		9999				999					1	10		[3,100,10000]		
30012	经验仓·中	可用来提升成员等级的道具，内含一定经验。	科学理事会将构造体的战斗数据转化成成熟的作战经验保存下来，用来供其他成员进行学习。	Assets/Product/Texture/Image/IconTools/ItExpI010020.png	Assets/Product/Texture/Image/IconToolsSp/ItExpI010020Sp.png	2052	3	86803	[10013]	9999				999					1	20		[3,1000,10000]		
30013	经验仓·大	可用来提升成员等级的道具，内含大量经验。	科学理事会将构造体的战斗数据转化成成熟的作战经验保存下来，用来供其他成员进行学习。	Assets/Product/Texture/Image/IconTools/ItExpI010030.png	Assets/Product/Texture/Image/IconToolsSp/ItExpI010030Sp.png	2052	4	86804	[10013,4104]	9999				999					1	40		[3,3000,10000]		
30014	经验仓·特大	可用来提升成员等级的道具，内含特大量经验。	科学理事会将构造体的战斗数据转化成成熟的作战经验保存下来，用来供其他成员进行学习。	Assets/Product/Texture/Image/IconTools/ItExpI010031.png	Assets/Product/Texture/Image/IconToolsSp/ItExpI010031Sp.png	2052	4	86804		9999				999					1	100		[3,20000,10000]		
30111	支援经验集成·小	供支援单位更新数据的学习资料，能够提升支援单位的等级。	成熟的作战经验需要构造体与人类慢慢掌握，但支援单位只需载入数据——这种天真的想法只持续到第一批支援单位投入战场时。	Assets/Product/Texture/Image/IconTools/ItPetExp002.png	Assets/Product/Texture/Image/IconToolsSp/ItPetExp002Sp.png	33554436	3	86802	[4100]	9999				999					1	10		[100,1000]		
30112	伙伴经验仓（废弃）	伙伴经验道具测试	伙伴经验道具测试	Assets/Product/Texture/Image/IconTools/ItExpI010020.png	Assets/Product/Texture/Image/IconToolsSp/ItExpI010020Sp.png	33554436	3	86803		9999				999					1	30		[300,3000]		
30113	支援经验集成·大	供支援单位更新数据的学习资料，能够大幅提升支援单位的等级。	加载了大量构造体与支援单位作战经验的数据集成，能让支援单位快速学习如何适应战场，辅助战斗。	Assets/Product/Texture/Image/IconTools/ItPetExp001.png	Assets/Product/Texture/Image/IconToolsSp/ItPetExp001Sp.png	33554436	4	86804	[4100,4104]	9999				999					1	50		[500,5000]		
30114	伙伴经验仓（废弃）	伙伴经验道具测试	伙伴经验道具测试	Assets/Product/Texture/Image/IconTools/ItExpI010031.png	Assets/Product/Texture/Image/IconToolsSp/ItExpI010031Sp.png	33554436	4	86804		9999				999					1	250		[2500,25000]		
31101	武器强化素材Ⅰ	提升武器的强化套组，根据高熵合金含量的高低能给武器带来不同提升。	含有高熵合金的棍装武器，常用来补强其他武器。	Assets/Product/Texture/Image/IconTools/E1GouliangMd010011.png	Assets/Product/Texture/Image/IconToolsSp/E1GouliangMd010011Sp.png	4100	1	86802		999999				999								[1,20,200]		
31102	武器强化素材Ⅱ	提升武器的强化套组，根据高熵合金含量的高低能给武器带来不同提升。	含有高熵合金的棍装武器，常用来补强其他武器。	Assets/Product/Texture/Image/IconTools/E1GouliangMd010011.png	Assets/Product/Texture/Image/IconToolsSp/E1GouliangMd010011Sp.png	4100	2	86802		999999				999								[1,50,500]		
31103	武器强化素材Ⅲ	提升武器的强化套组，根据高熵合金含量的高低能给武器带来不同提升。	含有高熵合金的棍装武器，常用来补强其他武器。	Assets/Product/Texture/Image/IconTools/E1GouliangMd010011.png	Assets/Product/Texture/Image/IconToolsSp/E1GouliangMd010011Sp.png	4100	3	86803		999999				999								[1,100,1000]		
31104	武器强化素材Ⅳ	提升武器的强化套组，根据高熵合金含量的高低能给武器带来不同提升。	含有高熵合金的棍装武器，常用来补强其他武器。	Assets/Product/Texture/Image/IconTools/E1GouliangMd010011.png	Assets/Product/Texture/Image/IconToolsSp/E1GouliangMd010011Sp.png	4100	4	86804	[4104,90005]	999999				999								[1,300,3000]		
31105	武器强化素材Ⅴ	提升武器的强化套组，根据高熵合金含量的高低能给武器带来不同提升。	含有高熵合金的棍装武器，常用来补强其他武器。	Assets/Product/Texture/Image/IconTools/E1GouliangMd010011.png	Assets/Product/Texture/Image/IconToolsSp/E1GouliangMd010011Sp.png	4100	5	86805		999999				999								[1,500,5000]		
31106	武器强化素材Ⅵ	提升武器的强化套组，根据高熵合金含量的高低能给武器带来不同提升。	含有高熵合金的棍装武器，常用来补强其他武器。	Assets/Product/Texture/Image/IconTools/E1GouliangMd010011.png	Assets/Product/Texture/Image/IconToolsSp/E1GouliangMd010011Sp.png	4100	6	86806		999999				999								[1,700,7000]		
31200	碎片算力	通过回收意识获得。可以作为材料强化意识	回收冗余的意识分端数据之后，能够有效整理出大量碎片算力，可用于提升其他意识。	Assets/Product/Texture/Image/IconTools/ItEquipExp001.png	Assets/Product/Texture/Image/IconToolsSp/ItEquipExp001Sp.png	4100	3	86801		99999999				99999								[2,10,100]		
31201	意识强化素材Ⅰ	提升意识芯片的强化套组，根据容量大小能给意识带来不同的提升。	科学理事会将意识芯片补强的数据保存下来，用来提升其他意识芯片的强度。	Assets/Product/Texture/Image/IconTools/EGouliangI01001.png	Assets/Product/Texture/Image/IconToolsSp/EGouliangI01001Sp.png	4100	1	86802		999999				999								[2,20,200]		
31202	意识强化素材Ⅱ	提升意识芯片的强化套组，根据容量大小能给意识带来不同的提升。	科学理事会将意识芯片补强的数据保存下来，用来提升其他意识芯片的强度。	Assets/Product/Texture/Image/IconTools/EGouliangI01001.png	Assets/Product/Texture/Image/IconToolsSp/EGouliangI01001Sp.png	4100	2	86802		999999				999								[2,50,500]		
31203	意识强化素材Ⅲ	提升意识芯片的强化套组，根据容量大小能给意识带来不同的提升。	科学理事会将意识芯片补强的数据保存下来，用来提升其他意识芯片的强度。	Assets/Product/Texture/Image/IconTools/EGouliangI01001.png	Assets/Product/Texture/Image/IconToolsSp/EGouliangI01001Sp.png	4100	3	86803		999999				999								[2,100,1000]		
31204	意识强化素材Ⅳ	提升意识芯片的强化套组，根据容量大小能给意识带来不同的提升。	科学理事会将意识芯片补强的数据保存下来，用来提升其他意识芯片的强度。	Assets/Product/Texture/Image/IconTools/EGouliangI01001.png	Assets/Product/Texture/Image/IconToolsSp/EGouliangI01001Sp.png	4100	4	86804	[4104,90004]	999999				999								[2,300,3000]		
31205	意识强化素材Ⅴ	提升意识芯片的强化套组，根据容量大小能给意识带来不同的提升。	科学理事会将意识芯片补强的数据保存下来，用来提升其他意识芯片的强度。	Assets/Product/Texture/Image/IconTools/EGouliangI01001.png	Assets/Product/Texture/Image/IconToolsSp/EGouliangI01001Sp.png	4100	5	86805		999999				999								[2,500,5000]		
31206	意识强化素材Ⅵ	提升意识芯片的强化套组，根据容量大小能给意识带来不同的提升。	科学理事会将意识芯片补强的数据保存下来，用来提升其他意识芯片的强度。	Assets/Product/Texture/Image/IconTools/EGouliangI01001.png	Assets/Product/Texture/Image/IconToolsSp/EGouliangI01001Sp.png	4100	6	86806		999999				999								[2,700,7000]		
32000	跃升晶元	可以用于兑换泛用机体的跃升晶片	跃升晶片的基础元件。	Assets/Product/Texture/Image/IconTools/ItCharEX1.png	Assets/Product/Texture/Image/IconToolsSp/ItCharEX1Sp.png	65540	4	86901	[10038,10039]	999999				999999										
32001	辉光基元	在泛用机体的机能跃升中作为材料使用	存储着额外战斗数据的元件，能够提高机体跃升的最终效果。	Assets/Product/Texture/Image/IconTools/ItCharEx2.png	Assets/Product/Texture/Image/IconToolsSp/ItCharEx2Sp.png	4	4	86901	[4104]	999999				999999										
32002	跃升晶片·黎明	在【黎明】的机能跃升中作为材料使用	记录有大量战斗数据的数据晶片，能够让机体的战斗性能显著提高。	Assets/Product/Texture/Image/IconTools/ItCharEx100.png	Assets/Product/Texture/Image/IconToolsSp/ItCharEx100Sp.png	4	5	86902	[10036]	999999				999999					32000	5				1
32003	跃升晶片·异火	在【异火】的机能跃升中作为材料使用	记录有大量战斗数据的数据晶片，能够让机体的战斗性能显著提高。	Assets/Product/Texture/Image/IconTools/ItCharEx105.png	Assets/Product/Texture/Image/IconToolsSp/ItCharEx105Sp.png	4	5	86902	[10036]	999999				999999					32000	5				1
32004	跃升晶片·仰光	在【仰光】的机能跃升中作为材料使用	记录有大量战斗数据的数据晶片，能够让机体的战斗性能显著提高。	Assets/Product/Texture/Image/IconTools/ItCharEx106.png	Assets/Product/Texture/Image/IconToolsSp/ItCharEx106Sp.png	4	5	86902	[10036]	999999				999999					32000	5				1
32005	跃升晶片·夙星	在【夙星】的机能跃升中作为材料使用	记录有大量战斗数据的数据晶片，能够让机体的战斗性能显著提高。	Assets/Product/Texture/Image/IconTools/ItCharEx107.png	Assets/Product/Texture/Image/IconToolsSp/ItCharEx107Sp.png	4	5	86902	[10036]	999999				999999					32000	5				1
32006	跃升晶片·凛冽	在【凛冽】的机能跃升中作为材料使用	记录有大量战斗数据的数据晶片，能够让机体的战斗性能显著提高。	Assets/Product/Texture/Image/IconTools/ItCharEx110.png	Assets/Product/Texture/Image/IconToolsSp/ItCharEx110Sp.png	4	5	86902	[10036]	999999				999999					32000	5				1
32007	跃升晶片·瑰丽	在【瑰丽】的机能跃升中作为材料使用	记录有大量战斗数据的数据晶片，能够让机体的战斗性能显著提高。	Assets/Product/Texture/Image/IconTools/ItCharEx112.png	Assets/Product/Texture/Image/IconToolsSp/ItCharEx112Sp.png	4	5	86902	[10036]	999999				999999					32000	5				1
32008	跃升晶片·脉冲	在【脉冲】的机能跃升中作为材料使用	记录有大量战斗数据的数据晶片，能够让机体的战斗性能显著提高。	Assets/Product/Texture/Image/IconTools/ItCharEx113.png	Assets/Product/Texture/Image/IconToolsSp/ItCharEx113Sp.png	4	5	86902	[10036]	999999				999999					32000	5				1
32009	跃升晶片·深红之渊	在【深红之渊】的机能跃升中作为材料使用	记录有大量战斗数据的数据晶片，能够让机体的战斗性能显著提高。	Assets/Product/Texture/Image/IconTools/ItCharEx114.png	Assets/Product/Texture/Image/IconToolsSp/ItCharEx114Sp.png	4	5	86902	[10036]	999999				999999					32000	5				1
32010	跃升晶片·真理	在【真理】的机能跃升中作为材料使用	记录有大量战斗数据的数据晶片，能够让机体的战斗性能显著提高。	Assets/Product/Texture/Image/IconTools/ItCharEx115.png	Assets/Product/Texture/Image/IconToolsSp/ItCharEx115Sp.png	4	5	86902	[10036]	999999				999999					32000	5				1
32011	跃升晶片·绯耀	在【绯耀】的机能跃升中作为材料使用	记录有大量战斗数据的数据晶片，能够让机体的战斗性能显著提高。	Assets/Product/Texture/Image/IconTools/ItCharEx116.png	Assets/Product/Texture/Image/IconToolsSp/ItCharEx116Sp.png	4	5	86902	[10036]	999999				999999					32000	5				1
32012	跃升晶片·极昼	在【极昼】的机能跃升中作为材料使用	记录有大量战斗数据的数据晶片，能够让机体的战斗性能显著提高。	Assets/Product/Texture/Image/IconTools/ItCharEx117.png	Assets/Product/Texture/Image/IconToolsSp/ItCharEx117Sp.png	4	5	86902	[10036]	999999				999999					32000	5				1
32013	跃升晶片·辉晓	在【辉晓】的机能跃升中作为材料使用	记录有大量战斗数据的数据晶片，能够让机体的战斗性能显著提高。	Assets/Product/Texture/Image/IconTools/ItCharEx118.png	Assets/Product/Texture/Image/IconToolsSp/ItCharEx118Sp.png	4	5	86902	[10036]	999999				999999					32000	5				1
32014	跃升晶片·深痕	在【深痕】的机能跃升中作为材料使用	记录有大量战斗数据的数据晶片，能够让机体的战斗性能显著提高。	Assets/Product/Texture/Image/IconTools/ItCharEx119.png	Assets/Product/Texture/Image/IconToolsSp/ItCharEx119Sp.png	4	5	86902	[10036]	999999				999999					32000	5				1
32015	跃升晶片·深红囚影	在【深红囚影】的机能跃升中作为材料使用	记录有大量战斗数据的数据晶片，能够让机体的战斗性能显著提高。	Assets/Product/Texture/Image/IconTools/ItCharEx120.png	Assets/Product/Texture/Image/IconToolsSp/ItCharEx120Sp.png	4	5	86902	[10036]	999999				999999					32000	5				1
32016	跃升晶片·回音	在【回音】的机能跃升中作为材料使用	记录有大量战斗数据的数据晶片，能够让机体的战斗性能显著提高。	Assets/Product/Texture/Image/IconTools/ItCharEx121.png	Assets/Product/Texture/Image/IconToolsSp/ItCharEx121Sp.png	4	5	86902	[10036]	999999				999999					32000	5				1
32017	跃升晶片·尘铭	在【尘铭】的机能跃升中作为材料使用	记录有大量战斗数据的数据晶片，能够让机体的战斗性能显著提高。	Assets/Product/Texture/Image/IconTools/ItCharEx122.png	Assets/Product/Texture/Image/IconToolsSp/ItCharEx122Sp.png	4	5	86902	[10036]	999999				999999					32000	5				1
32018	跃升晶片·终焉	在【终焉】的机能跃升中作为材料使用	记录有大量战斗数据的数据晶片，能够让机体的战斗性能显著提高。	Assets/Product/Texture/Image/IconTools/ItCharEx123.png	Assets/Product/Texture/Image/IconToolsSp/ItCharEx123Sp.png	4	5	86902	[10036]	999999				999999					32000	5				1
32019	跃升晶片·檀心	在【檀心】的机能跃升中作为材料使用	记录有大量战斗数据的数据晶片，能够让机体的战斗性能显著提高。	Assets/Product/Texture/Image/IconTools/ItCharEx124.png	Assets/Product/Texture/Image/IconToolsSp/ItCharEx124Sp.png	4	5	86902	[10036]	999999				999999					32000	5				1
32020	跃升晶片·芒星之迹	在【芒星之迹】的机能跃升中作为材料使用	记录有大量战斗数据的数据晶片，能够让机体的战斗性能显著提高。	Assets/Product/Texture/Image/IconTools/ItCharEx125.png	Assets/Product/Texture/Image/IconToolsSp/ItCharEx125Sp.png	4	5	86902	[10036]	999999				999999					32000	5				1
32021	跃升晶片·誓焰	在【誓焰】的机能跃升中作为材料使用	记录有大量战斗数据的数据晶片，能够让机体的战斗性能显著提高。	Assets/Product/Texture/Image/IconTools/ItCharEx126.png	Assets/Product/Texture/Image/IconToolsSp/ItCharEx126Sp.png	4	5	86902	[10036]	999999				999999					32000	5				1
33000	独域单晶	可以用于兑换独域机体的独域晶体	独域晶体的基础元件。	Assets/Product/Texture/Image/IconTools/ItCharEx3.png	Assets/Product/Texture/Image/IconToolsSp/ItCharEx3Sp.png	65540	4	86911	[10038,10039]	999999				999999										
33001	辉光芯片	在独域机体的机能改造中作为材料使用	存储着额外战斗数据的芯片，能够令独域机体的战斗效能上限提升。	Assets/Product/Texture/Image/IconTools/ItCharEx4.png	Assets/Product/Texture/Image/IconToolsSp/ItCharEx4Sp.png	4	4	86911	[4104]	999999				999999										
33002	独域晶体·华钟	在【华钟】的机能改造中作为材料使用	记录有大量战斗数据的晶体元件，能够令独域机体的战斗性能显著提升。	Assets/Product/Texture/Image/IconTools/ItCharEx101.png	Assets/Product/Texture/Image/IconToolsSp/ItCharEx101Sp.png	4	5	86912	[10037]	999999				999999					33000	5				1
33003	独域晶体·戏炎	在【戏炎】的机能改造中作为材料使用	记录有大量战斗数据的晶体元件，能够令独域机体的战斗性能显著提升。	Assets/Product/Texture/Image/IconTools/ItCharEx102.png	Assets/Product/Texture/Image/IconToolsSp/ItCharEx102Sp.png	4	5	86912	[10037]	999999				999999					33000	5				1
33004	独域晶体·隐星	在【隐星】的机能改造中作为材料使用	记录有大量战斗数据的晶体元件，能够令独域机体的战斗性能显著提升。	Assets/Product/Texture/Image/IconTools/ItCharEx103.png	Assets/Product/Texture/Image/IconToolsSp/ItCharEx103Sp.png	4	5	86912	[10037]	999999				999999					33000	5				1
33005	独域晶体·狂犬	在【狂犬】的机能改造中作为材料使用	记录有大量战斗数据的晶体元件，能够令独域机体的战斗性能显著提升。	Assets/Product/Texture/Image/IconTools/ItCharEx104.png	Assets/Product/Texture/Image/IconToolsSp/ItCharEx104Sp.png	4	5	86912	[10037]	999999				999999					33000	5				1
33006	独域晶体·逆旅	在【逆旅】的机能改造中作为材料使用	记录有大量战斗数据的晶体元件，能够令独域机体的战斗性能显著提升。	Assets/Product/Texture/Image/IconTools/ItCharEx108.png	Assets/Product/Texture/Image/IconToolsSp/ItCharEx108Sp.png	4	5	86912	[10037]	999999				999999					33000	5				1
33007	独域晶体·雀翎	在【雀翎】的机能改造中作为材料使用	记录有大量战斗数据的晶体元件，能够令独域机体的战斗性能显著提升。	Assets/Product/Texture/Image/IconTools/ItCharEx109.png	Assets/Product/Texture/Image/IconToolsSp/ItCharEx109Sp.png	4	5	86912	[10037]	999999				999999					33000	5				1
33008	独域晶体·岚音	在【岚音】的机能改造中作为材料使用	记录有大量战斗数据的晶体元件，能够令独域机体的战斗性能显著提升。	Assets/Product/Texture/Image/IconTools/ItCharEx111.png	Assets/Product/Texture/Image/IconToolsSp/ItCharEx111Sp.png	4	5	86912	[10037]	999999				999999					33000	5				1
34000	谐振加速器	用于在武器谐振时使用	科学理事会二部研发，用于武器谐振的专用道具。能够协助武器的谐振升级	Assets/Product/Texture/Image/IconTools/IconWeaponOverrunItem01.png	Assets/Product/Texture/Image/IconToolsSp/IconWeaponOverrunItem01Sp.png	4	6	86900	[89023,10044,89005]	999999				999999										
34001	谐振增幅器	用于武器二阶段谐振的专用辅助装置	由科学理事会二部在既有谐振技术基础上改良开发，可对已完成一次谐振的武器进行深层参数定标，稳定其高频共振状态	Assets/Product/Texture/Image/IconTools/IconWeaponOverrunItem02.png	Assets/Product/Texture/Image/IconToolsSp/IconWeaponOverrunItem02Sp.png	4	6	86900	[89023]	999999				999999										
40100	突破合金·初	与其他材料融合加工后可以突破装备等级上限，对低星的装备有效。	含有微量高熵合金的强化零件，用来提升构造体装备的强度。	Assets/Product/Texture/Image/IconTools/ItExpI180010.png	Assets/Product/Texture/Image/IconToolsSp/ItExpI180010Sp.png	4	3	86803	[90009,90000,90001]	99999				999					1	10				
40101	初级突破合金·贰	与其他材料融合加工后可以突破装备等级上限，对低星的装备有效。	含有微量高熵合金的强化零件，用来提升构造体装备的强度。	Assets/Product/Texture/Image/IconTools/ItExpI180010.png	Assets/Product/Texture/Image/IconToolsSp/ItExpI180010Sp.png	4	3	86803		99999				999					1	10				
40102	初级突破合金·叁	与其他材料融合加工后可以突破装备等级上限，对低星的装备有效。	含有微量高熵合金的强化零件，用来提升构造体装备的强度。	Assets/Product/Texture/Image/IconTools/ItExpI190010.png	Assets/Product/Texture/Image/IconToolsSp/ItExpI190010Sp.png	4	3	86803		99999				999					1	10				
40103	武器突破核心·初	可以用来突破武器等级上限的关键材料，对低星的装备有效。	强化武器数据的初级运算核心，用来提升武器的强度。	Assets/Product/Texture/Image/IconTools/ItExpI190010.png	Assets/Product/Texture/Image/IconToolsSp/ItExpI190010Sp.png	4	3	86803	[90009,90000,90001]	99999				999					1	10				
40104	意识突破回路·初	可以用来突破意识等级上限的关键材料，对低星的装备有效。	拓展意识芯片运算回路的初级零件，用来提升意识的强度。	Assets/Product/Texture/Image/IconTools/ItFinalI010020.png	Assets/Product/Texture/Image/IconToolsSp/ItFinalI010020Sp.png	4	3	86803	[90009,90000,90001]	99999				999					1	10				
40110	突破合金·高	与其他材料融合加工后可以突破装备等级上限，对高星的装备有效。	含有大量高熵合金的强化零件，用来提升构造体装备的强度。	Assets/Product/Texture/Image/IconTools/ItExpI180020.png	Assets/Product/Texture/Image/IconToolsSp/ItExpI180020Sp.png	4	4	86804	[90015,90000,90001]	99999				999					1	10				
40111	高级突破合金·贰	与其他材料融合加工后可以突破装备等级上限，对高星的装备有效。	含有大量高熵合金的强化零件，用来提升构造体装备的强度。	Assets/Product/Texture/Image/IconTools/ItExpI180020.png	Assets/Product/Texture/Image/IconToolsSp/ItExpI180020Sp.png	4	4	86804	[10023]	99999				999					1	10				
40112	高级突破合金·叁	与其他材料融合加工后可以突破装备等级上限，对高星的装备有效。	含有大量高熵合金的强化零件，用来提升构造体装备的强度。	Assets/Product/Texture/Image/IconTools/ItExpI190020.png	Assets/Product/Texture/Image/IconToolsSp/ItExpI190020Sp.png	4	4	86804	[10023]	99999				999					1	10				
40113	武器突破核心·高	可以用来突破武器等级上限的关键材料，对高星的装备有效。	强化武器数据的高级运算核心，用来提升武器的强度。	Assets/Product/Texture/Image/IconTools/ItExpI190020.png	Assets/Product/Texture/Image/IconToolsSp/ItExpI190020Sp.png	4	4	86804	[90015,90000,90001]	99999				999					1	10				
40114	意识突破回路·高	可以用来突破意识等级上限的关键材料，对高星的装备有效。	拓展意识芯片运算回路的高级零件，用来提升意识的强度。	Assets/Product/Texture/Image/IconTools/ItFinalI020030.png	Assets/Product/Texture/Image/IconToolsSp/ItFinalI020030Sp.png	4	4	86804	[90015,90000,90001]	99999				999					1	10				
40200	支援突破套组·小	为支援单位准备的改造套组，可用于突破低星支援单位等级上限。	生物要成长蜕变到新的阶段，总得伤筋动骨，支援用机械也是如此。	Assets/Product/Texture/Image/IconTools/ItPetBreak002.png	Assets/Product/Texture/Image/IconToolsSp/ItPetBreak002Sp.png	4	3	86803	[4101,4104]	9999				999					1	10				
40201	支援突破套组·大	为支援单位准备的改造套组，可用于突破高星支援单位等级上限。	在支援单位积累足够经验后，对其进一步改装所需的特殊工具材料组。	Assets/Product/Texture/Image/IconTools/ItPetBreak001.png	Assets/Product/Texture/Image/IconToolsSp/ItPetBreak001Sp.png	4	4	86804	[4101,4104]	9999				999					1	10				
40301	支援技能元件	加载了支援单位技能数据的元件，可以用来提升支援单位的技能等级。	构造体与支援单位战斗数据都会经由分析清洗，提炼出精髓。通过学习这些数据，支援单位的技能模块能得到进一步优化。	Assets/Product/Texture/Image/IconTools/ItPetSkill01.png	Assets/Product/Texture/Image/IconToolsSp/ItPetSkill01Sp.png	4	4	86804	[4102,4104]	9999				999					1	10				
40601	阿呆蛙周边	赠送给成员能增加信赖度，露西亚喜爱的珍贵礼物。	曾经地球上某著名玩具品牌旗下，一个设计品味饱受争议的玩偶形象的周边，由于整个系列长期滞销所以现存数量很少。	Assets/Product/Texture/Image/IconTools/ItGift0302.png	Assets/Product/Texture/Image/IconToolsSp/ItGift0302Sp.png	524292	5	69901	[10007]	99999				999					1	10				
40602	生态球	赠送给成员能增加信赖度，丽芙喜爱的珍贵礼物。	内含一个生机勃勃的独立小型生态圈，是空中花园中广受孩子们好评的生物学教具，虽然体积小巧但科技含量极高。	Assets/Product/Texture/Image/IconTools/ItGift0303.png	Assets/Product/Texture/Image/IconToolsSp/ItGift0303Sp.png	524292	5	69901	[10007]	99999				999					1	20				
40603	精密工具套件	赠送给成员能增加信赖度，里喜爱的珍贵礼物。	对电子器械进行维修养护的工具套装组。	Assets/Product/Texture/Image/IconTools/ItGift0301.png	Assets/Product/Texture/Image/IconToolsSp/ItGift0301Sp.png	524292	5	69901	[10007]	99999				999					1	40				
40604	整人箱	赠送给成员能增加信赖度，七实喜爱的珍贵礼物。	打开来就会跳出整蛊小机关的吓人一跳箱子。	Assets/Product/Texture/Image/IconTools/ItGift0305.png	Assets/Product/Texture/Image/IconToolsSp/ItGift0305Sp.png	524292	5	69901	[10007]	99999				999					1	10				
40605	试作引擎	赠送给成员能增加信赖度，卡列尼娜喜爱的珍贵礼物。	结构简单，动力强劲，但过载后爆炸的威力也很大——或许对于某些人来说并不算缺点。	Assets/Product/Texture/Image/IconTools/ItGift0307.png	Assets/Product/Texture/Image/IconToolsSp/ItGift0307Sp.png	524292	5	69901	[10007]	99999				999					1	20				
40606	便携式游戏终端	赠送给成员能增加信赖度，神威喜爱的珍贵礼物。	最新型的便携式游戏终端，可有效帮助你打发在任务通勤过程中的无聊时光——长期霸占积分榜榜首的是一个匿名账号，会是谁呢？	Assets/Product/Texture/Image/IconTools/ItGift0306.png	Assets/Product/Texture/Image/IconToolsSp/ItGift0306Sp.png	524292	5	69901	[10007]	99999				999					1	40				
40607	MRE军粮	赠送给成员能增加信赖度，渡边喜爱的珍贵礼物。	最受好评的军粮组合，包含主食和配菜，以及一小瓶咖啡。据说运气好的时候能拿到稀有的口味，例如味噌调料包。	Assets/Product/Texture/Image/IconTools/ItGift0308.png	Assets/Product/Texture/Image/IconToolsSp/ItGift0308Sp.png	524292	5	69901	[10007]	99999				999					1	10				
40608	百合胸针	赠送给成员能增加信赖度，比安卡喜爱的珍贵礼物。	以象征着无私与高洁的百合花作为造型的胸针。	Assets/Product/Texture/Image/IconTools/ItGift0304.png	Assets/Product/Texture/Image/IconToolsSp/ItGift0304Sp.png	524292	5	69901	[10007]	99999				999					1	20				
40609	颜料套装	赠送给成员能增加信赖度，艾拉喜爱的珍贵礼物。	在空中花园最受欢迎的画材品牌“莫彼利埃”旗下的颜料套装，该品牌致力于让每一个人都能从艺术中获得乐趣。——莫彼利埃，艺术家的选择。	Assets/Product/Texture/Image/IconTools/ItGift0309.png	Assets/Product/Texture/Image/IconToolsSp/ItGift0309Sp.png	524292	5	69901	[10007]	99999				999					1	20				
40610	高能电池	赠送给成员能增加信赖度，苏菲亚喜爱的珍贵礼物。	用于电动工具的电池，没有哪个检修员喜欢出外勤的时候没有足够的电池，对吧？	Assets/Product/Texture/Image/IconTools/ItGift0310.png	Assets/Product/Texture/Image/IconToolsSp/ItGift0310Sp.png	524292	5	69901	[10007]	99999				999					1	20				
40611	R3清洁机械人	赠送给成员能增加信赖度，库洛姆喜爱的珍贵礼物。	由寰宇重工为开拓空中花园家用市场而开发，主打推出的家用清洁机械人，是打造整洁干净环境的最佳帮手。	Assets/Product/Texture/Image/IconTools/ItGift0311.png	Assets/Product/Texture/Image/IconToolsSp/ItGift0311Sp.png	524292	5	69901	[10007]	99999				999					1	20				
40612	军用仿生犬	赠送给成员能增加信赖度，薇拉喜爱的珍贵礼物。	兼具物品收纳功能、雷达探测等实用功用，以绝对服从命令为卖点的军用仿生小型犬只，从通用玩具公司发售之际已经广受好评。	Assets/Product/Texture/Image/IconTools/ItGift0312.png	Assets/Product/Texture/Image/IconToolsSp/ItGift0312Sp.png	524292	5	69901	[10007]	99999				999					1	20				
40613	播放装置	赠送给成员能增加信赖度，卡穆喜爱的珍贵礼物。	机体外设播放装置，作为成员机体增设的额外模块，接入空中花园各类音讯频道。	Assets/Product/Texture/Image/IconTools/ItGift0313.png	Assets/Product/Texture/Image/IconToolsSp/ItGift0313Sp.png	524292	5	69901	[10007]	99999				999					1	20				
40614	天气瓶	赠送给成员能增加信赖度，罗塞塔喜爱的珍贵礼物。	天气瓶中的小小飘雪，只要看着它便能让人回忆起在极地度过的每一个雪夜。	Assets/Product/Texture/Image/IconTools/ItGift0314.png	Assets/Product/Texture/Image/IconToolsSp/ItGift0314Sp.png	524292	5	69901	[10007]	99999				999					1	20				
40615	古籍	赠送给成员能增加信赖度，曲喜爱的珍贵礼物。	在以数据化存储为主流的反击时代中有些少见的纯纸质书籍，翻阅时需小心谨慎，不论是其中的内容还是书籍本身都十分具有收藏价值。	Assets/Product/Texture/Image/IconTools/ItGift0315.png	Assets/Product/Texture/Image/IconToolsSp/ItGift0315Sp.png	524292	5	69901	[10007]	99999				999					1	20				
40616	纪念铜钱	赠送给成员能增加信赖度，常羽喜爱的珍贵礼物。	由黄金时代的九龙商会所发行的纪念币，铜币上的图标依旧清晰，透过此物仿佛能窥视到九龙商会鼎盛时期的冰山一角。	Assets/Product/Texture/Image/IconTools/ItGift0316.png	Assets/Product/Texture/Image/IconToolsSp/ItGift0316Sp.png	524292	5	69901	[10007]	99999				999					1	20				
40617	小夜灯	赠送给成员能增加信赖度，露娜喜爱的珍贵礼物。	一盏小小的夜灯便能驱散黑暗，露娜才想起来曾经的自己是如此害怕——那没有姐姐，也没有光的黑夜。	Assets/Product/Texture/Image/IconTools/ItGift0317.png	Assets/Product/Texture/Image/IconToolsSp/ItGift0317Sp.png	524292	5	69901	[10007]	99999				999					1	20				
40618	月之泪	赠送给成员能增加信赖度，2B、9S和A2喜爱的珍贵礼物。	用稀有的花卉植物所做成的花饰，在月光下似乎会发光的样子。	Assets/Product/Texture/Image/IconTools/ItGift0318.png	Assets/Product/Texture/Image/IconToolsSp/ItGift0318Sp.png	524292	5	69901		99999				999					1	20				
40619	简约抱枕	赠送给成员能增加信赖度，万事喜爱的珍贵礼物。	大量堆放在突击鹰修整室内的抱枕，简约柔软，看起来能为使用者带来美妙的入梦体验。	Assets/Product/Texture/Image/IconTools/ItGift0319.png	Assets/Product/Texture/Image/IconToolsSp/ItGift0319Sp.png	524292	5	69901	[10007]	99999				999					1	20				
40620	鸢尾花	赠送给成员能增加信赖度，赛琳娜喜爱的珍贵礼物。	空中花园鲜少将资源浪费在种植这些观赏性质的花卉上，所以将你从地表上带回来的鸢尾别在她的耳侧吧，她会露出比鲜花还要动人的笑靥。	Assets/Product/Texture/Image/IconTools/ItGift0320.png	Assets/Product/Texture/Image/IconToolsSp/ItGift0320Sp.png	524292	5	69901	[10007]	99999				999					1	20				
40621	视听终端	赠送给成员能增加信赖度，21号喜爱的珍贵礼物。	用于视听的终端，上面会不间断播放各种视频内容，包括一些复原自黄金时代的影视节目。21号似乎沉迷在闲暇时观看终端，学习里面各种各样的内容。	Assets/Product/Texture/Image/IconTools/ItGift0321.png	Assets/Product/Texture/Image/IconToolsSp/ItGift0321Sp.png	524292	5	69901	[10007]	99999				999					1	20				
40622	提线木偶	赠送给成员能增加信赖度，罗兰喜爱的珍贵礼物。	手工制作的木偶，能够通过操作控制器令其动起来。 曾为演员的罗兰独处时偶尔会用不同的木偶自导自演，赋予它们各种各样的身份，有时是君臣，有时是家人。 原本是一个人的独角戏，现在似乎找到了能够共演的人。	Assets/Product/Texture/Image/IconTools/ItGift0322.png	Assets/Product/Texture/Image/IconToolsSp/ItGift0322Sp.png	524292	5	69901	[10007]	99999				999					1	20				
40623	熊猫零钱包	赠送给成员能增加信赖度，蒲牢喜爱的珍贵礼物。	有着熊猫造型的可爱零钱包，蒲牢曾经想象它塞满青蚨的样子，但很遗憾里面基本上每时每刻都处于空空如也的状态……	Assets/Product/Texture/Image/IconTools/ItGift0323.png	Assets/Product/Texture/Image/IconToolsSp/ItGift0323Sp.png	524292	5	69901	[10007]	99999				999					1	20				
40624	典藏绘本	赠送给成员能增加信赖度，哈卡玛喜爱的珍贵礼物。	艺术协会出品的纸质绘本，不限主题地挑选经典画作合订其中。正是这种多样性令哈卡玛爱不释手。尤其是最后一页鼓励持有者自行创作的空白，哈卡玛打算在未来与某人一起完成。	Assets/Product/Texture/Image/IconTools/ItGift0324.png	Assets/Product/Texture/Image/IconToolsSp/ItGift0324Sp.png	524292	5	69901	[10007]	99999				999					1	20				
40625	笔记本与笔	赠送给成员能增加信赖度，诺安喜爱的珍贵礼物。	普通的笔记本与笔，诺安会用它来写字或画画。	Assets/Product/Texture/Image/IconTools/ItGift0325.png	Assets/Product/Texture/Image/IconToolsSp/ItGift0325Sp.png	524292	5	69901	[10007]	99999				999					1	20				
40626	八音盒	赠送给成员能增加信赖度，邦比娜塔喜爱的珍贵礼物。	精致的陶瓷八音盒，上好发条，音乐响起，舞者也随之旋转，只要音乐在响，就尽管跳下去。易碎品，请小心保管。	Assets/Product/Texture/Image/IconTools/ItGift0326.png	Assets/Product/Texture/Image/IconToolsSp/ItGift0326Sp.png	524292	5	69901	[10007]	99999				999					1	20				
40627	澹云梳	赠送给成员能增加信赖度，含英喜爱的珍贵礼物。	云澹澹，水悠悠，一声横笛锁空楼。何时共泛春溪月，断岸垂杨一叶舟。 样式清雅的木梳，似是九龙女子喜爱的款式，做赠礼时，意在相思。	Assets/Product/Texture/Image/IconTools/ItGift0327.png	Assets/Product/Texture/Image/IconToolsSp/ItGift0327Sp.png	524292	5	69901	[10007]	99999				999					1	20				
40628	超韧拳击手套	赠送给成员能增加信赖度，诺克提喜爱的珍贵礼物。	由特殊高分子材料制作的拳击手套，是顶级拳击发烧友的必备之物。它的说明书上写着：请相信，它能够陪伴你走完一生的拳击场（构造体建议3个月一换）。	Assets/Product/Texture/Image/IconTools/ItGift0328.png	Assets/Product/Texture/Image/IconToolsSp/ItGift0328Sp.png	524292	5	69901	[10007]	99999				999					1	20				
40629	法槌	赠送给成员能增加信赖度，亚里莎喜爱的珍贵礼物。	商店街制作的小礼物，仿造模拟审判庭中的法槌制作而成，象征着裁决，法律，公正严明。	Assets/Product/Texture/Image/IconTools/ItGift0329.png	Assets/Product/Texture/Image/IconToolsSp/ItGift0329Sp.png	524292	5	69901	[10007]	99999				999					1	20				
40630	咖啡杯	赠送给成员能增加信赖度，拉弥亚喜爱的珍贵礼物。	普通的咖啡杯，偶尔会看到拉弥亚带着怀念的表情，把它叠在一起消磨时间。	Assets/Product/Texture/Image/IconTools/ItGift0330.png	Assets/Product/Texture/Image/IconToolsSp/ItGift0330Sp.png	524292	5	69901	[10007]	99999				999					1	20				
40631	星星挂饰	赠送给成员能增加信赖度，BLACK★ROCK SHOOTER喜爱的珍贵礼物。	装饰着星星图案的小挂饰，似乎在年轻的女生中颇具人气。	Assets/Product/Texture/Image/IconTools/ItGift0331.png	Assets/Product/Texture/Image/IconToolsSp/ItGift0331Sp.png	524292	5	69901	[10007]	99999				999					1	20				
40632	“布偶熊”	赠送给成员能增加信赖度，布偶熊喜爱的珍贵礼物。	曾经风靡一时的小熊玩偶，能够DIY出任何你想要的风格。克里斯蒂娜很小的时候曾经拥有过一个，但不知为何被丢弃在了垃圾堆中。她会喜欢你为她定制的这一只新的小熊吗？	Assets/Product/Texture/Image/IconTools/ItGift0332.png	Assets/Product/Texture/Image/IconToolsSp/ItGift0332Sp.png	524292	5	69901	[10007]	99999				999					1	20				
40633	战术护目镜	赠送给成员能增加信赖度，布丽姬特喜爱的珍贵礼物。	从外表看来只是普通的太阳眼镜，但实际上是由抗紫外线镜片制成的多用途作战护目装置。至于为何特意设计成黄金年代经典款休闲墨镜的样式，据说是为了适应使用者本人的佩戴习惯。	Assets/Product/Texture/Image/IconTools/ItGift0333.png	Assets/Product/Texture/Image/IconToolsSp/ItGift0333Sp.png	524292	5	69901	[10007]	99999				999					1	20				
40634	绣球花束	赠送给成员能增加信赖度，八咫喜爱的珍贵礼物。	花瓣淡雅澄澈，一如毫无阴霾的青空，将少女的思绪带回那个永不停滞的盛夏。	Assets/Product/Texture/Image/IconTools/ItGift0334.png	Assets/Product/Texture/Image/IconToolsSp/ItGift0334Sp.png	524292	5	69901	[10007]	99999				999					1	20				
40635	铜木秘骰	赠送给成员能增加信赖度，伊什梅尔喜爱的珍贵礼物。	拥有二十个面的骰子，常用于桌面游戏，掷出的点数与角色能力相结合，对抗行为难度，判定是否成功。随机的掷出引来变数，但终归未能超出剧本之外，命运，究竟是偶然的巧合，还是必然的安排？	Assets/Product/Texture/Image/IconTools/ItGift0335.png	Assets/Product/Texture/Image/IconToolsSp/ItGift0335Sp.png	524292	5	69901	[10007]	99999				999					1	20				
40636	花切扑克	赠送给成员能增加信赖度，莉莉丝喜爱的珍贵礼物。	于洛普拉多斯常见的扑克套牌，使用了藏品级别的制作工艺，洗切手感顺滑，在莉莉丝的手中能发挥出各种意想不到的作用。	Assets/Product/Texture/Image/IconTools/ItGift0336.png	Assets/Product/Texture/Image/IconToolsSp/ItGift0336Sp.png	524292	5	69901	[10007]	99999				999					1	20				
40637	“白箱”	赠送给成员能增加信赖度，洁塔薇喜爱的珍贵礼物。	形似魔方的虚拟现实硬盘。内部的数据经历严格的清洗，是可以放心“投喂”给AI模型的选择。因其展现的世界信息丰富多彩，深受广大机械体与机械意识的喜爱。外置了人类意识接口，以便于开发人员调试……亦或是与AI一起共同游玩。	Assets/Product/Texture/Image/IconTools/ItGift0337.png	Assets/Product/Texture/Image/IconToolsSp/ItGift0337Sp.png	524292	5	69901	[10007]	99999				999					1	20				
40638	诗集	赠送给成员能增加信赖度，维吉尔喜爱的珍贵礼物。	就连维吉尔也说不清楚，自己是什么时候喜欢上阅读诗集的。	Assets/Product/Texture/Image/IconTools/ItGift0339.png	Assets/Product/Texture/Image/IconToolsSp/ItGift0339Sp.png	524292	5	69901	[10007]	99999				999					1	20				
40639	披萨套餐	赠送给成员能增加信赖度，但丁喜爱的珍贵礼物。	“只有一件东西无法接受，那就是披萨上的橄榄！”——但丁	Assets/Product/Texture/Image/IconTools/ItGift0338.png	Assets/Product/Texture/Image/IconToolsSp/ItGift0338Sp.png	524292	5	69901	[10007]	99999				999					1	20				
40640	剪刀	赠送给成员能增加信赖度，斜奏喜爱的珍贵礼物。	斜奏爱用的裁缝工具。	Assets/Product/Texture/Image/IconTools/ItGift0340.png	Assets/Product/Texture/Image/IconToolsSp/ItGift0340Sp.png	524292	5	69901	[10007]	99999				999					1	20				
40641	武器饰带	赠送给成员能增加信赖度，维罗妮卡喜爱的珍贵礼物。	精致的饰带，特意用耐磨的金属制成，十分适合装饰在武器上。	Assets/Product/Texture/Image/IconTools/ItGift0341.png	Assets/Product/Texture/Image/IconToolsSp/ItGift0341Sp.png	524292	5	69901	[10007]	99999				999					1	20				
40642	“摩利甘”游戏机	赠送给成员能增加信赖度，涅缇娅喜爱的珍贵礼物。	黄金时代生产的老式游戏机，是涅缇娅失忆后身边唯一留存的物件，从卡赫季到空中花园，她始终将它留在身边。	Assets/Product/Texture/Image/IconTools/ItGift0342.png	Assets/Product/Texture/Image/IconToolsSp/ItGift0342Sp.png	524292	5	69901	[10007]	99999				999					1	20				
40643	复古笔记本	赠送给成员能增加信赖度，海伦汀喜爱的珍贵礼物。	海伦汀最早的一本笔记，记录着她从病床上醒来后的感受，以及奥菲莉娅曾希望她回想起来的一切。	Assets/Product/Texture/Image/IconTools/ItGift0343.png	Assets/Product/Texture/Image/IconToolsSp/ItGift0343Sp.png	524292	5	69901	[10007]	99999				999					1	20				
40644	黑森林蛋糕	赠送给成员能增加信赖度，时崎狂三喜爱的珍贵礼物。	微苦偏涩的巧克力风味蛋糕，完全符合时崎狂三的偏好。若能在下午茶时间为她送上，她定会十分欣喜。	Assets/Product/Texture/Image/IconTools/ItGift0344.png	Assets/Product/Texture/Image/IconToolsSp/ItGift0344Sp.png	524292	5	69901	[10007]	99999				999					1	20				
40645	凯歌的见证	赠送给成员能增加信赖度，阿德莱德喜爱的珍贵礼物。	年少时与伙伴们拼搏赢得的奖杯。至今存放在阿德莱德的办公桌上，旧时友人们的签名依旧清晰可见。	Assets/Product/Texture/Image/IconTools/ItGift0345.png	Assets/Product/Texture/Image/IconToolsSp/ItGift0345Sp.png	524292	5	69901	[10007]	99999				999					1	20				
40681	畅销小说	赠送给成员能增加信赖度，大家都喜爱的普通礼物。	跨世纪连载的漫画作品，描绘了人类对抗帕弥什各个阶段的故事，无论是在地面上还是空中花园都保持着很高的人气。	Assets/Product/Texture/Image/IconTools/ItGift0201.png	Assets/Product/Texture/Image/IconToolsSp/ItGift0201Sp.png	524292	3	69001		99999				999					1	20				
40682	音乐唱片	赠送给成员能增加信赖度，大家都喜爱的普通礼物。	人们为了感受和保存文明曾经的辉煌，不惜成立专门的部队前往地球挖掘那些人工模拟环境下再也无法复现的声音，景象和文化来制成的产品。	Assets/Product/Texture/Image/IconTools/ItGift0202.png	Assets/Product/Texture/Image/IconToolsSp/ItGift0202Sp.png	524292	3	69001		99999				999					1	10				
40683	特供巧克力	赠送给成员能增加信赖度，大家都喜爱的精致礼物。	曾经地球联合政府军队内部的特供巧克力，有着超长的保质期，品种丰富，口味极佳，如果在这个时代有幸获得，作为礼物赠送再合适不过。	Assets/Product/Texture/Image/IconTools/ItGift0203.png	Assets/Product/Texture/Image/IconToolsSp/ItGift0203Sp.png	524292	4	69001		99999				999					1	20				
40684	一日观光券（一对）	赠送给成员能增加信赖度，大家都喜爱的精致礼物。	两人一套的手环。凭此手环可免费体验双人一日的空中花园观光之旅，内含高级交通券，宇宙观景台门票，全息剧院特等席，酒吧和露天泳池派对入场资格等。	Assets/Product/Texture/Image/IconTools/ItGift0204.png	Assets/Product/Texture/Image/IconToolsSp/ItGift0204Sp.png	524292	4	69001		99999				999					1	40				
40691	普通礼物盒	使用后随机获得1件普通礼物。	包装好的礼物盒，打开之前永远不知道里面藏着什么礼物。	Assets/Product/Texture/Image/IconTools/ItCaseGift01.png	Assets/Product/Texture/Image/IconToolsSp/ItCaseGift01Sp.png	16	3	92001		99999				999					1	10		[2,1003]		
40692	精致礼物盒	使用后随机获得1件精致礼物。	包装好的礼物盒，打开之前永远不知道里面藏着什么礼物。	Assets/Product/Texture/Image/IconTools/ItCaseGift02.png	Assets/Product/Texture/Image/IconToolsSp/ItCaseGift02Sp.png	16	4	92002		99999				999					1	20		[2,1004]		
40693	珍贵礼物盒	使用后随机获得1件珍贵礼物。	包装好的礼物盒，打开之前永远不知道里面藏着什么礼物。	Assets/Product/Texture/Image/IconTools/ItCaseGift03.png	Assets/Product/Texture/Image/IconToolsSp/ItCaseGift03Sp.png	16	5	92003		99999				999					1	40		[2,1005]		
40694	甜蜜馈赠	使用后可在精密工具套件、便携式游戏终端、MRE军粮3个礼物中，任选获得其中1个。	以别致丝带细心包装的礼物盒，内含男性成员喜爱的礼物。	Assets/Product/Texture/Image/IconTools/IconActivityCase2003006.png	Assets/Product/Texture/Image/IconToolsSp/IconActivityCase2003006Sp.png	16	5	92004		999				999					1	100		[3,1151,1]		
40695	心动礼盒	使用后可在阿呆蛙周边、生态球、整人箱、试作引擎、百合胸针、颜料套装6个礼物中，任选获得其中1个。	装饰十分精致典雅的礼物盒，内含女性成员喜爱的礼物。	Assets/Product/Texture/Image/IconTools/IconActivityCase2003005.png	Assets/Product/Texture/Image/IconToolsSp/IconActivityCase2003005Sp.png	16	5	92005		999				999					1	100		[3,1152,1]		
40800	绯红挚爱	成员在520这一天赠予指挥官的贵重收藏品，代表了赠予者重要的心意。	成员为了特殊的节日而准备的玫瑰，小心翼翼地封存在收藏盒中，用来永久纪念。	Assets/Product/Texture/Image/IconTools/IconActivityGift2005002.png	Assets/Product/Texture/Image/IconToolsSp/IconActivityGift2005002Sp.png	524292	6	69001		99999				999										
40801	纯白恋慕	在特殊的日子里赠送给成员，大家都喜爱的珍贵礼物。似乎能带来一些美好的回忆。	为重要之人定制的玫瑰，饱含了赠予者深厚的感情，高额的培育成本也使它更具价值。	Assets/Product/Texture/Image/IconTools/IconActivityGift2005001.png	Assets/Product/Texture/Image/IconToolsSp/IconActivityGift2005001Sp.png	524292	6	69001		99999				999	1	2020/5/20 10:00	1296000	2200000			true			
40802	刻声恋影	成员在5.20这一天送给指挥官的礼物，承载着赠予者浓烈的爱慕之情。	专门为指挥官定制的音像制品。被精心地封存在收藏匣中，只有特别的人能够打开。	Assets/Product/Texture/Image/IconTools/IconActivityGift2005004.png	Assets/Product/Texture/Image/IconToolsSp/IconActivityGift2005004Sp.png	524292	6	69001		99999				999										
40803	携光眷音	在特殊的日子里赠送给成员，表达真挚情感的礼物，为此刻的美好留下永远的记忆。	可以播放特定媒介储存的音像的复古机器。典雅的外壳下藏着一颗赤诚的心。	Assets/Product/Texture/Image/IconTools/IconActivityGift2005003.png	Assets/Product/Texture/Image/IconToolsSp/IconActivityGift2005003Sp.png	524292	6	69001		99999				999	1	2022/5/20 10:00	864000	2200000			true			
40804	永恒眷景	成员在5.20这天赠予指挥官的重要收藏品，承载着赠予者浓烈深切的爱意。	为重要之人定制的特别礼物，一切精心准备，只有特殊的人才能打开。	Assets/Product/Texture/Image/IconTools/IconActivityGift2005006.png	Assets/Product/Texture/Image/IconToolsSp/IconActivityGift2005006Sp.png	524292	6	69001		99999				999										
40805	镌慕弥音	在特殊的日子赠送给成员，表达真挚情感的礼物，镌刻美好回忆与对未来的憧憬。	如今已相当少见的手摇八音盒，附上亲手制作的音乐谱带。 所有的珍重与眷恋，都已藏于音符之间。	Assets/Product/Texture/Image/IconTools/IconActivityGift2005005.png	Assets/Product/Texture/Image/IconToolsSp/IconActivityGift2005005Sp.png	524292	6	69001		99999				999										
40806	恋纺心语	成员在5.20这天赠予指挥官的重要收藏品，承载着赠予者浓烈真挚的爱意。	特别的感情，重要的心意，一切想要传达的话语都存放其中，等待着特殊之人打开的那刻。	Assets/Product/Texture/Image/IconTools/IconActivityGift2005008.png	Assets/Product/Texture/Image/IconToolsSp/IconActivityGift2005008Sp.png	524292	6	69001		99999				999										
40807	馨絮眷言	在特殊的日子赠送给成员，表达真挚情感的礼物，镌刻美好回忆与对未来的憧憬。	亲手烘焙的饼干，每个的形状都是精心挑选。香气之中，隐藏着赠予者的真诚与眷恋。	Assets/Product/Texture/Image/IconTools/IconActivityGift2005007.png	Assets/Product/Texture/Image/IconToolsSp/IconActivityGift2005007Sp.png	524292	6	69001		99999				999	1	2024/5/20 10:00	864000	2200000			true			
40808	情巡拾光	成员在5.20这天赠予指挥官的重要收藏品，承载着赠予者浓烈真挚的爱意。	山川四季，日月星河，只为与特殊之人相见。	Assets/Product/Texture/Image/IconTools/IconActivityGift2005010.png	Assets/Product/Texture/Image/IconToolsSp/IconActivityGift2005010Sp.png	524292	6	69001		99999				999										
40809	信传心漪	在特殊的日子赠送给成员，表达真挚情感的礼物，镌刻美好回忆与对未来的憧憬。	精心挑选的旅行纪念明信片，记录了一路来的美丽风景和亲手写下的珍贵心意，盖上了520的特别邮戳。	Assets/Product/Texture/Image/IconTools/IconActivityGift2005009.png	Assets/Product/Texture/Image/IconToolsSp/IconActivityGift2005009Sp.png	524292	6	69001		99999				999	1	2025/5/20 7:00	856800	2200000			true			
40810	栖光契语	成员在5.20这天赠予指挥官的重要收藏品，承载着赠予者浓烈真挚的爱意。	一份已经被认真填写完毕，饱含着细腻心意的叙时手账。因你的存在，幸福时光自愿停留于此。	Assets/Product/Texture/Image/IconTools/IconActivityGift2005012.png	Assets/Product/Texture/Image/IconToolsSp/IconActivityGift2005012Sp.png	524292	6	69001		99999				999										
40811	待曙心稿	在特殊的日子赠送给成员，表达真挚情感的礼物，镌刻美好回忆与对未来的憧憬。	一份空白的手账，它在静待着幸福的时光将其充盈。将其赠送给在意的对象，和ta一起共同纪录这个独一无二的日子吧。	Assets/Product/Texture/Image/IconTools/IconActivityGift2005011.png	Assets/Product/Texture/Image/IconToolsSp/IconActivityGift2005011Sp.png	524292	6	69001		99999				999	1	2026/5/20 10:00	1105200	2200000			true			
40901	自选S级角色逆元碎片	在仓库-道具界面使用该道具。	使用后可以从里·乱数、丽芙·仰光、神威·暗能、卡列尼娜·烬燃、七实·脉冲、露西亚·深红之渊、比安卡·真理、露西亚·鸦羽、罗塞塔·凛冽、露娜·银冕、库洛姆·荣光的逆元碎片中任选一个。	Assets/Product/Texture/Image/IconTools/IconAlterRole01.png	Assets/Product/Texture/Image/IconToolsSp/IconAlterRole01Sp.png	16	5	100003		9999				999					1	100		[3,1242,1]		
40902	自选S级支援架构零件	在仓库-道具界面使用该道具。	使用后可以从S级辅助机：庭霓、霜誓、宵煌的支援架构零件中任选一个。	Assets/Product/Texture/Image/IconTools/IconAlterPet01.png	Assets/Product/Texture/Image/IconToolsSp/IconAlterPet01Sp.png	16	5	100002		9999				999					1	100		[3,1243,1]		
40903	自选A级支援架构零件	在仓库-道具界面使用该道具。	使用后可以从A级辅助机：元谒、沃托、冷观、伶崖、棘均的支援架构零件中任选一个。	Assets/Product/Texture/Image/IconTools/IconAlterPet02.png	Assets/Product/Texture/Image/IconToolsSp/IconAlterPet02Sp.png	16	5	100001		9999				999					1	100		[3,1244,1]		
40904	角色养成材料包	空中花园为构造体量身定制的训练材料集合，保质保量。	使用后立即获得：6星·意识碎片*900、武器突破核心·初*28、武器突破核心·高*16、武器强化素材IV*79、意识突破回路·初*84、意识突破回路·高*48、突破合金·初*80、突破合金·高*64、意识强化素材IV*474、经验仓·特大*25、技能点*352、螺母*5000000。	Assets/Product/Texture/Image/IconTools/IconFosterPackage01.png	Assets/Product/Texture/Image/IconToolsSp/IconFosterPackage01Sp.png	16	5	100000		99999				999					1	10		[1,1245,1]		
40905	评定手册碎片自选	在仓库-道具界面使用该道具。	使用后可以从丽芙·仰光、罗塞塔·凛冽的逆元碎片中任选一个。	Assets/Product/Texture/Image/IconTools/IconAlterRole02.png	Assets/Product/Texture/Image/IconToolsSp/IconAlterRole02Sp.png	16	5	100004		9999				999					1	100		[3,1269,1]		
40906	评定手册碎片自选	在仓库-道具界面使用该道具。	使用后可以从丽芙·仰光、罗塞塔·凛冽、里·乱数、卡列尼娜·烬燃、七实·脉冲、神威·暗能的逆元碎片中任选一个。	Assets/Product/Texture/Image/IconTools/IconAlterRole02.png	Assets/Product/Texture/Image/IconToolsSp/IconAlterRole02Sp.png	16	5	100004		9999				999					1	100		[3,1280,1]		
40907	评定手册碎片自选	在仓库-道具界面使用该道具。	使用后可以从丽芙·仰光、罗塞塔·凛冽、里·乱数、卡列尼娜·烬燃、七实·脉冲、神威·暗能、露西亚·深红之渊的逆元碎片中任选一个。	Assets/Product/Texture/Image/IconTools/IconAlterRole02.png	Assets/Product/Texture/Image/IconToolsSp/IconAlterRole02Sp.png	16	5	100004		9999				999					1	100		[3,1287,1]		
40908	评定手册碎片自选	在仓库-道具界面使用该道具。	使用后可以从丽芙·仰光、罗塞塔·凛冽、里·乱数、卡列尼娜·烬燃、七实·脉冲、神威·暗能、露西亚·深红之渊、比安卡·真理的逆元碎片中任选一个。	Assets/Product/Texture/Image/IconTools/IconAlterRole02.png	Assets/Product/Texture/Image/IconToolsSp/IconAlterRole02Sp.png	16	5	100004		9999				999					1	100		[3,1296,1]		
40909	意识养成材料包	在仓库-道具界面使用该道具。	使用后立即获得：意识突破回路·初*84，突破合金·初*60，意识突破回路·高*48，突破合金·高*48，意识强化素材Ⅳ*480，超大型螺母包*10。	Assets/Product/Texture/Image/IconTools/IconAccumulated04.png	Assets/Product/Texture/Image/IconToolsSp/IconAccumulated04Sp.png	16	5	100005		9999				999								[1,1301,1]		
40910	武器养成材料包	在仓库-道具界面使用该道具。	使用后立即获得：武器突破核心·初*28，突破合金·初*20，武器突破核心·高*16，突破合金·高*16，武器强化素材Ⅳ*80，超大型螺母包*2。	Assets/Product/Texture/Image/IconTools/IconAccumulated05.png	Assets/Product/Texture/Image/IconToolsSp/IconAccumulated05Sp.png	16	5	100006		9999				999								[1,1302,1]		
40911	辅助机养成材料包	在仓库-道具界面使用该道具。	使用后立即获得：支援经验集成·大*13，支援突破套组·小*192，支援突破套组·大*64，支援技能元件*1440，超大型螺母包*3。	Assets/Product/Texture/Image/IconTools/IconAccumulated06.png	Assets/Product/Texture/Image/IconToolsSp/IconAccumulated06Sp.png	16	5	100007		9999				999								[1,1303,1]		
40912	累充角色涂装自选	在仓库-道具界面使用该道具。	使用后可以从逐魇幽芒、幽涧青卞、晓兔阗春、雪豹之契、荣勋典范、深海蓝调、纺光同尘、深海少女、街头红芒、蚩龙渊渺、热夏白贝、朱云流霭、旌风雪冠、赤锦洄梦、潮汐心景、晴喻天音、宁芙浪谣、万灵游行、绯澜盛律、长夜瞭望中任选一个。	Assets/Product/Texture/Image/IconTools/IconAccumulated07.png	Assets/Product/Texture/Image/IconToolsSp/IconAccumulated07Sp.png	16	6	100008		9999				999								[3,1304,1]		
40913	累充武器涂装自选	在仓库-道具界面使用该道具。	使用后可以从南十字星、紫鸢、铿霆卯、啸火猛兽、狮魂荣光、碧海狂鲨、科德韦尔-49、牡刺、青髓、粉樱、世界树、茜蕾伴生、弥愿风鸣、米斯基之剑、夏沫辉绽、巡夜之弧中任选一个。	Assets/Product/Texture/Image/IconTools/IconAccumulated08.png	Assets/Product/Texture/Image/IconToolsSp/IconAccumulated08Sp.png	16	6	100009		9999				999								[3,1306,1]		
40914	评定手册碎片自选	在仓库-道具界面使用该道具。	使用后可以从丽芙·仰光、罗塞塔·凛冽、里·乱数、卡列尼娜·烬燃、七实·脉冲、神威·暗能、露西亚·深红之渊、比安卡·真理、薇拉·绯耀的逆元碎片中任选一个。	Assets/Product/Texture/Image/IconTools/IconAlterRole03.png	Assets/Product/Texture/Image/IconToolsSp/IconAlterRole03Sp.png	16	5	100004		9999				999					1	100		[3,1318,1]		
40915	评定手册碎片自选	在仓库-道具界面使用该道具。	使用后可以从丽芙·仰光、罗塞塔·凛冽、里·乱数、卡列尼娜·烬燃、七实·脉冲、神威·暗能、露西亚·深红之渊、比安卡·真理、薇拉·绯耀、丽芙·极昼的逆元碎片中任选一个。	Assets/Product/Texture/Image/IconTools/IconAlterRole04.png	Assets/Product/Texture/Image/IconToolsSp/IconAlterRole04Sp.png	16	5	100004		9999				999					1	100		[3,1319,1]		
40916	评定手册碎片自选	在仓库-道具界面使用该道具。	使用后可以从丽芙·仰光、罗塞塔·凛冽、里·乱数、卡列尼娜·烬燃、七实·脉冲、神威·暗能、露西亚·深红之渊、比安卡·真理、薇拉·绯耀、丽芙·极昼、卡列尼娜·辉晓的逆元碎片中任选一个。	Assets/Product/Texture/Image/IconTools/IconAlterRole05.png	Assets/Product/Texture/Image/IconToolsSp/IconAlterRole05Sp.png	16	5	100004		9999				999					1	100		[3,1336,1]		
40917	中枢秘匣	来自中枢的秘匣，赠予遍历量子之海，到达矩阵最深处的你。	在仓库-道具界面使用该道具。            使用后立即获得：涂装设计图*49，武器涂装设计图*20	Assets/Product/Texture/Image/IconTools/Theatre3SpecialItem052.png	Assets/Product/Texture/Image/IconTools/Theatre3SpecialItem052.png	16	5	100010		9999				999								[1,63718,1]		
40918	评定手册碎片自选	在仓库-道具界面使用该道具。	使用后可以从丽芙·仰光、罗塞塔·凛冽、里·乱数、卡列尼娜·烬燃、七实·脉冲、神威·暗能、露西亚·深红之渊、比安卡·真理、薇拉·绯耀、丽芙·极昼、卡列尼娜·辉晓、比安卡·深痕的逆元碎片中任选一个。	Assets/Product/Texture/Image/IconTools/IconAlterRole06.png	Assets/Product/Texture/Image/IconToolsSp/IconAlterRole06Sp.png	16	5	100004		9999				999					1	100		[3,1338,1]		
40919	评定手册碎片自选	在仓库-道具界面使用该道具。	使用后可以从丽芙·仰光、罗塞塔·凛冽、里·乱数、卡列尼娜·烬燃、七实·脉冲、神威·暗能、露西亚·深红之渊、比安卡·真理、薇拉·绯耀、丽芙·极昼、卡列尼娜·辉晓、比安卡·深痕、露西亚·深红囚影的逆元碎片中任选一个。	Assets/Product/Texture/Image/IconTools/IconAlterRole07.png	Assets/Product/Texture/Image/IconToolsSp/IconAlterRole07Sp.png	16	5	100004		9999				999					1	100		[3,1347,1]		
40920	评定手册碎片自选	在仓库-道具界面使用该道具。	使用后可以从丽芙·仰光、罗塞塔·凛冽、里·乱数、卡列尼娜·烬燃、七实·脉冲、神威·暗能、露西亚·深红之渊、比安卡·真理、薇拉·绯耀、丽芙·极昼、卡列尼娜·辉晓、比安卡·深痕、露西亚·深红囚影、亚里莎·回音的逆元碎片中任选一个。	Assets/Product/Texture/Image/IconTools/IconAlterRole08.png	Assets/Product/Texture/Image/IconToolsSp/IconAlterRole08Sp.png	16	5	100004		9999				999					1	100		[3,1367,1]		
40921	评定手册碎片自选	在仓库-道具界面使用该道具。	使用后可以从丽芙·仰光、罗塞塔·凛冽、里·乱数、卡列尼娜·烬燃、七实·脉冲、神威·暗能、露西亚·深红之渊、比安卡·真理、薇拉·绯耀、丽芙·极昼、卡列尼娜·辉晓、比安卡·深痕、露西亚·深红囚影、亚里莎·回音、渡边·尘铭的逆元碎片中任选一个。	Assets/Product/Texture/Image/IconTools/IconAlterRole09.png	Assets/Product/Texture/Image/IconToolsSp/IconAlterRole09Sp.png	16	5	100004		9999				999					1	100		[3,1368,1]		
40922	评定手册碎片自选	在仓库-道具界面使用该道具。	使用后可以从丽芙·仰光、罗塞塔·凛冽、里·乱数、卡列尼娜·烬燃、七实·脉冲、神威·暗能、露西亚·深红之渊、比安卡·真理、薇拉·绯耀、丽芙·极昼、卡列尼娜·辉晓、比安卡·深痕、露西亚·深红囚影、亚里莎·回音、渡边·尘铭、露娜·终焉的逆元碎片中任选一个。	Assets/Product/Texture/Image/IconTools/IconAlterRole10.png	Assets/Product/Texture/Image/IconToolsSp/IconAlterRole10Sp.png	16	5	100004		9999				999					1	100		[3,1370,1]		
40923	评定手册碎片自选	在仓库-道具界面使用该道具。	使用后可以从丽芙·仰光、罗塞塔·凛冽、里·乱数、卡列尼娜·烬燃、七实·脉冲、神威·暗能、露西亚·深红之渊、比安卡·真理、薇拉·绯耀、丽芙·极昼、卡列尼娜·辉晓、比安卡·深痕、露西亚·深红囚影、亚里莎·回音、渡边·尘铭、露娜·终焉、含英·檀心的逆元碎片中任选一个。	Assets/Product/Texture/Image/IconTools/IconAlterRole12.png	Assets/Product/Texture/Image/IconToolsSp/IconAlterRole12Sp.png	16	5	100004		9999				999					1	100		[3,1435,1]		
40924	评定手册碎片自选	在仓库-道具界面使用该道具。	使用后可以从丽芙·仰光、罗塞塔·凛冽、里·乱数、卡列尼娜·烬燃、七实·脉冲、神威·暗能、露西亚·深红之渊、比安卡·真理、薇拉·绯耀、丽芙·极昼、卡列尼娜·辉晓、比安卡·深痕、露西亚·深红囚影、亚里莎·回音、渡边·尘铭、露娜·终焉、含英·檀心、七实·芒星之迹的逆元碎片中任选一个。	Assets/Product/Texture/Image/IconTools/IconAlterRole13.png	Assets/Product/Texture/Image/IconToolsSp/IconAlterRole13.png	16	5	100004		9999				999					1	100		[3,1470,1]		
40925	评定手册碎片自选	在仓库-道具界面使用该道具。	使用后可以从丽芙·仰光、罗塞塔·凛冽、里·乱数、卡列尼娜·烬燃、七实·脉冲、神威·暗能、露西亚·深红之渊、比安卡·真理、薇拉·绯耀、丽芙·极昼、卡列尼娜·辉晓、比安卡·深痕、露西亚·深红囚影、亚里莎·回音、渡边·尘铭、露娜·终焉、含英·檀心、七实·芒星之迹、露西亚·誓焰的逆元碎片中任选一个。	Assets/Product/Texture/Image/IconTools/IconAlterRole14.png	Assets/Product/Texture/Image/IconToolsSp/IconAlterRole14Sp.png	16	5	100004		9999				999					1	100		[3,1471,1]		
50000	基准角色研发券	研发角色用的道具。	统一配发给各执行者小队的资格券，累积多个以后可以使用一次构造体的研发设备。	Assets/Product/Texture/Image/IconTools/IconConsumeTicC3.png	Assets/Product/Texture/Image/IconToolsSp/IconConsumeTicC3Sp.png	32772	5	800		999999				9999										
50001	基准武器研发券	研发武器用的道具。	统一配发给各执行者小队的资格券，累积多个以后可以使用一次装备的研发设备。	Assets/Product/Texture/Image/IconTools/IconConsumeTicC2.png	Assets/Product/Texture/Image/IconToolsSp/IconConsumeTicC2Sp.png	32772	5	800		999999				9999										
50002	基准意识研发券	研发意识用的道具。	统一配发给各执行者小队的资格券，累积多个以后可以使用一次装备的研发设备。	Assets/Product/Texture/Image/IconTools/IconConsumeTicC1.png	Assets/Product/Texture/Image/IconToolsSp/IconConsumeTicC1Sp.png	32772	5	800		999999				9999										
50003	狙击武器研发券	研发特定武器用的道具。	统一配发给各执行者小队的资格券，累积多个以后可以使用一次特殊装备的研发设备。	Assets/Product/Texture/Image/IconTools/IconConsumeTicD2.png	Assets/Product/Texture/Image/IconToolsSp/IconConsumeTicD2Sp.png	32772	5	800		999999				9999										
50004	狙击意识研发券	研发特定意识用的道具。	统一配发给各执行者小队的资格券，累积多个以后可以使用一次特殊装备的研发设备。	Assets/Product/Texture/Image/IconTools/IconConsumeTicD1.png	Assets/Product/Texture/Image/IconToolsSp/IconConsumeTicD1Sp.png	32772	5	800		999999				9999										
50005	活动角色研发券	研发特定活动道具用的道具。	统一配发给各执行者小队的资格券，累积多个以后可以使用一次构造体的研发设备。	Assets/Product/Texture/Image/IconTools/IconConsumeTicF3.png	Assets/Product/Texture/Image/IconToolsSp/IconConsumeTicF3Sp.png	32772	5	800		999999				9999										
50006	活动武器研发券	研发特定活动道具用的道具。	统一配发给各执行者小队的资格券，累积多个以后可以使用一次特殊装备的研发设备。	Assets/Product/Texture/Image/IconTools/IconConsumeTicE3.png	Assets/Product/Texture/Image/IconToolsSp/IconConsumeTicE3Sp.png	32772	5	800		999999				9999										
50007	联动角色研发券	联动道具，过期后转化为活动角色研发券。	统一配发给各执行者小队的资格券，累积多个以后可以使用一次构造体的研发设备。	Assets/Product/Texture/Image/IconTools/IconNierRoleCard.png	Assets/Product/Texture/Image/IconToolsSp/IconNierRoleCardSp.png	32772	5	800		99999				9999	1	2020/12/24 10:00	6048000	817			true			
50008	联动武器研发券	联动道具，过期后转化为狙击武器研发券。	统一配发给各执行者小队的资格券，累积多个以后可以使用一次特殊装备的研发设备。	Assets/Product/Texture/Image/IconTools/IconNierWeaponsCard.png	Assets/Product/Texture/Image/IconToolsSp/IconNierWeaponsCardSp.png	32772	5	800		99999				9999	1	2020/12/24 10:00	6048000	818			true			
50009	辅助机研发券	研发支援单位用的道具。	统一配发给各执行者小队的资格券，累积多个以后可以使用一次支援单位的研发设备。	Assets/Product/Texture/Image/IconTools/IconConsumeTicD4.png	Assets/Product/Texture/Image/IconToolsSp/IconConsumeTicD4Sp.png	32772	5	800		999999				9999										
50010	联动角色研发券	联动道具，过期后转化为活动角色研发券。	统一配发给各执行者小队的资格券，累积多个以后可以使用一次构造体的研发设备。	Assets/Product/Texture/Image/IconTools/IconNierRoleCard.png	Assets/Product/Texture/Image/IconToolsSp/IconNierRoleCardSp.png	32772	5	800		99999				9999	1	2021/8/26 10:00	2419200	817			true			
50011	联动武器研发券	联动道具，过期后转化为狙击武器研发券。	统一配发给各执行者小队的资格券，累积多个以后可以使用一次特殊装备的研发设备。	Assets/Product/Texture/Image/IconTools/IconNierWeaponsCard.png	Assets/Product/Texture/Image/IconToolsSp/IconNierWeaponsCardSp.png	32772	5	800		99999				9999	1	2021/8/26 10:00	2419200	818			true			
50012	BRS联动角色研发券	联动道具，过期后转化为活动角色研发券。	统一配发给各执行者小队的资格券，累积多个以后可以使用一次构造体的研发设备，但似乎可以连接起特殊的羁绊。	Assets/Product/Texture/Image/IconTools/IconBRSRoleCard.png	Assets/Product/Texture/Image/IconToolsSp/IconBRSRoleCardSp.png	32772	5	800		99999				9999	1	2023/8/24 18:00	2476740	817			true			
50013	BRS联动武器研发券	联动道具，过期后转化为狙击武器研发券。	统一配发给各执行者小队的资格券，累积多个以后可以使用一次特殊装备的研发设备，在被新的力量影响后，能与那神秘世界中的物品产生共鸣。	Assets/Product/Texture/Image/IconTools/IconBRSWeaponsCard.png	Assets/Product/Texture/Image/IconToolsSp/IconBRSWeaponsCardSp.png	32772	5	800		99999				9999	1	2023/8/24 18:00	2476740	818			true			
50014	鬼泣角色研发券	联动道具，过期后转化为活动角色研发券。	统一配发给各执行者小队的资格券，累积多个以后可以使用一次构造体的研发设备，但似乎可以连接起特殊的羁绊。	Assets/Product/Texture/Image/IconTools/IconDMCRoleCard.png	Assets/Product/Texture/Image/IconToolsSp/IconDMCRoleCardSp.png	32772	5	800		99999				9999	1	2025/5/22 7:00	3621600	817			true			
50015	鬼泣武器研发券	联动道具，过期后转化为狙击武器研发券。	统一配发给各执行者小队的资格券，累积多个以后可以使用一次特殊装备的研发设备，在被新的力量影响后，能与那神秘世界中的物品产生共鸣。	Assets/Product/Texture/Image/IconTools/IconDMCWeaponsCard.png	Assets/Product/Texture/Image/IconToolsSp/IconDMCWeaponsCardSp.png	32772	5	800		99999				9999	1	2025/5/22 7:00	3621600	818			true			
50016	异界装备研发券	联动道具，过期后转化为辅助机研发券。	统一配发给各执行者小队的资格券，累积多个以后可以使用一次支援单位的研发设备。但现在似乎与遥远异界中的物品产生了某种联系。	Assets/Product/Texture/Image/IconTools/IconDMCCubCard.png	Assets/Product/Texture/Image/IconToolsSp/IconDMCCubCardSp.png	32772	5	800		99999				9999	1	2025/5/22 7:00	3621600	852			true			
50017	约战角色研发券	联动道具，过期后转化为活动角色研发券。	统一配发给各执行者小队的资格券，累积多个以后可以使用一次构造体的研发设备。使用后似乎能和某位来自异界的访客产生新的邂逅。	Assets/Product/Texture/Image/IconTools/IconDateALiveRoleCard.png	Assets/Product/Texture/Image/IconToolsSp/IconDateALiveRoleCardSp.png	32772	5	800		99999				9999	1	2026/9/29 10:00	3074340	817			true			
50018	约战武器研发券	联动道具，过期后转化为狙击武器研发券。	统一配发给各执行者小队的资格券，累积多个以后可以使用一次特殊装备的研发设备，但现在似乎和异界中的某件灵装产生了连结。	Assets/Product/Texture/Image/IconTools/IconDateALiveWeaponsCard.png	Assets/Product/Texture/Image/IconToolsSp/IconDateALiveWeaponsCardSp.png	32772	5	800		99999				9999	1	2026/9/29 10:00	3074340	818			true			
50019	约战装备研发券	联动道具，过期后转化为辅助机研发券。	统一配发给各执行者小队的资格券，累积多个以后可以使用一次支援单位的研发设备。现在似乎可以响应某种神秘力量的召唤。	Assets/Product/Texture/Image/IconTools/IconDateALiveCubCard.png	Assets/Product/Texture/Image/IconToolsSp/IconDateALiveCubCardSp.png	32772	5	800		99999				9999	1	2026/9/29 10:00	3074340	852			true			
50020	狙击武器研发券	研发特定武器用的道具。	统一配发给各执行者小队的资格券，累积多个以后可以使用一次特殊装备的研发设备。	Assets/Product/Texture/Image/IconTools/IconConsumeTicD2.png	Assets/Product/Texture/Image/IconToolsSp/IconConsumeTicD2Sp.png	32772	5	800		999999				9999										
50021	约战角色研发券	联动道具，过期后转化为活动角色研发券。	统一配发给各执行者小队的资格券，累积多个以后可以使用一次构造体的研发设备。使用后似乎能和某位来自异界的访客产生新的邂逅。	Assets/Product/Texture/Image/IconTools/IconDateALiveRoleCard.png	Assets/Product/Texture/Image/IconToolsSp/IconDateALiveRoleCardSp.png	32772	5	800		99999				9999	1	2026/9/29 10:00	3074340	817			true			
50022	约战武器研发券	联动道具，过期后转化为狙击武器研发券。	统一配发给各执行者小队的资格券，累积多个以后可以使用一次特殊装备的研发设备，但现在似乎和异界中的某件灵装产生了连结。	Assets/Product/Texture/Image/IconTools/IconDateALiveWeaponsCard.png	Assets/Product/Texture/Image/IconToolsSp/IconDateALiveWeaponsCardSp.png	32772	5	800		99999				9999	1	2026/9/29 10:00	3074340	818			true			
50023	约战装备研发券	联动道具，过期后转化为辅助机研发券。	统一配发给各执行者小队的资格券，累积多个以后可以使用一次支援单位的研发设备。现在似乎可以响应某种神秘力量的召唤。	Assets/Product/Texture/Image/IconTools/IconDateALiveCubCard.png	Assets/Product/Texture/Image/IconToolsSp/IconDateALiveCubCardSp.png	32772	5	800		99999				9999	1	2026/9/29 10:00	3074340	852			true			
50100	年禧密约认证卡	研发特定活动道具用的道具。	统一配发给各执行者小队的资格券，累积多个以后可以使用一次涂装的研发设备。	Assets/Product/Texture/Image/IconTools/IconActivityConsumeTic2101001.png	Assets/Product/Texture/Image/IconToolsSp/IconActivityConsumeTic2101001Sp.png	32772	5	800		99999				9999	1	2021/2/4 10:00	1814400	820			true			
50101	人鱼赠礼	研发特定活动道具用的道具。	统一配发给各执行者小队的资格券，累积多个以后可以使用一次涂装的研发设备。	Assets/Product/Texture/Image/IconTools/IconActivityConsumeTic2101002.png	Assets/Product/Texture/Image/IconToolsSp/IconActivityConsumeTic2101002Sp.png	32772	5	800		99999				9999	1	2021/7/15 10:00	2419200	820			true			
50102	启程补给卡	研发特定活动道具用的道具。	统一配发给各执行者小队的资格券，累积多个以后可以使用一次研发设备。	Assets/Product/Texture/Image/IconTools/IconActivityConsumeTic2101003.png	Assets/Product/Texture/Image/IconToolsSp/IconActivityConsumeTic2101003Sp.png	32772	5	800		99999				9999	1	2021/8/13 10:00	1123200	826			true			
50103	‘福气’	可在【得福行商】商店购买商品。	正所谓福到运到，新年到来，看见这个库洛洛，你必定能整年福气满满！（*活动结束后将会过期并且不做过期返还，请指挥官尽快前往“得福行商”商店消费使用）	Assets/Product/Texture/Image/IconTools/IconActivityConsumeTic2101004.png	Assets/Product/Texture/Image/IconToolsSp/IconActivityConsumeTic2101004Sp.png	4	5	800		99999				9999	1	2022/1/27 10:00	2505600							
50104	行运袋	可在【行运聚宝】活动中试试手气。	一个鼓鼓囊囊的神秘袋子！里面藏着的运气，你一定能抓住！（*活动结束后将会过期并且不做过期返还，请指挥官尽快前往“行运聚宝”活动进行抽取）	Assets/Product/Texture/Image/IconTools/IconActivityConsumeTic2101005.png	Assets/Product/Texture/Image/IconToolsSp/IconActivityConsumeTic2101005Sp.png	4	5	800		99999				9999	1	2022/1/27 10:00	2505600							
50105	晓途研发券	研发特定活动道具用的道具。	统一配发给各执行者小队的资格券，累积多个以后可以使用一次研发设备。	Assets/Product/Texture/Image/IconTools/IconActivityConsumeTicEv22.png	Assets/Product/Texture/Image/IconToolsSp/IconActivityConsumeTicEv22Sp.png	32772	5	800		99999				9999	1	2022/6/17 10:00	1468800	826			true			
50106	织梦灵光	【绮愿稚梦】研发活动用的道具。	只要记忆中的痕迹不曾消散，实现梦想的魔法就永远存在。	Assets/Product/Texture/Image/IconTools/IconActivityConsumeTicEv23.png	Assets/Product/Texture/Image/IconToolsSp/IconActivityConsumeTicEv23Sp.png	32772	5	800		99999				9999	1	2022/7/14 10:00	2419200	820			true			
50107	人鱼赠礼	研发特定活动道具用的道具。	统一配发给各执行者小队的资格券，累积多个以后可以使用一次涂装的研发设备。	Assets/Product/Texture/Image/IconTools/IconActivityConsumeTic2101002.png	Assets/Product/Texture/Image/IconToolsSp/IconActivityConsumeTic2101002Sp.png	32772	5	800		99999				9999	1	2022/10/14 10:00	1814400	820			true			
50108	覆雪繁花	【拾梦白菀】研发活动用道具	在那座教堂中种下花朵，愿繁花能将雪原融化。	Assets/Product/Texture/Image/IconTools/IconActivityConsumeTicEv24.png	Assets/Product/Texture/Image/IconToolsSp/IconActivityConsumeTicEv24Sp.png	32772	5	800		99999				9999	1	2023/1/6 10:00	2419140	909			true			
50109	画册—拾梦白菀	在图鉴—画册中解锁对应内容	解锁后可以设置为自定义加载背景	Assets/Product/Texture/Image/IconTools/ItEpicGacha01.png	Assets/Product/Texture/Image/IconToolsSp/ItEpicGacha01Sp.png	262148	5	800		99999				9999										
50110	晖迹研发券	研发特定活动道具用的道具。	统一配发给各执行者小队的资格券，累积多个以后可以使用一次研发设备。	Assets/Product/Texture/Image/IconTools/IconActivityConsumeTicEv28.png	Assets/Product/Texture/Image/IconToolsSp/IconActivityConsumeTicEv28Sp.png	32772	5	800		99999				9999	1	2023/2/23 10:00	2159940	826			true			
50111	绀华密约	研发特定活动道具用的道具。	统一配发给各执行者小队的资格券，累积多个以后可以使用一次涂装的研发设备。	Assets/Product/Texture/Image/IconTools/IconActivityConsumeTicEv30.png	Assets/Product/Texture/Image/IconToolsSp/IconActivityConsumeTicEv30Sp.png	32772	5	800		99999				9999	1	2023/5/5 10:00	2419200	820			true			
50112	演唱会门票	【炸裂霓虹】研发活动用道具	康斯塔雷耶乐园节的演唱会门票。盛大的舞台之上，一颗炫目的新星即将炸裂登场！	Assets/Product/Texture/Image/IconTools/UiLottoCardEv32.png	Assets/Product/Texture/Image/IconToolsSp/UiLottoCardEv32Sp.png	32772	5	800		99999				9999	1	2023/7/28 10:00	2332740	820			true			
50113	画册—炸裂霓虹☆	在图鉴—画册中解锁对应内容	解锁后可以设置为自定义加载背景	Assets/Product/Texture/Image/IconTools/ItEpicLotto01.png	Assets/Product/Texture/Image/IconToolsSp/ItEpicLotto01Sp.png	262148	5	800		99999				9999										
50114	覆雪繁花	【拾梦白菀】研发活动用道具	在那座教堂中种下花朵，愿繁花能将雪原融化。	Assets/Product/Texture/Image/IconTools/IconActivityConsumeTicEv24.png	Assets/Product/Texture/Image/IconToolsSp/IconActivityConsumeTicEv24Sp.png	32772	5	800		99999				9999	1	2023/8/31 10:00	2419140	909			true			
50115	画册—拾梦白菀	在图鉴—画册中解锁对应内容	解锁后可以设置为自定义加载背景	Assets/Product/Texture/Image/IconTools/ItEpicGacha02.png	Assets/Product/Texture/Image/IconToolsSp/ItEpicGacha02Sp.png	262148	5	800		99999				9999										
50116	英兰令	【绮影凛然】研发活动用道具	一封来自空都诗社的信函，行文优美，用华丽的辞藻表达了对某位传奇女将的赞誉。	Assets/Product/Texture/Image/IconTools/UiLottoCardEv209.png	Assets/Product/Texture/Image/IconToolsSp/UiLottoCardEv209Sp.png	32772	5	800		99999				9999	1	2023/11/16 10:00	2419140	820			true			
50117	画册—绮影凛然	在图鉴—画册中解锁对应内容	解锁后可以设置为自定义加载背景	Assets/Product/Texture/Image/IconTools/ItEpicLotto02.png	Assets/Product/Texture/Image/IconToolsSp/ItEpicLotto02Sp.png	262148	5	800		99999				9999										
50118	织梦灵光	【绮愿稚梦】研发活动用的道具。	只要记忆中的痕迹不曾消散，实现梦想的魔法就永远存在。	Assets/Product/Texture/Image/IconTools/IconActivityConsumeTicEv23.png	Assets/Product/Texture/Image/IconToolsSp/IconActivityConsumeTicEv23Sp.png	32772	5	800		99999				9999	1	2023/12/21 10:00	2505540	820			true			
50119	海鳞	【茕心溯愿】研发活动用道具	晚汐褪去海的鳞片，留在沙滩上，刻记海与陆相会的涟漪。	Assets/Product/Texture/Image/IconTools/UiGachaCardEv211.png	Assets/Product/Texture/Image/IconToolsSp/UiGachaCardEv211Sp.png	32772	5	800		99999				9999	1	2024/2/8 10:00	2419140	909			true			
50120	画册—茕心溯愿	在图鉴—画册中解锁对应内容	解锁后可以设置为自定义加载背景	Assets/Product/Texture/Image/IconTools/ItEpicGacha03.png	Assets/Product/Texture/Image/IconToolsSp/ItEpicGacha03Sp.png	262148	5	800		99999				9999										
50121	援护研发券	研发特定活动道具用的道具。	统一配发给各执行者小队的资格券，累积多个以后可以使用一次研发设备。	Assets/Product/Texture/Image/IconTools/IconActivityConsumeTicEv29.png	Assets/Product/Texture/Image/IconToolsSp/IconActivityConsumeTicEv29Sp.png	32772	5	800		99999				9999	1	2024/3/28 10:00	1814340	826			true			
50122	演唱会门票	【炸裂霓虹】研发活动用道具	康斯塔雷耶乐园节的演唱会门票。盛大的舞台之上，一颗炫目的新星即将炸裂登场！	Assets/Product/Texture/Image/IconTools/UiLottoCardEv32.png	Assets/Product/Texture/Image/IconToolsSp/UiLottoCardEv32Sp.png	32772	5	800		99999				9999	1	2024/4/25 10:00	2419140	820			true			
50123	画册—炸裂霓虹☆	在图鉴—画册中解锁对应内容	解锁后可以设置为自定义加载背景	Assets/Product/Texture/Image/IconTools/ItEpicLotto01.png	Assets/Product/Texture/Image/IconToolsSp/ItEpicLotto01Sp.png	262148	5	800		99999				9999										
50124	散椿赤华	【赤樗椿】研发活动用道具	破障守护的信物，一期一会的见证。	Assets/Product/Texture/Image/IconTools/UiGachaCardEv215.png	Assets/Product/Texture/Image/IconToolsSp/UiGachaCardEv215Sp.png	32772	5	800		99999				9999	1	2024/7/18 10:00	2419140	909			true			
50125	画册—赤樗椿	在图鉴—画册中解锁对应内容	解锁后可以设置为自定义加载背景	Assets/Product/Texture/Image/IconTools/ItEpicGacha04.png	Assets/Product/Texture/Image/IconToolsSp/ItEpicGacha04Sp.png	262148	5	800		99999				9999										
50126	海鳞	【茕心溯愿】研发活动用道具	晚汐褪去海的鳞片，留在沙滩上，刻记海与陆相会的涟漪。	Assets/Product/Texture/Image/IconTools/UiGachaCardEv211.png	Assets/Product/Texture/Image/IconToolsSp/UiGachaCardEv211Sp.png	32772	5	800		99999				9999	1	2024/8/22 7:00	3016800	909			true			
50127	画册—茕心溯愿	在图鉴—画册中解锁对应内容	解锁后可以设置为自定义加载背景	Assets/Product/Texture/Image/IconTools/ItEpicGacha05.png	Assets/Product/Texture/Image/IconToolsSp/ItEpicGacha05Sp.png	262148	5	800		99999				9999										
50128	灿星研发劵	研发特定活动道具用的道具。	统一配发给各执行者小队的资格券，累积多个以后可以使用一次研发设备。	Assets/Product/Texture/Image/IconTools/IconActivityConsumeTicEv217.png	Assets/Product/Texture/Image/IconToolsSp/IconActivityConsumeTicEv217Sp.png	32772	5	800		99999				9999	1	2024/10/3 10:00	2419140	826			true			
50129	覆雪繁花	【拾梦白菀】研发活动用道具	在那座教堂中种下花朵，愿繁花能将雪原融化。	Assets/Product/Texture/Image/IconTools/IconActivityConsumeTicEv24.png	Assets/Product/Texture/Image/IconToolsSp/IconActivityConsumeTicEv24Sp.png	32772	5	800		99999				9999	1	2024/10/3 10:00	2419140	909			true			
50130	循星研发券	研发特定活动道具用的道具。	统一配发的特殊研发券，可以用在研发设备的使用上。	Assets/Product/Texture/Image/IconTools/IconWheelchairItem01.png	Assets/Product/Texture/Image/IconToolsSp/IconWheelchairItem01Sp.png	32772	5	800		99999				9999										
50131	神明之心	【罪妄月华】研发活动用道具	祭献我心，引神沉沦。	Assets/Product/Texture/Image/IconTools/UiLottoCardEv300.png	Assets/Product/Texture/Image/IconToolsSp/UiLottoCardEv300Sp.png	32772	5	800		99999				9999	1	2024/11/14 10:00	2419140	820			true			
50132	画册—罪妄月华	在图鉴—画册中解锁对应内容	解锁后可以设置为自定义加载背景	Assets/Product/Texture/Image/IconTools/ItEpicLotto03.png	Assets/Product/Texture/Image/IconToolsSp/ItEpicLotto03Sp.png	262148	5	800		99999				9999										
50133	妄婪限时研发券	【妄婪研发】研发活动用道具	洛普拉多斯为高级会员配发的金色票据，可用于妄婪研发活动。 纸醉金迷的狂欢，觥筹交错的鼓噪……只要欲望没有得到满足，今夜豪奢的飨宴便永远不会落幕。	Assets/Product/Texture/Image/IconTools/IconGachaCanLiver01.png	Assets/Product/Texture/Image/IconToolsSp/IconGachaCanLiver01Sp.png	32772	5	800		99999				9999										
50134	妄婪常规研发券	【妄婪研发】研发活动用道具	洛普拉多斯为常规会员配发的银色票据，可用于妄婪研发活动。 “桌上的每个人都是输家，真正的力量永远匿身于牌局之外。”	Assets/Product/Texture/Image/IconTools/IconGachaCanLiver02.png	Assets/Product/Texture/Image/IconToolsSp/IconGachaCanLiver02Sp.png	32772	5	800		99999				9999										
50135	妄婪幸运币	【妄婪研发】牌具商店道具	洛普拉多斯的幸运纪念币，可在牌具商店中兑换商品。 “您不必为牌局外的任何琐事担忧，洛普拉多斯会满足您对衣食住行的一切需要。”	Assets/Product/Texture/Image/IconTools/IconGachaCanLiver03.png	Assets/Product/Texture/Image/IconToolsSp/IconGachaCanLiver03Sp.png	32772	5	800		999999				9999										
50136	永恒心誓	【拂晓长誓】研发活动用道具	“黄金永不褪色，玉钻永葆完满，一如牵系你我的誓言。”	Assets/Product/Texture/Image/IconTools/UiGachaCardEv302.png	Assets/Product/Texture/Image/IconToolsSp/UiGachaCardEv302Sp.png	32772	5	800		99999				9999	1	2025/1/23 7:00	3621600	909			true			
50137	画册—拂晓长誓	在图鉴—画册中解锁对应内容	解锁后可以设置为自定义加载背景	Assets/Product/Texture/Image/IconTools/ItEpicGacha06.png	Assets/Product/Texture/Image/IconToolsSp/ItEpicGacha06Sp.png	262148	5	800		99999				9999										
50138	散椿赤华	【赤樗椿】研发活动用道具	破障守护的信物，一期一会的见证。	Assets/Product/Texture/Image/IconTools/UiGachaCardEv215.png	Assets/Product/Texture/Image/IconToolsSp/UiGachaCardEv215Sp.png	32772	5	800		99999				9999	1	2025/3/6 7:00	3016800	909			true			
50139	画册—赤樗椿	在图鉴—画册中解锁对应内容	解锁后可以设置为自定义加载背景	Assets/Product/Texture/Image/IconTools/ItEpicGacha07.png	Assets/Product/Texture/Image/IconToolsSp/ItEpicGacha07Sp.png	262148	5	800		99999				9999										
50140	海鳞	【茕心溯愿】研发活动用道具	晚汐褪去海的鳞片，留在沙滩上，刻记海与陆相会的涟漪。	Assets/Product/Texture/Image/IconTools/UiGachaCardEv211.png	Assets/Product/Texture/Image/IconToolsSp/UiGachaCardEv211Sp.png	32772	5	800		99999				9999	1	2025/3/6 7:00	3016800	909			true			
50141	画册—茕心溯愿	在图鉴—画册中解锁对应内容	解锁后可以设置为自定义加载背景	Assets/Product/Texture/Image/IconTools/ItEpicGacha05.png	Assets/Product/Texture/Image/IconToolsSp/ItEpicGacha05Sp.png	262148	5	800		99999				9999										
50142	覆雪繁花	【拾梦白菀】研发活动用道具	在那座教堂中种下花朵，愿繁花能将雪原融化。	Assets/Product/Texture/Image/IconTools/IconActivityConsumeTicEv24.png	Assets/Product/Texture/Image/IconToolsSp/IconActivityConsumeTicEv24Sp.png	32772	5	800		99999				9999	1	2025/3/6 7:00	3016800	909			true			
50143	画册—拾梦白菀	在图鉴—画册中解锁对应内容	解锁后可以设置为自定义加载背景	Assets/Product/Texture/Image/IconTools/ItEpicGacha02.png	Assets/Product/Texture/Image/IconToolsSp/ItEpicGacha02Sp.png	262148	5	800		99999				9999										
50144	神明之心	【罪妄月华】研发活动用道具	祭献我心，引神沉沦。	Assets/Product/Texture/Image/IconTools/UiLottoCardEv300.png	Assets/Product/Texture/Image/IconToolsSp/UiLottoCardEv300Sp.png	32772	5	800		99999				9999	1	2025/5/29 7:00	3016800	820			true			
50145	英兰令	【绮影凛然】研发活动用道具	一封来自空都诗社的信函，行文优美，用华丽的辞藻表达了对某位传奇女将的赞誉。	Assets/Product/Texture/Image/IconTools/UiLottoCardEv209.png	Assets/Product/Texture/Image/IconToolsSp/UiLottoCardEv209Sp.png	32772	5	800		99999				9999	1	2025/5/29 7:00	3016800	820			true			
50146	演唱会门票	【炸裂霓虹】研发活动用道具	康斯塔雷耶乐园节的演唱会门票。盛大的舞台之上，一颗炫目的新星即将炸裂登场！	Assets/Product/Texture/Image/IconTools/UiLottoCardEv32.png	Assets/Product/Texture/Image/IconToolsSp/UiLottoCardEv32Sp.png	32772	5	800		99999				9999	1	2025/5/29 7:00	3016800	820			true			
50147	织梦灵光	【绮愿稚梦】研发活动用的道具。	只要记忆中的痕迹不曾消散，实现梦想的魔法就永远存在。	Assets/Product/Texture/Image/IconTools/IconActivityConsumeTicEv23.png	Assets/Product/Texture/Image/IconToolsSp/IconActivityConsumeTicEv23Sp.png	32772	5	800		99999				9999	1	2025/5/29 7:00	3016800	820			true			
50148	画册—罪妄月华	在图鉴—画册中解锁对应内容	解锁后可以设置为自定义加载背景	Assets/Product/Texture/Image/IconTools/ItEpicLotto04.png	Assets/Product/Texture/Image/IconToolsSp/ItEpicLotto04Sp.png	262148	5	800		99999				9999										
50149	结铃守	【缘纺祈糸】研发活动用道具	铃系所念，永结同心，守愿如初。	Assets/Product/Texture/Image/IconTools/UiGachaCardEv306.png	Assets/Product/Texture/Image/IconToolsSp/UiGachaCardEv306Sp.png	32772	5	800		99999				9999	1	2025/7/3 7:00	4226400	909			true			
50150	画册—缘纺祈糸	在图鉴—画册中解锁对应内容	解锁后可以设置为自定义加载背景	Assets/Product/Texture/Image/IconTools/ItEpicGacha08.png	Assets/Product/Texture/Image/IconToolsSp/ItEpicGacha08Sp.png	262148	5	800		99999				9999										
50151	画册—拂晓长誓	在图鉴—画册中解锁对应内容	解锁后可以设置为自定义加载背景	Assets/Product/Texture/Image/IconTools/ItEpicGacha09.png	Assets/Product/Texture/Image/IconToolsSp/ItEpicGacha09Sp.png	262148	5	800		99999				9999										
50152	永恒心誓	【拂晓长誓】研发活动用道具	“黄金永不褪色，玉钻永葆完满，一如牵系你我的誓言。”	Assets/Product/Texture/Image/IconTools/UiGachaCardEv302.png	Assets/Product/Texture/Image/IconToolsSp/UiGachaCardEv302Sp.png	32772	5	800		99999				9999	1	2025/9/25 7:00	4226400	909			true			
50153	散椿赤华	【赤樗椿】研发活动用道具	破障守护的信物，一期一会的见证。	Assets/Product/Texture/Image/IconTools/UiGachaCardEv215.png	Assets/Product/Texture/Image/IconToolsSp/UiGachaCardEv215Sp.png	32772	5	800		99999				9999	1	2025/9/25 7:00	4226400	909			true			
50154	海鳞	【茕心溯愿】研发活动用道具	晚汐褪去海的鳞片，留在沙滩上，刻记海与陆相会的涟漪。	Assets/Product/Texture/Image/IconTools/UiGachaCardEv211.png	Assets/Product/Texture/Image/IconToolsSp/UiGachaCardEv211Sp.png	32772	5	800		99999				9999	1	2025/9/25 7:00	4226400	909			true			
50155	覆雪繁花	【拾梦白菀】研发活动用道具	在那座教堂中种下花朵，愿繁花能将雪原融化。	Assets/Product/Texture/Image/IconTools/IconActivityConsumeTicEv24.png	Assets/Product/Texture/Image/IconToolsSp/IconActivityConsumeTicEv24Sp.png	32772	5	800		99999				9999	1	2025/9/25 7:00	4226400	909			true			
50156	决锋研发券	研发特定活动道具用的道具。	统一配发给各执行者小队的资格券，累积多个以后可以使用一次研发设备。	Assets/Product/Texture/Image/IconTools/IconActivityConsumeTicEv218.png	Assets/Product/Texture/Image/IconToolsSp/IconActivityConsumeTicEv218Sp.png	32772	5	800		99999				9999	1	2025/10/9 10:00	3006000	826			true			
50157	“秩序与混乱”	【夜诏终章】研发活动用道具	前路浮沉，行人无法窥见远方，那就依靠这枚骰子吧。	Assets/Product/Texture/Image/IconTools/UiLottoCardEv400.png	Assets/Product/Texture/Image/IconToolsSp/UiLottoCardEv400Sp.png	32772	5	800		99999				9999	1	2025/11/13 5:00	3369600	820			true			
50158	画册—夜诏终章	在图鉴—画册中解锁对应内容	解锁后可以设置为自定义加载背景	Assets/Product/Texture/Image/IconTools/ItEpicLotto06.png	Assets/Product/Texture/Image/IconToolsSp/ItEpicLotto06Sp.png	262148	5	800		99999				9999										
50159	夜愿浮生	【旖夜咏奏】研发活动用道具	愿这一夜的华灯永不落幕，在无数个绮丽幻梦中，期许永恒的誓言。	Assets/Product/Texture/Image/IconTools/UiGachaCard402.png	Assets/Product/Texture/Image/IconToolsSp/UiGachaCard402Sp.png	32772	5	800		99999				9999	1	2026/2/3 5:00	3628800	909			true			
50160	画册—旖夜咏奏	在图鉴—画册中解锁对应内容	解锁后可以设置为自定义加载背景	Assets/Product/Texture/Image/IconTools/ItEpicGacha10.png	Assets/Product/Texture/Image/IconToolsSp/ItEpicGacha10Sp.png	262148	5	800		99999				9999										
50161	结铃守	【缘纺祈糸】研发活动用道具	铃系所念，永结同心，守愿如初。	Assets/Product/Texture/Image/IconTools/UiGachaCardEv306.png	Assets/Product/Texture/Image/IconToolsSp/UiGachaCardEv306Sp.png	32772	5	800		99999				9999	1	2026/4/28 10:00	3006000	909			true			
50162	永恒心誓	【拂晓长誓】研发活动用道具	“黄金永不褪色，玉钻永葆完满，一如牵系你我的誓言。”	Assets/Product/Texture/Image/IconTools/UiGachaCardEv302.png	Assets/Product/Texture/Image/IconToolsSp/UiGachaCardEv302Sp.png	32772	5	800		99999				9999	1	2026/4/28 10:00	3006000	909			true			
50163	散椿赤华	【赤樗椿】研发活动用道具	破障守护的信物，一期一会的见证。	Assets/Product/Texture/Image/IconTools/UiGachaCardEv215.png	Assets/Product/Texture/Image/IconToolsSp/UiGachaCardEv215Sp.png	32772	5	800		99999				9999	1	2026/4/28 10:00	3006000	909			true			
50164	海鳞	【茕心溯愿】研发活动用道具	晚汐褪去海的鳞片，留在沙滩上，刻记海与陆相会的涟漪。	Assets/Product/Texture/Image/IconTools/UiGachaCardEv211.png	Assets/Product/Texture/Image/IconToolsSp/UiGachaCardEv211Sp.png	32772	5	800		99999				9999	1	2026/4/28 10:00	3006000	909			true			
50165	永恒心誓	【拂晓长誓】研发活动用道具	“黄金永不褪色，玉钻永葆完满，一如牵系你我的誓言。”	Assets/Product/Texture/Image/IconTools/UiGachaCardEv302.png	Assets/Product/Texture/Image/IconToolsSp/UiGachaCardEv302Sp.png	32772	5	800		99999				9999	1	2026/4/28 10:00	3006000	909			true			
50166	散椿赤华	【赤樗椿】研发活动用道具	破障守护的信物，一期一会的见证。	Assets/Product/Texture/Image/IconTools/UiGachaCardEv215.png	Assets/Product/Texture/Image/IconToolsSp/UiGachaCardEv215Sp.png	32772	5	800		99999				9999	1	2026/4/28 10:00	3006000	909			true			
50167	海鳞	【茕心溯愿】研发活动用道具	晚汐褪去海的鳞片，留在沙滩上，刻记海与陆相会的涟漪。	Assets/Product/Texture/Image/IconTools/UiGachaCardEv211.png	Assets/Product/Texture/Image/IconToolsSp/UiGachaCardEv211Sp.png	32772	5	800		99999				9999	1	2026/4/28 10:00	3006000	909			true			
50168	覆雪繁花	【拾梦白菀】研发活动用道具	在那座教堂中种下花朵，愿繁花能将雪原融化。	Assets/Product/Texture/Image/IconTools/IconActivityConsumeTicEv24.png	Assets/Product/Texture/Image/IconToolsSp/IconActivityConsumeTicEv24Sp.png	32772	5	800		99999				9999	1	2026/4/28 10:00	3006000	909			true			
50169	翎愿请柬	【悠羽倾舞】研发活动用道具	少女从发饰上取下黑羽，托夜风送来她缱绻的心愿。	Assets/Product/Texture/Image/IconTools/UiGachaCard405.png	Assets/Product/Texture/Image/IconToolsSp/UiGachaCard405Sp.png	32772	5	800		99999				9999	1	2026/6/5 10:00	3610800	909			true			
50170	画册—悠羽倾舞	在图鉴—画册中解锁对应内容	解锁后可以设置为自定义加载背景	Assets/Product/Texture/Image/IconTools/ItEpicGacha11.png	Assets/Product/Texture/Image/IconToolsSp/ItEpicGacha11Sp.png	262148	5	800		99999				9999										
50171	神明之心	【罪妄月华】研发活动用道具	祭献我心，引神沉沦。	Assets/Product/Texture/Image/IconTools/UiLottoCardEv300.png	Assets/Product/Texture/Image/IconToolsSp/UiLottoCardEv300Sp.png	32772	5	800		99999				9999	1	2026/8/26 10:00	2487600	820			true			
50172	英兰令	【绮影凛然】研发活动用道具	一封来自空都诗社的信函，行文优美，用华丽的辞藻表达了对某位传奇女将的赞誉。	Assets/Product/Texture/Image/IconTools/UiLottoCardEv209.png	Assets/Product/Texture/Image/IconToolsSp/UiLottoCardEv209Sp.png	32772	5	800		99999				9999	1	2026/8/26 10:00	2487600	820			true			
50173	演唱会门票	【炸裂霓虹】研发活动用道具	康斯塔雷耶乐园节的演唱会门票。盛大的舞台之上，一颗炫目的新星即将炸裂登场！	Assets/Product/Texture/Image/IconTools/UiLottoCardEv32.png	Assets/Product/Texture/Image/IconToolsSp/UiLottoCardEv32Sp.png	32772	5	800		99999				9999	1	2026/8/26 10:00	2487600	820			true			
50174	“秩序与混乱”	【夜诏终章】研发活动用道具	前路浮沉，行人无法窥见远方，那就依靠这枚骰子吧。	Assets/Product/Texture/Image/IconTools/UiLottoCardEv400.png	Assets/Product/Texture/Image/IconToolsSp/UiLottoCardEv400Sp.png	32772	5	800		99999				9999	1	2026/8/26 10:00	2487600	820			true			
50175	夜愿浮生	【旖夜咏奏】研发活动用道具	愿这一夜的华灯永不落幕，在无数个绮丽幻梦中，期许永恒的誓言。	Assets/Product/Texture/Image/IconTools/UiGachaCard402.png	Assets/Product/Texture/Image/IconToolsSp/UiGachaCard402Sp.png	32772	5	800		99999				9999	1	2026/9/26 10:00	3438000	909			true			
50176	结铃守	【缘纺祈糸】研发活动用道具	铃系所念，永结同心，守愿如初。	Assets/Product/Texture/Image/IconTools/UiGachaCardEv306.png	Assets/Product/Texture/Image/IconToolsSp/UiGachaCardEv306Sp.png	32772	5	800		99999				9999	1	2026/9/26 10:00	3438000	909			true			
50177	永恒心誓	【拂晓长誓】研发活动用道具	“黄金永不褪色，玉钻永葆完满，一如牵系你我的誓言。”	Assets/Product/Texture/Image/IconTools/UiGachaCardEv302.png	Assets/Product/Texture/Image/IconToolsSp/UiGachaCardEv302Sp.png	32772	5	800		99999				9999	1	2026/9/26 10:00	3438000	909			true			
50178	散椿赤华	【赤樗椿】研发活动用道具	破障守护的信物，一期一会的见证。	Assets/Product/Texture/Image/IconTools/UiGachaCardEv215.png	Assets/Product/Texture/Image/IconToolsSp/UiGachaCardEv215Sp.png	32772	5	800		99999				9999	1	2026/9/26 10:00	3438000	909			true			
60000	反应物He-4	从深海侵蚀体上掉落的核聚变反应物，用来在极地活动中兑换各种物品。	深海侵蚀体靠核聚变供能，他们会将反应产物He-4收集在特定容器内，该容器也具有较高的回收价值。	Assets/Product/Texture/Image/IconTools/IconActivityConsume1901001.png	Assets/Product/Texture/Image/IconToolsSp/IconActivityConsume1901001Sp.png	3	4	10		99999				99999	1	2019/12/24 11:00	3762000		1	100				
60001	低级突破材料黑盒	使用后可随机获得1个低级突破材料	黑盒中藏有各类不明的数据，通过分析打开后或许能得知其中奥秘。	Assets/Product/Texture/Image/IconTools/ItCaseBreach001.png	Assets/Product/Texture/Image/IconToolsSp/ItCaseBreach001Sp.png	16	3	93001		99999				999					1	50		[6,1007]		
60002	高级突破材料黑盒	使用后可随机获得1个高级突破材料	黑盒中藏有各类不明的数据，通过分析打开后或许能得知其中奥秘。	Assets/Product/Texture/Image/IconTools/ItCaseBreach002.png	Assets/Product/Texture/Image/IconToolsSp/ItCaseBreach002Sp.png	16	4	93001		99999				999					1	50		[6,1008]		
60003	圣诞家具图纸集	使用后可随机获得1件圣诞图纸	精美的圣诞节礼盒，打开之前永远不知道里面藏着哪张圣诞家具图纸。	Assets/Product/Texture/Image/IconTools/ItCaseChristmas001.png	Assets/Product/Texture/Image/IconToolsSp/ItCaseChristmas001Sp.png	16	4	91001		99999				999					1	50		[2,1006]		
60100	异聚样本	异聚核心形成的异聚物样本，可在空间补给站兑换补给。	由帕弥什在特殊环境条件下所形成的异聚物，质地致密坚硬，能够表现出比通常帕弥什更加复杂的行为。	Assets/Product/Texture/Image/IconTools/IconActivityConsume2001001.png	Assets/Product/Texture/Image/IconToolsSp/IconActivityConsume2001001Sp.png	3	4	10		99999				99999	1	2020/2/6 5:00	3369600		1	100				
60101	空间作战日志	来自空间站的作战日志，可兑换日志奖励。	“日志不仅是对每天作战情况的记录和总结，更是让你们从作战日志中发现问题，促进构造体战斗经验与技巧的提升……”——某人说道，并搬出了一沓珍藏多年的典藏版空间作战日志。	Assets/Product/Texture/Image/IconTools/IconActivityPointQuest2001001.png	Assets/Product/Texture/Image/IconToolsSp/IconActivityPointQuest2001001Sp.png	3	4	10		99999				99999	1	2020/2/6 5:00	3369600							
60102	异聚晶核	异聚体层析实验的原材料，进行异聚体层析实验可获得来自空中花园的研发补给。	液态异聚物因较大的结构起伏而形成的纯净相成核，游走在空中花园科学前沿的顶端科学家们致力于通过异聚晶核进行对异聚核心的研究。	Assets/Product/Texture/Image/IconTools/IconActivityConsumeTic2001001.png	Assets/Product/Texture/Image/IconToolsSp/IconActivityConsumeTic2001001Sp.png	3	5	10		99999				99999										
60200	阿迪莱金币	由阿迪莱发行的货币，可用于活动商店兑换。	商场亦是战场，阿迪莱商业联盟凭借自己出色的贸易手段，将其发行的阿迪莱金币推广到了各处，其价值兑换比例要比普通的稀有金属类器物更高，因而已成为现今市面上的主要流通货币之一。	Assets/Product/Texture/Image/IconTools/IconActivityConsume2002001.png	Assets/Product/Texture/Image/IconToolsSp/IconActivityConsume2002001Sp.png	3	4	10		99999				99999	1	2020/3/19 5:00	3456000		1	100				
60201	磁卡车票	永驰王座深渊通行证（过期返还6星意识碎片x10)。	一张崭新的上乘座磁卡车票，上面印着阿迪莱联盟的标志和对应站点编号，可用于某些特殊区域的通行。	Assets/Product/Texture/Image/IconTools/IconActivityConsume2002002.png	Assets/Product/Texture/Image/IconToolsSp/IconActivityConsume2002002Sp.png	1048580	6	59001		99999				99999	1	2020/3/19 5:00	3456000	811	29	10	true			
60202	皇家信物	来自奥赛兰姆的皇家信物，勋功的象征，可兑换相应奖励。	如果一个人的行为足以得到列车上权贵阶级的尊重与信任，那么这枚极少赠予的信物能向世人传达权贵阶级对此人的态度，这份荣耀独一无二。	Assets/Product/Texture/Image/IconTools/IconActivityPointQuest2002001.png	Assets/Product/Texture/Image/IconToolsSp/IconActivityPointQuest2002001Sp.png	3	4	10		99999				99999	1	2020/3/19 5:00	3456000							
60300	支援配额	空中花园配发的支援凭证，可以在任务途中向空中花园申请各种支援。	空中花园为了支援指挥官的行动而设置的量化支援点数，凭借该点数可不经议长授权向空中花园要求各种支援。	Assets/Product/Texture/Image/IconTools/IconRogueLikeCurrency.png	Assets/Product/Texture/Image/IconToolsSp/IconRogueLikeCurrencySp.png	3	5	10		99999				99999										
60301	万圣节糖果	空中花园配发的万圣节糖果，可以用来奖励听话的孩子。	可在托罗之书玩法中提升宠物：迈克尔的战斗能力。	Assets/Product/Texture/Image/IconTools/IconRogueLikeCurrency2.png	Assets/Product/Texture/Image/IconTools/IconRogueLikeCurrency2sp.png	2097156	5	10		99999				99999										
60302	托罗兑换券	空中花园配发的实名兑换券，上面印有指挥官的人物形象，可以在任务途中向空中花园申请高级支援。	空中花园为了支援指挥官的行动而设置的支援凭证，凭借该证物可以获得更好的支援。	Assets/Product/Texture/Image/IconTools/IconRogueLikeCurrency3.png	Assets/Product/Texture/Image/IconTools/IconRogueLikeCurrency3sp.png	2097156	5	10		99999				99999										
60400	机械青蚨	九龙夜航船上流通的交易货币，可于虚拟市廛使用。	“传说青蚨生子，母与子分离后必会聚回一处。”由九龙商会发行的钱币，以图聚财之意象。	Assets/Product/Texture/Image/IconTools/IconActivityConsume2004001.png	Assets/Product/Texture/Image/IconToolsSp/IconActivityConsume2004001Sp.png	3	4	10		99999				99999	1	2020/3/29 5:00	3456000		1	100				
60401	全息戏票	三巡舫楼深渊通行证（过期返还6星意识碎片x10)。	九龙商会发行的一等戏票，可凭此戏票近距离观赏一次百戏班的全息傀儡演出。	Assets/Product/Texture/Image/IconTools/IconActivityConsume2004002.png	Assets/Product/Texture/Image/IconToolsSp/IconActivityConsume2004002Sp.png	1048580	6	59002		99999				99999	1	2020/3/29 5:00	3456000	812	29	10	true			
60402	电子花押	由九龙商会广储司发行，印有“曲”字的电子花押，可在广储终端系统，兑换商品。	九龙商会首领“曲”的电子花押，是九龙夜航船上进行商贸活动的凭信，作为广储终端系统的信用点，同时具有身份认证与交易的双重功用。	Assets/Product/Texture/Image/IconTools/IconActivityPointQuest2004001.png	Assets/Product/Texture/Image/IconToolsSp/IconActivityPointQuest2004001Sp.png	3	4	10		99999				99999	1	2020/3/29 5:00	3456000							
60501	钛合金币	从散落的机械部件上提炼钛金属铸造而成，因耐蚀轻便而被选为标志货币，广泛流通于芯片交易市场。	由阿西莫夫授权发行的新型合金货币，暂时仅限于意识芯片交易市场流通，是购买者对意识芯片这一领域专研程度的凭证，既是身份识别的通行证，也是高规格组件购买的必备之物。	Assets/Product/Texture/Image/IconTools/IconActivityConsume2006001.png	Assets/Product/Texture/Image/IconToolsSp/IconActivityConsume2006001Sp.png	1048580	4	59003		99999				999	1	2020/5/20 10:00	4042800		1	100				
60600	微晶交子	流通于九龙环城中的交易货币，可用于环城店肆中兑换商品。	由九龙共和银行出品的便携式超薄交易卡。使用半透明微晶材质制成，内置微型光子芯片，表面印有电路一般发着光的复杂图案。——“九龙银行，干什么都很行。”	Assets/Product/Texture/Image/IconTools/IconActivityConsume2006002.png	Assets/Product/Texture/Image/IconToolsSp/IconActivityConsume2006002Sp.png	3	4	10		99999				99999	1	2020/6/10 5:00	3456000	813	1	100	true			
60601	龙阗玉	九龙城特产龙阗玉，可用于瑰赏奉行中兑换商品。	一枚剔透的玉石吊坠，上面刻着栩栩如生、盘旋而坐着的龙，奢华且贵气。据说持此物可在某些神秘商人那换取不菲的报酬…	Assets/Product/Texture/Image/IconTools/IconActivityPointQuest2006001.png	Assets/Product/Texture/Image/IconToolsSp/IconActivityPointQuest2006001Sp.png	3	4	10		99999				99999	1	2020/6/10 5:00	3456000							
60602	晨星杯	活动期间挑战消耗血清的关卡随机掉落，可在沙冰之夏活动中获取任务奖励。	映画晨星限定冰淇淋杯，凭门票可免费在阿茂那领一杯。由草莓、巧克力棒、奶油、鲨士碧儿的形象立牌组成，看起来十分美味。但请注意，纸质立牌不可食用。	Assets/Product/Texture/Image/IconTools/IconActivityPointQuest2007001.png	Assets/Product/Texture/Image/IconToolsSp/IconActivityPointQuest2007001Sp.png	3	4	10		99999				99999	1	2020/7/9 10:00	2419200	814			true			
60700	方形筹	在夏日翻转中使用。可以翻转1个单元格。	一枚精致的方形筹码，在映画晨星中心电子游戏厅开设的风靡一时的桌面棋牌游戏中，作为用于投注的游戏代币被使用。只要持有足够多的方形筹，就能把尘封在玻璃柜中落灰的奖品统统带走——究竟是谁会这么幸运呢？	Assets/Product/Texture/Image/IconTools/IconActivityConsume2007001.png	Assets/Product/Texture/Image/IconToolsSp/IconActivityConsume2007001Sp.png	3	4	10		99				99	1	2020/6/6 5:00	6048000							
60701	一点骰	在夏日翻转中使用。可选中1个奖励图标后，使其移动一个单元格。	一枚玲珑剔透的六面骰，在映画晨星中心电子游戏厅开设的桌面棋牌游戏中使用。尽管是六面骰，所有面却都写着一，因为只能走一步。	Assets/Product/Texture/Image/IconTools/IconActivityConsume2007002.png	Assets/Product/Texture/Image/IconToolsSp/IconActivityConsume2007002Sp.png	3	4	10	[11732]	99				99	1	2020/6/6 5:00	6048000							
60800	热源混合液	流动于北极航线联合的交易货币，可于融雪补给站使用。	北极航线联合派发的配给品，北地生存的人类在雪虐风饕下生存的通用物资之一，使用后能够迅速驱散寒冷。	Assets/Product/Texture/Image/IconTools/IconActivityConsume2008001.png	Assets/Product/Texture/Image/IconToolsSp/IconActivityConsume2008001Sp.png	1048580	4	10		99999				99999	1	2020/9/3 5:00	3974400	815	1	100	true			
60801	盛夏留影拼图碎片1	盛夏留影活动中使用的碎片。	一块残缺的拼图碎片，用于激活盛夏留影拼图活动中对应的拼图块。	Assets/Product/Texture/Image/IconTools/IconActivityPuzzle01.png	Assets/Product/Texture/Image/IconToolsSp/IconActivityPuzzle01Sp.png	3	5	59004		999999				999999	1	2020/8/19 5:00	1209600							
60802	盛夏留影拼图碎片2	盛夏留影活动中使用的碎片。	一块残缺的拼图碎片，用于激活盛夏留影拼图活动中对应的拼图块。	Assets/Product/Texture/Image/IconTools/IconActivityPuzzle02.png	Assets/Product/Texture/Image/IconToolsSp/IconActivityPuzzle02Sp.png	3	5	59004		999999				999999	1	2020/8/19 5:00	1209600							
60803	盛夏留影拼图碎片3	盛夏留影活动中使用的碎片。	一块残缺的拼图碎片，用于激活盛夏留影拼图活动中对应的拼图块。	Assets/Product/Texture/Image/IconTools/IconActivityPuzzle03.png	Assets/Product/Texture/Image/IconToolsSp/IconActivityPuzzle03Sp.png	3	5	59004		999999				999999	1	2020/8/19 5:00	1209600							
60804	盛夏留影拼图碎片4	盛夏留影活动中使用的碎片。	一块残缺的拼图碎片，用于激活盛夏留影拼图活动中对应的拼图块。	Assets/Product/Texture/Image/IconTools/IconActivityPuzzle04.png	Assets/Product/Texture/Image/IconToolsSp/IconActivityPuzzle04Sp.png	3	5	59004		999999				999999	1	2020/8/19 5:00	1209600							
60805	盛夏留影拼图碎片5	盛夏留影活动中使用的碎片。	一块残缺的拼图碎片，用于激活盛夏留影拼图活动中对应的拼图块。	Assets/Product/Texture/Image/IconTools/IconActivityPuzzle05.png	Assets/Product/Texture/Image/IconToolsSp/IconActivityPuzzle05Sp.png	3	5	59004		999999				999999	1	2020/8/19 5:00	1209600							
60806	盛夏留影拼图碎片6	盛夏留影活动中使用的碎片。	一块残缺的拼图碎片，用于激活盛夏留影拼图活动中对应的拼图块。	Assets/Product/Texture/Image/IconTools/IconActivityPuzzle06.png	Assets/Product/Texture/Image/IconToolsSp/IconActivityPuzzle06Sp.png	3	5	59004		999999				999999	1	2020/8/19 5:00	1209600							
60807	盛夏留影拼图碎片7	盛夏留影活动中使用的碎片。	一块残缺的拼图碎片，用于激活盛夏留影拼图活动中对应的拼图块。	Assets/Product/Texture/Image/IconTools/IconActivityPuzzle07.png	Assets/Product/Texture/Image/IconToolsSp/IconActivityPuzzle07Sp.png	3	5	59004		999999				999999	1	2020/8/19 5:00	1209600							
60808	盛夏留影拼图碎片8	盛夏留影活动中使用的碎片。	一块残缺的拼图碎片，用于激活盛夏留影拼图活动中对应的拼图块。	Assets/Product/Texture/Image/IconTools/IconActivityPuzzle08.png	Assets/Product/Texture/Image/IconToolsSp/IconActivityPuzzle08Sp.png	3	5	59004		999999				999999	1	2020/8/19 5:00	1209600							
60810	梦境碎片	用于在梦魇挽歌活动商店购买商品。	分析解码过后带有安博莉亚信息片段的仿生机械思维模型。	Assets/Product/Texture/Image/IconTools/IconActivityConsume2008002.png	Assets/Product/Texture/Image/IconToolsSp/IconActivityConsume2008002Sp.png	3	4	10		99999				99999	1	2020/9/27 10:00	1728000							
60811	镇定剂	用于参与梦魇挽歌活动。	为了防止深潜入仿生机械网络时间过长产生意识海偏移而准备的特殊镇定剂。（镇定剂每日自动回复，用于参与梦魇挽歌活动）	Assets/Product/Texture/Image/IconTools/IconActivityActionPoint2008001.png	Assets/Product/Texture/Image/IconToolsSp/IconActivityActionPoint2008001Sp.png	3	4	10		99999				99999	1	2020/9/27 10:00	1728000							
60812	晋升许可	迈锡尼协议中用于成员升星。	由迈锡尼协议程序的规程中提供，用于为指挥官的队员提供临时权限提升功能的电子许可。	Assets/Product/Texture/Image/IconTools/IconActivityRPG01.png	Assets/Product/Texture/Image/IconToolsSp/IconActivityRPG01Sp.png	3	4	10		99999				99999										
60813	改造点数	迈锡尼协议中队伍等级提升后成员获得的点数，用于特性化改造。	迈锡尼协议程序规程中提供的临时改造额度，用于让指挥官更为灵活的调整小队的战术选择。	Assets/Product/Texture/Image/IconTools/IconActivityRPG02.png	Assets/Product/Texture/Image/IconToolsSp/IconActivityRPG02Sp.png	3	4	10		99999				99999										
60814	应援棒	在【土豆の进攻！Solon lee应援战！】活动中用以表示支持的物资。	据说只要高举着它拼命摇晃，就能给一整个团队送上力量……啊，请不要真的摇晃你的终端。	Assets/Product/Texture/Image/IconTools/ItBetlight01.png	Assets/Product/Texture/Image/IconToolsSp/ItBetlight01S.png	3	4	10		99999				99999	1	2022/3/14 12:00	6048000							
60815	队伍勋功	迈锡尼协议中用于队伍等级提升的经验值。	由迈锡尼协议程序的规程中提供的，用于为指挥官的队伍提供临时权限提升功能的电子许可。	Assets/Product/Texture/Image/IconTools/IconActivityRPG03.png	Assets/Product/Texture/Image/IconToolsSp/IconActivityRPG03Sp.png	3	4	10		99999				99999										
60816	章程面板	链携推演活动中用于参与玩法的门票。	记录着验算规范细则的数据面板，开始验算前需要将面板中的所有注意事项确认完毕。（每日5:00自动发放）	Assets/Product/Texture/Image/IconTools/IconActivityHack01.png	Assets/Product/Texture/Image/IconToolsSp/IconActivityHack01Sp.png	3	4	10		99999				99999										
60817	增益芯片	链携推演活动中用于提升增益等级的经验值。	能够提升验算效率的特制芯片，高效率的验算提供了更多的可能性，也为作战提供了新的增益思路。（首通关卡可获得）	Assets/Product/Texture/Image/IconTools/IconActivityHack02.png	Assets/Product/Texture/Image/IconToolsSp/IconActivityHack02Sp.png	3	4	10		99999				99999										
60818	应援棒2022	在【文化纪战线！传说中的红蓝大对抗！】活动中用以表示支持的物资。	并不只是好看的应援棒，还能为自己支持的团队贡献力量。	Assets/Product/Texture/Image/IconTools/ItBetlight02.png	Assets/Product/Texture/Image/IconToolsSp/ItBetlight02Sp.png	3	4	10		99999				99999	1	2022/4/21 5:00	6048000							
60820	改造积分	界限构解玩法中记录关卡相关改造信息的评估积分	所有变动到最后只有冰冷的数字能代表一切，而这是对于所有能力边界的探究。	Assets/Product/Texture/Image/IconTools/UiReformIcongoods01.png	Assets/Product/Texture/Image/IconTools/UiReformIcongoods01.png	3	4	10		99999				99999										
60821	改造积分	界限构解玩法中记录关卡相关改造信息的评估积分	所有变动到最后只有冰冷的数字能代表一切，而这是对于所有能力边界的探究。	Assets/Product/Texture/Image/IconTools/UiReformIcongoods01.png	Assets/Product/Texture/Image/IconTools/UiReformIcongoods01.png	3	4	10		99999				99999										
60830	超限积分	超限乱斗玩法中累计记录的积分		Assets/Product/Texture/Image/IconTools/UiReformIcongoods01.png	Assets/Product/Texture/Image/IconTools/UiReformIcongoods01.png	3	4	10		99999				99999										
60831	压缩能量源	用于增幅超数核心的能量，可以通过挑战超限乱斗内的对手获取		Assets/Product/Texture/Image/UiSuperSmashBros/UiSuperSmashBrosIcon01.png	Assets/Product/Texture/Image/UiSuperSmashBros/UiSuperSmashBrosIcon01.png	3	4	10		99999				99999										
60832	跃升设计图	超数核心升星所需的图纸，首次挑战超限乱斗内的对手时可获取		Assets/Product/Texture/Image/UiSuperSmashBros/UiSuperSmashBrosIcon02.png	Assets/Product/Texture/Image/UiSuperSmashBros/UiSuperSmashBrosIcon02.png	3	4	10		99999				99999										
60833	残存数据载体	用于提升队伍等级的数据集合，可在超限乱斗玩法中通过首战战胜敌人获取	被打败敌人身上的关键数据，对这些数据的解析整合有助于增强我们对于敌人的了解。	Assets/Product/Texture/Image/UiSuperSmashBros/SmashBrosIcon03.png	Assets/Product/Texture/Image/UiSuperSmashBros/SmashBrosIcon03.png	3	4	10		99999				99999										
60834	跃升设计图	超数核心升星所需的图纸，首次挑战超限乱斗内的对手时可获取		Assets/Product/Texture/Image/UiSuperSmashBros/UiSuperSmashBrosIcon02.png	Assets/Product/Texture/Image/UiSuperSmashBros/UiSuperSmashBrosIcon02.png	3	4	10		99999				99999										
60840	战术笔记	异构阵线专属角色升级所需道具		Assets/Product/Texture/Image/UiFubenMaverick/IconMaverick.png	Assets/Product/Texture/Image/UiFubenMaverick/IconMaverickSp.png	3	4	10		99999				99999										
60841	心智单元	异构阵线中用于提升心智等级,培养心智技能	无形的灵魂	Assets/Product/Texture/Image/UiMaverick2/UiMaverickIcon03.png	Assets/Product/Texture/Image/UiMaverick2/UiMaverickIcon04.png	3	4	10		99999				99999										
60842	作战笔记	异构阵线中用于商店兑换奖励	记录——	Assets/Product/Texture/Image/UiMaverick2/UiMaverickIcon01.png	Assets/Product/Texture/Image/UiMaverick2/UiMaverickIcon02.png	3	4	10		99999				99999										
60850	记录余量	用于凛冬序列中防御装置与狩猎插件的升级	观测者的记录伴随着每一步行动	Assets/Product/Texture/Image/IconTools/IconDoubleTowerCoin.png	Assets/Product/Texture/Image/IconToolsSp/IconDoubleTowerCoin.png	3	4	10		99999				99999										
60900	鉴藏章	由九龙商会囚牛众刻制的鉴藏章，可于古史宬中兑换珍贵物品。	一个金属质感的方形印章。九龙商会首领曲在古史宬中珍藏了大批文物，凡见此印，皆为珍品。	Assets/Product/Texture/Image/IconTools/IconActivityConsume2009001.png	Assets/Product/Texture/Image/IconToolsSp/IconActivityConsume2009001Sp.png	1048580	4	10		99999				99999	1	2020/9/3 5:00	3974400	815	1	100	true			
60901	双极光晶	特殊材质的双极存储器，用以在“逆光矩阵”中寻获道具。	特殊材质的双极存储器，呈现出晶体形状，用以寻找尘封的誓言与回忆。光线在晶体内流转，散发出耀眼的光芒。	Assets/Product/Texture/Image/IconTools/IconActivityConsumeTic2010001.png	Assets/Product/Texture/Image/IconToolsSp/IconActivityConsumeTic2010001Sp.png	1048580	5	10	[20055]	99999				99999	1	2020/11/26 5:00	3369600							
60902	异合生物样本	经过严密封装处理的帕弥什异合体，被从母体剥离后仍在活跃变形，需专项对策组负责采集运输。	为了调查帕弥什生物化的原因，研究部门正在收集采取自不同地区的样本进行比对分析。	Assets/Product/Texture/Image/IconTools/IconActivityConsume2010001.png	Assets/Product/Texture/Image/IconToolsSp/IconActivityConsume2010001Sp.png	1048580	4	10		99999				99999	1	2020/11/26 5:00	3369600	815	1	100	true			
60903	圣灵颂歌	特殊材质的柔和晶体，用以在“天赐眷礼”中寻获道具。	特殊材质的柔和晶体，用以寻找尘封的誓言与回忆。神圣的咏叹在其周身回响，颂唱着祝福的赞歌。	Assets/Product/Texture/Image/IconTools/IconActivityConsumeTic2010002.png	Assets/Product/Texture/Image/IconToolsSp/IconActivityConsumeTic2010002Sp.png	1048580	5	10	[20011]	99999				99999	1	2020/12/5 10:00	2419200	816			true			
61000	补强芯片	加深链接者对探索能力的数据程式，可以用来解锁新的天赋	装载着各种技能数据的芯片，可为链接者解锁各种能力方便探索。	Assets/Product/Texture/Image/UiTRPG/Trpggoodsicon02.png	Assets/Product/Texture/Image/UiTRPG/Trpggoodsicon02.png	8388612	3	10		99999				99999										
61001	战地配额	用于在商店兑换各种物资。	空中花园在地面大规模作战时临时发放的补给兑换凭证，可用于兑换特殊作战物资。	Assets/Product/Texture/Image/UiTRPG/Trpggoodsicon01.png	Assets/Product/Texture/Image/UiTRPG/Trpggoodsicon01.png	8388612	3	10		99999				99999										
61002	探索EXP	评定队伍整体战绩的数据，累积到一定程度后就能提升队伍的探索等级。		Assets/Product/Texture/Image/UiTRPG/Trpggoodsicon03.png	Assets/Product/Texture/Image/UiTRPG/Trpggoodsicon03.png	8388612	3	10																
61003	耐力值	进行深度探索行为会消耗链接者大量的体力。	耐力值具有上限，且每日5点进行恢复。当遇到特定的检定考验时，只有消耗耐力才能通过考验	Assets/Product/Texture/Image/Iconcurrency/IconConsumeSP.png	Assets/Product/Texture/Image/IconcurrencySp/IconConsumeSPSp.png	8388612	3	10		99999				99999										
61101	净化单元	随机去除1名链接者1个不良效果      最多可携带5个	战术忠告（13）“强悍的敌人固然可怕，但是更为致命的是来自于对自身状态不佳的忽视。”	Assets/Product/Texture/Image/UiTRPG/Trpggoodsicon07.png	Assets/Product/Texture/Image/UiTRPG/Trpggoodsicon07.png	8388612	3	10		9999				999										
61102	集成净化模组	去除1名链接者所有的不良状态        最多可携带5个	战术忠告（27）“请确保小队成员随时随地以最佳状态迎战。”	Assets/Product/Texture/Image/UiTRPG/Trpggoodsicon08.png	Assets/Product/Texture/Image/UiTRPG/Trpggoodsicon08.png	8388612	4	10		9999				999										
61103	动力外装	使1名链接者今日内作战能力+1       最多可携带5个	战术忠告（3）“不要盲目相信自己已有的战斗力，战斗力不代表一切。”	Assets/Product/Texture/Image/UiTRPG/Trpggoodsicon09.png	Assets/Product/Texture/Image/UiTRPG/Trpggoodsicon09.png	8388612	3	10		3				999										
61104	极限动力外装	使1名链接者今日内作战能力+2       最多可携带5个	战术忠告（4）“但是绝对的战斗力就是一切！”	Assets/Product/Texture/Image/UiTRPG/Trpggoodsicon10.png	Assets/Product/Texture/Image/UiTRPG/Trpggoodsicon10.png	8388612	4	10		3				999										
61105	侦查僚机	使1名链接者今日内感知能力+1       最多可携带5个	战术忠告（29）“现代战争的本质即是情报的战争。”	Assets/Product/Texture/Image/UiTRPG/Trpggoodsicon11.png	Assets/Product/Texture/Image/UiTRPG/Trpggoodsicon11.png	8388612	3	10		3				999										
61106	广域侦查僚机	使1名链接者今日内感知能力+2       最多可携带5个	战术忠告（31）“胜利来自于知己知彼，而失败往往来自于视角的狭隘。”	Assets/Product/Texture/Image/UiTRPG/Trpggoodsicon12.png	Assets/Product/Texture/Image/UiTRPG/Trpggoodsicon12.png	8388612	4	10		3				999										
61107	处理元件	使1名链接者今日内运算能力+1       最多可携带5个	战术忠告（33）“头脑冷静意味着，更快的决策，更准确的判断。”	Assets/Product/Texture/Image/UiTRPG/Trpggoodsicon13.png	Assets/Product/Texture/Image/UiTRPG/Trpggoodsicon13.png	8388612	3	10		3				999										
61108	超频处理元件	使1名链接者今日内运算能力+2       最多可携带5个	战术忠告（8）“战略思维决定部队的上限，战术指挥则决定部队的下限。”	Assets/Product/Texture/Image/UiTRPG/Trpggoodsicon14.png	Assets/Product/Texture/Image/UiTRPG/Trpggoodsicon14.png	8388612	4	10		3				999										
61201	机体活性剂Ⅰ	使1名链接者1轮作战投点+3             最多可携带10个	战术忠告（12）“对付强悍的敌人，最重要的是集中现有战力，重点突破。”	Assets/Product/Texture/Image/UiTRPG/Trpggoodsicon17.png	Assets/Product/Texture/Image/UiTRPG/Trpggoodsicon17.png	8388612	3	10		10				999										
61202	机体活性剂Ⅱ	使1名链接者1轮作战投点+6             最多可携带5个	战术忠告（10）“有可能的话尽量使用熟悉的武器——武器越怪，死得越快。”	Assets/Product/Texture/Image/UiTRPG/Trpggoodsicon20.png	Assets/Product/Texture/Image/UiTRPG/Trpggoodsicon20.png	8388612	4	10		10				999										
61203	机体活性剂Ⅲ	使1名链接者1轮作战投点+9             最多可携带3个	战术忠告（9）“一人一军之力始终有限，如果想要胜利，就必须要学会将所有事物都化作你的力量。”	Assets/Product/Texture/Image/UiTRPG/Trpggoodsicon23.png	Assets/Product/Texture/Image/UiTRPG/Trpggoodsicon23.png	8388612	5	10		10				999										
61211	传感强化液Ⅰ	使1名链接者1轮感知投点+3             最多可携带10个	战术忠告（17）“不要错过战场上的任何细节，它们或许不能永远都救你一命——但偶尔可以。”	Assets/Product/Texture/Image/UiTRPG/Trpggoodsicon18.png	Assets/Product/Texture/Image/UiTRPG/Trpggoodsicon18.png	8388612	3	10		10				999										
61212	传感强化液Ⅱ	使1名链接者1轮感知投点+6             最多可携带5个	战术忠告（37）“珍贵的情报在良将手中犹如甘露，而在庸才手中却是毒药——引发恐慌和犹豫的毒药。”	Assets/Product/Texture/Image/UiTRPG/Trpggoodsicon21.png	Assets/Product/Texture/Image/UiTRPG/Trpggoodsicon21.png	8388612	4	10		10				999										
61213	传感强化液Ⅲ	使1名链接者1轮感知投点+9             最多可携带3个	战术忠告（46）“普通的指挥官读取情报，优秀的指挥官利用情报，而天才的指挥官则会创造情报。”	Assets/Product/Texture/Image/UiTRPG/Trpggoodsicon24.png	Assets/Product/Texture/Image/UiTRPG/Trpggoodsicon24.png	8388612	5	10		10				999										
61221	算力增幅器Ⅰ	使1名链接者1轮运算投点+3             最多可携带10个	战术忠告（23）“时刻记住，在动手前要先动脑。”	Assets/Product/Texture/Image/UiTRPG/Trpggoodsicon19.png	Assets/Product/Texture/Image/UiTRPG/Trpggoodsicon19.png	8388612	3	10		10				999										
61222	算力增幅器Ⅱ	使1名链接者1轮运算投点+6             最多可携带5个	战术忠告（21）“一切的战斗都是基于博弈，好的策略往往能够后发先至。”	Assets/Product/Texture/Image/UiTRPG/Trpggoodsicon22.png	Assets/Product/Texture/Image/UiTRPG/Trpggoodsicon22.png	8388612	4	10		10				999										
61223	算力增幅器Ⅲ	使1名链接者1轮运算投点+9             最多可携带3个	战术忠告（40）“不要试图去找到完美的答案，在瞬息万变的战场上，所谓的这一秒的完美在下一秒就成了一步死棋。”	Assets/Product/Texture/Image/UiTRPG/Trpggoodsicon25.png	Assets/Product/Texture/Image/UiTRPG/Trpggoodsicon25.png	8388612	5	10		10				999										
61301	初始化插件	使用后可重置战术补强模块	战术忠告（20）“放空自己，重新学习，很可能可以体会到不一样的答案。”	Assets/Product/Texture/Image/UiTRPG/Trpggoodsicon15.png	Assets/Product/Texture/Image/UiTRPG/Trpggoodsicon15.png	8388612	4	10		5				999										
61302	再推演指令	可让1名链接者再次推演	战术忠告（43）“谨慎使用再推演指令，虽然在此刻可以重来，但是在真正的战场上，决定必须慎重。”	Assets/Product/Texture/Image/UiTRPG/Trpggoodsicon16.png	Assets/Product/Texture/Image/UiTRPG/Trpggoodsicon16.png	8388612	4	10		10				999										
61501	数据断片	用于解锁【议会外广场】2级区域		Assets/Product/Texture/Image/UiTRPG/Trpgtesticon01.png	Assets/Product/Texture/Image/UiTRPG/Trpgtesticon01.png	8388612	5	10		10				999										
61502	安全编码	用于解锁【伊甸16-B休闲模块】1级区域的【脆弱的维系】		Assets/Product/Texture/Image/UiTRPG/Trpgtesticon02.png	Assets/Product/Texture/Image/UiTRPG/Trpgtesticon02.png	8388612	5	10		10				999										
61503	原始信号源	用于解锁【伊甸16-B休闲模块】2级区域		Assets/Product/Texture/Image/UiTRPG/Trpgtesticon03.png	Assets/Product/Texture/Image/UiTRPG/Trpgtesticon03.png	8388612	5	10		10				999										
61504	遗落的任务记录	用于解锁【多米尼克纪念公园】2级区域		Assets/Product/Texture/Image/UiTRPG/Trpgtesticon07.png	Assets/Product/Texture/Image/UiTRPG/Trpgtesticon07.png	8388612	5	10		10				999										
61505	电子回路	用于解锁【空中花园舰桥】1级区域的封锁		Assets/Product/Texture/Image/UiTRPG/Trpgtesticon03.png	Assets/Product/Texture/Image/UiTRPG/Trpgtesticon03.png	8388612	5	10		10				999										
61506	通行密钥	用于解开【战术舰桥层】2级区域		Assets/Product/Texture/Image/UiTRPG/Trpgtesticon08.png	Assets/Product/Texture/Image/UiTRPG/Trpgtesticon08.png	8388612	5	10		10				999										
61507	格式塔的监控记录	用于解开【战术舰桥层】3级区域		Assets/Product/Texture/Image/UiTRPG/Trpgtesticon07.png	Assets/Product/Texture/Image/UiTRPG/Trpgtesticon07.png	8388612	5	10		10				999										
61508	圣甲虫小队通讯记录	用于解锁【多米尼克纪念公园】3级区域		Assets/Product/Texture/Image/UiTRPG/Trpgtesticon07.png	Assets/Product/Texture/Image/UiTRPG/Trpgtesticon07.png	8388612	5	10		10				999										
61509	遗落的防御数据体	用于解开【战术舰桥层】2级区域的封锁		Assets/Product/Texture/Image/UiTRPG/Trpgtesticon03.png	Assets/Product/Texture/Image/UiTRPG/Trpgtesticon03.png	8388612	5	10		10				999										
61510	作废的路点	用于解开【多米尼克纪念公园】2级区域的封锁		Assets/Product/Texture/Image/UiTRPG/Trpgtesticon06.png	Assets/Product/Texture/Image/UiTRPG/Trpgtesticon06.png	8388612	5	10		10				999										
61511	诱饵处理器	用于解锁【多米尼克纪念公园】3级区域的封锁		Assets/Product/Texture/Image/UiTRPG/Trpgtesticon01.png	Assets/Product/Texture/Image/UiTRPG/Trpgtesticon01.png	8388612	5	10		10				999										
61512	二进制笑话软件	用于解开【议会外广场】2级区域的封锁		Assets/Product/Texture/Image/UiTRPG/Trpgtesticon07.png	Assets/Product/Texture/Image/UiTRPG/Trpgtesticon07.png	8388612	5	10		10				999										
61513	未知的记录备份	用于解锁【议会外广场】3级区域		Assets/Product/Texture/Image/UiTRPG/Trpgtesticon03.png	Assets/Product/Texture/Image/UiTRPG/Trpgtesticon03.png	8388612	5	10		10				999										
61521	残缺的电子脑	用于解锁【A区遗忘旧街】居民区的封锁		Assets/Product/Texture/Image/UiTRPG/Trpgtesticon05.png	Assets/Product/Texture/Image/UiTRPG/Trpgtesticon05.png	8388612	5	10		10				999										
61522	小型储存终端	用于解锁【A区遗忘旧街】居民区的封锁		Assets/Product/Texture/Image/UiTRPG/Trpgtesticon03.png	Assets/Product/Texture/Image/UiTRPG/Trpgtesticon03.png	8388612	5	10		10				999										
61523	数据收集终端	用于解锁【A区遗忘旧街】居民区的封锁		Assets/Product/Texture/Image/UiTRPG/Trpgtesticon10.png	Assets/Product/Texture/Image/UiTRPG/Trpgtesticon10.png	8388612	5	10		10				999										
61524	钥匙卡	用于解锁【A区遗忘旧街】居民区的封锁		Assets/Product/Texture/Image/UiTRPG/Trpgtesticon02.png	Assets/Product/Texture/Image/UiTRPG/Trpgtesticon02.png	8388612	5	10		10				999										
61525	数据芯片	用于解锁【A区遗忘旧街】居民区的封锁		Assets/Product/Texture/Image/UiTRPG/Trpggoodsicon04.png	Assets/Product/Texture/Image/UiTRPG/Trpggoodsicon04.png	8388612	5	10		10				999										
61526	商业街地图	用于解锁【B区商业园区遗址】第1街区的封锁		Assets/Product/Texture/Image/UiTRPG/Trpgtesticon06.png	Assets/Product/Texture/Image/UiTRPG/Trpgtesticon06.png	8388612	5	10		10				999										
61527	残留线索1	用于解锁【B区商业园区遗址】第1街区的封锁		Assets/Product/Texture/Image/UiTRPG/Trpgtesticon09.png	Assets/Product/Texture/Image/UiTRPG/Trpgtesticon09.png	8388612	5	10		10				999										
61528	残留线索2	用于解锁【B区商业园区遗址】第1街区的封锁		Assets/Product/Texture/Image/UiTRPG/Trpgtesticon09.png	Assets/Product/Texture/Image/UiTRPG/Trpgtesticon09.png	8388612	5	10		10				999										
61529	残余数据	用于解锁【B区商业园区遗址】第1街区的封锁		Assets/Product/Texture/Image/UiTRPG/Trpgtesticon03.png	Assets/Product/Texture/Image/UiTRPG/Trpgtesticon03.png	8388612	5	10		10				999										
61530	拾荒者妇女的数据	用于解锁【B区商业园区遗址】第1街区的封锁		Assets/Product/Texture/Image/UiTRPG/Trpgtesticon07.png	Assets/Product/Texture/Image/UiTRPG/Trpgtesticon07.png	8388612	5	10		10				999										
61531	园区的钥匙卡	用于解锁【B区商业园区遗址】第1街区的封锁		Assets/Product/Texture/Image/UiTRPG/Trpgtesticon02.png	Assets/Product/Texture/Image/UiTRPG/Trpgtesticon02.png	8388612	5	10		10				999										
61532	安洁尔的数据	用于解锁【B区商业园区遗址】第1街区的封锁		Assets/Product/Texture/Image/UiTRPG/Trpgtesticon03.png	Assets/Product/Texture/Image/UiTRPG/Trpgtesticon03.png	8388612	5	10		10				999										
61533	污染防护服	用于解锁【C区废弃化工厂】入口的封锁		Assets/Product/Texture/Image/UiTRPG/Trpgtesticon04.png	Assets/Product/Texture/Image/UiTRPG/Trpgtesticon04.png	8388612	5	10		10				999										
61534	残页日记	用于解锁【C区废弃化工厂】入口的封锁		Assets/Product/Texture/Image/UiTRPG/Trpgtesticon02.png	Assets/Product/Texture/Image/UiTRPG/Trpgtesticon02.png	8388612	5	10		10				999										
61535	防护服强化套装	用于解锁【C区废弃化工厂】入口的封锁		Assets/Product/Texture/Image/UiTRPG/Trpgtesticon04.png	Assets/Product/Texture/Image/UiTRPG/Trpgtesticon04.png	8388612	5	10		10				999										
61536	认证芯片	用于解锁【C区废弃化工厂】入口的封锁		Assets/Product/Texture/Image/UiTRPG/Trpgtesticon08.png	Assets/Product/Texture/Image/UiTRPG/Trpgtesticon08.png	8388612	5	10		10				999										
61537	封底的赠言	用于解锁【C区废弃化工厂】作业区的封锁		Assets/Product/Texture/Image/UiTRPG/Trpgtesticon02.png	Assets/Product/Texture/Image/UiTRPG/Trpgtesticon02.png	8388612	5	10		10				999										
61538	天台钥匙	用于解锁【C区废弃化工厂】作业区的封锁		Assets/Product/Texture/Image/UiTRPG/Trpgtesticon08.png	Assets/Product/Texture/Image/UiTRPG/Trpgtesticon08.png	8388612	5	10		10				999										
61539	漫画残页	用于解锁【C区废弃化工厂】作业区的封锁		Assets/Product/Texture/Image/UiTRPG/Trpgtesticon02.png	Assets/Product/Texture/Image/UiTRPG/Trpgtesticon02.png	8388612	5	10		10				999										
61540	留言记录	用于解锁【B区商业街遗址】2级区域		Assets/Product/Texture/Image/UiTRPG/Trpgtesticon07.png	Assets/Product/Texture/Image/UiTRPG/Trpgtesticon07.png	8388612	5	10		10				999										
61541	2区解封道具5	跑团道具		Assets/Product/Texture/Image/IconTools/ItGift0301.png	Assets/Product/Texture/Image/IconToolsSp/ItGift0301Sp.png	8388612	5	10		10				999										
61542	2区解封道具6	跑团道具		Assets/Product/Texture/Image/IconTools/ItGift0301.png	Assets/Product/Texture/Image/IconToolsSp/ItGift0301Sp.png	8388612	5	10		10				999										
61551	若琳的资料	用于解锁【B01工业扇区】3级区域	若琳，机体名为鹿角，进攻型构造体。	Assets/Product/Texture/Image/UiTRPG/Trpgtesticon02.png	Assets/Product/Texture/Image/UiTRPG/Trpgtesticon02.png	8388612	5	10		10				999										
61552	短途喷射器	用于解锁【B01连接长廊】3级区域		Assets/Product/Texture/Image/UiTRPG/Trpgtesticon04.png	Assets/Product/Texture/Image/UiTRPG/Trpgtesticon04.png	8388612	5	10		10				999										
61553	“露西亚的意志”	用于解锁【核心区】动力室	“我就是……露西亚！”	Assets/Product/Texture/Image/UiTRPG/Trpgtesticon01.png	Assets/Product/Texture/Image/UiTRPG/Trpgtesticon01.png	8388612	5	10		10				999										
61554	若琳的录像	用于解锁【B01连接长廊】4级区域	“她是在对你说‘谢谢’呐……”	Assets/Product/Texture/Image/UiTRPG/Trpgtesticon03.png	Assets/Product/Texture/Image/UiTRPG/Trpgtesticon03.png	8388612	5	10		10				999										
61575	拉弥亚的所在地	用于解锁【断片裂谷】开阔地的封锁	成功找到了拉弥亚的所在！	Assets/Product/Texture/Image/UiTRPG/Trpgtesticon06.png	Assets/Product/Texture/Image/UiTRPG/Trpgtesticon06.png	8388612	5	10		10				999										
61576	异合生物的脚印	用于解锁【断片裂谷】开阔地的封锁	跟随着异合生物的脚印，静静地前进吧。	Assets/Product/Texture/Image/UiTRPG/Trpgtesticon09.png	Assets/Product/Texture/Image/UiTRPG/Trpgtesticon09.png	8388612	5	10		10				999										
61577	异合生物的体液痕迹	用于解锁【断片裂谷】开阔地的封锁	受伤的异合生物所留下的体液痕迹，追踪着这些痕迹就能找到它。	Assets/Product/Texture/Image/UiTRPG/Trpgtesticon09.png	Assets/Product/Texture/Image/UiTRPG/Trpgtesticon09.png	8388612	5	10		10				999										
61578	逃跑的人鱼	用于解锁【断片裂谷】开阔地的封锁	拉弥亚就在前方，不要让她跑了！	Assets/Product/Texture/Image/UiTRPG/Trpgtesticon03.png	Assets/Product/Texture/Image/UiTRPG/Trpgtesticon03.png	8388612	5	10		10				999										
61579	直面聚噬体	用于解锁【断片裂谷】开阔地的封锁	终于能够来到聚噬体的前面了。	Assets/Product/Texture/Image/UiTRPG/Trpgtesticon09.png	Assets/Product/Texture/Image/UiTRPG/Trpgtesticon09.png	8388612	5	10		10				999										
61580	一瞬间的破绽	用于解锁【聚噬体左手】1级区域的封锁	异合生物的包围露出了一瞬间的破绽。	Assets/Product/Texture/Image/UiTRPG/Trpgtesticon01.png	Assets/Product/Texture/Image/UiTRPG/Trpgtesticon01.png	8388612	5	10		10				999										
61581	防护破坏完毕	用于解锁【聚噬体左手】1级区域的封锁	防护系统入侵并破坏完毕。	Assets/Product/Texture/Image/UiTRPG/Trpgtesticon04.png	Assets/Product/Texture/Image/UiTRPG/Trpgtesticon04.png	8388612	5	10		10				999										
61582	继续前进的决心	用于解锁【聚噬体核心】1级区域的封锁	剧烈的震动渐渐平息，你们的决心坚持了下来。	Assets/Product/Texture/Image/UiTRPG/Trpgtesticon08.png	Assets/Product/Texture/Image/UiTRPG/Trpgtesticon08.png	8388612	5	10		10				999										
61583	最后的一段路	用于解锁【聚噬体核心】1级区域的封锁	成功躲过了聚噬体的反击，顺利攀过了最后的一段路程。	Assets/Product/Texture/Image/UiTRPG/Trpgtesticon09.png	Assets/Product/Texture/Image/UiTRPG/Trpgtesticon09.png	8388612	5	10		10				999										
61584	废弃	用于解锁【断片裂谷】开阔地的封锁		Assets/Product/Texture/Image/IconTools/ItGift0301.png	Assets/Product/Texture/Image/IconToolsSp/ItGift0301Sp.png	8388612	5	10		10				999										
61585	数据碎片-渎神	来源未知的数据残片，用于开启【渎神】		Assets/Product/Texture/Image/UiTRPG/Trpgtesticon01.png	Assets/Product/Texture/Image/UiTRPG/Trpgtesticon01.png	8388612	5	10		10				999										
61586	数据碎片-池鱼	来源未知的数据残片，用于解锁【聚噬体左手】2级区域		Assets/Product/Texture/Image/UiTRPG/Trpgtesticon01.png	Assets/Product/Texture/Image/UiTRPG/Trpgtesticon01.png	8388612	5	10		10				999										
61587	断片录音N1	用于解锁【聚噬体核心】1级区域的封锁	内容断续的录音，似乎可以通过它来窥见部分被掩埋的过去。	Assets/Product/Texture/Image/UiTRPG/Trpgtesticon03.png	Assets/Product/Texture/Image/UiTRPG/Trpgtesticon03.png	8388612	5	10		10				999										
61588	隐藏录像-锲	被加密隐藏的录像，用于开启【锲】		Assets/Product/Texture/Image/UiTRPG/Trpgtesticon03.png	Assets/Product/Texture/Image/UiTRPG/Trpgtesticon03.png	8388612	5	10		10				999										
61589	废弃	用于解锁【聚噬体核心】1级区域的封锁		Assets/Product/Texture/Image/IconTools/ItGift0301.png	Assets/Product/Texture/Image/IconToolsSp/ItGift0301Sp.png	8388612	5	10		10				999										
61590	废弃	用于解锁【聚噬体核心】1级区域的封锁		Assets/Product/Texture/Image/IconTools/ItGift0301.png	Assets/Product/Texture/Image/IconToolsSp/ItGift0301Sp.png	8388612	5	10		10				999										
61591	废弃	用于解锁【聚噬体核心】1级区域的封锁		Assets/Product/Texture/Image/IconTools/ItGift0301.png	Assets/Product/Texture/Image/IconToolsSp/ItGift0301Sp.png	8388612	5	10		10				999										
61592	断片录音N2	用于解锁【聚噬体核心】2级区域的封锁	内容断续的录音，似乎可以通过它来窥见部分被掩埋的过去。	Assets/Product/Texture/Image/UiTRPG/Trpgtesticon03.png	Assets/Product/Texture/Image/UiTRPG/Trpgtesticon03.png	8388612	5	10		10				999										
61601	深层意识碎片-余烬	以复杂的加密方式封锁的意识碎片，遍历提取后或许可以籍此窥见被灰烬掩埋的回忆。	总有人会记得。	Assets/Product/Texture/Image/UiTRPG/Trpgstorygoods01.png	Assets/Product/Texture/Image/UiTRPG/Trpgstorygoods01.png	8388612	5	10		10				999										
61602	深层意识碎片-回答	以复杂的加密方式封锁的意识碎片，遍历提取后或许可以籍此窥见被谎言掩盖的真实。	从口中说出的答案是真是假，又有什么所谓呢？他只是为了眼前的光不断行进，就在此刻。	Assets/Product/Texture/Image/UiTRPG/Trpgstorygoods02.png	Assets/Product/Texture/Image/UiTRPG/Trpgstorygoods02.png	8388612	5	10		10				999										
61701	黑咔	可以在【仓库-其他】中出售获得螺母	由NANAMI政府发行的货币，可以购买很多很多好玩的东西！一定不能卖掉它！	Assets/Product/Texture/Image/IconTools/ItFool01.png	Assets/Product/Texture/Image/IconToolsSp/ItFool01Sp.png	1048580	5	10		99999				9999					1	10				
61702	指挥官99星专武	可以在【仓库-消耗品】中使用 使用后获得血清×60	造型夸张的单兵武器，能够提供除了火力打击以外的一切打击。	Assets/Product/Texture/Image/IconTools/ItFool02.png	Assets/Product/Texture/Image/IconToolsSp/ItFool02Sp.png	16	5	10		10				1								[1,1107]		
61703	超特效血清	可以在【仓库-消耗品】中使用 使用后获得血清×60	由善良的薇拉提供血清样本，然后由细心的诺克提调配，最后由可爱的21号封装完成，比一般的血清有效得多。	Assets/Product/Texture/Image/IconTools/ItFool03.png	Assets/Product/Texture/Image/IconToolsSp/ItFool03Sp.png	16	5	10		10				1								[1,1107]		
61704	粉色的信件	可以在【仓库-消耗品】中使用 使用后获得血清×60	火红的唇印透着玫瑰的香气，粉色的纸张信纸挑动暧昧的氛围。据说是由指挥官“念念不忘”的突击鹰第五人寄出。	Assets/Product/Texture/Image/IconTools/ItFool04.png	Assets/Product/Texture/Image/IconToolsSp/ItFool04Sp.png	16	5	10		10				1								[1,1107]		
61705	胃药？	可以在【仓库-消耗品】中使用 使用后获得血清×60	能治愈一切苦涩，直到你遇见万里挑一的那颗。	Assets/Product/Texture/Image/IconTools/ItFool05.png	Assets/Product/Texture/Image/IconToolsSp/ItFool05Sp.png	16	5	10		10				1								[1,1107]		
61706	惊喜套盒	可以在【仓库-道具】中使用 使用后获得奖励	鼓鼓囊囊的盒子，写着“里面绝对没有【黑咔】”的字样。	Assets/Product/Texture/Image/IconTools/ItFool202301.png	Assets/Product/Texture/Image/IconToolsSp/ItFool202301Sp.png	16	5	99000		10				1								[1,59705]		
61707	惊喜套盒	可以在【仓库-道具】中使用 使用后获得奖励	鼓鼓囊囊的盒子，写着“里面绝对绝对没有【黑咔】”的字样。	Assets/Product/Texture/Image/IconTools/ItFool202301.png	Assets/Product/Texture/Image/IconToolsSp/ItFool202301Sp.png	16	5	99000		10				1								[1,59706]		
61708	惊喜套盒	可以在【仓库-道具】中使用 使用后获得奖励	鼓鼓囊囊的盒子，写着“里面绝对绝对绝对没有【黑咔】”的字样。	Assets/Product/Texture/Image/IconTools/ItFool202301.png	Assets/Product/Texture/Image/IconToolsSp/ItFool202301Sp.png	16	5	99000		10				1								[1,59707]		
61709	惊喜套盒	可以在【仓库-道具】中使用 使用后获得奖励	鼓鼓囊囊的盒子，写着“里面绝对绝对绝对没有【黑卡】”的字样。	Assets/Product/Texture/Image/IconTools/ItFool202301.png	Assets/Product/Texture/Image/IconToolsSp/ItFool202301Sp.png	16	5	99000		10				1								[1,59708]		
62001	通用算力	用于提升辅助机等级。	通用的辅助算力元件，可以通过装载到辅助机上的方式进行运算能力的强化。	Assets/Product/Texture/Image/IconTools/IconActivityExp2101004.png	Assets/Product/Texture/Image/IconToolsSp/IconActivityExp2101004Sp.png	16777220	4	10		999999				999999								[2]		
62002	空白记录	每天5:00自动恢复3个。	某种携带数据的容器，似乎可以通过写入数据的方式，将其转换聚合成别的形态。	Assets/Product/Texture/Image/IconTools/IconActivityConsume2101003.png	Assets/Product/Texture/Image/IconToolsSp/IconActivityConsume2101003Sp.png	3	4	10		999999				999999										
62003	EXP-A2	用于提升【寄叶遗档】A2等级。	似乎是可以强化A型二号性能的东西。	Assets/Product/Texture/Image/IconTools/IconActivityExp2101001.png	Assets/Product/Texture/Image/IconToolsSp/IconActivityExp2101001Sp.png	16777220	4	10		999999				999999								[1,1002]		
62004	EXP-9S	用于提升【寄叶遗档】9S等级。	似乎是可以强化九号S型性能的东西。	Assets/Product/Texture/Image/IconTools/IconActivityExp2101003.png	Assets/Product/Texture/Image/IconToolsSp/IconActivityExp2101003Sp.png	16777220	4	10		999999				999999								[1,1001]		
62005	EXP-2B	用于提升【寄叶遗档】2B等级。	似乎是可以强化二号B型性能的东西。	Assets/Product/Texture/Image/IconTools/IconActivityExp2101002.png	Assets/Product/Texture/Image/IconToolsSp/IconActivityExp2101002Sp.png	16777220	4	10		999999				999999								[1,1003]		
62006	改造配件	可用于提升【辅助机技能】等级。	用于辅助机改造的零件。	Assets/Product/Texture/Image/IconTools/IconActivitySp2101001.png	Assets/Product/Texture/Image/IconToolsSp/IconActivitySp2101001Sp.png	1	3	10	[20059]	9999				99										
62007	钱币残骸	可在【神秘的兑换处】中使用。	不知名硬币的残骸，似乎在什么地方被作为交换物品用的流通道具。	Assets/Product/Texture/Image/IconTools/IconActivityConsume2101001.png	Assets/Product/Texture/Image/IconToolsSp/IconActivityConsume2101001Sp.png	1	3	10	[20058,20059]	9999				99	1	2021/1/7 5:00	2419200							
62012	空白记录	每天5:00自动恢复3个。	某种携带数据的容器，似乎可以通过写入数据的方式，将其转换聚合成别的形态。	Assets/Product/Texture/Image/IconTools/IconActivityConsume2101003.png	Assets/Product/Texture/Image/IconToolsSp/IconActivityConsume2101003Sp.png	3	4	10		999999				999999										
62016	改造配件	可用于提升【辅助机技能】等级。	用于辅助机改造的零件。	Assets/Product/Texture/Image/IconTools/IconActivitySp2101001.png	Assets/Product/Texture/Image/IconToolsSp/IconActivitySp2101001Sp.png	1	3	10	[20059]	9999				99										
62017	钱币残骸	可在【神秘的兑换处】中使用。	不知名硬币的残骸，似乎在什么地方被作为交换物品用的流通道具。	Assets/Product/Texture/Image/IconTools/IconActivityConsume2101001.png	Assets/Product/Texture/Image/IconToolsSp/IconActivityConsume2101001Sp.png	1	3	10	[20058,20059]	9999				99	1	2021/8/26 5:00	2419200							
62101	试做型库洛洛清洁工	因内置AI异常而被放弃的试做品，在被赛利卡发现时已经默默地自行生产了数万台。	在被销毁之前全部从生产车间逃了出去，出现在各种热闹的活动场所。在温标失衡活动中累计回收一定数目以后会获得物资奖励，所有物资由负责看管生产线的技术人员自掏腰包。	Assets/Product/Texture/Image/IconTools/IconSpecialTrainConsume01.png	Assets/Product/Texture/Image/IconToolsSp/IconSpecialTrainConsume01Sp.png	3	4	10		999999				999999										
62102	温标失衡录像盘	参与温标失衡获得的纪念品，获得后转化为温标失衡收藏品。	跨越一切困难，终将取得胜利——空中花园最强的指挥官，任何情况下都不会输！记录了冰雪感蟹祭中指挥官的飒爽表现，附上赛利卡的亲笔题词。	Assets/Product/Texture/Image/UiCollection/Iconcollection037.png	Assets/Product/Texture/Image/UiCollection/Iconcollection037.png	262148	2	10		999999				999999										
62103	温标失衡录像盘	参与温标失衡获得的纪念品，可将温标失衡收藏品品质提升为蓝色。	跨越一切困难，终将取得胜利——空中花园最强的指挥官，任何情况下都不会输！记录了冰雪感蟹祭中指挥官的飒爽表现，附上赛利卡的亲笔题词。	Assets/Product/Texture/Image/UiCollection/Iconcollection037.png	Assets/Product/Texture/Image/UiCollection/Iconcollection037.png	262148	3	10		999999				999999										
62104	温标失衡录像盘	参与温标失衡获得的纪念品，可将温标失衡收藏品品质提升为紫色。	跨越一切困难，终将取得胜利——空中花园最强的指挥官，任何情况下都不会输！记录了冰雪感蟹祭中指挥官的飒爽表现，附上赛利卡的亲笔题词。	Assets/Product/Texture/Image/UiCollection/Iconcollection037.png	Assets/Product/Texture/Image/UiCollection/Iconcollection037.png	262148	4	10		999999				999999										
62105	温标失衡录像盘	参与温标失衡获得的纪念品，可将温标失衡收藏品品质提升为橙色。	跨越一切困难，终将取得胜利——空中花园最强的指挥官，任何情况下都不会输！记录了冰雪感蟹祭中指挥官的飒爽表现，附上赛利卡的亲笔题词。	Assets/Product/Texture/Image/UiCollection/Iconcollection037.png	Assets/Product/Texture/Image/UiCollection/Iconcollection037.png	262148	5	10		999999				999999										
62106	点劵	因内置AI异常而被放弃的试做品，在被赛利卡发现时已经默默地自行生产了数万台。	在被销毁之前全部从生产车间逃了出去，出现在各种热闹的活动场所。在温标失衡活动中累计回收一定数目以后会获得物资奖励，所有物资由负责看管生产线的技术人员自掏腰包。	Assets/Product/Texture/Image/IconTools/IconSpecialTrainConsume02.png	Assets/Product/Texture/Image/IconToolsSp/IconSpecialTrainConsume02Sp.png	3	4	10		999999				999999										
62201	断片残章	在X-51号设施的各处收集到的，存储着未知数据的芯片。	其中的数据十分零碎，但是如果收集到足够的数量，也许能够拼合出某些相对完整的数据块。	Assets/Product/Texture/Image/IconTools/IconActivityConsume2101002.png	Assets/Product/Texture/Image/IconToolsSp/IconActivityConsume2101002Sp.png	1048580	4	10		999999				999999	1	2021/1/7 5:00	3974400	819	1	100	true			
62301	“厌”	春节字符，完成【叩年祈运】和【节日任务】随机获得，集齐“厌禳迎岁”四字可以兑换一份奖励	传说中黄金时代东方大国传统节日的祝福短语“厌禳迎岁，屠苏暖春”的一部分，表达着除旧迎新，安乐祥和的美好寓意	Assets/Product/Texture/Image/UiSpringFestival/UiSpringFestivalCard1.png	Assets/Product/Texture/Image/UiSpringFestival/UiSpringFestivalCard1.png	262148	4	10		999999				999999										
62302	“禳”	春节字符，完成【叩年祈运】和【节日任务】随机获得，集齐“厌禳迎岁”四字可以兑换一份奖励	传说中黄金时代东方大国传统节日的祝福短语“厌禳迎岁，屠苏暖春”的一部分，表达着除旧迎新，安乐祥和的美好寓意	Assets/Product/Texture/Image/UiSpringFestival/UiSpringFestivalCard2.png	Assets/Product/Texture/Image/UiSpringFestival/UiSpringFestivalCard2.png	262148	4	10		999999				999999										
62303	“迎”	春节字符，完成【叩年祈运】和【节日任务】随机获得，集齐“厌禳迎岁”四字可以兑换一份奖励	传说中黄金时代东方大国传统节日的祝福短语“厌禳迎岁，屠苏暖春”的一部分，表达着除旧迎新，安乐祥和的美好寓意	Assets/Product/Texture/Image/UiSpringFestival/UiSpringFestivalCard3.png	Assets/Product/Texture/Image/UiSpringFestival/UiSpringFestivalCard3.png	262148	4	10		999999				999999										
62304	“岁”	春节字符，完成【叩年祈运】和【节日任务】随机获得，集齐“厌禳迎岁”四字可以兑换一份奖励	传说中黄金时代东方大国传统节日的祝福短语“厌禳迎岁，屠苏暖春”的一部分，表达着除旧迎新，安乐祥和的美好寓意	Assets/Product/Texture/Image/UiSpringFestival/UiSpringFestivalCard4.png	Assets/Product/Texture/Image/UiSpringFestival/UiSpringFestivalCard4.png	262148	4	10		999999				999999										
62305	“屠”	春节字符，完成【叩年祈运】和【节日任务】随机获得，集齐“屠苏暖春”四字可以兑换一份奖励	传说中黄金时代东方大国传统节日的祝福短语“厌禳迎岁，屠苏暖春”的一部分，表达着除旧迎新，安乐祥和的美好寓意	Assets/Product/Texture/Image/UiSpringFestival/UiSpringFestivalCard5.png	Assets/Product/Texture/Image/UiSpringFestival/UiSpringFestivalCard5.png	262148	4	10		999999				999999										
62306	“苏”	春节字符，完成【叩年祈运】和【节日任务】随机获得，集齐“屠苏暖春”四字可以兑换一份奖励	传说中黄金时代东方大国传统节日的祝福短语“厌禳迎岁，屠苏暖春”的一部分，表达着除旧迎新，安乐祥和的美好寓意	Assets/Product/Texture/Image/UiSpringFestival/UiSpringFestivalCard6.png	Assets/Product/Texture/Image/UiSpringFestival/UiSpringFestivalCard6.png	262148	4	10		999999				999999										
62307	“暖”	春节字符，完成【叩年祈运】和【节日任务】随机获得，集齐“屠苏暖春”四字可以兑换一份奖励	传说中黄金时代东方大国传统节日的祝福短语“厌禳迎岁，屠苏暖春”的一部分，表达着除旧迎新，安乐祥和的美好寓意	Assets/Product/Texture/Image/UiSpringFestival/UiSpringFestivalCard7.png	Assets/Product/Texture/Image/UiSpringFestival/UiSpringFestivalCard7.png	262148	4	10		999999				999999										
62308	“春”	春节字符，完成【叩年祈运】和【节日任务】随机获得，集齐“屠苏暖春”四字可以兑换一份奖励	传说中黄金时代东方大国传统节日的祝福短语“厌禳迎岁，屠苏暖春”的一部分，表达着除旧迎新，安乐祥和的美好寓意	Assets/Product/Texture/Image/UiSpringFestival/UiSpringFestivalCard8.png	Assets/Product/Texture/Image/UiSpringFestival/UiSpringFestivalCard8.png	262148	4	10		999999				999999										
62309	空白宣纸	完成【叩年祈运】和【节日任务】获得，可以替换任意字符贴兑换奖励	一张空白宣纸，可以随心所欲在上面写下任何内容……大概。	Assets/Product/Texture/Image/IconTools/IconSpringFestival002.png	Assets/Product/Texture/Image/IconTools/IconSpringFestival002.png	2097156	4	10		999999				999999										
62310	“厌禳迎岁”	集齐“厌禳迎岁”四个字符兑换的手信，打开可以获得打开可以获得螺母、强化素材等养成材料	以特定四字对联兑换而得的手信，其中也许装着令人意想不到的惊喜。	Assets/Product/Texture/Image/UiSpringFestival/UiSpringFestivalIcon01.png	Assets/Product/Texture/Image/UiSpringFestival/UiSpringFestivalIcon01.png	262148	4	10		999999				999999										
62311	“屠苏暖春”	集齐“屠苏暖春”四个字符兑换的手信，打开可以获得打开可以获得螺母、强化素材等养成材料	以特定四字对联兑换而得的手信，其中也许装着令人意想不到的惊喜。	Assets/Product/Texture/Image/UiSpringFestival/UiSpringFestivalIcon02.png	Assets/Product/Texture/Image/UiSpringFestival/UiSpringFestivalIcon02.png	262148	4	10		999999				999999										
62312	贺年礼盒	领取“厌禳迎岁”“屠苏暖春”各一次才可获得的终极大礼，可能开出黑卡、春节限定意识等丰厚奖励	记载中黄金时代东方大国在传统节日中可以收获的礼物，据说收到该礼盒的人会获得来自东方神秘力量的祝福。	Assets/Product/Texture/Image/UiSpringFestival/UiSpringFestivalIcon03.png	Assets/Product/Texture/Image/UiSpringFestival/UiSpringFestivalIcon03.png	262148	5	10		999999				999999										
62313	银锤子	一把分量十足的锤子，可以袭击利是派发者获取神秘积分	七实在商场找到的玩具，握在手中很沉，似乎是某部黄金时代热门电影的周边。	Assets/Product/Texture/Image/UiSpringFestival/UiSpringFestivalIconHammer01.png	Assets/Product/Texture/Image/UiSpringFestival/UiSpringFestivalIconHammer01.png	262148	3	10		999999				999999										
62314	金锤子	金光闪闪的锤子，比银锤子更重，更容易砸晕利是派发者	七实在商场找到的玩具，握在手中很沉，似乎是某部黄金时代热门电影的周边。	Assets/Product/Texture/Image/UiSpringFestival/UiSpringFestivalIconHammer02.png	Assets/Product/Texture/Image/UiSpringFestival/UiSpringFestivalIconHammer02.png	262148	4	10		999999				999999										
62315	醒狮护符	具有隐秘力量的护符，使用时有1.5倍的几率砸晕利是派发者	醒狮醒魂，击鼓振精神。绣着醒狮的新春纪念品，记录着一项流传于黄金时代的娱乐活动。狮头神态饱满精神，不知道里面塞了什么。	Assets/Product/Texture/Image/UiSpringFestival/UiSpringFestivalIconBuff01.png	Assets/Product/Texture/Image/UiSpringFestival/UiSpringFestivalIconBuff01.png	262148	4	10		999999				999999										
62316	瑞狮护符	具有幸运力量的护符，使用时有2倍的几率砸晕利是派发者	瑞狮送喜，振步催岁新。绣着瑞狮的新春纪念品，记录着一项流传于黄金时代的娱乐活动。狮头神态憨态可掬，不知道里面塞了什么。	Assets/Product/Texture/Image/UiSpringFestival/UiSpringFestivalIconBuff02.png	Assets/Product/Texture/Image/UiSpringFestival/UiSpringFestivalIconBuff02.png	262148	5	10		999999				999999										
62317	平安锁	具有守护力量的小锁，即使袭击失败也不会失去积分	一把精巧的小锁。在东方文化中似乎是一种被称作“平安锁”的吉祥信物，不知道七实从哪里找来的。	Assets/Product/Texture/Image/UiSpringFestival/UiSpringFestivalIconBuff03.png	Assets/Product/Texture/Image/UiSpringFestival/UiSpringFestivalIconBuff03.png	262148	5	10		999999				999999										
62318	压岁钱	从利是派发者身上找到的神秘积分，可以在青阳岁祠中换取别的东西	在特殊的节日中由利是派发者派发的红包，专属LOGO，精美裁剪，八心八箭，拥有它即刻彰显尊贵！——利是派发者保留最终解释权。	Assets/Product/Texture/Image/IconTools/IconSpringFestival001.png	Assets/Product/Texture/Image/IconTools/IconSpringFestival001.png	2097156	2	10		99999999				99999999										
62319	祥瑞福袋	装有字符贴的福袋，能随机开出一个【熹年集春】活动中的春节字符	空中花园商业街出品的春节特别福袋，里面装着随机的字符贴。“人生就像福袋，你永远不知道下一个中装着什么。”	Assets/Product/Texture/Image/UiSpringFestival/UiSpringFestivalIcon04.png	Assets/Product/Texture/Image/UiSpringFestival/UiSpringFestivalIcon04.png	262148	4	10		999999				999999										
62401	基础算子	可在普通和挑战难度招募成员和购买加成，通关普通难度关卡可提升算子上限。	包含构造体相关资料与基础作战记录单元，使用后无需重置，可反复使用。无论关卡挑战成功或失败，所有消耗的算子都会返还。	Assets/Product/Texture/Image/IconTools/IconSimulatedCombat01.png	Assets/Product/Texture/Image/IconToolsSp/IconSimulatedCombat01Sp.png	3	4	10	[11752]	999999				999999	1	2021/3/25 0:00	2592000							
62402	拟定算子	可在普通和挑战难度招募成员和购买加成，通关挑战难度和完成每日任务可获得大量算子。	旨在为作战提供多元化的支持与变量模拟，每次使用均需重置。关卡挑战失败则全额返还算子，关卡挑战成功则算子会消耗。	Assets/Product/Texture/Image/IconTools/IconSimulatedCombat02.png	Assets/Product/Texture/Image/IconToolsSp/IconSimulatedCombat02Sp.png	3	4	10	[11754,11755]	999999				999999	1	2021/3/25 0:00	2592000							
62403	拟算模块	基于作战结果生成的数据模块记录。	通关抑制演算普通难度关卡即可获得此数据内容，且在活动中累计获得一定数目后可领取物资奖励，所有物资由负责实验的人员进行提供。	Assets/Product/Texture/Image/IconTools/IconSimulatedCombat03.png	Assets/Product/Texture/Image/IconToolsSp/IconSimulatedCombat03Sp.png	3	4	10		999999				999999	1	2021/3/25 0:00	2592000							
62404	地表采样	于位域节点附近采集的当地土质样本，可于采样分析室兑换奖励。	为了了解红潮涨落的规律，对戈壁地表进行的采样，被严密地封装好以方便运输。	Assets/Product/Texture/Image/IconTools/IconActivityConsume2012001.png	Assets/Product/Texture/Image/IconToolsSp/IconActivityConsume2012001Sp.png	1048580	4	10		999999				999999	1	2021/2/25 5:00	3369600	821	1	100	true			
62411	调声音机	可用于解锁各类型的插件，越强力的插件解锁消耗越多	残破的老旧插件，可以从里面读取音声，集成到新插件里。	Assets/Product/Texture/Image/IconTools/killzoongood02.png	Assets/Product/Texture/Image/IconToolsSp/killzoongood02Sp.png	3	4	10		999999				999999										
62412	远歌残片	可激活升级各类型的插件，等级越高消耗越多，可通过每日奖励获得	遗失的信息残片，适当的收集后有机会完整复原。	Assets/Product/Texture/Image/IconTools/killzoongood01.png	Assets/Product/Texture/Image/IconToolsSp/killzoongood01Sp.png	3	4	10		999999				999999										
62501	纪典印花	用于在伊甸文化纪增加选手热度值。不同纪典环节，每日给每个选手使用纪典印花投票的数量有上限。	使用纪典印花参与自己心仪对象举办的活动，一起为他们在文化纪中的活动提供一份宝贵的热度吧~赠送1个纪典印花可增加选手1点热度值	Assets/Product/Texture/Image/IconTools/IconMoeWar02.png	Assets/Product/Texture/Image/IconToolsSp/IconMoeWar02Sp.png	3	4	10	[80016]	5000				5000										
62502	真爱印花	在伊甸文化纪中，使用真爱印花可给选手进行投票，增加其热度值，且无赠送数量限制。	真爱可是不可阻挡的！使用真爱印花参与自己心仪对象举办的活动，一起为他们在文化纪中的活动提供一份宝贵的热度吧~赠送1个真爱印花可增加选手10点热度值	Assets/Product/Texture/Image/IconTools/IconMoeWar01.png	Assets/Product/Texture/Image/IconToolsSp/IconMoeWar01Sp.png	3	5	10	[80016,50006]	999999				999999										
62503	特制印花	在伊甸文化纪中，使用特制印花可给选手进行投票，增加其热度值，且无赠送数量限制。	有些特殊的印花啊，不过没关系，都可以用来参与自己心仪对象举办的活动，一起为他们在文化纪中的活动提供一份宝贵的热度吧~赠送1个特制印花可增加选手1点热度值	Assets/Product/Texture/Image/IconTools/IconMoeWar03.png	Assets/Product/Texture/Image/IconToolsSp/IconMoeWar03Sp.png	3	4	10		999999				999999										
62504	欢愉	文化纪投票期使用印花投票获得，可在茶歇小摊中抽取盲盒。	除了普通的哨声以外还能吹出悦耳的音乐。原本没有名字的制式口哨在七实的建议下被命名为“欢愉”，希望每一位参与文化纪的人都能收获如同哨声般轻松而欢快的回忆。	Assets/Product/Texture/Image/IconTools/IconMoeWarWhistle.png	Assets/Product/Texture/Image/IconToolsSp/IconMoeWarWhistleSp.png	2097156	5	10	[80017]	999999				999999										
62505	筹备回馈	文化纪筹备玩法中，每天筹备回馈达到一定数量可领取对应奖励。每日5点刷新时筹备回馈重置。	为了文化纪的顺利举办，大家付出的一点一滴都不会白费！举办方为感谢那些一同努力筹备的人，准备了各类奖励作为回报。	Assets/Product/Texture/Image/IconTools/IconMoeWar05.png	Assets/Product/Texture/Image/IconToolsSp/IconMoeWar05Sp.png	3	5	10	[80016]	999999				999999										
62506	应援补给	文化纪筹备玩法中，可以赠送给协助者，恢复协助者心情值	筹备文化纪时准备的应援补给包，听说能让人恢复活力	Assets/Product/Texture/Image/UiMoeWar/UiMoeWarIconGift.png	Assets/Product/Texture/Image/UiMoeWar/UiMoeWarIconGiftSp.png	3	4	10	[80016]	999				999										
62507	后续实装构造体	文化纪后续实装福利	文化纪后续实装福利	Assets/Product/Texture/Image/IconTools/IconMoeWar06.png	Assets/Product/Texture/Image/IconToolsSp/IconMoeWar06Sp.png	3	5	10		20				20										
62508	后续实装头像框	文化纪后续实装福利	文化纪后续实装福利	Assets/Product/Texture/Image/IconTools/IconMoeWar07.png	Assets/Product/Texture/Image/IconToolsSp/IconMoeWar07Sp.png	3	5	10		20				20										
62509	后续实装通讯视频	萌战后续实装福利	萌战后续实装福利	Assets/Product/Texture/Image/IconTools/IconMoeWar08.png	Assets/Product/Texture/Image/IconToolsSp/IconMoeWar08Sp.png	3	5	10		20				20										
62510	金色时光	文化纪投票期使用印花投票获得，可在忆念交谊厅中兑换往期铭牌	伊甸文化纪（2022）的特殊纪念币，据说是赛利卡监制的	Assets/Product/Texture/Image/UiMoeWar/UiMoeWarIconCurrency.png	Assets/Product/Texture/Image/UiMoeWar/UiMoeWarIconCurrencySp.png	2097156	5	10	[80017]	999999				999999										
62511	纪典印花(2022)	用于伊甸文化纪(2022)增加选手热度值。不同纪典，每日给每个选手使用纪典印花投票的数量有上限。	使用纪典印花参与自己心仪对象举办的活动，一起为他们在文化纪中的活动提供一份宝贵的热度吧~赠送1个纪典印花可增加选手1点热度值	Assets/Product/Texture/Image/IconTools/IconMoeWar02.png	Assets/Product/Texture/Image/IconToolsSp/IconMoeWar02Sp.png	3	4	10	[80016]	5000				5000										
62512	真爱印花(2022)	在伊甸文化纪(2022)中，使用真爱印花可给选手进行投票，增加其热度值，且无赠送数量限制。	真爱可是不可阻挡的！使用真爱印花参与自己心仪对象举办的活动，一起为他们在文化纪中的活动提供一份宝贵的热度吧~赠送1个真爱印花可增加选手10点热度值	Assets/Product/Texture/Image/IconTools/IconMoeWar01.png	Assets/Product/Texture/Image/IconToolsSp/IconMoeWar01Sp.png	3	5	10	[80016,50006]	999999				999999										
62513	特制印花(2022)	在伊甸文化纪(2022)中，使用特制印花可给选手进行投票，增加其热度值，且无赠送数量限制。	有些特殊的印花啊，不过没关系，都可以用来参与自己心仪对象举办的活动，一起为他们在文化纪中的活动提供一份宝贵的热度吧~赠送1个特制印花可增加选手1点热度值	Assets/Product/Texture/Image/IconTools/IconMoeWar03.png	Assets/Product/Texture/Image/IconToolsSp/IconMoeWar03Sp.png	3	4	10		999999				999999										
62514	欢愉（2022）	文化纪投票期使用印花投票获得，可在茶歇小摊中抽取盲盒。	第一届伊甸文化纪上，由七实建议制作的制式口哨，已经成为文化纪的通用代币，希望每一位参与文化纪的人都能收获如同哨声般轻松而欢快的回忆。	Assets/Product/Texture/Image/IconTools/IconMoeWarWhistle.png	Assets/Product/Texture/Image/IconToolsSp/IconMoeWarWhistleSp.png	2097156	5	10	[80017]	999999				999999										
62601	弈局层析卡	在弈局条例中获取，可用于参与弈局简章活动	用来参与弈局算章的解密卡，手握卡卷的时候会感觉全身充满了力量与希望，这就是与命运的博弈，是成败的转折。	Assets/Product/Texture/Image/UiFubenActivityScratchTicket/FubenActivityScratchTicketIcon01.png	Assets/Product/Texture/Image/UiFubenActivityScratchTicket/FubenActivityScratchTicketIcon01Sp.png	4194308	4	10		999999				999999	1	2021/5/1 5:00	604800	821			true			
62602	弈局精析卡	在弈局条例中获取，可用于参与弈局彩章活动	用来参与弈局算章的特典解密卡，手握卡卷的时候会感觉全身充满了力量与希望，这就是与命运的博弈，是成败的转折。	Assets/Product/Texture/Image/UiFubenActivityScratchTicket/FubenActivityScratchTicketIcon02.png	Assets/Product/Texture/Image/UiFubenActivityScratchTicket/FubenActivityScratchTicketIcon02Sp.png	4194308	5	10		999999				999999	1	2021/5/1 5:00	604800	821			true			
62701	频响拟图	地下水道的结构模拟地图，可于频谱分析中枢兑换物资。	通过斥候小队装备的主动声呐设备搜索地下水道时，获得的岔路和流向信息，是分析地下水网结构所需要的资料。	Assets/Product/Texture/Image/IconTools/IconActivityConsume2013001.png	Assets/Product/Texture/Image/IconToolsSp/IconActivityConsume2013001Sp.png	1048580	4	10		999999				999999	1	2021/4/8 5:00	3369600	822	1	100	true			
62711	拼拼电币	用于在翻点拼斗乐活动商店购买商品。	小型电池，在必要时能够提供相当大的电量。为了不让儿童误食，似乎经过非常复杂的处理。谨慎建议，不要去尝试它的味道。	Assets/Product/Texture/Image/IconTools/PokerGuessingCoin.png	Assets/Product/Texture/Image/IconToolsSp/PokerGuessingCoinSp.png	3	4	10		99999				99999	1	2021/6/24 5:00	1209600							
62712	城市传单	破碎的城市传单，可于活动商店中兑换物资。	有些破碎的城市传单，记录着当地的一些新闻和全球大事，也许能从无数传单的碎片中，拼凑出过去的些许往事。	Assets/Product/Texture/Image/IconTools/IconActivityConsume2014001.png	Assets/Product/Texture/Image/IconToolsSp/IconActivityConsume2014001Sp.png	1048580	4	10		999999				999999	1	2021/5/20 5:00	3369600	823	1	100	true			
62713	速食杯面	实验人员常用的速食食品，可用于在【亚兰储物站】兑换道具。	实验人员超负荷工作时最常食用的速食食品，仅可用来充饥，不能过分指望它的味道。外装上的浮尘沉默地诉说着在过去那漫长的岁月中，速食杯面再也无人触碰的悲伤。	Assets/Product/Texture/Image/IconTools/IconActivityConsume2015001.png	Assets/Product/Texture/Image/IconToolsSp/IconActivityConsume2015001Sp.png	1048580	4	10		999999				999999	1	2021/7/1 5:00	3369600	824	1	100	true			
62714	污损的身份牌	污损的身份牌，可用于在【后勤补给线】中兑换道具。	被战火污损的制式身份牌，不管是外部的铭文还是内部的身份资料都遭到高度毁损。	Assets/Product/Texture/Image/IconTools/IconActivityConsume2016001.png	Assets/Product/Texture/Image/IconToolsSp/IconActivityConsume2016001Sp.png	1048580	4	10		999999				999999	1	2021/8/12 5:00	3974400	825	1	100	true			
62715	祈愿星火	可于【商店包装】处兑换物资。至暗之时，唯愿星辰与火种为你指引的方向。	众人的愿望、坚持、挣扎、泪水都在丽芙的意识海中化作了祈愿的星火，虽然光芒微小，却如同丽芙本人的意志那样坚定而永恒地闪烁着。	Assets/Product/Texture/Image/IconTools/IconActivityConsume2017001.png	Assets/Product/Texture/Image/IconToolsSp/IconActivityConsume2017001Sp.png	1048580	4	10		999999				999999	1	2021/9/30 5:00	3369600	827	1	100	true			
62716	仙笋	散发柔和光芒的竹笋，可在【仙人居日杂店】中兑换道具。	集天地之灵气汇日月之精华生长的仙界之笋，有延年益寿之功效——以上似乎为当地广告语。	Assets/Product/Texture/Image/IconTools/IconActivityConsume2019001.png	Assets/Product/Texture/Image/IconToolsSp/IconActivityConsume2019001Sp.png	1048580	4	10		999999				999999	1	2021/12/16 5:00	3369600	830	1	100	true			
62717	星痕	星陨的残光，可在【次位面交易区】中兑换道具。	星体破碎时刻下的一抹微光，时刻度量和昭示着能量的消长。	Assets/Product/Texture/Image/IconTools/IconActivityConsume2020001.png	Assets/Product/Texture/Image/IconToolsSp/IconActivityConsume2020001Sp.png	1048580	4	10		999999				999999	1	2022/1/27 5:00	3369600	831	1	100	true			
62718	诞生纪念	被精心保存的螺丝，可在【秘仪圣藏室】中兑换道具。	自第一枚螺丝钉嵌入以后，金属就拥有了灵魂的一隅，机械们往往将其视作自我诞生的纪念。	Assets/Product/Texture/Image/IconTools/IconActivityConsume2021001.png	Assets/Product/Texture/Image/IconToolsSp/IconActivityConsume2021001Sp.png	1048580	4	10		999999				999999	1	2022/3/10 5:00	3369600	832	1	100	true			
62719	凝聚态电子对	封存的实验材料，可在【42号研究所】中兑换道具。	凝聚态物理的实验材料。对于零点能的研究来说不可或缺。但制造与收集需要花费一番心思。	Assets/Product/Texture/Image/IconTools/IconActivityConsume2022001.png	Assets/Product/Texture/Image/IconToolsSp/IconActivityConsume2022001Sp.png	1048580	4	10		999999				999999	1	2022/4/21 10:00	3351600	833	1	100	true			
62720	梦萤	可在【G54号货仓】中兑换道具。	停留在梦中的机械萤火虫，和现实中那只不同，它身上还没有留下任何伤痕。可以使用它在G54号货仓中换取储存在那里的物资<//记忆>。	Assets/Product/Texture/Image/IconTools/IconActivityConsume2023001.png	Assets/Product/Texture/Image/IconToolsSp/IconActivityConsume2023001Sp.png	1048580	4	10		999999				999999	1	2022/6/2 5:00	2764800	834	1	100	true			
62721	晶螺	可以使用它在【海上贸易站】里换取物资。	由未知的矿质结晶而成的空壳，螺旋状的复杂纹路是否代表着某种神秘的讯息，无人知晓。	Assets/Product/Texture/Image/IconTools/IconActivityConsume2024001.png	Assets/Product/Texture/Image/IconToolsSp/IconActivityConsume2024001Sp.png	1048580	4	10		999999				999999	1	2022/7/8 5:00	3283200	835	1	100	true			
62722	制式领结	陈旧但浆洗干净的领结，可以在【善义施济处 】里换取物资。	过去孤儿院提供给孩子们的制式衣装中的一部分，用以提醒孩子们时刻保持整洁和优雅。一个孩子，一个领结，无论何时何地都是如此。	Assets/Product/Texture/Image/IconTools/IconActivityConsume2025001.png	Assets/Product/Texture/Image/IconToolsSp/IconActivityConsume2025001Sp.png	1048580	4	10		999999				999999	1	2022/8/18 10:00	3351600	836	1	100	true			
62723	协合勋绩	参与指挥局各项玩法时可获得，由作战总指挥和作战副指挥代管，可在专属商店中购买各项资源。	参加指挥局的各项活动时获得的凭证，用以证明指挥局取得的功勋。	Assets/Product/Texture/Image/IconTools/Iconguildcoin.png	Assets/Product/Texture/Image/IconToolsSp/IconguildcoinSp.png	3	3	10																
62724	时停沙漏	可利用时停沙漏作为代币，在虚实裂缝商店中购买货品。	时空之神明指缝间坠落的流沙，汇聚成赤金色花芽。迷失的旅人，是否还记得指引路途的灯塔？	Assets/Product/Texture/Image/IconTools/IconActivityConsume2026001.png	Assets/Product/Texture/Image/IconToolsSp/IconActivityConsume2026001Sp.png	1048580	4	10		999999				999999	1	2022/9/29 10:00	3956400	837	1	100	true			
62725	捕梦花	采摘下的无名花卉，能够在绘画世界中交换物品。	于绘画世界中绽放的花卉，无暇身姿倒映着少女的梦境。哪怕只有幻景，她也想要目睹那一刹之间的盛放。	Assets/Product/Texture/Image/IconTools/IconActivityConsume2027001.png	Assets/Product/Texture/Image/IconToolsSp/IconActivityConsume2027001Sp.png	1048580	4	10		999999				999999	1	2022/10/9 10:00	3351600	838	1	100	true			
62726	片羽	可以使用它在【地下补给站】里换取物资。	留存在凛冬之前，遗憾的记忆。	Assets/Product/Texture/Image/IconTools/IconActivityConsume2028001.png	Assets/Product/Texture/Image/IconToolsSp/IconActivityConsume2028001Sp.png	1048580	4	10		999999				999999	1	2022/12/29 10:00	3351600	839	1	100	true			
62727	落英	深山之中信手拾起的落花，可以在【孤山游商】里换取物资。	自在飞花轻似梦，无边丝雨细如愁。	Assets/Product/Texture/Image/IconTools/IconActivityConsume2029001.png	Assets/Product/Texture/Image/IconToolsSp/IconActivityConsume2029001Sp.png	1048580	4	10		999999				999999	1	2023/1/10 10:00	3351600	840	1	100	true			
62728	图腾	可以在【灾区驻点】里换取物资。	由异变植物雕刻成的图腾	Assets/Product/Texture/Image/IconTools/IconActivityConsume2030001.png	Assets/Product/Texture/Image/IconToolsSp/IconActivityConsume2030001Sp.png	1048580	4	10		999999				999999	1	2023/3/23 10:00	2746800	841	1	100	true			
62729	无名勋章	可以在【情报生意】里换取物资。	遗落在各个区域的无名勋章。铭刻已被尽数抹除，无从辨别它们的所属，只余下些许光泽，悼念那些被尘封的功绩。	Assets/Product/Texture/Image/IconTools/IconActivityConsume2031001.png	Assets/Product/Texture/Image/IconToolsSp/IconActivityConsume2031001Sp.png	1048580	4	10		999999				999999	1	2023/4/27 10:00	3351600	842	1	100	true			
62730	配额	可以在【补给窗口】里换取物资。	一张看起来有些年头的兑换券	Assets/Product/Texture/Image/IconTools/IconActivityConsume2032001.png	Assets/Product/Texture/Image/IconToolsSp/IconActivityConsume2032001Sp.png	1048580	4	10		999999				999999	1	2023/6/8 10:00	3351600	843	1	100	true			
62731	意识复制体	可以在【死水潆洄】中换取物资。	被当做道具制造出来的“人”，因价值诞生，废弃时死亡。	Assets/Product/Texture/Image/IconTools/IconActivityConsume2033001.png	Assets/Product/Texture/Image/IconToolsSp/IconActivityConsume2033001Sp.png	1048580	4	10		999999				999999	1	2023/6/20 10:00	2746800	844	1	100	true			
62732	无名之焰	可以在【星升逐变】中换取物资。	在“回廊”中游荡的无名之火，似乎在谁的眼中见过。	Assets/Product/Texture/Image/IconTools/IconActivityConsume2034001.png	Assets/Product/Texture/Image/IconToolsSp/IconActivityConsume2034001Sp.png	1048580	4	10		999999				999999	1	2023/8/24 10:00	2746800	845	1	100	true			
62733	数据终端	可以在【幽量赎录】中换取物资。	对接格式塔的数据终端。其中重要的数据，能辅助格式塔链接组合无数数据点，持续进行量子计算。	Assets/Product/Texture/Image/IconTools/IconActivityConsume2035001.png	Assets/Product/Texture/Image/IconToolsSp/IconActivityConsume2035001Sp.png	1048580	4	10		999999				999999	1	2023/9/28 10:00	3351600	846	1	100	true			
62734	九龙纸筹	可以在【丹楹刻桷】中换取物资。	在现如今九龙城作为等价物使用的纸筹，采用的是不记名方式，“离柜不点票，认纸不认人”，要注意妥善保管	Assets/Product/Texture/Image/IconTools/IconActivityConsume2036001.png	Assets/Product/Texture/Image/IconToolsSp/IconActivityConsume2036001Sp.png	1048580	4	10		999999				999999	1	2023/11/9 10:00	3351600	847	1	100	true			
62735	淘金点	可以在【绩点结算】中兑换物资	诺曼集团内部流通的信用点,在员工之间相互送赠,用来表达对对方施以援手的感谢。虽然它的应用范围不如货币般宽广,但是每枚信用点都象征了一份沉甸甸的信任。	Assets/Product/Texture/Image/IconTools/IconActivityConsume2037001.png	Assets/Product/Texture/Image/IconToolsSp/IconActivityConsume2037001Sp.png	1048580	4	10		999999				999999	1	2023/12/21 10:00	3351600	848	1	100	true			
62736	镜隙碎月	可以在【镜域罪选】中兑换物资	破碎回忆凝聚而成的晶体，过往与未来皆化作虚无。	Assets/Product/Texture/Image/IconTools/IconActivityConsume2038001.png	Assets/Product/Texture/Image/IconToolsSp/IconActivityConsume2038001Sp.png	1048580	4	10		999999				999999	1	2024/2/1 10:00	3351600	849	1	100	true			
62737	熔火沸岩	可以在【矿境散星】中兑换物资	从晦浊泥泞里淬火而生的散碎晶体，燃久不灭如永不冷却的心。	Assets/Product/Texture/Image/IconTools/IconActivityConsume2039001.png	Assets/Product/Texture/Image/IconToolsSp/IconActivityConsume2039001Sp.png	1048580	4	10		999999				999999	1	2024/3/14 10:00	2746800	850	1	100	true			
62738	拟战绩分	在拟战场域中获得的能源绩分，可以在拟战商店中兑换其他所需的资源		Assets/Product/Texture/Image/IconTools/IconActivityConsume2040001.png	Assets/Product/Texture/Image/IconToolsSp/IconActivityConsume2040001Sp.png	1048580	4	10	[40756]	999999				999999										
62801	战术挂包	用于在深蓝战域玩法中，扩充插件背包容量。获得1个可扩展1容量，获得时自动使用	可以挂载在构造体各处的额外挂包。	Assets/Product/Texture/Image/IconTools/IconSuperTower03.png	Assets/Product/Texture/Image/IconToolsSp/IconSuperTower03Sp.png	3	5	10		999				999										
62802	数据痕迹	用于深蓝战域玩法，在战术补给中进行补给使用活动货币。可在无垠心渊和挑战关卡中获得	无形的记忆化作了有形的数据痕迹，便证明了曾经的战斗并不全是虚幻。	Assets/Product/Texture/Image/IconTools/IconSuperTower01.png	Assets/Product/Texture/Image/IconToolsSp/IconSuperTower01Sp.png	2097156	5	10		999999				999999										
62803	插件基质	用于在插件融聚所购买插件，可通过分解插件获得	插件数据中最重要的核心部分。	Assets/Product/Texture/Image/IconTools/IconSuperTower02.png	Assets/Product/Texture/Image/IconToolsSp/IconSuperTower02Sp.png	2097156	4	10	[20087]	999999				999999										
62804	插件融聚所	可使用插件基质在插件融聚所中购买插件	世界上没有多余的资源，要想取得胜利，就要懂得利用一切。	Assets/Product/Texture/Image/UiSuperTower/UiSuperTowerFunctionIcon01.png	Assets/Product/Texture/Image/UiSuperTower/UiSuperTowerFunctionIcon01.png	2097156	5	10		999999				999999										
62805	模拟超限	角色可以直接使用插件进行超限升级，提升属性	突破自我的极限往往伴随着风险，但在此地并不需要担心发生危险。	Assets/Product/Texture/Image/UiSuperTower/UiSuperTowerFunctionIcon02.png	Assets/Product/Texture/Image/UiSuperTower/UiSuperTowerFunctionIcon02.png	2097156	5	10		999999				999999										
62806	特典角色	每周会有部分角色得到伤害加成	没有最强的士兵，只有最适应战场变化的士兵。	Assets/Product/Texture/Image/UiSuperTower/UiSuperTowerFunctionIcon02.png	Assets/Product/Texture/Image/UiSuperTower/UiSuperTowerFunctionIcon02.png	2097156	5	10		999999				999999										
62807	多队伍挑战	挑战关卡需要多只作战梯队	战场时刻都在变化，现在该为大规模的多梯队压制战做好准备了。	Assets/Product/Texture/Image/UiSuperTower/UiSuperTowerFunctionIcon03.png	Assets/Product/Texture/Image/UiSuperTower/UiSuperTowerFunctionIcon03.png	2097156	5	10		999999				999999										
62808	特种增幅	消耗某一专属插件，该角色可获得专属效果增强	有时候单单一个技艺已达化境的士兵，便足以改变一切。	Assets/Product/Texture/Image/UiSuperTower/UiSuperTowerFunctionIcon04.png	Assets/Product/Texture/Image/UiSuperTower/UiSuperTowerFunctionIcon04.png	2097156	5	10		999999				999999										
62901	浮点算力	用于全境特遣玩法攻略区块使用，随时间自然回复	用于真实还原战场动态而需要的额外算力	Assets/Product/Texture/Image/IconTools/IconAreaWar01.png	Assets/Product/Texture/Image/IconToolsSp/IconAreaWar01Sp.png	2097156	5	10		999999	1	360	1	999999										
62902	试作原型	用于全境特遣玩法中，在特遣补给中兑换物品	已经损坏的原型装置，散落在各处节点等待回收	Assets/Product/Texture/Image/IconTools/IconAreaWar02.png	Assets/Product/Texture/Image/IconToolsSp/IconAreaWar02Sp.png	2097156	5	10		999999				999999										
62903	增幅序列	可提升战术增幅等级。增幅等级提升后，可增加玩法内作战时全队基础属性、解锁更多可装备的增益	失落的战术序列，回收并解析后能提升使用者各项能力。	Assets/Product/Texture/Image/IconTools/IconAreaWar03.png	Assets/Product/Texture/Image/IconToolsSp/IconAreaWar03Sp.png	2097156	5	10		999999				999999										
62904	丽芙·极昼	攻破后，可获得丽芙·极昼试用角色，可用于全境特遣中作战和派遣，并且该角色将获得作战增幅		Assets/Product/Texture/Image/RolePlayer/RoleHeadR4Lifu1.png	Assets/Product/Texture/Image/RolePlayer/RoleHeadR4Lifu1.png	2097156	6	10		999999				999999										
62905	卡列尼娜·烬燃	攻破后，可获得卡列尼娜·烬燃试用角色，可用于全境特遣中作战和派遣，并且该角色将获得作战增幅		Assets/Product/Texture/Image/RolePlayer/RoleHeadKalienina1SS.png	Assets/Product/Texture/Image/RolePlayer/RoleHeadKalienina1SS.png	2097156	6	10		999999				999999										
62906	七实·脉冲	攻破后，可获得七实·脉冲试用角色，可用于全境特遣中作战和派遣，并且该角色将获得作战增幅		Assets/Product/Texture/Image/RolePlayer/RoleHeadYongyechao1SS.png	Assets/Product/Texture/Image/RolePlayer/RoleHeadYongyechao1SS.png	2097156	6	10		999999				999999										
62907	罗兰·戏炎	攻破后，可获得罗兰·戏炎试用角色，可用于全境特遣中作战和派遣，并且该角色将获得作战增幅		Assets/Product/Texture/Image/RolePlayer/RoleHeadLuolan1.png	Assets/Product/Texture/Image/RolePlayer/RoleHeadLuolan1.png	2097156	6	10		999999				999999										
62908	卡穆·狂犬	攻破后，可获得卡穆·狂犬试用角色，可用于全境特遣中作战和派遣，并且该角色将获得作战增幅		Assets/Product/Texture/Image/RolePlayer/RoleHeadKamu1.png	Assets/Product/Texture/Image/RolePlayer/RoleHeadKamu1.png	2097156	6	10		999999				999999										
62909	曲·雀翎	攻破后，可获得曲·雀翎试用角色，可用于全境特遣中作战和派遣，并且该角色将获得作战增幅		Assets/Product/Texture/Image/RolePlayer/RoleHeadQu1.png	Assets/Product/Texture/Image/RolePlayer/RoleHeadQu1.png	2097156	6	10		999999				999999										
62910	赛琳娜·岚音	攻破后，可获得赛琳娜·岚音试用角色，可用于全境特遣中作战和派遣，并且该角色将获得作战增幅		Assets/Product/Texture/Image/RolePlayer/RoleHeadSailinna1.png	Assets/Product/Texture/Image/RolePlayer/RoleHeadSailinna1.png	2097156	6	10		999999				999999										
62911	比安卡·真理	攻破后，可获得比安卡·真理试用角色，可用于全境特遣中作战和派遣，并且该角色将获得作战增幅		Assets/Product/Texture/Image/RolePlayer/RoleHeadBianka1SS.png	Assets/Product/Texture/Image/RolePlayer/RoleHeadBianka1SS.png	2097156	6	10		999999				999999										
62912	薇拉·绯耀	攻破后，可获得薇拉·绯耀试用角色，可用于全境特遣中作战和派遣，并且该角色将获得作战增幅		Assets/Product/Texture/Image/RolePlayer/RoleHeadR3Weila1.png	Assets/Product/Texture/Image/RolePlayer/RoleHeadR3Weila1.png	2097156	6	10		999999				999999										
62913	里·乱数	攻破后，可获得里·乱数试用角色，可用于全境特遣中作战和派遣，并且该角色将获得作战增幅		Assets/Product/Texture/Image/RolePlayer/RoleHeadLi1SS.png	Assets/Product/Texture/Image/RolePlayer/RoleHeadLi1SS.png	2097156	6	10		999999				999999										
62914	罗塞塔·凛冽	攻破后，可获得罗塞塔·凛冽试用角色，可用于全境特遣中作战和派遣，并且该角色将获得作战增幅		Assets/Product/Texture/Image/RolePlayer/RoleHeadLuosaita1.png	Assets/Product/Texture/Image/RolePlayer/RoleHeadLuosaita1.png	2097156	6	10		999999				999999										
62915	露娜·银冕	攻破后，可获得露娜·银冕试用角色，可用于全境特遣中作战和派遣，并且该角色将获得作战增幅		Assets/Product/Texture/Image/RolePlayer/RoleHeadLuna1.png	Assets/Product/Texture/Image/RolePlayer/RoleHeadLuna1.png	2097156	6	10		999999				999999										
62916	神威·暗能	攻破后，可获得神威·暗能试用角色，可用于全境特遣中作战和派遣，并且该角色将获得作战增幅		Assets/Product/Texture/Image/RolePlayer/RoleHeadShenwei1SS.png	Assets/Product/Texture/Image/RolePlayer/RoleHeadShenwei1SS.png	2097156	6	10		999999				999999										
62917	丽芙·仰光	攻破后，可获得丽芙·仰光试用角色，可用于全境特遣中作战和派遣，并且该角色将获得作战增幅		Assets/Product/Texture/Image/RolePlayer/RoleHeadLifu1SS.png	Assets/Product/Texture/Image/RolePlayer/RoleHeadLifu1SS.png	2097156	6	10		999999				999999										
62918	露西亚·深红之渊	攻破后，可获得露西亚·深红之渊试用角色，可用于全境特遣中作战和派遣，并且该角色将获得作战增幅		Assets/Product/Texture/Image/RolePlayer/RoleHeadLuxiyaaerfa1SS.png	Assets/Product/Texture/Image/RolePlayer/RoleHeadLuxiyaaerfa1SS.png	2097156	6	10		999999				999999										
62919	露西亚·鸦羽	攻破后，可获得露西亚·鸦羽试用角色，可用于全境特遣中作战和派遣，并且该角色将获得作战增幅		Assets/Product/Texture/Image/RolePlayer/RoleHeadR4Luxiya1.png	Assets/Product/Texture/Image/RolePlayer/RoleHeadR4Luxiya1.png	2097156	6	10		999999				999999										
62920	库洛姆·荣光	攻破后，可获得库洛姆·荣光试用角色，可用于全境特遣中作战和派遣，并且该角色将获得作战增幅		Assets/Product/Texture/Image/RolePlayer/RoleHeadR3Kuluomu1.png	Assets/Product/Texture/Image/RolePlayer/RoleHeadR3Kuluomu1.png	2097156	6	10		999999				999999										
62921	亚里莎·回音	攻破后，可获得亚里莎·回音试用角色，可用于全境特遣中作战和派遣，并且该角色将获得作战增幅		Assets/Product/Texture/Image/RolePlayer/RoleHeadR3Yalisha1.png	Assets/Product/Texture/Image/RolePlayer/RoleHeadR3Yalisha1.png	2097156	6	10		999999				999999										
62922	比安卡·深痕	攻破后，可获得比安卡·深痕试用角色，可用于全境特遣中作战和派遣，并且该角色将获得作战增幅		Assets/Product/Texture/Image/RolePlayer/RoleHeadR4Bianka1.png	Assets/Product/Texture/Image/RolePlayer/RoleHeadR4Bianka1.png	2097156	6	10		999999				999999										
62923	罗塞塔·凛冽	攻破后，可获得罗塞塔·凛冽试用角色，可用于全境特遣中作战和派遣，并且该角色将获得作战增幅		Assets/Product/Texture/Image/RolePlayer/RoleHeadLuosaita1.png	Assets/Product/Texture/Image/RolePlayer/RoleHeadLuosaita1.png	2097156	6	10		999999				999999										
62924	露西亚·深红囚影	攻破后，可获得露西亚·深红囚影试用角色，可用于全境特遣中作战和派遣，并且该角色将获得作战增幅		Assets/Product/Texture/Image/RolePlayer/RoleHeadR5Luxiya1.png	Assets/Product/Texture/Image/RolePlayer/RoleHeadR5Luxiya1.png	2097156	6	10		999999				999999										
62925	21号·森息	攻破后，可获得21号·森息试用角色，可用于全境特遣中作战和派遣，并且该角色将获得作战增幅		Assets/Product/Texture/Image/RolePlayer/RoleHeadR3Twentyone1.png	Assets/Product/Texture/Image/RolePlayer/RoleHeadR3Twentyone1.png	2097156	6	10		999999				999999										
62926	薇拉·绯耀	攻破后，可获得薇拉·绯耀试用角色，可用于全境特遣中作战和派遣，并且该角色将获得作战增幅		Assets/Product/Texture/Image/RolePlayer/RoleHeadR3Weila1.png	Assets/Product/Texture/Image/RolePlayer/RoleHeadR3Weila1.png	2097156	6	10		999999				999999										
62927	里·超刻	攻破后，可获得里·超刻试用角色，可用于全境特遣中作战和派遣，并且该角色将获得作战增幅		Assets/Product/Texture/Image/RolePlayer/RoleHeadR4Li1.png	Assets/Product/Texture/Image/RolePlayer/RoleHeadR4Li1.png	2097156	6	10		999999				999999										
62928	丽芙·极昼	攻破后，可获得丽芙·极昼试用角色，可用于全境特遣中作战和派遣，并且该角色将获得作战增幅		Assets/Product/Texture/Image/RolePlayer/RoleHeadR4Lifu1.png	Assets/Product/Texture/Image/RolePlayer/RoleHeadR4Lifu1.png	2097156	6	10		999999				999999										
62929	七实·遥星之座	攻破后，可获得七实·遥星之座试用角色，可用于全境特遣中作战和派遣，并且该角色将获得作战增幅		Assets/Product/Texture/Image/RolePlayer/RoleHeadR5Yongyechao1.png	Assets/Product/Texture/Image/RolePlayer/RoleHeadR5Yongyechao1.png	2097156	6	10		999999				999999										
62930	露西亚·鸦羽	攻破后，可获得露西亚·鸦羽试用角色，可用于全境特遣中作战和派遣，并且该角色将获得作战增幅		Assets/Product/Texture/Image/RolePlayer/RoleHeadR4Luxiya1.png	Assets/Product/Texture/Image/RolePlayer/RoleHeadR4Luxiya1.png	2097156	6	10		999999				999999										
62931	库洛姆·荣光	攻破后，可获得库洛姆·荣光试用角色，可用于全境特遣中作战和派遣，并且该角色将获得作战增幅		Assets/Product/Texture/Image/RolePlayer/RoleHeadR3Kuluomu1.png	Assets/Product/Texture/Image/RolePlayer/RoleHeadR3Kuluomu1.png	2097156	6	10		999999				999999										
62932	艾拉·万华	攻破后，可获得艾拉·万华试用角色，可用于全境特遣中作战和派遣，并且该角色将获得作战增幅		Assets/Product/Texture/Image/RolePlayer/RoleHeadR3Aila1.png	Assets/Product/Texture/Image/RolePlayer/RoleHeadR3Aila1.png	2097156	6	10		999999				999999										
62933	露娜·银冕	攻破后，可获得露娜·银冕试用角色，可用于全境特遣中作战和派遣，并且该角色将获得作战增幅		Assets/Product/Texture/Image/RolePlayer/RoleHeadLuna1.png	Assets/Product/Texture/Image/RolePlayer/RoleHeadLuna1.png	2097156	6	10		999999				999999										
62934	卡列尼娜·辉晓	攻破后，可获得卡列尼娜·辉晓试用角色，可用于全境特遣中作战和派遣，并且该角色将获得作战增幅		Assets/Product/Texture/Image/RolePlayer/RoleHeadR4Kalienina1.png	Assets/Product/Texture/Image/RolePlayer/RoleHeadR4Kalienina1.png	2097156	6	10		999999				999999										
62935	赛琳娜·幻奏	攻破后，可获得赛琳娜·幻奏试用角色，可用于全境特遣中作战和派遣，并且该角色将获得作战增幅		Assets/Product/Texture/Image/RolePlayer/RoleHeadR3Sailinna1.png	Assets/Product/Texture/Image/RolePlayer/RoleHeadR3Sailinna1.png	2097156	6	10		999999				999999										
62936	行商货币	全境特遣拍卖行中所使用的货币，活动结束时按比例兑换成螺母。		Assets/Product/Texture/Image/IconTools/UiAreaWarIconV4P1.png	Assets/Product/Texture/Image/IconToolsSp/UiAreaWarIconV4P1Sp.png	2097156	5	10		99999999				99999999	1	2025/12/23 5:00	3542400	814						
62937	布偶熊·骇影	攻破后，可获得布偶熊·骇影试用角色，可用于全境特遣中作战和派遣，并且该角色将获得作战增幅		Assets/Product/Texture/Image/Role/RoleHeadR3Buouxiong1.png	Assets/Product/Texture/Image/Role/RoleHeadR3Buouxiong1.png	2097156	6	10		999999				999999										
62938	万事·明晰梦	攻破后，可获得万事·明晰梦试用角色，可用于全境特遣中作战和派遣，并且该角色将获得作战增幅		Assets/Product/Texture/Image/RolePlayer/RoleHeadR3Wanshi1.png	Assets/Product/Texture/Image/RolePlayer/RoleHeadR3Wanshi1.png	2097156	6	10		999999				999999										
62939	曲·启明	攻破后，可获得曲·启明试用角色，可用于全境特遣中作战和派遣，并且该角色将获得作战增幅		Assets/Product/Texture/Image/RolePlayer/RoleHeadR3Qu1.png	Assets/Product/Texture/Image/RolePlayer/RoleHeadR3Qu1.png	2097156	6	10		999999				999999										
62940	丽芙·霁梦	攻破后，可获得丽芙·霁梦试用角色，可用于全境特遣中作战和派遣，并且该角色将获得作战增幅		Assets/Product/Texture/Image/RolePlayer/RoleHeadR5Lifu1.png	Assets/Product/Texture/Image/RolePlayer/RoleHeadR5Lifu1.png	2097156	6	10		999999				999999										
62941	21号·森息	攻破后，可获得21号·森息试用角色，可用于全境特遣中作战和派遣，并且该角色将获得作战增幅		Assets/Product/Texture/Image/RolePlayer/RoleHeadR3Twentyone1.png	Assets/Product/Texture/Image/RolePlayer/RoleHeadR3Twentyone1.png	2097156	6	10		999999				999999										
62942	七实·芒星之迹	攻破后，可获得七实·芒星之迹试用角色，可用于全境特遣中作战和派遣，并且该角色将获得作战增幅		Assets/Product/Texture/Image/RolePlayer/RoleHeadR6Yongyechao1.png	Assets/Product/Texture/Image/RolePlayer/RoleHeadR6Yongyechao1.png	2097156	6	10		999999				999999										
62943	薇拉·灼惘	攻破后，可获得薇拉·灼惘试用角色，可用于全境特遣中作战和派遣，并且该角色将获得作战增幅		Assets/Product/Texture/Image/RolePlayer/RoleHeadR4Weila1.png	Assets/Product/Texture/Image/RolePlayer/RoleHeadR4Weila1.png	2097156	6	10		999999				999999										
62944	渡边·尘铭	攻破后，可获得渡边·尘铭试用角色，可用于全境特遣中作战和派遣，并且该角色将获得作战增幅		Assets/Product/Texture/Image/RolePlayer/RoleHeadR4Dubian1.png	Assets/Product/Texture/Image/RolePlayer/RoleHeadR4Dubian1.png	2097156	6	10		999999				999999										
62945	露西亚·誓焰	攻破后，可获得露西亚·誓焰试用角色，可用于全境特遣中作战和派遣，并且该角色将获得作战增幅		Assets/Product/Texture/Image/RolePlayer/RoleHeadR6Luxiya1.png	Assets/Product/Texture/Image/RolePlayer/RoleHeadR6Luxiya1.png	2097156	6	10		999999				999999										
62946	莉莉丝·谬影	攻破后，可获得莉莉丝·谬影试用角色，可用于全境特遣中作战和派遣，并且该角色将获得作战增幅		Assets/Product/Texture/Image/RolePlayer/RoleHeadR3Lilith1.png	Assets/Product/Texture/Image/RolePlayer/RoleHeadR3Lilith1.png	2097156	6	10		999999				999999										
62947	卡列尼娜·辉晓	攻破后，可获得卡列尼娜·辉晓试用角色，可用于全境特遣中作战和派遣，并且该角色将获得作战增幅		Assets/Product/Texture/Image/RolePlayer/RoleHeadR4Kalienina1.png	Assets/Product/Texture/Image/RolePlayer/RoleHeadR4Kalienina1.png	2097156	6	10		999999				999999										
62948	比安卡·晖暮	攻破后，可获得比安卡·晖暮试用角色，可用于全境特遣中作战和派遣，并且该角色将获得作战增幅		Assets/Product/Texture/Image/RolePlayer/RoleHeadR5Bianka1.png	Assets/Product/Texture/Image/RolePlayer/RoleHeadR5Bianka1.png	2097156	6	10		999999				999999										
62949	赛琳娜·希声	攻破后，可获得赛琳娜·希声试用角色，可用于全境特遣中作战和派遣，并且该角色将获得作战增幅		Assets/Product/Texture/Image/RolePlayer/RoleHeadR5Sailinna1.png	Assets/Product/Texture/Image/RolePlayer/RoleHeadR5Sailinna1.png	2097156	6	10		999999				999999										
62950	维罗妮卡·铮骨	攻破后，可获得维罗妮卡·铮骨试用角色，可用于全境特遣中作战和派遣，并且该角色将获得作战增幅		Assets/Product/Texture/Image/RolePlayer/RoleHeadR3Weiluonika1.png	Assets/Product/Texture/Image/RolePlayer/RoleHeadR3Weiluonika1.png	2097156	6	10		999999				999999										
62951	含英·檀心	攻破后，可获得含英·檀心试用角色，可用于全境特遣中作战和派遣，并且该角色将获得作战增幅		Assets/Product/Texture/Image/RolePlayer/RoleHeadR3Hanying1.png	Assets/Product/Texture/Image/RolePlayer/RoleHeadR3Hanying1.png	2097156	6	10		999999				999999										
62952	伊什梅尔·幻日	攻破后，可获得伊什梅尔·幻日试用角色，可用于全境特遣中作战和派遣，并且该角色将获得作战增幅		Assets/Product/Texture/Image/RolePlayer/RoleHeadR3Cibeizhe1.png	Assets/Product/Texture/Image/RolePlayer/RoleHeadR3Cibeizhe1.png	2097156	6	10		999999				999999										
62953	露娜·终焉	攻破后，可获得露娜·终焉试用角色，可用于全境特遣中作战和派遣，并且该角色将获得作战增幅		Assets/Product/Texture/Image/RolePlayer/RoleHeadR4Luna1.png	Assets/Product/Texture/Image/RolePlayer/RoleHeadR4Luna1.png	2097156	6	10		999999				999999										
63001	织光之丝	可用于在【生命微光】活动中翻取卡牌。	从世界之茧中抽出的细丝，仙女用它们编织出众生的命运。	Assets/Product/Texture/Image/IconTools/IconActivityConsumeTic2017001.png	Assets/Product/Texture/Image/IconToolsSp/IconActivityConsumeTic2017001Sp.png	1048580	5	800		99999				9999	1	2021/10/1 10:00	2419200	828			true			
63002	源质结晶	可用于在【生命之树】活动商店中兑换商品。	纯洁无暇的透明结晶，小小的光点驻留其中，不断闪烁着。	Assets/Product/Texture/Image/IconTools/IconActivityConsumeTic2017002.png	Assets/Product/Texture/Image/IconToolsSp/IconActivityConsumeTic2017002Sp.png	1048580	5	800		99999				9999	1	2021/10/1 10:00	2419200							
63100	布景木片	沾满颜料的木片，可在【纪念品行商】中兑换道具。	在空中花园艺术协会中使用的布景用木片。即使大部分场景与效果都能用全息影像完成，亲手雕刻的实物布景也有其意义。	Assets/Product/Texture/Image/IconTools/IconActivityConsume2018001.png	Assets/Product/Texture/Image/IconToolsSp/IconActivityConsume2018001Sp.png	1048580	4	10		999999				999999	1	2021/11/11 5:00	2764800	829	1	100	true			
63200	强化红	购买后在链合回路活动期间解锁技能	增加红球50%伤害分数2回合，冷却6回合（增幅：增加红球100%伤害分数3回合。耗能：18）	Assets/Product/Texture/Image/IconTools/IconWeihong.png	Assets/Product/Texture/Image/IconTools/IconWeihong.png	3	5	10		99999				99999										
63201	自选强化	购买后在链合回路活动期间解锁技能	选择一种球，强化50%分数，冷却3回合（增幅：随机产生强化红黄蓝球30%/40%/50%分数的buff3次。耗能：26）	Assets/Product/Texture/Image/IconTools/IconSamecolorFushe.png	Assets/Product/Texture/Image/IconTools/IconSamecolorFushe.png	3	5	10		99999				99999										
63202	改变一个球	购买后在链合回路活动期间解锁技能	改变1个球的颜色，冷却6回合（增幅：改变1种球的颜色。耗能：18）	Assets/Product/Texture/Image/IconTools/IconHeidong.png	Assets/Product/Texture/Image/IconTools/IconHeidong.png	3	5	10		99999				99999										
63203	消除一列	购买后在链合回路活动期间解锁技能	消除一列，冷却3回合（增幅：消除一行和一列。耗能：15）	Assets/Product/Texture/Image/IconTools/IconXuruo.png	Assets/Product/Texture/Image/IconTools/IconXuruo.png	3	5	10		99999				99999										
63204	交换球	购买后在链合回路活动期间解锁技能	交换任意两个球，冷却6回合（增幅：交换任意两个球，交换4次或触发消除停止。耗能：24）	Assets/Product/Texture/Image/IconTools/IconBihuan.png	Assets/Product/Texture/Image/IconTools/IconBihuan.png	3	5	10		99999				99999										
63205	消除同色	购买后在链合回路活动期间解锁技能	消除指定同色球，冷却7回合（增幅：消除指定颜色的球，分数算作一次多消。耗能：14）	Assets/Product/Texture/Image/IconTools/IconKangyuansu.png	Assets/Product/Texture/Image/IconTools/IconKangyuansu.png	3	5	10		99999				99999										
63206	加步数	购买后在链合回路活动期间解锁技能	增加行动步数1步，冷却6回合（增幅：使其他冷却中技能的冷却减少5回合。耗能：22）	Assets/Product/Texture/Image/IconTools/IconShanxian.png	Assets/Product/Texture/Image/IconTools/IconShanxian.png	3	5	10		99999				99999										
63207	随机消球	购买后在链合回路活动期间解锁技能	消球结束后会随机消除1个球，冷却2回合（增幅：消除1个球。耗能：4）	Assets/Product/Texture/Image/IconTools/IconSamecolorZhadan.png	Assets/Product/Texture/Image/IconTools/IconSamecolorZhadan.png	3	5	10		99999				99999										
63208	强化蓝	购买后在链合回路活动期间解锁技能	增加蓝球50%伤害分数2回合，冷却6回合（增幅：增加蓝球100%伤害分数3回合。耗能：18）	Assets/Product/Texture/Image/IconTools/IconWeilan.png	Assets/Product/Texture/Image/IconTools/IconWeilan.png	3	5	10		99999				99999										
63209	强化黄	购买后在链合回路活动期间解锁技能	增加黄球50%伤害分数2回合，冷却6回合（增幅：增加黄球100%伤害分数3回合。耗能：18）	Assets/Product/Texture/Image/IconTools/IconWeihuang.png	Assets/Product/Texture/Image/IconTools/IconWeihuang.png	3	5	10		99999				99999										
63210	强化普攻	购买后在链合回路活动期间解锁技能	增加普攻球50%伤害分数2回合，冷却6回合（增幅：增加普攻球100%伤害分数3回合。耗能：18）	Assets/Product/Texture/Image/IconTools/IconQianggong.png	Assets/Product/Texture/Image/IconTools/IconQianggong.png	3	5	10		99999				99999										
63211	消除一行	购买后在链合回路活动期间解锁技能	消除一行，冷却4回合（增幅：消除两行。耗能：15）	Assets/Product/Texture/Image/IconTools/IconXuruo2.png	Assets/Product/Texture/Image/IconTools/IconXuruo2.png	3	5	10		99999				99999										
63212	改变1种球	购买后在链合回路活动期间解锁技能	改变1种球的颜色，冷却8回合（增幅：下落的20个球改为指定颜色。耗能：30）	Assets/Product/Texture/Image/IconTools/IconSamecolorbuff008.png	Assets/Product/Texture/Image/IconTools/IconSamecolorbuff008.png	3	5	10		99999				99999										
63213	增加能量	购买后在链合回路活动期间解锁技能	增加15能量，冷却8回合	Assets/Product/Texture/Image/IconTools/IconSamecolorbuff004.png	Assets/Product/Texture/Image/IconTools/IconSamecolorbuff004.png	3	5	10		99999				99999										
63214	增加能量	购买后在链合回路活动期间解锁技能	增加能量	Assets/Product/Texture/Image/IconTools/IconSamecolorbuff004.png	Assets/Product/Texture/Image/IconTools/IconQianggong.png	3	5	10		99999				99999										
63215	临时道具	链合回路道具，购买后在活动期间解锁技能	消除一行，冷却8回合	Assets/Product/Texture/Image/IconTools/IconXuruo2.png	Assets/Product/Texture/Image/IconTools/IconXuruo2.png	3	5	10		99999				99999										
63216	临时道具	链合回路道具，购买后在活动期间解锁技能	消除一列，冷却8回合	Assets/Product/Texture/Image/IconTools/IconXuruo.png	Assets/Product/Texture/Image/IconTools/IconXuruo.png	3	5	10		99999				99999										
63217	临时道具	链合回路道具，购买后在活动期间解锁技能	消除同色球，冷却12回合	Assets/Product/Texture/Image/IconTools/IconKangyuansu.png	Assets/Product/Texture/Image/IconTools/IconKangyuansu.png	3	5	10		99999				99999										
63218	临时道具	链合回路道具，购买后在活动期间解锁技能	改变球的颜色，冷却12回合	Assets/Product/Texture/Image/IconTools/IconHeidong.png	Assets/Product/Texture/Image/IconTools/IconHeidong.png	3	5	10		99999				99999										
63219	临时道具	链合回路道具，购买后在活动期间解锁技能	交换两个球，冷却5回合	Assets/Product/Texture/Image/IconTools/IconBihuan.png	Assets/Product/Texture/Image/IconTools/IconBihuan.png	3	5	10		99999				99999										
63250	里·异火	购买后在链合回路活动期间解锁玩法角色	解锁角色——里·异火	Assets/Product/Texture/Image/Role/RoleHeadLi.png	Assets/Product/Texture/Image/Role/RoleHeadLi.png	3	5	10		99999				99999										
63251	卡列尼娜·爆裂	购买后在链合回路活动期间解锁玩法角色	解锁角色——卡列尼娜·爆裂	Assets/Product/Texture/Image/Role/RoleHeadKalie.png	Assets/Product/Texture/Image/Role/RoleHeadKalie.png	3	5	10		99999				99999										
63252	艾拉·溢彩	购买后在链合回路活动期间解锁玩法角色	解锁角色——艾拉·溢彩	Assets/Product/Texture/Image/Role/RoleHeadAila.png	Assets/Product/Texture/Image/Role/RoleHeadAila.png	3	5	10		99999				99999										
63253	露西亚·鸦羽	购买后在链合回路活动期间解锁玩法角色	解锁角色——露西亚·鸦羽	Assets/Product/Texture/Image/Role/RoleHeadR4Luxiya.png	Assets/Product/Texture/Image/Role/RoleHeadR4Luxiya.png	3	5	10		99999				99999										
63254	渡边·夜刃	购买后在链合回路活动期间解锁玩法角色	解锁角色——渡边·夜刃	Assets/Product/Texture/Image/Role/RoleHeadDubian.png	Assets/Product/Texture/Image/Role/RoleHeadDubian.png	3	5	10		99999				99999										
63255	万事·明觉	购买后在链合回路活动期间解锁玩法角色	解锁角色——万事·明觉	Assets/Product/Texture/Image/Role/RoleHeadWanshi.png	Assets/Product/Texture/Image/Role/RoleHeadWanshi.png	3	5	10		99999				99999										
63256	薇拉·绯耀	购买后在链合回路活动期间解锁玩法角色	解锁角色——薇拉·绯耀	Assets/Product/Texture/Image/Role/RoleHeadR3Weila.png	Assets/Product/Texture/Image/Role/RoleHeadR3Weila.png	3	5	10		99999				99999										
63257	七实·脉冲	购买后在链合回路活动期间解锁玩法角色	解锁角色——七实·脉冲	Assets/Product/Texture/Image/Role/RoleHeadYongyechaoSS.png	Assets/Product/Texture/Image/Role/RoleHeadYongyechaoSS.png	3	5	10		99999				99999										
63258	临时道具	链合回路道具，购买后在活动期间解锁角色	临时道具	Assets/Product/Texture/Image/Role/RoleHeadR4Luxiya.png	Assets/Product/Texture/Image/Role/RoleHeadR4Luxiya.png	3	5	10		99999				99999										
63259	临时道具	链合回路道具，购买后在活动期间解锁角色	临时道具	Assets/Product/Texture/Image/Role/RoleHeadR3Weila.png	Assets/Product/Texture/Image/Role/RoleHeadR3Weila.png	3	5	10		99999				99999										
63260	蒲牢·华钟	在链合回路·聚磁释能活动期间解锁玩法角色	蒲牢·华钟——增加所有球70%伤害，持续2回合	Assets/Product/Texture/Image/Role/RoleHeadPulao6.png	Assets/Product/Texture/Image/Role/RoleHeadPulao6.png	3	5	10		99999				99999										
63261	比安卡·真理	在链合回路·聚磁释能活动期间解锁玩法角色	比安卡·真理——球盘内所有球以400%伤害消除	Assets/Product/Texture/Image/Role/RoleHeadBianka6SS.png	Assets/Product/Texture/Image/Role/RoleHeadBianka6SS.png	3	5	10		99999				99999										
63262	诺安·逆旅	在链合回路·聚磁释能活动期间解锁玩法角色	诺安·逆旅——随机生成4个炸弹，炸弹将产生范围爆炸，对应范围内的球以600%伤害进行消除	Assets/Product/Texture/Image/Role/RoleHeadNuoan6.png	Assets/Product/Texture/Image/Role/RoleHeadNuoan6.png	3	5	10		99999				99999										
63263	库洛姆·荣光	在链合回路·聚磁释能活动期间解锁玩法角色	库洛姆·荣光——解除当前球盘内的所有负面效果	Assets/Product/Texture/Image/Role/RoleHeadR3Kuluomu6.png	Assets/Product/Texture/Image/Role/RoleHeadR3Kuluomu6.png	3	5	10		99999				99999										
63264	露西亚·鸦羽	在链合回路·聚磁释能活动期间解锁玩法角色	露西亚·鸦羽——重置当前所有副技能的冷却	Assets/Product/Texture/Image/Role/RoleHeadR4Luxiya6.png	Assets/Product/Texture/Image/Role/RoleHeadR4Luxiya6.png	3	5	10		99999				99999										
63265	强化红	在链合回路·聚磁释能活动期间解锁技能	增加红球50%伤害，持续2回合，冷却6回合	Assets/Product/Texture/Image/IconTools/IconWeihong.png	Assets/Product/Texture/Image/IconTools/IconWeihong.png	3	5	10		99999				99999										
63266	强化蓝	在链合回路·聚磁释能活动期间解锁技能	增加蓝球50%伤害，持续2回合，冷却6回合	Assets/Product/Texture/Image/IconTools/IconWeilan.png	Assets/Product/Texture/Image/IconTools/IconWeilan.png	3	5	10		99999				99999										
63267	强化黄	在链合回路·聚磁释能活动期间解锁技能	增加黄球50%伤害，持续2回合，冷却6回合	Assets/Product/Texture/Image/IconTools/IconWeihuang.png	Assets/Product/Texture/Image/IconTools/IconWeihuang.png	3	5	10		99999				99999										
63268	强化普攻	在链合回路·聚磁释能活动期间解锁技能	增加普攻球50%伤害，持续2回合，冷却6回合	Assets/Product/Texture/Image/IconTools/IconQianggong.png	Assets/Product/Texture/Image/IconTools/IconQianggong.png	3	5	10		99999				99999										
63269	自选强化	在链合回路·聚磁释能活动期间解锁技能	自选1种球，增加50%伤害，持续1回合，冷却3回合	Assets/Product/Texture/Image/IconTools/IconSamecolorFushe.png	Assets/Product/Texture/Image/IconTools/IconSamecolorFushe.png	3	5	10		99999				99999										
63270	消除一行一列	在链合回路·聚磁释能活动期间解锁技能	选择指定球后消除对应所在的行与列，冷却6回合	Assets/Product/Texture/Image/IconTools/IconXuruo.png	Assets/Product/Texture/Image/IconTools/IconXuruo.png	3	5	10		99999				99999										
63271	消除同色	在链合回路·聚磁释能活动期间解锁技能	消除指定颜色的所有信号球，冷却7回合	Assets/Product/Texture/Image/IconTools/IconKangyuansu.png	Assets/Product/Texture/Image/IconTools/IconKangyuansu.png	3	5	10		99999				99999										
63272	改变一种球	在链合回路·聚磁释能活动期间解锁技能	改变1种球的颜色，冷却8回合	Assets/Product/Texture/Image/IconTools/IconSamecolorbuff008.png	Assets/Product/Texture/Image/IconTools/IconSamecolorbuff008.png	3	5	10		99999				99999										
63273	交换球	在链合回路·聚磁释能活动期间解锁技能	交换任意2个球，冷却6回合	Assets/Product/Texture/Image/IconTools/IconBihuan.png	Assets/Product/Texture/Image/IconTools/IconBihuan.png	3	5	10		99999				99999										
63274	加步数	在链合回路·聚磁释能活动期间解锁技能	增加1次行动机会，冷却6回合	Assets/Product/Texture/Image/IconTools/IconShanxian.png	Assets/Product/Texture/Image/IconTools/IconShanxian.png	3	5	10		99999				99999										
63275	消除一个球	在链合回路·聚磁释能活动期间解锁技能	消除1个球，冷却2回合	Assets/Product/Texture/Image/IconTools/IconSamecolorZhadan.png	Assets/Product/Texture/Image/IconTools/IconSamecolorZhadan.png	3	5	10		99999				99999										
63300	寻踪凭证	觅迹寻踪活动的通用凭证，可以用于觅迹寻踪中解锁关卡提示及答案。	给赛利卡的小钱钱。	Assets/Product/Texture/Image/IconTools/IconActivityRpgMakerGame2020001.png	Assets/Product/Texture/Image/IconToolsSp/IconActivityRpgMakerGame2020001Sp.png	2097156	4	10		999999				999999										
63301	雪人朋友	收藏品	小小的雪人工艺品，代表着不会融化的思念。	Assets/Product/Texture/Image/UiCollection/Iconcollection077.png	Assets/Product/Texture/Image/UiCollection/Iconcollection077.png	2097156	4	10		999999				999999										
63400	寰维星屑	回收协议中兑换奖励	维域之中，万千星体生死明灭，化作齑粉积聚重构，不断演映着亿万年间所见证的辉光。	Assets/Product/Texture/Image/IconTools/IconRift010.png	Assets/Product/Texture/Image/IconToolsSp/IconRift010Sp.png	2097156	5	10		999999				999999										
63401	黑金票劵	用于在插件图鉴中解锁插件以及重置插件词缀	角斗场中通用的等价物，用于在竞技比赛中押注。	Assets/Product/Texture/Image/IconTools/IconRift012.png	Assets/Product/Texture/Image/IconToolsSp/IconRift012Sp.png	2097156	4	10		9999999				9999999										
63402	知觉增幅	解锁可消耗意识突触增幅队伍能力	首次完成5km区域作战后开放	Assets/Product/Texture/Image/IconTools/IconRift006.png	Assets/Product/Texture/Image/IconToolsSp/IconRift006Sp.png	2097156	5	10		999999				999999										
63403	映像联想	解锁后可累计消耗知觉信号挑战特殊关卡	首次完成20km区域作战后开放	Assets/Product/Texture/Image/IconTools/IconRift005.png	Assets/Product/Texture/Image/IconToolsSp/IconRift005Sp.png	2097156	5	10		999999				999999										
63404	聚融所	消耗意识突触可在此兑换插件	首次完成60km区域作战后开放	Assets/Product/Texture/Image/UiSuperTower/UiSuperTowerFunctionIcon01.png	Assets/Product/Texture/Image/UiSuperTower/UiSuperTowerFunctionIcon01.png	2097156	5	10		999999				999999										
63405	扩压存条	扩充角色负载，获得时自动消耗		Assets/Product/Texture/Image/IconTools/IconRift004.png	Assets/Product/Texture/Image/IconToolsSp/IconRift004Sp.png	3	5	10		999				999										
63406	延感存条	扩充推演强化上限，获得时自动消耗		Assets/Product/Texture/Image/IconTools/IconRift003.png	Assets/Product/Texture/Image/IconToolsSp/IconRift003Sp.png	3	5	10		999				999										
63407	露记龙币	用来升级店铺、雇佣升级员工	限量纪念货币，现仅流通于露记工房。	Assets/Product/Texture/Image/IconTools/IconRestaurantItem07.png	Assets/Product/Texture/Image/IconToolsSp/IconRestaurantItem07Sp.png	3	3	10		999999999				999999999	1	2024/4/18 10:00	2746800							
63408	明莹玉螺	在露记工房商店换购材料	有市无价的存在，在九龙收藏家之中也被视为非同一般的珍贵。	Assets/Product/Texture/Image/IconTools/IconRestaurantItem08.png	Assets/Product/Texture/Image/IconToolsSp/IconRestaurantItem08Sp.png	3	3	10		999999				999999	1	2024/4/18 10:00	2746800							
63409	特制日晷	露记工房加速道具	神秘的日晷力量已经到达工房现场。	Assets/Product/Texture/Image/IconTools/IconRestaurantItem09.png	Assets/Product/Texture/Image/IconToolsSp/IconRestaurantItem09Sp.png	3	3	10		999999				999999	1	2024/4/18 10:00	2746800							
63454	神秘食谱	获得食谱后，可解锁神秘配方	灵光一现！脑子里突然出现了新的烹饪配方！	Assets/Product/Texture/Image/UiRestaurant/UiRestaurantHide02.png	Assets/Product/Texture/Image/UiRestaurant/UiRestaurantHide02.png	262148	5	10		99999				999	1	2023/7/21 5:00	2746800							
63455	神秘食谱	获得食谱后，可解锁神秘配方	灵光一现！脑子里突然出现了新的烹饪配方！	Assets/Product/Texture/Image/UiRestaurant/UiRestaurantHide02.png	Assets/Product/Texture/Image/UiRestaurant/UiRestaurantHide02.png	262148	5	10		99999				999	1	2023/7/21 5:00	2746800							
63456	神秘食谱	获得食谱后，可解锁神秘配方	灵光一现！脑子里突然出现了新的烹饪配方！	Assets/Product/Texture/Image/UiRestaurant/UiRestaurantHide02.png	Assets/Product/Texture/Image/UiRestaurant/UiRestaurantHide02.png	262148	5	10		99999				999	1	2023/7/21 5:00	2746800							
63457	神秘食谱	获得食谱后，可解锁神秘配方	灵光一现！脑子里突然出现了新的烹饪配方！	Assets/Product/Texture/Image/UiRestaurant/UiRestaurantHide02.png	Assets/Product/Texture/Image/UiRestaurant/UiRestaurantHide02.png	262148	5	10		99999				999	1	2023/7/21 5:00	2746800							
63458	神秘食谱	获得食谱后，可解锁神秘配方	灵光一现！脑子里突然出现了新的烹饪配方！	Assets/Product/Texture/Image/UiRestaurant/UiRestaurantHide02.png	Assets/Product/Texture/Image/UiRestaurant/UiRestaurantHide02.png	262148	5	10		99999				999	1	2023/7/21 5:00	2746800							
63459	神秘食谱	获得食谱后，可解锁神秘配方	灵光一现！脑子里突然出现了新的烹饪配方！	Assets/Product/Texture/Image/UiRestaurant/UiRestaurantHide02.png	Assets/Product/Texture/Image/UiRestaurant/UiRestaurantHide02.png	262148	5	10		99999				999	1	2023/7/21 5:00	2746800							
63460	神秘食谱	获得食谱后，可解锁神秘配方	灵光一现！脑子里突然出现了新的烹饪配方！	Assets/Product/Texture/Image/UiRestaurant/UiRestaurantHide02.png	Assets/Product/Texture/Image/UiRestaurant/UiRestaurantHide02.png	262148	5	10		99999				999	1	2023/7/21 5:00	2746800							
63410	谜境通行票	进入康斯塔雷耶‘谜境誓彩’展馆的门票，上面绘着轻巧的云雀。	你好啊，浪漫与欢乐的精灵！	Assets/Product/Texture/Image/UiMaze/UiMazeIcon.png	Assets/Product/Texture/Image/UiMaze/UiMazeIcon.png	3	3	10		999999				999999	1	2023/2/14 5:00	1123200							
63411	星矿	用于在行星环游记的关卡中建造建筑	星际矿场产出的矿石。即使因为导航失灵迷失在深空之中，远离家园的流动矿场还是会忠实地履行自己的职责，总有一天会垄断整个星系的矿脉吧。	Assets/Product/Texture/Image/IconTools/IconPlanet01.png	Assets/Product/Texture/Image/IconToolsSp/IconPlanet01Sp.png	2097156	5	10		999999				999999										
63412	星币	用于在行星环游记的领地中建造建筑	根据星球上遗留的信息，用星矿铸造而成的货币。即使已经失去了原本的流通价值，但在21号的领地中能够发挥超乎想象的作用。	Assets/Product/Texture/Image/IconTools/IconPlanet02.png	Assets/Product/Texture/Image/IconToolsSp/IconPlanet02Sp.png	2097156	5	10		999999				999999										
63413	原始星屑	用于在行星环游记的星域交易商中兑换奖励	星球毁灭后留下的余烬，看上去正如划过天空的流星，理论上不可能被采集到，但是21号说可以，那就能。据说有星域交易商正在四处收购，或许可以交换到一些有用的物品。	Assets/Product/Texture/Image/IconTools/IconPlanet03.png	Assets/Product/Texture/Image/IconToolsSp/IconPlanet03Sp.png	2097156	5	10		999999				999999										
63418	自选强化	在链合回路活动期间解锁技能	自选1种球，增加50%伤害，持续1回合，冷却3回合	Assets/Product/Texture/Image/IconAffix/AffixIconFushe2.png	Assets/Product/Texture/Image/IconAffix/AffixIconFushe2.png	3	5	10		99999				99999										
63419	消除行列	在链合回路活动期间解锁技能	选择指定球后消除对应所在的行与列，冷却6回合	Assets/Product/Texture/Image/IconAffix/AffixIconXuruo2.png	Assets/Product/Texture/Image/IconAffix/AffixIconXuruo2.png	3	5	10		99999				99999										
63420	消除同色	在链合回路活动期间解锁技能	消除指定颜色的所有信号球，冷却7回合	Assets/Product/Texture/Image/IconAffix/AffixIconKangyuansu2.png	Assets/Product/Texture/Image/IconAffix/AffixIconKangyuansu2.png	3	5	10		99999				99999										
63421	改变一种球	在链合回路活动期间解锁技能	改变1种球的颜色，冷却8回合	Assets/Product/Texture/Image/IconAffixUnionKill/UiUnionKillBUFFIcon008.png	Assets/Product/Texture/Image/IconAffixUnionKill/UiUnionKillBUFFIcon008.png	3	5	10		99999				99999										
63422	交换球	在链合回路活动期间解锁技能	交换任意2个球，冷却6回合	Assets/Product/Texture/Image/IconAffix/AffixIconBihuan2.png	Assets/Product/Texture/Image/IconAffix/AffixIconBihuan2.png	3	5	10		99999				99999										
63423	加步数	在链合回路活动期间解锁技能	增加1次行动机会，冷却6回合	Assets/Product/Texture/Image/IconAffix/AffixIconShanxian2.png	Assets/Product/Texture/Image/IconAffix/AffixIconShanxian2.png	3	5	10		99999				99999										
63424	消除单球	在链合回路活动期间解锁技能	消除1个球，冷却2回合	Assets/Product/Texture/Image/IconAffix/AffixIconZhadan2.png	Assets/Product/Texture/Image/IconAffix/AffixIconZhadan2.png	3	5	10		99999				99999										
63501	自选强化	在链合回路活动期间解锁技能	自选1种球，增加50%伤害，持续1回合，冷却3回合	Assets/Product/Texture/Image/IconAffix/AffixIconFushe2.png	Assets/Product/Texture/Image/IconAffix/AffixIconFushe2.png	3	5	10		99999				99999										
63502	消除行列	在链合回路活动期间解锁技能	选择指定球后消除对应所在的行与列，冷却6回合	Assets/Product/Texture/Image/IconAffix/AffixIconXuruo2.png	Assets/Product/Texture/Image/IconAffix/AffixIconXuruo2.png	3	5	10		99999				99999										
63503	同色全消	在链合回路活动期间解锁技能	消除指定颜色的所有信号球，冷却7回合	Assets/Product/Texture/Image/IconAffix/AffixIconKangyuansu2.png	Assets/Product/Texture/Image/IconAffix/AffixIconKangyuansu2.png	3	5	10		99999				99999										
63504	单球扭转	在链合回路活动期间解锁技能	改变1种球的颜色，冷却8回合	Assets/Product/Texture/Image/IconAffixUnionKill/UiUnionKillBUFFIcon008.png	Assets/Product/Texture/Image/IconAffixUnionKill/UiUnionKillBUFFIcon008.png	3	5	10		99999				99999										
63505	单球互换	在链合回路活动期间解锁技能	交换任意2个球，冷却6回合	Assets/Product/Texture/Image/IconAffix/AffixIconBihuan2.png	Assets/Product/Texture/Image/IconAffix/AffixIconBihuan2.png	3	5	10		99999				99999										
63506	时数拓展	在链合回路活动期间解锁技能	增加1次行动机会，冷却6回合	Assets/Product/Texture/Image/IconAffix/AffixIconTime.png	Assets/Product/Texture/Image/IconAffix/AffixIconTime.png	3	5	10		99999				99999										
63507	全列互换	在链合回路活动期间解锁技能	交换任意2列球，冷却6回合	Assets/Product/Texture/Image/IconAffix/AffixIconChange.png	Assets/Product/Texture/Image/IconAffix/AffixIconChange.png	3	5	10		99999				99999										
63601	壁染溯砂	在【缘绘敦煌】活动图鉴中兑换素材	沉淀于大自然的馈赠，提炼后精心处理的矿石颜料，简朴的外观下，蕴藏着成就杰作的无限可能。	Assets/Product/Texture/Image/UiDunhuang/UiDunhuangCurrency.png	Assets/Product/Texture/Image/UiDunhuang/UiDunhuangCurrency.png	3	5	10		99999				99999										
63605	蜀锦	获得图纸后，可解锁神秘手作	灵光一现！脑子里突然出现了新的手作图纸！	Assets/Product/Texture/Image/UiRestaurant/UiRestaurantHide02.png	Assets/Product/Texture/Image/UiRestaurant/UiRestaurantHide02.png	262148	5	10		99999				999	1	2024/4/18 10:00	2746800							
63606	泥咕咕	获得图纸后，可解锁神秘手作	灵光一现！脑子里突然出现了新的手作图纸！	Assets/Product/Texture/Image/UiRestaurant/UiRestaurantHide02.png	Assets/Product/Texture/Image/UiRestaurant/UiRestaurantHide02.png	262148	5	10		99999				999	1	2024/4/18 10:00	2746800							
63607	喜鹊挂件	获得图纸后，可解锁神秘手作	灵光一现！脑子里突然出现了新的手作图纸！	Assets/Product/Texture/Image/UiRestaurant/UiRestaurantHide02.png	Assets/Product/Texture/Image/UiRestaurant/UiRestaurantHide02.png	262148	5	10		99999				999	1	2024/4/18 10:00	2746800							
63608	九龙篆章	获得图纸后，可解锁神秘手作	灵光一现！脑子里突然出现了新的手作图纸！	Assets/Product/Texture/Image/UiRestaurant/UiRestaurantHide02.png	Assets/Product/Texture/Image/UiRestaurant/UiRestaurantHide02.png	262148	5	10		99999				999	1	2024/4/18 10:00	2746800							
63609	双环白玉杯	获得图纸后，可解锁神秘手作	灵光一现！脑子里突然出现了新的手作图纸！	Assets/Product/Texture/Image/UiRestaurant/UiRestaurantHide02.png	Assets/Product/Texture/Image/UiRestaurant/UiRestaurantHide02.png	262148	5	10		99999				999	1	2024/4/18 10:00	2746800							
63610	龙泉青瓷	获得图纸后，可解锁神秘手作	灵光一现！脑子里突然出现了新的手作图纸！	Assets/Product/Texture/Image/UiRestaurant/UiRestaurantHide02.png	Assets/Product/Texture/Image/UiRestaurant/UiRestaurantHide02.png	262148	5	10		99999				999	1	2024/4/18 10:00	2746800							
63611	戏鼓	获得图纸后，可解锁神秘手作	灵光一现！脑子里突然出现了新的手作图纸！	Assets/Product/Texture/Image/UiRestaurant/UiRestaurantHide02.png	Assets/Product/Texture/Image/UiRestaurant/UiRestaurantHide02.png	262148	5	10		99999				999	1	2024/4/18 10:00	2746800							
63620	咖啡屋集印戳	使用集印戳可在局外培养中提升角色属性。	用来兑换咖啡屋独家礼品的凭证！其实是店长本人喜欢盖戳的感觉。	Assets/Product/Texture/Image/UiPBR/PBRItemsIcon/PBRItemsIcon2.png	Assets/Product/Texture/Image/UiPBR/PBRItemsIcon/PBRItemsIcon2.png	2097156	5	10		999999				999	1	2026/4/21 5:00	3542400							
63630	音浪乐币	使用乐币可在局外培养中提升角色属性。	听得越多就会获得越多的特殊音乐货币~！细心收集，总有妙用!	Assets/Product/Texture/Image/IconTools/PBRItemsIconCoin.png	Assets/Product/Texture/Image/IconTools/PBRItemsIconCoin.png	2097156	5	10		999999				999	1	2026/8/19 5:00	3024000							
70000	超频共振材料包	打开可获得480个超频晶币·高，80个超频晶币·极	含有可完成一次超频共振的超频材料	Assets/Product/Texture/Image/IconTools/ItCaseI020010.png	Assets/Product/Texture/Image/IconToolsSp/ItCaseI020010Sp.png	16	5	93001		999				999								[1,1174]		
70001	超频晶币·高	用于在意识超频共振时使用	从高级超频晶体上拆解而得，结合调频技术重铸而成的晶币	Assets/Product/Texture/Image/IconTools/IconEquipAwake0001.png	Assets/Product/Texture/Image/IconToolsSp/IconEquipAwake0001Sp.png	65540	3	29400	[11737,15002,10039,20198]	999999				999999										1
70002	超频晶币·极	用于在意识超频共振时使用	从极限级超频晶体上拆解而得，结合调频技术重铸而成的晶币	Assets/Product/Texture/Image/IconTools/IconEquipAwake0002.png	Assets/Product/Texture/Image/IconToolsSp/IconEquipAwake0002Sp.png	65540	4	29400	[11737,15002,10039,20198]	999999				999999										1
70011	康德丽娜超频·高	在意识的超频共振中作为材料使用。	《思想的火炬》——出土于不知何处的思想理论著作，因为年代久远风化严重而变得难以阅读，是芯片内的部分信号频段来源，可提升芯片品质。	Assets/Product/Texture/Image/IconTools/IconEquipAwake0011.png	Assets/Product/Texture/Image/IconToolsSp/IconEquipAwake0011Sp.png	4	5	86805	[10034]	999999				999	1	2020/12/24 10:00	1	908	70001	40				1
70012	康德丽娜超频·极	在意识的超频共振中作为材料使用。	《纯粹的理性》——一部篇幅宏大，艰深难读的哲学巨作，曾为旧时代优秀的思想理论的诞生奠定了重大深远的理论基础，是芯片内的部分信号频段来源，可提升芯片品质。	Assets/Product/Texture/Image/IconTools/IconEquipAwake0012.png	Assets/Product/Texture/Image/IconToolsSp/IconEquipAwake0012Sp.png	4	6	86806	[10034]	999999				999	1	2020/12/24 10:00	1	907	70002	40				1
70021	莎士比亚超频·高	在意识的超频共振中作为材料使用。	《残缺的剧作》——一份旧时代剧作的残页，依稀可以看到那些美好又真诚的片段，是芯片内的部分信号频段来源，可提升芯片品质。	Assets/Product/Texture/Image/IconTools/IconEquipAwake0021.png	Assets/Product/Texture/Image/IconToolsSp/IconEquipAwake0021Sp.png	4	5	86805	[10034]	999999				999	1	2020/12/24 10:00	1	908	70001	40				1
70022	莎士比亚超频·极	在意识的超频共振中作为材料使用。	《夏夜的梦》——讲述了一段由淘气的仙灵恶作剧而引发的夏夜闹剧，似乎曾经红极一时，是芯片内的部分信号频段来源，可提升芯片品质。	Assets/Product/Texture/Image/IconTools/IconEquipAwake0022.png	Assets/Product/Texture/Image/IconToolsSp/IconEquipAwake0022Sp.png	4	6	86806	[10034]	999999				999	1	2020/12/24 10:00	1	907	70002	40				1
70031	海森超频·高	在意识的超频共振中作为材料使用。	回路复制品——参考大脑回路制作的电子元件的量产品，属于复制品型号，做工的精良程度自然也低了很多，是芯片内的部分信号频段来源，可提升芯片品质。	Assets/Product/Texture/Image/IconTools/IconEquipAwake0031.png	Assets/Product/Texture/Image/IconToolsSp/IconEquipAwake0031Sp.png	4	5	86805	[10034]	999999				999	1	2020/12/24 10:00	1	908	70001	40				1
70032	海森超频·极	在意识的超频共振中作为材料使用。	回路元件——参考大脑回路制作的电子元件，精细与复杂程度偏高，即便是优秀的学者也需要研究多时，是芯片内的部分信号频段来源，可提升芯片品质。	Assets/Product/Texture/Image/IconTools/IconEquipAwake0032.png	Assets/Product/Texture/Image/IconToolsSp/IconEquipAwake0032Sp.png	4	6	86806	[10034]	999999				999	1	2020/12/24 10:00	1	907	70002	40				1
70041	达尔文超频·高	在意识的超频共振中作为材料使用。	《物种进化提纲》——一份简要的内容提纲，应该是早期时代物种起源的思想概念图，但仍旧能感受到著作者的智慧，是芯片内的部分信号频段来源，可提升芯片品质。	Assets/Product/Texture/Image/IconTools/IconEquipAwake0041.png	Assets/Product/Texture/Image/IconToolsSp/IconEquipAwake0041Sp.png	4	5	86805	[10034]	999999				999	1	2020/12/24 10:00	1	908	70001	40				1
70042	达尔文超频·极	在意识的超频共振中作为材料使用。	《生物起源节选》——一场生物学领域的变革，据传是耗时多年慎密考察后得出的科学理论，作为自然环境中的生物进化依据一直延续至今，是芯片内的部分信号频段来源，可提升芯片品质。	Assets/Product/Texture/Image/IconTools/IconEquipAwake0042.png	Assets/Product/Texture/Image/IconToolsSp/IconEquipAwake0042Sp.png	4	6	86806	[10034]	999999				999	1	2020/12/24 10:00	1	907	70002	40				1
70051	汉娜超频·高	在意识的超频共振中作为材料使用。	粗糙的钢琴模型——仅以概念制造出来的迷你钢琴粗模，还需要精心的加工才能变成最终的完成体形态，是芯片内的部分信号频段来源，可提升芯片品质。	Assets/Product/Texture/Image/IconTools/IconEquipAwake0051.png	Assets/Product/Texture/Image/IconToolsSp/IconEquipAwake0051Sp.png	4	5	86805	[10034]	999999				999	1	2020/12/24 10:00	1	908	70001	40				1
70052	汉娜超频·极	在意识的超频共振中作为材料使用。	原木钢琴模型——以纯木工艺打造的迷你钢琴模型最终版，似乎真的能通过敲击上面的琴键奏出华美的乐章，是芯片内的部分信号频段来源，可提升芯片品质。	Assets/Product/Texture/Image/IconTools/IconEquipAwake0052.png	Assets/Product/Texture/Image/IconToolsSp/IconEquipAwake0052Sp.png	4	6	86806	[10034]	999999				999	1	2020/12/24 10:00	1	907	70002	40				1
70061	库莉珂超频·高	在意识的超频共振中作为材料使用。	多拿滋·低糖——数量稀少且糖分程度偏低的甜品，除此以外造型方面也显得十分普通，是芯片内的部分信号频段来源，可提升芯片品质。	Assets/Product/Texture/Image/IconTools/IconEquipAwake0061.png	Assets/Product/Texture/Image/IconToolsSp/IconEquipAwake0061Sp.png	4	5	86805	[10034]	999999				999	1	2020/12/24 10:00	1	908	70001	40				1
70062	库莉珂超频·极	在意识的超频共振中作为材料使用。	多拿滋礼盒——一份填满了世界各地甜品工艺匠作的多拿滋礼盒，不光造型巧夺天工，味道也十分可口，并且甜而不腻，是芯片内的部分信号频段来源，可提升芯片品质。	Assets/Product/Texture/Image/IconTools/IconEquipAwake0062.png	Assets/Product/Texture/Image/IconToolsSp/IconEquipAwake0062Sp.png	4	6	86806	[10034]	999999				999	1	2020/12/24 10:00	1	907	70002	40				1
70071	达芬奇超频·高	在意识的超频共振中作为材料使用。	机械手稿——一些机械设计的概念图，从初级机器人到动力机械车应有尽有，完美呈现了创作者对机械世界的痴迷，是芯片内的部分信号频段来源，可提升芯片品质。	Assets/Product/Texture/Image/IconTools/IconEquipAwake0071.png	Assets/Product/Texture/Image/IconToolsSp/IconEquipAwake0071Sp.png	4	5	86805	[10034]	999999				999	1	2020/12/24 10:00	1	908	70001	40				1
70072	达芬奇超频·极	在意识的超频共振中作为材料使用。	达芬奇密码筒——由二十六个字母组成的五位转盘密码筒，据说里面封存着至今仍未被解开的秘密，但要小心，如果强行破坏只会让秘密永远封入尘埃，是芯片内的部分信号频段来源，可提升芯片品质。	Assets/Product/Texture/Image/IconTools/IconEquipAwake0072.png	Assets/Product/Texture/Image/IconToolsSp/IconEquipAwake0072Sp.png	4	6	86806	[10034]	999999				999	1	2020/12/24 10:00	1	907	70002	40				1
70081	凯瑟琳超频·高	在意识的超频共振中作为材料使用。	待绽开的花苞——还没有完全开放的花朵，被制作成了干花的款式，方便延长保存的期限，是芯片内的部分信号频段来源，可提升芯片品质。	Assets/Product/Texture/Image/IconTools/IconEquipAwake0081.png	Assets/Product/Texture/Image/IconToolsSp/IconEquipAwake0081Sp.png	4	5	86805	[10034]	999999				999	1	2020/12/24 10:00	1	908	70001	40				1
70082	凯瑟琳超频·极	在意识的超频共振中作为材料使用。	初生的红玫瑰——初生红玫瑰的新样品，其娇艳嫩红的色泽和层次感的环绕花瓣，至今仍受收藏家的追捧，是芯片内的部分信号频段来源，可提升芯片品质。	Assets/Product/Texture/Image/IconTools/IconEquipAwake0082.png	Assets/Product/Texture/Image/IconToolsSp/IconEquipAwake0082Sp.png	4	6	86806	[10034]	999999				999	1	2020/12/24 10:00	1	907	70002	40				1
70091	爱因斯坦娜超频·高	在意识的超频共振中作为材料使用。	《未完成的学说》——出于对原著作者的憧憬而制作的学术理念摘录版，不知什么原因内容并不完整，是芯片内的部分信号频段来源，可提升芯片品质。	Assets/Product/Texture/Image/IconTools/IconEquipAwake0091.png	Assets/Product/Texture/Image/IconToolsSp/IconEquipAwake0091Sp.png	4	5	86805	[10034]	999999				999	1	2020/12/24 10:00	1	908	70001	40				1
70092	爱因斯坦娜超频·极	在意识的超频共振中作为材料使用。	《相对理论片段》——一场给物理学带去了革命性变化的学术理论，时至今日仍是经典的智慧结晶，是芯片内的部分信号频段来源，可提升芯片品质。	Assets/Product/Texture/Image/IconTools/IconEquipAwake0092.png	Assets/Product/Texture/Image/IconToolsSp/IconEquipAwake0092Sp.png	4	6	86806	[10034]	999999				999	1	2020/12/24 10:00	1	907	70002	40				1
70101	费列特二世超频·高	在意识的超频共振中作为材料使用。	银合金长笛——做工精美的长笛，耐腐蚀不上锈，对于长笛音乐演奏的爱好者是一个不错的选择，是芯片内的部分信号频段来源，可提升芯片品质。	Assets/Product/Texture/Image/IconTools/IconEquipAwake0101.png	Assets/Product/Texture/Image/IconToolsSp/IconEquipAwake0101Sp.png	4	5	86805	[10034]	999999				999	1	2020/12/24 10:00	1	908	70001	40				1
70102	费列特二世超频·极	在意识的超频共振中作为材料使用。	纯铂金长笛——精致的外观昭示着造价的不菲，纯手工的制作赋予了其通透明亮的音色，能够让所有倾听者都沉浸在这场令人神清气爽的演奏当中，是芯片内的部分信号频段来源，可提升芯片品质。	Assets/Product/Texture/Image/IconTools/IconEquipAwake0102.png	Assets/Product/Texture/Image/IconToolsSp/IconEquipAwake0102Sp.png	4	6	86806	[10034]	999999				999	1	2020/12/24 10:00	1	907	70002	40				1
70111	桂尼超频·高	在意识的超频共振中作为材料使用。	华贵的碎片——看起来曾是某种贵重装饰的碎片，见证了一段辉煌又可惜的时代，经过岁月的磨损已经老化严重，是芯片内的部分信号频段来源，可提升芯片品质。	Assets/Product/Texture/Image/IconTools/IconEquipAwake0111.png	Assets/Product/Texture/Image/IconToolsSp/IconEquipAwake0111Sp.png	4	5	86805	[10034]	999999				999	1	2020/12/24 10:00	1	908	70001	40				1
70112	桂尼超频·极	在意识的超频共振中作为材料使用。	月桂冠——用月桂叶编制的花冠，用以授予这世界美丽的人儿，醇香的芬芳会随着秀发的飞舞而飘散，是芯片内的部分信号频段来源，可提升芯片品质。	Assets/Product/Texture/Image/IconTools/IconEquipAwake0112.png	Assets/Product/Texture/Image/IconToolsSp/IconEquipAwake0112Sp.png	4	6	86806	[10034]	999999				999	1	2020/12/24 10:00	1	907	70002	40				1
70121	腓特烈超频·高	在意识的超频共振中作为材料使用。	《启明的乐谱》——不知道名字与出处的乐谱，内容也简单明了，作为小小怡情的短时演奏曲恰到好处，是芯片内的部分信号频段来源，可提升芯片品质。	Assets/Product/Texture/Image/IconTools/IconEquipAwake0121.png	Assets/Product/Texture/Image/IconToolsSp/IconEquipAwake0121Sp.png	4	5	86805	[10034]	999999				999	1	2020/12/24 10:00	1	908	70001	40				1
70122	腓特烈超频·极	在意识的超频共振中作为材料使用。	《长笛协奏曲谱》——知名的乐器协奏曲谱，整体风格高贵雅致，热情优美却又不失细腻和宽广，令听众心旷神怡，是芯片内的部分信号频段来源，可提升芯片品质。	Assets/Product/Texture/Image/IconTools/IconEquipAwake0122.png	Assets/Product/Texture/Image/IconToolsSp/IconEquipAwake0122Sp.png	4	6	86806	[10034]	999999				999	1	2020/12/24 10:00	1	907	70002	40				1
70131	芭斯隆超频·高	在意识的超频共振中作为材料使用。	锈蚀的徽章——经过岁月的洗礼已经彻底锈蚀的徽章，虽然失去了曾经的闪耀光泽，但其承载的荣耀依旧没有褪色，是芯片内的部分信号频段来源，可提升芯片品质。	Assets/Product/Texture/Image/IconTools/IconEquipAwake0141.png	Assets/Product/Texture/Image/IconToolsSp/IconEquipAwake0141Sp.png	4	5	86805	[10034]	999999				999	1	2020/12/24 10:00	1	908	70001	40				1
70132	芭斯隆超频·极	在意识的超频共振中作为材料使用。	宝石权杖——由贵金属打造制成的权杖，身体纹路上填满了宝石作为装饰，在其顶部的圆盘上还雕刻着一只振翅的鹰，是芯片内的部分信号频段来源，可提升芯片品质。	Assets/Product/Texture/Image/IconTools/IconEquipAwake0142.png	Assets/Product/Texture/Image/IconToolsSp/IconEquipAwake0142Sp.png	4	6	86806	[10034]	999999				999	1	2020/12/24 10:00	1	907	70002	40				1
70141	巴顿超频·高	在意识的超频共振中作为材料使用。	银色勋章——以银质素材淬炼锻造而成的勋章，常用来嘉奖一些在部分领域有着杰出贡献的人，是芯片内的部分信号频段来源，可提升芯片品质。	Assets/Product/Texture/Image/IconTools/IconEquipAwake0131.png	Assets/Product/Texture/Image/IconToolsSp/IconEquipAwake0131Sp.png	4	5	86805	[10034]	999999				999	1	2020/12/24 10:00	1	908	70001	40				1
70142	巴顿超频·极	在意识的超频共振中作为材料使用。	皇家勋章——刻有狮子与独角兽的勋章，以坚固的盾徽作为核心，只有正直且勇敢拥有卓越创作贡献的人才能获得如此荣誉，是芯片内的部分信号频段来源，可提升芯片品质。	Assets/Product/Texture/Image/IconTools/IconEquipAwake0132.png	Assets/Product/Texture/Image/IconToolsSp/IconEquipAwake0132Sp.png	4	6	86806	[10034]	999999				999	1	2020/12/24 10:00	1	907	70002	40				1
70151	辰积原超频·高	在意识的超频共振中作为材料使用。	测绘工具——各种先进的测绘工具，不仅方便携带而且对数据的换算精度极高，因其制作工艺简单而易于量产，是芯片内的部分信号频段来源，可提升芯片品质。	Assets/Product/Texture/Image/IconTools/IconEquipAwake0151.png	Assets/Product/Texture/Image/IconToolsSp/IconEquipAwake0151Sp.png	4	5	86805	[10034]	999999				999	1	2020/12/24 10:00	1	908	70001	40				1
70152	辰积原超频·极	在意识的超频共振中作为材料使用。	算术合集——各种算术求解模型的汇集丛书，至今对于精密计算测绘有着不可取代的指导意义，凝结着历代数学原理的进步，是芯片内的部分信号频段来源，可提升芯片品质。	Assets/Product/Texture/Image/IconTools/IconEquipAwake0152.png	Assets/Product/Texture/Image/IconToolsSp/IconEquipAwake0152Sp.png	4	6	86806	[10034]	999999				999	1	2020/12/24 10:00	1	907	70002	40				1
70161	科亚超频·高	在意识的超频共振中作为材料使用。	维生套组——科亚曾经使用的工具箱，内含多种工具，可以用来战地支援，工事搭建以及紧急救助，是芯片内的部分信号频段来源，可提升芯片品质。	Assets/Product/Texture/Image/IconTools/IconEquipAwake0161.png	Assets/Product/Texture/Image/IconToolsSp/IconEquipAwake0161Sp.png	4	5	86805	[10034]	999999				999	1	2020/12/24 10:00	1	908	70001	40				1
70162	科亚超频·极	在意识的超频共振中作为材料使用。	斑驳合影——一张双人合照，夕阳洒落在他们身上，人脸已模糊不清，隐约能看出是一位蓝发少年和一位金发少年，是芯片内的部分信号频段来源，可提升芯片品质。	Assets/Product/Texture/Image/IconTools/IconEquipAwake0162.png	Assets/Product/Texture/Image/IconToolsSp/IconEquipAwake0162Sp.png	4	6	86806	[10034]	999999				999	1	2020/12/24 10:00	1	907	70002	40				1
70171	列文虎克超频·高	在意识的超频共振中作为材料使用。	微型显微组件——列文虎克随身携带的工具，外观呈古典的单片眼镜状，小巧且功能齐全，不用时装入口袋也不用担心遗失，是芯片内的部分信号频段来源，可提升芯片品质。	Assets/Product/Texture/Image/IconTools/IconEquipAwake0171.png	Assets/Product/Texture/Image/IconToolsSp/IconEquipAwake0171Sp.png	4	5	86805	[10034]	999999				999	1	2020/12/24 10:00	1	908	70001	40				1
70172	列文虎克超频·极	在意识的超频共振中作为材料使用。	意式特浓咖啡——维持着92度水温萃取了28秒的30毫升浓缩咖啡，不加牛奶和糖，散发着浓郁的咖啡豆香气，列文虎克加班时的首选，这种喝法被阿西莫夫非常嫌弃，是芯片内的部分信号频段来源，可提升芯片品质。	Assets/Product/Texture/Image/IconTools/IconEquipAwake0172.png	Assets/Product/Texture/Image/IconToolsSp/IconEquipAwake0172Sp.png	4	6	86806	[10034]	999999				999	1	2020/12/24 10:00	1	907	70002	40				1
70181	武安君超频·高	在意识的超频共振中作为材料使用。	沉重锁链——为了控制出力，武安君为自己带上的沉重锁链，诡异的重量会立刻压垮一位训练有素的成年士兵，无法理解武安君是如何承受下来的，是芯片内的部分信号频段来源，可提升芯片品质。	Assets/Product/Texture/Image/IconTools/IconEquipAwake0181.png	Assets/Product/Texture/Image/IconToolsSp/IconEquipAwake0181Sp.png	4	5	86805	[10034]	999999				999	1	2020/12/24 10:00	1	908	70001	40				1
70182	武安君超频·极	在意识的超频共振中作为材料使用。	半干黄酒——武安君在上战场前习惯饮用的黄酒，外装的瓶子饱受战火摧残而显得有些破旧，但瓶中的酒液依旧清澈，打开瓶口就能闻到醇厚的酒香，是芯片内的部分信号频段来源，可提升芯片品质。	Assets/Product/Texture/Image/IconTools/IconEquipAwake0182.png	Assets/Product/Texture/Image/IconToolsSp/IconEquipAwake0182Sp.png	4	6	86806	[10034]	999999				999	1	2020/12/24 10:00	1	907	70002	40				1
70191	勒梅超频·高	在意识的超频共振中作为材料使用。	FNII型药剂——成分不明的医用药剂，封存于勒梅随身携带的浮游终端中，是芯片内的部分信号频段来源，可提升芯片品质。	Assets/Product/Texture/Image/IconTools/IconEquipAwake0191.png	Assets/Product/Texture/Image/IconToolsSp/IconEquipAwake0191Sp.png	4	5	86805	[10034]	999999				999	1	2020/12/24 10:00	1	908	70001	40				1
70192	勒梅超频·极	在意识的超频共振中作为材料使用。	制式绷带——生产于免疫时代早期的医疗绷带，带着战火灼烧过的痕迹，是芯片内的部分信号频段来源，可提升芯片品质。	Assets/Product/Texture/Image/IconTools/IconEquipAwake0192.png	Assets/Product/Texture/Image/IconToolsSp/IconEquipAwake0192Sp.png	4	6	86806	[10034]	999999				999	1	2020/12/24 10:00	1	907	70002	40				1
70201	卢克雷齐娅超频·高	在意识的超频共振中作为材料使用。	管中银发——被封存在试管中的一缕银白色的头发。不知道为什么，总是觉得有奇妙的微小香气从试管中传来，是芯片内的部分信号频段来源，可提升芯片品质。	Assets/Product/Texture/Image/IconTools/IconEquipAwake0201.png	Assets/Product/Texture/Image/IconToolsSp/IconEquipAwake0201Sp.png	4	5	86805	[10034]	999999				999	1	2020/12/24 10:00	1	908	70001	40				1
70202	卢克雷齐娅超频·极	在意识的超频共振中作为材料使用。	漆封密信——用火漆妥善封存的一封密信。信封上用漂亮的花体写着‘致卢克雷齐亚’，内里到底写着什么不得而知，是芯片内的部分信号频段来源，可提升芯片品质。	Assets/Product/Texture/Image/IconTools/IconEquipAwake0202.png	Assets/Product/Texture/Image/IconToolsSp/IconEquipAwake0202Sp.png	4	6	86806	[10034]	999999				999	1	2020/12/24 10:00	1	907	70002	40				1
70211	埃克苏佩里超频·高	在意识的超频共振中作为材料使用。	行星喷漆——能喷出来行星图样的喷漆，多被喷在飞机外部，是芯片内的部分信号频段来源，可提升芯片品质。	Assets/Product/Texture/Image/IconTools/IconEquipAwake0211.png	Assets/Product/Texture/Image/IconToolsSp/IconEquipAwake0211Sp.png	4	5	86805	[10034]	999999				999	1	2020/12/24 10:00	1	908	70001	40				1
70212	埃克苏佩里超频·极	在意识的超频共振中作为材料使用。	狐狸手记——印着狐狸与玫瑰的纸质笔记本，首页书写着这样一行文字——“愿你找到那朵独一无二的玫瑰。”是芯片内的部分信号频段来源，可提升芯片品质。	Assets/Product/Texture/Image/IconTools/IconEquipAwake0212.png	Assets/Product/Texture/Image/IconToolsSp/IconEquipAwake0212Sp.png	4	6	86806	[10034]	999999				999	1	2020/12/24 10:00	1	907	70002	40				1
70221	提法超频·高	在意识的超频共振中作为材料使用。	制式针线包——执行部队制式装备里的针线包，一般来说并不常用。但因为提法的服饰经常在战斗中破损，所以会经常申请。是芯片内的部分信号频段来源，可提升芯片品质。	Assets/Product/Texture/Image/IconTools/IconEquipAwake0231.png	Assets/Product/Texture/Image/IconToolsSp/IconEquipAwake0231Sp.png	4	5	86805	[10034]	999999				999	1	2020/12/24 10:00	1	908	70001	40				1
70222	提法超频·极	在意识的超频共振中作为材料使用。	黑色丝带——柔顺的丝带，提法钟爱的袖口装饰。但问及为什么的时候，她却总是闭口不言。是芯片内的部分信号频段来源，可提升芯片品质。	Assets/Product/Texture/Image/IconTools/IconEquipAwake0232.png	Assets/Product/Texture/Image/IconToolsSp/IconEquipAwake0232Sp.png	4	6	86806	[10034]	999999				999	1	2020/12/24 10:00	1	907	70002	40				1
70231	杰克超频·高	在意识的超频共振中作为材料使用。	玩具手枪——“呯——！”一把能够射出白旗的滑稽玩具手枪。银幕里的“杰克”经常用来戏弄那些乞求他饶命的懦夫然后哈哈大笑——但很多时候，“杰克”的笑声比子弹更为致命。是芯片内的部分信号频段来源，可提升芯片品质。	Assets/Product/Texture/Image/IconTools/IconEquipAwake0241.png	Assets/Product/Texture/Image/IconToolsSp/IconEquipAwake0241Sp.png	4	5	86805	[10034]	999999				999	1	2020/12/24 10:00	1	908	70001	40				1
70232	杰克超频·极	在意识的超频共振中作为材料使用。	绅士礼帽——作为一个绅士，无论何时都要保持优雅。而一顶合乎装扮的帽子正是绅士不可或缺的配饰，同时也是作为角色的“杰克”最为标志性的装束。是芯片内的部分信号频段来源，可提升芯片品质。	Assets/Product/Texture/Image/IconTools/IconEquipAwake0242.png	Assets/Product/Texture/Image/IconToolsSp/IconEquipAwake0242Sp.png	4	6	86806	[10034]	999999				999	1	2020/12/24 10:00	1	907	70002	40				1
70241	伊丽莎白超频·高	在意识的超频共振中作为材料使用。	吊瓶挂杆——病患床畔常见的，维系他们生命的点滴挂瓶。是芯片内的部分信号频段来源，可提升芯片品质。	Assets/Product/Texture/Image/IconTools/IconEquipAwake0251.png	Assets/Product/Texture/Image/IconToolsSp/IconEquipAwake0251Sp.png	4	5	86805	[10034]	999999				999	1	2020/12/24 10:00	1	908	70001	40				1
70242	伊丽莎白超频·极	在意识的超频共振中作为材料使用。	医护铭牌——她留着与她分别的每个医师的铭牌，可以在生命之星的终端中读取到这些医师们之前负责的病人们的病历……一个个生命就通过这样的方式得以铭记。是芯片内的部分信号频段来源，可提升芯片品质。	Assets/Product/Texture/Image/IconTools/IconEquipAwake0252.png	Assets/Product/Texture/Image/IconToolsSp/IconEquipAwake0252Sp.png	4	6	86806	[10034]	999999				999	1	2020/12/24 10:00	1	907	70002	40				1
70251	萨贺芬超频·高	在意识的超频共振中作为材料使用。	女佣制服——黄金时代随处可见的蓝白女佣制服，沉淀着萨贺芬的过去。是芯片内的部分信号频段来源，可提升芯片品质。	Assets/Product/Texture/Image/IconTools/IconEquipAwake0261.png	Assets/Product/Texture/Image/IconToolsSp/IconEquipAwake0261Sp.png	4	5	86805	[10034]	999999				999	1	2020/12/24 10:00	1	908	70001	40				1
70252	萨贺芬超频·极	在意识的超频共振中作为材料使用。	天然颜料——年代久远的颜料，由动物的血与草叶的汁混合自制而成，据说曾被萨贺芬使用。是芯片内的部分信号频段来源，可提升芯片品质。	Assets/Product/Texture/Image/IconTools/IconEquipAwake0262.png	Assets/Product/Texture/Image/IconToolsSp/IconEquipAwake0262Sp.png	4	6	86806	[10034]	999999				999	1	2020/12/24 10:00	1	907	70002	40				1
70261	玛尔珂超频·高	在意识的超频共振中作为材料使用。	物流手账——物流是商业的命脉，这个手账中记录的秘密就足以倾覆一国一城的经济。是芯片内的部分信号频段来源，可提升芯片品质。	Assets/Product/Texture/Image/IconTools/IconEquipAwake0271.png	Assets/Product/Texture/Image/IconToolsSp/IconEquipAwake0271Sp.png	4	5	86805	[10034]	999999				999	1	2020/12/24 10:00	1	908	70001	40				1
70262	玛尔珂超频·极	在意识的超频共振中作为材料使用。	螭吻玉佩——九龙螭吻众所持有的玉佩，持有此玉玺之人可以无需过问任何人紧急调用九龙一切对外关口与储备资金。这是无比的信任，同时也是巨大的责任。是芯片内的部分信号频段来源，可提升芯片品质。	Assets/Product/Texture/Image/IconTools/IconEquipAwake0272.png	Assets/Product/Texture/Image/IconToolsSp/IconEquipAwake0272Sp.png	4	6	86806	[10034]	999999				999	1	2020/12/24 10:00	1	907	70002	40				1
70271	尤尼梅特超频·高	在意识的超频共振中作为材料使用。	怀旧眼镜——样式不够新颖的平光眼镜，在新技术的加持下尤为牢固。	Assets/Product/Texture/Image/IconTools/IconEquipAwake0281.png	Assets/Product/Texture/Image/IconToolsSp/IconEquipAwake0281Sp.png	4	5	86805	[10034]	999999				999	1	2020/12/24 10:00	1	908	70001	40				1
70272	尤尼梅特超频·极	在意识的超频共振中作为材料使用。	起源齿轮——从纪念馆中取出，由最初的机器人搭载，从物理层面而言属于冗余部件的小巧齿轮。但尤尼梅特坚持将它装入体内，他相信有些事物是不会被淘汰的。	Assets/Product/Texture/Image/IconTools/IconEquipAwake0282.png	Assets/Product/Texture/Image/IconToolsSp/IconEquipAwake0282Sp.png	4	6	86806	[10034]	999999				999	1	2020/12/24 10:00	1	907	70002	40				1
70281	艾夏超频·高	在意识的超频共振中作为材料使用。	音频日记——随身携带的军用级音频记录仪，被艾夏用以记录日志。	Assets/Product/Texture/Image/IconTools/IconEquipAwake0291.png	Assets/Product/Texture/Image/IconToolsSp/IconEquipAwake0291Sp.png	4	5	86805	[10034]	999999				999	1	2020/12/24 10:00	1	908	70001	40				1
70282	艾夏超频·极	在意识的超频共振中作为材料使用。	清晓勋章——为纪念艾夏的杰出贡献而授予的蓝宝石勋章。尽管经常佩戴，却不是为了要彰显什么，恰恰相反，艾夏认为荣耀、情感、思维、文明，都不应该被物质所束缚。	Assets/Product/Texture/Image/IconTools/IconEquipAwake0292.png	Assets/Product/Texture/Image/IconToolsSp/IconEquipAwake0292Sp.png	4	6	86806	[10034]	999999				999	1	2020/12/24 10:00	1	907	70002	40				1
70291	布恩超频·高	在意识的超频共振中作为材料使用。	特制仿生学服装——特意定制的服装，保护重要部位温度、提升穿着舒适度。最重要的是降低动物的警觉性。使穿着者能够融入环境。	Assets/Product/Texture/Image/IconTools/IconEquipAwake0301.png	Assets/Product/Texture/Image/IconToolsSp/IconEquipAwake0301Sp.png	4	5	86805	[10034]	999999				999	1	2020/12/24 10:00	1	908	70001	40				1
70292	布恩超频·极	在意识的超频共振中作为材料使用。	风干肉肠——手工制作的肉肠，不需要什么复杂的包装与添加剂。风味独特，存量还多的时候可以当做零食。食物不够时可以扔进锅里煮肉汤。	Assets/Product/Texture/Image/IconTools/IconEquipAwake0302.png	Assets/Product/Texture/Image/IconToolsSp/IconEquipAwake0302Sp.png	4	6	86806	[10034]	999999				999	1	2020/12/24 10:00	1	907	70002	40				1
70301	雪莱超频·高	在意识的超频共振中作为材料使用。	破损钢笔——雪莱爱用的钢笔，在这上面布满了代表岁月的伤痕。但只要握在雪莱的手中，它就是最浪漫的艺术品，也是最强而有力的武器。	Assets/Product/Texture/Image/IconTools/IconEquipAwake0311.png	Assets/Product/Texture/Image/IconToolsSp/IconEquipAwake0311Sp.png	4	5	86805	[10034]	999999				999	1	2020/12/24 10:00	1	908	70001	40				1
70302	雪莱超频·极	在意识的超频共振中作为材料使用。	折纸小船——纸折的小船上面写着诗歌，雪莱喜欢将它们放入河流之中顺流而下。对他来说，诗歌是寄宿在此身之上的理想，并终将在远方获得自由。	Assets/Product/Texture/Image/IconTools/IconEquipAwake0312.png	Assets/Product/Texture/Image/IconToolsSp/IconEquipAwake0312Sp.png	4	6	86806	[10034]	999999				999	1	2020/12/24 10:00	1	907	70002	40				1
70311	夏洛蒂超频·高	在意识的超频共振中作为材料使用。	一支口红——夏洛蒂总是会为自己涂上显眼的口红，只是为了与其他低调的清理部队队员形成鲜明的对比，这是她自信的来源。	Assets/Product/Texture/Image/IconTools/IconEquipAwake0321.png	Assets/Product/Texture/Image/IconToolsSp/IconEquipAwake0321Sp.png	4	5	86805	[10034]	999999				999	1	2020/12/24 10:00	1	908	70001	40				1
70312	夏洛蒂超频·极	在意识的超频共振中作为材料使用。	深红利刃——夏洛蒂所爱用的浮游利刃，本身其实只是普通的制式浮游刃，但是她却为其涂上了显眼而标志性的深红色，只是为了让这抹深红永远留在将死者最后的记忆之中。	Assets/Product/Texture/Image/IconTools/IconEquipAwake0322.png	Assets/Product/Texture/Image/IconToolsSp/IconEquipAwake0322Sp.png	4	6	86806	[10034]	999999				999	1	2020/12/24 10:00	1	907	70002	40				1
70321	图灵超频·高	在意识的超频共振中作为材料使用。	恩尼格玛译阵——图灵在黄金时代之前的信息战争中攻克了当时用于信息加密的恩尼格玛机，并将破译码阵制作为了便携密钥，为人类后续的和平做出了巨大贡献。	Assets/Product/Texture/Image/IconTools/IconEquipAwake0341.png	Assets/Product/Texture/Image/IconToolsSp/IconEquipAwake0341Sp.png	4	5	86805	[10034]	999999				999	1	2020/12/24 10:00	1	908	70001	40				1
70322	图灵超频·极	在意识的超频共振中作为材料使用。	图灵机模型——由图灵提出的抽象概念机器，实际上是一种计算模型。它的出现为黄金时代及后期计算机进行算力极限突破提供了程序语言主要架构。	Assets/Product/Texture/Image/IconTools/IconEquipAwake0342.png	Assets/Product/Texture/Image/IconToolsSp/IconEquipAwake0342Sp.png	4	6	86806	[10034]	999999				999	1	2020/12/24 10:00	1	907	70002	40				1
79991	超频催化剂·高	在意识的超频共振中作为材料使用。	对意识芯片的内部化合物产生高活性催化效应，有助于芯片内微粒之间碰撞而产生部分新的低阶键，产出物能协助部分新意识信号的生成。	Assets/Product/Texture/Image/IconTools/IconEquipAwake9991.png	Assets/Product/Texture/Image/IconToolsSp/IconEquipAwake9991Sp.png	4	4	86804	[15002]	999999				999	1	2020/12/24 10:00	1	906	1	10				1
79992	超频催化剂·极	在意识的超频共振中作为材料使用。	对意识芯片的内部化合物产生极高活性催化效应，加速芯片内微粒之间碰撞从而产生新的高阶键，从而使新意识信号得以快速生成。	Assets/Product/Texture/Image/IconTools/IconEquipAwake9992.png	Assets/Product/Texture/Image/IconToolsSp/IconEquipAwake9992Sp.png	4	5	86805	[15002]	999999				999	1	2020/12/24 10:00	1	905	1	10				1
80001	粉樱	霓裳系列——太刀	本为百戏班成员表演刀舞所用，舞动时似有花瓣落下。	Assets/Product/Texture/Image/IconTools/E3SwordMd140111.png	Assets/Product/Texture/Image/IconToolsSp/E3SwordMd140111Sp.png	32	5	2100		1				1								[12020001]		
80002	紫鸢	霓裳系列——弓	美丽的事物总是伴随着危险，就如同这把弓一样。	Assets/Product/Texture/Image/IconTools/E3BowMd090011.png	Assets/Product/Texture/Image/IconToolsSp/E3BowMd090011Sp.png	32	5	2100		1				1								[12040001]		
80003	开门红	霓裳系列——火炮	以爆竹为原型设计的火箭筒，末端的爆竹可以在攻击时装填进炮身一起发射出去，但是每次发射后都需要等待几秒钟让炮身散热。	Assets/Product/Texture/Image/IconTools/E2SleeveMd110011.png	Assets/Product/Texture/Image/IconToolsSp/E2SleeveMd110011Sp.png	32	5	2100		1				1								[12070001]		
80004	米斯基之剑	放逐乐园系列——大剑	以亡灵节为主题制作的大剑，用高络合金铸造而成。简单粗暴外形，简单粗暴的强韧度，适合简单粗暴的使用者。	Assets/Product/Texture/Image/IconToolsSp/E3ClaymoreMd090011Sp.png	Assets/Product/Texture/Image/IconTools/E3ClaymoreMd090011.png	32	5	2100		1				1								[12060001]		
80005	科德韦尔-49	圣誓系列——浮游炮	此款浮游炮以遥远星海中的玫瑰为名。早在黄金时代，便有人称宇宙为终极的浪漫。当然，如果可以将这样的浪漫量化为输出能力，一定是相当令人愉快的课题。 无论从外形或是输出功率来看都无可挑剔，除了对使用者瞄准技术的硬性要求外，它无懈可击。	Assets/Product/Texture/Image/IconToolsSp/E3FloatMd100011Sp.png	Assets/Product/Texture/Image/IconTools/E3FloatMd100011.png	32	5	2100		1				1								[12030001]		
80006	纯白圣赞	圣誓系列——弓	如其名字一般，是一把仪式感大于实用性的武器。它应该出现在更为圣洁美好的地方，而不是兵戈相见的战场之上。	Assets/Product/Texture/Image/IconToolsSp/E3BowMd100011Sp.png	Assets/Product/Texture/Image/IconTools/E3BowMd100011.png	32	5	2100		1				1								[12040002]		
80007	荆棘咏叹	深度腐蚀系列——增幅器	强劲的驱动结合绚丽的外观而诞生出的增幅器。挥舞时似是有繁星洒落，但是不能因此而忽视由它增幅出的恐怖杀伤力。	Assets/Product/Texture/Image/IconToolsSp/E3RingMd020011Sp.png	Assets/Product/Texture/Image/IconTools/E3RingMd020011.png	32	5	2100	[20011]	1				1								[12170001]		
80008	伯利恒之星	新生活系列——大剑	以圣诞树为原型制作的大剑，剑尖的伯利恒之星紧紧吸附在剑身之上，能够随意甩动而不会被甩飞出去。剑刃并不锋利，但是却有着合适的重量，作为武器来说也有着不错的杀伤力。	Assets/Product/Texture/Image/IconToolsSp/E2ClaymoreMd110011Sp.png	Assets/Product/Texture/Image/IconTools/E2ClaymoreMd110011.png	32	5	2100		1				1								[12060002]		
80009	星瀚云渺	霓裳系列——独域·龙枪	沧海桑田，星瀚茫茫跨枯桑。 人间百态渺渺如云，阅尽银河风浪。 枪身沉沉但纹饰精湛，似是古时旧物。九龙古史宬记载此物曾为赠礼，随信札一封，依稀可见落款小字：鸢。	Assets/Product/Texture/Image/IconToolsSp/E3SabreMd020011Sp.png	Assets/Product/Texture/Image/IconTools/E3SabreMd020011.png	32	5	2100		1				1								[12130001]		
80010	卢佩卡里亚	游诗歌谣系列——太刀	用现代技术再现了据说是远古时代牧神之刃才能实现的威能。 巧克力盒中，是你命定之人的名字——古老的王权已经随风而逝，只有这奇妙的风俗依然在某处存续。 来吧，从这盒子里抽出你的归宿——时间，不限。	Assets/Product/Texture/Image/IconToolsSp/E3SwordMd160011Sp.png	Assets/Product/Texture/Image/IconTools/E3SwordMd160011.png	32	5	2100		1				1								[12020002]		
80011	世界树	地平线系列——枪盾	英雄守护世界，世界成为英雄的助力。 当英雄从世界树上取下枝条，它便成为不灭的神枪。 但与此同时，它仍是世界树。	Assets/Product/Texture/Image/IconToolsSp/E3SpearMd030011Sp.png	Assets/Product/Texture/Image/IconTools/E3SpearMd030011.png	32	5	2100		1				1								[12110001]		
80012	狮魂荣光	往昔重绽系列——铳刃	狮魂荣光是法奥斯优秀毕业生配备的武器统称。它在挥舞时发出的狮子般的低沉咆哮，成为其名字的由来。狮子不会被轻易驯服，想要持有狮魂荣光同样有着严苛的条件。持有者需用纪律规范自身，将希望铭刻胸膛，方能不愧对狮魂荣光沉重的寄托。	Assets/Product/Texture/Image/IconToolsSp/E3GunbladeMd020011Sp.png	Assets/Product/Texture/Image/IconTools/E3GunbladeMd020011.png	32	5	2100		1				1								[12200001]		
80013	掌心白雪	圣誓系列——火炮	雪花在掌心消融，沸腾的情感将指间的温度升高，二人一起，将再也不惧寒冬。	Assets/Product/Texture/Image/IconToolsSp/E3SleeveMd090011Sp.png	Assets/Product/Texture/Image/IconTools/E3SleeveMd090011.png	32	5	2100		1				1								[12070002]		
80014	影打—残光	时节系列——太刀	如同落日一般，眼前的刀刃正在散发着红色的辉光。仅仅只是残料，在特殊的加工下也会出现这样的变化。就算这么做了刀身的性能也不会有丝毫的变化，但是却能让人下意识的觉得这样的刀刃也许会更加锋利。所谓的‘颜色’便是有这奇妙的功效。	Assets/Product/Texture/Image/IconToolsSp/E3SwordMd080012Sp.png	Assets/Product/Texture/Image/IconTools/E3SwordMd080012.png	32	5	2100		1				1								[12020003]		
80015	牡刺	新生活系列——增幅器	增幅器牡刺，由于其超前的缺口设计，内部传输回路被划分得相当复杂且难以理解，它也一度因此被认为注重外观远超性能。然而突破性的创新带来的是全新高度的算力，在其巨大的算力数据前，对这样个性设计再有微词的人都只能认可。	Assets/Product/Texture/Image/IconToolsSp/E3RingMd030011Sp.png	Assets/Product/Texture/Image/IconTools/E3RingMd030011.png	32	5	2100	[80020]	1				1								[12170002]		
80016	白金天鹅	新生活系列——浮游炮	优雅而修长的身姿，时常让人忘记她其实是执行部队构造体所使用的武器。 正如大家总会被天鹅美丽的身姿所吸引，而在不经意间忽视了它其实是具有攻击性的事实。	Assets/Product/Texture/Image/IconToolsSp/E3FloatMd120011Sp.png	Assets/Product/Texture/Image/IconTools/E3FloatMd120011.png	32	5	2100		1				1								[12030002]		
80017	骨鳞锋刃	阔海秘闻系列——太刀	你以为人鱼没有守护自己的手段吗？它们以骨为芯，披作鳞甲，铸成锋刃，将自己牢牢保护起来——从身躯到心灵，再到身后那个重要的人。	Assets/Product/Texture/Image/IconToolsSp/E3SwordMd180011Sp.png	Assets/Product/Texture/Image/IconTools/E3SwordMd180011.png	32	5	2100		1				1								[12020004]		
80018	鲨齿	阔海秘闻系列——电锯	“Aloha！鲨鱼要来咯！什么，鲨鱼不是这么叫的？不要在意这些细节啦！”——鲨鱼属性满载的Na☆na☆mi	Assets/Product/Texture/Image/IconToolsSp/E3SawMd110011Sp.png	Assets/Product/Texture/Image/IconTools/E3SawMd110011.png	32	5	2100		1				1								[12050001]		
80019	辉月幻想曲	往昔重绽系列——独域·提琴剑	离开熟悉的道路，静静地走进未知的夜晚。闭上眼，无声的乐曲流入长夜，化作柔和的辉光。虽然这里不是思念的故乡，也不是旅程的终点，但旅人啊，请暂为驻足，倾听这由光编织而成的幻想曲。	Assets/Product/Texture/Image/IconToolsSp/E3CelloMd020011Sp.png	Assets/Product/Texture/Image/IconTools/E3CelloMd020011.png	32	5	2100		1				1								[12190001]		
80020	瀚空	游诗歌谣系列——权杖	浩瀚的寒空之中，唯有它陪伴在寂寥的仙神身旁。她在等待，在祈祷着什么呢？也许只有真正抵达她的身旁，才能知晓了。	Assets/Product/Texture/Image/IconToolsSp/E3WandMd020011Sp.png	Assets/Product/Texture/Image/IconTools/E3WandMd020011.png	32	5	2100	[80033]	1				1								[12240001]		
80021	南瓜咧嘴笑	放逐乐园系列——电锯	“这样狂欢的节日，怎么能少了欢笑！把这南瓜这样，再这样一下——瞧，它笑得多开心呀！”	Assets/Product/Texture/Image/IconToolsSp/E3SawMd120011Sp.png	Assets/Product/Texture/Image/IconTools/E3SawMd120011.png	32	5	2100	[80037]	1				1								[12050002]		
80022	灰月初拥	放逐乐园系列——铳刃	这把武器，切开鲜红浪潮，像是在痛饮敌人的鲜血。紧握住它，无穷的动力就会支撑着身体继续前进。这究竟是永生的诅咒，还是内心的抉择？	Assets/Product/Texture/Image/IconToolsSp/E3GunbladeMd030011Sp.png	Assets/Product/Texture/Image/IconTools/E3GunbladeMd030011.png	32	5	2100	[80039]	1				1								[12200002]		
80023	深海突击	阔海秘闻系列——大剑	剑身大胆地使用了海量柔性填充材料，以应对总是超过承载极限的冲击，这也让整把剑看上去更像是抱枕而非武器。虽然剑（鱼）刃（鳍）上的寒光总能打消掉大部分人抱住它好好睡一觉的想法，但神秘的鱼眼设计却有诱人失魂的魔力，这一点就连武器设计者本人也无法幸免。	Assets/Product/Texture/Image/IconToolsSp/E3ClaymoreMd100011Sp.png	Assets/Product/Texture/Image/IconTools/E3ClaymoreMd100011.png	32	5	2100	[80041]	1				1								[12060003]		
80024	啸火猛兽	新生活系列——火炮	虽然经常抱怨设计师搞错了需求，自己想要的是进食的猫科猛兽而不是举起刀叉的萌兽，但其实从未去投诉或者要求更改过。	Assets/Product/Texture/Image/IconToolsSp/E3SleeveMd100011Sp.png	Assets/Product/Texture/Image/IconTools/E3SleeveMd100011.png	32	5	2100	[80045]	1				1								[12070003]		
80025	静夜新生	新生活系列——独域·龙枪	忠诚的白犬架起生死的通道，优雅的黑猫驱走险恶的毒蛇。她轻挥手中的权杖，祈愿所有子民都能获得生的希望。	Assets/Product/Texture/Image/IconToolsSp/E3QuMd030011Sp.png	Assets/Product/Texture/Image/IconTools/E3QuMd030011.png	32	5	2100	[80042]	1				1								[12130002]		
80026	夤夜惊鸿	霓裳系列——弓	无论是设计风格还是铸造技艺，都沿袭了传统猎弓的经典范式。凝重内敛的黑金弓臂和隐约亮起的星点红光总能让人联想到在暗处静静蛰伏的猎手。当弦音响起，猎物便无所遁形。	Assets/Product/Texture/Image/IconToolsSp/E3BowMd110011Sp.png	Assets/Product/Texture/Image/IconTools/E3BowMd110011.png	32	5	2100	[80048,80049]	1				1								[12040003]		
80027	掠影神锋	霓裳系列——大剑	选用了较为含蓄沉稳的暗影配色，来凸显选材的厚重可靠。但使用者却给出了“少了点让人眼前一亮的玩意儿，而且也太正经了”这样的评价。于是那条绛红的绸带便出现在了这把大剑之上。不过恰逢年节，这点装饰倒是画龙点睛，意外地合适。	Assets/Product/Texture/Image/IconToolsSp/E3ClaymoreMd110011Sp.png	Assets/Product/Texture/Image/IconTools/E3ClaymoreMd110011.png	32	5	2100	[80048]	1				1								[12060004]		
80028	除旧唤春	霓裳系列——权杖	庭下爆竹，回声毕剥。 春风送暖，去邪辟厄。 千灯争璨，浮光流火。 聊以祝祷，惟愿祥和。	Assets/Product/Texture/Image/IconToolsSp/E3WandMd030011Sp.png	Assets/Product/Texture/Image/IconTools/E3WandMd030011.png	32	5	2100	[80050]	1				1								[12240002]		
80029	寻途黑羊	新生活系列——双枪	若用往日的偏航来解读自我，便会将自己定义为“害群者”。但没有人会被永远困在过去，出膛的子弹将获得全新的目标，即便是“武器”也会寻回本真的色彩。	Assets/Product/Texture/Image/IconToolsSp/E3GunMd120011Sp.png	Assets/Product/Texture/Image/IconTools/E3GunMd120011.png	32	5	2100	[80051]	1				1								[12010001]		
80030	絮蓝悠梦	往昔重绽系列——独域·链刀	如梦似幻的湛蓝玫瑰，于骑士的手心悄然绽放，在那遥远的彼岸，祈祷梦境的延续。愿延展的花瓣能够切碎一切迷惘，指引相遇的道路。倘若彼此注定要以荆棘相连，无论苦难与疼痛，都将紧攥于手，至死不渝。	Assets/Product/Texture/Image/IconToolsSp/E3LuolanMd020011Sp.png	Assets/Product/Texture/Image/IconTools/E3LuolanMd020011.png	32	5	2100	[80053]	1				1								[12220001]		
80031	闪耀旗帜	新生活系列——旗枪	蕴含着意志与理想的旗帜。设计朴实无华，但团结奋斗的精神却能够切实传递到任何人的内心。只要还有人愿意联合起来，为了人类的胜利而继续战斗，它就将永远闪耀下去！	Assets/Product/Texture/Image/IconToolsSp/E3LanceMd020011Sp.png	Assets/Product/Texture/Image/IconTools/E3LanceMd020011.png	32	5	2100	[80058]	1				1								[12230001]		
80032	茜蕾伴生	新生活系列——独域·回旋龙厄	舞台上，少女纤细的双手紧张地握于胸前，而观众们也竖起耳朵期待第一缕歌声。她下定了决心，伸出两指划出一道弧线，就在观众们几乎要开始模仿她的动作为其应援时，一把点缀着茜色的锋刃应召而来，配合少女舞出了绝妙身法。叫好声在短暂的沉默后爆发——新生代偶像，歌声不再是唯一的标杆。	Assets/Product/Texture/Image/IconToolsSp/E3BoomerangMd020011Sp.png	Assets/Product/Texture/Image/IconTools/E3BoomerangMd020011.png	32	5	2100		1				1								[12260001]		
80033	龙争竞	霓裳系列——独域·大剑	以端午节的古老庆祝仪式为主题制作的大剑，某位测试者一边抱怨着这种设计应该拿去当展示品，一边忍不住在扬起锋刃劈坏了测试室的墙壁。	Assets/Product/Texture/Image/IconToolsSp/E3KamuMd030011Sp.png	Assets/Product/Texture/Image/IconTools/E3KamuMd030011.png	32	5	2100		1				1								[12100001]		
80034	夏沫辉绽	阔海秘闻系列——旗枪	为抵御灼热的光辉，伞面如同花瓣一样绽放，为少女划分出自己的领地。她悄悄潜伏其中，于音乐的浪潮中寻找有趣的事物，直至某人在这种注视下选择绕道而行。于是，少女展示了伞的另一种用法。她绑好伞骨，握住伞柄，将它当作标枪投掷出去，迫使路过的指挥官停下脚步。	Assets/Product/Texture/Image/IconToolsSp/E3LanceMd030011Sp.png	Assets/Product/Texture/Image/IconTools/E3LanceMd030011.png	32	5	2100	[80065]	1				1								[12230002]		
80035	森宇幻翼	游诗歌谣系列——权杖	蝶翼承载梦想，散发玉石的荧光。只要记忆中的痕迹不曾消散，权杖的光芒就不会黯淡，实现梦想的魔法也永远存在。	Assets/Product/Texture/Image/IconToolsSp/E3WandMd040011Sp.png	Assets/Product/Texture/Image/IconTools/E3WandMd040011.png	32	5	2100	[80063]	1				1								[12240003]		
80036	南十字星	游诗歌谣系列——剑杖	高悬于夜空的十字连星，昼光淡去之时，它将为迷途之人指引方向。	Assets/Product/Texture/Image/IconToolsSp/E3BigswordMd020011Sp.png	Assets/Product/Texture/Image/IconTools/E3BigswordMd020011.png	32	5	2100	[80068]	1				1								[12300001]		
80037	激浪MK.81改装版	阔海秘闻系列——枪械组	激浪MK.81，原本是黄金时代某第13号财团售卖的玩具。经由万事彻底改装以后，居然真的能够当作武器使用。装配的万事定制能量罐里填充了薄荷味气体，能够确保被击中方与开火方一起清爽一夏。同时，它还保有原本的功能，在闲暇之时可以降低功率，用激爽的寒浪唤醒昏昏欲睡的心灵。	Assets/Product/Texture/Image/IconToolsSp/E3RifleMd030011Sp.png	Assets/Product/Texture/Image/IconTools/E3RifleMd030011.png	32	5	2100	[80066]	1				1								[12180001]		
80038	赤冕耀旆	地平线系列——枪盾	朝阳初生，骑士飞驰在属于她的赛道。她将和你共享胜利的荣耀。让凯旋的辉光，在领奖台高悬的旗帜上燃烧。	Assets/Product/Texture/Image/IconToolsSp/E3SpearMd040011Sp.png	Assets/Product/Texture/Image/IconTools/E3SpearMd040011.png	32	5	2100	[80069]	1				1								[12110002]		
80039	云阙清辉	时节系列——增幅器	长风怀玉凭冰栏， 明榭能濯涧影寒。 何意清辉九万里， 故园萑苇尽阑珊。	Assets/Product/Texture/Image/IconToolsSp/E3RingMd040011Sp.png	Assets/Product/Texture/Image/IconTools/E3RingMd040011.png	32	5	2100	[80071]	1				1								[12170003]		
80040	旭日与希望之愿	往昔重绽系列——弓	那是少女最纯真的梦境，粉色的长弓张开双翼，将洋溢的热情与希望的祈愿注入箭矢，射向黎明前的黑暗。当破晓来临，少女穿梭在议论声中，窥见了熟悉的背影。粉色的弓弦于此刻偷偷绷紧，不仅是消灭邪恶的力量，它似乎还拥有着丘比特的魔法。	Assets/Product/Texture/Image/IconToolsSp/E3BowMd120011Sp.png	Assets/Product/Texture/Image/IconTools/E3BowMd120011.png	32	5	2100	[80076]	1				1								[12040004]		
80041	逸时	新生活系列——铳刃	在卡拉一型的基础之上经使用者自行改造后的版本，变得更加轻巧灵活，便于隐藏。很显然，他做好了在一切场景下都要保护对方的准备。	Assets/Product/Texture/Image/IconToolsSp/E3GunbladeMd040011Sp.png	Assets/Product/Texture/Image/IconTools/E3GunbladeMd040011.png	32	5	2100	[80074]	1				1								[12200003]		
80042	悲怆奇迹	放逐乐园系列——复合兵装	即使过去被暗沉的旧血覆盖，猎人仍然紧握手中的武器。付出的代价无需任何人知晓，踏上血肉之躯堆砌的道路，子夜的尽头，他如约带来千万分之一的奇迹。	Assets/Product/Texture/Image/IconToolsSp/E3SuperliboxMd030011Sp.png	Assets/Product/Texture/Image/IconTools/E3SuperliboxMd030011.png	32	5	2100	[80079]	1				1								[12320001]		
80043	择晓权愿	游诗歌谣系列——增幅器	被遗忘的旧神夺回失落的权柄，她将以自己的意志行走至黎明。	Assets/Product/Texture/Image/IconToolsSp/E3RingMd050011Sp.png	Assets/Product/Texture/Image/IconTools/E3RingMd050011.png	32	5	2100	[80077]	1				1								[12170004]		
80044	弥愿风鸣	浮世晓歌系列——笛剑	将祈祷寄予彼身，将心愿诉予神明。静坐于庭院之中的少女，轻轻吹响了她的长笛。愿此世之所有幸福，常伴那早已遥不可及的思念之人。弥愿萦声，叶落风鸣。视线穿过飘舞的白絮，于薄雾之中凝望着。哪怕只是须臾中的一刹……“可以，再见一面吗…”	Assets/Product/Texture/Image/IconToolsSp/E3FluntMd030011Sp.png	Assets/Product/Texture/Image/IconTools/E3FluntMd030011.png	32	5	2100	[80078]	1				1								[12250001]		
80045	天坼玄溪	霓裳系列——短刀	不以物喜，不以己悲，即使天地解体，亦可化作溪流，巡行其中。正如这两柄短刀，不管外界如何变迁，亦能够承载着九龙的信念传承下去，直至需要它们重新出现的那一天到来。	Assets/Product/Texture/Image/IconToolsSp/E3DaggerMd020011Sp.png	Assets/Product/Texture/Image/IconTools/E3DaggerMd020011.png	32	5	2100	[80088]	1				1								[12080001]		
80046	铿霆卯	霓裳系列——重破锤	工程部队开年出库的第一把武器，在某位副队长的支持下，被送往艺术协会加上了卯兔迎春的涂装，理由是“物似主人形”。重重挥下它时破空的声响正如铿锵的春雷，任谁都不会想到，在被卡列尼娜改造之前，最初的它只是一个用来捣年糕的机械臼吧。	Assets/Product/Texture/Image/IconToolsSp/E3HammerMd020011Sp.png	Assets/Product/Texture/Image/IconTools/E3HammerMd020011.png	32	5	2100	[80089]	1				1								[12280001]		
80047	誓时雪	寰星之屿系列——剑杖	彼此的伤口交叠在一起，两人在永不停歇的大雪中交换了离别与相守的誓言。	Assets/Product/Texture/Image/IconToolsSp/E3BigswordMd030011Sp.png	Assets/Product/Texture/Image/IconTools/E3BigswordMd030011.png	32	5	2100	[80085]	1				1								[12300002]		
80048	青髓	霓裳系列——封刃太刀	青色兽骨制成的封刃太刀，在深渊中也能发出森然寒光。对于流徙的海客来说，它既是斩破牢笼的证明，也是必须背负的业障。	Assets/Product/Texture/Image/IconToolsSp/E3AlphaMd020011Sp.png	Assets/Product/Texture/Image/IconTools/E3AlphaMd020011.png	32	5	2100	[80090]	1				1								[12340001]		
80049	冥途挽歌	游诗歌谣系列——旗枪	亡者向前，生者退却。唯有战士，不愿向深渊屈服，拥抱忘却的新生。征战于星穹之下，徘徊于冥界边际。但愿苍空燃尽之时，冥途的挽歌，能够指引迷失的英灵，找到回家的道路。	Assets/Product/Texture/Image/IconToolsSp/E3LanceMd040011Sp.png	Assets/Product/Texture/Image/IconTools/E3LanceMd040011.png	32	5	2100	[80095]	1				1								[12230003]		
80050	荧尘敛愿	游诗歌谣系列——镰刀	在那无人知晓的静谧深处，散落的荧辉点亮了尘沫。黎明将至，收束心愿的花蕾，又会迎来怎样的绽放呢？	Assets/Product/Texture/Image/IconToolsSp/E3SickMd110011Sp.png	Assets/Product/Texture/Image/IconTools/E3SickMd110011.png	32	5	2100	[80094]	1				1								[12090001]		
80051	暮色仪典	放逐乐园系列——太刀	在薄暮的挽歌中交换永久的誓言，离群的恶魔用赤血铸成契约的锋刃。无需付出任何代价，她会永远陪在你的身边。	Assets/Product/Texture/Image/IconToolsSp/E3SwordMd190011Sp.png	Assets/Product/Texture/Image/IconTools/E3SwordMd190011.png	32	5	2100	[80096]	1				1								[12020005]		
80052	天地一掷	霓裳系列——拳套	江山渺无垠，环城歌未竟。天地赌一掷，去还皆问心。即使尘封已久，拳套周身的金色铭文仍然闪烁着森芒，执此武器者，必定如它的铸造者所期望那般，精诚之心可断金石。	Assets/Product/Texture/Image/IconToolsSp/E3GloveMd020011Sp.png	Assets/Product/Texture/Image/IconTools/E3GloveMd020011.png	32	5	2100	[80097]	1				1								[12140001]		
80053	碧海狂鲨	阔海秘闻系列——双枪	原本是黄金时代映画晨星推出的超人气商品，被改装后变成了防水性能超强的武器，内含包括指甲剪和锉刀等12种便利生活的日常工具。外部涂装在某人的建议下保持原样，如果因为它可爱的外表而对它的火力产生错误的认识，那就太天真了。	Assets/Product/Texture/Image/IconToolsSp/E3GunMd130011Sp.png	Assets/Product/Texture/Image/IconTools/E3GunMd130011.png	32	5	2100	[80107]	1				1								[12010002]		
80054	巡夜之弧	新生活系列——弓	在雨夜与霓虹灯光之间，总有鹰隼的目光注视着都会里每一处孳生罪恶的角落——不必害怕，对于正义而言，长夜永远有人照亮。	Assets/Product/Texture/Image/IconToolsSp/E3BowMd140011Sp.png	Assets/Product/Texture/Image/IconTools/E3BowMd140011.png	32	5	2100	[80108,80110]	1				1								[12040005]		
80055	永夏激浪	阔海秘闻系列——火炮	来吧！让我们点燃这片大海！谁说打水仗非得用水枪？水炮才是王道！	Assets/Product/Texture/Image/IconToolsSp/E3SleeveMd110011Sp.png	Assets/Product/Texture/Image/IconTools/E3SleeveMd110011.png	32	5	2100	[80111]	1				1								[12070004]		
80056	涟游萦奏	阔海秘闻系列——笛剑	这是一次全新的尝试，挖掘传统乐器的潜能，古典与流行结合，焕发出新的生命力。由艾拉委托蕾奥妮研制的变调Ⅲ型组件实现了两种音乐种类的完美融合。“难道以后真的会发展成把唢呐融入硬核摇滚的情况吗？”——蕾奥妮	Assets/Product/Texture/Image/IconToolsSp/E3FluntMd040011Sp.png	Assets/Product/Texture/Image/IconTools/E3FluntMd040011.png	32	5	2100	[80119]	1				1								[12250002]		
80057	熠耀绚星	新生活系列——重破锤	艺术协会最新力作！参考了黄金时代的偶像元素，采用更加鲜艳明亮的色彩，并加装了音乐模块。每一次挥动它，都像是在施放让人变得闪耀的魔法。“既然作为‘制作人’的指挥官都这样说了，那我就尽全力歌唱吧。才……才不是因为自己也喜欢。”	Assets/Product/Texture/Image/IconToolsSp/E3HammerMd030011Sp.png	Assets/Product/Texture/Image/IconTools/E3HammerMd030011.png	32	5	2100	[80118]	1				1								[12280002]		
80058	折纸鸥歌	阔海秘闻系列——独域·释能剑	小时候，他总是幻想着手中的折纸变成了武器，让自己拥有反抗的力量。长大后，他又盼着世界上所有的武器都变成折纸，让纷争止于孩童的打闹。如今，武器涂装上这份易染血的纯白正在无声地提醒着使用者，不要忘记生命的沉重。	Assets/Product/Texture/Image/IconToolsSp/E3NuoanMd020011Sp.png	Assets/Product/Texture/Image/IconTools/E3NuoanMd020011.png	32	5	2100	[80122]	1				1								[12290001]		
80059	悠游浅嬉	阔海秘闻系列——复合兵装	这套武器绝对是沙滩作战的利器，不管是什么样的攻势，都可以选用合理的方案反击。当然最让人惊叹的绝对是作为杀手锏的水炮。“即使是水枪战也要全力以赴。”	Assets/Product/Texture/Image/IconToolsSp/E3SuperliboxMd040011Sp.png	Assets/Product/Texture/Image/IconTools/E3SuperliboxMd040011.png	32	5	2100	[80120]	1				1								[12320002]		
80060	晨昏线	游诗歌谣系列——异刃戟	海平面上无数次的日出与日落，冷清的星与月，那是这个年代鲜有人看到的景色。少女喜欢这份独属于自己的静谧。	Assets/Product/Texture/Image/IconToolsSp/E3LamiyaMd020011Sp.png	Assets/Product/Texture/Image/IconTools/E3LamiyaMd020011.png	32	5	2100	[80121,80123]	1				1								[12380001]		
80061	星霆	新生活系列——封刃太刀	仿佛蕴含了群星雷霆怒火的封刃太刀，无法用常理解释的武器，当以无上觉悟握紧它时，雷声轰鸣，出鞘瞬间的苍蓝火焰甚至能照亮夜空。	Assets/Product/Texture/Image/IconToolsSp/E3AlphaMd030011Sp.png	Assets/Product/Texture/Image/IconTools/E3AlphaMd030011.png	32	5	2100	[80127]	1				1								[12340002]		
80062	白羽幻梦	往昔重绽系列——螳螂刃	尽管脚下舞台不复存在，尽管观众席位空无一人，尽管每一次旋转都伴随着破碎与死亡，梦中的小小天鹅依然舞动着，为注视着她的珍重之人，献上祝福。	Assets/Product/Texture/Image/IconToolsSp/E3BangbinataMd020011Sp.png	Assets/Product/Texture/Image/IconTools/E3BangbinataMd020011.png	32	5	2100	[80129]	1				1								[12310001]		
80063	星夜随想曲	游诗歌谣系列——独域·提琴剑	漫步于田野间，抬头仰望浩瀚无垠星空，张开双臂，聆听微风哼起的歌谣。旅人啊，请暂时放下一切，让自由的心灵飘荡在星与夜中，来感受这肆意而欢快的随想曲。	Assets/Product/Texture/Image/IconToolsSp/E3CelloMd030011Sp.png	Assets/Product/Texture/Image/IconTools/E3CelloMd030011.png	32	5	2100		1				1								[12190002]		
80064	耀言誓约	游诗歌谣系列——枪盾	划穿霜雪的声音响彻天空，千万年不朽的英雄传说破空而来，在世人传颂声中，坚定了最终的归宿。凛然生风，耀耀生华，都是她履行誓言的决意。	Assets/Product/Texture/Image/IconToolsSp/E3SpearMd050011Sp.png	Assets/Product/Texture/Image/IconTools/E3SpearMd050011.png	32	5	2100	[80135]	1				1								[12110003]		
80065	走纸生华	地平线系列——光束铳枪	涂料填充，颜色预设，按动扳机，像素光点在笔尖跳跃……今天的少女比以往更加活跃，在名为战场的白纸上旋转不停，以刃为笔，恣意绘制心目中的图景。	Assets/Product/Texture/Image/IconToolsSp/E3BeamlanceMd020011Sp.png	Assets/Product/Texture/Image/IconTools/E3BeamlanceMd020011.png	32	5	2100	[80235]	1				1								[12330001]		
80066	永夜焚霜	放逐乐园系列——长剑	在漫长的时光里，一切事物都逐渐腐朽变色，只有这把漆黑的长剑一直陪伴着她。孑然走过这场漫长而孤独的旅途，她不需要任何的安慰和肯定，只需要确切握在手中的力量告诉她，她的选择并没有错。	Assets/Product/Texture/Image/IconToolsSp/E3JianMd020011Sp.png	Assets/Product/Texture/Image/IconTools/E3JianMd020011.png	32	5	2100	[80136,80137]	1				1								[12410001]		
80067	长缨挂帅	霓裳系列——旗枪	在远古的朝代，这面旗帜象征着将士的冀望，无论战场如何酷烈，只要旌旗不倒，就象征着战况仍有逆转余地。今日再竖起这面旌旗，含义和往日无异：“破釜为舟，背水为阵”，一切仍有逆转的余地。	Assets/Product/Texture/Image/IconToolsSp/E3LanceMd060011Sp.png	Assets/Product/Texture/Image/IconTools/E3LanceMd060011.png	32	5	2100	[80138]	1				1								[12230004]		
80068	执花斩风	霓裳系列——爪刃	专为应对诊治的需求，调整了输出功率的爪刃。视乎实际的使用情景，可以安然无恙地拿起一朵娇嫩的鲜花，也可以轻易地撕开碍事的绷带。	Assets/Product/Texture/Image/IconToolsSp/E3ClawMd020011Sp.png	Assets/Product/Texture/Image/IconTools/E3ClawMd020011.png	32	5	2100	[80315]	1				1								[12360001]		
80069	星龙拳	霓裳系列——机械臂	取材于九龙传统铠甲，融合了最新引爆技术制成的动力拳套。具有十分灵活的机动性，既可以作为武器，也可以完全替代义肢使用。	Assets/Product/Texture/Image/IconToolsSp/E3ArmMd020011Sp.png	Assets/Product/Texture/Image/IconTools/E3ArmMd020011.png	32	5	2100	[80141]	1				1								[12370001]		
80070	不羁制造者	新生活系列——战术耳机	完全根据黄金时期原教旨主义调音标准还原的经典款耳机，音色通透，高频清澈水润，低频厚润饱满，音场开阔且具有强烈的线条感。什么？你说这个调音不对味？那一定是神经系统的活跃度还不够高，再去吧台那边领一杯螺丝起子口味电解液吧。	Assets/Product/Texture/Image/IconToolsSp/E3HeadsetMd020011Sp.png	Assets/Product/Texture/Image/IconTools/E3HeadsetMd020011.png	32	5	2100	[80142]	1				1								[12420001]		
80071	燃鳞	霓裳系列——封刃太刀	以秘传淬火之良技打造的封刃太刀，夹钢工艺在刃身铭下的波纹宛若龙翻偃舞。高熵合金刀鞘据说能够储存使用者外溢的能量，总是绽露着赫赫焰光。驾驭它便如攀上龙鳞，当有一刀可敌百万师的豪气。	Assets/Product/Texture/Image/IconToolsSp/E3AlphaMd040011Sp.png	Assets/Product/Texture/Image/IconTools/E3AlphaMd040011.png	32	5	2100	[80148]	1				1								[12340003]		
80072	青弦	霓裳系列——折扇	制琴师出身的九龙工匠应舞者之邀打造了这件折扇。沿边利锷散出割玉寒意，扇面上的潺水翩花却平添几分素雅。这份反差究竟是舞者的意趣，还是作为武器的制胜秘法？答案就藏在她狡黠的笑容中，你猜到了吗。	Assets/Product/Texture/Image/IconToolsSp/E3FanMd020011Sp.png	Assets/Product/Texture/Image/IconTools/E3FanMd020011.png	32	5	2100	[80147]	1				1								[12350001]		
80073	寥光缀忆	寰星之屿系列——异刃戟	过往的记忆绽放芳华，海潮梦呓，呢喃破碎细语。宁愿溺于旧日愿想，拾捡寥寥追忆，也不敢睁开双眼，触碰瘦落世间。但倘若……倘若她向前伸出手。故事的起始点，失落在海面上的光芒，已经照射到她的身边。	Assets/Product/Texture/Image/IconToolsSp/E3LamiyaMd030011Sp.png	Assets/Product/Texture/Image/IconTools/E3LamiyaMd030011.png	32	5	2100	[80152]	1				1								[12380002]		
80074	染霜	圣誓系列——月轮	少女端坐王座，月华像磷光般，围绕在她的身边烁烁。高悬的星辉映衬出一双皎白身影，时过境迁，月旁已伴群星。	Assets/Product/Texture/Image/IconToolsSp/E3CircleMd020011Sp.png	Assets/Product/Texture/Image/IconTools/E3CircleMd020011.png	32	5	2100	[80150,80151]	1				1								[12430001]		
80075	暮晓	放逐乐园系列——剑杖	灯薪不灭，火云阳焰撕开每一片浓夜。她亦深信，每一场缅怀都将带来晨曦。	Assets/Product/Texture/Image/IconToolsSp/E3BigswordMd040011Sp.png	Assets/Product/Texture/Image/IconTools/E3BigswordMd040011.png	32	5	2100	[80160]	1				1								[12300003]		
80076	湛澈翩跹	新生活系列——螳螂刃	利刃揉碎在不温良的夜里。踮起脚尖，轻然跃起。等刀尖划破纸面，优雅至死不渝。	Assets/Product/Texture/Image/IconToolsSp/E3BangbinataMd030011Sp.png	Assets/Product/Texture/Image/IconTools/E3BangbinataMd030011.png	32	5	2100	[80159]	1				1								[12310002]		
80077	遐夜·罔梦欢颂	游诗歌谣系列——弓	即使夜被暮色淹没，依然有星尘穿透帷幕，将梦想与祈愿化作星矢，守护这残缺世界中的欢笑与歌谣。	Assets/Product/Texture/Image/IconToolsSp/E3BowMd150011Sp.png	Assets/Product/Texture/Image/IconTools/E3BowMd150011.png	32	5	2100	[80171]	1				1								[12040006]		
80078	安全义务	新生活系列——战术旋棍	齿轮校准、电路稳定、合金加固……每个崭新的清晨，热枕的少女都会细心调试这件装备。这不仅是她安全的保障，也是她对自己许下的承诺——保持最佳状态，随时准备向每一个需要帮助的人伸出援手。	Assets/Product/Texture/Image/IconToolsSp/E3TonfaMd020011Sp.png	Assets/Product/Texture/Image/IconTools/E3TonfaMd020011.png	32	5	2100	[80170]	1				1								[12440001]		
80079	乐煌	霓裳系列——琵琶	微风拂过弦端，轻扬起千年的尘梦，古与今交织的话语，悄然在寂静中盛开。煌煌乐声，将历史的故事轻轻铺陈。	Assets/Product/Texture/Image/IconToolsSp/E3PipaMd020011Sp.png	Assets/Product/Texture/Image/IconTools/E3PipaMd020011.png	32	5	2100	[80171]	1				1								[12450001]		
80080	玄鸱	霓裳系列——左轮手枪	这把武器由九龙巧匠之手铸就，锋刃与机巧并存，精湛技艺融入其中，尽显高妙。寒铁淬火，灵羽轻旋，每一次出击都蕴含着持有者的信念，将黑暗与隐患化作虚无。	Assets/Product/Texture/Image/IconToolsSp/E3RevolverMd020011Sp.png	Assets/Product/Texture/Image/IconTools/E3RevolverMd020011.png	32	5	2100	[80178]	1				1								[12460001]		
80081	童梦轻挠	新生活系列——爪刃	在稚愿编织的乐园中获得的纪念品，每次挥舞，都能勾起笑意，轻触那份纯真的童趣。	Assets/Product/Texture/Image/IconToolsSp/E3ClawMd030011Sp.png	Assets/Product/Texture/Image/IconTools/E3ClawMd030011.png	32	5	2100	[80179]	1				1								[12360002]		
80082	虹浪染彩	阔海秘闻系列——光束铳枪	海葵摇曳着粉嫩的裙摆，群鱼穿梭其间，留下一道道银色的轨迹，深海的洋流携带着岩石上斑斓的珊瑚，描绘出一条条流动的彩带——湛蓝仅为底层颜料，这片壮阔浩瀚，远非一色。	Assets/Product/Texture/Image/IconToolsSp/E3BeamlanceMd030011Sp.png	Assets/Product/Texture/Image/IconTools/E3BeamlanceMd030011.png	32	5	2100	[80176]	1				1								[12330002]		
80083	灼魍	寰星之屿——封刃太刀	钢铁以百鬼众魅作覆，让柄卷和目贯绝缘于疾雷。而锋刃之上，铭刻着杀伐决断：用掣电裁夺魍魉的命运，却永远不会被刀下阎罗攫取魂魄。刀主的意志，在星流霆击间恣意释出。	Assets/Product/Texture/Image/IconToolsSp/E3AlphaMd050011Sp.png	Assets/Product/Texture/Image/IconTools/E3AlphaMd050011.png	32	5	2100	[80180]	1				1								[12340004]		
80084	澎浪合成器	阔海秘闻系列——战术耳机	防水聚合物耳罩保管着骇客的夏日绝技：120BPM的节拍在涌浪间回响，电子战模块释出的高频声波却能让目标的防火墙决堤。冲浪摇滚循环不停，让耳机的主人都不禁慨叹：This is true music!	Assets/Product/Texture/Image/IconToolsSp/E3HeadsetMd030011Sp.png	Assets/Product/Texture/Image/IconTools/E3HeadsetMd030011.png	32	5	2100	[80188]	1				1								[12420002]		
80085	赫刃	往昔重绽系列——光纹太刀	黑金刀鞘荣华显耀，烈日冠冕煅烧星火的飞芒。礼仪性质的佩刀，或许距离硝烟很遥远；昔日战地的英武却尽浓缩于刀刃的那抹殷红，煊赫之气令出席典礼之人无不首肯称羡。	Assets/Product/Texture/Image/IconToolsSp/E3TachiaMd020011Sp.png	Assets/Product/Texture/Image/IconTools/E3TachiaMd020011.png	32	5	2100	[80186,80187]	1				1								[12470001]		
80086	绣漪荷韵	阔海秘闻系列——琵琶	荷花池馆为品，蔷薇帘箔作弦。轮指轻拨，风来香满。枕欹清玉，扇动齐纨；秀漪戏鸳，把露荷翻。馥郁泻下，琼珠溢溅。一弹指顷，声涛撼浪却具化骨销形之力。外柔中刚，如是而已。	Assets/Product/Texture/Image/IconToolsSp/E3PipaMd030011Sp.png	Assets/Product/Texture/Image/IconTools/E3PipaMd030011.png	32	5	2100	[80186]	1				1								[12450002]		
80087	瀛鲤	阔海秘闻系列——月轮	无垠穹隆垂落于碧海湛天，群鱼游弋仿若跃升祭典。百川汇入旧梦汪洋，回环终而复始。瀛海深邃，洑水尾迹却明澈可辨。琉璃瞳孔的少女指尖轻触，波纹涟涟，万物谐鸣。	Assets/Product/Texture/Image/IconToolsSp/E3CircleMd030011Sp.png	Assets/Product/Texture/Image/IconTools/E3CircleMd030011.png	32	5	2100	[80186]	1				1								[12430002]		
80088	诡蜮赤魇	往昔重绽系列——动力臂组	血肉嵌合锻钢，挣断符箓，绛臂铮铮，罡风簌簌呼啸。祂攀附在少女身后，宛若狰狞饿狼，伺机扑向她的敌人，殛灭魍魉，大快朵颐。	Assets/Product/Texture/Image/IconToolsSp/E3PackMd020011Sp.png	Assets/Product/Texture/Image/IconTools/E3PackMd020011.png	32	5	2100	[80192]	1				1								[12480001]		
80089	道法万钧	霓裳系列——重破锤	以古卷为原型锻造，内蕴含不详之物，用符箓镇压。挥舞时锤随咒起，灵眸窥转，洞悉阴阳，万钧破魂，祛除一切不祥之气。	Assets/Product/Texture/Image/IconToolsSp/E3HammerMd040011Sp.png	Assets/Product/Texture/Image/IconTools/E3HammerMd040011.png	32	5	2100	[80193]	1				1								[12280003]		
80090	变速节阀	地平线系列——战术旋棍	赛车破风而来，冲入维修站，选手专用的旋棍与车头精准嵌合，展开护盾将车身抬起，热浪翻腾之中，工作人员将预热的车胎换上，目送车手迎风重返赛道，全程仅用时1.86秒。	Assets/Product/Texture/Image/IconToolsSp/E3TonfaMd030011Sp.png	Assets/Product/Texture/Image/IconTools/E3TonfaMd030011.png	32	5	2100	[80200]	1				1								[12440002]		
80091	桃心勇者	新生活系列——盾斧	“黄金的白昼酣然入眠，街道辉煌明灭，又到了勇者执行公务的时间，她与桃心伙伴一起，飞跃在高楼大厦之间，将侵扰人世良宵的坏家伙们尽数拍回兔子洞——不许笑！这是七实想了好久的背景设定！”	Assets/Product/Texture/Image/IconToolsSp/E3SwordaxeMd020011Sp.png	Assets/Product/Texture/Image/IconTools/E3SwordaxeMd020011.png	32	5	2100	[80198,80199]	1				1								[12490001]		
80092	焚祸灾轮	神寂启示录系列——拓刀	铭刻于此刀上早已不可知的古老语言，在游荡者手中发出轮转声响，这片被遗忘的土地上，追猎着孽物的钢刃将它所及之物送抵应往的轮回。	Assets/Product/Texture/Image/IconToolsSp/E3SabreMd030011Sp.png	Assets/Product/Texture/Image/IconTools/E3SabreMd030011.png	32	5	2100	[80235]	1				1								[12400001]		
80093	玲珑曼舞	新生活系列——螳螂刃	梦的最深处，舞曲已达高潮，琉璃澜漫，在华灯的照耀下流光溢彩。童话王国的小小观众们围着炉火，转动八音盒的发条，期待着下一幕的舞蹈。	Assets/Product/Texture/Image/IconToolsSp/E3BangbinataMd040011Sp.png	Assets/Product/Texture/Image/IconTools/E3BangbinataMd040011.png	32	5	2100	[80206]	1				1								[12310003]		
80094	锦绣丹锋	霓裳系列——异刃戟	玉阙雕栏连海覆，丹心锦绣柱穹苍。艳鬐跹跹，碧琼怀央，奋袂挥斫，飘飖若赪尾游龙，奔突似雷硠罡潇。有道是：西瀛瑰奇，乾坤造妙，尽在七尺丹锋之内。	Assets/Product/Texture/Image/IconToolsSp/E3LamiyaMd040011Sp.png	Assets/Product/Texture/Image/IconTools/E3LamiyaMd040011.png	32	5	2100	[80204]	1				1								[12380003]		
80095	失乐裁断	放逐乐园系列——月轮	蝮蛇盘踞禁树，丰稔了放逐与衰亡。起舞吧，造生环星的伟力，使我们复原位，极乐福境失而复得。歌唱吧，上天的诗神，见证祂裁决公正，完成诗文中前无古人的创举。	Assets/Product/Texture/Image/IconToolsSp/E3CircleMd040011Sp.png	Assets/Product/Texture/Image/IconTools/E3CircleMd040011.png	32	5	2100	[80203]	1				1								[12430003]		
80096	权视穹钥	游诗歌谣系列——钥杖	白翼粹美圣洁，覆裹螺旋的星冕，圣座睿智的权能在祂的光泽间翕跃，祂的绚烂照耀灵湾与星辰，祂是福泽与启迪的银匙，亦是通向至福乐土的诗。	Assets/Product/Texture/Image/IconToolsSp/E3KeywandMd020011Sp.png	Assets/Product/Texture/Image/IconTools/E3KeywandMd020011.png	32	5	2100	[80204,80205]	1				1								[12500001]		
80097	鸾霄羽落	霓裳系列——长剑	鸾舞霄汉，羽落人间。寒芒幽映，凝辉流转，剑身如画卷开展，光影勾勒出千秋悲欢。初观轻盈，似红袖飘摇；倏然回势，若锣鼓骤起。曲罢剑收，清鸣犹在，如折腔残韵回荡戏台四方，余意绵绵不绝。	Assets/Product/Texture/Image/IconToolsSp/E3JianMd030011Sp.png	Assets/Product/Texture/Image/IconTools/E3JianMd030011.png	32	5	2100	[80244]	1				1								[12410002]		
80098	浮嚣	新生活系列——月伞	迷雾笼罩的街灯闪烁，柔光与阴影交织，虚浮的城镇恍如梦境。理智的边界逐渐模糊，自我与本能在无声的旋律中共舞，喧嚣升腾，狂欢即将上演。	Assets/Product/Texture/Image/IconToolsSp/E3BrollyMd020011Sp.png	Assets/Product/Texture/Image/IconTools/E3BrollyMd020011.png	32	5	2100	[80212]	1				1								[12510001]		
80099	游春桃	霓裳系列——战术耳机	游春，粉霞晕染了初生的枝头，少女手捧春桃，在洒落的暖阳中	Assets/Product/Texture/Image/IconToolsSp/E3HeadsetMd040011Sp.png	Assets/Product/Texture/Image/IconTools/E3HeadsetMd040011.png	32	5	2100	[80219]	1				1								[12420003]		
80100	胭踏梅	霓裳系列——琵琶	梅香沐春，少女的身影如火般踏雪而来，为流云也染上春日的气息。春花也欲将绽放的时节，少女手中的丝弦停驻了这季节交织间的梦境，点下大地银装上的一抹胭红。	Assets/Product/Texture/Image/IconToolsSp/E3PipaMd040011Sp.png	Assets/Product/Texture/Image/IconTools/E3PipaMd040011.png	32	5	2100	[80217]	1				1								[12450003]		
80101	绯羽灼华	寰星之屿系列——光纹太刀	往后的年华，我想与你，去爱，去创造，去燃烧，去一同驱散绞缠行星的霜寒，而后回首，去耕耘我们亲手种下的春天。	Assets/Product/Texture/Image/IconToolsSp/E3TachiaMd030011Sp.png	Assets/Product/Texture/Image/IconTools/E3TachiaMd030011.png	32	5	2100	[80220]	1				1								[12470002]		
80102	桂鸢诗律	游诗歌谣系列——弦剑	桂木制成冠冕，酒神用一支鸢尾谱下岁月为题的乐句，诗曲颂唱，琴弦将遗憾与错误付诸于忍耐和恩慈。指针下，她的独唱穿过黑夜荆棘，叙说无言的思绪。	Assets/Product/Texture/Image/IconToolsSp/E3LyreswordMd020011Sp.png	Assets/Product/Texture/Image/IconTools/E3LyreswordMd020011.png	32	5	2100	[80217,80218]	1				1								[12520001]		
80103	绫罗冥伞	霓裳系列——月伞	月映竹柏间，冥舞乱龙蛇。蛊毒浓凝、洞堂湿濡。却看撑花若昂然蛇首，指起华散，鱼龙曼衍；雷动猋至，剜心刺髓。萋斐罗绣擎起伞幔，留那残丝织尽了断魂的戚哀。	Assets/Product/Texture/Image/IconToolsSp/E3BrollyMd030011Sp.png	Assets/Product/Texture/Image/IconTools/E3BrollyMd030011.png	32	5	2100	[80229]	1				1								[12510002]		
80104	灵怪神谕	新生活系列——聚能剑炮	以反偶像活动审判庭的名义——其之一，勿忘虔心之本；其之二，勿惜氪金之财；其之三，精进阅片之积；其之四，关爱同好之德；其之五，谨守宅魂之毅；其之六，敬拜圣地之虔；其之七，接受祝福之爱！一切为大统领至上，降下十万兆瓦出力之最终审判！	Assets/Product/Texture/Image/IconToolsSp/E3PistolMd020011Sp.png	Assets/Product/Texture/Image/IconTools/E3PistolMd020011.png	32	5	2100	[80230]	1				1								[12530001]		
80105	热刃鱼游	阔海秘闻系列——光纹太刀	盐？该放多少？一瓶！胡椒粉，适量，适量是多少？刷上食用油……那样太慢了，泼上去也行吧？着、着火了！快灭火！……指挥官，抢救下来了。这次没有变成黑炭，鱼肉也熟了，很好吃的，请放心食用。	Assets/Product/Texture/Image/IconToolsSp/E3TachiaMd040011Sp.png	Assets/Product/Texture/Image/IconTools/E3TachiaMd040011.png	32	5	2100	[80234]	1				1								[12470003]		
80106	荒际猎烬	放逐乐园系列——盾斧	烈阳下的焦土炙热滚烫，狂风卷着黄尘咆哮，启芒星扛着无敌盾斧迎战大怪兽，呀嚯，斗了个三天三夜！结局呢？当然是坏家伙全被赶跑，沙暴彻底平息，荒野从此安宁。谢谢你，启芒星！	Assets/Product/Texture/Image/IconToolsSp/E3SwordaxeMd030011Sp.png	Assets/Product/Texture/Image/IconTools/E3SwordaxeMd030011.png	32	5	2100	[80235]	1				1								[12490002]		
80107	血烁黎明	神寂启示录系列——双刃枪	焰心刺破黑暗，火光勾勒黎明。命运宠幸余烬，秩序终将再临。	Assets/Product/Texture/Image/IconToolsSp/E3BladespearMd020011Sp.png	Assets/Product/Texture/Image/IconTools/E3BladespearMd020011.png	32	5	2100	[80235,80236]	1				1								[12540001]		
80108	九黎铭尊	霓裳系列——双刃枪	九黎天际无尽深邃，魂啸阵阵，枪断生机于无形。相传铸枪者曾于云海山巅，一击洞穿鬼王残魄，天地为之色变。唯有意志坚定者，方可驾驭。	Assets/Product/Texture/Image/IconToolsSp/E3BladespearMd030011Sp.png	Assets/Product/Texture/Image/IconTools/E3BladespearMd030011.png	32	5	2100	[80243]	1				1								[12540002]		
80109	雾蕴灵犀	霓裳系列——钥杖	不得识其真面目，只缘心有灵犀通。	Assets/Product/Texture/Image/IconToolsSp/E3KeywandMd030011Sp.png	Assets/Product/Texture/Image/IconTools/E3KeywandMd030011.png	32	5	2100	[80244]	1				1								[12500002]		
80110	热夏虹弦	阔海秘闻系列——弓	水纹在阳光下熠熠，热夏的幻景伴随弦鸣。色彩逐渐晕染，与椰林一起摇曳。遥望天际，数道虹光隐现如同幻影。	Assets/Product/Texture/Image/IconToolsSp/E3BowMd160011Sp.png	Assets/Product/Texture/Image/IconTools/E3BowMd160011.png	32	5	2100	[80242]	1				1								[12040007]		
80111	汐光曳漪	阔海秘闻系列——光纹太刀	当尘世喧嚣隐于夜色，幽蓝珀光自渊底中流转浮现。磷火幽荧点缀着无垠海面，若隐若现，引人凝眸忘返。少女涉水漫步，拖曳出涟漪尾迹，她缓缓伸手，冷焰微芒掠过指尖，如星尘挥洒，驱散了渊海的孤寂。	Assets/Product/Texture/Image/IconToolsSp/E3TachiaMd050011Sp.png	Assets/Product/Texture/Image/IconTools/E3TachiaMd050011.png	32	5	2100	[80245]	1				1								[12470004]		
80112	风花齐颂	寰星之屿系列——弦剑	若生命是首乐曲，你便是我荒诞的静寂时，悄然哼唱的旋律。往后岁月，愿我们共度每一个轮回的四季，让心弦相扣，奏响风与飞花的乐章。	Assets/Product/Texture/Image/IconToolsSp/E3LyreswordMd030011Sp.png	Assets/Product/Texture/Image/IconTools/E3LyreswordMd030011.png	32	5	2100	[80248]	1				1								[12520002]		
80113	飞沫惹夏	阔海秘闻系列——聚能剑炮	光滑流线型的枪身里，涌动着伺机而动的清凉。指尖轻巧一压，纤细水线倏然划破骄阳织就的宁静，精准地在某人肩头，点缀一枚晶莹勋章。溅起的飞沫将慵懒的夏日搅起涟漪，一场只属于你和她的欢乐游戏，就此拉开序章。	Assets/Product/Texture/Image/IconToolsSp/E3PistolMd030011Sp.png	Assets/Product/Texture/Image/IconTools/E3PistolMd030011.png	32	5	2100	[80247]	1				1								[12530002]		
80114	罚赎诫律	放逐乐园系列——蛇腹剑	尽管世界早已支离破碎，但仍有残存的亘古律法，以凛冽锋芒衡量着沉沦的界限。绯刃掠空而过，斩落束缚灵魂的尘世枷锁，罪孽深重者归于虚无，苦痛至极者得以解脱。在这堕落残域，死亡既是惩罚，亦是救赎。	Assets/Product/Texture/Image/IconToolsSp/E3ChainswordMd020011Sp.png	Assets/Product/Texture/Image/IconTools/E3ChainswordMd020011.png	32	5	2100	[80245,80246]	1				1								[12570001]		
80115	赤刃鸣金	霓裳系列——长剑	龙雀大环，刃鸣如凰。赤红的刀刃散发着喋血的危险，据《九龙秘典·神兵卷》载：“龙雀赤刃乃双生之魂所铸，兄殒则器裂，妹悟则归膺”，龙鳞雀羽淬星火，旧世新章一刀裁。	Assets/Product/Texture/Image/IconToolsSp/E3JianMd040011Sp.png	Assets/Product/Texture/Image/IconTools/E3JianMd040011.png	32	5	2100	[80254]	1				1								[12410003]		
80116	银爵送葬	神寂启示录系列——左轮手枪	银弹贯穿头颅的那一刻，送葬者是否会感到一丝不舍。每颗骨钉都钉死一段未亡的旧梦。玫瑰在枪火中绽成墓志铭，尊贵的仇敌。死亡不过是时间的又一次篡改。	Assets/Product/Texture/Image/IconToolsSp/E3RevolverMd030011Sp.png	Assets/Product/Texture/Image/IconTools/E3RevolverMd030011.png	32	5	2100	[80253]	1				1								[12460002]		
80117	蓝梭命剪	浮世晓歌系列——剪刀	裁剪万物之命途，织就未来之愿想。要修补的话……请先告诉我撕裂的形状。	Assets/Product/Texture/Image/IconToolsSp/E3ShearsMd020011Sp.png	Assets/Product/Texture/Image/IconTools/E3ShearsMd020011.png	32	5	2100	[80255]	1				1								[12580001]		
80118	秋鉴月心	霓裳系列——琵琶	琴箱蜿蜒的木纹，浸染了千载月魄的清辉。当五指拂过冰弦，弦音裁开层云暗翳，澄澈天心。月声浩荡，吟鸣如露，浸润人间尘寰，涤荡浮埃。离乡者闻清音，魂牵故里桂影；羁旅客沐弦光，心泊玉宇琼楼。此间天地，琵琶并非丝竹之乐，乃是悬于苍穹的满月玉轮——弦动一刻，秋心昭昭。	Assets/Product/Texture/Image/IconToolsSp/E3PipaMd050011Sp.png	Assets/Product/Texture/Image/IconTools/E3PipaMd050011.png	32	5	2100	[80265]	1				1								[12450004]		
80119	弊盗弥天	神寂启示录系列——月伞	伞骨擎起的荫蔽之下，纸醉金迷的蜃景正在疯长。她撑伞穿行于狂欢和哀嚎之间，戏蔑的目光将这众生诡相尽数纳下。所谓欺天之盗，从不在于银钱盈亏，而在于窃尽你贪婪的愚勇。	Assets/Product/Texture/Image/IconToolsSp/E3BrollyMd040011Sp.png	Assets/Product/Texture/Image/IconTools/E3BrollyMd040011.png	32	5	2100	[80263]	1				1								[12510003]		
80120	万寂恒砂	游诗歌谣系列——骑枪	沙海中骑枪如同亘古不移的石碑，划开生与死的帷幕，将那些被永恒放逐、徒劳挣扎的魂火，引渡向永恒的静默。没有颂歌，没有哀悼，就连死亡最末的余响，也倾颓在无垠的恒砂之中。沦为了缄默的食粮。砂砾碾落，万籁归于死寂……这是对名为死亡的沙原最为灼烫的诅咒——要么在黄沙的湮灭中选择缄默……要么，成为缄默本身。	Assets/Product/Texture/Image/IconToolsSp/E3DragonlanceMd020011Sp.png	Assets/Product/Texture/Image/IconTools/E3DragonlanceMd020011.png	32	5	2100	[80263,80264]	1				1								[12590001]		
80121	永昼织誓	游诗歌谣系列——钥杖	在永夜降临之际，命运之主点燃不灭的烛火，她行走于黑暗的回廊，将昔日的荣耀和秘辛一同封存进长夜。她在流转的时光中守候，璀璨的宝冠似星辰般永不褪色，她等待着，等待着时光流转殆尽之前，那能解出她唇边神秘笑意的命定之人走向她的宝座。	Assets/Product/Texture/Image/IconToolsSp/E3KeywandMd040011Sp.png	Assets/Product/Texture/Image/IconTools/E3KeywandMd040011.png	32	5	2100	[80271]	1				1								[12500003]		
80122	凛锋入夜	放逐乐园系列——封刃太刀	凛冽的锋刃斩开月色，行过之处，皆为战场，刀鸣之声，照彻暗夜。	Assets/Product/Texture/Image/IconToolsSp/E3AlphaMd060011Sp.png	Assets/Product/Texture/Image/IconTools/E3AlphaMd060011.png	32	5	2100	[80268,80267]	1				1								[12340005]		
80123	狂欢霓虹	新生活系列——月轮	就让霓虹把这座城市颠倒，全部的天台和高楼都是上演今夜狂欢的舞台，少女驻足于其间，露出比满城夜色更灿烂的笑容。	Assets/Product/Texture/Image/IconToolsSp/E3CircleMd050011Sp.png	Assets/Product/Texture/Image/IconTools/E3CircleMd050011.png	32	5	2100	[80315]	1				1								[12430004]		
80124	浮光惊鸿	霓裳系列——悬浮镜轮	少女行走于溪涧，任月华流转在指尖，莲瓣随风而落，轻轻碰碎水面的倒影，只留那一刹那的惊鸿一瞥。	Assets/Product/Texture/Image/IconToolsSp/E3LotusbladeMd020011Sp.png	Assets/Product/Texture/Image/IconTools/E3LotusbladeMd020011.png	32	5	2100	[80266,80267]	1				1								[12600001]		
80125	圣夜礼赞	新生活系列——骑枪	清脆的铃声在宁静的雪夜中回荡，随旋律飘落的每一片雪花，都承载着一个真挚的愿望。这柄长枪本身就是献予圣夜的颂歌，只为将安宁归还于每一扇温暖的窗。	Assets/Product/Texture/Image/IconToolsSp/E3DragonlanceMd030011Sp.png	Assets/Product/Texture/Image/IconTools/E3DragonlanceMd030011.png	32	5	2100	[80276]	1				1								[12590002]		
80126	蜜径寻踪	往昔重绽系列——数码战靴	蜂蜜滴落之处，自成一条甜美的路径。当好奇的脚爪踏上这金色的指引，少女便成了探险传奇的一部分——毕竟，大地早已为真正的探险家，备好了无穷的惊喜。	Assets/Product/Texture/Image/IconToolsSp/E3ShoesMd020011Sp.png	Assets/Product/Texture/Image/IconTools/E3ShoesMd020011.png	32	5	2100	[80274,80275]	1				1								[12610001]		
80127	剪春柳	霓裳系列——剪刀	桃符褪尽胭脂色，冻笔初融蘸翠微。总有人去折春枝，剪下青芽称柳瘦。	Assets/Product/Texture/Image/IconToolsSp/E3ShearsMd030011Sp.png	Assets/Product/Texture/Image/IconTools/E3ShearsMd030011.png	32	5	2100	[80279]	1				1								[12580002]		
80128	星眠于绀昼	寰星之屿系列——蛇腹剑	“今夜星光璀璨，大地甘美芬芳，庭院的门儿被风吹得吱呀作响，美丽的人啊，你手持着一捧晚星，相伴在我身旁……”	Assets/Product/Texture/Image/IconToolsSp/E3ChainswordMd030011Sp.png	Assets/Product/Texture/Image/IconTools/E3ChainswordMd030011.png	32	5	2100	[80282]	1				1								[12570002]		
80129	霓染银河	地平线系列——盾斧	银河漫游之旅上难免会出现艰险困阻，这时候就需要一把宇宙合金斧子，只需轻轻一挥，就能把所有太空垃圾化作尘埃……好了，把挡在我们眼前的东西都通通砸碎吧！	Assets/Product/Texture/Image/IconToolsSp/E3SwordaxeMd040011Sp.png	Assets/Product/Texture/Image/IconTools/E3SwordaxeMd040011.png	32	5	2100	[80280]	1				1								[12490003]		
80130	霜烬灼灭	游诗歌谣系列——辉光战戟	那就在长夜中燃起一把火吧，那把火终将烧尽一切，将霜雪都灼作大地，将晦暝变为黎明。	Assets/Product/Texture/Image/IconToolsSp/E3HalberdMd020011Sp.png	Assets/Product/Texture/Image/IconTools/E3HalberdMd020011.png	32	5	2100	[80280,80281]	1				1								[12620001]		
80131	光荣秘钥	往昔重绽系列——双刃枪	“不要擅动那位小姐的武器，凡是招惹她的人，没一个有好下场。”很少有人了解，那位帮派小姐的真实身份，她如飓风般降临街头，不知疲倦地战斗。就连推荐她参加行动的长官都相当意外，仿佛学生身份才是她的伪装。	Assets/Product/Texture/Image/IconToolsSp/E3BladespearMd040011Sp.png	Assets/Product/Texture/Image/IconTools/E3BladespearMd040011.png	32	5	2100	[80293]	1				1								[12540003]		
80132	蓝夜羽镰	游诗歌谣系列——裁决镰刃	她说人的左手深藏愿望，而右手里隐匿着代价。善恶在覆手之间，由她的锋刃来裁决和审判。	Assets/Product/Texture/Image/IconToolsSp/E3SickleMd020011Sp.png	Assets/Product/Texture/Image/IconTools/E3SickleMd020011.png	32	5	2100	[80292]	1				1								[12630001]		
80133	精密焊灼	地平线系列——辉光战戟	冰雪以白色伤痕遮掩已经冷却的苦痛，而人们却在伤痕结疤处重新点起篝火。就这样，工业与文明，如血液般，顺着火焰与灯光再次往更贫瘠处流去。	Assets/Product/Texture/Image/IconToolsSp/E3HalberdMd030011Sp.png	Assets/Product/Texture/Image/IconTools/E3HalberdMd030011.png	32	5	2100	[80294]	1				1								[12620002]		
80134	秘银辉刃	雾夜镇魂曲系列——爆能巨剑	在认知已然模糊的狂乱之夜里，刃口逸散出的些许微光，成了迷途与归路之间那条细到几乎看不见的界限。浸没在狂乱与迷失里，刀刃反倒成了唯一沉默却理智的存在。	Assets/Product/Texture/Image/IconToolsSp/E3GreatswordMd020011Sp.png	Assets/Product/Texture/Image/IconTools/E3GreatswordMd020011.png	32	5	2100	[80309,80296]	1				1								[12640001]		
80135	黄油犬铃	新生活系列——爆能巨剑	在孩童的记忆里，清晨的黄油味道与小狗的扑腾才是最准点的闹钟。如今，当每日不得不面对如荆棘般刺痛的世界时，那段孩童时光逐渐沉淀，成为了最好的止痛药。	Assets/Product/Texture/Image/IconToolsSp/E3GreatswordMd030011Sp.png	Assets/Product/Texture/Image/IconTools/E3GreatswordMd030011.png	32	5	2100	[80308]	1				1								[12640002]		
80136	幽翼掠影	雾夜镇魂曲系列——骑枪	天明之前，以冷静的决意肃清身前的一切阻碍，喧嚣在夜色中化为沉寂，将过往埋入迷雾之中。	Assets/Product/Texture/Image/IconToolsSp/E3DragonlanceMd040011Sp.png	Assets/Product/Texture/Image/IconTools/E3DragonlanceMd040011.png	32	5	2100	[80305]	1				1								[12590003]		
80137	千晶奇谭	寰星之屿系列——悬浮镜轮	“把我们的经历改编成童话，结尾我也许会这样写：在所有苦痛都无法触及的地方，天鹅公主与她的大魔法师建成了珍藏愿望的家园，从此幸福地生活在一起。”	Assets/Product/Texture/Image/IconToolsSp/E3LotusbladeMd030011Sp.png	Assets/Product/Texture/Image/IconTools/E3LotusbladeMd030011.png	32	5	2100	[80307]	1				1								[12600002]		
80138	长夜孤刃	雾夜镇魂曲系列——转轮长刃	高贵和优雅，是她隐匿起自己真实一面的伪装，猩红的锋刃斩开浓雾，以此对沉沦的城市宣告：她绝不妥协。	Assets/Product/Texture/Image/IconToolsSp/E3SsalphaMd020011Sp.png	Assets/Product/Texture/Image/IconTools/E3SsalphaMd020011.png	32	5	2100	[80305,80306]	1				1								[12650001]		
80139	夏恋弦舞	汐落浮光系列——弦剑	阳光为弦，汐风为曲，心绪随夏风悠然起舞，世间最美的合奏，是源于阳光、海浪与翩跹身影的相逢。	Assets/Product/Texture/Image/IconToolsSp/E3LyreswordMd040011Sp.png	Assets/Product/Texture/Image/IconTools/E3LyreswordMd040011.png	32	5	2100	[80309]	1				1								[12520003]		
80140	柔浪环歌	汐落浮光系列——折叠圆锯	在往昔的计划中，在海滩上度过一整个夏天的必要内容包括：防晒喷雾，柠檬味的冰饮，还有双人共享的浮床……但这个夏季最动人心弦的一切，却并未写在这个计划中，而是悄然埋藏在了二人的心底：那是共处的默契，彼此之间漫步在海滩上的回忆，还有少女眼中的笑意。	Assets/Product/Texture/Image/IconToolsSp/E3ChainsawMd020011Sp.png	Assets/Product/Texture/Image/IconTools/E3ChainsawMd020011.png	32	5	2100	[80309,80310]	1				1								[12660001]		
80141	琉星澜漪	汐落浮光系列——蛇腹剑	沁凉的夜风轻拂，悠然唤醒在长椅上的小憩，缓缓睁开双眼，看到的是身侧少女温柔的笑颜。在她的眼中，看到漫天洒落的星光，和她无需宣之于口的情意。双手交握，无需言语，只是静静地独享这刹那又永恒的一刻。	Assets/Product/Texture/Image/IconToolsSp/E3ChainswordMd040011Sp.png	Assets/Product/Texture/Image/IconTools/E3ChainswordMd040011.png	32	5	2100	[80315]	1				1								[12570003]		
80142	椰风甜屿	汐落浮光系列——数码战靴	晚风裹挟着海盐的咸味，伴随着跃动的脚步，整片海滩如同她独自起舞的舞台，来自少女的欢笑与俏皮，将夏日里的一切都涂抹成了梦幻般的糖果色。	Assets/Product/Texture/Image/IconToolsSp/E3ShoesMd030011Sp.png	Assets/Product/Texture/Image/IconTools/E3ShoesMd030011.png	32	5	2100	[80319]	1				1								[12610002]		
80143	怒海狂弦	往昔重绽系列——浮海舶锚	指尖拨动琴弦，细碎水光随音律飞溅，把夏日海岸的温柔与热烈，以及共度的每一刻珍贵的时光，都尽数谱入只有二人独享的乐章中。	Assets/Product/Texture/Image/IconToolsSp/E3AnchorMd020011Sp.png	Assets/Product/Texture/Image/IconTools/E3AnchorMd020011.png	32	5	2100	[80315,80316]	1				1								[12670001]		
80144	绯炽灼流	新生活系列——聚能剑炮	仿佛封印了“炎魔”之力于其中的聚能剑炮，当少女将手心握上枪柄时，其呼吸便与枪口跃动的火光悄然同频。而从能量核心中迸发而出的光流，足以将整片天穹染成绯色。	Assets/Product/Texture/Image/IconToolsSp/E3PistolMd040011Sp.png	Assets/Product/Texture/Image/IconTools/E3PistolMd040011.png	32	5	2100	[80329]	1				1								[12530003]		
80145	涤罪断骨	雾夜镇魂曲系列——裁决镰刃	月光自锋刃边缘游走，迷雾丝丝缕缕，缠绕上旧日的契约。红水晶般的瞳孔中漾出一丝笑意，她向命运发来邀约，今夜，可愿共赴这场末途之魇舞？	Assets/Product/Texture/Image/IconToolsSp/E3SickleMd030011Sp.png	Assets/Product/Texture/Image/IconTools/E3SickleMd030011.png	32	5	2100	[80327]	1				1								[12630002]		
80146	凄白羁火	放逐乐园系列——十字重炮	铁与火铸就裂空的轰鸣，宣告毁灭与新生同时降临。烈焰划破寒暑晨昏，枪口所指之处，天地止息，万物噤声。	Assets/Product/Texture/Image/IconToolsSp/E3HeavycrossMd020011Sp.png	Assets/Product/Texture/Image/IconTools/E3HeavycrossMd020011.png	32	5	2100	[80327,80328]	1				1								[12690001]		
81001	轻丝俏	时节系列——浮游炮	春风拂叶梢，朴树林间散芳华，佳人静等君。	Assets/Product/Texture/Image/IconToolsSp/E3FloatMd110011Sp.png	Assets/Product/Texture/Image/IconTools/E3FloatMd110011.png	32	5	2100		1				1								[12031001]		
90001	小型血清组	使用后可获得30毫升血清。	保证指挥官行动的小型血清组，能保存若干血清。	Assets/Product/Texture/Image/IconTools/ItBatI010010.png	Assets/Product/Texture/Image/IconToolsSp/ItBatI010010Sp.png	16	3	95001		999				999					1	10		[1,1106,90000]		
90002	中型血清组	使用后可获得60毫升血清。	保证指挥官行动的中型血清组，能保存少量血清。	Assets/Product/Texture/Image/IconTools/ItBatI010020.png	Assets/Product/Texture/Image/IconToolsSp/ItBatI010020Sp.png	16	4	95001		999				999					1	20		[1,1107,90000]		
90003	大型血清组	使用后可获得120毫升血清。	保证指挥官行动的大型血清组，能保存大量血清。	Assets/Product/Texture/Image/IconTools/ItBatI010030.png	Assets/Product/Texture/Image/IconToolsSp/ItBatI010030Sp.png	16	4	95001		999				999					1	40		[1,1108,90000]		
90004	特大型血清组【已废弃】	使用后可获得180毫升血清。【已废弃】	保证指挥官行动的特大型血清组，能保存较大量血清。	Assets/Product/Texture/Image/IconTools/ItBatI010040.png	Assets/Product/Texture/Image/IconToolsSp/ItBatI010040Sp.png	16	4	95001		999				999					1	100		[1,1109,90000]		
90005	超大型血清组【已废弃】	使用后可获得240毫升血清。【已废弃】	保证指挥官行动的超大型血清组，能保存超大量血清。	Assets/Product/Texture/Image/IconTools/ItBatI010050.png	Assets/Product/Texture/Image/IconToolsSp/ItBatI010050Sp.png	16	4	95001		999				999					1	200		[1,1110,90000]		
90011	小型螺母包	使用后可获得10000 螺母。	成箱螺母，在其含有的化合物成为构成构造体的重要化合物的现在，这些箱子也拥有了当初所未能想象的价值。	Assets/Product/Texture/Image/IconTools/ItCaseNut001.png	Assets/Product/Texture/Image/IconToolsSp/ItCaseNut001Sp.png	16	2	95001		999				999					1	10000		[1,1101,91000]		
90012	中型螺母包	使用后可获得20000 螺母。	成箱螺母，在其含有的化合物成为构成构造体的重要化合物的现在，这些箱子也拥有了当初所未能想象的价值。	Assets/Product/Texture/Image/IconTools/ItCaseNut002.png	Assets/Product/Texture/Image/IconToolsSp/ItCaseNut002Sp.png	16	3	95001		999				999					1	20000		[1,1102,91000]		
90013	大型螺母包	使用后可获得50000 螺母。	成箱螺母，在其含有的化合物成为构成构造体的重要化合物的现在，这些箱子也拥有了当初所未能想象的价值。	Assets/Product/Texture/Image/IconTools/ItCaseNut003.png	Assets/Product/Texture/Image/IconToolsSp/ItCaseNut003Sp.png	16	3	95001		999				999					1	50000		[1,1103,91000]		
90014	特大型螺母包	使用后可获得100000 螺母。	成箱螺母，在其含有的化合物成为构成构造体的重要化合物的现在，这些箱子也拥有了当初所未能想象的价值。	Assets/Product/Texture/Image/IconTools/ItCaseNut004.png	Assets/Product/Texture/Image/IconToolsSp/ItCaseNut004Sp.png	16	4	95001		999				999					1	100000		[1,1104,91000]		
90015	超大型螺母包	使用后可获得200000 螺母。	成箱螺母，在其含有的化合物成为构成构造体的重要化合物的现在，这些箱子也拥有了当初所未能想象的价值。	Assets/Product/Texture/Image/IconTools/ItCaseNut005.png	Assets/Product/Texture/Image/IconToolsSp/ItCaseNut005Sp.png	16	4	95001		999				999					1	200000		[1,1105,91000]		
90016	中型血清组	使用后可获得60毫升血清。	保证指挥官行动的中型血清组，能保存少量血清。	Assets/Product/Texture/Image/IconTools/ItBatI010020.png	Assets/Product/Texture/Image/IconToolsSp/ItBatI010020Sp.png	16	4	95001		999				999	2		1728000	810	1	1000	true	[1,1107,90000]		
90020	中型血清组	使用后可获得60毫升血清。	保证指挥官行动的中型血清组，能保存少量血清。	Assets/Product/Texture/Image/IconTools/ItBatI010020.png	Assets/Product/Texture/Image/IconToolsSp/ItBatI010020Sp.png	16	4	95001		999				999	2		1728000	810	1	1000	true	[1,1107,90000]		
90021	中型血清组	使用后可获得60毫升血清。	保证指挥官行动的中型血清组，能保存少量血清。	Assets/Product/Texture/Image/IconTools/ItBatI010020.png	Assets/Product/Texture/Image/IconToolsSp/ItBatI010020Sp.png	16	4	95001		999				999	2		1728000	810	1	1000	true	[1,1107,90000]		
90022	中型血清组	使用后可获得60毫升血清。	保证指挥官行动的中型血清组，能保存少量血清。	Assets/Product/Texture/Image/IconTools/ItBatI010020.png	Assets/Product/Texture/Image/IconToolsSp/ItBatI010020Sp.png	16	4	95001		999				999	2		1728000	810	1	1000	true	[1,1107,90000]		
90023	中型血清组	使用后可获得60毫升血清。	保证指挥官行动的中型血清组，能保存少量血清。	Assets/Product/Texture/Image/IconTools/ItBatI010020.png	Assets/Product/Texture/Image/IconToolsSp/ItBatI010020Sp.png	16	4	95001		999				999	2		1728000	810	1	1000	true	[1,1107,90000]		
90024	中型血清组	使用后可获得60毫升血清。	保证指挥官行动的中型血清组，能保存少量血清。	Assets/Product/Texture/Image/IconTools/ItBatI010020.png	Assets/Product/Texture/Image/IconToolsSp/ItBatI010020Sp.png	16	4	95001		999				999	2		1728000	810	1	1000	true	[1,1107,90000]		
90025	中型血清组	使用后可获得60毫升血清。	保证指挥官行动的中型血清组，能保存少量血清。	Assets/Product/Texture/Image/IconTools/ItBatI010020.png	Assets/Product/Texture/Image/IconToolsSp/ItBatI010020Sp.png	16	4	95001		999				999	2		1728000	810	1	1000	true	[1,1107,90000]		
90026	中型血清组	使用后可获得60毫升血清。	保证指挥官行动的中型血清组，能保存少量血清。	Assets/Product/Texture/Image/IconTools/ItBatI010020.png	Assets/Product/Texture/Image/IconToolsSp/ItBatI010020Sp.png	16	4	95001		999				999	2		1728000	810	1	1000	true	[1,1107,90000]		
90027	中型血清组	使用后可获得60毫升血清。	保证指挥官行动的中型血清组，能保存少量血清。	Assets/Product/Texture/Image/IconTools/ItBatI010020.png	Assets/Product/Texture/Image/IconToolsSp/ItBatI010020Sp.png	16	4	95001		999				999	2		1728000	810	1	1000	true	[1,1107,90000]		
90028	中型血清组	使用后可获得60毫升血清。	保证指挥官行动的中型血清组，能保存少量血清。	Assets/Product/Texture/Image/IconTools/ItBatI010020.png	Assets/Product/Texture/Image/IconToolsSp/ItBatI010020Sp.png	16	4	95001		999				999	2		1728000	810	1	1000	true	[1,1107,90000]		
90029	中型血清组	使用后可获得60毫升血清。	保证指挥官行动的中型血清组，能保存少量血清。	Assets/Product/Texture/Image/IconTools/ItBatI010020.png	Assets/Product/Texture/Image/IconToolsSp/ItBatI010020Sp.png	16	4	95001		999				999	2		1728000	810	1	1000	true	[1,1107,90000]		
90030	中型血清组β	使用后可获得60毫升血清。	保证指挥官行动的中型血清组，能保存少量血清，是免疫血清的强化版，保存技术更加精湛。	Assets/Product/Texture/Image/IconTools/ItBatI010020.png	Assets/Product/Texture/Image/IconToolsSp/ItBatI010020Sp.png	16	4	95001		999				999	3		1728000	810			true	[1,1107,90000]		
90031	中型血清组β	使用后可获得60毫升血清。	保证指挥官行动的中型血清组，能保存少量血清，是免疫血清的强化版，保存技术更加精湛。	Assets/Product/Texture/Image/IconTools/ItBatI010020.png	Assets/Product/Texture/Image/IconToolsSp/ItBatI010020Sp.png	16	4	95001		999				999	3		1209600	810			true	[1,1107,90000]		
90032	小型血清组β	使用后可获得30毫升血清。	保证指挥官行动的小型血清组，能保存微量血清，是免疫血清的强化版，保存技术更加精湛。	Assets/Product/Texture/Image/IconTools/ItBatI010010.png	Assets/Product/Texture/Image/IconToolsSp/ItBatI010010Sp.png	16	4	95001		999				999	3		1209600	810			true	[1,1106,90000]		
90033	大型血清组	使用后可获得120毫升血清。	保证指挥官行动的大型血清组，能保存大量血清。	Assets/Product/Texture/Image/IconTools/ItBatI010030.png	Assets/Product/Texture/Image/IconToolsSp/ItBatI010030Sp.png	16	4	95001		999				999	3		1209600	810			true	[1,1108,90000]		
90040	血清巧克力	使用后可获得30毫升血清。	看起来像是空中花园商店街统一出品的巧克力礼盒，左上角的自制血清贴纸出卖了赠送者亲手制作的真实心意。	Assets/Product/Texture/Image/IconTools/IconActivityBat2002001.png	Assets/Product/Texture/Image/IconToolsSp/IconActivityBat2002001Sp.png	16	4	95001		999				999								[1,1106,90000]		
90101	初级装备突破黑盒	使用后随机获得装备突破材料。	黑盒中藏有各类不明的数据，通过分析打开后或许能得知其中奥秘。	Assets/Product/Texture/Image/IconTools/ItCaseBreach001.png	Assets/Product/Texture/Image/IconToolsSp/ItCaseBreach001Sp.png	16	4	93001		999				99					1	10		[2,9011]		
90104	初级基地黑盒	使用后随机获得45-50级的基地装备。	黑盒中藏有各类不明的数据，通过分析打开后或许能得知其中奥秘。	Assets/Product/Texture/Image/IconTools/ItCaseI020010.png	Assets/Product/Texture/Image/IconToolsSp/ItCaseI020010Sp.png	16	3	93001		999				99					1	10		[2,9014]		
90106	小型装备经验套组	使用后随机获得装备改升级能量材料。	空中花园分发的装备强化套组，需要指挥官的身份识别才能打开。	Assets/Product/Texture/Image/IconTools/ItCaseEexp001.png	Assets/Product/Texture/Image/IconToolsSp/ItCaseEexp001Sp.png	16	3	93001		999				99					1	10		[1,1008]		
90107	中级基地黑盒	使用后随机获得55-60级的基地装备。	黑盒中藏有各类不明的数据，通过分析打开后或许能得知其中奥秘。	Assets/Product/Texture/Image/IconTools/ItCaseI020030.png	Assets/Product/Texture/Image/IconToolsSp/ItCaseI020030Sp.png	16	4	93001		999				99					1	10		[2,9017]		
90108	小型意识经验套组	使用后随机获得意识升级材料。	空中花园分发的意识强化套组，需要指挥官的身份识别才能打开。	Assets/Product/Texture/Image/IconTools/ItCaseIexp001.png	Assets/Product/Texture/Image/IconToolsSp/ItCaseIexp001Sp.png	16	4	93001		999				99					1	10		[2,9018]		
90110	中级装备突破黑盒	使用后随机获得装备突破材料。	黑盒中藏有各类不明的数据，通过分析打开后或许能得知其中奥秘。	Assets/Product/Texture/Image/IconTools/ItCaseBreach002.png	Assets/Product/Texture/Image/IconToolsSp/ItCaseBreach002Sp.png	16	4	93001		999				99					1	10		[2,9011]		
91000	2-4星意识箱	使用后随机获得2-4星意识一件。	含有意识芯片的箱子，需要指挥官的身份识别才能打开。	Assets/Product/Texture/Image/IconTools/ItCaseI004.png	Assets/Product/Texture/Image/IconToolsSp/ItCaseI004Sp.png	16	3	94001		999				99					1	10		[2,9100]		
91006	6星意识箱	使用后随机获得6星装备一件。	含有高级意识芯片的箱子，需要指挥官的身份识别才能打开。	Assets/Product/Texture/Image/IconTools/ItCaseI003.png	Assets/Product/Texture/Image/IconToolsSp/ItCaseI003Sp.png	16	6	94002		999				99					1	10		[2,9106]		
92000	2-4星武器箱	使用后随机获得2-4星武器一件。	含有武器的箱子，需要指挥官的身份识别才能打开。	Assets/Product/Texture/Image/IconTools/ItCaseW004.png	Assets/Product/Texture/Image/IconToolsSp/ItCaseW004Sp.png	16	3	94003		999				99					1	10		[2,9200]		
93000	5星武器箱	使用后随机获得5星武器一件。	含有高级武器的箱子，需要指挥官的身份识别才能打开。	Assets/Product/Texture/Image/IconTools/ItCaseW002.png	Assets/Product/Texture/Image/IconToolsSp/ItCaseW002Sp.png	16	5	94004		999				99					1	10		[2,9300]		
94000	汉娜意识1	使用后获得6星意识-汉娜1。	在仓库-道具界面使用该道具。	Assets/Product/Texture/Image/IconTools/leijichongzhi01.png	Assets/Product/Texture/Image/IconToolsSp/leijichongzhi01Sp.png	16	6	98001		9				1					1	100		[1,1120]		
94001	汉娜意识2	使用后获得6星意识-汉娜2。	在仓库-道具界面使用该道具。	Assets/Product/Texture/Image/IconTools/leijichongzhi02.png	Assets/Product/Texture/Image/IconToolsSp/leijichongzhi02Sp.png	16	6	98001		9				1					1	100		[1,1121]		
94002	汉娜意识二件套	使用后可获得6星意识-汉娜3、汉娜4，2件套。	在仓库-道具界面使用该道具。	Assets/Product/Texture/Image/IconTools/leijichongzhi03.png	Assets/Product/Texture/Image/IconToolsSp/leijichongzhi03Sp.png	16	6	98001		9				1					1	100		[1,1122]		
94003	康德丽娜意识二件套	使用后可获得6星意识-康德丽娜5、康德丽娜6，2件套。	在仓库-道具界面使用该道具。	Assets/Product/Texture/Image/IconTools/leijichongzhi04.png	Assets/Product/Texture/Image/IconToolsSp/leijichongzhi04Sp.png	16	6	98001		9				1					1	100		[1,1123]		
94004	6星武器-天狼星	使用后可获得6星武器-天狼星。	在仓库-道具界面使用该道具。	Assets/Product/Texture/Image/IconTools/leijichongzhi09.png	Assets/Product/Texture/Image/IconToolsSp/leijichongzhi09Sp.png	16	6	98001		9				1					1	100		[1,1124]		
94005	骸骨新娘-仰光	使用后可获得仰光皮肤-骸骨新娘。	在仓库-道具界面使用该道具。	Assets/Product/Texture/Image/IconTools/leijichongzhi10.png	Assets/Product/Texture/Image/IconToolsSp/leijichongzhi10Sp.png	16	6	98001		9				1					1	100		[1,1128]		
94006	A级构造体任选	使用后可在黎明、流光、异火、零度、爆裂、夜刃6个A级构造体中，任选获得其中1个。	在仓库-道具界面使用该道具。	Assets/Product/Texture/Image/IconTools/leijichongzhi05.png	Assets/Product/Texture/Image/IconToolsSp/leijichongzhi05Sp.png	16	6	98001		9				1					1	100		[3,1130,1]		
94007	【樱花雪月】家具套装	使用后可获得【樱花雪月】家具套装。	在仓库-道具界面使用该道具。	Assets/Product/Texture/Image/IconTools/leijichongzhi06.png	Assets/Product/Texture/Image/IconToolsSp/leijichongzhi06Sp.png	16	6	98001		9				1					1	100		[1,1125]		
94008	S级构造体任选	使用后可在仰光、乱数、烬燃、暗能、脉冲5个S级构造体中，任选获得其中1个。	在仓库-道具界面使用该道具。	Assets/Product/Texture/Image/IconTools/leijichongzhi07.png	Assets/Product/Texture/Image/IconToolsSp/leijichongzhi07Sp.png	16	6	98001		9				1					1	100		[3,1131,1]		
94009	头像-特殊身份	使用后可获得头像-特殊身份。	在仓库-道具界面使用该道具。	Assets/Product/Texture/Image/IconTools/leijichongzhi08.png	Assets/Product/Texture/Image/IconToolsSp/leijichongzhi08Sp.png	16	6	98001		9				1					1	100		[1,1127]		
94010	新春A级构造体任选	使用后可在黎明、流光、异火、零度、爆裂、夜刃、重能7个A级构造体中，任选获得其中1个。	在仓库-道具界面使用该道具。	Assets/Product/Texture/Image/IconTools/leijichongzhi05.png	Assets/Product/Texture/Image/IconToolsSp/leijichongzhi05Sp.png	16	6	97501		9				1					1	100		[3,1139,1]		
94011	新春B级构造体任选	使用后可在红莲、风暴、蚀暗3个B级构造体中，任选获得其中1个。	在仓库-道具界面使用该道具。	Assets/Product/Texture/Image/IconTools/leijichongzhi11.png	Assets/Product/Texture/Image/IconToolsSp/leijichongzhi11Sp.png	16	5	97501		99				1					1	100		[3,1140,1]		
94012	白色骑士	使用后可在异火、重能、夜刃、夙星4个A级构造体中，任选获得其中1个。	“今后，由我来守护你。”	Assets/Product/Texture/Image/IconTools/IconActivityCase2003002.png	Assets/Product/Texture/Image/IconToolsSp/IconActivityCase2003002Sp.png	16	6	97501		9				1					1	100		[3,1149,1]		
94013	满花恋人	使用后可在零度、爆裂、黎明、流光、溢彩5个A级构造体中，任选获得其中1个。	“是你在呼唤我的名字吗？”	Assets/Product/Texture/Image/IconTools/IconActivityCase2003001.png	Assets/Product/Texture/Image/IconToolsSp/IconActivityCase2003001Sp.png	16	6	97501		9				1					1	100		[3,1150,1]		
94014	A级泛用机体任选	使用后可在黎明、流光、异火、零度、爆裂、夜刃、重能、夙星、溢彩、银牙、弧光11个A级泛用机体中，任选获得其中1个。	在仓库-道具界面使用该道具。	Assets/Product/Texture/Image/IconTools/leijichongzhi05.png	Assets/Product/Texture/Image/IconToolsSp/leijichongzhi05Sp.png	16	6	97501		9				1					1	100		[3,1171,1]		
94015	B级泛用机体任选	使用后可在红莲、风暴、蚀暗3个B级泛用机体中，任选获得其中1个。	在仓库-道具界面使用该道具。	Assets/Product/Texture/Image/IconTools/leijichongzhi11.png	Assets/Product/Texture/Image/IconToolsSp/leijichongzhi11Sp.png	16	5	97501		99				1					1	100		[3,1140,1]		
94016	糖果礼包	使用后可获得1件大型血清组，3个武器突破核心·高，3个突破合金·高	在仓库-道具界面使用该道具。	Assets/Product/Texture/Image/IconTools/IconErtongjie002.png	Assets/Product/Texture/Image/IconToolsSp/IconErtongjie002Sp.png	16	6	97501		9				1					1	100		[1,1173]		
94017	竞渡伴手礼	使用后可随机获得一个辰积原意识	在仓库-道具界面使用该道具。	Assets/Product/Texture/Image/IconTools/IconDuanwujie003.png	Assets/Product/Texture/Image/IconToolsSp/IconDuanwujie003Sp.png	16	6	97501		9				9					1	100		[2,9400]		
94018	香甜糯粽	使用后可获得60毫升血清。	在仓库-道具界面使用该道具。	Assets/Product/Texture/Image/IconTools/IconDuanwujie002.png	Assets/Product/Texture/Image/IconToolsSp/IconDuanwujie002Sp.png	16	4	95001		99				99					1	100		[1,1107]		
94019	醇香肉粽	使用后可获得60毫升血清。	在仓库-道具界面使用该道具。	Assets/Product/Texture/Image/IconTools/IconDuanwujie001.png	Assets/Product/Texture/Image/IconToolsSp/IconDuanwujie001Sp.png	16	4	95001		99				99					1	100		[1,1107]		
94020	新生指挥官补给箱	使用后可获得经验仓·大*2，意识强化素材Ⅳ*5，武器强化素材Ⅳ*2，技能点*10，螺母*100000	在仓库-道具界面使用该道具，终身限购10个。	Assets/Product/Texture/Image/IconTools/ItCaseI020010.png	Assets/Product/Texture/Image/IconToolsSp/ItCaseI020010Sp.png	16	4	93001		99				99					1	100		[1,1175]		
94021	卡穆意识补给	使用后可获得一整套25级科亚意识	在仓库-道具界面使用该道具。	Assets/Product/Texture/Image/IconTools/ItCaseEquip001.png	Assets/Product/Texture/Image/IconToolsSp/ItCaseEquip001Sp.png	16	4	94005		9				9					1	100		[1,39009]		
94022	KFC鸦羽意识礼包	使用后可获得一整套KFC·Lucia意识	在仓库-道具界面使用该道具。	Assets/Product/Texture/Image/IconTools/ItKfc003.png	Assets/Product/Texture/Image/IconToolsSp/ItKfc003Sp.png	16	5	99001		9				1								[1,1176]		
94023	KFC深红之渊意识礼包	使用后可获得一整套KFC·Alpha意识	在仓库-道具界面使用该道具。	Assets/Product/Texture/Image/IconTools/ItKfc002.png	Assets/Product/Texture/Image/IconToolsSp/ItKfc002Sp.png	16	5	99001		9				1								[1,1177]		
94024	A级泛用机体任选	使用后可在黎明、流光、异火、零度、爆裂、夜刃、重能、夙星、溢彩、银牙、弧光、瑰丽12个A级泛用机体中，任选获得其中1个。	在仓库-道具界面使用该道具。	Assets/Product/Texture/Image/IconTools/leijichongzhi05.png	Assets/Product/Texture/Image/IconToolsSp/leijichongzhi05Sp.png	16	6	97511		9				1					1	100		[3,1178,1]		
94025	星型蛋糕	使用后可获得60毫升血清。	在仓库-道具界面使用该道具。	Assets/Product/Texture/Image/IconTools/IconGuoqingjie001.png	Assets/Product/Texture/Image/IconToolsSp/IconGuoqingjie001Sp.png	16	4	95001		99				99					1	100		[1,1107]		
94026	A级泛用机体任选	使用后可在黎明、流光、异火、零度、爆裂、夜刃、重能、夙星、溢彩、银牙、弧光、瑰丽、游麟13个A级泛用机体中，任选获得其中1个。	在仓库-道具界面使用该道具。	Assets/Product/Texture/Image/IconTools/leijichongzhi05.png	Assets/Product/Texture/Image/IconToolsSp/leijichongzhi05Sp.png	16	6	97512		9				1					1	100		[3,1191,1]		
94027	中式墙面	获得后将解锁“中式墙面”，在收藏品墙中可选择使用	收藏品墙-墙面，获得后自动解锁	Assets/Product/Texture/Image/UiCollectionWall/UiCollectionWallShop.png	Assets/Product/Texture/Image/UiCollectionWall/UiCollectionWallShop.png	1	5	97512		10				5										
94028	中式底框	获得后将解锁“中式底框”，在收藏品墙中可选择使用	收藏品墙-底框，获得后自动解锁	Assets/Product/Texture/Image/UiCollectionWall/UiCollectionWallShopCase.png	Assets/Product/Texture/Image/UiCollectionWall/UiCollectionWallShopCase.png	1	5	97512		10				5										
94029	好吃的蛋糕	食用后可获得中型血清组β*2、超频晶币·高*480、超频晶币·极*80	为首席指挥官特别制作的蛋糕，由里、丽芙、露西亚共同完成，蛋糕似乎是由露西亚秘密配方制作而成，看起来非常美味	Assets/Product/Texture/Image/IconTools/ItActivityFuli001.png	Assets/Product/Texture/Image/IconToolsSp/ItActivityFuli001Sp.png	16	5	97511		9				1								[1,1199]		
94030	S级泛用机体任选	使用后可在9个S级泛用机体中，任选获得其中1个。	可选S级泛用机体：仰光、乱数、烬燃、暗能、脉冲、深红之渊、真理、鸦羽、凛冽。	Assets/Product/Texture/Image/IconTools/ItZixuanS02.png	Assets/Product/Texture/Image/IconToolsSp/ItZixuanS02Sp.png	16	6	98001		9				1								[3,1216,1]		
94031	S级泛用机体任选	使用后可在10个S级泛用机体中，任选获得其中1个。	可选S级泛用机体：仰光、乱数、烬燃、暗能、脉冲、深红之渊、真理、鸦羽、凛冽、银冕。	Assets/Product/Texture/Image/IconTools/ItZixuanS03.png	Assets/Product/Texture/Image/IconToolsSp/ItZixuanS03Sp.png	16	6	98001		9				1								[3,1223,1]		
94032	美味的蛋糕	食用后可获得包含【6星意识自选共鸣材料×1】在内的丰厚礼品	突击鹰小队为首席指挥官特别准备的蛋糕，在库洛姆、万事、神威进行初步制作后，由卡穆试吃并提出修改意见。蛋糕甜度十足，相当美味。	Assets/Product/Texture/Image/IconTools/ItActivityFuli002.png	Assets/Product/Texture/Image/IconToolsSp/ItActivityFuli002Sp.png	16	5	97511		9				1								[1,1179,1]		
94033	角色研发惊喜福袋	打开福袋会获得随机数量活动角色研发券	·10%概率获得活动角色研发券×250 ·15%概率获得活动角色研发券×225 ·20%概率获得活动角色研发券×200 ·25%概率获得活动角色研发券×175 ·30%概率获得活动角色研发券×150	Assets/Product/Texture/Image/IconTools/ItPayEv1801.png	Assets/Product/Texture/Image/IconToolsSp/ItPayEv1801Sp.png	16	5	99000		999				99								[2,1011]		
94034	S级泛用机体自选礼包	使用后可在10个S级泛用机体中，任选获得其中1个。	可选S级泛用机体：仰光、乱数、烬燃、暗能、脉冲、深红之渊、真理、鸦羽、凛冽、银冕。   <color=#CA1F31> 礼包将于2022年4月11日 5:00过期</color>	Assets/Product/Texture/Image/IconTools/ItZixuanS05.png	Assets/Product/Texture/Image/IconToolsSp/ItZixuanS05Sp.png	16	6	97511		9				1	1	2022/1/28 5:00	6307200					[3,1246,1]		
94035	九龙楹联	使用后可获得包含【6星意识自选共鸣材料×1】在内的丰厚礼品	指挥官指挥官，快看快看，蒲牢刚刚写的对联！ 嘿嘿，其实到这个时候，我们九龙众门口都得贴点对联，每次都是我写的最突出哦。 指挥官也要一起写吗？好呀好呀，那么指挥官先出上联。哼哼，不管是什么样的对联，蒲牢我都能对上！	Assets/Product/Texture/Image/IconTools/ItActivityFuli003.png	Assets/Product/Texture/Image/IconToolsSp/ItActivityFuli003Sp.png	16	6	97510		9				1								[1,90241,1]		
94036	S级泛用机体任选	使用后可在14个S级泛用机体中，任选获得其中1个。	可选S级泛用机体：仰光、乱数、烬燃、暗能、脉冲、深红之渊、真理、鸦羽、凛冽、银冕、荣光、绯耀、极昼、幻奏。	Assets/Product/Texture/Image/IconTools/ItZixuanS06.png	Assets/Product/Texture/Image/IconToolsSp/ItZixuanS06Sp.png	16	6	98001		9				1								[3,1248,1]		
94037	S级辅助机自选	使用后可在5个S级辅助机中，任选获得其中1个。	可选S级辅助机：庭霓、霜誓、宵煌、沧翊、啸钺。	Assets/Product/Texture/Image/IconTools/ItZixuanPetS01.png	Assets/Product/Texture/Image/IconToolsSp/ItZixuanPetS01Sp.png	16	6	98001		9				1								[3,1251,1]		
94038	A级辅助机自选	使用后可在5个A级辅助机中，任选获得其中1个。	可选A级辅助机：元谒、沃托、冷观、伶崖、棘钧。	Assets/Product/Texture/Image/IconTools/ItZixuanPetA01.png	Assets/Product/Texture/Image/IconToolsSp/ItZixuanPetA01Sp.png	16	5	98001		9				1								[3,1252,1]		
94039	S级辅助机自选	使用后可在5个S级辅助机中，任选获得其中1个。	可选S级辅助机：庭霓、霜誓、宵煌、沧翊、啸钺。	Assets/Product/Texture/Image/IconTools/ItZixuanPetS01.png	Assets/Product/Texture/Image/IconToolsSp/ItZixuanPetS01Sp.png	16	6	98001		9				1								[3,1251,1]		
94040	S级泛用机体自选礼包	使用后可在10个S级泛用机体中，任选获得其中1个。	可选S级泛用机体：丽芙·仰光、里·乱数、卡列尼娜·烬燃、神威·暗能、七实·脉冲、露西亚·深红之渊、比安卡·真理、露西亚·鸦羽、罗塞塔·凛冽、露娜·银冕。	Assets/Product/Texture/Image/IconTools/ItZixuanS03.png	Assets/Product/Texture/Image/IconToolsSp/ItZixuanS03Sp.png	16	6	97511		9				1								[3,1253,1]		
94041	A级泛用装甲型机体自选礼包	使用后可在5个A级装甲型泛用机体中，任选获得其中1个。	可选A级泛用机体：神威·重能、艾拉·溢彩、库洛姆·弧光、常羽·游麟、21号·XXI。	Assets/Product/Texture/Image/IconTools/IconNewbieZixuan05.png	Assets/Product/Texture/Image/IconToolsSp/IconNewbieZixuan05Sp.png	16	5	97501		9				1								[3,1254,1]		
94042	A级泛用辅助型机体自选礼包	使用后可在4个A级辅助型泛用机体中，任选获得其中1个。	可选A级泛用机体：丽芙·流光、苏菲亚·银牙、薇拉·瑰丽、万事·明觉。	Assets/Product/Texture/Image/IconTools/IconNewbieZixuan04.png	Assets/Product/Texture/Image/IconToolsSp/IconNewbieZixuan04Sp.png	16	5	97501		9				1								[3,1255,1]		
94043	6星武器自选箱	使用后可在10把6星武器中，任选获得其中1个。	可选6星武器：零式（丽芙·仰光适用）、零度定标（里·乱数适用）、核基红龙（卡列尼娜·烬燃适用）、漆黑（神威·暗能适用）、机韵（七实·脉冲适用）、红樱（露西亚·深红之渊适用）、莱特宁（比安卡·真理适用）、朱桦（露西亚·鸦羽适用）、冈格尼尔（罗塞塔·凛冽适用）、奥兹玛（露娜·银冕适用）。	Assets/Product/Texture/Image/IconTools/IconNewbieZixuan01.png	Assets/Product/Texture/Image/IconToolsSp/IconNewbieZixuan01Sp.png	16	6	97501		9				1								[3,1256,1]		
94044	5星武器自选箱β	使用后可在9把5星武器中，任选获得其中1个。	可选5星武器：卫士挂载、暗影紫光、熔岩之柱、动轮大剑、电光石火、九字之定、猎隼E-3320、RL-03C 黑刺、冕饵。	Assets/Product/Texture/Image/IconTools/IconNewbieZixuan02.png	Assets/Product/Texture/Image/IconToolsSp/IconNewbieZixuan02Sp.png	16	5	94004		9				1					1	100		[3,1257,1]		
94045	5星武器自选箱α	使用后可在5把5星武器中，任选获得其中1个。	可选5星武器：卫士挂载、暗影紫光、熔岩之柱、动轮大剑、电光石火。	Assets/Product/Texture/Image/IconTools/IconNewbieZixuan03.png	Assets/Product/Texture/Image/IconToolsSp/IconNewbieZixuan03Sp.png	16	5	94004		9				1					1	100		[3,1258,1]		
94046	5星A级装甲型武器自选箱	使用后可在适用A级装甲型的4把5星武器中，任选获得其中1个。	可选5星武器：动轮大剑、褪色、白麟出涧、阿尼姆斯。	Assets/Product/Texture/Image/IconTools/IconNewbieZixuan07.png	Assets/Product/Texture/Image/IconToolsSp/IconNewbieZixuan07Sp.png	16	5	94004		9				1					1	100		[3,1259,1]		
94047	5星A级辅助型武器自选箱	使用后可在适用A级辅助型的4把5星武器中，任选获得其中1个。	可选5星武器：卫士挂载、暗影紫光、九字之定、FA2D-AP。	Assets/Product/Texture/Image/IconTools/IconNewbieZixuan06.png	Assets/Product/Texture/Image/IconToolsSp/IconNewbieZixuan06Sp.png	16	5	94004		9				1					1	100		[3,1260,1]		
94048	爱芙二件套	使用后可获得5星意识-爱芙1、爱芙4，2件套。	在仓库-道具界面使用该道具。	Assets/Product/Texture/Image/IconTools/IconNewbieSuitbag01.png	Assets/Product/Texture/Image/IconToolsSp/IconNewbieSuitbag01Sp.png	16	5	94001		9				1					1	100		[1,1261,1]		
94049	桂尼二件套	使用后可获得6星意识-桂尼1、桂尼4，2件套。	在仓库-道具界面使用该道具。	Assets/Product/Texture/Image/IconTools/IconNewbieSuitbag02.png	Assets/Product/Texture/Image/IconToolsSp/IconNewbieSuitbag02Sp.png	16	6	98001		9				1					1	100		[1,1262,1]		
94050	达芬奇四件套	使用后可获得6星意识-达芬奇2、达芬奇3、达芬奇5、达芬奇6，4件套。	在仓库-道具界面使用该道具。	Assets/Product/Texture/Image/IconTools/IconNewbieSuitbag03.png	Assets/Product/Texture/Image/IconToolsSp/IconNewbieSuitbag03Sp.png	16	6	98001		9				1					1	100		[1,1263,1]		
94051	航道增援凭证	使用后可在16个S级泛用机体中，任选获得其中1个。	可选S级泛用机体：仰光、乱数、烬燃、暗能、脉冲、深红之渊、真理、鸦羽、凛冽、银冕、荣光、绯耀、极昼、幻奏、遥星之座、辉晓。	Assets/Product/Texture/Image/IconTools/ItZixuanS07.png	Assets/Product/Texture/Image/IconToolsSp/ItZixuanS07Sp.png	16	6	97511		9				1								[3,1274,1]		
94052	星霜戚风	食用后可获得中型血清组β*2、超频晶币·高*480、超频晶币·极*80	由比安卡亲自烘焙的蛋糕，不知何时被送到了自己的休息室里。揭开包装盒的瞬间，能嗅到淡淡的百合清香，厚厚的巧克力涂层上洒满了糖霜与曲奇，看上去十分美味。	Assets/Product/Texture/Image/IconTools/ItActivityFuli004.png	Assets/Product/Texture/Image/IconToolsSp/ItActivityFuli004Sp.png	16	5	97511		9				1								[1,1199]		
94053	S级泛用机体自选礼包	使用后可在14个S级泛用机体中，任选获得其中1个。	可选S级泛用机体：仰光、乱数、烬燃、暗能、脉冲、深红之渊、真理、鸦羽、凛冽、银冕、荣光、绯耀、极昼、幻奏。   <color=#CA1F31> 礼包将于2023年3月20日 5:00过期</color>	Assets/Product/Texture/Image/IconTools/ItZixuanS08.png	Assets/Product/Texture/Image/IconToolsSp/ItZixuanS08Sp.png	16	6	97511		9				1	1	2022/12/29 5:00	6998400					[3,1281,1]		
94054	S级辅助机自选	使用后可在9个S级辅助机中，任选获得其中1个。	可选S级辅助机：庭霓、霜誓、宵煌、沧翊、啸钺、暝月、霏粼、掣矩、虹霁。	Assets/Product/Texture/Image/IconTools/ItZixuanPetS02.png	Assets/Product/Texture/Image/IconToolsSp/ItZixuanPetS02Sp.png	16	6	98001		9				1								[3,1286,1]		
94055	S级辅助机自选	使用后可在9个S级辅助机中，任选获得其中1个。	可选S级辅助机：庭霓、霜誓、宵煌、沧翊、啸钺、暝月、霏粼、掣矩、虹霁。	Assets/Product/Texture/Image/IconTools/ItZixuanPetS02.png	Assets/Product/Texture/Image/IconToolsSp/ItZixuanPetS02Sp.png	16	6	98001		9				1								[3,1286,1]		
94056	S级泛用机体任选	使用后可在10个S级泛用机体中，任选获得其中1个。	可选S级泛用机体：仰光、乱数、烬燃、暗能、脉冲、深红之渊、真理、鸦羽、凛冽、银冕。	Assets/Product/Texture/Image/IconTools/ItZixuanS03.png	Assets/Product/Texture/Image/IconToolsSp/ItZixuanS03Sp.png	16	6	98001		9				1								[3,1223,1]		
94057	S级泛用机体任选	使用后可在22个S级泛用机体中，任选获得其中1个。	可选S级泛用机体：仰光、乱数、烬燃、暗能、脉冲、深红之渊、真理、鸦羽、凛冽、银冕、荣光、绯耀、极昼、幻奏、遥星之座、辉晓、深痕、超刻、万华、深红囚影、森息、回音。	Assets/Product/Texture/Image/IconTools/ItZixuanS09.png	Assets/Product/Texture/Image/IconToolsSp/ItZixuanS09Sp.png	16	6	98001		9				1								[3,1293,1]		
94058	洽洽联动礼包	在仓库-道具界面使用该道具。	打开后获得【意识-洽洽·曲】、【意识-洽洽·含英】、【头像-葵珍异宝】和【头像-意洽情投】	Assets/Product/Texture/Image/IconTools/ItQiaqia01.png	Assets/Product/Texture/Image/IconToolsSp/ItQiaqia01Sp.png	16	5	99001		9				1								[1,1310]		
94059	S级泛用机体自选礼包	使用后可在14个S级泛用机体中，任选获得其中1个。	可选S级泛用机体：仰光、乱数、烬燃、暗能、脉冲、深红之渊、真理、鸦羽、凛冽、银冕、荣光、绯耀、极昼、幻奏。	Assets/Product/Texture/Image/IconTools/ItZixuanS06.png	Assets/Product/Texture/Image/IconToolsSp/ItZixuanS06Sp.png	16	6	97511		9				1								[3,1332,1]		
94060	S级辅助机自选	使用后可在15个S级辅助机中，任选获得其中1个。	可选S级辅助机：庭霓、霜誓、宵煌、沧翊、啸钺、暝月、霏粼、掣矩、虹霁、坼霆、冥牙、昼翼、潜泽、夜蝠、徽羽。	Assets/Product/Texture/Image/IconTools/ItZixuanPetS03.png	Assets/Product/Texture/Image/IconToolsSp/ItZixuanPetS03Sp.png	16	6	98001		9				1								[3,1334,1]		
94061	S级辅助机自选	使用后可在15个S级辅助机中，任选获得其中1个。	可选S级辅助机：庭霓、霜誓、宵煌、沧翊、啸钺、暝月、霏粼、掣矩、虹霁、坼霆、冥牙、昼翼、潜泽、夜蝠、徽羽。	Assets/Product/Texture/Image/IconTools/ItZixuanPetS03.png	Assets/Product/Texture/Image/IconToolsSp/ItZixuanPetS03Sp.png	16	6	98001		9				1								[3,1334,1]		
94062	纳宝帝·露西亚礼包	使用后可获得一整套纳宝帝·露西亚意识	在仓库-道具界面使用该道具。	Assets/Product/Texture/Image/IconTools/ItNabati01.png	Assets/Product/Texture/Image/IconToolsSp/ItNabati01Sp.png	16	5	99001		9				1								[1,1340]		
94063	纳宝帝·里礼包	使用后可获得一整套纳宝帝·里意识	在仓库-道具界面使用该道具。	Assets/Product/Texture/Image/IconTools/ItNabati02.png	Assets/Product/Texture/Image/IconToolsSp/ItNabati02Sp.png	16	5	99001		9				1								[1,1341]		
94064	纳宝帝·丽芙礼包	使用后可获得一整套纳宝帝·丽芙意识	在仓库-道具界面使用该道具。	Assets/Product/Texture/Image/IconTools/ItNabati03.png	Assets/Product/Texture/Image/IconToolsSp/ItNabati03Sp.png	16	5	99001		9				1								[1,1342]		
94065	S级泛用机体自选礼包	使用后可在17个S级泛用机体中，任选获得其中1个。	可选S级泛用机体：仰光、乱数、烬燃、暗能、脉冲、深红之渊、真理、鸦羽、凛冽、银冕、荣光、绯耀、极昼、幻奏、遥星之座、辉晓、深痕。	Assets/Product/Texture/Image/IconTools/ItZixuanS011.png	Assets/Product/Texture/Image/IconToolsSp/ItZixuanS011Sp.png	16	6	98001		9				1								[3,1349,1]		
94066	S级辅助机自选	使用后可在18个S级辅助机中，任选获得其中1个。	可选S级辅助机：庭霓、霜誓、宵煌、沧翊、啸钺、暝月、霏粼、掣矩、虹霁、坼霆、冥牙、昼翼、潜泽、夜蝠、徽羽、肃噩、寐寤、瑞雪。	Assets/Product/Texture/Image/IconTools/ItZixuanPetS04.png	Assets/Product/Texture/Image/IconToolsSp/ItZixuanPetS04Sp.png	16	6	98001		9				1								[3,1351,1]		
94067	S级辅助机自选	使用后可在18个S级辅助机中，任选获得其中1个。	可选S级辅助机：庭霓、霜誓、宵煌、沧翊、啸钺、暝月、霏粼、掣矩、虹霁、坼霆、冥牙、昼翼、潜泽、夜蝠、徽羽、肃噩、寐寤、瑞雪。	Assets/Product/Texture/Image/IconTools/ItZixuanPetS04.png	Assets/Product/Texture/Image/IconToolsSp/ItZixuanPetS04Sp.png	16	6	98001		9				1								[3,1351,1]		
94068	珍宝珠联动礼包	在仓库-道具界面使用该道具。	打开后获得【意识-珍宝珠·七实】、【意识-珍宝珠·比安卡】、【头像-甜意魔法】、【头像-宴后憩语】、中型血清组×2、螺母×100000。	Assets/Product/Texture/Image/IconTools/ItChupa01.png	Assets/Product/Texture/Image/IconToolsSp/ItChupa01Sp.png	16	5	99001		9				1								[1,64700]		
94069	罗森联动礼包	在仓库-道具界面使用该道具。	打开后获得【意识-罗森·心灵驿站】、中型血清组×2、螺母×100000。	Assets/Product/Texture/Image/IconTools/ItLawson01.png	Assets/Product/Texture/Image/IconToolsSp/ItLawson01Sp.png	16	5	99001		9				1								[1,66864]		
94070	S级泛用机体自选礼包	使用后可在24个S级泛用机体中，任选获得其中1个。	可选S级泛用机体：仰光、乱数、烬燃、暗能、脉冲、深红之渊、真理、鸦羽、凛冽、银冕、荣光、绯耀、极昼、幻奏、遥星之座、辉晓、深痕、超刻、万华、深红囚影、森息、回音、深谣、尘铭。	Assets/Product/Texture/Image/IconTools/ItZixuanS015.png	Assets/Product/Texture/Image/IconToolsSp/ItZixuanS015Sp.png	16	6	98001		9				1								[3,1393,1]		
94071	S级泛用机体自选礼包	使用后可在35个S级泛用机体中，任选获得其中1个。	可选S级泛用机体：仰光、乱数、烬燃、暗能、脉冲、深红之渊、真理、鸦羽、凛冽、银冕、荣光、绯耀、极昼、幻奏、遥星之座、辉晓、深痕、超刻、万华、深红囚影、森息、回音、深谣、尘铭、启明、终焉、檀心、明晰梦、誓焰、芒星之迹、幻日、谬影、希声、灼惘、晖暮。	Assets/Product/Texture/Image/IconTools/IconAlterRole11.png	Assets/Product/Texture/Image/IconToolsSp/IconAlterRole11Sp.png	16	6	98001		9				1								[3,1405,1]		
94072	6星武器自选箱	使用后可在68把6星武器中，任选获得其中1个。	可选6星武器截止至奥罗拉（比安卡·晖暮适用）	Assets/Product/Texture/Image/IconTools/IconNewbieZixuan13.png	Assets/Product/Texture/Image/IconToolsSp/IconNewbieZixuan13Sp.png	16	6	97501		9				1								[3,1406,1]		
94073	S级辅助机自选	使用后可在25个S级辅助机中，任选获得其中1个。	可选S级辅助机截止至浊漓（比安卡·晖暮适用）。	Assets/Product/Texture/Image/IconTools/ItZixuanPetS05.png	Assets/Product/Texture/Image/IconToolsSp/ItZixuanPetS05Sp.png	16	6	98001		9				1								[3,1407,1]		
94074	6星武器自选箱	使用后可在70把6星武器中，任选获得其中1个。	可选6星武器截止至怒霆敕天（维罗妮卡·铮骨适用）	Assets/Product/Texture/Image/IconTools/IconNewbieZixuan14.png	Assets/Product/Texture/Image/IconToolsSp/IconNewbieZixuan14Sp.png	16	6	97501		9				1								[3,1409,1]		
94075	S级辅助机自选	使用后可在26个S级辅助机中，任选获得其中1个。	可选S级辅助机截止至鳞垒（维罗妮卡·铮骨适用）。	Assets/Product/Texture/Image/IconTools/ItZixuanPetS06.png	Assets/Product/Texture/Image/IconToolsSp/ItZixuanPetS06Sp.png	16	6	98001		9				1								[3,1410,1]		
95000	涂装自选补给包	在仓库-道具界面使用该道具。	使用后可在16个涂装中，任选获得其中1个。包含的涂装有：灰羽异火、灰羽夜刃、灰羽暗能、灰羽爆裂、灰羽红莲、灰羽蚀暗、灰羽流光、灰羽黎明、灰羽乱数、灰羽烬燃、鬼装神机、蓟、哥特机兵、终焉灰烬、灰羽脉冲、辉煌流星。	Assets/Product/Texture/Image/IconTools/ItCaseI010050.png	Assets/Product/Texture/Image/IconToolsSp/ItCaseI010050Sp.png	16	5	97512		9				1					1	100		[3,1132,1]		
95001	涂装自选补给包	在仓库-道具界面使用该道具。	使用后可在15个涂装中，任选获得其中1个。包含的涂装有：时之女仆、蓟、哥特机兵、闇影尖兵、终焉灰烬、鬼装神机、辉煌流星、灰羽·深红之渊、终末之旅、荒野集训、天际试行、冒险精神、紫苑跃兔、御座机工、星砂夜行。	Assets/Product/Texture/Image/IconTools/ItCaseI010060.png	Assets/Product/Texture/Image/IconToolsSp/ItCaseI010060Sp.png	16	5	97511		9				1					1	100		[3,1185,1]		
95002	涂装自选补给包	在仓库-道具界面使用该道具。	使用后可在15个涂装中，任选获得其中1个。包含的涂装有：闇影尖兵、终焉灰烬、辉煌流星、终末之旅、噬梦机兵、殛夜残响、波旬夜叉、无瑕乐曲、哥特机兵、冒险精神、星砂夜行、时之女仆、蓟、荒野集训、暗宵冬狩。	Assets/Product/Texture/Image/IconTools/ItCaseI010060.png	Assets/Product/Texture/Image/IconToolsSp/ItCaseI010060Sp.png	16	5	97510		9				1					1	100		[3,1221,1]		
95003	深红囚影意识包	使用后可获得一整套狄瑟尔意识	在仓库-道具界面使用该道具。	Assets/Product/Texture/Image/IconTools/IconWheelchairSuitbag01.png	Assets/Product/Texture/Image/IconToolsSp/IconWheelchairSuitbag01Sp.png	16	6	98001		9				1								[1,1353]		
95004	森息意识包	使用后可获得一整套弗兰意识	在仓库-道具界面使用该道具。	Assets/Product/Texture/Image/IconTools/IconWheelchairSuitbag02.png	Assets/Product/Texture/Image/IconToolsSp/IconWheelchairSuitbag02Sp.png	16	6	98000		9				1								[1,1354]		
95005	芒星之迹意识包	使用后可获得一整套赫尔舍尔意识	在仓库-道具界面使用该道具。	Assets/Product/Texture/Image/IconTools/IconWheelchairSuitbag03.png	Assets/Product/Texture/Image/IconToolsSp/IconWheelchairSuitbag03Sp.png	16	6	97999		9				1								[1,1355]		
95006	黑卡月卡	激活后，立即发放300黑卡，从激活当日开始每日登录可领取100黑卡，以及中型血清组β*1，持续30日。	购买礼包，立刻激活。	Assets/Product/Texture/Image/IconTools/IconYK30Day.png	Assets/Product/Texture/Image/IconToolsSp/IconYK30DaySp.png	67108868	6	95006		9				1										
95100	[得闲饮茶]图纸合集	使用后可获得全套【得闲饮茶】家具图纸。	在仓库-道具界面使用该道具。	Assets/Product/Texture/Image/IconTools/ItCaseDorm003.png	Assets/Product/Texture/Image/IconToolsSp/ItCaseDorm003Sp.png	16	5	97001		9				1					1	100		[1,1134]		
95101	[得闲饮茶]套装	使用后可获得全套【得闲饮茶】家具。	在仓库-道具界面使用该道具。	Assets/Product/Texture/Image/IconTools/ItCaseDorm002.png	Assets/Product/Texture/Image/IconToolsSp/ItCaseDorm002Sp.png	16	5	97001		9				1					1	100		[1,1136]		
95102	[得闲饮茶]自选图纸	使用后可在【得闲饮茶】家具图纸中任选一件获得。	在仓库-道具界面使用该道具。	Assets/Product/Texture/Image/IconTools/ItCaseDorm001.png	Assets/Product/Texture/Image/IconToolsSp/ItCaseDorm001Sp.png	16	4	97001		99				99					1	100		[3,1138,1]		
95120	[雪境故所]图纸合集	使用后可获得全套【雪境故所】家具图纸。	在仓库-道具界面使用该道具。	Assets/Product/Texture/Image/IconTools/ItCaseLieche003.png	Assets/Product/Texture/Image/IconToolsSp/ItCaseLieche003Sp.png	16	5	97001		9				1					1	100		[1,1142]		
95121	[雪境故所]套装	使用后可获得全套【雪境故所】家具。	在仓库-道具界面使用该道具。	Assets/Product/Texture/Image/IconTools/ItCaseLieche002.png	Assets/Product/Texture/Image/IconToolsSp/ItCaseLieche002Sp.png	16	5	97001		9				1					1	100		[1,1144]		
95122	[雪境故所]自选图纸	使用后可在【雪境故所】家具图纸中任选一件获得。	在仓库-道具界面使用该道具。	Assets/Product/Texture/Image/IconTools/ItCaseLieche001.png	Assets/Product/Texture/Image/IconToolsSp/ItCaseLieche001Sp.png	16	4	97001		99				99					1	100		[3,1146,1]		
95130	[波罗塞戏]图纸合集	使用后可获得全套【波罗塞戏】家具图纸。	在仓库-道具界面使用该道具。	Assets/Product/Texture/Image/IconTools/ItZhongguochuan003.png	Assets/Product/Texture/Image/IconToolsSp/ItZhongguochuan003Sp.png	16	5	97001		9				1					1	100		[1,1154]		
95131	[波罗塞戏]套装	使用后可获得全套【波罗塞戏】家具。	在仓库-道具界面使用该道具。	Assets/Product/Texture/Image/IconTools/ItZhongguochuan002.png	Assets/Product/Texture/Image/IconToolsSp/ItZhongguochuan002Sp.png	16	5	97001		9				1					1	100		[1,1160]		
95132	[波罗塞戏]自选图纸	使用后可在【波罗塞戏】家具图纸中任选一件获得。	在仓库-道具界面使用该道具。	Assets/Product/Texture/Image/IconTools/ItZhongguochuan001.png	Assets/Product/Texture/Image/IconToolsSp/ItZhongguochuan001Sp.png	16	4	97001		99				99					1	100		[3,1170,1]		
95133	[海岛假日]图纸合集	使用后可获得全套【海岛假日】家具图纸。	在仓库-道具界面使用该道具。	Assets/Product/Texture/Image/IconTools/ItShuishagnleyuan003.png	Assets/Product/Texture/Image/IconToolsSp/ItShuishagnleyuan003Sp.png	16	5	97001		9				1					1	100		[1,1163]		
95134	[海岛假日]套装	使用后可获得全套【海岛假日】家具。	在仓库-道具界面使用该道具。	Assets/Product/Texture/Image/IconTools/ItShuishagnleyuan002.png	Assets/Product/Texture/Image/IconToolsSp/ItShuishagnleyuan002Sp.png	16	5	97001		9				1					1	100		[1,1165]		
95135	[海岛假日]自选图纸	使用后可在【海岛假日】家具图纸中任选一件获得。	在仓库-道具界面使用该道具。	Assets/Product/Texture/Image/IconTools/ItShuishagnleyuan001.png	Assets/Product/Texture/Image/IconToolsSp/ItShuishagnleyuan001Sp.png	16	4	97001		99				99					1	100		[3,1167,1]		
95136	[KFC联动]家具套装	使用后可获得全套【KFC联动】家具和300家具币。	在仓库-道具界面使用该道具。	Assets/Product/Texture/Image/IconTools/ItKfc001.png	Assets/Product/Texture/Image/IconToolsSp/ItKfc001Sp.png	16	5	99001		9				1								[1,1169]		
95137	[霜雪木屋]图纸合集	使用后可获得全套【霜雪木屋】家具图纸。	在仓库-道具界面使用该道具。	Assets/Product/Texture/Image/IconTools/ItShoulinren003.png	Assets/Product/Texture/Image/IconToolsSp/ItShoulinren003Sp.png	16	5	97001		9				1					1	100		[1,1180]		
95138	[霜雪木屋]套装	使用后可获得全套【霜雪木屋】家具。	在仓库-道具界面使用该道具。	Assets/Product/Texture/Image/IconTools/ItShoulinren002.png	Assets/Product/Texture/Image/IconToolsSp/ItShoulinren002Sp.png	16	5	97001		9				1					1	100		[1,1182]		
95139	[霜雪木屋]自选图纸	使用后可在【霜雪木屋】家具图纸中任选一件获得。	在仓库-道具界面使用该道具。	Assets/Product/Texture/Image/IconTools/ItShoulinren001.png	Assets/Product/Texture/Image/IconToolsSp/ItShoulinren001Sp.png	16	4	97001		99				99					1	100		[3,1184,1]		
95140	[卜星夜话]图纸合集	使用后可获得全套【卜星夜话】家具图纸。	在仓库-道具界面使用该道具。	Assets/Product/Texture/Image/IconTools/ItHalloween003.png	Assets/Product/Texture/Image/IconToolsSp/ItHalloween003Sp.png	16	5	97001		9				1					1	100		[1,1187]		
95141	[卜星夜话]套装	使用后可获得全套【卜星夜话】家具。	在仓库-道具界面使用该道具。	Assets/Product/Texture/Image/IconTools/ItHalloween002.png	Assets/Product/Texture/Image/IconToolsSp/ItHalloween002Sp.png	16	5	97001		9				1					1	100		[1,1189]		
95142	[卜星夜话]自选图纸	使用后可在【卜星夜话】家具图纸中任选一件获得。	在仓库-道具界面使用该道具。	Assets/Product/Texture/Image/IconTools/ItHalloween001.png	Assets/Product/Texture/Image/IconToolsSp/ItHalloween001Sp.png	16	4	97001		99				99					1	100		[3,1190,1]		
95143	[甜梦工坊]图纸合集	使用后可获得全套【甜梦工坊】家具图纸。	在仓库-道具界面使用该道具。	Assets/Product/Texture/Image/IconTools/ItYouleyuan003.png	Assets/Product/Texture/Image/IconToolsSp/ItYouleyuan003Sp.png	16	5	97001		9				1					1	100		[1,1193]		
95144	[甜梦工坊]套装	使用后可获得全套【甜梦工坊】家具。	在仓库-道具界面使用该道具。	Assets/Product/Texture/Image/IconTools/ItYouleyuan002.png	Assets/Product/Texture/Image/IconToolsSp/ItYouleyuan002Sp.png	16	5	97001		9				1					1	100		[1,1195]		
95145	[甜梦工坊]自选图纸	使用后可在【甜梦工坊】家具图纸中任选一件获得。	在仓库-道具界面使用该道具。	Assets/Product/Texture/Image/IconTools/ItYouleyuan001.png	Assets/Product/Texture/Image/IconToolsSp/ItYouleyuan001Sp.png	16	4	97001		99				99					1	100		[3,1196,1]		
95146	[青曲戏园]图纸合集	使用后可获得全套【青曲戏园】家具图纸。	在仓库-道具界面使用该道具。	Assets/Product/Texture/Image/IconTools/ItChunjie2021003.png	Assets/Product/Texture/Image/IconToolsSp/ItChunjie2021003Sp.png	16	5	97001		9				1					1	100		[1,1212]		
95147	[青曲戏园]套装	使用后可获得全套【青曲戏园】家具。	在仓库-道具界面使用该道具。	Assets/Product/Texture/Image/IconTools/ItChunjie2021002.png	Assets/Product/Texture/Image/IconToolsSp/ItChunjie2021002Sp.png	16	5	97001		9				1					1	100		[1,1214]		
95148	[青曲戏园]自选图纸	使用后可在【青曲戏园】家具图纸中任选一件获得。	在仓库-道具界面使用该道具。	Assets/Product/Texture/Image/IconTools/ItChunjie2021001.png	Assets/Product/Texture/Image/IconToolsSp/ItChunjie2021001Sp.png	16	4	97001		99				99					1	100		[3,1215,1]		
95149	[绿野仙踪]图纸合集	使用后可获得全套【绿野仙踪】家具图纸。	在仓库-道具界面使用该道具。	Assets/Product/Texture/Image/IconTools/ItWanshi003.png	Assets/Product/Texture/Image/IconToolsSp/ItWanshi003Sp.png	16	5	97001		9				1					1	100		[1,1217]		
95150	[绿野仙踪]套装	使用后可获得全套【绿野仙踪】家具。	在仓库-道具界面使用该道具。	Assets/Product/Texture/Image/IconTools/ItWanshi002.png	Assets/Product/Texture/Image/IconToolsSp/ItWanshi002Sp.png	16	5	97001		9				1					1	100		[1,1219]		
95151	[绿野仙踪]自选图纸	使用后可在【绿野仙踪】家具图纸中任选一件获得。	在仓库-道具界面使用该道具。	Assets/Product/Texture/Image/IconTools/ItWanshi001.png	Assets/Product/Texture/Image/IconToolsSp/ItWanshi001Sp.png	16	4	97001		99				99					1	100		[3,1220,1]		
95152	[校园夏祭]图纸合集	使用后可获得全套【校园夏祭】家具图纸。	在仓库-道具界面使用该道具。	Assets/Product/Texture/Image/IconTools/ItXiaoyuanji003.png	Assets/Product/Texture/Image/IconToolsSp/ItXiaoyuanji003Sp.png	16	5	97001		9				1					1	100		[1,1225]		
95153	[校园夏祭]套装	使用后可获得全套【校园夏祭】家具。	在仓库-道具界面使用该道具。	Assets/Product/Texture/Image/IconTools/ItXiaoyuanji002.png	Assets/Product/Texture/Image/IconToolsSp/ItXiaoyuanji002Sp.png	16	5	97001		9				1					1	100		[1,1227]		
95154	[校园夏祭]自选图纸	使用后可在【校园夏祭】家具图纸中任选一件获得。	在仓库-道具界面使用该道具。	Assets/Product/Texture/Image/IconTools/ItXiaoyuanji001.png	Assets/Product/Texture/Image/IconToolsSp/ItXiaoyuanji001Sp.png	16	4	97001		99				99					1	100		[3,1228,1]		
95155	[生命星光]图纸合集	使用后可获得全套【生命星光】家具图纸。	在仓库-道具界面使用该道具。	Assets/Product/Texture/Image/IconTools/ItSuperLivji003.png	Assets/Product/Texture/Image/IconToolsSp/ItSuperLivji003Sp.png	16	5	97001		9				1					1	100		[1,1230]		
95156	[生命星光]套装	使用后可获得全套【生命星光】家具。	在仓库-道具界面使用该道具。	Assets/Product/Texture/Image/IconTools/ItSuperLivji002.png	Assets/Product/Texture/Image/IconToolsSp/ItSuperLivji002Sp.png	16	5	97001		9				1					1	100		[1,1232]		
95157	[生命星光]自选图纸	使用后可在【生命星光】家具图纸中任选一件获得。	在仓库-道具界面使用该道具。	Assets/Product/Texture/Image/IconTools/ItSuperLivji001.png	Assets/Product/Texture/Image/IconToolsSp/ItSuperLivji001Sp.png	16	4	97001		99				99					1	100		[3,1233,1]		
95158	[库洛洛迪厅]图纸合集	使用后可获得全套【库洛洛迪厅】家具图纸。	在仓库-道具界面使用该道具。	Assets/Product/Texture/Image/IconTools/ItMusic003.png	Assets/Product/Texture/Image/IconToolsSp/ItMusic003Sp.png	16	5	97001		9				1					1	100		[1,1234]		
95159	[库洛洛迪厅]套装	使用后可获得全套【库洛洛迪厅】家具。	在仓库-道具界面使用该道具。	Assets/Product/Texture/Image/IconTools/ItMusic002.png	Assets/Product/Texture/Image/IconToolsSp/ItMusic002Sp.png	16	5	97001		9				1					1	100		[1,1236]		
95160	[库洛洛迪厅]自选图纸	使用后可在【库洛洛迪厅】家具图纸中任选一件获得。	在仓库-道具界面使用该道具。	Assets/Product/Texture/Image/IconTools/ItMusic001.png	Assets/Product/Texture/Image/IconToolsSp/ItMusic001Sp.png	16	4	97001		99				99					1	100		[3,1237,1]		
95161	[深巷记忆]图纸合集	使用后可获得全套【深巷记忆】家具图纸。	在仓库-道具界面使用该道具。	Assets/Product/Texture/Image/IconTools/ItRestaurant003.png	Assets/Product/Texture/Image/IconToolsSp/ItRestaurant003Sp.png	16	5	97001		9				1					1	100		[1,1238]		
95162	[深巷记忆]套装	使用后可获得全套【深巷记忆】家具。	在仓库-道具界面使用该道具。	Assets/Product/Texture/Image/IconTools/IconRestaurant004.png	Assets/Product/Texture/Image/IconToolsSp/IconRestaurant004Sp.png	16	5	97001		9				1					1	100		[1,1240]		
95163	[深巷记忆]自选图纸	使用后可在【深巷记忆】家具图纸中任选一件获得。	在仓库-道具界面使用该道具。	Assets/Product/Texture/Image/IconTools/ItRestaurant001.png	Assets/Product/Texture/Image/IconToolsSp/ItRestaurant001Sp.png	16	4	97001		99				99					1	100		[3,1241,1]		
95164	[蒸汽浪潮]图纸合集	使用后可获得全套【蒸汽浪潮】家具图纸。	在仓库-道具界面使用该道具。	Assets/Product/Texture/Image/IconTools/ItBiankaSummer003.png	Assets/Product/Texture/Image/IconToolsSp/ItBiankaSummer003Sp.png	16	5	97001		9				1					1	100		[1,1265]		
95165	[蒸汽浪潮]套装	使用后可获得全套【蒸汽浪潮】家具。	在仓库-道具界面使用该道具。	Assets/Product/Texture/Image/IconTools/ItBiankaSummer002.png	Assets/Product/Texture/Image/IconToolsSp/ItBiankaSummer002Sp.png	16	5	97001		9				1					1	100		[1,1267]		
95166	[蒸汽浪潮]自选图纸	使用后可在【蒸汽浪潮】家具图纸中任选一件获得。	在仓库-道具界面使用该道具。	Assets/Product/Texture/Image/IconTools/ItBiankaSummer001.png	Assets/Product/Texture/Image/IconToolsSp/ItBiankaSummer001Sp.png	16	4	97001		99				99					1	100		[3,1268,1]		
95167	[掠影成像]图纸合集	使用后可获得全套【掠影成像】家具图纸。	在仓库-道具界面使用该道具。	Assets/Product/Texture/Image/IconTools/ItStudio003.png	Assets/Product/Texture/Image/IconToolsSp/ItStudio003Sp.png	16	5	97001		9				1					1	100		[1,1270]		
95168	[掠影成像]套装	使用后可获得全套【掠影成像】家具。	在仓库-道具界面使用该道具。	Assets/Product/Texture/Image/IconTools/ItStudio002.png	Assets/Product/Texture/Image/IconToolsSp/ItStudio002Sp.png	16	5	97001		9				1					1	100		[1,1272]		
95169	[掠影成像]自选图纸	使用后可在【掠影成像】家具图纸中任选一件获得。	在仓库-道具界面使用该道具。	Assets/Product/Texture/Image/IconTools/ItStudio001.png	Assets/Product/Texture/Image/IconToolsSp/ItStudio001Sp.png	16	4	97001		99				99					1	100		[3,1273,1]		
95170	[探遗循迹]图纸合集	使用后可获得全套【探遗循迹】家具图纸。	在仓库-道具界面使用该道具。	Assets/Product/Texture/Image/IconTools/ItArchaeological003.png	Assets/Product/Texture/Image/IconToolsSp/ItArchaeological003Sp.png	16	5	97001		9				1					1	100		[1,1276]		
95171	[探遗循迹]套装	使用后可获得全套【探遗循迹】家具。	在仓库-道具界面使用该道具。	Assets/Product/Texture/Image/IconTools/ItArchaeological002.png	Assets/Product/Texture/Image/IconToolsSp/ItArchaeological002Sp.png	16	5	97001		9				1					1	100		[1,1278]		
95172	[探遗循迹]自选图纸	使用后可在【探遗循迹】家具图纸中任选一件获得。	在仓库-道具界面使用该道具。	Assets/Product/Texture/Image/IconTools/ItArchaeological001.png	Assets/Product/Texture/Image/IconToolsSp/ItArchaeological001Sp.png	16	4	97001		99				99					1	100		[3,1279,1]		
95173	[凤舞龙蟠]图纸合集	使用后可获得全套【凤舞龙蟠】家具图纸。	在仓库-道具界面使用该道具。	Assets/Product/Texture/Image/IconTools/ItLionTheatre003.png	Assets/Product/Texture/Image/IconToolsSp/ItLionTheatre003Sp.png	16	5	97001		9				1					1	100		[1,1282]		
95174	[凤舞龙蟠]套装	使用后可获得全套【凤舞龙蟠】家具。	在仓库-道具界面使用该道具。	Assets/Product/Texture/Image/IconTools/ItLionTheatre002.png	Assets/Product/Texture/Image/IconToolsSp/ItLionTheatre002Sp.png	16	5	97001		9				1					1	100		[1,1284]		
95175	[凤舞龙蟠]自选图纸	使用后可在【凤舞龙蟠】家具图纸中任选一件获得。	在仓库-道具界面使用该道具。	Assets/Product/Texture/Image/IconTools/ItLionTheatre001.png	Assets/Product/Texture/Image/IconToolsSp/ItLionTheatre001Sp.png	16	4	97001		99				99					1	100		[3,1285,1]		
95176	[凝夏青萃]图纸合集	使用后可获得全套【凝夏青萃】家具图纸。	在仓库-道具界面使用该道具。	Assets/Product/Texture/Image/IconTools/ItApartment003.png	Assets/Product/Texture/Image/IconToolsSp/ItApartment003Sp.png	16	5	97001		9				1					1	100		[1,1289]		
95177	[凝夏青萃]套装	使用后可获得全套【凝夏青萃】家具。	在仓库-道具界面使用该道具。	Assets/Product/Texture/Image/IconTools/ItApartment002.png	Assets/Product/Texture/Image/IconToolsSp/ItApartment002Sp.png	16	5	97001		9				1					1	100		[1,1291]		
95178	[凝夏青萃]自选图纸	使用后可在【凝夏青萃】家具图纸中任选一件获得。	在仓库-道具界面使用该道具。	Assets/Product/Texture/Image/IconTools/ItApartment001.png	Assets/Product/Texture/Image/IconToolsSp/ItApartment001Sp.png	16	4	97001		99				99					1	100		[3,1292,1]		
95179	[泉鸣雀吟]图纸合集	使用后可获得全套【泉鸣雀吟】家具图纸。	在仓库-道具界面使用该道具。	Assets/Product/Texture/Image/IconTools/It209Peacock003.png	Assets/Product/Texture/Image/IconToolsSp/It209Peacock003Sp.png	16	5	97001		9				1					1	100		[1,1312]		
95180	[泉鸣雀吟]套装	使用后可获得全套【泉鸣雀吟】家具。	在仓库-道具界面使用该道具。	Assets/Product/Texture/Image/IconTools/It209Peacock002.png	Assets/Product/Texture/Image/IconToolsSp/It209Peacock002Sp.png	16	5	97001		9				1					1	100		[1,1315]		
95181	[泉鸣雀吟]自选图纸	使用后可在【泉鸣雀吟】家具图纸中任选一件获得。	在仓库-道具界面使用该道具。	Assets/Product/Texture/Image/IconTools/It209Peacock001.png	Assets/Product/Texture/Image/IconToolsSp/It209Peacock001Sp.png	16	4	97001		99				99					1	100		[3,1316,1]		
95182	[曼海娱梦]图纸合集	使用后可获得全套【曼海娱梦】家具图纸。	在仓库-道具界面使用该道具。	Assets/Product/Texture/Image/IconTools/It211BlueSea003.png	Assets/Product/Texture/Image/IconToolsSp/It211BlueSea003Sp.png	16	5	97001		9				1					1	100		[1,1328]		
95183	[曼海娱梦]套装	使用后可获得全套【曼海娱梦】家具。	在仓库-道具界面使用该道具。	Assets/Product/Texture/Image/IconTools/It211BlueSea002.png	Assets/Product/Texture/Image/IconToolsSp/It211BlueSea002Sp.png	16	5	97001		9				1					1	100		[1,1330]		
95184	[曼海娱梦]自选图纸	使用后可在【曼海娱梦】家具图纸中任选一件获得。	在仓库-道具界面使用该道具。	Assets/Product/Texture/Image/IconTools/It211BlueSea001.png	Assets/Product/Texture/Image/IconToolsSp/It211BlueSea001Sp.png	16	4	97001		99				99					1	100		[3,1331,1]		
95185	[牌语梦庭]图纸合集	使用后可获得全套【牌语梦庭】家具图纸。	在仓库-道具界面使用该道具。	Assets/Product/Texture/Image/IconTools/It215FurSuit003.png	Assets/Product/Texture/Image/IconToolsSp/It215FurSuit003Sp.png	16	5	97001		9				1					1	100		[1,1343]		
95186	[牌语梦庭]套装	使用后可获得全套【牌语梦庭】家具。	在仓库-道具界面使用该道具。	Assets/Product/Texture/Image/IconTools/It215FurSuit002.png	Assets/Product/Texture/Image/IconToolsSp/It215FurSuit002Sp.png	16	5	97001		9				1					1	100		[1,1345]		
95187	[牌语梦庭]自选图纸	使用后可在【牌语梦庭】家具图纸中任选一件获得。	在仓库-道具界面使用该道具。	Assets/Product/Texture/Image/IconTools/It215FurSuit001.png	Assets/Product/Texture/Image/IconToolsSp/It215FurSuit001Sp.png	16	4	97001		99				99					1	100		[3,1346,1]		
95188	[椰岛部落]图纸合集	使用后可获得全套【椰岛部落】家具图纸。	在仓库-道具界面使用该道具。	Assets/Product/Texture/Image/IconTools/It300FurSuit003.png	Assets/Product/Texture/Image/IconToolsSp/It300FurSuit003Sp.png	16	5	97001		9				1					1	100		[1,1359]		
95189	[椰岛部落]套装	使用后可获得全套【椰岛部落】家具。	在仓库-道具界面使用该道具。	Assets/Product/Texture/Image/IconTools/It300FurSuit002.png	Assets/Product/Texture/Image/IconToolsSp/It300FurSuit002Sp.png	16	5	97001		9				1					1	100		[1,1361]		
95190	[椰岛部落]自选图纸	使用后可在【椰岛部落】家具图纸中任选一件获得。	在仓库-道具界面使用该道具。	Assets/Product/Texture/Image/IconTools/It300FurSuit001.png	Assets/Product/Texture/Image/IconToolsSp/It300FurSuit001Sp.png	16	4	97001		99				99					1	100		[3,1362,1]		
95191	[昼间之花]图纸合集	使用后可获得全套【昼间之花】家具图纸。	在仓库-道具界面使用该道具。	Assets/Product/Texture/Image/IconTools/It302FurSuit003.png	Assets/Product/Texture/Image/IconToolsSp/It302FurSuit003Sp.png	16	5	97001		9				1					1	100		[1,1372]		
95192	[昼间之花]套装	使用后可获得全套【昼间之花】家具。	在仓库-道具界面使用该道具。	Assets/Product/Texture/Image/IconTools/It302FurSuit002.png	Assets/Product/Texture/Image/IconToolsSp/It302FurSuit002Sp.png	16	5	97001		9				1					1	100		[1,1374]		
95193	[昼间之花]自选图纸	使用后可在【昼间之花】家具图纸中任选一件获得。	在仓库-道具界面使用该道具。	Assets/Product/Texture/Image/IconTools/It302FurSuit001.png	Assets/Product/Texture/Image/IconToolsSp/It302FurSuit001Sp.png	16	4	97001		99				99					1	100		[3,1376,1]		
95194	[溯光蜕生]图纸合集	使用后可获得全套【溯光蜕生】家具图纸。	在仓库-道具界面使用该道具。	Assets/Product/Texture/Image/IconTools/It306FurSuit003.png	Assets/Product/Texture/Image/IconToolsSp/It306FurSuit003Sp.png	16	5	97001		9				1					1	100		[1,1388]		
95195	[溯光蜕生]套装	使用后可获得全套【溯光蜕生】家具。	在仓库-道具界面使用该道具。	Assets/Product/Texture/Image/IconTools/It306FurSuit002.png	Assets/Product/Texture/Image/IconToolsSp/It306FurSuit002Sp.png	16	5	97001		9				1					1	100		[1,1390]		
95196	[溯光蜕生]自选图纸	使用后可在【溯光蜕生】家具图纸中任选一件获得。	在仓库-道具界面使用该道具。	Assets/Product/Texture/Image/IconTools/It306FurSuit001.png	Assets/Product/Texture/Image/IconToolsSp/It306FurSuit001Sp.png	16	4	97001		99				99					1	100		[3,1392,1]		
95197	[春笙万物]图纸合集	使用后可获得全套【春笙万物】家具图纸。	在仓库-道具界面使用该道具。	Assets/Product/Texture/Image/IconTools/It402FurSuit003.png	Assets/Product/Texture/Image/IconToolsSp/It402FurSuit003Sp.png	16	5	97001		9				1					1	100		[1,1430]		
95198	[春笙万物]套装	使用后可获得全套【春笙万物】家具。	在仓库-道具界面使用该道具。	Assets/Product/Texture/Image/IconTools/It402FurSuit002.png	Assets/Product/Texture/Image/IconToolsSp/It402FurSuit002Sp.png	16	5	97001		9				1					1	100		[1,1432]		
95199	[春笙万物]自选图纸	使用后可在【春笙万物】家具图纸中任选一件获得。	在仓库-道具界面使用该道具。	Assets/Product/Texture/Image/IconTools/It402FurSuit001.png	Assets/Product/Texture/Image/IconToolsSp/It402FurSuit001Sp.png	16	4	97001		99				99					1	100		[3,1434,1]		
95200	[浮屿潮夏]图纸合集	使用后可获得全套【浮屿潮夏】家具图纸。	在仓库-道具界面使用该道具。	Assets/Product/Texture/Image/IconTools/It406FurSuit003.png	Assets/Product/Texture/Image/IconToolsSp/It406FurSuit003Sp.png	16	5	97001		9				1					1	100		[1,1480]		
95201	[浮屿潮夏]套装	使用后可获得全套【浮屿潮夏】家具。	在仓库-道具界面使用该道具。	Assets/Product/Texture/Image/IconTools/It406FurSuit002.png	Assets/Product/Texture/Image/IconToolsSp/It406FurSuit002Sp.png	16	5	97001		9				1					1	100		[1,1482]		
95202	[浮屿潮夏]自选图纸	使用后可在【浮屿潮夏】家具图纸中任选一件获得。	在仓库-道具界面使用该道具。	Assets/Product/Texture/Image/IconTools/It406FurSuit001.png	Assets/Product/Texture/Image/IconToolsSp/It406FurSuit001Sp.png	16	4	97001		99				99					1	100		[3,1484,1]		
96000	年禧红封	价值180000螺母的红封，和成员们一起分享吧。  分享螺母可解锁【新岁淘金】中对应成员	哼哼，这就是红包对吧，今年七实也有准备哦！——随身日记5066号，七实	Assets/Product/Texture/Image/IconTools/NewyearGift3.png	Assets/Product/Texture/Image/IconToolsSp/NewyearGift3Sp.png	16	5	96001		999				1	1	2023/10/30 5:00	1209600	810			true	[4,1]		
1050	年禧红封测试1	价值180000螺母的红封，和成员们一起分享吧。  分享螺母可解锁【新岁淘金】中对应成员	哼哼，这就是红包对吧，今年七实也有准备哦！——随身日记5066号，七实	Assets/Product/Texture/Image/IconTools/NewyearGift3.png	Assets/Product/Texture/Image/IconToolsSp/NewyearGift3Sp.png	16	5	96001		999				1	1	2023/10/30 5:00	1209600	810			true	[4,1]		
1051	年禧红封测试2	价值180000螺母的红封，和成员们一起分享吧。  分享螺母可解锁【新岁淘金】中对应成员	哼哼，这就是红包对吧，今年七实也有准备哦！——随身日记5066号，七实	Assets/Product/Texture/Image/IconTools/NewyearGift3.png	Assets/Product/Texture/Image/IconToolsSp/NewyearGift3Sp.png	16	5	96001		999				1	1	2023/10/30 5:00	1209600	810			true	[4,1]		
1052	年禧红封测试3	价值180000螺母的红封，和成员们一起分享吧。  分享螺母可解锁【新岁淘金】中对应成员	哼哼，这就是红包对吧，今年七实也有准备哦！——随身日记5066号，七实	Assets/Product/Texture/Image/IconTools/NewyearGift3.png	Assets/Product/Texture/Image/IconToolsSp/NewyearGift3Sp.png	16	5	96001		999				1	1	2023/10/30 5:00	1209600	810			true	[4,1]		
96001	法奥斯教官奖章	颁发给学员顺利毕业的指挥官，奖章的数量代表了从教官手中毕业的学员人数，可于收藏品墙中查看		Assets/Product/Texture/Image/UiCollection/Iconcollection031.png	Assets/Product/Texture/Image/UiCollection/Iconcollection031.png	262148	3	1		99999				99999										
96002	钽铁合矿	可以在商店兑换各种奖励，通过诺曼复兴战活动中获得。	合成钽-193共聚物是构造体改造技术的重要一环，钽铁合矿是黄金时代冶炼钽的主要矿物，因此针对这种矿石的开采逐渐成为了诺曼国际矿业公司的主要业务。	Assets/Product/Texture/Image/IconTools/IconStronghold003.png	Assets/Product/Texture/Image/IconTools/IconStronghold003.png	2097156	3	96002		999999999				999999999										
96003	自律矿工	自律矿工每天会挖掘出定量的矿石，通关诺曼复兴战的【驱逐作战】可以增加基础数量。	诺曼国际矿业公司内部研发的采矿机器人，结构简单，性能稳定，并且可以自行使用通用零件自我增殖复制。	Assets/Product/Texture/Image/IconTools/IconStronghold002.png	Assets/Product/Texture/Image/IconTools/IconStronghold002.png	2097156	5	96003		999999999				999999999										
96004	6星武器共鸣碎片	可用于在兑换商店中兑换6星武器共鸣材料	内含不同的数据词条，被严格加密，不同的数据词条相互接触后，词条相互之间开始编译组合，最后形成完整的技能词条来强化武器。	Assets/Product/Texture/Image/IconTools/ItWaferResonate04.png	Assets/Product/Texture/Image/IconToolsSp/ItWaferResonate04Sp.png	65540	5	29800	[70001,89005]	9999				999										
96005	电能	用于提升梯队的整体战斗力，可从诺曼复兴战供电站中获得。	电能从被发现开始，就作为最泛用的万能能源而存在，说是支撑起整个黄金时代人类文明的基石也不为过。在当时，以诺曼为首的冶矿业需求着大量的电能。	Assets/Product/Texture/Image/IconTools/IconStronghold004.png	Assets/Product/Texture/Image/IconTools/IconStronghold004.png	2097156	5	96005	[70002]	99999				99999										
96006	指导教官赠礼-意识	教官达到100任务活跃度后获得，可以赠送给完成指导任务的学员。赠礼每日可获得三份，每周清空。	法奥斯军事指挥学校的特殊配给品，已被指导教官精心包装成赠礼，以此鼓励在协作计划中认真精进的学员。	Assets/Product/Texture/Image/UiMentor/UiMentorGiftIcon.png	Assets/Product/Texture/Image/UiMentor/UiMentorGiftIconSp.png	2097156	5	96005	[81102]	99				99										
96101	玛格	使用玛格可在幕间交易购买物品	“啊！我往日的情人。告诉我是否还是从前的玛格！——《珠宝之歌》”	Assets/Product/Texture/Image/IconTools/IconTheatre02.png	Assets/Product/Texture/Image/IconToolsSp/IconTheatre02Sp.png	2097156	5	10		999999				999999										
96102	灵感	可于帷幕之后使用	“那富有创造性、无意识中兴起的神妙感应，宇宙万物我生我灭。”	Assets/Product/Texture/Image/IconTools/IconTheatre04.png	Assets/Product/Texture/Image/IconToolsSp/IconTheatre04Sp.png	2097156	5	10		999999				999999										
96103	华彩段	可于排演场使用	“辉煌的即兴演奏段落！”	Assets/Product/Texture/Image/IconTools/IconTheatre03.png	Assets/Product/Texture/Image/IconToolsSp/IconTheatre03Sp.png	2097156	5	10		999999				999999										
96104	纽姆乐谱	使用纽姆乐谱可在回响纪念厅兑换相应道具	“纽姆乐谱的发明是中世纪时期音乐史上除格列高利圣咏之外的另一重大进展。”	Assets/Product/Texture/Image/IconTools/IconTheatre08.png	Assets/Product/Texture/Image/IconToolsSp/IconTheatre08Sp.png	2097156	5	10		999999				999999										
96105	圣剑	宣叙妄响剧情道具	“不是圣剑选择勇者，而是勇者之剑便是圣剑。”	Assets/Product/Texture/Image/IconTools/IconTheatre09.png	Assets/Product/Texture/Image/IconToolsSp/IconTheatre09Sp.png	4194308	5	10		999999				999999					1	1				
96106	剧作家的笔记本	宣叙妄响剧情道具	纸张散发油墨与淡淡香气混杂的味道，页间夹带着零散的资料，是一本颇具分量并用心爱护着的笔记本。	Assets/Product/Texture/Image/IconTools/IconTheatre10.png	Assets/Product/Texture/Image/IconToolsSp/IconTheatre10Sp.png	4194308	5	10		999999				999999										
96107	公主的画像	宣叙妄响剧情道具	“战胜恶龙的勇者将迎——”	Assets/Product/Texture/Image/IconTools/IconTheatre11.png	Assets/Product/Texture/Image/IconToolsSp/IconTheatre11Sp.png	4194308	5	10		999999				999999					1	1				
96108	《祈祷》	宣叙妄响发放的藏品	故事总会终结，对这幅名为“祈祷”的画像之中那位少女的结局，你会有所遗憾，又抑或是就此闭幕？但只要内心的祈愿没有消散，那么故事的结局一定能由你来改写	Assets/Product/Texture/Image/IconTools/IconTheatre12.png	Assets/Product/Texture/Image/IconToolsSp/IconTheatre12Sp.png	262148	3	10		99999														
96109	银铃	宣叙妄响剧情道具	拥有神秘力量的银色铃铛，一开始你只是将它作为护身符，但只要轻轻摇动，其铃声便能迷惑一切有心智的敌人。	Assets/Product/Texture/Image/IconTools/IconTheatre13.png	Assets/Product/Texture/Image/IconToolsSp/IconTheatre13Sp.png	4194308	5	10		999999				999999					1	1				
96110	宝石	宣叙妄响剧情道具	被灰烬掩埋的宝石，不知道有何作用，价值几何。	Assets/Product/Texture/Image/IconTools/IconActivityConsume2001001.png	Assets/Product/Texture/Image/IconToolsSp/IconActivityConsume2001001Sp.png	4194308	5	10		999999				999999					1	1				
96111	魔笛	宣叙妄响剧情道具	充满魔力的笛子，在吹响魔笛的那一刻，魔笛能将相斥的生命相连，将相同的意识联通，一切尽在虚实之间。	Assets/Product/Texture/Image/IconTools/IconTheatre01.png	Assets/Product/Texture/Image/IconToolsSp/IconTheatre01Sp.png	4194308	5	10		999999				999999										
96112	答谢品	宣叙妄响剧情道具	为了感谢勇者的帮助，村民给予的答谢品。	Assets/Product/Texture/Image/IconTools/IconSpringFestival002.png	Assets/Product/Texture/Image/IconToolsSp/IconSpringFestival002Sp.png	4194308	5	10		999999				999999					1	1				
96113	塞壬之歌的曲谱	宣叙妄响剧情道具	记录着海员口中所描述少女旅行者所唱的塞壬之歌的曲谱	Assets/Product/Texture/Image/IconTools/IconDormCoffeeframe001.png	Assets/Product/Texture/Image/IconToolsSp/IconDormCoffeeframe001Sp.png	4194308	5	10		999999				999999					1	1				
96114	驻扎物资	众志行征中的物资，使用后可在战场中移动，或者是进攻特定地点	行征期间，每天<color=#4169E1>20点</color>时，<color=#4169E1>回复70个</color>驻扎物资，最多储存<color=#4169E1>210个</color>物资	Assets/Product/Texture/Image/IconTools/IconGuildWar01.png	Assets/Product/Texture/Image/IconToolsSp/IconGuildWar01Sp.png	2097156	5	10		999999				999999										
96115	行征战利品	众志行征Ⅰ结束后收获的战利品，可在商店中兑换商品	一期活动商店于<color=#4169E1>8月22日永久关闭</color>，请及时兑换	Assets/Product/Texture/Image/IconTools/IconGuildWar02.png	Assets/Product/Texture/Image/IconToolsSp/IconGuildWar02Sp.png	2097156	5	10		999999				999999										
96116	算力	极域协作活动道具	可提升机体对各项机制的处理能力，在极域协作-天赋中使用此道具	Assets/Product/Texture/Image/IconTools/IconMultiDim01.png	Assets/Product/Texture/Image/IconToolsSp/IconMultiDim01Sp.png	2097156	4	10		999999				999999										
96117	注厄结晶	可在冒险结算后获得，用于奖励等级，获取玩法奖励.(渡厄者之路满级时，溢出的注厄结晶不会保留）	由凝聚的灾厄化成的结晶，缥缈的祈愿将化作你精神的食粮。	Assets/Product/Texture/Image/IconTools/IconRougeItem07.png	Assets/Product/Texture/Image/IconToolsSp/IconRougeItem07Sp.png	2097156	5	10		999999				999999										
96118	解咒残章	可在冒险结算后获得，用于提升“失落外典”的奖励等级，永久提升旅途中角色的能力	已然失传的知识断片，远古的智慧将为你触及世界的深根。	Assets/Product/Texture/Image/IconTools/IconRougeItem08.png	Assets/Product/Texture/Image/IconToolsSp/IconRougeItem08Sp.png	2097156	5	10		999999				999999										
96119	锡制姜饼	只能在冒险内使用，每局冒险重置，可用于在“鲨鲨特快”中购买各类物品，或是在事件中交易…	参照了某位传说中恶魔的喜好，使用锡制成的姜饼人。神话时代之后，人们用它充当统一的货币。	Assets/Product/Texture/Image/IconTools/IconRougeItem01.png	Assets/Product/Texture/Image/IconToolsSp/IconRougeItem01Sp.png	2097156	5	10		999999				999999										
96120	仿生秘血	只能在冒险内使用，每局冒险重置，可用于在重开战斗/复活角色，或是在事件中交易…	教会收集了远古遗留下的知识制成的灵药。对于常见的大多数伤病都有显著效果。	Assets/Product/Texture/Image/IconTools/IconRougeItem02.png	Assets/Product/Texture/Image/IconToolsSp/IconRougeItem02Sp.png	2097156	5	10		999999				999999										
96121	行征战利品Ⅱ	众志行征Ⅱ战利品，可在商店中兑换第二期的专属商品	二期活动商店于<color=#4169E1>8月22日永久关闭</color>，请及时兑换	Assets/Product/Texture/Image/IconTools/IconGuildWar03.png	Assets/Product/Texture/Image/IconToolsSp/IconGuildWar03Sp.png	2097156	5	10		999999				999999	1	2022/7/8 5:00	3888360							
96122	绩点	用于评估课程完成的进度情况，解锁更高级的执照升阶考核	获得一定绩点后可以开启对应考核	Assets/Product/Texture/Image/UiCourse/UiCourseGPA.png	Assets/Product/Texture/Image/UiCourse/UiCourseGPA.png	2097156	5	10		999999				999999										
96123	星语盲盒	可在“夕语论星”活动中解锁专属剧情。	有着明显手工包装痕迹的礼物盲盒，要努力忍耐才能克制住晃一晃它的冲动。“与你心中的那个人一同揭秘这份惊喜浪漫不是更好吗？”	Assets/Product/Texture/Image/IconTools/IconPokerGuessing01.png	Assets/Product/Texture/Image/IconToolsSp/IconPokerGuessing01Sp.png	2097156	5	10		999999				999999	1	2022/8/4 5:00	950400							
96124	城市艺术徽章	可在调色板战争商店中兑换物品	由觉醒机械设计的徽章，为了能够授予人类而生产出来的金属实体版，用于表彰为康斯塔雷耶艺术事业做出杰出贡献的个体	Assets/Product/Texture/Image/IconTools/IconColorTableItem001.png	Assets/Product/Texture/Image/IconToolsSp/IconColorTableItem001Sp.png	2097156	5	10		999999				999999										
96125	5星主控单元	可以使用它在亚卡数界【补给】里换取道具	亚卡数界里分解5星主控芯片后获得的材料。	Assets/Product/Texture/Image/IconTools/IconDlcHunt007.png	Assets/Product/Texture/Image/IconToolsSp/IconDlcHunt007Sp.png	65	3	10		999999				999999										
96126	4星主控单元	可以使用它在亚卡数界【补给】里换取道具	亚卡数界里分解4星主控芯片后获得的材料。	Assets/Product/Texture/Image/IconTools/IconDlcHunt008.png	Assets/Product/Texture/Image/IconToolsSp/IconDlcHunt008Sp.png	65	3	10		999999				999999										
96127	主控碎片Ⅰ	主控碎片Ⅰ	主控碎片Ⅰ	Assets/Product/Texture/Image/IconTools/IconDlcHunt009.png	Assets/Product/Texture/Image/IconToolsSp/IconDlcHunt009Sp.png	65	3	10		999999				999999										
96128	5星从属单元	可以使用它在亚卡数界【补给】里换取道具	亚卡数界里分解5星从属芯片后获得的材料。	Assets/Product/Texture/Image/IconTools/IconDlcHunt010.png	Assets/Product/Texture/Image/IconToolsSp/IconDlcHunt010Sp.png	65	3	10		999999				999999										
96129	4星从属单元	可以使用它在亚卡数界【补给】里换取道具	亚卡数界里分解4星从属芯片后获得的材料。	Assets/Product/Texture/Image/IconTools/IconDlcHunt011.png	Assets/Product/Texture/Image/IconToolsSp/IconDlcHunt011Sp.png	65	3	10		999999				999999										
96130	从属碎片Ⅰ	从属碎片Ⅰ	从属碎片Ⅰ	Assets/Product/Texture/Image/IconTools/IconDlcHunt012.png	Assets/Product/Texture/Image/IconToolsSp/IconDlcHunt012Sp.png	65	3	10		999999				999999										
96140	接口	光辉同行	解锁新接口后，可以给光辉行进者安装更多的模块	Assets/Product/Texture/Image/UiBrilliantwalk/UiBrilliantwalkIcon42.png	Assets/Product/Texture/Image/UiBrilliantwalk/UiBrilliantwalkIcon42.png	262148	5	10		99999				99999										
96141	聚焦逻辑	光辉行进者改造	聚焦逻辑中提供强化伤害以及提升续航的被动技能，适合专注于单一武器的战斗风格	Assets/Product/Texture/Image/UiBrilliantwalk/UiBrilliantwalkIcon1.png	Assets/Product/Texture/Image/UiBrilliantwalk/UiBrilliantwalkIcon1.png	262148	5	10		99999				99999										
96142	并行逻辑	光辉行进者改造	并行逻辑允许同时携带两个武装模块阵列，适合复杂多变的战斗风格	Assets/Product/Texture/Image/UiBrilliantwalk/UiBrilliantwalkIcon2.png	Assets/Product/Texture/Image/UiBrilliantwalk/UiBrilliantwalkIcon2.png	262148	5	10		99999				99999										
96143	落地星陨	光辉行进者改造	每使用1次技能积蓄1层能量，积蓄满6层能量后可直接释放落地星陨，牵引大范围敌方单位造成共3500%物理伤害。闪避和普攻3/6段均可积蓄能量层数。	Assets/Product/Texture/Image/UiBrilliantwalk/UiBrilliantwalkIcon3.png	Assets/Product/Texture/Image/UiBrilliantwalk/UiBrilliantwalkIcon3.png	262148	5	10		99999				99999										
96144	巨拳弹幕	光辉行进者改造	点击必杀消耗100必杀能量，短暂蓄力后对身前目标进行多段高速连击，共造成3500%物理伤害。	Assets/Product/Texture/Image/UiBrilliantwalk/UiBrilliantwalkIcon4.png	Assets/Product/Texture/Image/UiBrilliantwalk/UiBrilliantwalkIcon4.png	262148	5	10		99999				99999										
96145	广域打击	光辉行进者改造	装备该模块后，能量武装模式的基础伤害提高50%，普攻速度降低25%，主动释放时，消耗30点必杀能量开启蓄能模式，再次点击必杀释放广域打击造成2000%的大范围物理伤害，蓄能模式持续5秒，蓄能期间每消耗一个信号球，伤害提升5%。	Assets/Product/Texture/Image/UiBrilliantwalk/UiBrilliantwalkIcon5.png	Assets/Product/Texture/Image/UiBrilliantwalk/UiBrilliantwalkIcon5.png	262148	5	10		99999				99999										
96146	斩星光刃	光辉行进者改造	装备该模块后，普攻获得的必杀能量额外增加4点，每增加5米光刃长度，造成伤害提升20%，主动释放时消耗100点能量，对正前方光刃长度范围内的敌人造成2700%的物理伤害。	Assets/Product/Texture/Image/UiBrilliantwalk/UiBrilliantwalkIcon6.png	Assets/Product/Texture/Image/UiBrilliantwalk/UiBrilliantwalkIcon6.png	262148	5	10		99999				99999										
96147	拳刃武装	光辉行进者改造	近战格斗为主的武装模块，拳刃武装模式下光辉行进者会使用3个具有冷却时间的技能	Assets/Product/Texture/Image/UiBrilliantwalk/UiBrilliantwalkIcon7.png	Assets/Product/Texture/Image/UiBrilliantwalk/UiBrilliantwalkIcon7.png	262148	5	10		99999				99999										
96148	能量武装	光辉行进者改造	使用炮击与光刃的武装模块，能量武装模式下光辉行进者会使用3个信号球模式的技能	Assets/Product/Texture/Image/UiBrilliantwalk/UiBrilliantwalkIcon8.png	Assets/Product/Texture/Image/UiBrilliantwalk/UiBrilliantwalkIcon8.png	262148	5	10		99999				99999										
96149	释能武装	光辉行进者改造	聚焦能量充满时，下一技能倍率提升100%，并清空聚焦能量。	Assets/Product/Texture/Image/UiBrilliantwalk/UiBrilliantwalkIcon10.png	Assets/Product/Texture/Image/UiBrilliantwalk/UiBrilliantwalkIcon10.png	262148	5	10		99999				99999										
96150	能源搜寻	光辉行进者改造	每30秒空中支援会扫描机体坐标，空投装甲整备箱，拾取后替换损毁部件回复25点模块稳定度，并临时治疗回复25%最大生命值。	Assets/Product/Texture/Image/UiBrilliantwalk/UiBrilliantwalkIcon9.png	Assets/Product/Texture/Image/UiBrilliantwalk/UiBrilliantwalkIcon9.png	262148	5	10		99999				99999										
96151	武装重组	光辉行进者改造	可以装备两个武装模块并随时进行武装切换，切换时将清空聚焦能量。当拳刃武装模式切换至能量武装模式时，每10点聚焦能量随机提供一个信号球，当能量武装模式切换至拳刃武装模式时，每20点聚焦能量减少所有技能1秒冷却。	Assets/Product/Texture/Image/UiBrilliantwalk/UiBrilliantwalkIcon11.png	Assets/Product/Texture/Image/UiBrilliantwalk/UiBrilliantwalkIcon11.png	262148	5	10		99999				99999										
96152	能源搜寻	光辉行进者改造	每30秒空中支援会扫描机体坐标，空投装甲整备箱，拾取后替换损毁部件回复25点模块稳定度，并临时治疗回复25%最大生命值。	Assets/Product/Texture/Image/UiBrilliantwalk/UiBrilliantwalkIcon9.png	Assets/Product/Texture/Image/UiBrilliantwalk/UiBrilliantwalkIcon9.png	262148	5	10		99999				99999										
96153	格挡	光辉行进者改造	技能冷却结束后点击红球，引导光束对目标造成700%物理伤害，并形成短暂格挡，技能冷却6秒。格挡成功时，打断敌方攻击，并击退目标。	Assets/Product/Texture/Image/UiBrilliantwalk/UiBrilliantwalkIcon13.png	Assets/Product/Texture/Image/UiBrilliantwalk/UiBrilliantwalkIcon13.png	262148	5	10		99999				99999										
96154	子弹拳	光辉行进者改造	技能冷却结束后点击蓝球，短暂蓄力后向目标突进，造成900%物理伤害，技能冷却8秒。	Assets/Product/Texture/Image/UiBrilliantwalk/UiBrilliantwalkIcon14.png	Assets/Product/Texture/Image/UiBrilliantwalk/UiBrilliantwalkIcon14.png	262148	5	10		99999				99999										
96155	扬升拳	光辉行进者改造	技能冷却结束时点击黄球，利用反重力能量起跳，同时使用拳刃将身前目标击飞至空中，造成1200%物理伤害，技能冷却10秒。	Assets/Product/Texture/Image/UiBrilliantwalk/UiBrilliantwalkIcon15.png	Assets/Product/Texture/Image/UiBrilliantwalk/UiBrilliantwalkIcon15.png	262148	5	10		99999				99999										
96156	光刃旋突	光辉行进者改造	使用光刃对敌人进行旋转突进攻击，根据消球数，造成共计390%/780%/1170%物理伤害。	Assets/Product/Texture/Image/UiBrilliantwalk/UiBrilliantwalkIcon16.png	Assets/Product/Texture/Image/UiBrilliantwalk/UiBrilliantwalkIcon16.png	262148	5	10		99999				99999										
96157	光刃疾走	光辉行进者改造	使用光刃对敌人进行斩击，根据消球数，造成共计680%/1360%/2040%的物理伤害。	Assets/Product/Texture/Image/UiBrilliantwalk/UiBrilliantwalkIcon17.png	Assets/Product/Texture/Image/UiBrilliantwalk/UiBrilliantwalkIcon17.png	262148	5	10		99999				99999										
96158	集束导弹	光辉行进者改造	胸甲打开发射12枚追踪导弹对敌人进行攻击，根据消球数，造成共计510%/1020%/1530%物理伤害。	Assets/Product/Texture/Image/UiBrilliantwalk/UiBrilliantwalkIcon18.png	Assets/Product/Texture/Image/UiBrilliantwalk/UiBrilliantwalkIcon18.png	262148	5	10		99999				99999										
96159	聚焦能级	光辉行进者改造	聚焦能量的充能上限提高100%，提供的伤害加成上限提高100%。每次连击都会积蓄气势获得1%的额外伤害加成，最高可累计至100%额外伤害加成。每次使用技能或普攻获得额外1点必杀能量。	Assets/Product/Texture/Image/UiBrilliantwalk/UiBrilliantwalkIcon19.png	Assets/Product/Texture/Image/UiBrilliantwalk/UiBrilliantwalkIcon19.png	262148	5	10		99999				99999										
96160	高效集聚	光辉行进者改造	聚焦能量充能速度提高50%。技能或普攻每次命中有30%概率减少1秒冷却或获得1个信号球。	Assets/Product/Texture/Image/UiBrilliantwalk/UiBrilliantwalkIcon20.png	Assets/Product/Texture/Image/UiBrilliantwalk/UiBrilliantwalkIcon20.png	262148	5	10		99999				99999										
96161	高热掠夺	光辉行进者改造	击杀敌人后随机掉落能量模块，可掠夺回复少量模块稳定度，但因拼凑部件的不相容性导致入场时每个模块有30%的几率损坏。	Assets/Product/Texture/Image/UiBrilliantwalk/UiBrilliantwalkIcon21.png	Assets/Product/Texture/Image/UiBrilliantwalk/UiBrilliantwalkIcon21.png	262148	5	10		99999				99999										
96162	更替引燃	光辉行进者改造	任一模块损坏时，可点击按钮更换备用机体，并将原机体直接引爆造成3000%范围物理伤害，冷却时间200秒。空投不再用于回复模块稳定度和生命值，改为提供备用机体部件，每拾取1个空投减少20秒冷却时间。	Assets/Product/Texture/Image/UiBrilliantwalk/UiBrilliantwalkIcon22.png	Assets/Product/Texture/Image/UiBrilliantwalk/UiBrilliantwalkIcon22.png	262148	5	10		99999				99999										
96163	武装引擎	光辉行进者改造	三消时附带持续1秒的无敌效果，释放技能时同时释放蓝球一消，并享有其连接电路的效果.	Assets/Product/Texture/Image/UiBrilliantwalk/UiBrilliantwalkIcon25.png	Assets/Product/Texture/Image/UiBrilliantwalk/UiBrilliantwalkIcon25.png	262148	5	10		99999				99999										
96164	悬空处决	光辉行进者改造	必杀能量和聚焦能量满值时，进入能量武装模式，将消耗全部必杀能量和聚焦能量，进入浮空状态，浮空期间可凌空发射子弹，每颗子弹造成250%的伤害，浮空状态结束后释放斩星光刃	Assets/Product/Texture/Image/UiBrilliantwalk/UiBrilliantwalkIcon26.png	Assets/Product/Texture/Image/UiBrilliantwalk/UiBrilliantwalkIcon26.png	262148	5	10		99999				99999										
96165	过热	光辉行进者改造	进入超载模式，该模式下，模块稳定度下降的更快，技能CD减少30%，回球效率增加50%，每损坏一个模块，机体伤害提高20%，当只有一个模块可用时，技能无CD且每秒产生8个信号球。	Assets/Product/Texture/Image/UiBrilliantwalk/UiBrilliantwalkIcon23.png	Assets/Product/Texture/Image/UiBrilliantwalk/UiBrilliantwalkIcon23.png	262148	5	10		99999				99999										
96166	星标唤起	光辉行进者改造	任一模块损坏时，可点击按钮更换备用机体，并将原机体直接引爆造成3000%范围物理伤害，冷却时间200秒。空投不再用于回复模块稳定度和生命值，改为提供备用机体部件，每拾取1个空投减少20秒冷却时间。	Assets/Product/Texture/Image/UiBrilliantwalk/UiBrilliantwalkIcon22.png	Assets/Product/Texture/Image/UiBrilliantwalk/UiBrilliantwalkIcon22.png	262148	5	10		99999				99999										
96167	爆裂反震	光辉行进者改造	格挡成功时，附加反弹伤害后并立即跃空下砸，以落点为中心造成500%小范围物理伤害。下一技能有30%概率处决敌方单位。（对BOSS无效）	Assets/Product/Texture/Image/UiBrilliantwalk/UiBrilliantwalkIcon27.png	Assets/Product/Texture/Image/UiBrilliantwalk/UiBrilliantwalkIcon27.png	262148	5	10		99999				99999										
96168	游刃有余	光辉行进者改造	格挡成功时，闪避值回满并在8秒内闪避不再消耗闪避值。下一技能伤害提升100%。	Assets/Product/Texture/Image/UiBrilliantwalk/UiBrilliantwalkIcon28.png	Assets/Product/Texture/Image/UiBrilliantwalk/UiBrilliantwalkIcon28.png	262148	5	10		99999				99999										
96169	湮灭之手	光辉行进者改造	格挡转换为响指波，湮灭以自身为中心的大范围内所有飞弹类攻击，并击退所有敌方单位。回复40点必杀能量，每个被湮灭的飞弹额外提供2点必杀能量，冷却时间增加6秒。	Assets/Product/Texture/Image/UiBrilliantwalk/UiBrilliantwalkIcon29.png	Assets/Product/Texture/Image/UiBrilliantwalk/UiBrilliantwalkIcon29.png	262148	5	10		99999				99999										
96170	贯通拳	光辉行进者改造	短暂蓄力后向目标突进，并用臂展光束炮对直线路径上敌人造成1200%物理伤害。使用技能后有30%概率刷新冷却。	Assets/Product/Texture/Image/UiBrilliantwalk/UiBrilliantwalkIcon30.png	Assets/Product/Texture/Image/UiBrilliantwalk/UiBrilliantwalkIcon30.png	262148	5	10		99999				99999										
96171	闪身架势	光辉行进者改造	闪避后点击蓝球，取消蓄力时间，并减少2秒技能冷却时间。	Assets/Product/Texture/Image/UiBrilliantwalk/UiBrilliantwalkIcon31.png	Assets/Product/Texture/Image/UiBrilliantwalk/UiBrilliantwalkIcon31.png	262148	5	10		99999				99999										
96172	吸力拳	光辉行进者改造	可长按蓝球蓄力3秒，将以自身为中心6米内敌方单位牵引至身前。冷却时间增加8秒，回复20点必杀能量。	Assets/Product/Texture/Image/UiBrilliantwalk/UiBrilliantwalkIcon32.png	Assets/Product/Texture/Image/UiBrilliantwalk/UiBrilliantwalkIcon32.png	262148	5	10		99999				99999										
96173	超力扬升	光辉行进者改造	被命中目标血量低于30%可将其击飞，直接将目标处决。（对BOSS无效）	Assets/Product/Texture/Image/UiBrilliantwalk/UiBrilliantwalkIcon33.png	Assets/Product/Texture/Image/UiBrilliantwalk/UiBrilliantwalkIcon33.png	262148	5	10		99999				99999										
96174	扬升降坠	光辉行进者改造	扬升拳命中后有30%概率触发下砸攻击，造成750%物理伤害。释放技能后每秒回复2点必杀能量，持续5秒。	Assets/Product/Texture/Image/UiBrilliantwalk/UiBrilliantwalkIcon34.png	Assets/Product/Texture/Image/UiBrilliantwalk/UiBrilliantwalkIcon34.png	262148	5	10		99999				99999										
96175	拳上加拳	光辉行进者改造	扬升拳命中后有30%概率触发空中连击，共造成750%物理伤害。冷却时间增加6秒，回复40点必杀能量。	Assets/Product/Texture/Image/UiBrilliantwalk/UiBrilliantwalkIcon35.png	Assets/Product/Texture/Image/UiBrilliantwalk/UiBrilliantwalkIcon35.png	262148	5	10		99999				99999										
96176	浮游护盾	光辉行进者改造	暂未开放	Assets/Product/Texture/Image/IconAffix/AffixIconMoai2.png	Assets/Product/Texture/Image/IconAffix/AffixIconMoai2.png	262148	5	10		99999				99999										
96177	快速充能	光辉行进者改造	5秒内连续释放红球三消，三消红球伤害增加50%且释放的更快，最多叠加三次。	Assets/Product/Texture/Image/UiBrilliantwalk/UiBrilliantwalkIcon36.png	Assets/Product/Texture/Image/UiBrilliantwalk/UiBrilliantwalkIcon36.png	262148	5	10		99999				99999										
96178	瞬时氦闪	光辉行进者改造	红球三消时在闪光时精准长按普攻，可触发氦闪爆炸，消耗全部红球增加额外伤害，每额外消耗一个红球伤害增加60%。	Assets/Product/Texture/Image/UiBrilliantwalk/UiBrilliantwalkIcon37.png	Assets/Product/Texture/Image/UiBrilliantwalk/UiBrilliantwalkIcon37.png	262148	5	10		99999				99999										
96179	浮游力场	光辉行进者改造	暂未开放	Assets/Product/Texture/Image/UiBabelTower/UiBabelTowerChallengeIcon13001.png	Assets/Product/Texture/Image/UiBabelTower/UiBabelTowerChallengeIcon13001.png	262148	5	10		99999				99999										
96180	能源回收	光辉行进者改造	消除黄球时，消耗所有黄球，每个黄球造成680%物理伤害，并提供持续3秒的20%额外伤害加成，每个黄球消耗时刷新持续时间。	Assets/Product/Texture/Image/UiBrilliantwalk/UiBrilliantwalkIcon38.png	Assets/Product/Texture/Image/UiBrilliantwalk/UiBrilliantwalkIcon38.png	262148	5	10		99999				99999										
96181	光刃延展	光辉行进者改造	每次三消黄球时，增加5米光刃长度，总上限15米。	Assets/Product/Texture/Image/UiBrilliantwalk/UiBrilliantwalkIcon39.png	Assets/Product/Texture/Image/UiBrilliantwalk/UiBrilliantwalkIcon39.png	262148	5	10		99999				99999										
96182	浮游补给	光辉行进者改造	暂未开放	Assets/Product/Texture/Image/IconAffix/AffixIconFushe2.png	Assets/Product/Texture/Image/IconAffix/AffixIconFushe2.png	262148	5	10		99999				99999										
96183	追踪弹	光辉行进者改造	消除蓝球时，消耗所有蓝球，每个蓝球造成510%物理伤害，并提供持续3秒可累加的导弹援助，每1.5秒对敌人释放追踪导弹。	Assets/Product/Texture/Image/UiBrilliantwalk/UiBrilliantwalkIcon40.png	Assets/Product/Texture/Image/UiBrilliantwalk/UiBrilliantwalkIcon40.png	262148	5	10		99999				99999										
96184	热能释放	光辉行进者改造	蓝球三消时，消耗全部聚焦能量，每100点聚焦能量增加10米光刃长度，总上限15米，并对敌方单位发射导弹。	Assets/Product/Texture/Image/UiBrilliantwalk/UiBrilliantwalkIcon41.png	Assets/Product/Texture/Image/UiBrilliantwalk/UiBrilliantwalkIcon41.png	262148	5	10		99999				99999										
96185	灵视占位	提前占位	提前占位	Assets/Product/Texture/Image/IconTools/IconRougeItem02.png	Assets/Product/Texture/Image/IconToolsSp/IconRougeItem02Sp.png	2097156	5	10		999999				999999										
96186	行征战利品Ⅲ	众志行征Ⅲ结束后收获的战利品，可在商店中兑换商品	三期活动商店于<color=#4169E1>2023年2月9日永久关闭</color>，请及时兑换	Assets/Product/Texture/Image/IconTools/IconGuildWar04.png	Assets/Product/Texture/Image/IconToolsSp/IconGuildWar04Sp.png	2097156	5	10		999999				999999	1	2022/12/29 10:00	3611100							
96187	调制解调器	真伪命途-潜质抉择中用于激活潜质的材料	可以将信号模式进行转换，看起来很有用，或许应该收多收集一些。	Assets/Product/Texture/Image/UiTheatre3/Theatre3SystemItem002.png	Assets/Product/Texture/Image/UiTheatre3/Theatre3SystemItem002.png	2097156	5	10		999999				999999										
96188	数据储存器	累计获得后可提升虚像逸闻的等级	最常见的储存数据的道具。	Assets/Product/Texture/Image/UiTheatre3/Theatre3SystemItem001.png	Assets/Product/Texture/Image/UiTheatre3/Theatre3SystemItem001.png	2097156	5	10		999999				999999										
96189	算力单元	用于局内商店兑换物品或关卡内复活	普通的芯片，可以当做比较通用的交换物使用，或许还能提高计算器的算力。	Assets/Product/Texture/Image/UiTheatre3/Theatre3SystemItem003.png	Assets/Product/Texture/Image/UiTheatre3/Theatre3SystemItem003.png	2097156	5	10		999999				999999										
96190	行征战利品Ⅳ	众志行征Ⅵ结束后收获的战利品，可在商店中兑换商品	四期活动商店于<color=#4169E1>2023年8月31日永久关闭</color>，请及时兑换	Assets/Product/Texture/Image/IconTools/IconGuildWar05.png	Assets/Product/Texture/Image/IconToolsSp/IconGuildWar05Sp.png	2097156	5	10		999999				999999	1	2023/7/20 10:00	3610800							
96191	节点数据	基本对局产生的数据，可在活动商店中兑换物品	货币将在活动结束后删除，请注意及时兑换	Assets/Product/Texture/Image/IconTools/IconConsumeMoney1.png	Assets/Product/Texture/Image/IconToolsSp/IconConsumeMoney1Sp.png	2097156	5	10		999999				999999	1	2023/8/24 18:00	2718000	61979			true			
96192	额外数据	拓展对局产生的数据，可在活动商店中兑换物品	货币将在活动结束后删除，请注意及时兑换	Assets/Product/Texture/Image/IconTools/IconConsumeMoney2.png	Assets/Product/Texture/Image/IconToolsSp/IconConsumeMoney2Sp.png	2097156	5	10		999999				999999	1	2023/8/24 18:00	2718000	61979			true			
96193	钱币	海沙奇旅完成后转换的钱币，可在活动商店中兑换物品	货币将在活动结束后删除，请注意及时兑换	Assets/Product/Texture/Image/IconTools/IconRogueSimTwo01.png	Assets/Product/Texture/Image/IconTools/IconRogueSimTwo01.png	2097156	5	10		999999				999999										
96194	节点数据Ⅱ	本期基本对局产生的数据，可在活动商店中兑换物品	货币将在活动结束后删除，请注意及时兑换	Assets/Product/Texture/Image/IconTools/IconConsumeMoney1.png	Assets/Product/Texture/Image/IconToolsSp/IconConsumeMoney1Sp.png	2097156	5	10		999999				999999	1	2023/11/24 18:00	9718000	61979			true			
96195	额外数据Ⅱ	本期拓展对局产生的数据，可在活动商店中兑换物品	货币将在活动结束后删除，请注意及时兑换	Assets/Product/Texture/Image/IconTools/IconConsumeMoney2.png	Assets/Product/Texture/Image/IconToolsSp/IconConsumeMoney2Sp.png	2097156	5	10		999999				999999	1	2023/11/24 18:00	9718000	61979			true			
96196	行征战利品Ⅴ	众志行征Ⅴ结束后收获的战利品，可在商店中兑换商品	五期活动商店于<color=#4169E1>2024年3月14日永久关闭</color>，请及时兑换	Assets/Product/Texture/Image/IconTools/IconGuildWar06.png	Assets/Product/Texture/Image/IconToolsSp/IconGuildWar06Sp.png	2097156	5	10		999999				999999	1	2024/2/1 10:00	3610800							
96197	节点数据Ⅱ	本期基本对局产生的数据，可在活动商店中兑换物品	货币将在活动结束后删除，请注意及时兑换	Assets/Product/Texture/Image/IconTools/IconConsumeMoney1.png	Assets/Product/Texture/Image/IconToolsSp/IconConsumeMoney1Sp.png	2097156	5	10		999999				999999	1	2024/1/1 18:00	9718000	61979			true			
96198	补给券	联界枢行关卡中获得，可在补给枢纽中兑换物品	货币将在活动结束后删除，请注意及时兑换	Assets/Product/Texture/Image/IconTools/IconCraft001.png	Assets/Product/Texture/Image/IconTools/IconCraft001.png	2097156	5	10		999999				999999	1	2024/3/14 10:00	1537200	61979			true			
96199	零号触媒	能够和大部分物质进行中和，形成催化效应的宝贵化剂。是进行效应实验必不可少的材料。	货币将在活动结束后清除，请注意及时兑换	Assets/Product/Texture/Image/UiMechanism/IconMechanism.png	Assets/Product/Texture/Image/UiMechanism/IconMechanismSp.png	2097156	5	10		999999				999999	1	2024/5/15 10:00	2142000	61979			true			
96200	补给券	跋涉印迹中用于激活支援的材料	边境公社的补给券，集齐一定数量之后可以换取额外支援	Assets/Product/Texture/Image/IconTools/UiTheatre4Item41.png	Assets/Product/Texture/Image/IconTools/UiTheatre4Item41.png	2097156	5	10		999999				999999										
96201	考核点数	累计获得后可提升考核等级	通过艰难考验的证明，集齐足够的考核点数之后可以提升考核等级并获得相应奖励	Assets/Product/Texture/Image/IconTools/UiTheatre4Item40.png	Assets/Product/Texture/Image/IconTools/UiTheatre4Item40.png	2097156	5	10		9999999				9999999										
96202	行征战利品Ⅵ	众志行征Ⅵ结束后收获的战利品，可在商店中兑换商品	六期活动商店于<color=#4169E1>2024年8月19日永久关闭</color>，请及时兑换	Assets/Product/Texture/Image/IconTools/IconGuildWar07.png	Assets/Product/Texture/Image/IconToolsSp/IconGuildWar07Sp.png	2097156	5	10		999999				999999	1	2024/7/11 10:00	3610800							
96203	灯油	永封裂隙玩法中获得的战利品，每次通关一层冰场均可获得，可在【天赋】功能中进行角色强化。	雪境中珍贵的补给品，注入油灯中使用。	Assets/Product/Texture/Image/IconTools/UiScoreTowerIcon01.png	Assets/Product/Texture/Image/IconToolsSp/UiScoreTowerIconSp01.png	2097156	5	10		999999				999999										
96204	行征战利品Ⅶ	众志行征Ⅶ结束后收获的战利品，可在商店中兑换商品	七期活动商店于<color=#4169E1>2025年3月6日永久关闭</color>，请及时兑换	Assets/Product/Texture/Image/IconTools/IconGuildWar08.png	Assets/Product/Texture/Image/IconToolsSp/IconGuildWar08Sp.png	2097156	5	10		999999				999999	1	2025/1/23 7:00	3621600							
96205	行征战利品Ⅷ	众志行征Ⅷ结束后收获的战利品，可在商店中兑换商品	八期活动商店于<color=#4169E1>2025年8月21日永久关闭</color>，请及时兑换	Assets/Product/Texture/Image/IconTools/IconGuildWar09.png	Assets/Product/Texture/Image/IconToolsSp/IconGuildWar09Sp.png	2097156	5	10		999999				999999	1	2025/7/3 7:00	4226400							
96206	行征战利品Ⅸ	众志行征Ⅸ结束后收获的战利品，可在商店中兑换商品	九期活动商店于<color=#4169E1>2026年3月17日永久关闭</color>，请及时兑换	Assets/Product/Texture/Image/IconTools/IconGuildWar10.png	Assets/Product/Texture/Image/IconToolsSp/IconGuildWar10Sp.png	2097156	5	10		999999				999999	1	2026/2/3 5:00	3628800							
96207	行征战利品X	众志行征X结束后收获的战利品，可在商店中兑换商品	十期活动商店于<color=#4169E1>2026年7月17日永久关闭</color>，请及时兑换	Assets/Product/Texture/Image/IconTools/IconGuildWar10.png	Assets/Product/Texture/Image/IconToolsSp/IconGuildWar10Sp.png	2097156	5	10		999999				999999	1	2026/6/2 5:00	3888000							
97000	主控芯片黑盒	开启可获得任一主控芯片	可通过支援点在联机商店兑换获得	Assets/Product/Texture/Image/IconTools/ItCaseBreach002.png	Assets/Product/Texture/Image/IconToolsSp/ItCaseBreach002Sp.png	65	5	1		999				999										
97001	从属芯片黑盒	开启可获得任一从属芯片	可通过支援点在联机商店兑换获得	Assets/Product/Texture/Image/IconTools/ItCaseBreach001.png	Assets/Product/Texture/Image/IconToolsSp/ItCaseBreach001Sp.png	65	4	1		999				999										
97002	云端单元	可以使用它在亚卡数界【补给】里换取道具	使用【云端支援】提供的芯片通关后可以获得的特殊单元，如果支援者为好友将获得额外的云端单元，每周最多可通过使用和提供支援芯片各获得10000云端单元。支援者获得的云端单元可在第二天进入玩法界面领取。	Assets/Product/Texture/Image/IconTools/IconDlcHunt019.png	Assets/Product/Texture/Image/IconToolsSp/IconDlcHunt019Sp.png	65	4	10		999999				999999										
97003	5星主控芯片掉落	可能掉落5星主控芯片一件。		Assets/Product/Texture/Image/IconTools/IconDlcHunt001.png	Assets/Product/Texture/Image/IconToolsSp/IconDlcHunt001Sp.png	65	5	1		999				999										
97004	4星主控芯片掉落	可能掉落4星主控芯片一件。		Assets/Product/Texture/Image/IconTools/IconDlcHunt002.png	Assets/Product/Texture/Image/IconToolsSp/IconDlcHunt002Sp.png	65	4	1		999				999										
97005	5星从属芯片掉落	可能掉落5星从属芯片一件。		Assets/Product/Texture/Image/IconTools/IconDlcHunt004.png	Assets/Product/Texture/Image/IconToolsSp/IconDlcHunt004Sp.png	65	5	1		999				999										
97006	4星从属芯片掉落	可能掉落4星从属芯片一件。		Assets/Product/Texture/Image/IconTools/IconDlcHunt005.png	Assets/Product/Texture/Image/IconToolsSp/IconDlcHunt005Sp.png	65	4	1		999				999										
97007	特制“蜜饼”	余尘三重奏-浪行记事代币	本地大麦制成的甜食，含有馅料。硬化风干后便于保存，偶尔也可当做非杀伤性投掷武器——请勿在犬科动物面前投掷。	Assets/Product/Texture/Image/IconTools/IconCerberusGame02.png	Assets/Product/Texture/Image/IconToolsSp/IconCerberusGame02Sp.png	2097156	5	10		999999				999999										
97008	电影胶卷·三头犬	余尘三重奏-悍野狂沙代币	由诺克提拍摄，21号剪辑，薇拉编导的8mm电影蒙太奇片段，绝对抢手。	Assets/Product/Texture/Image/IconTools/IconCerberusGame01.png	Assets/Product/Texture/Image/IconToolsSp/IconCerberusGame01Sp.png	2097156	5	10		999999				999999										
97009	纽扣电池	完成能源回收作战活动任务获得，用于获取活动奖励	残留着一些电力的纽扣电池，用来启动探测机。可通过活动任务获得足量的代币，部分礼包会额外赠送	Assets/Product/Texture/Image/IconTools/IconSlotmachineIcon.png	Assets/Product/Texture/Image/IconToolsSp/IconSlotmachineIconSp.png	2097156	4	10	[89022,89021]	999999				999999										1
97010	赛利卡特供奖券	完成夏日幸运星活动任务获得，用于获取活动奖励	由赛利卡认可的特供奖券，用来启动夏日幸运星。可通过活动任务获得足量的奖券。	Assets/Product/Texture/Image/IconTools/IconTurntableTicket.png	Assets/Product/Texture/Image/IconToolsSp/IconTurntableTicketSp.png	2097156	4	10		999999				999999	1	2023/7/20 10:00	2142000	61906	1	1000	true			1
97011	长夜瞭望礼盒	全境特遣·沙盘拟算中收获的战利品	获取后可在仓库-道具界面可打开该礼盒。	Assets/Product/Texture/Image/IconTools/Clo12610039011Pack01.png	Assets/Product/Texture/Image/IconToolsSp/Clo12610039011PackSp01.png	16	6	10		1				1								[1,61307]		
97012	兰夜纪念币	可在“游辰牵星”活动中解锁专属剧情。	小孩子商业联盟在活动中派发的纪念币，邀请一位伴侣去体验最新的商业街吧！	Assets/Product/Texture/Image/IconTools/IconPokerGuessing02.png	Assets/Product/Texture/Image/IconToolsSp/IconPokerGuessing02Sp.png	2097156	5	10		999999				999999	1	2023/8/22 5:00	1123200							
97013	思维模因	可在“映像潜渊-深点迭代”活动的商店中兑换奖励	信息将思维作为传播的媒介。当单位粒子聚合为复数存在，特殊的性质将由此涌现。	Assets/Product/Texture/Image/IconTools/IconRift009.png	Assets/Product/Texture/Image/IconToolsSp/IconRift009Sp.png	2097156	4	10		999999				999999										
97014	时序·迭代	通过“映像潜渊-深点迭代”获得获得，会记录指挥官在活动的各个时序中达到的最高km数的总和	发现于映像的最深点，为了逼近现实，不断进行迭代的数据单元。	Assets/Product/Texture/Image/UiCollection/Iconcollection145.png	Assets/Product/Texture/Image/UiCollection/Iconcollection145.png	262148	2	10		99999														
97015	时序·迭代	通过“映像潜渊-深点迭代”获得获得，会记录指挥官在活动的各个时序中达到的最高km数的总和	发现于映像的最深点，为了逼近现实，不断进行迭代的数据单元。（收藏品品质提升为蓝色）	Assets/Product/Texture/Image/UiCollection/Iconcollection145.png	Assets/Product/Texture/Image/UiCollection/Iconcollection145.png	262148	3	10		99999														
97016	时序·迭代	通过“映像潜渊-深点迭代”获得获得，会记录指挥官在活动的各个时序中达到的最高km数的总和	发现于映像的最深点，为了逼近现实，不断进行迭代的数据单元。（收藏品品质提升为紫色）	Assets/Product/Texture/Image/UiCollection/Iconcollection145.png	Assets/Product/Texture/Image/UiCollection/Iconcollection145.png	262148	4	10		99999														
97017	时序·迭代	通过“映像潜渊-深点迭代”获得获得，会记录指挥官在活动的各个时序中达到的最高km数的总和	发现于映像的最深点，为了逼近现实，不断进行迭代的数据单元。（收藏品品质提升为橙色）	Assets/Product/Texture/Image/UiCollection/Iconcollection145.png	Assets/Product/Texture/Image/UiCollection/Iconcollection145.png	262148	5	10		99999														
97018	S级泛用机体自选礼包	使用后可在19个S级泛用机体中，任选获得其中1个。	可选S级泛用机体：仰光、乱数、烬燃、暗能、脉冲、深红之渊、真理、鸦羽、凛冽、银冕、荣光、绯耀、极昼、幻奏、遥星之座、辉晓、深痕、超刻、万华。   <color=#CA1F31> 礼包将于2024年4月18日 5:00过期</color>	Assets/Product/Texture/Image/IconTools/ItZixuanS010.png	Assets/Product/Texture/Image/IconToolsSp/ItZixuanS010Sp.png	16	6	99999		9				1	1	2024/2/1 10:00	6634800					[3,1320,1]		
97019	6星武器自选箱	使用后可在54把6星武器中，任选获得其中1个。	可选6星武器范围截止至铭钥阙影（曲·启明适用）	Assets/Product/Texture/Image/IconTools/IconNewbieZixuan08.png	Assets/Product/Texture/Image/IconToolsSp/IconNewbieZixuan08Sp.png	16	6	99998		9				1								[3,1322,1]		
97020	“为奶酪而战”	可以在【卧猫藏鼠】玩法商店内兑换奖励。	为比赛特意设计的纪念品。是猫用来猎捕鼠的诱饵，还是鼠将计就计进行反击的筹码？嗯……总之无论是哪一种，都是大家会喜欢的美味食物。	Assets/Product/Texture/Image/IconTools/UiDlcMultiplayerCoins.png	Assets/Product/Texture/Image/IconToolsSp/UiDlcMultiplayerCoinsSp.png	2097156	4	10		99999				99999	1	2024/4/25 10:00	2055600							
97021	行动录盘	可通过完成“全境特遣·协阵绎演”活动中的特派任务和援护任务获取，用于提升个人特遣记录等级	法奥斯学员个人的战斗数据，用于提升该学员的记录等级，等级提升后，可提升【全境特遣-协阵绎演】内个人在战斗中的战斗能力。	Assets/Product/Texture/Image/IconTools/IconAreaWar06.png	Assets/Product/Texture/Image/IconToolsSp/IconAreaWar06Sp.png	2097156	5	10		999999				999999										
97022	拟战录盘	可通过完成“全境特遣·协阵绎演”活动中的特派任务和援护任务获取，用于提升全服全境记录等级	记录了模拟战斗的数据，可用于提升全境记录等级，等级提升后，可在【全境特遣-协阵绎演】内增加作战时全队基础属性。	Assets/Product/Texture/Image/IconTools/IconAreaWar03.png	Assets/Product/Texture/Image/IconToolsSp/IconAreaWar03Sp.png	2097156	5	10		999999				999999										
97023	调度申请	可通过完成全境特遣活动中的援护任务获取，可消耗调度申请快速挑战特派任务	通过增援行动获得的调度申请券，可以调度援助快速完成特派任务。	Assets/Product/Texture/Image/IconTools/IconAreaWar05.png	Assets/Product/Texture/Image/IconToolsSp/IconAreaWar05Sp.png	2097156	5	10		999999				999999										
97024	万事·明晰梦	攻破后，可获得万事·明晰梦试用角色，可用于全境特遣中作战和派遣，并且该角色将获得作战增幅		Assets/Product/Texture/Image/RolePlayer/RoleHeadR3Wanshi1.png	Assets/Product/Texture/Image/RolePlayer/RoleHeadR3Wanshi1.png	2097156	6	10		999999				999999										
97025	曲·启明	攻破后，可获得曲·启明试用角色，可用于全境特遣中作战和派遣，并且该角色将获得作战增幅		Assets/Product/Texture/Image/RolePlayer/RoleHeadR3Qu1.png	Assets/Product/Texture/Image/RolePlayer/RoleHeadR3Qu1.png	2097156	6	10		999999				999999										
97026	渡边·尘铭	攻破后，可获得渡边·尘铭试用角色，可用于全境特遣中作战和派遣，并且该角色将获得作战增幅		Assets/Product/Texture/Image/RolePlayer/RoleHeadR4Dubian1.png	Assets/Product/Texture/Image/RolePlayer/RoleHeadR4Dubian1.png	2097156	6	10		999999				999999										
97027	含英·檀心	攻破后，可获得含英·檀心试用角色，可用于全境特遣中作战和派遣，并且该角色将获得作战增幅		Assets/Product/Texture/Image/RolePlayer/RoleHeadR3Hanying1.png	Assets/Product/Texture/Image/RolePlayer/RoleHeadR3Hanying1.png	2097156	6	10		999999				999999										
97028	拉弥亚·深谣	攻破后，可获得拉弥亚·深谣试用角色，可用于全境特遣中作战和派遣，并且该角色将获得作战增幅		Assets/Product/Texture/Image/RolePlayer/RoleHeadR3Lamiya1.png	Assets/Product/Texture/Image/RolePlayer/RoleHeadR3Lamiya1.png	2097156	6	10		999999				999999										
97029	6星武器自选箱	在可选范围6星武器中，任选获得其中1个。	可选6星武器范围截止至鹏游蝶梦（含英·檀心适用）	Assets/Product/Texture/Image/IconTools/IconNewbieZixuan09.png	Assets/Product/Texture/Image/IconToolsSp/IconNewbieZixuan09Sp.png	16	6	99998		9				1								[3,1323,1]		
97030	浴场乐游券	完成随浪悠游活动任务获得，用于获取活动奖励	夏日浴场的入场票据，用以启动随浪悠游。可通过活动任务获取足量的乐游券。	Assets/Product/Texture/Image/IconTools/IconTurntableTicket00.png	Assets/Product/Texture/Image/IconToolsSp/IconTurntableTicket00Sp.png	2097156	4	10		999999				999999	1	2024/7/11 10:00	2505540	61906	1	1000	true			1
97031	潮汐贝片	完成夕夏漪澜活动任务获得，用于获取活动奖励	手工艺人将海底遗落在沙滩上的问候封存在了这枚银币之中，每次将它投进盲盒机之中的时候，似乎都能听到海潮的回音。可通过活动任务获得足量的代币，部分礼包会额外赠送	Assets/Product/Texture/Image/IconTools/IconSlotmachineIcon.png	Assets/Product/Texture/Image/IconToolsSp/IconSlotmachineIconSp.png	2097156	4	10		999999				999999	1	2024/7/11 10:00	3628800	59973			true			
97032	鹊梁偕守	可在“鹊巧祈星”活动中解锁专属剧情。	天上良宵，人间佳节，与你偕守此刻，胜却繁华无数。	Assets/Product/Texture/Image/IconTools/IconPokerGuessing03.png	Assets/Product/Texture/Image/IconToolsSp/IconPokerGuessing03Sp.png	2097156	5	10		999999				999999	1	2024/8/8 10:00	1191600							
97033	汽水瓶盖	可通过游玩学园放课后活动关卡获得	在学园学生间流通的特制汽水瓶盖，用于兑换物品。	Assets/Product/Texture/Image/IconTools/UiBagorganizeMoney.png	Assets/Product/Texture/Image/IconToolsSp/UiBagorganizeMoneySp.png	1048580	4	10		99999				99999	1	2024/8/29 10:00	2142000							
97034	御园纪念币	完成花见游园活动任务获得，用于获取活动奖励	艺术协会为纪念本届黄金文化时代庆典，以御园学院为主题制作的特色纪念币，可在庆典场地内流通使用。	Assets/Product/Texture/Image/IconTools/UiTemple2icon01.png	Assets/Product/Texture/Image/IconToolsSp/UiTemple2icon01Sp.png	1048580	4	10		99999				99999	1	2024/9/5 10:00	1796400							
97035	梦绒	完成“绵绵眠梦”关卡获得，可在活动商店兑换奖励	美梦的质料，美满的毛绒！	Assets/Product/Texture/Image/IconTools/Icon2048Game001.png	Assets/Product/Texture/Image/IconToolsSp/Icon2048Game001Sp.png	1048580	4	10		99999				99999	1	2025/11/13 5:00	2142000	59973	1	100	true			
97036	6星武器自选箱	在可选范围6星武器中，任选获得其中1个。	可选6星武器范围截止至擎殛明王（八咫·徊闪适用）	Assets/Product/Texture/Image/IconTools/IconNewbieZixuan09.png	Assets/Product/Texture/Image/IconToolsSp/IconNewbieZixuan09Sp.png	16	6	99998		9				1								[3,1356,1]		
97037	凝微衍光涂装自选	在仓库-道具界面使用该道具。	使用后可以从启明·灰翎飞翩、尘铭·怀沙朔流、深谣·海渊殊色、回音·长夜瞭望、森息·迷途梦魇、深痕·逐魇幽芒、幻奏·落华鸢歌、辉晓·孤夜黯棘、万华·滨海涟漪、万华·闪耀晨星中任选一个。	Assets/Product/Texture/Image/IconTools/IconFashionZixuan01.png	Assets/Product/Texture/Image/IconToolsSp/IconFashionZixuan01Sp.png	16	6	100008		9999				999								[3,1357,1]		
97038	弹匣	可通过游玩异构阵线活动关卡或战备每日领取获得	装填好每一发子弹，下一个关键或许正由它创造。	Assets/Product/Texture/Image/IconTools/IconMaverick3Activity01.png	Assets/Product/Texture/Image/IconToolsSp/IconMaverick3Activity01Sp.png	1048580	4	10		999999				999999	1	2024/12/19 7:00	2757600							
97039	锈痕遗壳	可通过游玩异构阵线活动关卡获得，可在活动商店·战阵补援中兑换奖励	历经岁月的弹壳，虽覆满锈迹，但表面特殊的刻痕依旧清晰可见。	Assets/Product/Texture/Image/IconTools/IconMaverick3Activity02.png	Assets/Product/Texture/Image/IconToolsSp/IconMaverick3Activity02Sp.png	1048580	4	10		999999				999999	1	2024/12/19 7:00	2757600							
97040	巴别塔·湮维残厄	巴别塔计划·湮维残厄中获得的纪念章，用以嘉奖在湮维残厄战略行动中达成深度战略模拟的指挥官们。	用以嘉奖在湮维残厄攻略行动中成功达成深度战略模拟的指挥官们。（纪念章品质提升为蓝色）	Assets/Product/Texture/Image/UiCollection/Iconcollection186.png	Assets/Product/Texture/Image/UiCollection/Iconcollection186.png	262148	3	10		99999														
97041	巴别塔·湮维残厄	巴别塔计划·湮维残厄中获得的纪念章，用以嘉奖在湮维残厄战略行动中达成深度战略模拟的指挥官们。	用以嘉奖在湮维残厄攻略行动中成功达成深度战略模拟的指挥官们。（纪念章品质提升为紫色）	Assets/Product/Texture/Image/UiCollection/Iconcollection186.png	Assets/Product/Texture/Image/UiCollection/Iconcollection186.png	262148	4	10		99999														
97042	巴别塔·湮维残厄	巴别塔计划·湮维残厄中获得的纪念章，用以嘉奖在湮维残厄战略行动中达成深度战略模拟的指挥官们。	用以嘉奖在湮维残厄攻略行动中成功达成深度战略模拟的指挥官们。（纪念章品质提升为橙色）	Assets/Product/Texture/Image/UiCollection/Iconcollection186.png	Assets/Product/Texture/Image/UiCollection/Iconcollection186.png	262148	5	10		99999														
97043	S级泛用机体自选礼包	使用后可在30个S级泛用机体中，任选获得其中1个。	可选S级泛用机体范围截止至七实·芒星之迹	Assets/Product/Texture/Image/IconTools/ItZixuanS012.png	Assets/Product/Texture/Image/IconToolsSp/ItZixuanS012Sp.png	16	6	99999		9				1								[3,1364,1]		
97044	索康SSV-1-试行者	可在瞬时恋语中解锁专属剧情。	索康公司Stunning sky view系列第一台相机，SSV-I。	Assets/Product/Texture/Image/IconTools/IconPokerGuessingIconPokerGuessing05.png	Assets/Product/Texture/Image/IconToolsSp/IconPokerGuessingIconPokerGuessing05Sp.png	2097156	5	10		999999				999999	1	2026/2/14 10:00	1364400							
97045	声望	完成【卧猫藏鼠】任务后获得，累计可以提升声望等级	提升声望等级，为你支持的阵营提供更多助力！	Assets/Product/Texture/Image/IconTools/UiDlcMultiplayerCoins02.png	Assets/Product/Texture/Image/IconTools/UiDlcMultiplayerCoins02.png	2097156	5	10		999999				999999										
97046	经验材料包	在仓库-道具界面使用该道具。	使用后立即获得：武器强化素材Ⅳ*5，意识强化素材Ⅳ*10，经验仓·特大*5	Assets/Product/Texture/Image/IconTools/VersionGiftBox1.png	Assets/Product/Texture/Image/IconToolsSp/VersionGiftBox1Sp.png	16	5	100000		99999				999					1	10		[1,65084,1]		
97047	超频共振材料包	打开可获得480个超频晶币·高，80个超频晶币·极	含有可完成一次超频共振的超频材料	Assets/Product/Texture/Image/IconTools/VersionGiftBox2.png	Assets/Product/Texture/Image/IconToolsSp/VersionGiftBox2Sp.png	16	5	93001		999				999								[1,65085]		
97048	6星武器自选箱	使用后可在63把6星武器中，任选获得其中1个。	可选6星武器范围截止至伊始与终焉之权（伊什梅尔·幻日适用）	Assets/Product/Texture/Image/IconTools/IconNewbieZixuan10.png	Assets/Product/Texture/Image/IconToolsSp/IconNewbieZixuan10Sp.png	16	6	99998		9				1								[3,1377,1]		
97049	S级泛用机体自选礼包	使用后可在25个S级泛用机体中，任选获得其中1个。	可选S级泛用机体：仰光、乱数、烬燃、暗能、脉冲、深红之渊、真理、鸦羽、凛冽、银冕、荣光、绯耀、极昼、幻奏、遥星之座、辉晓、深痕、超刻、万华、深红囚影、森息、回音、深谣、尘铭、启明。   <color=#CA1F31> 礼包将于2025年4月10日 5:00过期</color>	Assets/Product/Texture/Image/IconTools/ItZixuanS013.png	Assets/Product/Texture/Image/IconToolsSp/ItZixuanS013Sp.png	16	6	99999		9				1	1	2025/1/23 7:00	6645600					[3,1369,1]		
97050	五星武器碎片礼盒	打开可获得30个五星武器碎片		Assets/Product/Texture/Image/IconTools/IconConsumeShopWeapon02Box.png	Assets/Product/Texture/Image/IconToolsSp/IconConsumeShopWeapon02BoxSp.png	16	5	99999		999999				999999								[1,65479]		
97052	但丁	使用后可获得S级成员：但丁	参与联动剧情【幻寂鸣泣曲】获取	Assets/Product/Texture/Image/IconTools/RoleHeadR2Danding2.png	Assets/Product/Texture/Image/IconToolsSp/RoleHeadR2Danding2Sp.png	16	6	1000000		1				1								[5,66419]		
97053	皇后棋子	本期对局中产生的棋子，可在活动商店中兑换物品	货币将在活动结束后删除，请注意及时兑换	Assets/Product/Texture/Image/IconTools/UiBlackRockChessItemIcon02.png	Assets/Product/Texture/Image/IconToolsSp/UiBlackRockChessItemIcon02Sp.png	2097156	5	10		999999				999999	1	2025/4/10 7:00	2757600							
97054	玛门铂金币	可以在“神寂启示录”的常驻商店中兑换奖励的常驻代币。	传说，受到「黄金之王」玛门青睐的人，会自然而然地收到这些价值不菲的铂金币，有时会藏在信封中，有时会出现在靴底。它们闪耀着光泽，就像一只只闪烁的眼睛，时刻提醒着旅人：「黄金之王」正在注视着你。	Assets/Product/Texture/Image/IconTools/UiTheatre5Icon03.png	Assets/Product/Texture/Image/IconToolsSp/UiTheatre5Icon03Sp.png	2097156	5	10		999999				999999										
97055	素白晶棱	可以在“神寂启示录”的限时商店中兑换奖励的限时代币。	在苍绿色原野上迎风招展的白蕾，因为感受到了春日的气息，而缓缓地苏醒了。	Assets/Product/Texture/Image/IconTools/UiTheatre5Icon18.png	Assets/Product/Texture/Image/IconToolsSp/UiTheatre5Icon18Sp.png	2097156	5	10		999999				999999										
97056	甜点兑换券	使用后可随机获得一份鲨鲨特制冰饮甜点。	甜蜜速递活动的兑换券，可在鲨鲨冰车店、特供冰车店使用。	Assets/Product/Texture/Image/IconTools/IconSlotmachineIcon.png	Assets/Product/Texture/Image/IconToolsSp/IconSlotmachineIconSp.png	2097156	4	10		999999				999999	1	2025/7/24 5:00	2419200	59973			true			
97057	遗珍寻宝奖券	完成“夕浪遗珍”活动任务获得，用于获取活动奖励	不知出处，印刷看上去不太正式的奖券，可以用于启动活动转盘，可通过活动任务获得足量的奖券。	Assets/Product/Texture/Image/IconTools/IconTurntableTicket05.png	Assets/Product/Texture/Image/IconToolsSp/IconTurntableTicket05Sp.png	2097156	4	10		999999				999999	1	2025/7/3 7:00	2505540	61906	1	1000	true			1
97058	S级泛用机体自选礼包	使用后可在25个S级泛用机体中，任选获得其中1个。	可选S级泛用机体：仰光、乱数、烬燃、暗能、脉冲、深红之渊、真理、鸦羽、凛冽、银冕、荣光、绯耀、极昼、幻奏、遥星之座、辉晓、深痕、超刻、万华、深红囚影、森息、回音、深谣、尘铭、启明。   <color=#CA1F31> 礼包将于2025年8月21日 5:00过期</color>	Assets/Product/Texture/Image/IconTools/ItZixuanS014.png	Assets/Product/Texture/Image/IconToolsSp/ItZixuanS014Sp.png	16	6	99999		9				1	1	2025/7/3 7:00	4226400					[3,1378,1]		
97059	6星武器自选箱	使用后可在67把6星武器中，任选获得其中1个。	可选6星武器范围截止至烬劫归墟（薇拉·灼惘适用）	Assets/Product/Texture/Image/IconTools/IconNewbieZixuan11.png	Assets/Product/Texture/Image/IconToolsSp/IconNewbieZixuan11Sp.png	16	6	99998		9				1								[3,1381,1]		
97060	蜕愈的权柄	巴别塔计划·黯潮蚀光中获得的纪念章，用以嘉奖在黯潮蚀光战略行动中达成深度战略模拟的指挥官们。	用以嘉奖在黯潮蚀光攻略行动中成功达成深度战略模拟的指挥官们。（纪念章品质提升为蓝色）	Assets/Product/Texture/Image/UiCollection/Iconcollection214.png	Assets/Product/Texture/Image/UiCollection/Iconcollection214.png	262148	3	10		99999														
97061	蜕愈的权柄	巴别塔计划·黯潮蚀光中获得的纪念章，用以嘉奖在黯潮蚀光战略行动中达成深度战略模拟的指挥官们。	用以嘉奖在黯潮蚀光攻略行动中成功达成深度战略模拟的指挥官们。（纪念章品质提升为紫色）	Assets/Product/Texture/Image/UiCollection/Iconcollection214.png	Assets/Product/Texture/Image/UiCollection/Iconcollection214.png	262148	4	10		99999														
97062	蜕愈的权柄	巴别塔计划·黯潮蚀光中获得的纪念章，用以嘉奖在黯潮蚀光战略行动中达成深度战略模拟的指挥官们。	用以嘉奖在黯潮蚀光攻略行动中成功达成深度战略模拟的指挥官们。（纪念章品质提升为橙色）	Assets/Product/Texture/Image/UiCollection/Iconcollection214.png	Assets/Product/Texture/Image/UiCollection/Iconcollection214.png	262148	5	10		99999														
97064	血战原晶	用于竞技强化增加属性	激战的脉搏在鼓动，兵戈的枪尖在碰撞，在无尽的死斗中，时间将抛洒于场上的鲜血凝为晶石。	Assets/Product/Texture/Image/IconTools/IconRift014.png	Assets/Product/Texture/Image/IconToolsSp/IconRift014Sp.png	2097156	4	10		9999999				9999999										
97065	胜者核心	用于在夜场黑市中兑换奖励	长竞之中，唯有在赛场中伫立至最后的胜者，记忆才得以保留。在闪烁的星状辉芒间，汇聚着千万次挥刃的决意。	Assets/Product/Texture/Image/IconTools/IconRift013.png	Assets/Product/Texture/Image/IconToolsSp/IconRift013Sp.png	2097156	4	10		9999999				9999999		2025/9/25 7:00	3967200							
97066	6星武器自选箱	使用后可在56把6星武器中，任选获得其中1个。	可选6星武器范围截止至律条重塑（露娜·终焉适用）	Assets/Product/Texture/Image/IconTools/IconNewbieZixuan12.png	Assets/Product/Texture/Image/IconToolsSp/IconNewbieZixuan12Sp.png	16	6	99998		9				1								[3,1403,1]		
97067	星驰曲轴	可以在【星间飞驰】玩法内兑换奖励。	库洛洛赛车引擎上换汰的发动机曲轴，在激烈的竞速中经历引擎高温而不熔毁，是星间极速最高荣誉的凭证。	Assets/Product/Texture/Image/IconTools/UiRaceIcon01.png	Assets/Product/Texture/Image/IconTools/UiRaceIcon01.png	3	5	10		999999				999999										
97070	拟算量子	可以在【超链协阵】玩法内兑换奖励。	击溃拟算作战目标之后收集到的量子资源。在经过格式重构后，可作为高纯度算力燃料。	Assets/Product/Texture/Image/IconTools/UiDlcRelinkIcon01.png	Assets/Product/Texture/Image/IconToolsSp/UiDlcRelinkIcon01Sp.png	65	5	10		999999				999999		2026/2/3 5:00	2332800							
97072	数据储集盒	可通过【超链协阵】玩法的每日补给或装备分解获得，可以在【超链协阵】玩法内提升研发等级或铸造装备	存贮冗余数据的储集器，其积累的噪声信息经递归筛选后，可重构为拟算空间中的协议密钥。	Assets/Product/Texture/Image/IconTools/UiDlcRelinkIcon02.png	Assets/Product/Texture/Image/IconToolsSp/UiDlcRelinkIcon02Sp.png	65	5	10		999999				999999		2026/2/3 5:00	2332800							
97073	夜华流素涂装自选	在仓库-道具界面使用该道具。	使用后可以从终焉·弥月寒调、明晰梦·霜绫栖鸮、誓焰·光耀颂赞、芒星之迹·甜莓绯轮、启明·灰翎飞翩、尘铭·怀沙朔流、森息·迷途梦魇、辉晓·孤夜黯棘、万华·滨海涟漪、万华·闪耀晨星中任选一个。	Assets/Product/Texture/Image/IconTools/IconFashionZixuan01.png	Assets/Product/Texture/Image/IconToolsSp/IconFashionZixuan01Sp.png	16	6	100008		9999				999								[3,1404,1]		
97074	勤务证明	完成日常勤务的证明，积累足够多的证明后，可以在勤务商店兑换各种物品。	完成日常勤务的证明，积累足够多的证明后，可以在勤务商店兑换各种物品。	Assets/Product/Texture/Image/Iconcurrency/IconService.png	Assets/Product/Texture/Image/IconcurrencySp/IconServiceSp.png	1024	3		[90057]															
97075	调度申请	可通过完成全境特遣活动中的援护任务获取，可消耗调度申请快速挑战特派任务	通过增援行动获得的调度申请券，可以调度援助快速完成特派任务。	Assets/Product/Texture/Image/IconTools/IconAreaWar05.png	Assets/Product/Texture/Image/IconToolsSp/IconAreaWar05Sp.png	2097156	5	10		999999				999999		2025/12/23 5:00	3542400							
97076	S级泛用机体自选礼包	使用后可在31个S级泛用机体中，任选获得其中1个。	可选S级泛用机体：仰光、乱数、烬燃、暗能、脉冲、深红之渊、真理、鸦羽、凛冽、银冕、荣光、绯耀、极昼、幻奏、遥星之座、辉晓、深痕、超刻、万华、深红囚影、森息、回音、深谣、尘铭、启明、终焉、檀心、明晰梦、誓焰、芒星之迹、幻日。   <color=#CA1F31> 礼包将于2026年4月20日 5:00过期</color>	Assets/Product/Texture/Image/IconTools/ItZixuanS016.png	Assets/Product/Texture/Image/IconToolsSp/ItZixuanS016Sp.png	16	6	99999		9				1	1	2026/2/3 5:00	6566400					[3,1408,1]		
97078	磬纹岁符	“琅函岁祝”活动期间消耗【虹卡】获得，可在活动商店兑换奖励。	击磬迎春，暄和接岁。刻有各种吉祥寓意纹样的符牌，系在身上就能带来一整年的好运。（*活动结束后将会过期并且不做过期返还，请指挥官尽快前往“琅函岁祝”使用）	Assets/Product/Texture/Image/IconTools/IconExpendShop01.png	Assets/Product/Texture/Image/IconToolsSp/IconExpendShop01Sp.png	1048580	5	800		99999				9999	1	2026/2/3 5:00	3628800							
97079	涅缇娅·亡歌	使用后可获得S级成员：涅缇娅·亡歌	限时通关涅缇娅·亡歌的好感剧情【溯忆者寻乡】获取	Assets/Product/Texture/Image/IconTools/RoleHeadR3Nietiya2.png	Assets/Product/Texture/Image/IconToolsSp/RoleHeadR3Nietiya2Sp.png	16	6	1000000		1				1								[3,703142,1]		
97080	意识潮汐档案（解析中）	与涅缇娅在卡赫季研究所抢救回的意识海技术原始资料。	根据亚利乌斯·厄霍恩小组的研究发现，早期灵长类社群曾拥有高度协同的集体潜意识系统。 生物模拟实验证明，该系统可在个体无直接交互时，实现情感同步与危机直觉共享，其数据模型呈现出类似海洋的广域、动态与连通特性，理事会内部将其命名为 “意识潮汐” 。	Assets/Product/Texture/Image/IconTools/IconPhylotreeFiles.png	Assets/Product/Texture/Image/IconToolsSp/IconPhylotreeFilesSp.png	4194308	5	10		999999				999999	1	2026/2/3 5:00	6652800							
97081	夏光曳辉奖券	完成“逐浪拾光”活动任务获得，用于获取活动奖励	券面上的光影轻轻摇曳，带着往日每个夏天一起，可以用于启动活动转盘，可通过活动任务获得足量的奖券。	Assets/Product/Texture/Image/IconTools/IconTurntableTicket06.png	Assets/Product/Texture/Image/IconToolsSp/IconTurntableTicket06Sp.png	2097156	4	10		999999				999999	1	2026/6/2 5:00	3801600	61906	1	1000	true			1
97082	S级泛用机体自选礼包	使用后可在31个S级泛用机体中，任选获得其中1个。	可选S级泛用机体：仰光、乱数、烬燃、暗能、脉冲、深红之渊、真理、鸦羽、凛冽、银冕、荣光、绯耀、极昼、幻奏、遥星之座、辉晓、深痕、超刻、万华、深红囚影、森息、回音、深谣、尘铭、启明、终焉、檀心、明晰梦、誓焰、芒星之迹、幻日。   <color=#CA1F31> 礼包将于2026年8月6日 5:00过期</color>	Assets/Product/Texture/Image/IconTools/ItZixuanS017.png	Assets/Product/Texture/Image/IconToolsSp/ItZixuanS017Sp.png	16	6	99999		9				1	1	2026/6/2 5:00	5616000					[3,1437,1]		
97083	疑云秘勋	可以在【雾夜镇魂曲】商店内兑换奖励。	每一枚勋证之中，都封存着一段尚未被遗忘的证词。	Assets/Product/Texture/Image/IconTools/UiTheatre6Icon07.png	Assets/Product/Texture/Image/IconToolsSp/UiTheatre6Icon07Sp.png	2097156	5	10		999999				999999										
97084	缄封文书	可以在【雾夜镇魂曲】中解锁雾夜异闻。	封存着诸多悬案秘辛的手稿，泛黄纸张上的墨水已然褪色。	Assets/Product/Texture/Image/IconTools/UiTheatre6Icon02.png	Assets/Product/Texture/Image/IconToolsSp/UiTheatre6Icon02Sp.png	2097156	5	10		999999				999999										
97085	明察心证	可以在【雾夜镇魂曲】玩法内提升全知视界等级。	记录着诸多证据的手记，无言地诉说着那些拨开迷雾、直抵真相的时刻。	Assets/Product/Texture/Image/IconTools/UiTheatre6Icon05.png	Assets/Product/Texture/Image/IconToolsSp/UiTheatre6Icon05Sp.png	2097156	5	10		999999				999999										
97086	旧梦模元	用于驱动复古游戏机的模元。复古游戏机是以现代演算资源复现旧时代游艺的机器，使用「旧梦模元」能使经典玩法得以稳定运行。可用于在【旧梦兑奖处】兑换奖励。		Assets/Product/Texture/Image/IconTools/IconGameCollection01.png	Assets/Product/Texture/Image/IconToolsSp/IconGameCollection01Sp.png	2097156	5	10		999999				999999		2026/6/23 10:00	1969200							
97087	缄秘勋章	可以在【雾夜镇魂曲】限时商店内兑换奖励。	缄封着调查功绩的勋章，是对坚守真相之人无声的回馈。	Assets/Product/Texture/Image/IconTools/UiTheatre6Icon09.png	Assets/Product/Texture/Image/IconToolsSp/UiTheatre6Icon09Sp.png	2097156	5	10		999999				999999		2026/6/2 5:00	3801600							
97088	涂装自选补给包	在仓库-道具界面使用该道具。	使用后可在75个涂装中，任选获得其中1个。包含的涂装有：焰骸孤冕、翼痕悦趣、曜弦游吟、遐寐矜妄、御衡圣翼、甜莓绯轮、彼岸浮华、光耀颂赞、霜绫栖鸮、热忱漫途、弥月寒调、绚彩节拍、灰翎飞翩、怀沙朔流、海渊殊色、长夜瞭望、迷途梦魇、鹣翎归梦、蚩龙渊渺、闪耀晨星、苍红救赎、天鹅湖畔、逐魇幽芒、恒想心岸、孤夜黯棘、奇境旅伴、白夜领航员、甲乙青木、落华鸢歌、愚世诳言、黯言蔷薇、齿轮红帽、荣勋典范、游隼锋候、夜莺玫瑰、荆棘火、无瑕乐曲、暗宵冬狩、灰都骑士、波旬夜叉、殛夜残响、朱云流霭、噬梦机兵、零时合约、星砂夜行、御座机工、闇影尖兵、紫苑跃兔、冒险精神、天际试行、荒野集训、终末之旅、灰羽·深红之渊、灰羽·重能、终焉讯使、圣诞之约、时之女仆、辉煌流星、灰羽·仰光、灰羽·脉冲、灰羽·黎明、灰羽·流光、灰羽·蚀暗、灰羽·红莲、终焉灰烬、哥特机兵、蓟、灰羽·风暴、灰羽·烬燃、灰羽·爆裂、鬼装神机、灰羽·乱数、灰羽·暗能、灰羽·夜刃、灰羽·异火。	Assets/Product/Texture/Image/IconTools/IconAccumulated09.png	Assets/Product/Texture/Image/IconToolsSp/IconAccumulated09Sp.png	16	5	99999		9				1					1	100		[3,1450,1]		
97089	6星武器自选箱	使用后可在73把6星武器中，任选获得其中1个。	可选6星武器范围截止至旧日讣告（涅缇娅·亡歌适用）	Assets/Product/Texture/Image/IconTools/IconNewbieZixuan15.png	Assets/Product/Texture/Image/IconToolsSp/IconNewbieZixuan15Sp.png	16	6	99999		9				1								[3,1458,1]		
97090	迷匣银章	可以在【雾夜镇魂曲】限时商店内兑换奖励。	精巧的银质匣子，其中藏匿着不该被揭开的记忆与低语。	Assets/Product/Texture/Image/IconTools/UiTheatre6IconV4P601.png	Assets/Product/Texture/Image/IconToolsSp/UiTheatre6IconV4P601Sp.png	2097156	5	10		999999				999999		2026/7/17 5:00	5875200							
97091	悠乐凭券	可在夕韵暇光中用于接受邀约。	在空中花园七夕节组织的活动中，用于接受来自某人的邀约的电子凭券。	Assets/Product/Texture/Image/IconTools/IconEnvelopeGuessing01.png	Assets/Product/Texture/Image/IconToolsSp/IconEnvelopeGuessing01Sp.png	2097156	5	10		999999				999999	1	2026/8/19 5:00	3024000							
97092	专属凭券	可在夕韵暇光中指定邀约角色。	在空中花园七夕节组织的活动中，用于指定邀约对象的辅助电子凭券。	Assets/Product/Texture/Image/IconTools/IconEnvelopeGuessing02.png	Assets/Product/Texture/Image/IconToolsSp/IconEnvelopeGuessing02Sp.png	2097156	5	10		999999				999999	1	2026/8/19 5:00	3024000							
