Id	SkillId	Level	Name	Icon	Desc
101101	1011	1	负力冲锋·物	Assets/Product/Texture/Image/IconPetSkill/Pet2NiuSkillzhudong05.png	任意消除6个基础信号球后，会激活辅助机按钮，释放后元谒会朝向目标冲锋，造成<color=#0f70bc>100%</color>物理伤害，命中后会再次顶击敌人，造成<color=#0f70bc>200%</color>物理伤害，造成伤害使敌人眩晕<color=#0f70bc>2</color>秒。
101102	1011	2	负力冲锋·物	Assets/Product/Texture/Image/IconPetSkill/Pet2NiuSkillzhudong05.png	任意消除6个基础信号球后，会激活辅助机按钮，释放后元谒会朝向目标冲锋，造成<color=#0f70bc>200%</color>物理伤害，命中后会再次顶击敌人，造成<color=#0f70bc>400%</color>物理伤害，造成伤害使敌人眩晕<color=#0f70bc>2</color>秒。
101103	1011	3	负力冲锋·物	Assets/Product/Texture/Image/IconPetSkill/Pet2NiuSkillzhudong05.png	任意消除6个基础信号球后，会激活辅助机按钮，释放后元谒会朝向目标冲锋，造成<color=#0f70bc>300%</color>物理伤害，命中后会再次顶击敌人，造成<color=#0f70bc>600%</color>物理伤害，造成伤害使敌人眩晕<color=#0f70bc>2</color>秒。
101104	1011	4	负力冲锋·物	Assets/Product/Texture/Image/IconPetSkill/Pet2NiuSkillzhudong05.png	任意消除6个基础信号球后，会激活辅助机按钮，释放后元谒会朝向目标冲锋，造成<color=#0f70bc>400%</color>物理伤害，命中后会再次顶击敌人，造成<color=#0f70bc>800%</color>物理伤害，造成伤害使敌人眩晕<color=#0f70bc>2</color>秒。
101105	1011	5	负力冲锋·物	Assets/Product/Texture/Image/IconPetSkill/Pet2NiuSkillzhudong05.png	任意消除6个基础信号球后，会激活辅助机按钮，释放后元谒会朝向目标冲锋，造成<color=#0f70bc>500%</color>物理伤害，命中后会再次顶击敌人，造成<color=#0f70bc>1000%</color>物理伤害，造成伤害使敌人眩晕<color=#0f70bc>2</color>秒。
101201	1012	1	负力冲锋·火	Assets/Product/Texture/Image/IconPetSkill/Pet2NiuSkillzhudong01.png	任意消除6个基础信号球后，会激活辅助机按钮，释放后元谒会朝向目标冲锋，造成<color=#0f70bc>100%</color>火属性伤害，命中后会再次顶击敌人，造成<color=#0f70bc>200%</color>大范围火属性伤害，造成伤害使敌人眩晕<color=#0f70bc>2</color>秒。附加<color=#935ee1>数据攻击</color>。
101202	1012	2	负力冲锋·火	Assets/Product/Texture/Image/IconPetSkill/Pet2NiuSkillzhudong01.png	任意消除6个基础信号球后，会激活辅助机按钮，释放后元谒会朝向目标冲锋，造成<color=#0f70bc>200%</color>火属性伤害，命中后会再次顶击敌人，造成<color=#0f70bc>400%</color>大范围火属性伤害，造成伤害使敌人眩晕<color=#0f70bc>2</color>秒。附加<color=#935ee1>数据攻击</color>。
101203	1012	3	负力冲锋·火	Assets/Product/Texture/Image/IconPetSkill/Pet2NiuSkillzhudong01.png	任意消除6个基础信号球后，会激活辅助机按钮，释放后元谒会朝向目标冲锋，造成<color=#0f70bc>300%</color>火属性伤害，命中后会再次顶击敌人，造成<color=#0f70bc>600%</color>大范围火属性伤害，造成伤害使敌人眩晕<color=#0f70bc>2</color>秒。附加<color=#935ee1>数据攻击</color>。
101204	1012	4	负力冲锋·火	Assets/Product/Texture/Image/IconPetSkill/Pet2NiuSkillzhudong01.png	任意消除6个基础信号球后，会激活辅助机按钮，释放后元谒会朝向目标冲锋，造成<color=#0f70bc>400%</color>火属性伤害，命中后会再次顶击敌人，造成<color=#0f70bc>800%</color>大范围火属性伤害，造成伤害使敌人眩晕<color=#0f70bc>2</color>秒。附加<color=#935ee1>数据攻击</color>。
101205	1012	5	负力冲锋·火	Assets/Product/Texture/Image/IconPetSkill/Pet2NiuSkillzhudong01.png	任意消除6个基础信号球后，会激活辅助机按钮，释放后元谒会朝向目标冲锋，造成<color=#0f70bc>500%</color>火属性伤害，命中后会再次顶击敌人，造成<color=#0f70bc>1000%</color>大范围火属性伤害，造成伤害使敌人眩晕<color=#0f70bc>2</color>秒。附加<color=#935ee1>数据攻击</color>。
101301	1013	1	负力冲锋·冰	Assets/Product/Texture/Image/IconPetSkill/Pet2NiuSkillzhudong02.png	任意消除6个基础信号球后，会激活辅助机按钮，释放后元谒会朝向目标冲锋，造成<color=#0f70bc>100%</color>冰属性伤害，命中后会再次顶击敌人，造成<color=#0f70bc>200%</color>冰属性伤害，造成伤害使敌人眩晕<color=#0f70bc>2</color>秒。
101302	1013	2	负力冲锋·冰	Assets/Product/Texture/Image/IconPetSkill/Pet2NiuSkillzhudong02.png	任意消除6个基础信号球后，会激活辅助机按钮，释放后元谒会朝向目标冲锋，造成<color=#0f70bc>200%</color>冰属性伤害，命中后会再次顶击敌人，造成<color=#0f70bc>400%</color>冰属性伤害，造成伤害使敌人眩晕<color=#0f70bc>2</color>秒。
101303	1013	3	负力冲锋·冰	Assets/Product/Texture/Image/IconPetSkill/Pet2NiuSkillzhudong02.png	任意消除6个基础信号球后，会激活辅助机按钮，释放后元谒会朝向目标冲锋，造成<color=#0f70bc>300%</color>冰属性伤害，命中后会再次顶击敌人，造成<color=#0f70bc>600%</color>冰属性伤害，造成伤害使敌人眩晕<color=#0f70bc>2</color>秒。
101304	1013	4	负力冲锋·冰	Assets/Product/Texture/Image/IconPetSkill/Pet2NiuSkillzhudong02.png	任意消除6个基础信号球后，会激活辅助机按钮，释放后元谒会朝向目标冲锋，造成<color=#0f70bc>400%</color>冰属性伤害，命中后会再次顶击敌人，造成<color=#0f70bc>800%</color>冰属性伤害，造成伤害使敌人眩晕<color=#0f70bc>2</color>秒。
101305	1013	5	负力冲锋·冰	Assets/Product/Texture/Image/IconPetSkill/Pet2NiuSkillzhudong02.png	任意消除6个基础信号球后，会激活辅助机按钮，释放后元谒会朝向目标冲锋，造成<color=#0f70bc>500%</color>冰属性伤害，命中后会再次顶击敌人，造成<color=#0f70bc>1000%</color>冰属性伤害，造成伤害使敌人眩晕<color=#0f70bc>2</color>秒。
101401	1014	1	负力冲锋·雷	Assets/Product/Texture/Image/IconPetSkill/Pet2NiuSkillzhudong03.png	任意消除6个基础信号球后，会激活辅助机按钮，释放后元谒会朝向目标冲锋，造成<color=#0f70bc>100%</color>雷属性伤害，命中后会再次顶击敌人，造成<color=#0f70bc>200%</color>雷属性伤害，造成伤害使敌人眩晕<color=#0f70bc>2</color>秒。
101402	1014	2	负力冲锋·雷	Assets/Product/Texture/Image/IconPetSkill/Pet2NiuSkillzhudong03.png	任意消除6个基础信号球后，会激活辅助机按钮，释放后元谒会朝向目标冲锋，造成<color=#0f70bc>200%</color>雷属性伤害，命中后会再次顶击敌人，造成<color=#0f70bc>400%</color>雷属性伤害，造成伤害使敌人眩晕<color=#0f70bc>2</color>秒。
101403	1014	3	负力冲锋·雷	Assets/Product/Texture/Image/IconPetSkill/Pet2NiuSkillzhudong03.png	任意消除6个基础信号球后，会激活辅助机按钮，释放后元谒会朝向目标冲锋，造成<color=#0f70bc>300%</color>雷属性伤害，命中后会再次顶击敌人，造成<color=#0f70bc>600%</color>雷属性伤害，造成伤害使敌人眩晕<color=#0f70bc>2</color>秒。
101404	1014	4	负力冲锋·雷	Assets/Product/Texture/Image/IconPetSkill/Pet2NiuSkillzhudong03.png	任意消除6个基础信号球后，会激活辅助机按钮，释放后元谒会朝向目标冲锋，造成<color=#0f70bc>400%</color>雷属性伤害，命中后会再次顶击敌人，造成<color=#0f70bc>800%</color>雷属性伤害，造成伤害使敌人眩晕<color=#0f70bc>2</color>秒。
101405	1014	5	负力冲锋·雷	Assets/Product/Texture/Image/IconPetSkill/Pet2NiuSkillzhudong03.png	任意消除6个基础信号球后，会激活辅助机按钮，释放后元谒会朝向目标冲锋，造成<color=#0f70bc>500%</color>雷属性伤害，命中后会再次顶击敌人，造成<color=#0f70bc>1000%</color>雷属性伤害，造成伤害使敌人眩晕<color=#0f70bc>2</color>秒。
101501	1015	1	负力冲锋·暗	Assets/Product/Texture/Image/IconPetSkill/Pet2NiuSkillzhudong04.png	任意消除6个基础信号球后，会激活辅助机按钮，释放后元谒会朝向目标冲锋，造成<color=#0f70bc>100%</color>暗属性伤害，命中后会再次顶击敌人，造成<color=#0f70bc>200%</color>暗属性伤害，造成伤害使敌人眩晕<color=#0f70bc>2</color>秒。
101502	1015	2	负力冲锋·暗	Assets/Product/Texture/Image/IconPetSkill/Pet2NiuSkillzhudong04.png	任意消除6个基础信号球后，会激活辅助机按钮，释放后元谒会朝向目标冲锋，造成<color=#0f70bc>200%</color>暗属性伤害，命中后会再次顶击敌人，造成<color=#0f70bc>400%</color>暗属性伤害，造成伤害使敌人眩晕<color=#0f70bc>2</color>秒。
101503	1015	3	负力冲锋·暗	Assets/Product/Texture/Image/IconPetSkill/Pet2NiuSkillzhudong04.png	任意消除6个基础信号球后，会激活辅助机按钮，释放后元谒会朝向目标冲锋，造成<color=#0f70bc>300%</color>暗属性伤害，命中后会再次顶击敌人，造成<color=#0f70bc>600%</color>暗属性伤害，造成伤害使敌人眩晕<color=#0f70bc>2</color>秒。
101504	1015	4	负力冲锋·暗	Assets/Product/Texture/Image/IconPetSkill/Pet2NiuSkillzhudong04.png	任意消除6个基础信号球后，会激活辅助机按钮，释放后元谒会朝向目标冲锋，造成<color=#0f70bc>400%</color>暗属性伤害，命中后会再次顶击敌人，造成<color=#0f70bc>800%</color>暗属性伤害，造成伤害使敌人眩晕<color=#0f70bc>2</color>秒。
101505	1015	5	负力冲锋·暗	Assets/Product/Texture/Image/IconPetSkill/Pet2NiuSkillzhudong04.png	任意消除6个基础信号球后，会激活辅助机按钮，释放后元谒会朝向目标冲锋，造成<color=#0f70bc>500%</color>暗属性伤害，命中后会再次顶击敌人，造成<color=#0f70bc>1000%</color>暗属性伤害，造成伤害使敌人眩晕<color=#0f70bc>2</color>秒。
101601	1016	1	负力冲锋·空	Assets/Product/Texture/Image/IconPetSkill/Pet2NiuSkillzhudong06.png	任意消除6个基础信号球后，会激活辅助机按钮，释放后元谒会朝向目标冲锋，造成<color=#0f70bc>100%</color>空属性伤害，命中后会再次顶击敌人，造成<color=#0f70bc>200%</color>空属性伤害，造成伤害使敌人眩晕<color=#0f70bc>2</color>秒。
101602	1016	2	负力冲锋·空	Assets/Product/Texture/Image/IconPetSkill/Pet2NiuSkillzhudong06.png	任意消除6个基础信号球后，会激活辅助机按钮，释放后元谒会朝向目标冲锋，造成<color=#0f70bc>200%</color>空属性伤害，命中后会再次顶击敌人，造成<color=#0f70bc>400%</color>空属性伤害，造成伤害使敌人眩晕<color=#0f70bc>2</color>秒。
101603	1016	3	负力冲锋·空	Assets/Product/Texture/Image/IconPetSkill/Pet2NiuSkillzhudong06.png	任意消除6个基础信号球后，会激活辅助机按钮，释放后元谒会朝向目标冲锋，造成<color=#0f70bc>300%</color>空属性伤害，命中后会再次顶击敌人，造成<color=#0f70bc>600%</color>空属性伤害，造成伤害使敌人眩晕<color=#0f70bc>2</color>秒。
101604	1016	4	负力冲锋·空	Assets/Product/Texture/Image/IconPetSkill/Pet2NiuSkillzhudong06.png	任意消除6个基础信号球后，会激活辅助机按钮，释放后元谒会朝向目标冲锋，造成<color=#0f70bc>400%</color>空属性伤害，命中后会再次顶击敌人，造成<color=#0f70bc>800%</color>空属性伤害，造成伤害使敌人眩晕<color=#0f70bc>2</color>秒。
101605	1016	5	负力冲锋·空	Assets/Product/Texture/Image/IconPetSkill/Pet2NiuSkillzhudong06.png	任意消除6个基础信号球后，会激活辅助机按钮，释放后元谒会朝向目标冲锋，造成<color=#0f70bc>500%</color>空属性伤害，命中后会再次顶击敌人，造成<color=#0f70bc>1000%</color>空属性伤害，造成伤害使敌人眩晕<color=#0f70bc>2</color>秒。
102101	1021	1	佯攻·物	Assets/Product/Texture/Image/IconPetSkill/Pet2NiuSkillzhudong05.png	任意消除6个基础信号球后，会激活辅助机按钮，释放后元谒会朝向目标冲锋，造成<color=#0f70bc>50%</color>物理伤害，命中后会再次顶击敌人，造成<color=#0f70bc>100%</color>物理伤害，造成伤害使敌人眩晕<color=#0f70bc>5</color>秒。
102102	1021	2	佯攻·物	Assets/Product/Texture/Image/IconPetSkill/Pet2NiuSkillzhudong05.png	任意消除6个基础信号球后，会激活辅助机按钮，释放后元谒会朝向目标冲锋，造成<color=#0f70bc>100%</color>物理伤害，命中后会再次顶击敌人，造成<color=#0f70bc>200%</color>物理伤害，造成伤害使敌人眩晕<color=#0f70bc>5</color>秒。
102103	1021	3	佯攻·物	Assets/Product/Texture/Image/IconPetSkill/Pet2NiuSkillzhudong05.png	任意消除6个基础信号球后，会激活辅助机按钮，释放后元谒会朝向目标冲锋，造成<color=#0f70bc>150%</color>物理伤害，命中后会再次顶击敌人，造成<color=#0f70bc>300%</color>物理伤害，造成伤害使敌人眩晕<color=#0f70bc>5</color>秒。
102104	1021	4	佯攻·物	Assets/Product/Texture/Image/IconPetSkill/Pet2NiuSkillzhudong05.png	任意消除6个基础信号球后，会激活辅助机按钮，释放后元谒会朝向目标冲锋，造成<color=#0f70bc>200%</color>物理伤害，命中后会再次顶击敌人，造成<color=#0f70bc>400%</color>物理伤害，造成伤害使敌人眩晕<color=#0f70bc>5</color>秒。
102105	1021	5	佯攻·物	Assets/Product/Texture/Image/IconPetSkill/Pet2NiuSkillzhudong05.png	任意消除6个基础信号球后，会激活辅助机按钮，释放后元谒会朝向目标冲锋，造成<color=#0f70bc>250%</color>物理伤害，命中后会再次顶击敌人，造成<color=#0f70bc>500%</color>物理伤害，造成伤害使敌人眩晕<color=#0f70bc>5</color>秒。
102201	1022	1	佯攻·火	Assets/Product/Texture/Image/IconPetSkill/Pet2NiuSkillzhudong01.png	任意消除6个基础信号球后，会激活辅助机按钮，释放后元谒会朝向目标冲锋，造成<color=#0f70bc>50%</color>火属性伤害，命中后会再次顶击敌人，造成<color=#0f70bc>100%</color>大范围火属性伤害，造成伤害使敌人眩晕<color=#0f70bc>5</color>秒。附加<color=#935ee1>数据攻击</color>。
102202	1022	2	佯攻·火	Assets/Product/Texture/Image/IconPetSkill/Pet2NiuSkillzhudong01.png	任意消除6个基础信号球后，会激活辅助机按钮，释放后元谒会朝向目标冲锋，造成<color=#0f70bc>100%</color>火属性伤害，命中后会再次顶击敌人，造成<color=#0f70bc>200%</color>大范围火属性伤害，造成伤害使敌人眩晕<color=#0f70bc>5</color>秒。附加<color=#935ee1>数据攻击</color>。
102203	1022	3	佯攻·火	Assets/Product/Texture/Image/IconPetSkill/Pet2NiuSkillzhudong01.png	任意消除6个基础信号球后，会激活辅助机按钮，释放后元谒会朝向目标冲锋，造成<color=#0f70bc>150%</color>火属性伤害，命中后会再次顶击敌人，造成<color=#0f70bc>300%</color>大范围火属性伤害，造成伤害使敌人眩晕<color=#0f70bc>5</color>秒。附加<color=#935ee1>数据攻击</color>。
102204	1022	4	佯攻·火	Assets/Product/Texture/Image/IconPetSkill/Pet2NiuSkillzhudong01.png	任意消除6个基础信号球后，会激活辅助机按钮，释放后元谒会朝向目标冲锋，造成<color=#0f70bc>200%</color>火属性伤害，命中后会再次顶击敌人，造成<color=#0f70bc>400%</color>大范围火属性伤害，造成伤害使敌人眩晕<color=#0f70bc>5</color>秒。附加<color=#935ee1>数据攻击</color>。
102205	1022	5	佯攻·火	Assets/Product/Texture/Image/IconPetSkill/Pet2NiuSkillzhudong01.png	任意消除6个基础信号球后，会激活辅助机按钮，释放后元谒会朝向目标冲锋，造成<color=#0f70bc>250%</color>火属性伤害，命中后会再次顶击敌人，造成<color=#0f70bc>500%</color>大范围火属性伤害，造成伤害使敌人眩晕<color=#0f70bc>5</color>秒。附加<color=#935ee1>数据攻击</color>。
102301	1023	1	佯攻·冰	Assets/Product/Texture/Image/IconPetSkill/Pet2NiuSkillzhudong02.png	任意消除6个基础信号球后，会激活辅助机按钮，释放后元谒会朝向目标冲锋，造成<color=#0f70bc>50%</color>冰属性伤害，命中后会再次顶击敌人，造成<color=#0f70bc>100%</color>冰属性伤害，造成伤害使敌人眩晕<color=#0f70bc>5</color>秒。
102302	1023	2	佯攻·冰	Assets/Product/Texture/Image/IconPetSkill/Pet2NiuSkillzhudong02.png	任意消除6个基础信号球后，会激活辅助机按钮，释放后元谒会朝向目标冲锋，造成<color=#0f70bc>100%</color>冰属性伤害，命中后会再次顶击敌人，造成<color=#0f70bc>200%</color>冰属性伤害，造成伤害使敌人眩晕<color=#0f70bc>5</color>秒。
102303	1023	3	佯攻·冰	Assets/Product/Texture/Image/IconPetSkill/Pet2NiuSkillzhudong02.png	任意消除6个基础信号球后，会激活辅助机按钮，释放后元谒会朝向目标冲锋，造成<color=#0f70bc>150%</color>冰属性伤害，命中后会再次顶击敌人，造成<color=#0f70bc>300%</color>冰属性伤害，造成伤害使敌人眩晕<color=#0f70bc>5</color>秒。
102304	1023	4	佯攻·冰	Assets/Product/Texture/Image/IconPetSkill/Pet2NiuSkillzhudong02.png	任意消除6个基础信号球后，会激活辅助机按钮，释放后元谒会朝向目标冲锋，造成<color=#0f70bc>200%</color>冰属性伤害，命中后会再次顶击敌人，造成<color=#0f70bc>400%</color>冰属性伤害，造成伤害使敌人眩晕<color=#0f70bc>5</color>秒。
102305	1023	5	佯攻·冰	Assets/Product/Texture/Image/IconPetSkill/Pet2NiuSkillzhudong02.png	任意消除6个基础信号球后，会激活辅助机按钮，释放后元谒会朝向目标冲锋，造成<color=#0f70bc>250%</color>冰属性伤害，命中后会再次顶击敌人，造成<color=#0f70bc>500%</color>冰属性伤害，造成伤害使敌人眩晕<color=#0f70bc>5</color>秒。
102401	1024	1	佯攻·雷	Assets/Product/Texture/Image/IconPetSkill/Pet2NiuSkillzhudong03.png	任意消除6个基础信号球后，会激活辅助机按钮，释放后元谒会朝向目标冲锋，造成<color=#0f70bc>50%</color>雷属性伤害，命中后会再次顶击敌人，造成<color=#0f70bc>100%</color>雷属性伤害，造成伤害使敌人眩晕<color=#0f70bc>5</color>秒。
102402	1024	2	佯攻·雷	Assets/Product/Texture/Image/IconPetSkill/Pet2NiuSkillzhudong03.png	任意消除6个基础信号球后，会激活辅助机按钮，释放后元谒会朝向目标冲锋，造成<color=#0f70bc>100%</color>雷属性伤害，命中后会再次顶击敌人，造成<color=#0f70bc>200%</color>雷属性伤害，造成伤害使敌人眩晕<color=#0f70bc>5</color>秒。
102403	1024	3	佯攻·雷	Assets/Product/Texture/Image/IconPetSkill/Pet2NiuSkillzhudong03.png	任意消除6个基础信号球后，会激活辅助机按钮，释放后元谒会朝向目标冲锋，造成<color=#0f70bc>150%</color>雷属性伤害，命中后会再次顶击敌人，造成<color=#0f70bc>300%</color>雷属性伤害，造成伤害使敌人眩晕<color=#0f70bc>5</color>秒。
102404	1024	4	佯攻·雷	Assets/Product/Texture/Image/IconPetSkill/Pet2NiuSkillzhudong03.png	任意消除6个基础信号球后，会激活辅助机按钮，释放后元谒会朝向目标冲锋，造成<color=#0f70bc>200%</color>雷属性伤害，命中后会再次顶击敌人，造成<color=#0f70bc>400%</color>雷属性伤害，造成伤害使敌人眩晕<color=#0f70bc>5</color>秒。
102405	1024	5	佯攻·雷	Assets/Product/Texture/Image/IconPetSkill/Pet2NiuSkillzhudong03.png	任意消除6个基础信号球后，会激活辅助机按钮，释放后元谒会朝向目标冲锋，造成<color=#0f70bc>250%</color>雷属性伤害，命中后会再次顶击敌人，造成<color=#0f70bc>500%</color>雷属性伤害，造成伤害使敌人眩晕<color=#0f70bc>5</color>秒。
102501	1025	1	佯攻·暗	Assets/Product/Texture/Image/IconPetSkill/Pet2NiuSkillzhudong04.png	任意消除6个基础信号球后，会激活辅助机按钮，释放后元谒会朝向目标冲锋，造成<color=#0f70bc>50%</color>暗属性伤害，命中后会再次顶击敌人，造成<color=#0f70bc>100%</color>暗属性伤害，造成伤害使敌人眩晕<color=#0f70bc>5</color>秒。
102502	1025	2	佯攻·暗	Assets/Product/Texture/Image/IconPetSkill/Pet2NiuSkillzhudong04.png	任意消除6个基础信号球后，会激活辅助机按钮，释放后元谒会朝向目标冲锋，造成<color=#0f70bc>100%</color>暗属性伤害，命中后会再次顶击敌人，造成<color=#0f70bc>200%</color>暗属性伤害，造成伤害使敌人眩晕<color=#0f70bc>5</color>秒。
102503	1025	3	佯攻·暗	Assets/Product/Texture/Image/IconPetSkill/Pet2NiuSkillzhudong04.png	任意消除6个基础信号球后，会激活辅助机按钮，释放后元谒会朝向目标冲锋，造成<color=#0f70bc>150%</color>暗属性伤害，命中后会再次顶击敌人，造成<color=#0f70bc>300%</color>暗属性伤害，造成伤害使敌人眩晕<color=#0f70bc>5</color>秒。
102504	1025	4	佯攻·暗	Assets/Product/Texture/Image/IconPetSkill/Pet2NiuSkillzhudong04.png	任意消除6个基础信号球后，会激活辅助机按钮，释放后元谒会朝向目标冲锋，造成<color=#0f70bc>200%</color>暗属性伤害，命中后会再次顶击敌人，造成<color=#0f70bc>400%</color>暗属性伤害，造成伤害使敌人眩晕<color=#0f70bc>5</color>秒。
102505	1025	5	佯攻·暗	Assets/Product/Texture/Image/IconPetSkill/Pet2NiuSkillzhudong04.png	任意消除6个基础信号球后，会激活辅助机按钮，释放后元谒会朝向目标冲锋，造成<color=#0f70bc>250%</color>暗属性伤害，命中后会再次顶击敌人，造成<color=#0f70bc>500%</color>暗属性伤害，造成伤害使敌人眩晕<color=#0f70bc>5</color>秒。
102601	1026	1	佯攻·空	Assets/Product/Texture/Image/IconPetSkill/Pet2NiuSkillzhudong06.png	任意消除6个基础信号球后，会激活辅助机按钮，释放后元谒会朝向目标冲锋，造成<color=#0f70bc>50%</color>空属性伤害，命中后会再次顶击敌人，造成<color=#0f70bc>100%</color>空属性伤害，造成伤害使敌人眩晕<color=#0f70bc>5</color>秒。
102602	1026	2	佯攻·空	Assets/Product/Texture/Image/IconPetSkill/Pet2NiuSkillzhudong06.png	任意消除6个基础信号球后，会激活辅助机按钮，释放后元谒会朝向目标冲锋，造成<color=#0f70bc>100%</color>空属性伤害，命中后会再次顶击敌人，造成<color=#0f70bc>200%</color>空属性伤害，造成伤害使敌人眩晕<color=#0f70bc>5</color>秒。
102603	1026	3	佯攻·空	Assets/Product/Texture/Image/IconPetSkill/Pet2NiuSkillzhudong06.png	任意消除6个基础信号球后，会激活辅助机按钮，释放后元谒会朝向目标冲锋，造成<color=#0f70bc>150%</color>空属性伤害，命中后会再次顶击敌人，造成<color=#0f70bc>300%</color>空属性伤害，造成伤害使敌人眩晕<color=#0f70bc>5</color>秒。
102604	1026	4	佯攻·空	Assets/Product/Texture/Image/IconPetSkill/Pet2NiuSkillzhudong06.png	任意消除6个基础信号球后，会激活辅助机按钮，释放后元谒会朝向目标冲锋，造成<color=#0f70bc>200%</color>空属性伤害，命中后会再次顶击敌人，造成<color=#0f70bc>400%</color>空属性伤害，造成伤害使敌人眩晕<color=#0f70bc>5</color>秒。
102605	1026	5	佯攻·空	Assets/Product/Texture/Image/IconPetSkill/Pet2NiuSkillzhudong06.png	任意消除6个基础信号球后，会激活辅助机按钮，释放后元谒会朝向目标冲锋，造成<color=#0f70bc>250%</color>空属性伤害，命中后会再次顶击敌人，造成<color=#0f70bc>500%</color>空属性伤害，造成伤害使敌人眩晕<color=#0f70bc>5</color>秒。
5000001	50000	1	蓄势	Assets/Product/Texture/Image/IconPetSkill/Pet2NiuSkillbeidong01.png	元谒主动技伤害提高<color=#0f70bc>12%</color>
5000002	50000	2	蓄势	Assets/Product/Texture/Image/IconPetSkill/Pet2NiuSkillbeidong01.png	元谒主动技伤害提高<color=#0f70bc>24%</color>
5000003	50000	3	蓄势	Assets/Product/Texture/Image/IconPetSkill/Pet2NiuSkillbeidong01.png	元谒主动技伤害提高<color=#0f70bc>36%</color>
5000004	50000	4	蓄势	Assets/Product/Texture/Image/IconPetSkill/Pet2NiuSkillbeidong01.png	元谒主动技伤害提高<color=#0f70bc>48%</color>
5000005	50000	5	蓄势	Assets/Product/Texture/Image/IconPetSkill/Pet2NiuSkillbeidong01.png	元谒主动技伤害提高<color=#0f70bc>60%</color>
5001001	50010	1	加叠演算	Assets/Product/Texture/Image/IconPetSkill/Pet2NiuSkillbeidong02.png	携带角色攻击力提高<color=#0f70bc>12</color>
5001002	50010	2	加叠演算	Assets/Product/Texture/Image/IconPetSkill/Pet2NiuSkillbeidong02.png	携带角色攻击力提高<color=#0f70bc>24</color>
5001003	50010	3	加叠演算	Assets/Product/Texture/Image/IconPetSkill/Pet2NiuSkillbeidong02.png	携带角色攻击力提高<color=#0f70bc>36</color>
5001004	50010	4	加叠演算	Assets/Product/Texture/Image/IconPetSkill/Pet2NiuSkillbeidong02.png	携带角色攻击力提高<color=#0f70bc>48</color>
5001005	50010	5	加叠演算	Assets/Product/Texture/Image/IconPetSkill/Pet2NiuSkillbeidong02.png	携带角色攻击力提高<color=#0f70bc>60</color>
5002001	50020	1	越斗越勇	Assets/Product/Texture/Image/IconPetSkill/Pet2NiuSkillbeidong03.png	元谒释放技能后，携带角色攻击力增加<color=#0f70bc>5</color>，最多叠加3层
5002002	50020	2	越斗越勇	Assets/Product/Texture/Image/IconPetSkill/Pet2NiuSkillbeidong03.png	元谒释放技能后，携带角色攻击力增加<color=#0f70bc>10</color>，最多叠加3层
5002003	50020	3	越斗越勇	Assets/Product/Texture/Image/IconPetSkill/Pet2NiuSkillbeidong03.png	元谒释放技能后，携带角色攻击力增加<color=#0f70bc>15</color>，最多叠加3层
5002004	50020	4	越斗越勇	Assets/Product/Texture/Image/IconPetSkill/Pet2NiuSkillbeidong03.png	元谒释放技能后，携带角色攻击力增加<color=#0f70bc>20</color>，最多叠加3层
5002005	50020	5	越斗越勇	Assets/Product/Texture/Image/IconPetSkill/Pet2NiuSkillbeidong03.png	元谒释放技能后，携带角色攻击力增加<color=#0f70bc>25</color>，最多叠加3层
5003001	50030	1	趁隙	Assets/Product/Texture/Image/IconPetSkill/Pet2NiuSkillbeidong04.png	被元谒眩晕的敌人，受到的伤害增加<color=#0f70bc>2%</color>
5003002	50030	2	趁隙	Assets/Product/Texture/Image/IconPetSkill/Pet2NiuSkillbeidong04.png	被元谒眩晕的敌人，受到的伤害增加<color=#0f70bc>4%</color>
5003003	50030	3	趁隙	Assets/Product/Texture/Image/IconPetSkill/Pet2NiuSkillbeidong04.png	被元谒眩晕的敌人，受到的伤害增加<color=#0f70bc>6%</color>
5003004	50030	4	趁隙	Assets/Product/Texture/Image/IconPetSkill/Pet2NiuSkillbeidong04.png	被元谒眩晕的敌人，受到的伤害增加<color=#0f70bc>8%</color>
5003005	50030	5	趁隙	Assets/Product/Texture/Image/IconPetSkill/Pet2NiuSkillbeidong04.png	被元谒眩晕的敌人，受到的伤害增加<color=#0f70bc>10%</color>
5004001	50040	1	助燃	Assets/Product/Texture/Image/IconPetSkill/Pet2NiuSkillbeidong05.png	携带角色增加火属性伤害<color=#0f70bc>2%</color>
5004002	50040	2	助燃	Assets/Product/Texture/Image/IconPetSkill/Pet2NiuSkillbeidong05.png	携带角色增加火属性伤害<color=#0f70bc>4%</color>
5004003	50040	3	助燃	Assets/Product/Texture/Image/IconPetSkill/Pet2NiuSkillbeidong05.png	携带角色增加火属性伤害<color=#0f70bc>6%</color>
5004004	50040	4	助燃	Assets/Product/Texture/Image/IconPetSkill/Pet2NiuSkillbeidong05.png	携带角色增加火属性伤害<color=#0f70bc>8%</color>
5004005	50040	5	助燃	Assets/Product/Texture/Image/IconPetSkill/Pet2NiuSkillbeidong05.png	携带角色增加火属性伤害<color=#0f70bc>10%</color>
103101	1031	1	震荡放射·掩护·物	Assets/Product/Texture/Image/IconPetSkill/Pet3XiaoSkillzhudong05.png	任意消除6个基础信号球后，会激活辅助机按钮，释放后沃托在控制角色身边飞行一周，对周围的敌人造成<color=#0f70bc>160%</color>物理伤害，释放期间控制角色获得<color=#0f70bc>3</color>秒霸体，同时获得辅助机攻击力<color=#0f70bc>40%</color>的护盾值，持续10秒。
103102	1031	2	震荡放射·掩护·物	Assets/Product/Texture/Image/IconPetSkill/Pet3XiaoSkillzhudong05.png	任意消除6个基础信号球后，会激活辅助机按钮，释放后沃托在控制角色身边飞行一周，对周围的敌人造成<color=#0f70bc>320%</color>物理伤害，释放期间控制角色获得<color=#0f70bc>3</color>秒霸体，同时获得辅助机攻击力<color=#0f70bc>80%</color>的护盾值，持续10秒。
103103	1031	3	震荡放射·掩护·物	Assets/Product/Texture/Image/IconPetSkill/Pet3XiaoSkillzhudong05.png	任意消除6个基础信号球后，会激活辅助机按钮，释放后沃托在控制角色身边飞行一周，对周围的敌人造成<color=#0f70bc>480%</color>物理伤害，释放期间控制角色获得<color=#0f70bc>3</color>秒霸体，同时获得辅助机攻击力<color=#0f70bc>120%</color>的护盾值，持续10秒。
103104	1031	4	震荡放射·掩护·物	Assets/Product/Texture/Image/IconPetSkill/Pet3XiaoSkillzhudong05.png	任意消除6个基础信号球后，会激活辅助机按钮，释放后沃托在控制角色身边飞行一周，对周围的敌人造成<color=#0f70bc>640%</color>物理伤害，释放期间控制角色获得<color=#0f70bc>3</color>秒霸体，同时获得辅助机攻击力<color=#0f70bc>160%</color>的护盾值，持续10秒。
103105	1031	5	震荡放射·掩护·物	Assets/Product/Texture/Image/IconPetSkill/Pet3XiaoSkillzhudong05.png	任意消除6个基础信号球后，会激活辅助机按钮，释放后沃托在控制角色身边飞行一周，对周围的敌人造成<color=#0f70bc>800%</color>物理伤害，释放期间控制角色获得<color=#0f70bc>3</color>秒霸体，同时获得辅助机攻击力<color=#0f70bc>200%</color>的护盾值，持续10秒。
103201	1032	1	震荡放射·掩护·火	Assets/Product/Texture/Image/IconPetSkill/Pet3XiaoSkillzhudong01.png	任意消除6个基础信号球后，会激活辅助机按钮，释放后沃托在控制角色身边飞行一周，对周围的敌人造成<color=#0f70bc>160%</color>火属性伤害，释放期间控制角色获得<color=#0f70bc>3</color>秒霸体，同时获得辅助机攻击力<color=#0f70bc>40%</color>的护盾值，持续10秒。
103202	1032	2	震荡放射·掩护·火	Assets/Product/Texture/Image/IconPetSkill/Pet3XiaoSkillzhudong01.png	任意消除6个基础信号球后，会激活辅助机按钮，释放后沃托在控制角色身边飞行一周，对周围的敌人造成<color=#0f70bc>320%</color>火属性伤害，释放期间控制角色获得<color=#0f70bc>3</color>秒霸体，同时获得辅助机攻击力<color=#0f70bc>80%</color>的护盾值，持续10秒。
103203	1032	3	震荡放射·掩护·火	Assets/Product/Texture/Image/IconPetSkill/Pet3XiaoSkillzhudong01.png	任意消除6个基础信号球后，会激活辅助机按钮，释放后沃托在控制角色身边飞行一周，对周围的敌人造成<color=#0f70bc>480%</color>火属性伤害，释放期间控制角色获得<color=#0f70bc>3</color>秒霸体，同时获得辅助机攻击力<color=#0f70bc>120%</color>的护盾值，持续10秒。
103204	1032	4	震荡放射·掩护·火	Assets/Product/Texture/Image/IconPetSkill/Pet3XiaoSkillzhudong01.png	任意消除6个基础信号球后，会激活辅助机按钮，释放后沃托在控制角色身边飞行一周，对周围的敌人造成<color=#0f70bc>640%</color>火属性伤害，释放期间控制角色获得<color=#0f70bc>3</color>秒霸体，同时获得辅助机攻击力<color=#0f70bc>160%</color>的护盾值，持续10秒。
103205	1032	5	震荡放射·掩护·火	Assets/Product/Texture/Image/IconPetSkill/Pet3XiaoSkillzhudong01.png	任意消除6个基础信号球后，会激活辅助机按钮，释放后沃托在控制角色身边飞行一周，对周围的敌人造成<color=#0f70bc>800%</color>火属性伤害，释放期间控制角色获得<color=#0f70bc>3</color>秒霸体，同时获得辅助机攻击力<color=#0f70bc>200%</color>的护盾值，持续10秒。
103301	1033	1	震荡放射·掩护·冰	Assets/Product/Texture/Image/IconPetSkill/Pet3XiaoSkillzhudong02.png	任意消除6个基础信号球后，会激活辅助机按钮，释放后沃托在控制角色身边飞行一周，对周围的敌人造成<color=#0f70bc>160%</color>冰属性伤害，释放期间控制角色获得<color=#0f70bc>3</color>秒霸体，同时获得辅助机攻击力<color=#0f70bc>40%</color>的护盾值，持续10秒。
103302	1033	2	震荡放射·掩护·冰	Assets/Product/Texture/Image/IconPetSkill/Pet3XiaoSkillzhudong02.png	任意消除6个基础信号球后，会激活辅助机按钮，释放后沃托在控制角色身边飞行一周，对周围的敌人造成<color=#0f70bc>320%</color>冰属性伤害，释放期间控制角色获得<color=#0f70bc>3</color>秒霸体，同时获得辅助机攻击力<color=#0f70bc>80%</color>的护盾值，持续10秒。
103303	1033	3	震荡放射·掩护·冰	Assets/Product/Texture/Image/IconPetSkill/Pet3XiaoSkillzhudong02.png	任意消除6个基础信号球后，会激活辅助机按钮，释放后沃托在控制角色身边飞行一周，对周围的敌人造成<color=#0f70bc>480%</color>冰属性伤害，释放期间控制角色获得<color=#0f70bc>3</color>秒霸体，同时获得辅助机攻击力<color=#0f70bc>120%</color>的护盾值，持续10秒。
103304	1033	4	震荡放射·掩护·冰	Assets/Product/Texture/Image/IconPetSkill/Pet3XiaoSkillzhudong02.png	任意消除6个基础信号球后，会激活辅助机按钮，释放后沃托在控制角色身边飞行一周，对周围的敌人造成<color=#0f70bc>640%</color>冰属性伤害，释放期间控制角色获得<color=#0f70bc>3</color>秒霸体，同时获得辅助机攻击力<color=#0f70bc>160%</color>的护盾值，持续10秒。
103305	1033	5	震荡放射·掩护·冰	Assets/Product/Texture/Image/IconPetSkill/Pet3XiaoSkillzhudong02.png	任意消除6个基础信号球后，会激活辅助机按钮，释放后沃托在控制角色身边飞行一周，对周围的敌人造成<color=#0f70bc>800%</color>冰属性伤害，释放期间控制角色获得<color=#0f70bc>3</color>秒霸体，同时获得辅助机攻击力<color=#0f70bc>200%</color>的护盾值，持续10秒。
103401	1034	1	震荡放射·掩护·雷	Assets/Product/Texture/Image/IconPetSkill/Pet3XiaoSkillzhudong03.png	任意消除6个基础信号球后，会激活辅助机按钮，释放后沃托在控制角色身边飞行一周，对周围的敌人造成<color=#0f70bc>160%</color>雷属性伤害，释放期间控制角色获得<color=#0f70bc>3</color>秒霸体，同时获得辅助机攻击力<color=#0f70bc>40%</color>的护盾值，持续10秒。
103402	1034	2	震荡放射·掩护·雷	Assets/Product/Texture/Image/IconPetSkill/Pet3XiaoSkillzhudong03.png	任意消除6个基础信号球后，会激活辅助机按钮，释放后沃托在控制角色身边飞行一周，对周围的敌人造成<color=#0f70bc>320%</color>雷属性伤害，释放期间控制角色获得<color=#0f70bc>3</color>秒霸体，同时获得辅助机攻击力<color=#0f70bc>80%</color>的护盾值，持续10秒。
103403	1034	3	震荡放射·掩护·雷	Assets/Product/Texture/Image/IconPetSkill/Pet3XiaoSkillzhudong03.png	任意消除6个基础信号球后，会激活辅助机按钮，释放后沃托在控制角色身边飞行一周，对周围的敌人造成<color=#0f70bc>480%</color>雷属性伤害，释放期间控制角色获得<color=#0f70bc>3</color>秒霸体，同时获得辅助机攻击力<color=#0f70bc>120%</color>的护盾值，持续10秒。
103404	1034	4	震荡放射·掩护·雷	Assets/Product/Texture/Image/IconPetSkill/Pet3XiaoSkillzhudong03.png	任意消除6个基础信号球后，会激活辅助机按钮，释放后沃托在控制角色身边飞行一周，对周围的敌人造成<color=#0f70bc>640%</color>雷属性伤害，释放期间控制角色获得<color=#0f70bc>3</color>秒霸体，同时获得辅助机攻击力<color=#0f70bc>160%</color>的护盾值，持续10秒。
103405	1034	5	震荡放射·掩护·雷	Assets/Product/Texture/Image/IconPetSkill/Pet3XiaoSkillzhudong03.png	任意消除6个基础信号球后，会激活辅助机按钮，释放后沃托在控制角色身边飞行一周，对周围的敌人造成<color=#0f70bc>800%</color>雷属性伤害，释放期间控制角色获得<color=#0f70bc>3</color>秒霸体，同时获得辅助机攻击力<color=#0f70bc>200%</color>的护盾值，持续10秒。
103501	1035	1	震荡放射·掩护·暗	Assets/Product/Texture/Image/IconPetSkill/Pet3XiaoSkillzhudong04.png	任意消除6个基础信号球后，会激活辅助机按钮，释放后沃托在控制角色身边飞行一周，对周围的敌人造成<color=#0f70bc>160%</color>暗属性伤害，并留下引爆印记，引爆时造成<color=#0f70bc>40%</color>暗属性伤害。释放期间控制角色获得<color=#0f70bc>3</color>秒霸体，同时获得辅助机攻击力<color=#0f70bc>40%</color>的护盾值，持续10秒。附加<color=#935ee1>数据攻击</color>。
103502	1035	2	震荡放射·掩护·暗	Assets/Product/Texture/Image/IconPetSkill/Pet3XiaoSkillzhudong04.png	任意消除6个基础信号球后，会激活辅助机按钮，释放后沃托在控制角色身边飞行一周，对周围的敌人造成<color=#0f70bc>320%</color>暗属性伤害，并留下引爆印记，引爆时造成<color=#0f70bc>80%</color>暗属性伤害。释放期间控制角色获得<color=#0f70bc>3</color>秒霸体，同时获得辅助机攻击力<color=#0f70bc>80%</color>的护盾值，持续10秒。附加<color=#935ee1>数据攻击</color>。
103503	1035	3	震荡放射·掩护·暗	Assets/Product/Texture/Image/IconPetSkill/Pet3XiaoSkillzhudong04.png	任意消除6个基础信号球后，会激活辅助机按钮，释放后沃托在控制角色身边飞行一周，对周围的敌人造成<color=#0f70bc>480%</color>暗属性伤害，并留下引爆印记，引爆时造成<color=#0f70bc>120%</color>暗属性伤害。释放期间控制角色获得<color=#0f70bc>3</color>秒霸体，同时获得辅助机攻击力<color=#0f70bc>120%</color>的护盾值，持续10秒。附加<color=#935ee1>数据攻击</color>。
103504	1035	4	震荡放射·掩护·暗	Assets/Product/Texture/Image/IconPetSkill/Pet3XiaoSkillzhudong04.png	任意消除6个基础信号球后，会激活辅助机按钮，释放后沃托在控制角色身边飞行一周，对周围的敌人造成<color=#0f70bc>640%</color>暗属性伤害，并留下引爆印记，引爆时造成<color=#0f70bc>160%</color>暗属性伤害。释放期间控制角色获得<color=#0f70bc>3</color>秒霸体，同时获得辅助机攻击力<color=#0f70bc>160%</color>的护盾值，持续10秒。附加<color=#935ee1>数据攻击</color>。
103505	1035	5	震荡放射·掩护·暗	Assets/Product/Texture/Image/IconPetSkill/Pet3XiaoSkillzhudong04.png	任意消除6个基础信号球后，会激活辅助机按钮，释放后沃托在控制角色身边飞行一周，对周围的敌人造成<color=#0f70bc>800%</color>暗属性伤害，并留下引爆印记，引爆时造成<color=#0f70bc>200%</color>暗属性伤害。释放期间控制角色获得<color=#0f70bc>3</color>秒霸体，同时获得辅助机攻击力<color=#0f70bc>200%</color>的护盾值，持续10秒。附加<color=#935ee1>数据攻击</color>。
103601	1036	1	震荡放射·掩护·空	Assets/Product/Texture/Image/IconPetSkill/Pet3XiaoSkillzhudong06.png	任意消除6个基础信号球后，会激活辅助机按钮，释放后沃托在控制角色身边飞行一周，对周围的敌人造成<color=#0f70bc>160%</color>空属性伤害，释放期间控制角色获得<color=#0f70bc>3</color>秒霸体，同时获得辅助机攻击力<color=#0f70bc>40%</color>的护盾值，持续10秒。
103602	1036	2	震荡放射·掩护·空	Assets/Product/Texture/Image/IconPetSkill/Pet3XiaoSkillzhudong06.png	任意消除6个基础信号球后，会激活辅助机按钮，释放后沃托在控制角色身边飞行一周，对周围的敌人造成<color=#0f70bc>320%</color>空属性伤害，释放期间控制角色获得<color=#0f70bc>3</color>秒霸体，同时获得辅助机攻击力<color=#0f70bc>80%</color>的护盾值，持续10秒。
103603	1036	3	震荡放射·掩护·空	Assets/Product/Texture/Image/IconPetSkill/Pet3XiaoSkillzhudong06.png	任意消除6个基础信号球后，会激活辅助机按钮，释放后沃托在控制角色身边飞行一周，对周围的敌人造成<color=#0f70bc>480%</color>空属性伤害，释放期间控制角色获得<color=#0f70bc>3</color>秒霸体，同时获得辅助机攻击力<color=#0f70bc>120%</color>的护盾值，持续10秒。
103604	1036	4	震荡放射·掩护·空	Assets/Product/Texture/Image/IconPetSkill/Pet3XiaoSkillzhudong06.png	任意消除6个基础信号球后，会激活辅助机按钮，释放后沃托在控制角色身边飞行一周，对周围的敌人造成<color=#0f70bc>640%</color>空属性伤害，释放期间控制角色获得<color=#0f70bc>3</color>秒霸体，同时获得辅助机攻击力<color=#0f70bc>160%</color>的护盾值，持续10秒。
103605	1036	5	震荡放射·掩护·空	Assets/Product/Texture/Image/IconPetSkill/Pet3XiaoSkillzhudong06.png	任意消除6个基础信号球后，会激活辅助机按钮，释放后沃托在控制角色身边飞行一周，对周围的敌人造成<color=#0f70bc>800%</color>空属性伤害，释放期间控制角色获得<color=#0f70bc>3</color>秒霸体，同时获得辅助机攻击力<color=#0f70bc>200%</color>的护盾值，持续10秒。
104101	1041	1	震荡放射·立场·物	Assets/Product/Texture/Image/IconPetSkill/Pet3XiaoSkillzhudong05.png	任意消除6个基础信号球后，会激活辅助机按钮，释放后沃托在控制角色身边飞行一周，对周围的敌人造成<color=#0f70bc>200%</color>物理伤害，释放期间控制角色获得<color=#0f70bc>5</color>秒霸体。
104102	1041	2	震荡放射·立场·物	Assets/Product/Texture/Image/IconPetSkill/Pet3XiaoSkillzhudong05.png	任意消除6个基础信号球后，会激活辅助机按钮，释放后沃托在控制角色身边飞行一周，对周围的敌人造成<color=#0f70bc>400%</color>物理伤害，释放期间控制角色获得<color=#0f70bc>5</color>秒霸体。
104103	1041	3	震荡放射·立场·物	Assets/Product/Texture/Image/IconPetSkill/Pet3XiaoSkillzhudong05.png	任意消除6个基础信号球后，会激活辅助机按钮，释放后沃托在控制角色身边飞行一周，对周围的敌人造成<color=#0f70bc>600%</color>物理伤害，释放期间控制角色获得<color=#0f70bc>5</color>秒霸体。
104104	1041	4	震荡放射·立场·物	Assets/Product/Texture/Image/IconPetSkill/Pet3XiaoSkillzhudong05.png	任意消除6个基础信号球后，会激活辅助机按钮，释放后沃托在控制角色身边飞行一周，对周围的敌人造成<color=#0f70bc>800%</color>物理伤害，释放期间控制角色获得<color=#0f70bc>5</color>秒霸体。
104105	1041	5	震荡放射·立场·物	Assets/Product/Texture/Image/IconPetSkill/Pet3XiaoSkillzhudong05.png	任意消除6个基础信号球后，会激活辅助机按钮，释放后沃托在控制角色身边飞行一周，对周围的敌人造成<color=#0f70bc>1000%</color>物理伤害，释放期间控制角色获得<color=#0f70bc>5</color>秒霸体。
104201	1042	1	震荡放射·立场·火	Assets/Product/Texture/Image/IconPetSkill/Pet3XiaoSkillzhudong01.png	任意消除6个基础信号球后，会激活辅助机按钮，释放后沃托在控制角色身边飞行一周，对周围的敌人造成<color=#0f70bc>200%</color>火属性伤害，释放期间控制角色获得<color=#0f70bc>5</color>秒霸体。
104202	1042	2	震荡放射·立场·火	Assets/Product/Texture/Image/IconPetSkill/Pet3XiaoSkillzhudong01.png	任意消除6个基础信号球后，会激活辅助机按钮，释放后沃托在控制角色身边飞行一周，对周围的敌人造成<color=#0f70bc>400%</color>火属性伤害，释放期间控制角色获得<color=#0f70bc>5</color>秒霸体。
104203	1042	3	震荡放射·立场·火	Assets/Product/Texture/Image/IconPetSkill/Pet3XiaoSkillzhudong01.png	任意消除6个基础信号球后，会激活辅助机按钮，释放后沃托在控制角色身边飞行一周，对周围的敌人造成<color=#0f70bc>600%</color>火属性伤害，释放期间控制角色获得<color=#0f70bc>5</color>秒霸体。
104204	1042	4	震荡放射·立场·火	Assets/Product/Texture/Image/IconPetSkill/Pet3XiaoSkillzhudong01.png	任意消除6个基础信号球后，会激活辅助机按钮，释放后沃托在控制角色身边飞行一周，对周围的敌人造成<color=#0f70bc>800%</color>火属性伤害，释放期间控制角色获得<color=#0f70bc>5</color>秒霸体。
104205	1042	5	震荡放射·立场·火	Assets/Product/Texture/Image/IconPetSkill/Pet3XiaoSkillzhudong01.png	任意消除6个基础信号球后，会激活辅助机按钮，释放后沃托在控制角色身边飞行一周，对周围的敌人造成<color=#0f70bc>1000%</color>火属性伤害，释放期间控制角色获得<color=#0f70bc>5</color>秒霸体。
104301	1043	1	震荡放射·立场·冰	Assets/Product/Texture/Image/IconPetSkill/Pet3XiaoSkillzhudong02.png	任意消除6个基础信号球后，会激活辅助机按钮，释放后沃托在控制角色身边飞行一周，对周围的敌人造成<color=#0f70bc>200%</color>冰属性伤害，释放期间控制角色获得<color=#0f70bc>5</color>秒霸体。
104302	1043	2	震荡放射·立场·冰	Assets/Product/Texture/Image/IconPetSkill/Pet3XiaoSkillzhudong02.png	任意消除6个基础信号球后，会激活辅助机按钮，释放后沃托在控制角色身边飞行一周，对周围的敌人造成<color=#0f70bc>400%</color>冰属性伤害，释放期间控制角色获得<color=#0f70bc>5</color>秒霸体。
104303	1043	3	震荡放射·立场·冰	Assets/Product/Texture/Image/IconPetSkill/Pet3XiaoSkillzhudong02.png	任意消除6个基础信号球后，会激活辅助机按钮，释放后沃托在控制角色身边飞行一周，对周围的敌人造成<color=#0f70bc>600%</color>冰属性伤害，释放期间控制角色获得<color=#0f70bc>5</color>秒霸体。
104304	1043	4	震荡放射·立场·冰	Assets/Product/Texture/Image/IconPetSkill/Pet3XiaoSkillzhudong02.png	任意消除6个基础信号球后，会激活辅助机按钮，释放后沃托在控制角色身边飞行一周，对周围的敌人造成<color=#0f70bc>800%</color>冰属性伤害，释放期间控制角色获得<color=#0f70bc>5</color>秒霸体。
104305	1043	5	震荡放射·立场·冰	Assets/Product/Texture/Image/IconPetSkill/Pet3XiaoSkillzhudong02.png	任意消除6个基础信号球后，会激活辅助机按钮，释放后沃托在控制角色身边飞行一周，对周围的敌人造成<color=#0f70bc>1000%</color>冰属性伤害，释放期间控制角色获得<color=#0f70bc>5</color>秒霸体。
104401	1044	1	震荡放射·立场·雷	Assets/Product/Texture/Image/IconPetSkill/Pet3XiaoSkillzhudong03.png	任意消除6个基础信号球后，会激活辅助机按钮，释放后沃托在控制角色身边飞行一周，对周围的敌人造成<color=#0f70bc>200%</color>雷属性伤害，释放期间控制角色获得<color=#0f70bc>5</color>秒霸体。
104402	1044	2	震荡放射·立场·雷	Assets/Product/Texture/Image/IconPetSkill/Pet3XiaoSkillzhudong03.png	任意消除6个基础信号球后，会激活辅助机按钮，释放后沃托在控制角色身边飞行一周，对周围的敌人造成<color=#0f70bc>400%</color>雷属性伤害，释放期间控制角色获得<color=#0f70bc>5</color>秒霸体。
104403	1044	3	震荡放射·立场·雷	Assets/Product/Texture/Image/IconPetSkill/Pet3XiaoSkillzhudong03.png	任意消除6个基础信号球后，会激活辅助机按钮，释放后沃托在控制角色身边飞行一周，对周围的敌人造成<color=#0f70bc>600%</color>雷属性伤害，释放期间控制角色获得<color=#0f70bc>5</color>秒霸体。
104404	1044	4	震荡放射·立场·雷	Assets/Product/Texture/Image/IconPetSkill/Pet3XiaoSkillzhudong03.png	任意消除6个基础信号球后，会激活辅助机按钮，释放后沃托在控制角色身边飞行一周，对周围的敌人造成<color=#0f70bc>800%</color>雷属性伤害，释放期间控制角色获得<color=#0f70bc>5</color>秒霸体。
104405	1044	5	震荡放射·立场·雷	Assets/Product/Texture/Image/IconPetSkill/Pet3XiaoSkillzhudong03.png	任意消除6个基础信号球后，会激活辅助机按钮，释放后沃托在控制角色身边飞行一周，对周围的敌人造成<color=#0f70bc>1000%</color>雷属性伤害，释放期间控制角色获得<color=#0f70bc>5</color>秒霸体。
104501	1045	1	震荡放射·立场·暗	Assets/Product/Texture/Image/IconPetSkill/Pet3XiaoSkillzhudong04.png	任意消除6个基础信号球后，会激活辅助机按钮，释放后沃托在控制角色身边飞行一周，对周围的敌人造成<color=#0f70bc>200%</color>暗属性伤害，并留下引爆印记，引爆时造成<color=#0f70bc>40%</color>暗属性伤害。释放期间控制角色获得<color=#0f70bc>5</color>秒霸体。附加<color=#935ee1>数据攻击</color>。
104502	1045	2	震荡放射·立场·暗	Assets/Product/Texture/Image/IconPetSkill/Pet3XiaoSkillzhudong04.png	任意消除6个基础信号球后，会激活辅助机按钮，释放后沃托在控制角色身边飞行一周，对周围的敌人造成<color=#0f70bc>400%</color>暗属性伤害，并留下引爆印记，引爆时造成<color=#0f70bc>80%</color>暗属性伤害。释放期间控制角色获得<color=#0f70bc>5</color>秒霸体。附加<color=#935ee1>数据攻击</color>。
104503	1045	3	震荡放射·立场·暗	Assets/Product/Texture/Image/IconPetSkill/Pet3XiaoSkillzhudong04.png	任意消除6个基础信号球后，会激活辅助机按钮，释放后沃托在控制角色身边飞行一周，对周围的敌人造成<color=#0f70bc>600%</color>暗属性伤害，并留下引爆印记，引爆时造成<color=#0f70bc>120%</color>暗属性伤害。释放期间控制角色获得<color=#0f70bc>5</color>秒霸体。附加<color=#935ee1>数据攻击</color>。
104504	1045	4	震荡放射·立场·暗	Assets/Product/Texture/Image/IconPetSkill/Pet3XiaoSkillzhudong04.png	任意消除6个基础信号球后，会激活辅助机按钮，释放后沃托在控制角色身边飞行一周，对周围的敌人造成<color=#0f70bc>800%</color>暗属性伤害，并留下引爆印记，引爆时造成<color=#0f70bc>160%</color>暗属性伤害。释放期间控制角色获得<color=#0f70bc>5</color>秒霸体。附加<color=#935ee1>数据攻击</color>。
104505	1045	5	震荡放射·立场·暗	Assets/Product/Texture/Image/IconPetSkill/Pet3XiaoSkillzhudong04.png	任意消除6个基础信号球后，会激活辅助机按钮，释放后沃托在控制角色身边飞行一周，对周围的敌人造成<color=#0f70bc>1000%</color>暗属性伤害，并留下引爆印记，引爆时造成<color=#0f70bc>200%</color>暗属性伤害。释放期间控制角色获得<color=#0f70bc>5</color>秒霸体。附加<color=#935ee1>数据攻击</color>。
104601	1046	1	震荡放射·立场·空	Assets/Product/Texture/Image/IconPetSkill/Pet3XiaoSkillzhudong06.png	任意消除6个基础信号球后，会激活辅助机按钮，释放后沃托在控制角色身边飞行一周，对周围的敌人造成<color=#0f70bc>200%</color>空属性伤害，释放期间控制角色获得<color=#0f70bc>5</color>秒霸体。
104602	1046	2	震荡放射·立场·空	Assets/Product/Texture/Image/IconPetSkill/Pet3XiaoSkillzhudong06.png	任意消除6个基础信号球后，会激活辅助机按钮，释放后沃托在控制角色身边飞行一周，对周围的敌人造成<color=#0f70bc>400%</color>空属性伤害，释放期间控制角色获得<color=#0f70bc>5</color>秒霸体。
104603	1046	3	震荡放射·立场·空	Assets/Product/Texture/Image/IconPetSkill/Pet3XiaoSkillzhudong06.png	任意消除6个基础信号球后，会激活辅助机按钮，释放后沃托在控制角色身边飞行一周，对周围的敌人造成<color=#0f70bc>600%</color>空属性伤害，释放期间控制角色获得<color=#0f70bc>5</color>秒霸体。
104604	1046	4	震荡放射·立场·空	Assets/Product/Texture/Image/IconPetSkill/Pet3XiaoSkillzhudong06.png	任意消除6个基础信号球后，会激活辅助机按钮，释放后沃托在控制角色身边飞行一周，对周围的敌人造成<color=#0f70bc>800%</color>空属性伤害，释放期间控制角色获得<color=#0f70bc>5</color>秒霸体。
104605	1046	5	震荡放射·立场·空	Assets/Product/Texture/Image/IconPetSkill/Pet3XiaoSkillzhudong06.png	任意消除6个基础信号球后，会激活辅助机按钮，释放后沃托在控制角色身边飞行一周，对周围的敌人造成<color=#0f70bc>1000%</color>空属性伤害，释放期间控制角色获得<color=#0f70bc>5</color>秒霸体。
5100001	51000	1	谐振腔	Assets/Product/Texture/Image/IconPetSkill/Pet3XiaoSkillbeidong01.png	沃托主动技伤害提高<color=#0f70bc>12%</color>
5100002	51000	2	谐振腔	Assets/Product/Texture/Image/IconPetSkill/Pet3XiaoSkillbeidong01.png	沃托主动技伤害提高<color=#0f70bc>24%</color>
5100003	51000	3	谐振腔	Assets/Product/Texture/Image/IconPetSkill/Pet3XiaoSkillbeidong01.png	沃托主动技伤害提高<color=#0f70bc>36%</color>
5100004	51000	4	谐振腔	Assets/Product/Texture/Image/IconPetSkill/Pet3XiaoSkillbeidong01.png	沃托主动技伤害提高<color=#0f70bc>48%</color>
5100005	51000	5	谐振腔	Assets/Product/Texture/Image/IconPetSkill/Pet3XiaoSkillbeidong01.png	沃托主动技伤害提高<color=#0f70bc>60%</color>
5101001	51010	1	共振	Assets/Product/Texture/Image/IconPetSkill/Pet3XiaoSkillbeidong02.png	携带角色攻击力提高<color=#0f70bc>12</color>
5101002	51010	2	共振	Assets/Product/Texture/Image/IconPetSkill/Pet3XiaoSkillbeidong02.png	携带角色攻击力提高<color=#0f70bc>24</color>
5101003	51010	3	共振	Assets/Product/Texture/Image/IconPetSkill/Pet3XiaoSkillbeidong02.png	携带角色攻击力提高<color=#0f70bc>36</color>
5101004	51010	4	共振	Assets/Product/Texture/Image/IconPetSkill/Pet3XiaoSkillbeidong02.png	携带角色攻击力提高<color=#0f70bc>48</color>
5101005	51010	5	共振	Assets/Product/Texture/Image/IconPetSkill/Pet3XiaoSkillbeidong02.png	携带角色攻击力提高<color=#0f70bc>60</color>
5102001	51020	1	碰撞跃迁	Assets/Product/Texture/Image/IconPetSkill/Pet3XiaoSkillbeidong03.png	携带角色释放三消技能后，额外伤害加成提高<color=#0f70bc>0.6%</color>，持续5秒，重复触发刷新持续时间。
5102002	51020	2	碰撞跃迁	Assets/Product/Texture/Image/IconPetSkill/Pet3XiaoSkillbeidong03.png	携带角色释放三消技能后，额外伤害加成提高<color=#0f70bc>1.2%</color>，持续5秒，重复触发刷新持续时间。
5102003	51020	3	碰撞跃迁	Assets/Product/Texture/Image/IconPetSkill/Pet3XiaoSkillbeidong03.png	携带角色释放三消技能后，额外伤害加成提高<color=#0f70bc>1.8%</color>，持续5秒，重复触发刷新持续时间。
5102004	51020	4	碰撞跃迁	Assets/Product/Texture/Image/IconPetSkill/Pet3XiaoSkillbeidong03.png	携带角色释放三消技能后，额外伤害加成提高<color=#0f70bc>2.4%</color>，持续5秒，重复触发刷新持续时间。
5102005	51020	5	碰撞跃迁	Assets/Product/Texture/Image/IconPetSkill/Pet3XiaoSkillbeidong03.png	携带角色释放三消技能后，额外伤害加成提高<color=#0f70bc>3%</color>，持续5秒，重复触发刷新持续时间。
5103001	51030	1	辐射跃迁	Assets/Product/Texture/Image/IconPetSkill/Pet3XiaoSkillbeidong04.png	携带角色每次普通攻击命中敌方后提高<color=#0f70bc>4</color>点攻击力，持续5秒，最多叠加<color=#0f70bc>4</color>层，叠满后重复触发刷新持续时间。
5103002	51030	2	辐射跃迁	Assets/Product/Texture/Image/IconPetSkill/Pet3XiaoSkillbeidong04.png	携带角色每次普通攻击命中敌方后提高<color=#0f70bc>8</color>点攻击力，持续5秒，最多叠加<color=#0f70bc>4</color>层，叠满后重复触发刷新持续时间。
5103003	51030	3	辐射跃迁	Assets/Product/Texture/Image/IconPetSkill/Pet3XiaoSkillbeidong04.png	携带角色每次普通攻击命中敌方后提高<color=#0f70bc>12</color>点攻击力，持续5秒，最多叠加<color=#0f70bc>4</color>层，叠满后重复触发刷新持续时间。
5103004	51030	4	辐射跃迁	Assets/Product/Texture/Image/IconPetSkill/Pet3XiaoSkillbeidong04.png	携带角色每次普通攻击命中敌方后提高<color=#0f70bc>16</color>点攻击力，持续5秒，最多叠加<color=#0f70bc>4</color>层，叠满后重复触发刷新持续时间。
5103005	51030	5	辐射跃迁	Assets/Product/Texture/Image/IconPetSkill/Pet3XiaoSkillbeidong04.png	携带角色每次普通攻击命中敌方后提高<color=#0f70bc>20</color>点攻击力，持续5秒，最多叠加<color=#0f70bc>4</color>层，叠满后重复触发刷新持续时间。
5104001	51040	1	顺磁共振	Assets/Product/Texture/Image/IconPetSkill/Pet3XiaoSkillbeidong05.png	携带角色暗属性伤害提高<color=#0f70bc>2%</color>。
5104002	51040	2	顺磁共振	Assets/Product/Texture/Image/IconPetSkill/Pet3XiaoSkillbeidong05.png	携带角色暗属性伤害提高<color=#0f70bc>4%</color>。
5104003	51040	3	顺磁共振	Assets/Product/Texture/Image/IconPetSkill/Pet3XiaoSkillbeidong05.png	携带角色暗属性伤害提高<color=#0f70bc>6%</color>。
5104004	51040	4	顺磁共振	Assets/Product/Texture/Image/IconPetSkill/Pet3XiaoSkillbeidong05.png	携带角色暗属性伤害提高<color=#0f70bc>8%</color>。
5104005	51040	5	顺磁共振	Assets/Product/Texture/Image/IconPetSkill/Pet3XiaoSkillbeidong05.png	携带角色暗属性伤害提高<color=#0f70bc>10%</color>。
105101	1051	1	启蛰霍闪·物	Assets/Product/Texture/Image/IconPetSkill/Pet3HeSkillzhudong05.png	任意消除6个基础信号球后，会激活辅助机按钮，释放后庭霓会向前冲锋，造成<color=#0f70bc>300%</color>物理伤害，并将敌人聚集到冲锋路径上同时附加<color=#0f70bc>爆炸</color>，持续8秒，物理攻击可引爆<color=#0f70bc>爆炸</color>并造成<color=#0f70bc>120%</color>物理范围伤害。附加<color=#935ee1>数据攻击</color>。
105102	1051	2	启蛰霍闪·物	Assets/Product/Texture/Image/IconPetSkill/Pet3HeSkillzhudong05.png	任意消除6个基础信号球后，会激活辅助机按钮，释放后庭霓会向前冲锋，造成<color=#0f70bc>600%</color>物理伤害，并将敌人聚集到冲锋路径上同时附加<color=#0f70bc>爆炸</color>，持续8秒，物理攻击可引爆<color=#0f70bc>爆炸</color>并造成<color=#0f70bc>240%</color>物理范围伤害。附加<color=#935ee1>数据攻击</color>。
105103	1051	3	启蛰霍闪·物	Assets/Product/Texture/Image/IconPetSkill/Pet3HeSkillzhudong05.png	任意消除6个基础信号球后，会激活辅助机按钮，释放后庭霓会向前冲锋，造成<color=#0f70bc>900%</color>物理伤害，并将敌人聚集到冲锋路径上同时附加<color=#0f70bc>爆炸</color>，持续8秒，物理攻击可引爆<color=#0f70bc>爆炸</color>并造成<color=#0f70bc>360%</color>物理范围伤害。附加<color=#935ee1>数据攻击</color>。
105104	1051	4	启蛰霍闪·物	Assets/Product/Texture/Image/IconPetSkill/Pet3HeSkillzhudong05.png	任意消除6个基础信号球后，会激活辅助机按钮，释放后庭霓会向前冲锋，造成<color=#0f70bc>1200%</color>物理伤害，并将敌人聚集到冲锋路径上同时附加<color=#0f70bc>爆炸</color>，持续8秒，物理攻击可引爆<color=#0f70bc>爆炸</color>并造成<color=#0f70bc>480%</color>物理范围伤害。附加<color=#935ee1>数据攻击</color>。
105105	1051	5	启蛰霍闪·物	Assets/Product/Texture/Image/IconPetSkill/Pet3HeSkillzhudong05.png	任意消除6个基础信号球后，会激活辅助机按钮，释放后庭霓会向前冲锋，造成<color=#0f70bc>1500%</color>物理伤害，并将敌人聚集到冲锋路径上同时附加<color=#0f70bc>爆炸</color>，持续8秒，物理攻击可引爆<color=#0f70bc>爆炸</color>并造成<color=#0f70bc>600%</color>物理范围伤害。附加<color=#935ee1>数据攻击</color>。
105201	1052	1	启蛰霍闪·火	Assets/Product/Texture/Image/IconPetSkill/Pet3HeSkillzhudong01.png	任意消除6个基础信号球后，会激活辅助机按钮，释放后庭霓会向前冲锋，造成<color=#0f70bc>300%</color>火属性伤害，并将敌人聚集到冲锋路径上同时附加<color=#0f70bc>爆炸</color>，持续8秒，火属性攻击可引爆<color=#0f70bc>爆炸</color>并造成<color=#0f70bc>120%</color>火属性范围伤害。附加<color=#935ee1>数据攻击</color>。
105202	1052	2	启蛰霍闪·火	Assets/Product/Texture/Image/IconPetSkill/Pet3HeSkillzhudong01.png	任意消除6个基础信号球后，会激活辅助机按钮，释放后庭霓会向前冲锋，造成<color=#0f70bc>600%</color>火属性伤害，并将敌人聚集到冲锋路径上同时附加<color=#0f70bc>爆炸</color>，持续8秒，火属性攻击可引爆<color=#0f70bc>爆炸</color>并造成<color=#0f70bc>240%</color>火属性范围伤害。附加<color=#935ee1>数据攻击</color>。
105203	1052	3	启蛰霍闪·火	Assets/Product/Texture/Image/IconPetSkill/Pet3HeSkillzhudong01.png	任意消除6个基础信号球后，会激活辅助机按钮，释放后庭霓会向前冲锋，造成<color=#0f70bc>900%</color>火属性伤害，并将敌人聚集到冲锋路径上同时附加<color=#0f70bc>爆炸</color>，持续8秒，火属性攻击可引爆<color=#0f70bc>爆炸</color>并造成<color=#0f70bc>360%</color>火属性范围伤害。附加<color=#935ee1>数据攻击</color>。
105204	1052	4	启蛰霍闪·火	Assets/Product/Texture/Image/IconPetSkill/Pet3HeSkillzhudong01.png	任意消除6个基础信号球后，会激活辅助机按钮，释放后庭霓会向前冲锋，造成<color=#0f70bc>1200%</color>火属性伤害，并将敌人聚集到冲锋路径上同时附加<color=#0f70bc>爆炸</color>，持续8秒，火属性攻击可引爆<color=#0f70bc>爆炸</color>并造成<color=#0f70bc>480%</color>火属性范围伤害。附加<color=#935ee1>数据攻击</color>。
105205	1052	5	启蛰霍闪·火	Assets/Product/Texture/Image/IconPetSkill/Pet3HeSkillzhudong01.png	任意消除6个基础信号球后，会激活辅助机按钮，释放后庭霓会向前冲锋，造成<color=#0f70bc>1500%</color>火属性伤害，并将敌人聚集到冲锋路径上同时附加<color=#0f70bc>爆炸</color>，持续8秒，火属性攻击可引爆<color=#0f70bc>爆炸</color>并造成<color=#0f70bc>600%</color>火属性范围伤害。附加<color=#935ee1>数据攻击</color>。
105301	1053	1	启蛰霍闪·冰	Assets/Product/Texture/Image/IconPetSkill/Pet3HeSkillzhudong02.png	任意消除6个基础信号球后，会激活辅助机按钮，释放后庭霓会向前冲锋，造成<color=#0f70bc>300%</color>冰属性伤害，并将敌人聚集到冲锋路径上同时附加<color=#0f70bc>爆炸</color>，持续8秒，冰属性攻击可引爆<color=#0f70bc>爆炸</color>并造成<color=#0f70bc>120%</color>冰属性范围伤害。附加<color=#935ee1>数据攻击</color>。
105302	1053	2	启蛰霍闪·冰	Assets/Product/Texture/Image/IconPetSkill/Pet3HeSkillzhudong02.png	任意消除6个基础信号球后，会激活辅助机按钮，释放后庭霓会向前冲锋，造成<color=#0f70bc>600%</color>冰属性伤害，并将敌人聚集到冲锋路径上同时附加<color=#0f70bc>爆炸</color>，持续8秒，冰属性攻击可引爆<color=#0f70bc>爆炸</color>并造成<color=#0f70bc>240%</color>冰属性范围伤害。附加<color=#935ee1>数据攻击</color>。
105303	1053	3	启蛰霍闪·冰	Assets/Product/Texture/Image/IconPetSkill/Pet3HeSkillzhudong02.png	任意消除6个基础信号球后，会激活辅助机按钮，释放后庭霓会向前冲锋，造成<color=#0f70bc>900%</color>冰属性伤害，并将敌人聚集到冲锋路径上同时附加<color=#0f70bc>爆炸</color>，持续8秒，冰属性攻击可引爆<color=#0f70bc>爆炸</color>并造成<color=#0f70bc>360%</color>冰属性范围伤害。附加<color=#935ee1>数据攻击</color>。
105304	1053	4	启蛰霍闪·冰	Assets/Product/Texture/Image/IconPetSkill/Pet3HeSkillzhudong02.png	任意消除6个基础信号球后，会激活辅助机按钮，释放后庭霓会向前冲锋，造成<color=#0f70bc>1200%</color>冰属性伤害，并将敌人聚集到冲锋路径上同时附加<color=#0f70bc>爆炸</color>，持续8秒，冰属性攻击可引爆<color=#0f70bc>爆炸</color>并造成<color=#0f70bc>480%</color>冰属性范围伤害。附加<color=#935ee1>数据攻击</color>。
105305	1053	5	启蛰霍闪·冰	Assets/Product/Texture/Image/IconPetSkill/Pet3HeSkillzhudong02.png	任意消除6个基础信号球后，会激活辅助机按钮，释放后庭霓会向前冲锋，造成<color=#0f70bc>1500%</color>冰属性伤害，并将敌人聚集到冲锋路径上同时附加<color=#0f70bc>爆炸</color>，持续8秒，冰属性攻击可引爆<color=#0f70bc>爆炸</color>并造成<color=#0f70bc>600%</color>冰属性范围伤害。附加<color=#935ee1>数据攻击</color>。
105401	1054	1	启蛰霍闪·雷	Assets/Product/Texture/Image/IconPetSkill/Pet3HeSkillzhudong03.png	任意消除6个基础信号球后，会激活辅助机按钮，释放后庭霓会向前冲锋，造成<color=#0f70bc>300%</color>雷属性伤害，并将敌人聚集到冲锋路径上同时附加<color=#0f70bc>爆炸</color>，持续8秒，雷属性攻击可引爆<color=#0f70bc>爆炸</color>并造成<color=#0f70bc>120%</color>雷属性范围伤害。附加<color=#935ee1>高级数据攻击</color>。
105402	1054	2	启蛰霍闪·雷	Assets/Product/Texture/Image/IconPetSkill/Pet3HeSkillzhudong03.png	任意消除6个基础信号球后，会激活辅助机按钮，释放后庭霓会向前冲锋，造成<color=#0f70bc>600%</color>雷属性伤害，并将敌人聚集到冲锋路径上同时附加<color=#0f70bc>爆炸</color>，持续8秒，雷属性攻击可引爆<color=#0f70bc>爆炸</color>并造成<color=#0f70bc>240%</color>雷属性范围伤害。附加<color=#935ee1>高级数据攻击</color>。
105403	1054	3	启蛰霍闪·雷	Assets/Product/Texture/Image/IconPetSkill/Pet3HeSkillzhudong03.png	任意消除6个基础信号球后，会激活辅助机按钮，释放后庭霓会向前冲锋，造成<color=#0f70bc>900%</color>雷属性伤害，并将敌人聚集到冲锋路径上同时附加<color=#0f70bc>爆炸</color>，持续8秒，雷属性攻击可引爆<color=#0f70bc>爆炸</color>并造成<color=#0f70bc>360%</color>雷属性范围伤害。附加<color=#935ee1>高级数据攻击</color>。
105404	1054	4	启蛰霍闪·雷	Assets/Product/Texture/Image/IconPetSkill/Pet3HeSkillzhudong03.png	任意消除6个基础信号球后，会激活辅助机按钮，释放后庭霓会向前冲锋，造成<color=#0f70bc>1200%</color>雷属性伤害，并将敌人聚集到冲锋路径上同时附加<color=#0f70bc>爆炸</color>，持续8秒，雷属性攻击可引爆<color=#0f70bc>爆炸</color>并造成<color=#0f70bc>480%</color>雷属性范围伤害。附加<color=#935ee1>高级数据攻击</color>。
105405	1054	5	启蛰霍闪·雷	Assets/Product/Texture/Image/IconPetSkill/Pet3HeSkillzhudong03.png	任意消除6个基础信号球后，会激活辅助机按钮，释放后庭霓会向前冲锋，造成<color=#0f70bc>1500%</color>雷属性伤害，并将敌人聚集到冲锋路径上同时附加<color=#0f70bc>爆炸</color>，持续8秒，雷属性攻击可引爆<color=#0f70bc>爆炸</color>并造成<color=#0f70bc>600%</color>雷属性范围伤害。附加<color=#935ee1>高级数据攻击</color>。
105501	1055	1	启蛰霍闪·暗	Assets/Product/Texture/Image/IconPetSkill/Pet3HeSkillzhudong04.png	任意消除6个基础信号球后，会激活辅助机按钮，释放后庭霓会向前冲锋，造成<color=#0f70bc>300%</color>暗属性伤害，并将敌人聚集到冲锋路径上同时附加<color=#0f70bc>爆炸</color>，持续8秒，暗属性攻击可引爆<color=#0f70bc>爆炸</color>并造成<color=#0f70bc>120%</color>暗属性范围伤害。附加<color=#935ee1>数据攻击</color>。
105502	1055	2	启蛰霍闪·暗	Assets/Product/Texture/Image/IconPetSkill/Pet3HeSkillzhudong04.png	任意消除6个基础信号球后，会激活辅助机按钮，释放后庭霓会向前冲锋，造成<color=#0f70bc>600%</color>暗属性伤害，并将敌人聚集到冲锋路径上同时附加<color=#0f70bc>爆炸</color>，持续8秒，暗属性攻击可引爆<color=#0f70bc>爆炸</color>并造成<color=#0f70bc>240%</color>暗属性范围伤害。附加<color=#935ee1>数据攻击</color>。
105503	1055	3	启蛰霍闪·暗	Assets/Product/Texture/Image/IconPetSkill/Pet3HeSkillzhudong04.png	任意消除6个基础信号球后，会激活辅助机按钮，释放后庭霓会向前冲锋，造成<color=#0f70bc>900%</color>暗属性伤害，并将敌人聚集到冲锋路径上同时附加<color=#0f70bc>爆炸</color>，持续8秒，暗属性攻击可引爆<color=#0f70bc>爆炸</color>并造成<color=#0f70bc>360%</color>暗属性范围伤害。附加<color=#935ee1>数据攻击</color>。
105504	1055	4	启蛰霍闪·暗	Assets/Product/Texture/Image/IconPetSkill/Pet3HeSkillzhudong04.png	任意消除6个基础信号球后，会激活辅助机按钮，释放后庭霓会向前冲锋，造成<color=#0f70bc>1200%</color>暗属性伤害，并将敌人聚集到冲锋路径上同时附加<color=#0f70bc>爆炸</color>，持续8秒，暗属性攻击可引爆<color=#0f70bc>爆炸</color>并造成<color=#0f70bc>480%</color>暗属性范围伤害。附加<color=#935ee1>数据攻击</color>。
105505	1055	5	启蛰霍闪·暗	Assets/Product/Texture/Image/IconPetSkill/Pet3HeSkillzhudong04.png	任意消除6个基础信号球后，会激活辅助机按钮，释放后庭霓会向前冲锋，造成<color=#0f70bc>1500%</color>暗属性伤害，并将敌人聚集到冲锋路径上同时附加<color=#0f70bc>爆炸</color>，持续8秒，暗属性攻击可引爆<color=#0f70bc>爆炸</color>并造成<color=#0f70bc>600%</color>暗属性范围伤害。附加<color=#935ee1>数据攻击</color>。
105601	1056	1	启蛰霍闪·空	Assets/Product/Texture/Image/IconPetSkill/Pet3HeSkillzhudong06.png	任意消除6个基础信号球后，会激活辅助机按钮，释放后庭霓会向前冲锋，造成<color=#0f70bc>300%</color>空属性伤害，并将敌人聚集到冲锋路径上同时附加<color=#0f70bc>爆炸</color>，持续8秒，空属性攻击可引爆<color=#0f70bc>爆炸</color>并造成<color=#0f70bc>120%</color>空属性范围伤害。附加<color=#935ee1>数据攻击</color>。
105602	1056	2	启蛰霍闪·空	Assets/Product/Texture/Image/IconPetSkill/Pet3HeSkillzhudong06.png	任意消除6个基础信号球后，会激活辅助机按钮，释放后庭霓会向前冲锋，造成<color=#0f70bc>600%</color>空属性伤害，并将敌人聚集到冲锋路径上同时附加<color=#0f70bc>爆炸</color>，持续8秒，空属性攻击可引爆<color=#0f70bc>爆炸</color>并造成<color=#0f70bc>240%</color>空属性范围伤害。附加<color=#935ee1>数据攻击</color>。
105603	1056	3	启蛰霍闪·空	Assets/Product/Texture/Image/IconPetSkill/Pet3HeSkillzhudong06.png	任意消除6个基础信号球后，会激活辅助机按钮，释放后庭霓会向前冲锋，造成<color=#0f70bc>900%</color>空属性伤害，并将敌人聚集到冲锋路径上同时附加<color=#0f70bc>爆炸</color>，持续8秒，空属性攻击可引爆<color=#0f70bc>爆炸</color>并造成<color=#0f70bc>360%</color>空属性范围伤害。附加<color=#935ee1>数据攻击</color>。
105604	1056	4	启蛰霍闪·空	Assets/Product/Texture/Image/IconPetSkill/Pet3HeSkillzhudong06.png	任意消除6个基础信号球后，会激活辅助机按钮，释放后庭霓会向前冲锋，造成<color=#0f70bc>1200%</color>空属性伤害，并将敌人聚集到冲锋路径上同时附加<color=#0f70bc>爆炸</color>，持续8秒，空属性攻击可引爆<color=#0f70bc>爆炸</color>并造成<color=#0f70bc>480%</color>空属性范围伤害。附加<color=#935ee1>数据攻击</color>。
105605	1056	5	启蛰霍闪·空	Assets/Product/Texture/Image/IconPetSkill/Pet3HeSkillzhudong06.png	任意消除6个基础信号球后，会激活辅助机按钮，释放后庭霓会向前冲锋，造成<color=#0f70bc>1500%</color>空属性伤害，并将敌人聚集到冲锋路径上同时附加<color=#0f70bc>爆炸</color>，持续8秒，空属性攻击可引爆<color=#0f70bc>爆炸</color>并造成<color=#0f70bc>600%</color>空属性范围伤害。附加<color=#935ee1>数据攻击</color>。
106101	1061	1	吟湃雳击·物	Assets/Product/Texture/Image/IconPetSkill/Pet3HeSkillzhudong05.png	任意消除6个基础信号球后，会激活辅助机按钮，释放后庭霓会掩护角色向前冲锋，造成<color=#0f70bc>300%</color>物理伤害，并将敌人聚集到冲锋路径上同时附加<color=#0f70bc>爆炸</color>，持续8秒，物理攻击可引爆<color=#0f70bc>爆炸</color>并造成<color=#0f70bc>120%</color>物理范围伤害，变为庭霓期间控制角色暂时无敌。附加<color=#935ee1>数据攻击</color>。
106102	1061	2	吟湃雳击·物	Assets/Product/Texture/Image/IconPetSkill/Pet3HeSkillzhudong05.png	任意消除6个基础信号球后，会激活辅助机按钮，释放后庭霓会掩护角色向前冲锋，造成<color=#0f70bc>600%</color>物理伤害，并将敌人聚集到冲锋路径上同时附加<color=#0f70bc>爆炸</color>，持续8秒，物理攻击可引爆<color=#0f70bc>爆炸</color>并造成<color=#0f70bc>240%</color>物理范围伤害，变为庭霓期间控制角色暂时无敌。附加<color=#935ee1>数据攻击</color>。
106103	1061	3	吟湃雳击·物	Assets/Product/Texture/Image/IconPetSkill/Pet3HeSkillzhudong05.png	任意消除6个基础信号球后，会激活辅助机按钮，释放后庭霓会掩护角色向前冲锋，造成<color=#0f70bc>900%</color>物理伤害，并将敌人聚集到冲锋路径上同时附加<color=#0f70bc>爆炸</color>，持续8秒，物理攻击可引爆<color=#0f70bc>爆炸</color>并造成<color=#0f70bc>360%</color>物理范围伤害，变为庭霓期间控制角色暂时无敌。附加<color=#935ee1>数据攻击</color>。
106104	1061	4	吟湃雳击·物	Assets/Product/Texture/Image/IconPetSkill/Pet3HeSkillzhudong05.png	任意消除6个基础信号球后，会激活辅助机按钮，释放后庭霓会掩护角色向前冲锋，造成<color=#0f70bc>1200%</color>物理伤害，并将敌人聚集到冲锋路径上同时附加<color=#0f70bc>爆炸</color>，持续8秒，物理攻击可引爆<color=#0f70bc>爆炸</color>并造成<color=#0f70bc>480%</color>物理范围伤害，变为庭霓期间控制角色暂时无敌。附加<color=#935ee1>数据攻击</color>。
106105	1061	5	吟湃雳击·物	Assets/Product/Texture/Image/IconPetSkill/Pet3HeSkillzhudong05.png	任意消除6个基础信号球后，会激活辅助机按钮，释放后庭霓会掩护角色向前冲锋，造成<color=#0f70bc>1500%</color>物理伤害，并将敌人聚集到冲锋路径上同时附加<color=#0f70bc>爆炸</color>，持续8秒，物理攻击可引爆<color=#0f70bc>爆炸</color>并造成<color=#0f70bc>600%</color>物理范围伤害，变为庭霓期间控制角色暂时无敌。附加<color=#935ee1>数据攻击</color>。
106201	1062	1	吟湃雳击·火	Assets/Product/Texture/Image/IconPetSkill/Pet3HeSkillzhudong01.png	任意消除6个基础信号球后，会激活辅助机按钮，释放后庭霓会掩护角色向前冲锋，造成<color=#0f70bc>300%</color>火属性伤害，并将敌人聚集到冲锋路径上同时附加<color=#0f70bc>爆炸</color>，持续8秒，火属性攻击可引爆<color=#0f70bc>爆炸</color>并造成<color=#0f70bc>120%</color>火属性范围伤害，变为庭霓期间控制角色暂时无敌。附加<color=#935ee1>数据攻击</color>。
106202	1062	2	吟湃雳击·火	Assets/Product/Texture/Image/IconPetSkill/Pet3HeSkillzhudong01.png	任意消除6个基础信号球后，会激活辅助机按钮，释放后庭霓会掩护角色向前冲锋，造成<color=#0f70bc>600%</color>火属性伤害，并将敌人聚集到冲锋路径上同时附加<color=#0f70bc>爆炸</color>，持续8秒，火属性攻击可引爆<color=#0f70bc>爆炸</color>并造成<color=#0f70bc>240%</color>火属性范围伤害，变为庭霓期间控制角色暂时无敌。附加<color=#935ee1>数据攻击</color>。
106203	1062	3	吟湃雳击·火	Assets/Product/Texture/Image/IconPetSkill/Pet3HeSkillzhudong01.png	任意消除6个基础信号球后，会激活辅助机按钮，释放后庭霓会掩护角色向前冲锋，造成<color=#0f70bc>900%</color>火属性伤害，并将敌人聚集到冲锋路径上同时附加<color=#0f70bc>爆炸</color>，持续8秒，火属性攻击可引爆<color=#0f70bc>爆炸</color>并造成<color=#0f70bc>360%</color>火属性范围伤害，变为庭霓期间控制角色暂时无敌。附加<color=#935ee1>数据攻击</color>。
106204	1062	4	吟湃雳击·火	Assets/Product/Texture/Image/IconPetSkill/Pet3HeSkillzhudong01.png	任意消除6个基础信号球后，会激活辅助机按钮，释放后庭霓会掩护角色向前冲锋，造成<color=#0f70bc>1200%</color>火属性伤害，并将敌人聚集到冲锋路径上同时附加<color=#0f70bc>爆炸</color>，持续8秒，火属性攻击可引爆<color=#0f70bc>爆炸</color>并造成<color=#0f70bc>480%</color>火属性范围伤害，变为庭霓期间控制角色暂时无敌。附加<color=#935ee1>数据攻击</color>。
106205	1062	5	吟湃雳击·火	Assets/Product/Texture/Image/IconPetSkill/Pet3HeSkillzhudong01.png	任意消除6个基础信号球后，会激活辅助机按钮，释放后庭霓会掩护角色向前冲锋，造成<color=#0f70bc>1500%</color>火属性伤害，并将敌人聚集到冲锋路径上同时附加<color=#0f70bc>爆炸</color>，持续8秒，火属性攻击可引爆<color=#0f70bc>爆炸</color>并造成<color=#0f70bc>600%</color>火属性范围伤害，变为庭霓期间控制角色暂时无敌。附加<color=#935ee1>数据攻击</color>。
106301	1063	1	吟湃雳击·冰	Assets/Product/Texture/Image/IconPetSkill/Pet3HeSkillzhudong02.png	任意消除6个基础信号球后，会激活辅助机按钮，释放后庭霓会掩护角色向前冲锋，造成<color=#0f70bc>300%</color>冰属性伤害，并将敌人聚集到冲锋路径上同时附加<color=#0f70bc>爆炸</color>，持续8秒，冰属性攻击可引爆<color=#0f70bc>爆炸</color>并造成<color=#0f70bc>120%</color>冰属性范围伤害，变为庭霓期间控制角色暂时无敌。附加<color=#935ee1>数据攻击</color>。
106302	1063	2	吟湃雳击·冰	Assets/Product/Texture/Image/IconPetSkill/Pet3HeSkillzhudong02.png	任意消除6个基础信号球后，会激活辅助机按钮，释放后庭霓会掩护角色向前冲锋，造成<color=#0f70bc>600%</color>冰属性伤害，并将敌人聚集到冲锋路径上同时附加<color=#0f70bc>爆炸</color>，持续8秒，冰属性攻击可引爆<color=#0f70bc>爆炸</color>并造成<color=#0f70bc>240%</color>冰属性范围伤害，变为庭霓期间控制角色暂时无敌。附加<color=#935ee1>数据攻击</color>。
106303	1063	3	吟湃雳击·冰	Assets/Product/Texture/Image/IconPetSkill/Pet3HeSkillzhudong02.png	任意消除6个基础信号球后，会激活辅助机按钮，释放后庭霓会掩护角色向前冲锋，造成<color=#0f70bc>900%</color>冰属性伤害，并将敌人聚集到冲锋路径上同时附加<color=#0f70bc>爆炸</color>，持续8秒，冰属性攻击可引爆<color=#0f70bc>爆炸</color>并造成<color=#0f70bc>360%</color>冰属性范围伤害，变为庭霓期间控制角色暂时无敌。附加<color=#935ee1>数据攻击</color>。
106304	1063	4	吟湃雳击·冰	Assets/Product/Texture/Image/IconPetSkill/Pet3HeSkillzhudong02.png	任意消除6个基础信号球后，会激活辅助机按钮，释放后庭霓会掩护角色向前冲锋，造成<color=#0f70bc>1200%</color>冰属性伤害，并将敌人聚集到冲锋路径上同时附加<color=#0f70bc>爆炸</color>，持续8秒，冰属性攻击可引爆<color=#0f70bc>爆炸</color>并造成<color=#0f70bc>480%</color>冰属性范围伤害，变为庭霓期间控制角色暂时无敌。附加<color=#935ee1>数据攻击</color>。
106305	1063	5	吟湃雳击·冰	Assets/Product/Texture/Image/IconPetSkill/Pet3HeSkillzhudong02.png	任意消除6个基础信号球后，会激活辅助机按钮，释放后庭霓会掩护角色向前冲锋，造成<color=#0f70bc>1500%</color>冰属性伤害，并将敌人聚集到冲锋路径上同时附加<color=#0f70bc>爆炸</color>，持续8秒，冰属性攻击可引爆<color=#0f70bc>爆炸</color>并造成<color=#0f70bc>600%</color>冰属性范围伤害，变为庭霓期间控制角色暂时无敌。附加<color=#935ee1>数据攻击</color>。
106401	1064	1	吟湃雳击·雷	Assets/Product/Texture/Image/IconPetSkill/Pet3HeSkillzhudong03.png	任意消除6个基础信号球后，会激活辅助机按钮，释放后庭霓会掩护角色向前冲锋，造成<color=#0f70bc>300%</color>雷属性伤害，并将敌人聚集到冲锋路径上同时附加<color=#0f70bc>爆炸</color>，持续8秒，雷属性攻击可引爆<color=#0f70bc>爆炸</color>并造成<color=#0f70bc>120%</color>雷属性范围伤害，变为庭霓期间控制角色暂时无敌。附加<color=#935ee1>高级数据攻击</color>。
106402	1064	2	吟湃雳击·雷	Assets/Product/Texture/Image/IconPetSkill/Pet3HeSkillzhudong03.png	任意消除6个基础信号球后，会激活辅助机按钮，释放后庭霓会掩护角色向前冲锋，造成<color=#0f70bc>600%</color>雷属性伤害，并将敌人聚集到冲锋路径上同时附加<color=#0f70bc>爆炸</color>，持续8秒，雷属性攻击可引爆<color=#0f70bc>爆炸</color>并造成<color=#0f70bc>240%</color>雷属性范围伤害，变为庭霓期间控制角色暂时无敌。附加<color=#935ee1>高级数据攻击</color>。
106403	1064	3	吟湃雳击·雷	Assets/Product/Texture/Image/IconPetSkill/Pet3HeSkillzhudong03.png	任意消除6个基础信号球后，会激活辅助机按钮，释放后庭霓会掩护角色向前冲锋，造成<color=#0f70bc>900%</color>雷属性伤害，并将敌人聚集到冲锋路径上同时附加<color=#0f70bc>爆炸</color>，持续8秒，雷属性攻击可引爆<color=#0f70bc>爆炸</color>并造成<color=#0f70bc>360%</color>雷属性范围伤害，变为庭霓期间控制角色暂时无敌。附加<color=#935ee1>高级数据攻击</color>。
106404	1064	4	吟湃雳击·雷	Assets/Product/Texture/Image/IconPetSkill/Pet3HeSkillzhudong03.png	任意消除6个基础信号球后，会激活辅助机按钮，释放后庭霓会掩护角色向前冲锋，造成<color=#0f70bc>1200%</color>雷属性伤害，并将敌人聚集到冲锋路径上同时附加<color=#0f70bc>爆炸</color>，持续8秒，雷属性攻击可引爆<color=#0f70bc>爆炸</color>并造成<color=#0f70bc>480%</color>雷属性范围伤害，变为庭霓期间控制角色暂时无敌。附加<color=#935ee1>高级数据攻击</color>。
106405	1064	5	吟湃雳击·雷	Assets/Product/Texture/Image/IconPetSkill/Pet3HeSkillzhudong03.png	任意消除6个基础信号球后，会激活辅助机按钮，释放后庭霓会掩护角色向前冲锋，造成<color=#0f70bc>1500%</color>雷属性伤害，并将敌人聚集到冲锋路径上同时附加<color=#0f70bc>爆炸</color>，持续8秒，雷属性攻击可引爆<color=#0f70bc>爆炸</color>并造成<color=#0f70bc>600%</color>雷属性范围伤害，变为庭霓期间控制角色暂时无敌。附加<color=#935ee1>高级数据攻击</color>。
106501	1065	1	吟湃雳击·暗	Assets/Product/Texture/Image/IconPetSkill/Pet3HeSkillzhudong04.png	任意消除6个基础信号球后，会激活辅助机按钮，释放后庭霓会掩护角色向前冲锋，造成<color=#0f70bc>300%</color>暗属性伤害，并将敌人聚集到冲锋路径上同时附加<color=#0f70bc>爆炸</color>，持续8秒，暗属性攻击可引爆<color=#0f70bc>爆炸</color>并造成<color=#0f70bc>120%</color>暗属性范围伤害，变为庭霓期间控制角色暂时无敌。附加<color=#935ee1>数据攻击</color>。
106502	1065	2	吟湃雳击·暗	Assets/Product/Texture/Image/IconPetSkill/Pet3HeSkillzhudong04.png	任意消除6个基础信号球后，会激活辅助机按钮，释放后庭霓会掩护角色向前冲锋，造成<color=#0f70bc>600%</color>暗属性伤害，并将敌人聚集到冲锋路径上同时附加<color=#0f70bc>爆炸</color>，持续8秒，暗属性攻击可引爆<color=#0f70bc>爆炸</color>并造成<color=#0f70bc>240%</color>暗属性范围伤害，变为庭霓期间控制角色暂时无敌。附加<color=#935ee1>数据攻击</color>。
106503	1065	3	吟湃雳击·暗	Assets/Product/Texture/Image/IconPetSkill/Pet3HeSkillzhudong04.png	任意消除6个基础信号球后，会激活辅助机按钮，释放后庭霓会掩护角色向前冲锋，造成<color=#0f70bc>900%</color>暗属性伤害，并将敌人聚集到冲锋路径上同时附加<color=#0f70bc>爆炸</color>，持续8秒，暗属性攻击可引爆<color=#0f70bc>爆炸</color>并造成<color=#0f70bc>360%</color>暗属性范围伤害，变为庭霓期间控制角色暂时无敌。附加<color=#935ee1>数据攻击</color>。
106504	1065	4	吟湃雳击·暗	Assets/Product/Texture/Image/IconPetSkill/Pet3HeSkillzhudong04.png	任意消除6个基础信号球后，会激活辅助机按钮，释放后庭霓会掩护角色向前冲锋，造成<color=#0f70bc>1200%</color>暗属性伤害，并将敌人聚集到冲锋路径上同时附加<color=#0f70bc>爆炸</color>，持续8秒，暗属性攻击可引爆<color=#0f70bc>爆炸</color>并造成<color=#0f70bc>480%</color>暗属性范围伤害，变为庭霓期间控制角色暂时无敌。附加<color=#935ee1>数据攻击</color>。
106505	1065	5	吟湃雳击·暗	Assets/Product/Texture/Image/IconPetSkill/Pet3HeSkillzhudong04.png	任意消除6个基础信号球后，会激活辅助机按钮，释放后庭霓会掩护角色向前冲锋，造成<color=#0f70bc>1500%</color>暗属性伤害，并将敌人聚集到冲锋路径上同时附加<color=#0f70bc>爆炸</color>，持续8秒，暗属性攻击可引爆<color=#0f70bc>爆炸</color>并造成<color=#0f70bc>600%</color>暗属性范围伤害，变为庭霓期间控制角色暂时无敌。附加<color=#935ee1>数据攻击</color>。
106601	1066	1	吟湃雳击·空	Assets/Product/Texture/Image/IconPetSkill/Pet3HeSkillzhudong06.png	任意消除6个基础信号球后，会激活辅助机按钮，释放后庭霓会掩护角色向前冲锋，造成<color=#0f70bc>300%</color>空属性伤害，并将敌人聚集到冲锋路径上同时附加<color=#0f70bc>爆炸</color>，持续8秒，空属性攻击可引爆<color=#0f70bc>爆炸</color>并造成<color=#0f70bc>120%</color>空属性范围伤害，变为庭霓期间控制角色暂时无敌。附加<color=#935ee1>数据攻击</color>。
106602	1066	2	吟湃雳击·空	Assets/Product/Texture/Image/IconPetSkill/Pet3HeSkillzhudong06.png	任意消除6个基础信号球后，会激活辅助机按钮，释放后庭霓会掩护角色向前冲锋，造成<color=#0f70bc>600%</color>空属性伤害，并将敌人聚集到冲锋路径上同时附加<color=#0f70bc>爆炸</color>，持续8秒，空属性攻击可引爆<color=#0f70bc>爆炸</color>并造成<color=#0f70bc>240%</color>空属性范围伤害，变为庭霓期间控制角色暂时无敌。附加<color=#935ee1>数据攻击</color>。
106603	1066	3	吟湃雳击·空	Assets/Product/Texture/Image/IconPetSkill/Pet3HeSkillzhudong06.png	任意消除6个基础信号球后，会激活辅助机按钮，释放后庭霓会掩护角色向前冲锋，造成<color=#0f70bc>900%</color>空属性伤害，并将敌人聚集到冲锋路径上同时附加<color=#0f70bc>爆炸</color>，持续8秒，空属性攻击可引爆<color=#0f70bc>爆炸</color>并造成<color=#0f70bc>360%</color>空属性范围伤害，变为庭霓期间控制角色暂时无敌。附加<color=#935ee1>数据攻击</color>。
106604	1066	4	吟湃雳击·空	Assets/Product/Texture/Image/IconPetSkill/Pet3HeSkillzhudong06.png	任意消除6个基础信号球后，会激活辅助机按钮，释放后庭霓会掩护角色向前冲锋，造成<color=#0f70bc>1200%</color>空属性伤害，并将敌人聚集到冲锋路径上同时附加<color=#0f70bc>爆炸</color>，持续8秒，空属性攻击可引爆<color=#0f70bc>爆炸</color>并造成<color=#0f70bc>480%</color>空属性范围伤害，变为庭霓期间控制角色暂时无敌。附加<color=#935ee1>数据攻击</color>。
106605	1066	5	吟湃雳击·空	Assets/Product/Texture/Image/IconPetSkill/Pet3HeSkillzhudong06.png	任意消除6个基础信号球后，会激活辅助机按钮，释放后庭霓会掩护角色向前冲锋，造成<color=#0f70bc>1500%</color>空属性伤害，并将敌人聚集到冲锋路径上同时附加<color=#0f70bc>爆炸</color>，持续8秒，空属性攻击可引爆<color=#0f70bc>爆炸</color>并造成<color=#0f70bc>600%</color>空属性范围伤害，变为庭霓期间控制角色暂时无敌。附加<color=#935ee1>数据攻击</color>。
5200001	52000	1	粒子继电	Assets/Product/Texture/Image/IconPetSkill/Pet3HeSkillbeidong01.png	庭霓主动技伤害提高<color=#0f70bc>14%</color>
5200002	52000	2	粒子继电	Assets/Product/Texture/Image/IconPetSkill/Pet3HeSkillbeidong01.png	庭霓主动技伤害提高<color=#0f70bc>28%</color>
5200003	52000	3	粒子继电	Assets/Product/Texture/Image/IconPetSkill/Pet3HeSkillbeidong01.png	庭霓主动技伤害提高<color=#0f70bc>42%</color>
5200004	52000	4	粒子继电	Assets/Product/Texture/Image/IconPetSkill/Pet3HeSkillbeidong01.png	庭霓主动技伤害提高<color=#0f70bc>56%</color>
5200005	52000	5	粒子继电	Assets/Product/Texture/Image/IconPetSkill/Pet3HeSkillbeidong01.png	庭霓主动技伤害提高<color=#0f70bc>70%</color>
5201001	52010	1	电极匹对	Assets/Product/Texture/Image/IconPetSkill/Pet3HeSkillbeidong02.png	携带角色攻击力提高<color=#0f70bc>20</color>
5201002	52010	2	电极匹对	Assets/Product/Texture/Image/IconPetSkill/Pet3HeSkillbeidong02.png	携带角色攻击力提高<color=#0f70bc>40</color>
5201003	52010	3	电极匹对	Assets/Product/Texture/Image/IconPetSkill/Pet3HeSkillbeidong02.png	携带角色攻击力提高<color=#0f70bc>60</color>
5201004	52010	4	电极匹对	Assets/Product/Texture/Image/IconPetSkill/Pet3HeSkillbeidong02.png	携带角色攻击力提高<color=#0f70bc>80</color>
5201005	52010	5	电极匹对	Assets/Product/Texture/Image/IconPetSkill/Pet3HeSkillbeidong02.png	携带角色攻击力提高<color=#0f70bc>100</color>
5202001	52020	1	双磁激发	Assets/Product/Texture/Image/IconPetSkill/Pet3HeSkillbeidong03.png	庭霓释放技能后，携带角色攻击力增加<color=#0f70bc>8</color>，最多叠加3层
5202002	52020	2	双磁激发	Assets/Product/Texture/Image/IconPetSkill/Pet3HeSkillbeidong03.png	庭霓释放技能后，携带角色攻击力增加<color=#0f70bc>16</color>，最多叠加3层
5202003	52020	3	双磁激发	Assets/Product/Texture/Image/IconPetSkill/Pet3HeSkillbeidong03.png	庭霓释放技能后，携带角色攻击力增加<color=#0f70bc>24</color>，最多叠加3层
5202004	52020	4	双磁激发	Assets/Product/Texture/Image/IconPetSkill/Pet3HeSkillbeidong03.png	庭霓释放技能后，携带角色攻击力增加<color=#0f70bc>32</color>，最多叠加3层
5202005	52020	5	双磁激发	Assets/Product/Texture/Image/IconPetSkill/Pet3HeSkillbeidong03.png	庭霓释放技能后，携带角色攻击力增加<color=#0f70bc>40</color>，最多叠加3层
5203001	52030	1	超载电压	Assets/Product/Texture/Image/IconPetSkill/Pet3HeSkillbeidong04.png	携带角色每次造成雷属性伤害后，雷属性伤害提高<color=#0f70bc>1%</color>，持续8秒，最多叠加<color=#0f70bc>2</color>层，重复触发刷新持续时间。
5203002	52030	2	超载电压	Assets/Product/Texture/Image/IconPetSkill/Pet3HeSkillbeidong04.png	携带角色每次造成雷属性伤害后，雷属性伤害提高<color=#0f70bc>2%</color>，持续8秒，最多叠加<color=#0f70bc>2</color>层，重复触发刷新持续时间。
5203003	52030	3	超载电压	Assets/Product/Texture/Image/IconPetSkill/Pet3HeSkillbeidong04.png	携带角色每次造成雷属性伤害后，雷属性伤害提高<color=#0f70bc>3%</color>，持续8秒，最多叠加<color=#0f70bc>2</color>层，重复触发刷新持续时间。
5203004	52030	4	超载电压	Assets/Product/Texture/Image/IconPetSkill/Pet3HeSkillbeidong04.png	携带角色每次造成雷属性伤害后，雷属性伤害提高<color=#0f70bc>4%</color>，持续8秒，最多叠加<color=#0f70bc>2</color>层，重复触发刷新持续时间。
5203005	52030	5	超载电压	Assets/Product/Texture/Image/IconPetSkill/Pet3HeSkillbeidong04.png	携带角色每次造成雷属性伤害后，雷属性伤害提高<color=#0f70bc>5%</color>，持续8秒，最多叠加<color=#0f70bc>2</color>层，重复触发刷新持续时间。
5204001	52040	1	雷鸣天启	Assets/Product/Texture/Image/IconPetSkill/Pet3HeSkillbeidong05.png	比安卡·真理<color=#0f70bc>千钧一发</color>技能伤害提高<color=#0f70bc>2.5%</color>
5204002	52040	2	雷鸣天启	Assets/Product/Texture/Image/IconPetSkill/Pet3HeSkillbeidong05.png	比安卡·真理<color=#0f70bc>千钧一发</color>技能伤害提高<color=#0f70bc>5%</color>
5204003	52040	3	雷鸣天启	Assets/Product/Texture/Image/IconPetSkill/Pet3HeSkillbeidong05.png	比安卡·真理<color=#0f70bc>千钧一发</color>技能伤害提高<color=#0f70bc>7.5%</color>
5204004	52040	4	雷鸣天启	Assets/Product/Texture/Image/IconPetSkill/Pet3HeSkillbeidong05.png	比安卡·真理<color=#0f70bc>千钧一发</color>技能伤害提高<color=#0f70bc>10%</color>
5204005	52040	5	雷鸣天启	Assets/Product/Texture/Image/IconPetSkill/Pet3HeSkillbeidong05.png	比安卡·真理<color=#0f70bc>千钧一发</color>技能伤害提高<color=#0f70bc>12.5%</color>
107101	1071	1	坠地猛踏·物	Assets/Product/Texture/Image/IconPetSkill/Pet3MaSkillzhudong05.png	任意消除6个基础信号球后，会激活辅助机按钮，释放后霜誓从空中落下，践踏敌人造成<color=#0f70bc>150%</color>物理伤害并使敌人<color=#935ee1>僵固</color>，随后生成<color=#935ee1>雪棘林</color>，对区域内的敌人造成每秒<color=#0f70bc>25%</color>物理持续伤害，持续<color=#0f70bc>8</color>秒。附加<color=#935ee1>高级数据攻击</color>。<color=#935ee1>僵固</color>：使敌人静止2秒。
107102	1071	2	坠地猛踏·物	Assets/Product/Texture/Image/IconPetSkill/Pet3MaSkillzhudong05.png	任意消除6个基础信号球后，会激活辅助机按钮，释放后霜誓从空中落下，践踏敌人造成<color=#0f70bc>300%</color>物理伤害并使敌人<color=#935ee1>僵固</color>，随后生成<color=#935ee1>雪棘林</color>，对区域内的敌人造成每秒<color=#0f70bc>50%</color>物理持续伤害，持续<color=#0f70bc>8</color>秒。附加<color=#935ee1>高级数据攻击</color>。<color=#935ee1>僵固</color>：使敌人静止2秒。
107103	1071	3	坠地猛踏·物	Assets/Product/Texture/Image/IconPetSkill/Pet3MaSkillzhudong05.png	任意消除6个基础信号球后，会激活辅助机按钮，释放后霜誓从空中落下，践踏敌人造成<color=#0f70bc>450%</color>物理伤害并使敌人<color=#935ee1>僵固</color>，随后生成<color=#935ee1>雪棘林</color>，对区域内的敌人造成每秒<color=#0f70bc>75%</color>物理持续伤害，持续<color=#0f70bc>8</color>秒。附加<color=#935ee1>高级数据攻击</color>。<color=#935ee1>僵固</color>：使敌人静止2秒。
107104	1071	4	坠地猛踏·物	Assets/Product/Texture/Image/IconPetSkill/Pet3MaSkillzhudong05.png	任意消除6个基础信号球后，会激活辅助机按钮，释放后霜誓从空中落下，践踏敌人造成<color=#0f70bc>600%</color>物理伤害并使敌人<color=#935ee1>僵固</color>，随后生成<color=#935ee1>雪棘林</color>，对区域内的敌人造成每秒<color=#0f70bc>100%</color>物理持续伤害，持续<color=#0f70bc>8</color>秒。附加<color=#935ee1>高级数据攻击</color>。<color=#935ee1>僵固</color>：使敌人静止2秒。
107105	1071	5	坠地猛踏·物	Assets/Product/Texture/Image/IconPetSkill/Pet3MaSkillzhudong05.png	任意消除6个基础信号球后，会激活辅助机按钮，释放后霜誓从空中落下，践踏敌人造成<color=#0f70bc>750%</color>物理伤害并使敌人<color=#935ee1>僵固</color>，随后生成<color=#935ee1>雪棘林</color>，对区域内的敌人造成每秒<color=#0f70bc>125%</color>物理持续伤害，持续<color=#0f70bc>8</color>秒。附加<color=#935ee1>高级数据攻击</color>。<color=#935ee1>僵固</color>：使敌人静止2秒。
107201	1072	1	坠地猛踏·火	Assets/Product/Texture/Image/IconPetSkill/Pet3MaSkillzhudong01.png	任意消除6个基础信号球后，会激活辅助机按钮，释放后霜誓从空中落下，践踏敌人造成<color=#0f70bc>150%</color>火属性伤害并使敌人<color=#935ee1>僵固</color>，随后生成<color=#935ee1>雪棘林</color>，对区域内的敌人造成每秒<color=#0f70bc>25%</color>火属性持续伤害，持续<color=#0f70bc>4</color>秒。附加<color=#935ee1>数据攻击</color>。<color=#935ee1>僵固</color>：使敌人静止2秒。
107202	1072	2	坠地猛踏·火	Assets/Product/Texture/Image/IconPetSkill/Pet3MaSkillzhudong01.png	任意消除6个基础信号球后，会激活辅助机按钮，释放后霜誓从空中落下，践踏敌人造成<color=#0f70bc>300%</color>火属性伤害并使敌人<color=#935ee1>僵固</color>，随后生成<color=#935ee1>雪棘林</color>，对区域内的敌人造成每秒<color=#0f70bc>50%</color>火属性持续伤害，持续<color=#0f70bc>4</color>秒。附加<color=#935ee1>数据攻击</color>。<color=#935ee1>僵固</color>：使敌人静止2秒。
107203	1072	3	坠地猛踏·火	Assets/Product/Texture/Image/IconPetSkill/Pet3MaSkillzhudong01.png	任意消除6个基础信号球后，会激活辅助机按钮，释放后霜誓从空中落下，践踏敌人造成<color=#0f70bc>450%</color>火属性伤害并使敌人<color=#935ee1>僵固</color>，随后生成<color=#935ee1>雪棘林</color>，对区域内的敌人造成每秒<color=#0f70bc>75%</color>火属性持续伤害，持续<color=#0f70bc>4</color>秒。附加<color=#935ee1>数据攻击</color>。<color=#935ee1>僵固</color>：使敌人静止2秒。
107204	1072	4	坠地猛踏·火	Assets/Product/Texture/Image/IconPetSkill/Pet3MaSkillzhudong01.png	任意消除6个基础信号球后，会激活辅助机按钮，释放后霜誓从空中落下，践踏敌人造成<color=#0f70bc>600%</color>火属性伤害并使敌人<color=#935ee1>僵固</color>，随后生成<color=#935ee1>雪棘林</color>，对区域内的敌人造成每秒<color=#0f70bc>100%</color>火属性持续伤害，持续<color=#0f70bc>4</color>秒。附加<color=#935ee1>数据攻击</color>。<color=#935ee1>僵固</color>：使敌人静止2秒。
107205	1072	5	坠地猛踏·火	Assets/Product/Texture/Image/IconPetSkill/Pet3MaSkillzhudong01.png	任意消除6个基础信号球后，会激活辅助机按钮，释放后霜誓从空中落下，践踏敌人造成<color=#0f70bc>750%</color>火属性伤害并使敌人<color=#935ee1>僵固</color>，随后生成<color=#935ee1>雪棘林</color>，对区域内的敌人造成每秒<color=#0f70bc>125%</color>火属性持续伤害，持续<color=#0f70bc>4</color>秒。附加<color=#935ee1>数据攻击</color>。<color=#935ee1>僵固</color>：使敌人静止2秒。
107301	1073	1	坠地猛踏·冰	Assets/Product/Texture/Image/IconPetSkill/Pet3MaSkillzhudong02.png	任意消除6个基础信号球后，会激活辅助机按钮，释放后霜誓从空中落下，践踏敌人造成<color=#0f70bc>150%</color>冰属性伤害并使敌人<color=#935ee1>僵固</color>，随后生成<color=#935ee1>雪棘林</color>，对区域内的敌人造成每秒<color=#0f70bc>25%</color>冰属性持续伤害，持续<color=#0f70bc>4</color>秒。附加<color=#935ee1>数据攻击</color>。<color=#935ee1>僵固</color>：使敌人静止2秒。
107302	1073	2	坠地猛踏·冰	Assets/Product/Texture/Image/IconPetSkill/Pet3MaSkillzhudong02.png	任意消除6个基础信号球后，会激活辅助机按钮，释放后霜誓从空中落下，践踏敌人造成<color=#0f70bc>300%</color>冰属性伤害并使敌人<color=#935ee1>僵固</color>，随后生成<color=#935ee1>雪棘林</color>，对区域内的敌人造成每秒<color=#0f70bc>50%</color>冰属性持续伤害，持续<color=#0f70bc>4</color>秒。附加<color=#935ee1>数据攻击</color>。<color=#935ee1>僵固</color>：使敌人静止2秒。
107303	1073	3	坠地猛踏·冰	Assets/Product/Texture/Image/IconPetSkill/Pet3MaSkillzhudong02.png	任意消除6个基础信号球后，会激活辅助机按钮，释放后霜誓从空中落下，践踏敌人造成<color=#0f70bc>450%</color>冰属性伤害并使敌人<color=#935ee1>僵固</color>，随后生成<color=#935ee1>雪棘林</color>，对区域内的敌人造成每秒<color=#0f70bc>75%</color>冰属性持续伤害，持续<color=#0f70bc>4</color>秒。附加<color=#935ee1>数据攻击</color>。<color=#935ee1>僵固</color>：使敌人静止2秒。
107304	1073	4	坠地猛踏·冰	Assets/Product/Texture/Image/IconPetSkill/Pet3MaSkillzhudong02.png	任意消除6个基础信号球后，会激活辅助机按钮，释放后霜誓从空中落下，践踏敌人造成<color=#0f70bc>600%</color>冰属性伤害并使敌人<color=#935ee1>僵固</color>，随后生成<color=#935ee1>雪棘林</color>，对区域内的敌人造成每秒<color=#0f70bc>100%</color>冰属性持续伤害，持续<color=#0f70bc>4</color>秒。附加<color=#935ee1>数据攻击</color>。<color=#935ee1>僵固</color>：使敌人静止2秒。
107305	1073	5	坠地猛踏·冰	Assets/Product/Texture/Image/IconPetSkill/Pet3MaSkillzhudong02.png	任意消除6个基础信号球后，会激活辅助机按钮，释放后霜誓从空中落下，践踏敌人造成<color=#0f70bc>750%</color>冰属性伤害并使敌人<color=#935ee1>僵固</color>，随后生成<color=#935ee1>雪棘林</color>，对区域内的敌人造成每秒<color=#0f70bc>125%</color>冰属性持续伤害，持续<color=#0f70bc>4</color>秒。附加<color=#935ee1>数据攻击</color>。<color=#935ee1>僵固</color>：使敌人静止2秒。
107401	1074	1	坠地猛踏·雷	Assets/Product/Texture/Image/IconPetSkill/Pet3MaSkillzhudong03.png	任意消除6个基础信号球后，会激活辅助机按钮，释放后霜誓从空中落下，践踏敌人造成<color=#0f70bc>150%</color>雷属性伤害并使敌人<color=#935ee1>僵固</color>，随后生成<color=#935ee1>雪棘林</color>，对区域内的敌人造成每秒<color=#0f70bc>25%</color>雷属性持续伤害，持续<color=#0f70bc>4</color>秒。附加<color=#935ee1>数据攻击</color>。<color=#935ee1>僵固</color>：使敌人静止2秒。
107402	1074	2	坠地猛踏·雷	Assets/Product/Texture/Image/IconPetSkill/Pet3MaSkillzhudong03.png	任意消除6个基础信号球后，会激活辅助机按钮，释放后霜誓从空中落下，践踏敌人造成<color=#0f70bc>300%</color>雷属性伤害并使敌人<color=#935ee1>僵固</color>，随后生成<color=#935ee1>雪棘林</color>，对区域内的敌人造成每秒<color=#0f70bc>50%</color>雷属性持续伤害，持续<color=#0f70bc>4</color>秒。附加<color=#935ee1>数据攻击</color>。<color=#935ee1>僵固</color>：使敌人静止2秒。
107403	1074	3	坠地猛踏·雷	Assets/Product/Texture/Image/IconPetSkill/Pet3MaSkillzhudong03.png	任意消除6个基础信号球后，会激活辅助机按钮，释放后霜誓从空中落下，践踏敌人造成<color=#0f70bc>450%</color>雷属性伤害并使敌人<color=#935ee1>僵固</color>，随后生成<color=#935ee1>雪棘林</color>，对区域内的敌人造成每秒<color=#0f70bc>75%</color>雷属性持续伤害，持续<color=#0f70bc>4</color>秒。附加<color=#935ee1>数据攻击</color>。<color=#935ee1>僵固</color>：使敌人静止2秒。
107404	1074	4	坠地猛踏·雷	Assets/Product/Texture/Image/IconPetSkill/Pet3MaSkillzhudong03.png	任意消除6个基础信号球后，会激活辅助机按钮，释放后霜誓从空中落下，践踏敌人造成<color=#0f70bc>600%</color>雷属性伤害并使敌人<color=#935ee1>僵固</color>，随后生成<color=#935ee1>雪棘林</color>，对区域内的敌人造成每秒<color=#0f70bc>100%</color>雷属性持续伤害，持续<color=#0f70bc>4</color>秒。附加<color=#935ee1>数据攻击</color>。<color=#935ee1>僵固</color>：使敌人静止2秒。
107405	1074	5	坠地猛踏·雷	Assets/Product/Texture/Image/IconPetSkill/Pet3MaSkillzhudong03.png	任意消除6个基础信号球后，会激活辅助机按钮，释放后霜誓从空中落下，践踏敌人造成<color=#0f70bc>750%</color>雷属性伤害并使敌人<color=#935ee1>僵固</color>，随后生成<color=#935ee1>雪棘林</color>，对区域内的敌人造成每秒<color=#0f70bc>125%</color>雷属性持续伤害，持续<color=#0f70bc>4</color>秒。附加<color=#935ee1>数据攻击</color>。<color=#935ee1>僵固</color>：使敌人静止2秒。
107501	1075	1	坠地猛踏·暗	Assets/Product/Texture/Image/IconPetSkill/Pet3MaSkillzhudong04.png	任意消除6个基础信号球后，会激活辅助机按钮，释放后霜誓从空中落下，践踏敌人造成<color=#0f70bc>150%</color>暗属性伤害并使敌人<color=#935ee1>僵固</color>，随后生成<color=#935ee1>雪棘林</color>，对区域内的敌人造成每秒<color=#0f70bc>25%</color>暗属性持续伤害，持续<color=#0f70bc>4</color>秒。附加<color=#935ee1>数据攻击</color>。<color=#935ee1>僵固</color>：使敌人静止2秒。
107502	1075	2	坠地猛踏·暗	Assets/Product/Texture/Image/IconPetSkill/Pet3MaSkillzhudong04.png	任意消除6个基础信号球后，会激活辅助机按钮，释放后霜誓从空中落下，践踏敌人造成<color=#0f70bc>300%</color>暗属性伤害并使敌人<color=#935ee1>僵固</color>，随后生成<color=#935ee1>雪棘林</color>，对区域内的敌人造成每秒<color=#0f70bc>50%</color>暗属性持续伤害，持续<color=#0f70bc>4</color>秒。附加<color=#935ee1>数据攻击</color>。<color=#935ee1>僵固</color>：使敌人静止2秒。
107503	1075	3	坠地猛踏·暗	Assets/Product/Texture/Image/IconPetSkill/Pet3MaSkillzhudong04.png	任意消除6个基础信号球后，会激活辅助机按钮，释放后霜誓从空中落下，践踏敌人造成<color=#0f70bc>450%</color>暗属性伤害并使敌人<color=#935ee1>僵固</color>，随后生成<color=#935ee1>雪棘林</color>，对区域内的敌人造成每秒<color=#0f70bc>75%</color>暗属性持续伤害，持续<color=#0f70bc>4</color>秒。附加<color=#935ee1>数据攻击</color>。<color=#935ee1>僵固</color>：使敌人静止2秒。
107504	1075	4	坠地猛踏·暗	Assets/Product/Texture/Image/IconPetSkill/Pet3MaSkillzhudong04.png	任意消除6个基础信号球后，会激活辅助机按钮，释放后霜誓从空中落下，践踏敌人造成<color=#0f70bc>600%</color>暗属性伤害并使敌人<color=#935ee1>僵固</color>，随后生成<color=#935ee1>雪棘林</color>，对区域内的敌人造成每秒<color=#0f70bc>100%</color>暗属性持续伤害，持续<color=#0f70bc>4</color>秒。附加<color=#935ee1>数据攻击</color>。<color=#935ee1>僵固</color>：使敌人静止2秒。
107505	1075	5	坠地猛踏·暗	Assets/Product/Texture/Image/IconPetSkill/Pet3MaSkillzhudong04.png	任意消除6个基础信号球后，会激活辅助机按钮，释放后霜誓从空中落下，践踏敌人造成<color=#0f70bc>750%</color>暗属性伤害并使敌人<color=#935ee1>僵固</color>，随后生成<color=#935ee1>雪棘林</color>，对区域内的敌人造成每秒<color=#0f70bc>125%</color>暗属性持续伤害，持续<color=#0f70bc>4</color>秒。附加<color=#935ee1>数据攻击</color>。<color=#935ee1>僵固</color>：使敌人静止2秒。
107601	1076	1	坠地猛踏·空	Assets/Product/Texture/Image/IconPetSkill/Pet3MaSkillzhudong06.png	任意消除6个基础信号球后，会激活辅助机按钮，释放后霜誓从空中落下，践踏敌人造成<color=#0f70bc>150%</color>空属性伤害并使敌人<color=#935ee1>僵固</color>，随后生成<color=#935ee1>雪棘林</color>，对区域内的敌人造成每秒<color=#0f70bc>25%</color>空属性持续伤害，持续<color=#0f70bc>4</color>秒。附加<color=#935ee1>数据攻击</color>。<color=#935ee1>僵固</color>：使敌人静止2秒。
107602	1076	2	坠地猛踏·空	Assets/Product/Texture/Image/IconPetSkill/Pet3MaSkillzhudong06.png	任意消除6个基础信号球后，会激活辅助机按钮，释放后霜誓从空中落下，践踏敌人造成<color=#0f70bc>300%</color>空属性伤害并使敌人<color=#935ee1>僵固</color>，随后生成<color=#935ee1>雪棘林</color>，对区域内的敌人造成每秒<color=#0f70bc>50%</color>空属性持续伤害，持续<color=#0f70bc>4</color>秒。附加<color=#935ee1>数据攻击</color>。<color=#935ee1>僵固</color>：使敌人静止2秒。
107603	1076	3	坠地猛踏·空	Assets/Product/Texture/Image/IconPetSkill/Pet3MaSkillzhudong06.png	任意消除6个基础信号球后，会激活辅助机按钮，释放后霜誓从空中落下，践踏敌人造成<color=#0f70bc>450%</color>空属性伤害并使敌人<color=#935ee1>僵固</color>，随后生成<color=#935ee1>雪棘林</color>，对区域内的敌人造成每秒<color=#0f70bc>75%</color>空属性持续伤害，持续<color=#0f70bc>4</color>秒。附加<color=#935ee1>数据攻击</color>。<color=#935ee1>僵固</color>：使敌人静止2秒。
107604	1076	4	坠地猛踏·空	Assets/Product/Texture/Image/IconPetSkill/Pet3MaSkillzhudong06.png	任意消除6个基础信号球后，会激活辅助机按钮，释放后霜誓从空中落下，践踏敌人造成<color=#0f70bc>600%</color>空属性伤害并使敌人<color=#935ee1>僵固</color>，随后生成<color=#935ee1>雪棘林</color>，对区域内的敌人造成每秒<color=#0f70bc>100%</color>空属性持续伤害，持续<color=#0f70bc>4</color>秒。附加<color=#935ee1>数据攻击</color>。<color=#935ee1>僵固</color>：使敌人静止2秒。
107605	1076	5	坠地猛踏·空	Assets/Product/Texture/Image/IconPetSkill/Pet3MaSkillzhudong06.png	任意消除6个基础信号球后，会激活辅助机按钮，释放后霜誓从空中落下，践踏敌人造成<color=#0f70bc>750%</color>空属性伤害并使敌人<color=#935ee1>僵固</color>，随后生成<color=#935ee1>雪棘林</color>，对区域内的敌人造成每秒<color=#0f70bc>125%</color>空属性持续伤害，持续<color=#0f70bc>4</color>秒。附加<color=#935ee1>数据攻击</color>。<color=#935ee1>僵固</color>：使敌人静止2秒。
108101	1081	1	矛盾蓄力击·物	Assets/Product/Texture/Image/IconPetSkill/Pet3MaSkillzhudong05.png	任意消除6个基础信号球后，会激活辅助机按钮，释放后霜誓会守护角色，使角色附加0.3秒格挡效果并原地践踏敌人，造成<color=#0f70bc>100%</color>物理伤害，格挡成功时造成<color=#0f70bc>200%</color>物理伤害。随后使敌人<color=#935ee1>僵固</color>并生成<color=#935ee1>雪棘林</color>，对区域内的敌人造成每秒<color=#0f70bc>25%</color>物理持续伤害，持续<color=#0f70bc>8</color>秒。附加<color=#935ee1>高级数据攻击</color>。<color=#935ee1>僵固</color>：使敌人静止2秒。
108102	1081	2	矛盾蓄力击·物	Assets/Product/Texture/Image/IconPetSkill/Pet3MaSkillzhudong05.png	任意消除6个基础信号球后，会激活辅助机按钮，释放后霜誓会守护角色，使角色附加0.3秒格挡效果并原地践踏敌人，造成<color=#0f70bc>200%</color>物理伤害，格挡成功时造成<color=#0f70bc>400%</color>物理伤害。随后使敌人<color=#935ee1>僵固</color>并生成<color=#935ee1>雪棘林</color>，对区域内的敌人造成每秒<color=#0f70bc>50%</color>物理持续伤害，持续<color=#0f70bc>8</color>秒。附加<color=#935ee1>高级数据攻击</color>。<color=#935ee1>僵固</color>：使敌人静止2秒。
108103	1081	3	矛盾蓄力击·物	Assets/Product/Texture/Image/IconPetSkill/Pet3MaSkillzhudong05.png	任意消除6个基础信号球后，会激活辅助机按钮，释放后霜誓会守护角色，使角色附加0.3秒格挡效果并原地践踏敌人，造成<color=#0f70bc>300%</color>物理伤害，格挡成功时造成<color=#0f70bc>600%</color>物理伤害。随后使敌人<color=#935ee1>僵固</color>并生成<color=#935ee1>雪棘林</color>，对区域内的敌人造成每秒<color=#0f70bc>75%</color>物理持续伤害，持续<color=#0f70bc>8</color>秒。附加<color=#935ee1>高级数据攻击</color>。<color=#935ee1>僵固</color>：使敌人静止2秒。
108104	1081	4	矛盾蓄力击·物	Assets/Product/Texture/Image/IconPetSkill/Pet3MaSkillzhudong05.png	任意消除6个基础信号球后，会激活辅助机按钮，释放后霜誓会守护角色，使角色附加0.3秒格挡效果并原地践踏敌人，造成<color=#0f70bc>400%</color>物理伤害，格挡成功时造成<color=#0f70bc>800%</color>物理伤害。随后使敌人<color=#935ee1>僵固</color>并生成<color=#935ee1>雪棘林</color>，对区域内的敌人造成每秒<color=#0f70bc>100%</color>物理持续伤害，持续<color=#0f70bc>8</color>秒。附加<color=#935ee1>高级数据攻击</color>。<color=#935ee1>僵固</color>：使敌人静止2秒。
108105	1081	5	矛盾蓄力击·物	Assets/Product/Texture/Image/IconPetSkill/Pet3MaSkillzhudong05.png	任意消除6个基础信号球后，会激活辅助机按钮，释放后霜誓会守护角色，使角色附加0.3秒格挡效果并原地践踏敌人，造成<color=#0f70bc>500%</color>物理伤害，格挡成功时造成<color=#0f70bc>1000%</color>物理伤害。随后使敌人<color=#935ee1>僵固</color>并生成<color=#935ee1>雪棘林</color>，对区域内的敌人造成每秒<color=#0f70bc>125%</color>物理持续伤害，持续<color=#0f70bc>8</color>秒。附加<color=#935ee1>高级数据攻击</color>。<color=#935ee1>僵固</color>：使敌人静止2秒。
108201	1082	1	矛盾蓄力击·火	Assets/Product/Texture/Image/IconPetSkill/Pet3MaSkillzhudong01.png	任意消除6个基础信号球后，会激活辅助机按钮，释放后霜誓会守护角色，使角色附加0.3秒格挡效果并原地践踏敌人，造成<color=#0f70bc>100%</color>火属性伤害，格挡成功时造成<color=#0f70bc>200%</color>火属性伤害。随后使敌人<color=#935ee1>僵固</color>并生成<color=#935ee1>雪棘林</color>，对区域内的敌人造成每秒<color=#0f70bc>25%</color>火属性持续伤害，持续<color=#0f70bc>4</color>秒。附加<color=#935ee1>数据攻击</color>。<color=#935ee1>僵固</color>：使敌人静止2秒。
108202	1082	2	矛盾蓄力击·火	Assets/Product/Texture/Image/IconPetSkill/Pet3MaSkillzhudong01.png	任意消除6个基础信号球后，会激活辅助机按钮，释放后霜誓会守护角色，使角色附加0.3秒格挡效果并原地践踏敌人，造成<color=#0f70bc>200%</color>火属性伤害，格挡成功时造成<color=#0f70bc>400%</color>火属性伤害。随后使敌人<color=#935ee1>僵固</color>并生成<color=#935ee1>雪棘林</color>，对区域内的敌人造成每秒<color=#0f70bc>50%</color>火属性持续伤害，持续<color=#0f70bc>4</color>秒。附加<color=#935ee1>数据攻击</color>。<color=#935ee1>僵固</color>：使敌人静止2秒。
108203	1082	3	矛盾蓄力击·火	Assets/Product/Texture/Image/IconPetSkill/Pet3MaSkillzhudong01.png	任意消除6个基础信号球后，会激活辅助机按钮，释放后霜誓会守护角色，使角色附加0.3秒格挡效果并原地践踏敌人，造成<color=#0f70bc>300%</color>火属性伤害，格挡成功时造成<color=#0f70bc>600%</color>火属性伤害。随后使敌人<color=#935ee1>僵固</color>并生成<color=#935ee1>雪棘林</color>，对区域内的敌人造成每秒<color=#0f70bc>75%</color>火属性持续伤害，持续<color=#0f70bc>4</color>秒。附加<color=#935ee1>数据攻击</color>。<color=#935ee1>僵固</color>：使敌人静止2秒。
108204	1082	4	矛盾蓄力击·火	Assets/Product/Texture/Image/IconPetSkill/Pet3MaSkillzhudong01.png	任意消除6个基础信号球后，会激活辅助机按钮，释放后霜誓会守护角色，使角色附加0.3秒格挡效果并原地践踏敌人，造成<color=#0f70bc>400%</color>火属性伤害，格挡成功时造成<color=#0f70bc>800%</color>火属性伤害。随后使敌人<color=#935ee1>僵固</color>并生成<color=#935ee1>雪棘林</color>，对区域内的敌人造成每秒<color=#0f70bc>100%</color>火属性持续伤害，持续<color=#0f70bc>4</color>秒。附加<color=#935ee1>数据攻击</color>。<color=#935ee1>僵固</color>：使敌人静止2秒。
108205	1082	5	矛盾蓄力击·火	Assets/Product/Texture/Image/IconPetSkill/Pet3MaSkillzhudong01.png	任意消除6个基础信号球后，会激活辅助机按钮，释放后霜誓会守护角色，使角色附加0.3秒格挡效果并原地践踏敌人，造成<color=#0f70bc>500%</color>火属性伤害，格挡成功时造成<color=#0f70bc>1000%</color>火属性伤害。随后使敌人<color=#935ee1>僵固</color>并生成<color=#935ee1>雪棘林</color>，对区域内的敌人造成每秒<color=#0f70bc>125%</color>火属性持续伤害，持续<color=#0f70bc>4</color>秒。附加<color=#935ee1>数据攻击</color>。<color=#935ee1>僵固</color>：使敌人静止2秒。
108301	1083	1	矛盾蓄力击·冰	Assets/Product/Texture/Image/IconPetSkill/Pet3MaSkillzhudong02.png	任意消除6个基础信号球后，会激活辅助机按钮，释放后霜誓会守护角色，使角色附加0.3秒格挡效果并原地践踏敌人，造成<color=#0f70bc>100%</color>冰属性伤害，格挡成功时造成<color=#0f70bc>200%</color>冰属性伤害。随后使敌人<color=#935ee1>僵固</color>并生成<color=#935ee1>雪棘林</color>，对区域内的敌人造成每秒<color=#0f70bc>25%</color>冰属性持续伤害，持续<color=#0f70bc>4</color>秒。附加<color=#935ee1>数据攻击</color>。<color=#935ee1>僵固</color>：使敌人静止2秒。
108302	1083	2	矛盾蓄力击·冰	Assets/Product/Texture/Image/IconPetSkill/Pet3MaSkillzhudong02.png	任意消除6个基础信号球后，会激活辅助机按钮，释放后霜誓会守护角色，使角色附加0.3秒格挡效果并原地践踏敌人，造成<color=#0f70bc>200%</color>冰属性伤害，格挡成功时造成<color=#0f70bc>400%</color>冰属性伤害。随后使敌人<color=#935ee1>僵固</color>并生成<color=#935ee1>雪棘林</color>，对区域内的敌人造成每秒<color=#0f70bc>50%</color>冰属性持续伤害，持续<color=#0f70bc>4</color>秒。附加<color=#935ee1>数据攻击</color>。<color=#935ee1>僵固</color>：使敌人静止2秒。
108303	1083	3	矛盾蓄力击·冰	Assets/Product/Texture/Image/IconPetSkill/Pet3MaSkillzhudong02.png	任意消除6个基础信号球后，会激活辅助机按钮，释放后霜誓会守护角色，使角色附加0.3秒格挡效果并原地践踏敌人，造成<color=#0f70bc>300%</color>冰属性伤害，格挡成功时造成<color=#0f70bc>600%</color>冰属性伤害。随后使敌人<color=#935ee1>僵固</color>并生成<color=#935ee1>雪棘林</color>，对区域内的敌人造成每秒<color=#0f70bc>75%</color>冰属性持续伤害，持续<color=#0f70bc>4</color>秒。附加<color=#935ee1>数据攻击</color>。<color=#935ee1>僵固</color>：使敌人静止2秒。
108304	1083	4	矛盾蓄力击·冰	Assets/Product/Texture/Image/IconPetSkill/Pet3MaSkillzhudong02.png	任意消除6个基础信号球后，会激活辅助机按钮，释放后霜誓会守护角色，使角色附加0.3秒格挡效果并原地践踏敌人，造成<color=#0f70bc>400%</color>冰属性伤害，格挡成功时造成<color=#0f70bc>800%</color>冰属性伤害。随后使敌人<color=#935ee1>僵固</color>并生成<color=#935ee1>雪棘林</color>，对区域内的敌人造成每秒<color=#0f70bc>100%</color>冰属性持续伤害，持续<color=#0f70bc>4</color>秒。附加<color=#935ee1>数据攻击</color>。<color=#935ee1>僵固</color>：使敌人静止2秒。
108305	1083	5	矛盾蓄力击·冰	Assets/Product/Texture/Image/IconPetSkill/Pet3MaSkillzhudong02.png	任意消除6个基础信号球后，会激活辅助机按钮，释放后霜誓会守护角色，使角色附加0.3秒格挡效果并原地践踏敌人，造成<color=#0f70bc>500%</color>冰属性伤害，格挡成功时造成<color=#0f70bc>1000%</color>冰属性伤害。随后使敌人<color=#935ee1>僵固</color>并生成<color=#935ee1>雪棘林</color>，对区域内的敌人造成每秒<color=#0f70bc>125%</color>冰属性持续伤害，持续<color=#0f70bc>4</color>秒。附加<color=#935ee1>数据攻击</color>。<color=#935ee1>僵固</color>：使敌人静止2秒。
108401	1084	1	矛盾蓄力击·雷	Assets/Product/Texture/Image/IconPetSkill/Pet3MaSkillzhudong03.png	任意消除6个基础信号球后，会激活辅助机按钮，释放后霜誓会守护角色，使角色附加0.3秒格挡效果并原地践踏敌人，造成<color=#0f70bc>100%</color>雷属性伤害，格挡成功时造成<color=#0f70bc>200%</color>雷属性伤害。随后使敌人<color=#935ee1>僵固</color>并生成<color=#935ee1>雪棘林</color>，对区域内的敌人造成每秒<color=#0f70bc>25%</color>雷属性持续伤害，持续<color=#0f70bc>4</color>秒。附加<color=#935ee1>数据攻击</color>。<color=#935ee1>僵固</color>：使敌人静止2秒。
108402	1084	2	矛盾蓄力击·雷	Assets/Product/Texture/Image/IconPetSkill/Pet3MaSkillzhudong03.png	任意消除6个基础信号球后，会激活辅助机按钮，释放后霜誓会守护角色，使角色附加0.3秒格挡效果并原地践踏敌人，造成<color=#0f70bc>200%</color>雷属性伤害，格挡成功时造成<color=#0f70bc>400%</color>雷属性伤害。随后使敌人<color=#935ee1>僵固</color>并生成<color=#935ee1>雪棘林</color>，对区域内的敌人造成每秒<color=#0f70bc>50%</color>雷属性持续伤害，持续<color=#0f70bc>4</color>秒。附加<color=#935ee1>数据攻击</color>。<color=#935ee1>僵固</color>：使敌人静止2秒。
108403	1084	3	矛盾蓄力击·雷	Assets/Product/Texture/Image/IconPetSkill/Pet3MaSkillzhudong03.png	任意消除6个基础信号球后，会激活辅助机按钮，释放后霜誓会守护角色，使角色附加0.3秒格挡效果并原地践踏敌人，造成<color=#0f70bc>300%</color>雷属性伤害，格挡成功时造成<color=#0f70bc>600%</color>雷属性伤害。随后使敌人<color=#935ee1>僵固</color>并生成<color=#935ee1>雪棘林</color>，对区域内的敌人造成每秒<color=#0f70bc>75%</color>雷属性持续伤害，持续<color=#0f70bc>4</color>秒。附加<color=#935ee1>数据攻击</color>。<color=#935ee1>僵固</color>：使敌人静止2秒。
108404	1084	4	矛盾蓄力击·雷	Assets/Product/Texture/Image/IconPetSkill/Pet3MaSkillzhudong03.png	任意消除6个基础信号球后，会激活辅助机按钮，释放后霜誓会守护角色，使角色附加0.3秒格挡效果并原地践踏敌人，造成<color=#0f70bc>400%</color>雷属性伤害，格挡成功时造成<color=#0f70bc>800%</color>雷属性伤害。随后使敌人<color=#935ee1>僵固</color>并生成<color=#935ee1>雪棘林</color>，对区域内的敌人造成每秒<color=#0f70bc>100%</color>雷属性持续伤害，持续<color=#0f70bc>4</color>秒。附加<color=#935ee1>数据攻击</color>。<color=#935ee1>僵固</color>：使敌人静止2秒。
108405	1084	5	矛盾蓄力击·雷	Assets/Product/Texture/Image/IconPetSkill/Pet3MaSkillzhudong03.png	任意消除6个基础信号球后，会激活辅助机按钮，释放后霜誓会守护角色，使角色附加0.3秒格挡效果并原地践踏敌人，造成<color=#0f70bc>500%</color>雷属性伤害，格挡成功时造成<color=#0f70bc>1000%</color>雷属性伤害。随后使敌人<color=#935ee1>僵固</color>并生成<color=#935ee1>雪棘林</color>，对区域内的敌人造成每秒<color=#0f70bc>125%</color>雷属性持续伤害，持续<color=#0f70bc>4</color>秒。附加<color=#935ee1>数据攻击</color>。<color=#935ee1>僵固</color>：使敌人静止2秒。
108501	1085	1	矛盾蓄力击·暗	Assets/Product/Texture/Image/IconPetSkill/Pet3MaSkillzhudong04.png	任意消除6个基础信号球后，会激活辅助机按钮，释放后霜誓会守护角色，使角色附加0.3秒格挡效果并原地践踏敌人，造成<color=#0f70bc>100%</color>暗属性伤害，格挡成功时造成<color=#0f70bc>200%</color>暗属性伤害。随后使敌人<color=#935ee1>僵固</color>并生成<color=#935ee1>雪棘林</color>，对区域内的敌人造成每秒<color=#0f70bc>25%</color>暗属性持续伤害，持续<color=#0f70bc>4</color>秒。附加<color=#935ee1>数据攻击</color>。<color=#935ee1>僵固</color>：使敌人静止2秒。
108502	1085	2	矛盾蓄力击·暗	Assets/Product/Texture/Image/IconPetSkill/Pet3MaSkillzhudong04.png	任意消除6个基础信号球后，会激活辅助机按钮，释放后霜誓会守护角色，使角色附加0.3秒格挡效果并原地践踏敌人，造成<color=#0f70bc>200%</color>暗属性伤害，格挡成功时造成<color=#0f70bc>400%</color>暗属性伤害。随后使敌人<color=#935ee1>僵固</color>并生成<color=#935ee1>雪棘林</color>，对区域内的敌人造成每秒<color=#0f70bc>50%</color>暗属性持续伤害，持续<color=#0f70bc>4</color>秒。附加<color=#935ee1>数据攻击</color>。<color=#935ee1>僵固</color>：使敌人静止2秒。
108503	1085	3	矛盾蓄力击·暗	Assets/Product/Texture/Image/IconPetSkill/Pet3MaSkillzhudong04.png	任意消除6个基础信号球后，会激活辅助机按钮，释放后霜誓会守护角色，使角色附加0.3秒格挡效果并原地践踏敌人，造成<color=#0f70bc>300%</color>暗属性伤害，格挡成功时造成<color=#0f70bc>600%</color>暗属性伤害。随后使敌人<color=#935ee1>僵固</color>并生成<color=#935ee1>雪棘林</color>，对区域内的敌人造成每秒<color=#0f70bc>75%</color>暗属性持续伤害，持续<color=#0f70bc>4</color>秒。附加<color=#935ee1>数据攻击</color>。<color=#935ee1>僵固</color>：使敌人静止2秒。
108504	1085	4	矛盾蓄力击·暗	Assets/Product/Texture/Image/IconPetSkill/Pet3MaSkillzhudong04.png	任意消除6个基础信号球后，会激活辅助机按钮，释放后霜誓会守护角色，使角色附加0.3秒格挡效果并原地践踏敌人，造成<color=#0f70bc>400%</color>暗属性伤害，格挡成功时造成<color=#0f70bc>800%</color>暗属性伤害。随后使敌人<color=#935ee1>僵固</color>并生成<color=#935ee1>雪棘林</color>，对区域内的敌人造成每秒<color=#0f70bc>100%</color>暗属性持续伤害，持续<color=#0f70bc>4</color>秒。附加<color=#935ee1>数据攻击</color>。<color=#935ee1>僵固</color>：使敌人静止2秒。
108505	1085	5	矛盾蓄力击·暗	Assets/Product/Texture/Image/IconPetSkill/Pet3MaSkillzhudong04.png	任意消除6个基础信号球后，会激活辅助机按钮，释放后霜誓会守护角色，使角色附加0.3秒格挡效果并原地践踏敌人，造成<color=#0f70bc>500%</color>暗属性伤害，格挡成功时造成<color=#0f70bc>1000%</color>暗属性伤害。随后使敌人<color=#935ee1>僵固</color>并生成<color=#935ee1>雪棘林</color>，对区域内的敌人造成每秒<color=#0f70bc>125%</color>暗属性持续伤害，持续<color=#0f70bc>4</color>秒。附加<color=#935ee1>数据攻击</color>。<color=#935ee1>僵固</color>：使敌人静止2秒。
108601	1086	1	矛盾蓄力击·空	Assets/Product/Texture/Image/IconPetSkill/Pet3MaSkillzhudong06.png	任意消除6个基础信号球后，会激活辅助机按钮，释放后霜誓会守护角色，使角色附加0.3秒格挡效果并原地践踏敌人，造成<color=#0f70bc>100%</color>空属性伤害，格挡成功时造成<color=#0f70bc>200%</color>空属性伤害。随后使敌人<color=#935ee1>僵固</color>并生成<color=#935ee1>雪棘林</color>，对区域内的敌人造成每秒<color=#0f70bc>25%</color>空属性持续伤害，持续<color=#0f70bc>4</color>秒。附加<color=#935ee1>数据攻击</color>。<color=#935ee1>僵固</color>：使敌人静止2秒。
108602	1086	2	矛盾蓄力击·空	Assets/Product/Texture/Image/IconPetSkill/Pet3MaSkillzhudong06.png	任意消除6个基础信号球后，会激活辅助机按钮，释放后霜誓会守护角色，使角色附加0.3秒格挡效果并原地践踏敌人，造成<color=#0f70bc>200%</color>空属性伤害，格挡成功时造成<color=#0f70bc>400%</color>空属性伤害。随后使敌人<color=#935ee1>僵固</color>并生成<color=#935ee1>雪棘林</color>，对区域内的敌人造成每秒<color=#0f70bc>50%</color>空属性持续伤害，持续<color=#0f70bc>4</color>秒。附加<color=#935ee1>数据攻击</color>。<color=#935ee1>僵固</color>：使敌人静止2秒。
108603	1086	3	矛盾蓄力击·空	Assets/Product/Texture/Image/IconPetSkill/Pet3MaSkillzhudong06.png	任意消除6个基础信号球后，会激活辅助机按钮，释放后霜誓会守护角色，使角色附加0.3秒格挡效果并原地践踏敌人，造成<color=#0f70bc>300%</color>空属性伤害，格挡成功时造成<color=#0f70bc>600%</color>空属性伤害。随后使敌人<color=#935ee1>僵固</color>并生成<color=#935ee1>雪棘林</color>，对区域内的敌人造成每秒<color=#0f70bc>75%</color>空属性持续伤害，持续<color=#0f70bc>4</color>秒。附加<color=#935ee1>数据攻击</color>。<color=#935ee1>僵固</color>：使敌人静止2秒。
108604	1086	4	矛盾蓄力击·空	Assets/Product/Texture/Image/IconPetSkill/Pet3MaSkillzhudong06.png	任意消除6个基础信号球后，会激活辅助机按钮，释放后霜誓会守护角色，使角色附加0.3秒格挡效果并原地践踏敌人，造成<color=#0f70bc>400%</color>空属性伤害，格挡成功时造成<color=#0f70bc>800%</color>空属性伤害。随后使敌人<color=#935ee1>僵固</color>并生成<color=#935ee1>雪棘林</color>，对区域内的敌人造成每秒<color=#0f70bc>100%</color>空属性持续伤害，持续<color=#0f70bc>4</color>秒。附加<color=#935ee1>数据攻击</color>。<color=#935ee1>僵固</color>：使敌人静止2秒。
108605	1086	5	矛盾蓄力击·空	Assets/Product/Texture/Image/IconPetSkill/Pet3MaSkillzhudong06.png	任意消除6个基础信号球后，会激活辅助机按钮，释放后霜誓会守护角色，使角色附加0.3秒格挡效果并原地践踏敌人，造成<color=#0f70bc>500%</color>空属性伤害，格挡成功时造成<color=#0f70bc>1000%</color>空属性伤害。随后使敌人<color=#935ee1>僵固</color>并生成<color=#935ee1>雪棘林</color>，对区域内的敌人造成每秒<color=#0f70bc>125%</color>空属性持续伤害，持续<color=#0f70bc>4</color>秒。附加<color=#935ee1>数据攻击</color>。<color=#935ee1>僵固</color>：使敌人静止2秒。
5300001	53000	1	指令·扶助	Assets/Product/Texture/Image/IconPetSkill/Pet3MaSkillbeidong01.png	霜誓主动技伤害提高<color=#0f70bc>14%</color>
5300002	53000	2	指令·扶助	Assets/Product/Texture/Image/IconPetSkill/Pet3MaSkillbeidong01.png	霜誓主动技伤害提高<color=#0f70bc>28%</color>
5300003	53000	3	指令·扶助	Assets/Product/Texture/Image/IconPetSkill/Pet3MaSkillbeidong01.png	霜誓主动技伤害提高<color=#0f70bc>42%</color>
5300004	53000	4	指令·扶助	Assets/Product/Texture/Image/IconPetSkill/Pet3MaSkillbeidong01.png	霜誓主动技伤害提高<color=#0f70bc>56%</color>
5300005	53000	5	指令·扶助	Assets/Product/Texture/Image/IconPetSkill/Pet3MaSkillbeidong01.png	霜誓主动技伤害提高<color=#0f70bc>70%</color>
5301001	53010	1	指令·开缰	Assets/Product/Texture/Image/IconPetSkill/Pet3HeSkillbeidong02.png	携带角色攻击力提高<color=#0f70bc>20</color>
5301002	53010	2	指令·开缰	Assets/Product/Texture/Image/IconPetSkill/Pet3HeSkillbeidong02.png	携带角色攻击力提高<color=#0f70bc>40</color>
5301003	53010	3	指令·开缰	Assets/Product/Texture/Image/IconPetSkill/Pet3HeSkillbeidong02.png	携带角色攻击力提高<color=#0f70bc>60</color>
5301004	53010	4	指令·开缰	Assets/Product/Texture/Image/IconPetSkill/Pet3HeSkillbeidong02.png	携带角色攻击力提高<color=#0f70bc>80</color>
5301005	53010	5	指令·开缰	Assets/Product/Texture/Image/IconPetSkill/Pet3HeSkillbeidong02.png	携带角色攻击力提高<color=#0f70bc>100</color>
5302001	53020	1	巴沙基助力	Assets/Product/Texture/Image/IconPetSkill/Pet3MaSkillbeidong03.png	霜誓释放技能后，携带角色攻击力增加<color=#0f70bc>22</color>，持续8秒
5302002	53020	2	巴沙基助力	Assets/Product/Texture/Image/IconPetSkill/Pet3MaSkillbeidong03.png	霜誓释放技能后，携带角色攻击力增加<color=#0f70bc>44</color>，持续8秒
5302003	53020	3	巴沙基助力	Assets/Product/Texture/Image/IconPetSkill/Pet3MaSkillbeidong03.png	霜誓释放技能后，携带角色攻击力增加<color=#0f70bc>66</color>，持续8秒
5302004	53020	4	巴沙基助力	Assets/Product/Texture/Image/IconPetSkill/Pet3MaSkillbeidong03.png	霜誓释放技能后，携带角色攻击力增加<color=#0f70bc>88</color>，持续8秒
5302005	53020	5	巴沙基助力	Assets/Product/Texture/Image/IconPetSkill/Pet3MaSkillbeidong03.png	霜誓释放技能后，携带角色攻击力增加<color=#0f70bc>110</color>，持续8秒
5303001	53030	1	雪林伏击	Assets/Product/Texture/Image/IconPetSkill/Pet3MaSkillbeidong04.png	<color=#935ee1>雪棘林</color>区域内的角色物理伤害提高<color=#0f70bc>1.5%</color>。
5303002	53030	2	雪林伏击	Assets/Product/Texture/Image/IconPetSkill/Pet3MaSkillbeidong04.png	<color=#935ee1>雪棘林</color>区域内的角色物理伤害提高<color=#0f70bc>3%</color>。
5303003	53030	3	雪林伏击	Assets/Product/Texture/Image/IconPetSkill/Pet3MaSkillbeidong04.png	<color=#935ee1>雪棘林</color>区域内的角色物理伤害提高<color=#0f70bc>4.5%</color>。
5303004	53030	4	雪林伏击	Assets/Product/Texture/Image/IconPetSkill/Pet3MaSkillbeidong04.png	<color=#935ee1>雪棘林</color>区域内的角色物理伤害提高<color=#0f70bc>6%</color>。
5303005	53030	5	雪林伏击	Assets/Product/Texture/Image/IconPetSkill/Pet3MaSkillbeidong04.png	<color=#935ee1>雪棘林</color>区域内的角色物理伤害提高<color=#0f70bc>7.5%</color>。
5304001	53040	1	守林齐射	Assets/Product/Texture/Image/IconPetSkill/Pet3MaSkillbeidong05.png	罗塞塔·凛冽蓄力<color=#0f70bc>小型电磁炮/中型电磁炮</color>时会召唤守林人进行集束攻击，对前方范围内敌人造成罗塞塔攻击力<color=#0f70bc>20%</color>/<color=#0f70bc>20%</color>的物理伤害，并减速敌人。释放<color=#0f70bc>广域电磁炮</color>后会召唤守林人进行大范围齐射，造成<color=#0f70bc>400%</color>物理伤害。
5304002	53040	2	守林齐射	Assets/Product/Texture/Image/IconPetSkill/Pet3MaSkillbeidong05.png	罗塞塔·凛冽蓄力<color=#0f70bc>小型电磁炮/中型电磁炮</color>时会召唤守林人进行集束攻击，对前方范围内敌人造成罗塞塔攻击力<color=#0f70bc>40%</color>/<color=#0f70bc>40%</color>的物理伤害，并减速敌人。释放<color=#0f70bc>广域电磁炮</color>后会召唤守林人进行大范围齐射，造成<color=#0f70bc>800%</color>物理伤害。
5304003	53040	3	守林齐射	Assets/Product/Texture/Image/IconPetSkill/Pet3MaSkillbeidong05.png	罗塞塔·凛冽蓄力<color=#0f70bc>小型电磁炮/中型电磁炮</color>时会召唤守林人进行集束攻击，对前方范围内敌人造成罗塞塔攻击力<color=#0f70bc>60%</color>/<color=#0f70bc>60%</color>的物理伤害，并减速敌人。释放<color=#0f70bc>广域电磁炮</color>后会召唤守林人进行大范围齐射，造成<color=#0f70bc>1200%</color>物理伤害。
5304004	53040	4	守林齐射	Assets/Product/Texture/Image/IconPetSkill/Pet3MaSkillbeidong05.png	罗塞塔·凛冽蓄力<color=#0f70bc>小型电磁炮/中型电磁炮</color>时会召唤守林人进行集束攻击，对前方范围内敌人造成罗塞塔攻击力<color=#0f70bc>80%</color>/<color=#0f70bc>80%</color>的物理伤害，并减速敌人。释放<color=#0f70bc>广域电磁炮</color>后会召唤守林人进行大范围齐射，造成<color=#0f70bc>1600%</color>物理伤害。
5304005	53040	5	守林齐射	Assets/Product/Texture/Image/IconPetSkill/Pet3MaSkillbeidong05.png	罗塞塔·凛冽蓄力<color=#0f70bc>小型电磁炮/中型电磁炮</color>时会召唤守林人进行集束攻击，对前方范围内敌人造成罗塞塔攻击力<color=#0f70bc>100%</color>/<color=#0f70bc>100%</color>的物理伤害，并减速敌人。释放<color=#0f70bc>广域电磁炮</color>后会召唤守林人进行大范围齐射，造成<color=#0f70bc>2000%</color>物理伤害。
109101	1091	1	炮击嘉年华·物	Assets/Product/Texture/Image/IconPetSkill/Pet2BeiSkillzhudong05.png	任意消除6个基础信号球后，会激活辅助机按钮，释放后冷观会于玩家前方张开贝壳，伸出炮台对敌人发射<color=#0f70bc>1</color>颗榴弹。当冷观发射榴弹时，有<color=#0f70bc>78%</color>的概率额外发射<color=#0f70bc>1</color>颗榴弹，最多发射<color=#0f70bc>9</color>颗。每颗造成<color=#0f70bc>50%</color>物理范围伤害。
109102	1091	2	炮击嘉年华·物	Assets/Product/Texture/Image/IconPetSkill/Pet2BeiSkillzhudong05.png	任意消除6个基础信号球后，会激活辅助机按钮，释放后冷观会于玩家前方张开贝壳，伸出炮台对敌人发射<color=#0f70bc>1</color>颗榴弹。当冷观发射榴弹时，有<color=#0f70bc>78%</color>的概率额外发射<color=#0f70bc>1</color>颗榴弹，最多发射<color=#0f70bc>9</color>颗。每颗造成<color=#0f70bc>100%</color>物理范围伤害。
109103	1091	3	炮击嘉年华·物	Assets/Product/Texture/Image/IconPetSkill/Pet2BeiSkillzhudong05.png	任意消除6个基础信号球后，会激活辅助机按钮，释放后冷观会于玩家前方张开贝壳，伸出炮台对敌人发射<color=#0f70bc>1</color>颗榴弹。当冷观发射榴弹时，有<color=#0f70bc>78%</color>的概率额外发射<color=#0f70bc>1</color>颗榴弹，最多发射<color=#0f70bc>9</color>颗。每颗造成<color=#0f70bc>150%</color>物理范围伤害。
109104	1091	4	炮击嘉年华·物	Assets/Product/Texture/Image/IconPetSkill/Pet2BeiSkillzhudong05.png	任意消除6个基础信号球后，会激活辅助机按钮，释放后冷观会于玩家前方张开贝壳，伸出炮台对敌人发射<color=#0f70bc>1</color>颗榴弹。当冷观发射榴弹时，有<color=#0f70bc>78%</color>的概率额外发射<color=#0f70bc>1</color>颗榴弹，最多发射<color=#0f70bc>9</color>颗。每颗造成<color=#0f70bc>200%</color>物理范围伤害。
109105	1091	5	炮击嘉年华·物	Assets/Product/Texture/Image/IconPetSkill/Pet2BeiSkillzhudong05.png	任意消除6个基础信号球后，会激活辅助机按钮，释放后冷观会于玩家前方张开贝壳，伸出炮台对敌人发射<color=#0f70bc>1</color>颗榴弹。当冷观发射榴弹时，有<color=#0f70bc>78%</color>的概率额外发射<color=#0f70bc>1</color>颗榴弹，最多发射<color=#0f70bc>9</color>颗。每颗造成<color=#0f70bc>250%</color>物理范围伤害。
109201	1092	1	炮击嘉年华·火	Assets/Product/Texture/Image/IconPetSkill/Pet2BeiSkillzhudong01.png	任意消除6个基础信号球后，会激活辅助机按钮，释放后冷观会于玩家前方张开贝壳，伸出炮台对敌人发射<color=#0f70bc>1</color>颗榴弹。当冷观发射榴弹时，有<color=#0f70bc>78%</color>的概率额外发射<color=#0f70bc>1</color>颗榴弹，最多发射<color=#0f70bc>9</color>颗。每颗造成<color=#0f70bc>50%</color>火属性范围伤害。
109202	1092	2	炮击嘉年华·火	Assets/Product/Texture/Image/IconPetSkill/Pet2BeiSkillzhudong01.png	任意消除6个基础信号球后，会激活辅助机按钮，释放后冷观会于玩家前方张开贝壳，伸出炮台对敌人发射<color=#0f70bc>1</color>颗榴弹。当冷观发射榴弹时，有<color=#0f70bc>78%</color>的概率额外发射<color=#0f70bc>1</color>颗榴弹，最多发射<color=#0f70bc>9</color>颗。每颗造成<color=#0f70bc>100%</color>火属性范围伤害。
109203	1092	3	炮击嘉年华·火	Assets/Product/Texture/Image/IconPetSkill/Pet2BeiSkillzhudong01.png	任意消除6个基础信号球后，会激活辅助机按钮，释放后冷观会于玩家前方张开贝壳，伸出炮台对敌人发射<color=#0f70bc>1</color>颗榴弹。当冷观发射榴弹时，有<color=#0f70bc>78%</color>的概率额外发射<color=#0f70bc>1</color>颗榴弹，最多发射<color=#0f70bc>9</color>颗。每颗造成<color=#0f70bc>150%</color>火属性范围伤害。
109204	1092	4	炮击嘉年华·火	Assets/Product/Texture/Image/IconPetSkill/Pet2BeiSkillzhudong01.png	任意消除6个基础信号球后，会激活辅助机按钮，释放后冷观会于玩家前方张开贝壳，伸出炮台对敌人发射<color=#0f70bc>1</color>颗榴弹。当冷观发射榴弹时，有<color=#0f70bc>78%</color>的概率额外发射<color=#0f70bc>1</color>颗榴弹，最多发射<color=#0f70bc>9</color>颗。每颗造成<color=#0f70bc>200%</color>火属性范围伤害。
109205	1092	5	炮击嘉年华·火	Assets/Product/Texture/Image/IconPetSkill/Pet2BeiSkillzhudong01.png	任意消除6个基础信号球后，会激活辅助机按钮，释放后冷观会于玩家前方张开贝壳，伸出炮台对敌人发射<color=#0f70bc>1</color>颗榴弹。当冷观发射榴弹时，有<color=#0f70bc>78%</color>的概率额外发射<color=#0f70bc>1</color>颗榴弹，最多发射<color=#0f70bc>9</color>颗。每颗造成<color=#0f70bc>250%</color>火属性范围伤害。
109301	1093	1	炮击嘉年华·冰	Assets/Product/Texture/Image/IconPetSkill/Pet2BeiSkillzhudong02.png	任意消除6个基础信号球后，会激活辅助机按钮，释放后冷观会于玩家前方张开贝壳，伸出炮台对敌人发射<color=#0f70bc>1</color>颗榴弹。当冷观发射榴弹时，有<color=#0f70bc>78%</color>的概率额外发射<color=#0f70bc>1</color>颗榴弹，最多发射<color=#0f70bc>9</color>颗。每颗造成<color=#0f70bc>50%</color>冰属性范围伤害，并减速榴弹命中的敌人，重复命中刷新减速时间。榴弹附加<color=#935ee1>数据攻击</color>。
109302	1093	2	炮击嘉年华·冰	Assets/Product/Texture/Image/IconPetSkill/Pet2BeiSkillzhudong02.png	任意消除6个基础信号球后，会激活辅助机按钮，释放后冷观会于玩家前方张开贝壳，伸出炮台对敌人发射<color=#0f70bc>1</color>颗榴弹。当冷观发射榴弹时，有<color=#0f70bc>78%</color>的概率额外发射<color=#0f70bc>1</color>颗榴弹，最多发射<color=#0f70bc>9</color>颗。每颗造成<color=#0f70bc>100%</color>冰属性范围伤害，并减速榴弹命中的敌人，重复命中刷新减速时间。榴弹附加<color=#935ee1>数据攻击</color>。
109303	1093	3	炮击嘉年华·冰	Assets/Product/Texture/Image/IconPetSkill/Pet2BeiSkillzhudong02.png	任意消除6个基础信号球后，会激活辅助机按钮，释放后冷观会于玩家前方张开贝壳，伸出炮台对敌人发射<color=#0f70bc>1</color>颗榴弹。当冷观发射榴弹时，有<color=#0f70bc>78%</color>的概率额外发射<color=#0f70bc>1</color>颗榴弹，最多发射<color=#0f70bc>9</color>颗。每颗造成<color=#0f70bc>150%</color>冰属性范围伤害，并减速榴弹命中的敌人，重复命中刷新减速时间。榴弹附加<color=#935ee1>数据攻击</color>。
109304	1093	4	炮击嘉年华·冰	Assets/Product/Texture/Image/IconPetSkill/Pet2BeiSkillzhudong02.png	任意消除6个基础信号球后，会激活辅助机按钮，释放后冷观会于玩家前方张开贝壳，伸出炮台对敌人发射<color=#0f70bc>1</color>颗榴弹。当冷观发射榴弹时，有<color=#0f70bc>78%</color>的概率额外发射<color=#0f70bc>1</color>颗榴弹，最多发射<color=#0f70bc>9</color>颗。每颗造成<color=#0f70bc>200%</color>冰属性范围伤害，并减速榴弹命中的敌人，重复命中刷新减速时间。榴弹附加<color=#935ee1>数据攻击</color>。
109305	1093	5	炮击嘉年华·冰	Assets/Product/Texture/Image/IconPetSkill/Pet2BeiSkillzhudong02.png	任意消除6个基础信号球后，会激活辅助机按钮，释放后冷观会于玩家前方张开贝壳，伸出炮台对敌人发射<color=#0f70bc>1</color>颗榴弹。当冷观发射榴弹时，有<color=#0f70bc>78%</color>的概率额外发射<color=#0f70bc>1</color>颗榴弹，最多发射<color=#0f70bc>9</color>颗。每颗造成<color=#0f70bc>250%</color>冰属性范围伤害，并减速榴弹命中的敌人，重复命中刷新减速时间。榴弹附加<color=#935ee1>数据攻击</color>。
109401	1094	1	炮击嘉年华·雷	Assets/Product/Texture/Image/IconPetSkill/Pet2BeiSkillzhudong03.png	任意消除6个基础信号球后，会激活辅助机按钮，释放后冷观会于玩家前方张开贝壳，伸出炮台对敌人发射<color=#0f70bc>1</color>颗榴弹。当冷观发射榴弹时，有<color=#0f70bc>78%</color>的概率额外发射<color=#0f70bc>1</color>颗榴弹，最多发射<color=#0f70bc>9</color>颗。每颗造成<color=#0f70bc>50%</color>雷属性范围伤害。
109402	1094	2	炮击嘉年华·雷	Assets/Product/Texture/Image/IconPetSkill/Pet2BeiSkillzhudong03.png	任意消除6个基础信号球后，会激活辅助机按钮，释放后冷观会于玩家前方张开贝壳，伸出炮台对敌人发射<color=#0f70bc>1</color>颗榴弹。当冷观发射榴弹时，有<color=#0f70bc>78%</color>的概率额外发射<color=#0f70bc>1</color>颗榴弹，最多发射<color=#0f70bc>9</color>颗。每颗造成<color=#0f70bc>100%</color>雷属性范围伤害。
109403	1094	3	炮击嘉年华·雷	Assets/Product/Texture/Image/IconPetSkill/Pet2BeiSkillzhudong03.png	任意消除6个基础信号球后，会激活辅助机按钮，释放后冷观会于玩家前方张开贝壳，伸出炮台对敌人发射<color=#0f70bc>1</color>颗榴弹。当冷观发射榴弹时，有<color=#0f70bc>78%</color>的概率额外发射<color=#0f70bc>1</color>颗榴弹，最多发射<color=#0f70bc>9</color>颗。每颗造成<color=#0f70bc>150%</color>雷属性范围伤害。
109404	1094	4	炮击嘉年华·雷	Assets/Product/Texture/Image/IconPetSkill/Pet2BeiSkillzhudong03.png	任意消除6个基础信号球后，会激活辅助机按钮，释放后冷观会于玩家前方张开贝壳，伸出炮台对敌人发射<color=#0f70bc>1</color>颗榴弹。当冷观发射榴弹时，有<color=#0f70bc>78%</color>的概率额外发射<color=#0f70bc>1</color>颗榴弹，最多发射<color=#0f70bc>9</color>颗。每颗造成<color=#0f70bc>200%</color>雷属性范围伤害。
109405	1094	5	炮击嘉年华·雷	Assets/Product/Texture/Image/IconPetSkill/Pet2BeiSkillzhudong03.png	任意消除6个基础信号球后，会激活辅助机按钮，释放后冷观会于玩家前方张开贝壳，伸出炮台对敌人发射<color=#0f70bc>1</color>颗榴弹。当冷观发射榴弹时，有<color=#0f70bc>78%</color>的概率额外发射<color=#0f70bc>1</color>颗榴弹，最多发射<color=#0f70bc>9</color>颗。每颗造成<color=#0f70bc>250%</color>雷属性范围伤害。
109501	1095	1	炮击嘉年华·暗	Assets/Product/Texture/Image/IconPetSkill/Pet2BeiSkillzhudong04.png	任意消除6个基础信号球后，会激活辅助机按钮，释放后冷观会于玩家前方张开贝壳，伸出炮台对敌人发射<color=#0f70bc>1</color>颗榴弹。当冷观发射榴弹时，有<color=#0f70bc>78%</color>的概率额外发射<color=#0f70bc>1</color>颗榴弹，最多发射<color=#0f70bc>9</color>颗。每颗造成<color=#0f70bc>50%</color>暗属性范围伤害。
109502	1095	2	炮击嘉年华·暗	Assets/Product/Texture/Image/IconPetSkill/Pet2BeiSkillzhudong04.png	任意消除6个基础信号球后，会激活辅助机按钮，释放后冷观会于玩家前方张开贝壳，伸出炮台对敌人发射<color=#0f70bc>1</color>颗榴弹。当冷观发射榴弹时，有<color=#0f70bc>78%</color>的概率额外发射<color=#0f70bc>1</color>颗榴弹，最多发射<color=#0f70bc>9</color>颗。每颗造成<color=#0f70bc>100%</color>暗属性范围伤害。
109503	1095	3	炮击嘉年华·暗	Assets/Product/Texture/Image/IconPetSkill/Pet2BeiSkillzhudong04.png	任意消除6个基础信号球后，会激活辅助机按钮，释放后冷观会于玩家前方张开贝壳，伸出炮台对敌人发射<color=#0f70bc>1</color>颗榴弹。当冷观发射榴弹时，有<color=#0f70bc>78%</color>的概率额外发射<color=#0f70bc>1</color>颗榴弹，最多发射<color=#0f70bc>9</color>颗。每颗造成<color=#0f70bc>150%</color>暗属性范围伤害。
109504	1095	4	炮击嘉年华·暗	Assets/Product/Texture/Image/IconPetSkill/Pet2BeiSkillzhudong04.png	任意消除6个基础信号球后，会激活辅助机按钮，释放后冷观会于玩家前方张开贝壳，伸出炮台对敌人发射<color=#0f70bc>1</color>颗榴弹。当冷观发射榴弹时，有<color=#0f70bc>78%</color>的概率额外发射<color=#0f70bc>1</color>颗榴弹，最多发射<color=#0f70bc>9</color>颗。每颗造成<color=#0f70bc>200%</color>暗属性范围伤害。
109505	1095	5	炮击嘉年华·暗	Assets/Product/Texture/Image/IconPetSkill/Pet2BeiSkillzhudong04.png	任意消除6个基础信号球后，会激活辅助机按钮，释放后冷观会于玩家前方张开贝壳，伸出炮台对敌人发射<color=#0f70bc>1</color>颗榴弹。当冷观发射榴弹时，有<color=#0f70bc>78%</color>的概率额外发射<color=#0f70bc>1</color>颗榴弹，最多发射<color=#0f70bc>9</color>颗。每颗造成<color=#0f70bc>250%</color>暗属性范围伤害。
109601	1096	1	炮击嘉年华·空	Assets/Product/Texture/Image/IconPetSkill/Pet2BeiSkillzhudong06.png	任意消除6个基础信号球后，会激活辅助机按钮，释放后冷观会于玩家前方张开贝壳，伸出炮台对敌人发射<color=#0f70bc>1</color>颗榴弹。当冷观发射榴弹时，有<color=#0f70bc>78%</color>的概率额外发射<color=#0f70bc>1</color>颗榴弹，最多发射<color=#0f70bc>9</color>颗。每颗造成<color=#0f70bc>50%</color>空属性范围伤害。
109602	1096	2	炮击嘉年华·空	Assets/Product/Texture/Image/IconPetSkill/Pet2BeiSkillzhudong06.png	任意消除6个基础信号球后，会激活辅助机按钮，释放后冷观会于玩家前方张开贝壳，伸出炮台对敌人发射<color=#0f70bc>1</color>颗榴弹。当冷观发射榴弹时，有<color=#0f70bc>78%</color>的概率额外发射<color=#0f70bc>1</color>颗榴弹，最多发射<color=#0f70bc>9</color>颗。每颗造成<color=#0f70bc>100%</color>空属性范围伤害。
109603	1096	3	炮击嘉年华·空	Assets/Product/Texture/Image/IconPetSkill/Pet2BeiSkillzhudong06.png	任意消除6个基础信号球后，会激活辅助机按钮，释放后冷观会于玩家前方张开贝壳，伸出炮台对敌人发射<color=#0f70bc>1</color>颗榴弹。当冷观发射榴弹时，有<color=#0f70bc>78%</color>的概率额外发射<color=#0f70bc>1</color>颗榴弹，最多发射<color=#0f70bc>9</color>颗。每颗造成<color=#0f70bc>150%</color>空属性范围伤害。
109604	1096	4	炮击嘉年华·空	Assets/Product/Texture/Image/IconPetSkill/Pet2BeiSkillzhudong06.png	任意消除6个基础信号球后，会激活辅助机按钮，释放后冷观会于玩家前方张开贝壳，伸出炮台对敌人发射<color=#0f70bc>1</color>颗榴弹。当冷观发射榴弹时，有<color=#0f70bc>78%</color>的概率额外发射<color=#0f70bc>1</color>颗榴弹，最多发射<color=#0f70bc>9</color>颗。每颗造成<color=#0f70bc>200%</color>空属性范围伤害。
109605	1096	5	炮击嘉年华·空	Assets/Product/Texture/Image/IconPetSkill/Pet2BeiSkillzhudong06.png	任意消除6个基础信号球后，会激活辅助机按钮，释放后冷观会于玩家前方张开贝壳，伸出炮台对敌人发射<color=#0f70bc>1</color>颗榴弹。当冷观发射榴弹时，有<color=#0f70bc>78%</color>的概率额外发射<color=#0f70bc>1</color>颗榴弹，最多发射<color=#0f70bc>9</color>颗。每颗造成<color=#0f70bc>250%</color>空属性范围伤害。
110101	1101	1	速射四重奏·物	Assets/Product/Texture/Image/IconPetSkill/Pet2BeiSkillzhudong05.png	任意消除6个基础信号球后，会激活辅助机按钮，释放后冷观会于玩家前方张开贝壳，伸出炮台对敌人发射<color=#0f70bc>4</color>颗榴弹，共造成<color=#0f70bc>200%</color>物理范围伤害。
110102	1101	2	速射四重奏·物	Assets/Product/Texture/Image/IconPetSkill/Pet2BeiSkillzhudong05.png	任意消除6个基础信号球后，会激活辅助机按钮，释放后冷观会于玩家前方张开贝壳，伸出炮台对敌人发射<color=#0f70bc>4</color>颗榴弹，共造成<color=#0f70bc>400%</color>物理范围伤害。
110103	1101	3	速射四重奏·物	Assets/Product/Texture/Image/IconPetSkill/Pet2BeiSkillzhudong05.png	任意消除6个基础信号球后，会激活辅助机按钮，释放后冷观会于玩家前方张开贝壳，伸出炮台对敌人发射<color=#0f70bc>4</color>颗榴弹，共造成<color=#0f70bc>600%</color>物理范围伤害。
110104	1101	4	速射四重奏·物	Assets/Product/Texture/Image/IconPetSkill/Pet2BeiSkillzhudong05.png	任意消除6个基础信号球后，会激活辅助机按钮，释放后冷观会于玩家前方张开贝壳，伸出炮台对敌人发射<color=#0f70bc>4</color>颗榴弹，共造成<color=#0f70bc>800%</color>物理范围伤害。
110105	1101	5	速射四重奏·物	Assets/Product/Texture/Image/IconPetSkill/Pet2BeiSkillzhudong05.png	任意消除6个基础信号球后，会激活辅助机按钮，释放后冷观会于玩家前方张开贝壳，伸出炮台对敌人发射<color=#0f70bc>4</color>颗榴弹，共造成<color=#0f70bc>1000%</color>物理范围伤害。
110201	1102	1	速射四重奏·火	Assets/Product/Texture/Image/IconPetSkill/Pet2BeiSkillzhudong01.png	任意消除6个基础信号球后，会激活辅助机按钮，释放后冷观会于玩家前方张开贝壳，伸出炮台对敌人发射<color=#0f70bc>4</color>颗榴弹，共造成<color=#0f70bc>200%</color>火属性范围伤害。
110202	1102	2	速射四重奏·火	Assets/Product/Texture/Image/IconPetSkill/Pet2BeiSkillzhudong01.png	任意消除6个基础信号球后，会激活辅助机按钮，释放后冷观会于玩家前方张开贝壳，伸出炮台对敌人发射<color=#0f70bc>4</color>颗榴弹，共造成<color=#0f70bc>400%</color>火属性范围伤害。
110203	1102	3	速射四重奏·火	Assets/Product/Texture/Image/IconPetSkill/Pet2BeiSkillzhudong01.png	任意消除6个基础信号球后，会激活辅助机按钮，释放后冷观会于玩家前方张开贝壳，伸出炮台对敌人发射<color=#0f70bc>4</color>颗榴弹，共造成<color=#0f70bc>600%</color>火属性范围伤害。
110204	1102	4	速射四重奏·火	Assets/Product/Texture/Image/IconPetSkill/Pet2BeiSkillzhudong01.png	任意消除6个基础信号球后，会激活辅助机按钮，释放后冷观会于玩家前方张开贝壳，伸出炮台对敌人发射<color=#0f70bc>4</color>颗榴弹，共造成<color=#0f70bc>800%</color>火属性范围伤害。
110205	1102	5	速射四重奏·火	Assets/Product/Texture/Image/IconPetSkill/Pet2BeiSkillzhudong01.png	任意消除6个基础信号球后，会激活辅助机按钮，释放后冷观会于玩家前方张开贝壳，伸出炮台对敌人发射<color=#0f70bc>4</color>颗榴弹，共造成<color=#0f70bc>1000%</color>火属性范围伤害。
110301	1103	1	速射四重奏·冰	Assets/Product/Texture/Image/IconPetSkill/Pet2BeiSkillzhudong02.png	任意消除6个基础信号球后，会激活辅助机按钮，释放后冷观会于玩家前方张开贝壳，伸出炮台对敌人发射<color=#0f70bc>4</color>颗榴弹，共造成<color=#0f70bc>200%</color>冰属性范围伤害，并使受伤的敌人减速5秒，同时附加<color=#935ee1>数据攻击</color>。
110302	1103	2	速射四重奏·冰	Assets/Product/Texture/Image/IconPetSkill/Pet2BeiSkillzhudong02.png	任意消除6个基础信号球后，会激活辅助机按钮，释放后冷观会于玩家前方张开贝壳，伸出炮台对敌人发射<color=#0f70bc>4</color>颗榴弹，共造成<color=#0f70bc>400%</color>冰属性范围伤害，并使受伤的敌人减速5秒，同时附加<color=#935ee1>数据攻击</color>。
110303	1103	3	速射四重奏·冰	Assets/Product/Texture/Image/IconPetSkill/Pet2BeiSkillzhudong02.png	任意消除6个基础信号球后，会激活辅助机按钮，释放后冷观会于玩家前方张开贝壳，伸出炮台对敌人发射<color=#0f70bc>4</color>颗榴弹，共造成<color=#0f70bc>600%</color>冰属性范围伤害，并使受伤的敌人减速5秒，同时附加<color=#935ee1>数据攻击</color>。
110304	1103	4	速射四重奏·冰	Assets/Product/Texture/Image/IconPetSkill/Pet2BeiSkillzhudong02.png	任意消除6个基础信号球后，会激活辅助机按钮，释放后冷观会于玩家前方张开贝壳，伸出炮台对敌人发射<color=#0f70bc>4</color>颗榴弹，共造成<color=#0f70bc>800%</color>冰属性范围伤害，并使受伤的敌人减速5秒，同时附加<color=#935ee1>数据攻击</color>。
110305	1103	5	速射四重奏·冰	Assets/Product/Texture/Image/IconPetSkill/Pet2BeiSkillzhudong02.png	任意消除6个基础信号球后，会激活辅助机按钮，释放后冷观会于玩家前方张开贝壳，伸出炮台对敌人发射<color=#0f70bc>4</color>颗榴弹，共造成<color=#0f70bc>1000%</color>冰属性范围伤害，并使受伤的敌人减速5秒，同时附加<color=#935ee1>数据攻击</color>。
110401	1104	1	速射四重奏·雷	Assets/Product/Texture/Image/IconPetSkill/Pet2BeiSkillzhudong03.png	任意消除6个基础信号球后，会激活辅助机按钮，释放后冷观会于玩家前方张开贝壳，伸出炮台对敌人发射<color=#0f70bc>4</color>颗榴弹，共造成<color=#0f70bc>200%</color>雷属性范围伤害。
110402	1104	2	速射四重奏·雷	Assets/Product/Texture/Image/IconPetSkill/Pet2BeiSkillzhudong03.png	任意消除6个基础信号球后，会激活辅助机按钮，释放后冷观会于玩家前方张开贝壳，伸出炮台对敌人发射<color=#0f70bc>4</color>颗榴弹，共造成<color=#0f70bc>400%</color>雷属性范围伤害。
110403	1104	3	速射四重奏·雷	Assets/Product/Texture/Image/IconPetSkill/Pet2BeiSkillzhudong03.png	任意消除6个基础信号球后，会激活辅助机按钮，释放后冷观会于玩家前方张开贝壳，伸出炮台对敌人发射<color=#0f70bc>4</color>颗榴弹，共造成<color=#0f70bc>600%</color>雷属性范围伤害。
110404	1104	4	速射四重奏·雷	Assets/Product/Texture/Image/IconPetSkill/Pet2BeiSkillzhudong03.png	任意消除6个基础信号球后，会激活辅助机按钮，释放后冷观会于玩家前方张开贝壳，伸出炮台对敌人发射<color=#0f70bc>4</color>颗榴弹，共造成<color=#0f70bc>800%</color>雷属性范围伤害。
110405	1104	5	速射四重奏·雷	Assets/Product/Texture/Image/IconPetSkill/Pet2BeiSkillzhudong03.png	任意消除6个基础信号球后，会激活辅助机按钮，释放后冷观会于玩家前方张开贝壳，伸出炮台对敌人发射<color=#0f70bc>4</color>颗榴弹，共造成<color=#0f70bc>1000%</color>雷属性范围伤害。
110501	1105	1	速射四重奏·暗	Assets/Product/Texture/Image/IconPetSkill/Pet2BeiSkillzhudong04.png	任意消除6个基础信号球后，会激活辅助机按钮，释放后冷观会于玩家前方张开贝壳，伸出炮台对敌人发射<color=#0f70bc>4</color>颗榴弹，共造成<color=#0f70bc>200%</color>暗属性范围伤害。
110502	1105	2	速射四重奏·暗	Assets/Product/Texture/Image/IconPetSkill/Pet2BeiSkillzhudong04.png	任意消除6个基础信号球后，会激活辅助机按钮，释放后冷观会于玩家前方张开贝壳，伸出炮台对敌人发射<color=#0f70bc>4</color>颗榴弹，共造成<color=#0f70bc>400%</color>暗属性范围伤害。
110503	1105	3	速射四重奏·暗	Assets/Product/Texture/Image/IconPetSkill/Pet2BeiSkillzhudong04.png	任意消除6个基础信号球后，会激活辅助机按钮，释放后冷观会于玩家前方张开贝壳，伸出炮台对敌人发射<color=#0f70bc>4</color>颗榴弹，共造成<color=#0f70bc>600%</color>暗属性范围伤害。
110504	1105	4	速射四重奏·暗	Assets/Product/Texture/Image/IconPetSkill/Pet2BeiSkillzhudong04.png	任意消除6个基础信号球后，会激活辅助机按钮，释放后冷观会于玩家前方张开贝壳，伸出炮台对敌人发射<color=#0f70bc>4</color>颗榴弹，共造成<color=#0f70bc>800%</color>暗属性范围伤害。
110505	1105	5	速射四重奏·暗	Assets/Product/Texture/Image/IconPetSkill/Pet2BeiSkillzhudong04.png	任意消除6个基础信号球后，会激活辅助机按钮，释放后冷观会于玩家前方张开贝壳，伸出炮台对敌人发射<color=#0f70bc>4</color>颗榴弹，共造成<color=#0f70bc>1000%</color>暗属性范围伤害。
110601	1106	1	速射四重奏·空	Assets/Product/Texture/Image/IconPetSkill/Pet2BeiSkillzhudong06.png	任意消除6个基础信号球后，会激活辅助机按钮，释放后冷观会于玩家前方张开贝壳，伸出炮台对敌人发射<color=#0f70bc>4</color>颗榴弹，共造成<color=#0f70bc>200%</color>空属性范围伤害。
110602	1106	2	速射四重奏·空	Assets/Product/Texture/Image/IconPetSkill/Pet2BeiSkillzhudong06.png	任意消除6个基础信号球后，会激活辅助机按钮，释放后冷观会于玩家前方张开贝壳，伸出炮台对敌人发射<color=#0f70bc>4</color>颗榴弹，共造成<color=#0f70bc>400%</color>空属性范围伤害。
110603	1106	3	速射四重奏·空	Assets/Product/Texture/Image/IconPetSkill/Pet2BeiSkillzhudong06.png	任意消除6个基础信号球后，会激活辅助机按钮，释放后冷观会于玩家前方张开贝壳，伸出炮台对敌人发射<color=#0f70bc>4</color>颗榴弹，共造成<color=#0f70bc>600%</color>空属性范围伤害。
110604	1106	4	速射四重奏·空	Assets/Product/Texture/Image/IconPetSkill/Pet2BeiSkillzhudong06.png	任意消除6个基础信号球后，会激活辅助机按钮，释放后冷观会于玩家前方张开贝壳，伸出炮台对敌人发射<color=#0f70bc>4</color>颗榴弹，共造成<color=#0f70bc>800%</color>空属性范围伤害。
110605	1106	5	速射四重奏·空	Assets/Product/Texture/Image/IconPetSkill/Pet2BeiSkillzhudong06.png	任意消除6个基础信号球后，会激活辅助机按钮，释放后冷观会于玩家前方张开贝壳，伸出炮台对敌人发射<color=#0f70bc>4</color>颗榴弹，共造成<color=#0f70bc>1000%</color>空属性范围伤害。
5400001	54000	1	改造炮管	Assets/Product/Texture/Image/IconPetSkill/Pet2BeiSkillbeidong01.png	冷观主动技伤害提高<color=#0f70bc>12%</color>
5400002	54000	2	改造炮管	Assets/Product/Texture/Image/IconPetSkill/Pet2BeiSkillbeidong01.png	冷观主动技伤害提高<color=#0f70bc>24%</color>
5400003	54000	3	改造炮管	Assets/Product/Texture/Image/IconPetSkill/Pet2BeiSkillbeidong01.png	冷观主动技伤害提高<color=#0f70bc>36%</color>
5400004	54000	4	改造炮管	Assets/Product/Texture/Image/IconPetSkill/Pet2BeiSkillbeidong01.png	冷观主动技伤害提高<color=#0f70bc>48%</color>
5400005	54000	5	改造炮管	Assets/Product/Texture/Image/IconPetSkill/Pet2BeiSkillbeidong01.png	冷观主动技伤害提高<color=#0f70bc>60%</color>
5401001	54010	1	火力支援	Assets/Product/Texture/Image/IconPetSkill/Pet3HeSkillbeidong02.png	携带角色攻击力提高<color=#0f70bc>12</color>
5401002	54010	2	火力支援	Assets/Product/Texture/Image/IconPetSkill/Pet3HeSkillbeidong02.png	携带角色攻击力提高<color=#0f70bc>24</color>
5401003	54010	3	火力支援	Assets/Product/Texture/Image/IconPetSkill/Pet3HeSkillbeidong02.png	携带角色攻击力提高<color=#0f70bc>36</color>
5401004	54010	4	火力支援	Assets/Product/Texture/Image/IconPetSkill/Pet3HeSkillbeidong02.png	携带角色攻击力提高<color=#0f70bc>48</color>
5401005	54010	5	火力支援	Assets/Product/Texture/Image/IconPetSkill/Pet3HeSkillbeidong02.png	携带角色攻击力提高<color=#0f70bc>60</color>
5402001	54020	1	饱和式轰炸	Assets/Product/Texture/Image/IconPetSkill/Pet2BeiSkillbeidong03.png	携带角色三消后，额外伤害加成提高<color=#0f70bc>0.8%</color>，持续5秒，最多可同时叠加<color=#0f70bc>3</color>层。
5402002	54020	2	饱和式轰炸	Assets/Product/Texture/Image/IconPetSkill/Pet2BeiSkillbeidong03.png	携带角色三消后，额外伤害加成提高<color=#0f70bc>1.6%</color>，持续5秒，最多可同时叠加<color=#0f70bc>3</color>层。
5402003	54020	3	饱和式轰炸	Assets/Product/Texture/Image/IconPetSkill/Pet2BeiSkillbeidong03.png	携带角色三消后，额外伤害加成提高<color=#0f70bc>2.4%</color>，持续5秒，最多可同时叠加<color=#0f70bc>3</color>层。
5402004	54020	4	饱和式轰炸	Assets/Product/Texture/Image/IconPetSkill/Pet2BeiSkillbeidong03.png	携带角色三消后，额外伤害加成提高<color=#0f70bc>3.2%</color>，持续5秒，最多可同时叠加<color=#0f70bc>3</color>层。
5402005	54020	5	饱和式轰炸	Assets/Product/Texture/Image/IconPetSkill/Pet2BeiSkillbeidong03.png	携带角色三消后，额外伤害加成提高<color=#0f70bc>4%</color>，持续5秒，最多可同时叠加<color=#0f70bc>3</color>层。
5403001	54030	1	弹药续航	Assets/Product/Texture/Image/IconPetSkill/Pet2BeiSkillbeidong04.png	携带角色每获取<color=#0f70bc>12</color>次基础信号球后，下次获得基础信号球时将额外获得一个基础信号球，冷却时间1.4秒。
5403002	54030	2	弹药续航	Assets/Product/Texture/Image/IconPetSkill/Pet2BeiSkillbeidong04.png	携带角色每获取<color=#0f70bc>11</color>次基础信号球后，下次获得基础信号球时将额外获得一个基础信号球，冷却时间1.4秒。
5403003	54030	3	弹药续航	Assets/Product/Texture/Image/IconPetSkill/Pet2BeiSkillbeidong04.png	携带角色每获取<color=#0f70bc>10</color>次基础信号球后，下次获得基础信号球时将额外获得一个基础信号球，冷却时间1.4秒。
5403004	54030	4	弹药续航	Assets/Product/Texture/Image/IconPetSkill/Pet2BeiSkillbeidong04.png	携带角色每获取<color=#0f70bc>9</color>次基础信号球后，下次获得基础信号球时将额外获得一个基础信号球，冷却时间1.4秒。
5403005	54030	5	弹药续航	Assets/Product/Texture/Image/IconPetSkill/Pet2BeiSkillbeidong04.png	携带角色每获取<color=#0f70bc>8</color>次基础信号球后，下次获得基础信号球时将额外获得一个基础信号球，冷却时间1.4秒。
5404001	54040	1	液氮散布	Assets/Product/Texture/Image/IconPetSkill/Pet2BeiSkillbeidong05.png	携带角色冰属性伤害提高<color=#0f70bc>2%</color>。
5404002	54040	2	液氮散布	Assets/Product/Texture/Image/IconPetSkill/Pet2BeiSkillbeidong05.png	携带角色冰属性伤害提高<color=#0f70bc>4%</color>。
5404003	54040	3	液氮散布	Assets/Product/Texture/Image/IconPetSkill/Pet2BeiSkillbeidong05.png	携带角色冰属性伤害提高<color=#0f70bc>6%</color>。
5404004	54040	4	液氮散布	Assets/Product/Texture/Image/IconPetSkill/Pet2BeiSkillbeidong05.png	携带角色冰属性伤害提高<color=#0f70bc>8%</color>。
5404005	54040	5	液氮散布	Assets/Product/Texture/Image/IconPetSkill/Pet2BeiSkillbeidong05.png	携带角色冰属性伤害提高<color=#0f70bc>10%</color>。
111101	1111	1	闪焰瞬击·物	Assets/Product/Texture/Image/IconPetSkill/Pet3MaoSkillzhudong05.png	任意消除6个基础信号球后，会激活辅助机按钮，释放后角色会短暂撤离，指挥宵煌攻击身边的敌人，连续爪击并引发一次爆炸，共造成<color=#0f70bc>300%</color>物理伤害。
111102	1111	2	闪焰瞬击·物	Assets/Product/Texture/Image/IconPetSkill/Pet3MaoSkillzhudong05.png	任意消除6个基础信号球后，会激活辅助机按钮，释放后角色会短暂撤离，指挥宵煌攻击身边的敌人，连续爪击并引发一次爆炸，共造成<color=#0f70bc>600%</color>物理伤害。
111103	1111	3	闪焰瞬击·物	Assets/Product/Texture/Image/IconPetSkill/Pet3MaoSkillzhudong05.png	任意消除6个基础信号球后，会激活辅助机按钮，释放后角色会短暂撤离，指挥宵煌攻击身边的敌人，连续爪击并引发一次爆炸，共造成<color=#0f70bc>900%</color>物理伤害。
111104	1111	4	闪焰瞬击·物	Assets/Product/Texture/Image/IconPetSkill/Pet3MaoSkillzhudong05.png	任意消除6个基础信号球后，会激活辅助机按钮，释放后角色会短暂撤离，指挥宵煌攻击身边的敌人，连续爪击并引发一次爆炸，共造成<color=#0f70bc>1200%</color>物理伤害。
111105	1111	5	闪焰瞬击·物	Assets/Product/Texture/Image/IconPetSkill/Pet3MaoSkillzhudong05.png	任意消除6个基础信号球后，会激活辅助机按钮，释放后角色会短暂撤离，指挥宵煌攻击身边的敌人，连续爪击并引发一次爆炸，共造成<color=#0f70bc>1500%</color>物理伤害。
111201	1112	1	闪焰瞬击·火	Assets/Product/Texture/Image/IconPetSkill/Pet3MaoSkillzhudong01.png	任意消除6个基础信号球后，会激活辅助机按钮，释放后角色会短暂撤离，指挥宵煌攻击身边的敌人，连续爪击并引发一次爆炸，共造成<color=#0f70bc>300%</color>火属性伤害。
111202	1112	2	闪焰瞬击·火	Assets/Product/Texture/Image/IconPetSkill/Pet3MaoSkillzhudong01.png	任意消除6个基础信号球后，会激活辅助机按钮，释放后角色会短暂撤离，指挥宵煌攻击身边的敌人，连续爪击并引发一次爆炸，共造成<color=#0f70bc>600%</color>火属性伤害。
111203	1112	3	闪焰瞬击·火	Assets/Product/Texture/Image/IconPetSkill/Pet3MaoSkillzhudong01.png	任意消除6个基础信号球后，会激活辅助机按钮，释放后角色会短暂撤离，指挥宵煌攻击身边的敌人，连续爪击并引发一次爆炸，共造成<color=#0f70bc>900%</color>火属性伤害。
111204	1112	4	闪焰瞬击·火	Assets/Product/Texture/Image/IconPetSkill/Pet3MaoSkillzhudong01.png	任意消除6个基础信号球后，会激活辅助机按钮，释放后角色会短暂撤离，指挥宵煌攻击身边的敌人，连续爪击并引发一次爆炸，共造成<color=#0f70bc>1200%</color>火属性伤害。
111205	1112	5	闪焰瞬击·火	Assets/Product/Texture/Image/IconPetSkill/Pet3MaoSkillzhudong01.png	任意消除6个基础信号球后，会激活辅助机按钮，释放后角色会短暂撤离，指挥宵煌攻击身边的敌人，连续爪击并引发一次爆炸，共造成<color=#0f70bc>1500%</color>火属性伤害。
111301	1113	1	闪焰瞬击·冰	Assets/Product/Texture/Image/IconPetSkill/Pet3MaoSkillzhudong02.png	任意消除6个基础信号球后，会激活辅助机按钮，释放后角色会短暂撤离，指挥宵煌攻击身边的敌人，连续爪击并引发一次爆炸，共造成<color=#0f70bc>300%</color>冰属性伤害。
111302	1113	2	闪焰瞬击·冰	Assets/Product/Texture/Image/IconPetSkill/Pet3MaoSkillzhudong02.png	任意消除6个基础信号球后，会激活辅助机按钮，释放后角色会短暂撤离，指挥宵煌攻击身边的敌人，连续爪击并引发一次爆炸，共造成<color=#0f70bc>600%</color>冰属性伤害。
111303	1113	3	闪焰瞬击·冰	Assets/Product/Texture/Image/IconPetSkill/Pet3MaoSkillzhudong02.png	任意消除6个基础信号球后，会激活辅助机按钮，释放后角色会短暂撤离，指挥宵煌攻击身边的敌人，连续爪击并引发一次爆炸，共造成<color=#0f70bc>900%</color>冰属性伤害。
111304	1113	4	闪焰瞬击·冰	Assets/Product/Texture/Image/IconPetSkill/Pet3MaoSkillzhudong02.png	任意消除6个基础信号球后，会激活辅助机按钮，释放后角色会短暂撤离，指挥宵煌攻击身边的敌人，连续爪击并引发一次爆炸，共造成<color=#0f70bc>1200%</color>冰属性伤害。
111305	1113	5	闪焰瞬击·冰	Assets/Product/Texture/Image/IconPetSkill/Pet3MaoSkillzhudong02.png	任意消除6个基础信号球后，会激活辅助机按钮，释放后角色会短暂撤离，指挥宵煌攻击身边的敌人，连续爪击并引发一次爆炸，共造成<color=#0f70bc>1500%</color>冰属性伤害。
111401	1114	1	闪焰瞬击·雷	Assets/Product/Texture/Image/IconPetSkill/Pet3MaoSkillzhudong03.png	任意消除6个基础信号球后，会激活辅助机按钮，释放后角色会短暂撤离，指挥宵煌攻击身边的敌人，连续爪击并引发一次爆炸，共造成<color=#0f70bc>300%</color>雷属性伤害。
111402	1114	2	闪焰瞬击·雷	Assets/Product/Texture/Image/IconPetSkill/Pet3MaoSkillzhudong03.png	任意消除6个基础信号球后，会激活辅助机按钮，释放后角色会短暂撤离，指挥宵煌攻击身边的敌人，连续爪击并引发一次爆炸，共造成<color=#0f70bc>600%</color>雷属性伤害。
111403	1114	3	闪焰瞬击·雷	Assets/Product/Texture/Image/IconPetSkill/Pet3MaoSkillzhudong03.png	任意消除6个基础信号球后，会激活辅助机按钮，释放后角色会短暂撤离，指挥宵煌攻击身边的敌人，连续爪击并引发一次爆炸，共造成<color=#0f70bc>900%</color>雷属性伤害。
111404	1114	4	闪焰瞬击·雷	Assets/Product/Texture/Image/IconPetSkill/Pet3MaoSkillzhudong03.png	任意消除6个基础信号球后，会激活辅助机按钮，释放后角色会短暂撤离，指挥宵煌攻击身边的敌人，连续爪击并引发一次爆炸，共造成<color=#0f70bc>1200%</color>雷属性伤害。
111405	1114	5	闪焰瞬击·雷	Assets/Product/Texture/Image/IconPetSkill/Pet3MaoSkillzhudong03.png	任意消除6个基础信号球后，会激活辅助机按钮，释放后角色会短暂撤离，指挥宵煌攻击身边的敌人，连续爪击并引发一次爆炸，共造成<color=#0f70bc>1500%</color>雷属性伤害。
111501	1115	1	闪焰瞬击·暗	Assets/Product/Texture/Image/IconPetSkill/Pet3MaoSkillzhudong04.png	任意消除6个基础信号球后，会激活辅助机按钮，释放后角色会短暂撤离，指挥宵煌攻击身边的敌人，连续爪击并引发一次爆炸，共造成<color=#0f70bc>300%</color>暗属性伤害。
111502	1115	2	闪焰瞬击·暗	Assets/Product/Texture/Image/IconPetSkill/Pet3MaoSkillzhudong04.png	任意消除6个基础信号球后，会激活辅助机按钮，释放后角色会短暂撤离，指挥宵煌攻击身边的敌人，连续爪击并引发一次爆炸，共造成<color=#0f70bc>600%</color>暗属性伤害。
111503	1115	3	闪焰瞬击·暗	Assets/Product/Texture/Image/IconPetSkill/Pet3MaoSkillzhudong04.png	任意消除6个基础信号球后，会激活辅助机按钮，释放后角色会短暂撤离，指挥宵煌攻击身边的敌人，连续爪击并引发一次爆炸，共造成<color=#0f70bc>900%</color>暗属性伤害。
111504	1115	4	闪焰瞬击·暗	Assets/Product/Texture/Image/IconPetSkill/Pet3MaoSkillzhudong04.png	任意消除6个基础信号球后，会激活辅助机按钮，释放后角色会短暂撤离，指挥宵煌攻击身边的敌人，连续爪击并引发一次爆炸，共造成<color=#0f70bc>1200%</color>暗属性伤害。
111505	1115	5	闪焰瞬击·暗	Assets/Product/Texture/Image/IconPetSkill/Pet3MaoSkillzhudong04.png	任意消除6个基础信号球后，会激活辅助机按钮，释放后角色会短暂撤离，指挥宵煌攻击身边的敌人，连续爪击并引发一次爆炸，共造成<color=#0f70bc>1500%</color>暗属性伤害。
111601	1116	1	闪焰瞬击·空	Assets/Product/Texture/Image/IconPetSkill/Pet3MaoSkillzhudong06.png	任意消除6个基础信号球后，会激活辅助机按钮，释放后角色会短暂撤离，指挥宵煌攻击身边的敌人，连续爪击并引发一次爆炸，共造成<color=#0f70bc>300%</color>空属性伤害。
111602	1116	2	闪焰瞬击·空	Assets/Product/Texture/Image/IconPetSkill/Pet3MaoSkillzhudong06.png	任意消除6个基础信号球后，会激活辅助机按钮，释放后角色会短暂撤离，指挥宵煌攻击身边的敌人，连续爪击并引发一次爆炸，共造成<color=#0f70bc>600%</color>空属性伤害。
111603	1116	3	闪焰瞬击·空	Assets/Product/Texture/Image/IconPetSkill/Pet3MaoSkillzhudong06.png	任意消除6个基础信号球后，会激活辅助机按钮，释放后角色会短暂撤离，指挥宵煌攻击身边的敌人，连续爪击并引发一次爆炸，共造成<color=#0f70bc>900%</color>空属性伤害。
111604	1116	4	闪焰瞬击·空	Assets/Product/Texture/Image/IconPetSkill/Pet3MaoSkillzhudong06.png	任意消除6个基础信号球后，会激活辅助机按钮，释放后角色会短暂撤离，指挥宵煌攻击身边的敌人，连续爪击并引发一次爆炸，共造成<color=#0f70bc>1200%</color>空属性伤害。
111605	1116	5	闪焰瞬击·空	Assets/Product/Texture/Image/IconPetSkill/Pet3MaoSkillzhudong06.png	任意消除6个基础信号球后，会激活辅助机按钮，释放后角色会短暂撤离，指挥宵煌攻击身边的敌人，连续爪击并引发一次爆炸，共造成<color=#0f70bc>1500%</color>空属性伤害。
112101	1121	1	炽焰焚身·物	Assets/Product/Texture/Image/IconPetSkill/Pet3MaoSkillzhudong05.png	任意消除6个基础信号球后，会激活辅助机按钮，释放后宵煌冲向敌人，连续爪击并引发一次爆炸，共造成<color=#0f70bc>300%</color>物理伤害。
112102	1121	2	炽焰焚身·物	Assets/Product/Texture/Image/IconPetSkill/Pet3MaoSkillzhudong05.png	任意消除6个基础信号球后，会激活辅助机按钮，释放后宵煌冲向敌人，连续爪击并引发一次爆炸，共造成<color=#0f70bc>600%</color>物理伤害。
112103	1121	3	炽焰焚身·物	Assets/Product/Texture/Image/IconPetSkill/Pet3MaoSkillzhudong05.png	任意消除6个基础信号球后，会激活辅助机按钮，释放后宵煌冲向敌人，连续爪击并引发一次爆炸，共造成<color=#0f70bc>900%</color>物理伤害。
112104	1121	4	炽焰焚身·物	Assets/Product/Texture/Image/IconPetSkill/Pet3MaoSkillzhudong05.png	任意消除6个基础信号球后，会激活辅助机按钮，释放后宵煌冲向敌人，连续爪击并引发一次爆炸，共造成<color=#0f70bc>1200%</color>物理伤害。
112105	1121	5	炽焰焚身·物	Assets/Product/Texture/Image/IconPetSkill/Pet3MaoSkillzhudong05.png	任意消除6个基础信号球后，会激活辅助机按钮，释放后宵煌冲向敌人，连续爪击并引发一次爆炸，共造成<color=#0f70bc>1500%</color>物理伤害。
112201	1122	1	炽焰焚身·火	Assets/Product/Texture/Image/IconPetSkill/Pet3MaoSkillzhudong01.png	任意消除6个基础信号球后，会激活辅助机按钮，释放后宵煌冲向敌人，连续爪击并引发一次爆炸，共造成<color=#0f70bc>300%</color>火属性伤害。
112202	1122	2	炽焰焚身·火	Assets/Product/Texture/Image/IconPetSkill/Pet3MaoSkillzhudong01.png	任意消除6个基础信号球后，会激活辅助机按钮，释放后宵煌冲向敌人，连续爪击并引发一次爆炸，共造成<color=#0f70bc>600%</color>火属性伤害。
112203	1122	3	炽焰焚身·火	Assets/Product/Texture/Image/IconPetSkill/Pet3MaoSkillzhudong01.png	任意消除6个基础信号球后，会激活辅助机按钮，释放后宵煌冲向敌人，连续爪击并引发一次爆炸，共造成<color=#0f70bc>900%</color>火属性伤害。
112204	1122	4	炽焰焚身·火	Assets/Product/Texture/Image/IconPetSkill/Pet3MaoSkillzhudong01.png	任意消除6个基础信号球后，会激活辅助机按钮，释放后宵煌冲向敌人，连续爪击并引发一次爆炸，共造成<color=#0f70bc>1200%</color>火属性伤害。
112205	1122	5	炽焰焚身·火	Assets/Product/Texture/Image/IconPetSkill/Pet3MaoSkillzhudong01.png	任意消除6个基础信号球后，会激活辅助机按钮，释放后宵煌冲向敌人，连续爪击并引发一次爆炸，共造成<color=#0f70bc>1500%</color>火属性伤害。
112301	1123	1	炽焰焚身·冰	Assets/Product/Texture/Image/IconPetSkill/Pet3MaoSkillzhudong02.png	任意消除6个基础信号球后，会激活辅助机按钮，释放后宵煌冲向敌人，连续爪击并引发一次爆炸，共造成<color=#0f70bc>300%</color>冰属性伤害。
112302	1123	2	炽焰焚身·冰	Assets/Product/Texture/Image/IconPetSkill/Pet3MaoSkillzhudong02.png	任意消除6个基础信号球后，会激活辅助机按钮，释放后宵煌冲向敌人，连续爪击并引发一次爆炸，共造成<color=#0f70bc>600%</color>冰属性伤害。
112303	1123	3	炽焰焚身·冰	Assets/Product/Texture/Image/IconPetSkill/Pet3MaoSkillzhudong02.png	任意消除6个基础信号球后，会激活辅助机按钮，释放后宵煌冲向敌人，连续爪击并引发一次爆炸，共造成<color=#0f70bc>900%</color>冰属性伤害。
112304	1123	4	炽焰焚身·冰	Assets/Product/Texture/Image/IconPetSkill/Pet3MaoSkillzhudong02.png	任意消除6个基础信号球后，会激活辅助机按钮，释放后宵煌冲向敌人，连续爪击并引发一次爆炸，共造成<color=#0f70bc>1200%</color>冰属性伤害。
112305	1123	5	炽焰焚身·冰	Assets/Product/Texture/Image/IconPetSkill/Pet3MaoSkillzhudong02.png	任意消除6个基础信号球后，会激活辅助机按钮，释放后宵煌冲向敌人，连续爪击并引发一次爆炸，共造成<color=#0f70bc>1500%</color>冰属性伤害。
112401	1124	1	炽焰焚身·雷	Assets/Product/Texture/Image/IconPetSkill/Pet3MaoSkillzhudong03.png	任意消除6个基础信号球后，会激活辅助机按钮，释放后宵煌冲向敌人，连续爪击并引发一次爆炸，共造成<color=#0f70bc>300%</color>雷属性伤害。
112402	1124	2	炽焰焚身·雷	Assets/Product/Texture/Image/IconPetSkill/Pet3MaoSkillzhudong03.png	任意消除6个基础信号球后，会激活辅助机按钮，释放后宵煌冲向敌人，连续爪击并引发一次爆炸，共造成<color=#0f70bc>600%</color>雷属性伤害。
112403	1124	3	炽焰焚身·雷	Assets/Product/Texture/Image/IconPetSkill/Pet3MaoSkillzhudong03.png	任意消除6个基础信号球后，会激活辅助机按钮，释放后宵煌冲向敌人，连续爪击并引发一次爆炸，共造成<color=#0f70bc>900%</color>雷属性伤害。
112404	1124	4	炽焰焚身·雷	Assets/Product/Texture/Image/IconPetSkill/Pet3MaoSkillzhudong03.png	任意消除6个基础信号球后，会激活辅助机按钮，释放后宵煌冲向敌人，连续爪击并引发一次爆炸，共造成<color=#0f70bc>1200%</color>雷属性伤害。
112405	1124	5	炽焰焚身·雷	Assets/Product/Texture/Image/IconPetSkill/Pet3MaoSkillzhudong03.png	任意消除6个基础信号球后，会激活辅助机按钮，释放后宵煌冲向敌人，连续爪击并引发一次爆炸，共造成<color=#0f70bc>1500%</color>雷属性伤害。
112501	1125	1	炽焰焚身·暗	Assets/Product/Texture/Image/IconPetSkill/Pet3MaoSkillzhudong04.png	任意消除6个基础信号球后，会激活辅助机按钮，释放后宵煌冲向敌人，连续爪击并引发一次爆炸，共造成<color=#0f70bc>300%</color>暗属性伤害。
112502	1125	2	炽焰焚身·暗	Assets/Product/Texture/Image/IconPetSkill/Pet3MaoSkillzhudong04.png	任意消除6个基础信号球后，会激活辅助机按钮，释放后宵煌冲向敌人，连续爪击并引发一次爆炸，共造成<color=#0f70bc>600%</color>暗属性伤害。
112503	1125	3	炽焰焚身·暗	Assets/Product/Texture/Image/IconPetSkill/Pet3MaoSkillzhudong04.png	任意消除6个基础信号球后，会激活辅助机按钮，释放后宵煌冲向敌人，连续爪击并引发一次爆炸，共造成<color=#0f70bc>900%</color>暗属性伤害。
112504	1125	4	炽焰焚身·暗	Assets/Product/Texture/Image/IconPetSkill/Pet3MaoSkillzhudong04.png	任意消除6个基础信号球后，会激活辅助机按钮，释放后宵煌冲向敌人，连续爪击并引发一次爆炸，共造成<color=#0f70bc>1200%</color>暗属性伤害。
112505	1125	5	炽焰焚身·暗	Assets/Product/Texture/Image/IconPetSkill/Pet3MaoSkillzhudong04.png	任意消除6个基础信号球后，会激活辅助机按钮，释放后宵煌冲向敌人，连续爪击并引发一次爆炸，共造成<color=#0f70bc>1500%</color>暗属性伤害。
112601	1126	1	炽焰焚身·空	Assets/Product/Texture/Image/IconPetSkill/Pet3MaoSkillzhudong06.png	任意消除6个基础信号球后，会激活辅助机按钮，释放后宵煌冲向敌人，连续爪击并引发一次爆炸，共造成<color=#0f70bc>300%</color>空属性伤害。
112602	1126	2	炽焰焚身·空	Assets/Product/Texture/Image/IconPetSkill/Pet3MaoSkillzhudong06.png	任意消除6个基础信号球后，会激活辅助机按钮，释放后宵煌冲向敌人，连续爪击并引发一次爆炸，共造成<color=#0f70bc>600%</color>空属性伤害。
112603	1126	3	炽焰焚身·空	Assets/Product/Texture/Image/IconPetSkill/Pet3MaoSkillzhudong06.png	任意消除6个基础信号球后，会激活辅助机按钮，释放后宵煌冲向敌人，连续爪击并引发一次爆炸，共造成<color=#0f70bc>900%</color>空属性伤害。
112604	1126	4	炽焰焚身·空	Assets/Product/Texture/Image/IconPetSkill/Pet3MaoSkillzhudong06.png	任意消除6个基础信号球后，会激活辅助机按钮，释放后宵煌冲向敌人，连续爪击并引发一次爆炸，共造成<color=#0f70bc>1200%</color>空属性伤害。
112605	1126	5	炽焰焚身·空	Assets/Product/Texture/Image/IconPetSkill/Pet3MaoSkillzhudong06.png	任意消除6个基础信号球后，会激活辅助机按钮，释放后宵煌冲向敌人，连续爪击并引发一次爆炸，共造成<color=#0f70bc>1500%</color>空属性伤害。
5500001	55000	1	爆裂助燃剂	Assets/Product/Texture/Image/IconPetSkill/Pet3MaoSkillbeidong01.png	宵煌主动技伤害提高<color=#0f70bc>14%</color>
5500002	55000	2	爆裂助燃剂	Assets/Product/Texture/Image/IconPetSkill/Pet3MaoSkillbeidong01.png	宵煌主动技伤害提高<color=#0f70bc>28%</color>
5500003	55000	3	爆裂助燃剂	Assets/Product/Texture/Image/IconPetSkill/Pet3MaoSkillbeidong01.png	宵煌主动技伤害提高<color=#0f70bc>42%</color>
5500004	55000	4	爆裂助燃剂	Assets/Product/Texture/Image/IconPetSkill/Pet3MaoSkillbeidong01.png	宵煌主动技伤害提高<color=#0f70bc>56%</color>
5500005	55000	5	爆裂助燃剂	Assets/Product/Texture/Image/IconPetSkill/Pet3MaoSkillbeidong01.png	宵煌主动技伤害提高<color=#0f70bc>70%</color>
5501001	55010	1	昂扬斗志	Assets/Product/Texture/Image/IconPetSkill/Pet3HeSkillbeidong02.png	携带角色攻击力提高<color=#0f70bc>20</color>
5501002	55010	2	昂扬斗志	Assets/Product/Texture/Image/IconPetSkill/Pet3HeSkillbeidong02.png	携带角色攻击力提高<color=#0f70bc>40</color>
5501003	55010	3	昂扬斗志	Assets/Product/Texture/Image/IconPetSkill/Pet3HeSkillbeidong02.png	携带角色攻击力提高<color=#0f70bc>60</color>
5501004	55010	4	昂扬斗志	Assets/Product/Texture/Image/IconPetSkill/Pet3HeSkillbeidong02.png	携带角色攻击力提高<color=#0f70bc>80</color>
5501005	55010	5	昂扬斗志	Assets/Product/Texture/Image/IconPetSkill/Pet3HeSkillbeidong02.png	携带角色攻击力提高<color=#0f70bc>100</color>
5502001	55020	1	高热蔓延	Assets/Product/Texture/Image/IconPetSkill/Pet3MaoSkillbeidong03.png	宵煌释放技能后，携带角色攻击力增加<color=#0f70bc>8</color>，最多叠加3层。
5502002	55020	2	高热蔓延	Assets/Product/Texture/Image/IconPetSkill/Pet3MaoSkillbeidong03.png	宵煌释放技能后，携带角色攻击力增加<color=#0f70bc>16</color>，最多叠加3层。
5502003	55020	3	高热蔓延	Assets/Product/Texture/Image/IconPetSkill/Pet3MaoSkillbeidong03.png	宵煌释放技能后，携带角色攻击力增加<color=#0f70bc>24</color>，最多叠加3层。
5502004	55020	4	高热蔓延	Assets/Product/Texture/Image/IconPetSkill/Pet3MaoSkillbeidong03.png	宵煌释放技能后，携带角色攻击力增加<color=#0f70bc>32</color>，最多叠加3层。
5502005	55020	5	高热蔓延	Assets/Product/Texture/Image/IconPetSkill/Pet3MaoSkillbeidong03.png	宵煌释放技能后，携带角色攻击力增加<color=#0f70bc>40</color>，最多叠加3层。
5503001	55030	1	光焰升华	Assets/Product/Texture/Image/IconPetSkill/Pet3MaoSkillbeidong04.png	携带角色每次造成火属性伤害后，火属性伤害提高<color=#0f70bc>1%</color>，持续8秒，最多叠加2层，重复触发刷新持续时间。
5503002	55030	2	光焰升华	Assets/Product/Texture/Image/IconPetSkill/Pet3MaoSkillbeidong04.png	携带角色每次造成火属性伤害后，火属性伤害提高<color=#0f70bc>2%</color>，持续8秒，最多叠加2层，重复触发刷新持续时间。
5503003	55030	3	光焰升华	Assets/Product/Texture/Image/IconPetSkill/Pet3MaoSkillbeidong04.png	携带角色每次造成火属性伤害后，火属性伤害提高<color=#0f70bc>3%</color>，持续8秒，最多叠加2层，重复触发刷新持续时间。
5503004	55030	4	光焰升华	Assets/Product/Texture/Image/IconPetSkill/Pet3MaoSkillbeidong04.png	携带角色每次造成火属性伤害后，火属性伤害提高<color=#0f70bc>4%</color>，持续8秒，最多叠加2层，重复触发刷新持续时间。
5503005	55030	5	光焰升华	Assets/Product/Texture/Image/IconPetSkill/Pet3MaoSkillbeidong04.png	携带角色每次造成火属性伤害后，火属性伤害提高<color=#0f70bc>5%</color>，持续8秒，最多叠加2层，重复触发刷新持续时间。
5504001	55040	1	煌炎共鸣	Assets/Product/Texture/Image/IconPetSkill/Pet3MaoSkillbeidong05.png	卡列尼娜·烬燃热能强化状态下，额外伤害加成提高<color=#0f70bc>6%</color>。<color=#0f70bc>僚机召唤</color>的飞行激光发射器在场时，<color=#935ee1>闪焰瞬击</color>/<color=#935ee1>炽焰焚身</color>将触发额外激光扫射，造成<color=#0f70bc>300%</color>火属性伤害。
5504002	55040	2	煌炎共鸣	Assets/Product/Texture/Image/IconPetSkill/Pet3MaoSkillbeidong05.png	卡列尼娜·烬燃热能强化状态下，额外伤害加成提高<color=#0f70bc>12%</color>。<color=#0f70bc>僚机召唤</color>的飞行激光发射器在场时，<color=#935ee1>闪焰瞬击</color>/<color=#935ee1>炽焰焚身</color>将触发额外激光扫射，造成<color=#0f70bc>600%</color>火属性伤害。
5504003	55040	3	煌炎共鸣	Assets/Product/Texture/Image/IconPetSkill/Pet3MaoSkillbeidong05.png	卡列尼娜·烬燃热能强化状态下，额外伤害加成提高<color=#0f70bc>18%</color>。<color=#0f70bc>僚机召唤</color>的飞行激光发射器在场时，<color=#935ee1>闪焰瞬击</color>/<color=#935ee1>炽焰焚身</color>将触发额外激光扫射，造成<color=#0f70bc>900%</color>火属性伤害。
5504004	55040	4	煌炎共鸣	Assets/Product/Texture/Image/IconPetSkill/Pet3MaoSkillbeidong05.png	卡列尼娜·烬燃热能强化状态下，额外伤害加成提高<color=#0f70bc>24%</color>。<color=#0f70bc>僚机召唤</color>的飞行激光发射器在场时，<color=#935ee1>闪焰瞬击</color>/<color=#935ee1>炽焰焚身</color>将触发额外激光扫射，造成<color=#0f70bc>1200%</color>火属性伤害。
5504005	55040	5	煌炎共鸣	Assets/Product/Texture/Image/IconPetSkill/Pet3MaoSkillbeidong05.png	卡列尼娜·烬燃热能强化状态下，额外伤害加成提高<color=#0f70bc>30%</color>。<color=#0f70bc>僚机召唤</color>的飞行激光发射器在场时，<color=#935ee1>闪焰瞬击</color>/<color=#935ee1>炽焰焚身</color>将触发额外激光扫射，造成<color=#0f70bc>1500%</color>火属性伤害。
113101	1131	1	精准蓄电·物	Assets/Product/Texture/Image/IconPetSkill/Pet2YangSkillzhudong05.png	任意消除6个基础信号球后，会激活辅助机按钮，释放后伶崖向敌人发射一枚中速电球，并沿直线向前方移动，对接触到电球的敌人造成<color=#0f70bc>160%</color>物理伤害。
113102	1131	2	精准蓄电·物	Assets/Product/Texture/Image/IconPetSkill/Pet2YangSkillzhudong05.png	任意消除6个基础信号球后，会激活辅助机按钮，释放后伶崖向敌人发射一枚中速电球，并沿直线向前方移动，对接触到电球的敌人造成<color=#0f70bc>320%</color>物理伤害。
113103	1131	3	精准蓄电·物	Assets/Product/Texture/Image/IconPetSkill/Pet2YangSkillzhudong05.png	任意消除6个基础信号球后，会激活辅助机按钮，释放后伶崖向敌人发射一枚中速电球，并沿直线向前方移动，对接触到电球的敌人造成<color=#0f70bc>480%</color>物理伤害。
113104	1131	4	精准蓄电·物	Assets/Product/Texture/Image/IconPetSkill/Pet2YangSkillzhudong05.png	任意消除6个基础信号球后，会激活辅助机按钮，释放后伶崖向敌人发射一枚中速电球，并沿直线向前方移动，对接触到电球的敌人造成<color=#0f70bc>640%</color>物理伤害。
113105	1131	5	精准蓄电·物	Assets/Product/Texture/Image/IconPetSkill/Pet2YangSkillzhudong05.png	任意消除6个基础信号球后，会激活辅助机按钮，释放后伶崖向敌人发射一枚中速电球，并沿直线向前方移动，对接触到电球的敌人造成<color=#0f70bc>800%</color>物理伤害。
113201	1132	1	精准蓄电·火	Assets/Product/Texture/Image/IconPetSkill/Pet2YangSkillzhudong01.png	任意消除6个基础信号球后，会激活辅助机按钮，释放后伶崖向敌人发射一枚中速电球，并沿直线向前方移动，对接触到电球的敌人造成<color=#0f70bc>160%</color>火属性伤害。
113202	1132	2	精准蓄电·火	Assets/Product/Texture/Image/IconPetSkill/Pet2YangSkillzhudong01.png	任意消除6个基础信号球后，会激活辅助机按钮，释放后伶崖向敌人发射一枚中速电球，并沿直线向前方移动，对接触到电球的敌人造成<color=#0f70bc>320%</color>火属性伤害。
113203	1132	3	精准蓄电·火	Assets/Product/Texture/Image/IconPetSkill/Pet2YangSkillzhudong01.png	任意消除6个基础信号球后，会激活辅助机按钮，释放后伶崖向敌人发射一枚中速电球，并沿直线向前方移动，对接触到电球的敌人造成<color=#0f70bc>480%</color>火属性伤害。
113204	1132	4	精准蓄电·火	Assets/Product/Texture/Image/IconPetSkill/Pet2YangSkillzhudong01.png	任意消除6个基础信号球后，会激活辅助机按钮，释放后伶崖向敌人发射一枚中速电球，并沿直线向前方移动，对接触到电球的敌人造成<color=#0f70bc>640%</color>火属性伤害。
113205	1132	5	精准蓄电·火	Assets/Product/Texture/Image/IconPetSkill/Pet2YangSkillzhudong01.png	任意消除6个基础信号球后，会激活辅助机按钮，释放后伶崖向敌人发射一枚中速电球，并沿直线向前方移动，对接触到电球的敌人造成<color=#0f70bc>800%</color>火属性伤害。
113301	1133	1	精准蓄电·冰	Assets/Product/Texture/Image/IconPetSkill/Pet2YangSkillzhudong02.png	任意消除6个基础信号球后，会激活辅助机按钮，释放后伶崖向敌人发射一枚中速电球，并沿直线向前方移动，对接触到电球的敌人造成<color=#0f70bc>160%</color>冰属性伤害。
113302	1133	2	精准蓄电·冰	Assets/Product/Texture/Image/IconPetSkill/Pet2YangSkillzhudong02.png	任意消除6个基础信号球后，会激活辅助机按钮，释放后伶崖向敌人发射一枚中速电球，并沿直线向前方移动，对接触到电球的敌人造成<color=#0f70bc>320%</color>冰属性伤害。
113303	1133	3	精准蓄电·冰	Assets/Product/Texture/Image/IconPetSkill/Pet2YangSkillzhudong02.png	任意消除6个基础信号球后，会激活辅助机按钮，释放后伶崖向敌人发射一枚中速电球，并沿直线向前方移动，对接触到电球的敌人造成<color=#0f70bc>480%</color>冰属性伤害。
113304	1133	4	精准蓄电·冰	Assets/Product/Texture/Image/IconPetSkill/Pet2YangSkillzhudong02.png	任意消除6个基础信号球后，会激活辅助机按钮，释放后伶崖向敌人发射一枚中速电球，并沿直线向前方移动，对接触到电球的敌人造成<color=#0f70bc>640%</color>冰属性伤害。
113305	1133	5	精准蓄电·冰	Assets/Product/Texture/Image/IconPetSkill/Pet2YangSkillzhudong02.png	任意消除6个基础信号球后，会激活辅助机按钮，释放后伶崖向敌人发射一枚中速电球，并沿直线向前方移动，对接触到电球的敌人造成<color=#0f70bc>800%</color>冰属性伤害。
113401	1134	1	精准蓄电·雷	Assets/Product/Texture/Image/IconPetSkill/Pet2YangSkillzhudong03.png	任意消除6个基础信号球后，会激活辅助机按钮，释放后伶崖向敌人发射一枚中速电球，并沿直线向前方移动，对接触到电球的敌人造成<color=#0f70bc>160%</color>雷属性伤害，并对雷球命中的敌人附加蓄电效果，将敌人受到的角色造成的雷属性伤害的<color=#0f70bc>10%</color>储存，当储存的伤害达到<color=#0f70bc>2400</color>，或持续<color=#0f70bc>5</color>秒后，对敌人造成储存的伤害。
113402	1134	2	精准蓄电·雷	Assets/Product/Texture/Image/IconPetSkill/Pet2YangSkillzhudong03.png	任意消除6个基础信号球后，会激活辅助机按钮，释放后伶崖向敌人发射一枚中速电球，并沿直线向前方移动，对接触到电球的敌人造成<color=#0f70bc>320%</color>雷属性伤害，并对雷球命中的敌人附加蓄电效果，将敌人受到的角色造成的雷属性伤害的<color=#0f70bc>10%</color>储存，当储存的伤害达到<color=#0f70bc>4800</color>，或持续<color=#0f70bc>5</color>秒后，对敌人造成储存的伤害。
113403	1134	3	精准蓄电·雷	Assets/Product/Texture/Image/IconPetSkill/Pet2YangSkillzhudong03.png	任意消除6个基础信号球后，会激活辅助机按钮，释放后伶崖向敌人发射一枚中速电球，并沿直线向前方移动，对接触到电球的敌人造成<color=#0f70bc>480%</color>雷属性伤害，并对雷球命中的敌人附加蓄电效果，将敌人受到的角色造成的雷属性伤害的<color=#0f70bc>10%</color>储存，当储存的伤害达到<color=#0f70bc>7200</color>，或持续<color=#0f70bc>5</color>秒后，对敌人造成储存的伤害。
113404	1134	4	精准蓄电·雷	Assets/Product/Texture/Image/IconPetSkill/Pet2YangSkillzhudong03.png	任意消除6个基础信号球后，会激活辅助机按钮，释放后伶崖向敌人发射一枚中速电球，并沿直线向前方移动，对接触到电球的敌人造成<color=#0f70bc>640%</color>雷属性伤害，并对雷球命中的敌人附加蓄电效果，将敌人受到的角色造成的雷属性伤害的<color=#0f70bc>10%</color>储存，当储存的伤害达到<color=#0f70bc>9600</color>，或持续<color=#0f70bc>5</color>秒后，对敌人造成储存的伤害。
113405	1134	5	精准蓄电·雷	Assets/Product/Texture/Image/IconPetSkill/Pet2YangSkillzhudong03.png	任意消除6个基础信号球后，会激活辅助机按钮，释放后伶崖向敌人发射一枚中速电球，并沿直线向前方移动，对接触到电球的敌人造成<color=#0f70bc>800%</color>雷属性伤害，并对雷球命中的敌人附加蓄电效果，将敌人受到的角色造成的雷属性伤害的<color=#0f70bc>10%</color>储存，当储存的伤害达到<color=#0f70bc>12000</color>，或持续<color=#0f70bc>5</color>秒后，对敌人造成储存的伤害。
113501	1135	1	精准蓄电·暗	Assets/Product/Texture/Image/IconPetSkill/Pet2YangSkillzhudong04.png	任意消除6个基础信号球后，会激活辅助机按钮，释放后伶崖向敌人发射一枚中速电球，并沿直线向前方移动，对接触到电球的敌人造成<color=#0f70bc>160%</color>暗属性伤害。
113502	1135	2	精准蓄电·暗	Assets/Product/Texture/Image/IconPetSkill/Pet2YangSkillzhudong04.png	任意消除6个基础信号球后，会激活辅助机按钮，释放后伶崖向敌人发射一枚中速电球，并沿直线向前方移动，对接触到电球的敌人造成<color=#0f70bc>320%</color>暗属性伤害。
113503	1135	3	精准蓄电·暗	Assets/Product/Texture/Image/IconPetSkill/Pet2YangSkillzhudong04.png	任意消除6个基础信号球后，会激活辅助机按钮，释放后伶崖向敌人发射一枚中速电球，并沿直线向前方移动，对接触到电球的敌人造成<color=#0f70bc>480%</color>暗属性伤害。
113504	1135	4	精准蓄电·暗	Assets/Product/Texture/Image/IconPetSkill/Pet2YangSkillzhudong04.png	任意消除6个基础信号球后，会激活辅助机按钮，释放后伶崖向敌人发射一枚中速电球，并沿直线向前方移动，对接触到电球的敌人造成<color=#0f70bc>640%</color>暗属性伤害。
113505	1135	5	精准蓄电·暗	Assets/Product/Texture/Image/IconPetSkill/Pet2YangSkillzhudong04.png	任意消除6个基础信号球后，会激活辅助机按钮，释放后伶崖向敌人发射一枚中速电球，并沿直线向前方移动，对接触到电球的敌人造成<color=#0f70bc>800%</color>暗属性伤害。
113601	1136	1	精准蓄电·空	Assets/Product/Texture/Image/IconPetSkill/Pet2YangSkillzhudong06.png	任意消除6个基础信号球后，会激活辅助机按钮，释放后伶崖向敌人发射一枚中速电球，并沿直线向前方移动，对接触到电球的敌人造成<color=#0f70bc>160%</color>空属性伤害。
113602	1136	2	精准蓄电·空	Assets/Product/Texture/Image/IconPetSkill/Pet2YangSkillzhudong06.png	任意消除6个基础信号球后，会激活辅助机按钮，释放后伶崖向敌人发射一枚中速电球，并沿直线向前方移动，对接触到电球的敌人造成<color=#0f70bc>320%</color>空属性伤害。
113603	1136	3	精准蓄电·空	Assets/Product/Texture/Image/IconPetSkill/Pet2YangSkillzhudong06.png	任意消除6个基础信号球后，会激活辅助机按钮，释放后伶崖向敌人发射一枚中速电球，并沿直线向前方移动，对接触到电球的敌人造成<color=#0f70bc>480%</color>空属性伤害。
113604	1136	4	精准蓄电·空	Assets/Product/Texture/Image/IconPetSkill/Pet2YangSkillzhudong06.png	任意消除6个基础信号球后，会激活辅助机按钮，释放后伶崖向敌人发射一枚中速电球，并沿直线向前方移动，对接触到电球的敌人造成<color=#0f70bc>640%</color>空属性伤害。
113605	1136	5	精准蓄电·空	Assets/Product/Texture/Image/IconPetSkill/Pet2YangSkillzhudong06.png	任意消除6个基础信号球后，会激活辅助机按钮，释放后伶崖向敌人发射一枚中速电球，并沿直线向前方移动，对接触到电球的敌人造成<color=#0f70bc>800%</color>空属性伤害。
114101	1141	1	广域集电·物	Assets/Product/Texture/Image/IconPetSkill/Pet2YangSkillzhudong05.png	任意消除6个基础信号球后，会激活辅助机按钮，释放后伶崖向敌人发射一枚高速电球，接触到敌人后爆炸，对敌人造成<color=#0f70bc>240%</color>物理伤害。
114102	1141	2	广域集电·物	Assets/Product/Texture/Image/IconPetSkill/Pet2YangSkillzhudong05.png	任意消除6个基础信号球后，会激活辅助机按钮，释放后伶崖向敌人发射一枚高速电球，接触到敌人后爆炸，对敌人造成<color=#0f70bc>480%</color>物理伤害。
114103	1141	3	广域集电·物	Assets/Product/Texture/Image/IconPetSkill/Pet2YangSkillzhudong05.png	任意消除6个基础信号球后，会激活辅助机按钮，释放后伶崖向敌人发射一枚高速电球，接触到敌人后爆炸，对敌人造成<color=#0f70bc>720%</color>物理伤害。
114104	1141	4	广域集电·物	Assets/Product/Texture/Image/IconPetSkill/Pet2YangSkillzhudong05.png	任意消除6个基础信号球后，会激活辅助机按钮，释放后伶崖向敌人发射一枚高速电球，接触到敌人后爆炸，对敌人造成<color=#0f70bc>960%</color>物理伤害。
114105	1141	5	广域集电·物	Assets/Product/Texture/Image/IconPetSkill/Pet2YangSkillzhudong05.png	任意消除6个基础信号球后，会激活辅助机按钮，释放后伶崖向敌人发射一枚高速电球，接触到敌人后爆炸，对敌人造成<color=#0f70bc>1200%</color>物理伤害。
114201	1142	1	广域集电·火	Assets/Product/Texture/Image/IconPetSkill/Pet2YangSkillzhudong01.png	任意消除6个基础信号球后，会激活辅助机按钮，释放后伶崖向敌人发射一枚高速电球，接触到敌人后爆炸，对敌人造成<color=#0f70bc>240%</color>火属性伤害。
114202	1142	2	广域集电·火	Assets/Product/Texture/Image/IconPetSkill/Pet2YangSkillzhudong01.png	任意消除6个基础信号球后，会激活辅助机按钮，释放后伶崖向敌人发射一枚高速电球，接触到敌人后爆炸，对敌人造成<color=#0f70bc>480%</color>火属性伤害。
114203	1142	3	广域集电·火	Assets/Product/Texture/Image/IconPetSkill/Pet2YangSkillzhudong01.png	任意消除6个基础信号球后，会激活辅助机按钮，释放后伶崖向敌人发射一枚高速电球，接触到敌人后爆炸，对敌人造成<color=#0f70bc>720%</color>火属性伤害。
114204	1142	4	广域集电·火	Assets/Product/Texture/Image/IconPetSkill/Pet2YangSkillzhudong01.png	任意消除6个基础信号球后，会激活辅助机按钮，释放后伶崖向敌人发射一枚高速电球，接触到敌人后爆炸，对敌人造成<color=#0f70bc>960%</color>火属性伤害。
114205	1142	5	广域集电·火	Assets/Product/Texture/Image/IconPetSkill/Pet2YangSkillzhudong01.png	任意消除6个基础信号球后，会激活辅助机按钮，释放后伶崖向敌人发射一枚高速电球，接触到敌人后爆炸，对敌人造成<color=#0f70bc>1200%</color>火属性伤害。
114301	1143	1	广域集电·冰	Assets/Product/Texture/Image/IconPetSkill/Pet2YangSkillzhudong02.png	任意消除6个基础信号球后，会激活辅助机按钮，释放后伶崖向敌人发射一枚高速电球，接触到敌人后爆炸，对敌人造成<color=#0f70bc>240%</color>冰属性伤害。
114302	1143	2	广域集电·冰	Assets/Product/Texture/Image/IconPetSkill/Pet2YangSkillzhudong02.png	任意消除6个基础信号球后，会激活辅助机按钮，释放后伶崖向敌人发射一枚高速电球，接触到敌人后爆炸，对敌人造成<color=#0f70bc>480%</color>冰属性伤害。
114303	1143	3	广域集电·冰	Assets/Product/Texture/Image/IconPetSkill/Pet2YangSkillzhudong02.png	任意消除6个基础信号球后，会激活辅助机按钮，释放后伶崖向敌人发射一枚高速电球，接触到敌人后爆炸，对敌人造成<color=#0f70bc>720%</color>冰属性伤害。
114304	1143	4	广域集电·冰	Assets/Product/Texture/Image/IconPetSkill/Pet2YangSkillzhudong02.png	任意消除6个基础信号球后，会激活辅助机按钮，释放后伶崖向敌人发射一枚高速电球，接触到敌人后爆炸，对敌人造成<color=#0f70bc>960%</color>冰属性伤害。
114305	1143	5	广域集电·冰	Assets/Product/Texture/Image/IconPetSkill/Pet2YangSkillzhudong02.png	任意消除6个基础信号球后，会激活辅助机按钮，释放后伶崖向敌人发射一枚高速电球，接触到敌人后爆炸，对敌人造成<color=#0f70bc>1200%</color>冰属性伤害。
114401	1144	1	广域集电·雷	Assets/Product/Texture/Image/IconPetSkill/Pet2YangSkillzhudong03.png	任意消除6个基础信号球后，会激活辅助机按钮，释放后伶崖向敌人发射一枚高速电球，接触到敌人后爆炸，对敌人造成<color=#0f70bc>240%</color>雷属性伤害，并对雷球命中的敌人附加蓄电效果，将敌人受到的角色造成的雷属性伤害的<color=#0f70bc>10%</color>储存，当储存的伤害达到<color=#0f70bc>2400</color>，或持续<color=#0f70bc>5</color>秒后，对敌人造成储存的伤害。
114402	1144	2	广域集电·雷	Assets/Product/Texture/Image/IconPetSkill/Pet2YangSkillzhudong03.png	任意消除6个基础信号球后，会激活辅助机按钮，释放后伶崖向敌人发射一枚高速电球，接触到敌人后爆炸，对敌人造成<color=#0f70bc>480%</color>雷属性伤害，并对雷球命中的敌人附加蓄电效果，将敌人受到的角色造成的雷属性伤害的<color=#0f70bc>10%</color>储存，当储存的伤害达到<color=#0f70bc>4800</color>，或持续<color=#0f70bc>5</color>秒后，对敌人造成储存的伤害。
114403	1144	3	广域集电·雷	Assets/Product/Texture/Image/IconPetSkill/Pet2YangSkillzhudong03.png	任意消除6个基础信号球后，会激活辅助机按钮，释放后伶崖向敌人发射一枚高速电球，接触到敌人后爆炸，对敌人造成<color=#0f70bc>720%</color>雷属性伤害，并对雷球命中的敌人附加蓄电效果，将敌人受到的角色造成的雷属性伤害的<color=#0f70bc>10%</color>储存，当储存的伤害达到<color=#0f70bc>7200</color>，或持续<color=#0f70bc>5</color>秒后，对敌人造成储存的伤害。
114404	1144	4	广域集电·雷	Assets/Product/Texture/Image/IconPetSkill/Pet2YangSkillzhudong03.png	任意消除6个基础信号球后，会激活辅助机按钮，释放后伶崖向敌人发射一枚高速电球，接触到敌人后爆炸，对敌人造成<color=#0f70bc>960%</color>雷属性伤害，并对雷球命中的敌人附加蓄电效果，将敌人受到的角色造成的雷属性伤害的<color=#0f70bc>10%</color>储存，当储存的伤害达到<color=#0f70bc>9600</color>，或持续<color=#0f70bc>5</color>秒后，对敌人造成储存的伤害。
114405	1144	5	广域集电·雷	Assets/Product/Texture/Image/IconPetSkill/Pet2YangSkillzhudong03.png	任意消除6个基础信号球后，会激活辅助机按钮，释放后伶崖向敌人发射一枚高速电球，接触到敌人后爆炸，对敌人造成<color=#0f70bc>1200%</color>雷属性伤害，并对雷球命中的敌人附加蓄电效果，将敌人受到的角色造成的雷属性伤害的<color=#0f70bc>10%</color>储存，当储存的伤害达到<color=#0f70bc>12000</color>，或持续<color=#0f70bc>5</color>秒后，对敌人造成储存的伤害。
114501	1145	1	广域集电·暗	Assets/Product/Texture/Image/IconPetSkill/Pet2YangSkillzhudong04.png	任意消除6个基础信号球后，会激活辅助机按钮，释放后伶崖向敌人发射一枚高速电球，接触到敌人后爆炸，对敌人造成<color=#0f70bc>240%</color>暗属性伤害。
114502	1145	2	广域集电·暗	Assets/Product/Texture/Image/IconPetSkill/Pet2YangSkillzhudong04.png	任意消除6个基础信号球后，会激活辅助机按钮，释放后伶崖向敌人发射一枚高速电球，接触到敌人后爆炸，对敌人造成<color=#0f70bc>480%</color>暗属性伤害。
114503	1145	3	广域集电·暗	Assets/Product/Texture/Image/IconPetSkill/Pet2YangSkillzhudong04.png	任意消除6个基础信号球后，会激活辅助机按钮，释放后伶崖向敌人发射一枚高速电球，接触到敌人后爆炸，对敌人造成<color=#0f70bc>720%</color>暗属性伤害。
114504	1145	4	广域集电·暗	Assets/Product/Texture/Image/IconPetSkill/Pet2YangSkillzhudong04.png	任意消除6个基础信号球后，会激活辅助机按钮，释放后伶崖向敌人发射一枚高速电球，接触到敌人后爆炸，对敌人造成<color=#0f70bc>960%</color>暗属性伤害。
114505	1145	5	广域集电·暗	Assets/Product/Texture/Image/IconPetSkill/Pet2YangSkillzhudong04.png	任意消除6个基础信号球后，会激活辅助机按钮，释放后伶崖向敌人发射一枚高速电球，接触到敌人后爆炸，对敌人造成<color=#0f70bc>1200%</color>暗属性伤害。
114601	1146	1	广域集电·空	Assets/Product/Texture/Image/IconPetSkill/Pet2YangSkillzhudong06.png	任意消除6个基础信号球后，会激活辅助机按钮，释放后伶崖向敌人发射一枚高速电球，接触到敌人后爆炸，对敌人造成<color=#0f70bc>240%</color>空属性伤害。
114602	1146	2	广域集电·空	Assets/Product/Texture/Image/IconPetSkill/Pet2YangSkillzhudong06.png	任意消除6个基础信号球后，会激活辅助机按钮，释放后伶崖向敌人发射一枚高速电球，接触到敌人后爆炸，对敌人造成<color=#0f70bc>480%</color>空属性伤害。
114603	1146	3	广域集电·空	Assets/Product/Texture/Image/IconPetSkill/Pet2YangSkillzhudong06.png	任意消除6个基础信号球后，会激活辅助机按钮，释放后伶崖向敌人发射一枚高速电球，接触到敌人后爆炸，对敌人造成<color=#0f70bc>720%</color>空属性伤害。
114604	1146	4	广域集电·空	Assets/Product/Texture/Image/IconPetSkill/Pet2YangSkillzhudong06.png	任意消除6个基础信号球后，会激活辅助机按钮，释放后伶崖向敌人发射一枚高速电球，接触到敌人后爆炸，对敌人造成<color=#0f70bc>960%</color>空属性伤害。
114605	1146	5	广域集电·空	Assets/Product/Texture/Image/IconPetSkill/Pet2YangSkillzhudong06.png	任意消除6个基础信号球后，会激活辅助机按钮，释放后伶崖向敌人发射一枚高速电球，接触到敌人后爆炸，对敌人造成<color=#0f70bc>1200%</color>空属性伤害。
5600001	56000	1	电机改装	Assets/Product/Texture/Image/IconPetSkill/Pet2YangSkillbeidong01.png	伶崖主动技伤害提高<color=#0f70bc>12%</color>
5600002	56000	2	电机改装	Assets/Product/Texture/Image/IconPetSkill/Pet2YangSkillbeidong01.png	伶崖主动技伤害提高<color=#0f70bc>24%</color>
5600003	56000	3	电机改装	Assets/Product/Texture/Image/IconPetSkill/Pet2YangSkillbeidong01.png	伶崖主动技伤害提高<color=#0f70bc>36%</color>
5600004	56000	4	电机改装	Assets/Product/Texture/Image/IconPetSkill/Pet2YangSkillbeidong01.png	伶崖主动技伤害提高<color=#0f70bc>48%</color>
5600005	56000	5	电机改装	Assets/Product/Texture/Image/IconPetSkill/Pet2YangSkillbeidong01.png	伶崖主动技伤害提高<color=#0f70bc>60%</color>
5601001	56010	1	电磁助力	Assets/Product/Texture/Image/IconPetSkill/Pet3HeSkillbeidong02.png	携带角色攻击力提高<color=#0f70bc>12</color>
5601002	56010	2	电磁助力	Assets/Product/Texture/Image/IconPetSkill/Pet3HeSkillbeidong02.png	携带角色攻击力提高<color=#0f70bc>24</color>
5601003	56010	3	电磁助力	Assets/Product/Texture/Image/IconPetSkill/Pet3HeSkillbeidong02.png	携带角色攻击力提高<color=#0f70bc>36</color>
5601004	56010	4	电磁助力	Assets/Product/Texture/Image/IconPetSkill/Pet3HeSkillbeidong02.png	携带角色攻击力提高<color=#0f70bc>48</color>
5601005	56010	5	电磁助力	Assets/Product/Texture/Image/IconPetSkill/Pet3HeSkillbeidong02.png	携带角色攻击力提高<color=#0f70bc>60</color>
5602001	56020	1	高压继电	Assets/Product/Texture/Image/IconPetSkill/Pet2YangSkillbeidong03.png	携带角色使用伶崖主动技能后，下一位出场角色额外伤害加成提高<color=#0f70bc>1.6%</color>，持续8秒。
5602002	56020	2	高压继电	Assets/Product/Texture/Image/IconPetSkill/Pet2YangSkillbeidong03.png	携带角色使用伶崖主动技能后，下一位出场角色额外伤害加成提高<color=#0f70bc>3.2%</color>，持续8秒。
5602003	56020	3	高压继电	Assets/Product/Texture/Image/IconPetSkill/Pet2YangSkillbeidong03.png	携带角色使用伶崖主动技能后，下一位出场角色额外伤害加成提高<color=#0f70bc>4.8%</color>，持续8秒。
5602004	56020	4	高压继电	Assets/Product/Texture/Image/IconPetSkill/Pet2YangSkillbeidong03.png	携带角色使用伶崖主动技能后，下一位出场角色额外伤害加成提高<color=#0f70bc>6.4%</color>，持续8秒。
5602005	56020	5	高压继电	Assets/Product/Texture/Image/IconPetSkill/Pet2YangSkillbeidong03.png	携带角色使用伶崖主动技能后，下一位出场角色额外伤害加成提高<color=#0f70bc>8%</color>，持续8秒。
5603001	56030	1	变压继电	Assets/Product/Texture/Image/IconPetSkill/Pet2YangSkillbeidong04.png	携带角色消除3次基础信号球后提高<color=#0f70bc>6</color>点攻击力，持续5秒，最多叠加2层，叠满后重复触发刷新持续时间；下一位出场角色将额外获得一个蓝色信号球。
5603002	56030	2	变压继电	Assets/Product/Texture/Image/IconPetSkill/Pet2YangSkillbeidong04.png	携带角色消除3次基础信号球后提高<color=#0f70bc>12</color>点攻击力，持续5秒，最多叠加2层，叠满后重复触发刷新持续时间；下一位出场角色将额外获得一个蓝色信号球。
5603003	56030	3	变压继电	Assets/Product/Texture/Image/IconPetSkill/Pet2YangSkillbeidong04.png	携带角色消除3次基础信号球后提高<color=#0f70bc>18</color>点攻击力，持续5秒，最多叠加2层，叠满后重复触发刷新持续时间；下一位出场角色将额外获得一个蓝色信号球。
5603004	56030	4	变压继电	Assets/Product/Texture/Image/IconPetSkill/Pet2YangSkillbeidong04.png	携带角色消除3次基础信号球后提高<color=#0f70bc>24</color>点攻击力，持续5秒，最多叠加2层，叠满后重复触发刷新持续时间；下一位出场角色将额外获得一个蓝色信号球。
5603005	56030	5	变压继电	Assets/Product/Texture/Image/IconPetSkill/Pet2YangSkillbeidong04.png	携带角色消除3次基础信号球后提高<color=#0f70bc>30</color>点攻击力，持续5秒，最多叠加2层，叠满后重复触发刷新持续时间；下一位出场角色将额外获得一个蓝色信号球。
5604001	56040	1	磁感勘测	Assets/Product/Texture/Image/IconPetSkill/Pet2YangSkillbeidong05.png	携带角色雷属性伤害提高<color=#0f70bc>2%</color>。
5604002	56040	2	磁感勘测	Assets/Product/Texture/Image/IconPetSkill/Pet2YangSkillbeidong05.png	携带角色雷属性伤害提高<color=#0f70bc>4%</color>。
5604003	56040	3	磁感勘测	Assets/Product/Texture/Image/IconPetSkill/Pet2YangSkillbeidong05.png	携带角色雷属性伤害提高<color=#0f70bc>6%</color>。
5604004	56040	4	磁感勘测	Assets/Product/Texture/Image/IconPetSkill/Pet2YangSkillbeidong05.png	携带角色雷属性伤害提高<color=#0f70bc>8%</color>。
5604005	56040	5	磁感勘测	Assets/Product/Texture/Image/IconPetSkill/Pet2YangSkillbeidong05.png	携带角色雷属性伤害提高<color=#0f70bc>10%</color>。
115101	1151	1	苍目霜华·物	Assets/Product/Texture/Image/IconPetSkill/Pet3YingSkillzhudong05.png	任意消除6个基础信号球后，会激活辅助机按钮，释放后沧翊飞向敌人，对敌人造成<color=#0f70bc>300%</color>物理伤害。
115102	1151	2	苍目霜华·物	Assets/Product/Texture/Image/IconPetSkill/Pet3YingSkillzhudong05.png	任意消除6个基础信号球后，会激活辅助机按钮，释放后沧翊飞向敌人，对敌人造成<color=#0f70bc>600%</color>物理伤害。
115103	1151	3	苍目霜华·物	Assets/Product/Texture/Image/IconPetSkill/Pet3YingSkillzhudong05.png	任意消除6个基础信号球后，会激活辅助机按钮，释放后沧翊飞向敌人，对敌人造成<color=#0f70bc>900%</color>物理伤害。
115104	1151	4	苍目霜华·物	Assets/Product/Texture/Image/IconPetSkill/Pet3YingSkillzhudong05.png	任意消除6个基础信号球后，会激活辅助机按钮，释放后沧翊飞向敌人，对敌人造成<color=#0f70bc>1200%</color>物理伤害。
115105	1151	5	苍目霜华·物	Assets/Product/Texture/Image/IconPetSkill/Pet3YingSkillzhudong05.png	任意消除6个基础信号球后，会激活辅助机按钮，释放后沧翊飞向敌人，对敌人造成<color=#0f70bc>1500%</color>物理伤害。
115201	1152	1	苍目霜华·火	Assets/Product/Texture/Image/IconPetSkill/Pet3YingSkillzhudong01.png	任意消除6个基础信号球后，会激活辅助机按钮，释放后沧翊飞向敌人，对敌人造成<color=#0f70bc>300%</color>火属性伤害。
115202	1152	2	苍目霜华·火	Assets/Product/Texture/Image/IconPetSkill/Pet3YingSkillzhudong01.png	任意消除6个基础信号球后，会激活辅助机按钮，释放后沧翊飞向敌人，对敌人造成<color=#0f70bc>600%</color>火属性伤害。
115203	1152	3	苍目霜华·火	Assets/Product/Texture/Image/IconPetSkill/Pet3YingSkillzhudong01.png	任意消除6个基础信号球后，会激活辅助机按钮，释放后沧翊飞向敌人，对敌人造成<color=#0f70bc>900%</color>火属性伤害。
115204	1152	4	苍目霜华·火	Assets/Product/Texture/Image/IconPetSkill/Pet3YingSkillzhudong01.png	任意消除6个基础信号球后，会激活辅助机按钮，释放后沧翊飞向敌人，对敌人造成<color=#0f70bc>1200%</color>火属性伤害。
115205	1152	5	苍目霜华·火	Assets/Product/Texture/Image/IconPetSkill/Pet3YingSkillzhudong01.png	任意消除6个基础信号球后，会激活辅助机按钮，释放后沧翊飞向敌人，对敌人造成<color=#0f70bc>1500%</color>火属性伤害。
115301	1153	1	苍目霜华·冰	Assets/Product/Texture/Image/IconPetSkill/Pet3YingSkillzhudong02.png	任意消除6个基础信号球后，会激活辅助机按钮，释放后沧翊飞向敌人，对敌人造成<color=#0f70bc>150%</color>冰属性伤害，并附加弱点标记：受到冰属性伤害时额外伤害加成提高<color=#0f70bc>0.6%</color>，标记持续8秒，重复触发刷新持续时间。
115302	1153	2	苍目霜华·冰	Assets/Product/Texture/Image/IconPetSkill/Pet3YingSkillzhudong02.png	任意消除6个基础信号球后，会激活辅助机按钮，释放后沧翊飞向敌人，对敌人造成<color=#0f70bc>300%</color>冰属性伤害，并附加弱点标记：受到冰属性伤害时额外伤害加成提高<color=#0f70bc>1.2%</color>，标记持续8秒，重复触发刷新持续时间。
115303	1153	3	苍目霜华·冰	Assets/Product/Texture/Image/IconPetSkill/Pet3YingSkillzhudong02.png	任意消除6个基础信号球后，会激活辅助机按钮，释放后沧翊飞向敌人，对敌人造成<color=#0f70bc>450%</color>冰属性伤害，并附加弱点标记：受到冰属性伤害时额外伤害加成提高<color=#0f70bc>1.8%</color>，标记持续8秒，重复触发刷新持续时间。
115304	1153	4	苍目霜华·冰	Assets/Product/Texture/Image/IconPetSkill/Pet3YingSkillzhudong02.png	任意消除6个基础信号球后，会激活辅助机按钮，释放后沧翊飞向敌人，对敌人造成<color=#0f70bc>600%</color>冰属性伤害，并附加弱点标记：受到冰属性伤害时额外伤害加成提高<color=#0f70bc>2.4%</color>，标记持续8秒，重复触发刷新持续时间。
115305	1153	5	苍目霜华·冰	Assets/Product/Texture/Image/IconPetSkill/Pet3YingSkillzhudong02.png	任意消除6个基础信号球后，会激活辅助机按钮，释放后沧翊飞向敌人，对敌人造成<color=#0f70bc>750%</color>冰属性伤害，并附加弱点标记：受到冰属性伤害时额外伤害加成提高<color=#0f70bc>3%</color>，标记持续8秒，重复触发刷新持续时间。
115401	1154	1	苍目霜华·雷	Assets/Product/Texture/Image/IconPetSkill/Pet3YingSkillzhudong03.png	任意消除6个基础信号球后，会激活辅助机按钮，释放后沧翊飞向敌人，对敌人造成<color=#0f70bc>300%</color>雷属性伤害。
115402	1154	2	苍目霜华·雷	Assets/Product/Texture/Image/IconPetSkill/Pet3YingSkillzhudong03.png	任意消除6个基础信号球后，会激活辅助机按钮，释放后沧翊飞向敌人，对敌人造成<color=#0f70bc>600%</color>雷属性伤害。
115403	1154	3	苍目霜华·雷	Assets/Product/Texture/Image/IconPetSkill/Pet3YingSkillzhudong03.png	任意消除6个基础信号球后，会激活辅助机按钮，释放后沧翊飞向敌人，对敌人造成<color=#0f70bc>900%</color>雷属性伤害。
115404	1154	4	苍目霜华·雷	Assets/Product/Texture/Image/IconPetSkill/Pet3YingSkillzhudong03.png	任意消除6个基础信号球后，会激活辅助机按钮，释放后沧翊飞向敌人，对敌人造成<color=#0f70bc>1200%</color>雷属性伤害。
115405	1154	5	苍目霜华·雷	Assets/Product/Texture/Image/IconPetSkill/Pet3YingSkillzhudong03.png	任意消除6个基础信号球后，会激活辅助机按钮，释放后沧翊飞向敌人，对敌人造成<color=#0f70bc>1500%</color>雷属性伤害。
115501	1155	1	苍目霜华·暗	Assets/Product/Texture/Image/IconPetSkill/Pet3YingSkillzhudong04.png	任意消除6个基础信号球后，会激活辅助机按钮，释放后沧翊飞向敌人，对敌人造成<color=#0f70bc>300%</color>暗属性伤害。
115502	1155	2	苍目霜华·暗	Assets/Product/Texture/Image/IconPetSkill/Pet3YingSkillzhudong04.png	任意消除6个基础信号球后，会激活辅助机按钮，释放后沧翊飞向敌人，对敌人造成<color=#0f70bc>600%</color>暗属性伤害。
115503	1155	3	苍目霜华·暗	Assets/Product/Texture/Image/IconPetSkill/Pet3YingSkillzhudong04.png	任意消除6个基础信号球后，会激活辅助机按钮，释放后沧翊飞向敌人，对敌人造成<color=#0f70bc>900%</color>暗属性伤害。
115504	1155	4	苍目霜华·暗	Assets/Product/Texture/Image/IconPetSkill/Pet3YingSkillzhudong04.png	任意消除6个基础信号球后，会激活辅助机按钮，释放后沧翊飞向敌人，对敌人造成<color=#0f70bc>1200%</color>暗属性伤害。
115505	1155	5	苍目霜华·暗	Assets/Product/Texture/Image/IconPetSkill/Pet3YingSkillzhudong04.png	任意消除6个基础信号球后，会激活辅助机按钮，释放后沧翊飞向敌人，对敌人造成<color=#0f70bc>1500%</color>暗属性伤害。
115601	1156	1	苍目霜华·空	Assets/Product/Texture/Image/IconPetSkill/Pet3YingSkillzhudong06.png	任意消除6个基础信号球后，会激活辅助机按钮，释放后沧翊飞向敌人，对敌人造成<color=#0f70bc>300%</color>空属性伤害。
115602	1156	2	苍目霜华·空	Assets/Product/Texture/Image/IconPetSkill/Pet3YingSkillzhudong06.png	任意消除6个基础信号球后，会激活辅助机按钮，释放后沧翊飞向敌人，对敌人造成<color=#0f70bc>600%</color>空属性伤害。
115603	1156	3	苍目霜华·空	Assets/Product/Texture/Image/IconPetSkill/Pet3YingSkillzhudong06.png	任意消除6个基础信号球后，会激活辅助机按钮，释放后沧翊飞向敌人，对敌人造成<color=#0f70bc>900%</color>空属性伤害。
115604	1156	4	苍目霜华·空	Assets/Product/Texture/Image/IconPetSkill/Pet3YingSkillzhudong06.png	任意消除6个基础信号球后，会激活辅助机按钮，释放后沧翊飞向敌人，对敌人造成<color=#0f70bc>1200%</color>空属性伤害。
115605	1156	5	苍目霜华·空	Assets/Product/Texture/Image/IconPetSkill/Pet3YingSkillzhudong06.png	任意消除6个基础信号球后，会激活辅助机按钮，释放后沧翊飞向敌人，对敌人造成<color=#0f70bc>1500%</color>空属性伤害。
116101	1161	1	破空冽翼·物	Assets/Product/Texture/Image/IconPetSkill/Pet3YingSkillzhudong05.png	任意消除6个基础信号球后，会激活辅助机按钮，释放后沧翊携带角色飞向敌人，对敌人造成<color=#0f70bc>300%</color>物理伤害。
116102	1161	2	破空冽翼·物	Assets/Product/Texture/Image/IconPetSkill/Pet3YingSkillzhudong05.png	任意消除6个基础信号球后，会激活辅助机按钮，释放后沧翊携带角色飞向敌人，对敌人造成<color=#0f70bc>600%</color>物理伤害。
116103	1161	3	破空冽翼·物	Assets/Product/Texture/Image/IconPetSkill/Pet3YingSkillzhudong05.png	任意消除6个基础信号球后，会激活辅助机按钮，释放后沧翊携带角色飞向敌人，对敌人造成<color=#0f70bc>900%</color>物理伤害。
116104	1161	4	破空冽翼·物	Assets/Product/Texture/Image/IconPetSkill/Pet3YingSkillzhudong05.png	任意消除6个基础信号球后，会激活辅助机按钮，释放后沧翊携带角色飞向敌人，对敌人造成<color=#0f70bc>1200%</color>物理伤害。
116105	1161	5	破空冽翼·物	Assets/Product/Texture/Image/IconPetSkill/Pet3YingSkillzhudong05.png	任意消除6个基础信号球后，会激活辅助机按钮，释放后沧翊携带角色飞向敌人，对敌人造成<color=#0f70bc>1500%</color>物理伤害。
116201	1162	1	破空冽翼·火	Assets/Product/Texture/Image/IconPetSkill/Pet3YingSkillzhudong01.png	任意消除6个基础信号球后，会激活辅助机按钮，释放后沧翊携带角色飞向敌人，对敌人造成<color=#0f70bc>300%</color>火属性伤害。
116202	1162	2	破空冽翼·火	Assets/Product/Texture/Image/IconPetSkill/Pet3YingSkillzhudong01.png	任意消除6个基础信号球后，会激活辅助机按钮，释放后沧翊携带角色飞向敌人，对敌人造成<color=#0f70bc>600%</color>火属性伤害。
116203	1162	3	破空冽翼·火	Assets/Product/Texture/Image/IconPetSkill/Pet3YingSkillzhudong01.png	任意消除6个基础信号球后，会激活辅助机按钮，释放后沧翊携带角色飞向敌人，对敌人造成<color=#0f70bc>900%</color>火属性伤害。
116204	1162	4	破空冽翼·火	Assets/Product/Texture/Image/IconPetSkill/Pet3YingSkillzhudong01.png	任意消除6个基础信号球后，会激活辅助机按钮，释放后沧翊携带角色飞向敌人，对敌人造成<color=#0f70bc>1200%</color>火属性伤害。
116205	1162	5	破空冽翼·火	Assets/Product/Texture/Image/IconPetSkill/Pet3YingSkillzhudong01.png	任意消除6个基础信号球后，会激活辅助机按钮，释放后沧翊携带角色飞向敌人，对敌人造成<color=#0f70bc>1500%</color>火属性伤害。
116301	1163	1	破空冽翼·冰	Assets/Product/Texture/Image/IconPetSkill/Pet3YingSkillzhudong02.png	任意消除6个基础信号球后，会激活辅助机按钮，释放后沧翊携带角色飞向敌人，对敌人造成<color=#0f70bc>150%</color>冰属性伤害，并附加弱点标记：受到冰属性伤害时额外伤害加成提高<color=#0f70bc>0.6%</color>，标记持续8秒，重复触发刷新持续时间。
116302	1163	2	破空冽翼·冰	Assets/Product/Texture/Image/IconPetSkill/Pet3YingSkillzhudong02.png	任意消除6个基础信号球后，会激活辅助机按钮，释放后沧翊携带角色飞向敌人，对敌人造成<color=#0f70bc>300%</color>冰属性伤害，并附加弱点标记：受到冰属性伤害时额外伤害加成提高<color=#0f70bc>1.2%</color>，标记持续8秒，重复触发刷新持续时间。
116303	1163	3	破空冽翼·冰	Assets/Product/Texture/Image/IconPetSkill/Pet3YingSkillzhudong02.png	任意消除6个基础信号球后，会激活辅助机按钮，释放后沧翊携带角色飞向敌人，对敌人造成<color=#0f70bc>450%</color>冰属性伤害，并附加弱点标记：受到冰属性伤害时额外伤害加成提高<color=#0f70bc>1.8%</color>，标记持续8秒，重复触发刷新持续时间。
116304	1163	4	破空冽翼·冰	Assets/Product/Texture/Image/IconPetSkill/Pet3YingSkillzhudong02.png	任意消除6个基础信号球后，会激活辅助机按钮，释放后沧翊携带角色飞向敌人，对敌人造成<color=#0f70bc>600%</color>冰属性伤害，并附加弱点标记：受到冰属性伤害时额外伤害加成提高<color=#0f70bc>2.4%</color>，标记持续8秒，重复触发刷新持续时间。
116305	1163	5	破空冽翼·冰	Assets/Product/Texture/Image/IconPetSkill/Pet3YingSkillzhudong02.png	任意消除6个基础信号球后，会激活辅助机按钮，释放后沧翊携带角色飞向敌人，对敌人造成<color=#0f70bc>750%</color>冰属性伤害，并附加弱点标记：受到冰属性伤害时额外伤害加成提高<color=#0f70bc>3%</color>，标记持续8秒，重复触发刷新持续时间。
116401	1164	1	破空冽翼·雷	Assets/Product/Texture/Image/IconPetSkill/Pet3YingSkillzhudong03.png	任意消除6个基础信号球后，会激活辅助机按钮，释放后沧翊携带角色飞向敌人，对敌人造成<color=#0f70bc>300%</color>雷属性伤害。
116402	1164	2	破空冽翼·雷	Assets/Product/Texture/Image/IconPetSkill/Pet3YingSkillzhudong03.png	任意消除6个基础信号球后，会激活辅助机按钮，释放后沧翊携带角色飞向敌人，对敌人造成<color=#0f70bc>600%</color>雷属性伤害。
116403	1164	3	破空冽翼·雷	Assets/Product/Texture/Image/IconPetSkill/Pet3YingSkillzhudong03.png	任意消除6个基础信号球后，会激活辅助机按钮，释放后沧翊携带角色飞向敌人，对敌人造成<color=#0f70bc>900%</color>雷属性伤害。
116404	1164	4	破空冽翼·雷	Assets/Product/Texture/Image/IconPetSkill/Pet3YingSkillzhudong03.png	任意消除6个基础信号球后，会激活辅助机按钮，释放后沧翊携带角色飞向敌人，对敌人造成<color=#0f70bc>1200%</color>雷属性伤害。
116405	1164	5	破空冽翼·雷	Assets/Product/Texture/Image/IconPetSkill/Pet3YingSkillzhudong03.png	任意消除6个基础信号球后，会激活辅助机按钮，释放后沧翊携带角色飞向敌人，对敌人造成<color=#0f70bc>1500%</color>雷属性伤害。
116501	1165	1	破空冽翼·暗	Assets/Product/Texture/Image/IconPetSkill/Pet3YingSkillzhudong04.png	任意消除6个基础信号球后，会激活辅助机按钮，释放后沧翊携带角色飞向敌人，对敌人造成<color=#0f70bc>300%</color>暗属性伤害。
116502	1165	2	破空冽翼·暗	Assets/Product/Texture/Image/IconPetSkill/Pet3YingSkillzhudong04.png	任意消除6个基础信号球后，会激活辅助机按钮，释放后沧翊携带角色飞向敌人，对敌人造成<color=#0f70bc>600%</color>暗属性伤害。
116503	1165	3	破空冽翼·暗	Assets/Product/Texture/Image/IconPetSkill/Pet3YingSkillzhudong04.png	任意消除6个基础信号球后，会激活辅助机按钮，释放后沧翊携带角色飞向敌人，对敌人造成<color=#0f70bc>900%</color>暗属性伤害。
116504	1165	4	破空冽翼·暗	Assets/Product/Texture/Image/IconPetSkill/Pet3YingSkillzhudong04.png	任意消除6个基础信号球后，会激活辅助机按钮，释放后沧翊携带角色飞向敌人，对敌人造成<color=#0f70bc>1200%</color>暗属性伤害。
116505	1165	5	破空冽翼·暗	Assets/Product/Texture/Image/IconPetSkill/Pet3YingSkillzhudong04.png	任意消除6个基础信号球后，会激活辅助机按钮，释放后沧翊携带角色飞向敌人，对敌人造成<color=#0f70bc>1500%</color>暗属性伤害。
116601	1166	1	破空冽翼·空	Assets/Product/Texture/Image/IconPetSkill/Pet3YingSkillzhudong06.png	任意消除6个基础信号球后，会激活辅助机按钮，释放后沧翊携带角色飞向敌人，对敌人造成<color=#0f70bc>300%</color>空属性伤害。
116602	1166	2	破空冽翼·空	Assets/Product/Texture/Image/IconPetSkill/Pet3YingSkillzhudong06.png	任意消除6个基础信号球后，会激活辅助机按钮，释放后沧翊携带角色飞向敌人，对敌人造成<color=#0f70bc>600%</color>空属性伤害。
116603	1166	3	破空冽翼·空	Assets/Product/Texture/Image/IconPetSkill/Pet3YingSkillzhudong06.png	任意消除6个基础信号球后，会激活辅助机按钮，释放后沧翊携带角色飞向敌人，对敌人造成<color=#0f70bc>900%</color>空属性伤害。
116604	1166	4	破空冽翼·空	Assets/Product/Texture/Image/IconPetSkill/Pet3YingSkillzhudong06.png	任意消除6个基础信号球后，会激活辅助机按钮，释放后沧翊携带角色飞向敌人，对敌人造成<color=#0f70bc>1200%</color>空属性伤害。
116605	1166	5	破空冽翼·空	Assets/Product/Texture/Image/IconPetSkill/Pet3YingSkillzhudong06.png	任意消除6个基础信号球后，会激活辅助机按钮，释放后沧翊携带角色飞向敌人，对敌人造成<color=#0f70bc>1500%</color>空属性伤害。
5700001	57000	1	骤羽霜啸	Assets/Product/Texture/Image/IconPetSkill/Pet3YingSkillbeidong01.png	沧翊主动技伤害提高<color=#0f70bc>14%</color>
5700002	57000	2	骤羽霜啸	Assets/Product/Texture/Image/IconPetSkill/Pet3YingSkillbeidong01.png	沧翊主动技伤害提高<color=#0f70bc>28%</color>
5700003	57000	3	骤羽霜啸	Assets/Product/Texture/Image/IconPetSkill/Pet3YingSkillbeidong01.png	沧翊主动技伤害提高<color=#0f70bc>42%</color>
5700004	57000	4	骤羽霜啸	Assets/Product/Texture/Image/IconPetSkill/Pet3YingSkillbeidong01.png	沧翊主动技伤害提高<color=#0f70bc>56%</color>
5700005	57000	5	骤羽霜啸	Assets/Product/Texture/Image/IconPetSkill/Pet3YingSkillbeidong01.png	沧翊主动技伤害提高<color=#0f70bc>70%</color>
5701001	57010	1	极境通晓	Assets/Product/Texture/Image/IconPetSkill/Pet3HeSkillbeidong02.png	携带角色攻击力提高<color=#0f70bc>20</color>
5701002	57010	2	极境通晓	Assets/Product/Texture/Image/IconPetSkill/Pet3HeSkillbeidong02.png	携带角色攻击力提高<color=#0f70bc>40</color>
5701003	57010	3	极境通晓	Assets/Product/Texture/Image/IconPetSkill/Pet3HeSkillbeidong02.png	携带角色攻击力提高<color=#0f70bc>60</color>
5701004	57010	4	极境通晓	Assets/Product/Texture/Image/IconPetSkill/Pet3HeSkillbeidong02.png	携带角色攻击力提高<color=#0f70bc>80</color>
5701005	57010	5	极境通晓	Assets/Product/Texture/Image/IconPetSkill/Pet3HeSkillbeidong02.png	携带角色攻击力提高<color=#0f70bc>100</color>
5702001	57020	1	超荷冷却	Assets/Product/Texture/Image/IconPetSkill/Pet3YingSkillbeidong03.png	沧翊释放主动技后，携带角色攻击力提高<color=#0f70bc>1%</color>持续8秒，重复触发刷新持续时间。
5702002	57020	2	超荷冷却	Assets/Product/Texture/Image/IconPetSkill/Pet3YingSkillbeidong03.png	沧翊释放主动技后，携带角色攻击力提高<color=#0f70bc>2%</color>持续8秒，重复触发刷新持续时间。
5702003	57020	3	超荷冷却	Assets/Product/Texture/Image/IconPetSkill/Pet3YingSkillbeidong03.png	沧翊释放主动技后，携带角色攻击力提高<color=#0f70bc>3%</color>持续8秒，重复触发刷新持续时间。
5702004	57020	4	超荷冷却	Assets/Product/Texture/Image/IconPetSkill/Pet3YingSkillbeidong03.png	沧翊释放主动技后，携带角色攻击力提高<color=#0f70bc>4%</color>持续8秒，重复触发刷新持续时间。
5702005	57020	5	超荷冷却	Assets/Product/Texture/Image/IconPetSkill/Pet3YingSkillbeidong03.png	沧翊释放主动技后，携带角色攻击力提高<color=#0f70bc>5%</color>持续8秒，重复触发刷新持续时间。
5703001	57030	1	寒澈纹章	Assets/Product/Texture/Image/IconPetSkill/Pet3YingSkillbeidong04.png	携带角色冰属性伤害提高<color=#0f70bc>2%</color>
5703002	57030	2	寒澈纹章	Assets/Product/Texture/Image/IconPetSkill/Pet3YingSkillbeidong04.png	携带角色冰属性伤害提高<color=#0f70bc>4%</color>
5703003	57030	3	寒澈纹章	Assets/Product/Texture/Image/IconPetSkill/Pet3YingSkillbeidong04.png	携带角色冰属性伤害提高<color=#0f70bc>6%</color>
5703004	57030	4	寒澈纹章	Assets/Product/Texture/Image/IconPetSkill/Pet3YingSkillbeidong04.png	携带角色冰属性伤害提高<color=#0f70bc>8%</color>
5703005	57030	5	寒澈纹章	Assets/Product/Texture/Image/IconPetSkill/Pet3YingSkillbeidong04.png	携带角色冰属性伤害提高<color=#0f70bc>10%</color>
5704001	57040	1	荣光之鹰	Assets/Product/Texture/Image/IconPetSkill/Pet3YingSkillbeidong05.png	库洛姆·荣光进入寒魄状态后，获得来自沧翊的强化，普攻伤害提高<color=#0f70bc>6%</color>，同时8秒内沧翊不断生成霜鹰飞向敌方，共造成库洛姆·荣光攻击力<color=#0f70bc>100%</color>的冰属性伤害。<color=#0f70bc>凝体寒霜</color>被触发后沧翊释放<color=#935ee1>苍目霜华</color>支援，冷却时间2.5秒。
5704002	57040	2	荣光之鹰	Assets/Product/Texture/Image/IconPetSkill/Pet3YingSkillbeidong05.png	库洛姆·荣光进入寒魄状态后，获得来自沧翊的强化，普攻伤害提高<color=#0f70bc>12%</color>，同时8秒内沧翊不断生成霜鹰飞向敌方，共造成库洛姆·荣光攻击力<color=#0f70bc>200%</color>的冰属性伤害。<color=#0f70bc>凝体寒霜</color>被触发后沧翊释放<color=#935ee1>苍目霜华</color>支援，冷却时间2.5秒。
5704003	57040	3	荣光之鹰	Assets/Product/Texture/Image/IconPetSkill/Pet3YingSkillbeidong05.png	库洛姆·荣光进入寒魄状态后，获得来自沧翊的强化，普攻伤害提高<color=#0f70bc>18%</color>，同时8秒内沧翊不断生成霜鹰飞向敌方，共造成库洛姆·荣光攻击力<color=#0f70bc>300%</color>的冰属性伤害。<color=#0f70bc>凝体寒霜</color>被触发后沧翊释放<color=#935ee1>苍目霜华</color>支援，冷却时间2.5秒。
5704004	57040	4	荣光之鹰	Assets/Product/Texture/Image/IconPetSkill/Pet3YingSkillbeidong05.png	库洛姆·荣光进入寒魄状态后，获得来自沧翊的强化，普攻伤害提高<color=#0f70bc>24%</color>，同时8秒内沧翊不断生成霜鹰飞向敌方，共造成库洛姆·荣光攻击力<color=#0f70bc>400%</color>的冰属性伤害。<color=#0f70bc>凝体寒霜</color>被触发后沧翊释放<color=#935ee1>苍目霜华</color>支援，冷却时间2.5秒。
5704005	57040	5	荣光之鹰	Assets/Product/Texture/Image/IconPetSkill/Pet3YingSkillbeidong05.png	库洛姆·荣光进入寒魄状态后，获得来自沧翊的强化，普攻伤害提高<color=#0f70bc>30%</color>，同时8秒内沧翊不断生成霜鹰飞向敌方，共造成库洛姆·荣光攻击力<color=#0f70bc>500%</color>的冰属性伤害。<color=#0f70bc>凝体寒霜</color>被触发后沧翊释放<color=#935ee1>苍目霜华</color>支援，冷却时间2.5秒。
117101	1171	1	尖针陀螺球·物	Assets/Product/Texture/Image/IconPetSkill/Pet2CiweiSkillzhudong05.png	任意消除6个基础信号球后，会激活辅助机按钮，释放后棘钧冲向敌人，命中后持续旋转攻击<color=#0f70bc>10</color>次，每次旋转对单个敌人造成<color=#0f70bc>20%</color>物理伤害。
117102	1171	2	尖针陀螺球·物	Assets/Product/Texture/Image/IconPetSkill/Pet2CiweiSkillzhudong05.png	任意消除6个基础信号球后，会激活辅助机按钮，释放后棘钧冲向敌人，命中后持续旋转攻击<color=#0f70bc>10</color>次，每次旋转对单个敌人造成<color=#0f70bc>40%</color>物理伤害。
117103	1171	3	尖针陀螺球·物	Assets/Product/Texture/Image/IconPetSkill/Pet2CiweiSkillzhudong05.png	任意消除6个基础信号球后，会激活辅助机按钮，释放后棘钧冲向敌人，命中后持续旋转攻击<color=#0f70bc>10</color>次，每次旋转对单个敌人造成<color=#0f70bc>60%</color>物理伤害。
117104	1171	4	尖针陀螺球·物	Assets/Product/Texture/Image/IconPetSkill/Pet2CiweiSkillzhudong05.png	任意消除6个基础信号球后，会激活辅助机按钮，释放后棘钧冲向敌人，命中后持续旋转攻击<color=#0f70bc>10</color>次，每次旋转对单个敌人造成<color=#0f70bc>80%</color>物理伤害。
117105	1171	5	尖针陀螺球·物	Assets/Product/Texture/Image/IconPetSkill/Pet2CiweiSkillzhudong05.png	任意消除6个基础信号球后，会激活辅助机按钮，释放后棘钧冲向敌人，命中后持续旋转攻击<color=#0f70bc>10</color>次，每次旋转对单个敌人造成<color=#0f70bc>100%</color>物理伤害。
117201	1172	1	尖针陀螺球·火	Assets/Product/Texture/Image/IconPetSkill/Pet2CiweiSkillzhudong01.png	任意消除6个基础信号球后，会激活辅助机按钮，释放后棘钧冲向敌人，命中后持续旋转攻击<color=#0f70bc>10</color>次，每次旋转对单个敌人造成<color=#0f70bc>20%</color>火属性伤害。
117202	1172	2	尖针陀螺球·火	Assets/Product/Texture/Image/IconPetSkill/Pet2CiweiSkillzhudong01.png	任意消除6个基础信号球后，会激活辅助机按钮，释放后棘钧冲向敌人，命中后持续旋转攻击<color=#0f70bc>10</color>次，每次旋转对单个敌人造成<color=#0f70bc>40%</color>火属性伤害。
117203	1172	3	尖针陀螺球·火	Assets/Product/Texture/Image/IconPetSkill/Pet2CiweiSkillzhudong01.png	任意消除6个基础信号球后，会激活辅助机按钮，释放后棘钧冲向敌人，命中后持续旋转攻击<color=#0f70bc>10</color>次，每次旋转对单个敌人造成<color=#0f70bc>60%</color>火属性伤害。
117204	1172	4	尖针陀螺球·火	Assets/Product/Texture/Image/IconPetSkill/Pet2CiweiSkillzhudong01.png	任意消除6个基础信号球后，会激活辅助机按钮，释放后棘钧冲向敌人，命中后持续旋转攻击<color=#0f70bc>10</color>次，每次旋转对单个敌人造成<color=#0f70bc>80%</color>火属性伤害。
117205	1172	5	尖针陀螺球·火	Assets/Product/Texture/Image/IconPetSkill/Pet2CiweiSkillzhudong01.png	任意消除6个基础信号球后，会激活辅助机按钮，释放后棘钧冲向敌人，命中后持续旋转攻击<color=#0f70bc>10</color>次，每次旋转对单个敌人造成<color=#0f70bc>100%</color>火属性伤害。
117301	1173	1	尖针陀螺球·冰	Assets/Product/Texture/Image/IconPetSkill/Pet2CiweiSkillzhudong02.png	任意消除6个基础信号球后，会激活辅助机按钮，释放后棘钧冲向敌人，命中后持续旋转攻击<color=#0f70bc>10</color>次，每次旋转对单个敌人造成<color=#0f70bc>20%</color>冰属性伤害。
117302	1173	2	尖针陀螺球·冰	Assets/Product/Texture/Image/IconPetSkill/Pet2CiweiSkillzhudong02.png	任意消除6个基础信号球后，会激活辅助机按钮，释放后棘钧冲向敌人，命中后持续旋转攻击<color=#0f70bc>10</color>次，每次旋转对单个敌人造成<color=#0f70bc>40%</color>冰属性伤害。
117303	1173	3	尖针陀螺球·冰	Assets/Product/Texture/Image/IconPetSkill/Pet2CiweiSkillzhudong02.png	任意消除6个基础信号球后，会激活辅助机按钮，释放后棘钧冲向敌人，命中后持续旋转攻击<color=#0f70bc>10</color>次，每次旋转对单个敌人造成<color=#0f70bc>60%</color>冰属性伤害。
117304	1173	4	尖针陀螺球·冰	Assets/Product/Texture/Image/IconPetSkill/Pet2CiweiSkillzhudong02.png	任意消除6个基础信号球后，会激活辅助机按钮，释放后棘钧冲向敌人，命中后持续旋转攻击<color=#0f70bc>10</color>次，每次旋转对单个敌人造成<color=#0f70bc>80%</color>冰属性伤害。
117305	1173	5	尖针陀螺球·冰	Assets/Product/Texture/Image/IconPetSkill/Pet2CiweiSkillzhudong02.png	任意消除6个基础信号球后，会激活辅助机按钮，释放后棘钧冲向敌人，命中后持续旋转攻击<color=#0f70bc>10</color>次，每次旋转对单个敌人造成<color=#0f70bc>100%</color>冰属性伤害。
117401	1174	1	尖针陀螺球·雷	Assets/Product/Texture/Image/IconPetSkill/Pet2CiweiSkillzhudong03.png	任意消除6个基础信号球后，会激活辅助机按钮，释放后棘钧冲向敌人，命中后持续旋转攻击<color=#0f70bc>10</color>次，每次旋转对单个敌人造成<color=#0f70bc>20%</color>雷属性伤害。
117402	1174	2	尖针陀螺球·雷	Assets/Product/Texture/Image/IconPetSkill/Pet2CiweiSkillzhudong03.png	任意消除6个基础信号球后，会激活辅助机按钮，释放后棘钧冲向敌人，命中后持续旋转攻击<color=#0f70bc>10</color>次，每次旋转对单个敌人造成<color=#0f70bc>40%</color>雷属性伤害。
117403	1174	3	尖针陀螺球·雷	Assets/Product/Texture/Image/IconPetSkill/Pet2CiweiSkillzhudong03.png	任意消除6个基础信号球后，会激活辅助机按钮，释放后棘钧冲向敌人，命中后持续旋转攻击<color=#0f70bc>10</color>次，每次旋转对单个敌人造成<color=#0f70bc>60%</color>雷属性伤害。
117404	1174	4	尖针陀螺球·雷	Assets/Product/Texture/Image/IconPetSkill/Pet2CiweiSkillzhudong03.png	任意消除6个基础信号球后，会激活辅助机按钮，释放后棘钧冲向敌人，命中后持续旋转攻击<color=#0f70bc>10</color>次，每次旋转对单个敌人造成<color=#0f70bc>80%</color>雷属性伤害。
117405	1174	5	尖针陀螺球·雷	Assets/Product/Texture/Image/IconPetSkill/Pet2CiweiSkillzhudong03.png	任意消除6个基础信号球后，会激活辅助机按钮，释放后棘钧冲向敌人，命中后持续旋转攻击<color=#0f70bc>10</color>次，每次旋转对单个敌人造成<color=#0f70bc>100%</color>雷属性伤害。
117501	1175	1	尖针陀螺球·暗	Assets/Product/Texture/Image/IconPetSkill/Pet2CiweiSkillzhudong04.png	任意消除6个基础信号球后，会激活辅助机按钮，释放后棘钧冲向敌人，命中后持续旋转攻击<color=#0f70bc>10</color>次，每次旋转对单个敌人造成<color=#0f70bc>20%</color>暗属性伤害。
117502	1175	2	尖针陀螺球·暗	Assets/Product/Texture/Image/IconPetSkill/Pet2CiweiSkillzhudong04.png	任意消除6个基础信号球后，会激活辅助机按钮，释放后棘钧冲向敌人，命中后持续旋转攻击<color=#0f70bc>10</color>次，每次旋转对单个敌人造成<color=#0f70bc>40%</color>暗属性伤害。
117503	1175	3	尖针陀螺球·暗	Assets/Product/Texture/Image/IconPetSkill/Pet2CiweiSkillzhudong04.png	任意消除6个基础信号球后，会激活辅助机按钮，释放后棘钧冲向敌人，命中后持续旋转攻击<color=#0f70bc>10</color>次，每次旋转对单个敌人造成<color=#0f70bc>60%</color>暗属性伤害。
117504	1175	4	尖针陀螺球·暗	Assets/Product/Texture/Image/IconPetSkill/Pet2CiweiSkillzhudong04.png	任意消除6个基础信号球后，会激活辅助机按钮，释放后棘钧冲向敌人，命中后持续旋转攻击<color=#0f70bc>10</color>次，每次旋转对单个敌人造成<color=#0f70bc>80%</color>暗属性伤害。
117505	1175	5	尖针陀螺球·暗	Assets/Product/Texture/Image/IconPetSkill/Pet2CiweiSkillzhudong04.png	任意消除6个基础信号球后，会激活辅助机按钮，释放后棘钧冲向敌人，命中后持续旋转攻击<color=#0f70bc>10</color>次，每次旋转对单个敌人造成<color=#0f70bc>100%</color>暗属性伤害。
117601	1176	1	尖针陀螺球·空	Assets/Product/Texture/Image/IconPetSkill/Pet2CiweiSkillzhudong06.png	任意消除6个基础信号球后，会激活辅助机按钮，释放后棘钧冲向敌人，命中后持续旋转攻击<color=#0f70bc>10</color>次，每次旋转对单个敌人造成<color=#0f70bc>20%</color>空属性伤害。
117602	1176	2	尖针陀螺球·空	Assets/Product/Texture/Image/IconPetSkill/Pet2CiweiSkillzhudong06.png	任意消除6个基础信号球后，会激活辅助机按钮，释放后棘钧冲向敌人，命中后持续旋转攻击<color=#0f70bc>10</color>次，每次旋转对单个敌人造成<color=#0f70bc>40%</color>空属性伤害。
117603	1176	3	尖针陀螺球·空	Assets/Product/Texture/Image/IconPetSkill/Pet2CiweiSkillzhudong06.png	任意消除6个基础信号球后，会激活辅助机按钮，释放后棘钧冲向敌人，命中后持续旋转攻击<color=#0f70bc>10</color>次，每次旋转对单个敌人造成<color=#0f70bc>60%</color>空属性伤害。
117604	1176	4	尖针陀螺球·空	Assets/Product/Texture/Image/IconPetSkill/Pet2CiweiSkillzhudong06.png	任意消除6个基础信号球后，会激活辅助机按钮，释放后棘钧冲向敌人，命中后持续旋转攻击<color=#0f70bc>10</color>次，每次旋转对单个敌人造成<color=#0f70bc>80%</color>空属性伤害。
117605	1176	5	尖针陀螺球·空	Assets/Product/Texture/Image/IconPetSkill/Pet2CiweiSkillzhudong06.png	任意消除6个基础信号球后，会激活辅助机按钮，释放后棘钧冲向敌人，命中后持续旋转攻击<color=#0f70bc>10</color>次，每次旋转对单个敌人造成<color=#0f70bc>100%</color>空属性伤害。
118101	1181	1	穿刺领域·物	Assets/Product/Texture/Image/IconPetSkill/Pet2CiweiSkillzhudong05.png	任意消除6个基础信号球后，会激活辅助机按钮，释放后棘钧冲向敌人，向周围敌人发射针刺，造成<color=#0f70bc>100%</color>物理伤害，并获得角色最大生命值<color=#0f70bc>2%</color>的护盾值，持续2秒。针刺每命中一个敌人，棘钧下次攻击额外伤害提升<color=#0f70bc>15%</color>（最多不超过75%）
118102	1181	2	穿刺领域·物	Assets/Product/Texture/Image/IconPetSkill/Pet2CiweiSkillzhudong05.png	任意消除6个基础信号球后，会激活辅助机按钮，释放后棘钧冲向敌人，向周围敌人发射针刺，造成<color=#0f70bc>200%</color>物理伤害，并获得角色最大生命值<color=#0f70bc>4%</color>的护盾值，持续2秒。针刺每命中一个敌人，棘钧下次攻击额外伤害提升<color=#0f70bc>15%</color>（最多不超过75%）
118103	1181	3	穿刺领域·物	Assets/Product/Texture/Image/IconPetSkill/Pet2CiweiSkillzhudong05.png	任意消除6个基础信号球后，会激活辅助机按钮，释放后棘钧冲向敌人，向周围敌人发射针刺，造成<color=#0f70bc>300%</color>物理伤害，并获得角色最大生命值<color=#0f70bc>6%</color>的护盾值，持续2秒。针刺每命中一个敌人，棘钧下次攻击额外伤害提升<color=#0f70bc>15%</color>（最多不超过75%）
118104	1181	4	穿刺领域·物	Assets/Product/Texture/Image/IconPetSkill/Pet2CiweiSkillzhudong05.png	任意消除6个基础信号球后，会激活辅助机按钮，释放后棘钧冲向敌人，向周围敌人发射针刺，造成<color=#0f70bc>400%</color>物理伤害，并获得角色最大生命值<color=#0f70bc>8%</color>的护盾值，持续2秒。针刺每命中一个敌人，棘钧下次攻击额外伤害提升<color=#0f70bc>15%</color>（最多不超过75%）
118105	1181	5	穿刺领域·物	Assets/Product/Texture/Image/IconPetSkill/Pet2CiweiSkillzhudong05.png	任意消除6个基础信号球后，会激活辅助机按钮，释放后棘钧冲向敌人，向周围敌人发射针刺，造成<color=#0f70bc>500%</color>物理伤害，并获得角色最大生命值<color=#0f70bc>10%</color>的护盾值，持续2秒。针刺每命中一个敌人，棘钧下次攻击额外伤害提升<color=#0f70bc>15%</color>（最多不超过75%）
118201	1182	1	穿刺领域·火	Assets/Product/Texture/Image/IconPetSkill/Pet2CiweiSkillzhudong01.png	任意消除6个基础信号球后，会激活辅助机按钮，释放后棘钧冲向敌人，向周围敌人发射针刺，造成<color=#0f70bc>100%</color>火属性伤害，并获得角色最大生命值<color=#0f70bc>2%</color>的护盾值，持续2秒。针刺每命中一个敌人，棘钧下次攻击额外伤害提升<color=#0f70bc>15%</color>（最多不超过75%）
118202	1182	2	穿刺领域·火	Assets/Product/Texture/Image/IconPetSkill/Pet2CiweiSkillzhudong01.png	任意消除6个基础信号球后，会激活辅助机按钮，释放后棘钧冲向敌人，向周围敌人发射针刺，造成<color=#0f70bc>200%</color>火属性伤害，并获得角色最大生命值<color=#0f70bc>4%</color>的护盾值，持续2秒。针刺每命中一个敌人，棘钧下次攻击额外伤害提升<color=#0f70bc>15%</color>（最多不超过75%）
118203	1182	3	穿刺领域·火	Assets/Product/Texture/Image/IconPetSkill/Pet2CiweiSkillzhudong01.png	任意消除6个基础信号球后，会激活辅助机按钮，释放后棘钧冲向敌人，向周围敌人发射针刺，造成<color=#0f70bc>300%</color>火属性伤害，并获得角色最大生命值<color=#0f70bc>6%</color>的护盾值，持续2秒。针刺每命中一个敌人，棘钧下次攻击额外伤害提升<color=#0f70bc>15%</color>（最多不超过75%）
118204	1182	4	穿刺领域·火	Assets/Product/Texture/Image/IconPetSkill/Pet2CiweiSkillzhudong01.png	任意消除6个基础信号球后，会激活辅助机按钮，释放后棘钧冲向敌人，向周围敌人发射针刺，造成<color=#0f70bc>400%</color>火属性伤害，并获得角色最大生命值<color=#0f70bc>8%</color>的护盾值，持续2秒。针刺每命中一个敌人，棘钧下次攻击额外伤害提升<color=#0f70bc>15%</color>（最多不超过75%）
118205	1182	5	穿刺领域·火	Assets/Product/Texture/Image/IconPetSkill/Pet2CiweiSkillzhudong01.png	任意消除6个基础信号球后，会激活辅助机按钮，释放后棘钧冲向敌人，向周围敌人发射针刺，造成<color=#0f70bc>500%</color>火属性伤害，并获得角色最大生命值<color=#0f70bc>10%</color>的护盾值，持续2秒。针刺每命中一个敌人，棘钧下次攻击额外伤害提升<color=#0f70bc>15%</color>（最多不超过75%）
118301	1183	1	穿刺领域·冰	Assets/Product/Texture/Image/IconPetSkill/Pet2CiweiSkillzhudong02.png	任意消除6个基础信号球后，会激活辅助机按钮，释放后棘钧冲向敌人，向周围敌人发射针刺，造成<color=#0f70bc>100%</color>冰属性伤害，并获得角色最大生命值<color=#0f70bc>2%</color>的护盾值，持续2秒。针刺每命中一个敌人，棘钧下次攻击额外伤害提升<color=#0f70bc>15%</color>（最多不超过75%）
118302	1183	2	穿刺领域·冰	Assets/Product/Texture/Image/IconPetSkill/Pet2CiweiSkillzhudong02.png	任意消除6个基础信号球后，会激活辅助机按钮，释放后棘钧冲向敌人，向周围敌人发射针刺，造成<color=#0f70bc>200%</color>冰属性伤害，并获得角色最大生命值<color=#0f70bc>4%</color>的护盾值，持续2秒。针刺每命中一个敌人，棘钧下次攻击额外伤害提升<color=#0f70bc>15%</color>（最多不超过75%）
118303	1183	3	穿刺领域·冰	Assets/Product/Texture/Image/IconPetSkill/Pet2CiweiSkillzhudong02.png	任意消除6个基础信号球后，会激活辅助机按钮，释放后棘钧冲向敌人，向周围敌人发射针刺，造成<color=#0f70bc>300%</color>冰属性伤害，并获得角色最大生命值<color=#0f70bc>6%</color>的护盾值，持续2秒。针刺每命中一个敌人，棘钧下次攻击额外伤害提升<color=#0f70bc>15%</color>（最多不超过75%）
118304	1183	4	穿刺领域·冰	Assets/Product/Texture/Image/IconPetSkill/Pet2CiweiSkillzhudong02.png	任意消除6个基础信号球后，会激活辅助机按钮，释放后棘钧冲向敌人，向周围敌人发射针刺，造成<color=#0f70bc>400%</color>冰属性伤害，并获得角色最大生命值<color=#0f70bc>8%</color>的护盾值，持续2秒。针刺每命中一个敌人，棘钧下次攻击额外伤害提升<color=#0f70bc>15%</color>（最多不超过75%）
118305	1183	5	穿刺领域·冰	Assets/Product/Texture/Image/IconPetSkill/Pet2CiweiSkillzhudong02.png	任意消除6个基础信号球后，会激活辅助机按钮，释放后棘钧冲向敌人，向周围敌人发射针刺，造成<color=#0f70bc>500%</color>冰属性伤害，并获得角色最大生命值<color=#0f70bc>10%</color>的护盾值，持续2秒。针刺每命中一个敌人，棘钧下次攻击额外伤害提升<color=#0f70bc>15%</color>（最多不超过75%）
118401	1184	1	穿刺领域·雷	Assets/Product/Texture/Image/IconPetSkill/Pet2CiweiSkillzhudong03.png	任意消除6个基础信号球后，会激活辅助机按钮，释放后棘钧冲向敌人，向周围敌人发射针刺，造成<color=#0f70bc>100%</color>雷属性伤害，并获得角色最大生命值<color=#0f70bc>2%</color>的护盾值，持续2秒。针刺每命中一个敌人，棘钧下次攻击额外伤害提升<color=#0f70bc>15%</color>（最多不超过75%）
118402	1184	2	穿刺领域·雷	Assets/Product/Texture/Image/IconPetSkill/Pet2CiweiSkillzhudong03.png	任意消除6个基础信号球后，会激活辅助机按钮，释放后棘钧冲向敌人，向周围敌人发射针刺，造成<color=#0f70bc>200%</color>雷属性伤害，并获得角色最大生命值<color=#0f70bc>4%</color>的护盾值，持续2秒。针刺每命中一个敌人，棘钧下次攻击额外伤害提升<color=#0f70bc>15%</color>（最多不超过75%）
118403	1184	3	穿刺领域·雷	Assets/Product/Texture/Image/IconPetSkill/Pet2CiweiSkillzhudong03.png	任意消除6个基础信号球后，会激活辅助机按钮，释放后棘钧冲向敌人，向周围敌人发射针刺，造成<color=#0f70bc>300%</color>雷属性伤害，并获得角色最大生命值<color=#0f70bc>6%</color>的护盾值，持续2秒。针刺每命中一个敌人，棘钧下次攻击额外伤害提升<color=#0f70bc>15%</color>（最多不超过75%）
118404	1184	4	穿刺领域·雷	Assets/Product/Texture/Image/IconPetSkill/Pet2CiweiSkillzhudong03.png	任意消除6个基础信号球后，会激活辅助机按钮，释放后棘钧冲向敌人，向周围敌人发射针刺，造成<color=#0f70bc>400%</color>雷属性伤害，并获得角色最大生命值<color=#0f70bc>8%</color>的护盾值，持续2秒。针刺每命中一个敌人，棘钧下次攻击额外伤害提升<color=#0f70bc>15%</color>（最多不超过75%）
118405	1184	5	穿刺领域·雷	Assets/Product/Texture/Image/IconPetSkill/Pet2CiweiSkillzhudong03.png	任意消除6个基础信号球后，会激活辅助机按钮，释放后棘钧冲向敌人，向周围敌人发射针刺，造成<color=#0f70bc>500%</color>雷属性伤害，并获得角色最大生命值<color=#0f70bc>10%</color>的护盾值，持续2秒。针刺每命中一个敌人，棘钧下次攻击额外伤害提升<color=#0f70bc>15%</color>（最多不超过75%）
118501	1185	1	穿刺领域·暗	Assets/Product/Texture/Image/IconPetSkill/Pet2CiweiSkillzhudong04.png	任意消除6个基础信号球后，会激活辅助机按钮，释放后棘钧冲向敌人，向周围敌人发射针刺，造成<color=#0f70bc>100%</color>暗属性伤害，并获得角色最大生命值<color=#0f70bc>2%</color>的护盾值，持续2秒。针刺每命中一个敌人，棘钧下次攻击额外伤害提升<color=#0f70bc>15%</color>（最多不超过75%）
118502	1185	2	穿刺领域·暗	Assets/Product/Texture/Image/IconPetSkill/Pet2CiweiSkillzhudong04.png	任意消除6个基础信号球后，会激活辅助机按钮，释放后棘钧冲向敌人，向周围敌人发射针刺，造成<color=#0f70bc>200%</color>暗属性伤害，并获得角色最大生命值<color=#0f70bc>4%</color>的护盾值，持续2秒。针刺每命中一个敌人，棘钧下次攻击额外伤害提升<color=#0f70bc>15%</color>（最多不超过75%）
118503	1185	3	穿刺领域·暗	Assets/Product/Texture/Image/IconPetSkill/Pet2CiweiSkillzhudong04.png	任意消除6个基础信号球后，会激活辅助机按钮，释放后棘钧冲向敌人，向周围敌人发射针刺，造成<color=#0f70bc>300%</color>暗属性伤害，并获得角色最大生命值<color=#0f70bc>6%</color>的护盾值，持续2秒。针刺每命中一个敌人，棘钧下次攻击额外伤害提升<color=#0f70bc>15%</color>（最多不超过75%）
118504	1185	4	穿刺领域·暗	Assets/Product/Texture/Image/IconPetSkill/Pet2CiweiSkillzhudong04.png	任意消除6个基础信号球后，会激活辅助机按钮，释放后棘钧冲向敌人，向周围敌人发射针刺，造成<color=#0f70bc>400%</color>暗属性伤害，并获得角色最大生命值<color=#0f70bc>8%</color>的护盾值，持续2秒。针刺每命中一个敌人，棘钧下次攻击额外伤害提升<color=#0f70bc>15%</color>（最多不超过75%）
118505	1185	5	穿刺领域·暗	Assets/Product/Texture/Image/IconPetSkill/Pet2CiweiSkillzhudong04.png	任意消除6个基础信号球后，会激活辅助机按钮，释放后棘钧冲向敌人，向周围敌人发射针刺，造成<color=#0f70bc>500%</color>暗属性伤害，并获得角色最大生命值<color=#0f70bc>10%</color>的护盾值，持续2秒。针刺每命中一个敌人，棘钧下次攻击额外伤害提升<color=#0f70bc>15%</color>（最多不超过75%）
118601	1186	1	穿刺领域·空	Assets/Product/Texture/Image/IconPetSkill/Pet2CiweiSkillzhudong06.png	任意消除6个基础信号球后，会激活辅助机按钮，释放后棘钧冲向敌人，向周围敌人发射针刺，造成<color=#0f70bc>100%</color>空属性伤害，并获得角色最大生命值<color=#0f70bc>2%</color>的护盾值，持续2秒。针刺每命中一个敌人，棘钧下次攻击额外伤害提升<color=#0f70bc>15%</color>（最多不超过75%）
118602	1186	2	穿刺领域·空	Assets/Product/Texture/Image/IconPetSkill/Pet2CiweiSkillzhudong06.png	任意消除6个基础信号球后，会激活辅助机按钮，释放后棘钧冲向敌人，向周围敌人发射针刺，造成<color=#0f70bc>200%</color>空属性伤害，并获得角色最大生命值<color=#0f70bc>4%</color>的护盾值，持续2秒。针刺每命中一个敌人，棘钧下次攻击额外伤害提升<color=#0f70bc>15%</color>（最多不超过75%）
118603	1186	3	穿刺领域·空	Assets/Product/Texture/Image/IconPetSkill/Pet2CiweiSkillzhudong06.png	任意消除6个基础信号球后，会激活辅助机按钮，释放后棘钧冲向敌人，向周围敌人发射针刺，造成<color=#0f70bc>300%</color>空属性伤害，并获得角色最大生命值<color=#0f70bc>6%</color>的护盾值，持续2秒。针刺每命中一个敌人，棘钧下次攻击额外伤害提升<color=#0f70bc>15%</color>（最多不超过75%）
118604	1186	4	穿刺领域·空	Assets/Product/Texture/Image/IconPetSkill/Pet2CiweiSkillzhudong06.png	任意消除6个基础信号球后，会激活辅助机按钮，释放后棘钧冲向敌人，向周围敌人发射针刺，造成<color=#0f70bc>400%</color>空属性伤害，并获得角色最大生命值<color=#0f70bc>8%</color>的护盾值，持续2秒。针刺每命中一个敌人，棘钧下次攻击额外伤害提升<color=#0f70bc>15%</color>（最多不超过75%）
118605	1186	5	穿刺领域·空	Assets/Product/Texture/Image/IconPetSkill/Pet2CiweiSkillzhudong06.png	任意消除6个基础信号球后，会激活辅助机按钮，释放后棘钧冲向敌人，向周围敌人发射针刺，造成<color=#0f70bc>500%</color>空属性伤害，并获得角色最大生命值<color=#0f70bc>10%</color>的护盾值，持续2秒。针刺每命中一个敌人，棘钧下次攻击额外伤害提升<color=#0f70bc>15%</color>（最多不超过75%）
5800001	58000	1	尖刺打磨	Assets/Product/Texture/Image/IconPetSkill/Pet2CiweiSkillbeidong01.png	棘钧主动技伤害提高<color=#0f70bc>12%</color>
5800002	58000	2	尖刺打磨	Assets/Product/Texture/Image/IconPetSkill/Pet2CiweiSkillbeidong01.png	棘钧主动技伤害提高<color=#0f70bc>24%</color>
5800003	58000	3	尖刺打磨	Assets/Product/Texture/Image/IconPetSkill/Pet2CiweiSkillbeidong01.png	棘钧主动技伤害提高<color=#0f70bc>36%</color>
5800004	58000	4	尖刺打磨	Assets/Product/Texture/Image/IconPetSkill/Pet2CiweiSkillbeidong01.png	棘钧主动技伤害提高<color=#0f70bc>48%</color>
5800005	58000	5	尖刺打磨	Assets/Product/Texture/Image/IconPetSkill/Pet2CiweiSkillbeidong01.png	棘钧主动技伤害提高<color=#0f70bc>60%</color>
5801001	58010	1	锐棘·磨砺	Assets/Product/Texture/Image/IconPetSkill/Pet3HeSkillbeidong02.png	携带角色攻击力提高<color=#0f70bc>12</color>
5801002	58010	2	锐棘·磨砺	Assets/Product/Texture/Image/IconPetSkill/Pet3HeSkillbeidong02.png	携带角色攻击力提高<color=#0f70bc>24</color>
5801003	58010	3	锐棘·磨砺	Assets/Product/Texture/Image/IconPetSkill/Pet3HeSkillbeidong02.png	携带角色攻击力提高<color=#0f70bc>36</color>
5801004	58010	4	锐棘·磨砺	Assets/Product/Texture/Image/IconPetSkill/Pet3HeSkillbeidong02.png	携带角色攻击力提高<color=#0f70bc>48</color>
5801005	58010	5	锐棘·磨砺	Assets/Product/Texture/Image/IconPetSkill/Pet3HeSkillbeidong02.png	携带角色攻击力提高<color=#0f70bc>60</color>
5802001	58020	1	锐棘·叠加	Assets/Product/Texture/Image/IconPetSkill/Pet2CiweiSkillbeidong03.png	棘钧释放主动技后，携带角色攻击力提高<color=#0f70bc>1%</color>持续5秒，重复触发刷新持续时间。
5802002	58020	2	锐棘·叠加	Assets/Product/Texture/Image/IconPetSkill/Pet2CiweiSkillbeidong03.png	棘钧释放主动技后，携带角色攻击力提高<color=#0f70bc>2%</color>持续5秒，重复触发刷新持续时间。
5802003	58020	3	锐棘·叠加	Assets/Product/Texture/Image/IconPetSkill/Pet2CiweiSkillbeidong03.png	棘钧释放主动技后，携带角色攻击力提高<color=#0f70bc>3%</color>持续5秒，重复触发刷新持续时间。
5802004	58020	4	锐棘·叠加	Assets/Product/Texture/Image/IconPetSkill/Pet2CiweiSkillbeidong03.png	棘钧释放主动技后，携带角色攻击力提高<color=#0f70bc>4%</color>持续5秒，重复触发刷新持续时间。
5802005	58020	5	锐棘·叠加	Assets/Product/Texture/Image/IconPetSkill/Pet2CiweiSkillbeidong03.png	棘钧释放主动技后，携带角色攻击力提高<color=#0f70bc>5%</color>持续5秒，重复触发刷新持续时间。
5803001	58030	1	锐棘·物理	Assets/Product/Texture/Image/IconPetSkill/Pet2CiweiSkillbeidong04.png	携带角色物理伤害提高<color=#0f70bc>2%</color>
5803002	58030	2	锐棘·物理	Assets/Product/Texture/Image/IconPetSkill/Pet2CiweiSkillbeidong04.png	携带角色物理伤害提高<color=#0f70bc>4%</color>
5803003	58030	3	锐棘·物理	Assets/Product/Texture/Image/IconPetSkill/Pet2CiweiSkillbeidong04.png	携带角色物理伤害提高<color=#0f70bc>6%</color>
5803004	58030	4	锐棘·物理	Assets/Product/Texture/Image/IconPetSkill/Pet2CiweiSkillbeidong04.png	携带角色物理伤害提高<color=#0f70bc>8%</color>
5803005	58030	5	锐棘·物理	Assets/Product/Texture/Image/IconPetSkill/Pet2CiweiSkillbeidong04.png	携带角色物理伤害提高<color=#0f70bc>10%</color>
5804001	58040	1	附棘	Assets/Product/Texture/Image/IconPetSkill/Pet2CiweiSkillbeidong05.png	棘钧释放主动技能造成伤害时会标记敌人，被标记的敌人受伤时消耗标记，并受到角色攻击力<color=#0f70bc>40%</color>的物理伤害。该效果每2秒可触发一次。
5804002	58040	2	附棘	Assets/Product/Texture/Image/IconPetSkill/Pet2CiweiSkillbeidong05.png	棘钧释放主动技能造成伤害时会标记敌人，被标记的敌人受伤时消耗标记，并受到角色攻击力<color=#0f70bc>80%</color>的物理伤害。该效果每2秒可触发一次。
5804003	58040	3	附棘	Assets/Product/Texture/Image/IconPetSkill/Pet2CiweiSkillbeidong05.png	棘钧释放主动技能造成伤害时会标记敌人，被标记的敌人受伤时消耗标记，并受到角色攻击力<color=#0f70bc>120%</color>的物理伤害。该效果每2秒可触发一次。
5804004	58040	4	附棘	Assets/Product/Texture/Image/IconPetSkill/Pet2CiweiSkillbeidong05.png	棘钧释放主动技能造成伤害时会标记敌人，被标记的敌人受伤时消耗标记，并受到角色攻击力<color=#0f70bc>160%</color>的物理伤害。该效果每2秒可触发一次。
5804005	58040	5	附棘	Assets/Product/Texture/Image/IconPetSkill/Pet2CiweiSkillbeidong05.png	棘钧释放主动技能造成伤害时会标记敌人，被标记的敌人受伤时消耗标记，并受到角色攻击力<color=#0f70bc>200%</color>的物理伤害。该效果每2秒可触发一次。
119101	1191	1	裂地噬火钻·物	Assets/Product/Texture/Image/IconPetSkill/Pet3HuSkillzhudong05.png	任意消除6个基础信号球后，会激活辅助机按钮，释放后啸钺突进至目标附近，聚集周围敌人并进行旋转切割对敌人共造成<color=#0f70bc>300%</color>物理伤害
119102	1191	2	裂地噬火钻·物	Assets/Product/Texture/Image/IconPetSkill/Pet3HuSkillzhudong05.png	任意消除6个基础信号球后，会激活辅助机按钮，释放后啸钺突进至目标附近，聚集周围敌人并进行旋转切割对敌人共造成<color=#0f70bc>600%</color>物理伤害
119103	1191	3	裂地噬火钻·物	Assets/Product/Texture/Image/IconPetSkill/Pet3HuSkillzhudong05.png	任意消除6个基础信号球后，会激活辅助机按钮，释放后啸钺突进至目标附近，聚集周围敌人并进行旋转切割对敌人共造成<color=#0f70bc>900%</color>物理伤害
119104	1191	4	裂地噬火钻·物	Assets/Product/Texture/Image/IconPetSkill/Pet3HuSkillzhudong05.png	任意消除6个基础信号球后，会激活辅助机按钮，释放后啸钺突进至目标附近，聚集周围敌人并进行旋转切割对敌人共造成<color=#0f70bc>1200%</color>物理伤害
119105	1191	5	裂地噬火钻·物	Assets/Product/Texture/Image/IconPetSkill/Pet3HuSkillzhudong05.png	任意消除6个基础信号球后，会激活辅助机按钮，释放后啸钺突进至目标附近，聚集周围敌人并进行旋转切割对敌人共造成<color=#0f70bc>1500%</color>物理伤害
119201	1192	1	裂地噬火钻·火	Assets/Product/Texture/Image/IconPetSkill/Pet3HuSkillzhudong01.png	任意消除6个基础信号球后，会激活辅助机按钮，释放后啸钺突进至目标附近，聚集周围敌人并进行旋转切割对敌人共造成<color=#0f70bc>300%</color>火属性伤害，旋转切割期间若七实·遥星之座触发派生攻击则啸钺额外释放一次爪击造成<color=#0f70bc>50%</color>火属性伤害
119202	1192	2	裂地噬火钻·火	Assets/Product/Texture/Image/IconPetSkill/Pet3HuSkillzhudong01.png	任意消除6个基础信号球后，会激活辅助机按钮，释放后啸钺突进至目标附近，聚集周围敌人并进行旋转切割对敌人共造成<color=#0f70bc>600%</color>火属性伤害，旋转切割期间若七实·遥星之座触发派生攻击则啸钺额外释放一次爪击造成<color=#0f70bc>100%</color>火属性伤害
119203	1192	3	裂地噬火钻·火	Assets/Product/Texture/Image/IconPetSkill/Pet3HuSkillzhudong01.png	任意消除6个基础信号球后，会激活辅助机按钮，释放后啸钺突进至目标附近，聚集周围敌人并进行旋转切割对敌人共造成<color=#0f70bc>900%</color>火属性伤害，旋转切割期间若七实·遥星之座触发派生攻击则啸钺额外释放一次爪击造成<color=#0f70bc>150%</color>火属性伤害
119204	1192	4	裂地噬火钻·火	Assets/Product/Texture/Image/IconPetSkill/Pet3HuSkillzhudong01.png	任意消除6个基础信号球后，会激活辅助机按钮，释放后啸钺突进至目标附近，聚集周围敌人并进行旋转切割对敌人共造成<color=#0f70bc>1200%</color>火属性伤害，旋转切割期间若七实·遥星之座触发派生攻击则啸钺额外释放一次爪击造成<color=#0f70bc>200%</color>火属性伤害
119205	1192	5	裂地噬火钻·火	Assets/Product/Texture/Image/IconPetSkill/Pet3HuSkillzhudong01.png	任意消除6个基础信号球后，会激活辅助机按钮，释放后啸钺突进至目标附近，聚集周围敌人并进行旋转切割对敌人共造成<color=#0f70bc>1500%</color>火属性伤害，旋转切割期间若七实·遥星之座触发派生攻击则啸钺额外释放一次爪击造成<color=#0f70bc>250%</color>火属性伤害
119301	1193	1	裂地噬火钻·冰	Assets/Product/Texture/Image/IconPetSkill/Pet3HuSkillzhudong02.png	任意消除6个基础信号球后，会激活辅助机按钮，释放后啸钺突进至目标附近，聚集周围敌人并进行旋转切割对敌人共造成<color=#0f70bc>300%</color>冰属性伤害
119302	1193	2	裂地噬火钻·冰	Assets/Product/Texture/Image/IconPetSkill/Pet3HuSkillzhudong02.png	任意消除6个基础信号球后，会激活辅助机按钮，释放后啸钺突进至目标附近，聚集周围敌人并进行旋转切割对敌人共造成<color=#0f70bc>600%</color>冰属性伤害
119303	1193	3	裂地噬火钻·冰	Assets/Product/Texture/Image/IconPetSkill/Pet3HuSkillzhudong02.png	任意消除6个基础信号球后，会激活辅助机按钮，释放后啸钺突进至目标附近，聚集周围敌人并进行旋转切割对敌人共造成<color=#0f70bc>900%</color>冰属性伤害
119304	1193	4	裂地噬火钻·冰	Assets/Product/Texture/Image/IconPetSkill/Pet3HuSkillzhudong02.png	任意消除6个基础信号球后，会激活辅助机按钮，释放后啸钺突进至目标附近，聚集周围敌人并进行旋转切割对敌人共造成<color=#0f70bc>1200%</color>冰属性伤害
119305	1193	5	裂地噬火钻·冰	Assets/Product/Texture/Image/IconPetSkill/Pet3HuSkillzhudong02.png	任意消除6个基础信号球后，会激活辅助机按钮，释放后啸钺突进至目标附近，聚集周围敌人并进行旋转切割对敌人共造成<color=#0f70bc>1500%</color>冰属性伤害
119401	1194	1	裂地噬火钻·雷	Assets/Product/Texture/Image/IconPetSkill/Pet3HuSkillzhudong03.png	任意消除6个基础信号球后，会激活辅助机按钮，释放后啸钺突进至目标附近，聚集周围敌人并进行旋转切割对敌人共造成<color=#0f70bc>300%</color>雷属性伤害
119402	1194	2	裂地噬火钻·雷	Assets/Product/Texture/Image/IconPetSkill/Pet3HuSkillzhudong03.png	任意消除6个基础信号球后，会激活辅助机按钮，释放后啸钺突进至目标附近，聚集周围敌人并进行旋转切割对敌人共造成<color=#0f70bc>600%</color>雷属性伤害
119403	1194	3	裂地噬火钻·雷	Assets/Product/Texture/Image/IconPetSkill/Pet3HuSkillzhudong03.png	任意消除6个基础信号球后，会激活辅助机按钮，释放后啸钺突进至目标附近，聚集周围敌人并进行旋转切割对敌人共造成<color=#0f70bc>900%</color>雷属性伤害
119404	1194	4	裂地噬火钻·雷	Assets/Product/Texture/Image/IconPetSkill/Pet3HuSkillzhudong03.png	任意消除6个基础信号球后，会激活辅助机按钮，释放后啸钺突进至目标附近，聚集周围敌人并进行旋转切割对敌人共造成<color=#0f70bc>1200%</color>雷属性伤害
119405	1194	5	裂地噬火钻·雷	Assets/Product/Texture/Image/IconPetSkill/Pet3HuSkillzhudong03.png	任意消除6个基础信号球后，会激活辅助机按钮，释放后啸钺突进至目标附近，聚集周围敌人并进行旋转切割对敌人共造成<color=#0f70bc>1500%</color>雷属性伤害
119501	1195	1	裂地噬火钻·暗	Assets/Product/Texture/Image/IconPetSkill/Pet3HuSkillzhudong04.png	任意消除6个基础信号球后，会激活辅助机按钮，释放后啸钺突进至目标附近，聚集周围敌人并进行旋转切割对敌人共造成<color=#0f70bc>300%</color>暗属性伤害
119502	1195	2	裂地噬火钻·暗	Assets/Product/Texture/Image/IconPetSkill/Pet3HuSkillzhudong04.png	任意消除6个基础信号球后，会激活辅助机按钮，释放后啸钺突进至目标附近，聚集周围敌人并进行旋转切割对敌人共造成<color=#0f70bc>600%</color>暗属性伤害
119503	1195	3	裂地噬火钻·暗	Assets/Product/Texture/Image/IconPetSkill/Pet3HuSkillzhudong04.png	任意消除6个基础信号球后，会激活辅助机按钮，释放后啸钺突进至目标附近，聚集周围敌人并进行旋转切割对敌人共造成<color=#0f70bc>900%</color>暗属性伤害
119504	1195	4	裂地噬火钻·暗	Assets/Product/Texture/Image/IconPetSkill/Pet3HuSkillzhudong04.png	任意消除6个基础信号球后，会激活辅助机按钮，释放后啸钺突进至目标附近，聚集周围敌人并进行旋转切割对敌人共造成<color=#0f70bc>1200%</color>暗属性伤害
119505	1195	5	裂地噬火钻·暗	Assets/Product/Texture/Image/IconPetSkill/Pet3HuSkillzhudong04.png	任意消除6个基础信号球后，会激活辅助机按钮，释放后啸钺突进至目标附近，聚集周围敌人并进行旋转切割对敌人共造成<color=#0f70bc>1500%</color>暗属性伤害
119601	1196	1	裂地噬火钻·空	Assets/Product/Texture/Image/IconPetSkill/Pet3HuSkillzhudong06.png	任意消除6个基础信号球后，会激活辅助机按钮，释放后啸钺突进至目标附近，聚集周围敌人并进行旋转切割对敌人共造成<color=#0f70bc>300%</color>空属性伤害
119602	1196	2	裂地噬火钻·空	Assets/Product/Texture/Image/IconPetSkill/Pet3HuSkillzhudong06.png	任意消除6个基础信号球后，会激活辅助机按钮，释放后啸钺突进至目标附近，聚集周围敌人并进行旋转切割对敌人共造成<color=#0f70bc>600%</color>空属性伤害
119603	1196	3	裂地噬火钻·空	Assets/Product/Texture/Image/IconPetSkill/Pet3HuSkillzhudong06.png	任意消除6个基础信号球后，会激活辅助机按钮，释放后啸钺突进至目标附近，聚集周围敌人并进行旋转切割对敌人共造成<color=#0f70bc>900%</color>空属性伤害
119604	1196	4	裂地噬火钻·空	Assets/Product/Texture/Image/IconPetSkill/Pet3HuSkillzhudong06.png	任意消除6个基础信号球后，会激活辅助机按钮，释放后啸钺突进至目标附近，聚集周围敌人并进行旋转切割对敌人共造成<color=#0f70bc>1200%</color>空属性伤害
119605	1196	5	裂地噬火钻·空	Assets/Product/Texture/Image/IconPetSkill/Pet3HuSkillzhudong06.png	任意消除6个基础信号球后，会激活辅助机按钮，释放后啸钺突进至目标附近，聚集周围敌人并进行旋转切割对敌人共造成<color=#0f70bc>1500%</color>空属性伤害
120101	1201	1	焚空焰刃击·物	Assets/Product/Texture/Image/IconPetSkill/Pet3HuSkillzhudong05.png	任意消除6个基础信号球后，会激活辅助机按钮，释放后啸钺突进至目标附近，进行旋转切割对敌人共造成<color=#0f70bc>200%</color>物理伤害，附加割裂伤口：每秒造成啸钺攻击力的<color=#0f70bc>20%</color>物理伤害（持续8秒，重复触发刷新持续时间）
120102	1201	2	焚空焰刃击·物	Assets/Product/Texture/Image/IconPetSkill/Pet3HuSkillzhudong05.png	任意消除6个基础信号球后，会激活辅助机按钮，释放后啸钺突进至目标附近，进行旋转切割对敌人共造成<color=#0f70bc>400%</color>物理伤害，附加割裂伤口：每秒造成啸钺攻击力的<color=#0f70bc>40%</color>物理伤害（持续8秒，重复触发刷新持续时间）
120103	1201	3	焚空焰刃击·物	Assets/Product/Texture/Image/IconPetSkill/Pet3HuSkillzhudong05.png	任意消除6个基础信号球后，会激活辅助机按钮，释放后啸钺突进至目标附近，进行旋转切割对敌人共造成<color=#0f70bc>600%</color>物理伤害，附加割裂伤口：每秒造成啸钺攻击力的<color=#0f70bc>60%</color>物理伤害（持续8秒，重复触发刷新持续时间）
120104	1201	4	焚空焰刃击·物	Assets/Product/Texture/Image/IconPetSkill/Pet3HuSkillzhudong05.png	任意消除6个基础信号球后，会激活辅助机按钮，释放后啸钺突进至目标附近，进行旋转切割对敌人共造成<color=#0f70bc>800%</color>物理伤害，附加割裂伤口：每秒造成啸钺攻击力的<color=#0f70bc>80%</color>物理伤害（持续8秒，重复触发刷新持续时间）
120105	1201	5	焚空焰刃击·物	Assets/Product/Texture/Image/IconPetSkill/Pet3HuSkillzhudong05.png	任意消除6个基础信号球后，会激活辅助机按钮，释放后啸钺突进至目标附近，进行旋转切割对敌人共造成<color=#0f70bc>1000%</color>物理伤害，附加割裂伤口：每秒造成啸钺攻击力的<color=#0f70bc>100%</color>物理伤害（持续8秒，重复触发刷新持续时间）
120201	1202	1	焚空焰刃击·火	Assets/Product/Texture/Image/IconPetSkill/Pet3HuSkillzhudong01.png	任意消除6个基础信号球后，会激活辅助机按钮，释放后啸钺突进至目标附近，进行旋转切割对敌人共造成<color=#0f70bc>200%</color>火属性伤害，附加割裂伤口：每秒造成啸钺攻击力的<color=#0f70bc>20%</color>火属性伤害（持续8秒，重复触发刷新持续时间），旋转切割期间若七实·遥星之座触发派生攻击则啸钺额外释放一次爪击造成<color=#0f70bc>120%</color>火属性伤害，受到啸钺爪击后割裂伤口根据剩余时间立即结算伤害
120202	1202	2	焚空焰刃击·火	Assets/Product/Texture/Image/IconPetSkill/Pet3HuSkillzhudong01.png	任意消除6个基础信号球后，会激活辅助机按钮，释放后啸钺突进至目标附近，进行旋转切割对敌人共造成<color=#0f70bc>400%</color>火属性伤害，附加割裂伤口：每秒造成啸钺攻击力的<color=#0f70bc>40%</color>火属性伤害（持续8秒，重复触发刷新持续时间），旋转切割期间若七实·遥星之座触发派生攻击则啸钺额外释放一次爪击造成<color=#0f70bc>240%</color>火属性伤害，受到啸钺爪击后割裂伤口根据剩余时间立即结算伤害
120203	1202	3	焚空焰刃击·火	Assets/Product/Texture/Image/IconPetSkill/Pet3HuSkillzhudong01.png	任意消除6个基础信号球后，会激活辅助机按钮，释放后啸钺突进至目标附近，进行旋转切割对敌人共造成<color=#0f70bc>600%</color>火属性伤害，附加割裂伤口：每秒造成啸钺攻击力的<color=#0f70bc>60%</color>火属性伤害（持续8秒，重复触发刷新持续时间），旋转切割期间若七实·遥星之座触发派生攻击则啸钺额外释放一次爪击造成<color=#0f70bc>360%</color>火属性伤害，受到啸钺爪击后割裂伤口根据剩余时间立即结算伤害
120204	1202	4	焚空焰刃击·火	Assets/Product/Texture/Image/IconPetSkill/Pet3HuSkillzhudong01.png	任意消除6个基础信号球后，会激活辅助机按钮，释放后啸钺突进至目标附近，进行旋转切割对敌人共造成<color=#0f70bc>800%</color>火属性伤害，附加割裂伤口：每秒造成啸钺攻击力的<color=#0f70bc>80%</color>火属性伤害（持续8秒，重复触发刷新持续时间），旋转切割期间若七实·遥星之座触发派生攻击则啸钺额外释放一次爪击造成<color=#0f70bc>480%</color>火属性伤害，受到啸钺爪击后割裂伤口根据剩余时间立即结算伤害
120205	1202	5	焚空焰刃击·火	Assets/Product/Texture/Image/IconPetSkill/Pet3HuSkillzhudong01.png	任意消除6个基础信号球后，会激活辅助机按钮，释放后啸钺突进至目标附近，进行旋转切割对敌人共造成<color=#0f70bc>1000%</color>火属性伤害，附加割裂伤口：每秒造成啸钺攻击力的<color=#0f70bc>100%</color>火属性伤害（持续8秒，重复触发刷新持续时间），旋转切割期间若七实·遥星之座触发派生攻击则啸钺额外释放一次爪击造成<color=#0f70bc>600%</color>火属性伤害，受到啸钺爪击后割裂伤口根据剩余时间立即结算伤害
120301	1203	1	焚空焰刃击·冰	Assets/Product/Texture/Image/IconPetSkill/Pet3HuSkillzhudong02.png	任意消除6个基础信号球后，会激活辅助机按钮，释放后啸钺突进至目标附近，进行旋转切割对敌人共造成<color=#0f70bc>200%</color>冰属性伤害，附加割裂伤口：每秒造成啸钺攻击力的<color=#0f70bc>20%</color>冰属性伤害（持续8秒，重复触发刷新持续时间）
120302	1203	2	焚空焰刃击·冰	Assets/Product/Texture/Image/IconPetSkill/Pet3HuSkillzhudong02.png	任意消除6个基础信号球后，会激活辅助机按钮，释放后啸钺突进至目标附近，进行旋转切割对敌人共造成<color=#0f70bc>400%</color>冰属性伤害，附加割裂伤口：每秒造成啸钺攻击力的<color=#0f70bc>40%</color>冰属性伤害（持续8秒，重复触发刷新持续时间）
120303	1203	3	焚空焰刃击·冰	Assets/Product/Texture/Image/IconPetSkill/Pet3HuSkillzhudong02.png	任意消除6个基础信号球后，会激活辅助机按钮，释放后啸钺突进至目标附近，进行旋转切割对敌人共造成<color=#0f70bc>600%</color>冰属性伤害，附加割裂伤口：每秒造成啸钺攻击力的<color=#0f70bc>60%</color>冰属性伤害（持续8秒，重复触发刷新持续时间）
120304	1203	4	焚空焰刃击·冰	Assets/Product/Texture/Image/IconPetSkill/Pet3HuSkillzhudong02.png	任意消除6个基础信号球后，会激活辅助机按钮，释放后啸钺突进至目标附近，进行旋转切割对敌人共造成<color=#0f70bc>800%</color>冰属性伤害，附加割裂伤口：每秒造成啸钺攻击力的<color=#0f70bc>80%</color>冰属性伤害（持续8秒，重复触发刷新持续时间）
120305	1203	5	焚空焰刃击·冰	Assets/Product/Texture/Image/IconPetSkill/Pet3HuSkillzhudong02.png	任意消除6个基础信号球后，会激活辅助机按钮，释放后啸钺突进至目标附近，进行旋转切割对敌人共造成<color=#0f70bc>1000%</color>冰属性伤害，附加割裂伤口：每秒造成啸钺攻击力的<color=#0f70bc>100%</color>冰属性伤害（持续8秒，重复触发刷新持续时间）
120401	1204	1	焚空焰刃击·雷	Assets/Product/Texture/Image/IconPetSkill/Pet3HuSkillzhudong03.png	任意消除6个基础信号球后，会激活辅助机按钮，释放后啸钺突进至目标附近，进行旋转切割对敌人共造成<color=#0f70bc>200%</color>雷属性伤害，附加割裂伤口：每秒造成啸钺攻击力的<color=#0f70bc>20%</color>雷属性伤害（持续8秒，重复触发刷新持续时间）
120402	1204	2	焚空焰刃击·雷	Assets/Product/Texture/Image/IconPetSkill/Pet3HuSkillzhudong03.png	任意消除6个基础信号球后，会激活辅助机按钮，释放后啸钺突进至目标附近，进行旋转切割对敌人共造成<color=#0f70bc>400%</color>雷属性伤害，附加割裂伤口：每秒造成啸钺攻击力的<color=#0f70bc>40%</color>雷属性伤害（持续8秒，重复触发刷新持续时间）
120403	1204	3	焚空焰刃击·雷	Assets/Product/Texture/Image/IconPetSkill/Pet3HuSkillzhudong03.png	任意消除6个基础信号球后，会激活辅助机按钮，释放后啸钺突进至目标附近，进行旋转切割对敌人共造成<color=#0f70bc>600%</color>雷属性伤害，附加割裂伤口：每秒造成啸钺攻击力的<color=#0f70bc>60%</color>雷属性伤害（持续8秒，重复触发刷新持续时间）
120404	1204	4	焚空焰刃击·雷	Assets/Product/Texture/Image/IconPetSkill/Pet3HuSkillzhudong03.png	任意消除6个基础信号球后，会激活辅助机按钮，释放后啸钺突进至目标附近，进行旋转切割对敌人共造成<color=#0f70bc>800%</color>雷属性伤害，附加割裂伤口：每秒造成啸钺攻击力的<color=#0f70bc>80%</color>雷属性伤害（持续8秒，重复触发刷新持续时间）
120405	1204	5	焚空焰刃击·雷	Assets/Product/Texture/Image/IconPetSkill/Pet3HuSkillzhudong03.png	任意消除6个基础信号球后，会激活辅助机按钮，释放后啸钺突进至目标附近，进行旋转切割对敌人共造成<color=#0f70bc>1000%</color>雷属性伤害，附加割裂伤口：每秒造成啸钺攻击力的<color=#0f70bc>100%</color>雷属性伤害（持续8秒，重复触发刷新持续时间）
120501	1205	1	焚空焰刃击·暗	Assets/Product/Texture/Image/IconPetSkill/Pet3HuSkillzhudong04.png	任意消除6个基础信号球后，会激活辅助机按钮，释放后啸钺突进至目标附近，进行旋转切割对敌人共造成<color=#0f70bc>200%</color>暗属性伤害，附加割裂伤口：每秒造成啸钺攻击力的<color=#0f70bc>20%</color>暗属性伤害（持续8秒，重复触发刷新持续时间）
120502	1205	2	焚空焰刃击·暗	Assets/Product/Texture/Image/IconPetSkill/Pet3HuSkillzhudong04.png	任意消除6个基础信号球后，会激活辅助机按钮，释放后啸钺突进至目标附近，进行旋转切割对敌人共造成<color=#0f70bc>400%</color>暗属性伤害，附加割裂伤口：每秒造成啸钺攻击力的<color=#0f70bc>40%</color>暗属性伤害（持续8秒，重复触发刷新持续时间）
120503	1205	3	焚空焰刃击·暗	Assets/Product/Texture/Image/IconPetSkill/Pet3HuSkillzhudong04.png	任意消除6个基础信号球后，会激活辅助机按钮，释放后啸钺突进至目标附近，进行旋转切割对敌人共造成<color=#0f70bc>600%</color>暗属性伤害，附加割裂伤口：每秒造成啸钺攻击力的<color=#0f70bc>60%</color>暗属性伤害（持续8秒，重复触发刷新持续时间）
120504	1205	4	焚空焰刃击·暗	Assets/Product/Texture/Image/IconPetSkill/Pet3HuSkillzhudong04.png	任意消除6个基础信号球后，会激活辅助机按钮，释放后啸钺突进至目标附近，进行旋转切割对敌人共造成<color=#0f70bc>800%</color>暗属性伤害，附加割裂伤口：每秒造成啸钺攻击力的<color=#0f70bc>80%</color>暗属性伤害（持续8秒，重复触发刷新持续时间）
120505	1205	5	焚空焰刃击·暗	Assets/Product/Texture/Image/IconPetSkill/Pet3HuSkillzhudong04.png	任意消除6个基础信号球后，会激活辅助机按钮，释放后啸钺突进至目标附近，进行旋转切割对敌人共造成<color=#0f70bc>1000%</color>暗属性伤害，附加割裂伤口：每秒造成啸钺攻击力的<color=#0f70bc>100%</color>暗属性伤害（持续8秒，重复触发刷新持续时间）
120601	1206	1	焚空焰刃击·空	Assets/Product/Texture/Image/IconPetSkill/Pet3HuSkillzhudong06.png	任意消除6个基础信号球后，会激活辅助机按钮，释放后啸钺突进至目标附近，进行旋转切割对敌人共造成<color=#0f70bc>200%</color>空属性伤害，附加割裂伤口：每秒造成啸钺攻击力的<color=#0f70bc>20%</color>空属性伤害（持续8秒，重复触发刷新持续时间）
120602	1206	2	焚空焰刃击·空	Assets/Product/Texture/Image/IconPetSkill/Pet3HuSkillzhudong06.png	任意消除6个基础信号球后，会激活辅助机按钮，释放后啸钺突进至目标附近，进行旋转切割对敌人共造成<color=#0f70bc>400%</color>空属性伤害，附加割裂伤口：每秒造成啸钺攻击力的<color=#0f70bc>40%</color>空属性伤害（持续8秒，重复触发刷新持续时间）
120603	1206	3	焚空焰刃击·空	Assets/Product/Texture/Image/IconPetSkill/Pet3HuSkillzhudong06.png	任意消除6个基础信号球后，会激活辅助机按钮，释放后啸钺突进至目标附近，进行旋转切割对敌人共造成<color=#0f70bc>600%</color>空属性伤害，附加割裂伤口：每秒造成啸钺攻击力的<color=#0f70bc>60%</color>空属性伤害（持续8秒，重复触发刷新持续时间）
120604	1206	4	焚空焰刃击·空	Assets/Product/Texture/Image/IconPetSkill/Pet3HuSkillzhudong06.png	任意消除6个基础信号球后，会激活辅助机按钮，释放后啸钺突进至目标附近，进行旋转切割对敌人共造成<color=#0f70bc>800%</color>空属性伤害，附加割裂伤口：每秒造成啸钺攻击力的<color=#0f70bc>80%</color>空属性伤害（持续8秒，重复触发刷新持续时间）
120605	1206	5	焚空焰刃击·空	Assets/Product/Texture/Image/IconPetSkill/Pet3HuSkillzhudong06.png	任意消除6个基础信号球后，会激活辅助机按钮，释放后啸钺突进至目标附近，进行旋转切割对敌人共造成<color=#0f70bc>1000%</color>空属性伤害，附加割裂伤口：每秒造成啸钺攻击力的<color=#0f70bc>100%</color>空属性伤害（持续8秒，重复触发刷新持续时间）
5900001	59000	1	战吼凯歌	Assets/Product/Texture/Image/IconPetSkill/Pet3HuSkillbeidong01.png	啸钺主动技伤害提高<color=#0f70bc>14%</color>
5900002	59000	2	战吼凯歌	Assets/Product/Texture/Image/IconPetSkill/Pet3HuSkillbeidong01.png	啸钺主动技伤害提高<color=#0f70bc>28%</color>
5900003	59000	3	战吼凯歌	Assets/Product/Texture/Image/IconPetSkill/Pet3HuSkillbeidong01.png	啸钺主动技伤害提高<color=#0f70bc>42%</color>
5900004	59000	4	战吼凯歌	Assets/Product/Texture/Image/IconPetSkill/Pet3HuSkillbeidong01.png	啸钺主动技伤害提高<color=#0f70bc>56%</color>
5900005	59000	5	战吼凯歌	Assets/Product/Texture/Image/IconPetSkill/Pet3HuSkillbeidong01.png	啸钺主动技伤害提高<color=#0f70bc>70%</color>
5901001	59010	1	熔火利牙	Assets/Product/Texture/Image/IconPetSkill/Pet3HeSkillbeidong02.png	携带角色攻击力提高<color=#0f70bc>20</color>
5901002	59010	2	熔火利牙	Assets/Product/Texture/Image/IconPetSkill/Pet3HeSkillbeidong02.png	携带角色攻击力提高<color=#0f70bc>40</color>
5901003	59010	3	熔火利牙	Assets/Product/Texture/Image/IconPetSkill/Pet3HeSkillbeidong02.png	携带角色攻击力提高<color=#0f70bc>60</color>
5901004	59010	4	熔火利牙	Assets/Product/Texture/Image/IconPetSkill/Pet3HeSkillbeidong02.png	携带角色攻击力提高<color=#0f70bc>80</color>
5901005	59010	5	熔火利牙	Assets/Product/Texture/Image/IconPetSkill/Pet3HeSkillbeidong02.png	携带角色攻击力提高<color=#0f70bc>100</color>
5902001	59020	1	狂焰燎原	Assets/Product/Texture/Image/IconPetSkill/Pet3HuSkillbeidong03.png	啸钺释放主动技后，携带角色额外伤害加成提高<color=#0f70bc>1%</color>持续8秒，重复触发刷新持续时间。
5902002	59020	2	狂焰燎原	Assets/Product/Texture/Image/IconPetSkill/Pet3HuSkillbeidong03.png	啸钺释放主动技后，携带角色额外伤害加成提高<color=#0f70bc>2%</color>持续8秒，重复触发刷新持续时间。
5902003	59020	3	狂焰燎原	Assets/Product/Texture/Image/IconPetSkill/Pet3HuSkillbeidong03.png	啸钺释放主动技后，携带角色额外伤害加成提高<color=#0f70bc>3%</color>持续8秒，重复触发刷新持续时间。
5902004	59020	4	狂焰燎原	Assets/Product/Texture/Image/IconPetSkill/Pet3HuSkillbeidong03.png	啸钺释放主动技后，携带角色额外伤害加成提高<color=#0f70bc>4%</color>持续8秒，重复触发刷新持续时间。
5902005	59020	5	狂焰燎原	Assets/Product/Texture/Image/IconPetSkill/Pet3HuSkillbeidong03.png	啸钺释放主动技后，携带角色额外伤害加成提高<color=#0f70bc>5%</color>持续8秒，重复触发刷新持续时间。
5903001	59030	1	破阵炎弹	Assets/Product/Texture/Image/IconPetSkill/Pet3HuSkillbeidong04.png	携带角色火属性伤害提高<color=#0f70bc>2%</color>
5903002	59030	2	破阵炎弹	Assets/Product/Texture/Image/IconPetSkill/Pet3HuSkillbeidong04.png	携带角色火属性伤害提高<color=#0f70bc>4%</color>
5903003	59030	3	破阵炎弹	Assets/Product/Texture/Image/IconPetSkill/Pet3HuSkillbeidong04.png	携带角色火属性伤害提高<color=#0f70bc>6%</color>
5903004	59030	4	破阵炎弹	Assets/Product/Texture/Image/IconPetSkill/Pet3HuSkillbeidong04.png	携带角色火属性伤害提高<color=#0f70bc>8%</color>
5903005	59030	5	破阵炎弹	Assets/Product/Texture/Image/IconPetSkill/Pet3HuSkillbeidong04.png	携带角色火属性伤害提高<color=#0f70bc>10%</color>
5904001	59040	1	炽星影卫	Assets/Product/Texture/Image/IconPetSkill/Pet3HuSkillbeidong05.png	七实·遥星之座进入滑行状态时，啸钺跟随七实发射制导光束每次造成<color=#0f70bc>10%</color>火属性伤害；<color=#0f70bc>“轰隆隆”状态</color>时火属性伤害加成提升<color=#0f70bc>1%</color>；<color=#0f70bc>“滋滋滋”状态</color>时，啸钺向目标释放<color=#935ee1>裂地噬火钻</color>/<color=#935ee1>焚空焰刃击</color>，造成<color=#0f70bc>100%</color>火属性伤害
5904002	59040	2	炽星影卫	Assets/Product/Texture/Image/IconPetSkill/Pet3HuSkillbeidong05.png	七实·遥星之座进入滑行状态时，啸钺跟随七实发射制导光束每次造成<color=#0f70bc>20%</color>火属性伤害；<color=#0f70bc>“轰隆隆”状态</color>时火属性伤害加成提升<color=#0f70bc>2%</color>；<color=#0f70bc>“滋滋滋”状态</color>时，啸钺向目标释放<color=#935ee1>裂地噬火钻</color>/<color=#935ee1>焚空焰刃击</color>，造成<color=#0f70bc>200%</color>火属性伤害
5904003	59040	3	炽星影卫	Assets/Product/Texture/Image/IconPetSkill/Pet3HuSkillbeidong05.png	七实·遥星之座进入滑行状态时，啸钺跟随七实发射制导光束每次造成<color=#0f70bc>30%</color>火属性伤害；<color=#0f70bc>“轰隆隆”状态</color>时火属性伤害加成提升<color=#0f70bc>3%</color>；<color=#0f70bc>“滋滋滋”状态</color>时，啸钺向目标释放<color=#935ee1>裂地噬火钻</color>/<color=#935ee1>焚空焰刃击</color>，造成<color=#0f70bc>300%</color>火属性伤害
5904004	59040	4	炽星影卫	Assets/Product/Texture/Image/IconPetSkill/Pet3HuSkillbeidong05.png	七实·遥星之座进入滑行状态时，啸钺跟随七实发射制导光束每次造成<color=#0f70bc>40%</color>火属性伤害；<color=#0f70bc>“轰隆隆”状态</color>时火属性伤害加成提升<color=#0f70bc>4%</color>；<color=#0f70bc>“滋滋滋”状态</color>时，啸钺向目标释放<color=#935ee1>裂地噬火钻</color>/<color=#935ee1>焚空焰刃击</color>，造成<color=#0f70bc>400%</color>火属性伤害
5904005	59040	5	炽星影卫	Assets/Product/Texture/Image/IconPetSkill/Pet3HuSkillbeidong05.png	七实·遥星之座进入滑行状态时，啸钺跟随七实发射制导光束每次造成<color=#0f70bc>50%</color>火属性伤害；<color=#0f70bc>“轰隆隆”状态</color>时火属性伤害加成提升<color=#0f70bc>5%</color>；<color=#0f70bc>“滋滋滋”状态</color>时，啸钺向目标释放<color=#935ee1>裂地噬火钻</color>/<color=#935ee1>焚空焰刃击</color>，造成<color=#0f70bc>500%</color>火属性伤害
121101	1211	1	超重力瞑蚀·物	Assets/Product/Texture/Image/IconPetSkill/Pet3TuSkillzhudong05.png	任意消除6个基础信号球后，会激活辅助机按钮，释放后暝月传送到空中后下砸，打断目标技能释放并对其造成<color=#0f70bc>200%</color>物理伤害，随后生成一个持续4秒的反重力场，反重力场持续期间每0.5秒对范围内单位造成<color=#0f70bc>20%</color>的物理伤害。处于反重力场中的目标将被减速并无法释放技能。
121102	1211	2	超重力瞑蚀·物	Assets/Product/Texture/Image/IconPetSkill/Pet3TuSkillzhudong05.png	任意消除6个基础信号球后，会激活辅助机按钮，释放后暝月传送到空中后下砸，打断目标技能释放并对其造成<color=#0f70bc>400%</color>物理伤害，随后生成一个持续4秒的反重力场，反重力场持续期间每0.5秒对范围内单位造成<color=#0f70bc>40%</color>的物理伤害。处于反重力场中的目标将被减速并无法释放技能。
121103	1211	3	超重力瞑蚀·物	Assets/Product/Texture/Image/IconPetSkill/Pet3TuSkillzhudong05.png	任意消除6个基础信号球后，会激活辅助机按钮，释放后暝月传送到空中后下砸，打断目标技能释放并对其造成<color=#0f70bc>600%</color>物理伤害，随后生成一个持续4秒的反重力场，反重力场持续期间每0.5秒对范围内单位造成<color=#0f70bc>60%</color>的物理伤害。处于反重力场中的目标将被减速并无法释放技能。
121104	1211	4	超重力瞑蚀·物	Assets/Product/Texture/Image/IconPetSkill/Pet3TuSkillzhudong05.png	任意消除6个基础信号球后，会激活辅助机按钮，释放后暝月传送到空中后下砸，打断目标技能释放并对其造成<color=#0f70bc>800%</color>物理伤害，随后生成一个持续4秒的反重力场，反重力场持续期间每0.5秒对范围内单位造成<color=#0f70bc>80%</color>的物理伤害。处于反重力场中的目标将被减速并无法释放技能。
121105	1211	5	超重力瞑蚀·物	Assets/Product/Texture/Image/IconPetSkill/Pet3TuSkillzhudong05.png	任意消除6个基础信号球后，会激活辅助机按钮，释放后暝月传送到空中后下砸，打断目标技能释放并对其造成<color=#0f70bc>1000%</color>物理伤害，随后生成一个持续4秒的反重力场，反重力场持续期间每0.5秒对范围内单位造成<color=#0f70bc>100%</color>的物理伤害。处于反重力场中的目标将被减速并无法释放技能。
121201	1212	1	超重力瞑蚀·火	Assets/Product/Texture/Image/IconPetSkill/Pet3TuSkillzhudong01.png	任意消除6个基础信号球后，会激活辅助机按钮，释放后暝月传送到空中后下砸，打断目标技能释放并对其造成<color=#0f70bc>200%</color>火属性伤害，随后生成一个持续4秒的反重力场，反重力场持续期间每0.5秒对范围内单位造成<color=#0f70bc>20%</color>的火属性伤害。处于反重力场中的目标将被减速并无法释放技能。
121202	1212	2	超重力瞑蚀·火	Assets/Product/Texture/Image/IconPetSkill/Pet3TuSkillzhudong01.png	任意消除6个基础信号球后，会激活辅助机按钮，释放后暝月传送到空中后下砸，打断目标技能释放并对其造成<color=#0f70bc>400%</color>火属性伤害，随后生成一个持续4秒的反重力场，反重力场持续期间每0.5秒对范围内单位造成<color=#0f70bc>40%</color>的火属性伤害。处于反重力场中的目标将被减速并无法释放技能。
121203	1212	3	超重力瞑蚀·火	Assets/Product/Texture/Image/IconPetSkill/Pet3TuSkillzhudong01.png	任意消除6个基础信号球后，会激活辅助机按钮，释放后暝月传送到空中后下砸，打断目标技能释放并对其造成<color=#0f70bc>600%</color>火属性伤害，随后生成一个持续4秒的反重力场，反重力场持续期间每0.5秒对范围内单位造成<color=#0f70bc>60%</color>的火属性伤害。处于反重力场中的目标将被减速并无法释放技能。
121204	1212	4	超重力瞑蚀·火	Assets/Product/Texture/Image/IconPetSkill/Pet3TuSkillzhudong01.png	任意消除6个基础信号球后，会激活辅助机按钮，释放后暝月传送到空中后下砸，打断目标技能释放并对其造成<color=#0f70bc>800%</color>火属性伤害，随后生成一个持续4秒的反重力场，反重力场持续期间每0.5秒对范围内单位造成<color=#0f70bc>80%</color>的火属性伤害。处于反重力场中的目标将被减速并无法释放技能。
121205	1212	5	超重力瞑蚀·火	Assets/Product/Texture/Image/IconPetSkill/Pet3TuSkillzhudong01.png	任意消除6个基础信号球后，会激活辅助机按钮，释放后暝月传送到空中后下砸，打断目标技能释放并对其造成<color=#0f70bc>1000%</color>火属性伤害，随后生成一个持续4秒的反重力场，反重力场持续期间每0.5秒对范围内单位造成<color=#0f70bc>100%</color>的火属性伤害。处于反重力场中的目标将被减速并无法释放技能。
121301	1213	1	超重力瞑蚀·冰	Assets/Product/Texture/Image/IconPetSkill/Pet3TuSkillzhudong02.png	任意消除6个基础信号球后，会激活辅助机按钮，释放后暝月传送到空中后下砸，打断目标技能释放并对其造成<color=#0f70bc>200%</color>冰属性伤害，随后生成一个持续4秒的反重力场，反重力场持续期间每0.5秒对范围内单位造成<color=#0f70bc>20%</color>的冰属性伤害。处于反重力场中的目标将被减速并无法释放技能。
121302	1213	2	超重力瞑蚀·冰	Assets/Product/Texture/Image/IconPetSkill/Pet3TuSkillzhudong02.png	任意消除6个基础信号球后，会激活辅助机按钮，释放后暝月传送到空中后下砸，打断目标技能释放并对其造成<color=#0f70bc>400%</color>冰属性伤害，随后生成一个持续4秒的反重力场，反重力场持续期间每0.5秒对范围内单位造成<color=#0f70bc>40%</color>的冰属性伤害。处于反重力场中的目标将被减速并无法释放技能。
121303	1213	3	超重力瞑蚀·冰	Assets/Product/Texture/Image/IconPetSkill/Pet3TuSkillzhudong02.png	任意消除6个基础信号球后，会激活辅助机按钮，释放后暝月传送到空中后下砸，打断目标技能释放并对其造成<color=#0f70bc>600%</color>冰属性伤害，随后生成一个持续4秒的反重力场，反重力场持续期间每0.5秒对范围内单位造成<color=#0f70bc>60%</color>的冰属性伤害。处于反重力场中的目标将被减速并无法释放技能。
121304	1213	4	超重力瞑蚀·冰	Assets/Product/Texture/Image/IconPetSkill/Pet3TuSkillzhudong02.png	任意消除6个基础信号球后，会激活辅助机按钮，释放后暝月传送到空中后下砸，打断目标技能释放并对其造成<color=#0f70bc>800%</color>冰属性伤害，随后生成一个持续4秒的反重力场，反重力场持续期间每0.5秒对范围内单位造成<color=#0f70bc>80%</color>的冰属性伤害。处于反重力场中的目标将被减速并无法释放技能。
121305	1213	5	超重力瞑蚀·冰	Assets/Product/Texture/Image/IconPetSkill/Pet3TuSkillzhudong02.png	任意消除6个基础信号球后，会激活辅助机按钮，释放后暝月传送到空中后下砸，打断目标技能释放并对其造成<color=#0f70bc>1000%</color>冰属性伤害，随后生成一个持续4秒的反重力场，反重力场持续期间每0.5秒对范围内单位造成<color=#0f70bc>100%</color>的冰属性伤害。处于反重力场中的目标将被减速并无法释放技能。
121401	1214	1	超重力瞑蚀·雷	Assets/Product/Texture/Image/IconPetSkill/Pet3TuSkillzhudong03.png	任意消除6个基础信号球后，会激活辅助机按钮，释放后暝月传送到空中后下砸，打断目标技能释放并对其造成<color=#0f70bc>200%</color>雷属性伤害，随后生成一个持续4秒的反重力场，反重力场持续期间每0.5秒对范围内单位造成<color=#0f70bc>20%</color>的雷属性伤害。处于反重力场中的目标将被减速并无法释放技能。
121402	1214	2	超重力瞑蚀·雷	Assets/Product/Texture/Image/IconPetSkill/Pet3TuSkillzhudong03.png	任意消除6个基础信号球后，会激活辅助机按钮，释放后暝月传送到空中后下砸，打断目标技能释放并对其造成<color=#0f70bc>400%</color>雷属性伤害，随后生成一个持续4秒的反重力场，反重力场持续期间每0.5秒对范围内单位造成<color=#0f70bc>40%</color>的雷属性伤害。处于反重力场中的目标将被减速并无法释放技能。
121403	1214	3	超重力瞑蚀·雷	Assets/Product/Texture/Image/IconPetSkill/Pet3TuSkillzhudong03.png	任意消除6个基础信号球后，会激活辅助机按钮，释放后暝月传送到空中后下砸，打断目标技能释放并对其造成<color=#0f70bc>600%</color>雷属性伤害，随后生成一个持续4秒的反重力场，反重力场持续期间每0.5秒对范围内单位造成<color=#0f70bc>60%</color>的雷属性伤害。处于反重力场中的目标将被减速并无法释放技能。
121404	1214	4	超重力瞑蚀·雷	Assets/Product/Texture/Image/IconPetSkill/Pet3TuSkillzhudong03.png	任意消除6个基础信号球后，会激活辅助机按钮，释放后暝月传送到空中后下砸，打断目标技能释放并对其造成<color=#0f70bc>800%</color>雷属性伤害，随后生成一个持续4秒的反重力场，反重力场持续期间每0.5秒对范围内单位造成<color=#0f70bc>80%</color>的雷属性伤害。处于反重力场中的目标将被减速并无法释放技能。
121405	1214	5	超重力瞑蚀·雷	Assets/Product/Texture/Image/IconPetSkill/Pet3TuSkillzhudong03.png	任意消除6个基础信号球后，会激活辅助机按钮，释放后暝月传送到空中后下砸，打断目标技能释放并对其造成<color=#0f70bc>1000%</color>雷属性伤害，随后生成一个持续4秒的反重力场，反重力场持续期间每0.5秒对范围内单位造成<color=#0f70bc>100%</color>的雷属性伤害。处于反重力场中的目标将被减速并无法释放技能。
121501	1215	1	超重力瞑蚀·暗	Assets/Product/Texture/Image/IconPetSkill/Pet3TuSkillzhudong04.png	任意消除6个基础信号球后，会激活辅助机按钮，释放后暝月传送到空中后下砸，打断目标技能释放并对其造成<color=#0f70bc>200%</color>暗属性伤害，随后生成一个持续4秒的反重力场，反重力场持续期间每0.5秒对范围内单位造成<color=#0f70bc>20%</color>的暗属性伤害。处于反重力场中的目标将被减速并无法释放技能。
121502	1215	2	超重力瞑蚀·暗	Assets/Product/Texture/Image/IconPetSkill/Pet3TuSkillzhudong04.png	任意消除6个基础信号球后，会激活辅助机按钮，释放后暝月传送到空中后下砸，打断目标技能释放并对其造成<color=#0f70bc>400%</color>暗属性伤害，随后生成一个持续4秒的反重力场，反重力场持续期间每0.5秒对范围内单位造成<color=#0f70bc>40%</color>的暗属性伤害。处于反重力场中的目标将被减速并无法释放技能。
121503	1215	3	超重力瞑蚀·暗	Assets/Product/Texture/Image/IconPetSkill/Pet3TuSkillzhudong04.png	任意消除6个基础信号球后，会激活辅助机按钮，释放后暝月传送到空中后下砸，打断目标技能释放并对其造成<color=#0f70bc>600%</color>暗属性伤害，随后生成一个持续4秒的反重力场，反重力场持续期间每0.5秒对范围内单位造成<color=#0f70bc>60%</color>的暗属性伤害。处于反重力场中的目标将被减速并无法释放技能。
121504	1215	4	超重力瞑蚀·暗	Assets/Product/Texture/Image/IconPetSkill/Pet3TuSkillzhudong04.png	任意消除6个基础信号球后，会激活辅助机按钮，释放后暝月传送到空中后下砸，打断目标技能释放并对其造成<color=#0f70bc>800%</color>暗属性伤害，随后生成一个持续4秒的反重力场，反重力场持续期间每0.5秒对范围内单位造成<color=#0f70bc>80%</color>的暗属性伤害。处于反重力场中的目标将被减速并无法释放技能。
121505	1215	5	超重力瞑蚀·暗	Assets/Product/Texture/Image/IconPetSkill/Pet3TuSkillzhudong04.png	任意消除6个基础信号球后，会激活辅助机按钮，释放后暝月传送到空中后下砸，打断目标技能释放并对其造成<color=#0f70bc>1000%</color>暗属性伤害，随后生成一个持续4秒的反重力场，反重力场持续期间每0.5秒对范围内单位造成<color=#0f70bc>100%</color>的暗属性伤害。处于反重力场中的目标将被减速并无法释放技能。
121601	1216	1	超重力瞑蚀·空	Assets/Product/Texture/Image/IconPetSkill/Pet3TuSkillzhudong06.png	任意消除6个基础信号球后，会激活辅助机按钮，释放后暝月传送到空中后下砸，打断目标技能释放并对其造成<color=#0f70bc>200%</color>空属性伤害，随后生成一个持续4秒的反重力场，反重力场持续期间每0.5秒对范围内单位造成<color=#0f70bc>20%</color>的空属性伤害。处于反重力场中的目标将被减速并无法释放技能。
121602	1216	2	超重力瞑蚀·空	Assets/Product/Texture/Image/IconPetSkill/Pet3TuSkillzhudong06.png	任意消除6个基础信号球后，会激活辅助机按钮，释放后暝月传送到空中后下砸，打断目标技能释放并对其造成<color=#0f70bc>400%</color>空属性伤害，随后生成一个持续4秒的反重力场，反重力场持续期间每0.5秒对范围内单位造成<color=#0f70bc>40%</color>的空属性伤害。处于反重力场中的目标将被减速并无法释放技能。
121603	1216	3	超重力瞑蚀·空	Assets/Product/Texture/Image/IconPetSkill/Pet3TuSkillzhudong06.png	任意消除6个基础信号球后，会激活辅助机按钮，释放后暝月传送到空中后下砸，打断目标技能释放并对其造成<color=#0f70bc>600%</color>空属性伤害，随后生成一个持续4秒的反重力场，反重力场持续期间每0.5秒对范围内单位造成<color=#0f70bc>60%</color>的空属性伤害。处于反重力场中的目标将被减速并无法释放技能。
121604	1216	4	超重力瞑蚀·空	Assets/Product/Texture/Image/IconPetSkill/Pet3TuSkillzhudong06.png	任意消除6个基础信号球后，会激活辅助机按钮，释放后暝月传送到空中后下砸，打断目标技能释放并对其造成<color=#0f70bc>800%</color>空属性伤害，随后生成一个持续4秒的反重力场，反重力场持续期间每0.5秒对范围内单位造成<color=#0f70bc>80%</color>的空属性伤害。处于反重力场中的目标将被减速并无法释放技能。
121605	1216	5	超重力瞑蚀·空	Assets/Product/Texture/Image/IconPetSkill/Pet3TuSkillzhudong06.png	任意消除6个基础信号球后，会激活辅助机按钮，释放后暝月传送到空中后下砸，打断目标技能释放并对其造成<color=#0f70bc>1000%</color>空属性伤害，随后生成一个持续4秒的反重力场，反重力场持续期间每0.5秒对范围内单位造成<color=#0f70bc>100%</color>的空属性伤害。处于反重力场中的目标将被减速并无法释放技能。
122101	1221	1	超坠月领域·物	Assets/Product/Texture/Image/IconPetSkill/Pet3TuSkillzhudong05.png	任意消除6个基础信号球后，会激活辅助机按钮，释放后暝月传送到空中后下砸，打断目标技能释放并对其造成<color=#0f70bc>200%</color>物理伤害，随后生成一个持续2秒的反重力场，产生反重力场时造成<color=#0f70bc>100%</color>的物理伤害。处于反重力场中的目标将被减速并无法释放技能。
122102	1221	2	超坠月领域·物	Assets/Product/Texture/Image/IconPetSkill/Pet3TuSkillzhudong05.png	任意消除6个基础信号球后，会激活辅助机按钮，释放后暝月传送到空中后下砸，打断目标技能释放并对其造成<color=#0f70bc>400%</color>物理伤害，随后生成一个持续2秒的反重力场，产生反重力场时造成<color=#0f70bc>200%</color>的物理伤害。处于反重力场中的目标将被减速并无法释放技能。
122103	1221	3	超坠月领域·物	Assets/Product/Texture/Image/IconPetSkill/Pet3TuSkillzhudong05.png	任意消除6个基础信号球后，会激活辅助机按钮，释放后暝月传送到空中后下砸，打断目标技能释放并对其造成<color=#0f70bc>600%</color>物理伤害，随后生成一个持续2秒的反重力场，产生反重力场时造成<color=#0f70bc>300%</color>的物理伤害。处于反重力场中的目标将被减速并无法释放技能。
122104	1221	4	超坠月领域·物	Assets/Product/Texture/Image/IconPetSkill/Pet3TuSkillzhudong05.png	任意消除6个基础信号球后，会激活辅助机按钮，释放后暝月传送到空中后下砸，打断目标技能释放并对其造成<color=#0f70bc>800%</color>物理伤害，随后生成一个持续2秒的反重力场，产生反重力场时造成<color=#0f70bc>400%</color>的物理伤害。处于反重力场中的目标将被减速并无法释放技能。
122105	1221	5	超坠月领域·物	Assets/Product/Texture/Image/IconPetSkill/Pet3TuSkillzhudong05.png	任意消除6个基础信号球后，会激活辅助机按钮，释放后暝月传送到空中后下砸，打断目标技能释放并对其造成<color=#0f70bc>1000%</color>物理伤害，随后生成一个持续2秒的反重力场，产生反重力场时造成<color=#0f70bc>500%</color>的物理伤害。处于反重力场中的目标将被减速并无法释放技能。
122201	1222	1	超坠月领域·火	Assets/Product/Texture/Image/IconPetSkill/Pet3TuSkillzhudong01.png	任意消除6个基础信号球后，会激活辅助机按钮，释放后暝月传送到空中后下砸，打断目标技能释放并对其造成<color=#0f70bc>200%</color>火属性伤害，随后生成一个持续2秒的反重力场，产生反重力场时造成<color=#0f70bc>100%</color>的火属性伤害。处于反重力场中的目标将被减速并无法释放技能。
122202	1222	2	超坠月领域·火	Assets/Product/Texture/Image/IconPetSkill/Pet3TuSkillzhudong01.png	任意消除6个基础信号球后，会激活辅助机按钮，释放后暝月传送到空中后下砸，打断目标技能释放并对其造成<color=#0f70bc>400%</color>火属性伤害，随后生成一个持续2秒的反重力场，产生反重力场时造成<color=#0f70bc>200%</color>的火属性伤害。处于反重力场中的目标将被减速并无法释放技能。
122203	1222	3	超坠月领域·火	Assets/Product/Texture/Image/IconPetSkill/Pet3TuSkillzhudong01.png	任意消除6个基础信号球后，会激活辅助机按钮，释放后暝月传送到空中后下砸，打断目标技能释放并对其造成<color=#0f70bc>600%</color>火属性伤害，随后生成一个持续2秒的反重力场，产生反重力场时造成<color=#0f70bc>300%</color>的火属性伤害。处于反重力场中的目标将被减速并无法释放技能。
122204	1222	4	超坠月领域·火	Assets/Product/Texture/Image/IconPetSkill/Pet3TuSkillzhudong01.png	任意消除6个基础信号球后，会激活辅助机按钮，释放后暝月传送到空中后下砸，打断目标技能释放并对其造成<color=#0f70bc>800%</color>火属性伤害，随后生成一个持续2秒的反重力场，产生反重力场时造成<color=#0f70bc>400%</color>的火属性伤害。处于反重力场中的目标将被减速并无法释放技能。
122205	1222	5	超坠月领域·火	Assets/Product/Texture/Image/IconPetSkill/Pet3TuSkillzhudong01.png	任意消除6个基础信号球后，会激活辅助机按钮，释放后暝月传送到空中后下砸，打断目标技能释放并对其造成<color=#0f70bc>1000%</color>火属性伤害，随后生成一个持续2秒的反重力场，产生反重力场时造成<color=#0f70bc>500%</color>的火属性伤害。处于反重力场中的目标将被减速并无法释放技能。
122301	1223	1	超坠月领域·冰	Assets/Product/Texture/Image/IconPetSkill/Pet3TuSkillzhudong02.png	任意消除6个基础信号球后，会激活辅助机按钮，释放后暝月传送到空中后下砸，打断目标技能释放并对其造成<color=#0f70bc>200%</color>冰属性伤害，随后生成一个持续2秒的反重力场，产生反重力场时造成<color=#0f70bc>100%</color>的冰属性伤害。处于反重力场中的目标将被减速并无法释放技能。
122302	1223	2	超坠月领域·冰	Assets/Product/Texture/Image/IconPetSkill/Pet3TuSkillzhudong02.png	任意消除6个基础信号球后，会激活辅助机按钮，释放后暝月传送到空中后下砸，打断目标技能释放并对其造成<color=#0f70bc>400%</color>冰属性伤害，随后生成一个持续2秒的反重力场，产生反重力场时造成<color=#0f70bc>200%</color>的冰属性伤害。处于反重力场中的目标将被减速并无法释放技能。
122303	1223	3	超坠月领域·冰	Assets/Product/Texture/Image/IconPetSkill/Pet3TuSkillzhudong02.png	任意消除6个基础信号球后，会激活辅助机按钮，释放后暝月传送到空中后下砸，打断目标技能释放并对其造成<color=#0f70bc>600%</color>冰属性伤害，随后生成一个持续2秒的反重力场，产生反重力场时造成<color=#0f70bc>300%</color>的冰属性伤害。处于反重力场中的目标将被减速并无法释放技能。
122304	1223	4	超坠月领域·冰	Assets/Product/Texture/Image/IconPetSkill/Pet3TuSkillzhudong02.png	任意消除6个基础信号球后，会激活辅助机按钮，释放后暝月传送到空中后下砸，打断目标技能释放并对其造成<color=#0f70bc>800%</color>冰属性伤害，随后生成一个持续2秒的反重力场，产生反重力场时造成<color=#0f70bc>400%</color>的冰属性伤害。处于反重力场中的目标将被减速并无法释放技能。
122305	1223	5	超坠月领域·冰	Assets/Product/Texture/Image/IconPetSkill/Pet3TuSkillzhudong02.png	任意消除6个基础信号球后，会激活辅助机按钮，释放后暝月传送到空中后下砸，打断目标技能释放并对其造成<color=#0f70bc>1000%</color>冰属性伤害，随后生成一个持续2秒的反重力场，产生反重力场时造成<color=#0f70bc>500%</color>的冰属性伤害。处于反重力场中的目标将被减速并无法释放技能。
122401	1224	1	超坠月领域·雷	Assets/Product/Texture/Image/IconPetSkill/Pet3TuSkillzhudong03.png	任意消除6个基础信号球后，会激活辅助机按钮，释放后暝月传送到空中后下砸，打断目标技能释放并对其造成<color=#0f70bc>200%</color>雷属性伤害，随后生成一个持续2秒的反重力场，产生反重力场时造成<color=#0f70bc>100%</color>的雷属性伤害。处于反重力场中的目标将被减速并无法释放技能。
122402	1224	2	超坠月领域·雷	Assets/Product/Texture/Image/IconPetSkill/Pet3TuSkillzhudong03.png	任意消除6个基础信号球后，会激活辅助机按钮，释放后暝月传送到空中后下砸，打断目标技能释放并对其造成<color=#0f70bc>400%</color>雷属性伤害，随后生成一个持续2秒的反重力场，产生反重力场时造成<color=#0f70bc>200%</color>的雷属性伤害。处于反重力场中的目标将被减速并无法释放技能。
122403	1224	3	超坠月领域·雷	Assets/Product/Texture/Image/IconPetSkill/Pet3TuSkillzhudong03.png	任意消除6个基础信号球后，会激活辅助机按钮，释放后暝月传送到空中后下砸，打断目标技能释放并对其造成<color=#0f70bc>600%</color>雷属性伤害，随后生成一个持续2秒的反重力场，产生反重力场时造成<color=#0f70bc>300%</color>的雷属性伤害。处于反重力场中的目标将被减速并无法释放技能。
122404	1224	4	超坠月领域·雷	Assets/Product/Texture/Image/IconPetSkill/Pet3TuSkillzhudong03.png	任意消除6个基础信号球后，会激活辅助机按钮，释放后暝月传送到空中后下砸，打断目标技能释放并对其造成<color=#0f70bc>800%</color>雷属性伤害，随后生成一个持续2秒的反重力场，产生反重力场时造成<color=#0f70bc>400%</color>的雷属性伤害。处于反重力场中的目标将被减速并无法释放技能。
122405	1224	5	超坠月领域·雷	Assets/Product/Texture/Image/IconPetSkill/Pet3TuSkillzhudong03.png	任意消除6个基础信号球后，会激活辅助机按钮，释放后暝月传送到空中后下砸，打断目标技能释放并对其造成<color=#0f70bc>1000%</color>雷属性伤害，随后生成一个持续2秒的反重力场，产生反重力场时造成<color=#0f70bc>500%</color>的雷属性伤害。处于反重力场中的目标将被减速并无法释放技能。
122501	1225	1	超坠月领域·暗	Assets/Product/Texture/Image/IconPetSkill/Pet3TuSkillzhudong04.png	任意消除6个基础信号球后，会激活辅助机按钮，释放后暝月传送到空中后下砸，打断目标技能释放并对其造成<color=#0f70bc>200%</color>暗属性伤害，随后生成一个持续2秒的反重力场，产生反重力场时造成<color=#0f70bc>100%</color>的暗属性伤害。处于反重力场中的目标将被减速并无法释放技能。
122502	1225	2	超坠月领域·暗	Assets/Product/Texture/Image/IconPetSkill/Pet3TuSkillzhudong04.png	任意消除6个基础信号球后，会激活辅助机按钮，释放后暝月传送到空中后下砸，打断目标技能释放并对其造成<color=#0f70bc>400%</color>暗属性伤害，随后生成一个持续2秒的反重力场，产生反重力场时造成<color=#0f70bc>200%</color>的暗属性伤害。处于反重力场中的目标将被减速并无法释放技能。
122503	1225	3	超坠月领域·暗	Assets/Product/Texture/Image/IconPetSkill/Pet3TuSkillzhudong04.png	任意消除6个基础信号球后，会激活辅助机按钮，释放后暝月传送到空中后下砸，打断目标技能释放并对其造成<color=#0f70bc>600%</color>暗属性伤害，随后生成一个持续2秒的反重力场，产生反重力场时造成<color=#0f70bc>300%</color>的暗属性伤害。处于反重力场中的目标将被减速并无法释放技能。
122504	1225	4	超坠月领域·暗	Assets/Product/Texture/Image/IconPetSkill/Pet3TuSkillzhudong04.png	任意消除6个基础信号球后，会激活辅助机按钮，释放后暝月传送到空中后下砸，打断目标技能释放并对其造成<color=#0f70bc>800%</color>暗属性伤害，随后生成一个持续2秒的反重力场，产生反重力场时造成<color=#0f70bc>400%</color>的暗属性伤害。处于反重力场中的目标将被减速并无法释放技能。
122505	1225	5	超坠月领域·暗	Assets/Product/Texture/Image/IconPetSkill/Pet3TuSkillzhudong04.png	任意消除6个基础信号球后，会激活辅助机按钮，释放后暝月传送到空中后下砸，打断目标技能释放并对其造成<color=#0f70bc>1000%</color>暗属性伤害，随后生成一个持续2秒的反重力场，产生反重力场时造成<color=#0f70bc>500%</color>的暗属性伤害。处于反重力场中的目标将被减速并无法释放技能。
122601	1226	1	超坠月领域·空	Assets/Product/Texture/Image/IconPetSkill/Pet3TuSkillzhudong06.png	任意消除6个基础信号球后，会激活辅助机按钮，释放后暝月传送到空中后下砸，打断目标技能释放并对其造成<color=#0f70bc>200%</color>空属性伤害，随后生成一个持续2秒的反重力场，产生反重力场时造成<color=#0f70bc>100%</color>的空属性伤害。处于反重力场中的目标将被减速并无法释放技能。
122602	1226	2	超坠月领域·空	Assets/Product/Texture/Image/IconPetSkill/Pet3TuSkillzhudong06.png	任意消除6个基础信号球后，会激活辅助机按钮，释放后暝月传送到空中后下砸，打断目标技能释放并对其造成<color=#0f70bc>400%</color>空属性伤害，随后生成一个持续2秒的反重力场，产生反重力场时造成<color=#0f70bc>200%</color>的空属性伤害。处于反重力场中的目标将被减速并无法释放技能。
122603	1226	3	超坠月领域·空	Assets/Product/Texture/Image/IconPetSkill/Pet3TuSkillzhudong06.png	任意消除6个基础信号球后，会激活辅助机按钮，释放后暝月传送到空中后下砸，打断目标技能释放并对其造成<color=#0f70bc>600%</color>空属性伤害，随后生成一个持续2秒的反重力场，产生反重力场时造成<color=#0f70bc>300%</color>的空属性伤害。处于反重力场中的目标将被减速并无法释放技能。
122604	1226	4	超坠月领域·空	Assets/Product/Texture/Image/IconPetSkill/Pet3TuSkillzhudong06.png	任意消除6个基础信号球后，会激活辅助机按钮，释放后暝月传送到空中后下砸，打断目标技能释放并对其造成<color=#0f70bc>800%</color>空属性伤害，随后生成一个持续2秒的反重力场，产生反重力场时造成<color=#0f70bc>400%</color>的空属性伤害。处于反重力场中的目标将被减速并无法释放技能。
122605	1226	5	超坠月领域·空	Assets/Product/Texture/Image/IconPetSkill/Pet3TuSkillzhudong06.png	任意消除6个基础信号球后，会激活辅助机按钮，释放后暝月传送到空中后下砸，打断目标技能释放并对其造成<color=#0f70bc>1000%</color>空属性伤害，随后生成一个持续2秒的反重力场，产生反重力场时造成<color=#0f70bc>500%</color>的空属性伤害。处于反重力场中的目标将被减速并无法释放技能。
6000001	60000	1	“跳高高”	Assets/Product/Texture/Image/IconPetSkill/Pet3TuSkillbeidong01.png	暝月主动技伤害提高<color=#0f70bc>14%</color>
6000002	60000	2	“跳高高”	Assets/Product/Texture/Image/IconPetSkill/Pet3TuSkillbeidong01.png	暝月主动技伤害提高<color=#0f70bc>28%</color>
6000003	60000	3	“跳高高”	Assets/Product/Texture/Image/IconPetSkill/Pet3TuSkillbeidong01.png	暝月主动技伤害提高<color=#0f70bc>42%</color>
6000004	60000	4	“跳高高”	Assets/Product/Texture/Image/IconPetSkill/Pet3TuSkillbeidong01.png	暝月主动技伤害提高<color=#0f70bc>56%</color>
6000005	60000	5	“跳高高”	Assets/Product/Texture/Image/IconPetSkill/Pet3TuSkillbeidong01.png	暝月主动技伤害提高<color=#0f70bc>70%</color>
6001001	60010	1	“跺脚脚”	Assets/Product/Texture/Image/IconPetSkill/Pet3HeSkillbeidong02.png	携带角色攻击力提高<color=#0f70bc>20</color>
6001002	60010	2	“跺脚脚”	Assets/Product/Texture/Image/IconPetSkill/Pet3HeSkillbeidong02.png	携带角色攻击力提高<color=#0f70bc>40</color>
6001003	60010	3	“跺脚脚”	Assets/Product/Texture/Image/IconPetSkill/Pet3HeSkillbeidong02.png	携带角色攻击力提高<color=#0f70bc>60</color>
6001004	60010	4	“跺脚脚”	Assets/Product/Texture/Image/IconPetSkill/Pet3HeSkillbeidong02.png	携带角色攻击力提高<color=#0f70bc>80</color>
6001005	60010	5	“跺脚脚”	Assets/Product/Texture/Image/IconPetSkill/Pet3HeSkillbeidong02.png	携带角色攻击力提高<color=#0f70bc>100</color>
6002001	60020	1	“砸扁扁”	Assets/Product/Texture/Image/IconPetSkill/Pet3TuSkillbeidong03.png	暝月释放主动技后，携带角色必杀技额外伤害加成提高<color=#0f70bc>1%</color>，最多叠加3层。
6002002	60020	2	“砸扁扁”	Assets/Product/Texture/Image/IconPetSkill/Pet3TuSkillbeidong03.png	暝月释放主动技后，携带角色必杀技额外伤害加成提高<color=#0f70bc>2%</color>，最多叠加3层。
6002003	60020	3	“砸扁扁”	Assets/Product/Texture/Image/IconPetSkill/Pet3TuSkillbeidong03.png	暝月释放主动技后，携带角色必杀技额外伤害加成提高<color=#0f70bc>3%</color>，最多叠加3层。
6002004	60020	4	“砸扁扁”	Assets/Product/Texture/Image/IconPetSkill/Pet3TuSkillbeidong03.png	暝月释放主动技后，携带角色必杀技额外伤害加成提高<color=#0f70bc>4%</color>，最多叠加3层。
6002005	60020	5	“砸扁扁”	Assets/Product/Texture/Image/IconPetSkill/Pet3TuSkillbeidong03.png	暝月释放主动技后，携带角色必杀技额外伤害加成提高<color=#0f70bc>5%</color>，最多叠加3层。
6003001	60030	1	“舔爪爪”	Assets/Product/Texture/Image/IconPetSkill/Pet3TuSkillbeidong04.png	携带角色暗属性伤害提高<color=#0f70bc>2%</color>
6003002	60030	2	“舔爪爪”	Assets/Product/Texture/Image/IconPetSkill/Pet3TuSkillbeidong04.png	携带角色暗属性伤害提高<color=#0f70bc>4%</color>
6003003	60030	3	“舔爪爪”	Assets/Product/Texture/Image/IconPetSkill/Pet3TuSkillbeidong04.png	携带角色暗属性伤害提高<color=#0f70bc>6%</color>
6003004	60030	4	“舔爪爪”	Assets/Product/Texture/Image/IconPetSkill/Pet3TuSkillbeidong04.png	携带角色暗属性伤害提高<color=#0f70bc>8%</color>
6003005	60030	5	“舔爪爪”	Assets/Product/Texture/Image/IconPetSkill/Pet3TuSkillbeidong04.png	携带角色暗属性伤害提高<color=#0f70bc>10%</color>
6004001	60040	1	“再见本垒打”	Assets/Product/Texture/Image/IconPetSkill/Pet3TuSkillbeidong05.png	卡列尼娜·辉晓释放必杀技时，若携带暝月，则将暝月击出，本次必杀技基础伤害加成提高<color=#0f70bc>20%</color>；长按普攻进入蓄力状态时，暝月吸引周围敌人后释放<color=#935ee1>超坠月领域</color>支援。
6004002	60040	2	“再见本垒打”	Assets/Product/Texture/Image/IconPetSkill/Pet3TuSkillbeidong05.png	卡列尼娜·辉晓释放必杀技时，若携带暝月，则将暝月击出，本次必杀技基础伤害加成提高<color=#0f70bc>40%</color>；长按普攻进入蓄力状态时，暝月吸引周围敌人后释放<color=#935ee1>超坠月领域</color>支援。
6004003	60040	3	“再见本垒打”	Assets/Product/Texture/Image/IconPetSkill/Pet3TuSkillbeidong05.png	卡列尼娜·辉晓释放必杀技时，若携带暝月，则将暝月击出，本次必杀技基础伤害加成提高<color=#0f70bc>60%</color>；长按普攻进入蓄力状态时，暝月吸引周围敌人后释放<color=#935ee1>超坠月领域</color>支援。
6004004	60040	4	“再见本垒打”	Assets/Product/Texture/Image/IconPetSkill/Pet3TuSkillbeidong05.png	卡列尼娜·辉晓释放必杀技时，若携带暝月，则将暝月击出，本次必杀技基础伤害加成提高<color=#0f70bc>80%</color>；长按普攻进入蓄力状态时，暝月吸引周围敌人后释放<color=#935ee1>超坠月领域</color>支援。
6004005	60040	5	“再见本垒打”	Assets/Product/Texture/Image/IconPetSkill/Pet3TuSkillbeidong05.png	卡列尼娜·辉晓释放必杀技时，若携带暝月，则将暝月击出，本次必杀技基础伤害加成提高<color=#0f70bc>100%</color>；长按普攻进入蓄力状态时，暝月吸引周围敌人后释放<color=#935ee1>超坠月领域</color>支援。
123101	1231	1	闪潮漩涡·物	Assets/Product/Texture/Image/IconPetSkill/Pet3YuSkillzhudong05.png	任意消除6个基础信号球后，会激活辅助机按钮，释放后霏粼会向目标冲刺并造成<color=#0f70bc>200%</color>物理伤害，随后发出牵引激光牵引敌方单位，最后发射激光炮对范围内敌方单位造成<color=#0f70bc>100%</color>的物理伤害。
123102	1231	2	闪潮漩涡·物	Assets/Product/Texture/Image/IconPetSkill/Pet3YuSkillzhudong05.png	任意消除6个基础信号球后，会激活辅助机按钮，释放后霏粼会向目标冲刺并造成<color=#0f70bc>400%</color>物理伤害，随后发出牵引激光牵引敌方单位，最后发射激光炮对范围内敌方单位造成<color=#0f70bc>200%</color>的物理伤害。
123103	1231	3	闪潮漩涡·物	Assets/Product/Texture/Image/IconPetSkill/Pet3YuSkillzhudong05.png	任意消除6个基础信号球后，会激活辅助机按钮，释放后霏粼会向目标冲刺并造成<color=#0f70bc>600%</color>物理伤害，随后发出牵引激光牵引敌方单位，最后发射激光炮对范围内敌方单位造成<color=#0f70bc>300%</color>的物理伤害。
123104	1231	4	闪潮漩涡·物	Assets/Product/Texture/Image/IconPetSkill/Pet3YuSkillzhudong05.png	任意消除6个基础信号球后，会激活辅助机按钮，释放后霏粼会向目标冲刺并造成<color=#0f70bc>800%</color>物理伤害，随后发出牵引激光牵引敌方单位，最后发射激光炮对范围内敌方单位造成<color=#0f70bc>400%</color>的物理伤害。
123105	1231	5	闪潮漩涡·物	Assets/Product/Texture/Image/IconPetSkill/Pet3YuSkillzhudong05.png	任意消除6个基础信号球后，会激活辅助机按钮，释放后霏粼会向目标冲刺并造成<color=#0f70bc>1000%</color>物理伤害，随后发出牵引激光牵引敌方单位，最后发射激光炮对范围内敌方单位造成<color=#0f70bc>500%</color>的物理伤害。
123201	1232	1	闪潮漩涡·火	Assets/Product/Texture/Image/IconPetSkill/Pet3YuSkillzhudong01.png	任意消除6个基础信号球后，会激活辅助机按钮，释放后霏粼会向目标冲刺并造成<color=#0f70bc>200%</color>火属性伤害，随后发出牵引激光牵引敌方单位，最后发射激光炮对范围内敌方单位造成<color=#0f70bc>100%</color>的火属性伤害。
123202	1232	2	闪潮漩涡·火	Assets/Product/Texture/Image/IconPetSkill/Pet3YuSkillzhudong01.png	任意消除6个基础信号球后，会激活辅助机按钮，释放后霏粼会向目标冲刺并造成<color=#0f70bc>400%</color>火属性伤害，随后发出牵引激光牵引敌方单位，最后发射激光炮对范围内敌方单位造成<color=#0f70bc>200%</color>的火属性伤害。
123203	1232	3	闪潮漩涡·火	Assets/Product/Texture/Image/IconPetSkill/Pet3YuSkillzhudong01.png	任意消除6个基础信号球后，会激活辅助机按钮，释放后霏粼会向目标冲刺并造成<color=#0f70bc>600%</color>火属性伤害，随后发出牵引激光牵引敌方单位，最后发射激光炮对范围内敌方单位造成<color=#0f70bc>300%</color>的火属性伤害。
123204	1232	4	闪潮漩涡·火	Assets/Product/Texture/Image/IconPetSkill/Pet3YuSkillzhudong01.png	任意消除6个基础信号球后，会激活辅助机按钮，释放后霏粼会向目标冲刺并造成<color=#0f70bc>800%</color>火属性伤害，随后发出牵引激光牵引敌方单位，最后发射激光炮对范围内敌方单位造成<color=#0f70bc>400%</color>的火属性伤害。
123205	1232	5	闪潮漩涡·火	Assets/Product/Texture/Image/IconPetSkill/Pet3YuSkillzhudong01.png	任意消除6个基础信号球后，会激活辅助机按钮，释放后霏粼会向目标冲刺并造成<color=#0f70bc>1000%</color>火属性伤害，随后发出牵引激光牵引敌方单位，最后发射激光炮对范围内敌方单位造成<color=#0f70bc>500%</color>的火属性伤害。
123301	1233	1	闪潮漩涡·冰	Assets/Product/Texture/Image/IconPetSkill/Pet3YuSkillzhudong02.png	任意消除6个基础信号球后，会激活辅助机按钮，释放后霏粼会向目标冲刺并造成<color=#0f70bc>200%</color>冰属性伤害，随后发出牵引激光牵引敌方单位，最后发射激光炮对范围内敌方单位造成<color=#0f70bc>100%</color>的冰属性伤害。
123302	1233	2	闪潮漩涡·冰	Assets/Product/Texture/Image/IconPetSkill/Pet3YuSkillzhudong02.png	任意消除6个基础信号球后，会激活辅助机按钮，释放后霏粼会向目标冲刺并造成<color=#0f70bc>400%</color>冰属性伤害，随后发出牵引激光牵引敌方单位，最后发射激光炮对范围内敌方单位造成<color=#0f70bc>200%</color>的冰属性伤害。
123303	1233	3	闪潮漩涡·冰	Assets/Product/Texture/Image/IconPetSkill/Pet3YuSkillzhudong02.png	任意消除6个基础信号球后，会激活辅助机按钮，释放后霏粼会向目标冲刺并造成<color=#0f70bc>600%</color>冰属性伤害，随后发出牵引激光牵引敌方单位，最后发射激光炮对范围内敌方单位造成<color=#0f70bc>300%</color>的冰属性伤害。
123304	1233	4	闪潮漩涡·冰	Assets/Product/Texture/Image/IconPetSkill/Pet3YuSkillzhudong02.png	任意消除6个基础信号球后，会激活辅助机按钮，释放后霏粼会向目标冲刺并造成<color=#0f70bc>800%</color>冰属性伤害，随后发出牵引激光牵引敌方单位，最后发射激光炮对范围内敌方单位造成<color=#0f70bc>400%</color>的冰属性伤害。
123305	1233	5	闪潮漩涡·冰	Assets/Product/Texture/Image/IconPetSkill/Pet3YuSkillzhudong02.png	任意消除6个基础信号球后，会激活辅助机按钮，释放后霏粼会向目标冲刺并造成<color=#0f70bc>1000%</color>冰属性伤害，随后发出牵引激光牵引敌方单位，最后发射激光炮对范围内敌方单位造成<color=#0f70bc>500%</color>的冰属性伤害。
123401	1234	1	闪潮漩涡·雷	Assets/Product/Texture/Image/IconPetSkill/Pet3YuSkillzhudong03.png	任意消除6个基础信号球后，会激活辅助机按钮，释放后霏粼会向目标冲刺并造成<color=#0f70bc>200%</color>雷属性伤害，随后发出牵引激光牵引敌方单位，最后发射激光炮对范围内敌方单位造成<color=#0f70bc>100%</color>的雷属性伤害。
123402	1234	2	闪潮漩涡·雷	Assets/Product/Texture/Image/IconPetSkill/Pet3YuSkillzhudong03.png	任意消除6个基础信号球后，会激活辅助机按钮，释放后霏粼会向目标冲刺并造成<color=#0f70bc>400%</color>雷属性伤害，随后发出牵引激光牵引敌方单位，最后发射激光炮对范围内敌方单位造成<color=#0f70bc>200%</color>的雷属性伤害。
123403	1234	3	闪潮漩涡·雷	Assets/Product/Texture/Image/IconPetSkill/Pet3YuSkillzhudong03.png	任意消除6个基础信号球后，会激活辅助机按钮，释放后霏粼会向目标冲刺并造成<color=#0f70bc>600%</color>雷属性伤害，随后发出牵引激光牵引敌方单位，最后发射激光炮对范围内敌方单位造成<color=#0f70bc>300%</color>的雷属性伤害。
123404	1234	4	闪潮漩涡·雷	Assets/Product/Texture/Image/IconPetSkill/Pet3YuSkillzhudong03.png	任意消除6个基础信号球后，会激活辅助机按钮，释放后霏粼会向目标冲刺并造成<color=#0f70bc>800%</color>雷属性伤害，随后发出牵引激光牵引敌方单位，最后发射激光炮对范围内敌方单位造成<color=#0f70bc>400%</color>的雷属性伤害。
123405	1234	5	闪潮漩涡·雷	Assets/Product/Texture/Image/IconPetSkill/Pet3YuSkillzhudong03.png	任意消除6个基础信号球后，会激活辅助机按钮，释放后霏粼会向目标冲刺并造成<color=#0f70bc>1000%</color>雷属性伤害，随后发出牵引激光牵引敌方单位，最后发射激光炮对范围内敌方单位造成<color=#0f70bc>500%</color>的雷属性伤害。
123501	1235	1	闪潮漩涡·暗	Assets/Product/Texture/Image/IconPetSkill/Pet3YuSkillzhudong04.png	任意消除6个基础信号球后，会激活辅助机按钮，释放后霏粼会向目标冲刺并造成<color=#0f70bc>200%</color>暗属性伤害，随后发出牵引激光牵引敌方单位，最后发射激光炮对范围内敌方单位造成<color=#0f70bc>100%</color>的暗属性伤害。
123502	1235	2	闪潮漩涡·暗	Assets/Product/Texture/Image/IconPetSkill/Pet3YuSkillzhudong04.png	任意消除6个基础信号球后，会激活辅助机按钮，释放后霏粼会向目标冲刺并造成<color=#0f70bc>400%</color>暗属性伤害，随后发出牵引激光牵引敌方单位，最后发射激光炮对范围内敌方单位造成<color=#0f70bc>200%</color>的暗属性伤害。
123503	1235	3	闪潮漩涡·暗	Assets/Product/Texture/Image/IconPetSkill/Pet3YuSkillzhudong04.png	任意消除6个基础信号球后，会激活辅助机按钮，释放后霏粼会向目标冲刺并造成<color=#0f70bc>600%</color>暗属性伤害，随后发出牵引激光牵引敌方单位，最后发射激光炮对范围内敌方单位造成<color=#0f70bc>300%</color>的暗属性伤害。
123504	1235	4	闪潮漩涡·暗	Assets/Product/Texture/Image/IconPetSkill/Pet3YuSkillzhudong04.png	任意消除6个基础信号球后，会激活辅助机按钮，释放后霏粼会向目标冲刺并造成<color=#0f70bc>800%</color>暗属性伤害，随后发出牵引激光牵引敌方单位，最后发射激光炮对范围内敌方单位造成<color=#0f70bc>400%</color>的暗属性伤害。
123505	1235	5	闪潮漩涡·暗	Assets/Product/Texture/Image/IconPetSkill/Pet3YuSkillzhudong04.png	任意消除6个基础信号球后，会激活辅助机按钮，释放后霏粼会向目标冲刺并造成<color=#0f70bc>1000%</color>暗属性伤害，随后发出牵引激光牵引敌方单位，最后发射激光炮对范围内敌方单位造成<color=#0f70bc>500%</color>的暗属性伤害。
123601	1236	1	闪潮漩涡·空	Assets/Product/Texture/Image/IconPetSkill/Pet3YuSkillzhudong06.png	任意消除6个基础信号球后，会激活辅助机按钮，释放后霏粼会向目标冲刺并造成<color=#0f70bc>200%</color>空属性伤害，随后发出牵引激光牵引敌方单位，最后发射激光炮对范围内敌方单位造成<color=#0f70bc>100%</color>的空属性伤害。
123602	1236	2	闪潮漩涡·空	Assets/Product/Texture/Image/IconPetSkill/Pet3YuSkillzhudong06.png	任意消除6个基础信号球后，会激活辅助机按钮，释放后霏粼会向目标冲刺并造成<color=#0f70bc>400%</color>空属性伤害，随后发出牵引激光牵引敌方单位，最后发射激光炮对范围内敌方单位造成<color=#0f70bc>200%</color>的空属性伤害。
123603	1236	3	闪潮漩涡·空	Assets/Product/Texture/Image/IconPetSkill/Pet3YuSkillzhudong06.png	任意消除6个基础信号球后，会激活辅助机按钮，释放后霏粼会向目标冲刺并造成<color=#0f70bc>600%</color>空属性伤害，随后发出牵引激光牵引敌方单位，最后发射激光炮对范围内敌方单位造成<color=#0f70bc>300%</color>的空属性伤害。
123604	1236	4	闪潮漩涡·空	Assets/Product/Texture/Image/IconPetSkill/Pet3YuSkillzhudong06.png	任意消除6个基础信号球后，会激活辅助机按钮，释放后霏粼会向目标冲刺并造成<color=#0f70bc>800%</color>空属性伤害，随后发出牵引激光牵引敌方单位，最后发射激光炮对范围内敌方单位造成<color=#0f70bc>400%</color>的空属性伤害。
123605	1236	5	闪潮漩涡·空	Assets/Product/Texture/Image/IconPetSkill/Pet3YuSkillzhudong06.png	任意消除6个基础信号球后，会激活辅助机按钮，释放后霏粼会向目标冲刺并造成<color=#0f70bc>1000%</color>空属性伤害，随后发出牵引激光牵引敌方单位，最后发射激光炮对范围内敌方单位造成<color=#0f70bc>500%</color>的空属性伤害。
124101	1241	1	曳影光爆·物	Assets/Product/Texture/Image/IconPetSkill/Pet3YuSkillzhudong05.png	任意消除6个基础信号球后，会激活辅助机按钮，释放后霏粼会向目标冲刺并造成<color=#0f70bc>200%</color>物理伤害，并向目标发射三枚激光炮，每枚激光炮对范围内敌方单位造成<color=#0f70bc>100%</color>的物理伤害。
124102	1241	2	曳影光爆·物	Assets/Product/Texture/Image/IconPetSkill/Pet3YuSkillzhudong05.png	任意消除6个基础信号球后，会激活辅助机按钮，释放后霏粼会向目标冲刺并造成<color=#0f70bc>400%</color>物理伤害，并向目标发射三枚激光炮，每枚激光炮对范围内敌方单位造成<color=#0f70bc>200%</color>的物理伤害。
124103	1241	3	曳影光爆·物	Assets/Product/Texture/Image/IconPetSkill/Pet3YuSkillzhudong05.png	任意消除6个基础信号球后，会激活辅助机按钮，释放后霏粼会向目标冲刺并造成<color=#0f70bc>600%</color>物理伤害，并向目标发射三枚激光炮，每枚激光炮对范围内敌方单位造成<color=#0f70bc>300%</color>的物理伤害。
124104	1241	4	曳影光爆·物	Assets/Product/Texture/Image/IconPetSkill/Pet3YuSkillzhudong05.png	任意消除6个基础信号球后，会激活辅助机按钮，释放后霏粼会向目标冲刺并造成<color=#0f70bc>800%</color>物理伤害，并向目标发射三枚激光炮，每枚激光炮对范围内敌方单位造成<color=#0f70bc>400%</color>的物理伤害。
124105	1241	5	曳影光爆·物	Assets/Product/Texture/Image/IconPetSkill/Pet3YuSkillzhudong05.png	任意消除6个基础信号球后，会激活辅助机按钮，释放后霏粼会向目标冲刺并造成<color=#0f70bc>1000%</color>物理伤害，并向目标发射三枚激光炮，每枚激光炮对范围内敌方单位造成<color=#0f70bc>500%</color>的物理伤害。
124201	1242	1	曳影光爆·火	Assets/Product/Texture/Image/IconPetSkill/Pet3YuSkillzhudong01.png	任意消除6个基础信号球后，会激活辅助机按钮，释放后霏粼会向目标冲刺并造成<color=#0f70bc>200%</color>火属性伤害，并向目标发射三枚激光炮，每枚激光炮对范围内敌方单位造成<color=#0f70bc>100%</color>的火属性伤害。
124202	1242	2	曳影光爆·火	Assets/Product/Texture/Image/IconPetSkill/Pet3YuSkillzhudong01.png	任意消除6个基础信号球后，会激活辅助机按钮，释放后霏粼会向目标冲刺并造成<color=#0f70bc>400%</color>火属性伤害，并向目标发射三枚激光炮，每枚激光炮对范围内敌方单位造成<color=#0f70bc>200%</color>的火属性伤害。
124203	1242	3	曳影光爆·火	Assets/Product/Texture/Image/IconPetSkill/Pet3YuSkillzhudong01.png	任意消除6个基础信号球后，会激活辅助机按钮，释放后霏粼会向目标冲刺并造成<color=#0f70bc>600%</color>火属性伤害，并向目标发射三枚激光炮，每枚激光炮对范围内敌方单位造成<color=#0f70bc>300%</color>的火属性伤害。
124204	1242	4	曳影光爆·火	Assets/Product/Texture/Image/IconPetSkill/Pet3YuSkillzhudong01.png	任意消除6个基础信号球后，会激活辅助机按钮，释放后霏粼会向目标冲刺并造成<color=#0f70bc>800%</color>火属性伤害，并向目标发射三枚激光炮，每枚激光炮对范围内敌方单位造成<color=#0f70bc>400%</color>的火属性伤害。
124205	1242	5	曳影光爆·火	Assets/Product/Texture/Image/IconPetSkill/Pet3YuSkillzhudong01.png	任意消除6个基础信号球后，会激活辅助机按钮，释放后霏粼会向目标冲刺并造成<color=#0f70bc>1000%</color>火属性伤害，并向目标发射三枚激光炮，每枚激光炮对范围内敌方单位造成<color=#0f70bc>500%</color>的火属性伤害。
124301	1243	1	曳影光爆·冰	Assets/Product/Texture/Image/IconPetSkill/Pet3YuSkillzhudong02.png	任意消除6个基础信号球后，会激活辅助机按钮，释放后霏粼会向目标冲刺并造成<color=#0f70bc>200%</color>冰属性伤害，并向目标发射三枚激光炮，每枚激光炮对范围内敌方单位造成<color=#0f70bc>100%</color>的冰属性伤害。
124302	1243	2	曳影光爆·冰	Assets/Product/Texture/Image/IconPetSkill/Pet3YuSkillzhudong02.png	任意消除6个基础信号球后，会激活辅助机按钮，释放后霏粼会向目标冲刺并造成<color=#0f70bc>400%</color>冰属性伤害，并向目标发射三枚激光炮，每枚激光炮对范围内敌方单位造成<color=#0f70bc>200%</color>的冰属性伤害。
124303	1243	3	曳影光爆·冰	Assets/Product/Texture/Image/IconPetSkill/Pet3YuSkillzhudong02.png	任意消除6个基础信号球后，会激活辅助机按钮，释放后霏粼会向目标冲刺并造成<color=#0f70bc>600%</color>冰属性伤害，并向目标发射三枚激光炮，每枚激光炮对范围内敌方单位造成<color=#0f70bc>300%</color>的冰属性伤害。
124304	1243	4	曳影光爆·冰	Assets/Product/Texture/Image/IconPetSkill/Pet3YuSkillzhudong02.png	任意消除6个基础信号球后，会激活辅助机按钮，释放后霏粼会向目标冲刺并造成<color=#0f70bc>800%</color>冰属性伤害，并向目标发射三枚激光炮，每枚激光炮对范围内敌方单位造成<color=#0f70bc>400%</color>的冰属性伤害。
124305	1243	5	曳影光爆·冰	Assets/Product/Texture/Image/IconPetSkill/Pet3YuSkillzhudong02.png	任意消除6个基础信号球后，会激活辅助机按钮，释放后霏粼会向目标冲刺并造成<color=#0f70bc>1000%</color>冰属性伤害，并向目标发射三枚激光炮，每枚激光炮对范围内敌方单位造成<color=#0f70bc>500%</color>的冰属性伤害。
124401	1244	1	曳影光爆·雷	Assets/Product/Texture/Image/IconPetSkill/Pet3YuSkillzhudong03.png	任意消除6个基础信号球后，会激活辅助机按钮，释放后霏粼会向目标冲刺并造成<color=#0f70bc>200%</color>雷属性伤害，并向目标发射三枚激光炮，每枚激光炮对范围内敌方单位造成<color=#0f70bc>100%</color>的雷属性伤害。
124402	1244	2	曳影光爆·雷	Assets/Product/Texture/Image/IconPetSkill/Pet3YuSkillzhudong03.png	任意消除6个基础信号球后，会激活辅助机按钮，释放后霏粼会向目标冲刺并造成<color=#0f70bc>400%</color>雷属性伤害，并向目标发射三枚激光炮，每枚激光炮对范围内敌方单位造成<color=#0f70bc>200%</color>的雷属性伤害。
124403	1244	3	曳影光爆·雷	Assets/Product/Texture/Image/IconPetSkill/Pet3YuSkillzhudong03.png	任意消除6个基础信号球后，会激活辅助机按钮，释放后霏粼会向目标冲刺并造成<color=#0f70bc>600%</color>雷属性伤害，并向目标发射三枚激光炮，每枚激光炮对范围内敌方单位造成<color=#0f70bc>300%</color>的雷属性伤害。
124404	1244	4	曳影光爆·雷	Assets/Product/Texture/Image/IconPetSkill/Pet3YuSkillzhudong03.png	任意消除6个基础信号球后，会激活辅助机按钮，释放后霏粼会向目标冲刺并造成<color=#0f70bc>800%</color>雷属性伤害，并向目标发射三枚激光炮，每枚激光炮对范围内敌方单位造成<color=#0f70bc>400%</color>的雷属性伤害。
124405	1244	5	曳影光爆·雷	Assets/Product/Texture/Image/IconPetSkill/Pet3YuSkillzhudong03.png	任意消除6个基础信号球后，会激活辅助机按钮，释放后霏粼会向目标冲刺并造成<color=#0f70bc>1000%</color>雷属性伤害，并向目标发射三枚激光炮，每枚激光炮对范围内敌方单位造成<color=#0f70bc>500%</color>的雷属性伤害。
124501	1245	1	曳影光爆·暗	Assets/Product/Texture/Image/IconPetSkill/Pet3YuSkillzhudong04.png	任意消除6个基础信号球后，会激活辅助机按钮，释放后霏粼会向目标冲刺并造成<color=#0f70bc>200%</color>暗属性伤害，并向目标发射三枚激光炮，每枚激光炮对范围内敌方单位造成<color=#0f70bc>100%</color>的暗属性伤害。
124502	1245	2	曳影光爆·暗	Assets/Product/Texture/Image/IconPetSkill/Pet3YuSkillzhudong04.png	任意消除6个基础信号球后，会激活辅助机按钮，释放后霏粼会向目标冲刺并造成<color=#0f70bc>400%</color>暗属性伤害，并向目标发射三枚激光炮，每枚激光炮对范围内敌方单位造成<color=#0f70bc>200%</color>的暗属性伤害。
124503	1245	3	曳影光爆·暗	Assets/Product/Texture/Image/IconPetSkill/Pet3YuSkillzhudong04.png	任意消除6个基础信号球后，会激活辅助机按钮，释放后霏粼会向目标冲刺并造成<color=#0f70bc>600%</color>暗属性伤害，并向目标发射三枚激光炮，每枚激光炮对范围内敌方单位造成<color=#0f70bc>300%</color>的暗属性伤害。
124504	1245	4	曳影光爆·暗	Assets/Product/Texture/Image/IconPetSkill/Pet3YuSkillzhudong04.png	任意消除6个基础信号球后，会激活辅助机按钮，释放后霏粼会向目标冲刺并造成<color=#0f70bc>800%</color>暗属性伤害，并向目标发射三枚激光炮，每枚激光炮对范围内敌方单位造成<color=#0f70bc>400%</color>的暗属性伤害。
124505	1245	5	曳影光爆·暗	Assets/Product/Texture/Image/IconPetSkill/Pet3YuSkillzhudong04.png	任意消除6个基础信号球后，会激活辅助机按钮，释放后霏粼会向目标冲刺并造成<color=#0f70bc>1000%</color>暗属性伤害，并向目标发射三枚激光炮，每枚激光炮对范围内敌方单位造成<color=#0f70bc>500%</color>的暗属性伤害。
124601	1246	1	曳影光爆·空	Assets/Product/Texture/Image/IconPetSkill/Pet3YuSkillzhudong06.png	任意消除6个基础信号球后，会激活辅助机按钮，释放后霏粼会向目标冲刺并造成<color=#0f70bc>200%</color>空属性伤害，并向目标发射三枚激光炮，每枚激光炮对范围内敌方单位造成<color=#0f70bc>100%</color>的空属性伤害。
124602	1246	2	曳影光爆·空	Assets/Product/Texture/Image/IconPetSkill/Pet3YuSkillzhudong06.png	任意消除6个基础信号球后，会激活辅助机按钮，释放后霏粼会向目标冲刺并造成<color=#0f70bc>400%</color>空属性伤害，并向目标发射三枚激光炮，每枚激光炮对范围内敌方单位造成<color=#0f70bc>200%</color>的空属性伤害。
124603	1246	3	曳影光爆·空	Assets/Product/Texture/Image/IconPetSkill/Pet3YuSkillzhudong06.png	任意消除6个基础信号球后，会激活辅助机按钮，释放后霏粼会向目标冲刺并造成<color=#0f70bc>600%</color>空属性伤害，并向目标发射三枚激光炮，每枚激光炮对范围内敌方单位造成<color=#0f70bc>300%</color>的空属性伤害。
124604	1246	4	曳影光爆·空	Assets/Product/Texture/Image/IconPetSkill/Pet3YuSkillzhudong06.png	任意消除6个基础信号球后，会激活辅助机按钮，释放后霏粼会向目标冲刺并造成<color=#0f70bc>800%</color>空属性伤害，并向目标发射三枚激光炮，每枚激光炮对范围内敌方单位造成<color=#0f70bc>400%</color>的空属性伤害。
124605	1246	5	曳影光爆·空	Assets/Product/Texture/Image/IconPetSkill/Pet3YuSkillzhudong06.png	任意消除6个基础信号球后，会激活辅助机按钮，释放后霏粼会向目标冲刺并造成<color=#0f70bc>1000%</color>空属性伤害，并向目标发射三枚激光炮，每枚激光炮对范围内敌方单位造成<color=#0f70bc>500%</color>的空属性伤害。
6100001	61000	1	光子喷流	Assets/Product/Texture/Image/IconPetSkill/Pet3YuSkillbeidong01.png	霏粼主动技伤害提高<color=#0f70bc>14%</color>
6100002	61000	2	光子喷流	Assets/Product/Texture/Image/IconPetSkill/Pet3YuSkillbeidong01.png	霏粼主动技伤害提高<color=#0f70bc>28%</color>
6100003	61000	3	光子喷流	Assets/Product/Texture/Image/IconPetSkill/Pet3YuSkillbeidong01.png	霏粼主动技伤害提高<color=#0f70bc>42%</color>
6100004	61000	4	光子喷流	Assets/Product/Texture/Image/IconPetSkill/Pet3YuSkillbeidong01.png	霏粼主动技伤害提高<color=#0f70bc>56%</color>
6100005	61000	5	光子喷流	Assets/Product/Texture/Image/IconPetSkill/Pet3YuSkillbeidong01.png	霏粼主动技伤害提高<color=#0f70bc>70%</color>
6101001	61010	1	援护巡游	Assets/Product/Texture/Image/IconPetSkill/Pet3HeSkillbeidong02.png	携带角色攻击力提高<color=#0f70bc>20</color>
6101002	61010	2	援护巡游	Assets/Product/Texture/Image/IconPetSkill/Pet3HeSkillbeidong02.png	携带角色攻击力提高<color=#0f70bc>40</color>
6101003	61010	3	援护巡游	Assets/Product/Texture/Image/IconPetSkill/Pet3HeSkillbeidong02.png	携带角色攻击力提高<color=#0f70bc>60</color>
6101004	61010	4	援护巡游	Assets/Product/Texture/Image/IconPetSkill/Pet3HeSkillbeidong02.png	携带角色攻击力提高<color=#0f70bc>80</color>
6101005	61010	5	援护巡游	Assets/Product/Texture/Image/IconPetSkill/Pet3HeSkillbeidong02.png	携带角色攻击力提高<color=#0f70bc>100</color>
6102001	61020	1	锐光切裂	Assets/Product/Texture/Image/IconPetSkill/Pet3YuSkillbeidong03.png	霏粼释放主动技后，携带角色攻击力提高<color=#0f70bc>15</color>，最多叠加2层。
6102002	61020	2	锐光切裂	Assets/Product/Texture/Image/IconPetSkill/Pet3YuSkillbeidong03.png	霏粼释放主动技后，携带角色攻击力提高<color=#0f70bc>30</color>，最多叠加2层。
6102003	61020	3	锐光切裂	Assets/Product/Texture/Image/IconPetSkill/Pet3YuSkillbeidong03.png	霏粼释放主动技后，携带角色攻击力提高<color=#0f70bc>45</color>，最多叠加2层。
6102004	61020	4	锐光切裂	Assets/Product/Texture/Image/IconPetSkill/Pet3YuSkillbeidong03.png	霏粼释放主动技后，携带角色攻击力提高<color=#0f70bc>60</color>，最多叠加2层。
6102005	61020	5	锐光切裂	Assets/Product/Texture/Image/IconPetSkill/Pet3YuSkillbeidong03.png	霏粼释放主动技后，携带角色攻击力提高<color=#0f70bc>75</color>，最多叠加2层。
6103001	61030	1	增速气旋	Assets/Product/Texture/Image/IconPetSkill/Pet3YuSkillbeidong04.png	携带角色物理伤害提高<color=#0f70bc>2%</color>
6103002	61030	2	增速气旋	Assets/Product/Texture/Image/IconPetSkill/Pet3YuSkillbeidong04.png	携带角色物理伤害提高<color=#0f70bc>4%</color>
6103003	61030	3	增速气旋	Assets/Product/Texture/Image/IconPetSkill/Pet3YuSkillbeidong04.png	携带角色物理伤害提高<color=#0f70bc>6%</color>
6103004	61030	4	增速气旋	Assets/Product/Texture/Image/IconPetSkill/Pet3YuSkillbeidong04.png	携带角色物理伤害提高<color=#0f70bc>8%</color>
6103005	61030	5	增速气旋	Assets/Product/Texture/Image/IconPetSkill/Pet3YuSkillbeidong04.png	携带角色物理伤害提高<color=#0f70bc>10%</color>
6104001	61040	1	渊光聚焦	Assets/Product/Texture/Image/IconPetSkill/Pet3YuSkillbeidong05.png	比安卡·深痕携带霏粼且处于照域时，暴击伤害增加<color=#0f70bc>10%</color>；剑形态下灯影剑舞基础伤害提升<color=#0f70bc>6%</color>；释放上挑攻击时将召唤霏粼释放简易主动技，进行协助攻击。
6104002	61040	2	渊光聚焦	Assets/Product/Texture/Image/IconPetSkill/Pet3YuSkillbeidong05.png	比安卡·深痕携带霏粼且处于照域时，暴击伤害增加<color=#0f70bc>20%</color>；剑形态下灯影剑舞基础伤害提升<color=#0f70bc>12%</color>；释放上挑攻击时将召唤霏粼释放简易主动技，进行协助攻击。
6104003	61040	3	渊光聚焦	Assets/Product/Texture/Image/IconPetSkill/Pet3YuSkillbeidong05.png	比安卡·深痕携带霏粼且处于照域时，暴击伤害增加<color=#0f70bc>30%</color>；剑形态下灯影剑舞基础伤害提升<color=#0f70bc>18%</color>；释放上挑攻击时将召唤霏粼释放简易主动技，进行协助攻击。
6104004	61040	4	渊光聚焦	Assets/Product/Texture/Image/IconPetSkill/Pet3YuSkillbeidong05.png	比安卡·深痕携带霏粼且处于照域时，暴击伤害增加<color=#0f70bc>40%</color>；剑形态下灯影剑舞基础伤害提升<color=#0f70bc>24%</color>；释放上挑攻击时将召唤霏粼释放简易主动技，进行协助攻击。
6104005	61040	5	渊光聚焦	Assets/Product/Texture/Image/IconPetSkill/Pet3YuSkillbeidong05.png	比安卡·深痕携带霏粼且处于照域时，暴击伤害增加<color=#0f70bc>50%</color>；剑形态下灯影剑舞基础伤害提升<color=#0f70bc>30%</color>；释放上挑攻击时将召唤霏粼释放简易主动技，进行协助攻击。
125101	1251	1	空谴震罚·物	Assets/Product/Texture/Image/IconPetSkill/Pet3QuanSkillzhudong05.png	任意消除6个基础信号球后，会激活辅助机按钮，释放后张开传送门，从上向下快速打出超限之拳，对全屏敌人造成<color=#0f70bc>350%</color>物理伤害。
125102	1251	2	空谴震罚·物	Assets/Product/Texture/Image/IconPetSkill/Pet3QuanSkillzhudong05.png	任意消除6个基础信号球后，会激活辅助机按钮，释放后张开传送门，从上向下快速打出超限之拳，对全屏敌人造成<color=#0f70bc>700%</color>物理伤害。
125103	1251	3	空谴震罚·物	Assets/Product/Texture/Image/IconPetSkill/Pet3QuanSkillzhudong05.png	任意消除6个基础信号球后，会激活辅助机按钮，释放后张开传送门，从上向下快速打出超限之拳，对全屏敌人造成<color=#0f70bc>1050%</color>物理伤害。
125104	1251	4	空谴震罚·物	Assets/Product/Texture/Image/IconPetSkill/Pet3QuanSkillzhudong05.png	任意消除6个基础信号球后，会激活辅助机按钮，释放后张开传送门，从上向下快速打出超限之拳，对全屏敌人造成<color=#0f70bc>1400%</color>物理伤害。
125105	1251	5	空谴震罚·物	Assets/Product/Texture/Image/IconPetSkill/Pet3QuanSkillzhudong05.png	任意消除6个基础信号球后，会激活辅助机按钮，释放后张开传送门，从上向下快速打出超限之拳，对全屏敌人造成<color=#0f70bc>1750%</color>物理伤害。
125201	1252	1	空谴震罚·火	Assets/Product/Texture/Image/IconPetSkill/Pet3QuanSkillzhudong01.png	任意消除6个基础信号球后，会激活辅助机按钮，释放后张开传送门，从上向下快速打出超限之拳，对全屏敌人造成<color=#0f70bc>350%</color>火属性伤害。
125202	1252	2	空谴震罚·火	Assets/Product/Texture/Image/IconPetSkill/Pet3QuanSkillzhudong01.png	任意消除6个基础信号球后，会激活辅助机按钮，释放后张开传送门，从上向下快速打出超限之拳，对全屏敌人造成<color=#0f70bc>700%</color>火属性伤害。
125203	1252	3	空谴震罚·火	Assets/Product/Texture/Image/IconPetSkill/Pet3QuanSkillzhudong01.png	任意消除6个基础信号球后，会激活辅助机按钮，释放后张开传送门，从上向下快速打出超限之拳，对全屏敌人造成<color=#0f70bc>1050%</color>火属性伤害。
125204	1252	4	空谴震罚·火	Assets/Product/Texture/Image/IconPetSkill/Pet3QuanSkillzhudong01.png	任意消除6个基础信号球后，会激活辅助机按钮，释放后张开传送门，从上向下快速打出超限之拳，对全屏敌人造成<color=#0f70bc>1400%</color>火属性伤害。
125205	1252	5	空谴震罚·火	Assets/Product/Texture/Image/IconPetSkill/Pet3QuanSkillzhudong01.png	任意消除6个基础信号球后，会激活辅助机按钮，释放后张开传送门，从上向下快速打出超限之拳，对全屏敌人造成<color=#0f70bc>1750%</color>火属性伤害。
125301	1253	1	空谴震罚·冰	Assets/Product/Texture/Image/IconPetSkill/Pet3QuanSkillzhudong02.png	任意消除6个基础信号球后，会激活辅助机按钮，释放后张开传送门，从上向下快速打出超限之拳，对全屏敌人造成<color=#0f70bc>350%</color>冰属性伤害。
125302	1253	2	空谴震罚·冰	Assets/Product/Texture/Image/IconPetSkill/Pet3QuanSkillzhudong02.png	任意消除6个基础信号球后，会激活辅助机按钮，释放后张开传送门，从上向下快速打出超限之拳，对全屏敌人造成<color=#0f70bc>700%</color>冰属性伤害。
125303	1253	3	空谴震罚·冰	Assets/Product/Texture/Image/IconPetSkill/Pet3QuanSkillzhudong02.png	任意消除6个基础信号球后，会激活辅助机按钮，释放后张开传送门，从上向下快速打出超限之拳，对全屏敌人造成<color=#0f70bc>1050%</color>冰属性伤害。
125304	1253	4	空谴震罚·冰	Assets/Product/Texture/Image/IconPetSkill/Pet3QuanSkillzhudong02.png	任意消除6个基础信号球后，会激活辅助机按钮，释放后张开传送门，从上向下快速打出超限之拳，对全屏敌人造成<color=#0f70bc>1400%</color>冰属性伤害。
125305	1253	5	空谴震罚·冰	Assets/Product/Texture/Image/IconPetSkill/Pet3QuanSkillzhudong02.png	任意消除6个基础信号球后，会激活辅助机按钮，释放后张开传送门，从上向下快速打出超限之拳，对全屏敌人造成<color=#0f70bc>1750%</color>冰属性伤害。
125401	1254	1	空谴震罚·雷	Assets/Product/Texture/Image/IconPetSkill/Pet3QuanSkillzhudong03.png	任意消除6个基础信号球后，会激活辅助机按钮，释放后张开传送门，从上向下快速打出超限之拳，对全屏敌人造成<color=#0f70bc>350%</color>雷属性伤害。
125402	1254	2	空谴震罚·雷	Assets/Product/Texture/Image/IconPetSkill/Pet3QuanSkillzhudong03.png	任意消除6个基础信号球后，会激活辅助机按钮，释放后张开传送门，从上向下快速打出超限之拳，对全屏敌人造成<color=#0f70bc>700%</color>雷属性伤害。
125403	1254	3	空谴震罚·雷	Assets/Product/Texture/Image/IconPetSkill/Pet3QuanSkillzhudong03.png	任意消除6个基础信号球后，会激活辅助机按钮，释放后张开传送门，从上向下快速打出超限之拳，对全屏敌人造成<color=#0f70bc>1050%</color>雷属性伤害。
125404	1254	4	空谴震罚·雷	Assets/Product/Texture/Image/IconPetSkill/Pet3QuanSkillzhudong03.png	任意消除6个基础信号球后，会激活辅助机按钮，释放后张开传送门，从上向下快速打出超限之拳，对全屏敌人造成<color=#0f70bc>1400%</color>雷属性伤害。
125405	1254	5	空谴震罚·雷	Assets/Product/Texture/Image/IconPetSkill/Pet3QuanSkillzhudong03.png	任意消除6个基础信号球后，会激活辅助机按钮，释放后张开传送门，从上向下快速打出超限之拳，对全屏敌人造成<color=#0f70bc>1750%</color>雷属性伤害。
125501	1255	1	空谴震罚·暗	Assets/Product/Texture/Image/IconPetSkill/Pet3QuanSkillzhudong04.png	任意消除6个基础信号球后，会激活辅助机按钮，释放后张开传送门，从上向下快速打出超限之拳，对全屏敌人造成<color=#0f70bc>350%</color>暗属性伤害。
125502	1255	2	空谴震罚·暗	Assets/Product/Texture/Image/IconPetSkill/Pet3QuanSkillzhudong04.png	任意消除6个基础信号球后，会激活辅助机按钮，释放后张开传送门，从上向下快速打出超限之拳，对全屏敌人造成<color=#0f70bc>700%</color>暗属性伤害。
125503	1255	3	空谴震罚·暗	Assets/Product/Texture/Image/IconPetSkill/Pet3QuanSkillzhudong04.png	任意消除6个基础信号球后，会激活辅助机按钮，释放后张开传送门，从上向下快速打出超限之拳，对全屏敌人造成<color=#0f70bc>1050%</color>暗属性伤害。
125504	1255	4	空谴震罚·暗	Assets/Product/Texture/Image/IconPetSkill/Pet3QuanSkillzhudong04.png	任意消除6个基础信号球后，会激活辅助机按钮，释放后张开传送门，从上向下快速打出超限之拳，对全屏敌人造成<color=#0f70bc>1400%</color>暗属性伤害。
125505	1255	5	空谴震罚·暗	Assets/Product/Texture/Image/IconPetSkill/Pet3QuanSkillzhudong04.png	任意消除6个基础信号球后，会激活辅助机按钮，释放后张开传送门，从上向下快速打出超限之拳，对全屏敌人造成<color=#0f70bc>1750%</color>暗属性伤害。
125601	1256	1	空谴震罚·空	Assets/Product/Texture/Image/IconPetSkill/Pet3QuanSkillzhudong06.png	任意消除6个基础信号球后，会激活辅助机按钮，释放后张开传送门，从上向下快速打出超限之拳，对全屏敌人造成<color=#0f70bc>350%</color>空属性伤害。
125602	1256	2	空谴震罚·空	Assets/Product/Texture/Image/IconPetSkill/Pet3QuanSkillzhudong06.png	任意消除6个基础信号球后，会激活辅助机按钮，释放后张开传送门，从上向下快速打出超限之拳，对全屏敌人造成<color=#0f70bc>700%</color>空属性伤害。
125603	1256	3	空谴震罚·空	Assets/Product/Texture/Image/IconPetSkill/Pet3QuanSkillzhudong06.png	任意消除6个基础信号球后，会激活辅助机按钮，释放后张开传送门，从上向下快速打出超限之拳，对全屏敌人造成<color=#0f70bc>1050%</color>空属性伤害。
125604	1256	4	空谴震罚·空	Assets/Product/Texture/Image/IconPetSkill/Pet3QuanSkillzhudong06.png	任意消除6个基础信号球后，会激活辅助机按钮，释放后张开传送门，从上向下快速打出超限之拳，对全屏敌人造成<color=#0f70bc>1400%</color>空属性伤害。
125605	1256	5	空谴震罚·空	Assets/Product/Texture/Image/IconPetSkill/Pet3QuanSkillzhudong06.png	任意消除6个基础信号球后，会激活辅助机按钮，释放后张开传送门，从上向下快速打出超限之拳，对全屏敌人造成<color=#0f70bc>1750%</color>空属性伤害。
126101	1261	1	地擎振击·物	Assets/Product/Texture/Image/IconPetSkill/Pet3QuanSkillzhudong05.png	任意消除6个基础信号球后，会激活辅助机按钮，释放后张开传送门，从下向上快速打出超限之拳，对小范围内敌人造成5次<color=#0f70bc>100%</color>物理伤害。
126102	1261	2	地擎振击·物	Assets/Product/Texture/Image/IconPetSkill/Pet3QuanSkillzhudong05.png	任意消除6个基础信号球后，会激活辅助机按钮，释放后张开传送门，从下向上快速打出超限之拳，对小范围内敌人造成5次<color=#0f70bc>200%</color>物理伤害。
126103	1261	3	地擎振击·物	Assets/Product/Texture/Image/IconPetSkill/Pet3QuanSkillzhudong05.png	任意消除6个基础信号球后，会激活辅助机按钮，释放后张开传送门，从下向上快速打出超限之拳，对小范围内敌人造成5次<color=#0f70bc>300%</color>物理伤害。
126104	1261	4	地擎振击·物	Assets/Product/Texture/Image/IconPetSkill/Pet3QuanSkillzhudong05.png	任意消除6个基础信号球后，会激活辅助机按钮，释放后张开传送门，从下向上快速打出超限之拳，对小范围内敌人造成5次<color=#0f70bc>400%</color>物理伤害。
126105	1261	5	地擎振击·物	Assets/Product/Texture/Image/IconPetSkill/Pet3QuanSkillzhudong05.png	任意消除6个基础信号球后，会激活辅助机按钮，释放后张开传送门，从下向上快速打出超限之拳，对小范围内敌人造成5次<color=#0f70bc>500%</color>物理伤害。
126201	1262	1	地擎振击·火	Assets/Product/Texture/Image/IconPetSkill/Pet3QuanSkillzhudong01.png	任意消除6个基础信号球后，会激活辅助机按钮，释放后张开传送门，从下向上快速打出超限之拳，对小范围内敌人造成5次<color=#0f70bc>100%</color>火属性伤害。
126202	1262	2	地擎振击·火	Assets/Product/Texture/Image/IconPetSkill/Pet3QuanSkillzhudong01.png	任意消除6个基础信号球后，会激活辅助机按钮，释放后张开传送门，从下向上快速打出超限之拳，对小范围内敌人造成5次<color=#0f70bc>200%</color>火属性伤害。
126203	1262	3	地擎振击·火	Assets/Product/Texture/Image/IconPetSkill/Pet3QuanSkillzhudong01.png	任意消除6个基础信号球后，会激活辅助机按钮，释放后张开传送门，从下向上快速打出超限之拳，对小范围内敌人造成5次<color=#0f70bc>300%</color>火属性伤害。
126204	1262	4	地擎振击·火	Assets/Product/Texture/Image/IconPetSkill/Pet3QuanSkillzhudong01.png	任意消除6个基础信号球后，会激活辅助机按钮，释放后张开传送门，从下向上快速打出超限之拳，对小范围内敌人造成5次<color=#0f70bc>400%</color>火属性伤害。
126205	1262	5	地擎振击·火	Assets/Product/Texture/Image/IconPetSkill/Pet3QuanSkillzhudong01.png	任意消除6个基础信号球后，会激活辅助机按钮，释放后张开传送门，从下向上快速打出超限之拳，对小范围内敌人造成5次<color=#0f70bc>500%</color>火属性伤害。
126301	1263	1	地擎振击·冰	Assets/Product/Texture/Image/IconPetSkill/Pet3QuanSkillzhudong02.png	任意消除6个基础信号球后，会激活辅助机按钮，释放后张开传送门，从下向上快速打出超限之拳，对小范围内敌人造成5次<color=#0f70bc>100%</color>冰属性伤害。
126302	1263	2	地擎振击·冰	Assets/Product/Texture/Image/IconPetSkill/Pet3QuanSkillzhudong02.png	任意消除6个基础信号球后，会激活辅助机按钮，释放后张开传送门，从下向上快速打出超限之拳，对小范围内敌人造成5次<color=#0f70bc>200%</color>冰属性伤害。
126303	1263	3	地擎振击·冰	Assets/Product/Texture/Image/IconPetSkill/Pet3QuanSkillzhudong02.png	任意消除6个基础信号球后，会激活辅助机按钮，释放后张开传送门，从下向上快速打出超限之拳，对小范围内敌人造成5次<color=#0f70bc>300%</color>冰属性伤害。
126304	1263	4	地擎振击·冰	Assets/Product/Texture/Image/IconPetSkill/Pet3QuanSkillzhudong02.png	任意消除6个基础信号球后，会激活辅助机按钮，释放后张开传送门，从下向上快速打出超限之拳，对小范围内敌人造成5次<color=#0f70bc>400%</color>冰属性伤害。
126305	1263	5	地擎振击·冰	Assets/Product/Texture/Image/IconPetSkill/Pet3QuanSkillzhudong02.png	任意消除6个基础信号球后，会激活辅助机按钮，释放后张开传送门，从下向上快速打出超限之拳，对小范围内敌人造成5次<color=#0f70bc>500%</color>冰属性伤害。
126401	1264	1	地擎振击·雷	Assets/Product/Texture/Image/IconPetSkill/Pet3QuanSkillzhudong03.png	任意消除6个基础信号球后，会激活辅助机按钮，释放后张开传送门，从下向上快速打出超限之拳，对小范围内敌人造成5次<color=#0f70bc>100%</color>雷属性伤害。
126402	1264	2	地擎振击·雷	Assets/Product/Texture/Image/IconPetSkill/Pet3QuanSkillzhudong03.png	任意消除6个基础信号球后，会激活辅助机按钮，释放后张开传送门，从下向上快速打出超限之拳，对小范围内敌人造成5次<color=#0f70bc>200%</color>雷属性伤害。
126403	1264	3	地擎振击·雷	Assets/Product/Texture/Image/IconPetSkill/Pet3QuanSkillzhudong03.png	任意消除6个基础信号球后，会激活辅助机按钮，释放后张开传送门，从下向上快速打出超限之拳，对小范围内敌人造成5次<color=#0f70bc>300%</color>雷属性伤害。
126404	1264	4	地擎振击·雷	Assets/Product/Texture/Image/IconPetSkill/Pet3QuanSkillzhudong03.png	任意消除6个基础信号球后，会激活辅助机按钮，释放后张开传送门，从下向上快速打出超限之拳，对小范围内敌人造成5次<color=#0f70bc>400%</color>雷属性伤害。
126405	1264	5	地擎振击·雷	Assets/Product/Texture/Image/IconPetSkill/Pet3QuanSkillzhudong03.png	任意消除6个基础信号球后，会激活辅助机按钮，释放后张开传送门，从下向上快速打出超限之拳，对小范围内敌人造成5次<color=#0f70bc>500%</color>雷属性伤害。
126501	1265	1	地擎振击·暗	Assets/Product/Texture/Image/IconPetSkill/Pet3QuanSkillzhudong04.png	任意消除6个基础信号球后，会激活辅助机按钮，释放后张开传送门，从下向上快速打出超限之拳，对小范围内敌人造成5次<color=#0f70bc>100%</color>暗属性伤害。
126502	1265	2	地擎振击·暗	Assets/Product/Texture/Image/IconPetSkill/Pet3QuanSkillzhudong04.png	任意消除6个基础信号球后，会激活辅助机按钮，释放后张开传送门，从下向上快速打出超限之拳，对小范围内敌人造成5次<color=#0f70bc>200%</color>暗属性伤害。
126503	1265	3	地擎振击·暗	Assets/Product/Texture/Image/IconPetSkill/Pet3QuanSkillzhudong04.png	任意消除6个基础信号球后，会激活辅助机按钮，释放后张开传送门，从下向上快速打出超限之拳，对小范围内敌人造成5次<color=#0f70bc>300%</color>暗属性伤害。
126504	1265	4	地擎振击·暗	Assets/Product/Texture/Image/IconPetSkill/Pet3QuanSkillzhudong04.png	任意消除6个基础信号球后，会激活辅助机按钮，释放后张开传送门，从下向上快速打出超限之拳，对小范围内敌人造成5次<color=#0f70bc>400%</color>暗属性伤害。
126505	1265	5	地擎振击·暗	Assets/Product/Texture/Image/IconPetSkill/Pet3QuanSkillzhudong04.png	任意消除6个基础信号球后，会激活辅助机按钮，释放后张开传送门，从下向上快速打出超限之拳，对小范围内敌人造成5次<color=#0f70bc>500%</color>暗属性伤害。
126601	1266	1	地擎振击·空	Assets/Product/Texture/Image/IconPetSkill/Pet3QuanSkillzhudong06.png	任意消除6个基础信号球后，会激活辅助机按钮，释放后张开传送门，从下向上快速打出超限之拳，对小范围内敌人造成5次<color=#0f70bc>100%</color>空属性伤害。
126602	1266	2	地擎振击·空	Assets/Product/Texture/Image/IconPetSkill/Pet3QuanSkillzhudong06.png	任意消除6个基础信号球后，会激活辅助机按钮，释放后张开传送门，从下向上快速打出超限之拳，对小范围内敌人造成5次<color=#0f70bc>200%</color>空属性伤害。
126603	1266	3	地擎振击·空	Assets/Product/Texture/Image/IconPetSkill/Pet3QuanSkillzhudong06.png	任意消除6个基础信号球后，会激活辅助机按钮，释放后张开传送门，从下向上快速打出超限之拳，对小范围内敌人造成5次<color=#0f70bc>300%</color>空属性伤害。
126604	1266	4	地擎振击·空	Assets/Product/Texture/Image/IconPetSkill/Pet3QuanSkillzhudong06.png	任意消除6个基础信号球后，会激活辅助机按钮，释放后张开传送门，从下向上快速打出超限之拳，对小范围内敌人造成5次<color=#0f70bc>400%</color>空属性伤害。
126605	1266	5	地擎振击·空	Assets/Product/Texture/Image/IconPetSkill/Pet3QuanSkillzhudong06.png	任意消除6个基础信号球后，会激活辅助机按钮，释放后张开传送门，从下向上快速打出超限之拳，对小范围内敌人造成5次<color=#0f70bc>500%</color>空属性伤害。
6200001	62000	1	热辐浸镀	Assets/Product/Texture/Image/IconPetSkill/Pet3QuanSkillbeidong01.png	掣矩主动技伤害提高<color=#0f70bc>14%</color>
6200002	62000	2	热辐浸镀	Assets/Product/Texture/Image/IconPetSkill/Pet3QuanSkillbeidong01.png	掣矩主动技伤害提高<color=#0f70bc>28%</color>
6200003	62000	3	热辐浸镀	Assets/Product/Texture/Image/IconPetSkill/Pet3QuanSkillbeidong01.png	掣矩主动技伤害提高<color=#0f70bc>42%</color>
6200004	62000	4	热辐浸镀	Assets/Product/Texture/Image/IconPetSkill/Pet3QuanSkillbeidong01.png	掣矩主动技伤害提高<color=#0f70bc>56%</color>
6200005	62000	5	热辐浸镀	Assets/Product/Texture/Image/IconPetSkill/Pet3QuanSkillbeidong01.png	掣矩主动技伤害提高<color=#0f70bc>70%</color>
6201001	62010	1	制导转换	Assets/Product/Texture/Image/IconPetSkill/Pet3HeSkillbeidong02.png	携带角色攻击力提高<color=#0f70bc>20</color>
6201002	62010	2	制导转换	Assets/Product/Texture/Image/IconPetSkill/Pet3HeSkillbeidong02.png	携带角色攻击力提高<color=#0f70bc>40</color>
6201003	62010	3	制导转换	Assets/Product/Texture/Image/IconPetSkill/Pet3HeSkillbeidong02.png	携带角色攻击力提高<color=#0f70bc>60</color>
6201004	62010	4	制导转换	Assets/Product/Texture/Image/IconPetSkill/Pet3HeSkillbeidong02.png	携带角色攻击力提高<color=#0f70bc>80</color>
6201005	62010	5	制导转换	Assets/Product/Texture/Image/IconPetSkill/Pet3HeSkillbeidong02.png	携带角色攻击力提高<color=#0f70bc>100</color>
6202001	62020	1	势能同频	Assets/Product/Texture/Image/IconPetSkill/Pet3QuanSkillbeidong03.png	掣矩释放主动技后，携带角色攻击力提高<color=#0f70bc>24</color>，持续<color=#0f70bc>8</color>秒。
6202002	62020	2	势能同频	Assets/Product/Texture/Image/IconPetSkill/Pet3QuanSkillbeidong03.png	掣矩释放主动技后，携带角色攻击力提高<color=#0f70bc>48</color>，持续<color=#0f70bc>8</color>秒。
6202003	62020	3	势能同频	Assets/Product/Texture/Image/IconPetSkill/Pet3QuanSkillbeidong03.png	掣矩释放主动技后，携带角色攻击力提高<color=#0f70bc>72</color>，持续<color=#0f70bc>8</color>秒。
6202004	62020	4	势能同频	Assets/Product/Texture/Image/IconPetSkill/Pet3QuanSkillbeidong03.png	掣矩释放主动技后，携带角色攻击力提高<color=#0f70bc>96</color>，持续<color=#0f70bc>8</color>秒。
6202005	62020	5	势能同频	Assets/Product/Texture/Image/IconPetSkill/Pet3QuanSkillbeidong03.png	掣矩释放主动技后，携带角色攻击力提高<color=#0f70bc>120</color>，持续<color=#0f70bc>8</color>秒。
6203001	62030	1	坠焰爆容	Assets/Product/Texture/Image/IconPetSkill/Pet3QuanSkillbeidong04.png	携带角色火属性伤害提高<color=#0f70bc>2%</color>
6203002	62030	2	坠焰爆容	Assets/Product/Texture/Image/IconPetSkill/Pet3QuanSkillbeidong04.png	携带角色火属性伤害提高<color=#0f70bc>4%</color>
6203003	62030	3	坠焰爆容	Assets/Product/Texture/Image/IconPetSkill/Pet3QuanSkillbeidong04.png	携带角色火属性伤害提高<color=#0f70bc>6%</color>
6203004	62030	4	坠焰爆容	Assets/Product/Texture/Image/IconPetSkill/Pet3QuanSkillbeidong04.png	携带角色火属性伤害提高<color=#0f70bc>8%</color>
6203005	62030	5	坠焰爆容	Assets/Product/Texture/Image/IconPetSkill/Pet3QuanSkillbeidong04.png	携带角色火属性伤害提高<color=#0f70bc>10%</color>
6204001	62040	1	虚维重叠之刻	Assets/Product/Texture/Image/IconPetSkill/Pet3QuanSkillbeidong05.png	里·超刻携带掣矩时，<color=#0f70bc>超维劫击</color>及<color=#0f70bc>界域崩解</color>基础伤害增加<color=#0f70bc>5%</color>；释放<color=#0f70bc>现界穿越</color>及<color=#0f70bc>因果收束</color>时将召唤掣矩释放<color=#0f70bc>空谴震罚</color>协助攻击，根据掣矩主动技<color=#0f70bc>空谴震罚</color>的技能等级对敌人造成伤害。
6204002	62040	2	虚维重叠之刻	Assets/Product/Texture/Image/IconPetSkill/Pet3QuanSkillbeidong05.png	里·超刻携带掣矩时，<color=#0f70bc>超维劫击</color>及<color=#0f70bc>界域崩解</color>基础伤害增加<color=#0f70bc>10%</color>；释放<color=#0f70bc>现界穿越</color>及<color=#0f70bc>因果收束</color>时将召唤掣矩释放<color=#0f70bc>空谴震罚</color>协助攻击，根据掣矩主动技<color=#0f70bc>空谴震罚</color>的技能等级对敌人造成伤害。
6204003	62040	3	虚维重叠之刻	Assets/Product/Texture/Image/IconPetSkill/Pet3QuanSkillbeidong05.png	里·超刻携带掣矩时，<color=#0f70bc>超维劫击</color>及<color=#0f70bc>界域崩解</color>基础伤害增加<color=#0f70bc>15%</color>；释放<color=#0f70bc>现界穿越</color>及<color=#0f70bc>因果收束</color>时将召唤掣矩释放<color=#0f70bc>空谴震罚</color>协助攻击，根据掣矩主动技<color=#0f70bc>空谴震罚</color>的技能等级对敌人造成伤害。
6204004	62040	4	虚维重叠之刻	Assets/Product/Texture/Image/IconPetSkill/Pet3QuanSkillbeidong05.png	里·超刻携带掣矩时，<color=#0f70bc>超维劫击</color>及<color=#0f70bc>界域崩解</color>基础伤害增加<color=#0f70bc>20%</color>；释放<color=#0f70bc>现界穿越</color>及<color=#0f70bc>因果收束</color>时将召唤掣矩释放<color=#0f70bc>空谴震罚</color>协助攻击，根据掣矩主动技<color=#0f70bc>空谴震罚</color>的技能等级对敌人造成伤害。
6204005	62040	5	虚维重叠之刻	Assets/Product/Texture/Image/IconPetSkill/Pet3QuanSkillbeidong05.png	里·超刻携带掣矩时，<color=#0f70bc>超维劫击</color>及<color=#0f70bc>界域崩解</color>基础伤害增加<color=#0f70bc>25%</color>；释放<color=#0f70bc>现界穿越</color>及<color=#0f70bc>因果收束</color>时将召唤掣矩释放<color=#0f70bc>空谴震罚</color>协助攻击，根据掣矩主动技<color=#0f70bc>空谴震罚</color>的技能等级对敌人造成伤害。
127101	1271	1	曲光虹吸·物	Assets/Product/Texture/Image/IconPetSkill/Pet3WuzeiSkillzhudong05.png	任意消除6个基础信号球后，会激活辅助机按钮，游动到目标身边，聚集范围内的敌人并造成<color=#0f70bc>100%</color>物理伤害，随后引发炫丽的能量爆炸，对范围内的敌人造成<color=#0f70bc>200%</color>物理伤害。
127102	1271	2	曲光虹吸·物	Assets/Product/Texture/Image/IconPetSkill/Pet3WuzeiSkillzhudong05.png	任意消除6个基础信号球后，会激活辅助机按钮，游动到目标身边，聚集范围内的敌人并造成<color=#0f70bc>200%</color>物理伤害，随后引发炫丽的能量爆炸，对范围内的敌人造成<color=#0f70bc>400%</color>物理伤害。
127103	1271	3	曲光虹吸·物	Assets/Product/Texture/Image/IconPetSkill/Pet3WuzeiSkillzhudong05.png	任意消除6个基础信号球后，会激活辅助机按钮，游动到目标身边，聚集范围内的敌人并造成<color=#0f70bc>300%</color>物理伤害，随后引发炫丽的能量爆炸，对范围内的敌人造成<color=#0f70bc>600%</color>物理伤害。
127104	1271	4	曲光虹吸·物	Assets/Product/Texture/Image/IconPetSkill/Pet3WuzeiSkillzhudong05.png	任意消除6个基础信号球后，会激活辅助机按钮，游动到目标身边，聚集范围内的敌人并造成<color=#0f70bc>400%</color>物理伤害，随后引发炫丽的能量爆炸，对范围内的敌人造成<color=#0f70bc>800%</color>物理伤害。
127105	1271	5	曲光虹吸·物	Assets/Product/Texture/Image/IconPetSkill/Pet3WuzeiSkillzhudong05.png	任意消除6个基础信号球后，会激活辅助机按钮，游动到目标身边，聚集范围内的敌人并造成<color=#0f70bc>500%</color>物理伤害，随后引发炫丽的能量爆炸，对范围内的敌人造成<color=#0f70bc>1000%</color>物理伤害。
127201	1272	1	曲光虹吸·火	Assets/Product/Texture/Image/IconPetSkill/Pet3WuzeiSkillzhudong01.png	任意消除6个基础信号球后，会激活辅助机按钮，游动到目标身边，聚集范围内的敌人并造成<color=#0f70bc>100%</color>火属性伤害，随后引发炫丽的能量爆炸，对范围内的敌人造成<color=#0f70bc>200%</color>火属性伤害。
127202	1272	2	曲光虹吸·火	Assets/Product/Texture/Image/IconPetSkill/Pet3WuzeiSkillzhudong01.png	任意消除6个基础信号球后，会激活辅助机按钮，游动到目标身边，聚集范围内的敌人并造成<color=#0f70bc>200%</color>火属性伤害，随后引发炫丽的能量爆炸，对范围内的敌人造成<color=#0f70bc>400%</color>火属性伤害。
127203	1272	3	曲光虹吸·火	Assets/Product/Texture/Image/IconPetSkill/Pet3WuzeiSkillzhudong01.png	任意消除6个基础信号球后，会激活辅助机按钮，游动到目标身边，聚集范围内的敌人并造成<color=#0f70bc>300%</color>火属性伤害，随后引发炫丽的能量爆炸，对范围内的敌人造成<color=#0f70bc>600%</color>火属性伤害。
127204	1272	4	曲光虹吸·火	Assets/Product/Texture/Image/IconPetSkill/Pet3WuzeiSkillzhudong01.png	任意消除6个基础信号球后，会激活辅助机按钮，游动到目标身边，聚集范围内的敌人并造成<color=#0f70bc>400%</color>火属性伤害，随后引发炫丽的能量爆炸，对范围内的敌人造成<color=#0f70bc>800%</color>火属性伤害。
127205	1272	5	曲光虹吸·火	Assets/Product/Texture/Image/IconPetSkill/Pet3WuzeiSkillzhudong01.png	任意消除6个基础信号球后，会激活辅助机按钮，游动到目标身边，聚集范围内的敌人并造成<color=#0f70bc>500%</color>火属性伤害，随后引发炫丽的能量爆炸，对范围内的敌人造成<color=#0f70bc>1000%</color>火属性伤害。
127301	1273	1	曲光虹吸·冰	Assets/Product/Texture/Image/IconPetSkill/Pet3WuzeiSkillzhudong02.png	任意消除6个基础信号球后，会激活辅助机按钮，游动到目标身边，聚集范围内的敌人并造成<color=#0f70bc>100%</color>冰属性伤害，随后引发炫丽的能量爆炸，对范围内的敌人造成<color=#0f70bc>200%</color>冰属性伤害。
127302	1273	2	曲光虹吸·冰	Assets/Product/Texture/Image/IconPetSkill/Pet3WuzeiSkillzhudong02.png	任意消除6个基础信号球后，会激活辅助机按钮，游动到目标身边，聚集范围内的敌人并造成<color=#0f70bc>200%</color>冰属性伤害，随后引发炫丽的能量爆炸，对范围内的敌人造成<color=#0f70bc>400%</color>冰属性伤害。
127303	1273	3	曲光虹吸·冰	Assets/Product/Texture/Image/IconPetSkill/Pet3WuzeiSkillzhudong02.png	任意消除6个基础信号球后，会激活辅助机按钮，游动到目标身边，聚集范围内的敌人并造成<color=#0f70bc>300%</color>冰属性伤害，随后引发炫丽的能量爆炸，对范围内的敌人造成<color=#0f70bc>600%</color>冰属性伤害。
127304	1273	4	曲光虹吸·冰	Assets/Product/Texture/Image/IconPetSkill/Pet3WuzeiSkillzhudong02.png	任意消除6个基础信号球后，会激活辅助机按钮，游动到目标身边，聚集范围内的敌人并造成<color=#0f70bc>400%</color>冰属性伤害，随后引发炫丽的能量爆炸，对范围内的敌人造成<color=#0f70bc>800%</color>冰属性伤害。
127305	1273	5	曲光虹吸·冰	Assets/Product/Texture/Image/IconPetSkill/Pet3WuzeiSkillzhudong02.png	任意消除6个基础信号球后，会激活辅助机按钮，游动到目标身边，聚集范围内的敌人并造成<color=#0f70bc>500%</color>冰属性伤害，随后引发炫丽的能量爆炸，对范围内的敌人造成<color=#0f70bc>1000%</color>冰属性伤害。
127401	1274	1	曲光虹吸·雷	Assets/Product/Texture/Image/IconPetSkill/Pet3WuzeiSkillzhudong03.png	任意消除6个基础信号球后，会激活辅助机按钮，游动到目标身边，聚集范围内的敌人并造成<color=#0f70bc>100%</color>雷属性伤害，随后引发炫丽的能量爆炸，对范围内的敌人造成<color=#0f70bc>200%</color>雷属性伤害。
127402	1274	2	曲光虹吸·雷	Assets/Product/Texture/Image/IconPetSkill/Pet3WuzeiSkillzhudong03.png	任意消除6个基础信号球后，会激活辅助机按钮，游动到目标身边，聚集范围内的敌人并造成<color=#0f70bc>200%</color>雷属性伤害，随后引发炫丽的能量爆炸，对范围内的敌人造成<color=#0f70bc>400%</color>雷属性伤害。
127403	1274	3	曲光虹吸·雷	Assets/Product/Texture/Image/IconPetSkill/Pet3WuzeiSkillzhudong03.png	任意消除6个基础信号球后，会激活辅助机按钮，游动到目标身边，聚集范围内的敌人并造成<color=#0f70bc>300%</color>雷属性伤害，随后引发炫丽的能量爆炸，对范围内的敌人造成<color=#0f70bc>600%</color>雷属性伤害。
127404	1274	4	曲光虹吸·雷	Assets/Product/Texture/Image/IconPetSkill/Pet3WuzeiSkillzhudong03.png	任意消除6个基础信号球后，会激活辅助机按钮，游动到目标身边，聚集范围内的敌人并造成<color=#0f70bc>400%</color>雷属性伤害，随后引发炫丽的能量爆炸，对范围内的敌人造成<color=#0f70bc>800%</color>雷属性伤害。
127405	1274	5	曲光虹吸·雷	Assets/Product/Texture/Image/IconPetSkill/Pet3WuzeiSkillzhudong03.png	任意消除6个基础信号球后，会激活辅助机按钮，游动到目标身边，聚集范围内的敌人并造成<color=#0f70bc>500%</color>雷属性伤害，随后引发炫丽的能量爆炸，对范围内的敌人造成<color=#0f70bc>1000%</color>雷属性伤害。
127501	1275	1	曲光虹吸·暗	Assets/Product/Texture/Image/IconPetSkill/Pet3WuzeiSkillzhudong04.png	任意消除6个基础信号球后，会激活辅助机按钮，游动到目标身边，聚集范围内的敌人并造成<color=#0f70bc>100%</color>暗属性伤害，随后引发炫丽的能量爆炸，对范围内的敌人造成<color=#0f70bc>200%</color>暗属性伤害。
127502	1275	2	曲光虹吸·暗	Assets/Product/Texture/Image/IconPetSkill/Pet3WuzeiSkillzhudong04.png	任意消除6个基础信号球后，会激活辅助机按钮，游动到目标身边，聚集范围内的敌人并造成<color=#0f70bc>200%</color>暗属性伤害，随后引发炫丽的能量爆炸，对范围内的敌人造成<color=#0f70bc>400%</color>暗属性伤害。
127503	1275	3	曲光虹吸·暗	Assets/Product/Texture/Image/IconPetSkill/Pet3WuzeiSkillzhudong04.png	任意消除6个基础信号球后，会激活辅助机按钮，游动到目标身边，聚集范围内的敌人并造成<color=#0f70bc>300%</color>暗属性伤害，随后引发炫丽的能量爆炸，对范围内的敌人造成<color=#0f70bc>600%</color>暗属性伤害。
127504	1275	4	曲光虹吸·暗	Assets/Product/Texture/Image/IconPetSkill/Pet3WuzeiSkillzhudong04.png	任意消除6个基础信号球后，会激活辅助机按钮，游动到目标身边，聚集范围内的敌人并造成<color=#0f70bc>400%</color>暗属性伤害，随后引发炫丽的能量爆炸，对范围内的敌人造成<color=#0f70bc>800%</color>暗属性伤害。
127505	1275	5	曲光虹吸·暗	Assets/Product/Texture/Image/IconPetSkill/Pet3WuzeiSkillzhudong04.png	任意消除6个基础信号球后，会激活辅助机按钮，游动到目标身边，聚集范围内的敌人并造成<color=#0f70bc>500%</color>暗属性伤害，随后引发炫丽的能量爆炸，对范围内的敌人造成<color=#0f70bc>1000%</color>暗属性伤害。
127601	1276	1	曲光虹吸·空	Assets/Product/Texture/Image/IconPetSkill/Pet3WuzeiSkillzhudong06.png	任意消除6个基础信号球后，会激活辅助机按钮，游动到目标身边，聚集范围内的敌人并造成<color=#0f70bc>100%</color>空属性伤害，随后引发炫丽的能量爆炸，对范围内的敌人造成<color=#0f70bc>200%</color>空属性伤害。
127602	1276	2	曲光虹吸·空	Assets/Product/Texture/Image/IconPetSkill/Pet3WuzeiSkillzhudong06.png	任意消除6个基础信号球后，会激活辅助机按钮，游动到目标身边，聚集范围内的敌人并造成<color=#0f70bc>200%</color>空属性伤害，随后引发炫丽的能量爆炸，对范围内的敌人造成<color=#0f70bc>400%</color>空属性伤害。
127603	1276	3	曲光虹吸·空	Assets/Product/Texture/Image/IconPetSkill/Pet3WuzeiSkillzhudong06.png	任意消除6个基础信号球后，会激活辅助机按钮，游动到目标身边，聚集范围内的敌人并造成<color=#0f70bc>300%</color>空属性伤害，随后引发炫丽的能量爆炸，对范围内的敌人造成<color=#0f70bc>600%</color>空属性伤害。
127604	1276	4	曲光虹吸·空	Assets/Product/Texture/Image/IconPetSkill/Pet3WuzeiSkillzhudong06.png	任意消除6个基础信号球后，会激活辅助机按钮，游动到目标身边，聚集范围内的敌人并造成<color=#0f70bc>400%</color>空属性伤害，随后引发炫丽的能量爆炸，对范围内的敌人造成<color=#0f70bc>800%</color>空属性伤害。
127605	1276	5	曲光虹吸·空	Assets/Product/Texture/Image/IconPetSkill/Pet3WuzeiSkillzhudong06.png	任意消除6个基础信号球后，会激活辅助机按钮，游动到目标身边，聚集范围内的敌人并造成<color=#0f70bc>500%</color>空属性伤害，随后引发炫丽的能量爆炸，对范围内的敌人造成<color=#0f70bc>1000%</color>空属性伤害。
128101	1281	1	潋光曳行·物	Assets/Product/Texture/Image/IconPetSkill/Pet3WuzeiSkillzhudong05.png	任意消除6个基础信号球后，会激活辅助机按钮，快速往前方游动，对前方的敌人造成3次<color=#0f70bc>65%</color>物理伤害，迅速返回并对沿途的敌人造成3次<color=#0f70bc>90%</color>物理伤害。
128102	1281	2	潋光曳行·物	Assets/Product/Texture/Image/IconPetSkill/Pet3WuzeiSkillzhudong05.png	任意消除6个基础信号球后，会激活辅助机按钮，快速往前方游动，对前方的敌人造成3次<color=#0f70bc>130%</color>物理伤害，迅速返回并对沿途的敌人造成3次<color=#0f70bc>180%</color>物理伤害。
128103	1281	3	潋光曳行·物	Assets/Product/Texture/Image/IconPetSkill/Pet3WuzeiSkillzhudong05.png	任意消除6个基础信号球后，会激活辅助机按钮，快速往前方游动，对前方的敌人造成3次<color=#0f70bc>195%</color>物理伤害，迅速返回并对沿途的敌人造成3次<color=#0f70bc>270%</color>物理伤害。
128104	1281	4	潋光曳行·物	Assets/Product/Texture/Image/IconPetSkill/Pet3WuzeiSkillzhudong05.png	任意消除6个基础信号球后，会激活辅助机按钮，快速往前方游动，对前方的敌人造成3次<color=#0f70bc>260%</color>物理伤害，迅速返回并对沿途的敌人造成3次<color=#0f70bc>360%</color>物理伤害。
128105	1281	5	潋光曳行·物	Assets/Product/Texture/Image/IconPetSkill/Pet3WuzeiSkillzhudong05.png	任意消除6个基础信号球后，会激活辅助机按钮，快速往前方游动，对前方的敌人造成3次<color=#0f70bc>325%</color>物理伤害，迅速返回并对沿途的敌人造成3次<color=#0f70bc>450%</color>物理伤害。
128201	1282	1	潋光曳行·火	Assets/Product/Texture/Image/IconPetSkill/Pet3WuzeiSkillzhudong01.png	任意消除6个基础信号球后，会激活辅助机按钮，快速往前方游动，对前方的敌人造成3次<color=#0f70bc>65%</color>火属性伤害，迅速返回并对沿途的敌人造成3次<color=#0f70bc>90%</color>火属性伤害。
128202	1282	2	潋光曳行·火	Assets/Product/Texture/Image/IconPetSkill/Pet3WuzeiSkillzhudong01.png	任意消除6个基础信号球后，会激活辅助机按钮，快速往前方游动，对前方的敌人造成3次<color=#0f70bc>130%</color>火属性伤害，迅速返回并对沿途的敌人造成3次<color=#0f70bc>180%</color>火属性伤害。
128203	1282	3	潋光曳行·火	Assets/Product/Texture/Image/IconPetSkill/Pet3WuzeiSkillzhudong01.png	任意消除6个基础信号球后，会激活辅助机按钮，快速往前方游动，对前方的敌人造成3次<color=#0f70bc>195%</color>火属性伤害，迅速返回并对沿途的敌人造成3次<color=#0f70bc>270%</color>火属性伤害。
128204	1282	4	潋光曳行·火	Assets/Product/Texture/Image/IconPetSkill/Pet3WuzeiSkillzhudong01.png	任意消除6个基础信号球后，会激活辅助机按钮，快速往前方游动，对前方的敌人造成3次<color=#0f70bc>260%</color>火属性伤害，迅速返回并对沿途的敌人造成3次<color=#0f70bc>360%</color>火属性伤害。
128205	1282	5	潋光曳行·火	Assets/Product/Texture/Image/IconPetSkill/Pet3WuzeiSkillzhudong01.png	任意消除6个基础信号球后，会激活辅助机按钮，快速往前方游动，对前方的敌人造成3次<color=#0f70bc>325%</color>火属性伤害，迅速返回并对沿途的敌人造成3次<color=#0f70bc>450%</color>火属性伤害。
128301	1283	1	潋光曳行·冰	Assets/Product/Texture/Image/IconPetSkill/Pet3WuzeiSkillzhudong02.png	任意消除6个基础信号球后，会激活辅助机按钮，快速往前方游动，对前方的敌人造成3次<color=#0f70bc>65%</color>冰属性伤害，迅速返回并对沿途的敌人造成3次<color=#0f70bc>90%</color>冰属性伤害。
128302	1283	2	潋光曳行·冰	Assets/Product/Texture/Image/IconPetSkill/Pet3WuzeiSkillzhudong02.png	任意消除6个基础信号球后，会激活辅助机按钮，快速往前方游动，对前方的敌人造成3次<color=#0f70bc>130%</color>冰属性伤害，迅速返回并对沿途的敌人造成3次<color=#0f70bc>180%</color>冰属性伤害。
128303	1283	3	潋光曳行·冰	Assets/Product/Texture/Image/IconPetSkill/Pet3WuzeiSkillzhudong02.png	任意消除6个基础信号球后，会激活辅助机按钮，快速往前方游动，对前方的敌人造成3次<color=#0f70bc>195%</color>冰属性伤害，迅速返回并对沿途的敌人造成3次<color=#0f70bc>270%</color>冰属性伤害。
128304	1283	4	潋光曳行·冰	Assets/Product/Texture/Image/IconPetSkill/Pet3WuzeiSkillzhudong02.png	任意消除6个基础信号球后，会激活辅助机按钮，快速往前方游动，对前方的敌人造成3次<color=#0f70bc>260%</color>冰属性伤害，迅速返回并对沿途的敌人造成3次<color=#0f70bc>360%</color>冰属性伤害。
128305	1283	5	潋光曳行·冰	Assets/Product/Texture/Image/IconPetSkill/Pet3WuzeiSkillzhudong02.png	任意消除6个基础信号球后，会激活辅助机按钮，快速往前方游动，对前方的敌人造成3次<color=#0f70bc>325%</color>冰属性伤害，迅速返回并对沿途的敌人造成3次<color=#0f70bc>450%</color>冰属性伤害。
128401	1284	1	潋光曳行·雷	Assets/Product/Texture/Image/IconPetSkill/Pet3WuzeiSkillzhudong03.png	任意消除6个基础信号球后，会激活辅助机按钮，快速往前方游动，对前方的敌人造成3次<color=#0f70bc>65%</color>雷属性伤害，迅速返回并对沿途的敌人造成3次<color=#0f70bc>90%</color>雷属性伤害。
128402	1284	2	潋光曳行·雷	Assets/Product/Texture/Image/IconPetSkill/Pet3WuzeiSkillzhudong03.png	任意消除6个基础信号球后，会激活辅助机按钮，快速往前方游动，对前方的敌人造成3次<color=#0f70bc>130%</color>雷属性伤害，迅速返回并对沿途的敌人造成3次<color=#0f70bc>180%</color>雷属性伤害。
128403	1284	3	潋光曳行·雷	Assets/Product/Texture/Image/IconPetSkill/Pet3WuzeiSkillzhudong03.png	任意消除6个基础信号球后，会激活辅助机按钮，快速往前方游动，对前方的敌人造成3次<color=#0f70bc>195%</color>雷属性伤害，迅速返回并对沿途的敌人造成3次<color=#0f70bc>270%</color>雷属性伤害。
128404	1284	4	潋光曳行·雷	Assets/Product/Texture/Image/IconPetSkill/Pet3WuzeiSkillzhudong03.png	任意消除6个基础信号球后，会激活辅助机按钮，快速往前方游动，对前方的敌人造成3次<color=#0f70bc>260%</color>雷属性伤害，迅速返回并对沿途的敌人造成3次<color=#0f70bc>360%</color>雷属性伤害。
128405	1284	5	潋光曳行·雷	Assets/Product/Texture/Image/IconPetSkill/Pet3WuzeiSkillzhudong03.png	任意消除6个基础信号球后，会激活辅助机按钮，快速往前方游动，对前方的敌人造成3次<color=#0f70bc>325%</color>雷属性伤害，迅速返回并对沿途的敌人造成3次<color=#0f70bc>450%</color>雷属性伤害。
128501	1285	1	潋光曳行·暗	Assets/Product/Texture/Image/IconPetSkill/Pet3WuzeiSkillzhudong04.png	任意消除6个基础信号球后，会激活辅助机按钮，快速往前方游动，对前方的敌人造成3次<color=#0f70bc>65%</color>暗属性伤害，迅速返回并对沿途的敌人造成3次<color=#0f70bc>90%</color>暗属性伤害。
128502	1285	2	潋光曳行·暗	Assets/Product/Texture/Image/IconPetSkill/Pet3WuzeiSkillzhudong04.png	任意消除6个基础信号球后，会激活辅助机按钮，快速往前方游动，对前方的敌人造成3次<color=#0f70bc>130%</color>暗属性伤害，迅速返回并对沿途的敌人造成3次<color=#0f70bc>180%</color>暗属性伤害。
128503	1285	3	潋光曳行·暗	Assets/Product/Texture/Image/IconPetSkill/Pet3WuzeiSkillzhudong04.png	任意消除6个基础信号球后，会激活辅助机按钮，快速往前方游动，对前方的敌人造成3次<color=#0f70bc>195%</color>暗属性伤害，迅速返回并对沿途的敌人造成3次<color=#0f70bc>270%</color>暗属性伤害。
128504	1285	4	潋光曳行·暗	Assets/Product/Texture/Image/IconPetSkill/Pet3WuzeiSkillzhudong04.png	任意消除6个基础信号球后，会激活辅助机按钮，快速往前方游动，对前方的敌人造成3次<color=#0f70bc>260%</color>暗属性伤害，迅速返回并对沿途的敌人造成3次<color=#0f70bc>360%</color>暗属性伤害。
128505	1285	5	潋光曳行·暗	Assets/Product/Texture/Image/IconPetSkill/Pet3WuzeiSkillzhudong04.png	任意消除6个基础信号球后，会激活辅助机按钮，快速往前方游动，对前方的敌人造成3次<color=#0f70bc>325%</color>暗属性伤害，迅速返回并对沿途的敌人造成3次<color=#0f70bc>450%</color>暗属性伤害。
128601	1286	1	潋光曳行·空	Assets/Product/Texture/Image/IconPetSkill/Pet3WuzeiSkillzhudong06.png	任意消除6个基础信号球后，会激活辅助机按钮，快速往前方游动，对前方的敌人造成3次<color=#0f70bc>65%</color>空属性伤害，迅速返回并对沿途的敌人造成3次<color=#0f70bc>90%</color>空属性伤害。
128602	1286	2	潋光曳行·空	Assets/Product/Texture/Image/IconPetSkill/Pet3WuzeiSkillzhudong06.png	任意消除6个基础信号球后，会激活辅助机按钮，快速往前方游动，对前方的敌人造成3次<color=#0f70bc>130%</color>空属性伤害，迅速返回并对沿途的敌人造成3次<color=#0f70bc>180%</color>空属性伤害。
128603	1286	3	潋光曳行·空	Assets/Product/Texture/Image/IconPetSkill/Pet3WuzeiSkillzhudong06.png	任意消除6个基础信号球后，会激活辅助机按钮，快速往前方游动，对前方的敌人造成3次<color=#0f70bc>195%</color>空属性伤害，迅速返回并对沿途的敌人造成3次<color=#0f70bc>270%</color>空属性伤害。
128604	1286	4	潋光曳行·空	Assets/Product/Texture/Image/IconPetSkill/Pet3WuzeiSkillzhudong06.png	任意消除6个基础信号球后，会激活辅助机按钮，快速往前方游动，对前方的敌人造成3次<color=#0f70bc>260%</color>空属性伤害，迅速返回并对沿途的敌人造成3次<color=#0f70bc>360%</color>空属性伤害。
128605	1286	5	潋光曳行·空	Assets/Product/Texture/Image/IconPetSkill/Pet3WuzeiSkillzhudong06.png	任意消除6个基础信号球后，会激活辅助机按钮，快速往前方游动，对前方的敌人造成3次<color=#0f70bc>325%</color>空属性伤害，迅速返回并对沿途的敌人造成3次<color=#0f70bc>450%</color>空属性伤害。
6300001	63000	1	极彩之触	Assets/Product/Texture/Image/IconPetSkill/Pet3WuzeiSkillbeidong01.png	虹霁主动技伤害提高<color=#0f70bc>14%</color>
6300002	63000	2	极彩之触	Assets/Product/Texture/Image/IconPetSkill/Pet3WuzeiSkillbeidong01.png	虹霁主动技伤害提高<color=#0f70bc>28%</color>
6300003	63000	3	极彩之触	Assets/Product/Texture/Image/IconPetSkill/Pet3WuzeiSkillbeidong01.png	虹霁主动技伤害提高<color=#0f70bc>42%</color>
6300004	63000	4	极彩之触	Assets/Product/Texture/Image/IconPetSkill/Pet3WuzeiSkillbeidong01.png	虹霁主动技伤害提高<color=#0f70bc>56%</color>
6300005	63000	5	极彩之触	Assets/Product/Texture/Image/IconPetSkill/Pet3WuzeiSkillbeidong01.png	虹霁主动技伤害提高<color=#0f70bc>70%</color>
6301001	63010	1	梦想连珠	Assets/Product/Texture/Image/IconPetSkill/Pet3HeSkillbeidong02.png	携带角色攻击力提高<color=#0f70bc>20</color>
6301002	63010	2	梦想连珠	Assets/Product/Texture/Image/IconPetSkill/Pet3HeSkillbeidong02.png	携带角色攻击力提高<color=#0f70bc>40</color>
6301003	63010	3	梦想连珠	Assets/Product/Texture/Image/IconPetSkill/Pet3HeSkillbeidong02.png	携带角色攻击力提高<color=#0f70bc>60</color>
6301004	63010	4	梦想连珠	Assets/Product/Texture/Image/IconPetSkill/Pet3HeSkillbeidong02.png	携带角色攻击力提高<color=#0f70bc>80</color>
6301005	63010	5	梦想连珠	Assets/Product/Texture/Image/IconPetSkill/Pet3HeSkillbeidong02.png	携带角色攻击力提高<color=#0f70bc>100</color>
6302001	63020	1	飞越虹桥	Assets/Product/Texture/Image/IconPetSkill/Pet3WuzeiSkillbeidong03.png	虹霁释放主动技后，携带角色额外伤害加成提高<color=#0f70bc>0.8%</color>，最多叠加3层。
6302002	63020	2	飞越虹桥	Assets/Product/Texture/Image/IconPetSkill/Pet3WuzeiSkillbeidong03.png	虹霁释放主动技后，携带角色额外伤害加成提高<color=#0f70bc>1.6%</color>，最多叠加3层。
6302003	63020	3	飞越虹桥	Assets/Product/Texture/Image/IconPetSkill/Pet3WuzeiSkillbeidong03.png	虹霁释放主动技后，携带角色额外伤害加成提高<color=#0f70bc>2.4%</color>，最多叠加3层。
6302004	63020	4	飞越虹桥	Assets/Product/Texture/Image/IconPetSkill/Pet3WuzeiSkillbeidong03.png	虹霁释放主动技后，携带角色额外伤害加成提高<color=#0f70bc>3.2%</color>，最多叠加3层。
6302005	63020	5	飞越虹桥	Assets/Product/Texture/Image/IconPetSkill/Pet3WuzeiSkillbeidong03.png	虹霁释放主动技后，携带角色额外伤害加成提高<color=#0f70bc>4%</color>，最多叠加3层。
6303001	63030	1	钻石星晨	Assets/Product/Texture/Image/IconPetSkill/Pet3WuzeiSkillbeidong04.png	携带角色冰属性伤害提高<color=#0f70bc>2%</color>
6303002	63030	2	钻石星晨	Assets/Product/Texture/Image/IconPetSkill/Pet3WuzeiSkillbeidong04.png	携带角色冰属性伤害提高<color=#0f70bc>4%</color>
6303003	63030	3	钻石星晨	Assets/Product/Texture/Image/IconPetSkill/Pet3WuzeiSkillbeidong04.png	携带角色冰属性伤害提高<color=#0f70bc>6%</color>
6303004	63030	4	钻石星晨	Assets/Product/Texture/Image/IconPetSkill/Pet3WuzeiSkillbeidong04.png	携带角色冰属性伤害提高<color=#0f70bc>8%</color>
6303005	63030	5	钻石星晨	Assets/Product/Texture/Image/IconPetSkill/Pet3WuzeiSkillbeidong04.png	携带角色冰属性伤害提高<color=#0f70bc>10%</color>
6304001	63040	1	心象风暴	Assets/Product/Texture/Image/IconPetSkill/Pet3WuzeiSkillbeidong05.png	艾拉·万华释放<color=#0f70bc>纯色·主题强调</color>、<color=#0f70bc>混色·概念碰撞</color>时基础伤害提升<color=#0f70bc>6%</color>，虹霁聚集周围的敌人并造成3次<color=#0f70bc>20%</color>冰属性伤害；释放<color=#0f70bc>幻彩笔触</color>时基础伤害提升<color=#0f70bc>6%</color>，虹霁释放简易主动技进行协同攻击，冷却时间2秒。
6304002	63040	2	心象风暴	Assets/Product/Texture/Image/IconPetSkill/Pet3WuzeiSkillbeidong05.png	艾拉·万华释放<color=#0f70bc>纯色·主题强调</color>、<color=#0f70bc>混色·概念碰撞</color>时基础伤害提升<color=#0f70bc>12%</color>，虹霁聚集周围的敌人并造成3次<color=#0f70bc>40%</color>冰属性伤害；释放<color=#0f70bc>幻彩笔触</color>时基础伤害提升<color=#0f70bc>12%</color>，虹霁释放简易主动技进行协同攻击，冷却时间2秒。
6304003	63040	3	心象风暴	Assets/Product/Texture/Image/IconPetSkill/Pet3WuzeiSkillbeidong05.png	艾拉·万华释放<color=#0f70bc>纯色·主题强调</color>、<color=#0f70bc>混色·概念碰撞</color>时基础伤害提升<color=#0f70bc>18%</color>，虹霁聚集周围的敌人并造成3次<color=#0f70bc>60%</color>冰属性伤害；释放<color=#0f70bc>幻彩笔触</color>时基础伤害提升<color=#0f70bc>18%</color>，虹霁释放简易主动技进行协同攻击，冷却时间2秒。
6304004	63040	4	心象风暴	Assets/Product/Texture/Image/IconPetSkill/Pet3WuzeiSkillbeidong05.png	艾拉·万华释放<color=#0f70bc>纯色·主题强调</color>、<color=#0f70bc>混色·概念碰撞</color>时基础伤害提升<color=#0f70bc>24%</color>，虹霁聚集周围的敌人并造成3次<color=#0f70bc>80%</color>冰属性伤害；释放<color=#0f70bc>幻彩笔触</color>时基础伤害提升<color=#0f70bc>24%</color>，虹霁释放简易主动技进行协同攻击，冷却时间2秒。
6304005	63040	5	心象风暴	Assets/Product/Texture/Image/IconPetSkill/Pet3WuzeiSkillbeidong05.png	艾拉·万华释放<color=#0f70bc>纯色·主题强调</color>、<color=#0f70bc>混色·概念碰撞</color>时基础伤害提升<color=#0f70bc>30%</color>，虹霁聚集周围的敌人并造成3次<color=#0f70bc>100%</color>冰属性伤害；释放<color=#0f70bc>幻彩笔触</color>时基础伤害提升<color=#0f70bc>30%</color>，虹霁释放简易主动技进行协同攻击，冷却时间2秒。
129101	1291	1	苍霆涌彻·物	Assets/Product/Texture/Image/IconPetSkill/Pet3MotorSkillzhudong05.png	任意消除6个基础信号球后，会激活辅助机按钮，加速冲向敌人，撞击敌人造成<color=#0f70bc>90%</color>物理伤害并留下聚能电流，持续聚集范围内的敌人并造成3次<color=#0f70bc>70%</color>物理伤害。
129102	1291	2	苍霆涌彻·物	Assets/Product/Texture/Image/IconPetSkill/Pet3MotorSkillzhudong05.png	任意消除6个基础信号球后，会激活辅助机按钮，加速冲向敌人，撞击敌人造成<color=#0f70bc>180%</color>物理伤害并留下聚能电流，持续聚集范围内的敌人并造成3次<color=#0f70bc>140%</color>物理伤害。
129103	1291	3	苍霆涌彻·物	Assets/Product/Texture/Image/IconPetSkill/Pet3MotorSkillzhudong05.png	任意消除6个基础信号球后，会激活辅助机按钮，加速冲向敌人，撞击敌人造成<color=#0f70bc>270%</color>物理伤害并留下聚能电流，持续聚集范围内的敌人并造成3次<color=#0f70bc>210%</color>物理伤害。
129104	1291	4	苍霆涌彻·物	Assets/Product/Texture/Image/IconPetSkill/Pet3MotorSkillzhudong05.png	任意消除6个基础信号球后，会激活辅助机按钮，加速冲向敌人，撞击敌人造成<color=#0f70bc>360%</color>物理伤害并留下聚能电流，持续聚集范围内的敌人并造成3次<color=#0f70bc>280%</color>物理伤害。
129105	1291	5	苍霆涌彻·物	Assets/Product/Texture/Image/IconPetSkill/Pet3MotorSkillzhudong05.png	任意消除6个基础信号球后，会激活辅助机按钮，加速冲向敌人，撞击敌人造成<color=#0f70bc>450%</color>物理伤害并留下聚能电流，持续聚集范围内的敌人并造成3次<color=#0f70bc>350%</color>物理伤害。
129201	1292	1	苍霆涌彻·火	Assets/Product/Texture/Image/IconPetSkill/Pet3MotorSkillzhudong01.png	任意消除6个基础信号球后，会激活辅助机按钮，加速冲向敌人，撞击敌人造成<color=#0f70bc>90%</color>火属性伤害并留下聚能电流，持续聚集范围内的敌人并造成3次<color=#0f70bc>70%</color>火属性伤害。
129202	1292	2	苍霆涌彻·火	Assets/Product/Texture/Image/IconPetSkill/Pet3MotorSkillzhudong01.png	任意消除6个基础信号球后，会激活辅助机按钮，加速冲向敌人，撞击敌人造成<color=#0f70bc>180%</color>火属性伤害并留下聚能电流，持续聚集范围内的敌人并造成3次<color=#0f70bc>140%</color>火属性伤害。
129203	1292	3	苍霆涌彻·火	Assets/Product/Texture/Image/IconPetSkill/Pet3MotorSkillzhudong01.png	任意消除6个基础信号球后，会激活辅助机按钮，加速冲向敌人，撞击敌人造成<color=#0f70bc>270%</color>火属性伤害并留下聚能电流，持续聚集范围内的敌人并造成3次<color=#0f70bc>210%</color>火属性伤害。
129204	1292	4	苍霆涌彻·火	Assets/Product/Texture/Image/IconPetSkill/Pet3MotorSkillzhudong01.png	任意消除6个基础信号球后，会激活辅助机按钮，加速冲向敌人，撞击敌人造成<color=#0f70bc>360%</color>火属性伤害并留下聚能电流，持续聚集范围内的敌人并造成3次<color=#0f70bc>280%</color>火属性伤害。
129205	1292	5	苍霆涌彻·火	Assets/Product/Texture/Image/IconPetSkill/Pet3MotorSkillzhudong01.png	任意消除6个基础信号球后，会激活辅助机按钮，加速冲向敌人，撞击敌人造成<color=#0f70bc>450%</color>火属性伤害并留下聚能电流，持续聚集范围内的敌人并造成3次<color=#0f70bc>350%</color>火属性伤害。
129301	1293	1	苍霆涌彻·冰	Assets/Product/Texture/Image/IconPetSkill/Pet3MotorSkillzhudong02.png	任意消除6个基础信号球后，会激活辅助机按钮，加速冲向敌人，撞击敌人造成<color=#0f70bc>90%</color>冰属性伤害并留下聚能电流，持续聚集范围内的敌人并造成3次<color=#0f70bc>70%</color>冰属性伤害。
129302	1293	2	苍霆涌彻·冰	Assets/Product/Texture/Image/IconPetSkill/Pet3MotorSkillzhudong02.png	任意消除6个基础信号球后，会激活辅助机按钮，加速冲向敌人，撞击敌人造成<color=#0f70bc>180%</color>冰属性伤害并留下聚能电流，持续聚集范围内的敌人并造成3次<color=#0f70bc>140%</color>冰属性伤害。
129303	1293	3	苍霆涌彻·冰	Assets/Product/Texture/Image/IconPetSkill/Pet3MotorSkillzhudong02.png	任意消除6个基础信号球后，会激活辅助机按钮，加速冲向敌人，撞击敌人造成<color=#0f70bc>270%</color>冰属性伤害并留下聚能电流，持续聚集范围内的敌人并造成3次<color=#0f70bc>210%</color>冰属性伤害。
129304	1293	4	苍霆涌彻·冰	Assets/Product/Texture/Image/IconPetSkill/Pet3MotorSkillzhudong02.png	任意消除6个基础信号球后，会激活辅助机按钮，加速冲向敌人，撞击敌人造成<color=#0f70bc>360%</color>冰属性伤害并留下聚能电流，持续聚集范围内的敌人并造成3次<color=#0f70bc>280%</color>冰属性伤害。
129305	1293	5	苍霆涌彻·冰	Assets/Product/Texture/Image/IconPetSkill/Pet3MotorSkillzhudong02.png	任意消除6个基础信号球后，会激活辅助机按钮，加速冲向敌人，撞击敌人造成<color=#0f70bc>450%</color>冰属性伤害并留下聚能电流，持续聚集范围内的敌人并造成3次<color=#0f70bc>350%</color>冰属性伤害。
129401	1294	1	苍霆涌彻·雷	Assets/Product/Texture/Image/IconPetSkill/Pet3MotorSkillzhudong03.png	任意消除6个基础信号球后，会激活辅助机按钮，加速冲向敌人，撞击敌人造成<color=#0f70bc>90%</color>雷属性伤害并留下聚能电流，持续聚集范围内的敌人并造成3次<color=#0f70bc>70%</color>雷属性伤害。
129402	1294	2	苍霆涌彻·雷	Assets/Product/Texture/Image/IconPetSkill/Pet3MotorSkillzhudong03.png	任意消除6个基础信号球后，会激活辅助机按钮，加速冲向敌人，撞击敌人造成<color=#0f70bc>180%</color>雷属性伤害并留下聚能电流，持续聚集范围内的敌人并造成3次<color=#0f70bc>140%</color>雷属性伤害。
129403	1294	3	苍霆涌彻·雷	Assets/Product/Texture/Image/IconPetSkill/Pet3MotorSkillzhudong03.png	任意消除6个基础信号球后，会激活辅助机按钮，加速冲向敌人，撞击敌人造成<color=#0f70bc>270%</color>雷属性伤害并留下聚能电流，持续聚集范围内的敌人并造成3次<color=#0f70bc>210%</color>雷属性伤害。
129404	1294	4	苍霆涌彻·雷	Assets/Product/Texture/Image/IconPetSkill/Pet3MotorSkillzhudong03.png	任意消除6个基础信号球后，会激活辅助机按钮，加速冲向敌人，撞击敌人造成<color=#0f70bc>360%</color>雷属性伤害并留下聚能电流，持续聚集范围内的敌人并造成3次<color=#0f70bc>280%</color>雷属性伤害。
129405	1294	5	苍霆涌彻·雷	Assets/Product/Texture/Image/IconPetSkill/Pet3MotorSkillzhudong03.png	任意消除6个基础信号球后，会激活辅助机按钮，加速冲向敌人，撞击敌人造成<color=#0f70bc>450%</color>雷属性伤害并留下聚能电流，持续聚集范围内的敌人并造成3次<color=#0f70bc>350%</color>雷属性伤害。
129501	1295	1	苍霆涌彻·暗	Assets/Product/Texture/Image/IconPetSkill/Pet3MotorSkillzhudong04.png	任意消除6个基础信号球后，会激活辅助机按钮，加速冲向敌人，撞击敌人造成<color=#0f70bc>90%</color>暗属性并留下聚能电流，持续聚集范围内的敌人并造成3次<color=#0f70bc>70%</color>暗属性伤害。
129502	1295	2	苍霆涌彻·暗	Assets/Product/Texture/Image/IconPetSkill/Pet3MotorSkillzhudong04.png	任意消除6个基础信号球后，会激活辅助机按钮，加速冲向敌人，撞击敌人造成<color=#0f70bc>180%</color>暗属性并留下聚能电流，持续聚集范围内的敌人并造成3次<color=#0f70bc>140%</color>暗属性伤害。
129503	1295	3	苍霆涌彻·暗	Assets/Product/Texture/Image/IconPetSkill/Pet3MotorSkillzhudong04.png	任意消除6个基础信号球后，会激活辅助机按钮，加速冲向敌人，撞击敌人造成<color=#0f70bc>270%</color>暗属性并留下聚能电流，持续聚集范围内的敌人并造成3次<color=#0f70bc>210%</color>暗属性伤害。
129504	1295	4	苍霆涌彻·暗	Assets/Product/Texture/Image/IconPetSkill/Pet3MotorSkillzhudong04.png	任意消除6个基础信号球后，会激活辅助机按钮，加速冲向敌人，撞击敌人造成<color=#0f70bc>360%</color>暗属性并留下聚能电流，持续聚集范围内的敌人并造成3次<color=#0f70bc>280%</color>暗属性伤害。
129505	1295	5	苍霆涌彻·暗	Assets/Product/Texture/Image/IconPetSkill/Pet3MotorSkillzhudong04.png	任意消除6个基础信号球后，会激活辅助机按钮，加速冲向敌人，撞击敌人造成<color=#0f70bc>450%</color>暗属性并留下聚能电流，持续聚集范围内的敌人并造成3次<color=#0f70bc>350%</color>暗属性伤害。
129601	1296	1	苍霆涌彻·空	Assets/Product/Texture/Image/IconPetSkill/Pet3MotorSkillzhudong06.png	任意消除6个基础信号球后，会激活辅助机按钮，加速冲向敌人，撞击敌人造成<color=#0f70bc>90%</color>空属性并留下聚能电流，持续聚集范围内的敌人并造成3次<color=#0f70bc>70%</color>空属性伤害。
129602	1296	2	苍霆涌彻·空	Assets/Product/Texture/Image/IconPetSkill/Pet3MotorSkillzhudong06.png	任意消除6个基础信号球后，会激活辅助机按钮，加速冲向敌人，撞击敌人造成<color=#0f70bc>180%</color>空属性并留下聚能电流，持续聚集范围内的敌人并造成3次<color=#0f70bc>140%</color>空属性伤害。
129603	1296	3	苍霆涌彻·空	Assets/Product/Texture/Image/IconPetSkill/Pet3MotorSkillzhudong06.png	任意消除6个基础信号球后，会激活辅助机按钮，加速冲向敌人，撞击敌人造成<color=#0f70bc>270%</color>空属性并留下聚能电流，持续聚集范围内的敌人并造成3次<color=#0f70bc>210%</color>空属性伤害。
129604	1296	4	苍霆涌彻·空	Assets/Product/Texture/Image/IconPetSkill/Pet3MotorSkillzhudong06.png	任意消除6个基础信号球后，会激活辅助机按钮，加速冲向敌人，撞击敌人造成<color=#0f70bc>360%</color>空属性并留下聚能电流，持续聚集范围内的敌人并造成3次<color=#0f70bc>280%</color>空属性伤害。
129605	1296	5	苍霆涌彻·空	Assets/Product/Texture/Image/IconPetSkill/Pet3MotorSkillzhudong06.png	任意消除6个基础信号球后，会激活辅助机按钮，加速冲向敌人，撞击敌人造成<color=#0f70bc>450%</color>空属性并留下聚能电流，持续聚集范围内的敌人并造成3次<color=#0f70bc>350%</color>空属性伤害。
130101	1301	1	寰矩轮转·物	Assets/Product/Texture/Image/IconPetSkill/Pet3MotorSkillzhudong05.png	任意消除6个基础信号球后，会激活辅助机按钮，加速冲到敌人身边使出摆尾动作，击飞范围内的敌人并造成<color=#0f70bc>400%</color>物理伤害。
130102	1301	2	寰矩轮转·物	Assets/Product/Texture/Image/IconPetSkill/Pet3MotorSkillzhudong05.png	任意消除6个基础信号球后，会激活辅助机按钮，加速冲到敌人身边使出摆尾动作，击飞范围内的敌人并造成<color=#0f70bc>800%</color>物理伤害。
130103	1301	3	寰矩轮转·物	Assets/Product/Texture/Image/IconPetSkill/Pet3MotorSkillzhudong05.png	任意消除6个基础信号球后，会激活辅助机按钮，加速冲到敌人身边使出摆尾动作，击飞范围内的敌人并造成<color=#0f70bc>1200%</color>物理伤害。
130104	1301	4	寰矩轮转·物	Assets/Product/Texture/Image/IconPetSkill/Pet3MotorSkillzhudong05.png	任意消除6个基础信号球后，会激活辅助机按钮，加速冲到敌人身边使出摆尾动作，击飞范围内的敌人并造成<color=#0f70bc>1600%</color>物理伤害。
130105	1301	5	寰矩轮转·物	Assets/Product/Texture/Image/IconPetSkill/Pet3MotorSkillzhudong05.png	任意消除6个基础信号球后，会激活辅助机按钮，加速冲到敌人身边使出摆尾动作，击飞范围内的敌人并造成<color=#0f70bc>2000%</color>物理伤害。
130201	1302	1	寰矩轮转·火	Assets/Product/Texture/Image/IconPetSkill/Pet3MotorSkillzhudong01.png	任意消除6个基础信号球后，会激活辅助机按钮，加速冲到敌人身边使出摆尾动作，击飞范围内的敌人并造成<color=#0f70bc>400%</color>火属性伤害。
130202	1302	2	寰矩轮转·火	Assets/Product/Texture/Image/IconPetSkill/Pet3MotorSkillzhudong01.png	任意消除6个基础信号球后，会激活辅助机按钮，加速冲到敌人身边使出摆尾动作，击飞范围内的敌人并造成<color=#0f70bc>800%</color>火属性伤害。
130203	1302	3	寰矩轮转·火	Assets/Product/Texture/Image/IconPetSkill/Pet3MotorSkillzhudong01.png	任意消除6个基础信号球后，会激活辅助机按钮，加速冲到敌人身边使出摆尾动作，击飞范围内的敌人并造成<color=#0f70bc>1200%</color>火属性伤害。
130204	1302	4	寰矩轮转·火	Assets/Product/Texture/Image/IconPetSkill/Pet3MotorSkillzhudong01.png	任意消除6个基础信号球后，会激活辅助机按钮，加速冲到敌人身边使出摆尾动作，击飞范围内的敌人并造成<color=#0f70bc>1600%</color>火属性伤害。
130205	1302	5	寰矩轮转·火	Assets/Product/Texture/Image/IconPetSkill/Pet3MotorSkillzhudong01.png	任意消除6个基础信号球后，会激活辅助机按钮，加速冲到敌人身边使出摆尾动作，击飞范围内的敌人并造成<color=#0f70bc>2000%</color>火属性伤害。
130301	1303	1	寰矩轮转·冰	Assets/Product/Texture/Image/IconPetSkill/Pet3MotorSkillzhudong02.png	任意消除6个基础信号球后，会激活辅助机按钮，加速冲到敌人身边使出摆尾动作，击飞范围内的敌人并造成<color=#0f70bc>400%</color>冰属性伤害。
130302	1303	2	寰矩轮转·冰	Assets/Product/Texture/Image/IconPetSkill/Pet3MotorSkillzhudong02.png	任意消除6个基础信号球后，会激活辅助机按钮，加速冲到敌人身边使出摆尾动作，击飞范围内的敌人并造成<color=#0f70bc>800%</color>冰属性伤害。
130303	1303	3	寰矩轮转·冰	Assets/Product/Texture/Image/IconPetSkill/Pet3MotorSkillzhudong02.png	任意消除6个基础信号球后，会激活辅助机按钮，加速冲到敌人身边使出摆尾动作，击飞范围内的敌人并造成<color=#0f70bc>1200%</color>冰属性伤害。
130304	1303	4	寰矩轮转·冰	Assets/Product/Texture/Image/IconPetSkill/Pet3MotorSkillzhudong02.png	任意消除6个基础信号球后，会激活辅助机按钮，加速冲到敌人身边使出摆尾动作，击飞范围内的敌人并造成<color=#0f70bc>1600%</color>冰属性伤害。
130305	1303	5	寰矩轮转·冰	Assets/Product/Texture/Image/IconPetSkill/Pet3MotorSkillzhudong02.png	任意消除6个基础信号球后，会激活辅助机按钮，加速冲到敌人身边使出摆尾动作，击飞范围内的敌人并造成<color=#0f70bc>2000%</color>冰属性伤害。
130401	1304	1	寰矩轮转·雷	Assets/Product/Texture/Image/IconPetSkill/Pet3MotorSkillzhudong03.png	任意消除6个基础信号球后，会激活辅助机按钮，加速冲到敌人身边使出摆尾动作，击飞范围内的敌人并造成<color=#0f70bc>400%</color>雷属性伤害。露西亚·深红囚影携带坼霆时，坼霆主动释放技能后将进入备战状态，之后露西亚·深红囚影手持大太刀释放<color=#0f70bc>无念刹那</color>将骑上坼霆快速冲向敌人，牵引并击飞范围内的敌人，期间坼霆对范围内敌人造成<color=#0f70bc>100%</color>雷属性伤害。
130402	1304	2	寰矩轮转·雷	Assets/Product/Texture/Image/IconPetSkill/Pet3MotorSkillzhudong03.png	任意消除6个基础信号球后，会激活辅助机按钮，加速冲到敌人身边使出摆尾动作，击飞范围内的敌人并造成<color=#0f70bc>800%</color>雷属性伤害。露西亚·深红囚影携带坼霆时，坼霆主动释放技能后将进入备战状态，之后露西亚·深红囚影手持大太刀释放<color=#0f70bc>无念刹那</color>将骑上坼霆快速冲向敌人，牵引并击飞范围内的敌人，期间坼霆对范围内敌人造成<color=#0f70bc>200%</color>雷属性伤害。
130403	1304	3	寰矩轮转·雷	Assets/Product/Texture/Image/IconPetSkill/Pet3MotorSkillzhudong03.png	任意消除6个基础信号球后，会激活辅助机按钮，加速冲到敌人身边使出摆尾动作，击飞范围内的敌人并造成<color=#0f70bc>1200%</color>雷属性伤害。露西亚·深红囚影携带坼霆时，坼霆主动释放技能后将进入备战状态，之后露西亚·深红囚影手持大太刀释放<color=#0f70bc>无念刹那</color>将骑上坼霆快速冲向敌人，牵引并击飞范围内的敌人，期间坼霆对范围内敌人造成<color=#0f70bc>300%</color>雷属性伤害。
130404	1304	4	寰矩轮转·雷	Assets/Product/Texture/Image/IconPetSkill/Pet3MotorSkillzhudong03.png	任意消除6个基础信号球后，会激活辅助机按钮，加速冲到敌人身边使出摆尾动作，击飞范围内的敌人并造成<color=#0f70bc>1600%</color>雷属性伤害。露西亚·深红囚影携带坼霆时，坼霆主动释放技能后将进入备战状态，之后露西亚·深红囚影手持大太刀释放<color=#0f70bc>无念刹那</color>将骑上坼霆快速冲向敌人，牵引并击飞范围内的敌人，期间坼霆对范围内敌人造成<color=#0f70bc>400%</color>雷属性伤害。
130405	1304	5	寰矩轮转·雷	Assets/Product/Texture/Image/IconPetSkill/Pet3MotorSkillzhudong03.png	任意消除6个基础信号球后，会激活辅助机按钮，加速冲到敌人身边使出摆尾动作，击飞范围内的敌人并造成<color=#0f70bc>2000%</color>雷属性伤害。露西亚·深红囚影携带坼霆时，坼霆主动释放技能后将进入备战状态，之后露西亚·深红囚影手持大太刀释放<color=#0f70bc>无念刹那</color>将骑上坼霆快速冲向敌人，牵引并击飞范围内的敌人，期间坼霆对范围内敌人造成<color=#0f70bc>500%</color>雷属性伤害。
130501	1305	1	寰矩轮转·暗	Assets/Product/Texture/Image/IconPetSkill/Pet3MotorSkillzhudong04.png	任意消除6个基础信号球后，会激活辅助机按钮，加速冲到敌人身边使出摆尾动作，击飞范围内的敌人并造成<color=#0f70bc>400%</color>暗属性伤害。
130502	1305	2	寰矩轮转·暗	Assets/Product/Texture/Image/IconPetSkill/Pet3MotorSkillzhudong04.png	任意消除6个基础信号球后，会激活辅助机按钮，加速冲到敌人身边使出摆尾动作，击飞范围内的敌人并造成<color=#0f70bc>800%</color>暗属性伤害。
130503	1305	3	寰矩轮转·暗	Assets/Product/Texture/Image/IconPetSkill/Pet3MotorSkillzhudong04.png	任意消除6个基础信号球后，会激活辅助机按钮，加速冲到敌人身边使出摆尾动作，击飞范围内的敌人并造成<color=#0f70bc>1200%</color>暗属性伤害。
130504	1305	4	寰矩轮转·暗	Assets/Product/Texture/Image/IconPetSkill/Pet3MotorSkillzhudong04.png	任意消除6个基础信号球后，会激活辅助机按钮，加速冲到敌人身边使出摆尾动作，击飞范围内的敌人并造成<color=#0f70bc>1600%</color>暗属性伤害。
130505	1305	5	寰矩轮转·暗	Assets/Product/Texture/Image/IconPetSkill/Pet3MotorSkillzhudong04.png	任意消除6个基础信号球后，会激活辅助机按钮，加速冲到敌人身边使出摆尾动作，击飞范围内的敌人并造成<color=#0f70bc>2000%</color>暗属性伤害。
130601	1306	1	寰矩轮转·空	Assets/Product/Texture/Image/IconPetSkill/Pet3MotorSkillzhudong06.png	任意消除6个基础信号球后，会激活辅助机按钮，加速冲到敌人身边使出摆尾动作，击飞范围内的敌人并造成<color=#0f70bc>400%</color>空属性伤害。
130602	1306	2	寰矩轮转·空	Assets/Product/Texture/Image/IconPetSkill/Pet3MotorSkillzhudong06.png	任意消除6个基础信号球后，会激活辅助机按钮，加速冲到敌人身边使出摆尾动作，击飞范围内的敌人并造成<color=#0f70bc>800%</color>空属性伤害。
130603	1306	3	寰矩轮转·空	Assets/Product/Texture/Image/IconPetSkill/Pet3MotorSkillzhudong06.png	任意消除6个基础信号球后，会激活辅助机按钮，加速冲到敌人身边使出摆尾动作，击飞范围内的敌人并造成<color=#0f70bc>1200%</color>空属性伤害。
130604	1306	4	寰矩轮转·空	Assets/Product/Texture/Image/IconPetSkill/Pet3MotorSkillzhudong06.png	任意消除6个基础信号球后，会激活辅助机按钮，加速冲到敌人身边使出摆尾动作，击飞范围内的敌人并造成<color=#0f70bc>1600%</color>空属性伤害。
130605	1306	5	寰矩轮转·空	Assets/Product/Texture/Image/IconPetSkill/Pet3MotorSkillzhudong06.png	任意消除6个基础信号球后，会激活辅助机按钮，加速冲到敌人身边使出摆尾动作，击飞范围内的敌人并造成<color=#0f70bc>2000%</color>空属性伤害。
6400001	64000	1	爆裂驰掣	Assets/Product/Texture/Image/IconPetSkill/Pet3MotorSkillbeidong01.png	坼霆主动技伤害提高<color=#0f70bc>14%</color>
6400002	64000	2	爆裂驰掣	Assets/Product/Texture/Image/IconPetSkill/Pet3MotorSkillbeidong01.png	坼霆主动技伤害提高<color=#0f70bc>28%</color>
6400003	64000	3	爆裂驰掣	Assets/Product/Texture/Image/IconPetSkill/Pet3MotorSkillbeidong01.png	坼霆主动技伤害提高<color=#0f70bc>42%</color>
6400004	64000	4	爆裂驰掣	Assets/Product/Texture/Image/IconPetSkill/Pet3MotorSkillbeidong01.png	坼霆主动技伤害提高<color=#0f70bc>56%</color>
6400005	64000	5	爆裂驰掣	Assets/Product/Texture/Image/IconPetSkill/Pet3MotorSkillbeidong01.png	坼霆主动技伤害提高<color=#0f70bc>70%</color>
6401001	64010	1	疾伏传感	Assets/Product/Texture/Image/IconPetSkill/Pet3HeSkillbeidong02.png	携带角色攻击力提高<color=#0f70bc>20</color>
6401002	64010	2	疾伏传感	Assets/Product/Texture/Image/IconPetSkill/Pet3HeSkillbeidong02.png	携带角色攻击力提高<color=#0f70bc>40</color>
6401003	64010	3	疾伏传感	Assets/Product/Texture/Image/IconPetSkill/Pet3HeSkillbeidong02.png	携带角色攻击力提高<color=#0f70bc>60</color>
6401004	64010	4	疾伏传感	Assets/Product/Texture/Image/IconPetSkill/Pet3HeSkillbeidong02.png	携带角色攻击力提高<color=#0f70bc>80</color>
6401005	64010	5	疾伏传感	Assets/Product/Texture/Image/IconPetSkill/Pet3HeSkillbeidong02.png	携带角色攻击力提高<color=#0f70bc>100</color>
6402001	64020	1	飞火竞光	Assets/Product/Texture/Image/IconPetSkill/Pet3MotorSkillbeidong03.png	坼霆释放主动技后，携带角色攻击力提高<color=#0f70bc>1%</color>，持续8秒，重复触发刷新持续时间。
6402002	64020	2	飞火竞光	Assets/Product/Texture/Image/IconPetSkill/Pet3MotorSkillbeidong03.png	坼霆释放主动技后，携带角色攻击力提高<color=#0f70bc>2%</color>，持续8秒，重复触发刷新持续时间。
6402003	64020	3	飞火竞光	Assets/Product/Texture/Image/IconPetSkill/Pet3MotorSkillbeidong03.png	坼霆释放主动技后，携带角色攻击力提高<color=#0f70bc>3%</color>，持续8秒，重复触发刷新持续时间。
6402004	64020	4	飞火竞光	Assets/Product/Texture/Image/IconPetSkill/Pet3MotorSkillbeidong03.png	坼霆释放主动技后，携带角色攻击力提高<color=#0f70bc>4%</color>，持续8秒，重复触发刷新持续时间。
6402005	64020	5	飞火竞光	Assets/Product/Texture/Image/IconPetSkill/Pet3MotorSkillbeidong03.png	坼霆释放主动技后，携带角色攻击力提高<color=#0f70bc>5%</color>，持续8秒，重复触发刷新持续时间。
6403001	64030	1	雷楔天闪	Assets/Product/Texture/Image/IconPetSkill/Pet3MotorSkillbeidong04.png	携带角色雷属性伤害提高<color=#0f70bc>2%</color>
6403002	64030	2	雷楔天闪	Assets/Product/Texture/Image/IconPetSkill/Pet3MotorSkillbeidong04.png	携带角色雷属性伤害提高<color=#0f70bc>4%</color>
6403003	64030	3	雷楔天闪	Assets/Product/Texture/Image/IconPetSkill/Pet3MotorSkillbeidong04.png	携带角色雷属性伤害提高<color=#0f70bc>6%</color>
6403004	64030	4	雷楔天闪	Assets/Product/Texture/Image/IconPetSkill/Pet3MotorSkillbeidong04.png	携带角色雷属性伤害提高<color=#0f70bc>8%</color>
6403005	64030	5	雷楔天闪	Assets/Product/Texture/Image/IconPetSkill/Pet3MotorSkillbeidong04.png	携带角色雷属性伤害提高<color=#0f70bc>10%</color>
6404001	64040	1	不灭祓濯心流	Assets/Product/Texture/Image/IconPetSkill/Pet3MotorSkillbeidong05.png	露西亚·深红囚影携带坼霆释放<color=#0f70bc>不灭殛华</color>时，基础伤害提升<color=#0f70bc>20%</color>；释放<color=#0f70bc>囚影·乱霆开曜</color>时将召唤坼霆释放简易主动技进行协同攻击，冷却时间8秒。
6404002	64040	2	不灭祓濯心流	Assets/Product/Texture/Image/IconPetSkill/Pet3MotorSkillbeidong05.png	露西亚·深红囚影携带坼霆释放<color=#0f70bc>不灭殛华</color>时，基础伤害提升<color=#0f70bc>40%</color>；释放<color=#0f70bc>囚影·乱霆开曜</color>时将召唤坼霆释放简易主动技进行协同攻击，冷却时间8秒。
6404003	64040	3	不灭祓濯心流	Assets/Product/Texture/Image/IconPetSkill/Pet3MotorSkillbeidong05.png	露西亚·深红囚影携带坼霆释放<color=#0f70bc>不灭殛华</color>时，基础伤害提升<color=#0f70bc>60%</color>；释放<color=#0f70bc>囚影·乱霆开曜</color>时将召唤坼霆释放简易主动技进行协同攻击，冷却时间8秒。
6404004	64040	4	不灭祓濯心流	Assets/Product/Texture/Image/IconPetSkill/Pet3MotorSkillbeidong05.png	露西亚·深红囚影携带坼霆释放<color=#0f70bc>不灭殛华</color>时，基础伤害提升<color=#0f70bc>80%</color>；释放<color=#0f70bc>囚影·乱霆开曜</color>时将召唤坼霆释放简易主动技进行协同攻击，冷却时间8秒。
6404005	64040	5	不灭祓濯心流	Assets/Product/Texture/Image/IconPetSkill/Pet3MotorSkillbeidong05.png	露西亚·深红囚影携带坼霆释放<color=#0f70bc>不灭殛华</color>时，基础伤害提升<color=#0f70bc>100%</color>；释放<color=#0f70bc>囚影·乱霆开曜</color>时将召唤坼霆释放简易主动技进行协同攻击，冷却时间8秒。
131101	1311	1	锋牙噬咬·物	Assets/Product/Texture/Image/IconPetSkill/Pet3WolfSkillzhudong05.png	任意消除6个基础信号球后，会激活辅助机按钮，释放后冥牙会向前冲锋并跃起，穿透并击飞沿途的敌人，并造成3次<color=#0f70bc>170%</color>物理伤害。
131102	1311	2	锋牙噬咬·物	Assets/Product/Texture/Image/IconPetSkill/Pet3WolfSkillzhudong05.png	任意消除6个基础信号球后，会激活辅助机按钮，释放后冥牙会向前冲锋并跃起，穿透并击飞沿途的敌人，并造成3次<color=#0f70bc>340%</color>物理伤害。
131103	1311	3	锋牙噬咬·物	Assets/Product/Texture/Image/IconPetSkill/Pet3WolfSkillzhudong05.png	任意消除6个基础信号球后，会激活辅助机按钮，释放后冥牙会向前冲锋并跃起，穿透并击飞沿途的敌人，并造成3次<color=#0f70bc>510%</color>物理伤害。
131104	1311	4	锋牙噬咬·物	Assets/Product/Texture/Image/IconPetSkill/Pet3WolfSkillzhudong05.png	任意消除6个基础信号球后，会激活辅助机按钮，释放后冥牙会向前冲锋并跃起，穿透并击飞沿途的敌人，并造成3次<color=#0f70bc>680%</color>物理伤害。
131105	1311	5	锋牙噬咬·物	Assets/Product/Texture/Image/IconPetSkill/Pet3WolfSkillzhudong05.png	任意消除6个基础信号球后，会激活辅助机按钮，释放后冥牙会向前冲锋并跃起，穿透并击飞沿途的敌人，并造成3次<color=#0f70bc>850%</color>物理伤害。
131201	1312	1	锋牙噬咬·火	Assets/Product/Texture/Image/IconPetSkill/Pet3WolfSkillzhudong01.png	任意消除6个基础信号球后，会激活辅助机按钮，释放后冥牙会向前冲锋并跃起，穿透并击飞沿途的敌人，并造成3次<color=#0f70bc>170%</color>火属性伤害。
131202	1312	2	锋牙噬咬·火	Assets/Product/Texture/Image/IconPetSkill/Pet3WolfSkillzhudong01.png	任意消除6个基础信号球后，会激活辅助机按钮，释放后冥牙会向前冲锋并跃起，穿透并击飞沿途的敌人，并造成3次<color=#0f70bc>340%</color>火属性伤害。
131203	1312	3	锋牙噬咬·火	Assets/Product/Texture/Image/IconPetSkill/Pet3WolfSkillzhudong01.png	任意消除6个基础信号球后，会激活辅助机按钮，释放后冥牙会向前冲锋并跃起，穿透并击飞沿途的敌人，并造成3次<color=#0f70bc>510%</color>火属性伤害。
131204	1312	4	锋牙噬咬·火	Assets/Product/Texture/Image/IconPetSkill/Pet3WolfSkillzhudong01.png	任意消除6个基础信号球后，会激活辅助机按钮，释放后冥牙会向前冲锋并跃起，穿透并击飞沿途的敌人，并造成3次<color=#0f70bc>680%</color>火属性伤害。
131205	1312	5	锋牙噬咬·火	Assets/Product/Texture/Image/IconPetSkill/Pet3WolfSkillzhudong01.png	任意消除6个基础信号球后，会激活辅助机按钮，释放后冥牙会向前冲锋并跃起，穿透并击飞沿途的敌人，并造成3次<color=#0f70bc>850%</color>火属性伤害。
131301	1313	1	锋牙噬咬·冰	Assets/Product/Texture/Image/IconPetSkill/Pet3WolfSkillzhudong02.png	任意消除6个基础信号球后，会激活辅助机按钮，释放后冥牙会向前冲锋并跃起，穿透并击飞沿途的敌人，并造成3次<color=#0f70bc>170%</color>冰属性伤害。
131302	1313	2	锋牙噬咬·冰	Assets/Product/Texture/Image/IconPetSkill/Pet3WolfSkillzhudong02.png	任意消除6个基础信号球后，会激活辅助机按钮，释放后冥牙会向前冲锋并跃起，穿透并击飞沿途的敌人，并造成3次<color=#0f70bc>340%</color>冰属性伤害。
131303	1313	3	锋牙噬咬·冰	Assets/Product/Texture/Image/IconPetSkill/Pet3WolfSkillzhudong02.png	任意消除6个基础信号球后，会激活辅助机按钮，释放后冥牙会向前冲锋并跃起，穿透并击飞沿途的敌人，并造成3次<color=#0f70bc>510%</color>冰属性伤害。
131304	1313	4	锋牙噬咬·冰	Assets/Product/Texture/Image/IconPetSkill/Pet3WolfSkillzhudong02.png	任意消除6个基础信号球后，会激活辅助机按钮，释放后冥牙会向前冲锋并跃起，穿透并击飞沿途的敌人，并造成3次<color=#0f70bc>680%</color>冰属性伤害。
131305	1313	5	锋牙噬咬·冰	Assets/Product/Texture/Image/IconPetSkill/Pet3WolfSkillzhudong02.png	任意消除6个基础信号球后，会激活辅助机按钮，释放后冥牙会向前冲锋并跃起，穿透并击飞沿途的敌人，并造成3次<color=#0f70bc>850%</color>冰属性伤害。
131401	1314	1	锋牙噬咬·雷	Assets/Product/Texture/Image/IconPetSkill/Pet3WolfSkillzhudong03.png	任意消除6个基础信号球后，会激活辅助机按钮，释放后冥牙会向前冲锋并跃起，穿透并击飞沿途的敌人，并造成3次<color=#0f70bc>170%</color>雷属性伤害。
131402	1314	2	锋牙噬咬·雷	Assets/Product/Texture/Image/IconPetSkill/Pet3WolfSkillzhudong03.png	任意消除6个基础信号球后，会激活辅助机按钮，释放后冥牙会向前冲锋并跃起，穿透并击飞沿途的敌人，并造成3次<color=#0f70bc>340%</color>雷属性伤害。
131403	1314	3	锋牙噬咬·雷	Assets/Product/Texture/Image/IconPetSkill/Pet3WolfSkillzhudong03.png	任意消除6个基础信号球后，会激活辅助机按钮，释放后冥牙会向前冲锋并跃起，穿透并击飞沿途的敌人，并造成3次<color=#0f70bc>510%</color>雷属性伤害。
131404	1314	4	锋牙噬咬·雷	Assets/Product/Texture/Image/IconPetSkill/Pet3WolfSkillzhudong03.png	任意消除6个基础信号球后，会激活辅助机按钮，释放后冥牙会向前冲锋并跃起，穿透并击飞沿途的敌人，并造成3次<color=#0f70bc>680%</color>雷属性伤害。
131405	1314	5	锋牙噬咬·雷	Assets/Product/Texture/Image/IconPetSkill/Pet3WolfSkillzhudong03.png	任意消除6个基础信号球后，会激活辅助机按钮，释放后冥牙会向前冲锋并跃起，穿透并击飞沿途的敌人，并造成3次<color=#0f70bc>850%</color>雷属性伤害。
131501	1315	1	锋牙噬咬·暗	Assets/Product/Texture/Image/IconPetSkill/Pet3WolfSkillzhudong04.png	任意消除6个基础信号球后，会激活辅助机按钮，释放后冥牙会向前冲锋并跃起，穿透并击飞沿途的敌人，并造成3次<color=#0f70bc>170%</color>暗属性伤害。
131502	1315	2	锋牙噬咬·暗	Assets/Product/Texture/Image/IconPetSkill/Pet3WolfSkillzhudong04.png	任意消除6个基础信号球后，会激活辅助机按钮，释放后冥牙会向前冲锋并跃起，穿透并击飞沿途的敌人，并造成3次<color=#0f70bc>340%</color>暗属性伤害。
131503	1315	3	锋牙噬咬·暗	Assets/Product/Texture/Image/IconPetSkill/Pet3WolfSkillzhudong04.png	任意消除6个基础信号球后，会激活辅助机按钮，释放后冥牙会向前冲锋并跃起，穿透并击飞沿途的敌人，并造成3次<color=#0f70bc>510%</color>暗属性伤害。
131504	1315	4	锋牙噬咬·暗	Assets/Product/Texture/Image/IconPetSkill/Pet3WolfSkillzhudong04.png	任意消除6个基础信号球后，会激活辅助机按钮，释放后冥牙会向前冲锋并跃起，穿透并击飞沿途的敌人，并造成3次<color=#0f70bc>680%</color>暗属性伤害。
131505	1315	5	锋牙噬咬·暗	Assets/Product/Texture/Image/IconPetSkill/Pet3WolfSkillzhudong04.png	任意消除6个基础信号球后，会激活辅助机按钮，释放后冥牙会向前冲锋并跃起，穿透并击飞沿途的敌人，并造成3次<color=#0f70bc>850%</color>暗属性伤害。
131601	1316	1	锋牙噬咬·空	Assets/Product/Texture/Image/IconPetSkill/Pet3WolfSkillzhudong06.png	任意消除6个基础信号球后，会激活辅助机按钮，释放后冥牙会向前冲锋并跃起，穿透并击飞沿途的敌人，并造成3次<color=#0f70bc>170%</color>空属性伤害。
131602	1316	2	锋牙噬咬·空	Assets/Product/Texture/Image/IconPetSkill/Pet3WolfSkillzhudong06.png	任意消除6个基础信号球后，会激活辅助机按钮，释放后冥牙会向前冲锋并跃起，穿透并击飞沿途的敌人，并造成3次<color=#0f70bc>340%</color>空属性伤害。
131603	1316	3	锋牙噬咬·空	Assets/Product/Texture/Image/IconPetSkill/Pet3WolfSkillzhudong06.png	任意消除6个基础信号球后，会激活辅助机按钮，释放后冥牙会向前冲锋并跃起，穿透并击飞沿途的敌人，并造成3次<color=#0f70bc>510%</color>空属性伤害。
131604	1316	4	锋牙噬咬·空	Assets/Product/Texture/Image/IconPetSkill/Pet3WolfSkillzhudong06.png	任意消除6个基础信号球后，会激活辅助机按钮，释放后冥牙会向前冲锋并跃起，穿透并击飞沿途的敌人，并造成3次<color=#0f70bc>680%</color>空属性伤害。
131605	1316	5	锋牙噬咬·空	Assets/Product/Texture/Image/IconPetSkill/Pet3WolfSkillzhudong06.png	任意消除6个基础信号球后，会激活辅助机按钮，释放后冥牙会向前冲锋并跃起，穿透并击飞沿途的敌人，并造成3次<color=#0f70bc>850%</color>空属性伤害。
132101	1321	1	离子禁域·物	Assets/Product/Texture/Image/IconPetSkill/Pet3WolfSkillzhudong05.png	任意消除6个基础信号球后，会激活辅助机按钮，释放后冥牙自空中旋转下砸对敌人造成<color=#0f70bc>100%</color>物理伤害并使敌人<color=#0f70bc>僵固</color>，击中地面后形成紫电区，持续2.4秒，每0.2秒对区域内的敌人造成1次<color=#0f70bc>15%</color>物理伤害。<color=#0f70bc>僵固</color>：使敌人静止2秒。
132102	1321	2	离子禁域·物	Assets/Product/Texture/Image/IconPetSkill/Pet3WolfSkillzhudong05.png	任意消除6个基础信号球后，会激活辅助机按钮，释放后冥牙自空中旋转下砸对敌人造成<color=#0f70bc>200%</color>物理伤害并使敌人<color=#0f70bc>僵固</color>，击中地面后形成紫电区，持续2.4秒，每0.2秒对区域内的敌人造成1次<color=#0f70bc>30%</color>物理伤害。<color=#0f70bc>僵固</color>：使敌人静止2秒。
132103	1321	3	离子禁域·物	Assets/Product/Texture/Image/IconPetSkill/Pet3WolfSkillzhudong05.png	任意消除6个基础信号球后，会激活辅助机按钮，释放后冥牙自空中旋转下砸对敌人造成<color=#0f70bc>300%</color>物理伤害并使敌人<color=#0f70bc>僵固</color>，击中地面后形成紫电区，持续2.4秒，每0.2秒对区域内的敌人造成1次<color=#0f70bc>45%</color>物理伤害。<color=#0f70bc>僵固</color>：使敌人静止2秒。
132104	1321	4	离子禁域·物	Assets/Product/Texture/Image/IconPetSkill/Pet3WolfSkillzhudong05.png	任意消除6个基础信号球后，会激活辅助机按钮，释放后冥牙自空中旋转下砸对敌人造成<color=#0f70bc>400%</color>物理伤害并使敌人<color=#0f70bc>僵固</color>，击中地面后形成紫电区，持续2.4秒，每0.2秒对区域内的敌人造成1次<color=#0f70bc>60%</color>物理伤害。<color=#0f70bc>僵固</color>：使敌人静止2秒。
132105	1321	5	离子禁域·物	Assets/Product/Texture/Image/IconPetSkill/Pet3WolfSkillzhudong05.png	任意消除6个基础信号球后，会激活辅助机按钮，释放后冥牙自空中旋转下砸对敌人造成<color=#0f70bc>500%</color>物理伤害并使敌人<color=#0f70bc>僵固</color>，击中地面后形成紫电区，持续2.4秒，每0.2秒对区域内的敌人造成1次<color=#0f70bc>75%</color>物理伤害。<color=#0f70bc>僵固</color>：使敌人静止2秒。
132201	1322	1	离子禁域·火	Assets/Product/Texture/Image/IconPetSkill/Pet3WolfSkillzhudong01.png	任意消除6个基础信号球后，会激活辅助机按钮，释放后冥牙自空中旋转下砸对敌人造成<color=#0f70bc>100%</color>火属性伤害并使敌人<color=#0f70bc>僵固</color>，击中地面后形成紫电区，持续2.4秒，每0.2秒对区域内的敌人造成1次<color=#0f70bc>15%</color>火属性伤害。<color=#0f70bc>僵固</color>：使敌人静止2秒。
132202	1322	2	离子禁域·火	Assets/Product/Texture/Image/IconPetSkill/Pet3WolfSkillzhudong01.png	任意消除6个基础信号球后，会激活辅助机按钮，释放后冥牙自空中旋转下砸对敌人造成<color=#0f70bc>200%</color>火属性伤害并使敌人<color=#0f70bc>僵固</color>，击中地面后形成紫电区，持续2.4秒，每0.2秒对区域内的敌人造成1次<color=#0f70bc>30%</color>火属性伤害。<color=#0f70bc>僵固</color>：使敌人静止2秒。
132203	1322	3	离子禁域·火	Assets/Product/Texture/Image/IconPetSkill/Pet3WolfSkillzhudong01.png	任意消除6个基础信号球后，会激活辅助机按钮，释放后冥牙自空中旋转下砸对敌人造成<color=#0f70bc>300%</color>火属性伤害并使敌人<color=#0f70bc>僵固</color>，击中地面后形成紫电区，持续2.4秒，每0.2秒对区域内的敌人造成1次<color=#0f70bc>45%</color>火属性伤害。<color=#0f70bc>僵固</color>：使敌人静止2秒。
132204	1322	4	离子禁域·火	Assets/Product/Texture/Image/IconPetSkill/Pet3WolfSkillzhudong01.png	任意消除6个基础信号球后，会激活辅助机按钮，释放后冥牙自空中旋转下砸对敌人造成<color=#0f70bc>400%</color>火属性伤害并使敌人<color=#0f70bc>僵固</color>，击中地面后形成紫电区，持续2.4秒，每0.2秒对区域内的敌人造成1次<color=#0f70bc>60%</color>火属性伤害。<color=#0f70bc>僵固</color>：使敌人静止2秒。
132205	1322	5	离子禁域·火	Assets/Product/Texture/Image/IconPetSkill/Pet3WolfSkillzhudong01.png	任意消除6个基础信号球后，会激活辅助机按钮，释放后冥牙自空中旋转下砸对敌人造成<color=#0f70bc>500%</color>火属性伤害并使敌人<color=#0f70bc>僵固</color>，击中地面后形成紫电区，持续2.4秒，每0.2秒对区域内的敌人造成1次<color=#0f70bc>75%</color>火属性伤害。<color=#0f70bc>僵固</color>：使敌人静止2秒。
132301	1323	1	离子禁域·冰	Assets/Product/Texture/Image/IconPetSkill/Pet3WolfSkillzhudong02.png	任意消除6个基础信号球后，会激活辅助机按钮，释放后冥牙自空中旋转下砸对敌人造成<color=#0f70bc>100%</color>冰属性伤害并使敌人<color=#0f70bc>僵固</color>，击中地面后形成紫电区，持续2.4秒，每0.2秒对区域内的敌人造成1次<color=#0f70bc>15%</color>冰属性伤害。<color=#0f70bc>僵固</color>：使敌人静止2秒。
132302	1323	2	离子禁域·冰	Assets/Product/Texture/Image/IconPetSkill/Pet3WolfSkillzhudong02.png	任意消除6个基础信号球后，会激活辅助机按钮，释放后冥牙自空中旋转下砸对敌人造成<color=#0f70bc>200%</color>冰属性伤害并使敌人<color=#0f70bc>僵固</color>，击中地面后形成紫电区，持续2.4秒，每0.2秒对区域内的敌人造成1次<color=#0f70bc>30%</color>冰属性伤害。<color=#0f70bc>僵固</color>：使敌人静止2秒。
132303	1323	3	离子禁域·冰	Assets/Product/Texture/Image/IconPetSkill/Pet3WolfSkillzhudong02.png	任意消除6个基础信号球后，会激活辅助机按钮，释放后冥牙自空中旋转下砸对敌人造成<color=#0f70bc>300%</color>冰属性伤害并使敌人<color=#0f70bc>僵固</color>，击中地面后形成紫电区，持续2.4秒，每0.2秒对区域内的敌人造成1次<color=#0f70bc>45%</color>冰属性伤害。<color=#0f70bc>僵固</color>：使敌人静止2秒。
132304	1323	4	离子禁域·冰	Assets/Product/Texture/Image/IconPetSkill/Pet3WolfSkillzhudong02.png	任意消除6个基础信号球后，会激活辅助机按钮，释放后冥牙自空中旋转下砸对敌人造成<color=#0f70bc>400%</color>冰属性伤害并使敌人<color=#0f70bc>僵固</color>，击中地面后形成紫电区，持续2.4秒，每0.2秒对区域内的敌人造成1次<color=#0f70bc>60%</color>冰属性伤害。<color=#0f70bc>僵固</color>：使敌人静止2秒。
132305	1323	5	离子禁域·冰	Assets/Product/Texture/Image/IconPetSkill/Pet3WolfSkillzhudong02.png	任意消除6个基础信号球后，会激活辅助机按钮，释放后冥牙自空中旋转下砸对敌人造成<color=#0f70bc>500%</color>冰属性伤害并使敌人<color=#0f70bc>僵固</color>，击中地面后形成紫电区，持续2.4秒，每0.2秒对区域内的敌人造成1次<color=#0f70bc>75%</color>冰属性伤害。<color=#0f70bc>僵固</color>：使敌人静止2秒。
132401	1324	1	离子禁域·雷	Assets/Product/Texture/Image/IconPetSkill/Pet3WolfSkillzhudong03.png	任意消除6个基础信号球后，会激活辅助机按钮，释放后冥牙自空中旋转下砸对敌人造成<color=#0f70bc>100%</color>雷属性伤害并使敌人<color=#0f70bc>僵固</color>，击中地面后形成紫电区，持续2.4秒，每0.2秒对区域内的敌人造成1次<color=#0f70bc>15%</color>雷属性伤害。<color=#0f70bc>僵固</color>：使敌人静止2秒。
132402	1324	2	离子禁域·雷	Assets/Product/Texture/Image/IconPetSkill/Pet3WolfSkillzhudong03.png	任意消除6个基础信号球后，会激活辅助机按钮，释放后冥牙自空中旋转下砸对敌人造成<color=#0f70bc>200%</color>雷属性伤害并使敌人<color=#0f70bc>僵固</color>，击中地面后形成紫电区，持续2.4秒，每0.2秒对区域内的敌人造成1次<color=#0f70bc>30%</color>雷属性伤害。<color=#0f70bc>僵固</color>：使敌人静止2秒。
132403	1324	3	离子禁域·雷	Assets/Product/Texture/Image/IconPetSkill/Pet3WolfSkillzhudong03.png	任意消除6个基础信号球后，会激活辅助机按钮，释放后冥牙自空中旋转下砸对敌人造成<color=#0f70bc>300%</color>雷属性伤害并使敌人<color=#0f70bc>僵固</color>，击中地面后形成紫电区，持续2.4秒，每0.2秒对区域内的敌人造成1次<color=#0f70bc>45%</color>雷属性伤害。<color=#0f70bc>僵固</color>：使敌人静止2秒。
132404	1324	4	离子禁域·雷	Assets/Product/Texture/Image/IconPetSkill/Pet3WolfSkillzhudong03.png	任意消除6个基础信号球后，会激活辅助机按钮，释放后冥牙自空中旋转下砸对敌人造成<color=#0f70bc>400%</color>雷属性伤害并使敌人<color=#0f70bc>僵固</color>，击中地面后形成紫电区，持续2.4秒，每0.2秒对区域内的敌人造成1次<color=#0f70bc>60%</color>雷属性伤害。<color=#0f70bc>僵固</color>：使敌人静止2秒。
132405	1324	5	离子禁域·雷	Assets/Product/Texture/Image/IconPetSkill/Pet3WolfSkillzhudong03.png	任意消除6个基础信号球后，会激活辅助机按钮，释放后冥牙自空中旋转下砸对敌人造成<color=#0f70bc>500%</color>雷属性伤害并使敌人<color=#0f70bc>僵固</color>，击中地面后形成紫电区，持续2.4秒，每0.2秒对区域内的敌人造成1次<color=#0f70bc>75%</color>雷属性伤害。<color=#0f70bc>僵固</color>：使敌人静止2秒。
132501	1325	1	离子禁域·暗	Assets/Product/Texture/Image/IconPetSkill/Pet3WolfSkillzhudong04.png	任意消除6个基础信号球后，会激活辅助机按钮，释放后冥牙自空中旋转下砸对敌人造成<color=#0f70bc>100%</color>暗属性伤害并使敌人<color=#0f70bc>僵固</color>，击中地面后形成紫电区，持续2.4秒，每0.2秒对区域内的敌人造成1次<color=#0f70bc>15%</color>暗属性伤害。<color=#0f70bc>僵固</color>：使敌人静止2秒。
132502	1325	2	离子禁域·暗	Assets/Product/Texture/Image/IconPetSkill/Pet3WolfSkillzhudong04.png	任意消除6个基础信号球后，会激活辅助机按钮，释放后冥牙自空中旋转下砸对敌人造成<color=#0f70bc>200%</color>暗属性伤害并使敌人<color=#0f70bc>僵固</color>，击中地面后形成紫电区，持续2.4秒，每0.2秒对区域内的敌人造成1次<color=#0f70bc>30%</color>暗属性伤害。<color=#0f70bc>僵固</color>：使敌人静止2秒。
132503	1325	3	离子禁域·暗	Assets/Product/Texture/Image/IconPetSkill/Pet3WolfSkillzhudong04.png	任意消除6个基础信号球后，会激活辅助机按钮，释放后冥牙自空中旋转下砸对敌人造成<color=#0f70bc>300%</color>暗属性伤害并使敌人<color=#0f70bc>僵固</color>，击中地面后形成紫电区，持续2.4秒，每0.2秒对区域内的敌人造成1次<color=#0f70bc>45%</color>暗属性伤害。<color=#0f70bc>僵固</color>：使敌人静止2秒。
132504	1325	4	离子禁域·暗	Assets/Product/Texture/Image/IconPetSkill/Pet3WolfSkillzhudong04.png	任意消除6个基础信号球后，会激活辅助机按钮，释放后冥牙自空中旋转下砸对敌人造成<color=#0f70bc>400%</color>暗属性伤害并使敌人<color=#0f70bc>僵固</color>，击中地面后形成紫电区，持续2.4秒，每0.2秒对区域内的敌人造成1次<color=#0f70bc>60%</color>暗属性伤害。<color=#0f70bc>僵固</color>：使敌人静止2秒。
132505	1325	5	离子禁域·暗	Assets/Product/Texture/Image/IconPetSkill/Pet3WolfSkillzhudong04.png	任意消除6个基础信号球后，会激活辅助机按钮，释放后冥牙自空中旋转下砸对敌人造成<color=#0f70bc>500%</color>暗属性伤害并使敌人<color=#0f70bc>僵固</color>，击中地面后形成紫电区，持续2.4秒，每0.2秒对区域内的敌人造成1次<color=#0f70bc>75%</color>暗属性伤害。<color=#0f70bc>僵固</color>：使敌人静止2秒。
132601	1326	1	离子禁域·空	Assets/Product/Texture/Image/IconPetSkill/Pet3WolfSkillzhudong06.png	任意消除6个基础信号球后，会激活辅助机按钮，释放后冥牙自空中旋转下砸对敌人造成<color=#0f70bc>100%</color>空属性伤害并使敌人<color=#0f70bc>僵固</color>，击中地面后形成紫电区，持续2.4秒，每0.2秒对区域内的敌人造成1次<color=#0f70bc>15%</color>空属性伤害。<color=#0f70bc>僵固</color>：使敌人静止2秒。
132602	1326	2	离子禁域·空	Assets/Product/Texture/Image/IconPetSkill/Pet3WolfSkillzhudong06.png	任意消除6个基础信号球后，会激活辅助机按钮，释放后冥牙自空中旋转下砸对敌人造成<color=#0f70bc>200%</color>空属性伤害并使敌人<color=#0f70bc>僵固</color>，击中地面后形成紫电区，持续2.4秒，每0.2秒对区域内的敌人造成1次<color=#0f70bc>30%</color>空属性伤害。<color=#0f70bc>僵固</color>：使敌人静止2秒。
132603	1326	3	离子禁域·空	Assets/Product/Texture/Image/IconPetSkill/Pet3WolfSkillzhudong06.png	任意消除6个基础信号球后，会激活辅助机按钮，释放后冥牙自空中旋转下砸对敌人造成<color=#0f70bc>300%</color>空属性伤害并使敌人<color=#0f70bc>僵固</color>，击中地面后形成紫电区，持续2.4秒，每0.2秒对区域内的敌人造成1次<color=#0f70bc>45%</color>空属性伤害。<color=#0f70bc>僵固</color>：使敌人静止2秒。
132604	1326	4	离子禁域·空	Assets/Product/Texture/Image/IconPetSkill/Pet3WolfSkillzhudong06.png	任意消除6个基础信号球后，会激活辅助机按钮，释放后冥牙自空中旋转下砸对敌人造成<color=#0f70bc>400%</color>空属性伤害并使敌人<color=#0f70bc>僵固</color>，击中地面后形成紫电区，持续2.4秒，每0.2秒对区域内的敌人造成1次<color=#0f70bc>60%</color>空属性伤害。<color=#0f70bc>僵固</color>：使敌人静止2秒。
132605	1326	5	离子禁域·空	Assets/Product/Texture/Image/IconPetSkill/Pet3WolfSkillzhudong06.png	任意消除6个基础信号球后，会激活辅助机按钮，释放后冥牙自空中旋转下砸对敌人造成<color=#0f70bc>500%</color>空属性伤害并使敌人<color=#0f70bc>僵固</color>，击中地面后形成紫电区，持续2.4秒，每0.2秒对区域内的敌人造成1次<color=#0f70bc>75%</color>空属性伤害。<color=#0f70bc>僵固</color>：使敌人静止2秒。
6500001	65000	1	惊雷骇爪	Assets/Product/Texture/Image/IconPetSkill/Pet3WolfSkillbeidong01.png	冥牙主动技伤害提高<color=#0f70bc>14%</color>
6500002	65000	2	惊雷骇爪	Assets/Product/Texture/Image/IconPetSkill/Pet3WolfSkillbeidong01.png	冥牙主动技伤害提高<color=#0f70bc>28%</color>
6500003	65000	3	惊雷骇爪	Assets/Product/Texture/Image/IconPetSkill/Pet3WolfSkillbeidong01.png	冥牙主动技伤害提高<color=#0f70bc>42%</color>
6500004	65000	4	惊雷骇爪	Assets/Product/Texture/Image/IconPetSkill/Pet3WolfSkillbeidong01.png	冥牙主动技伤害提高<color=#0f70bc>56%</color>
6500005	65000	5	惊雷骇爪	Assets/Product/Texture/Image/IconPetSkill/Pet3WolfSkillbeidong01.png	冥牙主动技伤害提高<color=#0f70bc>70%</color>
6501001	65010	1	野性诏令	Assets/Product/Texture/Image/IconPetSkill/Pet3HeSkillbeidong02.png	携带角色攻击力提高<color=#0f70bc>20</color>
6501002	65010	2	野性诏令	Assets/Product/Texture/Image/IconPetSkill/Pet3HeSkillbeidong02.png	携带角色攻击力提高<color=#0f70bc>40</color>
6501003	65010	3	野性诏令	Assets/Product/Texture/Image/IconPetSkill/Pet3HeSkillbeidong02.png	携带角色攻击力提高<color=#0f70bc>60</color>
6501004	65010	4	野性诏令	Assets/Product/Texture/Image/IconPetSkill/Pet3HeSkillbeidong02.png	携带角色攻击力提高<color=#0f70bc>80</color>
6501005	65010	5	野性诏令	Assets/Product/Texture/Image/IconPetSkill/Pet3HeSkillbeidong02.png	携带角色攻击力提高<color=#0f70bc>100</color>
6502001	65020	1	冥月狼啸	Assets/Product/Texture/Image/IconPetSkill/Pet3WolfSkillbeidong03.png	冥牙释放主动技后，携带角色额外伤害加成提高<color=#0f70bc>1%</color>，持续8秒，重复触发刷新持续时间。
6502002	65020	2	冥月狼啸	Assets/Product/Texture/Image/IconPetSkill/Pet3WolfSkillbeidong03.png	冥牙释放主动技后，携带角色额外伤害加成提高<color=#0f70bc>2%</color>，持续8秒，重复触发刷新持续时间。
6502003	65020	3	冥月狼啸	Assets/Product/Texture/Image/IconPetSkill/Pet3WolfSkillbeidong03.png	冥牙释放主动技后，携带角色额外伤害加成提高<color=#0f70bc>3%</color>，持续8秒，重复触发刷新持续时间。
6502004	65020	4	冥月狼啸	Assets/Product/Texture/Image/IconPetSkill/Pet3WolfSkillbeidong03.png	冥牙释放主动技后，携带角色额外伤害加成提高<color=#0f70bc>4%</color>，持续8秒，重复触发刷新持续时间。
6502005	65020	5	冥月狼啸	Assets/Product/Texture/Image/IconPetSkill/Pet3WolfSkillbeidong03.png	冥牙释放主动技后，携带角色额外伤害加成提高<color=#0f70bc>5%</color>，持续8秒，重复触发刷新持续时间。
6503001	65030	1	狂电刻印	Assets/Product/Texture/Image/IconPetSkill/Pet3MotorSkillbeidong03.png	携带角色雷属性伤害提高<color=#0f70bc>2%</color>
6503002	65030	2	狂电刻印	Assets/Product/Texture/Image/IconPetSkill/Pet3MotorSkillbeidong03.png	携带角色雷属性伤害提高<color=#0f70bc>4%</color>
6503003	65030	3	狂电刻印	Assets/Product/Texture/Image/IconPetSkill/Pet3MotorSkillbeidong03.png	携带角色雷属性伤害提高<color=#0f70bc>6%</color>
6503004	65030	4	狂电刻印	Assets/Product/Texture/Image/IconPetSkill/Pet3MotorSkillbeidong03.png	携带角色雷属性伤害提高<color=#0f70bc>8%</color>
6503005	65030	5	狂电刻印	Assets/Product/Texture/Image/IconPetSkill/Pet3MotorSkillbeidong03.png	携带角色雷属性伤害提高<color=#0f70bc>10%</color>
6504001	65040	1	刻耳柏洛斯	Assets/Product/Texture/Image/IconPetSkill/Pet3WolfSkillbeidong05.png	21号·森息携带冥牙释放<color=#0f70bc>薄暮荧辉</color>和<color=#0f70bc>撕裂夜幕的弧闪</color>时，基础伤害提升<color=#0f70bc>6%</color>；释放<color=#0f70bc>薄暮荧辉</color>时将召唤冥牙释放协同攻击，造成<color=#0f70bc>400%</color>的雷属性伤害，冷却6秒。
6504002	65040	2	刻耳柏洛斯	Assets/Product/Texture/Image/IconPetSkill/Pet3WolfSkillbeidong05.png	21号·森息携带冥牙释放<color=#0f70bc>薄暮荧辉</color>和<color=#0f70bc>撕裂夜幕的弧闪</color>时，基础伤害提升<color=#0f70bc>12%</color>；释放<color=#0f70bc>薄暮荧辉</color>时将召唤冥牙释放协同攻击，造成<color=#0f70bc>800%</color>的雷属性伤害，冷却6秒。
6504003	65040	3	刻耳柏洛斯	Assets/Product/Texture/Image/IconPetSkill/Pet3WolfSkillbeidong05.png	21号·森息携带冥牙释放<color=#0f70bc>薄暮荧辉</color>和<color=#0f70bc>撕裂夜幕的弧闪</color>时，基础伤害提升<color=#0f70bc>18%</color>；释放<color=#0f70bc>薄暮荧辉</color>时将召唤冥牙释放协同攻击，造成<color=#0f70bc>1200%</color>的雷属性伤害，冷却6秒。
6504004	65040	4	刻耳柏洛斯	Assets/Product/Texture/Image/IconPetSkill/Pet3WolfSkillbeidong05.png	21号·森息携带冥牙释放<color=#0f70bc>薄暮荧辉</color>和<color=#0f70bc>撕裂夜幕的弧闪</color>时，基础伤害提升<color=#0f70bc>24%</color>；释放<color=#0f70bc>薄暮荧辉</color>时将召唤冥牙释放协同攻击，造成<color=#0f70bc>1600%</color>的雷属性伤害，冷却6秒。
6504005	65040	5	刻耳柏洛斯	Assets/Product/Texture/Image/IconPetSkill/Pet3WolfSkillbeidong05.png	21号·森息携带冥牙释放<color=#0f70bc>薄暮荧辉</color>和<color=#0f70bc>撕裂夜幕的弧闪</color>时，基础伤害提升<color=#0f70bc>30%</color>；释放<color=#0f70bc>薄暮荧辉</color>时将召唤冥牙释放协同攻击，造成<color=#0f70bc>2000%</color>的雷属性伤害，冷却6秒。
133101	1331	1	极夜幻射·物	Assets/Product/Texture/Image/IconPetSkill/Pet3GriffonSkillzhudong05.png	任意消除6个基础信号球后，会激活辅助机按钮，释放后昼翼会射出激光攻击敌人，造成<color=#FF6347>300%</color>物理伤害。
133102	1331	2	极夜幻射·物	Assets/Product/Texture/Image/IconPetSkill/Pet3GriffonSkillzhudong05.png	任意消除6个基础信号球后，会激活辅助机按钮，释放后昼翼会射出激光攻击敌人，造成<color=#FF6347>600%</color>物理伤害。
133103	1331	3	极夜幻射·物	Assets/Product/Texture/Image/IconPetSkill/Pet3GriffonSkillzhudong05.png	任意消除6个基础信号球后，会激活辅助机按钮，释放后昼翼会射出激光攻击敌人，造成<color=#FF6347>900%</color>物理伤害。
133104	1331	4	极夜幻射·物	Assets/Product/Texture/Image/IconPetSkill/Pet3GriffonSkillzhudong05.png	任意消除6个基础信号球后，会激活辅助机按钮，释放后昼翼会射出激光攻击敌人，造成<color=#FF6347>1200%</color>物理伤害。
133105	1331	5	极夜幻射·物	Assets/Product/Texture/Image/IconPetSkill/Pet3GriffonSkillzhudong05.png	任意消除6个基础信号球后，会激活辅助机按钮，释放后昼翼会射出激光攻击敌人，造成<color=#FF6347>1500%</color>物理伤害。
133201	1332	1	极夜幻射·火	Assets/Product/Texture/Image/IconPetSkill/Pet3GriffonSkillzhudong01.png	任意消除6个基础信号球后，会激活辅助机按钮，释放后昼翼会射出激光攻击敌人，造成<color=#FF6347>300%</color>火属性伤害。
133202	1332	2	极夜幻射·火	Assets/Product/Texture/Image/IconPetSkill/Pet3GriffonSkillzhudong01.png	任意消除6个基础信号球后，会激活辅助机按钮，释放后昼翼会射出激光攻击敌人，造成<color=#FF6347>600%</color>火属性伤害。
133203	1332	3	极夜幻射·火	Assets/Product/Texture/Image/IconPetSkill/Pet3GriffonSkillzhudong01.png	任意消除6个基础信号球后，会激活辅助机按钮，释放后昼翼会射出激光攻击敌人，造成<color=#FF6347>900%</color>火属性伤害。
133204	1332	4	极夜幻射·火	Assets/Product/Texture/Image/IconPetSkill/Pet3GriffonSkillzhudong01.png	任意消除6个基础信号球后，会激活辅助机按钮，释放后昼翼会射出激光攻击敌人，造成<color=#FF6347>1200%</color>火属性伤害。
133205	1332	5	极夜幻射·火	Assets/Product/Texture/Image/IconPetSkill/Pet3GriffonSkillzhudong01.png	任意消除6个基础信号球后，会激活辅助机按钮，释放后昼翼会射出激光攻击敌人，造成<color=#FF6347>1500%</color>火属性伤害。
133301	1333	1	极夜幻射·冰	Assets/Product/Texture/Image/IconPetSkill/Pet3GriffonSkillzhudong02.png	任意消除6个基础信号球后，会激活辅助机按钮，释放后昼翼会射出激光攻击敌人，造成<color=#FF6347>300%</color>冰属性伤害。
133302	1333	2	极夜幻射·冰	Assets/Product/Texture/Image/IconPetSkill/Pet3GriffonSkillzhudong02.png	任意消除6个基础信号球后，会激活辅助机按钮，释放后昼翼会射出激光攻击敌人，造成<color=#FF6347>600%</color>冰属性伤害。
133303	1333	3	极夜幻射·冰	Assets/Product/Texture/Image/IconPetSkill/Pet3GriffonSkillzhudong02.png	任意消除6个基础信号球后，会激活辅助机按钮，释放后昼翼会射出激光攻击敌人，造成<color=#FF6347>900%</color>冰属性伤害。
133304	1333	4	极夜幻射·冰	Assets/Product/Texture/Image/IconPetSkill/Pet3GriffonSkillzhudong02.png	任意消除6个基础信号球后，会激活辅助机按钮，释放后昼翼会射出激光攻击敌人，造成<color=#FF6347>1200%</color>冰属性伤害。
133305	1333	5	极夜幻射·冰	Assets/Product/Texture/Image/IconPetSkill/Pet3GriffonSkillzhudong02.png	任意消除6个基础信号球后，会激活辅助机按钮，释放后昼翼会射出激光攻击敌人，造成<color=#FF6347>1500%</color>冰属性伤害。
133401	1334	1	极夜幻射·雷	Assets/Product/Texture/Image/IconPetSkill/Pet3GriffonSkillzhudong03.png	任意消除6个基础信号球后，会激活辅助机按钮，释放后昼翼会射出激光攻击敌人，造成<color=#FF6347>300%</color>雷属性伤害。
133402	1334	2	极夜幻射·雷	Assets/Product/Texture/Image/IconPetSkill/Pet3GriffonSkillzhudong03.png	任意消除6个基础信号球后，会激活辅助机按钮，释放后昼翼会射出激光攻击敌人，造成<color=#FF6347>600%</color>雷属性伤害。
133403	1334	3	极夜幻射·雷	Assets/Product/Texture/Image/IconPetSkill/Pet3GriffonSkillzhudong03.png	任意消除6个基础信号球后，会激活辅助机按钮，释放后昼翼会射出激光攻击敌人，造成<color=#FF6347>900%</color>雷属性伤害。
133404	1334	4	极夜幻射·雷	Assets/Product/Texture/Image/IconPetSkill/Pet3GriffonSkillzhudong03.png	任意消除6个基础信号球后，会激活辅助机按钮，释放后昼翼会射出激光攻击敌人，造成<color=#FF6347>1200%</color>雷属性伤害。
133405	1334	5	极夜幻射·雷	Assets/Product/Texture/Image/IconPetSkill/Pet3GriffonSkillzhudong03.png	任意消除6个基础信号球后，会激活辅助机按钮，释放后昼翼会射出激光攻击敌人，造成<color=#FF6347>1500%</color>雷属性伤害。
133501	1335	1	极夜幻射·暗	Assets/Product/Texture/Image/IconPetSkill/Pet3GriffonSkillzhudong04.png	任意消除6个基础信号球后，会激活辅助机按钮，释放后昼翼会射出激光攻击敌人，造成<color=#FF6347>300%</color>暗属性伤害。
133502	1335	2	极夜幻射·暗	Assets/Product/Texture/Image/IconPetSkill/Pet3GriffonSkillzhudong04.png	任意消除6个基础信号球后，会激活辅助机按钮，释放后昼翼会射出激光攻击敌人，造成<color=#FF6347>600%</color>暗属性伤害。
133503	1335	3	极夜幻射·暗	Assets/Product/Texture/Image/IconPetSkill/Pet3GriffonSkillzhudong04.png	任意消除6个基础信号球后，会激活辅助机按钮，释放后昼翼会射出激光攻击敌人，造成<color=#FF6347>900%</color>暗属性伤害。
133504	1335	4	极夜幻射·暗	Assets/Product/Texture/Image/IconPetSkill/Pet3GriffonSkillzhudong04.png	任意消除6个基础信号球后，会激活辅助机按钮，释放后昼翼会射出激光攻击敌人，造成<color=#FF6347>1200%</color>暗属性伤害。
133505	1335	5	极夜幻射·暗	Assets/Product/Texture/Image/IconPetSkill/Pet3GriffonSkillzhudong04.png	任意消除6个基础信号球后，会激活辅助机按钮，释放后昼翼会射出激光攻击敌人，造成<color=#FF6347>1500%</color>暗属性伤害。
133601	1336	1	极夜幻射·空	Assets/Product/Texture/Image/IconPetSkill/Pet3GriffonSkillzhudong06.png	任意消除6个基础信号球后，会激活辅助机按钮，释放后昼翼会射出激光攻击敌人，造成<color=#FF6347>300%</color>空属性伤害。
133602	1336	2	极夜幻射·空	Assets/Product/Texture/Image/IconPetSkill/Pet3GriffonSkillzhudong06.png	任意消除6个基础信号球后，会激活辅助机按钮，释放后昼翼会射出激光攻击敌人，造成<color=#FF6347>600%</color>空属性伤害。
133603	1336	3	极夜幻射·空	Assets/Product/Texture/Image/IconPetSkill/Pet3GriffonSkillzhudong06.png	任意消除6个基础信号球后，会激活辅助机按钮，释放后昼翼会射出激光攻击敌人，造成<color=#FF6347>900%</color>空属性伤害。
133604	1336	4	极夜幻射·空	Assets/Product/Texture/Image/IconPetSkill/Pet3GriffonSkillzhudong06.png	任意消除6个基础信号球后，会激活辅助机按钮，释放后昼翼会射出激光攻击敌人，造成<color=#FF6347>1200%</color>空属性伤害。
133605	1336	5	极夜幻射·空	Assets/Product/Texture/Image/IconPetSkill/Pet3GriffonSkillzhudong06.png	任意消除6个基础信号球后，会激活辅助机按钮，释放后昼翼会射出激光攻击敌人，造成<color=#FF6347>1500%</color>空属性伤害。
134101	1341	1	邃芒厉袭·物	Assets/Product/Texture/Image/IconPetSkill/Pet3GriffonSkillzhudong05.png	任意消除6个基础信号球后，会激活辅助机按钮，释放后昼翼自远处空中向敌人冲锋，造成<color=#FF6347>250%</color>物理伤害，释放期间控制角色获得<color=#0f70bc>3</color>秒霸体，同时获得辅助机攻击力<color=#0f70bc>40%</color>的护盾值，持续10秒。
134102	1341	2	邃芒厉袭·物	Assets/Product/Texture/Image/IconPetSkill/Pet3GriffonSkillzhudong05.png	任意消除6个基础信号球后，会激活辅助机按钮，释放后昼翼自远处空中向敌人冲锋，造成<color=#FF6347>500%</color>物理伤害，释放期间控制角色获得<color=#0f70bc>3</color>秒霸体，同时获得辅助机攻击力<color=#0f70bc>80%</color>的护盾值，持续10秒。
134103	1341	3	邃芒厉袭·物	Assets/Product/Texture/Image/IconPetSkill/Pet3GriffonSkillzhudong05.png	任意消除6个基础信号球后，会激活辅助机按钮，释放后昼翼自远处空中向敌人冲锋，造成<color=#FF6347>750%</color>物理伤害，释放期间控制角色获得<color=#0f70bc>3</color>秒霸体，同时获得辅助机攻击力<color=#0f70bc>120%</color>的护盾值，持续10秒。
134104	1341	4	邃芒厉袭·物	Assets/Product/Texture/Image/IconPetSkill/Pet3GriffonSkillzhudong05.png	任意消除6个基础信号球后，会激活辅助机按钮，释放后昼翼自远处空中向敌人冲锋，造成<color=#FF6347>1000%</color>物理伤害，释放期间控制角色获得<color=#0f70bc>3</color>秒霸体，同时获得辅助机攻击力<color=#0f70bc>160%</color>的护盾值，持续10秒。
134105	1341	5	邃芒厉袭·物	Assets/Product/Texture/Image/IconPetSkill/Pet3GriffonSkillzhudong05.png	任意消除6个基础信号球后，会激活辅助机按钮，释放后昼翼自远处空中向敌人冲锋，造成<color=#FF6347>1250%</color>物理伤害，释放期间控制角色获得<color=#0f70bc>3</color>秒霸体，同时获得辅助机攻击力<color=#0f70bc>200%</color>的护盾值，持续10秒。
134201	1342	1	邃芒厉袭·火	Assets/Product/Texture/Image/IconPetSkill/Pet3GriffonSkillzhudong01.png	任意消除6个基础信号球后，会激活辅助机按钮，释放后昼翼自远处空中向敌人冲锋，造成<color=#FF6347>250%</color>火属性伤害，释放期间控制角色获得<color=#0f70bc>3</color>秒霸体，同时获得辅助机攻击力<color=#0f70bc>40%</color>的护盾值，持续10秒。
134202	1342	2	邃芒厉袭·火	Assets/Product/Texture/Image/IconPetSkill/Pet3GriffonSkillzhudong01.png	任意消除6个基础信号球后，会激活辅助机按钮，释放后昼翼自远处空中向敌人冲锋，造成<color=#FF6347>500%</color>火属性伤害，释放期间控制角色获得<color=#0f70bc>3</color>秒霸体，同时获得辅助机攻击力<color=#0f70bc>80%</color>的护盾值，持续10秒。
134203	1342	3	邃芒厉袭·火	Assets/Product/Texture/Image/IconPetSkill/Pet3GriffonSkillzhudong01.png	任意消除6个基础信号球后，会激活辅助机按钮，释放后昼翼自远处空中向敌人冲锋，造成<color=#FF6347>750%</color>火属性伤害，释放期间控制角色获得<color=#0f70bc>3</color>秒霸体，同时获得辅助机攻击力<color=#0f70bc>120%</color>的护盾值，持续10秒。
134204	1342	4	邃芒厉袭·火	Assets/Product/Texture/Image/IconPetSkill/Pet3GriffonSkillzhudong01.png	任意消除6个基础信号球后，会激活辅助机按钮，释放后昼翼自远处空中向敌人冲锋，造成<color=#FF6347>1000%</color>火属性伤害，释放期间控制角色获得<color=#0f70bc>3</color>秒霸体，同时获得辅助机攻击力<color=#0f70bc>160%</color>的护盾值，持续10秒。
134205	1342	5	邃芒厉袭·火	Assets/Product/Texture/Image/IconPetSkill/Pet3GriffonSkillzhudong01.png	任意消除6个基础信号球后，会激活辅助机按钮，释放后昼翼自远处空中向敌人冲锋，造成<color=#FF6347>1250%</color>火属性伤害，释放期间控制角色获得<color=#0f70bc>3</color>秒霸体，同时获得辅助机攻击力<color=#0f70bc>200%</color>的护盾值，持续10秒。
134301	1343	1	邃芒厉袭·冰	Assets/Product/Texture/Image/IconPetSkill/Pet3GriffonSkillzhudong02.png	任意消除6个基础信号球后，会激活辅助机按钮，释放后昼翼自远处空中向敌人冲锋，造成<color=#FF6347>250%</color>冰属性伤害，释放期间控制角色获得<color=#0f70bc>3</color>秒霸体，同时获得辅助机攻击力<color=#0f70bc>40%</color>的护盾值，持续10秒。
134302	1343	2	邃芒厉袭·冰	Assets/Product/Texture/Image/IconPetSkill/Pet3GriffonSkillzhudong02.png	任意消除6个基础信号球后，会激活辅助机按钮，释放后昼翼自远处空中向敌人冲锋，造成<color=#FF6347>500%</color>冰属性伤害，释放期间控制角色获得<color=#0f70bc>3</color>秒霸体，同时获得辅助机攻击力<color=#0f70bc>80%</color>的护盾值，持续10秒。
134303	1343	3	邃芒厉袭·冰	Assets/Product/Texture/Image/IconPetSkill/Pet3GriffonSkillzhudong02.png	任意消除6个基础信号球后，会激活辅助机按钮，释放后昼翼自远处空中向敌人冲锋，造成<color=#FF6347>750%</color>冰属性伤害，释放期间控制角色获得<color=#0f70bc>3</color>秒霸体，同时获得辅助机攻击力<color=#0f70bc>120%</color>的护盾值，持续10秒。
134304	1343	4	邃芒厉袭·冰	Assets/Product/Texture/Image/IconPetSkill/Pet3GriffonSkillzhudong02.png	任意消除6个基础信号球后，会激活辅助机按钮，释放后昼翼自远处空中向敌人冲锋，造成<color=#FF6347>1000%</color>冰属性伤害，释放期间控制角色获得<color=#0f70bc>3</color>秒霸体，同时获得辅助机攻击力<color=#0f70bc>160%</color>的护盾值，持续10秒。
134305	1343	5	邃芒厉袭·冰	Assets/Product/Texture/Image/IconPetSkill/Pet3GriffonSkillzhudong02.png	任意消除6个基础信号球后，会激活辅助机按钮，释放后昼翼自远处空中向敌人冲锋，造成<color=#FF6347>1250%</color>冰属性伤害，释放期间控制角色获得<color=#0f70bc>3</color>秒霸体，同时获得辅助机攻击力<color=#0f70bc>200%</color>的护盾值，持续10秒。
134401	1344	1	邃芒厉袭·雷	Assets/Product/Texture/Image/IconPetSkill/Pet3GriffonSkillzhudong03.png	任意消除6个基础信号球后，会激活辅助机按钮，释放后昼翼自远处空中向敌人冲锋，造成<color=#FF6347>250%</color>雷属性伤害，释放期间控制角色获得<color=#0f70bc>3</color>秒霸体，同时获得辅助机攻击力<color=#0f70bc>40%</color>的护盾值，持续10秒。
134402	1344	2	邃芒厉袭·雷	Assets/Product/Texture/Image/IconPetSkill/Pet3GriffonSkillzhudong03.png	任意消除6个基础信号球后，会激活辅助机按钮，释放后昼翼自远处空中向敌人冲锋，造成<color=#FF6347>500%</color>雷属性伤害，释放期间控制角色获得<color=#0f70bc>3</color>秒霸体，同时获得辅助机攻击力<color=#0f70bc>80%</color>的护盾值，持续10秒。
134403	1344	3	邃芒厉袭·雷	Assets/Product/Texture/Image/IconPetSkill/Pet3GriffonSkillzhudong03.png	任意消除6个基础信号球后，会激活辅助机按钮，释放后昼翼自远处空中向敌人冲锋，造成<color=#FF6347>750%</color>雷属性伤害，释放期间控制角色获得<color=#0f70bc>3</color>秒霸体，同时获得辅助机攻击力<color=#0f70bc>120%</color>的护盾值，持续10秒。
134404	1344	4	邃芒厉袭·雷	Assets/Product/Texture/Image/IconPetSkill/Pet3GriffonSkillzhudong03.png	任意消除6个基础信号球后，会激活辅助机按钮，释放后昼翼自远处空中向敌人冲锋，造成<color=#FF6347>1000%</color>雷属性伤害，释放期间控制角色获得<color=#0f70bc>3</color>秒霸体，同时获得辅助机攻击力<color=#0f70bc>160%</color>的护盾值，持续10秒。
134405	1344	5	邃芒厉袭·雷	Assets/Product/Texture/Image/IconPetSkill/Pet3GriffonSkillzhudong03.png	任意消除6个基础信号球后，会激活辅助机按钮，释放后昼翼自远处空中向敌人冲锋，造成<color=#FF6347>1250%</color>雷属性伤害，释放期间控制角色获得<color=#0f70bc>3</color>秒霸体，同时获得辅助机攻击力<color=#0f70bc>200%</color>的护盾值，持续10秒。
134501	1345	1	邃芒厉袭·暗	Assets/Product/Texture/Image/IconPetSkill/Pet3GriffonSkillzhudong04.png	任意消除6个基础信号球后，会激活辅助机按钮，释放后昼翼自远处空中向敌人冲锋，造成<color=#FF6347>250%</color>暗属性伤害，释放期间控制角色获得<color=#0f70bc>3</color>秒霸体，同时获得辅助机攻击力<color=#0f70bc>40%</color>的护盾值，持续10秒。
134502	1345	2	邃芒厉袭·暗	Assets/Product/Texture/Image/IconPetSkill/Pet3GriffonSkillzhudong04.png	任意消除6个基础信号球后，会激活辅助机按钮，释放后昼翼自远处空中向敌人冲锋，造成<color=#FF6347>500%</color>暗属性伤害，释放期间控制角色获得<color=#0f70bc>3</color>秒霸体，同时获得辅助机攻击力<color=#0f70bc>80%</color>的护盾值，持续10秒。
134503	1345	3	邃芒厉袭·暗	Assets/Product/Texture/Image/IconPetSkill/Pet3GriffonSkillzhudong04.png	任意消除6个基础信号球后，会激活辅助机按钮，释放后昼翼自远处空中向敌人冲锋，造成<color=#FF6347>750%</color>暗属性伤害，释放期间控制角色获得<color=#0f70bc>3</color>秒霸体，同时获得辅助机攻击力<color=#0f70bc>120%</color>的护盾值，持续10秒。
134504	1345	4	邃芒厉袭·暗	Assets/Product/Texture/Image/IconPetSkill/Pet3GriffonSkillzhudong04.png	任意消除6个基础信号球后，会激活辅助机按钮，释放后昼翼自远处空中向敌人冲锋，造成<color=#FF6347>1000%</color>暗属性伤害，释放期间控制角色获得<color=#0f70bc>3</color>秒霸体，同时获得辅助机攻击力<color=#0f70bc>160%</color>的护盾值，持续10秒。
134505	1345	5	邃芒厉袭·暗	Assets/Product/Texture/Image/IconPetSkill/Pet3GriffonSkillzhudong04.png	任意消除6个基础信号球后，会激活辅助机按钮，释放后昼翼自远处空中向敌人冲锋，造成<color=#FF6347>1250%</color>暗属性伤害，释放期间控制角色获得<color=#0f70bc>3</color>秒霸体，同时获得辅助机攻击力<color=#0f70bc>200%</color>的护盾值，持续10秒。
134601	1346	1	邃芒厉袭·空	Assets/Product/Texture/Image/IconPetSkill/Pet3GriffonSkillzhudong06.png	任意消除6个基础信号球后，会激活辅助机按钮，释放后昼翼自远处空中向敌人冲锋，造成<color=#FF6347>250%</color>空属性伤害，释放期间控制角色获得<color=#0f70bc>3</color>秒霸体，同时获得辅助机攻击力<color=#0f70bc>40%</color>的护盾值，持续10秒。
134602	1346	2	邃芒厉袭·空	Assets/Product/Texture/Image/IconPetSkill/Pet3GriffonSkillzhudong06.png	任意消除6个基础信号球后，会激活辅助机按钮，释放后昼翼自远处空中向敌人冲锋，造成<color=#FF6347>500%</color>空属性伤害，释放期间控制角色获得<color=#0f70bc>3</color>秒霸体，同时获得辅助机攻击力<color=#0f70bc>80%</color>的护盾值，持续10秒。
134603	1346	3	邃芒厉袭·空	Assets/Product/Texture/Image/IconPetSkill/Pet3GriffonSkillzhudong06.png	任意消除6个基础信号球后，会激活辅助机按钮，释放后昼翼自远处空中向敌人冲锋，造成<color=#FF6347>750%</color>空属性伤害，释放期间控制角色获得<color=#0f70bc>3</color>秒霸体，同时获得辅助机攻击力<color=#0f70bc>120%</color>的护盾值，持续10秒。
134604	1346	4	邃芒厉袭·空	Assets/Product/Texture/Image/IconPetSkill/Pet3GriffonSkillzhudong06.png	任意消除6个基础信号球后，会激活辅助机按钮，释放后昼翼自远处空中向敌人冲锋，造成<color=#FF6347>1000%</color>空属性伤害，释放期间控制角色获得<color=#0f70bc>3</color>秒霸体，同时获得辅助机攻击力<color=#0f70bc>160%</color>的护盾值，持续10秒。
134605	1346	5	邃芒厉袭·空	Assets/Product/Texture/Image/IconPetSkill/Pet3GriffonSkillzhudong06.png	任意消除6个基础信号球后，会激活辅助机按钮，释放后昼翼自远处空中向敌人冲锋，造成<color=#FF6347>1250%</color>空属性伤害，释放期间控制角色获得<color=#0f70bc>3</color>秒霸体，同时获得辅助机攻击力<color=#0f70bc>200%</color>的护盾值，持续10秒。
6600001	66000	1	耀刃振羽	Assets/Product/Texture/Image/IconPetSkill/Pet3GriffonSkillbeidong01.png	昼翼主动技伤害提高<color=#0f70bc>14%</color>
6600002	66000	2	耀刃振羽	Assets/Product/Texture/Image/IconPetSkill/Pet3GriffonSkillbeidong01.png	昼翼主动技伤害提高<color=#0f70bc>28%</color>
6600003	66000	3	耀刃振羽	Assets/Product/Texture/Image/IconPetSkill/Pet3GriffonSkillbeidong01.png	昼翼主动技伤害提高<color=#0f70bc>42%</color>
6600004	66000	4	耀刃振羽	Assets/Product/Texture/Image/IconPetSkill/Pet3GriffonSkillbeidong01.png	昼翼主动技伤害提高<color=#0f70bc>56%</color>
6600005	66000	5	耀刃振羽	Assets/Product/Texture/Image/IconPetSkill/Pet3GriffonSkillbeidong01.png	昼翼主动技伤害提高<color=#0f70bc>70%</color>
6601001	66010	1	罡锋护航	Assets/Product/Texture/Image/IconPetSkill/Pet3HeSkillbeidong02.png	携带角色攻击力提高<color=#0f70bc>20</color>
6601002	66010	2	罡锋护航	Assets/Product/Texture/Image/IconPetSkill/Pet3HeSkillbeidong02.png	携带角色攻击力提高<color=#0f70bc>40</color>
6601003	66010	3	罡锋护航	Assets/Product/Texture/Image/IconPetSkill/Pet3HeSkillbeidong02.png	携带角色攻击力提高<color=#0f70bc>60</color>
6601004	66010	4	罡锋护航	Assets/Product/Texture/Image/IconPetSkill/Pet3HeSkillbeidong02.png	携带角色攻击力提高<color=#0f70bc>80</color>
6601005	66010	5	罡锋护航	Assets/Product/Texture/Image/IconPetSkill/Pet3HeSkillbeidong02.png	携带角色攻击力提高<color=#0f70bc>100</color>
6602001	66020	1	白虹贯翼	Assets/Product/Texture/Image/IconPetSkill/Pet3GriffonSkillbeidong03.png	昼翼释放主动技后，携带角色额外伤害加成提高<color=#0f70bc>1%</color>，持续8秒，重复触发刷新持续时间。
6602002	66020	2	白虹贯翼	Assets/Product/Texture/Image/IconPetSkill/Pet3GriffonSkillbeidong03.png	昼翼释放主动技后，携带角色额外伤害加成提高<color=#0f70bc>2%</color>，持续8秒，重复触发刷新持续时间。
6602003	66020	3	白虹贯翼	Assets/Product/Texture/Image/IconPetSkill/Pet3GriffonSkillbeidong03.png	昼翼释放主动技后，携带角色额外伤害加成提高<color=#0f70bc>3%</color>，持续8秒，重复触发刷新持续时间。
6602004	66020	4	白虹贯翼	Assets/Product/Texture/Image/IconPetSkill/Pet3GriffonSkillbeidong03.png	昼翼释放主动技后，携带角色额外伤害加成提高<color=#0f70bc>4%</color>，持续8秒，重复触发刷新持续时间。
6602005	66020	5	白虹贯翼	Assets/Product/Texture/Image/IconPetSkill/Pet3GriffonSkillbeidong03.png	昼翼释放主动技后，携带角色额外伤害加成提高<color=#0f70bc>5%</color>，持续8秒，重复触发刷新持续时间。
6603001	66030	1	恣游翱翔	Assets/Product/Texture/Image/IconPetSkill/Pet3GriffonSkillbeidong04.png	携带角色物理伤害提高<color=#0f70bc>2%</color>
6603002	66030	2	恣游翱翔	Assets/Product/Texture/Image/IconPetSkill/Pet3GriffonSkillbeidong04.png	携带角色物理伤害提高<color=#0f70bc>4%</color>
6603003	66030	3	恣游翱翔	Assets/Product/Texture/Image/IconPetSkill/Pet3GriffonSkillbeidong04.png	携带角色物理伤害提高<color=#0f70bc>6%</color>
6603004	66030	4	恣游翱翔	Assets/Product/Texture/Image/IconPetSkill/Pet3GriffonSkillbeidong04.png	携带角色物理伤害提高<color=#0f70bc>8%</color>
6603005	66030	5	恣游翱翔	Assets/Product/Texture/Image/IconPetSkill/Pet3GriffonSkillbeidong04.png	携带角色物理伤害提高<color=#0f70bc>10%</color>
6604001	66040	1	昼晦明暗之时	Assets/Product/Texture/Image/IconPetSkill/Pet3GriffonSkillbeidong05.png	亚里莎·回音携带昼翼释放<color=#0f70bc>必杀-天刻宏耀之锋</color>时，暴击伤害提升<color=#0f70bc>15%</color>；释放<color=#0f70bc>合击·锁魂裁定</color>及<color=#0f70bc>合击·碎魄之弓</color>时将召唤昼翼释放协同攻击，造成<color=#0f70bc>500%</color>的物理伤害。
6604002	66040	2	昼晦明暗之时	Assets/Product/Texture/Image/IconPetSkill/Pet3GriffonSkillbeidong05.png	亚里莎·回音携带昼翼释放<color=#0f70bc>必杀-天刻宏耀之锋</color>时，暴击伤害提升<color=#0f70bc>30%</color>；释放<color=#0f70bc>合击·锁魂裁定</color>及<color=#0f70bc>合击·碎魄之弓</color>时将召唤昼翼释放协同攻击，造成<color=#0f70bc>1000%</color>的物理伤害。
6604003	66040	3	昼晦明暗之时	Assets/Product/Texture/Image/IconPetSkill/Pet3GriffonSkillbeidong05.png	亚里莎·回音携带昼翼释放<color=#0f70bc>必杀-天刻宏耀之锋</color>时，暴击伤害提升<color=#0f70bc>45%</color>；释放<color=#0f70bc>合击·锁魂裁定</color>及<color=#0f70bc>合击·碎魄之弓</color>时将召唤昼翼释放协同攻击，造成<color=#0f70bc>1500%</color>的物理伤害。
6604004	66040	4	昼晦明暗之时	Assets/Product/Texture/Image/IconPetSkill/Pet3GriffonSkillbeidong05.png	亚里莎·回音携带昼翼释放<color=#0f70bc>必杀-天刻宏耀之锋</color>时，暴击伤害提升<color=#0f70bc>60%</color>；释放<color=#0f70bc>合击·锁魂裁定</color>及<color=#0f70bc>合击·碎魄之弓</color>时将召唤昼翼释放协同攻击，造成<color=#0f70bc>2000%</color>的物理伤害。
6604005	66040	5	昼晦明暗之时	Assets/Product/Texture/Image/IconPetSkill/Pet3GriffonSkillbeidong05.png	亚里莎·回音携带昼翼释放<color=#0f70bc>必杀-天刻宏耀之锋</color>时，暴击伤害提升<color=#0f70bc>75%</color>；释放<color=#0f70bc>合击·锁魂裁定</color>及<color=#0f70bc>合击·碎魄之弓</color>时将召唤昼翼释放协同攻击，造成<color=#0f70bc>2500%</color>的物理伤害。
135101	1351	1	骇浪涡流·物	Assets/Product/Texture/Image/IconPetSkill/Pet3DolphinSkillzhudong05.png	任意消除6个基础信号球后，会激活辅助机按钮，释放后潜泽跃起并向目标位置俯冲，产生漩涡，造成<color=#FF6347>320%</color>物理伤害，并使目标僵固。<color=#935ee1>僵固</color>：使敌人静止2秒。
135102	1351	2	骇浪涡流·物	Assets/Product/Texture/Image/IconPetSkill/Pet3DolphinSkillzhudong05.png	任意消除6个基础信号球后，会激活辅助机按钮，释放后潜泽跃起并向目标位置俯冲，产生漩涡，造成<color=#FF6347>640%</color>物理伤害，并使目标僵固。<color=#935ee1>僵固</color>：使敌人静止2秒。
135103	1351	3	骇浪涡流·物	Assets/Product/Texture/Image/IconPetSkill/Pet3DolphinSkillzhudong05.png	任意消除6个基础信号球后，会激活辅助机按钮，释放后潜泽跃起并向目标位置俯冲，产生漩涡，造成<color=#FF6347>960%</color>物理伤害，并使目标僵固。<color=#935ee1>僵固</color>：使敌人静止2秒。
135104	1351	4	骇浪涡流·物	Assets/Product/Texture/Image/IconPetSkill/Pet3DolphinSkillzhudong05.png	任意消除6个基础信号球后，会激活辅助机按钮，释放后潜泽跃起并向目标位置俯冲，产生漩涡，造成<color=#FF6347>1280%</color>物理伤害，并使目标僵固。<color=#935ee1>僵固</color>：使敌人静止2秒。
135105	1351	5	骇浪涡流·物	Assets/Product/Texture/Image/IconPetSkill/Pet3DolphinSkillzhudong05.png	任意消除6个基础信号球后，会激活辅助机按钮，释放后潜泽跃起并向目标位置俯冲，产生漩涡，造成<color=#FF6347>1600%</color>物理伤害，并使目标僵固。<color=#935ee1>僵固</color>：使敌人静止2秒。
135201	1352	1	骇浪涡流·火	Assets/Product/Texture/Image/IconPetSkill/Pet3DolphinSkillzhudong01.png	任意消除6个基础信号球后，会激活辅助机按钮，释放后潜泽跃起并向目标位置俯冲，产生漩涡，造成<color=#FF6347>320%</color>火属性伤害，并使目标僵固。<color=#935ee1>僵固</color>：使敌人静止2秒。
135202	1352	2	骇浪涡流·火	Assets/Product/Texture/Image/IconPetSkill/Pet3DolphinSkillzhudong01.png	任意消除6个基础信号球后，会激活辅助机按钮，释放后潜泽跃起并向目标位置俯冲，产生漩涡，造成<color=#FF6347>640%</color>火属性伤害，并使目标僵固。<color=#935ee1>僵固</color>：使敌人静止2秒。
135203	1352	3	骇浪涡流·火	Assets/Product/Texture/Image/IconPetSkill/Pet3DolphinSkillzhudong01.png	任意消除6个基础信号球后，会激活辅助机按钮，释放后潜泽跃起并向目标位置俯冲，产生漩涡，造成<color=#FF6347>960%</color>火属性伤害，并使目标僵固。<color=#935ee1>僵固</color>：使敌人静止2秒。
135204	1352	4	骇浪涡流·火	Assets/Product/Texture/Image/IconPetSkill/Pet3DolphinSkillzhudong01.png	任意消除6个基础信号球后，会激活辅助机按钮，释放后潜泽跃起并向目标位置俯冲，产生漩涡，造成<color=#FF6347>1280%</color>火属性伤害，并使目标僵固。<color=#935ee1>僵固</color>：使敌人静止2秒。
135205	1352	5	骇浪涡流·火	Assets/Product/Texture/Image/IconPetSkill/Pet3DolphinSkillzhudong01.png	任意消除6个基础信号球后，会激活辅助机按钮，释放后潜泽跃起并向目标位置俯冲，产生漩涡，造成<color=#FF6347>1600%</color>火属性伤害，并使目标僵固。<color=#935ee1>僵固</color>：使敌人静止2秒。
135301	1353	1	骇浪涡流·冰	Assets/Product/Texture/Image/IconPetSkill/Pet3DolphinSkillzhudong02.png	任意消除6个基础信号球后，会激活辅助机按钮，释放后潜泽跃起并向目标位置俯冲，产生漩涡，造成<color=#FF6347>320%</color>冰属性伤害，并使目标僵固。<color=#935ee1>僵固</color>：使敌人静止2秒。
135302	1353	2	骇浪涡流·冰	Assets/Product/Texture/Image/IconPetSkill/Pet3DolphinSkillzhudong02.png	任意消除6个基础信号球后，会激活辅助机按钮，释放后潜泽跃起并向目标位置俯冲，产生漩涡，造成<color=#FF6347>640%</color>冰属性伤害，并使目标僵固。<color=#935ee1>僵固</color>：使敌人静止2秒。
135303	1353	3	骇浪涡流·冰	Assets/Product/Texture/Image/IconPetSkill/Pet3DolphinSkillzhudong02.png	任意消除6个基础信号球后，会激活辅助机按钮，释放后潜泽跃起并向目标位置俯冲，产生漩涡，造成<color=#FF6347>960%</color>冰属性伤害，并使目标僵固。<color=#935ee1>僵固</color>：使敌人静止2秒。
135304	1353	4	骇浪涡流·冰	Assets/Product/Texture/Image/IconPetSkill/Pet3DolphinSkillzhudong02.png	任意消除6个基础信号球后，会激活辅助机按钮，释放后潜泽跃起并向目标位置俯冲，产生漩涡，造成<color=#FF6347>1280%</color>冰属性伤害，并使目标僵固。<color=#935ee1>僵固</color>：使敌人静止2秒。
135305	1353	5	骇浪涡流·冰	Assets/Product/Texture/Image/IconPetSkill/Pet3DolphinSkillzhudong02.png	任意消除6个基础信号球后，会激活辅助机按钮，释放后潜泽跃起并向目标位置俯冲，产生漩涡，造成<color=#FF6347>1600%</color>冰属性伤害，并使目标僵固。<color=#935ee1>僵固</color>：使敌人静止2秒。
135401	1354	1	骇浪涡流·雷	Assets/Product/Texture/Image/IconPetSkill/Pet3DolphinSkillzhudong03.png	任意消除6个基础信号球后，会激活辅助机按钮，释放后潜泽跃起并向目标位置俯冲，产生漩涡，造成<color=#FF6347>320%</color>雷属性伤害，并使目标僵固。<color=#935ee1>僵固</color>：使敌人静止2秒。
135402	1354	2	骇浪涡流·雷	Assets/Product/Texture/Image/IconPetSkill/Pet3DolphinSkillzhudong03.png	任意消除6个基础信号球后，会激活辅助机按钮，释放后潜泽跃起并向目标位置俯冲，产生漩涡，造成<color=#FF6347>640%</color>雷属性伤害，并使目标僵固。<color=#935ee1>僵固</color>：使敌人静止2秒。
135403	1354	3	骇浪涡流·雷	Assets/Product/Texture/Image/IconPetSkill/Pet3DolphinSkillzhudong03.png	任意消除6个基础信号球后，会激活辅助机按钮，释放后潜泽跃起并向目标位置俯冲，产生漩涡，造成<color=#FF6347>960%</color>雷属性伤害，并使目标僵固。<color=#935ee1>僵固</color>：使敌人静止2秒。
135404	1354	4	骇浪涡流·雷	Assets/Product/Texture/Image/IconPetSkill/Pet3DolphinSkillzhudong03.png	任意消除6个基础信号球后，会激活辅助机按钮，释放后潜泽跃起并向目标位置俯冲，产生漩涡，造成<color=#FF6347>1280%</color>雷属性伤害，并使目标僵固。<color=#935ee1>僵固</color>：使敌人静止2秒。
135405	1354	5	骇浪涡流·雷	Assets/Product/Texture/Image/IconPetSkill/Pet3DolphinSkillzhudong03.png	任意消除6个基础信号球后，会激活辅助机按钮，释放后潜泽跃起并向目标位置俯冲，产生漩涡，造成<color=#FF6347>1600%</color>雷属性伤害，并使目标僵固。<color=#935ee1>僵固</color>：使敌人静止2秒。
135501	1355	1	骇浪涡流·暗	Assets/Product/Texture/Image/IconPetSkill/Pet3DolphinSkillzhudong04.png	任意消除6个基础信号球后，会激活辅助机按钮，释放后潜泽跃起并向目标位置俯冲，产生漩涡，造成<color=#FF6347>320%</color>暗属性伤害，并使目标僵固。<color=#935ee1>僵固</color>：使敌人静止2秒。
135502	1355	2	骇浪涡流·暗	Assets/Product/Texture/Image/IconPetSkill/Pet3DolphinSkillzhudong04.png	任意消除6个基础信号球后，会激活辅助机按钮，释放后潜泽跃起并向目标位置俯冲，产生漩涡，造成<color=#FF6347>640%</color>暗属性伤害，并使目标僵固。<color=#935ee1>僵固</color>：使敌人静止2秒。
135503	1355	3	骇浪涡流·暗	Assets/Product/Texture/Image/IconPetSkill/Pet3DolphinSkillzhudong04.png	任意消除6个基础信号球后，会激活辅助机按钮，释放后潜泽跃起并向目标位置俯冲，产生漩涡，造成<color=#FF6347>960%</color>暗属性伤害，并使目标僵固。<color=#935ee1>僵固</color>：使敌人静止2秒。
135504	1355	4	骇浪涡流·暗	Assets/Product/Texture/Image/IconPetSkill/Pet3DolphinSkillzhudong04.png	任意消除6个基础信号球后，会激活辅助机按钮，释放后潜泽跃起并向目标位置俯冲，产生漩涡，造成<color=#FF6347>1280%</color>暗属性伤害，并使目标僵固。<color=#935ee1>僵固</color>：使敌人静止2秒。
135505	1355	5	骇浪涡流·暗	Assets/Product/Texture/Image/IconPetSkill/Pet3DolphinSkillzhudong04.png	任意消除6个基础信号球后，会激活辅助机按钮，释放后潜泽跃起并向目标位置俯冲，产生漩涡，造成<color=#FF6347>1600%</color>暗属性伤害，并使目标僵固。<color=#935ee1>僵固</color>：使敌人静止2秒。
135601	1356	1	骇浪涡流·空	Assets/Product/Texture/Image/IconPetSkill/Pet3DolphinSkillzhudong06.png	任意消除6个基础信号球后，会激活辅助机按钮，释放后潜泽跃起并向目标位置俯冲，产生漩涡，造成<color=#FF6347>320%</color>空属性伤害，并使目标僵固。<color=#935ee1>僵固</color>：使敌人静止2秒。
135602	1356	2	骇浪涡流·空	Assets/Product/Texture/Image/IconPetSkill/Pet3DolphinSkillzhudong06.png	任意消除6个基础信号球后，会激活辅助机按钮，释放后潜泽跃起并向目标位置俯冲，产生漩涡，造成<color=#FF6347>640%</color>空属性伤害，并使目标僵固。<color=#935ee1>僵固</color>：使敌人静止2秒。
135603	1356	3	骇浪涡流·空	Assets/Product/Texture/Image/IconPetSkill/Pet3DolphinSkillzhudong06.png	任意消除6个基础信号球后，会激活辅助机按钮，释放后潜泽跃起并向目标位置俯冲，产生漩涡，造成<color=#FF6347>960%</color>空属性伤害，并使目标僵固。<color=#935ee1>僵固</color>：使敌人静止2秒。
135604	1356	4	骇浪涡流·空	Assets/Product/Texture/Image/IconPetSkill/Pet3DolphinSkillzhudong06.png	任意消除6个基础信号球后，会激活辅助机按钮，释放后潜泽跃起并向目标位置俯冲，产生漩涡，造成<color=#FF6347>1280%</color>空属性伤害，并使目标僵固。<color=#935ee1>僵固</color>：使敌人静止2秒。
135605	1356	5	骇浪涡流·空	Assets/Product/Texture/Image/IconPetSkill/Pet3DolphinSkillzhudong06.png	任意消除6个基础信号球后，会激活辅助机按钮，释放后潜泽跃起并向目标位置俯冲，产生漩涡，造成<color=#FF6347>1600%</color>空属性伤害，并使目标僵固。<color=#935ee1>僵固</color>：使敌人静止2秒。
136101	1361	1	恶浪狂涛·物	Assets/Product/Texture/Image/IconPetSkill/Pet3DolphinSkillzhudong05.png	任意消除6个基础信号球后，会激活辅助机按钮，释放后潜泽向前方游动，甩尾空翻，在目标后方产生海浪，造成<color=#FF6347>350%</color>物理伤害并推动怪物到角色面前。
136102	1361	2	恶浪狂涛·物	Assets/Product/Texture/Image/IconPetSkill/Pet3DolphinSkillzhudong05.png	任意消除6个基础信号球后，会激活辅助机按钮，释放后潜泽向前方游动，甩尾空翻，在目标后方产生海浪，造成<color=#FF6347>700%</color>物理伤害并推动怪物到角色面前。
136103	1361	3	恶浪狂涛·物	Assets/Product/Texture/Image/IconPetSkill/Pet3DolphinSkillzhudong05.png	任意消除6个基础信号球后，会激活辅助机按钮，释放后潜泽向前方游动，甩尾空翻，在目标后方产生海浪，造成<color=#FF6347>1050%</color>物理伤害并推动怪物到角色面前。
136104	1361	4	恶浪狂涛·物	Assets/Product/Texture/Image/IconPetSkill/Pet3DolphinSkillzhudong05.png	任意消除6个基础信号球后，会激活辅助机按钮，释放后潜泽向前方游动，甩尾空翻，在目标后方产生海浪，造成<color=#FF6347>1400%</color>物理伤害并推动怪物到角色面前。
136105	1361	5	恶浪狂涛·物	Assets/Product/Texture/Image/IconPetSkill/Pet3DolphinSkillzhudong05.png	任意消除6个基础信号球后，会激活辅助机按钮，释放后潜泽向前方游动，甩尾空翻，在目标后方产生海浪，造成<color=#FF6347>1750%</color>物理伤害并推动怪物到角色面前。
136201	1362	1	恶浪狂涛·火	Assets/Product/Texture/Image/IconPetSkill/Pet3DolphinSkillzhudong01.png	任意消除6个基础信号球后，会激活辅助机按钮，释放后潜泽向前方游动，甩尾空翻，在目标后方产生海浪，造成<color=#FF6347>350%</color>火属性伤害并推动怪物到角色面前。
136202	1362	2	恶浪狂涛·火	Assets/Product/Texture/Image/IconPetSkill/Pet3DolphinSkillzhudong01.png	任意消除6个基础信号球后，会激活辅助机按钮，释放后潜泽向前方游动，甩尾空翻，在目标后方产生海浪，造成<color=#FF6347>700%</color>火属性伤害并推动怪物到角色面前。
136203	1362	3	恶浪狂涛·火	Assets/Product/Texture/Image/IconPetSkill/Pet3DolphinSkillzhudong01.png	任意消除6个基础信号球后，会激活辅助机按钮，释放后潜泽向前方游动，甩尾空翻，在目标后方产生海浪，造成<color=#FF6347>1050%</color>火属性伤害并推动怪物到角色面前。
136204	1362	4	恶浪狂涛·火	Assets/Product/Texture/Image/IconPetSkill/Pet3DolphinSkillzhudong01.png	任意消除6个基础信号球后，会激活辅助机按钮，释放后潜泽向前方游动，甩尾空翻，在目标后方产生海浪，造成<color=#FF6347>1400%</color>火属性伤害并推动怪物到角色面前。
136205	1362	5	恶浪狂涛·火	Assets/Product/Texture/Image/IconPetSkill/Pet3DolphinSkillzhudong01.png	任意消除6个基础信号球后，会激活辅助机按钮，释放后潜泽向前方游动，甩尾空翻，在目标后方产生海浪，造成<color=#FF6347>1750%</color>火属性伤害并推动怪物到角色面前。
136301	1363	1	恶浪狂涛·冰	Assets/Product/Texture/Image/IconPetSkill/Pet3DolphinSkillzhudong02.png	任意消除6个基础信号球后，会激活辅助机按钮，释放后潜泽向前方游动，甩尾空翻，在目标后方产生海浪，造成<color=#FF6347>350%</color>冰属性伤害并推动怪物到角色面前。
136302	1363	2	恶浪狂涛·冰	Assets/Product/Texture/Image/IconPetSkill/Pet3DolphinSkillzhudong02.png	任意消除6个基础信号球后，会激活辅助机按钮，释放后潜泽向前方游动，甩尾空翻，在目标后方产生海浪，造成<color=#FF6347>700%</color>冰属性伤害并推动怪物到角色面前。
136303	1363	3	恶浪狂涛·冰	Assets/Product/Texture/Image/IconPetSkill/Pet3DolphinSkillzhudong02.png	任意消除6个基础信号球后，会激活辅助机按钮，释放后潜泽向前方游动，甩尾空翻，在目标后方产生海浪，造成<color=#FF6347>1050%</color>冰属性伤害并推动怪物到角色面前。
136304	1363	4	恶浪狂涛·冰	Assets/Product/Texture/Image/IconPetSkill/Pet3DolphinSkillzhudong02.png	任意消除6个基础信号球后，会激活辅助机按钮，释放后潜泽向前方游动，甩尾空翻，在目标后方产生海浪，造成<color=#FF6347>1400%</color>冰属性伤害并推动怪物到角色面前。
136305	1363	5	恶浪狂涛·冰	Assets/Product/Texture/Image/IconPetSkill/Pet3DolphinSkillzhudong02.png	任意消除6个基础信号球后，会激活辅助机按钮，释放后潜泽向前方游动，甩尾空翻，在目标后方产生海浪，造成<color=#FF6347>1750%</color>冰属性伤害并推动怪物到角色面前。
136401	1364	1	恶浪狂涛·雷	Assets/Product/Texture/Image/IconPetSkill/Pet3DolphinSkillzhudong03.png	任意消除6个基础信号球后，会激活辅助机按钮，释放后潜泽向前方游动，甩尾空翻，在目标后方产生海浪，造成<color=#FF6347>350%</color>雷属性伤害并推动怪物到角色面前。
136402	1364	2	恶浪狂涛·雷	Assets/Product/Texture/Image/IconPetSkill/Pet3DolphinSkillzhudong03.png	任意消除6个基础信号球后，会激活辅助机按钮，释放后潜泽向前方游动，甩尾空翻，在目标后方产生海浪，造成<color=#FF6347>700%</color>雷属性伤害并推动怪物到角色面前。
136403	1364	3	恶浪狂涛·雷	Assets/Product/Texture/Image/IconPetSkill/Pet3DolphinSkillzhudong03.png	任意消除6个基础信号球后，会激活辅助机按钮，释放后潜泽向前方游动，甩尾空翻，在目标后方产生海浪，造成<color=#FF6347>1050%</color>雷属性伤害并推动怪物到角色面前。
136404	1364	4	恶浪狂涛·雷	Assets/Product/Texture/Image/IconPetSkill/Pet3DolphinSkillzhudong03.png	任意消除6个基础信号球后，会激活辅助机按钮，释放后潜泽向前方游动，甩尾空翻，在目标后方产生海浪，造成<color=#FF6347>1400%</color>雷属性伤害并推动怪物到角色面前。
136405	1364	5	恶浪狂涛·雷	Assets/Product/Texture/Image/IconPetSkill/Pet3DolphinSkillzhudong03.png	任意消除6个基础信号球后，会激活辅助机按钮，释放后潜泽向前方游动，甩尾空翻，在目标后方产生海浪，造成<color=#FF6347>1750%</color>雷属性伤害并推动怪物到角色面前。
136501	1365	1	恶浪狂涛·暗	Assets/Product/Texture/Image/IconPetSkill/Pet3DolphinSkillzhudong04.png	任意消除6个基础信号球后，会激活辅助机按钮，释放后潜泽向前方游动，甩尾空翻，在目标后方产生海浪，造成<color=#FF6347>350%</color>暗属性伤害并推动怪物到角色面前。
136502	1365	2	恶浪狂涛·暗	Assets/Product/Texture/Image/IconPetSkill/Pet3DolphinSkillzhudong04.png	任意消除6个基础信号球后，会激活辅助机按钮，释放后潜泽向前方游动，甩尾空翻，在目标后方产生海浪，造成<color=#FF6347>700%</color>暗属性伤害并推动怪物到角色面前。
136503	1365	3	恶浪狂涛·暗	Assets/Product/Texture/Image/IconPetSkill/Pet3DolphinSkillzhudong04.png	任意消除6个基础信号球后，会激活辅助机按钮，释放后潜泽向前方游动，甩尾空翻，在目标后方产生海浪，造成<color=#FF6347>1050%</color>暗属性伤害并推动怪物到角色面前。
136504	1365	4	恶浪狂涛·暗	Assets/Product/Texture/Image/IconPetSkill/Pet3DolphinSkillzhudong04.png	任意消除6个基础信号球后，会激活辅助机按钮，释放后潜泽向前方游动，甩尾空翻，在目标后方产生海浪，造成<color=#FF6347>1400%</color>暗属性伤害并推动怪物到角色面前。
136505	1365	5	恶浪狂涛·暗	Assets/Product/Texture/Image/IconPetSkill/Pet3DolphinSkillzhudong04.png	任意消除6个基础信号球后，会激活辅助机按钮，释放后潜泽向前方游动，甩尾空翻，在目标后方产生海浪，造成<color=#FF6347>1750%</color>暗属性伤害并推动怪物到角色面前。
136601	1366	1	恶浪狂涛·空	Assets/Product/Texture/Image/IconPetSkill/Pet3DolphinSkillzhudong06.png	任意消除6个基础信号球后，会激活辅助机按钮，释放后潜泽向前方游动，甩尾空翻，在目标后方产生海浪，造成<color=#FF6347>350%</color>空属性伤害并推动怪物到角色面前。
136602	1366	2	恶浪狂涛·空	Assets/Product/Texture/Image/IconPetSkill/Pet3DolphinSkillzhudong06.png	任意消除6个基础信号球后，会激活辅助机按钮，释放后潜泽向前方游动，甩尾空翻，在目标后方产生海浪，造成<color=#FF6347>700%</color>空属性伤害并推动怪物到角色面前。
136603	1366	3	恶浪狂涛·空	Assets/Product/Texture/Image/IconPetSkill/Pet3DolphinSkillzhudong06.png	任意消除6个基础信号球后，会激活辅助机按钮，释放后潜泽向前方游动，甩尾空翻，在目标后方产生海浪，造成<color=#FF6347>1050%</color>空属性伤害并推动怪物到角色面前。
136604	1366	4	恶浪狂涛·空	Assets/Product/Texture/Image/IconPetSkill/Pet3DolphinSkillzhudong06.png	任意消除6个基础信号球后，会激活辅助机按钮，释放后潜泽向前方游动，甩尾空翻，在目标后方产生海浪，造成<color=#FF6347>1400%</color>空属性伤害并推动怪物到角色面前。
136605	1366	5	恶浪狂涛·空	Assets/Product/Texture/Image/IconPetSkill/Pet3DolphinSkillzhudong06.png	任意消除6个基础信号球后，会激活辅助机按钮，释放后潜泽向前方游动，甩尾空翻，在目标后方产生海浪，造成<color=#FF6347>1750%</color>空属性伤害并推动怪物到角色面前。
6700001	67000	1	海豚战术·巡游	Assets/Product/Texture/Image/IconPetSkill/Pet3DolphinSkillbeidong01.png	潜泽主动技伤害提高<color=#0f70bc>14%</color>
6700002	67000	2	海豚战术·巡游	Assets/Product/Texture/Image/IconPetSkill/Pet3DolphinSkillbeidong01.png	潜泽主动技伤害提高<color=#0f70bc>28%</color>
6700003	67000	3	海豚战术·巡游	Assets/Product/Texture/Image/IconPetSkill/Pet3DolphinSkillbeidong01.png	潜泽主动技伤害提高<color=#0f70bc>42%</color>
6700004	67000	4	海豚战术·巡游	Assets/Product/Texture/Image/IconPetSkill/Pet3DolphinSkillbeidong01.png	潜泽主动技伤害提高<color=#0f70bc>56%</color>
6700005	67000	5	海豚战术·巡游	Assets/Product/Texture/Image/IconPetSkill/Pet3DolphinSkillbeidong01.png	潜泽主动技伤害提高<color=#0f70bc>70%</color>
6701001	67010	1	海豚战术·护航	Assets/Product/Texture/Image/IconPetSkill/Pet3DolphinSkillbeidong02.png	携带角色攻击力提高<color=#0f70bc>20</color>
6701002	67010	2	海豚战术·护航	Assets/Product/Texture/Image/IconPetSkill/Pet3DolphinSkillbeidong02.png	携带角色攻击力提高<color=#0f70bc>40</color>
6701003	67010	3	海豚战术·护航	Assets/Product/Texture/Image/IconPetSkill/Pet3DolphinSkillbeidong02.png	携带角色攻击力提高<color=#0f70bc>60</color>
6701004	67010	4	海豚战术·护航	Assets/Product/Texture/Image/IconPetSkill/Pet3DolphinSkillbeidong02.png	携带角色攻击力提高<color=#0f70bc>80</color>
6701005	67010	5	海豚战术·护航	Assets/Product/Texture/Image/IconPetSkill/Pet3DolphinSkillbeidong02.png	携带角色攻击力提高<color=#0f70bc>100</color>
6702001	67020	1	海豚战术·潜袭	Assets/Product/Texture/Image/IconPetSkill/Pet3DolphinSkillbeidong03.png	潜泽释放主动技后，携带角色额外伤害加成提高<color=#0f70bc>1%</color>，持续8秒，重复触发刷新持续时间。
6702002	67020	2	海豚战术·潜袭	Assets/Product/Texture/Image/IconPetSkill/Pet3DolphinSkillbeidong03.png	潜泽释放主动技后，携带角色额外伤害加成提高<color=#0f70bc>2%</color>，持续8秒，重复触发刷新持续时间。
6702003	67020	3	海豚战术·潜袭	Assets/Product/Texture/Image/IconPetSkill/Pet3DolphinSkillbeidong03.png	潜泽释放主动技后，携带角色额外伤害加成提高<color=#0f70bc>3%</color>，持续8秒，重复触发刷新持续时间。
6702004	67020	4	海豚战术·潜袭	Assets/Product/Texture/Image/IconPetSkill/Pet3DolphinSkillbeidong03.png	潜泽释放主动技后，携带角色额外伤害加成提高<color=#0f70bc>4%</color>，持续8秒，重复触发刷新持续时间。
6702005	67020	5	海豚战术·潜袭	Assets/Product/Texture/Image/IconPetSkill/Pet3DolphinSkillbeidong03.png	潜泽释放主动技后，携带角色额外伤害加成提高<color=#0f70bc>5%</color>，持续8秒，重复触发刷新持续时间。
6703001	67030	1	晦冥暗礁	Assets/Product/Texture/Image/IconPetSkill/Pet3DolphinSkillbeidong04.png	携带角色暗属性伤害提高<color=#0f70bc>2%</color>
6703002	67030	2	晦冥暗礁	Assets/Product/Texture/Image/IconPetSkill/Pet3DolphinSkillbeidong04.png	携带角色暗属性伤害提高<color=#0f70bc>4%</color>
6703003	67030	3	晦冥暗礁	Assets/Product/Texture/Image/IconPetSkill/Pet3DolphinSkillbeidong04.png	携带角色暗属性伤害提高<color=#0f70bc>6%</color>
6703004	67030	4	晦冥暗礁	Assets/Product/Texture/Image/IconPetSkill/Pet3DolphinSkillbeidong04.png	携带角色暗属性伤害提高<color=#0f70bc>8%</color>
6703005	67030	5	晦冥暗礁	Assets/Product/Texture/Image/IconPetSkill/Pet3DolphinSkillbeidong04.png	携带角色暗属性伤害提高<color=#0f70bc>10%</color>
6704001	67040	1	昔时泡影	Assets/Product/Texture/Image/IconPetSkill/Pet3DolphinSkillbeidong05.png	拉弥亚·深谣携带潜泽释放<color=#0f70bc>必杀-沉渊终局</color>时，基础伤害提升<color=#0f70bc>16%</color>；释放<color=#0f70bc>蓝色信号球技能-寰洋断绝</color>及<color=#0f70bc>普攻-潜渊暗流</color>时，将召唤潜泽释放协同攻击，造成<color=#0f70bc>500%</color>的暗属性伤害。
6704002	67040	2	昔时泡影	Assets/Product/Texture/Image/IconPetSkill/Pet3DolphinSkillbeidong05.png	拉弥亚·深谣携带潜泽释放<color=#0f70bc>必杀-沉渊终局</color>时，基础伤害提升<color=#0f70bc>32%</color>；释放<color=#0f70bc>蓝色信号球技能-寰洋断绝</color>及<color=#0f70bc>普攻-潜渊暗流</color>时，将召唤潜泽释放协同攻击，造成<color=#0f70bc>1000%</color>的暗属性伤害。
6704003	67040	3	昔时泡影	Assets/Product/Texture/Image/IconPetSkill/Pet3DolphinSkillbeidong05.png	拉弥亚·深谣携带潜泽释放<color=#0f70bc>必杀-沉渊终局</color>时，基础伤害提升<color=#0f70bc>48%</color>；释放<color=#0f70bc>蓝色信号球技能-寰洋断绝</color>及<color=#0f70bc>普攻-潜渊暗流</color>时，将召唤潜泽释放协同攻击，造成<color=#0f70bc>1500%</color>的暗属性伤害。
6704004	67040	4	昔时泡影	Assets/Product/Texture/Image/IconPetSkill/Pet3DolphinSkillbeidong05.png	拉弥亚·深谣携带潜泽释放<color=#0f70bc>必杀-沉渊终局</color>时，基础伤害提升<color=#0f70bc>64%</color>；释放<color=#0f70bc>蓝色信号球技能-寰洋断绝</color>及<color=#0f70bc>普攻-潜渊暗流</color>时，将召唤潜泽释放协同攻击，造成<color=#0f70bc>2000%</color>的暗属性伤害。
6704005	67040	5	昔时泡影	Assets/Product/Texture/Image/IconPetSkill/Pet3DolphinSkillbeidong05.png	拉弥亚·深谣携带潜泽释放<color=#0f70bc>必杀-沉渊终局</color>时，基础伤害提升<color=#0f70bc>80%</color>；释放<color=#0f70bc>蓝色信号球技能-寰洋断绝</color>及<color=#0f70bc>普攻-潜渊暗流</color>时，将召唤潜泽释放协同攻击，造成<color=#0f70bc>2500%</color>的暗属性伤害。
137101	1371	1	广域声波·物	Assets/Product/Texture/Image/IconPetSkill/Pet3BatSkillzhudong05.png	任意消除6个基础信号球后，会激活辅助机按钮，释放后夜蝠发射声波，造成伤害并聚集周围敌方单位，造成<color=#FF6347>330%</color>物理伤害。
137102	1371	2	广域声波·物	Assets/Product/Texture/Image/IconPetSkill/Pet3BatSkillzhudong05.png	任意消除6个基础信号球后，会激活辅助机按钮，释放后夜蝠发射声波，造成伤害并聚集周围敌方单位，造成<color=#FF6347>660%</color>物理伤害。
137103	1371	3	广域声波·物	Assets/Product/Texture/Image/IconPetSkill/Pet3BatSkillzhudong05.png	任意消除6个基础信号球后，会激活辅助机按钮，释放后夜蝠发射声波，造成伤害并聚集周围敌方单位，造成<color=#FF6347>990%</color>物理伤害。
137104	1371	4	广域声波·物	Assets/Product/Texture/Image/IconPetSkill/Pet3BatSkillzhudong05.png	任意消除6个基础信号球后，会激活辅助机按钮，释放后夜蝠发射声波，造成伤害并聚集周围敌方单位，造成<color=#FF6347>1320%</color>物理伤害。
137105	1371	5	广域声波·物	Assets/Product/Texture/Image/IconPetSkill/Pet3BatSkillzhudong05.png	任意消除6个基础信号球后，会激活辅助机按钮，释放后夜蝠发射声波，造成伤害并聚集周围敌方单位，造成<color=#FF6347>1650%</color>物理伤害。
137201	1372	1	广域声波·火	Assets/Product/Texture/Image/IconPetSkill/Pet3BatSkillzhudong01.png	任意消除6个基础信号球后，会激活辅助机按钮，释放后夜蝠发射声波，造成伤害并聚集周围敌方单位，造成<color=#FF6347>330%</color>火属性伤害。
137202	1372	2	广域声波·火	Assets/Product/Texture/Image/IconPetSkill/Pet3BatSkillzhudong01.png	任意消除6个基础信号球后，会激活辅助机按钮，释放后夜蝠发射声波，造成伤害并聚集周围敌方单位，造成<color=#FF6347>660%</color>火属性伤害。
137203	1372	3	广域声波·火	Assets/Product/Texture/Image/IconPetSkill/Pet3BatSkillzhudong01.png	任意消除6个基础信号球后，会激活辅助机按钮，释放后夜蝠发射声波，造成伤害并聚集周围敌方单位，造成<color=#FF6347>990%</color>火属性伤害。
137204	1372	4	广域声波·火	Assets/Product/Texture/Image/IconPetSkill/Pet3BatSkillzhudong01.png	任意消除6个基础信号球后，会激活辅助机按钮，释放后夜蝠发射声波，造成伤害并聚集周围敌方单位，造成<color=#FF6347>1320%</color>火属性伤害。
137205	1372	5	广域声波·火	Assets/Product/Texture/Image/IconPetSkill/Pet3BatSkillzhudong01.png	任意消除6个基础信号球后，会激活辅助机按钮，释放后夜蝠发射声波，造成伤害并聚集周围敌方单位，造成<color=#FF6347>1650%</color>火属性伤害。
137301	1373	1	广域声波·冰	Assets/Product/Texture/Image/IconPetSkill/Pet3BatSkillzhudong02.png	任意消除6个基础信号球后，会激活辅助机按钮，释放后夜蝠发射声波，造成伤害并聚集周围敌方单位，造成<color=#FF6347>330%</color>冰属性伤害。
137302	1373	2	广域声波·冰	Assets/Product/Texture/Image/IconPetSkill/Pet3BatSkillzhudong02.png	任意消除6个基础信号球后，会激活辅助机按钮，释放后夜蝠发射声波，造成伤害并聚集周围敌方单位，造成<color=#FF6347>660%</color>冰属性伤害。
137303	1373	3	广域声波·冰	Assets/Product/Texture/Image/IconPetSkill/Pet3BatSkillzhudong02.png	任意消除6个基础信号球后，会激活辅助机按钮，释放后夜蝠发射声波，造成伤害并聚集周围敌方单位，造成<color=#FF6347>990%</color>冰属性伤害。
137304	1373	4	广域声波·冰	Assets/Product/Texture/Image/IconPetSkill/Pet3BatSkillzhudong02.png	任意消除6个基础信号球后，会激活辅助机按钮，释放后夜蝠发射声波，造成伤害并聚集周围敌方单位，造成<color=#FF6347>1320%</color>冰属性伤害。
137305	1373	5	广域声波·冰	Assets/Product/Texture/Image/IconPetSkill/Pet3BatSkillzhudong02.png	任意消除6个基础信号球后，会激活辅助机按钮，释放后夜蝠发射声波，造成伤害并聚集周围敌方单位，造成<color=#FF6347>1650%</color>冰属性伤害。
137401	1374	1	广域声波·雷	Assets/Product/Texture/Image/IconPetSkill/Pet3BatSkillzhudong03.png	任意消除6个基础信号球后，会激活辅助机按钮，释放后夜蝠发射声波，造成伤害并聚集周围敌方单位，造成<color=#FF6347>330%</color>雷属性伤害。
137402	1374	2	广域声波·雷	Assets/Product/Texture/Image/IconPetSkill/Pet3BatSkillzhudong03.png	任意消除6个基础信号球后，会激活辅助机按钮，释放后夜蝠发射声波，造成伤害并聚集周围敌方单位，造成<color=#FF6347>660%</color>雷属性伤害。
137403	1374	3	广域声波·雷	Assets/Product/Texture/Image/IconPetSkill/Pet3BatSkillzhudong03.png	任意消除6个基础信号球后，会激活辅助机按钮，释放后夜蝠发射声波，造成伤害并聚集周围敌方单位，造成<color=#FF6347>990%</color>雷属性伤害。
137404	1374	4	广域声波·雷	Assets/Product/Texture/Image/IconPetSkill/Pet3BatSkillzhudong03.png	任意消除6个基础信号球后，会激活辅助机按钮，释放后夜蝠发射声波，造成伤害并聚集周围敌方单位，造成<color=#FF6347>1320%</color>雷属性伤害。
137405	1374	5	广域声波·雷	Assets/Product/Texture/Image/IconPetSkill/Pet3BatSkillzhudong03.png	任意消除6个基础信号球后，会激活辅助机按钮，释放后夜蝠发射声波，造成伤害并聚集周围敌方单位，造成<color=#FF6347>1650%</color>雷属性伤害。
137501	1375	1	广域声波·暗	Assets/Product/Texture/Image/IconPetSkill/Pet3BatSkillzhudong04.png	任意消除6个基础信号球后，会激活辅助机按钮，释放后夜蝠发射声波，造成伤害并聚集周围敌方单位，造成<color=#FF6347>330%</color>暗属性伤害。
137502	1375	2	广域声波·暗	Assets/Product/Texture/Image/IconPetSkill/Pet3BatSkillzhudong04.png	任意消除6个基础信号球后，会激活辅助机按钮，释放后夜蝠发射声波，造成伤害并聚集周围敌方单位，造成<color=#FF6347>660%</color>暗属性伤害。
137503	1375	3	广域声波·暗	Assets/Product/Texture/Image/IconPetSkill/Pet3BatSkillzhudong04.png	任意消除6个基础信号球后，会激活辅助机按钮，释放后夜蝠发射声波，造成伤害并聚集周围敌方单位，造成<color=#FF6347>990%</color>暗属性伤害。
137504	1375	4	广域声波·暗	Assets/Product/Texture/Image/IconPetSkill/Pet3BatSkillzhudong04.png	任意消除6个基础信号球后，会激活辅助机按钮，释放后夜蝠发射声波，造成伤害并聚集周围敌方单位，造成<color=#FF6347>1320%</color>暗属性伤害。
137505	1375	5	广域声波·暗	Assets/Product/Texture/Image/IconPetSkill/Pet3BatSkillzhudong04.png	任意消除6个基础信号球后，会激活辅助机按钮，释放后夜蝠发射声波，造成伤害并聚集周围敌方单位，造成<color=#FF6347>1650%</color>暗属性伤害。
137601	1376	1	广域声波·空	Assets/Product/Texture/Image/IconPetSkill/Pet3BatSkillzhudong06.png	任意消除6个基础信号球后，会激活辅助机按钮，释放后夜蝠发射声波，造成伤害并聚集周围敌方单位，造成<color=#FF6347>330%</color>空属性伤害。
137602	1376	2	广域声波·空	Assets/Product/Texture/Image/IconPetSkill/Pet3BatSkillzhudong06.png	任意消除6个基础信号球后，会激活辅助机按钮，释放后夜蝠发射声波，造成伤害并聚集周围敌方单位，造成<color=#FF6347>660%</color>空属性伤害。
137603	1376	3	广域声波·空	Assets/Product/Texture/Image/IconPetSkill/Pet3BatSkillzhudong06.png	任意消除6个基础信号球后，会激活辅助机按钮，释放后夜蝠发射声波，造成伤害并聚集周围敌方单位，造成<color=#FF6347>990%</color>空属性伤害。
137604	1376	4	广域声波·空	Assets/Product/Texture/Image/IconPetSkill/Pet3BatSkillzhudong06.png	任意消除6个基础信号球后，会激活辅助机按钮，释放后夜蝠发射声波，造成伤害并聚集周围敌方单位，造成<color=#FF6347>1320%</color>空属性伤害。
137605	1376	5	广域声波·空	Assets/Product/Texture/Image/IconPetSkill/Pet3BatSkillzhudong06.png	任意消除6个基础信号球后，会激活辅助机按钮，释放后夜蝠发射声波，造成伤害并聚集周围敌方单位，造成<color=#FF6347>1650%</color>空属性伤害。
138101	1381	1	抵近干涉·物	Assets/Product/Texture/Image/IconPetSkill/Pet3BatSkillzhudong05.png	任意消除6个基础信号球后，会激活辅助机按钮，释放后夜蝠开始环绕飞行，使控制角色获得辅助机攻击力<color=#0f70bc>40%</color>的护盾值。夜蝠飞行结束后张开双翼，对目标周围区域造成2次<color=#0f70bc>150%</color>物理伤害。
138102	1381	2	抵近干涉·物	Assets/Product/Texture/Image/IconPetSkill/Pet3BatSkillzhudong05.png	任意消除6个基础信号球后，会激活辅助机按钮，释放后夜蝠开始环绕飞行，使控制角色获得辅助机攻击力<color=#0f70bc>80%</color>的护盾值。夜蝠飞行结束后张开双翼，对目标周围区域造成2次<color=#0f70bc>300%</color>物理伤害。
138103	1381	3	抵近干涉·物	Assets/Product/Texture/Image/IconPetSkill/Pet3BatSkillzhudong05.png	任意消除6个基础信号球后，会激活辅助机按钮，释放后夜蝠开始环绕飞行，使控制角色获得辅助机攻击力<color=#0f70bc>120%</color>的护盾值。夜蝠飞行结束后张开双翼，对目标周围区域造成2次<color=#0f70bc>450%</color>物理伤害。
138104	1381	4	抵近干涉·物	Assets/Product/Texture/Image/IconPetSkill/Pet3BatSkillzhudong05.png	任意消除6个基础信号球后，会激活辅助机按钮，释放后夜蝠开始环绕飞行，使控制角色获得辅助机攻击力<color=#0f70bc>160%</color>的护盾值。夜蝠飞行结束后张开双翼，对目标周围区域造成2次<color=#0f70bc>600%</color>物理伤害。
138105	1381	5	抵近干涉·物	Assets/Product/Texture/Image/IconPetSkill/Pet3BatSkillzhudong05.png	任意消除6个基础信号球后，会激活辅助机按钮，释放后夜蝠开始环绕飞行，使控制角色获得辅助机攻击力<color=#0f70bc>200%</color>的护盾值。夜蝠飞行结束后张开双翼，对目标周围区域造成2次<color=#0f70bc>750%</color>物理伤害。
138201	1382	1	抵近干涉·火	Assets/Product/Texture/Image/IconPetSkill/Pet3BatSkillzhudong01.png	任意消除6个基础信号球后，会激活辅助机按钮，释放后夜蝠开始环绕飞行，使控制角色获得辅助机攻击力<color=#0f70bc>40%</color>的护盾值。夜蝠飞行结束后张开双翼，对目标周围区域造成2次<color=#0f70bc>150%</color>火属性伤害。
138202	1382	2	抵近干涉·火	Assets/Product/Texture/Image/IconPetSkill/Pet3BatSkillzhudong01.png	任意消除6个基础信号球后，会激活辅助机按钮，释放后夜蝠开始环绕飞行，使控制角色获得辅助机攻击力<color=#0f70bc>80%</color>的护盾值。夜蝠飞行结束后张开双翼，对目标周围区域造成2次<color=#0f70bc>300%</color>火属性伤害。
138203	1382	3	抵近干涉·火	Assets/Product/Texture/Image/IconPetSkill/Pet3BatSkillzhudong01.png	任意消除6个基础信号球后，会激活辅助机按钮，释放后夜蝠开始环绕飞行，使控制角色获得辅助机攻击力<color=#0f70bc>120%</color>的护盾值。夜蝠飞行结束后张开双翼，对目标周围区域造成2次<color=#0f70bc>450%</color>火属性伤害。
138204	1382	4	抵近干涉·火	Assets/Product/Texture/Image/IconPetSkill/Pet3BatSkillzhudong01.png	任意消除6个基础信号球后，会激活辅助机按钮，释放后夜蝠开始环绕飞行，使控制角色获得辅助机攻击力<color=#0f70bc>160%</color>的护盾值。夜蝠飞行结束后张开双翼，对目标周围区域造成2次<color=#0f70bc>600%</color>火属性伤害。
138205	1382	5	抵近干涉·火	Assets/Product/Texture/Image/IconPetSkill/Pet3BatSkillzhudong01.png	任意消除6个基础信号球后，会激活辅助机按钮，释放后夜蝠开始环绕飞行，使控制角色获得辅助机攻击力<color=#0f70bc>200%</color>的护盾值。夜蝠飞行结束后张开双翼，对目标周围区域造成2次<color=#0f70bc>750%</color>火属性伤害。
138301	1383	1	抵近干涉·冰	Assets/Product/Texture/Image/IconPetSkill/Pet3BatSkillzhudong02.png	任意消除6个基础信号球后，会激活辅助机按钮，释放后夜蝠开始环绕飞行，使控制角色获得辅助机攻击力<color=#0f70bc>40%</color>的护盾值。夜蝠飞行结束后张开双翼，对目标周围区域造成2次<color=#0f70bc>150%</color>冰属性伤害。
138302	1383	2	抵近干涉·冰	Assets/Product/Texture/Image/IconPetSkill/Pet3BatSkillzhudong02.png	任意消除6个基础信号球后，会激活辅助机按钮，释放后夜蝠开始环绕飞行，使控制角色获得辅助机攻击力<color=#0f70bc>80%</color>的护盾值。夜蝠飞行结束后张开双翼，对目标周围区域造成2次<color=#0f70bc>300%</color>冰属性伤害。
138303	1383	3	抵近干涉·冰	Assets/Product/Texture/Image/IconPetSkill/Pet3BatSkillzhudong02.png	任意消除6个基础信号球后，会激活辅助机按钮，释放后夜蝠开始环绕飞行，使控制角色获得辅助机攻击力<color=#0f70bc>120%</color>的护盾值。夜蝠飞行结束后张开双翼，对目标周围区域造成2次<color=#0f70bc>450%</color>冰属性伤害。
138304	1383	4	抵近干涉·冰	Assets/Product/Texture/Image/IconPetSkill/Pet3BatSkillzhudong02.png	任意消除6个基础信号球后，会激活辅助机按钮，释放后夜蝠开始环绕飞行，使控制角色获得辅助机攻击力<color=#0f70bc>160%</color>的护盾值。夜蝠飞行结束后张开双翼，对目标周围区域造成2次<color=#0f70bc>600%</color>冰属性伤害。
138305	1383	5	抵近干涉·冰	Assets/Product/Texture/Image/IconPetSkill/Pet3BatSkillzhudong02.png	任意消除6个基础信号球后，会激活辅助机按钮，释放后夜蝠开始环绕飞行，使控制角色获得辅助机攻击力<color=#0f70bc>200%</color>的护盾值。夜蝠飞行结束后张开双翼，对目标周围区域造成2次<color=#0f70bc>750%</color>冰属性伤害。
138401	1384	1	抵近干涉·雷	Assets/Product/Texture/Image/IconPetSkill/Pet3BatSkillzhudong03.png	任意消除6个基础信号球后，会激活辅助机按钮，释放后夜蝠开始环绕飞行，使控制角色获得辅助机攻击力<color=#0f70bc>40%</color>的护盾值。夜蝠飞行结束后张开双翼，对目标周围区域造成2次<color=#0f70bc>150%</color>雷属性伤害。
138402	1384	2	抵近干涉·雷	Assets/Product/Texture/Image/IconPetSkill/Pet3BatSkillzhudong03.png	任意消除6个基础信号球后，会激活辅助机按钮，释放后夜蝠开始环绕飞行，使控制角色获得辅助机攻击力<color=#0f70bc>80%</color>的护盾值。夜蝠飞行结束后张开双翼，对目标周围区域造成2次<color=#0f70bc>300%</color>雷属性伤害。
138403	1384	3	抵近干涉·雷	Assets/Product/Texture/Image/IconPetSkill/Pet3BatSkillzhudong03.png	任意消除6个基础信号球后，会激活辅助机按钮，释放后夜蝠开始环绕飞行，使控制角色获得辅助机攻击力<color=#0f70bc>120%</color>的护盾值。夜蝠飞行结束后张开双翼，对目标周围区域造成2次<color=#0f70bc>450%</color>雷属性伤害。
138404	1384	4	抵近干涉·雷	Assets/Product/Texture/Image/IconPetSkill/Pet3BatSkillzhudong03.png	任意消除6个基础信号球后，会激活辅助机按钮，释放后夜蝠开始环绕飞行，使控制角色获得辅助机攻击力<color=#0f70bc>160%</color>的护盾值。夜蝠飞行结束后张开双翼，对目标周围区域造成2次<color=#0f70bc>600%</color>雷属性伤害。
138405	1384	5	抵近干涉·雷	Assets/Product/Texture/Image/IconPetSkill/Pet3BatSkillzhudong03.png	任意消除6个基础信号球后，会激活辅助机按钮，释放后夜蝠开始环绕飞行，使控制角色获得辅助机攻击力<color=#0f70bc>200%</color>的护盾值。夜蝠飞行结束后张开双翼，对目标周围区域造成2次<color=#0f70bc>750%</color>雷属性伤害。
138501	1385	1	抵近干涉·暗	Assets/Product/Texture/Image/IconPetSkill/Pet3BatSkillzhudong04.png	任意消除6个基础信号球后，会激活辅助机按钮，释放后夜蝠开始环绕飞行，使控制角色获得辅助机攻击力<color=#0f70bc>40%</color>的护盾值。夜蝠飞行结束后张开双翼，对目标周围区域造成2次<color=#0f70bc>150%</color>暗属性伤害。
138502	1385	2	抵近干涉·暗	Assets/Product/Texture/Image/IconPetSkill/Pet3BatSkillzhudong04.png	任意消除6个基础信号球后，会激活辅助机按钮，释放后夜蝠开始环绕飞行，使控制角色获得辅助机攻击力<color=#0f70bc>80%</color>的护盾值。夜蝠飞行结束后张开双翼，对目标周围区域造成2次<color=#0f70bc>300%</color>暗属性伤害。
138503	1385	3	抵近干涉·暗	Assets/Product/Texture/Image/IconPetSkill/Pet3BatSkillzhudong04.png	任意消除6个基础信号球后，会激活辅助机按钮，释放后夜蝠开始环绕飞行，使控制角色获得辅助机攻击力<color=#0f70bc>120%</color>的护盾值。夜蝠飞行结束后张开双翼，对目标周围区域造成2次<color=#0f70bc>450%</color>暗属性伤害。
138504	1385	4	抵近干涉·暗	Assets/Product/Texture/Image/IconPetSkill/Pet3BatSkillzhudong04.png	任意消除6个基础信号球后，会激活辅助机按钮，释放后夜蝠开始环绕飞行，使控制角色获得辅助机攻击力<color=#0f70bc>160%</color>的护盾值。夜蝠飞行结束后张开双翼，对目标周围区域造成2次<color=#0f70bc>600%</color>暗属性伤害。
138505	1385	5	抵近干涉·暗	Assets/Product/Texture/Image/IconPetSkill/Pet3BatSkillzhudong04.png	任意消除6个基础信号球后，会激活辅助机按钮，释放后夜蝠开始环绕飞行，使控制角色获得辅助机攻击力<color=#0f70bc>200%</color>的护盾值。夜蝠飞行结束后张开双翼，对目标周围区域造成2次<color=#0f70bc>750%</color>暗属性伤害。
138601	1386	1	抵近干涉·空	Assets/Product/Texture/Image/IconPetSkill/Pet3BatSkillzhudong06.png	任意消除6个基础信号球后，会激活辅助机按钮，释放后夜蝠开始环绕飞行，使控制角色获得辅助机攻击力<color=#0f70bc>40%</color>的护盾值。夜蝠飞行结束后张开双翼，对目标周围区域造成2次<color=#0f70bc>150%</color>空属性伤害。
138602	1386	2	抵近干涉·空	Assets/Product/Texture/Image/IconPetSkill/Pet3BatSkillzhudong06.png	任意消除6个基础信号球后，会激活辅助机按钮，释放后夜蝠开始环绕飞行，使控制角色获得辅助机攻击力<color=#0f70bc>80%</color>的护盾值。夜蝠飞行结束后张开双翼，对目标周围区域造成2次<color=#0f70bc>300%</color>空属性伤害。
138603	1386	3	抵近干涉·空	Assets/Product/Texture/Image/IconPetSkill/Pet3BatSkillzhudong06.png	任意消除6个基础信号球后，会激活辅助机按钮，释放后夜蝠开始环绕飞行，使控制角色获得辅助机攻击力<color=#0f70bc>120%</color>的护盾值。夜蝠飞行结束后张开双翼，对目标周围区域造成2次<color=#0f70bc>450%</color>空属性伤害。
138604	1386	4	抵近干涉·空	Assets/Product/Texture/Image/IconPetSkill/Pet3BatSkillzhudong06.png	任意消除6个基础信号球后，会激活辅助机按钮，释放后夜蝠开始环绕飞行，使控制角色获得辅助机攻击力<color=#0f70bc>160%</color>的护盾值。夜蝠飞行结束后张开双翼，对目标周围区域造成2次<color=#0f70bc>600%</color>空属性伤害。
138605	1386	5	抵近干涉·空	Assets/Product/Texture/Image/IconPetSkill/Pet3BatSkillzhudong06.png	任意消除6个基础信号球后，会激活辅助机按钮，释放后夜蝠开始环绕飞行，使控制角色获得辅助机攻击力<color=#0f70bc>200%</color>的护盾值。夜蝠飞行结束后张开双翼，对目标周围区域造成2次<color=#0f70bc>750%</color>空属性伤害。
6800001	68000	1	瞭望使者	Assets/Product/Texture/Image/IconPetSkill/Pet3BatSkillbeidong01.png	夜蝠主动技伤害提高<color=#0f70bc>14%</color>
6800002	68000	2	瞭望使者	Assets/Product/Texture/Image/IconPetSkill/Pet3BatSkillbeidong01.png	夜蝠主动技伤害提高<color=#0f70bc>28%</color>
6800003	68000	3	瞭望使者	Assets/Product/Texture/Image/IconPetSkill/Pet3BatSkillbeidong01.png	夜蝠主动技伤害提高<color=#0f70bc>42%</color>
6800004	68000	4	瞭望使者	Assets/Product/Texture/Image/IconPetSkill/Pet3BatSkillbeidong01.png	夜蝠主动技伤害提高<color=#0f70bc>56%</color>
6800005	68000	5	瞭望使者	Assets/Product/Texture/Image/IconPetSkill/Pet3BatSkillbeidong01.png	夜蝠主动技伤害提高<color=#0f70bc>70%</color>
6801001	68010	1	幻影护卫	Assets/Product/Texture/Image/IconPetSkill/Pet3BatSkillbeidong02.png	携带角色攻击力提高<color=#0f70bc>20</color>
6801002	68010	2	幻影护卫	Assets/Product/Texture/Image/IconPetSkill/Pet3BatSkillbeidong02.png	携带角色攻击力提高<color=#0f70bc>40</color>
6801003	68010	3	幻影护卫	Assets/Product/Texture/Image/IconPetSkill/Pet3BatSkillbeidong02.png	携带角色攻击力提高<color=#0f70bc>60</color>
6801004	68010	4	幻影护卫	Assets/Product/Texture/Image/IconPetSkill/Pet3BatSkillbeidong02.png	携带角色攻击力提高<color=#0f70bc>80</color>
6801005	68010	5	幻影护卫	Assets/Product/Texture/Image/IconPetSkill/Pet3BatSkillbeidong02.png	携带角色攻击力提高<color=#0f70bc>100</color>
6802001	68020	1	输出同调	Assets/Product/Texture/Image/IconPetSkill/Pet3BatSkillbeidong03.png	夜蝠释放主动技后，携带角色额外伤害加成提高<color=#0f70bc>1%</color>，持续8秒，重复触发刷新持续时间。
6802002	68020	2	输出同调	Assets/Product/Texture/Image/IconPetSkill/Pet3BatSkillbeidong03.png	夜蝠释放主动技后，携带角色额外伤害加成提高<color=#0f70bc>2%</color>，持续8秒，重复触发刷新持续时间。
6802003	68020	3	输出同调	Assets/Product/Texture/Image/IconPetSkill/Pet3BatSkillbeidong03.png	夜蝠释放主动技后，携带角色额外伤害加成提高<color=#0f70bc>3%</color>，持续8秒，重复触发刷新持续时间。
6802004	68020	4	输出同调	Assets/Product/Texture/Image/IconPetSkill/Pet3BatSkillbeidong03.png	夜蝠释放主动技后，携带角色额外伤害加成提高<color=#0f70bc>4%</color>，持续8秒，重复触发刷新持续时间。
6802005	68020	5	输出同调	Assets/Product/Texture/Image/IconPetSkill/Pet3BatSkillbeidong03.png	夜蝠释放主动技后，携带角色额外伤害加成提高<color=#0f70bc>5%</color>，持续8秒，重复触发刷新持续时间。
6803001	68030	1	响火驱动	Assets/Product/Texture/Image/IconPetSkill/Pet3BatSkillbeidong04.png	携带角色火属性伤害提高<color=#0f70bc>2%</color>
6803002	68030	2	响火驱动	Assets/Product/Texture/Image/IconPetSkill/Pet3BatSkillbeidong04.png	携带角色火属性伤害提高<color=#0f70bc>4%</color>
6803003	68030	3	响火驱动	Assets/Product/Texture/Image/IconPetSkill/Pet3BatSkillbeidong04.png	携带角色火属性伤害提高<color=#0f70bc>6%</color>
6803004	68030	4	响火驱动	Assets/Product/Texture/Image/IconPetSkill/Pet3BatSkillbeidong04.png	携带角色火属性伤害提高<color=#0f70bc>8%</color>
6803005	68030	5	响火驱动	Assets/Product/Texture/Image/IconPetSkill/Pet3BatSkillbeidong04.png	携带角色火属性伤害提高<color=#0f70bc>10%</color>
6804001	68040	1	炙链协击	Assets/Product/Texture/Image/IconPetSkill/Pet3BatSkillbeidong05.png	渡边·尘铭释放<color=#0f70bc>热焰喷涌</color>时，会发射钩锁链接夜蝠，在空中与夜蝠一起发动联合攻击，期间夜蝠攻击共造成<color=#0f70bc>500%</color>的火属性伤害。<color=#0f70bc>热力侵蚀</color>的基础伤害提升<color=#0f70bc>15%</color>。
6804002	68040	2	炙链协击	Assets/Product/Texture/Image/IconPetSkill/Pet3BatSkillbeidong05.png	渡边·尘铭释放<color=#0f70bc>热焰喷涌</color>时，会发射钩锁链接夜蝠，在空中与夜蝠一起发动联合攻击，期间夜蝠攻击共造成<color=#0f70bc>1000%</color>的火属性伤害。<color=#0f70bc>热力侵蚀</color>的基础伤害提升<color=#0f70bc>30%</color>。
6804003	68040	3	炙链协击	Assets/Product/Texture/Image/IconPetSkill/Pet3BatSkillbeidong05.png	渡边·尘铭释放<color=#0f70bc>热焰喷涌</color>时，会发射钩锁链接夜蝠，在空中与夜蝠一起发动联合攻击，期间夜蝠攻击共造成<color=#0f70bc>1500%</color>的火属性伤害。<color=#0f70bc>热力侵蚀</color>的基础伤害提升<color=#0f70bc>45%</color>。
6804004	68040	4	炙链协击	Assets/Product/Texture/Image/IconPetSkill/Pet3BatSkillbeidong05.png	渡边·尘铭释放<color=#0f70bc>热焰喷涌</color>时，会发射钩锁链接夜蝠，在空中与夜蝠一起发动联合攻击，期间夜蝠攻击共造成<color=#0f70bc>2000%</color>的火属性伤害。<color=#0f70bc>热力侵蚀</color>的基础伤害提升<color=#0f70bc>60%</color>。
6804005	68040	5	炙链协击	Assets/Product/Texture/Image/IconPetSkill/Pet3BatSkillbeidong05.png	渡边·尘铭释放<color=#0f70bc>热焰喷涌</color>时，会发射钩锁链接夜蝠，在空中与夜蝠一起发动联合攻击，期间夜蝠攻击共造成<color=#0f70bc>2500%</color>的火属性伤害。<color=#0f70bc>热力侵蚀</color>的基础伤害提升<color=#0f70bc>75%</color>。
139101	1391	1	青翼踏行·物	Assets/Product/Texture/Image/IconPetSkill/Pet3PeacockSkillzhudong05.png	任意消除6个基础信号球后，会激活辅助机按钮，释放后徽羽快速俯冲至目标附近并盘旋，造成<color=#FF6347>300%</color>物理伤害并聚集周围敌方单位。
139102	1391	2	青翼踏行·物	Assets/Product/Texture/Image/IconPetSkill/Pet3PeacockSkillzhudong05.png	任意消除6个基础信号球后，会激活辅助机按钮，释放后徽羽快速俯冲至目标附近并盘旋，造成<color=#FF6347>600%</color>物理伤害并聚集周围敌方单位。
139103	1391	3	青翼踏行·物	Assets/Product/Texture/Image/IconPetSkill/Pet3PeacockSkillzhudong05.png	任意消除6个基础信号球后，会激活辅助机按钮，释放后徽羽快速俯冲至目标附近并盘旋，造成<color=#FF6347>900%</color>物理伤害并聚集周围敌方单位。
139104	1391	4	青翼踏行·物	Assets/Product/Texture/Image/IconPetSkill/Pet3PeacockSkillzhudong05.png	任意消除6个基础信号球后，会激活辅助机按钮，释放后徽羽快速俯冲至目标附近并盘旋，造成<color=#FF6347>1200%</color>物理伤害并聚集周围敌方单位。
139105	1391	5	青翼踏行·物	Assets/Product/Texture/Image/IconPetSkill/Pet3PeacockSkillzhudong05.png	任意消除6个基础信号球后，会激活辅助机按钮，释放后徽羽快速俯冲至目标附近并盘旋，造成<color=#FF6347>1500%</color>物理伤害并聚集周围敌方单位。
139201	1392	1	青翼踏行·火	Assets/Product/Texture/Image/IconPetSkill/Pet3PeacockSkillzhudong01.png	任意消除6个基础信号球后，会激活辅助机按钮，释放后徽羽快速俯冲至目标附近并盘旋，造成<color=#FF6347>300%</color>火属性伤害并聚集周围敌方单位。
139202	1392	2	青翼踏行·火	Assets/Product/Texture/Image/IconPetSkill/Pet3PeacockSkillzhudong01.png	任意消除6个基础信号球后，会激活辅助机按钮，释放后徽羽快速俯冲至目标附近并盘旋，造成<color=#FF6347>600%</color>火属性伤害并聚集周围敌方单位。
139203	1392	3	青翼踏行·火	Assets/Product/Texture/Image/IconPetSkill/Pet3PeacockSkillzhudong01.png	任意消除6个基础信号球后，会激活辅助机按钮，释放后徽羽快速俯冲至目标附近并盘旋，造成<color=#FF6347>900%</color>火属性伤害并聚集周围敌方单位。
139204	1392	4	青翼踏行·火	Assets/Product/Texture/Image/IconPetSkill/Pet3PeacockSkillzhudong01.png	任意消除6个基础信号球后，会激活辅助机按钮，释放后徽羽快速俯冲至目标附近并盘旋，造成<color=#FF6347>1200%</color>火属性伤害并聚集周围敌方单位。
139205	1392	5	青翼踏行·火	Assets/Product/Texture/Image/IconPetSkill/Pet3PeacockSkillzhudong01.png	任意消除6个基础信号球后，会激活辅助机按钮，释放后徽羽快速俯冲至目标附近并盘旋，造成<color=#FF6347>1500%</color>火属性伤害并聚集周围敌方单位。
139301	1393	1	青翼踏行·冰	Assets/Product/Texture/Image/IconPetSkill/Pet3PeacockSkillzhudong02.png	任意消除6个基础信号球后，会激活辅助机按钮，释放后徽羽快速俯冲至目标附近并盘旋，造成<color=#FF6347>300%</color>冰属性伤害并聚集周围敌方单位。
139302	1393	2	青翼踏行·冰	Assets/Product/Texture/Image/IconPetSkill/Pet3PeacockSkillzhudong02.png	任意消除6个基础信号球后，会激活辅助机按钮，释放后徽羽快速俯冲至目标附近并盘旋，造成<color=#FF6347>600%</color>冰属性伤害并聚集周围敌方单位。
139303	1393	3	青翼踏行·冰	Assets/Product/Texture/Image/IconPetSkill/Pet3PeacockSkillzhudong02.png	任意消除6个基础信号球后，会激活辅助机按钮，释放后徽羽快速俯冲至目标附近并盘旋，造成<color=#FF6347>900%</color>冰属性伤害并聚集周围敌方单位。
139304	1393	4	青翼踏行·冰	Assets/Product/Texture/Image/IconPetSkill/Pet3PeacockSkillzhudong02.png	任意消除6个基础信号球后，会激活辅助机按钮，释放后徽羽快速俯冲至目标附近并盘旋，造成<color=#FF6347>1200%</color>冰属性伤害并聚集周围敌方单位。
139305	1393	5	青翼踏行·冰	Assets/Product/Texture/Image/IconPetSkill/Pet3PeacockSkillzhudong02.png	任意消除6个基础信号球后，会激活辅助机按钮，释放后徽羽快速俯冲至目标附近并盘旋，造成<color=#FF6347>1500%</color>冰属性伤害并聚集周围敌方单位。
139401	1394	1	青翼踏行·雷	Assets/Product/Texture/Image/IconPetSkill/Pet3PeacockSkillzhudong03.png	任意消除6个基础信号球后，会激活辅助机按钮，释放后徽羽快速俯冲至目标附近并盘旋，造成<color=#FF6347>300%</color>雷属性伤害并聚集周围敌方单位。
139402	1394	2	青翼踏行·雷	Assets/Product/Texture/Image/IconPetSkill/Pet3PeacockSkillzhudong03.png	任意消除6个基础信号球后，会激活辅助机按钮，释放后徽羽快速俯冲至目标附近并盘旋，造成<color=#FF6347>600%</color>雷属性伤害并聚集周围敌方单位。
139403	1394	3	青翼踏行·雷	Assets/Product/Texture/Image/IconPetSkill/Pet3PeacockSkillzhudong03.png	任意消除6个基础信号球后，会激活辅助机按钮，释放后徽羽快速俯冲至目标附近并盘旋，造成<color=#FF6347>900%</color>雷属性伤害并聚集周围敌方单位。
139404	1394	4	青翼踏行·雷	Assets/Product/Texture/Image/IconPetSkill/Pet3PeacockSkillzhudong03.png	任意消除6个基础信号球后，会激活辅助机按钮，释放后徽羽快速俯冲至目标附近并盘旋，造成<color=#FF6347>1200%</color>雷属性伤害并聚集周围敌方单位。
139405	1394	5	青翼踏行·雷	Assets/Product/Texture/Image/IconPetSkill/Pet3PeacockSkillzhudong03.png	任意消除6个基础信号球后，会激活辅助机按钮，释放后徽羽快速俯冲至目标附近并盘旋，造成<color=#FF6347>1500%</color>雷属性伤害并聚集周围敌方单位。
139501	1395	1	青翼踏行·暗	Assets/Product/Texture/Image/IconPetSkill/Pet3PeacockSkillzhudong04.png	任意消除6个基础信号球后，会激活辅助机按钮，释放后徽羽快速俯冲至目标附近并盘旋，造成<color=#FF6347>300%</color>暗属性伤害并聚集周围敌方单位。
139502	1395	2	青翼踏行·暗	Assets/Product/Texture/Image/IconPetSkill/Pet3PeacockSkillzhudong04.png	任意消除6个基础信号球后，会激活辅助机按钮，释放后徽羽快速俯冲至目标附近并盘旋，造成<color=#FF6347>600%</color>暗属性伤害并聚集周围敌方单位。
139503	1395	3	青翼踏行·暗	Assets/Product/Texture/Image/IconPetSkill/Pet3PeacockSkillzhudong04.png	任意消除6个基础信号球后，会激活辅助机按钮，释放后徽羽快速俯冲至目标附近并盘旋，造成<color=#FF6347>900%</color>暗属性伤害并聚集周围敌方单位。
139504	1395	4	青翼踏行·暗	Assets/Product/Texture/Image/IconPetSkill/Pet3PeacockSkillzhudong04.png	任意消除6个基础信号球后，会激活辅助机按钮，释放后徽羽快速俯冲至目标附近并盘旋，造成<color=#FF6347>1200%</color>暗属性伤害并聚集周围敌方单位。
139505	1395	5	青翼踏行·暗	Assets/Product/Texture/Image/IconPetSkill/Pet3PeacockSkillzhudong04.png	任意消除6个基础信号球后，会激活辅助机按钮，释放后徽羽快速俯冲至目标附近并盘旋，造成<color=#FF6347>1500%</color>暗属性伤害并聚集周围敌方单位。
139601	1396	1	青翼踏行·空	Assets/Product/Texture/Image/IconPetSkill/Pet3PeacockSkillzhudong06.png	任意消除6个基础信号球后，会激活辅助机按钮，释放后徽羽快速俯冲至目标附近并盘旋，造成<color=#FF6347>300%</color>空属性伤害并聚集周围敌方单位。
139602	1396	2	青翼踏行·空	Assets/Product/Texture/Image/IconPetSkill/Pet3PeacockSkillzhudong06.png	任意消除6个基础信号球后，会激活辅助机按钮，释放后徽羽快速俯冲至目标附近并盘旋，造成<color=#FF6347>600%</color>空属性伤害并聚集周围敌方单位。
139603	1396	3	青翼踏行·空	Assets/Product/Texture/Image/IconPetSkill/Pet3PeacockSkillzhudong06.png	任意消除6个基础信号球后，会激活辅助机按钮，释放后徽羽快速俯冲至目标附近并盘旋，造成<color=#FF6347>900%</color>空属性伤害并聚集周围敌方单位。
139604	1396	4	青翼踏行·空	Assets/Product/Texture/Image/IconPetSkill/Pet3PeacockSkillzhudong06.png	任意消除6个基础信号球后，会激活辅助机按钮，释放后徽羽快速俯冲至目标附近并盘旋，造成<color=#FF6347>1200%</color>空属性伤害并聚集周围敌方单位。
139605	1396	5	青翼踏行·空	Assets/Product/Texture/Image/IconPetSkill/Pet3PeacockSkillzhudong06.png	任意消除6个基础信号球后，会激活辅助机按钮，释放后徽羽快速俯冲至目标附近并盘旋，造成<color=#FF6347>1500%</color>空属性伤害并聚集周围敌方单位。
140101	1401	1	冰翎天羽·物	Assets/Product/Texture/Image/IconPetSkill/Pet3PeacockSkillzhudong05.png	任意消除6个基础信号球后，会激活辅助机按钮，释放后徽羽瞬移至目标上方，张开双翼并在目标身前召唤冰刺，随后煽动翅膀发射冰刺，造成3次<color=#FF6347>120%</color>物理伤害。
140102	1401	2	冰翎天羽·物	Assets/Product/Texture/Image/IconPetSkill/Pet3PeacockSkillzhudong05.png	任意消除6个基础信号球后，会激活辅助机按钮，释放后徽羽瞬移至目标上方，张开双翼并在目标身前召唤冰刺，随后煽动翅膀发射冰刺，造成3次<color=#FF6347>240%</color>物理伤害。
140103	1401	3	冰翎天羽·物	Assets/Product/Texture/Image/IconPetSkill/Pet3PeacockSkillzhudong05.png	任意消除6个基础信号球后，会激活辅助机按钮，释放后徽羽瞬移至目标上方，张开双翼并在目标身前召唤冰刺，随后煽动翅膀发射冰刺，造成3次<color=#FF6347>360%</color>物理伤害。
140104	1401	4	冰翎天羽·物	Assets/Product/Texture/Image/IconPetSkill/Pet3PeacockSkillzhudong05.png	任意消除6个基础信号球后，会激活辅助机按钮，释放后徽羽瞬移至目标上方，张开双翼并在目标身前召唤冰刺，随后煽动翅膀发射冰刺，造成3次<color=#FF6347>480%</color>物理伤害。
140105	1401	5	冰翎天羽·物	Assets/Product/Texture/Image/IconPetSkill/Pet3PeacockSkillzhudong05.png	任意消除6个基础信号球后，会激活辅助机按钮，释放后徽羽瞬移至目标上方，张开双翼并在目标身前召唤冰刺，随后煽动翅膀发射冰刺，造成3次<color=#FF6347>600%</color>物理伤害。
140201	1402	1	冰翎天羽·火	Assets/Product/Texture/Image/IconPetSkill/Pet3PeacockSkillzhudong01.png	任意消除6个基础信号球后，会激活辅助机按钮，释放后徽羽瞬移至目标上方，张开双翼并在目标身前召唤冰刺，随后煽动翅膀发射冰刺，造成3次<color=#FF6347>120%</color>火属性伤害。
140202	1402	2	冰翎天羽·火	Assets/Product/Texture/Image/IconPetSkill/Pet3PeacockSkillzhudong01.png	任意消除6个基础信号球后，会激活辅助机按钮，释放后徽羽瞬移至目标上方，张开双翼并在目标身前召唤冰刺，随后煽动翅膀发射冰刺，造成3次<color=#FF6347>240%</color>火属性伤害。
140203	1402	3	冰翎天羽·火	Assets/Product/Texture/Image/IconPetSkill/Pet3PeacockSkillzhudong01.png	任意消除6个基础信号球后，会激活辅助机按钮，释放后徽羽瞬移至目标上方，张开双翼并在目标身前召唤冰刺，随后煽动翅膀发射冰刺，造成3次<color=#FF6347>360%</color>火属性伤害。
140204	1402	4	冰翎天羽·火	Assets/Product/Texture/Image/IconPetSkill/Pet3PeacockSkillzhudong01.png	任意消除6个基础信号球后，会激活辅助机按钮，释放后徽羽瞬移至目标上方，张开双翼并在目标身前召唤冰刺，随后煽动翅膀发射冰刺，造成3次<color=#FF6347>480%</color>火属性伤害。
140205	1402	5	冰翎天羽·火	Assets/Product/Texture/Image/IconPetSkill/Pet3PeacockSkillzhudong01.png	任意消除6个基础信号球后，会激活辅助机按钮，释放后徽羽瞬移至目标上方，张开双翼并在目标身前召唤冰刺，随后煽动翅膀发射冰刺，造成3次<color=#FF6347>600%</color>火属性伤害。
140301	1403	1	冰翎天羽·冰	Assets/Product/Texture/Image/IconPetSkill/Pet3PeacockSkillzhudong02.png	任意消除6个基础信号球后，会激活辅助机按钮，释放后徽羽瞬移至目标上方，张开双翼并在目标身前召唤冰刺，随后煽动翅膀发射冰刺，造成3次<color=#FF6347>120%</color>冰属性伤害。
140302	1403	2	冰翎天羽·冰	Assets/Product/Texture/Image/IconPetSkill/Pet3PeacockSkillzhudong02.png	任意消除6个基础信号球后，会激活辅助机按钮，释放后徽羽瞬移至目标上方，张开双翼并在目标身前召唤冰刺，随后煽动翅膀发射冰刺，造成3次<color=#FF6347>240%</color>冰属性伤害。
140303	1403	3	冰翎天羽·冰	Assets/Product/Texture/Image/IconPetSkill/Pet3PeacockSkillzhudong02.png	任意消除6个基础信号球后，会激活辅助机按钮，释放后徽羽瞬移至目标上方，张开双翼并在目标身前召唤冰刺，随后煽动翅膀发射冰刺，造成3次<color=#FF6347>360%</color>冰属性伤害。
140304	1403	4	冰翎天羽·冰	Assets/Product/Texture/Image/IconPetSkill/Pet3PeacockSkillzhudong02.png	任意消除6个基础信号球后，会激活辅助机按钮，释放后徽羽瞬移至目标上方，张开双翼并在目标身前召唤冰刺，随后煽动翅膀发射冰刺，造成3次<color=#FF6347>480%</color>冰属性伤害。
140305	1403	5	冰翎天羽·冰	Assets/Product/Texture/Image/IconPetSkill/Pet3PeacockSkillzhudong02.png	任意消除6个基础信号球后，会激活辅助机按钮，释放后徽羽瞬移至目标上方，张开双翼并在目标身前召唤冰刺，随后煽动翅膀发射冰刺，造成3次<color=#FF6347>600%</color>冰属性伤害。
140401	1404	1	冰翎天羽·雷	Assets/Product/Texture/Image/IconPetSkill/Pet3PeacockSkillzhudong03.png	任意消除6个基础信号球后，会激活辅助机按钮，释放后徽羽瞬移至目标上方，张开双翼并在目标身前召唤冰刺，随后煽动翅膀发射冰刺，造成3次<color=#FF6347>120%</color>雷属性伤害。
140402	1404	2	冰翎天羽·雷	Assets/Product/Texture/Image/IconPetSkill/Pet3PeacockSkillzhudong03.png	任意消除6个基础信号球后，会激活辅助机按钮，释放后徽羽瞬移至目标上方，张开双翼并在目标身前召唤冰刺，随后煽动翅膀发射冰刺，造成3次<color=#FF6347>240%</color>雷属性伤害。
140403	1404	3	冰翎天羽·雷	Assets/Product/Texture/Image/IconPetSkill/Pet3PeacockSkillzhudong03.png	任意消除6个基础信号球后，会激活辅助机按钮，释放后徽羽瞬移至目标上方，张开双翼并在目标身前召唤冰刺，随后煽动翅膀发射冰刺，造成3次<color=#FF6347>360%</color>雷属性伤害。
140404	1404	4	冰翎天羽·雷	Assets/Product/Texture/Image/IconPetSkill/Pet3PeacockSkillzhudong03.png	任意消除6个基础信号球后，会激活辅助机按钮，释放后徽羽瞬移至目标上方，张开双翼并在目标身前召唤冰刺，随后煽动翅膀发射冰刺，造成3次<color=#FF6347>480%</color>雷属性伤害。
140405	1404	5	冰翎天羽·雷	Assets/Product/Texture/Image/IconPetSkill/Pet3PeacockSkillzhudong03.png	任意消除6个基础信号球后，会激活辅助机按钮，释放后徽羽瞬移至目标上方，张开双翼并在目标身前召唤冰刺，随后煽动翅膀发射冰刺，造成3次<color=#FF6347>600%</color>雷属性伤害。
140501	1405	1	冰翎天羽·暗	Assets/Product/Texture/Image/IconPetSkill/Pet3PeacockSkillzhudong04.png	任意消除6个基础信号球后，会激活辅助机按钮，释放后徽羽瞬移至目标上方，张开双翼并在目标身前召唤冰刺，随后煽动翅膀发射冰刺，造成3次<color=#FF6347>120%</color>暗属性伤害。
140502	1405	2	冰翎天羽·暗	Assets/Product/Texture/Image/IconPetSkill/Pet3PeacockSkillzhudong04.png	任意消除6个基础信号球后，会激活辅助机按钮，释放后徽羽瞬移至目标上方，张开双翼并在目标身前召唤冰刺，随后煽动翅膀发射冰刺，造成3次<color=#FF6347>240%</color>暗属性伤害。
140503	1405	3	冰翎天羽·暗	Assets/Product/Texture/Image/IconPetSkill/Pet3PeacockSkillzhudong04.png	任意消除6个基础信号球后，会激活辅助机按钮，释放后徽羽瞬移至目标上方，张开双翼并在目标身前召唤冰刺，随后煽动翅膀发射冰刺，造成3次<color=#FF6347>360%</color>暗属性伤害。
140504	1405	4	冰翎天羽·暗	Assets/Product/Texture/Image/IconPetSkill/Pet3PeacockSkillzhudong04.png	任意消除6个基础信号球后，会激活辅助机按钮，释放后徽羽瞬移至目标上方，张开双翼并在目标身前召唤冰刺，随后煽动翅膀发射冰刺，造成3次<color=#FF6347>480%</color>暗属性伤害。
140505	1405	5	冰翎天羽·暗	Assets/Product/Texture/Image/IconPetSkill/Pet3PeacockSkillzhudong04.png	任意消除6个基础信号球后，会激活辅助机按钮，释放后徽羽瞬移至目标上方，张开双翼并在目标身前召唤冰刺，随后煽动翅膀发射冰刺，造成3次<color=#FF6347>600%</color>暗属性伤害。
140601	1406	1	冰翎天羽·空	Assets/Product/Texture/Image/IconPetSkill/Pet3PeacockSkillzhudong06.png	任意消除6个基础信号球后，会激活辅助机按钮，释放后徽羽瞬移至目标上方，张开双翼并在目标身前召唤冰刺，随后煽动翅膀发射冰刺，造成3次<color=#FF6347>120%</color>空属性伤害。
140602	1406	2	冰翎天羽·空	Assets/Product/Texture/Image/IconPetSkill/Pet3PeacockSkillzhudong06.png	任意消除6个基础信号球后，会激活辅助机按钮，释放后徽羽瞬移至目标上方，张开双翼并在目标身前召唤冰刺，随后煽动翅膀发射冰刺，造成3次<color=#FF6347>240%</color>空属性伤害。
140603	1406	3	冰翎天羽·空	Assets/Product/Texture/Image/IconPetSkill/Pet3PeacockSkillzhudong06.png	任意消除6个基础信号球后，会激活辅助机按钮，释放后徽羽瞬移至目标上方，张开双翼并在目标身前召唤冰刺，随后煽动翅膀发射冰刺，造成3次<color=#FF6347>360%</color>空属性伤害。
140604	1406	4	冰翎天羽·空	Assets/Product/Texture/Image/IconPetSkill/Pet3PeacockSkillzhudong06.png	任意消除6个基础信号球后，会激活辅助机按钮，释放后徽羽瞬移至目标上方，张开双翼并在目标身前召唤冰刺，随后煽动翅膀发射冰刺，造成3次<color=#FF6347>480%</color>空属性伤害。
140605	1406	5	冰翎天羽·空	Assets/Product/Texture/Image/IconPetSkill/Pet3PeacockSkillzhudong06.png	任意消除6个基础信号球后，会激活辅助机按钮，释放后徽羽瞬移至目标上方，张开双翼并在目标身前召唤冰刺，随后煽动翅膀发射冰刺，造成3次<color=#FF6347>600%</color>空属性伤害。
6900001	69000	1	翼生尘	Assets/Product/Texture/Image/IconPetSkill/Pet3PeacockSkillbeidong01.png	徽羽主动技伤害提高<color=#0f70bc>14%</color>
6900002	69000	2	翼生尘	Assets/Product/Texture/Image/IconPetSkill/Pet3PeacockSkillbeidong01.png	徽羽主动技伤害提高<color=#0f70bc>28%</color>
6900003	69000	3	翼生尘	Assets/Product/Texture/Image/IconPetSkill/Pet3PeacockSkillbeidong01.png	徽羽主动技伤害提高<color=#0f70bc>42%</color>
6900004	69000	4	翼生尘	Assets/Product/Texture/Image/IconPetSkill/Pet3PeacockSkillbeidong01.png	徽羽主动技伤害提高<color=#0f70bc>56%</color>
6900005	69000	5	翼生尘	Assets/Product/Texture/Image/IconPetSkill/Pet3PeacockSkillbeidong01.png	徽羽主动技伤害提高<color=#0f70bc>70%</color>
6901001	69010	1	羽霓裳	Assets/Product/Texture/Image/IconPetSkill/Pet3PeacockSkillbeidong02.png	携带角色攻击力提高<color=#0f70bc>20</color>
6901002	69010	2	羽霓裳	Assets/Product/Texture/Image/IconPetSkill/Pet3PeacockSkillbeidong02.png	携带角色攻击力提高<color=#0f70bc>40</color>
6901003	69010	3	羽霓裳	Assets/Product/Texture/Image/IconPetSkill/Pet3PeacockSkillbeidong02.png	携带角色攻击力提高<color=#0f70bc>60</color>
6901004	69010	4	羽霓裳	Assets/Product/Texture/Image/IconPetSkill/Pet3PeacockSkillbeidong02.png	携带角色攻击力提高<color=#0f70bc>80</color>
6901005	69010	5	羽霓裳	Assets/Product/Texture/Image/IconPetSkill/Pet3PeacockSkillbeidong02.png	携带角色攻击力提高<color=#0f70bc>100</color>
6902001	69020	1	喙落霜	Assets/Product/Texture/Image/IconPetSkill/Pet3PeacockSkillbeidong03.png	徽羽释放主动技后，携带角色额外伤害加成提高<color=#0f70bc>1%</color>，持续8秒，重复触发刷新持续时间。
6902002	69020	2	喙落霜	Assets/Product/Texture/Image/IconPetSkill/Pet3PeacockSkillbeidong03.png	徽羽释放主动技后，携带角色额外伤害加成提高<color=#0f70bc>2%</color>，持续8秒，重复触发刷新持续时间。
6902003	69020	3	喙落霜	Assets/Product/Texture/Image/IconPetSkill/Pet3PeacockSkillbeidong03.png	徽羽释放主动技后，携带角色额外伤害加成提高<color=#0f70bc>3%</color>，持续8秒，重复触发刷新持续时间。
6902004	69020	4	喙落霜	Assets/Product/Texture/Image/IconPetSkill/Pet3PeacockSkillbeidong03.png	徽羽释放主动技后，携带角色额外伤害加成提高<color=#0f70bc>4%</color>，持续8秒，重复触发刷新持续时间。
6902005	69020	5	喙落霜	Assets/Product/Texture/Image/IconPetSkill/Pet3PeacockSkillbeidong03.png	徽羽释放主动技后，携带角色额外伤害加成提高<color=#0f70bc>5%</color>，持续8秒，重复触发刷新持续时间。
6903001	69030	1	魂入阙	Assets/Product/Texture/Image/IconPetSkill/Pet3PeacockSkillbeidong04.png	携带角色冰属性伤害提高<color=#0f70bc>2%</color>
6903002	69030	2	魂入阙	Assets/Product/Texture/Image/IconPetSkill/Pet3PeacockSkillbeidong04.png	携带角色冰属性伤害提高<color=#0f70bc>4%</color>
6903003	69030	3	魂入阙	Assets/Product/Texture/Image/IconPetSkill/Pet3PeacockSkillbeidong04.png	携带角色冰属性伤害提高<color=#0f70bc>6%</color>
6903004	69030	4	魂入阙	Assets/Product/Texture/Image/IconPetSkill/Pet3PeacockSkillbeidong04.png	携带角色冰属性伤害提高<color=#0f70bc>8%</color>
6903005	69030	5	魂入阙	Assets/Product/Texture/Image/IconPetSkill/Pet3PeacockSkillbeidong04.png	携带角色冰属性伤害提高<color=#0f70bc>10%</color>
6904001	69040	1	龙子入阵曲	Assets/Product/Texture/Image/IconPetSkill/Pet3PeacockSkillbeidong05.png	曲·启明携带徽羽释放<color=#0f70bc>凝诀</color>或<color=#0f70bc>唤岳</color>时，自身攻击力提高<color=#0f70bc>6%</color>，持续5秒；曲·启明开始<color=#0f70bc>践阼</color>时，召唤徽羽进行协同攻击，造成<color=#0f70bc>500%</color>冰属性伤害。
6904002	69040	2	龙子入阵曲	Assets/Product/Texture/Image/IconPetSkill/Pet3PeacockSkillbeidong05.png	曲·启明携带徽羽释放<color=#0f70bc>凝诀</color>或<color=#0f70bc>唤岳</color>时，自身攻击力提高<color=#0f70bc>12%</color>，持续5秒；曲·启明开始<color=#0f70bc>践阼</color>时，召唤徽羽进行协同攻击，造成<color=#0f70bc>1000%</color>冰属性伤害。
6904003	69040	3	龙子入阵曲	Assets/Product/Texture/Image/IconPetSkill/Pet3PeacockSkillbeidong05.png	曲·启明携带徽羽释放<color=#0f70bc>凝诀</color>或<color=#0f70bc>唤岳</color>时，自身攻击力提高<color=#0f70bc>18%</color>，持续5秒；曲·启明开始<color=#0f70bc>践阼</color>时，召唤徽羽进行协同攻击，造成<color=#0f70bc>1500%</color>冰属性伤害。
6904004	69040	4	龙子入阵曲	Assets/Product/Texture/Image/IconPetSkill/Pet3PeacockSkillbeidong05.png	曲·启明携带徽羽释放<color=#0f70bc>凝诀</color>或<color=#0f70bc>唤岳</color>时，自身攻击力提高<color=#0f70bc>24%</color>，持续5秒；曲·启明开始<color=#0f70bc>践阼</color>时，召唤徽羽进行协同攻击，造成<color=#0f70bc>2000%</color>冰属性伤害。
6904005	69040	5	龙子入阵曲	Assets/Product/Texture/Image/IconPetSkill/Pet3PeacockSkillbeidong05.png	曲·启明携带徽羽释放<color=#0f70bc>凝诀</color>或<color=#0f70bc>唤岳</color>时，自身攻击力提高<color=#0f70bc>30%</color>，持续5秒；曲·启明开始<color=#0f70bc>践阼</color>时，召唤徽羽进行协同攻击，造成<color=#0f70bc>2500%</color>冰属性伤害。
141101	1411	1	渊息燎原·物	Assets/Product/Texture/Image/IconPetSkill/Pet3DragonSkillzhudong05.png	任意消除6个基础信号球后，会激活辅助机按钮，释放后肃噩从目标上方喷射龙息，造成<color=#FF6347>150%</color>的物理伤害并减速敌方单位，持续3秒，对命中的目标每秒造成<color=#FF6347>50%</color>的物理伤害。
141102	1411	2	渊息燎原·物	Assets/Product/Texture/Image/IconPetSkill/Pet3DragonSkillzhudong05.png	任意消除6个基础信号球后，会激活辅助机按钮，释放后肃噩从目标上方喷射龙息，造成<color=#FF6347>300%</color>的物理伤害并减速敌方单位，持续3秒，对命中的目标每秒造成<color=#FF6347>100%</color>的物理伤害。
141103	1411	3	渊息燎原·物	Assets/Product/Texture/Image/IconPetSkill/Pet3DragonSkillzhudong05.png	任意消除6个基础信号球后，会激活辅助机按钮，释放后肃噩从目标上方喷射龙息，造成<color=#FF6347>450%</color>的物理伤害并减速敌方单位，持续3秒，对命中的目标每秒造成<color=#FF6347>150%</color>的物理伤害。
141104	1411	4	渊息燎原·物	Assets/Product/Texture/Image/IconPetSkill/Pet3DragonSkillzhudong05.png	任意消除6个基础信号球后，会激活辅助机按钮，释放后肃噩从目标上方喷射龙息，造成<color=#FF6347>600%</color>的物理伤害并减速敌方单位，持续3秒，对命中的目标每秒造成<color=#FF6347>200%</color>的物理伤害。
141105	1411	5	渊息燎原·物	Assets/Product/Texture/Image/IconPetSkill/Pet3DragonSkillzhudong05.png	任意消除6个基础信号球后，会激活辅助机按钮，释放后肃噩从目标上方喷射龙息，造成<color=#FF6347>750%</color>的物理伤害并减速敌方单位，持续3秒，对命中的目标每秒造成<color=#FF6347>250%</color>的物理伤害。
141201	1412	1	渊息燎原·火	Assets/Product/Texture/Image/IconPetSkill/Pet3DragonSkillzhudong01.png	任意消除6个基础信号球后，会激活辅助机按钮，释放后肃噩从目标上方喷射龙息，造成<color=#FF6347>150%</color>的火属性伤害并减速敌方单位，持续3秒，对命中的目标每秒造成<color=#FF6347>50%</color>的火属性伤害。
141202	1412	2	渊息燎原·火	Assets/Product/Texture/Image/IconPetSkill/Pet3DragonSkillzhudong01.png	任意消除6个基础信号球后，会激活辅助机按钮，释放后肃噩从目标上方喷射龙息，造成<color=#FF6347>300%</color>的火属性伤害并减速敌方单位，持续3秒，对命中的目标每秒造成<color=#FF6347>100%</color>的火属性伤害。
141203	1412	3	渊息燎原·火	Assets/Product/Texture/Image/IconPetSkill/Pet3DragonSkillzhudong01.png	任意消除6个基础信号球后，会激活辅助机按钮，释放后肃噩从目标上方喷射龙息，造成<color=#FF6347>450%</color>的火属性伤害并减速敌方单位，持续3秒，对命中的目标每秒造成<color=#FF6347>150%</color>的火属性伤害。
141204	1412	4	渊息燎原·火	Assets/Product/Texture/Image/IconPetSkill/Pet3DragonSkillzhudong01.png	任意消除6个基础信号球后，会激活辅助机按钮，释放后肃噩从目标上方喷射龙息，造成<color=#FF6347>600%</color>的火属性伤害并减速敌方单位，持续3秒，对命中的目标每秒造成<color=#FF6347>200%</color>的火属性伤害。
141205	1412	5	渊息燎原·火	Assets/Product/Texture/Image/IconPetSkill/Pet3DragonSkillzhudong01.png	任意消除6个基础信号球后，会激活辅助机按钮，释放后肃噩从目标上方喷射龙息，造成<color=#FF6347>750%</color>的火属性伤害并减速敌方单位，持续3秒，对命中的目标每秒造成<color=#FF6347>250%</color>的火属性伤害。
141301	1413	1	渊息燎原·冰	Assets/Product/Texture/Image/IconPetSkill/Pet3DragonSkillzhudong02.png	任意消除6个基础信号球后，会激活辅助机按钮，释放后肃噩从目标上方喷射龙息，造成<color=#FF6347>150%</color>的冰属性伤害并减速敌方单位，持续3秒，对命中的目标每秒造成<color=#FF6347>50%</color>的冰属性伤害。
141302	1413	2	渊息燎原·冰	Assets/Product/Texture/Image/IconPetSkill/Pet3DragonSkillzhudong02.png	任意消除6个基础信号球后，会激活辅助机按钮，释放后肃噩从目标上方喷射龙息，造成<color=#FF6347>300%</color>的冰属性伤害并减速敌方单位，持续3秒，对命中的目标每秒造成<color=#FF6347>100%</color>的冰属性伤害。
141303	1413	3	渊息燎原·冰	Assets/Product/Texture/Image/IconPetSkill/Pet3DragonSkillzhudong02.png	任意消除6个基础信号球后，会激活辅助机按钮，释放后肃噩从目标上方喷射龙息，造成<color=#FF6347>450%</color>的冰属性伤害并减速敌方单位，持续3秒，对命中的目标每秒造成<color=#FF6347>150%</color>的冰属性伤害。
141304	1413	4	渊息燎原·冰	Assets/Product/Texture/Image/IconPetSkill/Pet3DragonSkillzhudong02.png	任意消除6个基础信号球后，会激活辅助机按钮，释放后肃噩从目标上方喷射龙息，造成<color=#FF6347>600%</color>的冰属性伤害并减速敌方单位，持续3秒，对命中的目标每秒造成<color=#FF6347>200%</color>的冰属性伤害。
141305	1413	5	渊息燎原·冰	Assets/Product/Texture/Image/IconPetSkill/Pet3DragonSkillzhudong02.png	任意消除6个基础信号球后，会激活辅助机按钮，释放后肃噩从目标上方喷射龙息，造成<color=#FF6347>750%</color>的冰属性伤害并减速敌方单位，持续3秒，对命中的目标每秒造成<color=#FF6347>250%</color>的冰属性伤害。
141401	1414	1	渊息燎原·雷	Assets/Product/Texture/Image/IconPetSkill/Pet3DragonSkillzhudong03.png	任意消除6个基础信号球后，会激活辅助机按钮，释放后肃噩从目标上方喷射龙息，造成<color=#FF6347>150%</color>的雷属性伤害并减速敌方单位，持续3秒，对命中的目标每秒造成<color=#FF6347>50%</color>的雷属性伤害。
141402	1414	2	渊息燎原·雷	Assets/Product/Texture/Image/IconPetSkill/Pet3DragonSkillzhudong03.png	任意消除6个基础信号球后，会激活辅助机按钮，释放后肃噩从目标上方喷射龙息，造成<color=#FF6347>300%</color>的雷属性伤害并减速敌方单位，持续3秒，对命中的目标每秒造成<color=#FF6347>100%</color>的雷属性伤害。
141403	1414	3	渊息燎原·雷	Assets/Product/Texture/Image/IconPetSkill/Pet3DragonSkillzhudong03.png	任意消除6个基础信号球后，会激活辅助机按钮，释放后肃噩从目标上方喷射龙息，造成<color=#FF6347>450%</color>的雷属性伤害并减速敌方单位，持续3秒，对命中的目标每秒造成<color=#FF6347>150%</color>的雷属性伤害。
141404	1414	4	渊息燎原·雷	Assets/Product/Texture/Image/IconPetSkill/Pet3DragonSkillzhudong03.png	任意消除6个基础信号球后，会激活辅助机按钮，释放后肃噩从目标上方喷射龙息，造成<color=#FF6347>600%</color>的雷属性伤害并减速敌方单位，持续3秒，对命中的目标每秒造成<color=#FF6347>200%</color>的雷属性伤害。
141405	1414	5	渊息燎原·雷	Assets/Product/Texture/Image/IconPetSkill/Pet3DragonSkillzhudong03.png	任意消除6个基础信号球后，会激活辅助机按钮，释放后肃噩从目标上方喷射龙息，造成<color=#FF6347>750%</color>的雷属性伤害并减速敌方单位，持续3秒，对命中的目标每秒造成<color=#FF6347>250%</color>的雷属性伤害。
141501	1415	1	渊息燎原·暗	Assets/Product/Texture/Image/IconPetSkill/Pet3DragonSkillzhudong04.png	任意消除6个基础信号球后，会激活辅助机按钮，释放后肃噩从目标上方喷射龙息，造成<color=#FF6347>150%</color>的暗属性伤害并减速敌方单位，持续3秒，对命中的目标每秒造成<color=#FF6347>50%</color>的暗属性伤害。
141502	1415	2	渊息燎原·暗	Assets/Product/Texture/Image/IconPetSkill/Pet3DragonSkillzhudong04.png	任意消除6个基础信号球后，会激活辅助机按钮，释放后肃噩从目标上方喷射龙息，造成<color=#FF6347>300%</color>的暗属性伤害并减速敌方单位，持续3秒，对命中的目标每秒造成<color=#FF6347>100%</color>的暗属性伤害。
141503	1415	3	渊息燎原·暗	Assets/Product/Texture/Image/IconPetSkill/Pet3DragonSkillzhudong04.png	任意消除6个基础信号球后，会激活辅助机按钮，释放后肃噩从目标上方喷射龙息，造成<color=#FF6347>450%</color>的暗属性伤害并减速敌方单位，持续3秒，对命中的目标每秒造成<color=#FF6347>150%</color>的暗属性伤害。
141504	1415	4	渊息燎原·暗	Assets/Product/Texture/Image/IconPetSkill/Pet3DragonSkillzhudong04.png	任意消除6个基础信号球后，会激活辅助机按钮，释放后肃噩从目标上方喷射龙息，造成<color=#FF6347>600%</color>的暗属性伤害并减速敌方单位，持续3秒，对命中的目标每秒造成<color=#FF6347>200%</color>的暗属性伤害。
141505	1415	5	渊息燎原·暗	Assets/Product/Texture/Image/IconPetSkill/Pet3DragonSkillzhudong04.png	任意消除6个基础信号球后，会激活辅助机按钮，释放后肃噩从目标上方喷射龙息，造成<color=#FF6347>750%</color>的暗属性伤害并减速敌方单位，持续3秒，对命中的目标每秒造成<color=#FF6347>250%</color>的暗属性伤害。
141601	1416	1	渊息燎原·空	Assets/Product/Texture/Image/IconPetSkill/Pet3DragonSkillzhudong06.png	任意消除6个基础信号球后，会激活辅助机按钮，释放后肃噩从目标上方喷射龙息，造成<color=#FF6347>150%</color>的空属性伤害并减速敌方单位，持续3秒，对命中的目标每秒造成<color=#FF6347>50%</color>的空属性伤害。
141602	1416	2	渊息燎原·空	Assets/Product/Texture/Image/IconPetSkill/Pet3DragonSkillzhudong06.png	任意消除6个基础信号球后，会激活辅助机按钮，释放后肃噩从目标上方喷射龙息，造成<color=#FF6347>300%</color>的空属性伤害并减速敌方单位，持续3秒，对命中的目标每秒造成<color=#FF6347>100%</color>的空属性伤害。
141603	1416	3	渊息燎原·空	Assets/Product/Texture/Image/IconPetSkill/Pet3DragonSkillzhudong06.png	任意消除6个基础信号球后，会激活辅助机按钮，释放后肃噩从目标上方喷射龙息，造成<color=#FF6347>450%</color>的空属性伤害并减速敌方单位，持续3秒，对命中的目标每秒造成<color=#FF6347>150%</color>的空属性伤害。
141604	1416	4	渊息燎原·空	Assets/Product/Texture/Image/IconPetSkill/Pet3DragonSkillzhudong06.png	任意消除6个基础信号球后，会激活辅助机按钮，释放后肃噩从目标上方喷射龙息，造成<color=#FF6347>600%</color>的空属性伤害并减速敌方单位，持续3秒，对命中的目标每秒造成<color=#FF6347>200%</color>的空属性伤害。
141605	1416	5	渊息燎原·空	Assets/Product/Texture/Image/IconPetSkill/Pet3DragonSkillzhudong06.png	任意消除6个基础信号球后，会激活辅助机按钮，释放后肃噩从目标上方喷射龙息，造成<color=#FF6347>750%</color>的空属性伤害并减速敌方单位，持续3秒，对命中的目标每秒造成<color=#FF6347>250%</color>的空属性伤害。
142101	1421	1	湮覆之怒·物	Assets/Product/Texture/Image/IconPetSkill/Pet3DragonSkillzhudong05.png	任意消除6个基础信号球后，会激活辅助机按钮，释放后肃噩腾空砸向目标，造成<color=#FF6347>360%</color>物理伤害。
142102	1421	2	湮覆之怒·物	Assets/Product/Texture/Image/IconPetSkill/Pet3DragonSkillzhudong05.png	任意消除6个基础信号球后，会激活辅助机按钮，释放后肃噩腾空砸向目标，造成<color=#FF6347>720%</color>物理伤害。
142103	1421	3	湮覆之怒·物	Assets/Product/Texture/Image/IconPetSkill/Pet3DragonSkillzhudong05.png	任意消除6个基础信号球后，会激活辅助机按钮，释放后肃噩腾空砸向目标，造成<color=#FF6347>1080%</color>物理伤害。
142104	1421	4	湮覆之怒·物	Assets/Product/Texture/Image/IconPetSkill/Pet3DragonSkillzhudong05.png	任意消除6个基础信号球后，会激活辅助机按钮，释放后肃噩腾空砸向目标，造成<color=#FF6347>1440%</color>物理伤害。
142105	1421	5	湮覆之怒·物	Assets/Product/Texture/Image/IconPetSkill/Pet3DragonSkillzhudong05.png	任意消除6个基础信号球后，会激活辅助机按钮，释放后肃噩腾空砸向目标，造成<color=#FF6347>1800%</color>物理伤害。
142201	1422	1	湮覆之怒·火	Assets/Product/Texture/Image/IconPetSkill/Pet3DragonSkillzhudong01.png	任意消除6个基础信号球后，会激活辅助机按钮，释放后肃噩腾空砸向目标，造成<color=#FF6347>360%</color>火属性伤害。
142202	1422	2	湮覆之怒·火	Assets/Product/Texture/Image/IconPetSkill/Pet3DragonSkillzhudong01.png	任意消除6个基础信号球后，会激活辅助机按钮，释放后肃噩腾空砸向目标，造成<color=#FF6347>720%</color>火属性伤害。
142203	1422	3	湮覆之怒·火	Assets/Product/Texture/Image/IconPetSkill/Pet3DragonSkillzhudong01.png	任意消除6个基础信号球后，会激活辅助机按钮，释放后肃噩腾空砸向目标，造成<color=#FF6347>1080%</color>火属性伤害。
142204	1422	4	湮覆之怒·火	Assets/Product/Texture/Image/IconPetSkill/Pet3DragonSkillzhudong01.png	任意消除6个基础信号球后，会激活辅助机按钮，释放后肃噩腾空砸向目标，造成<color=#FF6347>1440%</color>火属性伤害。
142205	1422	5	湮覆之怒·火	Assets/Product/Texture/Image/IconPetSkill/Pet3DragonSkillzhudong01.png	任意消除6个基础信号球后，会激活辅助机按钮，释放后肃噩腾空砸向目标，造成<color=#FF6347>1800%</color>火属性伤害。
142301	1423	1	湮覆之怒·冰	Assets/Product/Texture/Image/IconPetSkill/Pet3DragonSkillzhudong02.png	任意消除6个基础信号球后，会激活辅助机按钮，释放后肃噩腾空砸向目标，造成<color=#FF6347>360%</color>冰属性伤害。
142302	1423	2	湮覆之怒·冰	Assets/Product/Texture/Image/IconPetSkill/Pet3DragonSkillzhudong02.png	任意消除6个基础信号球后，会激活辅助机按钮，释放后肃噩腾空砸向目标，造成<color=#FF6347>720%</color>冰属性伤害。
142303	1423	3	湮覆之怒·冰	Assets/Product/Texture/Image/IconPetSkill/Pet3DragonSkillzhudong02.png	任意消除6个基础信号球后，会激活辅助机按钮，释放后肃噩腾空砸向目标，造成<color=#FF6347>1080%</color>冰属性伤害。
142304	1423	4	湮覆之怒·冰	Assets/Product/Texture/Image/IconPetSkill/Pet3DragonSkillzhudong02.png	任意消除6个基础信号球后，会激活辅助机按钮，释放后肃噩腾空砸向目标，造成<color=#FF6347>1440%</color>冰属性伤害。
142305	1423	5	湮覆之怒·冰	Assets/Product/Texture/Image/IconPetSkill/Pet3DragonSkillzhudong02.png	任意消除6个基础信号球后，会激活辅助机按钮，释放后肃噩腾空砸向目标，造成<color=#FF6347>1800%</color>冰属性伤害。
142401	1424	1	湮覆之怒·雷	Assets/Product/Texture/Image/IconPetSkill/Pet3DragonSkillzhudong03.png	任意消除6个基础信号球后，会激活辅助机按钮，释放后肃噩腾空砸向目标，造成<color=#FF6347>360%</color>雷属性伤害。
142402	1424	2	湮覆之怒·雷	Assets/Product/Texture/Image/IconPetSkill/Pet3DragonSkillzhudong03.png	任意消除6个基础信号球后，会激活辅助机按钮，释放后肃噩腾空砸向目标，造成<color=#FF6347>720%</color>雷属性伤害。
142403	1424	3	湮覆之怒·雷	Assets/Product/Texture/Image/IconPetSkill/Pet3DragonSkillzhudong03.png	任意消除6个基础信号球后，会激活辅助机按钮，释放后肃噩腾空砸向目标，造成<color=#FF6347>1080%</color>雷属性伤害。
142404	1424	4	湮覆之怒·雷	Assets/Product/Texture/Image/IconPetSkill/Pet3DragonSkillzhudong03.png	任意消除6个基础信号球后，会激活辅助机按钮，释放后肃噩腾空砸向目标，造成<color=#FF6347>1440%</color>雷属性伤害。
142405	1424	5	湮覆之怒·雷	Assets/Product/Texture/Image/IconPetSkill/Pet3DragonSkillzhudong03.png	任意消除6个基础信号球后，会激活辅助机按钮，释放后肃噩腾空砸向目标，造成<color=#FF6347>1800%</color>雷属性伤害。
142501	1425	1	湮覆之怒·暗	Assets/Product/Texture/Image/IconPetSkill/Pet3DragonSkillzhudong04.png	任意消除6个基础信号球后，会激活辅助机按钮，释放后肃噩腾空砸向目标，造成<color=#FF6347>360%</color>暗属性伤害。
142502	1425	2	湮覆之怒·暗	Assets/Product/Texture/Image/IconPetSkill/Pet3DragonSkillzhudong04.png	任意消除6个基础信号球后，会激活辅助机按钮，释放后肃噩腾空砸向目标，造成<color=#FF6347>720%</color>暗属性伤害。
142503	1425	3	湮覆之怒·暗	Assets/Product/Texture/Image/IconPetSkill/Pet3DragonSkillzhudong04.png	任意消除6个基础信号球后，会激活辅助机按钮，释放后肃噩腾空砸向目标，造成<color=#FF6347>1080%</color>暗属性伤害。
142504	1425	4	湮覆之怒·暗	Assets/Product/Texture/Image/IconPetSkill/Pet3DragonSkillzhudong04.png	任意消除6个基础信号球后，会激活辅助机按钮，释放后肃噩腾空砸向目标，造成<color=#FF6347>1440%</color>暗属性伤害。
142505	1425	5	湮覆之怒·暗	Assets/Product/Texture/Image/IconPetSkill/Pet3DragonSkillzhudong04.png	任意消除6个基础信号球后，会激活辅助机按钮，释放后肃噩腾空砸向目标，造成<color=#FF6347>1800%</color>暗属性伤害。
142601	1426	1	湮覆之怒·空	Assets/Product/Texture/Image/IconPetSkill/Pet3DragonSkillzhudong06.png	任意消除6个基础信号球后，会激活辅助机按钮，释放后肃噩腾空砸向目标，造成<color=#FF6347>360%</color>空属性伤害。
142602	1426	2	湮覆之怒·空	Assets/Product/Texture/Image/IconPetSkill/Pet3DragonSkillzhudong06.png	任意消除6个基础信号球后，会激活辅助机按钮，释放后肃噩腾空砸向目标，造成<color=#FF6347>720%</color>空属性伤害。
142603	1426	3	湮覆之怒·空	Assets/Product/Texture/Image/IconPetSkill/Pet3DragonSkillzhudong06.png	任意消除6个基础信号球后，会激活辅助机按钮，释放后肃噩腾空砸向目标，造成<color=#FF6347>1080%</color>空属性伤害。
142604	1426	4	湮覆之怒·空	Assets/Product/Texture/Image/IconPetSkill/Pet3DragonSkillzhudong06.png	任意消除6个基础信号球后，会激活辅助机按钮，释放后肃噩腾空砸向目标，造成<color=#FF6347>1440%</color>空属性伤害。
142605	1426	5	湮覆之怒·空	Assets/Product/Texture/Image/IconPetSkill/Pet3DragonSkillzhudong06.png	任意消除6个基础信号球后，会激活辅助机按钮，释放后肃噩腾空砸向目标，造成<color=#FF6347>1800%</color>空属性伤害。
7000001	70000	1	骇惧形躯	Assets/Product/Texture/Image/IconPetSkill/Pet3DragonSkillbeidong01.png	肃噩主动技伤害提高<color=#0f70bc>14%</color>
7000002	70000	2	骇惧形躯	Assets/Product/Texture/Image/IconPetSkill/Pet3DragonSkillbeidong01.png	肃噩主动技伤害提高<color=#0f70bc>28%</color>
7000003	70000	3	骇惧形躯	Assets/Product/Texture/Image/IconPetSkill/Pet3DragonSkillbeidong01.png	肃噩主动技伤害提高<color=#0f70bc>42%</color>
7000004	70000	4	骇惧形躯	Assets/Product/Texture/Image/IconPetSkill/Pet3DragonSkillbeidong01.png	肃噩主动技伤害提高<color=#0f70bc>56%</color>
7000005	70000	5	骇惧形躯	Assets/Product/Texture/Image/IconPetSkill/Pet3DragonSkillbeidong01.png	肃噩主动技伤害提高<color=#0f70bc>70%</color>
7001001	70010	1	役灾奴厄	Assets/Product/Texture/Image/IconPetSkill/Pet3DolphinSkillbeidong02.png	携带角色攻击力提高<color=#0f70bc>20</color>
7001002	70010	2	役灾奴厄	Assets/Product/Texture/Image/IconPetSkill/Pet3DolphinSkillbeidong02.png	携带角色攻击力提高<color=#0f70bc>40</color>
7001003	70010	3	役灾奴厄	Assets/Product/Texture/Image/IconPetSkill/Pet3DolphinSkillbeidong02.png	携带角色攻击力提高<color=#0f70bc>60</color>
7001004	70010	4	役灾奴厄	Assets/Product/Texture/Image/IconPetSkill/Pet3DolphinSkillbeidong02.png	携带角色攻击力提高<color=#0f70bc>80</color>
7001005	70010	5	役灾奴厄	Assets/Product/Texture/Image/IconPetSkill/Pet3DolphinSkillbeidong02.png	携带角色攻击力提高<color=#0f70bc>100</color>
7002001	70020	1	燃穹余烬	Assets/Product/Texture/Image/IconPetSkill/Pet3DragonSkillbeidong03.png	肃噩释放主动技后，携带角色额外伤害加成提高<color=#0f70bc>1%</color>，持续8秒，重复触发刷新持续时间。
7002002	70020	2	燃穹余烬	Assets/Product/Texture/Image/IconPetSkill/Pet3DragonSkillbeidong03.png	肃噩释放主动技后，携带角色额外伤害加成提高<color=#0f70bc>2%</color>，持续8秒，重复触发刷新持续时间。
7002003	70020	3	燃穹余烬	Assets/Product/Texture/Image/IconPetSkill/Pet3DragonSkillbeidong03.png	肃噩释放主动技后，携带角色额外伤害加成提高<color=#0f70bc>3%</color>，持续8秒，重复触发刷新持续时间。
7002004	70020	4	燃穹余烬	Assets/Product/Texture/Image/IconPetSkill/Pet3DragonSkillbeidong03.png	肃噩释放主动技后，携带角色额外伤害加成提高<color=#0f70bc>4%</color>，持续8秒，重复触发刷新持续时间。
7002005	70020	5	燃穹余烬	Assets/Product/Texture/Image/IconPetSkill/Pet3DragonSkillbeidong03.png	肃噩释放主动技后，携带角色额外伤害加成提高<color=#0f70bc>5%</color>，持续8秒，重复触发刷新持续时间。
7003001	70030	1	晦黯空寰	Assets/Product/Texture/Image/IconPetSkill/Pet3DragonSkillbeidong04.png	携带角色空属性伤害提高<color=#0f70bc>2%</color>
7003002	70030	2	晦黯空寰	Assets/Product/Texture/Image/IconPetSkill/Pet3DragonSkillbeidong04.png	携带角色空属性伤害提高<color=#0f70bc>4%</color>
7003003	70030	3	晦黯空寰	Assets/Product/Texture/Image/IconPetSkill/Pet3DragonSkillbeidong04.png	携带角色空属性伤害提高<color=#0f70bc>6%</color>
7003004	70030	4	晦黯空寰	Assets/Product/Texture/Image/IconPetSkill/Pet3DragonSkillbeidong04.png	携带角色空属性伤害提高<color=#0f70bc>8%</color>
7003005	70030	5	晦黯空寰	Assets/Product/Texture/Image/IconPetSkill/Pet3DragonSkillbeidong04.png	携带角色空属性伤害提高<color=#0f70bc>10%</color>
7004001	70040	1	终月训示	Assets/Product/Texture/Image/IconPetSkill/Pet3DragonSkillbeidong05.png	露娜·终焉携带肃噩释放<color=#0f70bc>始序惩斥</color>或<color=#0f70bc>终临惩斥</color>时，召唤肃噩进行协同攻击，造成<color=#0f70bc>500%</color>空属性伤害；<color=#0f70bc>终月值</color>的增幅效果整体提升<color=#0f70bc>5%</color>。
7004002	70040	2	终月训示	Assets/Product/Texture/Image/IconPetSkill/Pet3DragonSkillbeidong05.png	露娜·终焉携带肃噩释放<color=#0f70bc>始序惩斥</color>或<color=#0f70bc>终临惩斥</color>时，召唤肃噩进行协同攻击，造成<color=#0f70bc>1000%</color>空属性伤害；<color=#0f70bc>终月值</color>的增幅效果整体提升<color=#0f70bc>10%</color>。
7004003	70040	3	终月训示	Assets/Product/Texture/Image/IconPetSkill/Pet3DragonSkillbeidong05.png	露娜·终焉携带肃噩释放<color=#0f70bc>始序惩斥</color>或<color=#0f70bc>终临惩斥</color>时，召唤肃噩进行协同攻击，造成<color=#0f70bc>1500%</color>空属性伤害；<color=#0f70bc>终月值</color>的增幅效果整体提升<color=#0f70bc>15%</color>。
7004004	70040	4	终月训示	Assets/Product/Texture/Image/IconPetSkill/Pet3DragonSkillbeidong05.png	露娜·终焉携带肃噩释放<color=#0f70bc>始序惩斥</color>或<color=#0f70bc>终临惩斥</color>时，召唤肃噩进行协同攻击，造成<color=#0f70bc>2000%</color>空属性伤害；<color=#0f70bc>终月值</color>的增幅效果整体提升<color=#0f70bc>20%</color>。
7004005	70040	5	终月训示	Assets/Product/Texture/Image/IconPetSkill/Pet3DragonSkillbeidong05.png	露娜·终焉携带肃噩释放<color=#0f70bc>始序惩斥</color>或<color=#0f70bc>终临惩斥</color>时，召唤肃噩进行协同攻击，造成<color=#0f70bc>2500%</color>空属性伤害；<color=#0f70bc>终月值</color>的增幅效果整体提升<color=#0f70bc>25%</color>。
143101	1431	1	步月·物	Assets/Product/Texture/Image/IconPetSkill/Pet3DieSkillzhudong05.png	任意消除6个基础信号球后，会激活辅助机按钮，释放后寐寤发射能量波攻击，使周围的敌方单位<color=#935ee1>僵固</color>，并造成6次<color=#FF6347>50%</color>的物理伤害。<color=#935ee1>僵固</color>：使敌人静止2秒。
143102	1431	2	步月·物	Assets/Product/Texture/Image/IconPetSkill/Pet3DieSkillzhudong05.png	任意消除6个基础信号球后，会激活辅助机按钮，释放后寐寤发射能量波攻击，使周围的敌方单位<color=#935ee1>僵固</color>，并造成6次<color=#FF6347>100%</color>的物理伤害。<color=#935ee1>僵固</color>：使敌人静止2秒。
143103	1431	3	步月·物	Assets/Product/Texture/Image/IconPetSkill/Pet3DieSkillzhudong05.png	任意消除6个基础信号球后，会激活辅助机按钮，释放后寐寤发射能量波攻击，使周围的敌方单位<color=#935ee1>僵固</color>，并造成6次<color=#FF6347>150%</color>的物理伤害。<color=#935ee1>僵固</color>：使敌人静止2秒。
143104	1431	4	步月·物	Assets/Product/Texture/Image/IconPetSkill/Pet3DieSkillzhudong05.png	任意消除6个基础信号球后，会激活辅助机按钮，释放后寐寤发射能量波攻击，使周围的敌方单位<color=#935ee1>僵固</color>，并造成6次<color=#FF6347>200%</color>的物理伤害。<color=#935ee1>僵固</color>：使敌人静止2秒。
143105	1431	5	步月·物	Assets/Product/Texture/Image/IconPetSkill/Pet3DieSkillzhudong05.png	任意消除6个基础信号球后，会激活辅助机按钮，释放后寐寤发射能量波攻击，使周围的敌方单位<color=#935ee1>僵固</color>，并造成6次<color=#FF6347>250%</color>的物理伤害。<color=#935ee1>僵固</color>：使敌人静止2秒。
143201	1432	1	步月·火	Assets/Product/Texture/Image/IconPetSkill/Pet3DieSkillzhudong01.png	任意消除6个基础信号球后，会激活辅助机按钮，释放后寐寤发射能量波攻击，使周围的敌方单位<color=#935ee1>僵固</color>，造成6次<color=#FF6347>50%</color>的火属性伤害。<color=#935ee1>僵固</color>：使敌人静止2秒。
143202	1432	2	步月·火	Assets/Product/Texture/Image/IconPetSkill/Pet3DieSkillzhudong01.png	任意消除6个基础信号球后，会激活辅助机按钮，释放后寐寤发射能量波攻击，使周围的敌方单位<color=#935ee1>僵固</color>，造成6次<color=#FF6347>100%</color>的火属性伤害。<color=#935ee1>僵固</color>：使敌人静止2秒。
143203	1432	3	步月·火	Assets/Product/Texture/Image/IconPetSkill/Pet3DieSkillzhudong01.png	任意消除6个基础信号球后，会激活辅助机按钮，释放后寐寤发射能量波攻击，使周围的敌方单位<color=#935ee1>僵固</color>，造成6次<color=#FF6347>150%</color>的火属性伤害。<color=#935ee1>僵固</color>：使敌人静止2秒。
143204	1432	4	步月·火	Assets/Product/Texture/Image/IconPetSkill/Pet3DieSkillzhudong01.png	任意消除6个基础信号球后，会激活辅助机按钮，释放后寐寤发射能量波攻击，使周围的敌方单位<color=#935ee1>僵固</color>，造成6次<color=#FF6347>200%</color>的火属性伤害。<color=#935ee1>僵固</color>：使敌人静止2秒。
143205	1432	5	步月·火	Assets/Product/Texture/Image/IconPetSkill/Pet3DieSkillzhudong01.png	任意消除6个基础信号球后，会激活辅助机按钮，释放后寐寤发射能量波攻击，使周围的敌方单位<color=#935ee1>僵固</color>，造成6次<color=#FF6347>250%</color>的火属性伤害。<color=#935ee1>僵固</color>：使敌人静止2秒。
143301	1433	1	步月·冰	Assets/Product/Texture/Image/IconPetSkill/Pet3DieSkillzhudong02.png	任意消除6个基础信号球后，会激活辅助机按钮，释放后寐寤发射能量波攻击，使周围的敌方单位<color=#935ee1>僵固</color>，造成6次<color=#FF6347>50%</color>的冰属性伤害。<color=#935ee1>僵固</color>：使敌人静止2秒。
143302	1433	2	步月·冰	Assets/Product/Texture/Image/IconPetSkill/Pet3DieSkillzhudong02.png	任意消除6个基础信号球后，会激活辅助机按钮，释放后寐寤发射能量波攻击，使周围的敌方单位<color=#935ee1>僵固</color>，造成6次<color=#FF6347>100%</color>的冰属性伤害。<color=#935ee1>僵固</color>：使敌人静止2秒。
143303	1433	3	步月·冰	Assets/Product/Texture/Image/IconPetSkill/Pet3DieSkillzhudong02.png	任意消除6个基础信号球后，会激活辅助机按钮，释放后寐寤发射能量波攻击，使周围的敌方单位<color=#935ee1>僵固</color>，造成6次<color=#FF6347>150%</color>的冰属性伤害。<color=#935ee1>僵固</color>：使敌人静止2秒。
143304	1433	4	步月·冰	Assets/Product/Texture/Image/IconPetSkill/Pet3DieSkillzhudong02.png	任意消除6个基础信号球后，会激活辅助机按钮，释放后寐寤发射能量波攻击，使周围的敌方单位<color=#935ee1>僵固</color>，造成6次<color=#FF6347>200%</color>的冰属性伤害。<color=#935ee1>僵固</color>：使敌人静止2秒。
143305	1433	5	步月·冰	Assets/Product/Texture/Image/IconPetSkill/Pet3DieSkillzhudong02.png	任意消除6个基础信号球后，会激活辅助机按钮，释放后寐寤发射能量波攻击，使周围的敌方单位<color=#935ee1>僵固</color>，造成6次<color=#FF6347>250%</color>的冰属性伤害。<color=#935ee1>僵固</color>：使敌人静止2秒。
143401	1434	1	步月·雷	Assets/Product/Texture/Image/IconPetSkill/Pet3DieSkillzhudong03.png	任意消除6个基础信号球后，会激活辅助机按钮，释放后寐寤发射能量波攻击，使周围的敌方单位<color=#935ee1>僵固</color>，造成6次<color=#FF6347>50%</color>的雷属性伤害。<color=#935ee1>僵固</color>：使敌人静止2秒。
143402	1434	2	步月·雷	Assets/Product/Texture/Image/IconPetSkill/Pet3DieSkillzhudong03.png	任意消除6个基础信号球后，会激活辅助机按钮，释放后寐寤发射能量波攻击，使周围的敌方单位<color=#935ee1>僵固</color>，造成6次<color=#FF6347>100%</color>的雷属性伤害。<color=#935ee1>僵固</color>：使敌人静止2秒。
143403	1434	3	步月·雷	Assets/Product/Texture/Image/IconPetSkill/Pet3DieSkillzhudong03.png	任意消除6个基础信号球后，会激活辅助机按钮，释放后寐寤发射能量波攻击，使周围的敌方单位<color=#935ee1>僵固</color>，造成6次<color=#FF6347>150%</color>的雷属性伤害。<color=#935ee1>僵固</color>：使敌人静止2秒。
143404	1434	4	步月·雷	Assets/Product/Texture/Image/IconPetSkill/Pet3DieSkillzhudong03.png	任意消除6个基础信号球后，会激活辅助机按钮，释放后寐寤发射能量波攻击，使周围的敌方单位<color=#935ee1>僵固</color>，造成6次<color=#FF6347>200%</color>的雷属性伤害。<color=#935ee1>僵固</color>：使敌人静止2秒。
143405	1434	5	步月·雷	Assets/Product/Texture/Image/IconPetSkill/Pet3DieSkillzhudong03.png	任意消除6个基础信号球后，会激活辅助机按钮，释放后寐寤发射能量波攻击，使周围的敌方单位<color=#935ee1>僵固</color>，造成6次<color=#FF6347>250%</color>的雷属性伤害。<color=#935ee1>僵固</color>：使敌人静止2秒。
143501	1435	1	步月·暗	Assets/Product/Texture/Image/IconPetSkill/Pet3DieSkillzhudong04.png	任意消除6个基础信号球后，会激活辅助机按钮，释放后寐寤发射能量波攻击，使周围的敌方单位<color=#935ee1>僵固</color>，造成6次<color=#FF6347>50%</color>的暗属性伤害。<color=#935ee1>僵固</color>：使敌人静止2秒。
143502	1435	2	步月·暗	Assets/Product/Texture/Image/IconPetSkill/Pet3DieSkillzhudong04.png	任意消除6个基础信号球后，会激活辅助机按钮，释放后寐寤发射能量波攻击，使周围的敌方单位<color=#935ee1>僵固</color>，造成6次<color=#FF6347>100%</color>的暗属性伤害。<color=#935ee1>僵固</color>：使敌人静止2秒。
143503	1435	3	步月·暗	Assets/Product/Texture/Image/IconPetSkill/Pet3DieSkillzhudong04.png	任意消除6个基础信号球后，会激活辅助机按钮，释放后寐寤发射能量波攻击，使周围的敌方单位<color=#935ee1>僵固</color>，造成6次<color=#FF6347>150%</color>的暗属性伤害。<color=#935ee1>僵固</color>：使敌人静止2秒。
143504	1435	4	步月·暗	Assets/Product/Texture/Image/IconPetSkill/Pet3DieSkillzhudong04.png	任意消除6个基础信号球后，会激活辅助机按钮，释放后寐寤发射能量波攻击，使周围的敌方单位<color=#935ee1>僵固</color>，造成6次<color=#FF6347>200%</color>的暗属性伤害。<color=#935ee1>僵固</color>：使敌人静止2秒。
143505	1435	5	步月·暗	Assets/Product/Texture/Image/IconPetSkill/Pet3DieSkillzhudong04.png	任意消除6个基础信号球后，会激活辅助机按钮，释放后寐寤发射能量波攻击，使周围的敌方单位<color=#935ee1>僵固</color>，造成6次<color=#FF6347>250%</color>的暗属性伤害。<color=#935ee1>僵固</color>：使敌人静止2秒。
143601	1436	1	步月·空	Assets/Product/Texture/Image/IconPetSkill/Pet3DieSkillzhudong06.png	任意消除6个基础信号球后，会激活辅助机按钮，释放后寐寤发射能量波攻击，使周围的敌方单位<color=#935ee1>僵固</color>，造成6次<color=#FF6347>50%</color>的空属性伤害。<color=#935ee1>僵固</color>：使敌人静止2秒。
143602	1436	2	步月·空	Assets/Product/Texture/Image/IconPetSkill/Pet3DieSkillzhudong06.png	任意消除6个基础信号球后，会激活辅助机按钮，释放后寐寤发射能量波攻击，使周围的敌方单位<color=#935ee1>僵固</color>，造成6次<color=#FF6347>100%</color>的空属性伤害。<color=#935ee1>僵固</color>：使敌人静止2秒。
143603	1436	3	步月·空	Assets/Product/Texture/Image/IconPetSkill/Pet3DieSkillzhudong06.png	任意消除6个基础信号球后，会激活辅助机按钮，释放后寐寤发射能量波攻击，使周围的敌方单位<color=#935ee1>僵固</color>，造成6次<color=#FF6347>150%</color>的空属性伤害。<color=#935ee1>僵固</color>：使敌人静止2秒。
143604	1436	4	步月·空	Assets/Product/Texture/Image/IconPetSkill/Pet3DieSkillzhudong06.png	任意消除6个基础信号球后，会激活辅助机按钮，释放后寐寤发射能量波攻击，使周围的敌方单位<color=#935ee1>僵固</color>，造成6次<color=#FF6347>200%</color>的空属性伤害。<color=#935ee1>僵固</color>：使敌人静止2秒。
143605	1436	5	步月·空	Assets/Product/Texture/Image/IconPetSkill/Pet3DieSkillzhudong06.png	任意消除6个基础信号球后，会激活辅助机按钮，释放后寐寤发射能量波攻击，使周围的敌方单位<color=#935ee1>僵固</color>，造成6次<color=#FF6347>250%</color>的空属性伤害。<color=#935ee1>僵固</color>：使敌人静止2秒。
144101	1441	1	孤鸾·物	Assets/Product/Texture/Image/IconPetSkill/Pet3DieSkillzhudong05.png	任意消除6个基础信号球后，会激活辅助机按钮，释放后寐寤飞向目标，撞击地面造成4次<color=#FF6347>90%</color>物理伤害。
144102	1441	2	孤鸾·物	Assets/Product/Texture/Image/IconPetSkill/Pet3DieSkillzhudong05.png	任意消除6个基础信号球后，会激活辅助机按钮，释放后寐寤飞向目标，撞击地面造成4次<color=#FF6347>180%</color>物理伤害。
144103	1441	3	孤鸾·物	Assets/Product/Texture/Image/IconPetSkill/Pet3DieSkillzhudong05.png	任意消除6个基础信号球后，会激活辅助机按钮，释放后寐寤飞向目标，撞击地面造成4次<color=#FF6347>270%</color>物理伤害。
144104	1441	4	孤鸾·物	Assets/Product/Texture/Image/IconPetSkill/Pet3DieSkillzhudong05.png	任意消除6个基础信号球后，会激活辅助机按钮，释放后寐寤飞向目标，撞击地面造成4次<color=#FF6347>360%</color>物理伤害。
144105	1441	5	孤鸾·物	Assets/Product/Texture/Image/IconPetSkill/Pet3DieSkillzhudong05.png	任意消除6个基础信号球后，会激活辅助机按钮，释放后寐寤飞向目标，撞击地面造成4次<color=#FF6347>450%</color>物理伤害。
144201	1442	1	孤鸾·火	Assets/Product/Texture/Image/IconPetSkill/Pet3DieSkillzhudong01.png	任意消除6个基础信号球后，会激活辅助机按钮，释放后寐寤飞向目标，撞击地面造成4次<color=#FF6347>90%</color>火属性伤害。
144202	1442	2	孤鸾·火	Assets/Product/Texture/Image/IconPetSkill/Pet3DieSkillzhudong01.png	任意消除6个基础信号球后，会激活辅助机按钮，释放后寐寤飞向目标，撞击地面造成4次<color=#FF6347>180%</color>火属性伤害。
144203	1442	3	孤鸾·火	Assets/Product/Texture/Image/IconPetSkill/Pet3DieSkillzhudong01.png	任意消除6个基础信号球后，会激活辅助机按钮，释放后寐寤飞向目标，撞击地面造成4次<color=#FF6347>270%</color>火属性伤害。
144204	1442	4	孤鸾·火	Assets/Product/Texture/Image/IconPetSkill/Pet3DieSkillzhudong01.png	任意消除6个基础信号球后，会激活辅助机按钮，释放后寐寤飞向目标，撞击地面造成4次<color=#FF6347>360%</color>火属性伤害。
144205	1442	5	孤鸾·火	Assets/Product/Texture/Image/IconPetSkill/Pet3DieSkillzhudong01.png	任意消除6个基础信号球后，会激活辅助机按钮，释放后寐寤飞向目标，撞击地面造成4次<color=#FF6347>450%</color>火属性伤害。
144301	1443	1	孤鸾·冰	Assets/Product/Texture/Image/IconPetSkill/Pet3DieSkillzhudong02.png	任意消除6个基础信号球后，会激活辅助机按钮，释放后寐寤飞向目标，撞击地面造成4次<color=#FF6347>90%</color>冰属性伤害。
144302	1443	2	孤鸾·冰	Assets/Product/Texture/Image/IconPetSkill/Pet3DieSkillzhudong02.png	任意消除6个基础信号球后，会激活辅助机按钮，释放后寐寤飞向目标，撞击地面造成4次<color=#FF6347>180%</color>冰属性伤害。
144303	1443	3	孤鸾·冰	Assets/Product/Texture/Image/IconPetSkill/Pet3DieSkillzhudong02.png	任意消除6个基础信号球后，会激活辅助机按钮，释放后寐寤飞向目标，撞击地面造成4次<color=#FF6347>270%</color>冰属性伤害。
144304	1443	4	孤鸾·冰	Assets/Product/Texture/Image/IconPetSkill/Pet3DieSkillzhudong02.png	任意消除6个基础信号球后，会激活辅助机按钮，释放后寐寤飞向目标，撞击地面造成4次<color=#FF6347>360%</color>冰属性伤害。
144305	1443	5	孤鸾·冰	Assets/Product/Texture/Image/IconPetSkill/Pet3DieSkillzhudong02.png	任意消除6个基础信号球后，会激活辅助机按钮，释放后寐寤飞向目标，撞击地面造成4次<color=#FF6347>450%</color>冰属性伤害。
144401	1444	1	孤鸾·雷	Assets/Product/Texture/Image/IconPetSkill/Pet3DieSkillzhudong03.png	任意消除6个基础信号球后，会激活辅助机按钮，释放后寐寤飞向目标，撞击地面造成4次<color=#FF6347>90%</color>雷属性伤害。
144402	1444	2	孤鸾·雷	Assets/Product/Texture/Image/IconPetSkill/Pet3DieSkillzhudong03.png	任意消除6个基础信号球后，会激活辅助机按钮，释放后寐寤飞向目标，撞击地面造成4次<color=#FF6347>180%</color>雷属性伤害。
144403	1444	3	孤鸾·雷	Assets/Product/Texture/Image/IconPetSkill/Pet3DieSkillzhudong03.png	任意消除6个基础信号球后，会激活辅助机按钮，释放后寐寤飞向目标，撞击地面造成4次<color=#FF6347>270%</color>雷属性伤害。
144404	1444	4	孤鸾·雷	Assets/Product/Texture/Image/IconPetSkill/Pet3DieSkillzhudong03.png	任意消除6个基础信号球后，会激活辅助机按钮，释放后寐寤飞向目标，撞击地面造成4次<color=#FF6347>360%</color>雷属性伤害。
144405	1444	5	孤鸾·雷	Assets/Product/Texture/Image/IconPetSkill/Pet3DieSkillzhudong03.png	任意消除6个基础信号球后，会激活辅助机按钮，释放后寐寤飞向目标，撞击地面造成4次<color=#FF6347>450%</color>雷属性伤害。
144501	1445	1	孤鸾·暗	Assets/Product/Texture/Image/IconPetSkill/Pet3DieSkillzhudong04.png	任意消除6个基础信号球后，会激活辅助机按钮，释放后寐寤飞向目标，撞击地面造成4次<color=#FF6347>90%</color>暗属性伤害。
144502	1445	2	孤鸾·暗	Assets/Product/Texture/Image/IconPetSkill/Pet3DieSkillzhudong04.png	任意消除6个基础信号球后，会激活辅助机按钮，释放后寐寤飞向目标，撞击地面造成4次<color=#FF6347>180%</color>暗属性伤害。
144503	1445	3	孤鸾·暗	Assets/Product/Texture/Image/IconPetSkill/Pet3DieSkillzhudong04.png	任意消除6个基础信号球后，会激活辅助机按钮，释放后寐寤飞向目标，撞击地面造成4次<color=#FF6347>270%</color>暗属性伤害。
144504	1445	4	孤鸾·暗	Assets/Product/Texture/Image/IconPetSkill/Pet3DieSkillzhudong04.png	任意消除6个基础信号球后，会激活辅助机按钮，释放后寐寤飞向目标，撞击地面造成4次<color=#FF6347>360%</color>暗属性伤害。
144505	1445	5	孤鸾·暗	Assets/Product/Texture/Image/IconPetSkill/Pet3DieSkillzhudong04.png	任意消除6个基础信号球后，会激活辅助机按钮，释放后寐寤飞向目标，撞击地面造成4次<color=#FF6347>450%</color>暗属性伤害。
144601	1446	1	孤鸾·空	Assets/Product/Texture/Image/IconPetSkill/Pet3DieSkillzhudong06.png	任意消除6个基础信号球后，会激活辅助机按钮，释放后寐寤飞向目标，撞击地面造成4次<color=#FF6347>90%</color>空属性伤害。
144602	1446	2	孤鸾·空	Assets/Product/Texture/Image/IconPetSkill/Pet3DieSkillzhudong06.png	任意消除6个基础信号球后，会激活辅助机按钮，释放后寐寤飞向目标，撞击地面造成4次<color=#FF6347>180%</color>空属性伤害。
144603	1446	3	孤鸾·空	Assets/Product/Texture/Image/IconPetSkill/Pet3DieSkillzhudong06.png	任意消除6个基础信号球后，会激活辅助机按钮，释放后寐寤飞向目标，撞击地面造成4次<color=#FF6347>270%</color>空属性伤害。
144604	1446	4	孤鸾·空	Assets/Product/Texture/Image/IconPetSkill/Pet3DieSkillzhudong06.png	任意消除6个基础信号球后，会激活辅助机按钮，释放后寐寤飞向目标，撞击地面造成4次<color=#FF6347>360%</color>空属性伤害。
144605	1446	5	孤鸾·空	Assets/Product/Texture/Image/IconPetSkill/Pet3DieSkillzhudong06.png	任意消除6个基础信号球后，会激活辅助机按钮，释放后寐寤飞向目标，撞击地面造成4次<color=#FF6347>450%</color>空属性伤害。
7100001	71000	1	踏青游	Assets/Product/Texture/Image/IconPetSkill/Pet3DieSkillbeidong01.png	寐寤主动技伤害提高<color=#0f70bc>14%</color>
7100002	71000	2	踏青游	Assets/Product/Texture/Image/IconPetSkill/Pet3DieSkillbeidong01.png	寐寤主动技伤害提高<color=#0f70bc>28%</color>
7100003	71000	3	踏青游	Assets/Product/Texture/Image/IconPetSkill/Pet3DieSkillbeidong01.png	寐寤主动技伤害提高<color=#0f70bc>42%</color>
7100004	71000	4	踏青游	Assets/Product/Texture/Image/IconPetSkill/Pet3DieSkillbeidong01.png	寐寤主动技伤害提高<color=#0f70bc>56%</color>
7100005	71000	5	踏青游	Assets/Product/Texture/Image/IconPetSkill/Pet3DieSkillbeidong01.png	寐寤主动技伤害提高<color=#0f70bc>70%</color>
7101001	71010	1	芳草渡	Assets/Product/Texture/Image/IconPetSkill/Pet3DolphinSkillbeidong02.png	携带角色攻击力提高<color=#0f70bc>20</color>
7101002	71010	2	芳草渡	Assets/Product/Texture/Image/IconPetSkill/Pet3DolphinSkillbeidong02.png	携带角色攻击力提高<color=#0f70bc>40</color>
7101003	71010	3	芳草渡	Assets/Product/Texture/Image/IconPetSkill/Pet3DolphinSkillbeidong02.png	携带角色攻击力提高<color=#0f70bc>60</color>
7101004	71010	4	芳草渡	Assets/Product/Texture/Image/IconPetSkill/Pet3DolphinSkillbeidong02.png	携带角色攻击力提高<color=#0f70bc>80</color>
7101005	71010	5	芳草渡	Assets/Product/Texture/Image/IconPetSkill/Pet3DolphinSkillbeidong02.png	携带角色攻击力提高<color=#0f70bc>100</color>
7102001	71020	1	醉花间	Assets/Product/Texture/Image/IconPetSkill/Pet3DieSkillbeidong03.png	寐寤释放主动技后，携带角色额外伤害加成提高<color=#0f70bc>1%</color>，持续8秒，重复触发刷新持续时间。
7102002	71020	2	醉花间	Assets/Product/Texture/Image/IconPetSkill/Pet3DieSkillbeidong03.png	寐寤释放主动技后，携带角色额外伤害加成提高<color=#0f70bc>2%</color>，持续8秒，重复触发刷新持续时间。
7102003	71020	3	醉花间	Assets/Product/Texture/Image/IconPetSkill/Pet3DieSkillbeidong03.png	寐寤释放主动技后，携带角色额外伤害加成提高<color=#0f70bc>3%</color>，持续8秒，重复触发刷新持续时间。
7102004	71020	4	醉花间	Assets/Product/Texture/Image/IconPetSkill/Pet3DieSkillbeidong03.png	寐寤释放主动技后，携带角色额外伤害加成提高<color=#0f70bc>4%</color>，持续8秒，重复触发刷新持续时间。
7102005	71020	5	醉花间	Assets/Product/Texture/Image/IconPetSkill/Pet3DieSkillbeidong03.png	寐寤释放主动技后，携带角色额外伤害加成提高<color=#0f70bc>5%</color>，持续8秒，重复触发刷新持续时间。
7103001	71030	1	临江仙	Assets/Product/Texture/Image/IconPetSkill/Pet3DieSkillbeidong04.png	携带角色物理属性伤害提高<color=#0f70bc>2%</color>
7103002	71030	2	临江仙	Assets/Product/Texture/Image/IconPetSkill/Pet3DieSkillbeidong04.png	携带角色物理属性伤害提高<color=#0f70bc>4%</color>
7103003	71030	3	临江仙	Assets/Product/Texture/Image/IconPetSkill/Pet3DieSkillbeidong04.png	携带角色物理属性伤害提高<color=#0f70bc>6%</color>
7103004	71030	4	临江仙	Assets/Product/Texture/Image/IconPetSkill/Pet3DieSkillbeidong04.png	携带角色物理属性伤害提高<color=#0f70bc>8%</color>
7103005	71030	5	临江仙	Assets/Product/Texture/Image/IconPetSkill/Pet3DieSkillbeidong04.png	携带角色物理属性伤害提高<color=#0f70bc>10%</color>
7104001	71040	1	明月逐人来	Assets/Product/Texture/Image/IconPetSkill/Pet3DieSkillbeidong05.png	含英·檀心携带寐寤展开<color=#0f70bc>月音之域</color>或触发<color=#0f70bc>凤尾龙香</color>时，召唤寐寤进行协同攻击，造成2次<color=#0f70bc>250%</color>物理伤害；<color=#0f70bc>瑶碧华琚</color>和<color=#0f70bc>鸣珂</color>的暴击伤害提升<color=#0f70bc>15%</color>。
7104002	71040	2	明月逐人来	Assets/Product/Texture/Image/IconPetSkill/Pet3DieSkillbeidong05.png	含英·檀心携带寐寤展开<color=#0f70bc>月音之域</color>或触发<color=#0f70bc>凤尾龙香</color>时，召唤寐寤进行协同攻击，造成2次<color=#0f70bc>500%</color>物理伤害；<color=#0f70bc>瑶碧华琚</color>和<color=#0f70bc>鸣珂</color>的暴击伤害提升<color=#0f70bc>30%</color>。
7104003	71040	3	明月逐人来	Assets/Product/Texture/Image/IconPetSkill/Pet3DieSkillbeidong05.png	含英·檀心携带寐寤展开<color=#0f70bc>月音之域</color>或触发<color=#0f70bc>凤尾龙香</color>时，召唤寐寤进行协同攻击，造成2次<color=#0f70bc>750%</color>物理伤害；<color=#0f70bc>瑶碧华琚</color>和<color=#0f70bc>鸣珂</color>的暴击伤害提升<color=#0f70bc>45%</color>。
7104004	71040	4	明月逐人来	Assets/Product/Texture/Image/IconPetSkill/Pet3DieSkillbeidong05.png	含英·檀心携带寐寤展开<color=#0f70bc>月音之域</color>或触发<color=#0f70bc>凤尾龙香</color>时，召唤寐寤进行协同攻击，造成2次<color=#0f70bc>1000%</color>物理伤害；<color=#0f70bc>瑶碧华琚</color>和<color=#0f70bc>鸣珂</color>的暴击伤害提升<color=#0f70bc>60%</color>。
7104005	71040	5	明月逐人来	Assets/Product/Texture/Image/IconPetSkill/Pet3DieSkillbeidong05.png	含英·檀心携带寐寤展开<color=#0f70bc>月音之域</color>或触发<color=#0f70bc>凤尾龙香</color>时，召唤寐寤进行协同攻击，造成2次<color=#0f70bc>1250%</color>物理伤害；<color=#0f70bc>瑶碧华琚</color>和<color=#0f70bc>鸣珂</color>的暴击伤害提升<color=#0f70bc>75%</color>。
145101	1451	1	行霜踏雪.物	Assets/Product/Texture/Image/IconPetSkill/Pet3FoxSkillzhudong05.png	任意消除6个基础信号球后，会激活辅助机按钮，释放后瑞雪跃向目标，撞击地面造成1次<color=#FF6347>360%</color>物理伤害。
145102	1451	2	行霜踏雪.物	Assets/Product/Texture/Image/IconPetSkill/Pet3FoxSkillzhudong05.png	任意消除6个基础信号球后，会激活辅助机按钮，释放后瑞雪跃向目标，撞击地面造成1次<color=#FF6347>720%</color>物理伤害。
145103	1451	3	行霜踏雪.物	Assets/Product/Texture/Image/IconPetSkill/Pet3FoxSkillzhudong05.png	任意消除6个基础信号球后，会激活辅助机按钮，释放后瑞雪跃向目标，撞击地面造成1次<color=#FF6347>1080%</color>物理伤害。
145104	1451	4	行霜踏雪.物	Assets/Product/Texture/Image/IconPetSkill/Pet3FoxSkillzhudong05.png	任意消除6个基础信号球后，会激活辅助机按钮，释放后瑞雪跃向目标，撞击地面造成1次<color=#FF6347>1440%</color>物理伤害。
145105	1451	5	行霜踏雪.物	Assets/Product/Texture/Image/IconPetSkill/Pet3FoxSkillzhudong05.png	任意消除6个基础信号球后，会激活辅助机按钮，释放后瑞雪跃向目标，撞击地面造成1次<color=#FF6347>1800%</color>物理伤害。
145201	1452	1	行霜踏雪.火	Assets/Product/Texture/Image/IconPetSkill/Pet3FoxSkillzhudong01.png	任意消除6个基础信号球后，会激活辅助机按钮，释放后瑞雪跃向目标，撞击地面造成1次<color=#FF6347>360%</color>火属性伤害。
145202	1452	2	行霜踏雪.火	Assets/Product/Texture/Image/IconPetSkill/Pet3FoxSkillzhudong01.png	任意消除6个基础信号球后，会激活辅助机按钮，释放后瑞雪跃向目标，撞击地面造成1次<color=#FF6347>720%</color>火属性伤害。
145203	1452	3	行霜踏雪.火	Assets/Product/Texture/Image/IconPetSkill/Pet3FoxSkillzhudong01.png	任意消除6个基础信号球后，会激活辅助机按钮，释放后瑞雪跃向目标，撞击地面造成1次<color=#FF6347>1080%</color>火属性伤害。
145204	1452	4	行霜踏雪.火	Assets/Product/Texture/Image/IconPetSkill/Pet3FoxSkillzhudong01.png	任意消除6个基础信号球后，会激活辅助机按钮，释放后瑞雪跃向目标，撞击地面造成1次<color=#FF6347>1440%</color>火属性伤害。
145205	1452	5	行霜踏雪.火	Assets/Product/Texture/Image/IconPetSkill/Pet3FoxSkillzhudong01.png	任意消除6个基础信号球后，会激活辅助机按钮，释放后瑞雪跃向目标，撞击地面造成1次<color=#FF6347>1800%</color>火属性伤害。
145301	1453	1	行霜踏雪.冰	Assets/Product/Texture/Image/IconPetSkill/Pet3FoxSkillzhudong02.png	任意消除6个基础信号球后，会激活辅助机按钮，释放后瑞雪跃向目标，撞击地面造成1次<color=#FF6347>360%</color>冰属性伤害。
145302	1453	2	行霜踏雪.冰	Assets/Product/Texture/Image/IconPetSkill/Pet3FoxSkillzhudong02.png	任意消除6个基础信号球后，会激活辅助机按钮，释放后瑞雪跃向目标，撞击地面造成1次<color=#FF6347>720%</color>冰属性伤害。
145303	1453	3	行霜踏雪.冰	Assets/Product/Texture/Image/IconPetSkill/Pet3FoxSkillzhudong02.png	任意消除6个基础信号球后，会激活辅助机按钮，释放后瑞雪跃向目标，撞击地面造成1次<color=#FF6347>1080%</color>冰属性伤害。
145304	1453	4	行霜踏雪.冰	Assets/Product/Texture/Image/IconPetSkill/Pet3FoxSkillzhudong02.png	任意消除6个基础信号球后，会激活辅助机按钮，释放后瑞雪跃向目标，撞击地面造成1次<color=#FF6347>1440%</color>冰属性伤害。
145305	1453	5	行霜踏雪.冰	Assets/Product/Texture/Image/IconPetSkill/Pet3FoxSkillzhudong02.png	任意消除6个基础信号球后，会激活辅助机按钮，释放后瑞雪跃向目标，撞击地面造成1次<color=#FF6347>1800%</color>冰属性伤害。
145401	1454	1	行霜踏雪.雷	Assets/Product/Texture/Image/IconPetSkill/Pet3FoxSkillzhudong03.png	任意消除6个基础信号球后，会激活辅助机按钮，释放后瑞雪跃向目标，撞击地面造成1次<color=#FF6347>360%</color>雷属性伤害。
145402	1454	2	行霜踏雪.雷	Assets/Product/Texture/Image/IconPetSkill/Pet3FoxSkillzhudong03.png	任意消除6个基础信号球后，会激活辅助机按钮，释放后瑞雪跃向目标，撞击地面造成1次<color=#FF6347>720%</color>雷属性伤害。
145403	1454	3	行霜踏雪.雷	Assets/Product/Texture/Image/IconPetSkill/Pet3FoxSkillzhudong03.png	任意消除6个基础信号球后，会激活辅助机按钮，释放后瑞雪跃向目标，撞击地面造成1次<color=#FF6347>1080%</color>雷属性伤害。
145404	1454	4	行霜踏雪.雷	Assets/Product/Texture/Image/IconPetSkill/Pet3FoxSkillzhudong03.png	任意消除6个基础信号球后，会激活辅助机按钮，释放后瑞雪跃向目标，撞击地面造成1次<color=#FF6347>1440%</color>雷属性伤害。
145405	1454	5	行霜踏雪.雷	Assets/Product/Texture/Image/IconPetSkill/Pet3FoxSkillzhudong03.png	任意消除6个基础信号球后，会激活辅助机按钮，释放后瑞雪跃向目标，撞击地面造成1次<color=#FF6347>1800%</color>雷属性伤害。
145501	1455	1	行霜踏雪.暗	Assets/Product/Texture/Image/IconPetSkill/Pet3FoxSkillzhudong04.png	任意消除6个基础信号球后，会激活辅助机按钮，释放后瑞雪跃向目标，撞击地面造成1次<color=#FF6347>360%</color>暗属性伤害。
145502	1455	2	行霜踏雪.暗	Assets/Product/Texture/Image/IconPetSkill/Pet3FoxSkillzhudong04.png	任意消除6个基础信号球后，会激活辅助机按钮，释放后瑞雪跃向目标，撞击地面造成1次<color=#FF6347>720%</color>暗属性伤害。
145503	1455	3	行霜踏雪.暗	Assets/Product/Texture/Image/IconPetSkill/Pet3FoxSkillzhudong04.png	任意消除6个基础信号球后，会激活辅助机按钮，释放后瑞雪跃向目标，撞击地面造成1次<color=#FF6347>1080%</color>暗属性伤害。
145504	1455	4	行霜踏雪.暗	Assets/Product/Texture/Image/IconPetSkill/Pet3FoxSkillzhudong04.png	任意消除6个基础信号球后，会激活辅助机按钮，释放后瑞雪跃向目标，撞击地面造成1次<color=#FF6347>1440%</color>暗属性伤害。
145505	1455	5	行霜踏雪.暗	Assets/Product/Texture/Image/IconPetSkill/Pet3FoxSkillzhudong04.png	任意消除6个基础信号球后，会激活辅助机按钮，释放后瑞雪跃向目标，撞击地面造成1次<color=#FF6347>1800%</color>暗属性伤害。
145601	1456	1	行霜踏雪.空	Assets/Product/Texture/Image/IconPetSkill/Pet3FoxSkillzhudong06.png	任意消除6个基础信号球后，会激活辅助机按钮，释放后瑞雪跃向目标，撞击地面造成1次<color=#FF6347>360%</color>空属性伤害。
145602	1456	2	行霜踏雪.空	Assets/Product/Texture/Image/IconPetSkill/Pet3FoxSkillzhudong06.png	任意消除6个基础信号球后，会激活辅助机按钮，释放后瑞雪跃向目标，撞击地面造成1次<color=#FF6347>720%</color>空属性伤害。
145603	1456	3	行霜踏雪.空	Assets/Product/Texture/Image/IconPetSkill/Pet3FoxSkillzhudong06.png	任意消除6个基础信号球后，会激活辅助机按钮，释放后瑞雪跃向目标，撞击地面造成1次<color=#FF6347>1080%</color>空属性伤害。
145604	1456	4	行霜踏雪.空	Assets/Product/Texture/Image/IconPetSkill/Pet3FoxSkillzhudong06.png	任意消除6个基础信号球后，会激活辅助机按钮，释放后瑞雪跃向目标，撞击地面造成1次<color=#FF6347>1440%</color>空属性伤害。
145605	1456	5	行霜踏雪.空	Assets/Product/Texture/Image/IconPetSkill/Pet3FoxSkillzhudong06.png	任意消除6个基础信号球后，会激活辅助机按钮，释放后瑞雪跃向目标，撞击地面造成1次<color=#FF6347>1800%</color>空属性伤害。
146101	1461	1	乱琼碎玉.物	Assets/Product/Texture/Image/IconPetSkill/Pet3FoxSkillzhudong05.png	任意消除6个基础信号球后，会激活辅助机按钮，释放后瑞雪甩尾向前方发射碎晶，使周围的敌方单位<color=#935ee1>僵固</color>，造成7次<color=#FF6347>40%</color>物理伤害。<color=#935ee1>僵固</color>：使敌人静止2秒。
146102	1461	2	乱琼碎玉.物	Assets/Product/Texture/Image/IconPetSkill/Pet3FoxSkillzhudong05.png	任意消除6个基础信号球后，会激活辅助机按钮，释放后瑞雪甩尾向前方发射碎晶，使周围的敌方单位<color=#935ee1>僵固</color>，造成7次<color=#FF6347>80%</color>物理伤害。<color=#935ee1>僵固</color>：使敌人静止2秒。
146103	1461	3	乱琼碎玉.物	Assets/Product/Texture/Image/IconPetSkill/Pet3FoxSkillzhudong05.png	任意消除6个基础信号球后，会激活辅助机按钮，释放后瑞雪甩尾向前方发射碎晶，使周围的敌方单位<color=#935ee1>僵固</color>，造成7次<color=#FF6347>120%</color>物理伤害。<color=#935ee1>僵固</color>：使敌人静止2秒。
146104	1461	4	乱琼碎玉.物	Assets/Product/Texture/Image/IconPetSkill/Pet3FoxSkillzhudong05.png	任意消除6个基础信号球后，会激活辅助机按钮，释放后瑞雪甩尾向前方发射碎晶，使周围的敌方单位<color=#935ee1>僵固</color>，造成7次<color=#FF6347>160%</color>物理伤害。<color=#935ee1>僵固</color>：使敌人静止2秒。
146105	1461	5	乱琼碎玉.物	Assets/Product/Texture/Image/IconPetSkill/Pet3FoxSkillzhudong05.png	任意消除6个基础信号球后，会激活辅助机按钮，释放后瑞雪甩尾向前方发射碎晶，使周围的敌方单位<color=#935ee1>僵固</color>，造成7次<color=#FF6347>200%</color>物理伤害。<color=#935ee1>僵固</color>：使敌人静止2秒。
146201	1462	1	乱琼碎玉.火	Assets/Product/Texture/Image/IconPetSkill/Pet3FoxSkillzhudong01.png	任意消除6个基础信号球后，会激活辅助机按钮，释放后瑞雪甩尾向前方发射碎晶，使周围的敌方单位<color=#935ee1>僵固</color>，造成7次<color=#FF6347>40%</color>火属性伤害。<color=#935ee1>僵固</color>：使敌人静止2秒。
146202	1462	2	乱琼碎玉.火	Assets/Product/Texture/Image/IconPetSkill/Pet3FoxSkillzhudong01.png	任意消除6个基础信号球后，会激活辅助机按钮，释放后瑞雪甩尾向前方发射碎晶，使周围的敌方单位<color=#935ee1>僵固</color>，造成7次<color=#FF6347>80%</color>火属性伤害。<color=#935ee1>僵固</color>：使敌人静止2秒。
146203	1462	3	乱琼碎玉.火	Assets/Product/Texture/Image/IconPetSkill/Pet3FoxSkillzhudong01.png	任意消除6个基础信号球后，会激活辅助机按钮，释放后瑞雪甩尾向前方发射碎晶，使周围的敌方单位<color=#935ee1>僵固</color>，造成7次<color=#FF6347>120%</color>火属性伤害。<color=#935ee1>僵固</color>：使敌人静止2秒。
146204	1462	4	乱琼碎玉.火	Assets/Product/Texture/Image/IconPetSkill/Pet3FoxSkillzhudong01.png	任意消除6个基础信号球后，会激活辅助机按钮，释放后瑞雪甩尾向前方发射碎晶，使周围的敌方单位<color=#935ee1>僵固</color>，造成7次<color=#FF6347>160%</color>火属性伤害。<color=#935ee1>僵固</color>：使敌人静止2秒。
146205	1462	5	乱琼碎玉.火	Assets/Product/Texture/Image/IconPetSkill/Pet3FoxSkillzhudong01.png	任意消除6个基础信号球后，会激活辅助机按钮，释放后瑞雪甩尾向前方发射碎晶，使周围的敌方单位<color=#935ee1>僵固</color>，造成7次<color=#FF6347>200%</color>火属性伤害。<color=#935ee1>僵固</color>：使敌人静止2秒。
146301	1463	1	乱琼碎玉.冰	Assets/Product/Texture/Image/IconPetSkill/Pet3FoxSkillzhudong02.png	任意消除6个基础信号球后，会激活辅助机按钮，释放后瑞雪甩尾向前方发射碎晶，使周围的敌方单位<color=#935ee1>僵固</color>，造成7次<color=#FF6347>40%</color>冰属性伤害。<color=#935ee1>僵固</color>：使敌人静止2秒。
146302	1463	2	乱琼碎玉.冰	Assets/Product/Texture/Image/IconPetSkill/Pet3FoxSkillzhudong02.png	任意消除6个基础信号球后，会激活辅助机按钮，释放后瑞雪甩尾向前方发射碎晶，使周围的敌方单位<color=#935ee1>僵固</color>，造成7次<color=#FF6347>80%</color>冰属性伤害。<color=#935ee1>僵固</color>：使敌人静止2秒。
146303	1463	3	乱琼碎玉.冰	Assets/Product/Texture/Image/IconPetSkill/Pet3FoxSkillzhudong02.png	任意消除6个基础信号球后，会激活辅助机按钮，释放后瑞雪甩尾向前方发射碎晶，使周围的敌方单位<color=#935ee1>僵固</color>，造成7次<color=#FF6347>120%</color>冰属性伤害。<color=#935ee1>僵固</color>：使敌人静止2秒。
146304	1463	4	乱琼碎玉.冰	Assets/Product/Texture/Image/IconPetSkill/Pet3FoxSkillzhudong02.png	任意消除6个基础信号球后，会激活辅助机按钮，释放后瑞雪甩尾向前方发射碎晶，使周围的敌方单位<color=#935ee1>僵固</color>，造成7次<color=#FF6347>160%</color>冰属性伤害。<color=#935ee1>僵固</color>：使敌人静止2秒。
146305	1463	5	乱琼碎玉.冰	Assets/Product/Texture/Image/IconPetSkill/Pet3FoxSkillzhudong02.png	任意消除6个基础信号球后，会激活辅助机按钮，释放后瑞雪甩尾向前方发射碎晶，使周围的敌方单位<color=#935ee1>僵固</color>，造成7次<color=#FF6347>200%</color>冰属性伤害。<color=#935ee1>僵固</color>：使敌人静止2秒。
146401	1464	1	乱琼碎玉.雷	Assets/Product/Texture/Image/IconPetSkill/Pet3FoxSkillzhudong03.png	任意消除6个基础信号球后，会激活辅助机按钮，释放后瑞雪甩尾向前方发射碎晶，使周围的敌方单位<color=#935ee1>僵固</color>，造成7次<color=#FF6347>40%</color>雷属性伤害。<color=#935ee1>僵固</color>：使敌人静止2秒。
146402	1464	2	乱琼碎玉.雷	Assets/Product/Texture/Image/IconPetSkill/Pet3FoxSkillzhudong03.png	任意消除6个基础信号球后，会激活辅助机按钮，释放后瑞雪甩尾向前方发射碎晶，使周围的敌方单位<color=#935ee1>僵固</color>，造成7次<color=#FF6347>80%</color>雷属性伤害。<color=#935ee1>僵固</color>：使敌人静止2秒。
146403	1464	3	乱琼碎玉.雷	Assets/Product/Texture/Image/IconPetSkill/Pet3FoxSkillzhudong03.png	任意消除6个基础信号球后，会激活辅助机按钮，释放后瑞雪甩尾向前方发射碎晶，使周围的敌方单位<color=#935ee1>僵固</color>，造成7次<color=#FF6347>120%</color>雷属性伤害。<color=#935ee1>僵固</color>：使敌人静止2秒。
146404	1464	4	乱琼碎玉.雷	Assets/Product/Texture/Image/IconPetSkill/Pet3FoxSkillzhudong03.png	任意消除6个基础信号球后，会激活辅助机按钮，释放后瑞雪甩尾向前方发射碎晶，使周围的敌方单位<color=#935ee1>僵固</color>，造成7次<color=#FF6347>160%</color>雷属性伤害。<color=#935ee1>僵固</color>：使敌人静止2秒。
146405	1464	5	乱琼碎玉.雷	Assets/Product/Texture/Image/IconPetSkill/Pet3FoxSkillzhudong03.png	任意消除6个基础信号球后，会激活辅助机按钮，释放后瑞雪甩尾向前方发射碎晶，使周围的敌方单位<color=#935ee1>僵固</color>，造成7次<color=#FF6347>200%</color>雷属性伤害。<color=#935ee1>僵固</color>：使敌人静止2秒。
146501	1465	1	乱琼碎玉.暗	Assets/Product/Texture/Image/IconPetSkill/Pet3FoxSkillzhudong04.png	任意消除6个基础信号球后，会激活辅助机按钮，释放后瑞雪甩尾向前方发射碎晶，使周围的敌方单位<color=#935ee1>僵固</color>，造成7次<color=#FF6347>40%</color>暗属性伤害。<color=#935ee1>僵固</color>：使敌人静止2秒。
146502	1465	2	乱琼碎玉.暗	Assets/Product/Texture/Image/IconPetSkill/Pet3FoxSkillzhudong04.png	任意消除6个基础信号球后，会激活辅助机按钮，释放后瑞雪甩尾向前方发射碎晶，使周围的敌方单位<color=#935ee1>僵固</color>，造成7次<color=#FF6347>80%</color>暗属性伤害。<color=#935ee1>僵固</color>：使敌人静止2秒。
146503	1465	3	乱琼碎玉.暗	Assets/Product/Texture/Image/IconPetSkill/Pet3FoxSkillzhudong04.png	任意消除6个基础信号球后，会激活辅助机按钮，释放后瑞雪甩尾向前方发射碎晶，使周围的敌方单位<color=#935ee1>僵固</color>，造成7次<color=#FF6347>120%</color>暗属性伤害。<color=#935ee1>僵固</color>：使敌人静止2秒。
146504	1465	4	乱琼碎玉.暗	Assets/Product/Texture/Image/IconPetSkill/Pet3FoxSkillzhudong04.png	任意消除6个基础信号球后，会激活辅助机按钮，释放后瑞雪甩尾向前方发射碎晶，使周围的敌方单位<color=#935ee1>僵固</color>，造成7次<color=#FF6347>160%</color>暗属性伤害。<color=#935ee1>僵固</color>：使敌人静止2秒。
146505	1465	5	乱琼碎玉.暗	Assets/Product/Texture/Image/IconPetSkill/Pet3FoxSkillzhudong04.png	任意消除6个基础信号球后，会激活辅助机按钮，释放后瑞雪甩尾向前方发射碎晶，使周围的敌方单位<color=#935ee1>僵固</color>，造成7次<color=#FF6347>200%</color>暗属性伤害。<color=#935ee1>僵固</color>：使敌人静止2秒。
146601	1466	1	乱琼碎玉.空	Assets/Product/Texture/Image/IconPetSkill/Pet3FoxSkillzhudong06.png	任意消除6个基础信号球后，会激活辅助机按钮，释放后瑞雪甩尾向前方发射碎晶，使周围的敌方单位<color=#935ee1>僵固</color>，造成7次<color=#FF6347>40%</color>空属性伤害。<color=#935ee1>僵固</color>：使敌人静止2秒。
146602	1466	2	乱琼碎玉.空	Assets/Product/Texture/Image/IconPetSkill/Pet3FoxSkillzhudong06.png	任意消除6个基础信号球后，会激活辅助机按钮，释放后瑞雪甩尾向前方发射碎晶，使周围的敌方单位<color=#935ee1>僵固</color>，造成7次<color=#FF6347>80%</color>空属性伤害。<color=#935ee1>僵固</color>：使敌人静止2秒。
146603	1466	3	乱琼碎玉.空	Assets/Product/Texture/Image/IconPetSkill/Pet3FoxSkillzhudong06.png	任意消除6个基础信号球后，会激活辅助机按钮，释放后瑞雪甩尾向前方发射碎晶，使周围的敌方单位<color=#935ee1>僵固</color>，造成7次<color=#FF6347>120%</color>空属性伤害。<color=#935ee1>僵固</color>：使敌人静止2秒。
146604	1466	4	乱琼碎玉.空	Assets/Product/Texture/Image/IconPetSkill/Pet3FoxSkillzhudong06.png	任意消除6个基础信号球后，会激活辅助机按钮，释放后瑞雪甩尾向前方发射碎晶，使周围的敌方单位<color=#935ee1>僵固</color>，造成7次<color=#FF6347>160%</color>空属性伤害。<color=#935ee1>僵固</color>：使敌人静止2秒。
146605	1466	5	乱琼碎玉.空	Assets/Product/Texture/Image/IconPetSkill/Pet3FoxSkillzhudong06.png	任意消除6个基础信号球后，会激活辅助机按钮，释放后瑞雪甩尾向前方发射碎晶，使周围的敌方单位<color=#935ee1>僵固</color>，造成7次<color=#FF6347>200%</color>空属性伤害。<color=#935ee1>僵固</color>：使敌人静止2秒。
7200001	72000	1	皎皎奇缘	Assets/Product/Texture/Image/IconPetSkill/Pet3FoxSkillbeidong01.png	瑞雪主动技伤害提高<color=#0f70bc>14%</color>
7200002	72000	2	皎皎奇缘	Assets/Product/Texture/Image/IconPetSkill/Pet3FoxSkillbeidong01.png	瑞雪主动技伤害提高<color=#0f70bc>28%</color>
7200003	72000	3	皎皎奇缘	Assets/Product/Texture/Image/IconPetSkill/Pet3FoxSkillbeidong01.png	瑞雪主动技伤害提高<color=#0f70bc>42%</color>
7200004	72000	4	皎皎奇缘	Assets/Product/Texture/Image/IconPetSkill/Pet3FoxSkillbeidong01.png	瑞雪主动技伤害提高<color=#0f70bc>56%</color>
7200005	72000	5	皎皎奇缘	Assets/Product/Texture/Image/IconPetSkill/Pet3FoxSkillbeidong01.png	瑞雪主动技伤害提高<color=#0f70bc>70%</color>
7201001	72010	1	雪尘福佑	Assets/Product/Texture/Image/IconPetSkill/Pet3DolphinSkillbeidong02.png	携带角色攻击力提高<color=#0f70bc>20</color>
7201002	72010	2	雪尘福佑	Assets/Product/Texture/Image/IconPetSkill/Pet3DolphinSkillbeidong02.png	携带角色攻击力提高<color=#0f70bc>40</color>
7201003	72010	3	雪尘福佑	Assets/Product/Texture/Image/IconPetSkill/Pet3DolphinSkillbeidong02.png	携带角色攻击力提高<color=#0f70bc>60</color>
7201004	72010	4	雪尘福佑	Assets/Product/Texture/Image/IconPetSkill/Pet3DolphinSkillbeidong02.png	携带角色攻击力提高<color=#0f70bc>80</color>
7201005	72010	5	雪尘福佑	Assets/Product/Texture/Image/IconPetSkill/Pet3DolphinSkillbeidong02.png	携带角色攻击力提高<color=#0f70bc>100</color>
7202001	72020	1	霜气惠泽	Assets/Product/Texture/Image/IconPetSkill/Pet3FoxSkillbeidong03.png	瑞雪释放主动技后，携带角色额外伤害加成提高<color=#0f70bc>1%</color>，持续8秒，重复触发刷新持续时间。
7202002	72020	2	霜气惠泽	Assets/Product/Texture/Image/IconPetSkill/Pet3FoxSkillbeidong03.png	瑞雪释放主动技后，携带角色额外伤害加成提高<color=#0f70bc>2%</color>，持续8秒，重复触发刷新持续时间。
7202003	72020	3	霜气惠泽	Assets/Product/Texture/Image/IconPetSkill/Pet3FoxSkillbeidong03.png	瑞雪释放主动技后，携带角色额外伤害加成提高<color=#0f70bc>3%</color>，持续8秒，重复触发刷新持续时间。
7202004	72020	4	霜气惠泽	Assets/Product/Texture/Image/IconPetSkill/Pet3FoxSkillbeidong03.png	瑞雪释放主动技后，携带角色额外伤害加成提高<color=#0f70bc>4%</color>，持续8秒，重复触发刷新持续时间。
7202005	72020	5	霜气惠泽	Assets/Product/Texture/Image/IconPetSkill/Pet3FoxSkillbeidong03.png	瑞雪释放主动技后，携带角色额外伤害加成提高<color=#0f70bc>5%</color>，持续8秒，重复触发刷新持续时间。
7203001	72030	1	明净之心	Assets/Product/Texture/Image/IconPetSkill/Pet3FoxSkillbeidong04.png	携带角色冰属性伤害提高<color=#0f70bc>2%</color>
7203002	72030	2	明净之心	Assets/Product/Texture/Image/IconPetSkill/Pet3FoxSkillbeidong04.png	携带角色冰属性伤害提高<color=#0f70bc>4%</color>
7203003	72030	3	明净之心	Assets/Product/Texture/Image/IconPetSkill/Pet3FoxSkillbeidong04.png	携带角色冰属性伤害提高<color=#0f70bc>6%</color>
7203004	72030	4	明净之心	Assets/Product/Texture/Image/IconPetSkill/Pet3FoxSkillbeidong04.png	携带角色冰属性伤害提高<color=#0f70bc>8%</color>
7203005	72030	5	明净之心	Assets/Product/Texture/Image/IconPetSkill/Pet3FoxSkillbeidong04.png	携带角色冰属性伤害提高<color=#0f70bc>10%</color>
7204001	72040	1	皑梦长护	Assets/Product/Texture/Image/IconPetSkill/Pet3FoxSkillbeidong05.png	万事·明晰梦携带瑞雪主动进入<color=#0f70bc>校准模式</color>时，召唤瑞雪进行协同攻击，造成10次<color=#0f70bc>50%</color>冰属性伤害；<color=#0f70bc>超链路飞行</color>基础伤害提升<color=#0f70bc>13%</color>，若释放<color=#0f70bc>超链路飞行</color>时<color=#0f70bc>致伤</color>效果已满，基础伤害额外提升<color=#0f70bc>20%</color>。<color=#0f70bc>破灭寒流</color>基础伤害提升<color=#0f70bc>15%</color>，若释放<color=#0f70bc>破灭寒流</color>时，消耗了<color=#0f70bc>30</color>枚<color=#0f70bc>修正弹</color>，基础伤害额外提升<color=#0f70bc>20%</color>。
7204002	72040	2	皑梦长护	Assets/Product/Texture/Image/IconPetSkill/Pet3FoxSkillbeidong05.png	万事·明晰梦携带瑞雪主动进入<color=#0f70bc>校准模式</color>时，召唤瑞雪进行协同攻击，造成10次<color=#0f70bc>100%</color>冰属性伤害；<color=#0f70bc>超链路飞行</color>基础伤害提升<color=#0f70bc>26%</color>，若释放<color=#0f70bc>超链路飞行</color>时<color=#0f70bc>致伤</color>效果已满，基础伤害额外提升<color=#0f70bc>40%</color>。<color=#0f70bc>破灭寒流</color>基础伤害提升<color=#0f70bc>30%</color>，若释放<color=#0f70bc>破灭寒流</color>时，消耗了<color=#0f70bc>30</color>枚<color=#0f70bc>修正弹</color>，基础伤害额外提升<color=#0f70bc>40%</color>。
7204003	72040	3	皑梦长护	Assets/Product/Texture/Image/IconPetSkill/Pet3FoxSkillbeidong05.png	万事·明晰梦携带瑞雪主动进入<color=#0f70bc>校准模式</color>时，召唤瑞雪进行协同攻击，造成10次<color=#0f70bc>150%</color>冰属性伤害；<color=#0f70bc>超链路飞行</color>基础伤害提升<color=#0f70bc>39%</color>，若释放<color=#0f70bc>超链路飞行</color>时<color=#0f70bc>致伤</color>效果已满，基础伤害额外提升<color=#0f70bc>60%</color>。<color=#0f70bc>破灭寒流</color>基础伤害提升<color=#0f70bc>45%</color>，若释放<color=#0f70bc>破灭寒流</color>时，消耗了<color=#0f70bc>30</color>枚<color=#0f70bc>修正弹</color>，基础伤害额外提升<color=#0f70bc>60%</color>。
7204004	72040	4	皑梦长护	Assets/Product/Texture/Image/IconPetSkill/Pet3FoxSkillbeidong05.png	万事·明晰梦携带瑞雪主动进入<color=#0f70bc>校准模式</color>时，召唤瑞雪进行协同攻击，造成10次<color=#0f70bc>200%</color>冰属性伤害；<color=#0f70bc>超链路飞行</color>基础伤害提升<color=#0f70bc>52%</color>，若释放<color=#0f70bc>超链路飞行</color>时<color=#0f70bc>致伤</color>效果已满，基础伤害额外提升<color=#0f70bc>80%</color>。<color=#0f70bc>破灭寒流</color>基础伤害提升<color=#0f70bc>60%</color>，若释放<color=#0f70bc>破灭寒流</color>时，消耗了<color=#0f70bc>30</color>枚<color=#0f70bc>修正弹</color>，基础伤害额外提升<color=#0f70bc>80%</color>。
7204005	72040	5	皑梦长护	Assets/Product/Texture/Image/IconPetSkill/Pet3FoxSkillbeidong05.png	万事·明晰梦携带瑞雪主动进入<color=#0f70bc>校准模式</color>时，召唤瑞雪进行协同攻击，造成10次<color=#0f70bc>250%</color>冰属性伤害；<color=#0f70bc>超链路飞行</color>基础伤害提升<color=#0f70bc>65%</color>，若释放<color=#0f70bc>超链路飞行</color>时<color=#0f70bc>致伤</color>效果已满，基础伤害额外提升<color=#0f70bc>100%</color>。<color=#0f70bc>破灭寒流</color>基础伤害提升<color=#0f70bc>75%</color>，若释放<color=#0f70bc>破灭寒流</color>时，消耗了<color=#0f70bc>30</color>枚<color=#0f70bc>修正弹</color>，基础伤害额外提升<color=#0f70bc>100%</color>。
147101	1471	1	掠羽坠金.物	Assets/Product/Texture/Image/IconPetSkill/Pet3RavenSkillzhudong05.png	任意消除6个基础信号球后，会激活辅助机按钮，释放后熠空在目标周围盘旋后下砸，聚集周围的敌方单位并造成1次<color=#FF6347>360%</color>物理伤害。
147102	1471	2	掠羽坠金.物	Assets/Product/Texture/Image/IconPetSkill/Pet3RavenSkillzhudong05.png	任意消除6个基础信号球后，会激活辅助机按钮，释放后熠空在目标周围盘旋后下砸，聚集周围的敌方单位并造成1次<color=#FF6347>720%</color>物理伤害。
147103	1471	3	掠羽坠金.物	Assets/Product/Texture/Image/IconPetSkill/Pet3RavenSkillzhudong05.png	任意消除6个基础信号球后，会激活辅助机按钮，释放后熠空在目标周围盘旋后下砸，聚集周围的敌方单位并造成1次<color=#FF6347>1080%</color>物理伤害。
147104	1471	4	掠羽坠金.物	Assets/Product/Texture/Image/IconPetSkill/Pet3RavenSkillzhudong05.png	任意消除6个基础信号球后，会激活辅助机按钮，释放后熠空在目标周围盘旋后下砸，聚集周围的敌方单位并造成1次<color=#FF6347>1440%</color>物理伤害。
147105	1471	5	掠羽坠金.物	Assets/Product/Texture/Image/IconPetSkill/Pet3RavenSkillzhudong05.png	任意消除6个基础信号球后，会激活辅助机按钮，释放后熠空在目标周围盘旋后下砸，聚集周围的敌方单位并造成1次<color=#FF6347>1800%</color>物理伤害。
147201	1472	1	掠羽坠金.火	Assets/Product/Texture/Image/IconPetSkill/Pet3RavenSkillzhudong01.png	任意消除6个基础信号球后，会激活辅助机按钮，释放后熠空在目标周围盘旋后下砸，聚集周围的敌方单位并造成1次<color=#FF6347>360%</color>火属性伤害。
147202	1472	2	掠羽坠金.火	Assets/Product/Texture/Image/IconPetSkill/Pet3RavenSkillzhudong01.png	任意消除6个基础信号球后，会激活辅助机按钮，释放后熠空在目标周围盘旋后下砸，聚集周围的敌方单位并造成1次<color=#FF6347>720%</color>火属性伤害。
147203	1472	3	掠羽坠金.火	Assets/Product/Texture/Image/IconPetSkill/Pet3RavenSkillzhudong01.png	任意消除6个基础信号球后，会激活辅助机按钮，释放后熠空在目标周围盘旋后下砸，聚集周围的敌方单位并造成1次<color=#FF6347>1080%</color>火属性伤害。
147204	1472	4	掠羽坠金.火	Assets/Product/Texture/Image/IconPetSkill/Pet3RavenSkillzhudong01.png	任意消除6个基础信号球后，会激活辅助机按钮，释放后熠空在目标周围盘旋后下砸，聚集周围的敌方单位并造成1次<color=#FF6347>1440%</color>火属性伤害。
147205	1472	5	掠羽坠金.火	Assets/Product/Texture/Image/IconPetSkill/Pet3RavenSkillzhudong01.png	任意消除6个基础信号球后，会激活辅助机按钮，释放后熠空在目标周围盘旋后下砸，聚集周围的敌方单位并造成1次<color=#FF6347>1800%</color>火属性伤害。
147301	1473	1	掠羽坠金.冰	Assets/Product/Texture/Image/IconPetSkill/Pet3RavenSkillzhudong02.png	任意消除6个基础信号球后，会激活辅助机按钮，释放后熠空在目标周围盘旋后下砸，聚集周围的敌方单位并造成1次<color=#FF6347>360%</color>冰属性伤害。
147302	1473	2	掠羽坠金.冰	Assets/Product/Texture/Image/IconPetSkill/Pet3RavenSkillzhudong02.png	任意消除6个基础信号球后，会激活辅助机按钮，释放后熠空在目标周围盘旋后下砸，聚集周围的敌方单位并造成1次<color=#FF6347>720%</color>冰属性伤害。
147303	1473	3	掠羽坠金.冰	Assets/Product/Texture/Image/IconPetSkill/Pet3RavenSkillzhudong02.png	任意消除6个基础信号球后，会激活辅助机按钮，释放后熠空在目标周围盘旋后下砸，聚集周围的敌方单位并造成1次<color=#FF6347>1080%</color>冰属性伤害。
147304	1473	4	掠羽坠金.冰	Assets/Product/Texture/Image/IconPetSkill/Pet3RavenSkillzhudong02.png	任意消除6个基础信号球后，会激活辅助机按钮，释放后熠空在目标周围盘旋后下砸，聚集周围的敌方单位并造成1次<color=#FF6347>1440%</color>冰属性伤害。
147305	1473	5	掠羽坠金.冰	Assets/Product/Texture/Image/IconPetSkill/Pet3RavenSkillzhudong02.png	任意消除6个基础信号球后，会激活辅助机按钮，释放后熠空在目标周围盘旋后下砸，聚集周围的敌方单位并造成1次<color=#FF6347>1800%</color>冰属性伤害。
147401	1474	1	掠羽坠金.雷	Assets/Product/Texture/Image/IconPetSkill/Pet3RavenSkillzhudong03.png	任意消除6个基础信号球后，会激活辅助机按钮，释放后熠空在目标周围盘旋后下砸，聚集周围的敌方单位并造成1次<color=#FF6347>360%</color>雷属性伤害。
147402	1474	2	掠羽坠金.雷	Assets/Product/Texture/Image/IconPetSkill/Pet3RavenSkillzhudong03.png	任意消除6个基础信号球后，会激活辅助机按钮，释放后熠空在目标周围盘旋后下砸，聚集周围的敌方单位并造成1次<color=#FF6347>720%</color>雷属性伤害。
147403	1474	3	掠羽坠金.雷	Assets/Product/Texture/Image/IconPetSkill/Pet3RavenSkillzhudong03.png	任意消除6个基础信号球后，会激活辅助机按钮，释放后熠空在目标周围盘旋后下砸，聚集周围的敌方单位并造成1次<color=#FF6347>1080%</color>雷属性伤害。
147404	1474	4	掠羽坠金.雷	Assets/Product/Texture/Image/IconPetSkill/Pet3RavenSkillzhudong03.png	任意消除6个基础信号球后，会激活辅助机按钮，释放后熠空在目标周围盘旋后下砸，聚集周围的敌方单位并造成1次<color=#FF6347>1440%</color>雷属性伤害。
147405	1474	5	掠羽坠金.雷	Assets/Product/Texture/Image/IconPetSkill/Pet3RavenSkillzhudong03.png	任意消除6个基础信号球后，会激活辅助机按钮，释放后熠空在目标周围盘旋后下砸，聚集周围的敌方单位并造成1次<color=#FF6347>1800%</color>雷属性伤害。
147501	1475	1	掠羽坠金.暗	Assets/Product/Texture/Image/IconPetSkill/Pet3RavenSkillzhudong04.png	任意消除6个基础信号球后，会激活辅助机按钮，释放后熠空在目标周围盘旋后下砸，聚集周围的敌方单位并造成1次<color=#FF6347>360%</color>暗属性伤害。
147502	1475	2	掠羽坠金.暗	Assets/Product/Texture/Image/IconPetSkill/Pet3RavenSkillzhudong04.png	任意消除6个基础信号球后，会激活辅助机按钮，释放后熠空在目标周围盘旋后下砸，聚集周围的敌方单位并造成1次<color=#FF6347>720%</color>暗属性伤害。
147503	1475	3	掠羽坠金.暗	Assets/Product/Texture/Image/IconPetSkill/Pet3RavenSkillzhudong04.png	任意消除6个基础信号球后，会激活辅助机按钮，释放后熠空在目标周围盘旋后下砸，聚集周围的敌方单位并造成1次<color=#FF6347>1080%</color>暗属性伤害。
147504	1475	4	掠羽坠金.暗	Assets/Product/Texture/Image/IconPetSkill/Pet3RavenSkillzhudong04.png	任意消除6个基础信号球后，会激活辅助机按钮，释放后熠空在目标周围盘旋后下砸，聚集周围的敌方单位并造成1次<color=#FF6347>1440%</color>暗属性伤害。
147505	1475	5	掠羽坠金.暗	Assets/Product/Texture/Image/IconPetSkill/Pet3RavenSkillzhudong04.png	任意消除6个基础信号球后，会激活辅助机按钮，释放后熠空在目标周围盘旋后下砸，聚集周围的敌方单位并造成1次<color=#FF6347>1800%</color>暗属性伤害。
147601	1476	1	掠羽坠金.空	Assets/Product/Texture/Image/IconPetSkill/Pet3RavenSkillzhudong06.png	任意消除6个基础信号球后，会激活辅助机按钮，释放后熠空在目标周围盘旋后下砸，聚集周围的敌方单位并造成1次<color=#FF6347>360%</color>空属性伤害。
147602	1476	2	掠羽坠金.空	Assets/Product/Texture/Image/IconPetSkill/Pet3RavenSkillzhudong06.png	任意消除6个基础信号球后，会激活辅助机按钮，释放后熠空在目标周围盘旋后下砸，聚集周围的敌方单位并造成1次<color=#FF6347>720%</color>空属性伤害。
147603	1476	3	掠羽坠金.空	Assets/Product/Texture/Image/IconPetSkill/Pet3RavenSkillzhudong06.png	任意消除6个基础信号球后，会激活辅助机按钮，释放后熠空在目标周围盘旋后下砸，聚集周围的敌方单位并造成1次<color=#FF6347>1080%</color>空属性伤害。
147604	1476	4	掠羽坠金.空	Assets/Product/Texture/Image/IconPetSkill/Pet3RavenSkillzhudong06.png	任意消除6个基础信号球后，会激活辅助机按钮，释放后熠空在目标周围盘旋后下砸，聚集周围的敌方单位并造成1次<color=#FF6347>1440%</color>空属性伤害。
147605	1476	5	掠羽坠金.空	Assets/Product/Texture/Image/IconPetSkill/Pet3RavenSkillzhudong06.png	任意消除6个基础信号球后，会激活辅助机按钮，释放后熠空在目标周围盘旋后下砸，聚集周围的敌方单位并造成1次<color=#FF6347>1800%</color>空属性伤害。
148101	1481	1	燎云流焰.物	Assets/Product/Texture/Image/IconPetSkill/Pet3RavenSkillzhudong05.png	任意消除6个基础信号球后，会激活辅助机按钮，释放后熠空从空中向目标喷射火焰，造成4次<color=#FF6347>100%</color>物理伤害。
148102	1481	2	燎云流焰.物	Assets/Product/Texture/Image/IconPetSkill/Pet3RavenSkillzhudong05.png	任意消除6个基础信号球后，会激活辅助机按钮，释放后熠空从空中向目标喷射火焰，造成4次<color=#FF6347>200%</color>物理伤害。
148103	1481	3	燎云流焰.物	Assets/Product/Texture/Image/IconPetSkill/Pet3RavenSkillzhudong05.png	任意消除6个基础信号球后，会激活辅助机按钮，释放后熠空从空中向目标喷射火焰，造成4次<color=#FF6347>300%</color>物理伤害。
148104	1481	4	燎云流焰.物	Assets/Product/Texture/Image/IconPetSkill/Pet3RavenSkillzhudong05.png	任意消除6个基础信号球后，会激活辅助机按钮，释放后熠空从空中向目标喷射火焰，造成4次<color=#FF6347>400%</color>物理伤害。
148105	1481	5	燎云流焰.物	Assets/Product/Texture/Image/IconPetSkill/Pet3RavenSkillzhudong05.png	任意消除6个基础信号球后，会激活辅助机按钮，释放后熠空从空中向目标喷射火焰，造成4次<color=#FF6347>500%</color>物理伤害。
148201	1482	1	燎云流焰.火	Assets/Product/Texture/Image/IconPetSkill/Pet3RavenSkillzhudong01.png	任意消除6个基础信号球后，会激活辅助机按钮，释放后熠空从空中向目标喷射火焰，造成4次<color=#FF6347>100%</color>火属性伤害。
148202	1482	2	燎云流焰.火	Assets/Product/Texture/Image/IconPetSkill/Pet3RavenSkillzhudong01.png	任意消除6个基础信号球后，会激活辅助机按钮，释放后熠空从空中向目标喷射火焰，造成4次<color=#FF6347>200%</color>火属性伤害。
148203	1482	3	燎云流焰.火	Assets/Product/Texture/Image/IconPetSkill/Pet3RavenSkillzhudong01.png	任意消除6个基础信号球后，会激活辅助机按钮，释放后熠空从空中向目标喷射火焰，造成4次<color=#FF6347>300%</color>火属性伤害。
148204	1482	4	燎云流焰.火	Assets/Product/Texture/Image/IconPetSkill/Pet3RavenSkillzhudong01.png	任意消除6个基础信号球后，会激活辅助机按钮，释放后熠空从空中向目标喷射火焰，造成4次<color=#FF6347>400%</color>火属性伤害。
148205	1482	5	燎云流焰.火	Assets/Product/Texture/Image/IconPetSkill/Pet3RavenSkillzhudong01.png	任意消除6个基础信号球后，会激活辅助机按钮，释放后熠空从空中向目标喷射火焰，造成4次<color=#FF6347>500%</color>火属性伤害。
148301	1483	1	燎云流焰.冰	Assets/Product/Texture/Image/IconPetSkill/Pet3RavenSkillzhudong02.png	任意消除6个基础信号球后，会激活辅助机按钮，释放后熠空从空中向目标喷射火焰，造成4次<color=#FF6347>100%</color>冰属性伤害。
148302	1483	2	燎云流焰.冰	Assets/Product/Texture/Image/IconPetSkill/Pet3RavenSkillzhudong02.png	任意消除6个基础信号球后，会激活辅助机按钮，释放后熠空从空中向目标喷射火焰，造成4次<color=#FF6347>200%</color>冰属性伤害。
148303	1483	3	燎云流焰.冰	Assets/Product/Texture/Image/IconPetSkill/Pet3RavenSkillzhudong02.png	任意消除6个基础信号球后，会激活辅助机按钮，释放后熠空从空中向目标喷射火焰，造成4次<color=#FF6347>300%</color>冰属性伤害。
148304	1483	4	燎云流焰.冰	Assets/Product/Texture/Image/IconPetSkill/Pet3RavenSkillzhudong02.png	任意消除6个基础信号球后，会激活辅助机按钮，释放后熠空从空中向目标喷射火焰，造成4次<color=#FF6347>400%</color>冰属性伤害。
148305	1483	5	燎云流焰.冰	Assets/Product/Texture/Image/IconPetSkill/Pet3RavenSkillzhudong02.png	任意消除6个基础信号球后，会激活辅助机按钮，释放后熠空从空中向目标喷射火焰，造成4次<color=#FF6347>500%</color>冰属性伤害。
148401	1484	1	燎云流焰.雷	Assets/Product/Texture/Image/IconPetSkill/Pet3RavenSkillzhudong03.png	任意消除6个基础信号球后，会激活辅助机按钮，释放后熠空从空中向目标喷射火焰，造成4次<color=#FF6347>100%</color>雷属性伤害。
148402	1484	2	燎云流焰.雷	Assets/Product/Texture/Image/IconPetSkill/Pet3RavenSkillzhudong03.png	任意消除6个基础信号球后，会激活辅助机按钮，释放后熠空从空中向目标喷射火焰，造成4次<color=#FF6347>200%</color>雷属性伤害。
148403	1484	3	燎云流焰.雷	Assets/Product/Texture/Image/IconPetSkill/Pet3RavenSkillzhudong03.png	任意消除6个基础信号球后，会激活辅助机按钮，释放后熠空从空中向目标喷射火焰，造成4次<color=#FF6347>300%</color>雷属性伤害。
148404	1484	4	燎云流焰.雷	Assets/Product/Texture/Image/IconPetSkill/Pet3RavenSkillzhudong03.png	任意消除6个基础信号球后，会激活辅助机按钮，释放后熠空从空中向目标喷射火焰，造成4次<color=#FF6347>400%</color>雷属性伤害。
148405	1484	5	燎云流焰.雷	Assets/Product/Texture/Image/IconPetSkill/Pet3RavenSkillzhudong03.png	任意消除6个基础信号球后，会激活辅助机按钮，释放后熠空从空中向目标喷射火焰，造成4次<color=#FF6347>500%</color>雷属性伤害。
148501	1485	1	燎云流焰.暗	Assets/Product/Texture/Image/IconPetSkill/Pet3RavenSkillzhudong04.png	任意消除6个基础信号球后，会激活辅助机按钮，释放后熠空从空中向目标喷射火焰，造成4次<color=#FF6347>100%</color>暗属性伤害。
148502	1485	2	燎云流焰.暗	Assets/Product/Texture/Image/IconPetSkill/Pet3RavenSkillzhudong04.png	任意消除6个基础信号球后，会激活辅助机按钮，释放后熠空从空中向目标喷射火焰，造成4次<color=#FF6347>200%</color>暗属性伤害。
148503	1485	3	燎云流焰.暗	Assets/Product/Texture/Image/IconPetSkill/Pet3RavenSkillzhudong04.png	任意消除6个基础信号球后，会激活辅助机按钮，释放后熠空从空中向目标喷射火焰，造成4次<color=#FF6347>300%</color>暗属性伤害。
148504	1485	4	燎云流焰.暗	Assets/Product/Texture/Image/IconPetSkill/Pet3RavenSkillzhudong04.png	任意消除6个基础信号球后，会激活辅助机按钮，释放后熠空从空中向目标喷射火焰，造成4次<color=#FF6347>400%</color>暗属性伤害。
148505	1485	5	燎云流焰.暗	Assets/Product/Texture/Image/IconPetSkill/Pet3RavenSkillzhudong04.png	任意消除6个基础信号球后，会激活辅助机按钮，释放后熠空从空中向目标喷射火焰，造成4次<color=#FF6347>500%</color>暗属性伤害。
148601	1486	1	燎云流焰.空	Assets/Product/Texture/Image/IconPetSkill/Pet3RavenSkillzhudong06.png	任意消除6个基础信号球后，会激活辅助机按钮，释放后熠空从空中向目标喷射火焰，造成4次<color=#FF6347>100%</color>空属性伤害。
148602	1486	2	燎云流焰.空	Assets/Product/Texture/Image/IconPetSkill/Pet3RavenSkillzhudong06.png	任意消除6个基础信号球后，会激活辅助机按钮，释放后熠空从空中向目标喷射火焰，造成4次<color=#FF6347>200%</color>空属性伤害。
148603	1486	3	燎云流焰.空	Assets/Product/Texture/Image/IconPetSkill/Pet3RavenSkillzhudong06.png	任意消除6个基础信号球后，会激活辅助机按钮，释放后熠空从空中向目标喷射火焰，造成4次<color=#FF6347>300%</color>空属性伤害。
148604	1486	4	燎云流焰.空	Assets/Product/Texture/Image/IconPetSkill/Pet3RavenSkillzhudong06.png	任意消除6个基础信号球后，会激活辅助机按钮，释放后熠空从空中向目标喷射火焰，造成4次<color=#FF6347>400%</color>空属性伤害。
148605	1486	5	燎云流焰.空	Assets/Product/Texture/Image/IconPetSkill/Pet3RavenSkillzhudong06.png	任意消除6个基础信号球后，会激活辅助机按钮，释放后熠空从空中向目标喷射火焰，造成4次<color=#FF6347>500%</color>空属性伤害。
7300001	73000	1	铂光翔空	Assets/Product/Texture/Image/IconPetSkill/Pet3RavenSkillbeidong01.png	熠空主动技伤害提高<color=#0f70bc>14%</color>
7300002	73000	2	铂光翔空	Assets/Product/Texture/Image/IconPetSkill/Pet3RavenSkillbeidong01.png	熠空主动技伤害提高<color=#0f70bc>28%</color>
7300003	73000	3	铂光翔空	Assets/Product/Texture/Image/IconPetSkill/Pet3RavenSkillbeidong01.png	熠空主动技伤害提高<color=#0f70bc>42%</color>
7300004	73000	4	铂光翔空	Assets/Product/Texture/Image/IconPetSkill/Pet3RavenSkillbeidong01.png	熠空主动技伤害提高<color=#0f70bc>56%</color>
7300005	73000	5	铂光翔空	Assets/Product/Texture/Image/IconPetSkill/Pet3RavenSkillbeidong01.png	熠空主动技伤害提高<color=#0f70bc>70%</color>
7301001	73010	1	灿烂炳焕	Assets/Product/Texture/Image/IconPetSkill/Pet3DolphinSkillbeidong02.png	携带角色攻击力提高<color=#0f70bc>20</color>
7301002	73010	2	灿烂炳焕	Assets/Product/Texture/Image/IconPetSkill/Pet3DolphinSkillbeidong02.png	携带角色攻击力提高<color=#0f70bc>40</color>
7301003	73010	3	灿烂炳焕	Assets/Product/Texture/Image/IconPetSkill/Pet3DolphinSkillbeidong02.png	携带角色攻击力提高<color=#0f70bc>60</color>
7301004	73010	4	灿烂炳焕	Assets/Product/Texture/Image/IconPetSkill/Pet3DolphinSkillbeidong02.png	携带角色攻击力提高<color=#0f70bc>80</color>
7301005	73010	5	灿烂炳焕	Assets/Product/Texture/Image/IconPetSkill/Pet3DolphinSkillbeidong02.png	携带角色攻击力提高<color=#0f70bc>100</color>
7302001	73020	1	烁翼生辉	Assets/Product/Texture/Image/IconPetSkill/Pet3RavenSkillbeidong03.png	熠空释放主动技后，携带角色额外伤害加成提高<color=#0f70bc>1%</color>，持续8秒，重复触发刷新持续时间。
7302002	73020	2	烁翼生辉	Assets/Product/Texture/Image/IconPetSkill/Pet3RavenSkillbeidong03.png	熠空释放主动技后，携带角色额外伤害加成提高<color=#0f70bc>2%</color>，持续8秒，重复触发刷新持续时间。
7302003	73020	3	烁翼生辉	Assets/Product/Texture/Image/IconPetSkill/Pet3RavenSkillbeidong03.png	熠空释放主动技后，携带角色额外伤害加成提高<color=#0f70bc>3%</color>，持续8秒，重复触发刷新持续时间。
7302004	73020	4	烁翼生辉	Assets/Product/Texture/Image/IconPetSkill/Pet3RavenSkillbeidong03.png	熠空释放主动技后，携带角色额外伤害加成提高<color=#0f70bc>4%</color>，持续8秒，重复触发刷新持续时间。
7302005	73020	5	烁翼生辉	Assets/Product/Texture/Image/IconPetSkill/Pet3RavenSkillbeidong03.png	熠空释放主动技后，携带角色额外伤害加成提高<color=#0f70bc>5%</color>，持续8秒，重复触发刷新持续时间。
7303001	73030	1	炬炎炽芒	Assets/Product/Texture/Image/IconPetSkill/Pet3RavenSkillbeidong04.png	携带角色火属性伤害提高<color=#0f70bc>2%</color>，电暴鸣闪状态期间雷属性伤害提高<color=#0f70bc>2%</color>。
7303002	73030	2	炬炎炽芒	Assets/Product/Texture/Image/IconPetSkill/Pet3RavenSkillbeidong04.png	携带角色火属性伤害提高<color=#0f70bc>4%</color>，电暴鸣闪状态期间雷属性伤害提高<color=#0f70bc>4%</color>。
7303003	73030	3	炬炎炽芒	Assets/Product/Texture/Image/IconPetSkill/Pet3RavenSkillbeidong04.png	携带角色火属性伤害提高<color=#0f70bc>6%</color>，电暴鸣闪状态期间雷属性伤害提高<color=#0f70bc>6%</color>。
7303004	73030	4	炬炎炽芒	Assets/Product/Texture/Image/IconPetSkill/Pet3RavenSkillbeidong04.png	携带角色火属性伤害提高<color=#0f70bc>8%</color>，电暴鸣闪状态期间雷属性伤害提高<color=#0f70bc>8%</color>。
7303005	73030	5	炬炎炽芒	Assets/Product/Texture/Image/IconPetSkill/Pet3RavenSkillbeidong04.png	携带角色火属性伤害提高<color=#0f70bc>10%</color>，电暴鸣闪状态期间雷属性伤害提高<color=#0f70bc>10%</color>。
7304001	73040	1	烜赫明辰	Assets/Product/Texture/Image/IconPetSkill/Pet3RavenSkillbeidong05.png	露西亚·誓焰携带熠空释放<color=#0f70bc>普攻-辉光绽空</color>时，召唤熠空进行协同攻击，造成1次<color=#0f70bc>500%</color>火属性伤害；<color=#0f70bc>辉光刻印</color>对<color=#0f70bc>必杀-协行锐斩</color>、<color=#0f70bc>必杀-蚀日彻曙</color>的基础伤害增幅效果提升<color=#0f70bc>4%</color>。
7304002	73040	2	烜赫明辰	Assets/Product/Texture/Image/IconPetSkill/Pet3RavenSkillbeidong05.png	露西亚·誓焰携带熠空释放<color=#0f70bc>普攻-辉光绽空</color>时，召唤熠空进行协同攻击，造成1次<color=#0f70bc>1000%</color>火属性伤害；<color=#0f70bc>辉光刻印</color>对<color=#0f70bc>必杀-协行锐斩</color>、<color=#0f70bc>必杀-蚀日彻曙</color>的基础伤害增幅效果提升<color=#0f70bc>8%</color>。
7304003	73040	3	烜赫明辰	Assets/Product/Texture/Image/IconPetSkill/Pet3RavenSkillbeidong05.png	露西亚·誓焰携带熠空释放<color=#0f70bc>普攻-辉光绽空</color>时，召唤熠空进行协同攻击，造成1次<color=#0f70bc>1500%</color>火属性伤害；<color=#0f70bc>辉光刻印</color>对<color=#0f70bc>必杀-协行锐斩</color>、<color=#0f70bc>必杀-蚀日彻曙</color>的基础伤害增幅效果提升<color=#0f70bc>12%</color>。
7304004	73040	4	烜赫明辰	Assets/Product/Texture/Image/IconPetSkill/Pet3RavenSkillbeidong05.png	露西亚·誓焰携带熠空释放<color=#0f70bc>普攻-辉光绽空</color>时，召唤熠空进行协同攻击，造成1次<color=#0f70bc>2000%</color>火属性伤害；<color=#0f70bc>辉光刻印</color>对<color=#0f70bc>必杀-协行锐斩</color>、<color=#0f70bc>必杀-蚀日彻曙</color>的基础伤害增幅效果提升<color=#0f70bc>16%</color>。
7304005	73040	5	烜赫明辰	Assets/Product/Texture/Image/IconPetSkill/Pet3RavenSkillbeidong05.png	露西亚·誓焰携带熠空释放<color=#0f70bc>普攻-辉光绽空</color>时，召唤熠空进行协同攻击，造成1次<color=#0f70bc>2500%</color>火属性伤害；<color=#0f70bc>辉光刻印</color>对<color=#0f70bc>必杀-协行锐斩</color>、<color=#0f70bc>必杀-蚀日彻曙</color>的基础伤害增幅效果提升<color=#0f70bc>20%</color>。
149101	1491	1	光饵游猎.物	Assets/Product/Texture/Image/IconPetSkill/Pet3AnglerfishSkillzhudong05.png	任意消除6个基础信号球后，会激活辅助机按钮，释放后鮟棘向目标冲锋，聚集周围敌方单位并造成1次<color=#FF6347>360%</color>物理伤害。
149102	1491	2	光饵游猎.物	Assets/Product/Texture/Image/IconPetSkill/Pet3AnglerfishSkillzhudong05.png	任意消除6个基础信号球后，会激活辅助机按钮，释放后鮟棘向目标冲锋，聚集周围敌方单位并造成1次<color=#FF6347>720%</color>物理伤害。
149103	1491	3	光饵游猎.物	Assets/Product/Texture/Image/IconPetSkill/Pet3AnglerfishSkillzhudong05.png	任意消除6个基础信号球后，会激活辅助机按钮，释放后鮟棘向目标冲锋，聚集周围敌方单位并造成1次<color=#FF6347>1080%</color>物理伤害。
149104	1491	4	光饵游猎.物	Assets/Product/Texture/Image/IconPetSkill/Pet3AnglerfishSkillzhudong05.png	任意消除6个基础信号球后，会激活辅助机按钮，释放后鮟棘向目标冲锋，聚集周围敌方单位并造成1次<color=#FF6347>1440%</color>物理伤害。
149105	1491	5	光饵游猎.物	Assets/Product/Texture/Image/IconPetSkill/Pet3AnglerfishSkillzhudong05.png	任意消除6个基础信号球后，会激活辅助机按钮，释放后鮟棘向目标冲锋，聚集周围敌方单位并造成1次<color=#FF6347>1800%</color>物理伤害。
149201	1492	1	光饵游猎.火	Assets/Product/Texture/Image/IconPetSkill/Pet3AnglerfishSkillzhudong01.png	任意消除6个基础信号球后，会激活辅助机按钮，释放后鮟棘向目标冲锋，聚集周围敌方单位并造成1次<color=#FF6347>360%</color>火属性伤害。
149202	1492	2	光饵游猎.火	Assets/Product/Texture/Image/IconPetSkill/Pet3AnglerfishSkillzhudong01.png	任意消除6个基础信号球后，会激活辅助机按钮，释放后鮟棘向目标冲锋，聚集周围敌方单位并造成1次<color=#FF6347>720%</color>火属性伤害。
149203	1492	3	光饵游猎.火	Assets/Product/Texture/Image/IconPetSkill/Pet3AnglerfishSkillzhudong01.png	任意消除6个基础信号球后，会激活辅助机按钮，释放后鮟棘向目标冲锋，聚集周围敌方单位并造成1次<color=#FF6347>1080%</color>火属性伤害。
149204	1492	4	光饵游猎.火	Assets/Product/Texture/Image/IconPetSkill/Pet3AnglerfishSkillzhudong01.png	任意消除6个基础信号球后，会激活辅助机按钮，释放后鮟棘向目标冲锋，聚集周围敌方单位并造成1次<color=#FF6347>1440%</color>火属性伤害。
149205	1492	5	光饵游猎.火	Assets/Product/Texture/Image/IconPetSkill/Pet3AnglerfishSkillzhudong01.png	任意消除6个基础信号球后，会激活辅助机按钮，释放后鮟棘向目标冲锋，聚集周围敌方单位并造成1次<color=#FF6347>1800%</color>火属性伤害。
149301	1493	1	光饵游猎.冰	Assets/Product/Texture/Image/IconPetSkill/Pet3AnglerfishSkillzhudong02.png	任意消除6个基础信号球后，会激活辅助机按钮，释放后鮟棘向目标冲锋，聚集周围敌方单位并造成1次<color=#FF6347>360%</color>冰属性伤害。
149302	1493	2	光饵游猎.冰	Assets/Product/Texture/Image/IconPetSkill/Pet3AnglerfishSkillzhudong02.png	任意消除6个基础信号球后，会激活辅助机按钮，释放后鮟棘向目标冲锋，聚集周围敌方单位并造成1次<color=#FF6347>720%</color>冰属性伤害。
149303	1493	3	光饵游猎.冰	Assets/Product/Texture/Image/IconPetSkill/Pet3AnglerfishSkillzhudong02.png	任意消除6个基础信号球后，会激活辅助机按钮，释放后鮟棘向目标冲锋，聚集周围敌方单位并造成1次<color=#FF6347>1080%</color>冰属性伤害。
149304	1493	4	光饵游猎.冰	Assets/Product/Texture/Image/IconPetSkill/Pet3AnglerfishSkillzhudong02.png	任意消除6个基础信号球后，会激活辅助机按钮，释放后鮟棘向目标冲锋，聚集周围敌方单位并造成1次<color=#FF6347>1440%</color>冰属性伤害。
149305	1493	5	光饵游猎.冰	Assets/Product/Texture/Image/IconPetSkill/Pet3AnglerfishSkillzhudong02.png	任意消除6个基础信号球后，会激活辅助机按钮，释放后鮟棘向目标冲锋，聚集周围敌方单位并造成1次<color=#FF6347>1800%</color>冰属性伤害。
149401	1494	1	光饵游猎.雷	Assets/Product/Texture/Image/IconPetSkill/Pet3AnglerfishSkillzhudong03.png	任意消除6个基础信号球后，会激活辅助机按钮，释放后鮟棘向目标冲锋，聚集周围敌方单位并造成1次<color=#FF6347>360%</color>雷属性伤害。
149402	1494	2	光饵游猎.雷	Assets/Product/Texture/Image/IconPetSkill/Pet3AnglerfishSkillzhudong03.png	任意消除6个基础信号球后，会激活辅助机按钮，释放后鮟棘向目标冲锋，聚集周围敌方单位并造成1次<color=#FF6347>720%</color>雷属性伤害。
149403	1494	3	光饵游猎.雷	Assets/Product/Texture/Image/IconPetSkill/Pet3AnglerfishSkillzhudong03.png	任意消除6个基础信号球后，会激活辅助机按钮，释放后鮟棘向目标冲锋，聚集周围敌方单位并造成1次<color=#FF6347>1080%</color>雷属性伤害。
149404	1494	4	光饵游猎.雷	Assets/Product/Texture/Image/IconPetSkill/Pet3AnglerfishSkillzhudong03.png	任意消除6个基础信号球后，会激活辅助机按钮，释放后鮟棘向目标冲锋，聚集周围敌方单位并造成1次<color=#FF6347>1440%</color>雷属性伤害。
149405	1494	5	光饵游猎.雷	Assets/Product/Texture/Image/IconPetSkill/Pet3AnglerfishSkillzhudong03.png	任意消除6个基础信号球后，会激活辅助机按钮，释放后鮟棘向目标冲锋，聚集周围敌方单位并造成1次<color=#FF6347>1800%</color>雷属性伤害。
149501	1495	1	光饵游猎.暗	Assets/Product/Texture/Image/IconPetSkill/Pet3AnglerfishSkillzhudong04.png	任意消除6个基础信号球后，会激活辅助机按钮，释放后鮟棘向目标冲锋，聚集周围敌方单位并造成1次<color=#FF6347>360%</color>暗属性伤害。
149502	1495	2	光饵游猎.暗	Assets/Product/Texture/Image/IconPetSkill/Pet3AnglerfishSkillzhudong04.png	任意消除6个基础信号球后，会激活辅助机按钮，释放后鮟棘向目标冲锋，聚集周围敌方单位并造成1次<color=#FF6347>720%</color>暗属性伤害。
149503	1495	3	光饵游猎.暗	Assets/Product/Texture/Image/IconPetSkill/Pet3AnglerfishSkillzhudong04.png	任意消除6个基础信号球后，会激活辅助机按钮，释放后鮟棘向目标冲锋，聚集周围敌方单位并造成1次<color=#FF6347>1080%</color>暗属性伤害。
149504	1495	4	光饵游猎.暗	Assets/Product/Texture/Image/IconPetSkill/Pet3AnglerfishSkillzhudong04.png	任意消除6个基础信号球后，会激活辅助机按钮，释放后鮟棘向目标冲锋，聚集周围敌方单位并造成1次<color=#FF6347>1440%</color>暗属性伤害。
149505	1495	5	光饵游猎.暗	Assets/Product/Texture/Image/IconPetSkill/Pet3AnglerfishSkillzhudong04.png	任意消除6个基础信号球后，会激活辅助机按钮，释放后鮟棘向目标冲锋，聚集周围敌方单位并造成1次<color=#FF6347>1800%</color>暗属性伤害。
149601	1496	1	光饵游猎.空	Assets/Product/Texture/Image/IconPetSkill/Pet3AnglerfishSkillzhudong06.png	任意消除6个基础信号球后，会激活辅助机按钮，释放后鮟棘向目标冲锋，聚集周围敌方单位并造成1次<color=#FF6347>360%</color>空属性伤害。
149602	1496	2	光饵游猎.空	Assets/Product/Texture/Image/IconPetSkill/Pet3AnglerfishSkillzhudong06.png	任意消除6个基础信号球后，会激活辅助机按钮，释放后鮟棘向目标冲锋，聚集周围敌方单位并造成1次<color=#FF6347>720%</color>空属性伤害。
149603	1496	3	光饵游猎.空	Assets/Product/Texture/Image/IconPetSkill/Pet3AnglerfishSkillzhudong06.png	任意消除6个基础信号球后，会激活辅助机按钮，释放后鮟棘向目标冲锋，聚集周围敌方单位并造成1次<color=#FF6347>1080%</color>空属性伤害。
149604	1496	4	光饵游猎.空	Assets/Product/Texture/Image/IconPetSkill/Pet3AnglerfishSkillzhudong06.png	任意消除6个基础信号球后，会激活辅助机按钮，释放后鮟棘向目标冲锋，聚集周围敌方单位并造成1次<color=#FF6347>1440%</color>空属性伤害。
149605	1496	5	光饵游猎.空	Assets/Product/Texture/Image/IconPetSkill/Pet3AnglerfishSkillzhudong06.png	任意消除6个基础信号球后，会激活辅助机按钮，释放后鮟棘向目标冲锋，聚集周围敌方单位并造成1次<color=#FF6347>1800%</color>空属性伤害。
150101	1501	1	鳍弹连珠.物	Assets/Product/Texture/Image/IconPetSkill/Pet3AnglerfishSkillzhudong05.png	任意消除6个基础信号球后，会激活辅助机按钮，释放后鮟棘跃向空中向目标发射激光，造成1次<color=#FF6347>100%</color>物理伤害，随后发射导弹，造成6次<color=#FF6347>50%</color>物理伤害。
150102	1501	2	鳍弹连珠.物	Assets/Product/Texture/Image/IconPetSkill/Pet3AnglerfishSkillzhudong05.png	任意消除6个基础信号球后，会激活辅助机按钮，释放后鮟棘跃向空中向目标发射激光，造成1次<color=#FF6347>200%</color>物理伤害，随后发射导弹，造成6次<color=#FF6347>100%</color>物理伤害。
150103	1501	3	鳍弹连珠.物	Assets/Product/Texture/Image/IconPetSkill/Pet3AnglerfishSkillzhudong05.png	任意消除6个基础信号球后，会激活辅助机按钮，释放后鮟棘跃向空中向目标发射激光，造成1次<color=#FF6347>300%</color>物理伤害，随后发射导弹，造成6次<color=#FF6347>150%</color>物理伤害。
150104	1501	4	鳍弹连珠.物	Assets/Product/Texture/Image/IconPetSkill/Pet3AnglerfishSkillzhudong05.png	任意消除6个基础信号球后，会激活辅助机按钮，释放后鮟棘跃向空中向目标发射激光，造成1次<color=#FF6347>400%</color>物理伤害，随后发射导弹，造成6次<color=#FF6347>200%</color>物理伤害。
150105	1501	5	鳍弹连珠.物	Assets/Product/Texture/Image/IconPetSkill/Pet3AnglerfishSkillzhudong05.png	任意消除6个基础信号球后，会激活辅助机按钮，释放后鮟棘跃向空中向目标发射激光，造成1次<color=#FF6347>500%</color>物理伤害，随后发射导弹，造成6次<color=#FF6347>250%</color>物理伤害。
150201	1502	1	鳍弹连珠.火	Assets/Product/Texture/Image/IconPetSkill/Pet3AnglerfishSkillzhudong01.png	任意消除6个基础信号球后，会激活辅助机按钮，释放后鮟棘跃向空中向目标发射激光，造成1次<color=#FF6347>100%</color>火伤害，随后发射导弹，造成6次<color=#FF6347>50%</color>火伤害。
150202	1502	2	鳍弹连珠.火	Assets/Product/Texture/Image/IconPetSkill/Pet3AnglerfishSkillzhudong01.png	任意消除6个基础信号球后，会激活辅助机按钮，释放后鮟棘跃向空中向目标发射激光，造成1次<color=#FF6347>200%</color>火伤害，随后发射导弹，造成6次<color=#FF6347>100%</color>火伤害。
150203	1502	3	鳍弹连珠.火	Assets/Product/Texture/Image/IconPetSkill/Pet3AnglerfishSkillzhudong01.png	任意消除6个基础信号球后，会激活辅助机按钮，释放后鮟棘跃向空中向目标发射激光，造成1次<color=#FF6347>300%</color>火伤害，随后发射导弹，造成6次<color=#FF6347>150%</color>火伤害。
150204	1502	4	鳍弹连珠.火	Assets/Product/Texture/Image/IconPetSkill/Pet3AnglerfishSkillzhudong01.png	任意消除6个基础信号球后，会激活辅助机按钮，释放后鮟棘跃向空中向目标发射激光，造成1次<color=#FF6347>400%</color>火伤害，随后发射导弹，造成6次<color=#FF6347>200%</color>火伤害。
150205	1502	5	鳍弹连珠.火	Assets/Product/Texture/Image/IconPetSkill/Pet3AnglerfishSkillzhudong01.png	任意消除6个基础信号球后，会激活辅助机按钮，释放后鮟棘跃向空中向目标发射激光，造成1次<color=#FF6347>500%</color>火伤害，随后发射导弹，造成6次<color=#FF6347>250%</color>火伤害。
150301	1503	1	鳍弹连珠.冰	Assets/Product/Texture/Image/IconPetSkill/Pet3AnglerfishSkillzhudong02.png	任意消除6个基础信号球后，会激活辅助机按钮，释放后鮟棘跃向空中向目标发射激光，造成1次<color=#FF6347>100%</color>冰伤害，随后发射导弹，造成6次<color=#FF6347>50%</color>冰伤害。
150302	1503	2	鳍弹连珠.冰	Assets/Product/Texture/Image/IconPetSkill/Pet3AnglerfishSkillzhudong02.png	任意消除6个基础信号球后，会激活辅助机按钮，释放后鮟棘跃向空中向目标发射激光，造成1次<color=#FF6347>200%</color>冰伤害，随后发射导弹，造成6次<color=#FF6347>100%</color>冰伤害。
150303	1503	3	鳍弹连珠.冰	Assets/Product/Texture/Image/IconPetSkill/Pet3AnglerfishSkillzhudong02.png	任意消除6个基础信号球后，会激活辅助机按钮，释放后鮟棘跃向空中向目标发射激光，造成1次<color=#FF6347>300%</color>冰伤害，随后发射导弹，造成6次<color=#FF6347>150%</color>冰伤害。
150304	1503	4	鳍弹连珠.冰	Assets/Product/Texture/Image/IconPetSkill/Pet3AnglerfishSkillzhudong02.png	任意消除6个基础信号球后，会激活辅助机按钮，释放后鮟棘跃向空中向目标发射激光，造成1次<color=#FF6347>400%</color>冰伤害，随后发射导弹，造成6次<color=#FF6347>200%</color>冰伤害。
150305	1503	5	鳍弹连珠.冰	Assets/Product/Texture/Image/IconPetSkill/Pet3AnglerfishSkillzhudong02.png	任意消除6个基础信号球后，会激活辅助机按钮，释放后鮟棘跃向空中向目标发射激光，造成1次<color=#FF6347>500%</color>冰伤害，随后发射导弹，造成6次<color=#FF6347>250%</color>冰伤害。
150401	1504	1	鳍弹连珠.雷	Assets/Product/Texture/Image/IconPetSkill/Pet3AnglerfishSkillzhudong03.png	任意消除6个基础信号球后，会激活辅助机按钮，释放后鮟棘跃向空中向目标发射激光，造成1次<color=#FF6347>100%</color>雷伤害，随后发射导弹，造成6次<color=#FF6347>50%</color>雷伤害。
150402	1504	2	鳍弹连珠.雷	Assets/Product/Texture/Image/IconPetSkill/Pet3AnglerfishSkillzhudong03.png	任意消除6个基础信号球后，会激活辅助机按钮，释放后鮟棘跃向空中向目标发射激光，造成1次<color=#FF6347>200%</color>雷伤害，随后发射导弹，造成6次<color=#FF6347>100%</color>雷伤害。
150403	1504	3	鳍弹连珠.雷	Assets/Product/Texture/Image/IconPetSkill/Pet3AnglerfishSkillzhudong03.png	任意消除6个基础信号球后，会激活辅助机按钮，释放后鮟棘跃向空中向目标发射激光，造成1次<color=#FF6347>300%</color>雷伤害，随后发射导弹，造成6次<color=#FF6347>150%</color>雷伤害。
150404	1504	4	鳍弹连珠.雷	Assets/Product/Texture/Image/IconPetSkill/Pet3AnglerfishSkillzhudong03.png	任意消除6个基础信号球后，会激活辅助机按钮，释放后鮟棘跃向空中向目标发射激光，造成1次<color=#FF6347>400%</color>雷伤害，随后发射导弹，造成6次<color=#FF6347>200%</color>雷伤害。
150405	1504	5	鳍弹连珠.雷	Assets/Product/Texture/Image/IconPetSkill/Pet3AnglerfishSkillzhudong03.png	任意消除6个基础信号球后，会激活辅助机按钮，释放后鮟棘跃向空中向目标发射激光，造成1次<color=#FF6347>500%</color>雷伤害，随后发射导弹，造成6次<color=#FF6347>250%</color>雷伤害。
150501	1505	1	鳍弹连珠.暗	Assets/Product/Texture/Image/IconPetSkill/Pet3AnglerfishSkillzhudong04.png	任意消除6个基础信号球后，会激活辅助机按钮，释放后鮟棘跃向空中向目标发射激光，造成1次<color=#FF6347>100%</color>暗伤害，随后发射导弹，造成6次<color=#FF6347>50%</color>暗伤害。
150502	1505	2	鳍弹连珠.暗	Assets/Product/Texture/Image/IconPetSkill/Pet3AnglerfishSkillzhudong04.png	任意消除6个基础信号球后，会激活辅助机按钮，释放后鮟棘跃向空中向目标发射激光，造成1次<color=#FF6347>200%</color>暗伤害，随后发射导弹，造成6次<color=#FF6347>100%</color>暗伤害。
150503	1505	3	鳍弹连珠.暗	Assets/Product/Texture/Image/IconPetSkill/Pet3AnglerfishSkillzhudong04.png	任意消除6个基础信号球后，会激活辅助机按钮，释放后鮟棘跃向空中向目标发射激光，造成1次<color=#FF6347>300%</color>暗伤害，随后发射导弹，造成6次<color=#FF6347>150%</color>暗伤害。
150504	1505	4	鳍弹连珠.暗	Assets/Product/Texture/Image/IconPetSkill/Pet3AnglerfishSkillzhudong04.png	任意消除6个基础信号球后，会激活辅助机按钮，释放后鮟棘跃向空中向目标发射激光，造成1次<color=#FF6347>400%</color>暗伤害，随后发射导弹，造成6次<color=#FF6347>200%</color>暗伤害。
150505	1505	5	鳍弹连珠.暗	Assets/Product/Texture/Image/IconPetSkill/Pet3AnglerfishSkillzhudong04.png	任意消除6个基础信号球后，会激活辅助机按钮，释放后鮟棘跃向空中向目标发射激光，造成1次<color=#FF6347>500%</color>暗伤害，随后发射导弹，造成6次<color=#FF6347>250%</color>暗伤害。
150601	1506	1	鳍弹连珠.空	Assets/Product/Texture/Image/IconPetSkill/Pet3AnglerfishSkillzhudong06.png	任意消除6个基础信号球后，会激活辅助机按钮，释放后鮟棘跃向空中向目标发射激光，造成1次<color=#FF6347>100%</color>空伤害，随后发射导弹，造成6次<color=#FF6347>50%</color>空伤害。
150602	1506	2	鳍弹连珠.空	Assets/Product/Texture/Image/IconPetSkill/Pet3AnglerfishSkillzhudong06.png	任意消除6个基础信号球后，会激活辅助机按钮，释放后鮟棘跃向空中向目标发射激光，造成1次<color=#FF6347>200%</color>空伤害，随后发射导弹，造成6次<color=#FF6347>100%</color>空伤害。
150603	1506	3	鳍弹连珠.空	Assets/Product/Texture/Image/IconPetSkill/Pet3AnglerfishSkillzhudong06.png	任意消除6个基础信号球后，会激活辅助机按钮，释放后鮟棘跃向空中向目标发射激光，造成1次<color=#FF6347>300%</color>空伤害，随后发射导弹，造成6次<color=#FF6347>150%</color>空伤害。
150604	1506	4	鳍弹连珠.空	Assets/Product/Texture/Image/IconPetSkill/Pet3AnglerfishSkillzhudong06.png	任意消除6个基础信号球后，会激活辅助机按钮，释放后鮟棘跃向空中向目标发射激光，造成1次<color=#FF6347>400%</color>空伤害，随后发射导弹，造成6次<color=#FF6347>200%</color>空伤害。
150605	1506	5	鳍弹连珠.空	Assets/Product/Texture/Image/IconPetSkill/Pet3AnglerfishSkillzhudong06.png	任意消除6个基础信号球后，会激活辅助机按钮，释放后鮟棘跃向空中向目标发射激光，造成1次<color=#FF6347>500%</color>空伤害，随后发射导弹，造成6次<color=#FF6347>250%</color>空伤害。
7400001	74000	1	盾突伺袭	Assets/Product/Texture/Image/IconPetSkill/Pet3AnglerfishSkillbeidong01.png	鮟棘主动技伤害提高<color=#0f70bc>14%</color>
7400002	74000	2	盾突伺袭	Assets/Product/Texture/Image/IconPetSkill/Pet3AnglerfishSkillbeidong01.png	鮟棘主动技伤害提高<color=#0f70bc>28%</color>
7400003	74000	3	盾突伺袭	Assets/Product/Texture/Image/IconPetSkill/Pet3AnglerfishSkillbeidong01.png	鮟棘主动技伤害提高<color=#0f70bc>42%</color>
7400004	74000	4	盾突伺袭	Assets/Product/Texture/Image/IconPetSkill/Pet3AnglerfishSkillbeidong01.png	鮟棘主动技伤害提高<color=#0f70bc>56%</color>
7400005	74000	5	盾突伺袭	Assets/Product/Texture/Image/IconPetSkill/Pet3AnglerfishSkillbeidong01.png	鮟棘主动技伤害提高<color=#0f70bc>70%</color>
7401001	74010	1	荧酶解链	Assets/Product/Texture/Image/IconPetSkill/Pet3DolphinSkillbeidong02.png	携带角色攻击力提高<color=#0f70bc>20</color>
7401002	74010	2	荧酶解链	Assets/Product/Texture/Image/IconPetSkill/Pet3DolphinSkillbeidong02.png	携带角色攻击力提高<color=#0f70bc>40</color>
7401003	74010	3	荧酶解链	Assets/Product/Texture/Image/IconPetSkill/Pet3DolphinSkillbeidong02.png	携带角色攻击力提高<color=#0f70bc>60</color>
7401004	74010	4	荧酶解链	Assets/Product/Texture/Image/IconPetSkill/Pet3DolphinSkillbeidong02.png	携带角色攻击力提高<color=#0f70bc>80</color>
7401005	74010	5	荧酶解链	Assets/Product/Texture/Image/IconPetSkill/Pet3DolphinSkillbeidong02.png	携带角色攻击力提高<color=#0f70bc>100</color>
7402001	74020	1	獠齿穿龈	Assets/Product/Texture/Image/IconPetSkill/Pet3AnglerfishSkillbeidong03.png	鮟棘释放主动技后，携带角色额外伤害加成提高<color=#0f70bc>1%</color>，持续8秒，重复触发刷新持续时间。
7402002	74020	2	獠齿穿龈	Assets/Product/Texture/Image/IconPetSkill/Pet3AnglerfishSkillbeidong03.png	鮟棘释放主动技后，携带角色额外伤害加成提高<color=#0f70bc>2%</color>，持续8秒，重复触发刷新持续时间。
7402003	74020	3	獠齿穿龈	Assets/Product/Texture/Image/IconPetSkill/Pet3AnglerfishSkillbeidong03.png	鮟棘释放主动技后，携带角色额外伤害加成提高<color=#0f70bc>3%</color>，持续8秒，重复触发刷新持续时间。
7402004	74020	4	獠齿穿龈	Assets/Product/Texture/Image/IconPetSkill/Pet3AnglerfishSkillbeidong03.png	鮟棘释放主动技后，携带角色额外伤害加成提高<color=#0f70bc>4%</color>，持续8秒，重复触发刷新持续时间。
7402005	74020	5	獠齿穿龈	Assets/Product/Texture/Image/IconPetSkill/Pet3AnglerfishSkillbeidong03.png	鮟棘释放主动技后，携带角色额外伤害加成提高<color=#0f70bc>5%</color>，持续8秒，重复触发刷新持续时间。
7403001	74030	1	宙火坼岩	Assets/Product/Texture/Image/IconPetSkill/Pet3AnglerfishSkillbeidong04.png	携带角色雷属性伤害提高<color=#0f70bc>2%</color>。拥有<color=#0f70bc>炽焰徽记</color>或<color=#0f70bc>焰烬徽记</color>时，火属性伤害提高<color=#0f70bc>2%</color>。
7403002	74030	2	宙火坼岩	Assets/Product/Texture/Image/IconPetSkill/Pet3AnglerfishSkillbeidong04.png	携带角色雷属性伤害提高<color=#0f70bc>4%</color>。拥有<color=#0f70bc>炽焰徽记</color>或<color=#0f70bc>焰烬徽记</color>时，火属性伤害提高<color=#0f70bc>4%</color>。
7403003	74030	3	宙火坼岩	Assets/Product/Texture/Image/IconPetSkill/Pet3AnglerfishSkillbeidong04.png	携带角色雷属性伤害提高<color=#0f70bc>6%</color>。拥有<color=#0f70bc>炽焰徽记</color>或<color=#0f70bc>焰烬徽记</color>时，火属性伤害提高<color=#0f70bc>6%</color>。
7403004	74030	4	宙火坼岩	Assets/Product/Texture/Image/IconPetSkill/Pet3AnglerfishSkillbeidong04.png	携带角色雷属性伤害提高<color=#0f70bc>8%</color>。拥有<color=#0f70bc>炽焰徽记</color>或<color=#0f70bc>焰烬徽记</color>时，火属性伤害提高<color=#0f70bc>8%</color>。
7403005	74030	5	宙火坼岩	Assets/Product/Texture/Image/IconPetSkill/Pet3AnglerfishSkillbeidong04.png	携带角色雷属性伤害提高<color=#0f70bc>10%</color>。拥有<color=#0f70bc>炽焰徽记</color>或<color=#0f70bc>焰烬徽记</color>时，火属性伤害提高<color=#0f70bc>10%</color>。
7404001	74040	1	磷焰龙卷	Assets/Product/Texture/Image/IconPetSkill/Pet3AnglerfishSkillbeidong05.png	芒星之迹携带鮟棘释放<color=#0f70bc>坠星崩殛</color>或带有强化效果的<color=#0f70bc>炽化分离</color>时，召唤鮟棘进行协同攻击，造成2次<color=#0f70bc>250%</color>雷属性伤害。<color=#0f70bc>流光</color>、<color=#0f70bc>天宇贯星击</color>及<color=#0f70bc>万兆碎星斩</color>基础伤害提升<color=#0f70bc>12%</color>。
7404002	74040	2	磷焰龙卷	Assets/Product/Texture/Image/IconPetSkill/Pet3AnglerfishSkillbeidong05.png	芒星之迹携带鮟棘释放<color=#0f70bc>坠星崩殛</color>或带有强化效果的<color=#0f70bc>炽化分离</color>时，召唤鮟棘进行协同攻击，造成2次<color=#0f70bc>500%</color>雷属性伤害。<color=#0f70bc>流光</color>、<color=#0f70bc>天宇贯星击</color>及<color=#0f70bc>万兆碎星斩</color>基础伤害提升<color=#0f70bc>24%</color>。
7404003	74040	3	磷焰龙卷	Assets/Product/Texture/Image/IconPetSkill/Pet3AnglerfishSkillbeidong05.png	芒星之迹携带鮟棘释放<color=#0f70bc>坠星崩殛</color>或带有强化效果的<color=#0f70bc>炽化分离</color>时，召唤鮟棘进行协同攻击，造成2次<color=#0f70bc>750%</color>雷属性伤害。<color=#0f70bc>流光</color>、<color=#0f70bc>天宇贯星击</color>及<color=#0f70bc>万兆碎星斩</color>基础伤害提升<color=#0f70bc>36%</color>。
7404004	74040	4	磷焰龙卷	Assets/Product/Texture/Image/IconPetSkill/Pet3AnglerfishSkillbeidong05.png	芒星之迹携带鮟棘释放<color=#0f70bc>坠星崩殛</color>或带有强化效果的<color=#0f70bc>炽化分离</color>时，召唤鮟棘进行协同攻击，造成2次<color=#0f70bc>1000%</color>雷属性伤害。<color=#0f70bc>流光</color>、<color=#0f70bc>天宇贯星击</color>及<color=#0f70bc>万兆碎星斩</color>基础伤害提升<color=#0f70bc>48%</color>。
7404005	74040	5	磷焰龙卷	Assets/Product/Texture/Image/IconPetSkill/Pet3AnglerfishSkillbeidong05.png	芒星之迹携带鮟棘释放<color=#0f70bc>坠星崩殛</color>或带有强化效果的<color=#0f70bc>炽化分离</color>时，召唤鮟棘进行协同攻击，造成2次<color=#0f70bc>1250%</color>雷属性伤害。<color=#0f70bc>流光</color>、<color=#0f70bc>天宇贯星击</color>及<color=#0f70bc>万兆碎星斩</color>基础伤害提升<color=#0f70bc>60%</color>。
151101	1511	1	彗迹纾途.物	Assets/Product/Texture/Image/IconPetSkill/Pet3PandoraSkillzhudong05.png	任意消除6个基础信号球后，会激活辅助机按钮，释放后杼菱向目标进行撞击，造成1次<color=#FF6347>400%</color>物理伤害。
151102	1511	2	彗迹纾途.物	Assets/Product/Texture/Image/IconPetSkill/Pet3PandoraSkillzhudong05.png	任意消除6个基础信号球后，会激活辅助机按钮，释放后杼菱向目标进行撞击，造成1次<color=#FF6347>800%</color>物理伤害。
151103	1511	3	彗迹纾途.物	Assets/Product/Texture/Image/IconPetSkill/Pet3PandoraSkillzhudong05.png	任意消除6个基础信号球后，会激活辅助机按钮，释放后杼菱向目标进行撞击，造成1次<color=#FF6347>1200%</color>物理伤害。
151104	1511	4	彗迹纾途.物	Assets/Product/Texture/Image/IconPetSkill/Pet3PandoraSkillzhudong05.png	任意消除6个基础信号球后，会激活辅助机按钮，释放后杼菱向目标进行撞击，造成1次<color=#FF6347>1600%</color>物理伤害。
151105	1511	5	彗迹纾途.物	Assets/Product/Texture/Image/IconPetSkill/Pet3PandoraSkillzhudong05.png	任意消除6个基础信号球后，会激活辅助机按钮，释放后杼菱向目标进行撞击，造成1次<color=#FF6347>2000%</color>物理伤害。
151201	1512	1	彗迹纾途.火	Assets/Product/Texture/Image/IconPetSkill/Pet3PandoraSkillzhudong01.png	任意消除6个基础信号球后，会激活辅助机按钮，释放后杼菱向目标进行撞击，造成1次<color=#FF6347>400%</color>火属性伤害。
151202	1512	2	彗迹纾途.火	Assets/Product/Texture/Image/IconPetSkill/Pet3PandoraSkillzhudong01.png	任意消除6个基础信号球后，会激活辅助机按钮，释放后杼菱向目标进行撞击，造成1次<color=#FF6347>800%</color>火属性伤害。
151203	1512	3	彗迹纾途.火	Assets/Product/Texture/Image/IconPetSkill/Pet3PandoraSkillzhudong01.png	任意消除6个基础信号球后，会激活辅助机按钮，释放后杼菱向目标进行撞击，造成1次<color=#FF6347>1200%</color>火属性伤害。
151204	1512	4	彗迹纾途.火	Assets/Product/Texture/Image/IconPetSkill/Pet3PandoraSkillzhudong01.png	任意消除6个基础信号球后，会激活辅助机按钮，释放后杼菱向目标进行撞击，造成1次<color=#FF6347>1600%</color>火属性伤害。
151205	1512	5	彗迹纾途.火	Assets/Product/Texture/Image/IconPetSkill/Pet3PandoraSkillzhudong01.png	任意消除6个基础信号球后，会激活辅助机按钮，释放后杼菱向目标进行撞击，造成1次<color=#FF6347>2000%</color>火属性伤害。
151301	1513	1	彗迹纾途.冰	Assets/Product/Texture/Image/IconPetSkill/Pet3PandoraSkillzhudong02.png	任意消除6个基础信号球后，会激活辅助机按钮，释放后杼菱向目标进行撞击，造成1次<color=#FF6347>400%</color>冰属性伤害。
151302	1513	2	彗迹纾途.冰	Assets/Product/Texture/Image/IconPetSkill/Pet3PandoraSkillzhudong02.png	任意消除6个基础信号球后，会激活辅助机按钮，释放后杼菱向目标进行撞击，造成1次<color=#FF6347>800%</color>冰属性伤害。
151303	1513	3	彗迹纾途.冰	Assets/Product/Texture/Image/IconPetSkill/Pet3PandoraSkillzhudong02.png	任意消除6个基础信号球后，会激活辅助机按钮，释放后杼菱向目标进行撞击，造成1次<color=#FF6347>1200%</color>冰属性伤害。
151304	1513	4	彗迹纾途.冰	Assets/Product/Texture/Image/IconPetSkill/Pet3PandoraSkillzhudong02.png	任意消除6个基础信号球后，会激活辅助机按钮，释放后杼菱向目标进行撞击，造成1次<color=#FF6347>1600%</color>冰属性伤害。
151305	1513	5	彗迹纾途.冰	Assets/Product/Texture/Image/IconPetSkill/Pet3PandoraSkillzhudong02.png	任意消除6个基础信号球后，会激活辅助机按钮，释放后杼菱向目标进行撞击，造成1次<color=#FF6347>2000%</color>冰属性伤害。
151401	1514	1	彗迹纾途.雷	Assets/Product/Texture/Image/IconPetSkill/Pet3PandoraSkillzhudong03.png	任意消除6个基础信号球后，会激活辅助机按钮，释放后杼菱向目标进行撞击，造成1次<color=#FF6347>400%</color>雷属性伤害。
151402	1514	2	彗迹纾途.雷	Assets/Product/Texture/Image/IconPetSkill/Pet3PandoraSkillzhudong03.png	任意消除6个基础信号球后，会激活辅助机按钮，释放后杼菱向目标进行撞击，造成1次<color=#FF6347>800%</color>雷属性伤害。
151403	1514	3	彗迹纾途.雷	Assets/Product/Texture/Image/IconPetSkill/Pet3PandoraSkillzhudong03.png	任意消除6个基础信号球后，会激活辅助机按钮，释放后杼菱向目标进行撞击，造成1次<color=#FF6347>1200%</color>雷属性伤害。
151404	1514	4	彗迹纾途.雷	Assets/Product/Texture/Image/IconPetSkill/Pet3PandoraSkillzhudong03.png	任意消除6个基础信号球后，会激活辅助机按钮，释放后杼菱向目标进行撞击，造成1次<color=#FF6347>1600%</color>雷属性伤害。
151405	1514	5	彗迹纾途.雷	Assets/Product/Texture/Image/IconPetSkill/Pet3PandoraSkillzhudong03.png	任意消除6个基础信号球后，会激活辅助机按钮，释放后杼菱向目标进行撞击，造成1次<color=#FF6347>2000%</color>雷属性伤害。
151501	1515	1	彗迹纾途.暗	Assets/Product/Texture/Image/IconPetSkill/Pet3PandoraSkillzhudong04.png	任意消除6个基础信号球后，会激活辅助机按钮，释放后杼菱向目标进行撞击，造成1次<color=#FF6347>400%</color>暗属性伤害。
151502	1515	2	彗迹纾途.暗	Assets/Product/Texture/Image/IconPetSkill/Pet3PandoraSkillzhudong04.png	任意消除6个基础信号球后，会激活辅助机按钮，释放后杼菱向目标进行撞击，造成1次<color=#FF6347>800%</color>暗属性伤害。
151503	1515	3	彗迹纾途.暗	Assets/Product/Texture/Image/IconPetSkill/Pet3PandoraSkillzhudong04.png	任意消除6个基础信号球后，会激活辅助机按钮，释放后杼菱向目标进行撞击，造成1次<color=#FF6347>1200%</color>暗属性伤害。
151504	1515	4	彗迹纾途.暗	Assets/Product/Texture/Image/IconPetSkill/Pet3PandoraSkillzhudong04.png	任意消除6个基础信号球后，会激活辅助机按钮，释放后杼菱向目标进行撞击，造成1次<color=#FF6347>1600%</color>暗属性伤害。
151505	1515	5	彗迹纾途.暗	Assets/Product/Texture/Image/IconPetSkill/Pet3PandoraSkillzhudong04.png	任意消除6个基础信号球后，会激活辅助机按钮，释放后杼菱向目标进行撞击，造成1次<color=#FF6347>2000%</color>暗属性伤害。
151601	1516	1	彗迹纾途.空	Assets/Product/Texture/Image/IconPetSkill/Pet3PandoraSkillzhudong06.png	任意消除6个基础信号球后，会激活辅助机按钮，释放后杼菱向目标进行撞击，造成1次<color=#FF6347>400%</color>空属性伤害。
151602	1516	2	彗迹纾途.空	Assets/Product/Texture/Image/IconPetSkill/Pet3PandoraSkillzhudong06.png	任意消除6个基础信号球后，会激活辅助机按钮，释放后杼菱向目标进行撞击，造成1次<color=#FF6347>800%</color>空属性伤害。
151603	1516	3	彗迹纾途.空	Assets/Product/Texture/Image/IconPetSkill/Pet3PandoraSkillzhudong06.png	任意消除6个基础信号球后，会激活辅助机按钮，释放后杼菱向目标进行撞击，造成1次<color=#FF6347>1200%</color>空属性伤害。
151604	1516	4	彗迹纾途.空	Assets/Product/Texture/Image/IconPetSkill/Pet3PandoraSkillzhudong06.png	任意消除6个基础信号球后，会激活辅助机按钮，释放后杼菱向目标进行撞击，造成1次<color=#FF6347>1600%</color>空属性伤害。
151605	1516	5	彗迹纾途.空	Assets/Product/Texture/Image/IconPetSkill/Pet3PandoraSkillzhudong06.png	任意消除6个基础信号球后，会激活辅助机按钮，释放后杼菱向目标进行撞击，造成1次<color=#FF6347>2000%</color>空属性伤害。
152101	1521	1	蚀日宣临.物	Assets/Product/Texture/Image/IconPetSkill/Pet3PandoraSkillzhudong05.png	任意消除6个基础信号球后，会激活辅助机按钮，释放后杼菱聚集周围的敌方单位并下砸，造成1次<color=#FF6347>360%</color>物理伤害。
152102	1521	2	蚀日宣临.物	Assets/Product/Texture/Image/IconPetSkill/Pet3PandoraSkillzhudong05.png	任意消除6个基础信号球后，会激活辅助机按钮，释放后杼菱聚集周围的敌方单位并下砸，造成1次<color=#FF6347>720%</color>物理伤害。
152103	1521	3	蚀日宣临.物	Assets/Product/Texture/Image/IconPetSkill/Pet3PandoraSkillzhudong05.png	任意消除6个基础信号球后，会激活辅助机按钮，释放后杼菱聚集周围的敌方单位并下砸，造成1次<color=#FF6347>1080%</color>物理伤害。
152104	1521	4	蚀日宣临.物	Assets/Product/Texture/Image/IconPetSkill/Pet3PandoraSkillzhudong05.png	任意消除6个基础信号球后，会激活辅助机按钮，释放后杼菱聚集周围的敌方单位并下砸，造成1次<color=#FF6347>1440%</color>物理伤害。
152105	1521	5	蚀日宣临.物	Assets/Product/Texture/Image/IconPetSkill/Pet3PandoraSkillzhudong05.png	任意消除6个基础信号球后，会激活辅助机按钮，释放后杼菱聚集周围的敌方单位并下砸，造成1次<color=#FF6347>1800%</color>物理伤害。
152201	1522	1	蚀日宣临.火	Assets/Product/Texture/Image/IconPetSkill/Pet3PandoraSkillzhudong01.png	任意消除6个基础信号球后，会激活辅助机按钮，释放后杼菱聚集周围的敌方单位并下砸，造成1次<color=#FF6347>360%</color>火属性伤害。
152202	1522	2	蚀日宣临.火	Assets/Product/Texture/Image/IconPetSkill/Pet3PandoraSkillzhudong01.png	任意消除6个基础信号球后，会激活辅助机按钮，释放后杼菱聚集周围的敌方单位并下砸，造成1次<color=#FF6347>720%</color>火属性伤害。
152203	1522	3	蚀日宣临.火	Assets/Product/Texture/Image/IconPetSkill/Pet3PandoraSkillzhudong01.png	任意消除6个基础信号球后，会激活辅助机按钮，释放后杼菱聚集周围的敌方单位并下砸，造成1次<color=#FF6347>1080%</color>火属性伤害。
152204	1522	4	蚀日宣临.火	Assets/Product/Texture/Image/IconPetSkill/Pet3PandoraSkillzhudong01.png	任意消除6个基础信号球后，会激活辅助机按钮，释放后杼菱聚集周围的敌方单位并下砸，造成1次<color=#FF6347>1440%</color>火属性伤害。
152205	1522	5	蚀日宣临.火	Assets/Product/Texture/Image/IconPetSkill/Pet3PandoraSkillzhudong01.png	任意消除6个基础信号球后，会激活辅助机按钮，释放后杼菱聚集周围的敌方单位并下砸，造成1次<color=#FF6347>1800%</color>火属性伤害。
152301	1523	1	蚀日宣临.冰	Assets/Product/Texture/Image/IconPetSkill/Pet3PandoraSkillzhudong02.png	任意消除6个基础信号球后，会激活辅助机按钮，释放后杼菱聚集周围的敌方单位并下砸，造成1次<color=#FF6347>360%</color>冰属性伤害。
152302	1523	2	蚀日宣临.冰	Assets/Product/Texture/Image/IconPetSkill/Pet3PandoraSkillzhudong02.png	任意消除6个基础信号球后，会激活辅助机按钮，释放后杼菱聚集周围的敌方单位并下砸，造成1次<color=#FF6347>720%</color>冰属性伤害。
152303	1523	3	蚀日宣临.冰	Assets/Product/Texture/Image/IconPetSkill/Pet3PandoraSkillzhudong02.png	任意消除6个基础信号球后，会激活辅助机按钮，释放后杼菱聚集周围的敌方单位并下砸，造成1次<color=#FF6347>1080%</color>冰属性伤害。
152304	1523	4	蚀日宣临.冰	Assets/Product/Texture/Image/IconPetSkill/Pet3PandoraSkillzhudong02.png	任意消除6个基础信号球后，会激活辅助机按钮，释放后杼菱聚集周围的敌方单位并下砸，造成1次<color=#FF6347>1440%</color>冰属性伤害。
152305	1523	5	蚀日宣临.冰	Assets/Product/Texture/Image/IconPetSkill/Pet3PandoraSkillzhudong02.png	任意消除6个基础信号球后，会激活辅助机按钮，释放后杼菱聚集周围的敌方单位并下砸，造成1次<color=#FF6347>1800%</color>冰属性伤害。
152401	1524	1	蚀日宣临.雷	Assets/Product/Texture/Image/IconPetSkill/Pet3PandoraSkillzhudong03.png	任意消除6个基础信号球后，会激活辅助机按钮，释放后杼菱聚集周围的敌方单位并下砸，造成1次<color=#FF6347>360%</color>雷属性伤害。
152402	1524	2	蚀日宣临.雷	Assets/Product/Texture/Image/IconPetSkill/Pet3PandoraSkillzhudong03.png	任意消除6个基础信号球后，会激活辅助机按钮，释放后杼菱聚集周围的敌方单位并下砸，造成1次<color=#FF6347>720%</color>雷属性伤害。
152403	1524	3	蚀日宣临.雷	Assets/Product/Texture/Image/IconPetSkill/Pet3PandoraSkillzhudong03.png	任意消除6个基础信号球后，会激活辅助机按钮，释放后杼菱聚集周围的敌方单位并下砸，造成1次<color=#FF6347>1080%</color>雷属性伤害。
152404	1524	4	蚀日宣临.雷	Assets/Product/Texture/Image/IconPetSkill/Pet3PandoraSkillzhudong03.png	任意消除6个基础信号球后，会激活辅助机按钮，释放后杼菱聚集周围的敌方单位并下砸，造成1次<color=#FF6347>1440%</color>雷属性伤害。
152405	1524	5	蚀日宣临.雷	Assets/Product/Texture/Image/IconPetSkill/Pet3PandoraSkillzhudong03.png	任意消除6个基础信号球后，会激活辅助机按钮，释放后杼菱聚集周围的敌方单位并下砸，造成1次<color=#FF6347>1800%</color>雷属性伤害。
152501	1525	1	蚀日宣临.暗	Assets/Product/Texture/Image/IconPetSkill/Pet3PandoraSkillzhudong04.png	任意消除6个基础信号球后，会激活辅助机按钮，释放后杼菱聚集周围的敌方单位并下砸，造成1次<color=#FF6347>360%</color>暗属性伤害。
152502	1525	2	蚀日宣临.暗	Assets/Product/Texture/Image/IconPetSkill/Pet3PandoraSkillzhudong04.png	任意消除6个基础信号球后，会激活辅助机按钮，释放后杼菱聚集周围的敌方单位并下砸，造成1次<color=#FF6347>720%</color>暗属性伤害。
152503	1525	3	蚀日宣临.暗	Assets/Product/Texture/Image/IconPetSkill/Pet3PandoraSkillzhudong04.png	任意消除6个基础信号球后，会激活辅助机按钮，释放后杼菱聚集周围的敌方单位并下砸，造成1次<color=#FF6347>1080%</color>暗属性伤害。
152504	1525	4	蚀日宣临.暗	Assets/Product/Texture/Image/IconPetSkill/Pet3PandoraSkillzhudong04.png	任意消除6个基础信号球后，会激活辅助机按钮，释放后杼菱聚集周围的敌方单位并下砸，造成1次<color=#FF6347>1440%</color>暗属性伤害。
152505	1525	5	蚀日宣临.暗	Assets/Product/Texture/Image/IconPetSkill/Pet3PandoraSkillzhudong04.png	任意消除6个基础信号球后，会激活辅助机按钮，释放后杼菱聚集周围的敌方单位并下砸，造成1次<color=#FF6347>1800%</color>暗属性伤害。
152601	1526	1	蚀日宣临.空	Assets/Product/Texture/Image/IconPetSkill/Pet3PandoraSkillzhudong06.png	任意消除6个基础信号球后，会激活辅助机按钮，释放后杼菱聚集周围的敌方单位并下砸，造成1次<color=#FF6347>360%</color>空属性伤害。
152602	1526	2	蚀日宣临.空	Assets/Product/Texture/Image/IconPetSkill/Pet3PandoraSkillzhudong06.png	任意消除6个基础信号球后，会激活辅助机按钮，释放后杼菱聚集周围的敌方单位并下砸，造成1次<color=#FF6347>720%</color>空属性伤害。
152603	1526	3	蚀日宣临.空	Assets/Product/Texture/Image/IconPetSkill/Pet3PandoraSkillzhudong06.png	任意消除6个基础信号球后，会激活辅助机按钮，释放后杼菱聚集周围的敌方单位并下砸，造成1次<color=#FF6347>1080%</color>空属性伤害。
152604	1526	4	蚀日宣临.空	Assets/Product/Texture/Image/IconPetSkill/Pet3PandoraSkillzhudong06.png	任意消除6个基础信号球后，会激活辅助机按钮，释放后杼菱聚集周围的敌方单位并下砸，造成1次<color=#FF6347>1440%</color>空属性伤害。
152605	1526	5	蚀日宣临.空	Assets/Product/Texture/Image/IconPetSkill/Pet3PandoraSkillzhudong06.png	任意消除6个基础信号球后，会激活辅助机按钮，释放后杼菱聚集周围的敌方单位并下砸，造成1次<color=#FF6347>1800%</color>空属性伤害。
7500001	75000	1	巡闪机梭	Assets/Product/Texture/Image/IconPetSkill/Pet3PandoraSkillbeidong01.png	杼菱主动技伤害提高<color=#0f70bc>14%</color>
7500002	75000	2	巡闪机梭	Assets/Product/Texture/Image/IconPetSkill/Pet3PandoraSkillbeidong01.png	杼菱主动技伤害提高<color=#0f70bc>28%</color>
7500003	75000	3	巡闪机梭	Assets/Product/Texture/Image/IconPetSkill/Pet3PandoraSkillbeidong01.png	杼菱主动技伤害提高<color=#0f70bc>42%</color>
7500004	75000	4	巡闪机梭	Assets/Product/Texture/Image/IconPetSkill/Pet3PandoraSkillbeidong01.png	杼菱主动技伤害提高<color=#0f70bc>56%</color>
7500005	75000	5	巡闪机梭	Assets/Product/Texture/Image/IconPetSkill/Pet3PandoraSkillbeidong01.png	杼菱主动技伤害提高<color=#0f70bc>70%</color>
7501001	75010	1	熄质阵列	Assets/Product/Texture/Image/IconPetSkill/Pet3DolphinSkillbeidong02.png	携带角色攻击力提高<color=#0f70bc>20</color>
7501002	75010	2	熄质阵列	Assets/Product/Texture/Image/IconPetSkill/Pet3DolphinSkillbeidong02.png	携带角色攻击力提高<color=#0f70bc>40</color>
7501003	75010	3	熄质阵列	Assets/Product/Texture/Image/IconPetSkill/Pet3DolphinSkillbeidong02.png	携带角色攻击力提高<color=#0f70bc>60</color>
7501004	75010	4	熄质阵列	Assets/Product/Texture/Image/IconPetSkill/Pet3DolphinSkillbeidong02.png	携带角色攻击力提高<color=#0f70bc>80</color>
7501005	75010	5	熄质阵列	Assets/Product/Texture/Image/IconPetSkill/Pet3DolphinSkillbeidong02.png	携带角色攻击力提高<color=#0f70bc>100</color>
7502001	75020	1	黯陨衰变	Assets/Product/Texture/Image/IconPetSkill/Pet3PandoraSkillbeidong03.png	杼菱释放主动技后，携带角色额外伤害加成提高<color=#0f70bc>1%</color>，持续8秒，重复触发刷新持续时间。
7502002	75020	2	黯陨衰变	Assets/Product/Texture/Image/IconPetSkill/Pet3PandoraSkillbeidong03.png	杼菱释放主动技后，携带角色额外伤害加成提高<color=#0f70bc>2%</color>，持续8秒，重复触发刷新持续时间。
7502003	75020	3	黯陨衰变	Assets/Product/Texture/Image/IconPetSkill/Pet3PandoraSkillbeidong03.png	杼菱释放主动技后，携带角色额外伤害加成提高<color=#0f70bc>3%</color>，持续8秒，重复触发刷新持续时间。
7502004	75020	4	黯陨衰变	Assets/Product/Texture/Image/IconPetSkill/Pet3PandoraSkillbeidong03.png	杼菱释放主动技后，携带角色额外伤害加成提高<color=#0f70bc>4%</color>，持续8秒，重复触发刷新持续时间。
7502005	75020	5	黯陨衰变	Assets/Product/Texture/Image/IconPetSkill/Pet3PandoraSkillbeidong03.png	杼菱释放主动技后，携带角色额外伤害加成提高<color=#0f70bc>5%</color>，持续8秒，重复触发刷新持续时间。
7503001	75030	1	络命统合	Assets/Product/Texture/Image/IconPetSkill/Pet3PandoraSkillbeidong04.png	携带角色空属性伤害提高<color=#0f70bc>2%</color>
7503002	75030	2	络命统合	Assets/Product/Texture/Image/IconPetSkill/Pet3PandoraSkillbeidong04.png	携带角色空属性伤害提高<color=#0f70bc>4%</color>
7503003	75030	3	络命统合	Assets/Product/Texture/Image/IconPetSkill/Pet3PandoraSkillbeidong04.png	携带角色空属性伤害提高<color=#0f70bc>6%</color>
7503004	75030	4	络命统合	Assets/Product/Texture/Image/IconPetSkill/Pet3PandoraSkillbeidong04.png	携带角色空属性伤害提高<color=#0f70bc>8%</color>
7503005	75030	5	络命统合	Assets/Product/Texture/Image/IconPetSkill/Pet3PandoraSkillbeidong04.png	携带角色空属性伤害提高<color=#0f70bc>10%</color>
7504001	75040	1	矩星归湮	Assets/Product/Texture/Image/IconPetSkill/Pet3PandoraSkillbeidong05.png	伊什梅尔·幻日携带杼菱释放第4段<color=#0f70bc>浮影归湮</color>时，召唤杼菱进行协同攻击，造成6次<color=#0f70bc>100%</color>空属性伤害；获得<color=#0f70bc>坍缩刻印</color>时自身攻击力提升<color=#0f70bc>8%</color>，持续5秒，重复触发刷新持续时间。
7504002	75040	2	矩星归湮	Assets/Product/Texture/Image/IconPetSkill/Pet3PandoraSkillbeidong05.png	伊什梅尔·幻日携带杼菱释放第4段<color=#0f70bc>浮影归湮</color>时，召唤杼菱进行协同攻击，造成6次<color=#0f70bc>200%</color>空属性伤害；获得<color=#0f70bc>坍缩刻印</color>时自身攻击力提升<color=#0f70bc>16%</color>，持续5秒，重复触发刷新持续时间。
7504003	75040	3	矩星归湮	Assets/Product/Texture/Image/IconPetSkill/Pet3PandoraSkillbeidong05.png	伊什梅尔·幻日携带杼菱释放第4段<color=#0f70bc>浮影归湮</color>时，召唤杼菱进行协同攻击，造成6次<color=#0f70bc>300%</color>空属性伤害；获得<color=#0f70bc>坍缩刻印</color>时自身攻击力提升<color=#0f70bc>24%</color>，持续5秒，重复触发刷新持续时间。
7504004	75040	4	矩星归湮	Assets/Product/Texture/Image/IconPetSkill/Pet3PandoraSkillbeidong05.png	伊什梅尔·幻日携带杼菱释放第4段<color=#0f70bc>浮影归湮</color>时，召唤杼菱进行协同攻击，造成6次<color=#0f70bc>400%</color>空属性伤害；获得<color=#0f70bc>坍缩刻印</color>时自身攻击力提升<color=#0f70bc>32%</color>，持续5秒，重复触发刷新持续时间。
7504005	75040	5	矩星归湮	Assets/Product/Texture/Image/IconPetSkill/Pet3PandoraSkillbeidong05.png	伊什梅尔·幻日携带杼菱释放第4段<color=#0f70bc>浮影归湮</color>时，召唤杼菱进行协同攻击，造成6次<color=#0f70bc>500%</color>空属性伤害；获得<color=#0f70bc>坍缩刻印</color>时自身攻击力提升<color=#0f70bc>40%</color>，持续5秒，重复触发刷新持续时间。
153101	1531	1	旧日华舞.物	Assets/Product/Texture/Image/IconPetSkill/Pet3ChiprobotSkillzhudong05.png	任意消除6个基础信号球后，会激活辅助机按钮，释放后彼莉腾空跃起向目标进行射击，造成9次<color=#FF6347>45%</color>物理伤害。
153102	1531	2	旧日华舞.物	Assets/Product/Texture/Image/IconPetSkill/Pet3ChiprobotSkillzhudong05.png	任意消除6个基础信号球后，会激活辅助机按钮，释放后彼莉腾空跃起向目标进行射击，造成9次<color=#FF6347>90%</color>物理伤害。
153103	1531	3	旧日华舞.物	Assets/Product/Texture/Image/IconPetSkill/Pet3ChiprobotSkillzhudong05.png	任意消除6个基础信号球后，会激活辅助机按钮，释放后彼莉腾空跃起向目标进行射击，造成9次<color=#FF6347>135%</color>物理伤害。
153104	1531	4	旧日华舞.物	Assets/Product/Texture/Image/IconPetSkill/Pet3ChiprobotSkillzhudong05.png	任意消除6个基础信号球后，会激活辅助机按钮，释放后彼莉腾空跃起向目标进行射击，造成9次<color=#FF6347>180%</color>物理伤害。
153105	1531	5	旧日华舞.物	Assets/Product/Texture/Image/IconPetSkill/Pet3ChiprobotSkillzhudong05.png	任意消除6个基础信号球后，会激活辅助机按钮，释放后彼莉腾空跃起向目标进行射击，造成9次<color=#FF6347>225%</color>物理伤害。
153201	1532	1	旧日华舞.火	Assets/Product/Texture/Image/IconPetSkill/Pet3ChiprobotSkillzhudong01.png	任意消除6个基础信号球后，会激活辅助机按钮，释放后彼莉腾空跃起向目标进行射击，造成9次<color=#FF6347>45%</color>火属性伤害。
153202	1532	2	旧日华舞.火	Assets/Product/Texture/Image/IconPetSkill/Pet3ChiprobotSkillzhudong01.png	任意消除6个基础信号球后，会激活辅助机按钮，释放后彼莉腾空跃起向目标进行射击，造成9次<color=#FF6347>90%</color>火属性伤害。
153203	1532	3	旧日华舞.火	Assets/Product/Texture/Image/IconPetSkill/Pet3ChiprobotSkillzhudong01.png	任意消除6个基础信号球后，会激活辅助机按钮，释放后彼莉腾空跃起向目标进行射击，造成9次<color=#FF6347>135%</color>火属性伤害。
153204	1532	4	旧日华舞.火	Assets/Product/Texture/Image/IconPetSkill/Pet3ChiprobotSkillzhudong01.png	任意消除6个基础信号球后，会激活辅助机按钮，释放后彼莉腾空跃起向目标进行射击，造成9次<color=#FF6347>180%</color>火属性伤害。
153205	1532	5	旧日华舞.火	Assets/Product/Texture/Image/IconPetSkill/Pet3ChiprobotSkillzhudong01.png	任意消除6个基础信号球后，会激活辅助机按钮，释放后彼莉腾空跃起向目标进行射击，造成9次<color=#FF6347>225%</color>火属性伤害。
153301	1533	1	旧日华舞.冰	Assets/Product/Texture/Image/IconPetSkill/Pet3ChiprobotSkillzhudong02.png	任意消除6个基础信号球后，会激活辅助机按钮，释放后彼莉腾空跃起向目标进行射击，造成9次<color=#FF6347>45%</color>冰属性伤害。
153302	1533	2	旧日华舞.冰	Assets/Product/Texture/Image/IconPetSkill/Pet3ChiprobotSkillzhudong02.png	任意消除6个基础信号球后，会激活辅助机按钮，释放后彼莉腾空跃起向目标进行射击，造成9次<color=#FF6347>90%</color>冰属性伤害。
153303	1533	3	旧日华舞.冰	Assets/Product/Texture/Image/IconPetSkill/Pet3ChiprobotSkillzhudong02.png	任意消除6个基础信号球后，会激活辅助机按钮，释放后彼莉腾空跃起向目标进行射击，造成9次<color=#FF6347>135%</color>冰属性伤害。
153304	1533	4	旧日华舞.冰	Assets/Product/Texture/Image/IconPetSkill/Pet3ChiprobotSkillzhudong02.png	任意消除6个基础信号球后，会激活辅助机按钮，释放后彼莉腾空跃起向目标进行射击，造成9次<color=#FF6347>180%</color>冰属性伤害。
153305	1533	5	旧日华舞.冰	Assets/Product/Texture/Image/IconPetSkill/Pet3ChiprobotSkillzhudong02.png	任意消除6个基础信号球后，会激活辅助机按钮，释放后彼莉腾空跃起向目标进行射击，造成9次<color=#FF6347>225%</color>冰属性伤害。
153401	1534	1	旧日华舞.雷	Assets/Product/Texture/Image/IconPetSkill/Pet3ChiprobotSkillzhudong03.png	任意消除6个基础信号球后，会激活辅助机按钮，释放后彼莉腾空跃起向目标进行射击，造成9次<color=#FF6347>45%</color>雷属性伤害。
153402	1534	2	旧日华舞.雷	Assets/Product/Texture/Image/IconPetSkill/Pet3ChiprobotSkillzhudong03.png	任意消除6个基础信号球后，会激活辅助机按钮，释放后彼莉腾空跃起向目标进行射击，造成9次<color=#FF6347>90%</color>雷属性伤害。
153403	1534	3	旧日华舞.雷	Assets/Product/Texture/Image/IconPetSkill/Pet3ChiprobotSkillzhudong03.png	任意消除6个基础信号球后，会激活辅助机按钮，释放后彼莉腾空跃起向目标进行射击，造成9次<color=#FF6347>135%</color>雷属性伤害。
153404	1534	4	旧日华舞.雷	Assets/Product/Texture/Image/IconPetSkill/Pet3ChiprobotSkillzhudong03.png	任意消除6个基础信号球后，会激活辅助机按钮，释放后彼莉腾空跃起向目标进行射击，造成9次<color=#FF6347>180%</color>雷属性伤害。
153405	1534	5	旧日华舞.雷	Assets/Product/Texture/Image/IconPetSkill/Pet3ChiprobotSkillzhudong03.png	任意消除6个基础信号球后，会激活辅助机按钮，释放后彼莉腾空跃起向目标进行射击，造成9次<color=#FF6347>225%</color>雷属性伤害。
153501	1535	1	旧日华舞.暗	Assets/Product/Texture/Image/IconPetSkill/Pet3ChiprobotSkillzhudong04.png	任意消除6个基础信号球后，会激活辅助机按钮，释放后彼莉腾空跃起向目标进行射击，造成9次<color=#FF6347>45%</color>暗属性伤害。
153502	1535	2	旧日华舞.暗	Assets/Product/Texture/Image/IconPetSkill/Pet3ChiprobotSkillzhudong04.png	任意消除6个基础信号球后，会激活辅助机按钮，释放后彼莉腾空跃起向目标进行射击，造成9次<color=#FF6347>90%</color>暗属性伤害。
153503	1535	3	旧日华舞.暗	Assets/Product/Texture/Image/IconPetSkill/Pet3ChiprobotSkillzhudong04.png	任意消除6个基础信号球后，会激活辅助机按钮，释放后彼莉腾空跃起向目标进行射击，造成9次<color=#FF6347>135%</color>暗属性伤害。
153504	1535	4	旧日华舞.暗	Assets/Product/Texture/Image/IconPetSkill/Pet3ChiprobotSkillzhudong04.png	任意消除6个基础信号球后，会激活辅助机按钮，释放后彼莉腾空跃起向目标进行射击，造成9次<color=#FF6347>180%</color>暗属性伤害。
153505	1535	5	旧日华舞.暗	Assets/Product/Texture/Image/IconPetSkill/Pet3ChiprobotSkillzhudong04.png	任意消除6个基础信号球后，会激活辅助机按钮，释放后彼莉腾空跃起向目标进行射击，造成9次<color=#FF6347>225%</color>暗属性伤害。
153601	1536	1	旧日华舞.空	Assets/Product/Texture/Image/IconPetSkill/Pet3ChiprobotSkillzhudong06.png	任意消除6个基础信号球后，会激活辅助机按钮，释放后彼莉腾空跃起向目标进行射击，造成9次<color=#FF6347>45%</color>空属性伤害。
153602	1536	2	旧日华舞.空	Assets/Product/Texture/Image/IconPetSkill/Pet3ChiprobotSkillzhudong06.png	任意消除6个基础信号球后，会激活辅助机按钮，释放后彼莉腾空跃起向目标进行射击，造成9次<color=#FF6347>90%</color>空属性伤害。
153603	1536	3	旧日华舞.空	Assets/Product/Texture/Image/IconPetSkill/Pet3ChiprobotSkillzhudong06.png	任意消除6个基础信号球后，会激活辅助机按钮，释放后彼莉腾空跃起向目标进行射击，造成9次<color=#FF6347>135%</color>空属性伤害。
153604	1536	4	旧日华舞.空	Assets/Product/Texture/Image/IconPetSkill/Pet3ChiprobotSkillzhudong06.png	任意消除6个基础信号球后，会激活辅助机按钮，释放后彼莉腾空跃起向目标进行射击，造成9次<color=#FF6347>180%</color>空属性伤害。
153605	1536	5	旧日华舞.空	Assets/Product/Texture/Image/IconPetSkill/Pet3ChiprobotSkillzhudong06.png	任意消除6个基础信号球后，会激活辅助机按钮，释放后彼莉腾空跃起向目标进行射击，造成9次<color=#FF6347>225%</color>空属性伤害。
154101	1541	1	戏命转轮.物	Assets/Product/Texture/Image/IconPetSkill/Pet3ChiprobotSkillzhudong05.png	任意消除6个基础信号球后，会激活辅助机按钮，释放后彼莉从空中下落召唤轮盘旋转聚集周围的敌方单位，造成9次<color=#FF6347>30%</color>物理伤害。随后轮盘过载爆炸，造成1次<color=#FF6347>130%</color>物理伤害
154102	1541	2	戏命转轮.物	Assets/Product/Texture/Image/IconPetSkill/Pet3ChiprobotSkillzhudong05.png	任意消除6个基础信号球后，会激活辅助机按钮，释放后彼莉从空中下落召唤轮盘旋转聚集周围的敌方单位，造成9次<color=#FF6347>60%</color>物理伤害。随后轮盘过载爆炸，造成1次<color=#FF6347>260%</color>物理伤害
154103	1541	3	戏命转轮.物	Assets/Product/Texture/Image/IconPetSkill/Pet3ChiprobotSkillzhudong05.png	任意消除6个基础信号球后，会激活辅助机按钮，释放后彼莉从空中下落召唤轮盘旋转聚集周围的敌方单位，造成9次<color=#FF6347>90%</color>物理伤害。随后轮盘过载爆炸，造成1次<color=#FF6347>390%</color>物理伤害
154104	1541	4	戏命转轮.物	Assets/Product/Texture/Image/IconPetSkill/Pet3ChiprobotSkillzhudong05.png	任意消除6个基础信号球后，会激活辅助机按钮，释放后彼莉从空中下落召唤轮盘旋转聚集周围的敌方单位，造成9次<color=#FF6347>120%</color>物理伤害。随后轮盘过载爆炸，造成1次<color=#FF6347>520%</color>物理伤害
154105	1541	5	戏命转轮.物	Assets/Product/Texture/Image/IconPetSkill/Pet3ChiprobotSkillzhudong05.png	任意消除6个基础信号球后，会激活辅助机按钮，释放后彼莉从空中下落召唤轮盘旋转聚集周围的敌方单位，造成9次<color=#FF6347>150%</color>物理伤害。随后轮盘过载爆炸，造成1次<color=#FF6347>650%</color>物理伤害
154201	1542	1	戏命转轮.火	Assets/Product/Texture/Image/IconPetSkill/Pet3ChiprobotSkillzhudong01.png	任意消除6个基础信号球后，会激活辅助机按钮，释放后彼莉从空中下落召唤轮盘旋转聚集周围的敌方单位，造成9次<color=#FF6347>30%</color>火属性伤害。随后轮盘过载爆炸，造成1次<color=#FF6347>130%</color>火属性伤害
154202	1542	2	戏命转轮.火	Assets/Product/Texture/Image/IconPetSkill/Pet3ChiprobotSkillzhudong01.png	任意消除6个基础信号球后，会激活辅助机按钮，释放后彼莉从空中下落召唤轮盘旋转聚集周围的敌方单位，造成9次<color=#FF6347>60%</color>火属性伤害。随后轮盘过载爆炸，造成1次<color=#FF6347>260%</color>火属性伤害
154203	1542	3	戏命转轮.火	Assets/Product/Texture/Image/IconPetSkill/Pet3ChiprobotSkillzhudong01.png	任意消除6个基础信号球后，会激活辅助机按钮，释放后彼莉从空中下落召唤轮盘旋转聚集周围的敌方单位，造成9次<color=#FF6347>90%</color>火属性伤害。随后轮盘过载爆炸，造成1次<color=#FF6347>390%</color>火属性伤害
154204	1542	4	戏命转轮.火	Assets/Product/Texture/Image/IconPetSkill/Pet3ChiprobotSkillzhudong01.png	任意消除6个基础信号球后，会激活辅助机按钮，释放后彼莉从空中下落召唤轮盘旋转聚集周围的敌方单位，造成9次<color=#FF6347>120%</color>火属性伤害。随后轮盘过载爆炸，造成1次<color=#FF6347>520%</color>火属性伤害
154205	1542	5	戏命转轮.火	Assets/Product/Texture/Image/IconPetSkill/Pet3ChiprobotSkillzhudong01.png	任意消除6个基础信号球后，会激活辅助机按钮，释放后彼莉从空中下落召唤轮盘旋转聚集周围的敌方单位，造成9次<color=#FF6347>150%</color>火属性伤害。随后轮盘过载爆炸，造成1次<color=#FF6347>650%</color>火属性伤害
154301	1543	1	戏命转轮.冰	Assets/Product/Texture/Image/IconPetSkill/Pet3ChiprobotSkillzhudong02.png	任意消除6个基础信号球后，会激活辅助机按钮，释放后彼莉从空中下落召唤轮盘旋转聚集周围的敌方单位，造成9次<color=#FF6347>30%</color>冰属性伤害。随后轮盘过载爆炸，造成1次<color=#FF6347>130%</color>冰属性伤害
154302	1543	2	戏命转轮.冰	Assets/Product/Texture/Image/IconPetSkill/Pet3ChiprobotSkillzhudong02.png	任意消除6个基础信号球后，会激活辅助机按钮，释放后彼莉从空中下落召唤轮盘旋转聚集周围的敌方单位，造成9次<color=#FF6347>60%</color>冰属性伤害。随后轮盘过载爆炸，造成1次<color=#FF6347>260%</color>冰属性伤害
154303	1543	3	戏命转轮.冰	Assets/Product/Texture/Image/IconPetSkill/Pet3ChiprobotSkillzhudong02.png	任意消除6个基础信号球后，会激活辅助机按钮，释放后彼莉从空中下落召唤轮盘旋转聚集周围的敌方单位，造成9次<color=#FF6347>90%</color>冰属性伤害。随后轮盘过载爆炸，造成1次<color=#FF6347>390%</color>冰属性伤害
154304	1543	4	戏命转轮.冰	Assets/Product/Texture/Image/IconPetSkill/Pet3ChiprobotSkillzhudong02.png	任意消除6个基础信号球后，会激活辅助机按钮，释放后彼莉从空中下落召唤轮盘旋转聚集周围的敌方单位，造成9次<color=#FF6347>120%</color>冰属性伤害。随后轮盘过载爆炸，造成1次<color=#FF6347>520%</color>冰属性伤害
154305	1543	5	戏命转轮.冰	Assets/Product/Texture/Image/IconPetSkill/Pet3ChiprobotSkillzhudong02.png	任意消除6个基础信号球后，会激活辅助机按钮，释放后彼莉从空中下落召唤轮盘旋转聚集周围的敌方单位，造成9次<color=#FF6347>150%</color>冰属性伤害。随后轮盘过载爆炸，造成1次<color=#FF6347>650%</color>冰属性伤害
154401	1544	1	戏命转轮.雷	Assets/Product/Texture/Image/IconPetSkill/Pet3ChiprobotSkillzhudong03.png	任意消除6个基础信号球后，会激活辅助机按钮，释放后彼莉从空中下落召唤轮盘旋转聚集周围的敌方单位，造成9次<color=#FF6347>30%</color>雷属性伤害。随后轮盘过载爆炸，造成1次<color=#FF6347>130%</color>雷属性伤害。
154402	1544	2	戏命转轮.雷	Assets/Product/Texture/Image/IconPetSkill/Pet3ChiprobotSkillzhudong03.png	任意消除6个基础信号球后，会激活辅助机按钮，释放后彼莉从空中下落召唤轮盘旋转聚集周围的敌方单位，造成9次<color=#FF6347>60%</color>雷属性伤害。随后轮盘过载爆炸，造成1次<color=#FF6347>260%</color>雷属性伤害。
154403	1544	3	戏命转轮.雷	Assets/Product/Texture/Image/IconPetSkill/Pet3ChiprobotSkillzhudong03.png	任意消除6个基础信号球后，会激活辅助机按钮，释放后彼莉从空中下落召唤轮盘旋转聚集周围的敌方单位，造成9次<color=#FF6347>90%</color>雷属性伤害。随后轮盘过载爆炸，造成1次<color=#FF6347>390%</color>雷属性伤害。
154404	1544	4	戏命转轮.雷	Assets/Product/Texture/Image/IconPetSkill/Pet3ChiprobotSkillzhudong03.png	任意消除6个基础信号球后，会激活辅助机按钮，释放后彼莉从空中下落召唤轮盘旋转聚集周围的敌方单位，造成9次<color=#FF6347>120%</color>雷属性伤害。随后轮盘过载爆炸，造成1次<color=#FF6347>520%</color>雷属性伤害。
154405	1544	5	戏命转轮.雷	Assets/Product/Texture/Image/IconPetSkill/Pet3ChiprobotSkillzhudong03.png	任意消除6个基础信号球后，会激活辅助机按钮，释放后彼莉从空中下落召唤轮盘旋转聚集周围的敌方单位，造成9次<color=#FF6347>150%</color>雷属性伤害。随后轮盘过载爆炸，造成1次<color=#FF6347>650%</color>雷属性伤害。
154501	1545	1	戏命转轮.暗	Assets/Product/Texture/Image/IconPetSkill/Pet3ChiprobotSkillzhudong04.png	任意消除6个基础信号球后，会激活辅助机按钮，释放后彼莉从空中下落召唤轮盘旋转聚集周围的敌方单位，造成9次<color=#FF6347>30%</color>暗属性伤害。随后轮盘过载爆炸，造成1次<color=#FF6347>130%</color>暗属性伤害。
154502	1545	2	戏命转轮.暗	Assets/Product/Texture/Image/IconPetSkill/Pet3ChiprobotSkillzhudong04.png	任意消除6个基础信号球后，会激活辅助机按钮，释放后彼莉从空中下落召唤轮盘旋转聚集周围的敌方单位，造成9次<color=#FF6347>60%</color>暗属性伤害。随后轮盘过载爆炸，造成1次<color=#FF6347>260%</color>暗属性伤害。
154503	1545	3	戏命转轮.暗	Assets/Product/Texture/Image/IconPetSkill/Pet3ChiprobotSkillzhudong04.png	任意消除6个基础信号球后，会激活辅助机按钮，释放后彼莉从空中下落召唤轮盘旋转聚集周围的敌方单位，造成9次<color=#FF6347>90%</color>暗属性伤害。随后轮盘过载爆炸，造成1次<color=#FF6347>390%</color>暗属性伤害。
154504	1545	4	戏命转轮.暗	Assets/Product/Texture/Image/IconPetSkill/Pet3ChiprobotSkillzhudong04.png	任意消除6个基础信号球后，会激活辅助机按钮，释放后彼莉从空中下落召唤轮盘旋转聚集周围的敌方单位，造成9次<color=#FF6347>120%</color>暗属性伤害。随后轮盘过载爆炸，造成1次<color=#FF6347>520%</color>暗属性伤害。
154505	1545	5	戏命转轮.暗	Assets/Product/Texture/Image/IconPetSkill/Pet3ChiprobotSkillzhudong04.png	任意消除6个基础信号球后，会激活辅助机按钮，释放后彼莉从空中下落召唤轮盘旋转聚集周围的敌方单位，造成9次<color=#FF6347>150%</color>暗属性伤害。随后轮盘过载爆炸，造成1次<color=#FF6347>650%</color>暗属性伤害。
154601	1546	1	戏命转轮.空	Assets/Product/Texture/Image/IconPetSkill/Pet3ChiprobotSkillzhudong06.png	任意消除6个基础信号球后，会激活辅助机按钮，释放后彼莉从空中下落召唤轮盘旋转聚集周围的敌方单位，造成9次<color=#FF6347>30%</color>空属性伤害。随后轮盘过载爆炸，造成1次<color=#FF6347>130%</color>空属性伤害。
154602	1546	2	戏命转轮.空	Assets/Product/Texture/Image/IconPetSkill/Pet3ChiprobotSkillzhudong06.png	任意消除6个基础信号球后，会激活辅助机按钮，释放后彼莉从空中下落召唤轮盘旋转聚集周围的敌方单位，造成9次<color=#FF6347>60%</color>空属性伤害。随后轮盘过载爆炸，造成1次<color=#FF6347>260%</color>空属性伤害。
154603	1546	3	戏命转轮.空	Assets/Product/Texture/Image/IconPetSkill/Pet3ChiprobotSkillzhudong06.png	任意消除6个基础信号球后，会激活辅助机按钮，释放后彼莉从空中下落召唤轮盘旋转聚集周围的敌方单位，造成9次<color=#FF6347>90%</color>空属性伤害。随后轮盘过载爆炸，造成1次<color=#FF6347>390%</color>空属性伤害。
154604	1546	4	戏命转轮.空	Assets/Product/Texture/Image/IconPetSkill/Pet3ChiprobotSkillzhudong06.png	任意消除6个基础信号球后，会激活辅助机按钮，释放后彼莉从空中下落召唤轮盘旋转聚集周围的敌方单位，造成9次<color=#FF6347>120%</color>空属性伤害。随后轮盘过载爆炸，造成1次<color=#FF6347>520%</color>空属性伤害。
154605	1546	5	戏命转轮.空	Assets/Product/Texture/Image/IconPetSkill/Pet3ChiprobotSkillzhudong06.png	任意消除6个基础信号球后，会激活辅助机按钮，释放后彼莉从空中下落召唤轮盘旋转聚集周围的敌方单位，造成9次<color=#FF6347>150%</color>空属性伤害。随后轮盘过载爆炸，造成1次<color=#FF6347>650%</color>空属性伤害。
7600001	76000	1	聚光迷烁	Assets/Product/Texture/Image/IconPetSkill/Pet3ChiprobotSkillbeidong01.png	彼莉主动技伤害提高<color=#0f70bc>14%</color>
7600002	76000	2	聚光迷烁	Assets/Product/Texture/Image/IconPetSkill/Pet3ChiprobotSkillbeidong01.png	彼莉主动技伤害提高<color=#0f70bc>28%</color>
7600003	76000	3	聚光迷烁	Assets/Product/Texture/Image/IconPetSkill/Pet3ChiprobotSkillbeidong01.png	彼莉主动技伤害提高<color=#0f70bc>42%</color>
7600004	76000	4	聚光迷烁	Assets/Product/Texture/Image/IconPetSkill/Pet3ChiprobotSkillbeidong01.png	彼莉主动技伤害提高<color=#0f70bc>56%</color>
7600005	76000	5	聚光迷烁	Assets/Product/Texture/Image/IconPetSkill/Pet3ChiprobotSkillbeidong01.png	彼莉主动技伤害提高<color=#0f70bc>70%</color>
7601001	76010	1	醉乡蓝调	Assets/Product/Texture/Image/IconPetSkill/Pet3DolphinSkillbeidong02.png	携带角色攻击力提高<color=#0f70bc>20</color>
7601002	76010	2	醉乡蓝调	Assets/Product/Texture/Image/IconPetSkill/Pet3DolphinSkillbeidong02.png	携带角色攻击力提高<color=#0f70bc>40</color>
7601003	76010	3	醉乡蓝调	Assets/Product/Texture/Image/IconPetSkill/Pet3DolphinSkillbeidong02.png	携带角色攻击力提高<color=#0f70bc>60</color>
7601004	76010	4	醉乡蓝调	Assets/Product/Texture/Image/IconPetSkill/Pet3DolphinSkillbeidong02.png	携带角色攻击力提高<color=#0f70bc>80</color>
7601005	76010	5	醉乡蓝调	Assets/Product/Texture/Image/IconPetSkill/Pet3DolphinSkillbeidong02.png	携带角色攻击力提高<color=#0f70bc>100</color>
7602001	76020	1	超额礼赠	Assets/Product/Texture/Image/IconPetSkill/Pet3ChiprobotSkillbeidong03.png	彼莉释放主动技后，携带角色额外伤害加成提高<color=#0f70bc>1%</color>，持续8秒，重复触发刷新持续时间。
7602002	76020	2	超额礼赠	Assets/Product/Texture/Image/IconPetSkill/Pet3ChiprobotSkillbeidong03.png	彼莉释放主动技后，携带角色额外伤害加成提高<color=#0f70bc>2%</color>，持续8秒，重复触发刷新持续时间。
7602003	76020	3	超额礼赠	Assets/Product/Texture/Image/IconPetSkill/Pet3ChiprobotSkillbeidong03.png	彼莉释放主动技后，携带角色额外伤害加成提高<color=#0f70bc>3%</color>，持续8秒，重复触发刷新持续时间。
7602004	76020	4	超额礼赠	Assets/Product/Texture/Image/IconPetSkill/Pet3ChiprobotSkillbeidong03.png	彼莉释放主动技后，携带角色额外伤害加成提高<color=#0f70bc>4%</color>，持续8秒，重复触发刷新持续时间。
7602005	76020	5	超额礼赠	Assets/Product/Texture/Image/IconPetSkill/Pet3ChiprobotSkillbeidong03.png	彼莉释放主动技后，携带角色额外伤害加成提高<color=#0f70bc>5%</color>，持续8秒，重复触发刷新持续时间。
7603001	76030	1	好运满载	Assets/Product/Texture/Image/IconPetSkill/Pet3ChiprobotSkillbeidong04.png	携带角色暗属性伤害提高<color=#0f70bc>2%</color>。拥有<color=#0f70bc>诡迹刻痕</color>时，雷属性伤害提高<color=#0f70bc>2%</color>。
7603002	76030	2	好运满载	Assets/Product/Texture/Image/IconPetSkill/Pet3ChiprobotSkillbeidong04.png	携带角色暗属性伤害提高<color=#0f70bc>4%</color>。拥有<color=#0f70bc>诡迹刻痕</color>时，雷属性伤害提高<color=#0f70bc>4%</color>。
7603003	76030	3	好运满载	Assets/Product/Texture/Image/IconPetSkill/Pet3ChiprobotSkillbeidong04.png	携带角色暗属性伤害提高<color=#0f70bc>6%</color>。拥有<color=#0f70bc>诡迹刻痕</color>时，雷属性伤害提高<color=#0f70bc>6%</color>。
7603004	76030	4	好运满载	Assets/Product/Texture/Image/IconPetSkill/Pet3ChiprobotSkillbeidong04.png	携带角色暗属性伤害提高<color=#0f70bc>8%</color>。拥有<color=#0f70bc>诡迹刻痕</color>时，雷属性伤害提高<color=#0f70bc>8%</color>。
7603005	76030	5	好运满载	Assets/Product/Texture/Image/IconPetSkill/Pet3ChiprobotSkillbeidong04.png	携带角色暗属性伤害提高<color=#0f70bc>10%</color>。拥有<color=#0f70bc>诡迹刻痕</color>时，雷属性伤害提高<color=#0f70bc>10%</color>。
7604001	76040	1	晚安洛普拉多斯	Assets/Product/Texture/Image/IconPetSkill/Pet3ChiprobotSkillbeidong05.png	莉莉丝·谬影携带彼莉开启<color=#0f70bc>狂欢对局</color>后，首次释放<color=#0f70bc>夜暮之拥</color>或<color=#0f70bc>谜灯谲影</color>时，召唤彼莉协同攻击，造成1次<color=#0f70bc>600%</color>暗属性伤害；<color=#0f70bc>揭幕于梦深</color>基础伤害提升<color=#0f70bc>15%</color>，当牌阶处于<color=#0f70bc>C/B/A/S/SS</color>时，基础伤害额外提升<color=#0f70bc>2%/4%/6%/8%/10%</color>。
7604002	76040	2	晚安洛普拉多斯	Assets/Product/Texture/Image/IconPetSkill/Pet3ChiprobotSkillbeidong05.png	莉莉丝·谬影携带彼莉开启<color=#0f70bc>狂欢对局</color>后，首次释放<color=#0f70bc>夜暮之拥</color>或<color=#0f70bc>谜灯谲影</color>时，召唤彼莉协同攻击，造成1次<color=#0f70bc>1200%</color>暗属性伤害；<color=#0f70bc>揭幕于梦深</color>基础伤害提升<color=#0f70bc>30%</color>，当牌阶处于<color=#0f70bc>C/B/A/S/SS</color>时，基础伤害额外提升<color=#0f70bc>4%/8%/12%/16%/20%</color>。
7604003	76040	3	晚安洛普拉多斯	Assets/Product/Texture/Image/IconPetSkill/Pet3ChiprobotSkillbeidong05.png	莉莉丝·谬影携带彼莉开启<color=#0f70bc>狂欢对局</color>后，首次释放<color=#0f70bc>夜暮之拥</color>或<color=#0f70bc>谜灯谲影</color>时，召唤彼莉协同攻击，造成1次<color=#0f70bc>1800%</color>暗属性伤害；<color=#0f70bc>揭幕于梦深</color>基础伤害提升<color=#0f70bc>45%</color>，当牌阶处于<color=#0f70bc>C/B/A/S/SS</color>时，基础伤害额外提升<color=#0f70bc>6%/12%/18%/24%/30%</color>。
7604004	76040	4	晚安洛普拉多斯	Assets/Product/Texture/Image/IconPetSkill/Pet3ChiprobotSkillbeidong05.png	莉莉丝·谬影携带彼莉开启<color=#0f70bc>狂欢对局</color>后，首次释放<color=#0f70bc>夜暮之拥</color>或<color=#0f70bc>谜灯谲影</color>时，召唤彼莉协同攻击，造成1次<color=#0f70bc>2400%</color>暗属性伤害；<color=#0f70bc>揭幕于梦深</color>基础伤害提升<color=#0f70bc>60%</color>，当牌阶处于<color=#0f70bc>C/B/A/S/SS</color>时，基础伤害额外提升<color=#0f70bc>8%/16%/24%/32%/40%</color>。
7604005	76040	5	晚安洛普拉多斯	Assets/Product/Texture/Image/IconPetSkill/Pet3ChiprobotSkillbeidong05.png	莉莉丝·谬影携带彼莉开启<color=#0f70bc>狂欢对局</color>后，首次释放<color=#0f70bc>夜暮之拥</color>或<color=#0f70bc>谜灯谲影</color>时，召唤彼莉协同攻击，造成1次<color=#0f70bc>3000%</color>暗属性伤害；<color=#0f70bc>揭幕于梦深</color>基础伤害提升<color=#0f70bc>75%</color>，当牌阶处于<color=#0f70bc>C/B/A/S/SS</color>时，基础伤害额外提升<color=#0f70bc>10%/20%/30%/40%/50%</color>。
155101	1551	1	锐骁行进曲.物	Assets/Product/Texture/Image/IconPetSkill/Pet3SoundSkillzhudong05.png	任意消除6个基础信号球后，会激活辅助机按钮，释放后雪歌向目标进行斩击，造成1次<color=#FF6347>410%</color>物理伤害。
155102	1551	2	锐骁行进曲.物	Assets/Product/Texture/Image/IconPetSkill/Pet3SoundSkillzhudong05.png	任意消除6个基础信号球后，会激活辅助机按钮，释放后雪歌向目标进行斩击，造成1次<color=#FF6347>820%</color>物理伤害。
155103	1551	3	锐骁行进曲.物	Assets/Product/Texture/Image/IconPetSkill/Pet3SoundSkillzhudong05.png	任意消除6个基础信号球后，会激活辅助机按钮，释放后雪歌向目标进行斩击，造成1次<color=#FF6347>1230%</color>物理伤害。
155104	1551	4	锐骁行进曲.物	Assets/Product/Texture/Image/IconPetSkill/Pet3SoundSkillzhudong05.png	任意消除6个基础信号球后，会激活辅助机按钮，释放后雪歌向目标进行斩击，造成1次<color=#FF6347>1640%</color>物理伤害。
155105	1551	5	锐骁行进曲.物	Assets/Product/Texture/Image/IconPetSkill/Pet3SoundSkillzhudong05.png	任意消除6个基础信号球后，会激活辅助机按钮，释放后雪歌向目标进行斩击，造成1次<color=#FF6347>2050%</color>物理伤害。
155201	1552	1	锐骁行进曲.火	Assets/Product/Texture/Image/IconPetSkill/Pet3SoundSkillzhudong01.png	任意消除6个基础信号球后，会激活辅助机按钮，释放后雪歌向目标进行斩击，造成1次<color=#FF6347>410%</color>火属性伤害。
155202	1552	2	锐骁行进曲.火	Assets/Product/Texture/Image/IconPetSkill/Pet3SoundSkillzhudong01.png	任意消除6个基础信号球后，会激活辅助机按钮，释放后雪歌向目标进行斩击，造成1次<color=#FF6347>820%</color>火属性伤害。
155203	1552	3	锐骁行进曲.火	Assets/Product/Texture/Image/IconPetSkill/Pet3SoundSkillzhudong01.png	任意消除6个基础信号球后，会激活辅助机按钮，释放后雪歌向目标进行斩击，造成1次<color=#FF6347>1230%</color>火属性伤害。
155204	1552	4	锐骁行进曲.火	Assets/Product/Texture/Image/IconPetSkill/Pet3SoundSkillzhudong01.png	任意消除6个基础信号球后，会激活辅助机按钮，释放后雪歌向目标进行斩击，造成1次<color=#FF6347>1640%</color>火属性伤害。
155205	1552	5	锐骁行进曲.火	Assets/Product/Texture/Image/IconPetSkill/Pet3SoundSkillzhudong01.png	任意消除6个基础信号球后，会激活辅助机按钮，释放后雪歌向目标进行斩击，造成1次<color=#FF6347>2050%</color>火属性伤害。
155301	1553	1	锐骁行进曲.冰	Assets/Product/Texture/Image/IconPetSkill/Pet3SoundSkillzhudong02.png	任意消除6个基础信号球后，会激活辅助机按钮，释放后雪歌向目标进行斩击，造成1次<color=#FF6347>410%</color>冰属性伤害。
155302	1553	2	锐骁行进曲.冰	Assets/Product/Texture/Image/IconPetSkill/Pet3SoundSkillzhudong02.png	任意消除6个基础信号球后，会激活辅助机按钮，释放后雪歌向目标进行斩击，造成1次<color=#FF6347>820%</color>冰属性伤害。
155303	1553	3	锐骁行进曲.冰	Assets/Product/Texture/Image/IconPetSkill/Pet3SoundSkillzhudong02.png	任意消除6个基础信号球后，会激活辅助机按钮，释放后雪歌向目标进行斩击，造成1次<color=#FF6347>1230%</color>冰属性伤害。
155304	1553	4	锐骁行进曲.冰	Assets/Product/Texture/Image/IconPetSkill/Pet3SoundSkillzhudong02.png	任意消除6个基础信号球后，会激活辅助机按钮，释放后雪歌向目标进行斩击，造成1次<color=#FF6347>1640%</color>冰属性伤害。
155305	1553	5	锐骁行进曲.冰	Assets/Product/Texture/Image/IconPetSkill/Pet3SoundSkillzhudong02.png	任意消除6个基础信号球后，会激活辅助机按钮，释放后雪歌向目标进行斩击，造成1次<color=#FF6347>2050%</color>冰属性伤害。
155401	1554	1	锐骁行进曲.雷	Assets/Product/Texture/Image/IconPetSkill/Pet3SoundSkillzhudong03.png	任意消除6个基础信号球后，会激活辅助机按钮，释放后雪歌向目标进行斩击，造成1次<color=#FF6347>410%</color>雷属性伤害。
155402	1554	2	锐骁行进曲.雷	Assets/Product/Texture/Image/IconPetSkill/Pet3SoundSkillzhudong03.png	任意消除6个基础信号球后，会激活辅助机按钮，释放后雪歌向目标进行斩击，造成1次<color=#FF6347>820%</color>雷属性伤害。
155403	1554	3	锐骁行进曲.雷	Assets/Product/Texture/Image/IconPetSkill/Pet3SoundSkillzhudong03.png	任意消除6个基础信号球后，会激活辅助机按钮，释放后雪歌向目标进行斩击，造成1次<color=#FF6347>1230%</color>雷属性伤害。
155404	1554	4	锐骁行进曲.雷	Assets/Product/Texture/Image/IconPetSkill/Pet3SoundSkillzhudong03.png	任意消除6个基础信号球后，会激活辅助机按钮，释放后雪歌向目标进行斩击，造成1次<color=#FF6347>1640%</color>雷属性伤害。
155405	1554	5	锐骁行进曲.雷	Assets/Product/Texture/Image/IconPetSkill/Pet3SoundSkillzhudong03.png	任意消除6个基础信号球后，会激活辅助机按钮，释放后雪歌向目标进行斩击，造成1次<color=#FF6347>2050%</color>雷属性伤害。
155501	1555	1	锐骁行进曲.暗	Assets/Product/Texture/Image/IconPetSkill/Pet3SoundSkillzhudong04.png	任意消除6个基础信号球后，会激活辅助机按钮，释放后雪歌向目标进行斩击，造成1次<color=#FF6347>410%</color>暗属性伤害。
155502	1555	2	锐骁行进曲.暗	Assets/Product/Texture/Image/IconPetSkill/Pet3SoundSkillzhudong04.png	任意消除6个基础信号球后，会激活辅助机按钮，释放后雪歌向目标进行斩击，造成1次<color=#FF6347>820%</color>暗属性伤害。
155503	1555	3	锐骁行进曲.暗	Assets/Product/Texture/Image/IconPetSkill/Pet3SoundSkillzhudong04.png	任意消除6个基础信号球后，会激活辅助机按钮，释放后雪歌向目标进行斩击，造成1次<color=#FF6347>1230%</color>暗属性伤害。
155504	1555	4	锐骁行进曲.暗	Assets/Product/Texture/Image/IconPetSkill/Pet3SoundSkillzhudong04.png	任意消除6个基础信号球后，会激活辅助机按钮，释放后雪歌向目标进行斩击，造成1次<color=#FF6347>1640%</color>暗属性伤害。
155505	1555	5	锐骁行进曲.暗	Assets/Product/Texture/Image/IconPetSkill/Pet3SoundSkillzhudong04.png	任意消除6个基础信号球后，会激活辅助机按钮，释放后雪歌向目标进行斩击，造成1次<color=#FF6347>2050%</color>暗属性伤害。
155601	1556	1	锐骁行进曲.空	Assets/Product/Texture/Image/IconPetSkill/Pet3SoundSkillzhudong06.png	任意消除6个基础信号球后，会激活辅助机按钮，释放后雪歌向目标进行斩击，造成1次<color=#FF6347>410%</color>空属性伤害。
155602	1556	2	锐骁行进曲.空	Assets/Product/Texture/Image/IconPetSkill/Pet3SoundSkillzhudong06.png	任意消除6个基础信号球后，会激活辅助机按钮，释放后雪歌向目标进行斩击，造成1次<color=#FF6347>820%</color>空属性伤害。
155603	1556	3	锐骁行进曲.空	Assets/Product/Texture/Image/IconPetSkill/Pet3SoundSkillzhudong06.png	任意消除6个基础信号球后，会激活辅助机按钮，释放后雪歌向目标进行斩击，造成1次<color=#FF6347>1230%</color>空属性伤害。
155604	1556	4	锐骁行进曲.空	Assets/Product/Texture/Image/IconPetSkill/Pet3SoundSkillzhudong06.png	任意消除6个基础信号球后，会激活辅助机按钮，释放后雪歌向目标进行斩击，造成1次<color=#FF6347>1640%</color>空属性伤害。
155605	1556	5	锐骁行进曲.空	Assets/Product/Texture/Image/IconPetSkill/Pet3SoundSkillzhudong06.png	任意消除6个基础信号球后，会激活辅助机按钮，释放后雪歌向目标进行斩击，造成1次<color=#FF6347>2050%</color>空属性伤害。
156101	1561	1	熠辉回旋调.物	Assets/Product/Texture/Image/IconPetSkill/Pet3SoundSkillzhudong05.png	任意消除6个基础信号球后，会激活辅助机按钮，释放后雪歌向四周发射刀片并回收，聚集周围的敌方单位并造成2次<color=#FF6347>200%</color>物理伤害。
156102	1561	2	熠辉回旋调.物	Assets/Product/Texture/Image/IconPetSkill/Pet3SoundSkillzhudong05.png	任意消除6个基础信号球后，会激活辅助机按钮，释放后雪歌向四周发射刀片并回收，聚集周围的敌方单位并造成2次<color=#FF6347>400%</color>物理伤害。
156103	1561	3	熠辉回旋调.物	Assets/Product/Texture/Image/IconPetSkill/Pet3SoundSkillzhudong05.png	任意消除6个基础信号球后，会激活辅助机按钮，释放后雪歌向四周发射刀片并回收，聚集周围的敌方单位并造成2次<color=#FF6347>600%</color>物理伤害。
156104	1561	4	熠辉回旋调.物	Assets/Product/Texture/Image/IconPetSkill/Pet3SoundSkillzhudong05.png	任意消除6个基础信号球后，会激活辅助机按钮，释放后雪歌向四周发射刀片并回收，聚集周围的敌方单位并造成2次<color=#FF6347>800%</color>物理伤害。
156105	1561	5	熠辉回旋调.物	Assets/Product/Texture/Image/IconPetSkill/Pet3SoundSkillzhudong05.png	任意消除6个基础信号球后，会激活辅助机按钮，释放后雪歌向四周发射刀片并回收，聚集周围的敌方单位并造成2次<color=#FF6347>1000%</color>物理伤害。
156201	1562	1	熠辉回旋调.火	Assets/Product/Texture/Image/IconPetSkill/Pet3SoundSkillzhudong01.png	任意消除6个基础信号球后，会激活辅助机按钮，释放后雪歌向四周发射刀片并回收，聚集周围的敌方单位并造成2次<color=#FF6347>200%</color>火属性伤害。
156202	1562	2	熠辉回旋调.火	Assets/Product/Texture/Image/IconPetSkill/Pet3SoundSkillzhudong01.png	任意消除6个基础信号球后，会激活辅助机按钮，释放后雪歌向四周发射刀片并回收，聚集周围的敌方单位并造成2次<color=#FF6347>400%</color>火属性伤害。
156203	1562	3	熠辉回旋调.火	Assets/Product/Texture/Image/IconPetSkill/Pet3SoundSkillzhudong01.png	任意消除6个基础信号球后，会激活辅助机按钮，释放后雪歌向四周发射刀片并回收，聚集周围的敌方单位并造成2次<color=#FF6347>600%</color>火属性伤害。
156204	1562	4	熠辉回旋调.火	Assets/Product/Texture/Image/IconPetSkill/Pet3SoundSkillzhudong01.png	任意消除6个基础信号球后，会激活辅助机按钮，释放后雪歌向四周发射刀片并回收，聚集周围的敌方单位并造成2次<color=#FF6347>800%</color>火属性伤害。
156205	1562	5	熠辉回旋调.火	Assets/Product/Texture/Image/IconPetSkill/Pet3SoundSkillzhudong01.png	任意消除6个基础信号球后，会激活辅助机按钮，释放后雪歌向四周发射刀片并回收，聚集周围的敌方单位并造成2次<color=#FF6347>1000%</color>火属性伤害。
156301	1563	1	熠辉回旋调.冰	Assets/Product/Texture/Image/IconPetSkill/Pet3SoundSkillzhudong02.png	任意消除6个基础信号球后，会激活辅助机按钮，释放后雪歌向四周发射刀片并回收，聚集周围的敌方单位并造成2次<color=#FF6347>200%</color>冰属性伤害。
156302	1563	2	熠辉回旋调.冰	Assets/Product/Texture/Image/IconPetSkill/Pet3SoundSkillzhudong02.png	任意消除6个基础信号球后，会激活辅助机按钮，释放后雪歌向四周发射刀片并回收，聚集周围的敌方单位并造成2次<color=#FF6347>400%</color>冰属性伤害。
156303	1563	3	熠辉回旋调.冰	Assets/Product/Texture/Image/IconPetSkill/Pet3SoundSkillzhudong02.png	任意消除6个基础信号球后，会激活辅助机按钮，释放后雪歌向四周发射刀片并回收，聚集周围的敌方单位并造成2次<color=#FF6347>600%</color>冰属性伤害。
156304	1563	4	熠辉回旋调.冰	Assets/Product/Texture/Image/IconPetSkill/Pet3SoundSkillzhudong02.png	任意消除6个基础信号球后，会激活辅助机按钮，释放后雪歌向四周发射刀片并回收，聚集周围的敌方单位并造成2次<color=#FF6347>800%</color>冰属性伤害。
156305	1563	5	熠辉回旋调.冰	Assets/Product/Texture/Image/IconPetSkill/Pet3SoundSkillzhudong02.png	任意消除6个基础信号球后，会激活辅助机按钮，释放后雪歌向四周发射刀片并回收，聚集周围的敌方单位并造成2次<color=#FF6347>1000%</color>冰属性伤害。
156401	1564	1	熠辉回旋调.雷	Assets/Product/Texture/Image/IconPetSkill/Pet3SoundSkillzhudong03.png	任意消除6个基础信号球后，会激活辅助机按钮，释放后雪歌向四周发射刀片并回收，聚集周围的敌方单位并造成2次<color=#FF6347>200%</color>雷属性伤害。
156402	1564	2	熠辉回旋调.雷	Assets/Product/Texture/Image/IconPetSkill/Pet3SoundSkillzhudong03.png	任意消除6个基础信号球后，会激活辅助机按钮，释放后雪歌向四周发射刀片并回收，聚集周围的敌方单位并造成2次<color=#FF6347>400%</color>雷属性伤害。
156403	1564	3	熠辉回旋调.雷	Assets/Product/Texture/Image/IconPetSkill/Pet3SoundSkillzhudong03.png	任意消除6个基础信号球后，会激活辅助机按钮，释放后雪歌向四周发射刀片并回收，聚集周围的敌方单位并造成2次<color=#FF6347>600%</color>雷属性伤害。
156404	1564	4	熠辉回旋调.雷	Assets/Product/Texture/Image/IconPetSkill/Pet3SoundSkillzhudong03.png	任意消除6个基础信号球后，会激活辅助机按钮，释放后雪歌向四周发射刀片并回收，聚集周围的敌方单位并造成2次<color=#FF6347>800%</color>雷属性伤害。
156405	1564	5	熠辉回旋调.雷	Assets/Product/Texture/Image/IconPetSkill/Pet3SoundSkillzhudong03.png	任意消除6个基础信号球后，会激活辅助机按钮，释放后雪歌向四周发射刀片并回收，聚集周围的敌方单位并造成2次<color=#FF6347>1000%</color>雷属性伤害。
156501	1565	1	熠辉回旋调.暗	Assets/Product/Texture/Image/IconPetSkill/Pet3SoundSkillzhudong04.png	任意消除6个基础信号球后，会激活辅助机按钮，释放后雪歌向四周发射刀片并回收，聚集周围的敌方单位并造成2次<color=#FF6347>200%</color>暗属性伤害。
156502	1565	2	熠辉回旋调.暗	Assets/Product/Texture/Image/IconPetSkill/Pet3SoundSkillzhudong04.png	任意消除6个基础信号球后，会激活辅助机按钮，释放后雪歌向四周发射刀片并回收，聚集周围的敌方单位并造成2次<color=#FF6347>400%</color>暗属性伤害。
156503	1565	3	熠辉回旋调.暗	Assets/Product/Texture/Image/IconPetSkill/Pet3SoundSkillzhudong04.png	任意消除6个基础信号球后，会激活辅助机按钮，释放后雪歌向四周发射刀片并回收，聚集周围的敌方单位并造成2次<color=#FF6347>600%</color>暗属性伤害。
156504	1565	4	熠辉回旋调.暗	Assets/Product/Texture/Image/IconPetSkill/Pet3SoundSkillzhudong04.png	任意消除6个基础信号球后，会激活辅助机按钮，释放后雪歌向四周发射刀片并回收，聚集周围的敌方单位并造成2次<color=#FF6347>800%</color>暗属性伤害。
156505	1565	5	熠辉回旋调.暗	Assets/Product/Texture/Image/IconPetSkill/Pet3SoundSkillzhudong04.png	任意消除6个基础信号球后，会激活辅助机按钮，释放后雪歌向四周发射刀片并回收，聚集周围的敌方单位并造成2次<color=#FF6347>1000%</color>暗属性伤害。
156601	1566	1	熠辉回旋调.空	Assets/Product/Texture/Image/IconPetSkill/Pet3SoundSkillzhudong06.png	任意消除6个基础信号球后，会激活辅助机按钮，释放后雪歌向四周发射刀片并回收，聚集周围的敌方单位并造成2次<color=#FF6347>200%</color>空属性伤害。
156602	1566	2	熠辉回旋调.空	Assets/Product/Texture/Image/IconPetSkill/Pet3SoundSkillzhudong06.png	任意消除6个基础信号球后，会激活辅助机按钮，释放后雪歌向四周发射刀片并回收，聚集周围的敌方单位并造成2次<color=#FF6347>400%</color>空属性伤害。
156603	1566	3	熠辉回旋调.空	Assets/Product/Texture/Image/IconPetSkill/Pet3SoundSkillzhudong06.png	任意消除6个基础信号球后，会激活辅助机按钮，释放后雪歌向四周发射刀片并回收，聚集周围的敌方单位并造成2次<color=#FF6347>600%</color>空属性伤害。
156604	1566	4	熠辉回旋调.空	Assets/Product/Texture/Image/IconPetSkill/Pet3SoundSkillzhudong06.png	任意消除6个基础信号球后，会激活辅助机按钮，释放后雪歌向四周发射刀片并回收，聚集周围的敌方单位并造成2次<color=#FF6347>800%</color>空属性伤害。
156605	1566	5	熠辉回旋调.空	Assets/Product/Texture/Image/IconPetSkill/Pet3SoundSkillzhudong06.png	任意消除6个基础信号球后，会激活辅助机按钮，释放后雪歌向四周发射刀片并回收，聚集周围的敌方单位并造成2次<color=#FF6347>1000%</color>空属性伤害。
7700001	77000	1	临阵号角	Assets/Product/Texture/Image/IconPetSkill/Pet3SoundSkillbeidong01.png	雪歌主动技伤害提高<color=#0f70bc>14%</color>
7700002	77000	2	临阵号角	Assets/Product/Texture/Image/IconPetSkill/Pet3SoundSkillbeidong01.png	雪歌主动技伤害提高<color=#0f70bc>28%</color>
7700003	77000	3	临阵号角	Assets/Product/Texture/Image/IconPetSkill/Pet3SoundSkillbeidong01.png	雪歌主动技伤害提高<color=#0f70bc>42%</color>
7700004	77000	4	临阵号角	Assets/Product/Texture/Image/IconPetSkill/Pet3SoundSkillbeidong01.png	雪歌主动技伤害提高<color=#0f70bc>56%</color>
7700005	77000	5	临阵号角	Assets/Product/Texture/Image/IconPetSkill/Pet3SoundSkillbeidong01.png	雪歌主动技伤害提高<color=#0f70bc>70%</color>
7701001	77010	1	告胜凯歌	Assets/Product/Texture/Image/IconPetSkill/Pet3DolphinSkillbeidong02.png	携带角色攻击力提高<color=#0f70bc>20</color>
7701002	77010	2	告胜凯歌	Assets/Product/Texture/Image/IconPetSkill/Pet3DolphinSkillbeidong02.png	携带角色攻击力提高<color=#0f70bc>40</color>
7701003	77010	3	告胜凯歌	Assets/Product/Texture/Image/IconPetSkill/Pet3DolphinSkillbeidong02.png	携带角色攻击力提高<color=#0f70bc>60</color>
7701004	77010	4	告胜凯歌	Assets/Product/Texture/Image/IconPetSkill/Pet3DolphinSkillbeidong02.png	携带角色攻击力提高<color=#0f70bc>80</color>
7701005	77010	5	告胜凯歌	Assets/Product/Texture/Image/IconPetSkill/Pet3DolphinSkillbeidong02.png	携带角色攻击力提高<color=#0f70bc>100</color>
7702001	77020	1	欢曲萦奏	Assets/Product/Texture/Image/IconPetSkill/Pet3SoundSkillbeidong03.png	雪歌释放主动技后，携带角色额外伤害加成提高<color=#0f70bc>1%</color>，持续8秒，重复触发刷新持续时间。
7702002	77020	2	欢曲萦奏	Assets/Product/Texture/Image/IconPetSkill/Pet3SoundSkillbeidong03.png	雪歌释放主动技后，携带角色额外伤害加成提高<color=#0f70bc>2%</color>，持续8秒，重复触发刷新持续时间。
7702003	77020	3	欢曲萦奏	Assets/Product/Texture/Image/IconPetSkill/Pet3SoundSkillbeidong03.png	雪歌释放主动技后，携带角色额外伤害加成提高<color=#0f70bc>3%</color>，持续8秒，重复触发刷新持续时间。
7702004	77020	4	欢曲萦奏	Assets/Product/Texture/Image/IconPetSkill/Pet3SoundSkillbeidong03.png	雪歌释放主动技后，携带角色额外伤害加成提高<color=#0f70bc>4%</color>，持续8秒，重复触发刷新持续时间。
7702005	77020	5	欢曲萦奏	Assets/Product/Texture/Image/IconPetSkill/Pet3SoundSkillbeidong03.png	雪歌释放主动技后，携带角色额外伤害加成提高<color=#0f70bc>5%</color>，持续8秒，重复触发刷新持续时间。
7703001	77030	1	光晦并序	Assets/Product/Texture/Image/IconPetSkill/Pet3SoundSkillbeidong04.png	携带角色物理伤害提高<color=#0f70bc>2%</color>。<color=#0f70bc>冰刺</color>存续期间，覆冰属性伤害提高<color=#0f70bc>2%</color>。
7703002	77030	2	光晦并序	Assets/Product/Texture/Image/IconPetSkill/Pet3SoundSkillbeidong04.png	携带角色物理伤害提高<color=#0f70bc>4%</color>。<color=#0f70bc>冰刺</color>存续期间，覆冰属性伤害提高<color=#0f70bc>4%</color>。
7703003	77030	3	光晦并序	Assets/Product/Texture/Image/IconPetSkill/Pet3SoundSkillbeidong04.png	携带角色物理伤害提高<color=#0f70bc>6%</color>。<color=#0f70bc>冰刺</color>存续期间，覆冰属性伤害提高<color=#0f70bc>6%</color>。
7703004	77030	4	光晦并序	Assets/Product/Texture/Image/IconPetSkill/Pet3SoundSkillbeidong04.png	携带角色物理伤害提高<color=#0f70bc>8%</color>。<color=#0f70bc>冰刺</color>存续期间，覆冰属性伤害提高<color=#0f70bc>8%</color>。
7703005	77030	5	光晦并序	Assets/Product/Texture/Image/IconPetSkill/Pet3SoundSkillbeidong04.png	携带角色物理伤害提高<color=#0f70bc>10%</color>。<color=#0f70bc>冰刺</color>存续期间，覆冰属性伤害提高<color=#0f70bc>10%</color>。
7704001	77040	1	擂钟嘹鸣	Assets/Product/Texture/Image/IconPetSkill/Pet3SoundSkillbeidong05.png	赛琳娜·希声携带雪歌释放<color=#0f70bc>律调怒放</color>后，召唤雪歌协同攻击，造成3次<color=#0f70bc>200%</color>物理伤害；释放<color=#0f70bc>普攻-音刃延鸣</color>时自身攻击力提升<color=#0f70bc>8%</color>，持续8秒，重复触发刷新持续时间。
7704002	77040	2	擂钟嘹鸣	Assets/Product/Texture/Image/IconPetSkill/Pet3SoundSkillbeidong05.png	赛琳娜·希声携带雪歌释放<color=#0f70bc>律调怒放</color>后，召唤雪歌协同攻击，造成3次<color=#0f70bc>400%</color>物理伤害；释放<color=#0f70bc>普攻-音刃延鸣</color>时自身攻击力提升<color=#0f70bc>16%</color>，持续8秒，重复触发刷新持续时间。
7704003	77040	3	擂钟嘹鸣	Assets/Product/Texture/Image/IconPetSkill/Pet3SoundSkillbeidong05.png	赛琳娜·希声携带雪歌释放<color=#0f70bc>律调怒放</color>后，召唤雪歌协同攻击，造成3次<color=#0f70bc>600%</color>物理伤害；释放<color=#0f70bc>普攻-音刃延鸣</color>时自身攻击力提升<color=#0f70bc>24%</color>，持续8秒，重复触发刷新持续时间。
7704004	77040	4	擂钟嘹鸣	Assets/Product/Texture/Image/IconPetSkill/Pet3SoundSkillbeidong05.png	赛琳娜·希声携带雪歌释放<color=#0f70bc>律调怒放</color>后，召唤雪歌协同攻击，造成3次<color=#0f70bc>800%</color>物理伤害；释放<color=#0f70bc>普攻-音刃延鸣</color>时自身攻击力提升<color=#0f70bc>32%</color>，持续8秒，重复触发刷新持续时间。
7704005	77040	5	擂钟嘹鸣	Assets/Product/Texture/Image/IconPetSkill/Pet3SoundSkillbeidong05.png	赛琳娜·希声携带雪歌释放<color=#0f70bc>律调怒放</color>后，召唤雪歌协同攻击，造成3次<color=#0f70bc>1000%</color>物理伤害；释放<color=#0f70bc>普攻-音刃延鸣</color>时自身攻击力提升<color=#0f70bc>40%</color>，持续8秒，重复触发刷新持续时间。
157101	1571	1	猎影追踪.物	Assets/Product/Texture/Image/IconPetSkill/Pet3RedwolfSkillzhudong05.png	任意消除6个基础信号球后，会激活辅助机按钮，释放后啸牙向目标发射激光，造成4次<color=#FF6347>110%</color>物理伤害。
157102	1571	2	猎影追踪.物	Assets/Product/Texture/Image/IconPetSkill/Pet3RedwolfSkillzhudong05.png	任意消除6个基础信号球后，会激活辅助机按钮，释放后啸牙向目标发射激光，造成4次<color=#FF6347>220%</color>物理伤害。
157103	1571	3	猎影追踪.物	Assets/Product/Texture/Image/IconPetSkill/Pet3RedwolfSkillzhudong05.png	任意消除6个基础信号球后，会激活辅助机按钮，释放后啸牙向目标发射激光，造成4次<color=#FF6347>330%</color>物理伤害。
157104	1571	4	猎影追踪.物	Assets/Product/Texture/Image/IconPetSkill/Pet3RedwolfSkillzhudong05.png	任意消除6个基础信号球后，会激活辅助机按钮，释放后啸牙向目标发射激光，造成4次<color=#FF6347>440%</color>物理伤害。
157105	1571	5	猎影追踪.物	Assets/Product/Texture/Image/IconPetSkill/Pet3RedwolfSkillzhudong05.png	任意消除6个基础信号球后，会激活辅助机按钮，释放后啸牙向目标发射激光，造成4次<color=#FF6347>550%</color>物理伤害。
157201	1572	1	猎影追踪.火	Assets/Product/Texture/Image/IconPetSkill/Pet3RedwolfSkillzhudong01.png	任意消除6个基础信号球后，会激活辅助机按钮，释放后啸牙向目标发射激光，造成4次<color=#FF6347>110%</color>火属性伤害。
157202	1572	2	猎影追踪.火	Assets/Product/Texture/Image/IconPetSkill/Pet3RedwolfSkillzhudong01.png	任意消除6个基础信号球后，会激活辅助机按钮，释放后啸牙向目标发射激光，造成4次<color=#FF6347>220%</color>火属性伤害。
157203	1572	3	猎影追踪.火	Assets/Product/Texture/Image/IconPetSkill/Pet3RedwolfSkillzhudong01.png	任意消除6个基础信号球后，会激活辅助机按钮，释放后啸牙向目标发射激光，造成4次<color=#FF6347>330%</color>火属性伤害。
157204	1572	4	猎影追踪.火	Assets/Product/Texture/Image/IconPetSkill/Pet3RedwolfSkillzhudong01.png	任意消除6个基础信号球后，会激活辅助机按钮，释放后啸牙向目标发射激光，造成4次<color=#FF6347>440%</color>火属性伤害。
157205	1572	5	猎影追踪.火	Assets/Product/Texture/Image/IconPetSkill/Pet3RedwolfSkillzhudong01.png	任意消除6个基础信号球后，会激活辅助机按钮，释放后啸牙向目标发射激光，造成4次<color=#FF6347>550%</color>火属性伤害。
157301	1573	1	猎影追踪.冰	Assets/Product/Texture/Image/IconPetSkill/Pet3RedwolfSkillzhudong02.png	任意消除6个基础信号球后，会激活辅助机按钮，释放后啸牙向目标发射激光，造成4次<color=#FF6347>110%</color>冰属性伤害。
157302	1573	2	猎影追踪.冰	Assets/Product/Texture/Image/IconPetSkill/Pet3RedwolfSkillzhudong02.png	任意消除6个基础信号球后，会激活辅助机按钮，释放后啸牙向目标发射激光，造成4次<color=#FF6347>220%</color>冰属性伤害。
157303	1573	3	猎影追踪.冰	Assets/Product/Texture/Image/IconPetSkill/Pet3RedwolfSkillzhudong02.png	任意消除6个基础信号球后，会激活辅助机按钮，释放后啸牙向目标发射激光，造成4次<color=#FF6347>330%</color>冰属性伤害。
157304	1573	4	猎影追踪.冰	Assets/Product/Texture/Image/IconPetSkill/Pet3RedwolfSkillzhudong02.png	任意消除6个基础信号球后，会激活辅助机按钮，释放后啸牙向目标发射激光，造成4次<color=#FF6347>440%</color>冰属性伤害。
157305	1573	5	猎影追踪.冰	Assets/Product/Texture/Image/IconPetSkill/Pet3RedwolfSkillzhudong02.png	任意消除6个基础信号球后，会激活辅助机按钮，释放后啸牙向目标发射激光，造成4次<color=#FF6347>550%</color>冰属性伤害。
157401	1574	1	猎影追踪.雷	Assets/Product/Texture/Image/IconPetSkill/Pet3RedwolfSkillzhudong03.png	任意消除6个基础信号球后，会激活辅助机按钮，释放后啸牙向目标发射激光，造成4次<color=#FF6347>110%</color>雷属性伤害。
157402	1574	2	猎影追踪.雷	Assets/Product/Texture/Image/IconPetSkill/Pet3RedwolfSkillzhudong03.png	任意消除6个基础信号球后，会激活辅助机按钮，释放后啸牙向目标发射激光，造成4次<color=#FF6347>220%</color>雷属性伤害。
157403	1574	3	猎影追踪.雷	Assets/Product/Texture/Image/IconPetSkill/Pet3RedwolfSkillzhudong03.png	任意消除6个基础信号球后，会激活辅助机按钮，释放后啸牙向目标发射激光，造成4次<color=#FF6347>330%</color>雷属性伤害。
157404	1574	4	猎影追踪.雷	Assets/Product/Texture/Image/IconPetSkill/Pet3RedwolfSkillzhudong03.png	任意消除6个基础信号球后，会激活辅助机按钮，释放后啸牙向目标发射激光，造成4次<color=#FF6347>440%</color>雷属性伤害。
157405	1574	5	猎影追踪.雷	Assets/Product/Texture/Image/IconPetSkill/Pet3RedwolfSkillzhudong03.png	任意消除6个基础信号球后，会激活辅助机按钮，释放后啸牙向目标发射激光，造成4次<color=#FF6347>550%</color>雷属性伤害。
157501	1575	1	猎影追踪.暗	Assets/Product/Texture/Image/IconPetSkill/Pet3RedwolfSkillzhudong04.png	任意消除6个基础信号球后，会激活辅助机按钮，释放后啸牙向目标发射激光，造成4次<color=#FF6347>110%</color>暗属性伤害。
157502	1575	2	猎影追踪.暗	Assets/Product/Texture/Image/IconPetSkill/Pet3RedwolfSkillzhudong04.png	任意消除6个基础信号球后，会激活辅助机按钮，释放后啸牙向目标发射激光，造成4次<color=#FF6347>220%</color>暗属性伤害。
157503	1575	3	猎影追踪.暗	Assets/Product/Texture/Image/IconPetSkill/Pet3RedwolfSkillzhudong04.png	任意消除6个基础信号球后，会激活辅助机按钮，释放后啸牙向目标发射激光，造成4次<color=#FF6347>330%</color>暗属性伤害。
157504	1575	4	猎影追踪.暗	Assets/Product/Texture/Image/IconPetSkill/Pet3RedwolfSkillzhudong04.png	任意消除6个基础信号球后，会激活辅助机按钮，释放后啸牙向目标发射激光，造成4次<color=#FF6347>440%</color>暗属性伤害。
157505	1575	5	猎影追踪.暗	Assets/Product/Texture/Image/IconPetSkill/Pet3RedwolfSkillzhudong04.png	任意消除6个基础信号球后，会激活辅助机按钮，释放后啸牙向目标发射激光，造成4次<color=#FF6347>550%</color>暗属性伤害。
157601	1576	1	猎影追踪.空	Assets/Product/Texture/Image/IconPetSkill/Pet3RedwolfSkillzhudong06.png	任意消除6个基础信号球后，会激活辅助机按钮，释放后啸牙向目标发射激光，造成4次<color=#FF6347>110%</color>空属性伤害。
157602	1576	2	猎影追踪.空	Assets/Product/Texture/Image/IconPetSkill/Pet3RedwolfSkillzhudong06.png	任意消除6个基础信号球后，会激活辅助机按钮，释放后啸牙向目标发射激光，造成4次<color=#FF6347>220%</color>空属性伤害。
157603	1576	3	猎影追踪.空	Assets/Product/Texture/Image/IconPetSkill/Pet3RedwolfSkillzhudong06.png	任意消除6个基础信号球后，会激活辅助机按钮，释放后啸牙向目标发射激光，造成4次<color=#FF6347>330%</color>空属性伤害。
157604	1576	4	猎影追踪.空	Assets/Product/Texture/Image/IconPetSkill/Pet3RedwolfSkillzhudong06.png	任意消除6个基础信号球后，会激活辅助机按钮，释放后啸牙向目标发射激光，造成4次<color=#FF6347>440%</color>空属性伤害。
157605	1576	5	猎影追踪.空	Assets/Product/Texture/Image/IconPetSkill/Pet3RedwolfSkillzhudong06.png	任意消除6个基础信号球后，会激活辅助机按钮，释放后啸牙向目标发射激光，造成4次<color=#FF6347>550%</color>空属性伤害。
158101	1581	1	蚀月撕咬.物	Assets/Product/Texture/Image/IconPetSkill/Pet3RedwolfSkillzhudong05.png	任意消除6个基础信号球后，会激活辅助机按钮，释放后啸牙口衔光刃对目标发起攻击，聚集周围的敌方单位并造成2次<color=#FF6347>200%</color>物理伤害。
158102	1581	2	蚀月撕咬.物	Assets/Product/Texture/Image/IconPetSkill/Pet3RedwolfSkillzhudong05.png	任意消除6个基础信号球后，会激活辅助机按钮，释放后啸牙口衔光刃对目标发起攻击，聚集周围的敌方单位并造成2次<color=#FF6347>400%</color>物理伤害。
158103	1581	3	蚀月撕咬.物	Assets/Product/Texture/Image/IconPetSkill/Pet3RedwolfSkillzhudong05.png	任意消除6个基础信号球后，会激活辅助机按钮，释放后啸牙口衔光刃对目标发起攻击，聚集周围的敌方单位并造成2次<color=#FF6347>600%</color>物理伤害。
158104	1581	4	蚀月撕咬.物	Assets/Product/Texture/Image/IconPetSkill/Pet3RedwolfSkillzhudong05.png	任意消除6个基础信号球后，会激活辅助机按钮，释放后啸牙口衔光刃对目标发起攻击，聚集周围的敌方单位并造成2次<color=#FF6347>800%</color>物理伤害。
158105	1581	5	蚀月撕咬.物	Assets/Product/Texture/Image/IconPetSkill/Pet3RedwolfSkillzhudong05.png	任意消除6个基础信号球后，会激活辅助机按钮，释放后啸牙口衔光刃对目标发起攻击，聚集周围的敌方单位并造成2次<color=#FF6347>1000%</color>物理伤害。
158201	1582	1	蚀月撕咬.火	Assets/Product/Texture/Image/IconPetSkill/Pet3RedwolfSkillzhudong01.png	任意消除6个基础信号球后，会激活辅助机按钮，释放后啸牙口衔光刃对目标发起攻击，聚集周围的敌方单位并造成2次<color=#FF6347>200%</color>火属性伤害。
158202	1582	2	蚀月撕咬.火	Assets/Product/Texture/Image/IconPetSkill/Pet3RedwolfSkillzhudong01.png	任意消除6个基础信号球后，会激活辅助机按钮，释放后啸牙口衔光刃对目标发起攻击，聚集周围的敌方单位并造成2次<color=#FF6347>400%</color>火属性伤害。
158203	1582	3	蚀月撕咬.火	Assets/Product/Texture/Image/IconPetSkill/Pet3RedwolfSkillzhudong01.png	任意消除6个基础信号球后，会激活辅助机按钮，释放后啸牙口衔光刃对目标发起攻击，聚集周围的敌方单位并造成2次<color=#FF6347>600%</color>火属性伤害。
158204	1582	4	蚀月撕咬.火	Assets/Product/Texture/Image/IconPetSkill/Pet3RedwolfSkillzhudong01.png	任意消除6个基础信号球后，会激活辅助机按钮，释放后啸牙口衔光刃对目标发起攻击，聚集周围的敌方单位并造成2次<color=#FF6347>800%</color>火属性伤害。
158205	1582	5	蚀月撕咬.火	Assets/Product/Texture/Image/IconPetSkill/Pet3RedwolfSkillzhudong01.png	任意消除6个基础信号球后，会激活辅助机按钮，释放后啸牙口衔光刃对目标发起攻击，聚集周围的敌方单位并造成2次<color=#FF6347>1000%</color>火属性伤害。
158301	1583	1	蚀月撕咬.冰	Assets/Product/Texture/Image/IconPetSkill/Pet3RedwolfSkillzhudong02.png	任意消除6个基础信号球后，会激活辅助机按钮，释放后啸牙口衔光刃对目标发起攻击，聚集周围的敌方单位并造成2次<color=#FF6347>200%</color>冰属性伤害。
158302	1583	2	蚀月撕咬.冰	Assets/Product/Texture/Image/IconPetSkill/Pet3RedwolfSkillzhudong02.png	任意消除6个基础信号球后，会激活辅助机按钮，释放后啸牙口衔光刃对目标发起攻击，聚集周围的敌方单位并造成2次<color=#FF6347>400%</color>冰属性伤害。
158303	1583	3	蚀月撕咬.冰	Assets/Product/Texture/Image/IconPetSkill/Pet3RedwolfSkillzhudong02.png	任意消除6个基础信号球后，会激活辅助机按钮，释放后啸牙口衔光刃对目标发起攻击，聚集周围的敌方单位并造成2次<color=#FF6347>600%</color>冰属性伤害。
158304	1583	4	蚀月撕咬.冰	Assets/Product/Texture/Image/IconPetSkill/Pet3RedwolfSkillzhudong02.png	任意消除6个基础信号球后，会激活辅助机按钮，释放后啸牙口衔光刃对目标发起攻击，聚集周围的敌方单位并造成2次<color=#FF6347>800%</color>冰属性伤害。
158305	1583	5	蚀月撕咬.冰	Assets/Product/Texture/Image/IconPetSkill/Pet3RedwolfSkillzhudong02.png	任意消除6个基础信号球后，会激活辅助机按钮，释放后啸牙口衔光刃对目标发起攻击，聚集周围的敌方单位并造成2次<color=#FF6347>1000%</color>冰属性伤害。
158401	1584	1	蚀月撕咬.雷	Assets/Product/Texture/Image/IconPetSkill/Pet3RedwolfSkillzhudong03.png	任意消除6个基础信号球后，会激活辅助机按钮，释放后啸牙口衔光刃对目标发起攻击，聚集周围的敌方单位并造成2次<color=#FF6347>200%</color>雷属性伤害。
158402	1584	2	蚀月撕咬.雷	Assets/Product/Texture/Image/IconPetSkill/Pet3RedwolfSkillzhudong03.png	任意消除6个基础信号球后，会激活辅助机按钮，释放后啸牙口衔光刃对目标发起攻击，聚集周围的敌方单位并造成2次<color=#FF6347>400%</color>雷属性伤害。
158403	1584	3	蚀月撕咬.雷	Assets/Product/Texture/Image/IconPetSkill/Pet3RedwolfSkillzhudong03.png	任意消除6个基础信号球后，会激活辅助机按钮，释放后啸牙口衔光刃对目标发起攻击，聚集周围的敌方单位并造成2次<color=#FF6347>600%</color>雷属性伤害。
158404	1584	4	蚀月撕咬.雷	Assets/Product/Texture/Image/IconPetSkill/Pet3RedwolfSkillzhudong03.png	任意消除6个基础信号球后，会激活辅助机按钮，释放后啸牙口衔光刃对目标发起攻击，聚集周围的敌方单位并造成2次<color=#FF6347>800%</color>雷属性伤害。
158405	1584	5	蚀月撕咬.雷	Assets/Product/Texture/Image/IconPetSkill/Pet3RedwolfSkillzhudong03.png	任意消除6个基础信号球后，会激活辅助机按钮，释放后啸牙口衔光刃对目标发起攻击，聚集周围的敌方单位并造成2次<color=#FF6347>1000%</color>雷属性伤害。
158501	1585	1	蚀月撕咬.暗	Assets/Product/Texture/Image/IconPetSkill/Pet3RedwolfSkillzhudong04.png	任意消除6个基础信号球后，会激活辅助机按钮，释放后啸牙口衔光刃对目标发起攻击，聚集周围的敌方单位并造成2次<color=#FF6347>200%</color>暗属性伤害。
158502	1585	2	蚀月撕咬.暗	Assets/Product/Texture/Image/IconPetSkill/Pet3RedwolfSkillzhudong04.png	任意消除6个基础信号球后，会激活辅助机按钮，释放后啸牙口衔光刃对目标发起攻击，聚集周围的敌方单位并造成2次<color=#FF6347>400%</color>暗属性伤害。
158503	1585	3	蚀月撕咬.暗	Assets/Product/Texture/Image/IconPetSkill/Pet3RedwolfSkillzhudong04.png	任意消除6个基础信号球后，会激活辅助机按钮，释放后啸牙口衔光刃对目标发起攻击，聚集周围的敌方单位并造成2次<color=#FF6347>600%</color>暗属性伤害。
158504	1585	4	蚀月撕咬.暗	Assets/Product/Texture/Image/IconPetSkill/Pet3RedwolfSkillzhudong04.png	任意消除6个基础信号球后，会激活辅助机按钮，释放后啸牙口衔光刃对目标发起攻击，聚集周围的敌方单位并造成2次<color=#FF6347>800%</color>暗属性伤害。
158505	1585	5	蚀月撕咬.暗	Assets/Product/Texture/Image/IconPetSkill/Pet3RedwolfSkillzhudong04.png	任意消除6个基础信号球后，会激活辅助机按钮，释放后啸牙口衔光刃对目标发起攻击，聚集周围的敌方单位并造成2次<color=#FF6347>1000%</color>暗属性伤害。
158601	1586	1	蚀月撕咬.空	Assets/Product/Texture/Image/IconPetSkill/Pet3RedwolfSkillzhudong06.png	任意消除6个基础信号球后，会激活辅助机按钮，释放后啸牙口衔光刃对目标发起攻击，聚集周围的敌方单位并造成2次<color=#FF6347>200%</color>空属性伤害。
158602	1586	2	蚀月撕咬.空	Assets/Product/Texture/Image/IconPetSkill/Pet3RedwolfSkillzhudong06.png	任意消除6个基础信号球后，会激活辅助机按钮，释放后啸牙口衔光刃对目标发起攻击，聚集周围的敌方单位并造成2次<color=#FF6347>400%</color>空属性伤害。
158603	1586	3	蚀月撕咬.空	Assets/Product/Texture/Image/IconPetSkill/Pet3RedwolfSkillzhudong06.png	任意消除6个基础信号球后，会激活辅助机按钮，释放后啸牙口衔光刃对目标发起攻击，聚集周围的敌方单位并造成2次<color=#FF6347>600%</color>空属性伤害。
158604	1586	4	蚀月撕咬.空	Assets/Product/Texture/Image/IconPetSkill/Pet3RedwolfSkillzhudong06.png	任意消除6个基础信号球后，会激活辅助机按钮，释放后啸牙口衔光刃对目标发起攻击，聚集周围的敌方单位并造成2次<color=#FF6347>800%</color>空属性伤害。
158605	1586	5	蚀月撕咬.空	Assets/Product/Texture/Image/IconPetSkill/Pet3RedwolfSkillzhudong06.png	任意消除6个基础信号球后，会激活辅助机按钮，释放后啸牙口衔光刃对目标发起攻击，聚集周围的敌方单位并造成2次<color=#FF6347>1000%</color>空属性伤害。
7800001	78000	1	迅影印记	Assets/Product/Texture/Image/IconPetSkill/Pet3RedwolfSkillbeidong01.png	啸牙主动技伤害提高<color=#0f70bc>14%</color>
7800002	78000	2	迅影印记	Assets/Product/Texture/Image/IconPetSkill/Pet3RedwolfSkillbeidong01.png	啸牙主动技伤害提高<color=#0f70bc>28%</color>
7800003	78000	3	迅影印记	Assets/Product/Texture/Image/IconPetSkill/Pet3RedwolfSkillbeidong01.png	啸牙主动技伤害提高<color=#0f70bc>42%</color>
7800004	78000	4	迅影印记	Assets/Product/Texture/Image/IconPetSkill/Pet3RedwolfSkillbeidong01.png	啸牙主动技伤害提高<color=#0f70bc>56%</color>
7800005	78000	5	迅影印记	Assets/Product/Texture/Image/IconPetSkill/Pet3RedwolfSkillbeidong01.png	啸牙主动技伤害提高<color=#0f70bc>70%</color>
7801001	78010	1	燃爪烬牙	Assets/Product/Texture/Image/IconPetSkill/Pet3DolphinSkillbeidong02.png	携带角色攻击力提高<color=#0f70bc>20</color>
7801002	78010	2	燃爪烬牙	Assets/Product/Texture/Image/IconPetSkill/Pet3DolphinSkillbeidong02.png	携带角色攻击力提高<color=#0f70bc>40</color>
7801003	78010	3	燃爪烬牙	Assets/Product/Texture/Image/IconPetSkill/Pet3DolphinSkillbeidong02.png	携带角色攻击力提高<color=#0f70bc>60</color>
7801004	78010	4	燃爪烬牙	Assets/Product/Texture/Image/IconPetSkill/Pet3DolphinSkillbeidong02.png	携带角色攻击力提高<color=#0f70bc>80</color>
7801005	78010	5	燃爪烬牙	Assets/Product/Texture/Image/IconPetSkill/Pet3DolphinSkillbeidong02.png	携带角色攻击力提高<color=#0f70bc>100</color>
7802001	78020	1	夜陨巡狩	Assets/Product/Texture/Image/IconPetSkill/Pet3RedwolfSkillbeidong03.png	啸牙释放主动技后，携带角色额外伤害加成提高<color=#0f70bc>1%</color>，持续8秒，重复触发刷新持续时间。
7802002	78020	2	夜陨巡狩	Assets/Product/Texture/Image/IconPetSkill/Pet3RedwolfSkillbeidong03.png	啸牙释放主动技后，携带角色额外伤害加成提高<color=#0f70bc>2%</color>，持续8秒，重复触发刷新持续时间。
7802003	78020	3	夜陨巡狩	Assets/Product/Texture/Image/IconPetSkill/Pet3RedwolfSkillbeidong03.png	啸牙释放主动技后，携带角色额外伤害加成提高<color=#0f70bc>3%</color>，持续8秒，重复触发刷新持续时间。
7802004	78020	4	夜陨巡狩	Assets/Product/Texture/Image/IconPetSkill/Pet3RedwolfSkillbeidong03.png	啸牙释放主动技后，携带角色额外伤害加成提高<color=#0f70bc>4%</color>，持续8秒，重复触发刷新持续时间。
7802005	78020	5	夜陨巡狩	Assets/Product/Texture/Image/IconPetSkill/Pet3RedwolfSkillbeidong03.png	啸牙释放主动技后，携带角色额外伤害加成提高<color=#0f70bc>5%</color>，持续8秒，重复触发刷新持续时间。
7803001	78030	1	裂齿奇袭	Assets/Product/Texture/Image/IconPetSkill/Pet3RedwolfSkillbeidong04.png	携带角色火属性伤害提高<color=#0f70bc>2%</color>。当<color=#0f70bc>黯衍层数大于等于1</color>时，暗属性伤害提高<color=#0f70bc>2%</color>。
7803002	78030	2	裂齿奇袭	Assets/Product/Texture/Image/IconPetSkill/Pet3RedwolfSkillbeidong04.png	携带角色火属性伤害提高<color=#0f70bc>4%</color>。当<color=#0f70bc>黯衍层数大于等于1</color>时，暗属性伤害提高<color=#0f70bc>4%</color>。
7803003	78030	3	裂齿奇袭	Assets/Product/Texture/Image/IconPetSkill/Pet3RedwolfSkillbeidong04.png	携带角色火属性伤害提高<color=#0f70bc>6%</color>。当<color=#0f70bc>黯衍层数大于等于1</color>时，暗属性伤害提高<color=#0f70bc>6%</color>。
7803004	78030	4	裂齿奇袭	Assets/Product/Texture/Image/IconPetSkill/Pet3RedwolfSkillbeidong04.png	携带角色火属性伤害提高<color=#0f70bc>8%</color>。当<color=#0f70bc>黯衍层数大于等于1</color>时，暗属性伤害提高<color=#0f70bc>8%</color>。
7803005	78030	5	裂齿奇袭	Assets/Product/Texture/Image/IconPetSkill/Pet3RedwolfSkillbeidong04.png	携带角色火属性伤害提高<color=#0f70bc>10%</color>。当<color=#0f70bc>黯衍层数大于等于1</color>时，暗属性伤害提高<color=#0f70bc>10%</color>。
7804001	78040	1	狂猎时刻	Assets/Product/Texture/Image/IconPetSkill/Pet3RedwolfSkillbeidong05.png	薇拉·灼惘携带啸牙释放<color=#0f70bc>燃火熔魂</color>后，召唤啸牙协同攻击，聚集周围的敌方单位并造成2次<color=#0f70bc>300%</color>火属性伤害；释放<color=#0f70bc>聚焰淬夜</color>时，根据清除黄球的数量<color=#0f70bc>1/2/3/4/5/6</color>，<color=#0f70bc>聚焰淬夜</color>基础伤害提升<color=#0f70bc>2%/4%/6%/8%/10%/12%</color>。
7804002	78040	2	狂猎时刻	Assets/Product/Texture/Image/IconPetSkill/Pet3RedwolfSkillbeidong05.png	薇拉·灼惘携带啸牙释放<color=#0f70bc>燃火熔魂</color>后，召唤啸牙协同攻击，聚集周围的敌方单位并造成2次<color=#0f70bc>600%</color>火属性伤害；释放<color=#0f70bc>聚焰淬夜</color>时，根据清除黄球的数量<color=#0f70bc>1/2/3/4/5/6</color>，<color=#0f70bc>聚焰淬夜</color>基础伤害提升<color=#0f70bc>4%/8%/12%/16%/20%/24%</color>。
7804003	78040	3	狂猎时刻	Assets/Product/Texture/Image/IconPetSkill/Pet3RedwolfSkillbeidong05.png	薇拉·灼惘携带啸牙释放<color=#0f70bc>燃火熔魂</color>后，召唤啸牙协同攻击，聚集周围的敌方单位并造成2次<color=#0f70bc>900%</color>火属性伤害；释放<color=#0f70bc>聚焰淬夜</color>时，根据清除黄球的数量<color=#0f70bc>1/2/3/4/5/6</color>，<color=#0f70bc>聚焰淬夜</color>基础伤害提升<color=#0f70bc>6%/12%/18%/24%/30%/36%</color>。
7804004	78040	4	狂猎时刻	Assets/Product/Texture/Image/IconPetSkill/Pet3RedwolfSkillbeidong05.png	薇拉·灼惘携带啸牙释放<color=#0f70bc>燃火熔魂</color>后，召唤啸牙协同攻击，聚集周围的敌方单位并造成2次<color=#0f70bc>1200%</color>火属性伤害；释放<color=#0f70bc>聚焰淬夜</color>时，根据清除黄球的数量<color=#0f70bc>1/2/3/4/5/6</color>，<color=#0f70bc>聚焰淬夜</color>基础伤害提升<color=#0f70bc>8%/16%/24%/32%/40%/48%</color>。
7804005	78040	5	狂猎时刻	Assets/Product/Texture/Image/IconPetSkill/Pet3RedwolfSkillbeidong05.png	薇拉·灼惘携带啸牙释放<color=#0f70bc>燃火熔魂</color>后，召唤啸牙协同攻击，聚集周围的敌方单位并造成2次<color=#0f70bc>1500%</color>火属性伤害；释放<color=#0f70bc>聚焰淬夜</color>时，根据清除黄球的数量<color=#0f70bc>1/2/3/4/5/6</color>，<color=#0f70bc>聚焰淬夜</color>基础伤害提升<color=#0f70bc>10%/20%/30%/40%/50%/60%</color>。
159101	1591	1	急袭.物	Assets/Product/Texture/Image/IconPetSkill/Pet3VmiragebladesSkillzhudong05.png	任意消除6个基础信号球后，会激活异界装备按钮。携带者非维吉尔时，释放后使用急袭幻影剑造成8次<color=#FF6347>50%</color>物理伤害。维吉尔携带时，可强化<color=#0f70bc>狩魔技-急袭/暴雨幻影剑</color>和<color=#0f70bc>狩魔技-怒风/环形幻影剑</color>。
159102	1591	2	急袭.物	Assets/Product/Texture/Image/IconPetSkill/Pet3VmiragebladesSkillzhudong05.png	任意消除6个基础信号球后，会激活异界装备按钮。携带者非维吉尔时，释放后使用急袭幻影剑造成8次<color=#FF6347>100%</color>物理伤害。维吉尔携带时，可强化<color=#0f70bc>狩魔技-急袭/暴雨幻影剑</color>和<color=#0f70bc>狩魔技-怒风/环形幻影剑</color>。
159103	1591	3	急袭.物	Assets/Product/Texture/Image/IconPetSkill/Pet3VmiragebladesSkillzhudong05.png	任意消除6个基础信号球后，会激活异界装备按钮。携带者非维吉尔时，释放后使用急袭幻影剑造成8次<color=#FF6347>150%</color>物理伤害。维吉尔携带时，可强化<color=#0f70bc>狩魔技-急袭/暴雨幻影剑</color>和<color=#0f70bc>狩魔技-怒风/环形幻影剑</color>。
159104	1591	4	急袭.物	Assets/Product/Texture/Image/IconPetSkill/Pet3VmiragebladesSkillzhudong05.png	任意消除6个基础信号球后，会激活异界装备按钮。携带者非维吉尔时，释放后使用急袭幻影剑造成8次<color=#FF6347>200%</color>物理伤害。维吉尔携带时，可强化<color=#0f70bc>狩魔技-急袭/暴雨幻影剑</color>和<color=#0f70bc>狩魔技-怒风/环形幻影剑</color>。
159105	1591	5	急袭.物	Assets/Product/Texture/Image/IconPetSkill/Pet3VmiragebladesSkillzhudong05.png	任意消除6个基础信号球后，会激活异界装备按钮。携带者非维吉尔时，释放后使用急袭幻影剑造成8次<color=#FF6347>250%</color>物理伤害。维吉尔携带时，可强化<color=#0f70bc>狩魔技-急袭/暴雨幻影剑</color>和<color=#0f70bc>狩魔技-怒风/环形幻影剑</color>。
159201	1592	1	急袭.火	Assets/Product/Texture/Image/IconPetSkill/Pet3VmiragebladesSkillzhudong01.png	任意消除6个基础信号球后，会激活异界装备按钮。携带者非维吉尔时，释放后使用急袭幻影剑造成8次<color=#FF6347>50%</color>火属性伤害。维吉尔携带时，可强化<color=#0f70bc>狩魔技-急袭/暴雨幻影剑</color>和<color=#0f70bc>狩魔技-怒风/环形幻影剑</color>。
159202	1592	2	急袭.火	Assets/Product/Texture/Image/IconPetSkill/Pet3VmiragebladesSkillzhudong01.png	任意消除6个基础信号球后，会激活异界装备按钮。携带者非维吉尔时，释放后使用急袭幻影剑造成8次<color=#FF6347>100%</color>火属性伤害。维吉尔携带时，可强化<color=#0f70bc>狩魔技-急袭/暴雨幻影剑</color>和<color=#0f70bc>狩魔技-怒风/环形幻影剑</color>。
159203	1592	3	急袭.火	Assets/Product/Texture/Image/IconPetSkill/Pet3VmiragebladesSkillzhudong01.png	任意消除6个基础信号球后，会激活异界装备按钮。携带者非维吉尔时，释放后使用急袭幻影剑造成8次<color=#FF6347>150%</color>火属性伤害。维吉尔携带时，可强化<color=#0f70bc>狩魔技-急袭/暴雨幻影剑</color>和<color=#0f70bc>狩魔技-怒风/环形幻影剑</color>。
159204	1592	4	急袭.火	Assets/Product/Texture/Image/IconPetSkill/Pet3VmiragebladesSkillzhudong01.png	任意消除6个基础信号球后，会激活异界装备按钮。携带者非维吉尔时，释放后使用急袭幻影剑造成8次<color=#FF6347>200%</color>火属性伤害。维吉尔携带时，可强化<color=#0f70bc>狩魔技-急袭/暴雨幻影剑</color>和<color=#0f70bc>狩魔技-怒风/环形幻影剑</color>。
159205	1592	5	急袭.火	Assets/Product/Texture/Image/IconPetSkill/Pet3VmiragebladesSkillzhudong01.png	任意消除6个基础信号球后，会激活异界装备按钮。携带者非维吉尔时，释放后使用急袭幻影剑造成8次<color=#FF6347>250%</color>火属性伤害。维吉尔携带时，可强化<color=#0f70bc>狩魔技-急袭/暴雨幻影剑</color>和<color=#0f70bc>狩魔技-怒风/环形幻影剑</color>。
159301	1593	1	急袭.冰	Assets/Product/Texture/Image/IconPetSkill/Pet3VmiragebladesSkillzhudong02.png	任意消除6个基础信号球后，会激活异界装备按钮。携带者非维吉尔时，释放后使用急袭幻影剑造成8次<color=#FF6347>50%</color>冰属性伤害。维吉尔携带时，可强化<color=#0f70bc>狩魔技-急袭/暴雨幻影剑</color>和<color=#0f70bc>狩魔技-怒风/环形幻影剑</color>。
159302	1593	2	急袭.冰	Assets/Product/Texture/Image/IconPetSkill/Pet3VmiragebladesSkillzhudong02.png	任意消除6个基础信号球后，会激活异界装备按钮。携带者非维吉尔时，释放后使用急袭幻影剑造成8次<color=#FF6347>100%</color>冰属性伤害。维吉尔携带时，可强化<color=#0f70bc>狩魔技-急袭/暴雨幻影剑</color>和<color=#0f70bc>狩魔技-怒风/环形幻影剑</color>。
159303	1593	3	急袭.冰	Assets/Product/Texture/Image/IconPetSkill/Pet3VmiragebladesSkillzhudong02.png	任意消除6个基础信号球后，会激活异界装备按钮。携带者非维吉尔时，释放后使用急袭幻影剑造成8次<color=#FF6347>150%</color>冰属性伤害。维吉尔携带时，可强化<color=#0f70bc>狩魔技-急袭/暴雨幻影剑</color>和<color=#0f70bc>狩魔技-怒风/环形幻影剑</color>。
159304	1593	4	急袭.冰	Assets/Product/Texture/Image/IconPetSkill/Pet3VmiragebladesSkillzhudong02.png	任意消除6个基础信号球后，会激活异界装备按钮。携带者非维吉尔时，释放后使用急袭幻影剑造成8次<color=#FF6347>200%</color>冰属性伤害。维吉尔携带时，可强化<color=#0f70bc>狩魔技-急袭/暴雨幻影剑</color>和<color=#0f70bc>狩魔技-怒风/环形幻影剑</color>。
159305	1593	5	急袭.冰	Assets/Product/Texture/Image/IconPetSkill/Pet3VmiragebladesSkillzhudong02.png	任意消除6个基础信号球后，会激活异界装备按钮。携带者非维吉尔时，释放后使用急袭幻影剑造成8次<color=#FF6347>250%</color>冰属性伤害。维吉尔携带时，可强化<color=#0f70bc>狩魔技-急袭/暴雨幻影剑</color>和<color=#0f70bc>狩魔技-怒风/环形幻影剑</color>。
159401	1594	1	急袭.雷	Assets/Product/Texture/Image/IconPetSkill/Pet3VmiragebladesSkillzhudong03.png	任意消除6个基础信号球后，会激活异界装备按钮。携带者非维吉尔时，释放后使用急袭幻影剑造成8次<color=#FF6347>50%</color>雷属性伤害。维吉尔携带时，可强化<color=#0f70bc>狩魔技-急袭/暴雨幻影剑</color>和<color=#0f70bc>狩魔技-怒风/环形幻影剑</color>。
159402	1594	2	急袭.雷	Assets/Product/Texture/Image/IconPetSkill/Pet3VmiragebladesSkillzhudong03.png	任意消除6个基础信号球后，会激活异界装备按钮。携带者非维吉尔时，释放后使用急袭幻影剑造成8次<color=#FF6347>100%</color>雷属性伤害。维吉尔携带时，可强化<color=#0f70bc>狩魔技-急袭/暴雨幻影剑</color>和<color=#0f70bc>狩魔技-怒风/环形幻影剑</color>。
159403	1594	3	急袭.雷	Assets/Product/Texture/Image/IconPetSkill/Pet3VmiragebladesSkillzhudong03.png	任意消除6个基础信号球后，会激活异界装备按钮。携带者非维吉尔时，释放后使用急袭幻影剑造成8次<color=#FF6347>150%</color>雷属性伤害。维吉尔携带时，可强化<color=#0f70bc>狩魔技-急袭/暴雨幻影剑</color>和<color=#0f70bc>狩魔技-怒风/环形幻影剑</color>。
159404	1594	4	急袭.雷	Assets/Product/Texture/Image/IconPetSkill/Pet3VmiragebladesSkillzhudong03.png	任意消除6个基础信号球后，会激活异界装备按钮。携带者非维吉尔时，释放后使用急袭幻影剑造成8次<color=#FF6347>200%</color>雷属性伤害。维吉尔携带时，可强化<color=#0f70bc>狩魔技-急袭/暴雨幻影剑</color>和<color=#0f70bc>狩魔技-怒风/环形幻影剑</color>。
159405	1594	5	急袭.雷	Assets/Product/Texture/Image/IconPetSkill/Pet3VmiragebladesSkillzhudong03.png	任意消除6个基础信号球后，会激活异界装备按钮。携带者非维吉尔时，释放后使用急袭幻影剑造成8次<color=#FF6347>250%</color>雷属性伤害。维吉尔携带时，可强化<color=#0f70bc>狩魔技-急袭/暴雨幻影剑</color>和<color=#0f70bc>狩魔技-怒风/环形幻影剑</color>。
159501	1595	1	急袭·暗	Assets/Product/Texture/Image/IconPetSkill/Pet3VmiragebladesSkillzhudong04.png	任意消除6个基础信号球后，会激活异界装备按钮。携带者非维吉尔时，释放后使用急袭幻影剑造成8次<color=#FF6347>50%</color>暗属性伤害。维吉尔携带时，可强化<color=#0f70bc>狩魔技-急袭/暴雨幻影剑</color>和<color=#0f70bc>狩魔技-怒风/环形幻影剑</color>。
159502	1595	2	急袭·暗	Assets/Product/Texture/Image/IconPetSkill/Pet3VmiragebladesSkillzhudong04.png	任意消除6个基础信号球后，会激活异界装备按钮。携带者非维吉尔时，释放后使用急袭幻影剑造成8次<color=#FF6347>100%</color>暗属性伤害。维吉尔携带时，可强化<color=#0f70bc>狩魔技-急袭/暴雨幻影剑</color>和<color=#0f70bc>狩魔技-怒风/环形幻影剑</color>。
159503	1595	3	急袭·暗	Assets/Product/Texture/Image/IconPetSkill/Pet3VmiragebladesSkillzhudong04.png	任意消除6个基础信号球后，会激活异界装备按钮。携带者非维吉尔时，释放后使用急袭幻影剑造成8次<color=#FF6347>150%</color>暗属性伤害。维吉尔携带时，可强化<color=#0f70bc>狩魔技-急袭/暴雨幻影剑</color>和<color=#0f70bc>狩魔技-怒风/环形幻影剑</color>。
159504	1595	4	急袭·暗	Assets/Product/Texture/Image/IconPetSkill/Pet3VmiragebladesSkillzhudong04.png	任意消除6个基础信号球后，会激活异界装备按钮。携带者非维吉尔时，释放后使用急袭幻影剑造成8次<color=#FF6347>200%</color>暗属性伤害。维吉尔携带时，可强化<color=#0f70bc>狩魔技-急袭/暴雨幻影剑</color>和<color=#0f70bc>狩魔技-怒风/环形幻影剑</color>。
159505	1595	5	急袭·暗	Assets/Product/Texture/Image/IconPetSkill/Pet3VmiragebladesSkillzhudong04.png	任意消除6个基础信号球后，会激活异界装备按钮。携带者非维吉尔时，释放后使用急袭幻影剑造成8次<color=#FF6347>250%</color>暗属性伤害。维吉尔携带时，可强化<color=#0f70bc>狩魔技-急袭/暴雨幻影剑</color>和<color=#0f70bc>狩魔技-怒风/环形幻影剑</color>。
159601	1596	1	急袭·空	Assets/Product/Texture/Image/IconPetSkill/Pet3VmiragebladesSkillzhudong06.png	任意消除6个基础信号球后，会激活异界装备按钮。携带者非维吉尔时，释放后使用急袭幻影剑造成8次<color=#FF6347>50%</color>空属性伤害。维吉尔携带时，可强化<color=#0f70bc>狩魔技-急袭/暴雨幻影剑</color>和<color=#0f70bc>狩魔技-怒风/环形幻影剑</color>。
159602	1596	2	急袭·空	Assets/Product/Texture/Image/IconPetSkill/Pet3VmiragebladesSkillzhudong06.png	任意消除6个基础信号球后，会激活异界装备按钮。携带者非维吉尔时，释放后使用急袭幻影剑造成8次<color=#FF6347>100%</color>空属性伤害。维吉尔携带时，可强化<color=#0f70bc>狩魔技-急袭/暴雨幻影剑</color>和<color=#0f70bc>狩魔技-怒风/环形幻影剑</color>。
159603	1596	3	急袭·空	Assets/Product/Texture/Image/IconPetSkill/Pet3VmiragebladesSkillzhudong06.png	任意消除6个基础信号球后，会激活异界装备按钮。携带者非维吉尔时，释放后使用急袭幻影剑造成8次<color=#FF6347>150%</color>空属性伤害。维吉尔携带时，可强化<color=#0f70bc>狩魔技-急袭/暴雨幻影剑</color>和<color=#0f70bc>狩魔技-怒风/环形幻影剑</color>。
159604	1596	4	急袭·空	Assets/Product/Texture/Image/IconPetSkill/Pet3VmiragebladesSkillzhudong06.png	任意消除6个基础信号球后，会激活异界装备按钮。携带者非维吉尔时，释放后使用急袭幻影剑造成8次<color=#FF6347>200%</color>空属性伤害。维吉尔携带时，可强化<color=#0f70bc>狩魔技-急袭/暴雨幻影剑</color>和<color=#0f70bc>狩魔技-怒风/环形幻影剑</color>。
159605	1596	5	急袭·空	Assets/Product/Texture/Image/IconPetSkill/Pet3VmiragebladesSkillzhudong06.png	任意消除6个基础信号球后，会激活异界装备按钮。携带者非维吉尔时，释放后使用急袭幻影剑造成8次<color=#FF6347>250%</color>空属性伤害。维吉尔携带时，可强化<color=#0f70bc>狩魔技-急袭/暴雨幻影剑</color>和<color=#0f70bc>狩魔技-怒风/环形幻影剑</color>。
160101	1601	1	暴雨.物	Assets/Product/Texture/Image/IconPetSkill/Pet3VmiragebladesSkillzhudong05.png	任意消除6个基础信号球后，会激活异界装备按钮，携带者非维吉尔时，释放后使用暴雨幻影剑造成5次<color=#FF6347>72%</color>物理伤害，并使敌方单位受到减速效果。维吉尔携带时，可强化<color=#0f70bc>狩魔技-急袭/暴雨幻影剑</color>和<color=#0f70bc>狩魔技-怒风/环形幻影剑</color>。
160102	1601	2	暴雨.物	Assets/Product/Texture/Image/IconPetSkill/Pet3VmiragebladesSkillzhudong05.png	任意消除6个基础信号球后，会激活异界装备按钮，携带者非维吉尔时，释放后使用暴雨幻影剑造成5次<color=#FF6347>144%</color>物理伤害，并使敌方单位受到减速效果。维吉尔携带时，可强化<color=#0f70bc>狩魔技-急袭/暴雨幻影剑</color>和<color=#0f70bc>狩魔技-怒风/环形幻影剑</color>。
160103	1601	3	暴雨.物	Assets/Product/Texture/Image/IconPetSkill/Pet3VmiragebladesSkillzhudong05.png	任意消除6个基础信号球后，会激活异界装备按钮，携带者非维吉尔时，释放后使用暴雨幻影剑造成5次<color=#FF6347>216%</color>物理伤害，并使敌方单位受到减速效果。维吉尔携带时，可强化<color=#0f70bc>狩魔技-急袭/暴雨幻影剑</color>和<color=#0f70bc>狩魔技-怒风/环形幻影剑</color>。
160104	1601	4	暴雨.物	Assets/Product/Texture/Image/IconPetSkill/Pet3VmiragebladesSkillzhudong05.png	任意消除6个基础信号球后，会激活异界装备按钮，携带者非维吉尔时，释放后使用暴雨幻影剑造成5次<color=#FF6347>288%</color>物理伤害，并使敌方单位受到减速效果。维吉尔携带时，可强化<color=#0f70bc>狩魔技-急袭/暴雨幻影剑</color>和<color=#0f70bc>狩魔技-怒风/环形幻影剑</color>。
160105	1601	5	暴雨.物	Assets/Product/Texture/Image/IconPetSkill/Pet3VmiragebladesSkillzhudong05.png	任意消除6个基础信号球后，会激活异界装备按钮，携带者非维吉尔时，释放后使用暴雨幻影剑造成5次<color=#FF6347>360%</color>物理伤害，并使敌方单位受到减速效果。维吉尔携带时，可强化<color=#0f70bc>狩魔技-急袭/暴雨幻影剑</color>和<color=#0f70bc>狩魔技-怒风/环形幻影剑</color>。
160201	1602	1	暴雨.火	Assets/Product/Texture/Image/IconPetSkill/Pet3VmiragebladesSkillzhudong01.png	任意消除6个基础信号球后，会激活异界装备按钮，携带者非维吉尔时，释放后使用暴雨幻影剑造成5次<color=#FF6347>72%</color>火属性伤害，并使敌方单位受到减速效果。维吉尔携带时，可强化<color=#0f70bc>狩魔技-急袭/暴雨幻影剑</color>和<color=#0f70bc>狩魔技-怒风/环形幻影剑</color>。
160202	1602	2	暴雨.火	Assets/Product/Texture/Image/IconPetSkill/Pet3VmiragebladesSkillzhudong01.png	任意消除6个基础信号球后，会激活异界装备按钮，携带者非维吉尔时，释放后使用暴雨幻影剑造成5次<color=#FF6347>144%</color>火属性伤害，并使敌方单位受到减速效果。维吉尔携带时，可强化<color=#0f70bc>狩魔技-急袭/暴雨幻影剑</color>和<color=#0f70bc>狩魔技-怒风/环形幻影剑</color>。
160203	1602	3	暴雨.火	Assets/Product/Texture/Image/IconPetSkill/Pet3VmiragebladesSkillzhudong01.png	任意消除6个基础信号球后，会激活异界装备按钮，携带者非维吉尔时，释放后使用暴雨幻影剑造成5次<color=#FF6347>216%</color>火属性伤害，并使敌方单位受到减速效果。维吉尔携带时，可强化<color=#0f70bc>狩魔技-急袭/暴雨幻影剑</color>和<color=#0f70bc>狩魔技-怒风/环形幻影剑</color>。
160204	1602	4	暴雨.火	Assets/Product/Texture/Image/IconPetSkill/Pet3VmiragebladesSkillzhudong01.png	任意消除6个基础信号球后，会激活异界装备按钮，携带者非维吉尔时，释放后使用暴雨幻影剑造成5次<color=#FF6347>288%</color>火属性伤害，并使敌方单位受到减速效果。维吉尔携带时，可强化<color=#0f70bc>狩魔技-急袭/暴雨幻影剑</color>和<color=#0f70bc>狩魔技-怒风/环形幻影剑</color>。
160205	1602	5	暴雨.火	Assets/Product/Texture/Image/IconPetSkill/Pet3VmiragebladesSkillzhudong01.png	任意消除6个基础信号球后，会激活异界装备按钮，携带者非维吉尔时，释放后使用暴雨幻影剑造成5次<color=#FF6347>360%</color>火属性伤害，并使敌方单位受到减速效果。维吉尔携带时，可强化<color=#0f70bc>狩魔技-急袭/暴雨幻影剑</color>和<color=#0f70bc>狩魔技-怒风/环形幻影剑</color>。
160301	1603	1	暴雨.冰	Assets/Product/Texture/Image/IconPetSkill/Pet3VmiragebladesSkillzhudong02.png	任意消除6个基础信号球后，会激活异界装备按钮，携带者非维吉尔时，释放后使用暴雨幻影剑造成5次<color=#FF6347>72%</color>冰属性伤害，并使敌方单位受到减速效果。维吉尔携带时，可强化<color=#0f70bc>狩魔技-急袭/暴雨幻影剑</color>和<color=#0f70bc>狩魔技-怒风/环形幻影剑</color>。
160302	1603	2	暴雨.冰	Assets/Product/Texture/Image/IconPetSkill/Pet3VmiragebladesSkillzhudong02.png	任意消除6个基础信号球后，会激活异界装备按钮，携带者非维吉尔时，释放后使用暴雨幻影剑造成5次<color=#FF6347>144%</color>冰属性伤害，并使敌方单位受到减速效果。维吉尔携带时，可强化<color=#0f70bc>狩魔技-急袭/暴雨幻影剑</color>和<color=#0f70bc>狩魔技-怒风/环形幻影剑</color>。
160303	1603	3	暴雨.冰	Assets/Product/Texture/Image/IconPetSkill/Pet3VmiragebladesSkillzhudong02.png	任意消除6个基础信号球后，会激活异界装备按钮，携带者非维吉尔时，释放后使用暴雨幻影剑造成5次<color=#FF6347>216%</color>冰属性伤害，并使敌方单位受到减速效果。维吉尔携带时，可强化<color=#0f70bc>狩魔技-急袭/暴雨幻影剑</color>和<color=#0f70bc>狩魔技-怒风/环形幻影剑</color>。
160304	1603	4	暴雨.冰	Assets/Product/Texture/Image/IconPetSkill/Pet3VmiragebladesSkillzhudong02.png	任意消除6个基础信号球后，会激活异界装备按钮，携带者非维吉尔时，释放后使用暴雨幻影剑造成5次<color=#FF6347>288%</color>冰属性伤害，并使敌方单位受到减速效果。维吉尔携带时，可强化<color=#0f70bc>狩魔技-急袭/暴雨幻影剑</color>和<color=#0f70bc>狩魔技-怒风/环形幻影剑</color>。
160305	1603	5	暴雨.冰	Assets/Product/Texture/Image/IconPetSkill/Pet3VmiragebladesSkillzhudong02.png	任意消除6个基础信号球后，会激活异界装备按钮，携带者非维吉尔时，释放后使用暴雨幻影剑造成5次<color=#FF6347>360%</color>冰属性伤害，并使敌方单位受到减速效果。维吉尔携带时，可强化<color=#0f70bc>狩魔技-急袭/暴雨幻影剑</color>和<color=#0f70bc>狩魔技-怒风/环形幻影剑</color>。
160401	1604	1	暴雨.雷	Assets/Product/Texture/Image/IconPetSkill/Pet3VmiragebladesSkillzhudong03.png	任意消除6个基础信号球后，会激活异界装备按钮，携带者非维吉尔时，释放后使用暴雨幻影剑造成5次<color=#FF6347>72%</color>雷属性伤害，并使敌方单位受到减速效果。维吉尔携带时，可强化<color=#0f70bc>狩魔技-急袭/暴雨幻影剑</color>和<color=#0f70bc>狩魔技-怒风/环形幻影剑</color>。
160402	1604	2	暴雨.雷	Assets/Product/Texture/Image/IconPetSkill/Pet3VmiragebladesSkillzhudong03.png	任意消除6个基础信号球后，会激活异界装备按钮，携带者非维吉尔时，释放后使用暴雨幻影剑造成5次<color=#FF6347>144%</color>雷属性伤害，并使敌方单位受到减速效果。维吉尔携带时，可强化<color=#0f70bc>狩魔技-急袭/暴雨幻影剑</color>和<color=#0f70bc>狩魔技-怒风/环形幻影剑</color>。
160403	1604	3	暴雨.雷	Assets/Product/Texture/Image/IconPetSkill/Pet3VmiragebladesSkillzhudong03.png	任意消除6个基础信号球后，会激活异界装备按钮，携带者非维吉尔时，释放后使用暴雨幻影剑造成5次<color=#FF6347>216%</color>雷属性伤害，并使敌方单位受到减速效果。维吉尔携带时，可强化<color=#0f70bc>狩魔技-急袭/暴雨幻影剑</color>和<color=#0f70bc>狩魔技-怒风/环形幻影剑</color>。
160404	1604	4	暴雨.雷	Assets/Product/Texture/Image/IconPetSkill/Pet3VmiragebladesSkillzhudong03.png	任意消除6个基础信号球后，会激活异界装备按钮，携带者非维吉尔时，释放后使用暴雨幻影剑造成5次<color=#FF6347>288%</color>雷属性伤害，并使敌方单位受到减速效果。维吉尔携带时，可强化<color=#0f70bc>狩魔技-急袭/暴雨幻影剑</color>和<color=#0f70bc>狩魔技-怒风/环形幻影剑</color>。
160405	1604	5	暴雨.雷	Assets/Product/Texture/Image/IconPetSkill/Pet3VmiragebladesSkillzhudong03.png	任意消除6个基础信号球后，会激活异界装备按钮，携带者非维吉尔时，释放后使用暴雨幻影剑造成5次<color=#FF6347>360%</color>雷属性伤害，并使敌方单位受到减速效果。维吉尔携带时，可强化<color=#0f70bc>狩魔技-急袭/暴雨幻影剑</color>和<color=#0f70bc>狩魔技-怒风/环形幻影剑</color>。
160501	1605	1	暴雨·暗	Assets/Product/Texture/Image/IconPetSkill/Pet3VmiragebladesSkillzhudong04.png	任意消除6个基础信号球后，会激活异界装备按钮，携带者非维吉尔时，释放后使用暴雨幻影剑造成5次<color=#FF6347>72%</color>暗属性伤害，并使敌方单位受到减速效果。维吉尔携带时，可强化<color=#0f70bc>狩魔技-急袭/暴雨幻影剑</color>和<color=#0f70bc>狩魔技-怒风/环形幻影剑</color>。
160502	1605	2	暴雨·暗	Assets/Product/Texture/Image/IconPetSkill/Pet3VmiragebladesSkillzhudong04.png	任意消除6个基础信号球后，会激活异界装备按钮，携带者非维吉尔时，释放后使用暴雨幻影剑造成5次<color=#FF6347>144%</color>暗属性伤害，并使敌方单位受到减速效果。维吉尔携带时，可强化<color=#0f70bc>狩魔技-急袭/暴雨幻影剑</color>和<color=#0f70bc>狩魔技-怒风/环形幻影剑</color>。
160503	1605	3	暴雨·暗	Assets/Product/Texture/Image/IconPetSkill/Pet3VmiragebladesSkillzhudong04.png	任意消除6个基础信号球后，会激活异界装备按钮，携带者非维吉尔时，释放后使用暴雨幻影剑造成5次<color=#FF6347>216%</color>暗属性伤害，并使敌方单位受到减速效果。维吉尔携带时，可强化<color=#0f70bc>狩魔技-急袭/暴雨幻影剑</color>和<color=#0f70bc>狩魔技-怒风/环形幻影剑</color>。
160504	1605	4	暴雨·暗	Assets/Product/Texture/Image/IconPetSkill/Pet3VmiragebladesSkillzhudong04.png	任意消除6个基础信号球后，会激活异界装备按钮，携带者非维吉尔时，释放后使用暴雨幻影剑造成5次<color=#FF6347>288%</color>暗属性伤害，并使敌方单位受到减速效果。维吉尔携带时，可强化<color=#0f70bc>狩魔技-急袭/暴雨幻影剑</color>和<color=#0f70bc>狩魔技-怒风/环形幻影剑</color>。
160505	1605	5	暴雨·暗	Assets/Product/Texture/Image/IconPetSkill/Pet3VmiragebladesSkillzhudong04.png	任意消除6个基础信号球后，会激活异界装备按钮，携带者非维吉尔时，释放后使用暴雨幻影剑造成5次<color=#FF6347>360%</color>暗属性伤害，并使敌方单位受到减速效果。维吉尔携带时，可强化<color=#0f70bc>狩魔技-急袭/暴雨幻影剑</color>和<color=#0f70bc>狩魔技-怒风/环形幻影剑</color>。
160601	1606	1	暴雨·空	Assets/Product/Texture/Image/IconPetSkill/Pet3VmiragebladesSkillzhudong06.png	任意消除6个基础信号球后，会激活异界装备按钮，携带者非维吉尔时，释放后使用暴雨幻影剑造成5次<color=#FF6347>72%</color>空属性伤害，并使敌方单位受到减速效果。维吉尔携带时，可强化<color=#0f70bc>狩魔技-急袭/暴雨幻影剑</color>和<color=#0f70bc>狩魔技-怒风/环形幻影剑</color>。
160602	1606	2	暴雨·空	Assets/Product/Texture/Image/IconPetSkill/Pet3VmiragebladesSkillzhudong06.png	任意消除6个基础信号球后，会激活异界装备按钮，携带者非维吉尔时，释放后使用暴雨幻影剑造成5次<color=#FF6347>144%</color>空属性伤害，并使敌方单位受到减速效果。维吉尔携带时，可强化<color=#0f70bc>狩魔技-急袭/暴雨幻影剑</color>和<color=#0f70bc>狩魔技-怒风/环形幻影剑</color>。
160603	1606	3	暴雨·空	Assets/Product/Texture/Image/IconPetSkill/Pet3VmiragebladesSkillzhudong06.png	任意消除6个基础信号球后，会激活异界装备按钮，携带者非维吉尔时，释放后使用暴雨幻影剑造成5次<color=#FF6347>216%</color>空属性伤害，并使敌方单位受到减速效果。维吉尔携带时，可强化<color=#0f70bc>狩魔技-急袭/暴雨幻影剑</color>和<color=#0f70bc>狩魔技-怒风/环形幻影剑</color>。
160604	1606	4	暴雨·空	Assets/Product/Texture/Image/IconPetSkill/Pet3VmiragebladesSkillzhudong06.png	任意消除6个基础信号球后，会激活异界装备按钮，携带者非维吉尔时，释放后使用暴雨幻影剑造成5次<color=#FF6347>288%</color>空属性伤害，并使敌方单位受到减速效果。维吉尔携带时，可强化<color=#0f70bc>狩魔技-急袭/暴雨幻影剑</color>和<color=#0f70bc>狩魔技-怒风/环形幻影剑</color>。
160605	1606	5	暴雨·空	Assets/Product/Texture/Image/IconPetSkill/Pet3VmiragebladesSkillzhudong06.png	任意消除6个基础信号球后，会激活异界装备按钮，携带者非维吉尔时，释放后使用暴雨幻影剑造成5次<color=#FF6347>360%</color>空属性伤害，并使敌方单位受到减速效果。维吉尔携带时，可强化<color=#0f70bc>狩魔技-急袭/暴雨幻影剑</color>和<color=#0f70bc>狩魔技-怒风/环形幻影剑</color>。
7900001	79000	1	幻影剑阵	Assets/Product/Texture/Image/IconPetSkill/Pet3VmiragebladesSkillbeidong01.png	携带者非维吉尔时，幻影剑主动技伤害提高<color=#0f70bc>14%</color>。维吉尔携带时，<color=#0f70bc>狩魔技-急袭/暴雨幻影剑</color>和<color=#0f70bc>狩魔技-怒风/环形幻影剑</color>的基础伤害提升<color=#0f70bc>14%</color>。
7900002	79000	2	幻影剑阵	Assets/Product/Texture/Image/IconPetSkill/Pet3VmiragebladesSkillbeidong01.png	携带者非维吉尔时，幻影剑主动技伤害提高<color=#0f70bc>28%</color>。维吉尔携带时，<color=#0f70bc>狩魔技-急袭/暴雨幻影剑</color>和<color=#0f70bc>狩魔技-怒风/环形幻影剑</color>的基础伤害提升<color=#0f70bc>28%</color>。
7900003	79000	3	幻影剑阵	Assets/Product/Texture/Image/IconPetSkill/Pet3VmiragebladesSkillbeidong01.png	携带者非维吉尔时，幻影剑主动技伤害提高<color=#0f70bc>42%</color>。维吉尔携带时，<color=#0f70bc>狩魔技-急袭/暴雨幻影剑</color>和<color=#0f70bc>狩魔技-怒风/环形幻影剑</color>的基础伤害提升<color=#0f70bc>42%</color>。
7900004	79000	4	幻影剑阵	Assets/Product/Texture/Image/IconPetSkill/Pet3VmiragebladesSkillbeidong01.png	携带者非维吉尔时，幻影剑主动技伤害提高<color=#0f70bc>56%</color>。维吉尔携带时，<color=#0f70bc>狩魔技-急袭/暴雨幻影剑</color>和<color=#0f70bc>狩魔技-怒风/环形幻影剑</color>的基础伤害提升<color=#0f70bc>56%</color>。
7900005	79000	5	幻影剑阵	Assets/Product/Texture/Image/IconPetSkill/Pet3VmiragebladesSkillbeidong01.png	携带者非维吉尔时，幻影剑主动技伤害提高<color=#0f70bc>70%</color>。维吉尔携带时，<color=#0f70bc>狩魔技-急袭/暴雨幻影剑</color>和<color=#0f70bc>狩魔技-怒风/环形幻影剑</color>的基础伤害提升<color=#0f70bc>70%</color>。
7901001	79010	1	噬光烈风	Assets/Product/Texture/Image/IconPetSkill/Pet3DolphinSkillbeidong02.png	携带角色攻击力提高<color=#0f70bc>20</color>。
7901002	79010	2	噬光烈风	Assets/Product/Texture/Image/IconPetSkill/Pet3DolphinSkillbeidong02.png	携带角色攻击力提高<color=#0f70bc>40</color>。
7901003	79010	3	噬光烈风	Assets/Product/Texture/Image/IconPetSkill/Pet3DolphinSkillbeidong02.png	携带角色攻击力提高<color=#0f70bc>60</color>。
7901004	79010	4	噬光烈风	Assets/Product/Texture/Image/IconPetSkill/Pet3DolphinSkillbeidong02.png	携带角色攻击力提高<color=#0f70bc>80</color>。
7901005	79010	5	噬光烈风	Assets/Product/Texture/Image/IconPetSkill/Pet3DolphinSkillbeidong02.png	携带角色攻击力提高<color=#0f70bc>100</color>。
7902001	79020	1	猎血狂热	Assets/Product/Texture/Image/IconPetSkill/Pet3VmiragebladesSkillbeidong03.png	幻影剑释放主动技后，携带角色额外伤害加成提高<color=#0f70bc>1%</color>，持续8秒，重复触发刷新持续时间。维吉尔释放<color=#0f70bc>狩魔技-急袭/暴雨幻影剑</color>和<color=#0f70bc>狩魔技-怒风/环形幻影剑</color>时也会触发此效果。
7902002	79020	2	猎血狂热	Assets/Product/Texture/Image/IconPetSkill/Pet3VmiragebladesSkillbeidong03.png	幻影剑释放主动技后，携带角色额外伤害加成提高<color=#0f70bc>2%</color>，持续8秒，重复触发刷新持续时间。维吉尔释放<color=#0f70bc>狩魔技-急袭/暴雨幻影剑</color>和<color=#0f70bc>狩魔技-怒风/环形幻影剑</color>时也会触发此效果。
7902003	79020	3	猎血狂热	Assets/Product/Texture/Image/IconPetSkill/Pet3VmiragebladesSkillbeidong03.png	幻影剑释放主动技后，携带角色额外伤害加成提高<color=#0f70bc>3%</color>，持续8秒，重复触发刷新持续时间。维吉尔释放<color=#0f70bc>狩魔技-急袭/暴雨幻影剑</color>和<color=#0f70bc>狩魔技-怒风/环形幻影剑</color>时也会触发此效果。
7902004	79020	4	猎血狂热	Assets/Product/Texture/Image/IconPetSkill/Pet3VmiragebladesSkillbeidong03.png	幻影剑释放主动技后，携带角色额外伤害加成提高<color=#0f70bc>4%</color>，持续8秒，重复触发刷新持续时间。维吉尔释放<color=#0f70bc>狩魔技-急袭/暴雨幻影剑</color>和<color=#0f70bc>狩魔技-怒风/环形幻影剑</color>时也会触发此效果。
7902005	79020	5	猎血狂热	Assets/Product/Texture/Image/IconPetSkill/Pet3VmiragebladesSkillbeidong03.png	幻影剑释放主动技后，携带角色额外伤害加成提高<color=#0f70bc>5%</color>，持续8秒，重复触发刷新持续时间。维吉尔释放<color=#0f70bc>狩魔技-急袭/暴雨幻影剑</color>和<color=#0f70bc>狩魔技-怒风/环形幻影剑</color>时也会触发此效果。
7903001	79030	1	灭魂厉锋	Assets/Product/Texture/Image/IconPetSkill/Pet3VmiragebladesSkillbeidong04.png	携带角色物理伤害提高<color=#0f70bc>2%</color>。
7903002	79030	2	灭魂厉锋	Assets/Product/Texture/Image/IconPetSkill/Pet3VmiragebladesSkillbeidong04.png	携带角色物理伤害提高<color=#0f70bc>4%</color>。
7903003	79030	3	灭魂厉锋	Assets/Product/Texture/Image/IconPetSkill/Pet3VmiragebladesSkillbeidong04.png	携带角色物理伤害提高<color=#0f70bc>6%</color>。
7903004	79030	4	灭魂厉锋	Assets/Product/Texture/Image/IconPetSkill/Pet3VmiragebladesSkillbeidong04.png	携带角色物理伤害提高<color=#0f70bc>8%</color>。
7903005	79030	5	灭魂厉锋	Assets/Product/Texture/Image/IconPetSkill/Pet3VmiragebladesSkillbeidong04.png	携带角色物理伤害提高<color=#0f70bc>10%</color>。
7904001	79040	1	真魔剑舞	Assets/Product/Texture/Image/IconPetSkill/Pet3VmiragebladesSkillbeidong05.png	<color=#0f70bc>次元斩·绝</color>的基础伤害提升<color=#0f70bc>10%</color>。首次登场及每次释放<color=#0f70bc>次元斩·绝</color>后，幻影剑可通过<color=#0f70bc>Sin Devil Trigger</color>预备一次协同攻击：释放<color=#0f70bc>狂刺/阎魔刀·连击</color>中的三连斩时，幻影剑释放<color=#0f70bc>急袭</color>造成8次<color=#0f70bc>75%</color>物理伤害；释放<color=#0f70bc>次元斩/上勾拳/贝奥武夫·连击</color>中的第五段攻击时，幻影剑释放<color=#0f70bc>暴雨</color>造成5次<color=#0f70bc>120%</color>物理伤害。
7904002	79040	2	真魔剑舞	Assets/Product/Texture/Image/IconPetSkill/Pet3VmiragebladesSkillbeidong05.png	<color=#0f70bc>次元斩·绝</color>的基础伤害提升<color=#0f70bc>20%</color>。首次登场及每次释放<color=#0f70bc>次元斩·绝</color>后，幻影剑可通过<color=#0f70bc>Sin Devil Trigger</color>预备一次协同攻击：释放<color=#0f70bc>狂刺/阎魔刀·连击</color>中的三连斩时，幻影剑释放<color=#0f70bc>急袭</color>造成8次<color=#0f70bc>150%</color>物理伤害；释放<color=#0f70bc>次元斩/上勾拳/贝奥武夫·连击</color>中的第五段攻击时，幻影剑释放<color=#0f70bc>暴雨</color>造成5次<color=#0f70bc>240%</color>物理伤害。
7904003	79040	3	真魔剑舞	Assets/Product/Texture/Image/IconPetSkill/Pet3VmiragebladesSkillbeidong05.png	<color=#0f70bc>次元斩·绝</color>的基础伤害提升<color=#0f70bc>30%</color>。首次登场及每次释放<color=#0f70bc>次元斩·绝</color>后，幻影剑可通过<color=#0f70bc>Sin Devil Trigger</color>预备一次协同攻击：释放<color=#0f70bc>狂刺/阎魔刀·连击</color>中的三连斩时，幻影剑释放<color=#0f70bc>急袭</color>造成8次<color=#0f70bc>225%</color>物理伤害；释放<color=#0f70bc>次元斩/上勾拳/贝奥武夫·连击</color>中的第五段攻击时，幻影剑释放<color=#0f70bc>暴雨</color>造成5次<color=#0f70bc>360%</color>物理伤害。
7904004	79040	4	真魔剑舞	Assets/Product/Texture/Image/IconPetSkill/Pet3VmiragebladesSkillbeidong05.png	<color=#0f70bc>次元斩·绝</color>的基础伤害提升<color=#0f70bc>40%</color>。首次登场及每次释放<color=#0f70bc>次元斩·绝</color>后，幻影剑可通过<color=#0f70bc>Sin Devil Trigger</color>预备一次协同攻击：释放<color=#0f70bc>狂刺/阎魔刀·连击</color>中的三连斩时，幻影剑释放<color=#0f70bc>急袭</color>造成8次<color=#0f70bc>300%</color>物理伤害；释放<color=#0f70bc>次元斩/上勾拳/贝奥武夫·连击</color>中的第五段攻击时，幻影剑释放<color=#0f70bc>暴雨</color>造成5次<color=#0f70bc>480%</color>物理伤害。
7904005	79040	5	真魔剑舞	Assets/Product/Texture/Image/IconPetSkill/Pet3VmiragebladesSkillbeidong05.png	<color=#0f70bc>次元斩·绝</color>的基础伤害提升<color=#0f70bc>50%</color>。首次登场及每次释放<color=#0f70bc>次元斩·绝</color>后，幻影剑可通过<color=#0f70bc>Sin Devil Trigger</color>预备一次协同攻击：释放<color=#0f70bc>狂刺/阎魔刀·连击</color>中的三连斩时，幻影剑释放<color=#0f70bc>急袭</color>造成8次<color=#0f70bc>375%</color>物理伤害；释放<color=#0f70bc>次元斩/上勾拳/贝奥武夫·连击</color>中的第五段攻击时，幻影剑释放<color=#0f70bc>暴雨</color>造成5次<color=#0f70bc>600%</color>物理伤害。
161101	1611	1	科沃兹·冲击.物	Assets/Product/Texture/Image/IconPetSkill/Pet3DcavaliereSkillzhudong05.png	任意消除6个基础信号球后，会激活异界装备按钮，释放后召唤科沃兹冲击敌人，造成2次<color=#FF6347>210%</color>物理伤害。
161102	1611	2	科沃兹·冲击.物	Assets/Product/Texture/Image/IconPetSkill/Pet3DcavaliereSkillzhudong05.png	任意消除6个基础信号球后，会激活异界装备按钮，释放后召唤科沃兹冲击敌人，造成2次<color=#FF6347>420%</color>物理伤害。
161103	1611	3	科沃兹·冲击.物	Assets/Product/Texture/Image/IconPetSkill/Pet3DcavaliereSkillzhudong05.png	任意消除6个基础信号球后，会激活异界装备按钮，释放后召唤科沃兹冲击敌人，造成2次<color=#FF6347>630%</color>物理伤害。
161104	1611	4	科沃兹·冲击.物	Assets/Product/Texture/Image/IconPetSkill/Pet3DcavaliereSkillzhudong05.png	任意消除6个基础信号球后，会激活异界装备按钮，释放后召唤科沃兹冲击敌人，造成2次<color=#FF6347>840%</color>物理伤害。
161105	1611	5	科沃兹·冲击.物	Assets/Product/Texture/Image/IconPetSkill/Pet3DcavaliereSkillzhudong05.png	任意消除6个基础信号球后，会激活异界装备按钮，释放后召唤科沃兹冲击敌人，造成2次<color=#FF6347>1050%</color>物理伤害。
161201	1612	1	科沃兹·冲击.火	Assets/Product/Texture/Image/IconPetSkill/Pet3DcavaliereSkillzhudong01.png	任意消除6个基础信号球后，会激活异界装备按钮，释放后召唤科沃兹冲击敌人，造成2次<color=#FF6347>210%</color>火属性伤害。
161202	1612	2	科沃兹·冲击.火	Assets/Product/Texture/Image/IconPetSkill/Pet3DcavaliereSkillzhudong01.png	任意消除6个基础信号球后，会激活异界装备按钮，释放后召唤科沃兹冲击敌人，造成2次<color=#FF6347>420%</color>火属性伤害。
161203	1612	3	科沃兹·冲击.火	Assets/Product/Texture/Image/IconPetSkill/Pet3DcavaliereSkillzhudong01.png	任意消除6个基础信号球后，会激活异界装备按钮，释放后召唤科沃兹冲击敌人，造成2次<color=#FF6347>630%</color>火属性伤害。
161204	1612	4	科沃兹·冲击.火	Assets/Product/Texture/Image/IconPetSkill/Pet3DcavaliereSkillzhudong01.png	任意消除6个基础信号球后，会激活异界装备按钮，释放后召唤科沃兹冲击敌人，造成2次<color=#FF6347>840%</color>火属性伤害。
161205	1612	5	科沃兹·冲击.火	Assets/Product/Texture/Image/IconPetSkill/Pet3DcavaliereSkillzhudong01.png	任意消除6个基础信号球后，会激活异界装备按钮，释放后召唤科沃兹冲击敌人，造成2次<color=#FF6347>1050%</color>火属性伤害。
161301	1613	1	科沃兹·冲击.冰	Assets/Product/Texture/Image/IconPetSkill/Pet3DcavaliereSkillzhudong02.png	任意消除6个基础信号球后，会激活异界装备按钮，释放后召唤科沃兹冲击敌人，造成2次<color=#FF6347>210%</color>冰属性伤害。
161302	1613	2	科沃兹·冲击.冰	Assets/Product/Texture/Image/IconPetSkill/Pet3DcavaliereSkillzhudong02.png	任意消除6个基础信号球后，会激活异界装备按钮，释放后召唤科沃兹冲击敌人，造成2次<color=#FF6347>420%</color>冰属性伤害。
161303	1613	3	科沃兹·冲击.冰	Assets/Product/Texture/Image/IconPetSkill/Pet3DcavaliereSkillzhudong02.png	任意消除6个基础信号球后，会激活异界装备按钮，释放后召唤科沃兹冲击敌人，造成2次<color=#FF6347>630%</color>冰属性伤害。
161304	1613	4	科沃兹·冲击.冰	Assets/Product/Texture/Image/IconPetSkill/Pet3DcavaliereSkillzhudong02.png	任意消除6个基础信号球后，会激活异界装备按钮，释放后召唤科沃兹冲击敌人，造成2次<color=#FF6347>840%</color>冰属性伤害。
161305	1613	5	科沃兹·冲击.冰	Assets/Product/Texture/Image/IconPetSkill/Pet3DcavaliereSkillzhudong02.png	任意消除6个基础信号球后，会激活异界装备按钮，释放后召唤科沃兹冲击敌人，造成2次<color=#FF6347>1050%</color>冰属性伤害。
161401	1614	1	科沃兹·冲击.雷	Assets/Product/Texture/Image/IconPetSkill/Pet3DcavaliereSkillzhudong03.png	任意消除6个基础信号球后，会激活异界装备按钮，释放后召唤科沃兹冲击敌人，造成2次<color=#FF6347>210%</color>雷属性伤害。
161402	1614	2	科沃兹·冲击.雷	Assets/Product/Texture/Image/IconPetSkill/Pet3DcavaliereSkillzhudong03.png	任意消除6个基础信号球后，会激活异界装备按钮，释放后召唤科沃兹冲击敌人，造成2次<color=#FF6347>420%</color>雷属性伤害。
161403	1614	3	科沃兹·冲击.雷	Assets/Product/Texture/Image/IconPetSkill/Pet3DcavaliereSkillzhudong03.png	任意消除6个基础信号球后，会激活异界装备按钮，释放后召唤科沃兹冲击敌人，造成2次<color=#FF6347>630%</color>雷属性伤害。
161404	1614	4	科沃兹·冲击.雷	Assets/Product/Texture/Image/IconPetSkill/Pet3DcavaliereSkillzhudong03.png	任意消除6个基础信号球后，会激活异界装备按钮，释放后召唤科沃兹冲击敌人，造成2次<color=#FF6347>840%</color>雷属性伤害。
161405	1614	5	科沃兹·冲击.雷	Assets/Product/Texture/Image/IconPetSkill/Pet3DcavaliereSkillzhudong03.png	任意消除6个基础信号球后，会激活异界装备按钮，释放后召唤科沃兹冲击敌人，造成2次<color=#FF6347>1050%</color>雷属性伤害。
161501	1615	1	科沃兹·冲击·暗	Assets/Product/Texture/Image/IconPetSkill/Pet3DcavaliereSkillzhudong04.png	任意消除6个基础信号球后，会激活异界装备按钮，释放后召唤科沃兹冲击敌人，造成2次<color=#FF6347>210%</color>暗属性伤害。
161502	1615	2	科沃兹·冲击·暗	Assets/Product/Texture/Image/IconPetSkill/Pet3DcavaliereSkillzhudong04.png	任意消除6个基础信号球后，会激活异界装备按钮，释放后召唤科沃兹冲击敌人，造成2次<color=#FF6347>420%</color>暗属性伤害。
161503	1615	3	科沃兹·冲击·暗	Assets/Product/Texture/Image/IconPetSkill/Pet3DcavaliereSkillzhudong04.png	任意消除6个基础信号球后，会激活异界装备按钮，释放后召唤科沃兹冲击敌人，造成2次<color=#FF6347>630%</color>暗属性伤害。
161504	1615	4	科沃兹·冲击·暗	Assets/Product/Texture/Image/IconPetSkill/Pet3DcavaliereSkillzhudong04.png	任意消除6个基础信号球后，会激活异界装备按钮，释放后召唤科沃兹冲击敌人，造成2次<color=#FF6347>840%</color>暗属性伤害。
161505	1615	5	科沃兹·冲击·暗	Assets/Product/Texture/Image/IconPetSkill/Pet3DcavaliereSkillzhudong04.png	任意消除6个基础信号球后，会激活异界装备按钮，释放后召唤科沃兹冲击敌人，造成2次<color=#FF6347>1050%</color>暗属性伤害。
161601	1616	1	科沃兹·冲击·空	Assets/Product/Texture/Image/IconPetSkill/Pet3DcavaliereSkillzhudong06.png	任意消除6个基础信号球后，会激活异界装备按钮，释放后召唤科沃兹冲击敌人，造成2次<color=#FF6347>210%</color>空属性伤害。
161602	1616	2	科沃兹·冲击·空	Assets/Product/Texture/Image/IconPetSkill/Pet3DcavaliereSkillzhudong06.png	任意消除6个基础信号球后，会激活异界装备按钮，释放后召唤科沃兹冲击敌人，造成2次<color=#FF6347>420%</color>空属性伤害。
161603	1616	3	科沃兹·冲击·空	Assets/Product/Texture/Image/IconPetSkill/Pet3DcavaliereSkillzhudong06.png	任意消除6个基础信号球后，会激活异界装备按钮，释放后召唤科沃兹冲击敌人，造成2次<color=#FF6347>630%</color>空属性伤害。
161604	1616	4	科沃兹·冲击·空	Assets/Product/Texture/Image/IconPetSkill/Pet3DcavaliereSkillzhudong06.png	任意消除6个基础信号球后，会激活异界装备按钮，释放后召唤科沃兹冲击敌人，造成2次<color=#FF6347>840%</color>空属性伤害。
161605	1616	5	科沃兹·冲击·空	Assets/Product/Texture/Image/IconPetSkill/Pet3DcavaliereSkillzhudong06.png	任意消除6个基础信号球后，会激活异界装备按钮，释放后召唤科沃兹冲击敌人，造成2次<color=#FF6347>1050%</color>空属性伤害。
162101	1621	1	科沃兹·旋击.物	Assets/Product/Texture/Image/IconPetSkill/Pet3DcavaliereSkillzhudong05.png	任意消除6个基础信号球后，会激活异界装备按钮，释放后召唤科沃兹聚集周围的敌方单位，并造成3次<color=#FF6347>130%</color>物理伤害。
162102	1621	2	科沃兹·旋击.物	Assets/Product/Texture/Image/IconPetSkill/Pet3DcavaliereSkillzhudong05.png	任意消除6个基础信号球后，会激活异界装备按钮，释放后召唤科沃兹聚集周围的敌方单位，并造成3次<color=#FF6347>260%</color>物理伤害。
162103	1621	3	科沃兹·旋击.物	Assets/Product/Texture/Image/IconPetSkill/Pet3DcavaliereSkillzhudong05.png	任意消除6个基础信号球后，会激活异界装备按钮，释放后召唤科沃兹聚集周围的敌方单位，并造成3次<color=#FF6347>390%</color>物理伤害。
162104	1621	4	科沃兹·旋击.物	Assets/Product/Texture/Image/IconPetSkill/Pet3DcavaliereSkillzhudong05.png	任意消除6个基础信号球后，会激活异界装备按钮，释放后召唤科沃兹聚集周围的敌方单位，并造成3次<color=#FF6347>520%</color>物理伤害。
162105	1621	5	科沃兹·旋击.物	Assets/Product/Texture/Image/IconPetSkill/Pet3DcavaliereSkillzhudong05.png	任意消除6个基础信号球后，会激活异界装备按钮，释放后召唤科沃兹聚集周围的敌方单位，并造成3次<color=#FF6347>650%</color>物理伤害。
162201	1622	1	科沃兹·旋击.火	Assets/Product/Texture/Image/IconPetSkill/Pet3DcavaliereSkillzhudong01.png	任意消除6个基础信号球后，会激活异界装备按钮，释放后召唤科沃兹聚集周围的敌方单位，并造成3次<color=#FF6347>130%</color>火属性伤害。
162202	1622	2	科沃兹·旋击.火	Assets/Product/Texture/Image/IconPetSkill/Pet3DcavaliereSkillzhudong01.png	任意消除6个基础信号球后，会激活异界装备按钮，释放后召唤科沃兹聚集周围的敌方单位，并造成3次<color=#FF6347>260%</color>火属性伤害。
162203	1622	3	科沃兹·旋击.火	Assets/Product/Texture/Image/IconPetSkill/Pet3DcavaliereSkillzhudong01.png	任意消除6个基础信号球后，会激活异界装备按钮，释放后召唤科沃兹聚集周围的敌方单位，并造成3次<color=#FF6347>390%</color>火属性伤害。
162204	1622	4	科沃兹·旋击.火	Assets/Product/Texture/Image/IconPetSkill/Pet3DcavaliereSkillzhudong01.png	任意消除6个基础信号球后，会激活异界装备按钮，释放后召唤科沃兹聚集周围的敌方单位，并造成3次<color=#FF6347>520%</color>火属性伤害。
162205	1622	5	科沃兹·旋击.火	Assets/Product/Texture/Image/IconPetSkill/Pet3DcavaliereSkillzhudong01.png	任意消除6个基础信号球后，会激活异界装备按钮，释放后召唤科沃兹聚集周围的敌方单位，并造成3次<color=#FF6347>650%</color>火属性伤害。
162301	1623	1	科沃兹·旋击.冰	Assets/Product/Texture/Image/IconPetSkill/Pet3DcavaliereSkillzhudong02.png	任意消除6个基础信号球后，会激活异界装备按钮，释放后召唤科沃兹聚集周围的敌方单位，并造成3次<color=#FF6347>130%</color>冰属性伤害。
162302	1623	2	科沃兹·旋击.冰	Assets/Product/Texture/Image/IconPetSkill/Pet3DcavaliereSkillzhudong02.png	任意消除6个基础信号球后，会激活异界装备按钮，释放后召唤科沃兹聚集周围的敌方单位，并造成3次<color=#FF6347>260%</color>冰属性伤害。
162303	1623	3	科沃兹·旋击.冰	Assets/Product/Texture/Image/IconPetSkill/Pet3DcavaliereSkillzhudong02.png	任意消除6个基础信号球后，会激活异界装备按钮，释放后召唤科沃兹聚集周围的敌方单位，并造成3次<color=#FF6347>390%</color>冰属性伤害。
162304	1623	4	科沃兹·旋击.冰	Assets/Product/Texture/Image/IconPetSkill/Pet3DcavaliereSkillzhudong02.png	任意消除6个基础信号球后，会激活异界装备按钮，释放后召唤科沃兹聚集周围的敌方单位，并造成3次<color=#FF6347>520%</color>冰属性伤害。
162305	1623	5	科沃兹·旋击.冰	Assets/Product/Texture/Image/IconPetSkill/Pet3DcavaliereSkillzhudong02.png	任意消除6个基础信号球后，会激活异界装备按钮，释放后召唤科沃兹聚集周围的敌方单位，并造成3次<color=#FF6347>650%</color>冰属性伤害。
162401	1624	1	科沃兹·旋击.雷	Assets/Product/Texture/Image/IconPetSkill/Pet3DcavaliereSkillzhudong03.png	任意消除6个基础信号球后，会激活异界装备按钮，释放后召唤科沃兹聚集周围的敌方单位，并造成3次<color=#FF6347>130%</color>雷属性伤害。
162402	1624	2	科沃兹·旋击.雷	Assets/Product/Texture/Image/IconPetSkill/Pet3DcavaliereSkillzhudong03.png	任意消除6个基础信号球后，会激活异界装备按钮，释放后召唤科沃兹聚集周围的敌方单位，并造成3次<color=#FF6347>260%</color>雷属性伤害。
162403	1624	3	科沃兹·旋击.雷	Assets/Product/Texture/Image/IconPetSkill/Pet3DcavaliereSkillzhudong03.png	任意消除6个基础信号球后，会激活异界装备按钮，释放后召唤科沃兹聚集周围的敌方单位，并造成3次<color=#FF6347>390%</color>雷属性伤害。
162404	1624	4	科沃兹·旋击.雷	Assets/Product/Texture/Image/IconPetSkill/Pet3DcavaliereSkillzhudong03.png	任意消除6个基础信号球后，会激活异界装备按钮，释放后召唤科沃兹聚集周围的敌方单位，并造成3次<color=#FF6347>520%</color>雷属性伤害。
162405	1624	5	科沃兹·旋击.雷	Assets/Product/Texture/Image/IconPetSkill/Pet3DcavaliereSkillzhudong03.png	任意消除6个基础信号球后，会激活异界装备按钮，释放后召唤科沃兹聚集周围的敌方单位，并造成3次<color=#FF6347>650%</color>雷属性伤害。
162501	1625	1	科沃兹·旋击·暗	Assets/Product/Texture/Image/IconPetSkill/Pet3DcavaliereSkillzhudong04.png	任意消除6个基础信号球后，会激活异界装备按钮，释放后召唤科沃兹聚集周围的敌方单位，并造成3次<color=#FF6347>130%</color>暗属性伤害。
162502	1625	2	科沃兹·旋击·暗	Assets/Product/Texture/Image/IconPetSkill/Pet3DcavaliereSkillzhudong04.png	任意消除6个基础信号球后，会激活异界装备按钮，释放后召唤科沃兹聚集周围的敌方单位，并造成3次<color=#FF6347>260%</color>暗属性伤害。
162503	1625	3	科沃兹·旋击·暗	Assets/Product/Texture/Image/IconPetSkill/Pet3DcavaliereSkillzhudong04.png	任意消除6个基础信号球后，会激活异界装备按钮，释放后召唤科沃兹聚集周围的敌方单位，并造成3次<color=#FF6347>390%</color>暗属性伤害。
162504	1625	4	科沃兹·旋击·暗	Assets/Product/Texture/Image/IconPetSkill/Pet3DcavaliereSkillzhudong04.png	任意消除6个基础信号球后，会激活异界装备按钮，释放后召唤科沃兹聚集周围的敌方单位，并造成3次<color=#FF6347>520%</color>暗属性伤害。
162505	1625	5	科沃兹·旋击·暗	Assets/Product/Texture/Image/IconPetSkill/Pet3DcavaliereSkillzhudong04.png	任意消除6个基础信号球后，会激活异界装备按钮，释放后召唤科沃兹聚集周围的敌方单位，并造成3次<color=#FF6347>650%</color>暗属性伤害。
162601	1626	1	科沃兹·旋击·空	Assets/Product/Texture/Image/IconPetSkill/Pet3DcavaliereSkillzhudong06.png	任意消除6个基础信号球后，会激活异界装备按钮，释放后召唤科沃兹聚集周围的敌方单位，并造成3次<color=#FF6347>130%</color>空属性伤害。
162602	1626	2	科沃兹·旋击·空	Assets/Product/Texture/Image/IconPetSkill/Pet3DcavaliereSkillzhudong06.png	任意消除6个基础信号球后，会激活异界装备按钮，释放后召唤科沃兹聚集周围的敌方单位，并造成3次<color=#FF6347>260%</color>空属性伤害。
162603	1626	3	科沃兹·旋击·空	Assets/Product/Texture/Image/IconPetSkill/Pet3DcavaliereSkillzhudong06.png	任意消除6个基础信号球后，会激活异界装备按钮，释放后召唤科沃兹聚集周围的敌方单位，并造成3次<color=#FF6347>390%</color>空属性伤害。
162604	1626	4	科沃兹·旋击·空	Assets/Product/Texture/Image/IconPetSkill/Pet3DcavaliereSkillzhudong06.png	任意消除6个基础信号球后，会激活异界装备按钮，释放后召唤科沃兹聚集周围的敌方单位，并造成3次<color=#FF6347>520%</color>空属性伤害。
162605	1626	5	科沃兹·旋击·空	Assets/Product/Texture/Image/IconPetSkill/Pet3DcavaliereSkillzhudong06.png	任意消除6个基础信号球后，会激活异界装备按钮，释放后召唤科沃兹聚集周围的敌方单位，并造成3次<color=#FF6347>650%</color>空属性伤害。
8000001	80000	1	刃轮旋切	Assets/Product/Texture/Image/IconPetSkill/Pet3DcavaliereSkillbeidong01.png	科沃兹主动技伤害提高<color=#0f70bc>14%</color>。
8000002	80000	2	刃轮旋切	Assets/Product/Texture/Image/IconPetSkill/Pet3DcavaliereSkillbeidong01.png	科沃兹主动技伤害提高<color=#0f70bc>28%</color>。
8000003	80000	3	刃轮旋切	Assets/Product/Texture/Image/IconPetSkill/Pet3DcavaliereSkillbeidong01.png	科沃兹主动技伤害提高<color=#0f70bc>42%</color>。
8000004	80000	4	刃轮旋切	Assets/Product/Texture/Image/IconPetSkill/Pet3DcavaliereSkillbeidong01.png	科沃兹主动技伤害提高<color=#0f70bc>56%</color>。
8000005	80000	5	刃轮旋切	Assets/Product/Texture/Image/IconPetSkill/Pet3DcavaliereSkillbeidong01.png	科沃兹主动技伤害提高<color=#0f70bc>70%</color>。
8001001	80010	1	怠速蓄势	Assets/Product/Texture/Image/IconPetSkill/Pet3DolphinSkillbeidong02.png	携带角色攻击力提高<color=#0f70bc>20</color>。
8001002	80010	2	怠速蓄势	Assets/Product/Texture/Image/IconPetSkill/Pet3DolphinSkillbeidong02.png	携带角色攻击力提高<color=#0f70bc>40</color>。
8001003	80010	3	怠速蓄势	Assets/Product/Texture/Image/IconPetSkill/Pet3DolphinSkillbeidong02.png	携带角色攻击力提高<color=#0f70bc>60</color>。
8001004	80010	4	怠速蓄势	Assets/Product/Texture/Image/IconPetSkill/Pet3DolphinSkillbeidong02.png	携带角色攻击力提高<color=#0f70bc>80</color>。
8001005	80010	5	怠速蓄势	Assets/Product/Texture/Image/IconPetSkill/Pet3DolphinSkillbeidong02.png	携带角色攻击力提高<color=#0f70bc>100</color>。
8002001	80020	1	高速追袭	Assets/Product/Texture/Image/IconPetSkill/Pet3DcavaliereSkillbeidong03.png	科沃兹释放主动技后，携带角色额外伤害加成提高<color=#0f70bc>1%</color>，持续8秒，重复触发刷新持续时间。
8002002	80020	2	高速追袭	Assets/Product/Texture/Image/IconPetSkill/Pet3DcavaliereSkillbeidong03.png	科沃兹释放主动技后，携带角色额外伤害加成提高<color=#0f70bc>2%</color>，持续8秒，重复触发刷新持续时间。
8002003	80020	3	高速追袭	Assets/Product/Texture/Image/IconPetSkill/Pet3DcavaliereSkillbeidong03.png	科沃兹释放主动技后，携带角色额外伤害加成提高<color=#0f70bc>3%</color>，持续8秒，重复触发刷新持续时间。
8002004	80020	4	高速追袭	Assets/Product/Texture/Image/IconPetSkill/Pet3DcavaliereSkillbeidong03.png	科沃兹释放主动技后，携带角色额外伤害加成提高<color=#0f70bc>4%</color>，持续8秒，重复触发刷新持续时间。
8002005	80020	5	高速追袭	Assets/Product/Texture/Image/IconPetSkill/Pet3DcavaliereSkillbeidong03.png	科沃兹释放主动技后，携带角色额外伤害加成提高<color=#0f70bc>5%</color>，持续8秒，重复触发刷新持续时间。
8003001	80030	1	超限加速	Assets/Product/Texture/Image/IconPetSkill/Pet3DcavaliereSkillbeidong04.png	携带角色火属性伤害提高<color=#0f70bc>2%</color>。若携带者拥有燃火标记时，焚烧伤害提高<color=#0f70bc>2%</color>。
8003002	80030	2	超限加速	Assets/Product/Texture/Image/IconPetSkill/Pet3DcavaliereSkillbeidong04.png	携带角色火属性伤害提高<color=#0f70bc>4%</color>。若携带者拥有燃火标记时，焚烧伤害提高<color=#0f70bc>4%</color>。
8003003	80030	3	超限加速	Assets/Product/Texture/Image/IconPetSkill/Pet3DcavaliereSkillbeidong04.png	携带角色火属性伤害提高<color=#0f70bc>6%</color>。若携带者拥有燃火标记时，焚烧伤害提高<color=#0f70bc>6%</color>。
8003004	80030	4	超限加速	Assets/Product/Texture/Image/IconPetSkill/Pet3DcavaliereSkillbeidong04.png	携带角色火属性伤害提高<color=#0f70bc>8%</color>。若携带者拥有燃火标记时，焚烧伤害提高<color=#0f70bc>8%</color>。
8003005	80030	5	超限加速	Assets/Product/Texture/Image/IconPetSkill/Pet3DcavaliereSkillbeidong04.png	携带角色火属性伤害提高<color=#0f70bc>10%</color>。若携带者拥有燃火标记时，焚烧伤害提高<color=#0f70bc>10%</color>。
8004001	80040	1	真魔降临	Assets/Product/Texture/Image/IconPetSkill/Pet3DcavaliereSkillbeidong05.png	但丁携带时，可点击<color=#0f70bc>未充能的</color>异界装备按钮释放<color=#0f70bc>科沃兹</color>并召唤<color=#0f70bc>幻影剑</color>攻击敌人，首次点击时将释放<color=#0f70bc>科沃兹·飞燕</color>，视为<color=#0f70bc>迅刺</color>，造成其<color=#0f70bc>100%</color>的火属性伤害；期间再次点击，将释放<color=#0f70bc>科沃兹·空斩</color>，视为<color=#0f70bc>狂刺</color>，造成其<color=#0f70bc>160%</color>的火属性伤害。<color=#0f70bc>空斩</color>期间点击普攻，将释放<color=#0f70bc>科沃兹·空中连击</color>，视为<color=#0f70bc>魔剑但丁·连击</color>，造成其<color=#0f70bc>65%</color>的火属性伤害。<color=#0f70bc>真魔人·撼地狂焰</color>及<color=#0f70bc>真魔人·最终审判</color>基础伤害提升25%。
8004002	80040	2	真魔降临	Assets/Product/Texture/Image/IconPetSkill/Pet3DcavaliereSkillbeidong05.png	但丁携带时，可点击<color=#0f70bc>未充能的</color>异界装备按钮释放<color=#0f70bc>科沃兹</color>并召唤<color=#0f70bc>幻影剑</color>攻击敌人，首次点击时将释放<color=#0f70bc>科沃兹·飞燕</color>，视为<color=#0f70bc>迅刺</color>，造成其<color=#0f70bc>100%</color>的火属性伤害；期间再次点击，将释放<color=#0f70bc>科沃兹·空斩</color>，视为<color=#0f70bc>狂刺</color>，造成其<color=#0f70bc>160%</color>的火属性伤害。<color=#0f70bc>空斩</color>期间点击普攻，将释放<color=#0f70bc>科沃兹·空中连击</color>，视为<color=#0f70bc>魔剑但丁·连击</color>，造成其<color=#0f70bc>65%</color>的火属性伤害。<color=#0f70bc>真魔人·撼地狂焰</color>及<color=#0f70bc>真魔人·最终审判</color>基础伤害提升50%。
8004003	80040	3	真魔降临	Assets/Product/Texture/Image/IconPetSkill/Pet3DcavaliereSkillbeidong05.png	但丁携带时，可点击<color=#0f70bc>未充能的</color>异界装备按钮释放<color=#0f70bc>科沃兹</color>并召唤<color=#0f70bc>幻影剑</color>攻击敌人，首次点击时将释放<color=#0f70bc>科沃兹·飞燕</color>，视为<color=#0f70bc>迅刺</color>，造成其<color=#0f70bc>100%</color>的火属性伤害；期间再次点击，将释放<color=#0f70bc>科沃兹·空斩</color>，视为<color=#0f70bc>狂刺</color>，造成其<color=#0f70bc>160%</color>的火属性伤害。<color=#0f70bc>空斩</color>期间点击普攻，将释放<color=#0f70bc>科沃兹·空中连击</color>，视为<color=#0f70bc>魔剑但丁·连击</color>，造成其<color=#0f70bc>65%</color>的火属性伤害。<color=#0f70bc>真魔人·撼地狂焰</color>及<color=#0f70bc>真魔人·最终审判</color>基础伤害提升75%。
8004004	80040	4	真魔降临	Assets/Product/Texture/Image/IconPetSkill/Pet3DcavaliereSkillbeidong05.png	但丁携带时，可点击<color=#0f70bc>未充能的</color>异界装备按钮释放<color=#0f70bc>科沃兹</color>并召唤<color=#0f70bc>幻影剑</color>攻击敌人，首次点击时将释放<color=#0f70bc>科沃兹·飞燕</color>，视为<color=#0f70bc>迅刺</color>，造成其<color=#0f70bc>100%</color>的火属性伤害；期间再次点击，将释放<color=#0f70bc>科沃兹·空斩</color>，视为<color=#0f70bc>狂刺</color>，造成其<color=#0f70bc>160%</color>的火属性伤害。<color=#0f70bc>空斩</color>期间点击普攻，将释放<color=#0f70bc>科沃兹·空中连击</color>，视为<color=#0f70bc>魔剑但丁·连击</color>，造成其<color=#0f70bc>65%</color>的火属性伤害。<color=#0f70bc>真魔人·撼地狂焰</color>及<color=#0f70bc>真魔人·最终审判</color>基础伤害提升100%。
8004005	80040	5	真魔降临	Assets/Product/Texture/Image/IconPetSkill/Pet3DcavaliereSkillbeidong05.png	但丁携带时，可点击<color=#0f70bc>未充能的</color>异界装备按钮释放<color=#0f70bc>科沃兹</color>并召唤<color=#0f70bc>幻影剑</color>攻击敌人，首次点击时将释放<color=#0f70bc>科沃兹·飞燕</color>，视为<color=#0f70bc>迅刺</color>，造成其<color=#0f70bc>100%</color>的火属性伤害；期间再次点击，将释放<color=#0f70bc>科沃兹·空斩</color>，视为<color=#0f70bc>狂刺</color>，造成其<color=#0f70bc>160%</color>的火属性伤害。<color=#0f70bc>空斩</color>期间点击普攻，将释放<color=#0f70bc>科沃兹·空中连击</color>，视为<color=#0f70bc>魔剑但丁·连击</color>，造成其<color=#0f70bc>65%</color>的火属性伤害。<color=#0f70bc>真魔人·撼地狂焰</color>及<color=#0f70bc>真魔人·最终审判</color>基础伤害提升125%。
163101	1631	1	凛锋贯棘.物	Assets/Product/Texture/Image/IconPetSkill/Pet3JellyfishSkillzhudong05.png	任意消除6个基础信号球后，会激活辅助机按钮，释放后浊璃甩出针刺攻击敌人，造成11次<color=#FF6347>38%</color>物理伤害。
163102	1631	2	凛锋贯棘.物	Assets/Product/Texture/Image/IconPetSkill/Pet3JellyfishSkillzhudong05.png	任意消除6个基础信号球后，会激活辅助机按钮，释放后浊璃甩出针刺攻击敌人，造成11次<color=#FF6347>76%</color>物理伤害。
163103	1631	3	凛锋贯棘.物	Assets/Product/Texture/Image/IconPetSkill/Pet3JellyfishSkillzhudong05.png	任意消除6个基础信号球后，会激活辅助机按钮，释放后浊璃甩出针刺攻击敌人，造成11次<color=#FF6347>114%</color>物理伤害。
163104	1631	4	凛锋贯棘.物	Assets/Product/Texture/Image/IconPetSkill/Pet3JellyfishSkillzhudong05.png	任意消除6个基础信号球后，会激活辅助机按钮，释放后浊璃甩出针刺攻击敌人，造成11次<color=#FF6347>152%</color>物理伤害。
163105	1631	5	凛锋贯棘.物	Assets/Product/Texture/Image/IconPetSkill/Pet3JellyfishSkillzhudong05.png	任意消除6个基础信号球后，会激活辅助机按钮，释放后浊璃甩出针刺攻击敌人，造成11次<color=#FF6347>190%</color>物理伤害。
163201	1632	1	凛锋贯棘.火	Assets/Product/Texture/Image/IconPetSkill/Pet3JellyfishSkillzhudong01.png	任意消除6个基础信号球后，会激活辅助机按钮，释放后浊璃甩出针刺攻击敌人，造成11次<color=#FF6347>38%</color>火属性伤害。
163202	1632	2	凛锋贯棘.火	Assets/Product/Texture/Image/IconPetSkill/Pet3JellyfishSkillzhudong01.png	任意消除6个基础信号球后，会激活辅助机按钮，释放后浊璃甩出针刺攻击敌人，造成11次<color=#FF6347>76%</color>火属性伤害。
163203	1632	3	凛锋贯棘.火	Assets/Product/Texture/Image/IconPetSkill/Pet3JellyfishSkillzhudong01.png	任意消除6个基础信号球后，会激活辅助机按钮，释放后浊璃甩出针刺攻击敌人，造成11次<color=#FF6347>114%</color>火属性伤害。
163204	1632	4	凛锋贯棘.火	Assets/Product/Texture/Image/IconPetSkill/Pet3JellyfishSkillzhudong01.png	任意消除6个基础信号球后，会激活辅助机按钮，释放后浊璃甩出针刺攻击敌人，造成11次<color=#FF6347>152%</color>火属性伤害。
163205	1632	5	凛锋贯棘.火	Assets/Product/Texture/Image/IconPetSkill/Pet3JellyfishSkillzhudong01.png	任意消除6个基础信号球后，会激活辅助机按钮，释放后浊璃甩出针刺攻击敌人，造成11次<color=#FF6347>190%</color>火属性伤害。
163301	1633	1	凛锋贯棘.冰	Assets/Product/Texture/Image/IconPetSkill/Pet3JellyfishSkillzhudong02.png	任意消除6个基础信号球后，会激活辅助机按钮，释放后浊璃甩出针刺攻击敌人，造成11次<color=#FF6347>38%</color>冰属性伤害。
163302	1633	2	凛锋贯棘.冰	Assets/Product/Texture/Image/IconPetSkill/Pet3JellyfishSkillzhudong02.png	任意消除6个基础信号球后，会激活辅助机按钮，释放后浊璃甩出针刺攻击敌人，造成11次<color=#FF6347>76%</color>冰属性伤害。
163303	1633	3	凛锋贯棘.冰	Assets/Product/Texture/Image/IconPetSkill/Pet3JellyfishSkillzhudong02.png	任意消除6个基础信号球后，会激活辅助机按钮，释放后浊璃甩出针刺攻击敌人，造成11次<color=#FF6347>114%</color>冰属性伤害。
163304	1633	4	凛锋贯棘.冰	Assets/Product/Texture/Image/IconPetSkill/Pet3JellyfishSkillzhudong02.png	任意消除6个基础信号球后，会激活辅助机按钮，释放后浊璃甩出针刺攻击敌人，造成11次<color=#FF6347>152%</color>冰属性伤害。
163305	1633	5	凛锋贯棘.冰	Assets/Product/Texture/Image/IconPetSkill/Pet3JellyfishSkillzhudong02.png	任意消除6个基础信号球后，会激活辅助机按钮，释放后浊璃甩出针刺攻击敌人，造成11次<color=#FF6347>190%</color>冰属性伤害。
163401	1634	1	凛锋贯棘.雷	Assets/Product/Texture/Image/IconPetSkill/Pet3JellyfishSkillzhudong03.png	任意消除6个基础信号球后，会激活辅助机按钮，释放后浊璃甩出针刺攻击敌人，造成11次<color=#FF6347>38%</color>雷属性伤害。
163402	1634	2	凛锋贯棘.雷	Assets/Product/Texture/Image/IconPetSkill/Pet3JellyfishSkillzhudong03.png	任意消除6个基础信号球后，会激活辅助机按钮，释放后浊璃甩出针刺攻击敌人，造成11次<color=#FF6347>76%</color>雷属性伤害。
163403	1634	3	凛锋贯棘.雷	Assets/Product/Texture/Image/IconPetSkill/Pet3JellyfishSkillzhudong03.png	任意消除6个基础信号球后，会激活辅助机按钮，释放后浊璃甩出针刺攻击敌人，造成11次<color=#FF6347>114%</color>雷属性伤害。
163404	1634	4	凛锋贯棘.雷	Assets/Product/Texture/Image/IconPetSkill/Pet3JellyfishSkillzhudong03.png	任意消除6个基础信号球后，会激活辅助机按钮，释放后浊璃甩出针刺攻击敌人，造成11次<color=#FF6347>152%</color>雷属性伤害。
163405	1634	5	凛锋贯棘.雷	Assets/Product/Texture/Image/IconPetSkill/Pet3JellyfishSkillzhudong03.png	任意消除6个基础信号球后，会激活辅助机按钮，释放后浊璃甩出针刺攻击敌人，造成11次<color=#FF6347>190%</color>雷属性伤害。
163501	1635	1	凛锋贯棘·暗	Assets/Product/Texture/Image/IconPetSkill/Pet3JellyfishSkillzhudong04.png	任意消除6个基础信号球后，会激活辅助机按钮，释放后浊璃甩出针刺攻击敌人，造成11次<color=#FF6347>38%</color>暗属性伤害。
163502	1635	2	凛锋贯棘·暗	Assets/Product/Texture/Image/IconPetSkill/Pet3JellyfishSkillzhudong04.png	任意消除6个基础信号球后，会激活辅助机按钮，释放后浊璃甩出针刺攻击敌人，造成11次<color=#FF6347>76%</color>暗属性伤害。
163503	1635	3	凛锋贯棘·暗	Assets/Product/Texture/Image/IconPetSkill/Pet3JellyfishSkillzhudong04.png	任意消除6个基础信号球后，会激活辅助机按钮，释放后浊璃甩出针刺攻击敌人，造成11次<color=#FF6347>114%</color>暗属性伤害。
163504	1635	4	凛锋贯棘·暗	Assets/Product/Texture/Image/IconPetSkill/Pet3JellyfishSkillzhudong04.png	任意消除6个基础信号球后，会激活辅助机按钮，释放后浊璃甩出针刺攻击敌人，造成11次<color=#FF6347>152%</color>暗属性伤害。
163505	1635	5	凛锋贯棘·暗	Assets/Product/Texture/Image/IconPetSkill/Pet3JellyfishSkillzhudong04.png	任意消除6个基础信号球后，会激活辅助机按钮，释放后浊璃甩出针刺攻击敌人，造成11次<color=#FF6347>190%</color>暗属性伤害。
163601	1636	1	凛锋贯棘·空	Assets/Product/Texture/Image/IconPetSkill/Pet3JellyfishSkillzhudong06.png	任意消除6个基础信号球后，会激活辅助机按钮，释放后浊璃甩出针刺攻击敌人，造成11次<color=#FF6347>38%</color>空属性伤害。
163602	1636	2	凛锋贯棘·空	Assets/Product/Texture/Image/IconPetSkill/Pet3JellyfishSkillzhudong06.png	任意消除6个基础信号球后，会激活辅助机按钮，释放后浊璃甩出针刺攻击敌人，造成11次<color=#FF6347>76%</color>空属性伤害。
163603	1636	3	凛锋贯棘·空	Assets/Product/Texture/Image/IconPetSkill/Pet3JellyfishSkillzhudong06.png	任意消除6个基础信号球后，会激活辅助机按钮，释放后浊璃甩出针刺攻击敌人，造成11次<color=#FF6347>114%</color>空属性伤害。
163604	1636	4	凛锋贯棘·空	Assets/Product/Texture/Image/IconPetSkill/Pet3JellyfishSkillzhudong06.png	任意消除6个基础信号球后，会激活辅助机按钮，释放后浊璃甩出针刺攻击敌人，造成11次<color=#FF6347>152%</color>空属性伤害。
163605	1636	5	凛锋贯棘·空	Assets/Product/Texture/Image/IconPetSkill/Pet3JellyfishSkillzhudong06.png	任意消除6个基础信号球后，会激活辅助机按钮，释放后浊璃甩出针刺攻击敌人，造成11次<color=#FF6347>190%</color>空属性伤害。
164101	1641	1	霜冠圣裁.物	Assets/Product/Texture/Image/IconPetSkill/Pet3JellyfishSkillzhudong05.png	任意消除6个基础信号球后，会激活辅助机按钮，释放后浊璃进行一次冲撞，攻击沿途上的敌人，并造成<color=#FF6347>390%</color>物理伤害。
164102	1641	2	霜冠圣裁.物	Assets/Product/Texture/Image/IconPetSkill/Pet3JellyfishSkillzhudong05.png	任意消除6个基础信号球后，会激活辅助机按钮，释放后浊璃进行一次冲撞，攻击沿途上的敌人，并造成<color=#FF6347>780%</color>物理伤害。
164103	1641	3	霜冠圣裁.物	Assets/Product/Texture/Image/IconPetSkill/Pet3JellyfishSkillzhudong05.png	任意消除6个基础信号球后，会激活辅助机按钮，释放后浊璃进行一次冲撞，攻击沿途上的敌人，并造成<color=#FF6347>1170%</color>物理伤害。
164104	1641	4	霜冠圣裁.物	Assets/Product/Texture/Image/IconPetSkill/Pet3JellyfishSkillzhudong05.png	任意消除6个基础信号球后，会激活辅助机按钮，释放后浊璃进行一次冲撞，攻击沿途上的敌人，并造成<color=#FF6347>1560%</color>物理伤害。
164105	1641	5	霜冠圣裁.物	Assets/Product/Texture/Image/IconPetSkill/Pet3JellyfishSkillzhudong05.png	任意消除6个基础信号球后，会激活辅助机按钮，释放后浊璃进行一次冲撞，攻击沿途上的敌人，并造成<color=#FF6347>1950%</color>物理伤害。
164201	1642	1	霜冠圣裁.火	Assets/Product/Texture/Image/IconPetSkill/Pet3JellyfishSkillzhudong01.png	任意消除6个基础信号球后，会激活辅助机按钮，释放后浊璃进行一次冲撞，攻击沿途上的敌人，并造成<color=#FF6347>390%</color>火属性伤害。
164202	1642	2	霜冠圣裁.火	Assets/Product/Texture/Image/IconPetSkill/Pet3JellyfishSkillzhudong01.png	任意消除6个基础信号球后，会激活辅助机按钮，释放后浊璃进行一次冲撞，攻击沿途上的敌人，并造成<color=#FF6347>780%</color>火属性伤害。
164203	1642	3	霜冠圣裁.火	Assets/Product/Texture/Image/IconPetSkill/Pet3JellyfishSkillzhudong01.png	任意消除6个基础信号球后，会激活辅助机按钮，释放后浊璃进行一次冲撞，攻击沿途上的敌人，并造成<color=#FF6347>1170%</color>火属性伤害。
164204	1642	4	霜冠圣裁.火	Assets/Product/Texture/Image/IconPetSkill/Pet3JellyfishSkillzhudong01.png	任意消除6个基础信号球后，会激活辅助机按钮，释放后浊璃进行一次冲撞，攻击沿途上的敌人，并造成<color=#FF6347>1560%</color>火属性伤害。
164205	1642	5	霜冠圣裁.火	Assets/Product/Texture/Image/IconPetSkill/Pet3JellyfishSkillzhudong01.png	任意消除6个基础信号球后，会激活辅助机按钮，释放后浊璃进行一次冲撞，攻击沿途上的敌人，并造成<color=#FF6347>1950%</color>火属性伤害。
164301	1643	1	霜冠圣裁.冰	Assets/Product/Texture/Image/IconPetSkill/Pet3JellyfishSkillzhudong02.png	任意消除6个基础信号球后，会激活辅助机按钮，释放后浊璃进行一次冲撞，攻击沿途上的敌人，并造成<color=#FF6347>390%</color>冰属性伤害。
164302	1643	2	霜冠圣裁.冰	Assets/Product/Texture/Image/IconPetSkill/Pet3JellyfishSkillzhudong02.png	任意消除6个基础信号球后，会激活辅助机按钮，释放后浊璃进行一次冲撞，攻击沿途上的敌人，并造成<color=#FF6347>780%</color>冰属性伤害。
164303	1643	3	霜冠圣裁.冰	Assets/Product/Texture/Image/IconPetSkill/Pet3JellyfishSkillzhudong02.png	任意消除6个基础信号球后，会激活辅助机按钮，释放后浊璃进行一次冲撞，攻击沿途上的敌人，并造成<color=#FF6347>1170%</color>冰属性伤害。
164304	1643	4	霜冠圣裁.冰	Assets/Product/Texture/Image/IconPetSkill/Pet3JellyfishSkillzhudong02.png	任意消除6个基础信号球后，会激活辅助机按钮，释放后浊璃进行一次冲撞，攻击沿途上的敌人，并造成<color=#FF6347>1560%</color>冰属性伤害。
164305	1643	5	霜冠圣裁.冰	Assets/Product/Texture/Image/IconPetSkill/Pet3JellyfishSkillzhudong02.png	任意消除6个基础信号球后，会激活辅助机按钮，释放后浊璃进行一次冲撞，攻击沿途上的敌人，并造成<color=#FF6347>1950%</color>冰属性伤害。
164401	1644	1	霜冠圣裁.雷	Assets/Product/Texture/Image/IconPetSkill/Pet3JellyfishSkillzhudong03.png	任意消除6个基础信号球后，会激活辅助机按钮，释放后浊璃进行一次冲撞，攻击沿途上的敌人，并造成<color=#FF6347>390%</color>雷属性伤害。
164402	1644	2	霜冠圣裁.雷	Assets/Product/Texture/Image/IconPetSkill/Pet3JellyfishSkillzhudong03.png	任意消除6个基础信号球后，会激活辅助机按钮，释放后浊璃进行一次冲撞，攻击沿途上的敌人，并造成<color=#FF6347>780%</color>雷属性伤害。
164403	1644	3	霜冠圣裁.雷	Assets/Product/Texture/Image/IconPetSkill/Pet3JellyfishSkillzhudong03.png	任意消除6个基础信号球后，会激活辅助机按钮，释放后浊璃进行一次冲撞，攻击沿途上的敌人，并造成<color=#FF6347>1170%</color>雷属性伤害。
164404	1644	4	霜冠圣裁.雷	Assets/Product/Texture/Image/IconPetSkill/Pet3JellyfishSkillzhudong03.png	任意消除6个基础信号球后，会激活辅助机按钮，释放后浊璃进行一次冲撞，攻击沿途上的敌人，并造成<color=#FF6347>1560%</color>雷属性伤害。
164405	1644	5	霜冠圣裁.雷	Assets/Product/Texture/Image/IconPetSkill/Pet3JellyfishSkillzhudong03.png	任意消除6个基础信号球后，会激活辅助机按钮，释放后浊璃进行一次冲撞，攻击沿途上的敌人，并造成<color=#FF6347>1950%</color>雷属性伤害。
164501	1645	1	霜冠圣裁·暗	Assets/Product/Texture/Image/IconPetSkill/Pet3JellyfishSkillzhudong04.png	任意消除6个基础信号球后，会激活辅助机按钮，释放后浊璃进行一次冲撞，攻击沿途上的敌人，并造成<color=#FF6347>390%</color>暗属性伤害。
164502	1645	2	霜冠圣裁·暗	Assets/Product/Texture/Image/IconPetSkill/Pet3JellyfishSkillzhudong04.png	任意消除6个基础信号球后，会激活辅助机按钮，释放后浊璃进行一次冲撞，攻击沿途上的敌人，并造成<color=#FF6347>780%</color>暗属性伤害。
164503	1645	3	霜冠圣裁·暗	Assets/Product/Texture/Image/IconPetSkill/Pet3JellyfishSkillzhudong04.png	任意消除6个基础信号球后，会激活辅助机按钮，释放后浊璃进行一次冲撞，攻击沿途上的敌人，并造成<color=#FF6347>1170%</color>暗属性伤害。
164504	1645	4	霜冠圣裁·暗	Assets/Product/Texture/Image/IconPetSkill/Pet3JellyfishSkillzhudong04.png	任意消除6个基础信号球后，会激活辅助机按钮，释放后浊璃进行一次冲撞，攻击沿途上的敌人，并造成<color=#FF6347>1560%</color>暗属性伤害。
164505	1645	5	霜冠圣裁·暗	Assets/Product/Texture/Image/IconPetSkill/Pet3JellyfishSkillzhudong04.png	任意消除6个基础信号球后，会激活辅助机按钮，释放后浊璃进行一次冲撞，攻击沿途上的敌人，并造成<color=#FF6347>1950%</color>暗属性伤害。
164601	1646	1	霜冠圣裁·空	Assets/Product/Texture/Image/IconPetSkill/Pet3JellyfishSkillzhudong06.png	任意消除6个基础信号球后，会激活辅助机按钮，释放后浊璃进行一次冲撞，攻击沿途上的敌人，并造成<color=#FF6347>390%</color>空属性伤害。
164602	1646	2	霜冠圣裁·空	Assets/Product/Texture/Image/IconPetSkill/Pet3JellyfishSkillzhudong06.png	任意消除6个基础信号球后，会激活辅助机按钮，释放后浊璃进行一次冲撞，攻击沿途上的敌人，并造成<color=#FF6347>780%</color>空属性伤害。
164603	1646	3	霜冠圣裁·空	Assets/Product/Texture/Image/IconPetSkill/Pet3JellyfishSkillzhudong06.png	任意消除6个基础信号球后，会激活辅助机按钮，释放后浊璃进行一次冲撞，攻击沿途上的敌人，并造成<color=#FF6347>1170%</color>空属性伤害。
164604	1646	4	霜冠圣裁·空	Assets/Product/Texture/Image/IconPetSkill/Pet3JellyfishSkillzhudong06.png	任意消除6个基础信号球后，会激活辅助机按钮，释放后浊璃进行一次冲撞，攻击沿途上的敌人，并造成<color=#FF6347>1560%</color>空属性伤害。
164605	1646	5	霜冠圣裁·空	Assets/Product/Texture/Image/IconPetSkill/Pet3JellyfishSkillzhudong06.png	任意消除6个基础信号球后，会激活辅助机按钮，释放后浊璃进行一次冲撞，攻击沿途上的敌人，并造成<color=#FF6347>1950%</color>空属性伤害。
8100001	81000	1	潮漩恩典	Assets/Product/Texture/Image/IconPetSkill/Pet3JellyfishSkillbeidong01.png	浊璃主动技伤害提高<color=#0f70bc>14%</color>。
8100002	81000	2	潮漩恩典	Assets/Product/Texture/Image/IconPetSkill/Pet3JellyfishSkillbeidong01.png	浊璃主动技伤害提高<color=#0f70bc>28%</color>。
8100003	81000	3	潮漩恩典	Assets/Product/Texture/Image/IconPetSkill/Pet3JellyfishSkillbeidong01.png	浊璃主动技伤害提高<color=#0f70bc>42%</color>。
8100004	81000	4	潮漩恩典	Assets/Product/Texture/Image/IconPetSkill/Pet3JellyfishSkillbeidong01.png	浊璃主动技伤害提高<color=#0f70bc>56%</color>。
8100005	81000	5	潮漩恩典	Assets/Product/Texture/Image/IconPetSkill/Pet3JellyfishSkillbeidong01.png	浊璃主动技伤害提高<color=#0f70bc>70%</color>。
8101001	81010	1	谕印刻痕	Assets/Product/Texture/Image/IconPetSkill/Pet3DolphinSkillbeidong02.png	携带角色攻击力提高<color=#0f70bc>20</color>。
8101002	81010	2	谕印刻痕	Assets/Product/Texture/Image/IconPetSkill/Pet3DolphinSkillbeidong02.png	携带角色攻击力提高<color=#0f70bc>40</color>。
8101003	81010	3	谕印刻痕	Assets/Product/Texture/Image/IconPetSkill/Pet3DolphinSkillbeidong02.png	携带角色攻击力提高<color=#0f70bc>60</color>。
8101004	81010	4	谕印刻痕	Assets/Product/Texture/Image/IconPetSkill/Pet3DolphinSkillbeidong02.png	携带角色攻击力提高<color=#0f70bc>80</color>。
8101005	81010	5	谕印刻痕	Assets/Product/Texture/Image/IconPetSkill/Pet3DolphinSkillbeidong02.png	携带角色攻击力提高<color=#0f70bc>100</color>。
8102001	81020	1	永冻礼赞	Assets/Product/Texture/Image/IconPetSkill/Pet3JellyfishSkillbeidong03.png	浊璃释放主动技后，携带角色额外伤害加成提高<color=#0f70bc>1%</color>，持续8秒，重复触发刷新持续时间。
8102002	81020	2	永冻礼赞	Assets/Product/Texture/Image/IconPetSkill/Pet3JellyfishSkillbeidong03.png	浊璃释放主动技后，携带角色额外伤害加成提高<color=#0f70bc>2%</color>，持续8秒，重复触发刷新持续时间。
8102003	81020	3	永冻礼赞	Assets/Product/Texture/Image/IconPetSkill/Pet3JellyfishSkillbeidong03.png	浊璃释放主动技后，携带角色额外伤害加成提高<color=#0f70bc>3%</color>，持续8秒，重复触发刷新持续时间。
8102004	81020	4	永冻礼赞	Assets/Product/Texture/Image/IconPetSkill/Pet3JellyfishSkillbeidong03.png	浊璃释放主动技后，携带角色额外伤害加成提高<color=#0f70bc>4%</color>，持续8秒，重复触发刷新持续时间。
8102005	81020	5	永冻礼赞	Assets/Product/Texture/Image/IconPetSkill/Pet3JellyfishSkillbeidong03.png	浊璃释放主动技后，携带角色额外伤害加成提高<color=#0f70bc>5%</color>，持续8秒，重复触发刷新持续时间。
8103001	81030	1	辉棘共鸣	Assets/Product/Texture/Image/IconPetSkill/Pet3JellyfishSkillbeidong04.png	携带角色暗属性伤害提高<color=#0f70bc>2%</color>。熠光伤害提高<color=#0f70bc>2%</color>。
8103002	81030	2	辉棘共鸣	Assets/Product/Texture/Image/IconPetSkill/Pet3JellyfishSkillbeidong04.png	携带角色暗属性伤害提高<color=#0f70bc>4%</color>。熠光伤害提高<color=#0f70bc>4%</color>。
8103003	81030	3	辉棘共鸣	Assets/Product/Texture/Image/IconPetSkill/Pet3JellyfishSkillbeidong04.png	携带角色暗属性伤害提高<color=#0f70bc>6%</color>。熠光伤害提高<color=#0f70bc>6%</color>。
8103004	81030	4	辉棘共鸣	Assets/Product/Texture/Image/IconPetSkill/Pet3JellyfishSkillbeidong04.png	携带角色暗属性伤害提高<color=#0f70bc>8%</color>。熠光伤害提高<color=#0f70bc>8%</color>。
8103005	81030	5	辉棘共鸣	Assets/Product/Texture/Image/IconPetSkill/Pet3JellyfishSkillbeidong04.png	携带角色暗属性伤害提高<color=#0f70bc>10%</color>。熠光伤害提高<color=#0f70bc>10%</color>。
8104001	81040	1	璃梦咏叹	Assets/Product/Texture/Image/IconPetSkill/Pet3JellyfishSkillbeidong05.png	比安卡·晖暮携带浊璃释放<color=#0f70bc>噬穹</color>或<color=#0f70bc>碎穹</color>时，召唤浊璃协同攻击。释放<color=#0f70bc>噬穹</color>时，浊璃造成2次<color=#0f70bc>300%</color>暗属性伤害；释放<color=#0f70bc>碎穹</color>时，浊璃造成1次<color=#0f70bc>600%</color>熠光伤害;<color=#0f70bc>影绞</color>/<color=#0f70bc>烬灭</color>基础伤害提升10%/10%，若释放时<color=#0f70bc>祝祷</color>层数满，转而提升26%/30%。
8104002	81040	2	璃梦咏叹	Assets/Product/Texture/Image/IconPetSkill/Pet3JellyfishSkillbeidong05.png	比安卡·晖暮携带浊璃释放<color=#0f70bc>噬穹</color>或<color=#0f70bc>碎穹</color>时，召唤浊璃协同攻击。释放<color=#0f70bc>噬穹</color>时，浊璃造成2次<color=#0f70bc>600%</color>暗属性伤害；释放<color=#0f70bc>碎穹</color>时，浊璃造成1次<color=#0f70bc>1200%</color>熠光伤害;<color=#0f70bc>影绞</color>/<color=#0f70bc>烬灭</color>基础伤害提升20%/20%，若释放时<color=#0f70bc>祝祷</color>层数满，转而提升52%/60%。
8104003	81040	3	璃梦咏叹	Assets/Product/Texture/Image/IconPetSkill/Pet3JellyfishSkillbeidong05.png	比安卡·晖暮携带浊璃释放<color=#0f70bc>噬穹</color>或<color=#0f70bc>碎穹</color>时，召唤浊璃协同攻击。释放<color=#0f70bc>噬穹</color>时，浊璃造成2次<color=#0f70bc>900%</color>暗属性伤害；释放<color=#0f70bc>碎穹</color>时，浊璃造成1次<color=#0f70bc>1800%</color>熠光伤害;<color=#0f70bc>影绞</color>/<color=#0f70bc>烬灭</color>基础伤害提升30%/30%，若释放时<color=#0f70bc>祝祷</color>层数满，转而提升78%/90%。
8104004	81040	4	璃梦咏叹	Assets/Product/Texture/Image/IconPetSkill/Pet3JellyfishSkillbeidong05.png	比安卡·晖暮携带浊璃释放<color=#0f70bc>噬穹</color>或<color=#0f70bc>碎穹</color>时，召唤浊璃协同攻击。释放<color=#0f70bc>噬穹</color>时，浊璃造成2次<color=#0f70bc>1200%</color>暗属性伤害；释放<color=#0f70bc>碎穹</color>时，浊璃造成1次<color=#0f70bc>2400%</color>熠光伤害;<color=#0f70bc>影绞</color>/<color=#0f70bc>烬灭</color>基础伤害提升40%/40%，若释放时<color=#0f70bc>祝祷</color>层数满，转而提升104%/120%。
8104005	81040	5	璃梦咏叹	Assets/Product/Texture/Image/IconPetSkill/Pet3JellyfishSkillbeidong05.png	比安卡·晖暮携带浊璃释放<color=#0f70bc>噬穹</color>或<color=#0f70bc>碎穹</color>时，召唤浊璃协同攻击。释放<color=#0f70bc>噬穹</color>时，浊璃造成2次<color=#0f70bc>1500%</color>暗属性伤害；释放<color=#0f70bc>碎穹</color>时，浊璃造成1次<color=#0f70bc>3000%</color>熠光伤害;<color=#0f70bc>影绞</color>/<color=#0f70bc>烬灭</color>基础伤害提升50%/50%，若释放时<color=#0f70bc>祝祷</color>层数满，转而提升130%/150%。
165101	1651	1	垒骸频响·物	Assets/Product/Texture/Image/IconPetSkill/Pet3BladeshieldSkillzhudong05.png	任意消除6个基础信号球后，会激活辅助机按钮，释放后鳞垒分成两片，连续斩击，造成4次<color=#FF6347>110%</color>物理伤害。
165102	1651	2	垒骸频响·物	Assets/Product/Texture/Image/IconPetSkill/Pet3BladeshieldSkillzhudong05.png	任意消除6个基础信号球后，会激活辅助机按钮，释放后鳞垒分成两片，连续斩击，造成4次<color=#FF6347>220%</color>物理伤害。
165103	1651	3	垒骸频响·物	Assets/Product/Texture/Image/IconPetSkill/Pet3BladeshieldSkillzhudong05.png	任意消除6个基础信号球后，会激活辅助机按钮，释放后鳞垒分成两片，连续斩击，造成4次<color=#FF6347>330%</color>物理伤害。
165104	1651	4	垒骸频响·物	Assets/Product/Texture/Image/IconPetSkill/Pet3BladeshieldSkillzhudong05.png	任意消除6个基础信号球后，会激活辅助机按钮，释放后鳞垒分成两片，连续斩击，造成4次<color=#FF6347>440%</color>物理伤害。
165105	1651	5	垒骸频响·物	Assets/Product/Texture/Image/IconPetSkill/Pet3BladeshieldSkillzhudong05.png	任意消除6个基础信号球后，会激活辅助机按钮，释放后鳞垒分成两片，连续斩击，造成4次<color=#FF6347>550%</color>物理伤害。
165201	1652	1	垒骸频响·火	Assets/Product/Texture/Image/IconPetSkill/Pet3BladeshieldSkillzhudong01.png	任意消除6个基础信号球后，会激活辅助机按钮，释放后鳞垒分成两片，连续斩击，造成4次<color=#FF6347>110%</color>火属性伤害。
165202	1652	2	垒骸频响·火	Assets/Product/Texture/Image/IconPetSkill/Pet3BladeshieldSkillzhudong01.png	任意消除6个基础信号球后，会激活辅助机按钮，释放后鳞垒分成两片，连续斩击，造成4次<color=#FF6347>220%</color>火属性伤害。
165203	1652	3	垒骸频响·火	Assets/Product/Texture/Image/IconPetSkill/Pet3BladeshieldSkillzhudong01.png	任意消除6个基础信号球后，会激活辅助机按钮，释放后鳞垒分成两片，连续斩击，造成4次<color=#FF6347>330%</color>火属性伤害。
165204	1652	4	垒骸频响·火	Assets/Product/Texture/Image/IconPetSkill/Pet3BladeshieldSkillzhudong01.png	任意消除6个基础信号球后，会激活辅助机按钮，释放后鳞垒分成两片，连续斩击，造成4次<color=#FF6347>440%</color>火属性伤害。
165205	1652	5	垒骸频响·火	Assets/Product/Texture/Image/IconPetSkill/Pet3BladeshieldSkillzhudong01.png	任意消除6个基础信号球后，会激活辅助机按钮，释放后鳞垒分成两片，连续斩击，造成4次<color=#FF6347>550%</color>火属性伤害。
165301	1653	1	垒骸频响·冰	Assets/Product/Texture/Image/IconPetSkill/Pet3BladeshieldSkillzhudong2.png	任意消除6个基础信号球后，会激活辅助机按钮，释放后鳞垒分成两片，连续斩击，造成4次<color=#FF6347>110%</color>冰属性伤害。
165302	1653	2	垒骸频响·冰	Assets/Product/Texture/Image/IconPetSkill/Pet3BladeshieldSkillzhudong2.png	任意消除6个基础信号球后，会激活辅助机按钮，释放后鳞垒分成两片，连续斩击，造成4次<color=#FF6347>220%</color>冰属性伤害。
165303	1653	3	垒骸频响·冰	Assets/Product/Texture/Image/IconPetSkill/Pet3BladeshieldSkillzhudong2.png	任意消除6个基础信号球后，会激活辅助机按钮，释放后鳞垒分成两片，连续斩击，造成4次<color=#FF6347>330%</color>冰属性伤害。
165304	1653	4	垒骸频响·冰	Assets/Product/Texture/Image/IconPetSkill/Pet3BladeshieldSkillzhudong2.png	任意消除6个基础信号球后，会激活辅助机按钮，释放后鳞垒分成两片，连续斩击，造成4次<color=#FF6347>440%</color>冰属性伤害。
165305	1653	5	垒骸频响·冰	Assets/Product/Texture/Image/IconPetSkill/Pet3BladeshieldSkillzhudong2.png	任意消除6个基础信号球后，会激活辅助机按钮，释放后鳞垒分成两片，连续斩击，造成4次<color=#FF6347>550%</color>冰属性伤害。
165401	1654	1	垒骸频响·雷	Assets/Product/Texture/Image/IconPetSkill/Pet3BladeshieldSkillzhudong03.png	任意消除6个基础信号球后，会激活辅助机按钮，释放后鳞垒分成两片，连续斩击，造成4次<color=#FF6347>110%</color>雷属性伤害。
165402	1654	2	垒骸频响·雷	Assets/Product/Texture/Image/IconPetSkill/Pet3BladeshieldSkillzhudong03.png	任意消除6个基础信号球后，会激活辅助机按钮，释放后鳞垒分成两片，连续斩击，造成4次<color=#FF6347>220%</color>雷属性伤害。
165403	1654	3	垒骸频响·雷	Assets/Product/Texture/Image/IconPetSkill/Pet3BladeshieldSkillzhudong03.png	任意消除6个基础信号球后，会激活辅助机按钮，释放后鳞垒分成两片，连续斩击，造成4次<color=#FF6347>330%</color>雷属性伤害。
165404	1654	4	垒骸频响·雷	Assets/Product/Texture/Image/IconPetSkill/Pet3BladeshieldSkillzhudong03.png	任意消除6个基础信号球后，会激活辅助机按钮，释放后鳞垒分成两片，连续斩击，造成4次<color=#FF6347>440%</color>雷属性伤害。
165405	1654	5	垒骸频响·雷	Assets/Product/Texture/Image/IconPetSkill/Pet3BladeshieldSkillzhudong03.png	任意消除6个基础信号球后，会激活辅助机按钮，释放后鳞垒分成两片，连续斩击，造成4次<color=#FF6347>550%</color>雷属性伤害。
165501	1655	1	垒骸频响·暗	Assets/Product/Texture/Image/IconPetSkill/Pet3BladeshieldSkillzhudong04.png	任意消除6个基础信号球后，会激活辅助机按钮，释放后鳞垒分成两片，连续斩击，造成4次<color=#FF6347>110%</color>暗属性伤害。
165502	1655	2	垒骸频响·暗	Assets/Product/Texture/Image/IconPetSkill/Pet3BladeshieldSkillzhudong04.png	任意消除6个基础信号球后，会激活辅助机按钮，释放后鳞垒分成两片，连续斩击，造成4次<color=#FF6347>220%</color>暗属性伤害。
165503	1655	3	垒骸频响·暗	Assets/Product/Texture/Image/IconPetSkill/Pet3BladeshieldSkillzhudong04.png	任意消除6个基础信号球后，会激活辅助机按钮，释放后鳞垒分成两片，连续斩击，造成4次<color=#FF6347>330%</color>暗属性伤害。
165504	1655	4	垒骸频响·暗	Assets/Product/Texture/Image/IconPetSkill/Pet3BladeshieldSkillzhudong04.png	任意消除6个基础信号球后，会激活辅助机按钮，释放后鳞垒分成两片，连续斩击，造成4次<color=#FF6347>440%</color>暗属性伤害。
165505	1655	5	垒骸频响·暗	Assets/Product/Texture/Image/IconPetSkill/Pet3BladeshieldSkillzhudong04.png	任意消除6个基础信号球后，会激活辅助机按钮，释放后鳞垒分成两片，连续斩击，造成4次<color=#FF6347>550%</color>暗属性伤害。
165601	1656	1	垒骸频响·空	Assets/Product/Texture/Image/IconPetSkill/Pet3BladeshieldSkillzhudong06.png	任意消除6个基础信号球后，会激活辅助机按钮，释放后鳞垒分成两片，连续斩击，造成4次<color=#FF6347>110%</color>空属性伤害。
165602	1656	2	垒骸频响·空	Assets/Product/Texture/Image/IconPetSkill/Pet3BladeshieldSkillzhudong06.png	任意消除6个基础信号球后，会激活辅助机按钮，释放后鳞垒分成两片，连续斩击，造成4次<color=#FF6347>220%</color>空属性伤害。
165603	1656	3	垒骸频响·空	Assets/Product/Texture/Image/IconPetSkill/Pet3BladeshieldSkillzhudong06.png	任意消除6个基础信号球后，会激活辅助机按钮，释放后鳞垒分成两片，连续斩击，造成4次<color=#FF6347>330%</color>空属性伤害。
165604	1656	4	垒骸频响·空	Assets/Product/Texture/Image/IconPetSkill/Pet3BladeshieldSkillzhudong06.png	任意消除6个基础信号球后，会激活辅助机按钮，释放后鳞垒分成两片，连续斩击，造成4次<color=#FF6347>440%</color>空属性伤害。
165605	1656	5	垒骸频响·空	Assets/Product/Texture/Image/IconPetSkill/Pet3BladeshieldSkillzhudong06.png	任意消除6个基础信号球后，会激活辅助机按钮，释放后鳞垒分成两片，连续斩击，造成4次<color=#FF6347>550%</color>空属性伤害。
166101	1661	1	聚鳞震反·物	Assets/Product/Texture/Image/IconPetSkill/Pet3BladeshieldSkillzhudong05.png	任意消除6个基础信号球后，会激活辅助机按钮，释放后鳞垒立即化为盾牌，造成<color=#FF6347>400%</color>物理伤害并施加聚怪效果。在一小段时间内可以抵挡一次攻击，抵挡成功即可发动一次扇形反击并造成等量物理伤害。
166102	1661	2	聚鳞震反·物	Assets/Product/Texture/Image/IconPetSkill/Pet3BladeshieldSkillzhudong05.png	任意消除6个基础信号球后，会激活辅助机按钮，释放后鳞垒立即化为盾牌，造成<color=#FF6347>800%</color>物理伤害并施加聚怪效果。在一小段时间内可以抵挡一次攻击，抵挡成功即可发动一次扇形反击并造成等量物理伤害。
166103	1661	3	聚鳞震反·物	Assets/Product/Texture/Image/IconPetSkill/Pet3BladeshieldSkillzhudong05.png	任意消除6个基础信号球后，会激活辅助机按钮，释放后鳞垒立即化为盾牌，造成<color=#FF6347>1200%</color>物理伤害并施加聚怪效果。在一小段时间内可以抵挡一次攻击，抵挡成功即可发动一次扇形反击并造成等量物理伤害。
166104	1661	4	聚鳞震反·物	Assets/Product/Texture/Image/IconPetSkill/Pet3BladeshieldSkillzhudong05.png	任意消除6个基础信号球后，会激活辅助机按钮，释放后鳞垒立即化为盾牌，造成<color=#FF6347>1600%</color>物理伤害并施加聚怪效果。在一小段时间内可以抵挡一次攻击，抵挡成功即可发动一次扇形反击并造成等量物理伤害。
166105	1661	5	聚鳞震反·物	Assets/Product/Texture/Image/IconPetSkill/Pet3BladeshieldSkillzhudong05.png	任意消除6个基础信号球后，会激活辅助机按钮，释放后鳞垒立即化为盾牌，造成<color=#FF6347>2000%</color>物理伤害并施加聚怪效果。在一小段时间内可以抵挡一次攻击，抵挡成功即可发动一次扇形反击并造成等量物理伤害。
166201	1662	1	聚鳞震反·火	Assets/Product/Texture/Image/IconPetSkill/Pet3BladeshieldSkillzhudong01.png	任意消除6个基础信号球后，会激活辅助机按钮，释放后鳞垒立即化为盾牌，造成<color=#FF6347>400%</color>物理伤害并施加聚怪效果。在一小段时间内可以抵挡一次攻击，抵挡成功即可发动一次扇形反击并造成等量火属性伤害。
166202	1662	2	聚鳞震反·火	Assets/Product/Texture/Image/IconPetSkill/Pet3BladeshieldSkillzhudong01.png	任意消除6个基础信号球后，会激活辅助机按钮，释放后鳞垒立即化为盾牌，造成<color=#FF6347>800%</color>物理伤害并施加聚怪效果。在一小段时间内可以抵挡一次攻击，抵挡成功即可发动一次扇形反击并造成等量火属性伤害。
166203	1662	3	聚鳞震反·火	Assets/Product/Texture/Image/IconPetSkill/Pet3BladeshieldSkillzhudong01.png	任意消除6个基础信号球后，会激活辅助机按钮，释放后鳞垒立即化为盾牌，造成<color=#FF6347>1200%</color>物理伤害并施加聚怪效果。在一小段时间内可以抵挡一次攻击，抵挡成功即可发动一次扇形反击并造成等量火属性伤害。
166204	1662	4	聚鳞震反·火	Assets/Product/Texture/Image/IconPetSkill/Pet3BladeshieldSkillzhudong01.png	任意消除6个基础信号球后，会激活辅助机按钮，释放后鳞垒立即化为盾牌，造成<color=#FF6347>1600%</color>物理伤害并施加聚怪效果。在一小段时间内可以抵挡一次攻击，抵挡成功即可发动一次扇形反击并造成等量火属性伤害。
166205	1662	5	聚鳞震反·火	Assets/Product/Texture/Image/IconPetSkill/Pet3BladeshieldSkillzhudong01.png	任意消除6个基础信号球后，会激活辅助机按钮，释放后鳞垒立即化为盾牌，造成<color=#FF6347>2000%</color>物理伤害并施加聚怪效果。在一小段时间内可以抵挡一次攻击，抵挡成功即可发动一次扇形反击并造成等量火属性伤害。
166301	1663	1	聚鳞震反·冰	Assets/Product/Texture/Image/IconPetSkill/Pet3BladeshieldSkillzhudong2.png	任意消除6个基础信号球后，会激活辅助机按钮，释放后鳞垒立即化为盾牌，造成<color=#FF6347>400%</color>物理伤害并施加聚怪效果。在一小段时间内可以抵挡一次攻击，抵挡成功即可发动一次扇形反击并造成等量冰属性伤害。
166302	1663	2	聚鳞震反·冰	Assets/Product/Texture/Image/IconPetSkill/Pet3BladeshieldSkillzhudong2.png	任意消除6个基础信号球后，会激活辅助机按钮，释放后鳞垒立即化为盾牌，造成<color=#FF6347>800%</color>物理伤害并施加聚怪效果。在一小段时间内可以抵挡一次攻击，抵挡成功即可发动一次扇形反击并造成等量冰属性伤害。
166303	1663	3	聚鳞震反·冰	Assets/Product/Texture/Image/IconPetSkill/Pet3BladeshieldSkillzhudong2.png	任意消除6个基础信号球后，会激活辅助机按钮，释放后鳞垒立即化为盾牌，造成<color=#FF6347>1200%</color>物理伤害并施加聚怪效果。在一小段时间内可以抵挡一次攻击，抵挡成功即可发动一次扇形反击并造成等量冰属性伤害。
166304	1663	4	聚鳞震反·冰	Assets/Product/Texture/Image/IconPetSkill/Pet3BladeshieldSkillzhudong2.png	任意消除6个基础信号球后，会激活辅助机按钮，释放后鳞垒立即化为盾牌，造成<color=#FF6347>1600%</color>物理伤害并施加聚怪效果。在一小段时间内可以抵挡一次攻击，抵挡成功即可发动一次扇形反击并造成等量冰属性伤害。
166305	1663	5	聚鳞震反·冰	Assets/Product/Texture/Image/IconPetSkill/Pet3BladeshieldSkillzhudong2.png	任意消除6个基础信号球后，会激活辅助机按钮，释放后鳞垒立即化为盾牌，造成<color=#FF6347>2000%</color>物理伤害并施加聚怪效果。在一小段时间内可以抵挡一次攻击，抵挡成功即可发动一次扇形反击并造成等量冰属性伤害。
166401	1664	1	聚鳞震反·雷	Assets/Product/Texture/Image/IconPetSkill/Pet3BladeshieldSkillzhudong03.png	任意消除6个基础信号球后，会激活辅助机按钮，释放后鳞垒立即化为盾牌，造成<color=#FF6347>400%</color>物理伤害并施加聚怪效果。在一小段时间内可以抵挡一次攻击，抵挡成功即可发动一次扇形反击并造成等量雷属性伤害。
166402	1664	2	聚鳞震反·雷	Assets/Product/Texture/Image/IconPetSkill/Pet3BladeshieldSkillzhudong03.png	任意消除6个基础信号球后，会激活辅助机按钮，释放后鳞垒立即化为盾牌，造成<color=#FF6347>800%</color>物理伤害并施加聚怪效果。在一小段时间内可以抵挡一次攻击，抵挡成功即可发动一次扇形反击并造成等量雷属性伤害。
166403	1664	3	聚鳞震反·雷	Assets/Product/Texture/Image/IconPetSkill/Pet3BladeshieldSkillzhudong03.png	任意消除6个基础信号球后，会激活辅助机按钮，释放后鳞垒立即化为盾牌，造成<color=#FF6347>1200%</color>物理伤害并施加聚怪效果。在一小段时间内可以抵挡一次攻击，抵挡成功即可发动一次扇形反击并造成等量雷属性伤害。
166404	1664	4	聚鳞震反·雷	Assets/Product/Texture/Image/IconPetSkill/Pet3BladeshieldSkillzhudong03.png	任意消除6个基础信号球后，会激活辅助机按钮，释放后鳞垒立即化为盾牌，造成<color=#FF6347>1600%</color>物理伤害并施加聚怪效果。在一小段时间内可以抵挡一次攻击，抵挡成功即可发动一次扇形反击并造成等量雷属性伤害。
166405	1664	5	聚鳞震反·雷	Assets/Product/Texture/Image/IconPetSkill/Pet3BladeshieldSkillzhudong03.png	任意消除6个基础信号球后，会激活辅助机按钮，释放后鳞垒立即化为盾牌，造成<color=#FF6347>2000%</color>物理伤害并施加聚怪效果。在一小段时间内可以抵挡一次攻击，抵挡成功即可发动一次扇形反击并造成等量雷属性伤害。
166501	1665	1	聚鳞震反·暗	Assets/Product/Texture/Image/IconPetSkill/Pet3BladeshieldSkillzhudong04.png	任意消除6个基础信号球后，会激活辅助机按钮，释放后鳞垒立即化为盾牌，造成<color=#FF6347>400%</color>物理伤害并施加聚怪效果。在一小段时间内可以抵挡一次攻击，抵挡成功即可发动一次扇形反击并造成等量暗属性伤害。
166502	1665	2	聚鳞震反·暗	Assets/Product/Texture/Image/IconPetSkill/Pet3BladeshieldSkillzhudong04.png	任意消除6个基础信号球后，会激活辅助机按钮，释放后鳞垒立即化为盾牌，造成<color=#FF6347>800%</color>物理伤害并施加聚怪效果。在一小段时间内可以抵挡一次攻击，抵挡成功即可发动一次扇形反击并造成等量暗属性伤害。
166503	1665	3	聚鳞震反·暗	Assets/Product/Texture/Image/IconPetSkill/Pet3BladeshieldSkillzhudong04.png	任意消除6个基础信号球后，会激活辅助机按钮，释放后鳞垒立即化为盾牌，造成<color=#FF6347>1200%</color>物理伤害并施加聚怪效果。在一小段时间内可以抵挡一次攻击，抵挡成功即可发动一次扇形反击并造成等量暗属性伤害。
166504	1665	4	聚鳞震反·暗	Assets/Product/Texture/Image/IconPetSkill/Pet3BladeshieldSkillzhudong04.png	任意消除6个基础信号球后，会激活辅助机按钮，释放后鳞垒立即化为盾牌，造成<color=#FF6347>1600%</color>物理伤害并施加聚怪效果。在一小段时间内可以抵挡一次攻击，抵挡成功即可发动一次扇形反击并造成等量暗属性伤害。
166505	1665	5	聚鳞震反·暗	Assets/Product/Texture/Image/IconPetSkill/Pet3BladeshieldSkillzhudong04.png	任意消除6个基础信号球后，会激活辅助机按钮，释放后鳞垒立即化为盾牌，造成<color=#FF6347>2000%</color>物理伤害并施加聚怪效果。在一小段时间内可以抵挡一次攻击，抵挡成功即可发动一次扇形反击并造成等量暗属性伤害。
166601	1666	1	聚鳞震反·空	Assets/Product/Texture/Image/IconPetSkill/Pet3BladeshieldSkillzhudong06.png	任意消除6个基础信号球后，会激活辅助机按钮，释放后鳞垒立即化为盾牌，造成<color=#FF6347>400%</color>物理伤害并施加聚怪效果。在一小段时间内可以抵挡一次攻击，抵挡成功即可发动一次扇形反击并造成等量空属性伤害。
166602	1666	2	聚鳞震反·空	Assets/Product/Texture/Image/IconPetSkill/Pet3BladeshieldSkillzhudong06.png	任意消除6个基础信号球后，会激活辅助机按钮，释放后鳞垒立即化为盾牌，造成<color=#FF6347>800%</color>物理伤害并施加聚怪效果。在一小段时间内可以抵挡一次攻击，抵挡成功即可发动一次扇形反击并造成等量空属性伤害。
166603	1666	3	聚鳞震反·空	Assets/Product/Texture/Image/IconPetSkill/Pet3BladeshieldSkillzhudong06.png	任意消除6个基础信号球后，会激活辅助机按钮，释放后鳞垒立即化为盾牌，造成<color=#FF6347>1200%</color>物理伤害并施加聚怪效果。在一小段时间内可以抵挡一次攻击，抵挡成功即可发动一次扇形反击并造成等量空属性伤害。
166604	1666	4	聚鳞震反·空	Assets/Product/Texture/Image/IconPetSkill/Pet3BladeshieldSkillzhudong06.png	任意消除6个基础信号球后，会激活辅助机按钮，释放后鳞垒立即化为盾牌，造成<color=#FF6347>1600%</color>物理伤害并施加聚怪效果。在一小段时间内可以抵挡一次攻击，抵挡成功即可发动一次扇形反击并造成等量空属性伤害。
166605	1666	5	聚鳞震反·空	Assets/Product/Texture/Image/IconPetSkill/Pet3BladeshieldSkillzhudong06.png	任意消除6个基础信号球后，会激活辅助机按钮，释放后鳞垒立即化为盾牌，造成<color=#FF6347>2000%</color>物理伤害并施加聚怪效果。在一小段时间内可以抵挡一次攻击，抵挡成功即可发动一次扇形反击并造成等量空属性伤害。
8200001	82000	1	铸骨叠锋	Assets/Product/Texture/Image/IconPetSkill/Pet3BladeshieldSkillbeidong01.png	鳞垒主动技伤害提高<color=#0f70bc>14%</color>。
8200002	82000	2	铸骨叠锋	Assets/Product/Texture/Image/IconPetSkill/Pet3BladeshieldSkillbeidong01.png	鳞垒主动技伤害提高<color=#0f70bc>28%</color>。
8200003	82000	3	铸骨叠锋	Assets/Product/Texture/Image/IconPetSkill/Pet3BladeshieldSkillbeidong01.png	鳞垒主动技伤害提高<color=#0f70bc>42%</color>。
8200004	82000	4	铸骨叠锋	Assets/Product/Texture/Image/IconPetSkill/Pet3BladeshieldSkillbeidong01.png	鳞垒主动技伤害提高<color=#0f70bc>56%</color>。
8200005	82000	5	铸骨叠锋	Assets/Product/Texture/Image/IconPetSkill/Pet3BladeshieldSkillbeidong01.png	鳞垒主动技伤害提高<color=#0f70bc>70%</color>。
8201001	82010	1	悖芯鸣渊	Assets/Product/Texture/Image/IconPetSkill/Pet3DolphinSkillbeidong02.png	携带角色攻击力提高<color=#0f70bc>20</color>。
8201002	82010	2	悖芯鸣渊	Assets/Product/Texture/Image/IconPetSkill/Pet3DolphinSkillbeidong02.png	携带角色攻击力提高<color=#0f70bc>40</color>。
8201003	82010	3	悖芯鸣渊	Assets/Product/Texture/Image/IconPetSkill/Pet3DolphinSkillbeidong02.png	携带角色攻击力提高<color=#0f70bc>60</color>。
8201004	82010	4	悖芯鸣渊	Assets/Product/Texture/Image/IconPetSkill/Pet3DolphinSkillbeidong02.png	携带角色攻击力提高<color=#0f70bc>80</color>。
8201005	82010	5	悖芯鸣渊	Assets/Product/Texture/Image/IconPetSkill/Pet3DolphinSkillbeidong02.png	携带角色攻击力提高<color=#0f70bc>100</color>。
8202001	82020	1	焚枢超频	Assets/Product/Texture/Image/IconPetSkill/Pet3BladeshieldSkillbeidong03.png	鳞垒释放主动技后，携带角色额外伤害加成提高<color=#0f70bc>1%</color>，持续8秒，重复触发刷新持续时间。
8202002	82020	2	焚枢超频	Assets/Product/Texture/Image/IconPetSkill/Pet3BladeshieldSkillbeidong03.png	鳞垒释放主动技后，携带角色额外伤害加成提高<color=#0f70bc>2%</color>，持续8秒，重复触发刷新持续时间。
8202003	82020	3	焚枢超频	Assets/Product/Texture/Image/IconPetSkill/Pet3BladeshieldSkillbeidong03.png	鳞垒释放主动技后，携带角色额外伤害加成提高<color=#0f70bc>3%</color>，持续8秒，重复触发刷新持续时间。
8202004	82020	4	焚枢超频	Assets/Product/Texture/Image/IconPetSkill/Pet3BladeshieldSkillbeidong03.png	鳞垒释放主动技后，携带角色额外伤害加成提高<color=#0f70bc>4%</color>，持续8秒，重复触发刷新持续时间。
8202005	82020	5	焚枢超频	Assets/Product/Texture/Image/IconPetSkill/Pet3BladeshieldSkillbeidong03.png	鳞垒释放主动技后，携带角色额外伤害加成提高<color=#0f70bc>5%</color>，持续8秒，重复触发刷新持续时间。
8203001	82030	1	重灼余烬	Assets/Product/Texture/Image/IconPetSkill/Pet3BladeshieldSkillbeidong04.png	携带角色物理伤害提高<color=#0f70bc>2%</color>。拥有<color=#0f70bc>灼视</color>或者<color=#0f70bc>烬痕</color>时，火属性伤害提高<color=#0f70bc>2%</color>。
8203002	82030	2	重灼余烬	Assets/Product/Texture/Image/IconPetSkill/Pet3BladeshieldSkillbeidong04.png	携带角色物理伤害提高<color=#0f70bc>4%</color>。拥有<color=#0f70bc>灼视</color>或者<color=#0f70bc>烬痕</color>时，火属性伤害提高<color=#0f70bc>4%</color>。
8203003	82030	3	重灼余烬	Assets/Product/Texture/Image/IconPetSkill/Pet3BladeshieldSkillbeidong04.png	携带角色物理伤害提高<color=#0f70bc>6%</color>。拥有<color=#0f70bc>灼视</color>或者<color=#0f70bc>烬痕</color>时，火属性伤害提高<color=#0f70bc>6%</color>。
8203004	82030	4	重灼余烬	Assets/Product/Texture/Image/IconPetSkill/Pet3BladeshieldSkillbeidong04.png	携带角色物理伤害提高<color=#0f70bc>8%</color>。拥有<color=#0f70bc>灼视</color>或者<color=#0f70bc>烬痕</color>时，火属性伤害提高<color=#0f70bc>8%</color>。
8203005	82030	5	重灼余烬	Assets/Product/Texture/Image/IconPetSkill/Pet3BladeshieldSkillbeidong04.png	携带角色物理伤害提高<color=#0f70bc>10%</color>。拥有<color=#0f70bc>灼视</color>或者<color=#0f70bc>烬痕</color>时，火属性伤害提高<color=#0f70bc>10%</color>。
8204001	82040	1	翼角协增	Assets/Product/Texture/Image/IconPetSkill/Pet3BladeshieldSkillbeidong05.png	维罗妮卡·铮骨携带鳞垒释放拥有<color=#0f70bc>罪迹</color>的<color=#0f70bc>贯诛</color>或每次进入<color=#0f70bc>正刑</color>首次释放<color=#0f70bc>轰流</color>时，召唤鳞垒协同攻击，造成两段分别为<color=#0f70bc>200%</color>、<color=#0f70bc>400%</color>的物理伤害。<color=#0f70bc>炽燃荒</color>、<color=#0f70bc>墟烬生</color>基础伤害提升<color=#0f70bc>4%</color>。
8204002	82040	2	翼角协增	Assets/Product/Texture/Image/IconPetSkill/Pet3BladeshieldSkillbeidong05.png	维罗妮卡·铮骨携带鳞垒释放拥有<color=#0f70bc>罪迹</color>的<color=#0f70bc>贯诛</color>或每次进入<color=#0f70bc>正刑</color>首次释放<color=#0f70bc>轰流</color>时，召唤鳞垒协同攻击，造成两段分别为<color=#0f70bc>400%</color>、<color=#0f70bc>800%</color>的物理伤害。<color=#0f70bc>炽燃荒</color>、<color=#0f70bc>墟烬生</color>基础伤害提升<color=#0f70bc>8%</color>。
8204003	82040	3	翼角协增	Assets/Product/Texture/Image/IconPetSkill/Pet3BladeshieldSkillbeidong05.png	维罗妮卡·铮骨携带鳞垒释放拥有<color=#0f70bc>罪迹</color>的<color=#0f70bc>贯诛</color>或每次进入<color=#0f70bc>正刑</color>首次释放<color=#0f70bc>轰流</color>时，召唤鳞垒协同攻击，造成两段分别为<color=#0f70bc>600%</color>、<color=#0f70bc>1200%</color>的物理伤害。<color=#0f70bc>炽燃荒</color>、<color=#0f70bc>墟烬生</color>基础伤害提升<color=#0f70bc>12%</color>。
8204004	82040	4	翼角协增	Assets/Product/Texture/Image/IconPetSkill/Pet3BladeshieldSkillbeidong05.png	维罗妮卡·铮骨携带鳞垒释放拥有<color=#0f70bc>罪迹</color>的<color=#0f70bc>贯诛</color>或每次进入<color=#0f70bc>正刑</color>首次释放<color=#0f70bc>轰流</color>时，召唤鳞垒协同攻击，造成两段分别为<color=#0f70bc>800%</color>、<color=#0f70bc>1600%</color>的物理伤害。<color=#0f70bc>炽燃荒</color>、<color=#0f70bc>墟烬生</color>基础伤害提升<color=#0f70bc>16%</color>。
8204005	82040	5	翼角协增	Assets/Product/Texture/Image/IconPetSkill/Pet3BladeshieldSkillbeidong05.png	维罗妮卡·铮骨携带鳞垒释放拥有<color=#0f70bc>罪迹</color>的<color=#0f70bc>贯诛</color>或每次进入<color=#0f70bc>正刑</color>首次释放<color=#0f70bc>轰流</color>时，召唤鳞垒协同攻击，造成两段分别为<color=#0f70bc>1000%</color>、<color=#0f70bc>2000%</color>的物理伤害。<color=#0f70bc>炽燃荒</color>、<color=#0f70bc>墟烬生</color>基础伤害提升<color=#0f70bc>20%</color>。
167101	1671	1	秘雷吐息·物	Assets/Product/Texture/Image/IconPetSkill/Pet3WuyaSkillzhudong05.png	任意消除6个基础信号球后，会激活辅助机按钮，释放后浮浮放出雷球，雷球命中目标张开电球造成5次<color=#FF6347>85%</color>物理伤害。
167102	1671	2	秘雷吐息·物	Assets/Product/Texture/Image/IconPetSkill/Pet3WuyaSkillzhudong05.png	任意消除6个基础信号球后，会激活辅助机按钮，释放后浮浮放出雷球，雷球命中目标张开电球造成5次<color=#FF6347>170%</color>物理伤害。
167103	1671	3	秘雷吐息·物	Assets/Product/Texture/Image/IconPetSkill/Pet3WuyaSkillzhudong05.png	任意消除6个基础信号球后，会激活辅助机按钮，释放后浮浮放出雷球，雷球命中目标张开电球造成5次<color=#FF6347>255%</color>物理伤害。
167104	1671	4	秘雷吐息·物	Assets/Product/Texture/Image/IconPetSkill/Pet3WuyaSkillzhudong05.png	任意消除6个基础信号球后，会激活辅助机按钮，释放后浮浮放出雷球，雷球命中目标张开电球造成5次<color=#FF6347>340%</color>物理伤害。
167105	1671	5	秘雷吐息·物	Assets/Product/Texture/Image/IconPetSkill/Pet3WuyaSkillzhudong05.png	任意消除6个基础信号球后，会激活辅助机按钮，释放后浮浮放出雷球，雷球命中目标张开电球造成5次<color=#FF6347>425%</color>物理伤害。
167201	1672	1	秘雷吐息·火	Assets/Product/Texture/Image/IconPetSkill/Pet3WuyaSkillzhudong01.png	任意消除6个基础信号球后，会激活辅助机按钮，释放后浮浮放出雷球，雷球命中目标张开电球造成5次<color=#FF6347>85%</color>火属性伤害。
167202	1672	2	秘雷吐息·火	Assets/Product/Texture/Image/IconPetSkill/Pet3WuyaSkillzhudong01.png	任意消除6个基础信号球后，会激活辅助机按钮，释放后浮浮放出雷球，雷球命中目标张开电球造成5次<color=#FF6347>170%</color>火属性伤害。
167203	1672	3	秘雷吐息·火	Assets/Product/Texture/Image/IconPetSkill/Pet3WuyaSkillzhudong01.png	任意消除6个基础信号球后，会激活辅助机按钮，释放后浮浮放出雷球，雷球命中目标张开电球造成5次<color=#FF6347>255%</color>火属性伤害。
167204	1672	4	秘雷吐息·火	Assets/Product/Texture/Image/IconPetSkill/Pet3WuyaSkillzhudong01.png	任意消除6个基础信号球后，会激活辅助机按钮，释放后浮浮放出雷球，雷球命中目标张开电球造成5次<color=#FF6347>340%</color>火属性伤害。
167205	1672	5	秘雷吐息·火	Assets/Product/Texture/Image/IconPetSkill/Pet3WuyaSkillzhudong01.png	任意消除6个基础信号球后，会激活辅助机按钮，释放后浮浮放出雷球，雷球命中目标张开电球造成5次<color=#FF6347>425%</color>火属性伤害。
167301	1673	1	秘雷吐息·冰	Assets/Product/Texture/Image/IconPetSkill/Pet3WuyaSkillzhudong02.png	任意消除6个基础信号球后，会激活辅助机按钮，释放后浮浮放出雷球，雷球命中目标张开电球造成5次<color=#FF6347>85%</color>冰属性伤害。
167302	1673	2	秘雷吐息·冰	Assets/Product/Texture/Image/IconPetSkill/Pet3WuyaSkillzhudong02.png	任意消除6个基础信号球后，会激活辅助机按钮，释放后浮浮放出雷球，雷球命中目标张开电球造成5次<color=#FF6347>170%</color>冰属性伤害。
167303	1673	3	秘雷吐息·冰	Assets/Product/Texture/Image/IconPetSkill/Pet3WuyaSkillzhudong02.png	任意消除6个基础信号球后，会激活辅助机按钮，释放后浮浮放出雷球，雷球命中目标张开电球造成5次<color=#FF6347>255%</color>冰属性伤害。
167304	1673	4	秘雷吐息·冰	Assets/Product/Texture/Image/IconPetSkill/Pet3WuyaSkillzhudong02.png	任意消除6个基础信号球后，会激活辅助机按钮，释放后浮浮放出雷球，雷球命中目标张开电球造成5次<color=#FF6347>340%</color>冰属性伤害。
167305	1673	5	秘雷吐息·冰	Assets/Product/Texture/Image/IconPetSkill/Pet3WuyaSkillzhudong02.png	任意消除6个基础信号球后，会激活辅助机按钮，释放后浮浮放出雷球，雷球命中目标张开电球造成5次<color=#FF6347>425%</color>冰属性伤害。
167401	1674	1	秘雷吐息·雷	Assets/Product/Texture/Image/IconPetSkill/Pet3WuyaSkillzhudong03.png	任意消除6个基础信号球后，会激活辅助机按钮，释放后浮浮放出雷球，雷球命中目标张开电球造成5次<color=#FF6347>85%</color>雷属性伤害。
167402	1674	2	秘雷吐息·雷	Assets/Product/Texture/Image/IconPetSkill/Pet3WuyaSkillzhudong03.png	任意消除6个基础信号球后，会激活辅助机按钮，释放后浮浮放出雷球，雷球命中目标张开电球造成5次<color=#FF6347>170%</color>雷属性伤害。
167403	1674	3	秘雷吐息·雷	Assets/Product/Texture/Image/IconPetSkill/Pet3WuyaSkillzhudong03.png	任意消除6个基础信号球后，会激活辅助机按钮，释放后浮浮放出雷球，雷球命中目标张开电球造成5次<color=#FF6347>255%</color>雷属性伤害。
167404	1674	4	秘雷吐息·雷	Assets/Product/Texture/Image/IconPetSkill/Pet3WuyaSkillzhudong03.png	任意消除6个基础信号球后，会激活辅助机按钮，释放后浮浮放出雷球，雷球命中目标张开电球造成5次<color=#FF6347>340%</color>雷属性伤害。
167405	1674	5	秘雷吐息·雷	Assets/Product/Texture/Image/IconPetSkill/Pet3WuyaSkillzhudong03.png	任意消除6个基础信号球后，会激活辅助机按钮，释放后浮浮放出雷球，雷球命中目标张开电球造成5次<color=#FF6347>425%</color>雷属性伤害。
167501	1675	1	秘雷吐息·暗	Assets/Product/Texture/Image/IconPetSkill/Pet3WuyaSkillzhudong04.png	任意消除6个基础信号球后，会激活辅助机按钮，释放后浮浮放出雷球，雷球命中目标张开电球造成5次<color=#FF6347>85%</color>暗属性伤害。
167502	1675	2	秘雷吐息·暗	Assets/Product/Texture/Image/IconPetSkill/Pet3WuyaSkillzhudong04.png	任意消除6个基础信号球后，会激活辅助机按钮，释放后浮浮放出雷球，雷球命中目标张开电球造成5次<color=#FF6347>170%</color>暗属性伤害。
167503	1675	3	秘雷吐息·暗	Assets/Product/Texture/Image/IconPetSkill/Pet3WuyaSkillzhudong04.png	任意消除6个基础信号球后，会激活辅助机按钮，释放后浮浮放出雷球，雷球命中目标张开电球造成5次<color=#FF6347>255%</color>暗属性伤害。
167504	1675	4	秘雷吐息·暗	Assets/Product/Texture/Image/IconPetSkill/Pet3WuyaSkillzhudong04.png	任意消除6个基础信号球后，会激活辅助机按钮，释放后浮浮放出雷球，雷球命中目标张开电球造成5次<color=#FF6347>340%</color>暗属性伤害。
167505	1675	5	秘雷吐息·暗	Assets/Product/Texture/Image/IconPetSkill/Pet3WuyaSkillzhudong04.png	任意消除6个基础信号球后，会激活辅助机按钮，释放后浮浮放出雷球，雷球命中目标张开电球造成5次<color=#FF6347>425%</color>暗属性伤害。
167601	1676	1	秘雷吐息·空	Assets/Product/Texture/Image/IconPetSkill/Pet3WuyaSkillzhudong06.png	任意消除6个基础信号球后，会激活辅助机按钮，释放后浮浮放出雷球，雷球命中目标张开电球造成5次<color=#FF6347>85%</color>空属性伤害。
167602	1676	2	秘雷吐息·空	Assets/Product/Texture/Image/IconPetSkill/Pet3WuyaSkillzhudong06.png	任意消除6个基础信号球后，会激活辅助机按钮，释放后浮浮放出雷球，雷球命中目标张开电球造成5次<color=#FF6347>170%</color>空属性伤害。
167603	1676	3	秘雷吐息·空	Assets/Product/Texture/Image/IconPetSkill/Pet3WuyaSkillzhudong06.png	任意消除6个基础信号球后，会激活辅助机按钮，释放后浮浮放出雷球，雷球命中目标张开电球造成5次<color=#FF6347>255%</color>空属性伤害。
167604	1676	4	秘雷吐息·空	Assets/Product/Texture/Image/IconPetSkill/Pet3WuyaSkillzhudong06.png	任意消除6个基础信号球后，会激活辅助机按钮，释放后浮浮放出雷球，雷球命中目标张开电球造成5次<color=#FF6347>340%</color>空属性伤害。
167605	1676	5	秘雷吐息·空	Assets/Product/Texture/Image/IconPetSkill/Pet3WuyaSkillzhudong06.png	任意消除6个基础信号球后，会激活辅助机按钮，释放后浮浮放出雷球，雷球命中目标张开电球造成5次<color=#FF6347>425%</color>空属性伤害。
168101	1681	1	奔霆跃袭·物	Assets/Product/Texture/Image/IconPetSkill/Pet3WuyaSkillzhudong05.png	任意消除6个基础信号球后，会激活辅助机按钮，释放后浮浮朝目标位置俯冲，落地爆炸造成3次<color=#FF6347>130%</color>物理伤害。
168102	1681	2	奔霆跃袭·物	Assets/Product/Texture/Image/IconPetSkill/Pet3WuyaSkillzhudong05.png	任意消除6个基础信号球后，会激活辅助机按钮，释放后浮浮朝目标位置俯冲，落地爆炸造成3次<color=#FF6347>260%</color>物理伤害。
168103	1681	3	奔霆跃袭·物	Assets/Product/Texture/Image/IconPetSkill/Pet3WuyaSkillzhudong05.png	任意消除6个基础信号球后，会激活辅助机按钮，释放后浮浮朝目标位置俯冲，落地爆炸造成3次<color=#FF6347>390%</color>物理伤害。
168104	1681	4	奔霆跃袭·物	Assets/Product/Texture/Image/IconPetSkill/Pet3WuyaSkillzhudong05.png	任意消除6个基础信号球后，会激活辅助机按钮，释放后浮浮朝目标位置俯冲，落地爆炸造成3次<color=#FF6347>520%</color>物理伤害。
168105	1681	5	奔霆跃袭·物	Assets/Product/Texture/Image/IconPetSkill/Pet3WuyaSkillzhudong05.png	任意消除6个基础信号球后，会激活辅助机按钮，释放后浮浮朝目标位置俯冲，落地爆炸造成3次<color=#FF6347>650%</color>物理伤害。
168201	1682	1	奔霆跃袭·火	Assets/Product/Texture/Image/IconPetSkill/Pet3WuyaSkillzhudong01.png	任意消除6个基础信号球后，会激活辅助机按钮，释放后浮浮朝目标位置俯冲，落地爆炸造成3次<color=#FF6347>130%</color>火属性伤害。
168202	1682	2	奔霆跃袭·火	Assets/Product/Texture/Image/IconPetSkill/Pet3WuyaSkillzhudong01.png	任意消除6个基础信号球后，会激活辅助机按钮，释放后浮浮朝目标位置俯冲，落地爆炸造成3次<color=#FF6347>260%</color>火属性伤害。
168203	1682	3	奔霆跃袭·火	Assets/Product/Texture/Image/IconPetSkill/Pet3WuyaSkillzhudong01.png	任意消除6个基础信号球后，会激活辅助机按钮，释放后浮浮朝目标位置俯冲，落地爆炸造成3次<color=#FF6347>390%</color>火属性伤害。
168204	1682	4	奔霆跃袭·火	Assets/Product/Texture/Image/IconPetSkill/Pet3WuyaSkillzhudong01.png	任意消除6个基础信号球后，会激活辅助机按钮，释放后浮浮朝目标位置俯冲，落地爆炸造成3次<color=#FF6347>520%</color>火属性伤害。
168205	1682	5	奔霆跃袭·火	Assets/Product/Texture/Image/IconPetSkill/Pet3WuyaSkillzhudong01.png	任意消除6个基础信号球后，会激活辅助机按钮，释放后浮浮朝目标位置俯冲，落地爆炸造成3次<color=#FF6347>650%</color>火属性伤害。
168301	1683	1	奔霆跃袭·冰	Assets/Product/Texture/Image/IconPetSkill/Pet3WuyaSkillzhudong02.png	任意消除6个基础信号球后，会激活辅助机按钮，释放后浮浮朝目标位置俯冲，落地爆炸造成3次<color=#FF6347>130%</color>冰属性伤害。
168302	1683	2	奔霆跃袭·冰	Assets/Product/Texture/Image/IconPetSkill/Pet3WuyaSkillzhudong02.png	任意消除6个基础信号球后，会激活辅助机按钮，释放后浮浮朝目标位置俯冲，落地爆炸造成3次<color=#FF6347>260%</color>冰属性伤害。
168303	1683	3	奔霆跃袭·冰	Assets/Product/Texture/Image/IconPetSkill/Pet3WuyaSkillzhudong02.png	任意消除6个基础信号球后，会激活辅助机按钮，释放后浮浮朝目标位置俯冲，落地爆炸造成3次<color=#FF6347>390%</color>冰属性伤害。
168304	1683	4	奔霆跃袭·冰	Assets/Product/Texture/Image/IconPetSkill/Pet3WuyaSkillzhudong02.png	任意消除6个基础信号球后，会激活辅助机按钮，释放后浮浮朝目标位置俯冲，落地爆炸造成3次<color=#FF6347>520%</color>冰属性伤害。
168305	1683	5	奔霆跃袭·冰	Assets/Product/Texture/Image/IconPetSkill/Pet3WuyaSkillzhudong02.png	任意消除6个基础信号球后，会激活辅助机按钮，释放后浮浮朝目标位置俯冲，落地爆炸造成3次<color=#FF6347>650%</color>冰属性伤害。
168401	1684	1	奔霆跃袭·雷	Assets/Product/Texture/Image/IconPetSkill/Pet3WuyaSkillzhudong03.png	任意消除6个基础信号球后，会激活辅助机按钮，释放后浮浮朝目标位置俯冲，落地爆炸造成3次<color=#FF6347>130%</color>雷属性伤害。
168402	1684	2	奔霆跃袭·雷	Assets/Product/Texture/Image/IconPetSkill/Pet3WuyaSkillzhudong03.png	任意消除6个基础信号球后，会激活辅助机按钮，释放后浮浮朝目标位置俯冲，落地爆炸造成3次<color=#FF6347>260%</color>雷属性伤害。
168403	1684	3	奔霆跃袭·雷	Assets/Product/Texture/Image/IconPetSkill/Pet3WuyaSkillzhudong03.png	任意消除6个基础信号球后，会激活辅助机按钮，释放后浮浮朝目标位置俯冲，落地爆炸造成3次<color=#FF6347>390%</color>雷属性伤害。
168404	1684	4	奔霆跃袭·雷	Assets/Product/Texture/Image/IconPetSkill/Pet3WuyaSkillzhudong03.png	任意消除6个基础信号球后，会激活辅助机按钮，释放后浮浮朝目标位置俯冲，落地爆炸造成3次<color=#FF6347>520%</color>雷属性伤害。
168405	1684	5	奔霆跃袭·雷	Assets/Product/Texture/Image/IconPetSkill/Pet3WuyaSkillzhudong03.png	任意消除6个基础信号球后，会激活辅助机按钮，释放后浮浮朝目标位置俯冲，落地爆炸造成3次<color=#FF6347>650%</color>雷属性伤害。
168501	1685	1	奔霆跃袭·暗	Assets/Product/Texture/Image/IconPetSkill/Pet3WuyaSkillzhudong04.png	任意消除6个基础信号球后，会激活辅助机按钮，释放后浮浮朝目标位置俯冲，落地爆炸造成3次<color=#FF6347>130%</color>暗属性伤害。
168502	1685	2	奔霆跃袭·暗	Assets/Product/Texture/Image/IconPetSkill/Pet3WuyaSkillzhudong04.png	任意消除6个基础信号球后，会激活辅助机按钮，释放后浮浮朝目标位置俯冲，落地爆炸造成3次<color=#FF6347>260%</color>暗属性伤害。
168503	1685	3	奔霆跃袭·暗	Assets/Product/Texture/Image/IconPetSkill/Pet3WuyaSkillzhudong04.png	任意消除6个基础信号球后，会激活辅助机按钮，释放后浮浮朝目标位置俯冲，落地爆炸造成3次<color=#FF6347>390%</color>暗属性伤害。
168504	1685	4	奔霆跃袭·暗	Assets/Product/Texture/Image/IconPetSkill/Pet3WuyaSkillzhudong04.png	任意消除6个基础信号球后，会激活辅助机按钮，释放后浮浮朝目标位置俯冲，落地爆炸造成3次<color=#FF6347>520%</color>暗属性伤害。
168505	1685	5	奔霆跃袭·暗	Assets/Product/Texture/Image/IconPetSkill/Pet3WuyaSkillzhudong04.png	任意消除6个基础信号球后，会激活辅助机按钮，释放后浮浮朝目标位置俯冲，落地爆炸造成3次<color=#FF6347>650%</color>暗属性伤害。
168601	1686	1	奔霆跃袭·空	Assets/Product/Texture/Image/IconPetSkill/Pet3WuyaSkillzhudong06.png	任意消除6个基础信号球后，会激活辅助机按钮，释放后浮浮朝目标位置俯冲，落地爆炸造成3次<color=#FF6347>130%</color>空属性伤害。
168602	1686	2	奔霆跃袭·空	Assets/Product/Texture/Image/IconPetSkill/Pet3WuyaSkillzhudong06.png	任意消除6个基础信号球后，会激活辅助机按钮，释放后浮浮朝目标位置俯冲，落地爆炸造成3次<color=#FF6347>260%</color>空属性伤害。
168603	1686	3	奔霆跃袭·空	Assets/Product/Texture/Image/IconPetSkill/Pet3WuyaSkillzhudong06.png	任意消除6个基础信号球后，会激活辅助机按钮，释放后浮浮朝目标位置俯冲，落地爆炸造成3次<color=#FF6347>390%</color>空属性伤害。
168604	1686	4	奔霆跃袭·空	Assets/Product/Texture/Image/IconPetSkill/Pet3WuyaSkillzhudong06.png	任意消除6个基础信号球后，会激活辅助机按钮，释放后浮浮朝目标位置俯冲，落地爆炸造成3次<color=#FF6347>520%</color>空属性伤害。
168605	1686	5	奔霆跃袭·空	Assets/Product/Texture/Image/IconPetSkill/Pet3WuyaSkillzhudong06.png	任意消除6个基础信号球后，会激活辅助机按钮，释放后浮浮朝目标位置俯冲，落地爆炸造成3次<color=#FF6347>650%</color>空属性伤害。
8300001	83000	1	瑰闪蓄能	Assets/Product/Texture/Image/IconPetSkill/Pet3WuyaSkillbeidong01.png	浮浮主动技伤害提高<color=#0f70bc>14%</color>。
8300002	83000	2	瑰闪蓄能	Assets/Product/Texture/Image/IconPetSkill/Pet3WuyaSkillbeidong01.png	浮浮主动技伤害提高<color=#0f70bc>28%</color>。
8300003	83000	3	瑰闪蓄能	Assets/Product/Texture/Image/IconPetSkill/Pet3WuyaSkillbeidong01.png	浮浮主动技伤害提高<color=#0f70bc>42%</color>。
8300004	83000	4	瑰闪蓄能	Assets/Product/Texture/Image/IconPetSkill/Pet3WuyaSkillbeidong01.png	浮浮主动技伤害提高<color=#0f70bc>56%</color>。
8300005	83000	5	瑰闪蓄能	Assets/Product/Texture/Image/IconPetSkill/Pet3WuyaSkillbeidong01.png	浮浮主动技伤害提高<color=#0f70bc>70%</color>。
8301001	83010	1	拂晓星环	Assets/Product/Texture/Image/IconPetSkill/Pet3DolphinSkillbeidong02.png	携带角色攻击力提高<color=#0f70bc>20</color>。
8301002	83010	2	拂晓星环	Assets/Product/Texture/Image/IconPetSkill/Pet3DolphinSkillbeidong02.png	携带角色攻击力提高<color=#0f70bc>40</color>。
8301003	83010	3	拂晓星环	Assets/Product/Texture/Image/IconPetSkill/Pet3DolphinSkillbeidong02.png	携带角色攻击力提高<color=#0f70bc>60</color>。
8301004	83010	4	拂晓星环	Assets/Product/Texture/Image/IconPetSkill/Pet3DolphinSkillbeidong02.png	携带角色攻击力提高<color=#0f70bc>80</color>。
8301005	83010	5	拂晓星环	Assets/Product/Texture/Image/IconPetSkill/Pet3DolphinSkillbeidong02.png	携带角色攻击力提高<color=#0f70bc>100</color>。
8302001	83020	1	浮羽同游	Assets/Product/Texture/Image/IconPetSkill/Pet3WuyaSkillbeidong03.png	浮浮释放主动技后，携带角色额外伤害加成提高<color=#0f70bc>1%</color>，持续8秒，重复触发刷新持续时间。
8302002	83020	2	浮羽同游	Assets/Product/Texture/Image/IconPetSkill/Pet3WuyaSkillbeidong03.png	浮浮释放主动技后，携带角色额外伤害加成提高<color=#0f70bc>2%</color>，持续8秒，重复触发刷新持续时间。
8302003	83020	3	浮羽同游	Assets/Product/Texture/Image/IconPetSkill/Pet3WuyaSkillbeidong03.png	浮浮释放主动技后，携带角色额外伤害加成提高<color=#0f70bc>3%</color>，持续8秒，重复触发刷新持续时间。
8302004	83020	4	浮羽同游	Assets/Product/Texture/Image/IconPetSkill/Pet3WuyaSkillbeidong03.png	浮浮释放主动技后，携带角色额外伤害加成提高<color=#0f70bc>4%</color>，持续8秒，重复触发刷新持续时间。
8302005	83020	5	浮羽同游	Assets/Product/Texture/Image/IconPetSkill/Pet3WuyaSkillbeidong03.png	浮浮释放主动技后，携带角色额外伤害加成提高<color=#0f70bc>5%</color>，持续8秒，重复触发刷新持续时间。
8303001	83030	1	苍空之祝	Assets/Product/Texture/Image/IconPetSkill/Pet3WuyaSkillbeidong04.png	携带角色雷属性伤害提高<color=#0f70bc>2%</color>。拥有<color=#0f70bc>黯衍层数</color>时，暗属性伤害提高<color=#0f70bc>2%</color>。
8303002	83030	2	苍空之祝	Assets/Product/Texture/Image/IconPetSkill/Pet3WuyaSkillbeidong04.png	携带角色雷属性伤害提高<color=#0f70bc>4%</color>。拥有<color=#0f70bc>黯衍层数</color>时，暗属性伤害提高<color=#0f70bc>4%</color>。
8303003	83030	3	苍空之祝	Assets/Product/Texture/Image/IconPetSkill/Pet3WuyaSkillbeidong04.png	携带角色雷属性伤害提高<color=#0f70bc>6%</color>。拥有<color=#0f70bc>黯衍层数</color>时，暗属性伤害提高<color=#0f70bc>6%</color>。
8303004	83030	4	苍空之祝	Assets/Product/Texture/Image/IconPetSkill/Pet3WuyaSkillbeidong04.png	携带角色雷属性伤害提高<color=#0f70bc>8%</color>。拥有<color=#0f70bc>黯衍层数</color>时，暗属性伤害提高<color=#0f70bc>8%</color>。
8303005	83030	5	苍空之祝	Assets/Product/Texture/Image/IconPetSkill/Pet3WuyaSkillbeidong04.png	携带角色雷属性伤害提高<color=#0f70bc>10%</color>。拥有<color=#0f70bc>黯衍层数</color>时，暗属性伤害提高<color=#0f70bc>10%</color>。
8304001	83040	1	辉影联袂	Assets/Product/Texture/Image/IconPetSkill/Pet3WuyaSkillbeidong05.png	丽芙·霁梦携带浮浮释放<color=#D91414>千芒一刹</color>及<color=#D91414>第4段镜刃球</color>时，召唤浮浮协同攻击，造成3次<color=#0f70bc>200%</color>的雷属性伤害。<color=#D91414>必杀-于万象中重生</color>的基础伤害提升<color=#0f70bc>15%</color>，满层玲珑心释放时额外提升<color=#0f70bc>15%</color>
8304002	83040	2	辉影联袂	Assets/Product/Texture/Image/IconPetSkill/Pet3WuyaSkillbeidong05.png	丽芙·霁梦携带浮浮释放<color=#D91414>千芒一刹</color>及<color=#D91414>第4段镜刃球</color>时，召唤浮浮协同攻击，造成3次<color=#0f70bc>400%</color>的雷属性伤害。<color=#D91414>必杀-于万象中重生</color>的基础伤害提升<color=#0f70bc>30%</color>，满层玲珑心释放时额外提升<color=#0f70bc>30%</color>
8304003	83040	3	辉影联袂	Assets/Product/Texture/Image/IconPetSkill/Pet3WuyaSkillbeidong05.png	丽芙·霁梦携带浮浮释放<color=#D91414>千芒一刹</color>及<color=#D91414>第4段镜刃球</color>时，召唤浮浮协同攻击，造成3次<color=#0f70bc>600%</color>的雷属性伤害。<color=#D91414>必杀-于万象中重生</color>的基础伤害提升<color=#0f70bc>45%</color>，满层玲珑心释放时额外提升<color=#0f70bc>45%</color>
8304004	83040	4	辉影联袂	Assets/Product/Texture/Image/IconPetSkill/Pet3WuyaSkillbeidong05.png	丽芙·霁梦携带浮浮释放<color=#D91414>千芒一刹</color>及<color=#D91414>第4段镜刃球</color>时，召唤浮浮协同攻击，造成3次<color=#0f70bc>800%</color>的雷属性伤害。<color=#D91414>必杀-于万象中重生</color>的基础伤害提升<color=#0f70bc>60%</color>，满层玲珑心释放时额外提升<color=#0f70bc>60%</color>
8304005	83040	5	辉影联袂	Assets/Product/Texture/Image/IconPetSkill/Pet3WuyaSkillbeidong05.png	丽芙·霁梦携带浮浮释放<color=#D91414>千芒一刹</color>及<color=#D91414>第4段镜刃球</color>时，召唤浮浮协同攻击，造成3次<color=#0f70bc>1000%</color>的雷属性伤害。<color=#D91414>必杀-于万象中重生</color>的基础伤害提升<color=#0f70bc>75%</color>，满层玲珑心释放时额外提升<color=#0f70bc>75%</color>
169101	1691	1	斗迸压版边·物	Assets/Product/Texture/Image/IconPetSkill/Pet3PandaSkillzhudong05.png	任意消除6个基础信号球后，会激活辅助机按钮，释放后吡啵向目标短距离冲刺并释放连续爪击，可短距离推动击退目标并对路径造成6次<color=#FF6347>35%</color>物理伤害，轻微起跳双掌下砸，造成范围伤害并击飞，造成1次<color=#FF6347>200%</color>物理伤害。
169102	1691	2	斗迸压版边·物	Assets/Product/Texture/Image/IconPetSkill/Pet3PandaSkillzhudong05.png	任意消除6个基础信号球后，会激活辅助机按钮，释放后吡啵向目标短距离冲刺并释放连续爪击，可短距离推动击退目标并对路径造成6次<color=#FF6347>70%</color>物理伤害，轻微起跳双掌下砸，造成范围伤害并击飞，造成1次<color=#FF6347>400%</color>物理伤害。
169103	1691	3	斗迸压版边·物	Assets/Product/Texture/Image/IconPetSkill/Pet3PandaSkillzhudong05.png	任意消除6个基础信号球后，会激活辅助机按钮，释放后吡啵向目标短距离冲刺并释放连续爪击，可短距离推动击退目标并对路径造成6次<color=#FF6347>105%</color>物理伤害，轻微起跳双掌下砸，造成范围伤害并击飞，造成1次<color=#FF6347>600%</color>物理伤害。
169104	1691	4	斗迸压版边·物	Assets/Product/Texture/Image/IconPetSkill/Pet3PandaSkillzhudong05.png	任意消除6个基础信号球后，会激活辅助机按钮，释放后吡啵向目标短距离冲刺并释放连续爪击，可短距离推动击退目标并对路径造成6次<color=#FF6347>140%</color>物理伤害，轻微起跳双掌下砸，造成范围伤害并击飞，造成1次<color=#FF6347>800%</color>物理伤害。
169105	1691	5	斗迸压版边·物	Assets/Product/Texture/Image/IconPetSkill/Pet3PandaSkillzhudong05.png	任意消除6个基础信号球后，会激活辅助机按钮，释放后吡啵向目标短距离冲刺并释放连续爪击，可短距离推动击退目标并对路径造成6次<color=#FF6347>175%</color>物理伤害，轻微起跳双掌下砸，造成范围伤害并击飞，造成1次<color=#FF6347>1000%</color>物理伤害。
169201	1692	1	斗迸压版边·火	Assets/Product/Texture/Image/IconPetSkill/Pet3PandaSkillzhudong01.png	任意消除6个基础信号球后，会激活辅助机按钮，释放后吡啵向目标短距离冲刺并释放连续爪击，可短距离推动击退目标并对路径造成6次<color=#FF6347>35%</color>火属性伤害，轻微起跳双掌下砸，造成范围伤害并击飞，造成1次<color=#FF6347>200%</color>火属性伤害。
169202	1692	2	斗迸压版边·火	Assets/Product/Texture/Image/IconPetSkill/Pet3PandaSkillzhudong01.png	任意消除6个基础信号球后，会激活辅助机按钮，释放后吡啵向目标短距离冲刺并释放连续爪击，可短距离推动击退目标并对路径造成6次<color=#FF6347>70%</color>火属性伤害，轻微起跳双掌下砸，造成范围伤害并击飞，造成1次<color=#FF6347>400%</color>火属性伤害。
169203	1692	3	斗迸压版边·火	Assets/Product/Texture/Image/IconPetSkill/Pet3PandaSkillzhudong01.png	任意消除6个基础信号球后，会激活辅助机按钮，释放后吡啵向目标短距离冲刺并释放连续爪击，可短距离推动击退目标并对路径造成6次<color=#FF6347>105%</color>火属性伤害，轻微起跳双掌下砸，造成范围伤害并击飞，造成1次<color=#FF6347>600%</color>火属性伤害。
169204	1692	4	斗迸压版边·火	Assets/Product/Texture/Image/IconPetSkill/Pet3PandaSkillzhudong01.png	任意消除6个基础信号球后，会激活辅助机按钮，释放后吡啵向目标短距离冲刺并释放连续爪击，可短距离推动击退目标并对路径造成6次<color=#FF6347>140%</color>火属性伤害，轻微起跳双掌下砸，造成范围伤害并击飞，造成1次<color=#FF6347>800%</color>火属性伤害。
169205	1692	5	斗迸压版边·火	Assets/Product/Texture/Image/IconPetSkill/Pet3PandaSkillzhudong01.png	任意消除6个基础信号球后，会激活辅助机按钮，释放后吡啵向目标短距离冲刺并释放连续爪击，可短距离推动击退目标并对路径造成6次<color=#FF6347>175%</color>火属性伤害，轻微起跳双掌下砸，造成范围伤害并击飞，造成1次<color=#FF6347>1000%</color>火属性伤害。
169301	1693	1	斗迸压版边·冰	Assets/Product/Texture/Image/IconPetSkill/Pet3PandaSkillzhudong02.png	任意消除6个基础信号球后，会激活辅助机按钮，释放后吡啵向目标短距离冲刺并释放连续爪击，可短距离推动击退目标并对路径造成6次<color=#FF6347>35%</color>冰属性伤害，轻微起跳双掌下砸，造成范围伤害并击飞，造成1次<color=#FF6347>200%</color>冰属性伤害。
169302	1693	2	斗迸压版边·冰	Assets/Product/Texture/Image/IconPetSkill/Pet3PandaSkillzhudong02.png	任意消除6个基础信号球后，会激活辅助机按钮，释放后吡啵向目标短距离冲刺并释放连续爪击，可短距离推动击退目标并对路径造成6次<color=#FF6347>70%</color>冰属性伤害，轻微起跳双掌下砸，造成范围伤害并击飞，造成1次<color=#FF6347>400%</color>冰属性伤害。
169303	1693	3	斗迸压版边·冰	Assets/Product/Texture/Image/IconPetSkill/Pet3PandaSkillzhudong02.png	任意消除6个基础信号球后，会激活辅助机按钮，释放后吡啵向目标短距离冲刺并释放连续爪击，可短距离推动击退目标并对路径造成6次<color=#FF6347>105%</color>冰属性伤害，轻微起跳双掌下砸，造成范围伤害并击飞，造成1次<color=#FF6347>600%</color>冰属性伤害。
169304	1693	4	斗迸压版边·冰	Assets/Product/Texture/Image/IconPetSkill/Pet3PandaSkillzhudong02.png	任意消除6个基础信号球后，会激活辅助机按钮，释放后吡啵向目标短距离冲刺并释放连续爪击，可短距离推动击退目标并对路径造成6次<color=#FF6347>140%</color>冰属性伤害，轻微起跳双掌下砸，造成范围伤害并击飞，造成1次<color=#FF6347>800%</color>冰属性伤害。
169305	1693	5	斗迸压版边·冰	Assets/Product/Texture/Image/IconPetSkill/Pet3PandaSkillzhudong02.png	任意消除6个基础信号球后，会激活辅助机按钮，释放后吡啵向目标短距离冲刺并释放连续爪击，可短距离推动击退目标并对路径造成6次<color=#FF6347>175%</color>冰属性伤害，轻微起跳双掌下砸，造成范围伤害并击飞，造成1次<color=#FF6347>1000%</color>冰属性伤害。
169401	1694	1	斗迸压版边·雷	Assets/Product/Texture/Image/IconPetSkill/Pet3PandaSkillzhudong03.png	任意消除6个基础信号球后，会激活辅助机按钮，释放后吡啵向目标短距离冲刺并释放连续爪击，可短距离推动击退目标并对路径造成6次<color=#FF6347>35%</color>雷属性伤害，轻微起跳双掌下砸，造成范围伤害并击飞，造成1次<color=#FF6347>200%</color>雷属性伤害。
169402	1694	2	斗迸压版边·雷	Assets/Product/Texture/Image/IconPetSkill/Pet3PandaSkillzhudong03.png	任意消除6个基础信号球后，会激活辅助机按钮，释放后吡啵向目标短距离冲刺并释放连续爪击，可短距离推动击退目标并对路径造成6次<color=#FF6347>70%</color>雷属性伤害，轻微起跳双掌下砸，造成范围伤害并击飞，造成1次<color=#FF6347>400%</color>雷属性伤害。
169403	1694	3	斗迸压版边·雷	Assets/Product/Texture/Image/IconPetSkill/Pet3PandaSkillzhudong03.png	任意消除6个基础信号球后，会激活辅助机按钮，释放后吡啵向目标短距离冲刺并释放连续爪击，可短距离推动击退目标并对路径造成6次<color=#FF6347>105%</color>雷属性伤害，轻微起跳双掌下砸，造成范围伤害并击飞，造成1次<color=#FF6347>600%</color>雷属性伤害。
169404	1694	4	斗迸压版边·雷	Assets/Product/Texture/Image/IconPetSkill/Pet3PandaSkillzhudong03.png	任意消除6个基础信号球后，会激活辅助机按钮，释放后吡啵向目标短距离冲刺并释放连续爪击，可短距离推动击退目标并对路径造成6次<color=#FF6347>140%</color>雷属性伤害，轻微起跳双掌下砸，造成范围伤害并击飞，造成1次<color=#FF6347>800%</color>雷属性伤害。
169405	1694	5	斗迸压版边·雷	Assets/Product/Texture/Image/IconPetSkill/Pet3PandaSkillzhudong03.png	任意消除6个基础信号球后，会激活辅助机按钮，释放后吡啵向目标短距离冲刺并释放连续爪击，可短距离推动击退目标并对路径造成6次<color=#FF6347>175%</color>雷属性伤害，轻微起跳双掌下砸，造成范围伤害并击飞，造成1次<color=#FF6347>1000%</color>雷属性伤害。
169501	1695	1	斗迸压版边·暗	Assets/Product/Texture/Image/IconPetSkill/Pet3PandaSkillzhudong04.png	任意消除6个基础信号球后，会激活辅助机按钮，释放后吡啵向目标短距离冲刺并释放连续爪击，可短距离推动击退目标并对路径造成6次<color=#FF6347>35%</color>暗属性伤害，轻微起跳双掌下砸，造成范围伤害并击飞，造成1次<color=#FF6347>200%</color>暗属性伤害。
169502	1695	2	斗迸压版边·暗	Assets/Product/Texture/Image/IconPetSkill/Pet3PandaSkillzhudong04.png	任意消除6个基础信号球后，会激活辅助机按钮，释放后吡啵向目标短距离冲刺并释放连续爪击，可短距离推动击退目标并对路径造成6次<color=#FF6347>70%</color>暗属性伤害，轻微起跳双掌下砸，造成范围伤害并击飞，造成1次<color=#FF6347>400%</color>暗属性伤害。
169503	1695	3	斗迸压版边·暗	Assets/Product/Texture/Image/IconPetSkill/Pet3PandaSkillzhudong04.png	任意消除6个基础信号球后，会激活辅助机按钮，释放后吡啵向目标短距离冲刺并释放连续爪击，可短距离推动击退目标并对路径造成6次<color=#FF6347>105%</color>暗属性伤害，轻微起跳双掌下砸，造成范围伤害并击飞，造成1次<color=#FF6347>600%</color>暗属性伤害。
169504	1695	4	斗迸压版边·暗	Assets/Product/Texture/Image/IconPetSkill/Pet3PandaSkillzhudong04.png	任意消除6个基础信号球后，会激活辅助机按钮，释放后吡啵向目标短距离冲刺并释放连续爪击，可短距离推动击退目标并对路径造成6次<color=#FF6347>140%</color>暗属性伤害，轻微起跳双掌下砸，造成范围伤害并击飞，造成1次<color=#FF6347>800%</color>暗属性伤害。
169505	1695	5	斗迸压版边·暗	Assets/Product/Texture/Image/IconPetSkill/Pet3PandaSkillzhudong04.png	任意消除6个基础信号球后，会激活辅助机按钮，释放后吡啵向目标短距离冲刺并释放连续爪击，可短距离推动击退目标并对路径造成6次<color=#FF6347>175%</color>暗属性伤害，轻微起跳双掌下砸，造成范围伤害并击飞，造成1次<color=#FF6347>1000%</color>暗属性伤害。
169601	1696	1	斗迸压版边·空	Assets/Product/Texture/Image/IconPetSkill/Pet3PandaSkillzhudong06.png	任意消除6个基础信号球后，会激活辅助机按钮，释放后吡啵向目标短距离冲刺并释放连续爪击，可短距离推动击退目标并对路径造成6次<color=#FF6347>35%</color>空属性伤害，轻微起跳双掌下砸，造成范围伤害并击飞，造成1次<color=#FF6347>200%</color>空属性伤害。
169602	1696	2	斗迸压版边·空	Assets/Product/Texture/Image/IconPetSkill/Pet3PandaSkillzhudong06.png	任意消除6个基础信号球后，会激活辅助机按钮，释放后吡啵向目标短距离冲刺并释放连续爪击，可短距离推动击退目标并对路径造成6次<color=#FF6347>70%</color>空属性伤害，轻微起跳双掌下砸，造成范围伤害并击飞，造成1次<color=#FF6347>400%</color>空属性伤害。
169603	1696	3	斗迸压版边·空	Assets/Product/Texture/Image/IconPetSkill/Pet3PandaSkillzhudong06.png	任意消除6个基础信号球后，会激活辅助机按钮，释放后吡啵向目标短距离冲刺并释放连续爪击，可短距离推动击退目标并对路径造成6次<color=#FF6347>105%</color>空属性伤害，轻微起跳双掌下砸，造成范围伤害并击飞，造成1次<color=#FF6347>600%</color>空属性伤害。
169604	1696	4	斗迸压版边·空	Assets/Product/Texture/Image/IconPetSkill/Pet3PandaSkillzhudong06.png	任意消除6个基础信号球后，会激活辅助机按钮，释放后吡啵向目标短距离冲刺并释放连续爪击，可短距离推动击退目标并对路径造成6次<color=#FF6347>140%</color>空属性伤害，轻微起跳双掌下砸，造成范围伤害并击飞，造成1次<color=#FF6347>800%</color>空属性伤害。
169605	1696	5	斗迸压版边·空	Assets/Product/Texture/Image/IconPetSkill/Pet3PandaSkillzhudong06.png	任意消除6个基础信号球后，会激活辅助机按钮，释放后吡啵向目标短距离冲刺并释放连续爪击，可短距离推动击退目标并对路径造成6次<color=#FF6347>175%</color>空属性伤害，轻微起跳双掌下砸，造成范围伤害并击飞，造成1次<color=#FF6347>1000%</color>空属性伤害。
170101	1701	1	头槌压起身·物	Assets/Product/Texture/Image/IconPetSkill/Pet3PandaSkillzhudong05.png	任意消除6个基础信号球后，会激活辅助机按钮，释放后吡啵抱团旋转对目标释放头槌冲锋，造成9次<color=#FF6347>30%</color>物理伤害，命中第一个目标后弹起坐下倒地，坐到地面时造成大范围砸地并击倒敌人，造成1次<color=#FF6347>130%</color>物理伤害。
170102	1701	2	头槌压起身·物	Assets/Product/Texture/Image/IconPetSkill/Pet3PandaSkillzhudong05.png	任意消除6个基础信号球后，会激活辅助机按钮，释放后吡啵抱团旋转对目标释放头槌冲锋，造成9次<color=#FF6347>60%</color>物理伤害，命中第一个目标后弹起坐下倒地，坐到地面时造成大范围砸地并击倒敌人，造成1次<color=#FF6347>260%</color>物理伤害。
170103	1701	3	头槌压起身·物	Assets/Product/Texture/Image/IconPetSkill/Pet3PandaSkillzhudong05.png	任意消除6个基础信号球后，会激活辅助机按钮，释放后吡啵抱团旋转对目标释放头槌冲锋，造成9次<color=#FF6347>90%</color>物理伤害，命中第一个目标后弹起坐下倒地，坐到地面时造成大范围砸地并击倒敌人，造成1次<color=#FF6347>390%</color>物理伤害。
170104	1701	4	头槌压起身·物	Assets/Product/Texture/Image/IconPetSkill/Pet3PandaSkillzhudong05.png	任意消除6个基础信号球后，会激活辅助机按钮，释放后吡啵抱团旋转对目标释放头槌冲锋，造成9次<color=#FF6347>120%</color>物理伤害，命中第一个目标后弹起坐下倒地，坐到地面时造成大范围砸地并击倒敌人，造成1次<color=#FF6347>520%</color>物理伤害。
170105	1701	5	头槌压起身·物	Assets/Product/Texture/Image/IconPetSkill/Pet3PandaSkillzhudong05.png	任意消除6个基础信号球后，会激活辅助机按钮，释放后吡啵抱团旋转对目标释放头槌冲锋，造成9次<color=#FF6347>150%</color>物理伤害，命中第一个目标后弹起坐下倒地，坐到地面时造成大范围砸地并击倒敌人，造成1次<color=#FF6347>650%</color>物理伤害。
170201	1702	1	头槌压起身·火	Assets/Product/Texture/Image/IconPetSkill/Pet3PandaSkillzhudong01.png	任意消除6个基础信号球后，会激活辅助机按钮，释放后吡啵抱团旋转对目标释放头槌冲锋，造成9次<color=#FF6347>30%</color>火属性伤害，命中第一个目标后弹起坐下倒地，坐到地面时造成大范围砸地并击倒敌人，造成1次<color=#FF6347>130%</color>火属性伤害。
170202	1702	2	头槌压起身·火	Assets/Product/Texture/Image/IconPetSkill/Pet3PandaSkillzhudong01.png	任意消除6个基础信号球后，会激活辅助机按钮，释放后吡啵抱团旋转对目标释放头槌冲锋，造成9次<color=#FF6347>60%</color>火属性伤害，命中第一个目标后弹起坐下倒地，坐到地面时造成大范围砸地并击倒敌人，造成1次<color=#FF6347>260%</color>火属性伤害。
170203	1702	3	头槌压起身·火	Assets/Product/Texture/Image/IconPetSkill/Pet3PandaSkillzhudong01.png	任意消除6个基础信号球后，会激活辅助机按钮，释放后吡啵抱团旋转对目标释放头槌冲锋，造成9次<color=#FF6347>90%</color>火属性伤害，命中第一个目标后弹起坐下倒地，坐到地面时造成大范围砸地并击倒敌人，造成1次<color=#FF6347>390%</color>火属性伤害。
170204	1702	4	头槌压起身·火	Assets/Product/Texture/Image/IconPetSkill/Pet3PandaSkillzhudong01.png	任意消除6个基础信号球后，会激活辅助机按钮，释放后吡啵抱团旋转对目标释放头槌冲锋，造成9次<color=#FF6347>120%</color>火属性伤害，命中第一个目标后弹起坐下倒地，坐到地面时造成大范围砸地并击倒敌人，造成1次<color=#FF6347>520%</color>火属性伤害。
170205	1702	5	头槌压起身·火	Assets/Product/Texture/Image/IconPetSkill/Pet3PandaSkillzhudong01.png	任意消除6个基础信号球后，会激活辅助机按钮，释放后吡啵抱团旋转对目标释放头槌冲锋，造成9次<color=#FF6347>150%</color>火属性伤害，命中第一个目标后弹起坐下倒地，坐到地面时造成大范围砸地并击倒敌人，造成1次<color=#FF6347>650%</color>火属性伤害。
170301	1703	1	头槌压起身·冰	Assets/Product/Texture/Image/IconPetSkill/Pet3PandaSkillzhudong02.png	任意消除6个基础信号球后，会激活辅助机按钮，释放后吡啵抱团旋转对目标释放头槌冲锋，造成9次<color=#FF6347>30%</color>冰属性伤害，命中第一个目标后弹起坐下倒地，坐到地面时造成大范围砸地并击倒敌人，造成1次<color=#FF6347>130%</color>冰属性伤害。
170302	1703	2	头槌压起身·冰	Assets/Product/Texture/Image/IconPetSkill/Pet3PandaSkillzhudong02.png	任意消除6个基础信号球后，会激活辅助机按钮，释放后吡啵抱团旋转对目标释放头槌冲锋，造成9次<color=#FF6347>60%</color>冰属性伤害，命中第一个目标后弹起坐下倒地，坐到地面时造成大范围砸地并击倒敌人，造成1次<color=#FF6347>260%</color>冰属性伤害。
170303	1703	3	头槌压起身·冰	Assets/Product/Texture/Image/IconPetSkill/Pet3PandaSkillzhudong02.png	任意消除6个基础信号球后，会激活辅助机按钮，释放后吡啵抱团旋转对目标释放头槌冲锋，造成9次<color=#FF6347>90%</color>冰属性伤害，命中第一个目标后弹起坐下倒地，坐到地面时造成大范围砸地并击倒敌人，造成1次<color=#FF6347>390%</color>冰属性伤害。
170304	1703	4	头槌压起身·冰	Assets/Product/Texture/Image/IconPetSkill/Pet3PandaSkillzhudong02.png	任意消除6个基础信号球后，会激活辅助机按钮，释放后吡啵抱团旋转对目标释放头槌冲锋，造成9次<color=#FF6347>120%</color>冰属性伤害，命中第一个目标后弹起坐下倒地，坐到地面时造成大范围砸地并击倒敌人，造成1次<color=#FF6347>520%</color>冰属性伤害。
170305	1703	5	头槌压起身·冰	Assets/Product/Texture/Image/IconPetSkill/Pet3PandaSkillzhudong02.png	任意消除6个基础信号球后，会激活辅助机按钮，释放后吡啵抱团旋转对目标释放头槌冲锋，造成9次<color=#FF6347>150%</color>冰属性伤害，命中第一个目标后弹起坐下倒地，坐到地面时造成大范围砸地并击倒敌人，造成1次<color=#FF6347>650%</color>冰属性伤害。
170401	1704	1	头槌压起身·雷	Assets/Product/Texture/Image/IconPetSkill/Pet3PandaSkillzhudong03.png	任意消除6个基础信号球后，会激活辅助机按钮，释放后吡啵抱团旋转对目标释放头槌冲锋，造成9次<color=#FF6347>30%</color>雷属性伤害，命中第一个目标后弹起坐下倒地，坐到地面时造成大范围砸地并击倒敌人，造成1次<color=#FF6347>130%</color>雷属性伤害。
170402	1704	2	头槌压起身·雷	Assets/Product/Texture/Image/IconPetSkill/Pet3PandaSkillzhudong03.png	任意消除6个基础信号球后，会激活辅助机按钮，释放后吡啵抱团旋转对目标释放头槌冲锋，造成9次<color=#FF6347>60%</color>雷属性伤害，命中第一个目标后弹起坐下倒地，坐到地面时造成大范围砸地并击倒敌人，造成1次<color=#FF6347>260%</color>雷属性伤害。
170403	1704	3	头槌压起身·雷	Assets/Product/Texture/Image/IconPetSkill/Pet3PandaSkillzhudong03.png	任意消除6个基础信号球后，会激活辅助机按钮，释放后吡啵抱团旋转对目标释放头槌冲锋，造成9次<color=#FF6347>90%</color>雷属性伤害，命中第一个目标后弹起坐下倒地，坐到地面时造成大范围砸地并击倒敌人，造成1次<color=#FF6347>390%</color>雷属性伤害。
170404	1704	4	头槌压起身·雷	Assets/Product/Texture/Image/IconPetSkill/Pet3PandaSkillzhudong03.png	任意消除6个基础信号球后，会激活辅助机按钮，释放后吡啵抱团旋转对目标释放头槌冲锋，造成9次<color=#FF6347>120%</color>雷属性伤害，命中第一个目标后弹起坐下倒地，坐到地面时造成大范围砸地并击倒敌人，造成1次<color=#FF6347>520%</color>雷属性伤害。
170405	1704	5	头槌压起身·雷	Assets/Product/Texture/Image/IconPetSkill/Pet3PandaSkillzhudong03.png	任意消除6个基础信号球后，会激活辅助机按钮，释放后吡啵抱团旋转对目标释放头槌冲锋，造成9次<color=#FF6347>150%</color>雷属性伤害，命中第一个目标后弹起坐下倒地，坐到地面时造成大范围砸地并击倒敌人，造成1次<color=#FF6347>650%</color>雷属性伤害。
170501	1705	1	头槌压起身·暗	Assets/Product/Texture/Image/IconPetSkill/Pet3PandaSkillzhudong04.png	任意消除6个基础信号球后，会激活辅助机按钮，释放后吡啵抱团旋转对目标释放头槌冲锋，造成9次<color=#FF6347>30%</color>暗属性伤害，命中第一个目标后弹起坐下倒地，坐到地面时造成大范围砸地并击倒敌人，造成1次<color=#FF6347>130%</color>暗属性伤害。
170502	1705	2	头槌压起身·暗	Assets/Product/Texture/Image/IconPetSkill/Pet3PandaSkillzhudong04.png	任意消除6个基础信号球后，会激活辅助机按钮，释放后吡啵抱团旋转对目标释放头槌冲锋，造成9次<color=#FF6347>60%</color>暗属性伤害，命中第一个目标后弹起坐下倒地，坐到地面时造成大范围砸地并击倒敌人，造成1次<color=#FF6347>260%</color>暗属性伤害。
170503	1705	3	头槌压起身·暗	Assets/Product/Texture/Image/IconPetSkill/Pet3PandaSkillzhudong04.png	任意消除6个基础信号球后，会激活辅助机按钮，释放后吡啵抱团旋转对目标释放头槌冲锋，造成9次<color=#FF6347>90%</color>暗属性伤害，命中第一个目标后弹起坐下倒地，坐到地面时造成大范围砸地并击倒敌人，造成1次<color=#FF6347>390%</color>暗属性伤害。
170504	1705	4	头槌压起身·暗	Assets/Product/Texture/Image/IconPetSkill/Pet3PandaSkillzhudong04.png	任意消除6个基础信号球后，会激活辅助机按钮，释放后吡啵抱团旋转对目标释放头槌冲锋，造成9次<color=#FF6347>120%</color>暗属性伤害，命中第一个目标后弹起坐下倒地，坐到地面时造成大范围砸地并击倒敌人，造成1次<color=#FF6347>520%</color>暗属性伤害。
170505	1705	5	头槌压起身·暗	Assets/Product/Texture/Image/IconPetSkill/Pet3PandaSkillzhudong04.png	任意消除6个基础信号球后，会激活辅助机按钮，释放后吡啵抱团旋转对目标释放头槌冲锋，造成9次<color=#FF6347>150%</color>暗属性伤害，命中第一个目标后弹起坐下倒地，坐到地面时造成大范围砸地并击倒敌人，造成1次<color=#FF6347>650%</color>暗属性伤害。
170601	1706	1	头槌压起身·空	Assets/Product/Texture/Image/IconPetSkill/Pet3PandaSkillzhudong06.png	任意消除6个基础信号球后，会激活辅助机按钮，释放后吡啵抱团旋转对目标释放头槌冲锋，造成9次<color=#FF6347>30%</color>空属性伤害，命中第一个目标后弹起坐下倒地，坐到地面时造成大范围砸地并击倒敌人，造成10次<color=#FF6347>130%</color>空属性伤害。
170602	1706	2	头槌压起身·空	Assets/Product/Texture/Image/IconPetSkill/Pet3PandaSkillzhudong06.png	任意消除6个基础信号球后，会激活辅助机按钮，释放后吡啵抱团旋转对目标释放头槌冲锋，造成9次<color=#FF6347>60%</color>空属性伤害，命中第一个目标后弹起坐下倒地，坐到地面时造成大范围砸地并击倒敌人，造成10次<color=#FF6347>260%</color>空属性伤害。
170603	1706	3	头槌压起身·空	Assets/Product/Texture/Image/IconPetSkill/Pet3PandaSkillzhudong06.png	任意消除6个基础信号球后，会激活辅助机按钮，释放后吡啵抱团旋转对目标释放头槌冲锋，造成9次<color=#FF6347>90%</color>空属性伤害，命中第一个目标后弹起坐下倒地，坐到地面时造成大范围砸地并击倒敌人，造成10次<color=#FF6347>390%</color>空属性伤害。
170604	1706	4	头槌压起身·空	Assets/Product/Texture/Image/IconPetSkill/Pet3PandaSkillzhudong06.png	任意消除6个基础信号球后，会激活辅助机按钮，释放后吡啵抱团旋转对目标释放头槌冲锋，造成9次<color=#FF6347>120%</color>空属性伤害，命中第一个目标后弹起坐下倒地，坐到地面时造成大范围砸地并击倒敌人，造成10次<color=#FF6347>520%</color>空属性伤害。
170605	1706	5	头槌压起身·空	Assets/Product/Texture/Image/IconPetSkill/Pet3PandaSkillzhudong06.png	任意消除6个基础信号球后，会激活辅助机按钮，释放后吡啵抱团旋转对目标释放头槌冲锋，造成9次<color=#FF6347>150%</color>空属性伤害，命中第一个目标后弹起坐下倒地，坐到地面时造成大范围砸地并击倒敌人，造成10次<color=#FF6347>650%</color>空属性伤害。
8400001	84000	1	差合修正	Assets/Product/Texture/Image/IconPetSkill/Pet3PandaSkillbeidong01.png	吡啵主动技伤害提高<color=#0f70bc>14%</color>。
8400002	84000	2	差合修正	Assets/Product/Texture/Image/IconPetSkill/Pet3PandaSkillbeidong01.png	吡啵主动技伤害提高<color=#0f70bc>28%</color>。
8400003	84000	3	差合修正	Assets/Product/Texture/Image/IconPetSkill/Pet3PandaSkillbeidong01.png	吡啵主动技伤害提高<color=#0f70bc>42%</color>。
8400004	84000	4	差合修正	Assets/Product/Texture/Image/IconPetSkill/Pet3PandaSkillbeidong01.png	吡啵主动技伤害提高<color=#0f70bc>56%</color>。
8400005	84000	5	差合修正	Assets/Product/Texture/Image/IconPetSkill/Pet3PandaSkillbeidong01.png	吡啵主动技伤害提高<color=#0f70bc>70%</color>。
8401001	84010	1	复合演算	Assets/Product/Texture/Image/IconPetSkill/Pet3PandaSkillbeidong02.png	携带角色攻击力提高<color=#0f70bc>20</color>。
8401002	84010	2	复合演算	Assets/Product/Texture/Image/IconPetSkill/Pet3PandaSkillbeidong02.png	携带角色攻击力提高<color=#0f70bc>40</color>。
8401003	84010	3	复合演算	Assets/Product/Texture/Image/IconPetSkill/Pet3PandaSkillbeidong02.png	携带角色攻击力提高<color=#0f70bc>60</color>。
8401004	84010	4	复合演算	Assets/Product/Texture/Image/IconPetSkill/Pet3PandaSkillbeidong02.png	携带角色攻击力提高<color=#0f70bc>80</color>。
8401005	84010	5	复合演算	Assets/Product/Texture/Image/IconPetSkill/Pet3PandaSkillbeidong02.png	携带角色攻击力提高<color=#0f70bc>100</color>。
8402001	84020	1	负帧超频	Assets/Product/Texture/Image/IconPetSkill/Pet3PandaSkillbeidong03.png	吡啵释放主动技后，携带角色额外伤害加成提高<color=#0f70bc>1%</color>，持续8秒，重复触发刷新持续时间。
8402002	84020	2	负帧超频	Assets/Product/Texture/Image/IconPetSkill/Pet3PandaSkillbeidong03.png	吡啵释放主动技后，携带角色额外伤害加成提高<color=#0f70bc>2%</color>，持续8秒，重复触发刷新持续时间。
8402003	84020	3	负帧超频	Assets/Product/Texture/Image/IconPetSkill/Pet3PandaSkillbeidong03.png	吡啵释放主动技后，携带角色额外伤害加成提高<color=#0f70bc>3%</color>，持续8秒，重复触发刷新持续时间。
8402004	84020	4	负帧超频	Assets/Product/Texture/Image/IconPetSkill/Pet3PandaSkillbeidong03.png	吡啵释放主动技后，携带角色额外伤害加成提高<color=#0f70bc>4%</color>，持续8秒，重复触发刷新持续时间。
8402005	84020	5	负帧超频	Assets/Product/Texture/Image/IconPetSkill/Pet3PandaSkillbeidong03.png	吡啵释放主动技后，携带角色额外伤害加成提高<color=#0f70bc>5%</color>，持续8秒，重复触发刷新持续时间。
8403001	84030	1	光泠循环	Assets/Product/Texture/Image/IconPetSkill/Pet3PandaSkillbeidong04.png	携带角色冰属性伤害提高<color=#0f70bc>2%</color>，熠光伤害提高<color=#0f70bc>2%</color>。
8403002	84030	2	光泠循环	Assets/Product/Texture/Image/IconPetSkill/Pet3PandaSkillbeidong04.png	携带角色冰属性伤害提高<color=#0f70bc>4%</color>，熠光伤害提高<color=#0f70bc>4%</color>。
8403003	84030	3	光泠循环	Assets/Product/Texture/Image/IconPetSkill/Pet3PandaSkillbeidong04.png	携带角色冰属性伤害提高<color=#0f70bc>6%</color>，熠光伤害提高<color=#0f70bc>6%</color>。
8403004	84030	4	光泠循环	Assets/Product/Texture/Image/IconPetSkill/Pet3PandaSkillbeidong04.png	携带角色冰属性伤害提高<color=#0f70bc>8%</color>，熠光伤害提高<color=#0f70bc>8%</color>。
8403005	84030	5	光泠循环	Assets/Product/Texture/Image/IconPetSkill/Pet3PandaSkillbeidong04.png	携带角色冰属性伤害提高<color=#0f70bc>10%</color>，熠光伤害提高<color=#0f70bc>10%</color>。
8404001	84040	1	视界禁飞区	Assets/Product/Texture/Image/IconPetSkill/Pet3PandaSkillbeidong05.png	布偶熊·骇影携带吡啵释放<color=#D91414>数域空间·势垒裂隙</color>时，召唤吡啵协同攻击，吡啵上冲击穿地面，造成1次<color=#0f70bc>600%</color>冰属性伤害。<color=#D91414>数域空间·势垒裂隙</color>的基础伤害提升<color=#0f70bc>20%</color>，<color=#D91414>脉冲爆震</color>的基础伤害提升<color=#0f70bc>15%</color>。
8404002	84040	2	视界禁飞区	Assets/Product/Texture/Image/IconPetSkill/Pet3PandaSkillbeidong05.png	布偶熊·骇影携带吡啵释放<color=#D91414>数域空间·势垒裂隙</color>时，召唤吡啵协同攻击，吡啵上冲击穿地面，造成1次<color=#0f70bc>1200%</color>冰属性伤害。<color=#D91414>数域空间·势垒裂隙</color>的基础伤害提升<color=#0f70bc>40%</color>，<color=#D91414>脉冲爆震</color>的基础伤害提升<color=#0f70bc>30%</color>。
8404003	84040	3	视界禁飞区	Assets/Product/Texture/Image/IconPetSkill/Pet3PandaSkillbeidong05.png	布偶熊·骇影携带吡啵释放<color=#D91414>数域空间·势垒裂隙</color>时，召唤吡啵协同攻击，吡啵上冲击穿地面，造成1次<color=#0f70bc>1800%</color>冰属性伤害。<color=#D91414>数域空间·势垒裂隙</color>的基础伤害提升<color=#0f70bc>60%</color>，<color=#D91414>脉冲爆震</color>的基础伤害提升<color=#0f70bc>45%</color>。
8404004	84040	4	视界禁飞区	Assets/Product/Texture/Image/IconPetSkill/Pet3PandaSkillbeidong05.png	布偶熊·骇影携带吡啵释放<color=#D91414>数域空间·势垒裂隙</color>时，召唤吡啵协同攻击，吡啵上冲击穿地面，造成1次<color=#0f70bc>2400%</color>冰属性伤害。<color=#D91414>数域空间·势垒裂隙</color>的基础伤害提升<color=#0f70bc>80%</color>，<color=#D91414>脉冲爆震</color>的基础伤害提升<color=#0f70bc>60%</color>。
8404005	84040	5	视界禁飞区	Assets/Product/Texture/Image/IconPetSkill/Pet3PandaSkillbeidong05.png	布偶熊·骇影携带吡啵释放<color=#D91414>数域空间·势垒裂隙</color>时，召唤吡啵协同攻击，吡啵上冲击穿地面，造成1次<color=#0f70bc>3000%</color>冰属性伤害。<color=#D91414>数域空间·势垒裂隙</color>的基础伤害提升<color=#0f70bc>100%</color>，<color=#D91414>脉冲爆震</color>的基础伤害提升<color=#0f70bc>75%</color>。
171101	1711	1	幽波雷暴·物	Assets/Product/Texture/Image/IconPetSkill/Pet3SignalSkillzhudong05.png	任意消除6个基础信号球后，会激活辅助机按钮，释放后波灵跃起升到目标上空释放电流，造成4次<color=#FF6347>100%</color>物理伤害。
171102	1711	2	幽波雷暴·物	Assets/Product/Texture/Image/IconPetSkill/Pet3SignalSkillzhudong05.png	任意消除6个基础信号球后，会激活辅助机按钮，释放后波灵跃起升到目标上空释放电流，造成4次<color=#FF6347>200%</color>物理伤害。
171103	1711	3	幽波雷暴·物	Assets/Product/Texture/Image/IconPetSkill/Pet3SignalSkillzhudong05.png	任意消除6个基础信号球后，会激活辅助机按钮，释放后波灵跃起升到目标上空释放电流，造成4次<color=#FF6347>300%</color>物理伤害。
171104	1711	4	幽波雷暴·物	Assets/Product/Texture/Image/IconPetSkill/Pet3SignalSkillzhudong05.png	任意消除6个基础信号球后，会激活辅助机按钮，释放后波灵跃起升到目标上空释放电流，造成4次<color=#FF6347>400%</color>物理伤害。
171105	1711	5	幽波雷暴·物	Assets/Product/Texture/Image/IconPetSkill/Pet3SignalSkillzhudong05.png	任意消除6个基础信号球后，会激活辅助机按钮，释放后波灵跃起升到目标上空释放电流，造成4次<color=#FF6347>500%</color>物理伤害。
171201	1712	1	幽波雷暴·火	Assets/Product/Texture/Image/IconPetSkill/Pet3SignalSkillzhudong01.png	任意消除6个基础信号球后，会激活辅助机按钮，释放后波灵跃起升到目标上空释放电流，造成4次<color=#FF6347>100%</color>火属性伤害。
171202	1712	2	幽波雷暴·火	Assets/Product/Texture/Image/IconPetSkill/Pet3SignalSkillzhudong01.png	任意消除6个基础信号球后，会激活辅助机按钮，释放后波灵跃起升到目标上空释放电流，造成4次<color=#FF6347>200%</color>火属性伤害。
171203	1712	3	幽波雷暴·火	Assets/Product/Texture/Image/IconPetSkill/Pet3SignalSkillzhudong01.png	任意消除6个基础信号球后，会激活辅助机按钮，释放后波灵跃起升到目标上空释放电流，造成4次<color=#FF6347>300%</color>火属性伤害。
171204	1712	4	幽波雷暴·火	Assets/Product/Texture/Image/IconPetSkill/Pet3SignalSkillzhudong01.png	任意消除6个基础信号球后，会激活辅助机按钮，释放后波灵跃起升到目标上空释放电流，造成4次<color=#FF6347>400%</color>火属性伤害。
171205	1712	5	幽波雷暴·火	Assets/Product/Texture/Image/IconPetSkill/Pet3SignalSkillzhudong01.png	任意消除6个基础信号球后，会激活辅助机按钮，释放后波灵跃起升到目标上空释放电流，造成4次<color=#FF6347>500%</color>火属性伤害。
171301	1713	1	幽波雷暴·冰	Assets/Product/Texture/Image/IconPetSkill/Pet3SignalSkillzhudong02.png	任意消除6个基础信号球后，会激活辅助机按钮，释放后波灵跃起升到目标上空释放电流，造成4次<color=#FF6347>100%</color>冰属性伤害。
171302	1713	2	幽波雷暴·冰	Assets/Product/Texture/Image/IconPetSkill/Pet3SignalSkillzhudong02.png	任意消除6个基础信号球后，会激活辅助机按钮，释放后波灵跃起升到目标上空释放电流，造成4次<color=#FF6347>200%</color>冰属性伤害。
171303	1713	3	幽波雷暴·冰	Assets/Product/Texture/Image/IconPetSkill/Pet3SignalSkillzhudong02.png	任意消除6个基础信号球后，会激活辅助机按钮，释放后波灵跃起升到目标上空释放电流，造成4次<color=#FF6347>300%</color>冰属性伤害。
171304	1713	4	幽波雷暴·冰	Assets/Product/Texture/Image/IconPetSkill/Pet3SignalSkillzhudong02.png	任意消除6个基础信号球后，会激活辅助机按钮，释放后波灵跃起升到目标上空释放电流，造成4次<color=#FF6347>400%</color>冰属性伤害。
171305	1713	5	幽波雷暴·冰	Assets/Product/Texture/Image/IconPetSkill/Pet3SignalSkillzhudong02.png	任意消除6个基础信号球后，会激活辅助机按钮，释放后波灵跃起升到目标上空释放电流，造成4次<color=#FF6347>500%</color>冰属性伤害。
171401	1714	1	幽波雷暴·雷	Assets/Product/Texture/Image/IconPetSkill/Pet3SignalSkillzhudong03.png	任意消除6个基础信号球后，会激活辅助机按钮，释放后波灵跃起升到目标上空释放电流，造成4次<color=#FF6347>100%</color>雷属性伤害。
171402	1714	2	幽波雷暴·雷	Assets/Product/Texture/Image/IconPetSkill/Pet3SignalSkillzhudong03.png	任意消除6个基础信号球后，会激活辅助机按钮，释放后波灵跃起升到目标上空释放电流，造成4次<color=#FF6347>200%</color>雷属性伤害。
171403	1714	3	幽波雷暴·雷	Assets/Product/Texture/Image/IconPetSkill/Pet3SignalSkillzhudong03.png	任意消除6个基础信号球后，会激活辅助机按钮，释放后波灵跃起升到目标上空释放电流，造成4次<color=#FF6347>300%</color>雷属性伤害。
171404	1714	4	幽波雷暴·雷	Assets/Product/Texture/Image/IconPetSkill/Pet3SignalSkillzhudong03.png	任意消除6个基础信号球后，会激活辅助机按钮，释放后波灵跃起升到目标上空释放电流，造成4次<color=#FF6347>400%</color>雷属性伤害。
171405	1714	5	幽波雷暴·雷	Assets/Product/Texture/Image/IconPetSkill/Pet3SignalSkillzhudong03.png	任意消除6个基础信号球后，会激活辅助机按钮，释放后波灵跃起升到目标上空释放电流，造成4次<color=#FF6347>500%</color>雷属性伤害。
171501	1715	1	幽波雷暴·暗	Assets/Product/Texture/Image/IconPetSkill/Pet3SignalSkillzhudong04.png	任意消除6个基础信号球后，会激活辅助机按钮，释放后波灵跃起升到目标上空释放电流，造成4次<color=#FF6347>100%</color>暗属性伤害。
171502	1715	2	幽波雷暴·暗	Assets/Product/Texture/Image/IconPetSkill/Pet3SignalSkillzhudong04.png	任意消除6个基础信号球后，会激活辅助机按钮，释放后波灵跃起升到目标上空释放电流，造成4次<color=#FF6347>200%</color>暗属性伤害。
171503	1715	3	幽波雷暴·暗	Assets/Product/Texture/Image/IconPetSkill/Pet3SignalSkillzhudong04.png	任意消除6个基础信号球后，会激活辅助机按钮，释放后波灵跃起升到目标上空释放电流，造成4次<color=#FF6347>300%</color>暗属性伤害。
171504	1715	4	幽波雷暴·暗	Assets/Product/Texture/Image/IconPetSkill/Pet3SignalSkillzhudong04.png	任意消除6个基础信号球后，会激活辅助机按钮，释放后波灵跃起升到目标上空释放电流，造成4次<color=#FF6347>400%</color>暗属性伤害。
171505	1715	5	幽波雷暴·暗	Assets/Product/Texture/Image/IconPetSkill/Pet3SignalSkillzhudong04.png	任意消除6个基础信号球后，会激活辅助机按钮，释放后波灵跃起升到目标上空释放电流，造成4次<color=#FF6347>500%</color>暗属性伤害。
171601	1716	1	幽波雷暴·空	Assets/Product/Texture/Image/IconPetSkill/Pet3SignalSkillzhudong06.png	任意消除6个基础信号球后，会激活辅助机按钮，释放后波灵跃起升到目标上空释放电流，造成4次<color=#FF6347>100%</color>空属性伤害。
171602	1716	2	幽波雷暴·空	Assets/Product/Texture/Image/IconPetSkill/Pet3SignalSkillzhudong06.png	任意消除6个基础信号球后，会激活辅助机按钮，释放后波灵跃起升到目标上空释放电流，造成4次<color=#FF6347>200%</color>空属性伤害。
171603	1716	3	幽波雷暴·空	Assets/Product/Texture/Image/IconPetSkill/Pet3SignalSkillzhudong06.png	任意消除6个基础信号球后，会激活辅助机按钮，释放后波灵跃起升到目标上空释放电流，造成4次<color=#FF6347>300%</color>空属性伤害。
171604	1716	4	幽波雷暴·空	Assets/Product/Texture/Image/IconPetSkill/Pet3SignalSkillzhudong06.png	任意消除6个基础信号球后，会激活辅助机按钮，释放后波灵跃起升到目标上空释放电流，造成4次<color=#FF6347>400%</color>空属性伤害。
171605	1716	5	幽波雷暴·空	Assets/Product/Texture/Image/IconPetSkill/Pet3SignalSkillzhudong06.png	任意消除6个基础信号球后，会激活辅助机按钮，释放后波灵跃起升到目标上空释放电流，造成4次<color=#FF6347>500%</color>空属性伤害。
172101	1721	1	浮灵轰投·物	Assets/Product/Texture/Image/IconPetSkill/Pet3SignalSkillzhudong05.png	任意消除6个基础信号球后，会激活辅助机按钮，释放后波灵朝前发射激光并施加聚怪效果，造成4次<color=#FF6347>100%</color>物理伤害。
172102	1721	2	浮灵轰投·物	Assets/Product/Texture/Image/IconPetSkill/Pet3SignalSkillzhudong05.png	任意消除6个基础信号球后，会激活辅助机按钮，释放后波灵朝前发射激光并施加聚怪效果，造成4次<color=#FF6347>200%</color>物理伤害。
172103	1721	3	浮灵轰投·物	Assets/Product/Texture/Image/IconPetSkill/Pet3SignalSkillzhudong05.png	任意消除6个基础信号球后，会激活辅助机按钮，释放后波灵朝前发射激光并施加聚怪效果，造成4次<color=#FF6347>300%</color>物理伤害。
172104	1721	4	浮灵轰投·物	Assets/Product/Texture/Image/IconPetSkill/Pet3SignalSkillzhudong05.png	任意消除6个基础信号球后，会激活辅助机按钮，释放后波灵朝前发射激光并施加聚怪效果，造成4次<color=#FF6347>400%</color>物理伤害。
172105	1721	5	浮灵轰投·物	Assets/Product/Texture/Image/IconPetSkill/Pet3SignalSkillzhudong05.png	任意消除6个基础信号球后，会激活辅助机按钮，释放后波灵朝前发射激光并施加聚怪效果，造成4次<color=#FF6347>500%</color>物理伤害。
172201	1722	1	浮灵轰投·火	Assets/Product/Texture/Image/IconPetSkill/Pet3SignalSkillzhudong01.png	任意消除6个基础信号球后，会激活辅助机按钮，释放后波灵朝前发射激光并施加聚怪效果，造成4次<color=#FF6347>100%</color>火属性伤害。
172202	1722	2	浮灵轰投·火	Assets/Product/Texture/Image/IconPetSkill/Pet3SignalSkillzhudong01.png	任意消除6个基础信号球后，会激活辅助机按钮，释放后波灵朝前发射激光并施加聚怪效果，造成4次<color=#FF6347>200%</color>火属性伤害。
172203	1722	3	浮灵轰投·火	Assets/Product/Texture/Image/IconPetSkill/Pet3SignalSkillzhudong01.png	任意消除6个基础信号球后，会激活辅助机按钮，释放后波灵朝前发射激光并施加聚怪效果，造成4次<color=#FF6347>300%</color>火属性伤害。
172204	1722	4	浮灵轰投·火	Assets/Product/Texture/Image/IconPetSkill/Pet3SignalSkillzhudong01.png	任意消除6个基础信号球后，会激活辅助机按钮，释放后波灵朝前发射激光并施加聚怪效果，造成4次<color=#FF6347>400%</color>火属性伤害。
172205	1722	5	浮灵轰投·火	Assets/Product/Texture/Image/IconPetSkill/Pet3SignalSkillzhudong01.png	任意消除6个基础信号球后，会激活辅助机按钮，释放后波灵朝前发射激光并施加聚怪效果，造成4次<color=#FF6347>500%</color>火属性伤害。
172301	1723	1	浮灵轰投·冰	Assets/Product/Texture/Image/IconPetSkill/Pet3SignalSkillzhudong02.png	任意消除6个基础信号球后，会激活辅助机按钮，释放后波灵朝前发射激光并施加聚怪效果，造成4次<color=#FF6347>100%</color>冰属性伤害。
172302	1723	2	浮灵轰投·冰	Assets/Product/Texture/Image/IconPetSkill/Pet3SignalSkillzhudong02.png	任意消除6个基础信号球后，会激活辅助机按钮，释放后波灵朝前发射激光并施加聚怪效果，造成4次<color=#FF6347>200%</color>冰属性伤害。
172303	1723	3	浮灵轰投·冰	Assets/Product/Texture/Image/IconPetSkill/Pet3SignalSkillzhudong02.png	任意消除6个基础信号球后，会激活辅助机按钮，释放后波灵朝前发射激光并施加聚怪效果，造成4次<color=#FF6347>300%</color>冰属性伤害。
172304	1723	4	浮灵轰投·冰	Assets/Product/Texture/Image/IconPetSkill/Pet3SignalSkillzhudong02.png	任意消除6个基础信号球后，会激活辅助机按钮，释放后波灵朝前发射激光并施加聚怪效果，造成4次<color=#FF6347>400%</color>冰属性伤害。
172305	1723	5	浮灵轰投·冰	Assets/Product/Texture/Image/IconPetSkill/Pet3SignalSkillzhudong02.png	任意消除6个基础信号球后，会激活辅助机按钮，释放后波灵朝前发射激光并施加聚怪效果，造成4次<color=#FF6347>500%</color>冰属性伤害。
172401	1724	1	浮灵轰投·雷	Assets/Product/Texture/Image/IconPetSkill/Pet3SignalSkillzhudong03.png	任意消除6个基础信号球后，会激活辅助机按钮，释放后波灵朝前发射激光并施加聚怪效果，造成4次<color=#FF6347>100%</color>雷属性伤害。
172402	1724	2	浮灵轰投·雷	Assets/Product/Texture/Image/IconPetSkill/Pet3SignalSkillzhudong03.png	任意消除6个基础信号球后，会激活辅助机按钮，释放后波灵朝前发射激光并施加聚怪效果，造成4次<color=#FF6347>200%</color>雷属性伤害。
172403	1724	3	浮灵轰投·雷	Assets/Product/Texture/Image/IconPetSkill/Pet3SignalSkillzhudong03.png	任意消除6个基础信号球后，会激活辅助机按钮，释放后波灵朝前发射激光并施加聚怪效果，造成4次<color=#FF6347>300%</color>雷属性伤害。
172404	1724	4	浮灵轰投·雷	Assets/Product/Texture/Image/IconPetSkill/Pet3SignalSkillzhudong03.png	任意消除6个基础信号球后，会激活辅助机按钮，释放后波灵朝前发射激光并施加聚怪效果，造成4次<color=#FF6347>400%</color>雷属性伤害。
172405	1724	5	浮灵轰投·雷	Assets/Product/Texture/Image/IconPetSkill/Pet3SignalSkillzhudong03.png	任意消除6个基础信号球后，会激活辅助机按钮，释放后波灵朝前发射激光并施加聚怪效果，造成4次<color=#FF6347>500%</color>雷属性伤害。
172501	1725	1	浮灵轰投·暗	Assets/Product/Texture/Image/IconPetSkill/Pet3SignalSkillzhudong04.png	任意消除6个基础信号球后，会激活辅助机按钮，释放后波灵朝前发射激光并施加聚怪效果，造成4次<color=#FF6347>100%</color>暗属性伤害。
172502	1725	2	浮灵轰投·暗	Assets/Product/Texture/Image/IconPetSkill/Pet3SignalSkillzhudong04.png	任意消除6个基础信号球后，会激活辅助机按钮，释放后波灵朝前发射激光并施加聚怪效果，造成4次<color=#FF6347>200%</color>暗属性伤害。
172503	1725	3	浮灵轰投·暗	Assets/Product/Texture/Image/IconPetSkill/Pet3SignalSkillzhudong04.png	任意消除6个基础信号球后，会激活辅助机按钮，释放后波灵朝前发射激光并施加聚怪效果，造成4次<color=#FF6347>300%</color>暗属性伤害。
172504	1725	4	浮灵轰投·暗	Assets/Product/Texture/Image/IconPetSkill/Pet3SignalSkillzhudong04.png	任意消除6个基础信号球后，会激活辅助机按钮，释放后波灵朝前发射激光并施加聚怪效果，造成4次<color=#FF6347>400%</color>暗属性伤害。
172505	1725	5	浮灵轰投·暗	Assets/Product/Texture/Image/IconPetSkill/Pet3SignalSkillzhudong04.png	任意消除6个基础信号球后，会激活辅助机按钮，释放后波灵朝前发射激光并施加聚怪效果，造成4次<color=#FF6347>500%</color>暗属性伤害。
172601	1726	1	浮灵轰投·空	Assets/Product/Texture/Image/IconPetSkill/Pet3SignalSkillzhudong06.png	任意消除6个基础信号球后，会激活辅助机按钮，释放后波灵朝前发射激光并施加聚怪效果，造成4次<color=#FF6347>100%</color>空属性伤害。
172602	1726	2	浮灵轰投·空	Assets/Product/Texture/Image/IconPetSkill/Pet3SignalSkillzhudong06.png	任意消除6个基础信号球后，会激活辅助机按钮，释放后波灵朝前发射激光并施加聚怪效果，造成4次<color=#FF6347>200%</color>空属性伤害。
172603	1726	3	浮灵轰投·空	Assets/Product/Texture/Image/IconPetSkill/Pet3SignalSkillzhudong06.png	任意消除6个基础信号球后，会激活辅助机按钮，释放后波灵朝前发射激光并施加聚怪效果，造成4次<color=#FF6347>300%</color>空属性伤害。
172604	1726	4	浮灵轰投·空	Assets/Product/Texture/Image/IconPetSkill/Pet3SignalSkillzhudong06.png	任意消除6个基础信号球后，会激活辅助机按钮，释放后波灵朝前发射激光并施加聚怪效果，造成4次<color=#FF6347>400%</color>空属性伤害。
172605	1726	5	浮灵轰投·空	Assets/Product/Texture/Image/IconPetSkill/Pet3SignalSkillzhudong06.png	任意消除6个基础信号球后，会激活辅助机按钮，释放后波灵朝前发射激光并施加聚怪效果，造成4次<color=#FF6347>500%</color>空属性伤害。
8500001	85000	1	信号增幅	Assets/Product/Texture/Image/IconPetSkill/Pet3SignalSkillbeidong01.png	波灵主动技伤害提高<color=#0f70bc>14%</color>。
8500002	85000	2	信号增幅	Assets/Product/Texture/Image/IconPetSkill/Pet3SignalSkillbeidong01.png	波灵主动技伤害提高<color=#0f70bc>28%</color>。
8500003	85000	3	信号增幅	Assets/Product/Texture/Image/IconPetSkill/Pet3SignalSkillbeidong01.png	波灵主动技伤害提高<color=#0f70bc>42%</color>。
8500004	85000	4	信号增幅	Assets/Product/Texture/Image/IconPetSkill/Pet3SignalSkillbeidong01.png	波灵主动技伤害提高<color=#0f70bc>56%</color>。
8500005	85000	5	信号增幅	Assets/Product/Texture/Image/IconPetSkill/Pet3SignalSkillbeidong01.png	波灵主动技伤害提高<color=#0f70bc>70%</color>。
8501001	85010	1	磁频共鸣	Assets/Product/Texture/Image/IconPetSkill/Pet3SignalSkillbeidong02.png	携带角色攻击力提高<color=#0f70bc>20</color>。
8501002	85010	2	磁频共鸣	Assets/Product/Texture/Image/IconPetSkill/Pet3SignalSkillbeidong02.png	携带角色攻击力提高<color=#0f70bc>40</color>。
8501003	85010	3	磁频共鸣	Assets/Product/Texture/Image/IconPetSkill/Pet3SignalSkillbeidong02.png	携带角色攻击力提高<color=#0f70bc>60</color>。
8501004	85010	4	磁频共鸣	Assets/Product/Texture/Image/IconPetSkill/Pet3SignalSkillbeidong02.png	携带角色攻击力提高<color=#0f70bc>80</color>。
8501005	85010	5	磁频共鸣	Assets/Product/Texture/Image/IconPetSkill/Pet3SignalSkillbeidong02.png	携带角色攻击力提高<color=#0f70bc>100</color>。
8502001	85020	1	哔哔余震	Assets/Product/Texture/Image/IconPetSkill/Pet3SignalSkillbeidong03.png	波灵释放主动技后，携带角色额外伤害加成提高<color=#0f70bc>1%</color>，持续8秒，重复触发刷新持续时间。
8502002	85020	2	哔哔余震	Assets/Product/Texture/Image/IconPetSkill/Pet3SignalSkillbeidong03.png	波灵释放主动技后，携带角色额外伤害加成提高<color=#0f70bc>2%</color>，持续8秒，重复触发刷新持续时间。
8502003	85020	3	哔哔余震	Assets/Product/Texture/Image/IconPetSkill/Pet3SignalSkillbeidong03.png	波灵释放主动技后，携带角色额外伤害加成提高<color=#0f70bc>3%</color>，持续8秒，重复触发刷新持续时间。
8502004	85020	4	哔哔余震	Assets/Product/Texture/Image/IconPetSkill/Pet3SignalSkillbeidong03.png	波灵释放主动技后，携带角色额外伤害加成提高<color=#0f70bc>4%</color>，持续8秒，重复触发刷新持续时间。
8502005	85020	5	哔哔余震	Assets/Product/Texture/Image/IconPetSkill/Pet3SignalSkillbeidong03.png	波灵释放主动技后，携带角色额外伤害加成提高<color=#0f70bc>5%</color>，持续8秒，重复触发刷新持续时间。
8503001	85030	1	电波漫游	Assets/Product/Texture/Image/IconPetSkill/Pet3SignalSkillbeidong04.png	携带角色暗属性伤害提高<color=#0f70bc>2%</color>。<color=#0f70bc>真意值大于等于1</color>时，物理伤害提高<color=#0f70bc>2%</color>。
8503002	85030	2	电波漫游	Assets/Product/Texture/Image/IconPetSkill/Pet3SignalSkillbeidong04.png	携带角色暗属性伤害提高<color=#0f70bc>4%</color>。<color=#0f70bc>真意值大于等于1</color>时，物理伤害提高<color=#0f70bc>4%</color>。
8503003	85030	3	电波漫游	Assets/Product/Texture/Image/IconPetSkill/Pet3SignalSkillbeidong04.png	携带角色暗属性伤害提高<color=#0f70bc>6%</color>。<color=#0f70bc>真意值大于等于1</color>时，物理伤害提高<color=#0f70bc>6%</color>。
8503004	85030	4	电波漫游	Assets/Product/Texture/Image/IconPetSkill/Pet3SignalSkillbeidong04.png	携带角色暗属性伤害提高<color=#0f70bc>8%</color>。<color=#0f70bc>真意值大于等于1</color>时，物理伤害提高<color=#0f70bc>8%</color>。
8503005	85030	5	电波漫游	Assets/Product/Texture/Image/IconPetSkill/Pet3SignalSkillbeidong04.png	携带角色暗属性伤害提高<color=#0f70bc>10%</color>。<color=#0f70bc>真意值大于等于1</color>时，物理伤害提高<color=#0f70bc>10%</color>。
8504001	85040	1	超载同调	Assets/Product/Texture/Image/IconPetSkill/Pet3SignalSkillbeidong05.png	罗塞塔·极锋携带波灵释放消耗<color=#D91414>轻量链接</color>的<color=#D91414>直刃破</color>、<color=#D91414>横刃斩</color>、<color=#D91414>朔刃截</color>及消耗<color=#D91414>覆态馈赠</color>的<color=#D91414>游弋剿猎</color>、<color=#D91414>统御视野</color>、<color=#D91414>核心震动</color>时，召唤波灵协同攻击，造成4次<color=#0f70bc>150%</color>的暗属性伤害；释放<color=#0f70bc>双身肃转</color>时自身攻击力提升<color=#0f70bc>4%</color>，持续5秒，重复触发刷新持续时间。
8504002	85040	2	超载同调	Assets/Product/Texture/Image/IconPetSkill/Pet3SignalSkillbeidong05.png	罗塞塔·极锋携带波灵释放消耗<color=#D91414>轻量链接</color>的<color=#D91414>直刃破</color>、<color=#D91414>横刃斩</color>、<color=#D91414>朔刃截</color>及消耗<color=#D91414>覆态馈赠</color>的<color=#D91414>游弋剿猎</color>、<color=#D91414>统御视野</color>、<color=#D91414>核心震动</color>时，召唤波灵协同攻击，造成4次<color=#0f70bc>300%</color>的暗属性伤害；释放<color=#0f70bc>双身肃转</color>时自身攻击力提升<color=#0f70bc>8%</color>，持续5秒，重复触发刷新持续时间。
8504003	85040	3	超载同调	Assets/Product/Texture/Image/IconPetSkill/Pet3SignalSkillbeidong05.png	罗塞塔·极锋携带波灵释放消耗<color=#D91414>轻量链接</color>的<color=#D91414>直刃破</color>、<color=#D91414>横刃斩</color>、<color=#D91414>朔刃截</color>及消耗<color=#D91414>覆态馈赠</color>的<color=#D91414>游弋剿猎</color>、<color=#D91414>统御视野</color>、<color=#D91414>核心震动</color>时，召唤波灵协同攻击，造成4次<color=#0f70bc>450%</color>的暗属性伤害；释放<color=#0f70bc>双身肃转</color>时自身攻击力提升<color=#0f70bc>12%</color>，持续5秒，重复触发刷新持续时间。
8504004	85040	4	超载同调	Assets/Product/Texture/Image/IconPetSkill/Pet3SignalSkillbeidong05.png	罗塞塔·极锋携带波灵释放消耗<color=#D91414>轻量链接</color>的<color=#D91414>直刃破</color>、<color=#D91414>横刃斩</color>、<color=#D91414>朔刃截</color>及消耗<color=#D91414>覆态馈赠</color>的<color=#D91414>游弋剿猎</color>、<color=#D91414>统御视野</color>、<color=#D91414>核心震动</color>时，召唤波灵协同攻击，造成4次<color=#0f70bc>600%</color>的暗属性伤害；释放<color=#0f70bc>双身肃转</color>时自身攻击力提升<color=#0f70bc>16%</color>，持续5秒，重复触发刷新持续时间。
8504005	85040	5	超载同调	Assets/Product/Texture/Image/IconPetSkill/Pet3SignalSkillbeidong05.png	罗塞塔·极锋携带波灵释放消耗<color=#D91414>轻量链接</color>的<color=#D91414>直刃破</color>、<color=#D91414>横刃斩</color>、<color=#D91414>朔刃截</color>及消耗<color=#D91414>覆态馈赠</color>的<color=#D91414>游弋剿猎</color>、<color=#D91414>统御视野</color>、<color=#D91414>核心震动</color>时，召唤波灵协同攻击，造成4次<color=#0f70bc>750%</color>的暗属性伤害；释放<color=#0f70bc>双身肃转</color>时自身攻击力提升<color=#0f70bc>20%</color>，持续5秒，重复触发刷新持续时间。
173101	1731	1	乌翎敕令·物	Assets/Product/Texture/Image/IconPetSkill/Pet3CrowSkillzhudong05.png	任意消除6个基础信号球后，会激活辅助机按钮，释放后摩利甘扇出羽毛攻击，造成8次<color=#FF6347>50%</color>物理伤害。
173102	1731	2	乌翎敕令·物	Assets/Product/Texture/Image/IconPetSkill/Pet3CrowSkillzhudong05.png	任意消除6个基础信号球后，会激活辅助机按钮，释放后摩利甘扇出羽毛攻击，造成8次<color=#FF6347>100%</color>物理伤害。
173103	1731	3	乌翎敕令·物	Assets/Product/Texture/Image/IconPetSkill/Pet3CrowSkillzhudong05.png	任意消除6个基础信号球后，会激活辅助机按钮，释放后摩利甘扇出羽毛攻击，造成8次<color=#FF6347>150%</color>物理伤害。
173104	1731	4	乌翎敕令·物	Assets/Product/Texture/Image/IconPetSkill/Pet3CrowSkillzhudong05.png	任意消除6个基础信号球后，会激活辅助机按钮，释放后摩利甘扇出羽毛攻击，造成8次<color=#FF6347>200%</color>物理伤害。
173105	1731	5	乌翎敕令·物	Assets/Product/Texture/Image/IconPetSkill/Pet3CrowSkillzhudong05.png	任意消除6个基础信号球后，会激活辅助机按钮，释放后摩利甘扇出羽毛攻击，造成8次<color=#FF6347>250%</color>物理伤害。
173201	1732	1	乌翎敕令·火	Assets/Product/Texture/Image/IconPetSkill/Pet3CrowSkillzhudong01.png	任意消除6个基础信号球后，会激活辅助机按钮，释放后摩利甘扇出羽毛攻击，造成8次<color=#FF6347>50%</color>火属性伤害。
173202	1732	2	乌翎敕令·火	Assets/Product/Texture/Image/IconPetSkill/Pet3CrowSkillzhudong01.png	任意消除6个基础信号球后，会激活辅助机按钮，释放后摩利甘扇出羽毛攻击，造成8次<color=#FF6347>100%</color>火属性伤害。
173203	1732	3	乌翎敕令·火	Assets/Product/Texture/Image/IconPetSkill/Pet3CrowSkillzhudong01.png	任意消除6个基础信号球后，会激活辅助机按钮，释放后摩利甘扇出羽毛攻击，造成8次<color=#FF6347>150%</color>火属性伤害。
173204	1732	4	乌翎敕令·火	Assets/Product/Texture/Image/IconPetSkill/Pet3CrowSkillzhudong01.png	任意消除6个基础信号球后，会激活辅助机按钮，释放后摩利甘扇出羽毛攻击，造成8次<color=#FF6347>200%</color>火属性伤害。
173205	1732	5	乌翎敕令·火	Assets/Product/Texture/Image/IconPetSkill/Pet3CrowSkillzhudong01.png	任意消除6个基础信号球后，会激活辅助机按钮，释放后摩利甘扇出羽毛攻击，造成8次<color=#FF6347>250%</color>火属性伤害。
173301	1733	1	乌翎敕令·冰	Assets/Product/Texture/Image/IconPetSkill/Pet3CrowSkillzhudong02.png	任意消除6个基础信号球后，会激活辅助机按钮，释放后摩利甘扇出羽毛攻击，造成8次<color=#FF6347>50%</color>冰属性伤害。
173302	1733	2	乌翎敕令·冰	Assets/Product/Texture/Image/IconPetSkill/Pet3CrowSkillzhudong02.png	任意消除6个基础信号球后，会激活辅助机按钮，释放后摩利甘扇出羽毛攻击，造成8次<color=#FF6347>100%</color>冰属性伤害。
173303	1733	3	乌翎敕令·冰	Assets/Product/Texture/Image/IconPetSkill/Pet3CrowSkillzhudong02.png	任意消除6个基础信号球后，会激活辅助机按钮，释放后摩利甘扇出羽毛攻击，造成8次<color=#FF6347>150%</color>冰属性伤害。
173304	1733	4	乌翎敕令·冰	Assets/Product/Texture/Image/IconPetSkill/Pet3CrowSkillzhudong02.png	任意消除6个基础信号球后，会激活辅助机按钮，释放后摩利甘扇出羽毛攻击，造成8次<color=#FF6347>200%</color>冰属性伤害。
173305	1733	5	乌翎敕令·冰	Assets/Product/Texture/Image/IconPetSkill/Pet3CrowSkillzhudong02.png	任意消除6个基础信号球后，会激活辅助机按钮，释放后摩利甘扇出羽毛攻击，造成8次<color=#FF6347>250%</color>冰属性伤害。
173401	1734	1	乌翎敕令·雷	Assets/Product/Texture/Image/IconPetSkill/Pet3CrowSkillzhudong03.png	任意消除6个基础信号球后，会激活辅助机按钮，释放后摩利甘扇出羽毛攻击，造成8次<color=#FF6347>50%</color>雷属性伤害。
173402	1734	2	乌翎敕令·雷	Assets/Product/Texture/Image/IconPetSkill/Pet3CrowSkillzhudong03.png	任意消除6个基础信号球后，会激活辅助机按钮，释放后摩利甘扇出羽毛攻击，造成8次<color=#FF6347>100%</color>雷属性伤害。
173403	1734	3	乌翎敕令·雷	Assets/Product/Texture/Image/IconPetSkill/Pet3CrowSkillzhudong03.png	任意消除6个基础信号球后，会激活辅助机按钮，释放后摩利甘扇出羽毛攻击，造成8次<color=#FF6347>150%</color>雷属性伤害。
173404	1734	4	乌翎敕令·雷	Assets/Product/Texture/Image/IconPetSkill/Pet3CrowSkillzhudong03.png	任意消除6个基础信号球后，会激活辅助机按钮，释放后摩利甘扇出羽毛攻击，造成8次<color=#FF6347>200%</color>雷属性伤害。
173405	1734	5	乌翎敕令·雷	Assets/Product/Texture/Image/IconPetSkill/Pet3CrowSkillzhudong03.png	任意消除6个基础信号球后，会激活辅助机按钮，释放后摩利甘扇出羽毛攻击，造成8次<color=#FF6347>250%</color>雷属性伤害。
173501	1735	1	乌翎敕令·暗	Assets/Product/Texture/Image/IconPetSkill/Pet3CrowSkillzhudong04.png	任意消除6个基础信号球后，会激活辅助机按钮，释放后摩利甘扇出羽毛攻击，造成8次<color=#FF6347>50%</color>暗属性伤害。
173502	1735	2	乌翎敕令·暗	Assets/Product/Texture/Image/IconPetSkill/Pet3CrowSkillzhudong04.png	任意消除6个基础信号球后，会激活辅助机按钮，释放后摩利甘扇出羽毛攻击，造成8次<color=#FF6347>100%</color>暗属性伤害。
173503	1735	3	乌翎敕令·暗	Assets/Product/Texture/Image/IconPetSkill/Pet3CrowSkillzhudong04.png	任意消除6个基础信号球后，会激活辅助机按钮，释放后摩利甘扇出羽毛攻击，造成8次<color=#FF6347>150%</color>暗属性伤害。
173504	1735	4	乌翎敕令·暗	Assets/Product/Texture/Image/IconPetSkill/Pet3CrowSkillzhudong04.png	任意消除6个基础信号球后，会激活辅助机按钮，释放后摩利甘扇出羽毛攻击，造成8次<color=#FF6347>200%</color>暗属性伤害。
173505	1735	5	乌翎敕令·暗	Assets/Product/Texture/Image/IconPetSkill/Pet3CrowSkillzhudong04.png	任意消除6个基础信号球后，会激活辅助机按钮，释放后摩利甘扇出羽毛攻击，造成8次<color=#FF6347>250%</color>暗属性伤害。
173601	1736	1	乌翎敕令·空	Assets/Product/Texture/Image/IconPetSkill/Pet3CrowSkillzhudong06.png	任意消除6个基础信号球后，会激活辅助机按钮，释放后摩利甘扇出羽毛攻击，造成8次<color=#FF6347>50%</color>空属性伤害。
173602	1736	2	乌翎敕令·空	Assets/Product/Texture/Image/IconPetSkill/Pet3CrowSkillzhudong06.png	任意消除6个基础信号球后，会激活辅助机按钮，释放后摩利甘扇出羽毛攻击，造成8次<color=#FF6347>100%</color>空属性伤害。
173603	1736	3	乌翎敕令·空	Assets/Product/Texture/Image/IconPetSkill/Pet3CrowSkillzhudong06.png	任意消除6个基础信号球后，会激活辅助机按钮，释放后摩利甘扇出羽毛攻击，造成8次<color=#FF6347>150%</color>空属性伤害。
173604	1736	4	乌翎敕令·空	Assets/Product/Texture/Image/IconPetSkill/Pet3CrowSkillzhudong06.png	任意消除6个基础信号球后，会激活辅助机按钮，释放后摩利甘扇出羽毛攻击，造成8次<color=#FF6347>200%</color>空属性伤害。
173605	1736	5	乌翎敕令·空	Assets/Product/Texture/Image/IconPetSkill/Pet3CrowSkillzhudong06.png	任意消除6个基础信号球后，会激活辅助机按钮，释放后摩利甘扇出羽毛攻击，造成8次<color=#FF6347>250%</color>空属性伤害。
174101	1741	1	翼息归葬·物	Assets/Product/Texture/Image/IconPetSkill/Pet3CrowSkillzhudong05.png	任意消除6个基础信号球后，会激活辅助机按钮，释放后摩利甘使用气流攻击并施加聚怪效果，造成8次<color=#FF6347>50%</color>物理伤害。
174102	1741	2	翼息归葬·物	Assets/Product/Texture/Image/IconPetSkill/Pet3CrowSkillzhudong05.png	任意消除6个基础信号球后，会激活辅助机按钮，释放后摩利甘使用气流攻击并施加聚怪效果，造成8次<color=#FF6347>100%</color>物理伤害。
174103	1741	3	翼息归葬·物	Assets/Product/Texture/Image/IconPetSkill/Pet3CrowSkillzhudong05.png	任意消除6个基础信号球后，会激活辅助机按钮，释放后摩利甘使用气流攻击并施加聚怪效果，造成8次<color=#FF6347>150%</color>物理伤害。
174104	1741	4	翼息归葬·物	Assets/Product/Texture/Image/IconPetSkill/Pet3CrowSkillzhudong05.png	任意消除6个基础信号球后，会激活辅助机按钮，释放后摩利甘使用气流攻击并施加聚怪效果，造成8次<color=#FF6347>200%</color>物理伤害。
174105	1741	5	翼息归葬·物	Assets/Product/Texture/Image/IconPetSkill/Pet3CrowSkillzhudong05.png	任意消除6个基础信号球后，会激活辅助机按钮，释放后摩利甘使用气流攻击并施加聚怪效果，造成8次<color=#FF6347>250%</color>物理伤害。
174201	1742	1	翼息归葬·火	Assets/Product/Texture/Image/IconPetSkill/Pet3CrowSkillzhudong01.png	任意消除6个基础信号球后，会激活辅助机按钮，释放后摩利甘使用气流攻击并施加聚怪效果，造成8次<color=#FF6347>50%</color>火属性伤害。
174202	1742	2	翼息归葬·火	Assets/Product/Texture/Image/IconPetSkill/Pet3CrowSkillzhudong01.png	任意消除6个基础信号球后，会激活辅助机按钮，释放后摩利甘使用气流攻击并施加聚怪效果，造成8次<color=#FF6347>100%</color>火属性伤害。
174203	1742	3	翼息归葬·火	Assets/Product/Texture/Image/IconPetSkill/Pet3CrowSkillzhudong01.png	任意消除6个基础信号球后，会激活辅助机按钮，释放后摩利甘使用气流攻击并施加聚怪效果，造成8次<color=#FF6347>150%</color>火属性伤害。
174204	1742	4	翼息归葬·火	Assets/Product/Texture/Image/IconPetSkill/Pet3CrowSkillzhudong01.png	任意消除6个基础信号球后，会激活辅助机按钮，释放后摩利甘使用气流攻击并施加聚怪效果，造成8次<color=#FF6347>200%</color>火属性伤害。
174205	1742	5	翼息归葬·火	Assets/Product/Texture/Image/IconPetSkill/Pet3CrowSkillzhudong01.png	任意消除6个基础信号球后，会激活辅助机按钮，释放后摩利甘使用气流攻击并施加聚怪效果，造成8次<color=#FF6347>250%</color>火属性伤害。
174301	1743	1	翼息归葬·冰	Assets/Product/Texture/Image/IconPetSkill/Pet3CrowSkillzhudong02.png	任意消除6个基础信号球后，会激活辅助机按钮，释放后摩利甘使用气流攻击并施加聚怪效果，造成8次<color=#FF6347>50%</color>冰属性伤害。
174302	1743	2	翼息归葬·冰	Assets/Product/Texture/Image/IconPetSkill/Pet3CrowSkillzhudong02.png	任意消除6个基础信号球后，会激活辅助机按钮，释放后摩利甘使用气流攻击并施加聚怪效果，造成8次<color=#FF6347>100%</color>冰属性伤害。
174303	1743	3	翼息归葬·冰	Assets/Product/Texture/Image/IconPetSkill/Pet3CrowSkillzhudong02.png	任意消除6个基础信号球后，会激活辅助机按钮，释放后摩利甘使用气流攻击并施加聚怪效果，造成8次<color=#FF6347>150%</color>冰属性伤害。
174304	1743	4	翼息归葬·冰	Assets/Product/Texture/Image/IconPetSkill/Pet3CrowSkillzhudong02.png	任意消除6个基础信号球后，会激活辅助机按钮，释放后摩利甘使用气流攻击并施加聚怪效果，造成8次<color=#FF6347>200%</color>冰属性伤害。
174305	1743	5	翼息归葬·冰	Assets/Product/Texture/Image/IconPetSkill/Pet3CrowSkillzhudong02.png	任意消除6个基础信号球后，会激活辅助机按钮，释放后摩利甘使用气流攻击并施加聚怪效果，造成8次<color=#FF6347>250%</color>冰属性伤害。
174401	1744	1	翼息归葬·雷	Assets/Product/Texture/Image/IconPetSkill/Pet3CrowSkillzhudong03.png	任意消除6个基础信号球后，会激活辅助机按钮，释放后摩利甘使用气流攻击并施加聚怪效果，造成8次<color=#FF6347>50%</color>雷属性伤害。
174402	1744	2	翼息归葬·雷	Assets/Product/Texture/Image/IconPetSkill/Pet3CrowSkillzhudong03.png	任意消除6个基础信号球后，会激活辅助机按钮，释放后摩利甘使用气流攻击并施加聚怪效果，造成8次<color=#FF6347>100%</color>雷属性伤害。
174403	1744	3	翼息归葬·雷	Assets/Product/Texture/Image/IconPetSkill/Pet3CrowSkillzhudong03.png	任意消除6个基础信号球后，会激活辅助机按钮，释放后摩利甘使用气流攻击并施加聚怪效果，造成8次<color=#FF6347>150%</color>雷属性伤害。
174404	1744	4	翼息归葬·雷	Assets/Product/Texture/Image/IconPetSkill/Pet3CrowSkillzhudong03.png	任意消除6个基础信号球后，会激活辅助机按钮，释放后摩利甘使用气流攻击并施加聚怪效果，造成8次<color=#FF6347>200%</color>雷属性伤害。
174405	1744	5	翼息归葬·雷	Assets/Product/Texture/Image/IconPetSkill/Pet3CrowSkillzhudong03.png	任意消除6个基础信号球后，会激活辅助机按钮，释放后摩利甘使用气流攻击并施加聚怪效果，造成8次<color=#FF6347>250%</color>雷属性伤害。
174501	1745	1	翼息归葬·暗	Assets/Product/Texture/Image/IconPetSkill/Pet3CrowSkillzhudong04.png	任意消除6个基础信号球后，会激活辅助机按钮，释放后摩利甘使用气流攻击并施加聚怪效果，造成8次<color=#FF6347>50%</color>暗属性伤害。
174502	1745	2	翼息归葬·暗	Assets/Product/Texture/Image/IconPetSkill/Pet3CrowSkillzhudong04.png	任意消除6个基础信号球后，会激活辅助机按钮，释放后摩利甘使用气流攻击并施加聚怪效果，造成8次<color=#FF6347>100%</color>暗属性伤害。
174503	1745	3	翼息归葬·暗	Assets/Product/Texture/Image/IconPetSkill/Pet3CrowSkillzhudong04.png	任意消除6个基础信号球后，会激活辅助机按钮，释放后摩利甘使用气流攻击并施加聚怪效果，造成8次<color=#FF6347>150%</color>暗属性伤害。
174504	1745	4	翼息归葬·暗	Assets/Product/Texture/Image/IconPetSkill/Pet3CrowSkillzhudong04.png	任意消除6个基础信号球后，会激活辅助机按钮，释放后摩利甘使用气流攻击并施加聚怪效果，造成8次<color=#FF6347>200%</color>暗属性伤害。
174505	1745	5	翼息归葬·暗	Assets/Product/Texture/Image/IconPetSkill/Pet3CrowSkillzhudong04.png	任意消除6个基础信号球后，会激活辅助机按钮，释放后摩利甘使用气流攻击并施加聚怪效果，造成8次<color=#FF6347>250%</color>暗属性伤害。
174601	1746	1	翼息归葬·空	Assets/Product/Texture/Image/IconPetSkill/Pet3CrowSkillzhudong06.png	任意消除6个基础信号球后，会激活辅助机按钮，释放后摩利甘使用气流攻击并施加聚怪效果，造成8次<color=#FF6347>50%</color>空属性伤害。
174602	1746	2	翼息归葬·空	Assets/Product/Texture/Image/IconPetSkill/Pet3CrowSkillzhudong06.png	任意消除6个基础信号球后，会激活辅助机按钮，释放后摩利甘使用气流攻击并施加聚怪效果，造成8次<color=#FF6347>100%</color>空属性伤害。
174603	1746	3	翼息归葬·空	Assets/Product/Texture/Image/IconPetSkill/Pet3CrowSkillzhudong06.png	任意消除6个基础信号球后，会激活辅助机按钮，释放后摩利甘使用气流攻击并施加聚怪效果，造成8次<color=#FF6347>150%</color>空属性伤害。
174604	1746	4	翼息归葬·空	Assets/Product/Texture/Image/IconPetSkill/Pet3CrowSkillzhudong06.png	任意消除6个基础信号球后，会激活辅助机按钮，释放后摩利甘使用气流攻击并施加聚怪效果，造成8次<color=#FF6347>200%</color>空属性伤害。
174605	1746	5	翼息归葬·空	Assets/Product/Texture/Image/IconPetSkill/Pet3CrowSkillzhudong06.png	任意消除6个基础信号球后，会激活辅助机按钮，释放后摩利甘使用气流攻击并施加聚怪效果，造成8次<color=#FF6347>250%</color>空属性伤害。
8600001	86000	1	兆凶	Assets/Product/Texture/Image/IconPetSkill/Pet3CrowSkillbeidong01.png	摩利甘主动技伤害提高<color=#0f70bc>14%</color>。
8600002	86000	2	兆凶	Assets/Product/Texture/Image/IconPetSkill/Pet3CrowSkillbeidong01.png	摩利甘主动技伤害提高<color=#0f70bc>28%</color>。
8600003	86000	3	兆凶	Assets/Product/Texture/Image/IconPetSkill/Pet3CrowSkillbeidong01.png	摩利甘主动技伤害提高<color=#0f70bc>42%</color>。
8600004	86000	4	兆凶	Assets/Product/Texture/Image/IconPetSkill/Pet3CrowSkillbeidong01.png	摩利甘主动技伤害提高<color=#0f70bc>56%</color>。
8600005	86000	5	兆凶	Assets/Product/Texture/Image/IconPetSkill/Pet3CrowSkillbeidong01.png	摩利甘主动技伤害提高<color=#0f70bc>70%</color>。
8601001	86010	1	栖影	Assets/Product/Texture/Image/IconPetSkill/Pet3DolphinSkillbeidong02.png	携带角色攻击力提高<color=#0f70bc>20</color>。
8601002	86010	2	栖影	Assets/Product/Texture/Image/IconPetSkill/Pet3DolphinSkillbeidong02.png	携带角色攻击力提高<color=#0f70bc>40</color>。
8601003	86010	3	栖影	Assets/Product/Texture/Image/IconPetSkill/Pet3DolphinSkillbeidong02.png	携带角色攻击力提高<color=#0f70bc>60</color>。
8601004	86010	4	栖影	Assets/Product/Texture/Image/IconPetSkill/Pet3DolphinSkillbeidong02.png	携带角色攻击力提高<color=#0f70bc>80</color>。
8601005	86010	5	栖影	Assets/Product/Texture/Image/IconPetSkill/Pet3DolphinSkillbeidong02.png	携带角色攻击力提高<color=#0f70bc>100</color>。
8602001	86020	1	喙应	Assets/Product/Texture/Image/IconPetSkill/Pet3CrowSkillbeidong03.png	摩利甘释放主动技后，携带角色额外伤害加成提高<color=#0f70bc>1%</color>，持续8秒，重复触发刷新持续时间。
8602002	86020	2	喙应	Assets/Product/Texture/Image/IconPetSkill/Pet3CrowSkillbeidong03.png	摩利甘释放主动技后，携带角色额外伤害加成提高<color=#0f70bc>2%</color>，持续8秒，重复触发刷新持续时间。
8602003	86020	3	喙应	Assets/Product/Texture/Image/IconPetSkill/Pet3CrowSkillbeidong03.png	摩利甘释放主动技后，携带角色额外伤害加成提高<color=#0f70bc>3%</color>，持续8秒，重复触发刷新持续时间。
8602004	86020	4	喙应	Assets/Product/Texture/Image/IconPetSkill/Pet3CrowSkillbeidong03.png	摩利甘释放主动技后，携带角色额外伤害加成提高<color=#0f70bc>4%</color>，持续8秒，重复触发刷新持续时间。
8602005	86020	5	喙应	Assets/Product/Texture/Image/IconPetSkill/Pet3CrowSkillbeidong03.png	摩利甘释放主动技后，携带角色额外伤害加成提高<color=#0f70bc>5%</color>，持续8秒，重复触发刷新持续时间。
8603001	86030	1	引魂	Assets/Product/Texture/Image/IconPetSkill/Pet3CrowSkillbeidong04.png	携带角色空属性伤害提高<color=#0f70bc>2%</color>。
8603002	86030	2	引魂	Assets/Product/Texture/Image/IconPetSkill/Pet3CrowSkillbeidong04.png	携带角色空属性伤害提高<color=#0f70bc>4%</color>。
8603003	86030	3	引魂	Assets/Product/Texture/Image/IconPetSkill/Pet3CrowSkillbeidong04.png	携带角色空属性伤害提高<color=#0f70bc>6%</color>。
8603004	86030	4	引魂	Assets/Product/Texture/Image/IconPetSkill/Pet3CrowSkillbeidong04.png	携带角色空属性伤害提高<color=#0f70bc>8%</color>。
8603005	86030	5	引魂	Assets/Product/Texture/Image/IconPetSkill/Pet3CrowSkillbeidong04.png	携带角色空属性伤害提高<color=#0f70bc>10%</color>。
8604001	86040	1	荒径共行	Assets/Product/Texture/Image/IconPetSkill/Pet3CrowSkillbeidong05.png	涅缇娅携带摩利甘释放<color=#D91414>绞刑幽灵</color>时，召唤摩利甘协同攻击，分别造成5次<color=#0f70bc>125%</color>空属性伤害。释放<color=#0f70bc>夺心一吻</color>时自身攻击力提升<color=#0f70bc>8%</color>，持续8秒，重复触发刷新持续时间。
8604002	86040	2	荒径共行	Assets/Product/Texture/Image/IconPetSkill/Pet3CrowSkillbeidong05.png	涅缇娅携带摩利甘释放<color=#D91414>绞刑幽灵</color>时，召唤摩利甘协同攻击，分别造成5次<color=#0f70bc>250%</color>空属性伤害。释放<color=#0f70bc>夺心一吻</color>时自身攻击力提升<color=#0f70bc>16%</color>，持续8秒，重复触发刷新持续时间。
8604003	86040	3	荒径共行	Assets/Product/Texture/Image/IconPetSkill/Pet3CrowSkillbeidong05.png	涅缇娅携带摩利甘释放<color=#D91414>绞刑幽灵</color>时，召唤摩利甘协同攻击，分别造成5次<color=#0f70bc>375%</color>空属性伤害。释放<color=#0f70bc>夺心一吻</color>时自身攻击力提升<color=#0f70bc>24%</color>，持续8秒，重复触发刷新持续时间。
8604004	86040	4	荒径共行	Assets/Product/Texture/Image/IconPetSkill/Pet3CrowSkillbeidong05.png	涅缇娅携带摩利甘释放<color=#D91414>绞刑幽灵</color>时，召唤摩利甘协同攻击，分别造成5次<color=#0f70bc>500%</color>空属性伤害。释放<color=#0f70bc>夺心一吻</color>时自身攻击力提升<color=#0f70bc>32%</color>，持续8秒，重复触发刷新持续时间。
8604005	86040	5	荒径共行	Assets/Product/Texture/Image/IconPetSkill/Pet3CrowSkillbeidong05.png	涅缇娅携带摩利甘释放<color=#D91414>绞刑幽灵</color>时，召唤摩利甘协同攻击，分别造成5次<color=#0f70bc>625%</color>空属性伤害。释放<color=#0f70bc>夺心一吻</color>时自身攻击力提升<color=#0f70bc>40%</color>，持续8秒，重复触发刷新持续时间。
175101	1751	1	狮心统召·物	Assets/Product/Texture/Image/IconPetSkill/Pet3GoldenLionSkillzhudong05.png	任意消除6个基础信号球后，会激活辅助机按钮，释放后焰燧会凝聚火球，并施加聚怪效果，造成3次<color=#FF6347>130%</color>物理伤害。
175102	1751	2	狮心统召·物	Assets/Product/Texture/Image/IconPetSkill/Pet3GoldenLionSkillzhudong05.png	任意消除6个基础信号球后，会激活辅助机按钮，释放后焰燧会凝聚火球，并施加聚怪效果，造成3次<color=#FF6347>260%</color>物理伤害。
175103	1751	3	狮心统召·物	Assets/Product/Texture/Image/IconPetSkill/Pet3GoldenLionSkillzhudong05.png	任意消除6个基础信号球后，会激活辅助机按钮，释放后焰燧会凝聚火球，并施加聚怪效果，造成3次<color=#FF6347>390%</color>物理伤害。
175104	1751	4	狮心统召·物	Assets/Product/Texture/Image/IconPetSkill/Pet3GoldenLionSkillzhudong05.png	任意消除6个基础信号球后，会激活辅助机按钮，释放后焰燧会凝聚火球，并施加聚怪效果，造成3次<color=#FF6347>520%</color>物理伤害。
175105	1751	5	狮心统召·物	Assets/Product/Texture/Image/IconPetSkill/Pet3GoldenLionSkillzhudong05.png	任意消除6个基础信号球后，会激活辅助机按钮，释放后焰燧会凝聚火球，并施加聚怪效果，造成3次<color=#FF6347>650%</color>物理伤害。
175201	1752	1	狮心统召·火	Assets/Product/Texture/Image/IconPetSkill/Pet3GoldenLionSkillzhudong01.png	任意消除6个基础信号球后，会激活辅助机按钮，释放后焰燧会凝聚火球，并施加聚怪效果，造成3次<color=#FF6347>130%</color>火属性伤害。
175202	1752	2	狮心统召·火	Assets/Product/Texture/Image/IconPetSkill/Pet3GoldenLionSkillzhudong01.png	任意消除6个基础信号球后，会激活辅助机按钮，释放后焰燧会凝聚火球，并施加聚怪效果，造成3次<color=#FF6347>260%</color>火属性伤害。
175203	1752	3	狮心统召·火	Assets/Product/Texture/Image/IconPetSkill/Pet3GoldenLionSkillzhudong01.png	任意消除6个基础信号球后，会激活辅助机按钮，释放后焰燧会凝聚火球，并施加聚怪效果，造成3次<color=#FF6347>390%</color>火属性伤害。
175204	1752	4	狮心统召·火	Assets/Product/Texture/Image/IconPetSkill/Pet3GoldenLionSkillzhudong01.png	任意消除6个基础信号球后，会激活辅助机按钮，释放后焰燧会凝聚火球，并施加聚怪效果，造成3次<color=#FF6347>520%</color>火属性伤害。
175205	1752	5	狮心统召·火	Assets/Product/Texture/Image/IconPetSkill/Pet3GoldenLionSkillzhudong01.png	任意消除6个基础信号球后，会激活辅助机按钮，释放后焰燧会凝聚火球，并施加聚怪效果，造成3次<color=#FF6347>650%</color>火属性伤害。
175301	1753	1	狮心统召·冰	Assets/Product/Texture/Image/IconPetSkill/Pet3GoldenLionSkillzhudong02.png	任意消除6个基础信号球后，会激活辅助机按钮，释放后焰燧会凝聚火球，并施加聚怪效果，造成3次<color=#FF6347>130%</color>冰属性伤害。
175302	1753	2	狮心统召·冰	Assets/Product/Texture/Image/IconPetSkill/Pet3GoldenLionSkillzhudong02.png	任意消除6个基础信号球后，会激活辅助机按钮，释放后焰燧会凝聚火球，并施加聚怪效果，造成3次<color=#FF6347>260%</color>冰属性伤害。
175303	1753	3	狮心统召·冰	Assets/Product/Texture/Image/IconPetSkill/Pet3GoldenLionSkillzhudong02.png	任意消除6个基础信号球后，会激活辅助机按钮，释放后焰燧会凝聚火球，并施加聚怪效果，造成3次<color=#FF6347>390%</color>冰属性伤害。
175304	1753	4	狮心统召·冰	Assets/Product/Texture/Image/IconPetSkill/Pet3GoldenLionSkillzhudong02.png	任意消除6个基础信号球后，会激活辅助机按钮，释放后焰燧会凝聚火球，并施加聚怪效果，造成3次<color=#FF6347>520%</color>冰属性伤害。
175305	1753	5	狮心统召·冰	Assets/Product/Texture/Image/IconPetSkill/Pet3GoldenLionSkillzhudong02.png	任意消除6个基础信号球后，会激活辅助机按钮，释放后焰燧会凝聚火球，并施加聚怪效果，造成3次<color=#FF6347>650%</color>冰属性伤害。
175401	1754	1	狮心统召·雷	Assets/Product/Texture/Image/IconPetSkill/Pet3GoldenLionSkillzhudong03.png	任意消除6个基础信号球后，会激活辅助机按钮，释放后焰燧会凝聚火球，并施加聚怪效果，造成3次<color=#FF6347>130%</color>雷属性伤害。
175402	1754	2	狮心统召·雷	Assets/Product/Texture/Image/IconPetSkill/Pet3GoldenLionSkillzhudong03.png	任意消除6个基础信号球后，会激活辅助机按钮，释放后焰燧会凝聚火球，并施加聚怪效果，造成3次<color=#FF6347>260%</color>雷属性伤害。
175403	1754	3	狮心统召·雷	Assets/Product/Texture/Image/IconPetSkill/Pet3GoldenLionSkillzhudong03.png	任意消除6个基础信号球后，会激活辅助机按钮，释放后焰燧会凝聚火球，并施加聚怪效果，造成3次<color=#FF6347>390%</color>雷属性伤害。
175404	1754	4	狮心统召·雷	Assets/Product/Texture/Image/IconPetSkill/Pet3GoldenLionSkillzhudong03.png	任意消除6个基础信号球后，会激活辅助机按钮，释放后焰燧会凝聚火球，并施加聚怪效果，造成3次<color=#FF6347>520%</color>雷属性伤害。
175405	1754	5	狮心统召·雷	Assets/Product/Texture/Image/IconPetSkill/Pet3GoldenLionSkillzhudong03.png	任意消除6个基础信号球后，会激活辅助机按钮，释放后焰燧会凝聚火球，并施加聚怪效果，造成3次<color=#FF6347>650%</color>雷属性伤害。
175501	1755	1	狮心统召·暗	Assets/Product/Texture/Image/IconPetSkill/Pet3GoldenLionSkillzhudong04.png	任意消除6个基础信号球后，会激活辅助机按钮，释放后焰燧会凝聚火球，并施加聚怪效果，造成3次<color=#FF6347>130%</color>暗属性伤害。
175502	1755	2	狮心统召·暗	Assets/Product/Texture/Image/IconPetSkill/Pet3GoldenLionSkillzhudong04.png	任意消除6个基础信号球后，会激活辅助机按钮，释放后焰燧会凝聚火球，并施加聚怪效果，造成3次<color=#FF6347>260%</color>暗属性伤害。
175503	1755	3	狮心统召·暗	Assets/Product/Texture/Image/IconPetSkill/Pet3GoldenLionSkillzhudong04.png	任意消除6个基础信号球后，会激活辅助机按钮，释放后焰燧会凝聚火球，并施加聚怪效果，造成3次<color=#FF6347>390%</color>暗属性伤害。
175504	1755	4	狮心统召·暗	Assets/Product/Texture/Image/IconPetSkill/Pet3GoldenLionSkillzhudong04.png	任意消除6个基础信号球后，会激活辅助机按钮，释放后焰燧会凝聚火球，并施加聚怪效果，造成3次<color=#FF6347>520%</color>暗属性伤害。
175505	1755	5	狮心统召·暗	Assets/Product/Texture/Image/IconPetSkill/Pet3GoldenLionSkillzhudong04.png	任意消除6个基础信号球后，会激活辅助机按钮，释放后焰燧会凝聚火球，并施加聚怪效果，造成3次<color=#FF6347>650%</color>暗属性伤害。
175601	1756	1	狮心统召·空	Assets/Product/Texture/Image/IconPetSkill/Pet3GoldenLionSkillzhudong06.png	任意消除6个基础信号球后，会激活辅助机按钮，释放后焰燧会凝聚火球，并施加聚怪效果，造成3次<color=#FF6347>130%</color>空属性伤害。
175602	1756	2	狮心统召·空	Assets/Product/Texture/Image/IconPetSkill/Pet3GoldenLionSkillzhudong06.png	任意消除6个基础信号球后，会激活辅助机按钮，释放后焰燧会凝聚火球，并施加聚怪效果，造成3次<color=#FF6347>260%</color>空属性伤害。
175603	1756	3	狮心统召·空	Assets/Product/Texture/Image/IconPetSkill/Pet3GoldenLionSkillzhudong06.png	任意消除6个基础信号球后，会激活辅助机按钮，释放后焰燧会凝聚火球，并施加聚怪效果，造成3次<color=#FF6347>390%</color>空属性伤害。
175604	1756	4	狮心统召·空	Assets/Product/Texture/Image/IconPetSkill/Pet3GoldenLionSkillzhudong06.png	任意消除6个基础信号球后，会激活辅助机按钮，释放后焰燧会凝聚火球，并施加聚怪效果，造成3次<color=#FF6347>520%</color>空属性伤害。
175605	1756	5	狮心统召·空	Assets/Product/Texture/Image/IconPetSkill/Pet3GoldenLionSkillzhudong06.png	任意消除6个基础信号球后，会激活辅助机按钮，释放后焰燧会凝聚火球，并施加聚怪效果，造成3次<color=#FF6347>650%</color>空属性伤害。
176101	1761	1	炽鬃覆烁·物	Assets/Product/Texture/Image/IconPetSkill/Pet3GoldenLionSkillzhudong05.png	任意消除6个基础信号球后，会激活辅助机按钮，释放后焰燧会向身前划出爪痕，造成5次<color=#FF6347>85%</color>物理伤害。
176102	1761	2	炽鬃覆烁·物	Assets/Product/Texture/Image/IconPetSkill/Pet3GoldenLionSkillzhudong05.png	任意消除6个基础信号球后，会激活辅助机按钮，释放后焰燧会向身前划出爪痕，造成5次<color=#FF6347>170%</color>物理伤害。
176103	1761	3	炽鬃覆烁·物	Assets/Product/Texture/Image/IconPetSkill/Pet3GoldenLionSkillzhudong05.png	任意消除6个基础信号球后，会激活辅助机按钮，释放后焰燧会向身前划出爪痕，造成5次<color=#FF6347>255%</color>物理伤害。
176104	1761	4	炽鬃覆烁·物	Assets/Product/Texture/Image/IconPetSkill/Pet3GoldenLionSkillzhudong05.png	任意消除6个基础信号球后，会激活辅助机按钮，释放后焰燧会向身前划出爪痕，造成5次<color=#FF6347>340%</color>物理伤害。
176105	1761	5	炽鬃覆烁·物	Assets/Product/Texture/Image/IconPetSkill/Pet3GoldenLionSkillzhudong05.png	任意消除6个基础信号球后，会激活辅助机按钮，释放后焰燧会向身前划出爪痕，造成5次<color=#FF6347>425%</color>物理伤害。
176201	1762	1	炽鬃覆烁·火	Assets/Product/Texture/Image/IconPetSkill/Pet3GoldenLionSkillzhudong01.png	任意消除6个基础信号球后，会激活辅助机按钮，释放后焰燧会向身前划出爪痕，造成5次<color=#FF6347>85%</color>火属性伤害。
176202	1762	2	炽鬃覆烁·火	Assets/Product/Texture/Image/IconPetSkill/Pet3GoldenLionSkillzhudong01.png	任意消除6个基础信号球后，会激活辅助机按钮，释放后焰燧会向身前划出爪痕，造成5次<color=#FF6347>170%</color>火属性伤害。
176203	1762	3	炽鬃覆烁·火	Assets/Product/Texture/Image/IconPetSkill/Pet3GoldenLionSkillzhudong01.png	任意消除6个基础信号球后，会激活辅助机按钮，释放后焰燧会向身前划出爪痕，造成5次<color=#FF6347>255%</color>火属性伤害。
176204	1762	4	炽鬃覆烁·火	Assets/Product/Texture/Image/IconPetSkill/Pet3GoldenLionSkillzhudong01.png	任意消除6个基础信号球后，会激活辅助机按钮，释放后焰燧会向身前划出爪痕，造成5次<color=#FF6347>340%</color>火属性伤害。
176205	1762	5	炽鬃覆烁·火	Assets/Product/Texture/Image/IconPetSkill/Pet3GoldenLionSkillzhudong01.png	任意消除6个基础信号球后，会激活辅助机按钮，释放后焰燧会向身前划出爪痕，造成5次<color=#FF6347>425%</color>火属性伤害。
176301	1763	1	炽鬃覆烁·冰	Assets/Product/Texture/Image/IconPetSkill/Pet3GoldenLionSkillzhudong02.png	任意消除6个基础信号球后，会激活辅助机按钮，释放后焰燧会向身前划出爪痕，造成5次<color=#FF6347>85%</color>冰属性伤害。
176302	1763	2	炽鬃覆烁·冰	Assets/Product/Texture/Image/IconPetSkill/Pet3GoldenLionSkillzhudong02.png	任意消除6个基础信号球后，会激活辅助机按钮，释放后焰燧会向身前划出爪痕，造成5次<color=#FF6347>170%</color>冰属性伤害。
176303	1763	3	炽鬃覆烁·冰	Assets/Product/Texture/Image/IconPetSkill/Pet3GoldenLionSkillzhudong02.png	任意消除6个基础信号球后，会激活辅助机按钮，释放后焰燧会向身前划出爪痕，造成5次<color=#FF6347>255%</color>冰属性伤害。
176304	1763	4	炽鬃覆烁·冰	Assets/Product/Texture/Image/IconPetSkill/Pet3GoldenLionSkillzhudong02.png	任意消除6个基础信号球后，会激活辅助机按钮，释放后焰燧会向身前划出爪痕，造成5次<color=#FF6347>340%</color>冰属性伤害。
176305	1763	5	炽鬃覆烁·冰	Assets/Product/Texture/Image/IconPetSkill/Pet3GoldenLionSkillzhudong02.png	任意消除6个基础信号球后，会激活辅助机按钮，释放后焰燧会向身前划出爪痕，造成5次<color=#FF6347>425%</color>冰属性伤害。
176401	1764	1	炽鬃覆烁·雷	Assets/Product/Texture/Image/IconPetSkill/Pet3GoldenLionSkillzhudong03.png	任意消除6个基础信号球后，会激活辅助机按钮，释放后焰燧会向身前划出爪痕，造成5次<color=#FF6347>85%</color>雷属性伤害。
176402	1764	2	炽鬃覆烁·雷	Assets/Product/Texture/Image/IconPetSkill/Pet3GoldenLionSkillzhudong03.png	任意消除6个基础信号球后，会激活辅助机按钮，释放后焰燧会向身前划出爪痕，造成5次<color=#FF6347>170%</color>雷属性伤害。
176403	1764	3	炽鬃覆烁·雷	Assets/Product/Texture/Image/IconPetSkill/Pet3GoldenLionSkillzhudong03.png	任意消除6个基础信号球后，会激活辅助机按钮，释放后焰燧会向身前划出爪痕，造成5次<color=#FF6347>255%</color>雷属性伤害。
176404	1764	4	炽鬃覆烁·雷	Assets/Product/Texture/Image/IconPetSkill/Pet3GoldenLionSkillzhudong03.png	任意消除6个基础信号球后，会激活辅助机按钮，释放后焰燧会向身前划出爪痕，造成5次<color=#FF6347>340%</color>雷属性伤害。
176405	1764	5	炽鬃覆烁·雷	Assets/Product/Texture/Image/IconPetSkill/Pet3GoldenLionSkillzhudong03.png	任意消除6个基础信号球后，会激活辅助机按钮，释放后焰燧会向身前划出爪痕，造成5次<color=#FF6347>425%</color>雷属性伤害。
176501	1765	1	炽鬃覆烁·暗	Assets/Product/Texture/Image/IconPetSkill/Pet3GoldenLionSkillzhudong04.png	任意消除6个基础信号球后，会激活辅助机按钮，释放后焰燧会向身前划出爪痕，造成5次<color=#FF6347>85%</color>暗属性伤害。
176502	1765	2	炽鬃覆烁·暗	Assets/Product/Texture/Image/IconPetSkill/Pet3GoldenLionSkillzhudong04.png	任意消除6个基础信号球后，会激活辅助机按钮，释放后焰燧会向身前划出爪痕，造成5次<color=#FF6347>170%</color>暗属性伤害。
176503	1765	3	炽鬃覆烁·暗	Assets/Product/Texture/Image/IconPetSkill/Pet3GoldenLionSkillzhudong04.png	任意消除6个基础信号球后，会激活辅助机按钮，释放后焰燧会向身前划出爪痕，造成5次<color=#FF6347>255%</color>暗属性伤害。
176504	1765	4	炽鬃覆烁·暗	Assets/Product/Texture/Image/IconPetSkill/Pet3GoldenLionSkillzhudong04.png	任意消除6个基础信号球后，会激活辅助机按钮，释放后焰燧会向身前划出爪痕，造成5次<color=#FF6347>340%</color>暗属性伤害。
176505	1765	5	炽鬃覆烁·暗	Assets/Product/Texture/Image/IconPetSkill/Pet3GoldenLionSkillzhudong04.png	任意消除6个基础信号球后，会激活辅助机按钮，释放后焰燧会向身前划出爪痕，造成5次<color=#FF6347>425%</color>暗属性伤害。
176601	1766	1	炽鬃覆烁·空	Assets/Product/Texture/Image/IconPetSkill/Pet3GoldenLionSkillzhudong06.png	任意消除6个基础信号球后，会激活辅助机按钮，释放后焰燧会向身前划出爪痕，造成5次<color=#FF6347>85%</color>空属性伤害。
176602	1766	2	炽鬃覆烁·空	Assets/Product/Texture/Image/IconPetSkill/Pet3GoldenLionSkillzhudong06.png	任意消除6个基础信号球后，会激活辅助机按钮，释放后焰燧会向身前划出爪痕，造成5次<color=#FF6347>170%</color>空属性伤害。
176603	1766	3	炽鬃覆烁·空	Assets/Product/Texture/Image/IconPetSkill/Pet3GoldenLionSkillzhudong06.png	任意消除6个基础信号球后，会激活辅助机按钮，释放后焰燧会向身前划出爪痕，造成5次<color=#FF6347>255%</color>空属性伤害。
176604	1766	4	炽鬃覆烁·空	Assets/Product/Texture/Image/IconPetSkill/Pet3GoldenLionSkillzhudong06.png	任意消除6个基础信号球后，会激活辅助机按钮，释放后焰燧会向身前划出爪痕，造成5次<color=#FF6347>340%</color>空属性伤害。
176605	1766	5	炽鬃覆烁·空	Assets/Product/Texture/Image/IconPetSkill/Pet3GoldenLionSkillzhudong06.png	任意消除6个基础信号球后，会激活辅助机按钮，释放后焰燧会向身前划出爪痕，造成5次<color=#FF6347>425%</color>空属性伤害。
8700001	87000	1	焰燧感召	Assets/Product/Texture/Image/IconPetSkill/Pet3GoldenLionSkillbeidong01.png	焰燧主动技伤害提高<color=#0f70bc>14%</color>。
8700002	87000	2	焰燧感召	Assets/Product/Texture/Image/IconPetSkill/Pet3GoldenLionSkillbeidong01.png	焰燧主动技伤害提高<color=#0f70bc>28%</color>。
8700003	87000	3	焰燧感召	Assets/Product/Texture/Image/IconPetSkill/Pet3GoldenLionSkillbeidong01.png	焰燧主动技伤害提高<color=#0f70bc>42%</color>。
8700004	87000	4	焰燧感召	Assets/Product/Texture/Image/IconPetSkill/Pet3GoldenLionSkillbeidong01.png	焰燧主动技伤害提高<color=#0f70bc>56%</color>。
8700005	87000	5	焰燧感召	Assets/Product/Texture/Image/IconPetSkill/Pet3GoldenLionSkillbeidong01.png	焰燧主动技伤害提高<color=#0f70bc>70%</color>。
8701001	87010	1	默燃赴生	Assets/Product/Texture/Image/IconPetSkill/Pet3GoldenLionSkillbeidong02.png	携带角色攻击力提高<color=#0f70bc>20</color>。
8701002	87010	2	默燃赴生	Assets/Product/Texture/Image/IconPetSkill/Pet3GoldenLionSkillbeidong02.png	携带角色攻击力提高<color=#0f70bc>40</color>。
8701003	87010	3	默燃赴生	Assets/Product/Texture/Image/IconPetSkill/Pet3GoldenLionSkillbeidong02.png	携带角色攻击力提高<color=#0f70bc>60</color>。
8701004	87010	4	默燃赴生	Assets/Product/Texture/Image/IconPetSkill/Pet3GoldenLionSkillbeidong02.png	携带角色攻击力提高<color=#0f70bc>80</color>。
8701005	87010	5	默燃赴生	Assets/Product/Texture/Image/IconPetSkill/Pet3GoldenLionSkillbeidong02.png	携带角色攻击力提高<color=#0f70bc>100</color>。
8702001	87020	1	腾焰湍环	Assets/Product/Texture/Image/IconPetSkill/Pet3GoldenLionSkillbeidong03.png	焰燧释放主动技后，携带角色额外伤害加成提高<color=#0f70bc>1%</color>，持续8秒，重复触发刷新持续时间。
8702002	87020	2	腾焰湍环	Assets/Product/Texture/Image/IconPetSkill/Pet3GoldenLionSkillbeidong03.png	焰燧释放主动技后，携带角色额外伤害加成提高<color=#0f70bc>2%</color>，持续8秒，重复触发刷新持续时间。
8702003	87020	3	腾焰湍环	Assets/Product/Texture/Image/IconPetSkill/Pet3GoldenLionSkillbeidong03.png	焰燧释放主动技后，携带角色额外伤害加成提高<color=#0f70bc>3%</color>，持续8秒，重复触发刷新持续时间。
8702004	87020	4	腾焰湍环	Assets/Product/Texture/Image/IconPetSkill/Pet3GoldenLionSkillbeidong03.png	焰燧释放主动技后，携带角色额外伤害加成提高<color=#0f70bc>4%</color>，持续8秒，重复触发刷新持续时间。
8702005	87020	5	腾焰湍环	Assets/Product/Texture/Image/IconPetSkill/Pet3GoldenLionSkillbeidong03.png	焰燧释放主动技后，携带角色额外伤害加成提高<color=#0f70bc>5%</color>，持续8秒，重复触发刷新持续时间。
8703001	87030	1	日烧霆驳	Assets/Product/Texture/Image/IconPetSkill/Pet3GoldenLionSkillbeidong04.png	携带角色火属性伤害提高<color=#0f70bc>2%</color>，若携带电束效应，电束伤害提高<color=#0f70bc>2%</color>。
8703002	87030	2	日烧霆驳	Assets/Product/Texture/Image/IconPetSkill/Pet3GoldenLionSkillbeidong04.png	携带角色火属性伤害提高<color=#0f70bc>4%</color>，若携带电束效应，电束伤害提高<color=#0f70bc>4%</color>。
8703003	87030	3	日烧霆驳	Assets/Product/Texture/Image/IconPetSkill/Pet3GoldenLionSkillbeidong04.png	携带角色火属性伤害提高<color=#0f70bc>6%</color>，若携带电束效应，电束伤害提高<color=#0f70bc>6%</color>。
8703004	87030	4	日烧霆驳	Assets/Product/Texture/Image/IconPetSkill/Pet3GoldenLionSkillbeidong04.png	携带角色火属性伤害提高<color=#0f70bc>8%</color>，若携带电束效应，电束伤害提高<color=#0f70bc>8%</color>。
8703005	87030	5	日烧霆驳	Assets/Product/Texture/Image/IconPetSkill/Pet3GoldenLionSkillbeidong04.png	携带角色火属性伤害提高<color=#0f70bc>10%</color>，若携带电束效应，电束伤害提高<color=#0f70bc>10%</color>。
8704001	87040	1	食能猎辉	Assets/Product/Texture/Image/IconPetSkill/Pet3GoldenLionSkillbeidong05.png	不落日携带焰燧释放<color=#D91414>引火至晖</color>时，召唤焰燧协同攻击，分别造成3次<color=#0f70bc>200%</color>火属性伤害。释放<color=#0f70bc>耀斑迸发</color>或<color=#0f70bc>沉蓄日轮</color>时自身攻击力提升<color=#0f70bc>5%</color>，持续8秒，重复触发刷新持续时间。
8704002	87040	2	食能猎辉	Assets/Product/Texture/Image/IconPetSkill/Pet3GoldenLionSkillbeidong05.png	不落日携带焰燧释放<color=#D91414>引火至晖</color>时，召唤焰燧协同攻击，分别造成3次<color=#0f70bc>400%</color>火属性伤害。释放<color=#0f70bc>耀斑迸发</color>或<color=#0f70bc>沉蓄日轮</color>时自身攻击力提升<color=#0f70bc>10%</color>，持续8秒，重复触发刷新持续时间。
8704003	87040	3	食能猎辉	Assets/Product/Texture/Image/IconPetSkill/Pet3GoldenLionSkillbeidong05.png	不落日携带焰燧释放<color=#D91414>引火至晖</color>时，召唤焰燧协同攻击，分别造成3次<color=#0f70bc>600%</color>火属性伤害。释放<color=#0f70bc>耀斑迸发</color>或<color=#0f70bc>沉蓄日轮</color>时自身攻击力提升<color=#0f70bc>15%</color>，持续8秒，重复触发刷新持续时间。
8704004	87040	4	食能猎辉	Assets/Product/Texture/Image/IconPetSkill/Pet3GoldenLionSkillbeidong05.png	不落日携带焰燧释放<color=#D91414>引火至晖</color>时，召唤焰燧协同攻击，分别造成3次<color=#0f70bc>800%</color>火属性伤害。释放<color=#0f70bc>耀斑迸发</color>或<color=#0f70bc>沉蓄日轮</color>时自身攻击力提升<color=#0f70bc>20%</color>，持续8秒，重复触发刷新持续时间。
8704005	87040	5	食能猎辉	Assets/Product/Texture/Image/IconPetSkill/Pet3GoldenLionSkillbeidong05.png	不落日携带焰燧释放<color=#D91414>引火至晖</color>时，召唤焰燧协同攻击，分别造成3次<color=#0f70bc>1000%</color>火属性伤害。释放<color=#0f70bc>耀斑迸发</color>或<color=#0f70bc>沉蓄日轮</color>时自身攻击力提升<color=#0f70bc>25%</color>，持续8秒，重复触发刷新持续时间。
177101	1771	1	破雾·物	Assets/Product/Texture/Image/IconPetSkill/Pet3MotordragonSkillzhudong05.png	任意消除6个基础信号球后，会激活辅助机按钮，释放后异身甩尾向前冲刺攻击敌人并施加聚怪效果，造成2次<color=#FF6347>200%</color>物理伤害。
177102	1771	2	破雾·物	Assets/Product/Texture/Image/IconPetSkill/Pet3MotordragonSkillzhudong05.png	任意消除6个基础信号球后，会激活辅助机按钮，释放后异身甩尾向前冲刺攻击敌人并施加聚怪效果，造成2次<color=#FF6347>400%</color>物理伤害。
177103	1771	3	破雾·物	Assets/Product/Texture/Image/IconPetSkill/Pet3MotordragonSkillzhudong05.png	任意消除6个基础信号球后，会激活辅助机按钮，释放后异身甩尾向前冲刺攻击敌人并施加聚怪效果，造成2次<color=#FF6347>600%</color>物理伤害。
177104	1771	4	破雾·物	Assets/Product/Texture/Image/IconPetSkill/Pet3MotordragonSkillzhudong05.png	任意消除6个基础信号球后，会激活辅助机按钮，释放后异身甩尾向前冲刺攻击敌人并施加聚怪效果，造成2次<color=#FF6347>800%</color>物理伤害。
177105	1771	5	破雾·物	Assets/Product/Texture/Image/IconPetSkill/Pet3MotordragonSkillzhudong05.png	任意消除6个基础信号球后，会激活辅助机按钮，释放后异身甩尾向前冲刺攻击敌人并施加聚怪效果，造成2次<color=#FF6347>1000%</color>物理伤害。
177201	1772	1	破雾·火	Assets/Product/Texture/Image/IconPetSkill/Pet3MotordragonSkillzhudong01.png	任意消除6个基础信号球后，会激活辅助机按钮，释放后异身甩尾向前冲刺攻击敌人并施加聚怪效果，造成2次<color=#FF6347>200%</color>火属性伤害。
177202	1772	2	破雾·火	Assets/Product/Texture/Image/IconPetSkill/Pet3MotordragonSkillzhudong01.png	任意消除6个基础信号球后，会激活辅助机按钮，释放后异身甩尾向前冲刺攻击敌人并施加聚怪效果，造成2次<color=#FF6347>400%</color>火属性伤害。
177203	1772	3	破雾·火	Assets/Product/Texture/Image/IconPetSkill/Pet3MotordragonSkillzhudong01.png	任意消除6个基础信号球后，会激活辅助机按钮，释放后异身甩尾向前冲刺攻击敌人并施加聚怪效果，造成2次<color=#FF6347>600%</color>火属性伤害。
177204	1772	4	破雾·火	Assets/Product/Texture/Image/IconPetSkill/Pet3MotordragonSkillzhudong01.png	任意消除6个基础信号球后，会激活辅助机按钮，释放后异身甩尾向前冲刺攻击敌人并施加聚怪效果，造成2次<color=#FF6347>800%</color>火属性伤害。
177205	1772	5	破雾·火	Assets/Product/Texture/Image/IconPetSkill/Pet3MotordragonSkillzhudong01.png	任意消除6个基础信号球后，会激活辅助机按钮，释放后异身甩尾向前冲刺攻击敌人并施加聚怪效果，造成2次<color=#FF6347>1000%</color>火属性伤害。
177301	1773	1	破雾·冰	Assets/Product/Texture/Image/IconPetSkill/Pet3MotordragonSkillzhudong02.png	任意消除6个基础信号球后，会激活辅助机按钮，释放后异身甩尾向前冲刺攻击敌人并施加聚怪效果，造成2次<color=#FF6347>200%</color>冰属性伤害。
177302	1773	2	破雾·冰	Assets/Product/Texture/Image/IconPetSkill/Pet3MotordragonSkillzhudong02.png	任意消除6个基础信号球后，会激活辅助机按钮，释放后异身甩尾向前冲刺攻击敌人并施加聚怪效果，造成2次<color=#FF6347>400%</color>冰属性伤害。
177303	1773	3	破雾·冰	Assets/Product/Texture/Image/IconPetSkill/Pet3MotordragonSkillzhudong02.png	任意消除6个基础信号球后，会激活辅助机按钮，释放后异身甩尾向前冲刺攻击敌人并施加聚怪效果，造成2次<color=#FF6347>600%</color>冰属性伤害。
177304	1773	4	破雾·冰	Assets/Product/Texture/Image/IconPetSkill/Pet3MotordragonSkillzhudong02.png	任意消除6个基础信号球后，会激活辅助机按钮，释放后异身甩尾向前冲刺攻击敌人并施加聚怪效果，造成2次<color=#FF6347>800%</color>冰属性伤害。
177305	1773	5	破雾·冰	Assets/Product/Texture/Image/IconPetSkill/Pet3MotordragonSkillzhudong02.png	任意消除6个基础信号球后，会激活辅助机按钮，释放后异身甩尾向前冲刺攻击敌人并施加聚怪效果，造成2次<color=#FF6347>1000%</color>冰属性伤害。
177401	1774	1	破雾·雷	Assets/Product/Texture/Image/IconPetSkill/Pet3MotordragonSkillzhudong03.png	任意消除6个基础信号球后，会激活辅助机按钮，释放后异身甩尾向前冲刺攻击敌人并施加聚怪效果，造成2次<color=#FF6347>200%</color>雷属性伤害。
177402	1774	2	破雾·雷	Assets/Product/Texture/Image/IconPetSkill/Pet3MotordragonSkillzhudong03.png	任意消除6个基础信号球后，会激活辅助机按钮，释放后异身甩尾向前冲刺攻击敌人并施加聚怪效果，造成2次<color=#FF6347>400%</color>雷属性伤害。
177403	1774	3	破雾·雷	Assets/Product/Texture/Image/IconPetSkill/Pet3MotordragonSkillzhudong03.png	任意消除6个基础信号球后，会激活辅助机按钮，释放后异身甩尾向前冲刺攻击敌人并施加聚怪效果，造成2次<color=#FF6347>600%</color>雷属性伤害。
177404	1774	4	破雾·雷	Assets/Product/Texture/Image/IconPetSkill/Pet3MotordragonSkillzhudong03.png	任意消除6个基础信号球后，会激活辅助机按钮，释放后异身甩尾向前冲刺攻击敌人并施加聚怪效果，造成2次<color=#FF6347>800%</color>雷属性伤害。
177405	1774	5	破雾·雷	Assets/Product/Texture/Image/IconPetSkill/Pet3MotordragonSkillzhudong03.png	任意消除6个基础信号球后，会激活辅助机按钮，释放后异身甩尾向前冲刺攻击敌人并施加聚怪效果，造成2次<color=#FF6347>1000%</color>雷属性伤害。
177501	1775	1	破雾·暗	Assets/Product/Texture/Image/IconPetSkill/Pet3MotordragonSkillzhudong04.png	任意消除6个基础信号球后，会激活辅助机按钮，释放后异身甩尾向前冲刺攻击敌人并施加聚怪效果，造成2次<color=#FF6347>200%</color>暗属性伤害。
177502	1775	2	破雾·暗	Assets/Product/Texture/Image/IconPetSkill/Pet3MotordragonSkillzhudong04.png	任意消除6个基础信号球后，会激活辅助机按钮，释放后异身甩尾向前冲刺攻击敌人并施加聚怪效果，造成2次<color=#FF6347>400%</color>暗属性伤害。
177503	1775	3	破雾·暗	Assets/Product/Texture/Image/IconPetSkill/Pet3MotordragonSkillzhudong04.png	任意消除6个基础信号球后，会激活辅助机按钮，释放后异身甩尾向前冲刺攻击敌人并施加聚怪效果，造成2次<color=#FF6347>600%</color>暗属性伤害。
177504	1775	4	破雾·暗	Assets/Product/Texture/Image/IconPetSkill/Pet3MotordragonSkillzhudong04.png	任意消除6个基础信号球后，会激活辅助机按钮，释放后异身甩尾向前冲刺攻击敌人并施加聚怪效果，造成2次<color=#FF6347>800%</color>暗属性伤害。
177505	1775	5	破雾·暗	Assets/Product/Texture/Image/IconPetSkill/Pet3MotordragonSkillzhudong04.png	任意消除6个基础信号球后，会激活辅助机按钮，释放后异身甩尾向前冲刺攻击敌人并施加聚怪效果，造成2次<color=#FF6347>1000%</color>暗属性伤害。
177601	1776	1	破雾·空	Assets/Product/Texture/Image/IconPetSkill/Pet3MotordragonSkillzhudong06.png	任意消除6个基础信号球后，会激活辅助机按钮，释放后异身甩尾向前冲刺攻击敌人并施加聚怪效果，造成2次<color=#FF6347>200%</color>空属性伤害。
177602	1776	2	破雾·空	Assets/Product/Texture/Image/IconPetSkill/Pet3MotordragonSkillzhudong06.png	任意消除6个基础信号球后，会激活辅助机按钮，释放后异身甩尾向前冲刺攻击敌人并施加聚怪效果，造成2次<color=#FF6347>400%</color>空属性伤害。
177603	1776	3	破雾·空	Assets/Product/Texture/Image/IconPetSkill/Pet3MotordragonSkillzhudong06.png	任意消除6个基础信号球后，会激活辅助机按钮，释放后异身甩尾向前冲刺攻击敌人并施加聚怪效果，造成2次<color=#FF6347>600%</color>空属性伤害。
177604	1776	4	破雾·空	Assets/Product/Texture/Image/IconPetSkill/Pet3MotordragonSkillzhudong06.png	任意消除6个基础信号球后，会激活辅助机按钮，释放后异身甩尾向前冲刺攻击敌人并施加聚怪效果，造成2次<color=#FF6347>800%</color>空属性伤害。
177605	1776	5	破雾·空	Assets/Product/Texture/Image/IconPetSkill/Pet3MotordragonSkillzhudong06.png	任意消除6个基础信号球后，会激活辅助机按钮，释放后异身甩尾向前冲刺攻击敌人并施加聚怪效果，造成2次<color=#FF6347>1000%</color>空属性伤害。
178101	1781	1	坠渊·物	Assets/Product/Texture/Image/IconPetSkill/Pet3MotordragonSkillzhudong05.png	任意消除6个基础信号球后，会激活辅助机按钮，释放后异身在空中旋转向下俯冲攻击敌人，造成2次<color=#FF6347>200%</color>物理伤害。
178102	1781	2	坠渊·物	Assets/Product/Texture/Image/IconPetSkill/Pet3MotordragonSkillzhudong05.png	任意消除6个基础信号球后，会激活辅助机按钮，释放后异身在空中旋转向下俯冲攻击敌人，造成2次<color=#FF6347>400%</color>物理伤害。
178103	1781	3	坠渊·物	Assets/Product/Texture/Image/IconPetSkill/Pet3MotordragonSkillzhudong05.png	任意消除6个基础信号球后，会激活辅助机按钮，释放后异身在空中旋转向下俯冲攻击敌人，造成2次<color=#FF6347>600%</color>物理伤害。
178104	1781	4	坠渊·物	Assets/Product/Texture/Image/IconPetSkill/Pet3MotordragonSkillzhudong05.png	任意消除6个基础信号球后，会激活辅助机按钮，释放后异身在空中旋转向下俯冲攻击敌人，造成2次<color=#FF6347>800%</color>物理伤害。
178105	1781	5	坠渊·物	Assets/Product/Texture/Image/IconPetSkill/Pet3MotordragonSkillzhudong05.png	任意消除6个基础信号球后，会激活辅助机按钮，释放后异身在空中旋转向下俯冲攻击敌人，造成2次<color=#FF6347>1000%</color>物理伤害。
178201	1782	1	坠渊·火	Assets/Product/Texture/Image/IconPetSkill/Pet3MotordragonSkillzhudong01.png	任意消除6个基础信号球后，会激活辅助机按钮，释放后异身在空中旋转向下俯冲攻击敌人，造成2次<color=#FF6347>200%</color>火属性伤害。
178202	1782	2	坠渊·火	Assets/Product/Texture/Image/IconPetSkill/Pet3MotordragonSkillzhudong01.png	任意消除6个基础信号球后，会激活辅助机按钮，释放后异身在空中旋转向下俯冲攻击敌人，造成2次<color=#FF6347>400%</color>火属性伤害。
178203	1782	3	坠渊·火	Assets/Product/Texture/Image/IconPetSkill/Pet3MotordragonSkillzhudong01.png	任意消除6个基础信号球后，会激活辅助机按钮，释放后异身在空中旋转向下俯冲攻击敌人，造成2次<color=#FF6347>600%</color>火属性伤害。
178204	1782	4	坠渊·火	Assets/Product/Texture/Image/IconPetSkill/Pet3MotordragonSkillzhudong01.png	任意消除6个基础信号球后，会激活辅助机按钮，释放后异身在空中旋转向下俯冲攻击敌人，造成2次<color=#FF6347>800%</color>火属性伤害。
178205	1782	5	坠渊·火	Assets/Product/Texture/Image/IconPetSkill/Pet3MotordragonSkillzhudong01.png	任意消除6个基础信号球后，会激活辅助机按钮，释放后异身在空中旋转向下俯冲攻击敌人，造成2次<color=#FF6347>1000%</color>火属性伤害。
178301	1783	1	坠渊·冰	Assets/Product/Texture/Image/IconPetSkill/Pet3MotordragonSkillzhudong02.png	任意消除6个基础信号球后，会激活辅助机按钮，释放后异身在空中旋转向下俯冲攻击敌人，造成2次<color=#FF6347>200%</color>冰属性伤害。
178302	1783	2	坠渊·冰	Assets/Product/Texture/Image/IconPetSkill/Pet3MotordragonSkillzhudong02.png	任意消除6个基础信号球后，会激活辅助机按钮，释放后异身在空中旋转向下俯冲攻击敌人，造成2次<color=#FF6347>400%</color>冰属性伤害。
178303	1783	3	坠渊·冰	Assets/Product/Texture/Image/IconPetSkill/Pet3MotordragonSkillzhudong02.png	任意消除6个基础信号球后，会激活辅助机按钮，释放后异身在空中旋转向下俯冲攻击敌人，造成2次<color=#FF6347>600%</color>冰属性伤害。
178304	1783	4	坠渊·冰	Assets/Product/Texture/Image/IconPetSkill/Pet3MotordragonSkillzhudong02.png	任意消除6个基础信号球后，会激活辅助机按钮，释放后异身在空中旋转向下俯冲攻击敌人，造成2次<color=#FF6347>800%</color>冰属性伤害。
178305	1783	5	坠渊·冰	Assets/Product/Texture/Image/IconPetSkill/Pet3MotordragonSkillzhudong02.png	任意消除6个基础信号球后，会激活辅助机按钮，释放后异身在空中旋转向下俯冲攻击敌人，造成2次<color=#FF6347>1000%</color>冰属性伤害。
178401	1784	1	坠渊·雷	Assets/Product/Texture/Image/IconPetSkill/Pet3MotordragonSkillzhudong03.png	任意消除6个基础信号球后，会激活辅助机按钮，释放后异身在空中旋转向下俯冲攻击敌人，造成2次<color=#FF6347>200%</color>雷属性伤害。
178402	1784	2	坠渊·雷	Assets/Product/Texture/Image/IconPetSkill/Pet3MotordragonSkillzhudong03.png	任意消除6个基础信号球后，会激活辅助机按钮，释放后异身在空中旋转向下俯冲攻击敌人，造成2次<color=#FF6347>400%</color>雷属性伤害。
178403	1784	3	坠渊·雷	Assets/Product/Texture/Image/IconPetSkill/Pet3MotordragonSkillzhudong03.png	任意消除6个基础信号球后，会激活辅助机按钮，释放后异身在空中旋转向下俯冲攻击敌人，造成2次<color=#FF6347>600%</color>雷属性伤害。
178404	1784	4	坠渊·雷	Assets/Product/Texture/Image/IconPetSkill/Pet3MotordragonSkillzhudong03.png	任意消除6个基础信号球后，会激活辅助机按钮，释放后异身在空中旋转向下俯冲攻击敌人，造成2次<color=#FF6347>800%</color>雷属性伤害。
178405	1784	5	坠渊·雷	Assets/Product/Texture/Image/IconPetSkill/Pet3MotordragonSkillzhudong03.png	任意消除6个基础信号球后，会激活辅助机按钮，释放后异身在空中旋转向下俯冲攻击敌人，造成2次<color=#FF6347>1000%</color>雷属性伤害。
178501	1785	1	坠渊·暗	Assets/Product/Texture/Image/IconPetSkill/Pet3MotordragonSkillzhudong04.png	任意消除6个基础信号球后，会激活辅助机按钮，释放后异身在空中旋转向下俯冲攻击敌人，造成2次<color=#FF6347>200%</color>暗属性伤害。
178502	1785	2	坠渊·暗	Assets/Product/Texture/Image/IconPetSkill/Pet3MotordragonSkillzhudong04.png	任意消除6个基础信号球后，会激活辅助机按钮，释放后异身在空中旋转向下俯冲攻击敌人，造成2次<color=#FF6347>400%</color>暗属性伤害。
178503	1785	3	坠渊·暗	Assets/Product/Texture/Image/IconPetSkill/Pet3MotordragonSkillzhudong04.png	任意消除6个基础信号球后，会激活辅助机按钮，释放后异身在空中旋转向下俯冲攻击敌人，造成2次<color=#FF6347>600%</color>暗属性伤害。
178504	1785	4	坠渊·暗	Assets/Product/Texture/Image/IconPetSkill/Pet3MotordragonSkillzhudong04.png	任意消除6个基础信号球后，会激活辅助机按钮，释放后异身在空中旋转向下俯冲攻击敌人，造成2次<color=#FF6347>800%</color>暗属性伤害。
178505	1785	5	坠渊·暗	Assets/Product/Texture/Image/IconPetSkill/Pet3MotordragonSkillzhudong04.png	任意消除6个基础信号球后，会激活辅助机按钮，释放后异身在空中旋转向下俯冲攻击敌人，造成2次<color=#FF6347>1000%</color>暗属性伤害。
178601	1786	1	坠渊·空	Assets/Product/Texture/Image/IconPetSkill/Pet3MotordragonSkillzhudong06.png	任意消除6个基础信号球后，会激活辅助机按钮，释放后异身在空中旋转向下俯冲攻击敌人，造成2次<color=#FF6347>200%</color>空属性伤害。
178602	1786	2	坠渊·空	Assets/Product/Texture/Image/IconPetSkill/Pet3MotordragonSkillzhudong06.png	任意消除6个基础信号球后，会激活辅助机按钮，释放后异身在空中旋转向下俯冲攻击敌人，造成2次<color=#FF6347>400%</color>空属性伤害。
178603	1786	3	坠渊·空	Assets/Product/Texture/Image/IconPetSkill/Pet3MotordragonSkillzhudong06.png	任意消除6个基础信号球后，会激活辅助机按钮，释放后异身在空中旋转向下俯冲攻击敌人，造成2次<color=#FF6347>600%</color>空属性伤害。
178604	1786	4	坠渊·空	Assets/Product/Texture/Image/IconPetSkill/Pet3MotordragonSkillzhudong06.png	任意消除6个基础信号球后，会激活辅助机按钮，释放后异身在空中旋转向下俯冲攻击敌人，造成2次<color=#FF6347>800%</color>空属性伤害。
178605	1786	5	坠渊·空	Assets/Product/Texture/Image/IconPetSkill/Pet3MotordragonSkillzhudong06.png	任意消除6个基础信号球后，会激活辅助机按钮，释放后异身在空中旋转向下俯冲攻击敌人，造成2次<color=#FF6347>1000%</color>空属性伤害。
8800001	88000	1	汇意	Assets/Product/Texture/Image/IconPetSkill/Pet3MotordragonSkillbeidong01.png	异身主动技伤害提高<color=#0f70bc>14%</color>。
8800002	88000	2	汇意	Assets/Product/Texture/Image/IconPetSkill/Pet3MotordragonSkillbeidong01.png	异身主动技伤害提高<color=#0f70bc>28%</color>。
8800003	88000	3	汇意	Assets/Product/Texture/Image/IconPetSkill/Pet3MotordragonSkillbeidong01.png	异身主动技伤害提高<color=#0f70bc>42%</color>。
8800004	88000	4	汇意	Assets/Product/Texture/Image/IconPetSkill/Pet3MotordragonSkillbeidong01.png	异身主动技伤害提高<color=#0f70bc>56%</color>。
8800005	88000	5	汇意	Assets/Product/Texture/Image/IconPetSkill/Pet3MotordragonSkillbeidong01.png	异身主动技伤害提高<color=#0f70bc>70%</color>。
8801001	88010	1	凝霜	Assets/Product/Texture/Image/IconPetSkill/Pet3MotordragonSkillbeidong02.png	携带角色攻击力提高<color=#0f70bc>20</color>。
8801002	88010	2	凝霜	Assets/Product/Texture/Image/IconPetSkill/Pet3MotordragonSkillbeidong02.png	携带角色攻击力提高<color=#0f70bc>40</color>。
8801003	88010	3	凝霜	Assets/Product/Texture/Image/IconPetSkill/Pet3MotordragonSkillbeidong02.png	携带角色攻击力提高<color=#0f70bc>60</color>。
8801004	88010	4	凝霜	Assets/Product/Texture/Image/IconPetSkill/Pet3MotordragonSkillbeidong02.png	携带角色攻击力提高<color=#0f70bc>80</color>。
8801005	88010	5	凝霜	Assets/Product/Texture/Image/IconPetSkill/Pet3MotordragonSkillbeidong02.png	携带角色攻击力提高<color=#0f70bc>100</color>。
8802001	88020	1	极念	Assets/Product/Texture/Image/IconPetSkill/Pet3MotordragonSkillbeidong03.png	异身释放主动技后，携带角色额外伤害加成提高<color=#0f70bc>1%</color>，持续8秒，重复触发刷新持续时间。
8802002	88020	2	极念	Assets/Product/Texture/Image/IconPetSkill/Pet3MotordragonSkillbeidong03.png	异身释放主动技后，携带角色额外伤害加成提高<color=#0f70bc>2%</color>，持续8秒，重复触发刷新持续时间。
8802003	88020	3	极念	Assets/Product/Texture/Image/IconPetSkill/Pet3MotordragonSkillbeidong03.png	异身释放主动技后，携带角色额外伤害加成提高<color=#0f70bc>3%</color>，持续8秒，重复触发刷新持续时间。
8802004	88020	4	极念	Assets/Product/Texture/Image/IconPetSkill/Pet3MotordragonSkillbeidong03.png	异身释放主动技后，携带角色额外伤害加成提高<color=#0f70bc>4%</color>，持续8秒，重复触发刷新持续时间。
8802005	88020	5	极念	Assets/Product/Texture/Image/IconPetSkill/Pet3MotordragonSkillbeidong03.png	异身释放主动技后，携带角色额外伤害加成提高<color=#0f70bc>5%</color>，持续8秒，重复触发刷新持续时间。
8803001	88030	1	寒渊烬影	Assets/Product/Texture/Image/IconPetSkill/Pet3MotordragonSkillbeidong04.png	携带角色冰属性伤害提高<color=#0f70bc>2%</color>，焚烧伤害提高<color=#0f70bc>2%</color>。
8803002	88030	2	寒渊烬影	Assets/Product/Texture/Image/IconPetSkill/Pet3MotordragonSkillbeidong04.png	携带角色冰属性伤害提高<color=#0f70bc>4%</color>，焚烧伤害提高<color=#0f70bc>4%</color>。
8803003	88030	3	寒渊烬影	Assets/Product/Texture/Image/IconPetSkill/Pet3MotordragonSkillbeidong04.png	携带角色冰属性伤害提高<color=#0f70bc>6%</color>，焚烧伤害提高<color=#0f70bc>6%</color>。
8803004	88030	4	寒渊烬影	Assets/Product/Texture/Image/IconPetSkill/Pet3MotordragonSkillbeidong04.png	携带角色冰属性伤害提高<color=#0f70bc>8%</color>，焚烧伤害提高<color=#0f70bc>8%</color>。
8803005	88030	5	寒渊烬影	Assets/Product/Texture/Image/IconPetSkill/Pet3MotordragonSkillbeidong04.png	携带角色冰属性伤害提高<color=#0f70bc>10%</color>，焚烧伤害提高<color=#0f70bc>10%</color>。
8804001	88040	1	暮日巡游	Assets/Product/Texture/Image/IconPetSkill/Pet3MotordragonSkillbeidong05.png	逆冕携带异身释放满蓄力的<color=#D91414>源响</color>、<color=#D91414>终声</color>时召唤异身协同攻击，手持大太刀时造成2次<color=#0f70bc>300%</color>的冰属性伤害，手持小太刀时造成3次<color=#0f70bc>200%</color>的冰属性伤害；释放<color=#D91414>踏破</color>最后一段时召唤异身协同攻击，造成3次<color=#0f70bc>200%</color>的冰属性伤害；<color=#D91414>深渊相</color>期间基础伤害加成提升<color=#0f70bc>4%</color>，携带焚烧效应时转而改为提升<color=#0f70bc>6%</color>。
8804002	88040	2	暮日巡游	Assets/Product/Texture/Image/IconPetSkill/Pet3MotordragonSkillbeidong05.png	逆冕携带异身释放满蓄力的<color=#D91414>源响</color>、<color=#D91414>终声</color>时召唤异身协同攻击，手持大太刀时造成2次<color=#0f70bc>600%</color>的冰属性伤害，手持小太刀时造成3次<color=#0f70bc>400%</color>的冰属性伤害；释放<color=#D91414>踏破</color>最后一段时召唤异身协同攻击，造成3次<color=#0f70bc>400%</color>的冰属性伤害；<color=#D91414>深渊相</color>期间基础伤害加成提升<color=#0f70bc>8%</color>，携带焚烧效应时转而改为提升<color=#0f70bc>12%</color>。
8804003	88040	3	暮日巡游	Assets/Product/Texture/Image/IconPetSkill/Pet3MotordragonSkillbeidong05.png	逆冕携带异身释放满蓄力的<color=#D91414>源响</color>、<color=#D91414>终声</color>时召唤异身协同攻击，手持大太刀时造成2次<color=#0f70bc>900%</color>的冰属性伤害，手持小太刀时造成3次<color=#0f70bc>600%</color>的冰属性伤害；释放<color=#D91414>踏破</color>最后一段时召唤异身协同攻击，造成3次<color=#0f70bc>600%</color>的冰属性伤害；<color=#D91414>深渊相</color>期间基础伤害加成提升<color=#0f70bc>12%</color>，携带焚烧效应时转而改为提升<color=#0f70bc>18%</color>。
8804004	88040	4	暮日巡游	Assets/Product/Texture/Image/IconPetSkill/Pet3MotordragonSkillbeidong05.png	逆冕携带异身释放满蓄力的<color=#D91414>源响</color>、<color=#D91414>终声</color>时召唤异身协同攻击，手持大太刀时造成2次<color=#0f70bc>1200%</color>的冰属性伤害，手持小太刀时造成3次<color=#0f70bc>800%</color>的冰属性伤害；释放<color=#D91414>踏破</color>最后一段时召唤异身协同攻击，造成3次<color=#0f70bc>800%</color>的冰属性伤害；<color=#D91414>深渊相</color>期间基础伤害加成提升<color=#0f70bc>16%</color>，携带焚烧效应时转而改为提升<color=#0f70bc>24%</color>。
8804005	88040	5	暮日巡游	Assets/Product/Texture/Image/IconPetSkill/Pet3MotordragonSkillbeidong05.png	逆冕携带异身释放满蓄力的<color=#D91414>源响</color>、<color=#D91414>终声</color>时召唤异身协同攻击，手持大太刀时造成2次<color=#0f70bc>1500%</color>的冰属性伤害，手持小太刀时造成3次<color=#0f70bc>1000%</color>的冰属性伤害；释放<color=#D91414>踏破</color>最后一段时召唤异身协同攻击，造成3次<color=#0f70bc>1000%</color>的冰属性伤害；<color=#D91414>深渊相</color>期间基础伤害加成提升<color=#0f70bc>20%</color>，携带焚烧效应时转而改为提升<color=#0f70bc>30%</color>。
179101	1791	1	赫尔曼光栅	Assets/Product/Texture/Image/IconPetSkill/Pet3ChandelierSkillzhudong05.png	任意消除6个基础信号球后，会激活辅助机按钮，释放后，大公将底部转向目标，汇聚三盏灯的能量，向目标射出光束，造成3次<color=#FF6347>130%</color>物理伤害。
179102	1791	2	赫尔曼光栅	Assets/Product/Texture/Image/IconPetSkill/Pet3ChandelierSkillzhudong05.png	任意消除6个基础信号球后，会激活辅助机按钮，释放后，大公将底部转向目标，汇聚三盏灯的能量，向目标射出光束，造成3次<color=#FF6347>260%</color>物理伤害。
179103	1791	3	赫尔曼光栅	Assets/Product/Texture/Image/IconPetSkill/Pet3ChandelierSkillzhudong05.png	任意消除6个基础信号球后，会激活辅助机按钮，释放后，大公将底部转向目标，汇聚三盏灯的能量，向目标射出光束，造成3次<color=#FF6347>390%</color>物理伤害。
179104	1791	4	赫尔曼光栅	Assets/Product/Texture/Image/IconPetSkill/Pet3ChandelierSkillzhudong05.png	任意消除6个基础信号球后，会激活辅助机按钮，释放后，大公将底部转向目标，汇聚三盏灯的能量，向目标射出光束，造成3次<color=#FF6347>520%</color>物理伤害。
179105	1791	5	赫尔曼光栅	Assets/Product/Texture/Image/IconPetSkill/Pet3ChandelierSkillzhudong05.png	任意消除6个基础信号球后，会激活辅助机按钮，释放后，大公将底部转向目标，汇聚三盏灯的能量，向目标射出光束，造成3次<color=#FF6347>650%</color>物理伤害。
179201	1792	1	赫尔曼光栅	Assets/Product/Texture/Image/IconPetSkill/Pet3ChandelierSkillzhudong01.png	任意消除6个基础信号球后，会激活辅助机按钮，释放后，大公将底部转向目标，汇聚三盏灯的能量，向目标射出光束，造成3次<color=#FF6347>130%</color>火属性伤害。
179202	1792	2	赫尔曼光栅	Assets/Product/Texture/Image/IconPetSkill/Pet3ChandelierSkillzhudong01.png	任意消除6个基础信号球后，会激活辅助机按钮，释放后，大公将底部转向目标，汇聚三盏灯的能量，向目标射出光束，造成3次<color=#FF6347>260%</color>火属性伤害。
179203	1792	3	赫尔曼光栅	Assets/Product/Texture/Image/IconPetSkill/Pet3ChandelierSkillzhudong01.png	任意消除6个基础信号球后，会激活辅助机按钮，释放后，大公将底部转向目标，汇聚三盏灯的能量，向目标射出光束，造成3次<color=#FF6347>390%</color>火属性伤害。
179204	1792	4	赫尔曼光栅	Assets/Product/Texture/Image/IconPetSkill/Pet3ChandelierSkillzhudong01.png	任意消除6个基础信号球后，会激活辅助机按钮，释放后，大公将底部转向目标，汇聚三盏灯的能量，向目标射出光束，造成3次<color=#FF6347>520%</color>火属性伤害。
179205	1792	5	赫尔曼光栅	Assets/Product/Texture/Image/IconPetSkill/Pet3ChandelierSkillzhudong01.png	任意消除6个基础信号球后，会激活辅助机按钮，释放后，大公将底部转向目标，汇聚三盏灯的能量，向目标射出光束，造成3次<color=#FF6347>650%</color>火属性伤害。
179301	1793	1	赫尔曼光栅	Assets/Product/Texture/Image/IconPetSkill/Pet3ChandelierSkillzhudong02.png	任意消除6个基础信号球后，会激活辅助机按钮，释放后，大公将底部转向目标，汇聚三盏灯的能量，向目标射出光束，造成3次<color=#FF6347>130%</color>冰属性伤害。
179302	1793	2	赫尔曼光栅	Assets/Product/Texture/Image/IconPetSkill/Pet3ChandelierSkillzhudong02.png	任意消除6个基础信号球后，会激活辅助机按钮，释放后，大公将底部转向目标，汇聚三盏灯的能量，向目标射出光束，造成3次<color=#FF6347>260%</color>冰属性伤害。
179303	1793	3	赫尔曼光栅	Assets/Product/Texture/Image/IconPetSkill/Pet3ChandelierSkillzhudong02.png	任意消除6个基础信号球后，会激活辅助机按钮，释放后，大公将底部转向目标，汇聚三盏灯的能量，向目标射出光束，造成3次<color=#FF6347>390%</color>冰属性伤害。
179304	1793	4	赫尔曼光栅	Assets/Product/Texture/Image/IconPetSkill/Pet3ChandelierSkillzhudong02.png	任意消除6个基础信号球后，会激活辅助机按钮，释放后，大公将底部转向目标，汇聚三盏灯的能量，向目标射出光束，造成3次<color=#FF6347>520%</color>冰属性伤害。
179305	1793	5	赫尔曼光栅	Assets/Product/Texture/Image/IconPetSkill/Pet3ChandelierSkillzhudong02.png	任意消除6个基础信号球后，会激活辅助机按钮，释放后，大公将底部转向目标，汇聚三盏灯的能量，向目标射出光束，造成3次<color=#FF6347>650%</color>冰属性伤害。
179401	1794	1	赫尔曼光栅	Assets/Product/Texture/Image/IconPetSkill/Pet3ChandelierSkillzhudong03.png	任意消除6个基础信号球后，会激活辅助机按钮，释放后，大公将底部转向目标，汇聚三盏灯的能量，向目标射出光束，造成3次<color=#FF6347>130%</color>雷属性伤害。
179402	1794	2	赫尔曼光栅	Assets/Product/Texture/Image/IconPetSkill/Pet3ChandelierSkillzhudong03.png	任意消除6个基础信号球后，会激活辅助机按钮，释放后，大公将底部转向目标，汇聚三盏灯的能量，向目标射出光束，造成3次<color=#FF6347>260%</color>雷属性伤害。
179403	1794	3	赫尔曼光栅	Assets/Product/Texture/Image/IconPetSkill/Pet3ChandelierSkillzhudong03.png	任意消除6个基础信号球后，会激活辅助机按钮，释放后，大公将底部转向目标，汇聚三盏灯的能量，向目标射出光束，造成3次<color=#FF6347>390%</color>雷属性伤害。
179404	1794	4	赫尔曼光栅	Assets/Product/Texture/Image/IconPetSkill/Pet3ChandelierSkillzhudong03.png	任意消除6个基础信号球后，会激活辅助机按钮，释放后，大公将底部转向目标，汇聚三盏灯的能量，向目标射出光束，造成3次<color=#FF6347>520%</color>雷属性伤害。
179405	1794	5	赫尔曼光栅	Assets/Product/Texture/Image/IconPetSkill/Pet3ChandelierSkillzhudong03.png	任意消除6个基础信号球后，会激活辅助机按钮，释放后，大公将底部转向目标，汇聚三盏灯的能量，向目标射出光束，造成3次<color=#FF6347>650%</color>雷属性伤害。
179501	1795	1	赫尔曼光栅	Assets/Product/Texture/Image/IconPetSkill/Pet3ChandelierSkillzhudong04.png	任意消除6个基础信号球后，会激活辅助机按钮，释放后，大公将底部转向目标，汇聚三盏灯的能量，向目标射出光束，造成3次<color=#FF6347>130%</color>暗属性伤害。
179502	1795	2	赫尔曼光栅	Assets/Product/Texture/Image/IconPetSkill/Pet3ChandelierSkillzhudong04.png	任意消除6个基础信号球后，会激活辅助机按钮，释放后，大公将底部转向目标，汇聚三盏灯的能量，向目标射出光束，造成3次<color=#FF6347>260%</color>暗属性伤害。
179503	1795	3	赫尔曼光栅	Assets/Product/Texture/Image/IconPetSkill/Pet3ChandelierSkillzhudong04.png	任意消除6个基础信号球后，会激活辅助机按钮，释放后，大公将底部转向目标，汇聚三盏灯的能量，向目标射出光束，造成3次<color=#FF6347>390%</color>暗属性伤害。
179504	1795	4	赫尔曼光栅	Assets/Product/Texture/Image/IconPetSkill/Pet3ChandelierSkillzhudong04.png	任意消除6个基础信号球后，会激活辅助机按钮，释放后，大公将底部转向目标，汇聚三盏灯的能量，向目标射出光束，造成3次<color=#FF6347>520%</color>暗属性伤害。
179505	1795	5	赫尔曼光栅	Assets/Product/Texture/Image/IconPetSkill/Pet3ChandelierSkillzhudong04.png	任意消除6个基础信号球后，会激活辅助机按钮，释放后，大公将底部转向目标，汇聚三盏灯的能量，向目标射出光束，造成3次<color=#FF6347>650%</color>暗属性伤害。
179601	1796	1	赫尔曼光栅	Assets/Product/Texture/Image/IconPetSkill/Pet3ChandelierSkillzhudong06.png	任意消除6个基础信号球后，会激活辅助机按钮，释放后，大公将底部转向目标，汇聚三盏灯的能量，向目标射出光束，造成3次<color=#FF6347>130%</color>空属性伤害。
179602	1796	2	赫尔曼光栅	Assets/Product/Texture/Image/IconPetSkill/Pet3ChandelierSkillzhudong06.png	任意消除6个基础信号球后，会激活辅助机按钮，释放后，大公将底部转向目标，汇聚三盏灯的能量，向目标射出光束，造成3次<color=#FF6347>260%</color>空属性伤害。
179603	1796	3	赫尔曼光栅	Assets/Product/Texture/Image/IconPetSkill/Pet3ChandelierSkillzhudong06.png	任意消除6个基础信号球后，会激活辅助机按钮，释放后，大公将底部转向目标，汇聚三盏灯的能量，向目标射出光束，造成3次<color=#FF6347>390%</color>空属性伤害。
179604	1796	4	赫尔曼光栅	Assets/Product/Texture/Image/IconPetSkill/Pet3ChandelierSkillzhudong06.png	任意消除6个基础信号球后，会激活辅助机按钮，释放后，大公将底部转向目标，汇聚三盏灯的能量，向目标射出光束，造成3次<color=#FF6347>520%</color>空属性伤害。
179605	1796	5	赫尔曼光栅	Assets/Product/Texture/Image/IconPetSkill/Pet3ChandelierSkillzhudong06.png	任意消除6个基础信号球后，会激活辅助机按钮，释放后，大公将底部转向目标，汇聚三盏灯的能量，向目标射出光束，造成3次<color=#FF6347>650%</color>空属性伤害。
180101	1801	1	格里德火花	Assets/Product/Texture/Image/IconPetSkill/Pet3ChandelierSkillzhudong05.png	任意消除6个基础信号球后，会激活辅助机按钮，释放后，大公飞至空中展开，旋转使三盏小灯分别射出激光，扫射下方目标，造成5次<color=#FF6347>80%</color>物理伤害。
180102	1801	2	格里德火花	Assets/Product/Texture/Image/IconPetSkill/Pet3ChandelierSkillzhudong05.png	任意消除6个基础信号球后，会激活辅助机按钮，释放后，大公飞至空中展开，旋转使三盏小灯分别射出激光，扫射下方目标，造成5次<color=#FF6347>160%</color>物理伤害。
180103	1801	3	格里德火花	Assets/Product/Texture/Image/IconPetSkill/Pet3ChandelierSkillzhudong05.png	任意消除6个基础信号球后，会激活辅助机按钮，释放后，大公飞至空中展开，旋转使三盏小灯分别射出激光，扫射下方目标，造成5次<color=#FF6347>240%</color>物理伤害。
180104	1801	4	格里德火花	Assets/Product/Texture/Image/IconPetSkill/Pet3ChandelierSkillzhudong05.png	任意消除6个基础信号球后，会激活辅助机按钮，释放后，大公飞至空中展开，旋转使三盏小灯分别射出激光，扫射下方目标，造成5次<color=#FF6347>320%</color>物理伤害。
180105	1801	5	格里德火花	Assets/Product/Texture/Image/IconPetSkill/Pet3ChandelierSkillzhudong05.png	任意消除6个基础信号球后，会激活辅助机按钮，释放后，大公飞至空中展开，旋转使三盏小灯分别射出激光，扫射下方目标，造成5次<color=#FF6347>400%</color>物理伤害。
180201	1802	1	格里德火花	Assets/Product/Texture/Image/IconPetSkill/Pet3ChandelierSkillzhudong01.png	任意消除6个基础信号球后，会激活辅助机按钮，释放后，大公飞至空中展开，旋转使三盏小灯分别射出激光，扫射下方目标，造成5次<color=#FF6347>80%</color>火属性伤害。
180202	1802	2	格里德火花	Assets/Product/Texture/Image/IconPetSkill/Pet3ChandelierSkillzhudong01.png	任意消除6个基础信号球后，会激活辅助机按钮，释放后，大公飞至空中展开，旋转使三盏小灯分别射出激光，扫射下方目标，造成5次<color=#FF6347>160%</color>火属性伤害。
180203	1802	3	格里德火花	Assets/Product/Texture/Image/IconPetSkill/Pet3ChandelierSkillzhudong01.png	任意消除6个基础信号球后，会激活辅助机按钮，释放后，大公飞至空中展开，旋转使三盏小灯分别射出激光，扫射下方目标，造成5次<color=#FF6347>240%</color>火属性伤害。
180204	1802	4	格里德火花	Assets/Product/Texture/Image/IconPetSkill/Pet3ChandelierSkillzhudong01.png	任意消除6个基础信号球后，会激活辅助机按钮，释放后，大公飞至空中展开，旋转使三盏小灯分别射出激光，扫射下方目标，造成5次<color=#FF6347>320%</color>火属性伤害。
180205	1802	5	格里德火花	Assets/Product/Texture/Image/IconPetSkill/Pet3ChandelierSkillzhudong01.png	任意消除6个基础信号球后，会激活辅助机按钮，释放后，大公飞至空中展开，旋转使三盏小灯分别射出激光，扫射下方目标，造成5次<color=#FF6347>400%</color>火属性伤害。
180301	1803	1	格里德火花	Assets/Product/Texture/Image/IconPetSkill/Pet3ChandelierSkillzhudong02.png	任意消除6个基础信号球后，会激活辅助机按钮，释放后，大公飞至空中展开，旋转使三盏小灯分别射出激光，扫射下方目标，造成5次<color=#FF6347>80%</color>冰属性伤害。
180302	1803	2	格里德火花	Assets/Product/Texture/Image/IconPetSkill/Pet3ChandelierSkillzhudong02.png	任意消除6个基础信号球后，会激活辅助机按钮，释放后，大公飞至空中展开，旋转使三盏小灯分别射出激光，扫射下方目标，造成5次<color=#FF6347>160%</color>冰属性伤害。
180303	1803	3	格里德火花	Assets/Product/Texture/Image/IconPetSkill/Pet3ChandelierSkillzhudong02.png	任意消除6个基础信号球后，会激活辅助机按钮，释放后，大公飞至空中展开，旋转使三盏小灯分别射出激光，扫射下方目标，造成5次<color=#FF6347>240%</color>冰属性伤害。
180304	1803	4	格里德火花	Assets/Product/Texture/Image/IconPetSkill/Pet3ChandelierSkillzhudong02.png	任意消除6个基础信号球后，会激活辅助机按钮，释放后，大公飞至空中展开，旋转使三盏小灯分别射出激光，扫射下方目标，造成5次<color=#FF6347>320%</color>冰属性伤害。
180305	1803	5	格里德火花	Assets/Product/Texture/Image/IconPetSkill/Pet3ChandelierSkillzhudong02.png	任意消除6个基础信号球后，会激活辅助机按钮，释放后，大公飞至空中展开，旋转使三盏小灯分别射出激光，扫射下方目标，造成5次<color=#FF6347>400%</color>冰属性伤害。
180401	1804	1	格里德火花	Assets/Product/Texture/Image/IconPetSkill/Pet3ChandelierSkillzhudong03.png	任意消除6个基础信号球后，会激活辅助机按钮，释放后，大公飞至空中展开，旋转使三盏小灯分别射出激光，扫射下方目标，造成5次<color=#FF6347>80%</color>雷属性伤害。
180402	1804	2	格里德火花	Assets/Product/Texture/Image/IconPetSkill/Pet3ChandelierSkillzhudong03.png	任意消除6个基础信号球后，会激活辅助机按钮，释放后，大公飞至空中展开，旋转使三盏小灯分别射出激光，扫射下方目标，造成5次<color=#FF6347>160%</color>雷属性伤害。
180403	1804	3	格里德火花	Assets/Product/Texture/Image/IconPetSkill/Pet3ChandelierSkillzhudong03.png	任意消除6个基础信号球后，会激活辅助机按钮，释放后，大公飞至空中展开，旋转使三盏小灯分别射出激光，扫射下方目标，造成5次<color=#FF6347>240%</color>雷属性伤害。
180404	1804	4	格里德火花	Assets/Product/Texture/Image/IconPetSkill/Pet3ChandelierSkillzhudong03.png	任意消除6个基础信号球后，会激活辅助机按钮，释放后，大公飞至空中展开，旋转使三盏小灯分别射出激光，扫射下方目标，造成5次<color=#FF6347>320%</color>雷属性伤害。
180405	1804	5	格里德火花	Assets/Product/Texture/Image/IconPetSkill/Pet3ChandelierSkillzhudong03.png	任意消除6个基础信号球后，会激活辅助机按钮，释放后，大公飞至空中展开，旋转使三盏小灯分别射出激光，扫射下方目标，造成5次<color=#FF6347>400%</color>雷属性伤害。
180501	1805	1	格里德火花	Assets/Product/Texture/Image/IconPetSkill/Pet3ChandelierSkillzhudong04.png	任意消除6个基础信号球后，会激活辅助机按钮，释放后，大公飞至空中展开，旋转使三盏小灯分别射出激光，扫射下方目标，造成5次<color=#FF6347>80%</color>暗属性伤害。
180502	1805	2	格里德火花	Assets/Product/Texture/Image/IconPetSkill/Pet3ChandelierSkillzhudong04.png	任意消除6个基础信号球后，会激活辅助机按钮，释放后，大公飞至空中展开，旋转使三盏小灯分别射出激光，扫射下方目标，造成5次<color=#FF6347>160%</color>暗属性伤害。
180503	1805	3	格里德火花	Assets/Product/Texture/Image/IconPetSkill/Pet3ChandelierSkillzhudong04.png	任意消除6个基础信号球后，会激活辅助机按钮，释放后，大公飞至空中展开，旋转使三盏小灯分别射出激光，扫射下方目标，造成5次<color=#FF6347>240%</color>暗属性伤害。
180504	1805	4	格里德火花	Assets/Product/Texture/Image/IconPetSkill/Pet3ChandelierSkillzhudong04.png	任意消除6个基础信号球后，会激活辅助机按钮，释放后，大公飞至空中展开，旋转使三盏小灯分别射出激光，扫射下方目标，造成5次<color=#FF6347>320%</color>暗属性伤害。
180505	1805	5	格里德火花	Assets/Product/Texture/Image/IconPetSkill/Pet3ChandelierSkillzhudong04.png	任意消除6个基础信号球后，会激活辅助机按钮，释放后，大公飞至空中展开，旋转使三盏小灯分别射出激光，扫射下方目标，造成5次<color=#FF6347>400%</color>暗属性伤害。
180601	1806	1	格里德火花	Assets/Product/Texture/Image/IconPetSkill/Pet3ChandelierSkillzhudong06.png	任意消除6个基础信号球后，会激活辅助机按钮，释放后，大公飞至空中展开，旋转使三盏小灯分别射出激光，扫射下方目标，造成5次<color=#FF6347>80%</color>空属性伤害。
180602	1806	2	格里德火花	Assets/Product/Texture/Image/IconPetSkill/Pet3ChandelierSkillzhudong06.png	任意消除6个基础信号球后，会激活辅助机按钮，释放后，大公飞至空中展开，旋转使三盏小灯分别射出激光，扫射下方目标，造成5次<color=#FF6347>160%</color>空属性伤害。
180603	1806	3	格里德火花	Assets/Product/Texture/Image/IconPetSkill/Pet3ChandelierSkillzhudong06.png	任意消除6个基础信号球后，会激活辅助机按钮，释放后，大公飞至空中展开，旋转使三盏小灯分别射出激光，扫射下方目标，造成5次<color=#FF6347>240%</color>空属性伤害。
180604	1806	4	格里德火花	Assets/Product/Texture/Image/IconPetSkill/Pet3ChandelierSkillzhudong06.png	任意消除6个基础信号球后，会激活辅助机按钮，释放后，大公飞至空中展开，旋转使三盏小灯分别射出激光，扫射下方目标，造成5次<color=#FF6347>320%</color>空属性伤害。
180605	1806	5	格里德火花	Assets/Product/Texture/Image/IconPetSkill/Pet3ChandelierSkillzhudong06.png	任意消除6个基础信号球后，会激活辅助机按钮，释放后，大公飞至空中展开，旋转使三盏小灯分别射出激光，扫射下方目标，造成5次<color=#FF6347>400%</color>空属性伤害。
8900001	89000	1	假色	Assets/Product/Texture/Image/IconPetSkill/Pet3ChandelierSkillbeidong01.png	大公主动技伤害提高<color=#0f70bc>14%</color>。
8900002	89000	2	假色	Assets/Product/Texture/Image/IconPetSkill/Pet3ChandelierSkillbeidong01.png	大公主动技伤害提高<color=#0f70bc>28%</color>。
8900003	89000	3	假色	Assets/Product/Texture/Image/IconPetSkill/Pet3ChandelierSkillbeidong01.png	大公主动技伤害提高<color=#0f70bc>42%</color>。
8900004	89000	4	假色	Assets/Product/Texture/Image/IconPetSkill/Pet3ChandelierSkillbeidong01.png	大公主动技伤害提高<color=#0f70bc>56%</color>。
8900005	89000	5	假色	Assets/Product/Texture/Image/IconPetSkill/Pet3ChandelierSkillbeidong01.png	大公主动技伤害提高<color=#0f70bc>70%</color>。
8901001	89010	1	晕彩	Assets/Product/Texture/Image/IconPetSkill/Pet3MotordragonSkillbeidong02.png	携带角色攻击力提高<color=#0f70bc>20</color>。
8901002	89010	2	晕彩	Assets/Product/Texture/Image/IconPetSkill/Pet3MotordragonSkillbeidong02.png	携带角色攻击力提高<color=#0f70bc>40</color>。
8901003	89010	3	晕彩	Assets/Product/Texture/Image/IconPetSkill/Pet3MotordragonSkillbeidong02.png	携带角色攻击力提高<color=#0f70bc>60</color>。
8901004	89010	4	晕彩	Assets/Product/Texture/Image/IconPetSkill/Pet3MotordragonSkillbeidong02.png	携带角色攻击力提高<color=#0f70bc>80</color>。
8901005	89010	5	晕彩	Assets/Product/Texture/Image/IconPetSkill/Pet3MotordragonSkillbeidong02.png	携带角色攻击力提高<color=#0f70bc>100</color>。
8902001	89020	1	弧矢彗差	Assets/Product/Texture/Image/IconPetSkill/Pet3ChandelierSkillbeidong03.png	大公释放主动技后，携带角色额外伤害加成提高<color=#0f70bc>1%</color>，持续8秒，重复触发刷新持续时间。
8902002	89020	2	弧矢彗差	Assets/Product/Texture/Image/IconPetSkill/Pet3ChandelierSkillbeidong03.png	大公释放主动技后，携带角色额外伤害加成提高<color=#0f70bc>2%</color>，持续8秒，重复触发刷新持续时间。
8902003	89020	3	弧矢彗差	Assets/Product/Texture/Image/IconPetSkill/Pet3ChandelierSkillbeidong03.png	大公释放主动技后，携带角色额外伤害加成提高<color=#0f70bc>3%</color>，持续8秒，重复触发刷新持续时间。
8902004	89020	4	弧矢彗差	Assets/Product/Texture/Image/IconPetSkill/Pet3ChandelierSkillbeidong03.png	大公释放主动技后，携带角色额外伤害加成提高<color=#0f70bc>4%</color>，持续8秒，重复触发刷新持续时间。
8902005	89020	5	弧矢彗差	Assets/Product/Texture/Image/IconPetSkill/Pet3ChandelierSkillbeidong03.png	大公释放主动技后，携带角色额外伤害加成提高<color=#0f70bc>5%</color>，持续8秒，重复触发刷新持续时间。
8903001	89030	1	萤石色散	Assets/Product/Texture/Image/IconPetSkill/Pet3ChandelierSkillbeidong04.png	携带角色雷属性伤害提高<color=#0f70bc>2%</color>，若携带覆冰效应，冰属性伤害提高<color=#0f70bc>2%</color>。
8903002	89030	2	萤石色散	Assets/Product/Texture/Image/IconPetSkill/Pet3ChandelierSkillbeidong04.png	携带角色雷属性伤害提高<color=#0f70bc>4%</color>，若携带覆冰效应，冰属性伤害提高<color=#0f70bc>4%</color>。
8903003	89030	3	萤石色散	Assets/Product/Texture/Image/IconPetSkill/Pet3ChandelierSkillbeidong04.png	携带角色雷属性伤害提高<color=#0f70bc>6%</color>，若携带覆冰效应，冰属性伤害提高<color=#0f70bc>6%</color>。
8903004	89030	4	萤石色散	Assets/Product/Texture/Image/IconPetSkill/Pet3ChandelierSkillbeidong04.png	携带角色雷属性伤害提高<color=#0f70bc>8%</color>，若携带覆冰效应，冰属性伤害提高<color=#0f70bc>8%</color>。
8903005	89030	5	萤石色散	Assets/Product/Texture/Image/IconPetSkill/Pet3ChandelierSkillbeidong04.png	携带角色雷属性伤害提高<color=#0f70bc>10%</color>，若携带覆冰效应，冰属性伤害提高<color=#0f70bc>10%</color>。
8904001	89040	1	菲涅尔透镜	Assets/Product/Texture/Image/IconPetSkill/Pet3ChandelierSkillbeidong05.png	安魂携带大公释放<color=#D91414>偏折</color>、<color=#D91414>投注</color>、<color=#D91414>退行</color>时，召唤大公协同攻击并施加聚怪效果，大公飞至空中，进行钟摆运动并发动三次音波攻击，分别造成3次<color=#0f70bc>200%</color>雷属性伤害。<color=#0f70bc>投注</color>、<color=#0f70bc>退行</color>、<color=#0f70bc>暗喻涌现</color>基础伤害提升<color=#0f70bc>10%</color>。
8904002	89040	2	菲涅尔透镜	Assets/Product/Texture/Image/IconPetSkill/Pet3ChandelierSkillbeidong05.png	安魂携带大公释放<color=#D91414>偏折</color>、<color=#D91414>投注</color>、<color=#D91414>退行</color>时，召唤大公协同攻击并施加聚怪效果，大公飞至空中，进行钟摆运动并发动三次音波攻击，分别造成3次<color=#0f70bc>400%</color>雷属性伤害。<color=#0f70bc>投注</color>、<color=#0f70bc>退行</color>、<color=#0f70bc>暗喻涌现</color>基础伤害提升<color=#0f70bc>20%</color>。
8904003	89040	3	菲涅尔透镜	Assets/Product/Texture/Image/IconPetSkill/Pet3ChandelierSkillbeidong05.png	安魂携带大公释放<color=#D91414>偏折</color>、<color=#D91414>投注</color>、<color=#D91414>退行</color>时，召唤大公协同攻击并施加聚怪效果，大公飞至空中，进行钟摆运动并发动三次音波攻击，分别造成3次<color=#0f70bc>600%</color>雷属性伤害。<color=#0f70bc>投注</color>、<color=#0f70bc>退行</color>、<color=#0f70bc>暗喻涌现</color>基础伤害提升<color=#0f70bc>30%</color>。
8904004	89040	4	菲涅尔透镜	Assets/Product/Texture/Image/IconPetSkill/Pet3ChandelierSkillbeidong05.png	安魂携带大公释放<color=#D91414>偏折</color>、<color=#D91414>投注</color>、<color=#D91414>退行</color>时，召唤大公协同攻击并施加聚怪效果，大公飞至空中，进行钟摆运动并发动三次音波攻击，分别造成3次<color=#0f70bc>800%</color>雷属性伤害。<color=#0f70bc>投注</color>、<color=#0f70bc>退行</color>、<color=#0f70bc>暗喻涌现</color>基础伤害提升<color=#0f70bc>40%</color>。
8904005	89040	5	菲涅尔透镜	Assets/Product/Texture/Image/IconPetSkill/Pet3ChandelierSkillbeidong05.png	安魂携带大公释放<color=#D91414>偏折</color>、<color=#D91414>投注</color>、<color=#D91414>退行</color>时，召唤大公协同攻击并施加聚怪效果，大公飞至空中，进行钟摆运动并发动三次音波攻击，分别造成3次<color=#0f70bc>1000%</color>雷属性伤害。<color=#0f70bc>投注</color>、<color=#0f70bc>退行</color>、<color=#0f70bc>暗喻涌现</color>基础伤害提升<color=#0f70bc>50%</color>。
181101	1811	1	星跃脉冲·物	Assets/Product/Texture/Image/IconPetSkill/Pet3StarfishSkillzhudong05.png	任意消除6个基础信号球后，会激活辅助机按钮，释放后派德里连续射出光束，并施加聚怪效果，造成3次<color=#FF6347>130%</color>物理伤害。
181102	1811	2	星跃脉冲·物	Assets/Product/Texture/Image/IconPetSkill/Pet3StarfishSkillzhudong05.png	任意消除6个基础信号球后，会激活辅助机按钮，释放后派德里连续射出光束，并施加聚怪效果，造成3次<color=#FF6347>260%</color>物理伤害。
181103	1811	3	星跃脉冲·物	Assets/Product/Texture/Image/IconPetSkill/Pet3StarfishSkillzhudong05.png	任意消除6个基础信号球后，会激活辅助机按钮，释放后派德里连续射出光束，并施加聚怪效果，造成3次<color=#FF6347>390%</color>物理伤害。
181104	1811	4	星跃脉冲·物	Assets/Product/Texture/Image/IconPetSkill/Pet3StarfishSkillzhudong05.png	任意消除6个基础信号球后，会激活辅助机按钮，释放后派德里连续射出光束，并施加聚怪效果，造成3次<color=#FF6347>520%</color>物理伤害。
181105	1811	5	星跃脉冲·物	Assets/Product/Texture/Image/IconPetSkill/Pet3StarfishSkillzhudong05.png	任意消除6个基础信号球后，会激活辅助机按钮，释放后派德里连续射出光束，并施加聚怪效果，造成3次<color=#FF6347>650%</color>物理伤害。
181201	1812	1	星跃脉冲·火	Assets/Product/Texture/Image/IconPetSkill/Pet3StarfishSkillzhudong01.png	任意消除6个基础信号球后，会激活辅助机按钮，释放后派德里连续射出光束，并施加聚怪效果，造成3次<color=#FF6347>130%</color>火属性伤害。
181202	1812	2	星跃脉冲·火	Assets/Product/Texture/Image/IconPetSkill/Pet3StarfishSkillzhudong01.png	任意消除6个基础信号球后，会激活辅助机按钮，释放后派德里连续射出光束，并施加聚怪效果，造成3次<color=#FF6347>260%</color>火属性伤害。
181203	1812	3	星跃脉冲·火	Assets/Product/Texture/Image/IconPetSkill/Pet3StarfishSkillzhudong01.png	任意消除6个基础信号球后，会激活辅助机按钮，释放后派德里连续射出光束，并施加聚怪效果，造成3次<color=#FF6347>390%</color>火属性伤害。
181204	1812	4	星跃脉冲·火	Assets/Product/Texture/Image/IconPetSkill/Pet3StarfishSkillzhudong01.png	任意消除6个基础信号球后，会激活辅助机按钮，释放后派德里连续射出光束，并施加聚怪效果，造成3次<color=#FF6347>520%</color>火属性伤害。
181205	1812	5	星跃脉冲·火	Assets/Product/Texture/Image/IconPetSkill/Pet3StarfishSkillzhudong01.png	任意消除6个基础信号球后，会激活辅助机按钮，释放后派德里连续射出光束，并施加聚怪效果，造成3次<color=#FF6347>650%</color>火属性伤害。
181301	1813	1	星跃脉冲·冰	Assets/Product/Texture/Image/IconPetSkill/Pet3StarfishSkillzhudong02.png	任意消除6个基础信号球后，会激活辅助机按钮，释放后派德里连续射出光束，并施加聚怪效果，造成3次<color=#FF6347>130%</color>冰属性伤害。
181302	1813	2	星跃脉冲·冰	Assets/Product/Texture/Image/IconPetSkill/Pet3StarfishSkillzhudong02.png	任意消除6个基础信号球后，会激活辅助机按钮，释放后派德里连续射出光束，并施加聚怪效果，造成3次<color=#FF6347>260%</color>冰属性伤害。
181303	1813	3	星跃脉冲·冰	Assets/Product/Texture/Image/IconPetSkill/Pet3StarfishSkillzhudong02.png	任意消除6个基础信号球后，会激活辅助机按钮，释放后派德里连续射出光束，并施加聚怪效果，造成3次<color=#FF6347>390%</color>冰属性伤害。
181304	1813	4	星跃脉冲·冰	Assets/Product/Texture/Image/IconPetSkill/Pet3StarfishSkillzhudong02.png	任意消除6个基础信号球后，会激活辅助机按钮，释放后派德里连续射出光束，并施加聚怪效果，造成3次<color=#FF6347>520%</color>冰属性伤害。
181305	1813	5	星跃脉冲·冰	Assets/Product/Texture/Image/IconPetSkill/Pet3StarfishSkillzhudong02.png	任意消除6个基础信号球后，会激活辅助机按钮，释放后派德里连续射出光束，并施加聚怪效果，造成3次<color=#FF6347>650%</color>冰属性伤害。
181401	1814	1	星跃脉冲·雷	Assets/Product/Texture/Image/IconPetSkill/Pet3StarfishSkillzhudong03.png	任意消除6个基础信号球后，会激活辅助机按钮，释放后派德里连续射出光束，并施加聚怪效果，造成3次<color=#FF6347>130%</color>雷属性伤害。
181402	1814	2	星跃脉冲·雷	Assets/Product/Texture/Image/IconPetSkill/Pet3StarfishSkillzhudong03.png	任意消除6个基础信号球后，会激活辅助机按钮，释放后派德里连续射出光束，并施加聚怪效果，造成3次<color=#FF6347>260%</color>雷属性伤害。
181403	1814	3	星跃脉冲·雷	Assets/Product/Texture/Image/IconPetSkill/Pet3StarfishSkillzhudong03.png	任意消除6个基础信号球后，会激活辅助机按钮，释放后派德里连续射出光束，并施加聚怪效果，造成3次<color=#FF6347>390%</color>雷属性伤害。
181404	1814	4	星跃脉冲·雷	Assets/Product/Texture/Image/IconPetSkill/Pet3StarfishSkillzhudong03.png	任意消除6个基础信号球后，会激活辅助机按钮，释放后派德里连续射出光束，并施加聚怪效果，造成3次<color=#FF6347>520%</color>雷属性伤害。
181405	1814	5	星跃脉冲·雷	Assets/Product/Texture/Image/IconPetSkill/Pet3StarfishSkillzhudong03.png	任意消除6个基础信号球后，会激活辅助机按钮，释放后派德里连续射出光束，并施加聚怪效果，造成3次<color=#FF6347>650%</color>雷属性伤害。
181501	1815	1	星跃脉冲·暗	Assets/Product/Texture/Image/IconPetSkill/Pet3StarfishSkillzhudong04.png	任意消除6个基础信号球后，会激活辅助机按钮，释放后派德里连续射出光束，并施加聚怪效果，造成3次<color=#FF6347>130%</color>暗属性伤害。
181502	1815	2	星跃脉冲·暗	Assets/Product/Texture/Image/IconPetSkill/Pet3StarfishSkillzhudong04.png	任意消除6个基础信号球后，会激活辅助机按钮，释放后派德里连续射出光束，并施加聚怪效果，造成3次<color=#FF6347>260%</color>暗属性伤害。
181503	1815	3	星跃脉冲·暗	Assets/Product/Texture/Image/IconPetSkill/Pet3StarfishSkillzhudong04.png	任意消除6个基础信号球后，会激活辅助机按钮，释放后派德里连续射出光束，并施加聚怪效果，造成3次<color=#FF6347>390%</color>暗属性伤害。
181504	1815	4	星跃脉冲·暗	Assets/Product/Texture/Image/IconPetSkill/Pet3StarfishSkillzhudong04.png	任意消除6个基础信号球后，会激活辅助机按钮，释放后派德里连续射出光束，并施加聚怪效果，造成3次<color=#FF6347>520%</color>暗属性伤害。
181505	1815	5	星跃脉冲·暗	Assets/Product/Texture/Image/IconPetSkill/Pet3StarfishSkillzhudong04.png	任意消除6个基础信号球后，会激活辅助机按钮，释放后派德里连续射出光束，并施加聚怪效果，造成3次<color=#FF6347>650%</color>暗属性伤害。
181601	1816	1	星跃脉冲·空	Assets/Product/Texture/Image/IconPetSkill/Pet3StarfishSkillzhudong06.png	任意消除6个基础信号球后，会激活辅助机按钮，释放后派德里连续射出光束，并施加聚怪效果，造成3次<color=#FF6347>130%</color>空属性伤害。
181602	1816	2	星跃脉冲·空	Assets/Product/Texture/Image/IconPetSkill/Pet3StarfishSkillzhudong06.png	任意消除6个基础信号球后，会激活辅助机按钮，释放后派德里连续射出光束，并施加聚怪效果，造成3次<color=#FF6347>260%</color>空属性伤害。
181603	1816	3	星跃脉冲·空	Assets/Product/Texture/Image/IconPetSkill/Pet3StarfishSkillzhudong06.png	任意消除6个基础信号球后，会激活辅助机按钮，释放后派德里连续射出光束，并施加聚怪效果，造成3次<color=#FF6347>390%</color>空属性伤害。
181604	1816	4	星跃脉冲·空	Assets/Product/Texture/Image/IconPetSkill/Pet3StarfishSkillzhudong06.png	任意消除6个基础信号球后，会激活辅助机按钮，释放后派德里连续射出光束，并施加聚怪效果，造成3次<color=#FF6347>520%</color>空属性伤害。
181605	1816	5	星跃脉冲·空	Assets/Product/Texture/Image/IconPetSkill/Pet3StarfishSkillzhudong06.png	任意消除6个基础信号球后，会激活辅助机按钮，释放后派德里连续射出光束，并施加聚怪效果，造成3次<color=#FF6347>650%</color>空属性伤害。
182101	1821	1	解离突进·物	Assets/Product/Texture/Image/IconPetSkill/Pet3StarfishSkillzhudong05.png	任意消除6个基础信号球后，会激活辅助机按钮，释放后派德里会向敌人发起冲锋，造成2次<color=#FF6347>200%</color>物理伤害。
182102	1821	2	解离突进·物	Assets/Product/Texture/Image/IconPetSkill/Pet3StarfishSkillzhudong05.png	任意消除6个基础信号球后，会激活辅助机按钮，释放后派德里会向敌人发起冲锋，造成2次<color=#FF6347>400%</color>物理伤害。
182103	1821	3	解离突进·物	Assets/Product/Texture/Image/IconPetSkill/Pet3StarfishSkillzhudong05.png	任意消除6个基础信号球后，会激活辅助机按钮，释放后派德里会向敌人发起冲锋，造成2次<color=#FF6347>600%</color>物理伤害。
182104	1821	4	解离突进·物	Assets/Product/Texture/Image/IconPetSkill/Pet3StarfishSkillzhudong05.png	任意消除6个基础信号球后，会激活辅助机按钮，释放后派德里会向敌人发起冲锋，造成2次<color=#FF6347>800%</color>物理伤害。
182105	1821	5	解离突进·物	Assets/Product/Texture/Image/IconPetSkill/Pet3StarfishSkillzhudong05.png	任意消除6个基础信号球后，会激活辅助机按钮，释放后派德里会向敌人发起冲锋，造成2次<color=#FF6347>1000%</color>物理伤害。
182201	1822	1	解离突进·火	Assets/Product/Texture/Image/IconPetSkill/Pet3StarfishSkillzhudong01.png	任意消除6个基础信号球后，会激活辅助机按钮，释放后派德里会向敌人发起冲锋，造成2次<color=#FF6347>200%</color>火属性伤害。
182202	1822	2	解离突进·火	Assets/Product/Texture/Image/IconPetSkill/Pet3StarfishSkillzhudong01.png	任意消除6个基础信号球后，会激活辅助机按钮，释放后派德里会向敌人发起冲锋，造成2次<color=#FF6347>400%</color>火属性伤害。
182203	1822	3	解离突进·火	Assets/Product/Texture/Image/IconPetSkill/Pet3StarfishSkillzhudong01.png	任意消除6个基础信号球后，会激活辅助机按钮，释放后派德里会向敌人发起冲锋，造成2次<color=#FF6347>600%</color>火属性伤害。
182204	1822	4	解离突进·火	Assets/Product/Texture/Image/IconPetSkill/Pet3StarfishSkillzhudong01.png	任意消除6个基础信号球后，会激活辅助机按钮，释放后派德里会向敌人发起冲锋，造成2次<color=#FF6347>800%</color>火属性伤害。
182205	1822	5	解离突进·火	Assets/Product/Texture/Image/IconPetSkill/Pet3StarfishSkillzhudong01.png	任意消除6个基础信号球后，会激活辅助机按钮，释放后派德里会向敌人发起冲锋，造成2次<color=#FF6347>1000%</color>火属性伤害。
182301	1823	1	解离突进·冰	Assets/Product/Texture/Image/IconPetSkill/Pet3StarfishSkillzhudong02.png	任意消除6个基础信号球后，会激活辅助机按钮，释放后派德里会向敌人发起冲锋，造成2次<color=#FF6347>200%</color>冰属性伤害。
182302	1823	2	解离突进·冰	Assets/Product/Texture/Image/IconPetSkill/Pet3StarfishSkillzhudong02.png	任意消除6个基础信号球后，会激活辅助机按钮，释放后派德里会向敌人发起冲锋，造成2次<color=#FF6347>400%</color>冰属性伤害。
182303	1823	3	解离突进·冰	Assets/Product/Texture/Image/IconPetSkill/Pet3StarfishSkillzhudong02.png	任意消除6个基础信号球后，会激活辅助机按钮，释放后派德里会向敌人发起冲锋，造成2次<color=#FF6347>600%</color>冰属性伤害。
182304	1823	4	解离突进·冰	Assets/Product/Texture/Image/IconPetSkill/Pet3StarfishSkillzhudong02.png	任意消除6个基础信号球后，会激活辅助机按钮，释放后派德里会向敌人发起冲锋，造成2次<color=#FF6347>800%</color>冰属性伤害。
182305	1823	5	解离突进·冰	Assets/Product/Texture/Image/IconPetSkill/Pet3StarfishSkillzhudong02.png	任意消除6个基础信号球后，会激活辅助机按钮，释放后派德里会向敌人发起冲锋，造成2次<color=#FF6347>1000%</color>冰属性伤害。
182401	1824	1	解离突进·雷	Assets/Product/Texture/Image/IconPetSkill/Pet3StarfishSkillzhudong03.png	任意消除6个基础信号球后，会激活辅助机按钮，释放后派德里会向敌人发起冲锋，造成2次<color=#FF6347>200%</color>雷属性伤害。
182402	1824	2	解离突进·雷	Assets/Product/Texture/Image/IconPetSkill/Pet3StarfishSkillzhudong03.png	任意消除6个基础信号球后，会激活辅助机按钮，释放后派德里会向敌人发起冲锋，造成2次<color=#FF6347>400%</color>雷属性伤害。
182403	1824	3	解离突进·雷	Assets/Product/Texture/Image/IconPetSkill/Pet3StarfishSkillzhudong03.png	任意消除6个基础信号球后，会激活辅助机按钮，释放后派德里会向敌人发起冲锋，造成2次<color=#FF6347>600%</color>雷属性伤害。
182404	1824	4	解离突进·雷	Assets/Product/Texture/Image/IconPetSkill/Pet3StarfishSkillzhudong03.png	任意消除6个基础信号球后，会激活辅助机按钮，释放后派德里会向敌人发起冲锋，造成2次<color=#FF6347>800%</color>雷属性伤害。
182405	1824	5	解离突进·雷	Assets/Product/Texture/Image/IconPetSkill/Pet3StarfishSkillzhudong03.png	任意消除6个基础信号球后，会激活辅助机按钮，释放后派德里会向敌人发起冲锋，造成2次<color=#FF6347>1000%</color>雷属性伤害。
182501	1825	1	解离突进·暗	Assets/Product/Texture/Image/IconPetSkill/Pet3StarfishSkillzhudong04.png	任意消除6个基础信号球后，会激活辅助机按钮，释放后派德里会向敌人发起冲锋，造成2次<color=#FF6347>200%</color>暗属性伤害。
182502	1825	2	解离突进·暗	Assets/Product/Texture/Image/IconPetSkill/Pet3StarfishSkillzhudong04.png	任意消除6个基础信号球后，会激活辅助机按钮，释放后派德里会向敌人发起冲锋，造成2次<color=#FF6347>400%</color>暗属性伤害。
182503	1825	3	解离突进·暗	Assets/Product/Texture/Image/IconPetSkill/Pet3StarfishSkillzhudong04.png	任意消除6个基础信号球后，会激活辅助机按钮，释放后派德里会向敌人发起冲锋，造成2次<color=#FF6347>600%</color>暗属性伤害。
182504	1825	4	解离突进·暗	Assets/Product/Texture/Image/IconPetSkill/Pet3StarfishSkillzhudong04.png	任意消除6个基础信号球后，会激活辅助机按钮，释放后派德里会向敌人发起冲锋，造成2次<color=#FF6347>800%</color>暗属性伤害。
182505	1825	5	解离突进·暗	Assets/Product/Texture/Image/IconPetSkill/Pet3StarfishSkillzhudong04.png	任意消除6个基础信号球后，会激活辅助机按钮，释放后派德里会向敌人发起冲锋，造成2次<color=#FF6347>1000%</color>暗属性伤害。
182601	1826	1	解离突进·空	Assets/Product/Texture/Image/IconPetSkill/Pet3StarfishSkillzhudong06.png	任意消除6个基础信号球后，会激活辅助机按钮，释放后派德里会向敌人发起冲锋，造成2次<color=#FF6347>200%</color>空属性伤害。
182602	1826	2	解离突进·空	Assets/Product/Texture/Image/IconPetSkill/Pet3StarfishSkillzhudong06.png	任意消除6个基础信号球后，会激活辅助机按钮，释放后派德里会向敌人发起冲锋，造成2次<color=#FF6347>400%</color>空属性伤害。
182603	1826	3	解离突进·空	Assets/Product/Texture/Image/IconPetSkill/Pet3StarfishSkillzhudong06.png	任意消除6个基础信号球后，会激活辅助机按钮，释放后派德里会向敌人发起冲锋，造成2次<color=#FF6347>600%</color>空属性伤害。
182604	1826	4	解离突进·空	Assets/Product/Texture/Image/IconPetSkill/Pet3StarfishSkillzhudong06.png	任意消除6个基础信号球后，会激活辅助机按钮，释放后派德里会向敌人发起冲锋，造成2次<color=#FF6347>800%</color>空属性伤害。
182605	1826	5	解离突进·空	Assets/Product/Texture/Image/IconPetSkill/Pet3StarfishSkillzhudong06.png	任意消除6个基础信号球后，会激活辅助机按钮，释放后派德里会向敌人发起冲锋，造成2次<color=#FF6347>1000%</color>空属性伤害。
9000001	90000	1	极向校定	Assets/Product/Texture/Image/IconPetSkill/Pet3StarfishSkillbeidong01.png	派德里主动技伤害提高<color=#0f70bc>14%</color>。
9000002	90000	2	极向校定	Assets/Product/Texture/Image/IconPetSkill/Pet3StarfishSkillbeidong01.png	派德里主动技伤害提高<color=#0f70bc>28%</color>。
9000003	90000	3	极向校定	Assets/Product/Texture/Image/IconPetSkill/Pet3StarfishSkillbeidong01.png	派德里主动技伤害提高<color=#0f70bc>42%</color>。
9000004	90000	4	极向校定	Assets/Product/Texture/Image/IconPetSkill/Pet3StarfishSkillbeidong01.png	派德里主动技伤害提高<color=#0f70bc>56%</color>。
9000005	90000	5	极向校定	Assets/Product/Texture/Image/IconPetSkill/Pet3StarfishSkillbeidong01.png	派德里主动技伤害提高<color=#0f70bc>70%</color>。
9001001	90010	1	域相合迹	Assets/Product/Texture/Image/IconPetSkill/Pet3StarfishSkillbeidong02.png	携带角色攻击力提高<color=#0f70bc>20</color>。
9001002	90010	2	域相合迹	Assets/Product/Texture/Image/IconPetSkill/Pet3StarfishSkillbeidong02.png	携带角色攻击力提高<color=#0f70bc>40</color>。
9001003	90010	3	域相合迹	Assets/Product/Texture/Image/IconPetSkill/Pet3StarfishSkillbeidong02.png	携带角色攻击力提高<color=#0f70bc>60</color>。
9001004	90010	4	域相合迹	Assets/Product/Texture/Image/IconPetSkill/Pet3StarfishSkillbeidong02.png	携带角色攻击力提高<color=#0f70bc>80</color>。
9001005	90010	5	域相合迹	Assets/Product/Texture/Image/IconPetSkill/Pet3StarfishSkillbeidong02.png	携带角色攻击力提高<color=#0f70bc>100</color>。
9002001	90020	1	连锁载能	Assets/Product/Texture/Image/IconPetSkill/Pet3StarfishSkillbeidong03.png	派德里释放主动技后，携带角色额外伤害加成提高<color=#0f70bc>1%</color>，持续8秒，重复触发刷新持续时间。
9002002	90020	2	连锁载能	Assets/Product/Texture/Image/IconPetSkill/Pet3StarfishSkillbeidong03.png	派德里释放主动技后，携带角色额外伤害加成提高<color=#0f70bc>2%</color>，持续8秒，重复触发刷新持续时间。
9002003	90020	3	连锁载能	Assets/Product/Texture/Image/IconPetSkill/Pet3StarfishSkillbeidong03.png	派德里释放主动技后，携带角色额外伤害加成提高<color=#0f70bc>3%</color>，持续8秒，重复触发刷新持续时间。
9002004	90020	4	连锁载能	Assets/Product/Texture/Image/IconPetSkill/Pet3StarfishSkillbeidong03.png	派德里释放主动技后，携带角色额外伤害加成提高<color=#0f70bc>4%</color>，持续8秒，重复触发刷新持续时间。
9002005	90020	5	连锁载能	Assets/Product/Texture/Image/IconPetSkill/Pet3StarfishSkillbeidong03.png	派德里释放主动技后，携带角色额外伤害加成提高<color=#0f70bc>5%</color>，持续8秒，重复触发刷新持续时间。
9003001	90030	1	引猎星环	Assets/Product/Texture/Image/IconPetSkill/Pet3StarfishSkillbeidong04.png	携带角色物理伤害提高<color=#0f70bc>2%</color>，黯衍伤害提高<color=#0f70bc>2%</color>。
9003002	90030	2	引猎星环	Assets/Product/Texture/Image/IconPetSkill/Pet3StarfishSkillbeidong04.png	携带角色物理伤害提高<color=#0f70bc>4%</color>，黯衍伤害提高<color=#0f70bc>4%</color>。
9003003	90030	3	引猎星环	Assets/Product/Texture/Image/IconPetSkill/Pet3StarfishSkillbeidong04.png	携带角色物理伤害提高<color=#0f70bc>6%</color>，黯衍伤害提高<color=#0f70bc>6%</color>。
9003004	90030	4	引猎星环	Assets/Product/Texture/Image/IconPetSkill/Pet3StarfishSkillbeidong04.png	携带角色物理伤害提高<color=#0f70bc>8%</color>，黯衍伤害提高<color=#0f70bc>8%</color>。
9003005	90030	5	引猎星环	Assets/Product/Texture/Image/IconPetSkill/Pet3StarfishSkillbeidong04.png	携带角色物理伤害提高<color=#0f70bc>10%</color>，黯衍伤害提高<color=#0f70bc>10%</color>。
9004001	90040	1	烁港炽航	Assets/Product/Texture/Image/IconPetSkill/Pet3StarfishSkillbeidong05.png	卡列尼娜·烬航携带派德里释放<color=#D91414>纵滔锐进</color>时，召唤派德里协同攻击，分别造成8次<color=#0f70bc>187.5%</color>物理属性伤害。卡列尼娜·烬航进入<color=#0f70bc>渡激流</color>期间时自身攻击力提升<color=#0f70bc>4%</color>，持续8秒，重复触发刷新持续时间。
9004002	90040	2	烁港炽航	Assets/Product/Texture/Image/IconPetSkill/Pet3StarfishSkillbeidong05.png	卡列尼娜·烬航携带派德里释放<color=#D91414>纵滔锐进</color>时，召唤派德里协同攻击，分别造成8次<color=#0f70bc>375%</color>物理属性伤害。卡列尼娜·烬航进入<color=#0f70bc>渡激流</color>期间时自身攻击力提升<color=#0f70bc>8%</color>，持续8秒，重复触发刷新持续时间。
9004003	90040	3	烁港炽航	Assets/Product/Texture/Image/IconPetSkill/Pet3StarfishSkillbeidong05.png	卡列尼娜·烬航携带派德里释放<color=#D91414>纵滔锐进</color>时，召唤派德里协同攻击，分别造成8次<color=#0f70bc>562.5%</color>物理属性伤害。卡列尼娜·烬航进入<color=#0f70bc>渡激流</color>期间时自身攻击力提升<color=#0f70bc>12%</color>，持续8秒，重复触发刷新持续时间。
9004004	90040	4	烁港炽航	Assets/Product/Texture/Image/IconPetSkill/Pet3StarfishSkillbeidong05.png	卡列尼娜·烬航携带派德里释放<color=#D91414>纵滔锐进</color>时，召唤派德里协同攻击，分别造成8次<color=#0f70bc>750%</color>物理属性伤害。卡列尼娜·烬航进入<color=#0f70bc>渡激流</color>期间时自身攻击力提升<color=#0f70bc>16%</color>，持续8秒，重复触发刷新持续时间。
9004005	90040	5	烁港炽航	Assets/Product/Texture/Image/IconPetSkill/Pet3StarfishSkillbeidong05.png	卡列尼娜·烬航携带派德里释放<color=#D91414>纵滔锐进</color>时，召唤派德里协同攻击，分别造成8次<color=#0f70bc>937.5%</color>物理属性伤害。卡列尼娜·烬航进入<color=#0f70bc>渡激流</color>期间时自身攻击力提升<color=#0f70bc>20%</color>，持续8秒，重复触发刷新持续时间。
183101	1831	1	煌然钟鸣·物	Assets/Product/Texture/Image/IconPetSkill/Pet3ClockSkillzhudong05.png	任意消除6个基础信号球后，会激活辅助机按钮，释放后刻刻帝汇聚能量释放冲击波，造成6次<color=#FF6347>65%</color>物理伤害。
183102	1831	2	煌然钟鸣·物	Assets/Product/Texture/Image/IconPetSkill/Pet3ClockSkillzhudong05.png	任意消除6个基础信号球后，会激活辅助机按钮，释放后刻刻帝汇聚能量释放冲击波，造成6次<color=#FF6347>130%</color>物理伤害。
183103	1831	3	煌然钟鸣·物	Assets/Product/Texture/Image/IconPetSkill/Pet3ClockSkillzhudong05.png	任意消除6个基础信号球后，会激活辅助机按钮，释放后刻刻帝汇聚能量释放冲击波，造成6次<color=#FF6347>195%</color>物理伤害。
183104	1831	4	煌然钟鸣·物	Assets/Product/Texture/Image/IconPetSkill/Pet3ClockSkillzhudong05.png	任意消除6个基础信号球后，会激活辅助机按钮，释放后刻刻帝汇聚能量释放冲击波，造成6次<color=#FF6347>260%</color>物理伤害。
183105	1831	5	煌然钟鸣·物	Assets/Product/Texture/Image/IconPetSkill/Pet3ClockSkillzhudong05.png	任意消除6个基础信号球后，会激活辅助机按钮，释放后刻刻帝汇聚能量释放冲击波，造成6次<color=#FF6347>325%</color>物理伤害。
183201	1832	1	煌然钟鸣·火	Assets/Product/Texture/Image/IconPetSkill/Pet3ClockSkillzhudong01.png	任意消除6个基础信号球后，会激活辅助机按钮，释放后刻刻帝汇聚能量释放冲击波，造成6次<color=#FF6347>65%</color>火属性伤害。
183202	1832	2	煌然钟鸣·火	Assets/Product/Texture/Image/IconPetSkill/Pet3ClockSkillzhudong01.png	任意消除6个基础信号球后，会激活辅助机按钮，释放后刻刻帝汇聚能量释放冲击波，造成6次<color=#FF6347>130%</color>火属性伤害。
183203	1832	3	煌然钟鸣·火	Assets/Product/Texture/Image/IconPetSkill/Pet3ClockSkillzhudong01.png	任意消除6个基础信号球后，会激活辅助机按钮，释放后刻刻帝汇聚能量释放冲击波，造成6次<color=#FF6347>195%</color>火属性伤害。
183204	1832	4	煌然钟鸣·火	Assets/Product/Texture/Image/IconPetSkill/Pet3ClockSkillzhudong01.png	任意消除6个基础信号球后，会激活辅助机按钮，释放后刻刻帝汇聚能量释放冲击波，造成6次<color=#FF6347>260%</color>火属性伤害。
183205	1832	5	煌然钟鸣·火	Assets/Product/Texture/Image/IconPetSkill/Pet3ClockSkillzhudong01.png	任意消除6个基础信号球后，会激活辅助机按钮，释放后刻刻帝汇聚能量释放冲击波，造成6次<color=#FF6347>325%</color>火属性伤害。
183301	1833	1	煌然钟鸣·冰	Assets/Product/Texture/Image/IconPetSkill/Pet3ClockSkillzhudong02.png	任意消除6个基础信号球后，会激活辅助机按钮，释放后刻刻帝汇聚能量释放冲击波，造成6次<color=#FF6347>65%</color>冰属性伤害。
183302	1833	2	煌然钟鸣·冰	Assets/Product/Texture/Image/IconPetSkill/Pet3ClockSkillzhudong02.png	任意消除6个基础信号球后，会激活辅助机按钮，释放后刻刻帝汇聚能量释放冲击波，造成6次<color=#FF6347>130%</color>冰属性伤害。
183303	1833	3	煌然钟鸣·冰	Assets/Product/Texture/Image/IconPetSkill/Pet3ClockSkillzhudong02.png	任意消除6个基础信号球后，会激活辅助机按钮，释放后刻刻帝汇聚能量释放冲击波，造成6次<color=#FF6347>195%</color>冰属性伤害。
183304	1833	4	煌然钟鸣·冰	Assets/Product/Texture/Image/IconPetSkill/Pet3ClockSkillzhudong02.png	任意消除6个基础信号球后，会激活辅助机按钮，释放后刻刻帝汇聚能量释放冲击波，造成6次<color=#FF6347>260%</color>冰属性伤害。
183305	1833	5	煌然钟鸣·冰	Assets/Product/Texture/Image/IconPetSkill/Pet3ClockSkillzhudong02.png	任意消除6个基础信号球后，会激活辅助机按钮，释放后刻刻帝汇聚能量释放冲击波，造成6次<color=#FF6347>325%</color>冰属性伤害。
183401	1834	1	煌然钟鸣·雷	Assets/Product/Texture/Image/IconPetSkill/Pet3ClockSkillzhudong03.png	任意消除6个基础信号球后，会激活辅助机按钮，释放后刻刻帝汇聚能量释放冲击波，造成6次<color=#FF6347>65%</color>雷属性伤害。
183402	1834	2	煌然钟鸣·雷	Assets/Product/Texture/Image/IconPetSkill/Pet3ClockSkillzhudong03.png	任意消除6个基础信号球后，会激活辅助机按钮，释放后刻刻帝汇聚能量释放冲击波，造成6次<color=#FF6347>130%</color>雷属性伤害。
183403	1834	3	煌然钟鸣·雷	Assets/Product/Texture/Image/IconPetSkill/Pet3ClockSkillzhudong03.png	任意消除6个基础信号球后，会激活辅助机按钮，释放后刻刻帝汇聚能量释放冲击波，造成6次<color=#FF6347>195%</color>雷属性伤害。
183404	1834	4	煌然钟鸣·雷	Assets/Product/Texture/Image/IconPetSkill/Pet3ClockSkillzhudong03.png	任意消除6个基础信号球后，会激活辅助机按钮，释放后刻刻帝汇聚能量释放冲击波，造成6次<color=#FF6347>260%</color>雷属性伤害。
183405	1834	5	煌然钟鸣·雷	Assets/Product/Texture/Image/IconPetSkill/Pet3ClockSkillzhudong03.png	任意消除6个基础信号球后，会激活辅助机按钮，释放后刻刻帝汇聚能量释放冲击波，造成6次<color=#FF6347>325%</color>雷属性伤害。
183501	1835	1	煌然钟鸣·暗	Assets/Product/Texture/Image/IconPetSkill/Pet3ClockSkillzhudong04.png	任意消除6个基础信号球后，会激活辅助机按钮，释放后刻刻帝汇聚能量释放冲击波，造成6次<color=#FF6347>65%</color>暗属性伤害。
183502	1835	2	煌然钟鸣·暗	Assets/Product/Texture/Image/IconPetSkill/Pet3ClockSkillzhudong04.png	任意消除6个基础信号球后，会激活辅助机按钮，释放后刻刻帝汇聚能量释放冲击波，造成6次<color=#FF6347>130%</color>暗属性伤害。
183503	1835	3	煌然钟鸣·暗	Assets/Product/Texture/Image/IconPetSkill/Pet3ClockSkillzhudong04.png	任意消除6个基础信号球后，会激活辅助机按钮，释放后刻刻帝汇聚能量释放冲击波，造成6次<color=#FF6347>195%</color>暗属性伤害。
183504	1835	4	煌然钟鸣·暗	Assets/Product/Texture/Image/IconPetSkill/Pet3ClockSkillzhudong04.png	任意消除6个基础信号球后，会激活辅助机按钮，释放后刻刻帝汇聚能量释放冲击波，造成6次<color=#FF6347>260%</color>暗属性伤害。
183505	1835	5	煌然钟鸣·暗	Assets/Product/Texture/Image/IconPetSkill/Pet3ClockSkillzhudong04.png	任意消除6个基础信号球后，会激活辅助机按钮，释放后刻刻帝汇聚能量释放冲击波，造成6次<color=#FF6347>325%</color>暗属性伤害。
183601	1836	1	煌然钟鸣·空	Assets/Product/Texture/Image/IconPetSkill/Pet3ClockSkillzhudong06.png	任意消除6个基础信号球后，会激活辅助机按钮，释放后刻刻帝汇聚能量释放冲击波，造成6次<color=#FF6347>65%</color>空属性伤害。
183602	1836	2	煌然钟鸣·空	Assets/Product/Texture/Image/IconPetSkill/Pet3ClockSkillzhudong06.png	任意消除6个基础信号球后，会激活辅助机按钮，释放后刻刻帝汇聚能量释放冲击波，造成6次<color=#FF6347>130%</color>空属性伤害。
183603	1836	3	煌然钟鸣·空	Assets/Product/Texture/Image/IconPetSkill/Pet3ClockSkillzhudong06.png	任意消除6个基础信号球后，会激活辅助机按钮，释放后刻刻帝汇聚能量释放冲击波，造成6次<color=#FF6347>195%</color>空属性伤害。
183604	1836	4	煌然钟鸣·空	Assets/Product/Texture/Image/IconPetSkill/Pet3ClockSkillzhudong06.png	任意消除6个基础信号球后，会激活辅助机按钮，释放后刻刻帝汇聚能量释放冲击波，造成6次<color=#FF6347>260%</color>空属性伤害。
183605	1836	5	煌然钟鸣·空	Assets/Product/Texture/Image/IconPetSkill/Pet3ClockSkillzhudong06.png	任意消除6个基础信号球后，会激活辅助机按钮，释放后刻刻帝汇聚能量释放冲击波，造成6次<color=#FF6347>325%</color>空属性伤害。
184101	1841	1	弹雨齐发·物	Assets/Product/Texture/Image/IconPetSkill/Pet3ClockSkillzhudong05.png	任意消除6个基础信号球后，会激活辅助机按钮，释放后刻刻帝召唤枪阵进行射击，造成6次<color=#FF6347>65%</color>物理伤害。
184102	1841	2	弹雨齐发·物	Assets/Product/Texture/Image/IconPetSkill/Pet3ClockSkillzhudong05.png	任意消除6个基础信号球后，会激活辅助机按钮，释放后刻刻帝召唤枪阵进行射击，造成6次<color=#FF6347>130%</color>物理伤害。
184103	1841	3	弹雨齐发·物	Assets/Product/Texture/Image/IconPetSkill/Pet3ClockSkillzhudong05.png	任意消除6个基础信号球后，会激活辅助机按钮，释放后刻刻帝召唤枪阵进行射击，造成6次<color=#FF6347>195%</color>物理伤害。
184104	1841	4	弹雨齐发·物	Assets/Product/Texture/Image/IconPetSkill/Pet3ClockSkillzhudong05.png	任意消除6个基础信号球后，会激活辅助机按钮，释放后刻刻帝召唤枪阵进行射击，造成6次<color=#FF6347>260%</color>物理伤害。
184105	1841	5	弹雨齐发·物	Assets/Product/Texture/Image/IconPetSkill/Pet3ClockSkillzhudong05.png	任意消除6个基础信号球后，会激活辅助机按钮，释放后刻刻帝召唤枪阵进行射击，造成6次<color=#FF6347>325%</color>物理伤害。
184201	1842	1	弹雨齐发·火	Assets/Product/Texture/Image/IconPetSkill/Pet3ClockSkillzhudong01.png	任意消除6个基础信号球后，会激活辅助机按钮，释放后刻刻帝召唤枪阵进行射击，造成6次<color=#FF6347>65%</color>火属性伤害。
184202	1842	2	弹雨齐发·火	Assets/Product/Texture/Image/IconPetSkill/Pet3ClockSkillzhudong01.png	任意消除6个基础信号球后，会激活辅助机按钮，释放后刻刻帝召唤枪阵进行射击，造成6次<color=#FF6347>130%</color>火属性伤害。
184203	1842	3	弹雨齐发·火	Assets/Product/Texture/Image/IconPetSkill/Pet3ClockSkillzhudong01.png	任意消除6个基础信号球后，会激活辅助机按钮，释放后刻刻帝召唤枪阵进行射击，造成6次<color=#FF6347>195%</color>火属性伤害。
184204	1842	4	弹雨齐发·火	Assets/Product/Texture/Image/IconPetSkill/Pet3ClockSkillzhudong01.png	任意消除6个基础信号球后，会激活辅助机按钮，释放后刻刻帝召唤枪阵进行射击，造成6次<color=#FF6347>260%</color>火属性伤害。
184205	1842	5	弹雨齐发·火	Assets/Product/Texture/Image/IconPetSkill/Pet3ClockSkillzhudong01.png	任意消除6个基础信号球后，会激活辅助机按钮，释放后刻刻帝召唤枪阵进行射击，造成6次<color=#FF6347>325%</color>火属性伤害。
184301	1843	1	弹雨齐发·冰	Assets/Product/Texture/Image/IconPetSkill/Pet3ClockSkillzhudong02.png	任意消除6个基础信号球后，会激活辅助机按钮，释放后刻刻帝召唤枪阵进行射击，造成6次<color=#FF6347>65%</color>冰属性伤害。
184302	1843	2	弹雨齐发·冰	Assets/Product/Texture/Image/IconPetSkill/Pet3ClockSkillzhudong02.png	任意消除6个基础信号球后，会激活辅助机按钮，释放后刻刻帝召唤枪阵进行射击，造成6次<color=#FF6347>130%</color>冰属性伤害。
184303	1843	3	弹雨齐发·冰	Assets/Product/Texture/Image/IconPetSkill/Pet3ClockSkillzhudong02.png	任意消除6个基础信号球后，会激活辅助机按钮，释放后刻刻帝召唤枪阵进行射击，造成6次<color=#FF6347>195%</color>冰属性伤害。
184304	1843	4	弹雨齐发·冰	Assets/Product/Texture/Image/IconPetSkill/Pet3ClockSkillzhudong02.png	任意消除6个基础信号球后，会激活辅助机按钮，释放后刻刻帝召唤枪阵进行射击，造成6次<color=#FF6347>260%</color>冰属性伤害。
184305	1843	5	弹雨齐发·冰	Assets/Product/Texture/Image/IconPetSkill/Pet3ClockSkillzhudong02.png	任意消除6个基础信号球后，会激活辅助机按钮，释放后刻刻帝召唤枪阵进行射击，造成6次<color=#FF6347>325%</color>冰属性伤害。
184401	1844	1	弹雨齐发·雷	Assets/Product/Texture/Image/IconPetSkill/Pet3ClockSkillzhudong03.png	任意消除6个基础信号球后，会激活辅助机按钮，释放后刻刻帝召唤枪阵进行射击，造成6次<color=#FF6347>65%</color>雷属性伤害。
184402	1844	2	弹雨齐发·雷	Assets/Product/Texture/Image/IconPetSkill/Pet3ClockSkillzhudong03.png	任意消除6个基础信号球后，会激活辅助机按钮，释放后刻刻帝召唤枪阵进行射击，造成6次<color=#FF6347>130%</color>雷属性伤害。
184403	1844	3	弹雨齐发·雷	Assets/Product/Texture/Image/IconPetSkill/Pet3ClockSkillzhudong03.png	任意消除6个基础信号球后，会激活辅助机按钮，释放后刻刻帝召唤枪阵进行射击，造成6次<color=#FF6347>195%</color>雷属性伤害。
184404	1844	4	弹雨齐发·雷	Assets/Product/Texture/Image/IconPetSkill/Pet3ClockSkillzhudong03.png	任意消除6个基础信号球后，会激活辅助机按钮，释放后刻刻帝召唤枪阵进行射击，造成6次<color=#FF6347>260%</color>雷属性伤害。
184405	1844	5	弹雨齐发·雷	Assets/Product/Texture/Image/IconPetSkill/Pet3ClockSkillzhudong03.png	任意消除6个基础信号球后，会激活辅助机按钮，释放后刻刻帝召唤枪阵进行射击，造成6次<color=#FF6347>325%</color>雷属性伤害。
184501	1845	1	弹雨齐发·暗	Assets/Product/Texture/Image/IconPetSkill/Pet3ClockSkillzhudong04.png	任意消除6个基础信号球后，会激活辅助机按钮，释放后刻刻帝召唤枪阵进行射击，造成6次<color=#FF6347>65%</color>暗属性伤害。
184502	1845	2	弹雨齐发·暗	Assets/Product/Texture/Image/IconPetSkill/Pet3ClockSkillzhudong04.png	任意消除6个基础信号球后，会激活辅助机按钮，释放后刻刻帝召唤枪阵进行射击，造成6次<color=#FF6347>130%</color>暗属性伤害。
184503	1845	3	弹雨齐发·暗	Assets/Product/Texture/Image/IconPetSkill/Pet3ClockSkillzhudong04.png	任意消除6个基础信号球后，会激活辅助机按钮，释放后刻刻帝召唤枪阵进行射击，造成6次<color=#FF6347>195%</color>暗属性伤害。
184504	1845	4	弹雨齐发·暗	Assets/Product/Texture/Image/IconPetSkill/Pet3ClockSkillzhudong04.png	任意消除6个基础信号球后，会激活辅助机按钮，释放后刻刻帝召唤枪阵进行射击，造成6次<color=#FF6347>260%</color>暗属性伤害。
184505	1845	5	弹雨齐发·暗	Assets/Product/Texture/Image/IconPetSkill/Pet3ClockSkillzhudong04.png	任意消除6个基础信号球后，会激活辅助机按钮，释放后刻刻帝召唤枪阵进行射击，造成6次<color=#FF6347>325%</color>暗属性伤害。
184601	1846	1	弹雨齐发·空	Assets/Product/Texture/Image/IconPetSkill/Pet3ClockSkillzhudong06.png	任意消除6个基础信号球后，会激活辅助机按钮，释放后刻刻帝召唤枪阵进行射击，造成6次<color=#FF6347>65%</color>空属性伤害。
184602	1846	2	弹雨齐发·空	Assets/Product/Texture/Image/IconPetSkill/Pet3ClockSkillzhudong06.png	任意消除6个基础信号球后，会激活辅助机按钮，释放后刻刻帝召唤枪阵进行射击，造成6次<color=#FF6347>130%</color>空属性伤害。
184603	1846	3	弹雨齐发·空	Assets/Product/Texture/Image/IconPetSkill/Pet3ClockSkillzhudong06.png	任意消除6个基础信号球后，会激活辅助机按钮，释放后刻刻帝召唤枪阵进行射击，造成6次<color=#FF6347>195%</color>空属性伤害。
184604	1846	4	弹雨齐发·空	Assets/Product/Texture/Image/IconPetSkill/Pet3ClockSkillzhudong06.png	任意消除6个基础信号球后，会激活辅助机按钮，释放后刻刻帝召唤枪阵进行射击，造成6次<color=#FF6347>260%</color>空属性伤害。
184605	1846	5	弹雨齐发·空	Assets/Product/Texture/Image/IconPetSkill/Pet3ClockSkillzhudong06.png	任意消除6个基础信号球后，会激活辅助机按钮，释放后刻刻帝召唤枪阵进行射击，造成6次<color=#FF6347>325%</color>空属性伤害。
9100001	91000	1	逆序葬列	Assets/Product/Texture/Image/IconPetSkill/Pet3ClockSkillbeidong01.png	刻刻帝主动技伤害提高<color=#0f70bc>14%</color>。
9100002	91000	2	逆序葬列	Assets/Product/Texture/Image/IconPetSkill/Pet3ClockSkillbeidong01.png	刻刻帝主动技伤害提高<color=#0f70bc>28%</color>。
9100003	91000	3	逆序葬列	Assets/Product/Texture/Image/IconPetSkill/Pet3ClockSkillbeidong01.png	刻刻帝主动技伤害提高<color=#0f70bc>42%</color>。
9100004	91000	4	逆序葬列	Assets/Product/Texture/Image/IconPetSkill/Pet3ClockSkillbeidong01.png	刻刻帝主动技伤害提高<color=#0f70bc>56%</color>。
9100005	91000	5	逆序葬列	Assets/Product/Texture/Image/IconPetSkill/Pet3ClockSkillbeidong01.png	刻刻帝主动技伤害提高<color=#0f70bc>70%</color>。
9101001	91010	1	与影共舞	Assets/Product/Texture/Image/IconPetSkill/Pet3ClockSkillbeidong02.png	携带角色攻击力提高<color=#0f70bc>20</color>。
9101002	91010	2	与影共舞	Assets/Product/Texture/Image/IconPetSkill/Pet3ClockSkillbeidong02.png	携带角色攻击力提高<color=#0f70bc>40</color>。
9101003	91010	3	与影共舞	Assets/Product/Texture/Image/IconPetSkill/Pet3ClockSkillbeidong02.png	携带角色攻击力提高<color=#0f70bc>60</color>。
9101004	91010	4	与影共舞	Assets/Product/Texture/Image/IconPetSkill/Pet3ClockSkillbeidong02.png	携带角色攻击力提高<color=#0f70bc>80</color>。
9101005	91010	5	与影共舞	Assets/Product/Texture/Image/IconPetSkill/Pet3ClockSkillbeidong02.png	携带角色攻击力提高<color=#0f70bc>100</color>。
9102001	91020	1	余烬灼身	Assets/Product/Texture/Image/IconPetSkill/Pet3ClockSkillbeidong03.png	刻刻帝释放主动技后，携带角色额外伤害加成提高<color=#0f70bc>1%</color>，持续8秒，重复触发刷新持续时间。
9102002	91020	2	余烬灼身	Assets/Product/Texture/Image/IconPetSkill/Pet3ClockSkillbeidong03.png	刻刻帝释放主动技后，携带角色额外伤害加成提高<color=#0f70bc>2%</color>，持续8秒，重复触发刷新持续时间。
9102003	91020	3	余烬灼身	Assets/Product/Texture/Image/IconPetSkill/Pet3ClockSkillbeidong03.png	刻刻帝释放主动技后，携带角色额外伤害加成提高<color=#0f70bc>3%</color>，持续8秒，重复触发刷新持续时间。
9102004	91020	4	余烬灼身	Assets/Product/Texture/Image/IconPetSkill/Pet3ClockSkillbeidong03.png	刻刻帝释放主动技后，携带角色额外伤害加成提高<color=#0f70bc>4%</color>，持续8秒，重复触发刷新持续时间。
9102005	91020	5	余烬灼身	Assets/Product/Texture/Image/IconPetSkill/Pet3ClockSkillbeidong03.png	刻刻帝释放主动技后，携带角色额外伤害加成提高<color=#0f70bc>5%</color>，持续8秒，重复触发刷新持续时间。
9103001	91030	1	双生悖影	Assets/Product/Texture/Image/IconPetSkill/Pet3ClockSkillbeidong04.png	携带角色暗属性伤害提高<color=#0f70bc>2%</color>
9103002	91030	2	双生悖影	Assets/Product/Texture/Image/IconPetSkill/Pet3ClockSkillbeidong04.png	携带角色暗属性伤害提高<color=#0f70bc>4%</color>
9103003	91030	3	双生悖影	Assets/Product/Texture/Image/IconPetSkill/Pet3ClockSkillbeidong04.png	携带角色暗属性伤害提高<color=#0f70bc>6%</color>
9103004	91030	4	双生悖影	Assets/Product/Texture/Image/IconPetSkill/Pet3ClockSkillbeidong04.png	携带角色暗属性伤害提高<color=#0f70bc>8%</color>
9103005	91030	5	双生悖影	Assets/Product/Texture/Image/IconPetSkill/Pet3ClockSkillbeidong04.png	携带角色暗属性伤害提高<color=#0f70bc>10%</color>
9104001	91040	1	破灭宣告	Assets/Product/Texture/Image/IconPetSkill/Pet3ClockSkillbeidong05.png	时崎狂三携带刻刻帝释放<color=#D91414>一之弹，四之弹，八之弹</color>时，召唤刻刻帝协同攻击，造成1次<color=#0f70bc>600%</color>暗属性伤害。释放<color=#D91414>流影</color>时，自身攻击力提升<color=#0f70bc>5%</color>，持续8秒，重复触发刷新持续时间。
9104002	91040	2	破灭宣告	Assets/Product/Texture/Image/IconPetSkill/Pet3ClockSkillbeidong05.png	时崎狂三携带刻刻帝释放<color=#D91414>一之弹，四之弹，八之弹</color>时，召唤刻刻帝协同攻击，造成1次<color=#0f70bc>1200%</color>暗属性伤害。释放<color=#D91414>流影</color>时，自身攻击力提升<color=#0f70bc>10%</color>，持续8秒，重复触发刷新持续时间。
9104003	91040	3	破灭宣告	Assets/Product/Texture/Image/IconPetSkill/Pet3ClockSkillbeidong05.png	时崎狂三携带刻刻帝释放<color=#D91414>一之弹，四之弹，八之弹</color>时，召唤刻刻帝协同攻击，造成1次<color=#0f70bc>1800%</color>暗属性伤害。释放<color=#D91414>流影</color>时，自身攻击力提升<color=#0f70bc>15%</color>，持续8秒，重复触发刷新持续时间。
9104004	91040	4	破灭宣告	Assets/Product/Texture/Image/IconPetSkill/Pet3ClockSkillbeidong05.png	时崎狂三携带刻刻帝释放<color=#D91414>一之弹，四之弹，八之弹</color>时，召唤刻刻帝协同攻击，造成1次<color=#0f70bc>2400%</color>暗属性伤害。释放<color=#D91414>流影</color>时，自身攻击力提升<color=#0f70bc>20%</color>，持续8秒，重复触发刷新持续时间。
9104005	91040	5	破灭宣告	Assets/Product/Texture/Image/IconPetSkill/Pet3ClockSkillbeidong05.png	时崎狂三携带刻刻帝释放<color=#D91414>一之弹，四之弹，八之弹</color>时，召唤刻刻帝协同攻击，造成1次<color=#0f70bc>3000%</color>暗属性伤害。释放<color=#D91414>流影</color>时，自身攻击力提升<color=#0f70bc>25%</color>，持续8秒，重复触发刷新持续时间。
185101	1851	1	赤棘连射·物	Assets/Product/Texture/Image/IconPetSkill/Pet3SailfishSkillzhudong05.png	任意消除6个基础信号球后，会激活辅助机按钮，释放后凯尔派进行连续射击，造成4次<color=#FF6347>100%</color>物理伤害。
185102	1851	2	赤棘连射·物	Assets/Product/Texture/Image/IconPetSkill/Pet3SailfishSkillzhudong05.png	任意消除6个基础信号球后，会激活辅助机按钮，释放后凯尔派进行连续射击，造成4次<color=#FF6347>200%</color>物理伤害。
185103	1851	3	赤棘连射·物	Assets/Product/Texture/Image/IconPetSkill/Pet3SailfishSkillzhudong05.png	任意消除6个基础信号球后，会激活辅助机按钮，释放后凯尔派进行连续射击，造成4次<color=#FF6347>300%</color>物理伤害。
185104	1851	4	赤棘连射·物	Assets/Product/Texture/Image/IconPetSkill/Pet3SailfishSkillzhudong05.png	任意消除6个基础信号球后，会激活辅助机按钮，释放后凯尔派进行连续射击，造成4次<color=#FF6347>400%</color>物理伤害。
185105	1851	5	赤棘连射·物	Assets/Product/Texture/Image/IconPetSkill/Pet3SailfishSkillzhudong05.png	任意消除6个基础信号球后，会激活辅助机按钮，释放后凯尔派进行连续射击，造成4次<color=#FF6347>500%</color>物理伤害。
185201	1852	1	赤棘连射·火	Assets/Product/Texture/Image/IconPetSkill/Pet3SailfishSkillzhudong01.png	任意消除6个基础信号球后，会激活辅助机按钮，释放后凯尔派进行连续射击，造成4次<color=#FF6347>100%</color>火属性伤害。
185202	1852	2	赤棘连射·火	Assets/Product/Texture/Image/IconPetSkill/Pet3SailfishSkillzhudong01.png	任意消除6个基础信号球后，会激活辅助机按钮，释放后凯尔派进行连续射击，造成4次<color=#FF6347>200%</color>火属性伤害。
185203	1852	3	赤棘连射·火	Assets/Product/Texture/Image/IconPetSkill/Pet3SailfishSkillzhudong01.png	任意消除6个基础信号球后，会激活辅助机按钮，释放后凯尔派进行连续射击，造成4次<color=#FF6347>300%</color>火属性伤害。
185204	1852	4	赤棘连射·火	Assets/Product/Texture/Image/IconPetSkill/Pet3SailfishSkillzhudong01.png	任意消除6个基础信号球后，会激活辅助机按钮，释放后凯尔派进行连续射击，造成4次<color=#FF6347>400%</color>火属性伤害。
185205	1852	5	赤棘连射·火	Assets/Product/Texture/Image/IconPetSkill/Pet3SailfishSkillzhudong01.png	任意消除6个基础信号球后，会激活辅助机按钮，释放后凯尔派进行连续射击，造成4次<color=#FF6347>500%</color>火属性伤害。
185301	1853	1	赤棘连射·冰	Assets/Product/Texture/Image/IconPetSkill/Pet3SailfishSkillzhudong02.png	任意消除6个基础信号球后，会激活辅助机按钮，释放后凯尔派进行连续射击，造成4次<color=#FF6347>100%</color>冰属性伤害。
185302	1853	2	赤棘连射·冰	Assets/Product/Texture/Image/IconPetSkill/Pet3SailfishSkillzhudong02.png	任意消除6个基础信号球后，会激活辅助机按钮，释放后凯尔派进行连续射击，造成4次<color=#FF6347>200%</color>冰属性伤害。
185303	1853	3	赤棘连射·冰	Assets/Product/Texture/Image/IconPetSkill/Pet3SailfishSkillzhudong02.png	任意消除6个基础信号球后，会激活辅助机按钮，释放后凯尔派进行连续射击，造成4次<color=#FF6347>300%</color>冰属性伤害。
185304	1853	4	赤棘连射·冰	Assets/Product/Texture/Image/IconPetSkill/Pet3SailfishSkillzhudong02.png	任意消除6个基础信号球后，会激活辅助机按钮，释放后凯尔派进行连续射击，造成4次<color=#FF6347>400%</color>冰属性伤害。
185305	1853	5	赤棘连射·冰	Assets/Product/Texture/Image/IconPetSkill/Pet3SailfishSkillzhudong02.png	任意消除6个基础信号球后，会激活辅助机按钮，释放后凯尔派进行连续射击，造成4次<color=#FF6347>500%</color>冰属性伤害。
185401	1854	1	赤棘连射·雷	Assets/Product/Texture/Image/IconPetSkill/Pet3SailfishSkillzhudong03.png	任意消除6个基础信号球后，会激活辅助机按钮，释放后凯尔派进行连续射击，造成4次<color=#FF6347>100%</color>雷属性伤害。
185402	1854	2	赤棘连射·雷	Assets/Product/Texture/Image/IconPetSkill/Pet3SailfishSkillzhudong03.png	任意消除6个基础信号球后，会激活辅助机按钮，释放后凯尔派进行连续射击，造成4次<color=#FF6347>200%</color>雷属性伤害。
185403	1854	3	赤棘连射·雷	Assets/Product/Texture/Image/IconPetSkill/Pet3SailfishSkillzhudong03.png	任意消除6个基础信号球后，会激活辅助机按钮，释放后凯尔派进行连续射击，造成4次<color=#FF6347>300%</color>雷属性伤害。
185404	1854	4	赤棘连射·雷	Assets/Product/Texture/Image/IconPetSkill/Pet3SailfishSkillzhudong03.png	任意消除6个基础信号球后，会激活辅助机按钮，释放后凯尔派进行连续射击，造成4次<color=#FF6347>400%</color>雷属性伤害。
185405	1854	5	赤棘连射·雷	Assets/Product/Texture/Image/IconPetSkill/Pet3SailfishSkillzhudong03.png	任意消除6个基础信号球后，会激活辅助机按钮，释放后凯尔派进行连续射击，造成4次<color=#FF6347>500%</color>雷属性伤害。
185501	1855	1	赤棘连射·暗	Assets/Product/Texture/Image/IconPetSkill/Pet3SailfishSkillzhudong04.png	任意消除6个基础信号球后，会激活辅助机按钮，释放后凯尔派进行连续射击，造成4次<color=#FF6347>100%</color>暗属性伤害。
185502	1855	2	赤棘连射·暗	Assets/Product/Texture/Image/IconPetSkill/Pet3SailfishSkillzhudong04.png	任意消除6个基础信号球后，会激活辅助机按钮，释放后凯尔派进行连续射击，造成4次<color=#FF6347>200%</color>暗属性伤害。
185503	1855	3	赤棘连射·暗	Assets/Product/Texture/Image/IconPetSkill/Pet3SailfishSkillzhudong04.png	任意消除6个基础信号球后，会激活辅助机按钮，释放后凯尔派进行连续射击，造成4次<color=#FF6347>300%</color>暗属性伤害。
185504	1855	4	赤棘连射·暗	Assets/Product/Texture/Image/IconPetSkill/Pet3SailfishSkillzhudong04.png	任意消除6个基础信号球后，会激活辅助机按钮，释放后凯尔派进行连续射击，造成4次<color=#FF6347>400%</color>暗属性伤害。
185505	1855	5	赤棘连射·暗	Assets/Product/Texture/Image/IconPetSkill/Pet3SailfishSkillzhudong04.png	任意消除6个基础信号球后，会激活辅助机按钮，释放后凯尔派进行连续射击，造成4次<color=#FF6347>500%</color>暗属性伤害。
185601	1856	1	赤棘连射·空	Assets/Product/Texture/Image/IconPetSkill/Pet3SailfishSkillzhudong06.png	任意消除6个基础信号球后，会激活辅助机按钮，释放后凯尔派进行连续射击，造成4次<color=#FF6347>100%</color>空属性伤害。
185602	1856	2	赤棘连射·空	Assets/Product/Texture/Image/IconPetSkill/Pet3SailfishSkillzhudong06.png	任意消除6个基础信号球后，会激活辅助机按钮，释放后凯尔派进行连续射击，造成4次<color=#FF6347>200%</color>空属性伤害。
185603	1856	3	赤棘连射·空	Assets/Product/Texture/Image/IconPetSkill/Pet3SailfishSkillzhudong06.png	任意消除6个基础信号球后，会激活辅助机按钮，释放后凯尔派进行连续射击，造成4次<color=#FF6347>300%</color>空属性伤害。
185604	1856	4	赤棘连射·空	Assets/Product/Texture/Image/IconPetSkill/Pet3SailfishSkillzhudong06.png	任意消除6个基础信号球后，会激活辅助机按钮，释放后凯尔派进行连续射击，造成4次<color=#FF6347>400%</color>空属性伤害。
185605	1856	5	赤棘连射·空	Assets/Product/Texture/Image/IconPetSkill/Pet3SailfishSkillzhudong06.png	任意消除6个基础信号球后，会激活辅助机按钮，释放后凯尔派进行连续射击，造成4次<color=#FF6347>500%</color>空属性伤害。
186101	1861	1	沧红绞狩·物	Assets/Product/Texture/Image/IconPetSkill/Pet3SailfishSkillzhudong05.png	任意消除6个基础信号球后，会激活辅助机按钮，释放后凯尔派环绕并汇聚敌人，随后跃出水面进行攻击，造成12次<color=#FF6347>35%</color>物理伤害。
186102	1861	2	沧红绞狩·物	Assets/Product/Texture/Image/IconPetSkill/Pet3SailfishSkillzhudong05.png	任意消除6个基础信号球后，会激活辅助机按钮，释放后凯尔派环绕并汇聚敌人，随后跃出水面进行攻击，造成12次<color=#FF6347>70%</color>物理伤害。
186103	1861	3	沧红绞狩·物	Assets/Product/Texture/Image/IconPetSkill/Pet3SailfishSkillzhudong05.png	任意消除6个基础信号球后，会激活辅助机按钮，释放后凯尔派环绕并汇聚敌人，随后跃出水面进行攻击，造成12次<color=#FF6347>105%</color>物理伤害。
186104	1861	4	沧红绞狩·物	Assets/Product/Texture/Image/IconPetSkill/Pet3SailfishSkillzhudong05.png	任意消除6个基础信号球后，会激活辅助机按钮，释放后凯尔派环绕并汇聚敌人，随后跃出水面进行攻击，造成12次<color=#FF6347>140%</color>物理伤害。
186105	1861	5	沧红绞狩·物	Assets/Product/Texture/Image/IconPetSkill/Pet3SailfishSkillzhudong05.png	任意消除6个基础信号球后，会激活辅助机按钮，释放后凯尔派环绕并汇聚敌人，随后跃出水面进行攻击，造成12次<color=#FF6347>175%</color>物理伤害。
186201	1862	1	沧红绞狩·火	Assets/Product/Texture/Image/IconPetSkill/Pet3SailfishSkillzhudong01.png	任意消除6个基础信号球后，会激活辅助机按钮，释放后凯尔派环绕并汇聚敌人，随后跃出水面进行攻击，造成12次<color=#FF6347>35%</color>火属性伤害。
186202	1862	2	沧红绞狩·火	Assets/Product/Texture/Image/IconPetSkill/Pet3SailfishSkillzhudong01.png	任意消除6个基础信号球后，会激活辅助机按钮，释放后凯尔派环绕并汇聚敌人，随后跃出水面进行攻击，造成12次<color=#FF6347>70%</color>火属性伤害。
186203	1862	3	沧红绞狩·火	Assets/Product/Texture/Image/IconPetSkill/Pet3SailfishSkillzhudong01.png	任意消除6个基础信号球后，会激活辅助机按钮，释放后凯尔派环绕并汇聚敌人，随后跃出水面进行攻击，造成12次<color=#FF6347>105%</color>火属性伤害。
186204	1862	4	沧红绞狩·火	Assets/Product/Texture/Image/IconPetSkill/Pet3SailfishSkillzhudong01.png	任意消除6个基础信号球后，会激活辅助机按钮，释放后凯尔派环绕并汇聚敌人，随后跃出水面进行攻击，造成12次<color=#FF6347>140%</color>火属性伤害。
186205	1862	5	沧红绞狩·火	Assets/Product/Texture/Image/IconPetSkill/Pet3SailfishSkillzhudong01.png	任意消除6个基础信号球后，会激活辅助机按钮，释放后凯尔派环绕并汇聚敌人，随后跃出水面进行攻击，造成12次<color=#FF6347>175%</color>火属性伤害。
186301	1863	1	沧红绞狩·冰	Assets/Product/Texture/Image/IconPetSkill/Pet3SailfishSkillzhudong02.png	任意消除6个基础信号球后，会激活辅助机按钮，释放后凯尔派环绕并汇聚敌人，随后跃出水面进行攻击，造成12次<color=#FF6347>35%</color>冰属性伤害。
186302	1863	2	沧红绞狩·冰	Assets/Product/Texture/Image/IconPetSkill/Pet3SailfishSkillzhudong02.png	任意消除6个基础信号球后，会激活辅助机按钮，释放后凯尔派环绕并汇聚敌人，随后跃出水面进行攻击，造成12次<color=#FF6347>70%</color>冰属性伤害。
186303	1863	3	沧红绞狩·冰	Assets/Product/Texture/Image/IconPetSkill/Pet3SailfishSkillzhudong02.png	任意消除6个基础信号球后，会激活辅助机按钮，释放后凯尔派环绕并汇聚敌人，随后跃出水面进行攻击，造成12次<color=#FF6347>105%</color>冰属性伤害。
186304	1863	4	沧红绞狩·冰	Assets/Product/Texture/Image/IconPetSkill/Pet3SailfishSkillzhudong02.png	任意消除6个基础信号球后，会激活辅助机按钮，释放后凯尔派环绕并汇聚敌人，随后跃出水面进行攻击，造成12次<color=#FF6347>140%</color>冰属性伤害。
186305	1863	5	沧红绞狩·冰	Assets/Product/Texture/Image/IconPetSkill/Pet3SailfishSkillzhudong02.png	任意消除6个基础信号球后，会激活辅助机按钮，释放后凯尔派环绕并汇聚敌人，随后跃出水面进行攻击，造成12次<color=#FF6347>175%</color>冰属性伤害。
186401	1864	1	沧红绞狩·雷	Assets/Product/Texture/Image/IconPetSkill/Pet3SailfishSkillzhudong03.png	任意消除6个基础信号球后，会激活辅助机按钮，释放后凯尔派环绕并汇聚敌人，随后跃出水面进行攻击，造成12次<color=#FF6347>35%</color>雷属性伤害。
186402	1864	2	沧红绞狩·雷	Assets/Product/Texture/Image/IconPetSkill/Pet3SailfishSkillzhudong03.png	任意消除6个基础信号球后，会激活辅助机按钮，释放后凯尔派环绕并汇聚敌人，随后跃出水面进行攻击，造成12次<color=#FF6347>70%</color>雷属性伤害。
186403	1864	3	沧红绞狩·雷	Assets/Product/Texture/Image/IconPetSkill/Pet3SailfishSkillzhudong03.png	任意消除6个基础信号球后，会激活辅助机按钮，释放后凯尔派环绕并汇聚敌人，随后跃出水面进行攻击，造成12次<color=#FF6347>105%</color>雷属性伤害。
186404	1864	4	沧红绞狩·雷	Assets/Product/Texture/Image/IconPetSkill/Pet3SailfishSkillzhudong03.png	任意消除6个基础信号球后，会激活辅助机按钮，释放后凯尔派环绕并汇聚敌人，随后跃出水面进行攻击，造成12次<color=#FF6347>140%</color>雷属性伤害。
186405	1864	5	沧红绞狩·雷	Assets/Product/Texture/Image/IconPetSkill/Pet3SailfishSkillzhudong03.png	任意消除6个基础信号球后，会激活辅助机按钮，释放后凯尔派环绕并汇聚敌人，随后跃出水面进行攻击，造成12次<color=#FF6347>175%</color>雷属性伤害。
186501	1865	1	沧红绞狩·暗	Assets/Product/Texture/Image/IconPetSkill/Pet3SailfishSkillzhudong04.png	任意消除6个基础信号球后，会激活辅助机按钮，释放后凯尔派环绕并汇聚敌人，随后跃出水面进行攻击，造成12次<color=#FF6347>35%</color>暗属性伤害。
186502	1865	2	沧红绞狩·暗	Assets/Product/Texture/Image/IconPetSkill/Pet3SailfishSkillzhudong04.png	任意消除6个基础信号球后，会激活辅助机按钮，释放后凯尔派环绕并汇聚敌人，随后跃出水面进行攻击，造成12次<color=#FF6347>70%</color>暗属性伤害。
186503	1865	3	沧红绞狩·暗	Assets/Product/Texture/Image/IconPetSkill/Pet3SailfishSkillzhudong04.png	任意消除6个基础信号球后，会激活辅助机按钮，释放后凯尔派环绕并汇聚敌人，随后跃出水面进行攻击，造成12次<color=#FF6347>105%</color>暗属性伤害。
186504	1865	4	沧红绞狩·暗	Assets/Product/Texture/Image/IconPetSkill/Pet3SailfishSkillzhudong04.png	任意消除6个基础信号球后，会激活辅助机按钮，释放后凯尔派环绕并汇聚敌人，随后跃出水面进行攻击，造成12次<color=#FF6347>140%</color>暗属性伤害。
186505	1865	5	沧红绞狩·暗	Assets/Product/Texture/Image/IconPetSkill/Pet3SailfishSkillzhudong04.png	任意消除6个基础信号球后，会激活辅助机按钮，释放后凯尔派环绕并汇聚敌人，随后跃出水面进行攻击，造成12次<color=#FF6347>175%</color>暗属性伤害。
186601	1866	1	沧红绞狩·空	Assets/Product/Texture/Image/IconPetSkill/Pet3SailfishSkillzhudong06.png	任意消除6个基础信号球后，会激活辅助机按钮，释放后凯尔派环绕并汇聚敌人，随后跃出水面进行攻击，造成12次<color=#FF6347>35%</color>空属性伤害。
186602	1866	2	沧红绞狩·空	Assets/Product/Texture/Image/IconPetSkill/Pet3SailfishSkillzhudong06.png	任意消除6个基础信号球后，会激活辅助机按钮，释放后凯尔派环绕并汇聚敌人，随后跃出水面进行攻击，造成12次<color=#FF6347>70%</color>空属性伤害。
186603	1866	3	沧红绞狩·空	Assets/Product/Texture/Image/IconPetSkill/Pet3SailfishSkillzhudong06.png	任意消除6个基础信号球后，会激活辅助机按钮，释放后凯尔派环绕并汇聚敌人，随后跃出水面进行攻击，造成12次<color=#FF6347>105%</color>空属性伤害。
186604	1866	4	沧红绞狩·空	Assets/Product/Texture/Image/IconPetSkill/Pet3SailfishSkillzhudong06.png	任意消除6个基础信号球后，会激活辅助机按钮，释放后凯尔派环绕并汇聚敌人，随后跃出水面进行攻击，造成12次<color=#FF6347>140%</color>空属性伤害。
186605	1866	5	沧红绞狩·空	Assets/Product/Texture/Image/IconPetSkill/Pet3SailfishSkillzhudong06.png	任意消除6个基础信号球后，会激活辅助机按钮，释放后凯尔派环绕并汇聚敌人，随后跃出水面进行攻击，造成12次<color=#FF6347>175%</color>空属性伤害。
9200001	92000	1	凶狩机核	Assets/Product/Texture/Image/IconPetSkill/Pet3SailfishSkillbeidong01.png	凯尔派主动技伤害提高<color=#0f70bc>14%</color>。
9200002	92000	2	凶狩机核	Assets/Product/Texture/Image/IconPetSkill/Pet3SailfishSkillbeidong01.png	凯尔派主动技伤害提高<color=#0f70bc>28%</color>。
9200003	92000	3	凶狩机核	Assets/Product/Texture/Image/IconPetSkill/Pet3SailfishSkillbeidong01.png	凯尔派主动技伤害提高<color=#0f70bc>42%</color>。
9200004	92000	4	凶狩机核	Assets/Product/Texture/Image/IconPetSkill/Pet3SailfishSkillbeidong01.png	凯尔派主动技伤害提高<color=#0f70bc>56%</color>。
9200005	92000	5	凶狩机核	Assets/Product/Texture/Image/IconPetSkill/Pet3SailfishSkillbeidong01.png	凯尔派主动技伤害提高<color=#0f70bc>70%</color>。
9201001	92010	1	赤鳍回响	Assets/Product/Texture/Image/IconPetSkill/Pet3SailfishSkillbeidong02.png	携带角色攻击力提高<color=#0f70bc>20</color>。
9201002	92010	2	赤鳍回响	Assets/Product/Texture/Image/IconPetSkill/Pet3SailfishSkillbeidong02.png	携带角色攻击力提高<color=#0f70bc>40</color>。
9201003	92010	3	赤鳍回响	Assets/Product/Texture/Image/IconPetSkill/Pet3SailfishSkillbeidong02.png	携带角色攻击力提高<color=#0f70bc>60</color>。
9201004	92010	4	赤鳍回响	Assets/Product/Texture/Image/IconPetSkill/Pet3SailfishSkillbeidong02.png	携带角色攻击力提高<color=#0f70bc>80</color>。
9201005	92010	5	赤鳍回响	Assets/Product/Texture/Image/IconPetSkill/Pet3SailfishSkillbeidong02.png	携带角色攻击力提高<color=#0f70bc>100</color>。
9202001	92020	1	潮噬余威	Assets/Product/Texture/Image/IconPetSkill/Pet3SailfishSkillbeidong03.png	凯尔派释放主动技后，携带角色额外伤害加成提高<color=#0f70bc>1%</color>，持续8秒，重复触发刷新持续时间。
9202002	92020	2	潮噬余威	Assets/Product/Texture/Image/IconPetSkill/Pet3SailfishSkillbeidong03.png	凯尔派释放主动技后，携带角色额外伤害加成提高<color=#0f70bc>2%</color>，持续8秒，重复触发刷新持续时间。
9202003	92020	3	潮噬余威	Assets/Product/Texture/Image/IconPetSkill/Pet3SailfishSkillbeidong03.png	凯尔派释放主动技后，携带角色额外伤害加成提高<color=#0f70bc>3%</color>，持续8秒，重复触发刷新持续时间。
9202004	92020	4	潮噬余威	Assets/Product/Texture/Image/IconPetSkill/Pet3SailfishSkillbeidong03.png	凯尔派释放主动技后，携带角色额外伤害加成提高<color=#0f70bc>4%</color>，持续8秒，重复触发刷新持续时间。
9202005	92020	5	潮噬余威	Assets/Product/Texture/Image/IconPetSkill/Pet3SailfishSkillbeidong03.png	凯尔派释放主动技后，携带角色额外伤害加成提高<color=#0f70bc>5%</color>，持续8秒，重复触发刷新持续时间。
9203001	92030	1	幽溟浸蚀	Assets/Product/Texture/Image/IconPetSkill/Pet3SailfishSkillbeidong04.png	携带角色暗属性伤害提高<color=#0f70bc>2%</color>，若携带真意斩效应，物理伤害提高<color=#0f70bc>2%</color>。
9203002	92030	2	幽溟浸蚀	Assets/Product/Texture/Image/IconPetSkill/Pet3SailfishSkillbeidong04.png	携带角色暗属性伤害提高<color=#0f70bc>4%</color>，若携带真意斩效应，物理伤害提高<color=#0f70bc>4%</color>。
9203003	92030	3	幽溟浸蚀	Assets/Product/Texture/Image/IconPetSkill/Pet3SailfishSkillbeidong04.png	携带角色暗属性伤害提高<color=#0f70bc>6%</color>，若携带真意斩效应，物理伤害提高<color=#0f70bc>6%</color>。
9203004	92030	4	幽溟浸蚀	Assets/Product/Texture/Image/IconPetSkill/Pet3SailfishSkillbeidong04.png	携带角色暗属性伤害提高<color=#0f70bc>8%</color>，若携带真意斩效应，物理伤害提高<color=#0f70bc>8%</color>。
9203005	92030	5	幽溟浸蚀	Assets/Product/Texture/Image/IconPetSkill/Pet3SailfishSkillbeidong04.png	携带角色暗属性伤害提高<color=#0f70bc>10%</color>，若携带真意斩效应，物理伤害提高<color=#0f70bc>10%</color>。
9204001	92040	1	行渊召猎	Assets/Product/Texture/Image/IconPetSkill/Pet3SailfishSkillbeidong05.png	破渊携带凯尔派释放<color=#D91414>行渊战术</color>、<color=#D91414>行渊战术·连袭</color>时，召唤凯尔派协同攻击，造成1次<color=#0f70bc>600%</color>暗属性伤害。破渊每次入场首次使用守望球切换形态或释放<color=#D91414>连射式</color>、<color=#D91414>压制式</color>、<color=#D91414>穿光态</color>、<color=#D91414>重压态</color>时，自身攻击力提升<color=#0f70bc>5%</color>，持续8秒。
9204002	92040	2	行渊召猎	Assets/Product/Texture/Image/IconPetSkill/Pet3SailfishSkillbeidong05.png	破渊携带凯尔派释放<color=#D91414>行渊战术</color>、<color=#D91414>行渊战术·连袭</color>时，召唤凯尔派协同攻击，造成1次<color=#0f70bc>1200%</color>暗属性伤害。破渊每次入场首次使用守望球切换形态或释放<color=#D91414>连射式</color>、<color=#D91414>压制式</color>、<color=#D91414>穿光态</color>、<color=#D91414>重压态</color>时，自身攻击力提升<color=#0f70bc>10%</color>，持续8秒。
9204003	92040	3	行渊召猎	Assets/Product/Texture/Image/IconPetSkill/Pet3SailfishSkillbeidong05.png	破渊携带凯尔派释放<color=#D91414>行渊战术</color>、<color=#D91414>行渊战术·连袭</color>时，召唤凯尔派协同攻击，造成1次<color=#0f70bc>1800%</color>暗属性伤害。破渊每次入场首次使用守望球切换形态或释放<color=#D91414>连射式</color>、<color=#D91414>压制式</color>、<color=#D91414>穿光态</color>、<color=#D91414>重压态</color>时，自身攻击力提升<color=#0f70bc>15%</color>，持续8秒。
9204004	92040	4	行渊召猎	Assets/Product/Texture/Image/IconPetSkill/Pet3SailfishSkillbeidong05.png	破渊携带凯尔派释放<color=#D91414>行渊战术</color>、<color=#D91414>行渊战术·连袭</color>时，召唤凯尔派协同攻击，造成1次<color=#0f70bc>2400%</color>暗属性伤害。破渊每次入场首次使用守望球切换形态或释放<color=#D91414>连射式</color>、<color=#D91414>压制式</color>、<color=#D91414>穿光态</color>、<color=#D91414>重压态</color>时，自身攻击力提升<color=#0f70bc>20%</color>，持续8秒。
9204005	92040	5	行渊召猎	Assets/Product/Texture/Image/IconPetSkill/Pet3SailfishSkillbeidong05.png	破渊携带凯尔派释放<color=#D91414>行渊战术</color>、<color=#D91414>行渊战术·连袭</color>时，召唤凯尔派协同攻击，造成1次<color=#0f70bc>3000%</color>暗属性伤害。破渊每次入场首次使用守望球切换形态或释放<color=#D91414>连射式</color>、<color=#D91414>压制式</color>、<color=#D91414>穿光态</color>、<color=#D91414>重压态</color>时，自身攻击力提升<color=#0f70bc>25%</color>，持续8秒。
