Id	TemplateId	Count	Params
10	2025001	1	[1,0]
11	6210106	1	
12	2994001	1	[1,0]
30	6002909	1	
240	1	80	
270	1	100	
2010	1	100	
2020	1	200	
2030	1	400	
2040	31200	10	
2050	28	50	
2060	29	50	
2080	31204	1	
2090	25	150	
2100	26	150	
31001	3	50	
31002	1	50000	
32001	3	50	
21042	40103	2	
21052	40103	4	
21062	40103	5	
21072	40103	5	
21113	40104	1	
21123	40104	2	
21133	40104	2	
21143	40104	2	
21183	40104	1	
21193	40104	2	
21203	40104	2	
21213	40104	2	
21253	40104	1	
21263	40104	2	
21273	40104	2	
21283	40104	2	
21323	40104	1	
21333	40104	2	
21343	40104	2	
21353	40104	2	
21393	40104	1	
21403	40104	2	
21413	40104	2	
21423	40104	2	
21463	40104	1	
21473	40104	2	
21483	40104	2	
21493	40104	2	
22041	40100	2	
22051	40100	4	
22061	40100	5	
22071	40100	5	
22042	40103	2	
22052	40103	4	
22062	40103	5	
22072	40103	5	
22111	40100	1	
22121	40100	2	
22131	40100	2	
22141	40100	2	
22113	40104	1	
22123	40104	2	
22133	40104	2	
22143	40104	2	
22181	40100	1	
22191	40100	2	
22201	40100	2	
22211	40100	2	
22183	40104	1	
22193	40104	2	
22203	40104	2	
22213	40104	2	
22251	40100	1	
22261	40100	2	
22271	40100	2	
22281	40100	2	
22253	40104	1	
22263	40104	2	
22273	40104	2	
22283	40104	2	
22321	40100	1	
22331	40100	2	
22341	40100	2	
22351	40100	2	
22323	40104	1	
22333	40104	2	
22343	40104	2	
22353	40104	2	
22391	40100	1	
22401	40100	2	
22411	40100	2	
22421	40100	2	
22393	40104	1	
22403	40104	2	
22413	40104	2	
22423	40104	2	
22461	40100	1	
22471	40100	2	
22481	40100	2	
22491	40100	2	
22463	40104	1	
22473	40104	2	
22483	40104	2	
22493	40104	2	
23041	40110	1	
23051	40110	2	
23061	40110	4	
23071	40110	4	
23042	40113	1	
23052	40113	2	
23062	40113	4	
23072	40113	4	
23043	40100	1	
23053	40100	2	
23063	40100	4	
23073	40100	4	
23044	40103	1	
23054	40103	2	
23064	40103	4	
23074	40103	4	
23121	40110	1	
23131	40110	2	
23141	40110	2	
23123	40114	1	
23133	40114	2	
23143	40114	2	
23191	40110	1	
23201	40110	2	
23211	40110	2	
23193	40114	1	
23203	40114	2	
23213	40114	2	
23261	40110	1	
23271	40110	2	
23281	40110	2	
23263	40114	1	
23273	40114	2	
23283	40114	2	
23331	40110	1	
23341	40110	2	
23351	40110	2	
23333	40114	1	
23343	40114	2	
23353	40114	2	
23401	40110	1	
23411	40110	2	
23421	40110	2	
23403	40114	1	
23413	40114	2	
23423	40114	2	
23471	40110	1	
23481	40110	2	
23491	40110	2	
23473	40114	1	
23483	40114	2	
23493	40114	2	
23125	40100	1	
23135	40100	2	
23145	40100	2	
23127	40104	1	
23137	40104	2	
23147	40104	2	
23195	40100	1	
23205	40100	2	
23215	40100	2	
23197	40104	1	
23207	40104	2	
23217	40104	2	
23265	40100	1	
23275	40100	2	
23285	40100	2	
23267	40104	1	
23277	40104	2	
23287	40104	2	
23335	40100	1	
23345	40100	2	
23355	40100	2	
23337	40104	1	
23347	40104	2	
23357	40104	2	
23405	40100	1	
23415	40100	2	
23425	40100	2	
23407	40104	1	
23417	40104	2	
23427	40104	2	
23475	40100	1	
23485	40100	2	
23495	40100	2	
23477	40104	1	
23487	40104	2	
23497	40104	2	
24041	40110	2	
24051	40110	5	
24061	40110	7	
24071	40110	7	
24042	40113	2	
24052	40113	5	
24062	40113	7	
24072	40113	7	
24043	40100	1	
24053	40100	2	
24063	40100	4	
24073	40100	4	
24044	40103	1	
24054	40103	2	
24064	40103	4	
24074	40103	4	
24111	40110	1	
24121	40110	2	
24131	40110	3	
24141	40110	3	
24113	40114	1	
24123	40114	2	
24133	40114	3	
24143	40114	3	
24181	40110	1	
24191	40110	2	
24201	40110	3	
24211	40110	3	
24183	40114	1	
24193	40114	2	
24203	40114	3	
24213	40114	3	
24251	40110	1	
24261	40110	2	
24271	40110	3	
24281	40110	3	
24253	40114	1	
24263	40114	2	
24273	40114	3	
24283	40114	3	
24321	40110	1	
24331	40110	2	
24341	40110	3	
24351	40110	3	
24323	40114	1	
24333	40114	2	
24343	40114	3	
24353	40114	3	
24391	40110	1	
24401	40110	2	
24411	40110	3	
24421	40110	3	
24393	40114	1	
24403	40114	2	
24413	40114	3	
24423	40114	3	
24461	40110	1	
24471	40110	2	
24481	40110	3	
24491	40110	3	
24463	40114	1	
24473	40114	2	
24483	40114	3	
24493	40114	3	
24125	40100	1	
24135	40100	2	
24145	40100	2	
24127	40104	1	
24137	40104	2	
24147	40104	2	
24195	40100	1	
24205	40100	2	
24215	40100	2	
24197	40104	1	
24207	40104	2	
24217	40104	2	
24265	40100	1	
24275	40100	2	
24285	40100	2	
24267	40104	1	
24277	40104	2	
24287	40104	2	
24335	40100	1	
24345	40100	2	
24355	40100	2	
24337	40104	1	
24347	40104	2	
24357	40104	2	
24405	40100	1	
24415	40100	2	
24425	40100	2	
24407	40104	1	
24417	40104	2	
24427	40104	2	
24475	40100	1	
24485	40100	2	
24495	40100	2	
24477	40104	1	
24487	40104	2	
24497	40104	2	
5010	501	1	
5020	502	1	
5030	503	1	
5040	504	1	
5050	505	1	
5060	506	1	
5070	507	1	
5080	508	1	
5120	512	1	
5130	513	1	
8010	31	1	
8020	31	2	
8030	31	3	
8040	31	4	
8050	31	5	
8060	31	10	
8100	1	1000	
8110	29	10	
8120	29	10	
8130	1	900	
8140	1	1	
8150	1	805	
8160	1	188888	
8170	50005	1	
8180	50003	1	
8190	1	950	
8200	3	1	
8210	1	750	
8220	1	950	
8230	1	700	
8240	1	800	
8250	1	1000	
8260	50000	1	
8270	1	900	
8280	50005	300	
8290	1	600	
8300	1	800	
8310	1	500	
8320	1	600	
8330	1	500	
8340	1	650	
8350	1	450	
8360	1	650	
8370	1	500	
8380	1	750	
8390	1	650	
8400	1	600	
8410	1	500	
8420	1	675	
8430	1	600	
8440	1	625	
8450	1	600	
8460	1	625	
8470	1	675	
8480	1	600	
8490	1	675	
8500	1	600	
8510	1	600	
8520	50009	1	
9000	63002	50	
9010	9010230	1	
9011	63002	50	
9020	63002	50	
9030	63002	50	
9040	63002	50	
9050	70002	10	
9060	70001	20	
9070	70002	50	
9080	70001	50	
9090	50000	175	
10010	1	1000	
10020	1	1000	
10030	1	2000	
10040	1	3000	
10050	1	5000	
10080	2992001	1	[1,0]
10081	3912001	4	[1,0]
10100	1	50000	
10110	1	50000	
10011	12	1	
10021	12	1	
10031	12	2	
10041	12	2	
10051	12	3	
10101	1	10	
10111	1	10	
10012	12	1	
10032	12	5	
10052	12	1	
10033	3	5	
10043	3	10	
10053	3	15	
11010	1	10000	
11020	1	20000	
11030	1	50000	
11040	1	100000	
11050	1	200000	
11060	4	30	
11070	4	60	
11080	4	120	
11090	4	180	
11100	4	240	
50000	1	10000	
50010	3914001	1	[1,0]
50020	30	3	
50030	2994001	1	[1,0]
50040	40110	1	
50050	30013	1	
50060	50000	100	
50070	1	10000	
50080	3914001	1	[1,0]
50090	30	3	
50100	2994001	1	[1,0]
50110	40114	1	
50120	30013	1	
50130	50001	100	
50140	1	10000	
50150	3914001	1	[1,0]
50160	30	3	
50170	2994001	1	[1,0]
50180	40110	1	
50190	30013	1	
50200	50000	150	
50210	1	10000	
50220	3914001	1	[1,0]
50230	30	3	
50240	2994001	1	[1,0]
50250	40113	1	
50260	30013	1	
50270	50001	150	
55000	2034001	1	[1,0]
55010	2035001	1	[1,0]
55020	503	10	
55030	505	10	
55040	3035008	1	[1,0]
55050	3065008	1	[1,0]
55060	1041002	1	[1,2,1]
55070	3015002	1	[1,0]
55080	3045002	1	[1,0]
55090	50000	250	
55100	3025006	1	[1,0]
55110	3055006	1	[1,0]
55120	50001	250	
55130	6410105	1	
100010	4	60	
100020	7	1	
100030	7	1	
100040	7	30	
100050	7	10	
100060	7	20	
100070	7	25	
100080	7	40	
100090	7	1	
100100	7	45	
100110	7	15	
100120	7	15	
100130	7	25	
100140	7	15	
100150	7	50	
100160	7	25	
100170	7	25	
100180	7	30	
100190	7	15	
100011	13	5	
100021	13		
100031	13		
100041	13	10	
100051	13	5	
100061	13	10	
100071	13	10	
100081	13	15	
100091	13	1	
100101	13	15	
100111	13	5	
100121	13	5	
100131	13	15	
100141	13	10	
100151	13	20	
100161	13	10	
100171	13	10	
100181	13	10	
100191	13	5	
100192	90031	1	
100201	13	5	
100211	13	5	
100012	7	15	
100022	14		
100032	14		
100042	14		
100052	14		
100062	14		
100072	14		
100082	14		
100092	14		
100102	14		
100112	14		
100122	14		
100132	14		
100142	14		
100152	14		
100162	14		
100172	14		
100182	14		
100023	4	30	
100033	4	30	
701010	3	20	
701020	3	30	
701030	3	40	
701040	3	50	
701050	3	60	
701060	3	70	
701070	3	80	
702010	3	100	
702020	3	120	
702030	3	140	
702040	3	160	
702050	3	200	
702060	3	240	
702070	3	300	
1000002	3012001	1	[1,0]
1000003	3022001	1	[1,0]
1000000	1	5000	
1000170	1	7500	
1000001	3042001	1	[1,0]
1000011	2992001	1	[1,0]
1000021	3022001	1	[1,0]
1000022	3052001	1	[1,0]
1000031	3032001	1	[1,0]
1000032	3062001	1	[1,0]
1000041	3023001	1	[1,0]
1000051	3053001	1	[1,0]
1000061	3913001	1	[1,0]
1000071	3913001	1	[1,0]
1000081	2993001	1	[1,0]
1000091	3033001	1	[1,0]
1000101	3063001	1	[1,0]
1000111	3014001	1	[1,0]
1000112	3044001	1	[1,0]
1000121	2993001	1	[1,0]
1000131	2994001	1	[1,0]
1000141	3913001	1	[1,0]
1000151	3035002	1	[1,0]
1000152	3065002	1	[1,0]
1000161	3	100	
1000171	3913001	1	[1,0]
1000181	3913001	1	[1,0]
1000191	2993001	1	[1,0]
1000201	2993001	1	[1,0]
1000211	2054001	1	[1,0]
1000221	2993001	1	[1,0]
1000222	2993001	1	[1,0]
1000231	3913001	1	[1,0]
1000241	3913001	1	[1,0]
1000251	2993001	1	[1,0]
1000261	3913001	1	[1,0]
1000271	3024001	1	[1,0]
1000281	3054001	1	[1,0]
1000291	3913001	1	[1,0]
1000301	3913001	1	[1,0]
1000311	3034001	1	[1,0]
1000321	3064001	1	[1,0]
1000331	3913001	1	[1,0]
1000341	3025002	1	[1,0]
1000342	3055002	1	[1,0]
1000351	40103	3	
1000361	40103	3	
1000352	40104	3	
1000362	40104	3	
1000371	3	100	
1000381	3913001	1	[1,0]
1000391	3913001	1	[1,0]
1000401	2993001	1	[1,0]
1000411	2993001	1	[1,0]
1000421	12	20	
1000431	12	20	
1000441	3913001	1	[1,0]
1000451	3015001	1	[1,0]
1000452	3045001	1	[1,0]
1000461	3	100	
1000471	3913001	1	[1,0]
1000481	3913001	1	[1,0]
1000491	2993001	1	[1,0]
1000501	3913001	1	[1,0]
1000511	3014003	1	[1,0]
1000521	3044003	1	[1,0]
1000531	3913001	1	[1,0]
1000541	3913001	1	[1,0]
1000551	2993001	1	[1,0]
1000561	3913001	1	[1,0]
1000571	40104	3	
1000581	40103	3	
1000591	3913001	1	[1,0]
1000601	3913001	1	[1,0]
1000611	2993001	1	[1,0]
1000621	3035001	1	[1,0]
1000622	3065001	1	[1,0]
1000631	30013	1	
1000641	12	20	
1000651	3	100	
1000661	3913001	1	[1,0]
1000671	3913001	1	[1,0]
1000681	2993001	1	[1,0]
1000691	2993001	1	[1,0]
1000701	3024003	1	[1,0]
1000711	3054003	1	[1,0]
1000721	3913001	1	[1,0]
1000731	3025007	1	[1,0]
1000732	3055007	1	[1,0]
1000741	3	100	
1000751	3913001	1	[1,0]
1000761	3913001	1	[1,0]
1000771	2993001	1	[1,0]
1000781	3913001	1	[1,0]
1000791	3034003	1	[1,0]
1000801	3064003	1	[1,0]
1000811	3913001	1	[1,0]
1000821	3913001	1	[1,0]
1000831	2993001	1	[1,0]
1000841	3913001	1	[1,0]
1000851	40100	6	
1000861	40100	6	
1000871	3913001	1	[1,0]
1000881	3913001	1	[1,0]
1000891	2993001	1	[1,0]
1000901	3015007	1	[1,0]
1000902	3045007	1	[1,0]
1000911	30013	1	
1000921	12	20	
1000931	3	100	
1000941	3913001	1	[1,0]
1000951	3913001	1	[1,0]
1000961	2993001	1	[1,0]
1000971	2993001	1	[1,0]
1000981	12	20	
1000991	2994001	1	[1,0]
1001001	3913001	1	[1,0]
1001011	3025004	1	[1,0]
1001012	3055004	1	[1,0]
1001021	3913001	1	[1,0]
1001031	3913001	1	[1,0]
1001041	2993001	1	[1,0]
1001051	3913001	1	[1,0]
1001061	3014002	1	[1,0]
1001071	3044002	1	[1,0]
1001081	3913001	1	[1,0]
1001091	3913001	1	[1,0]
1001101	2993001	1	[1,0]
1001111	3913001	1	[1,0]
1001121	40100	6	
1001131	40104	6	
1001141	3913001	1	[1,0]
1001151	3913001	1	[1,0]
1001161	2993001	1	[1,0]
1001171	3015003	1	[1,0]
1001172	3045003	1	[1,0]
1001181	30013	2	
1001191	12	20	
1001201	3913001	1	[1,0]
1001211	3913001	1	[1,0]
1001221	2993001	1	[1,0]
1001231	2993001	1	[1,0]
1001241	2994001	1	[1,0]
1001251	12	20	
1001261	3913001	1	[1,0]
1001271	3025005	1	[1,0]
1001272	3055005	1	[1,0]
1001281	3913001	1	[1,0]
1001291	3913001	1	[1,0]
1001301	2993001	1	[1,0]
1001311	3913001	1	[1,0]
1001321	3024002	1	[1,0]
1001331	3054002	1	[1,0]
1001341	3913001	1	[1,0]
1001351	3913001	1	[1,0]
1001361	2993001	1	[1,0]
1001371	3913001	1	[1,0]
1001381	40114	3	
1001391	40113	3	
1001401	3913001	1	[1,0]
1001411	3913001	1	[1,0]
1001421	2993001	1	[1,0]
1001431	3035003	1	[1,0]
1001432	3065003	1	[1,0]
1001441	30013	2	
1001451	12	20	
1001461	3914001	1	[1,0]
1001471	3914001	1	[1,0]
1001481	2994001	1	[1,0]
1001491	2994001	1	[1,0]
1001501	12	20	
1001511	2994001	1	[1,0]
1001521	3914001	1	[1,0]
1001531	3015005	1	[1,0]
1001532	3045005	1	[1,0]
1001541	3914001	1	[1,0]
1001551	3914001	1	[1,0]
1001561	2994001	1	[1,0]
1001571	3914001	1	[1,0]
1001581	3034002	1	[1,0]
1001591	3064002	1	[1,0]
1001601	3914001	1	[1,0]
1001611	3914001	1	[1,0]
1001621	2994001	1	[1,0]
1001631	3914001	1	[1,0]
1001641	40114	3	
1001651	40113	3	
1001661	3914001	1	[1,0]
1001671	3914001	1	[1,0]
1001681	2994001	1	[1,0]
1001691	3025002	1	[1,0]
1001692	3055002	1	[1,0]
1001701	30013	2	
1001711	12	20	
1001721	3914001	1	[1,0]
1001731	3914001	1	[1,0]
1001741	2994001	1	[1,0]
1001751	2994001	1	[1,0]
1001761	12	20	
1001771	2994001	1	[1,0]
1001781	3914001	1	[1,0]
1001791	3015006	1	[1,0]
1001792	3045006	1	[1,0]
1001801	3914001	1	[1,0]
1001811	3914001	1	[1,0]
1001821	2994001	1	[1,0]
1001831	3914001	1	[1,0]
1001841	3914001	1	[1,0]
1001851	12	20	
1001861	3914001	1	[1,0]
1001871	3914001	1	[1,0]
1001881	2994001	1	[1,0]
1001891	3914001	1	[1,0]
1001901	40114	3	
1001911	40113	3	
1001921	3914001	1	[1,0]
1001931	3914001	1	[1,0]
1001941	2994001	1	[1,0]
1001951	3036001	1	[1,0]
1001952	3066001	1	[1,0]
1001961	30013	2	
1001971	12	20	
1001981	3914001	1	[1,0]
1001991	3914001	1	[1,0]
1002001	2994001	1	[1,0]
1002011	2994001	1	[1,0]
1002021	12	20	
1002031	2994001	1	[1,0]
1002041	3914001	1	[1,0]
1002051	3016007	1	[1,0]
1002052	3046007	1	[1,0]
1002061	3914001	1	[1,0]
1002071	3914001	1	[1,0]
1002081	2994001	1	[1,0]
1002091	2994001	1	[1,0]
1002101	12	20	
1002111	2994001	1	[1,0]
1002121	3914001	1	[1,0]
1002131	3026001	1	[1,0]
1002132	3056001	1	[1,0]
1002201	3914001	1	[1,0]
1002211	3914001	1	[1,0]
1002221	3914001	1	[1,0]
1002231	3914001	1	[1,0]
1002241	3914001	1	[1,0]
1002251	3914001	1	[1,0]
1002261	3914001	1	[1,0]
1002271	3914001	1	[1,0]
1002281	3914001	1	[1,0]
1002291	3914001	1	[1,0]
1002301	3914001	1	[1,0]
1002311	3914001	1	[1,0]
1002321	3914001	1	[1,0]
1002331	3914001	1	[1,0]
1002341	3914001	1	[1,0]
1002351	3914001	1	[1,0]
1003071	3016012	1	[1,0]
1003072	3046012	1	[1,0]
1003111	3026009	1	[1,0]
1003112	3056009	1	[1,0]
1003181	3026012	1	[1,0]
1003182	3056012	1	[1,0]
1003221	3036009	1	[1,0]
1003222	3066009	1	[1,0]
1003301	3036012	1	[1,0]
1003302	3066012	1	[1,0]
1003341	3016011	1	[1,0]
1003342	3046011	1	[1,0]
1003351	31104	1	
1003361	31204	1	
1003411	70001	120	
1003412	70002	20	
1003451	70001	120	
1003452	70002	20	
1003461	70001	120	
1003462	70002	20	
7000000	300	5	
7000010	300	10	
7000020	300	20	
7000030	300	10	
7000040	300	20	
7000050	300	40	
7000060	300	15	
7000070	300	30	
7000080	300	60	
7000090	300	20	
7000100	300	40	
7000110	300	80	
7000120	300	25	
7000130	300	50	
7000140	300	100	
7000150	300	30	
7000160	300	60	
7000170	300	120	
7010010	502	10	
7010020	50000	250	
7010030	90015	2	
7010040	503	20	
7010050	90015	2	
7010060	505	20	
7010070	50000	250	
7011010	12	30	
7011020	31204	10	
7011030	30013	8	
7011040	12	30	
7011050	31204	10	
7011060	30013	8	
7011070	12	30	
7011080	31204	10	
7011090	30013	8	
7011100	12	30	
7011110	31204	10	
7011120	30013	8	
7011130	33001	10	
7011140	31204	10	
7011150	33001	10	
7011160	12	30	
7011170	31204	10	
7011180	30013	8	
7011190	12	30	
7011200	31204	10	
7011210	30013	8	
7011220	12	30	
7011230	31204	10	
7011240	30013	8	
7011250	12	30	
7011260	31204	10	
7011270	30013	8	
7011280	12	30	
7011290	31204	10	
7011300	30013	8	
7011011	1	30000	
7011021	31104	4	
7011031	30012	10	
7011041	1	30000	
7011051	31104	4	
7011061	30012	10	
7011071	1	30000	
7011081	31104	4	
7011091	30012	10	
7011101	1	30000	
7011111	31104	4	
7011121	30012	10	
7011131	1	30000	
7011141	31104	4	
7011151	30012	10	
7011161	1	30000	
7011171	31104	4	
7011181	30012	10	
7011191	1	30000	
7011201	31104	4	
7011211	30012	10	
7011221	1	30000	
7011231	31104	4	
7011241	30012	10	
7011251	1	30000	
7011261	31104	4	
7011271	30012	10	
7011281	1	30000	
7011291	31104	4	
7011301	30012	10	
7011310	40113	2	
7011320	40110	8	
7011330	50000	300	
7011340	40113	2	
7011350	40110	8	
7011360	50000	300	
7011370	50000	150	
7011380	50000	150	
7011390	17062801	1	
7011400	40113	2	
7011410	40110	8	
7011420	50000	300	
7011430	33001	10	
7011440	33001	10	
7011450	50000	300	
7011460	50000	150	
7011470	50000	150	
7011480	17062802	1	
7011490	70002	3	
7011500	40301	10	
7011510	50000	300	
7011520	40114	2	
7011530	40301	10	
7011540	50000	300	
7011550	50000	150	
7011560	50000	150	
7011570	17062803	1	
7011580	50000	150	
7011590	50000	150	
7011600	17062804	1	
7011311	40103	10	
7011321	40100	20	
7011331	94041	1	
7011341	40103	10	
7011351	40104	20	
7011361	94046	1	
7011371	40113	2	
7011381	40110	8	
7011391	3036005	1	[1,0]
7011401	40103	10	
7011411	40104	20	
7011421	94042	1	
7011431	12	30	
7011441	12	30	
7011451	94047	1	
7011461	40113	2	
7011471	40110	8	
7011481	3026005	1	[1,0]
7011491	70001	24	
7011501	40201	2	
7011511	3005	1	
7011521	40104	10	
7011531	40201	2	
7011541	3005	1	
7011551	40114	2	
7011561	40301	10	
7011571	3016009	1	[1,0]
7011581	40114	2	
7011591	40301	10	
7011601	3005	1	
7011312	1	50000	
7011322	1	50000	
7011332	30013	10	
7011342	1	50000	
7011352	1	50000	
7011362	30013	10	
7011372	40103	10	
7011382	40100	20	
7011392	3066005	1	[1,0]
7011402	1	50000	
7011412	1	50000	
7011422	30013	10	
7011432	1	50000	
7011442	1	50000	
7011452	30013	10	
7011462	40103	10	
7011472	40104	20	
7011482	3056005	1	[1,0]
7011492	1	50000	
7011502	1	50000	
7011512	30013	10	
7011522	1	50000	
7011532	1	50000	
7011542	30013	10	
7011552	40104	10	
7011562	40201	2	
7011572	3046009	1	[1,0]
7011582	40104	10	
7011592	40201	2	
7011602	3005	1	
7011610	50000	300	
7011611	94041	1	
7011620	50000	300	
7011621	94046	1	
7011630	17062801	1	
7011631	50000	300	
7011632	3036005	1	
7011640	50000	300	
7011641	94042	1	
7011650	50000	300	
7011651	94047	1	
7011660	17062802	1	
7011661	50000	300	
7011662	3026005	1	
7011670	50000	300	
7011671	3005	1	
7011680	50000	300	
7011681	3005	1	
7011690	17062803	1	
7011691	50000	300	
7011692	3016009	1	
7011700	17062804	1	
7011701	50000	300	
7011702	3005	2	
7012000	11000095	1	
7012010	94048	1	
7012020	94049	1	
7012030	94040	1	
7012040	50000	300	
7012050	94050	1	
7012060	50000	300	
7012070	94043	1	
7012210	50000	70	
7012220	50000	70	
7012230	50000	70	
7012240	50000	70	
7012250	50000	70	
7012260	50000	70	
7012270	50000	70	
7012280	50000	70	
7012290	50000	70	
7012300	50000	70	
7012310	50000	70	
7012320	50000	70	
7012330	50000	70	
7012340	50000	70	
7012350	50000	70	
7012360	50000	70	
7012370	50000	70	
7012380	50000	70	
7012390	50000	70	
7012400	50000	70	
7012410	50000	70	
7012420	50000	70	
7012430	50000	70	
7012440	50000	70	
7012450	50000	70	
7012460	50000	70	
7012470	50000	70	
7012480	50000	70	
7012490	50000	70	
7012500	50000	70	
7012510	50000	70	
7012520	50000	70	
7012530	50000	70	
7012540	50000	70	
7012550	50000	70	
7012560	50000	70	
7012570	50000	70	
7012580	50000	70	
7012590	50000	70	
7012600	50000	70	
7012610	50000	70	
7012620	50000	70	
7012630	50000	70	
7012640	50000	70	
7012650	50000	70	
7012660	50000	70	
7012670	50000	70	
7012680	50000	70	
7012690	50000	70	
7012700	50000	70	
7012710	50000	70	
7012720	50000	70	
7012730	50000	70	
7012740	50000	70	
7012750	50000	70	
7012760	50000	70	
7012770	50000	70	
7012211	3014002	1	[1,0]
7012221	30013	2	
7012231	3025003	1	[1,0]
7012241	94045	1	
7012251	31104	3	
7012261	40103	5	
7012271	31204	9	
7012281	40104	5	
7012291	12	10	
7012301	31104	3	
7012311	12	10	
7012321	30013	2	
7012331	12	10	
7012341	40103	5	
7012351	40104	5	
7012361	30013	2	
7012371	31204	9	
7012381	30013	2	
7012391	30013	2	
7012401	40104	5	
7012411	31204	9	
7012421	31104	3	
7012431	40104	5	
7012441	12	10	
7012451	94044	1	
7012461	40113	2	
7012471	12	10	
7012481	31104	3	
7012491	40103	5	
7012501	40113	2	
7012511	12	10	
7012521	40104	5	
7012531	40114	4	
7012541	30013	2	
7012551	12	10	
7012561	31204	9	
7012571	40104	10	
7012581	30013	2	
7012591	31104	3	
7012601	40113	2	
7012611	30013	2	
7012621	40103	10	
7012631	12	10	
7012641	40103	10	
7012651	30013	2	
7012661	12	10	
7012671	40113	2	
7012681	40104	10	
7012691	40114	4	
7012701	31204	9	
7012711	40104	10	
7012721	30013	2	
7012731	40114	4	
7012741	12	10	
7012751	40113	2	
7012761	31104	3	
7012771	40113	2	
7012212	3024002	1	[1,0]
7012222	1	10000	
7012232	3055003	1	[1,0]
7012242	1	10000	
7012252	1	10000	
7012262	40100	5	
7012272	1	10000	
7012282	40100	5	
7012292	1	10000	
7012302	1	10000	
7012312	1	10000	
7012322	1	10000	
7012332	1	10000	
7012342	40100	5	
7012352	40100	5	
7012362	1	10000	
7012372	1	10000	
7012382	1	10000	
7012392	1	10000	
7012402	40100	5	
7012412	1	10000	
7012422	1	10000	
7012432	40100	5	
7012442	1	10000	
7012452	40100	5	
7012462	40110	2	
7012472	1	10000	
7012482	1	10000	
7012492	40100	5	
7012502	40110	2	
7012512	1	10000	
7012522	40100	5	
7012532	40110	4	
7012542	1	10000	
7012552	1	10000	
7012562	1	10000	
7012572	40100	10	
7012582	1	10000	
7012592	1	10000	
7012602	40110	2	
7012612	1	10000	
7012622	40100	10	
7012632	1	10000	
7012642	40100	10	
7012652	1	10000	
7012662	1	10000	
7012672	40110	2	
7012682	40100	10	
7012692	40110	4	
7012702	1	10000	
7012712	40100	10	
7012722	1	10000	
7012732	40110	4	
7012742	1	10000	
7012752	40110	2	
7012762	1	10000	
7012772	40110	2	
7012213	7	120	
7012223	7	120	
7012233	7	120	
7012243	7	120	
7012253	7	120	
7012263	7	120	
7012273	7	120	
7012283	7	120	
7012293	7	120	
7012303	7	120	
7012313	7	120	
7012323	7	120	
7012333	7	120	
7012343	7	120	
7012353	7	120	
7012363	7	120	
7012373	7	120	
7012383	7	120	
7012393	7	120	
7012403	7	120	
7012413	7	120	
7012423	7	120	
7012433	7	120	
7012443	7	120	
7012453	7	120	
7012463	7	120	
7012473	7	120	
7012483	7	120	
7012493	7	120	
7012503	7	120	
7012513	7	120	
7012523	7	120	
7012533	7	120	
7012543	7	120	
7012553	7	120	
7012563	7	120	
7012573	7	120	
7012583	7	120	
7012593	7	120	
7012603	7	120	
7012613	7	120	
7012623	7	120	
7012633	7	120	
7012643	7	120	
7012653	7	120	
7012663	7	120	
7012673	7	120	
7012683	7	120	
7012693	7	120	
7012703	7	120	
7012713	7	120	
7012723	7	120	
7012733	7	120	
7012743	7	120	
7012753	7	120	
7012763	7	120	
7012773	7	120	
7020000	1	1	
7020010	1	1	
7020020	1	1	
7020030	1	1	
7020040	1106	100	
7020050	1106	100	
7020060	1106	100	
7020070	1106	100	
7020080	1106	100	
7020090	1106	100	
7020100	1106	100	
7020110	1106	100	
7020120	1106	100	
7020130	1106	100	
7020140	1106	100	
7020150	1106	100	
7020160	1106	300	
7020170	1106	300	
7020180	1106	250	
7020190	1106	250	
7020200	1106	300	
7020210	1106	300	
7020220	1106	200	
7020230	1106	150	
7020240	1106	150	
7020250	1106	150	
7020260	1106	150	
7020270	1106	200	
7020280	1106	200	
7020290	1106	150	
7020300	1106	150	
7020310	1106	150	
7020320	1106	150	
7020330	1106	200	
7020340	1106	200	
7020350	1106	200	
7020360	1106	200	
7020370	1106	200	
7020380	1106	200	
7020390	1106	200	
7020400	1106	200	
7020410	1106	200	
7020420	1106	200	
7020430	1106	200	
7030000	50000	250	
7030010	30014	4	
7030020	12	58	
7030030	29	150	
7030040	70000	2	
7030050	31104	13	
7030060	60001	40	
7030070	31204	79	
7030080	60002	26	
7030090	1221003	1	
7030100	90015	4	
7030110	30014	4	
7030120	12	58	
7030130	29	150	
7030140	70000	2	
7030150	31104	13	
7030160	60001	40	
7030170	31204	79	
7030180	60002	26	
7030190	2365001	1	
7030200	90015	4	
7030210	30014	4	
7030220	12	58	
7030230	29	150	
7030240	70000	2	
7030250	31104	13	
7030260	60001	40	
7030270	31204	79	
7030280	60002	26	
7030290	95004	1	
7030300	90015	4	
7030310	30014	4	
7030320	12	58	
7030330	29	150	
7030340	70000	2	
7030350	31104	13	
7030360	60001	40	
7030370	31204	79	
7030380	60002	26	
7030390	200	100	
7030400	90015	4	
7030410	30014	4	
7030420	12	58	
7030430	29	150	
7030440	70000	2	
7030450	31104	13	
7030460	60001	40	
7030470	31204	79	
7030480	60002	26	
7030490	94038	1	
7030500	40301	96	
7030510	40200	48	
7030520	40301	96	
7030530	40201	16	
7030540	40301	96	
7030550	40200	48	
7030560	40301	96	
7030570	40201	16	
7030580	40301	96	
7030590	3002	1	
7030600	90015	4	
7030610	30014	4	
7030620	12	58	
7030630	29	150	
7030640	70000	2	
7030650	31104	13	
7030660	60001	40	
7030670	31204	79	
7030680	60002	26	
7030690	34000	25	
7030700	3	680	
7030710	30014	12	
7030720	12	176	
7030730	29	450	
7030740	70000	6	
7030750	31104	26	
7030760	60001	80	
7030770	31204	158	
7030780	60002	52	
7030790	2366001	1	
7030800	90015	12	
7030810	30014	12	
7030820	12	176	
7030830	29	450	
7030840	70000	6	
7030850	31104	26	
7030860	60001	80	
7030870	31204	158	
7030880	60002	52	
7030890	40910	1	
7030900	90015	12	
7030910	30014	12	
7030920	12	176	
7030930	29	450	
7030940	70000	6	
7030950	31104	26	
7030960	60001	80	
7030970	31204	158	
7030980	60002	52	
7030990	40909	1	
7031000	90015	12	
7031010	30014	12	
7031020	12	176	
7031030	29	450	
7031040	70000	6	
7031050	31104	26	
7031060	60001	80	
7031070	31204	158	
7031080	60002	52	
7031090	200	400	
7031100	90015	12	
7031110	30014	12	
7031120	12	176	
7031130	29	450	
7031140	70000	6	
7031150	31104	26	
7031160	60001	80	
7031170	31204	158	
7031180	60002	52	
7031190	40911	1	
7031200	40301	288	
7031210	40200	144	
7031220	40301	288	
7031230	40201	48	
7031240	40301	288	
7031250	40200	144	
7031260	40301	288	
7031270	40201	48	
7031280	40301	288	
7031290	3002	2	
7031300	90015	12	
7031310	30014	12	
7031320	12	176	
7031330	29	450	
7031340	70000	6	
7031350	31104	26	
7031360	60001	80	
7031370	31204	158	
7031380	60002	52	
7031390	34000	50	
7031400	50000	250	
7031401	1221003	1	
7031402	2365001	1	
7031403	95004	1	
7031404	200	100	
7031405	3002	1	
7031406	94038	1	
7031407	34000	25	
7031410	3	680	
7031411	2366001	1	
7031412	40910	1	
7031413	40909	1	
7031414	200	400	
7031415	3002	2	
7031416	40911	1	
7031417	34000	50	
7031420	1391003	1	
7031500	50000	250	
7031501	1221003	1	
7031502	2365001	1	
7031503	200	100	
7031504	3002	1	
7031510	3	680	
7031511	2366001	1	
7031512	200	400	
7031513	3002	2	
7031520	1401003	1	
7031600	50000	250	
7031601	1221003	1	
7031602	2365001	1	
7031603	200	100	
7031604	3002	1	
7031610	3	680	
7031611	2366001	1	
7031612	200	400	
7031613	3002	2	
7031620	1421003	1	
7040000	1021005	1	
7040010	2346001	1	
7040011	95003	1	
7040020	32000	2025	
7040021	32001	630	
7040022	12	180	
7040030	3002	1	
7040040	16150000	1	
7040050	49	68	
7040060	20000000	1	[8]
7050000	7	60	
7050010	50000	250	
7050020	50000	250	
7050030	50000	250	
7050040	97066	1	
7050050	50000	250	
7050060	50000	250	
7050070	50000	250	
7050110	50000	250	
7050120	50000	250	
7050130	50000	250	
7050140	97066	1	
7050150	50000	250	
7050160	50000	250	
7050170	50000	250	
140301	2016001	1	
140302	2016002	1	
140303	2016003	1	
140304	2026001	1	
140305	2026002	1	
140306	2026003	1	
140307	2026004	1	
140308	2026005	1	
140309	2026006	1	
140310	2036001	1	
140311	2036002	1	
140312	2036003	1	
140313	2046001	1	
140314	2046002	1	
140315	2046003	1	
140316	2056001	1	
140317	2056002	1	
140318	2066001	1	
140319	2066002	1	
140320	2076001	1	
140321	2076002	1	
140322	2086001	1	
140323	2086002	1	
140324	2096001	1	
140325	2096002	1	
140326	2096003	1	
140327	2106001	1	
140328	2116001	1	
140329	2136001	1	
140330	2146001	1	
140331	2176001	1	
140332	2186001	1	
140333	2196001	1	
140334	2206001	1	
140335	2216001	1	
140336	2226001	1	
140337	2236001	1	
140338	2246001	1	
140339	2256001	1	
140340	2266001	1	
140341	2276001	1	
140342	2286001	1	
140343	2296001	1	
140344	2306001	1	
140345	2316001	1	
140346	2326001	1	
140347	2336001	1	
140348	2346001	1	
140349	2356001	1	
140350	2366001	1	
140351	2376001	1	
140352	2386001	1	
140353	2406001	1	
140354	2416001	1	
140355	2426001	1	
140356	2436001	1	
7050210	50000	250	
7050220	50000	500	
7050230	50000	250	
7050240	97066	1	
7050250	50000	250	
7050260	50000	250	
7050270	50000	500	
7050310	2024001	1	
7050311	31104	3	
7050312	1	5000	
7050320	62738	2000	
30110	3933001	1	[1,0]
30120	3943001	1	[1,0]
30130	3953001	1	[1,0]
30140	3963001	1	[1,0]
30150	3913001	1	[1,0]
30160	3923001	1	[1,0]
30170	3933001	1	[1,0]
30180	3943001	1	[1,0]
30190	3953001	1	[1,0]
30210	3963001	1	[1,0]
30220	3913001	1	[1,0]
30230	3923001	1	[1,0]
30240	3933001	1	[1,0]
30310	3943001	1	[1,0]
30320	3953001	1	[1,0]
30400	3963001	1	[1,0]
30510	3913001	1	[1,0]
30520	3923001	1	[1,0]
30530	3933001	1	[1,0]
30540	3943001	1	[1,0]
30550	3953001	1	[1,0]
30560	3963001	1	[1,0]
30570	3913001	1	[1,0]
30580	3923001	1	[1,0]
30590	3933001	1	[1,0]
30610	3943001	1	[1,0]
30620	3953001	1	[1,0]
30630	3963001	1	[1,0]
30640	3913001	1	[1,0]
30650	3923001	1	[1,0]
30660	3933001	1	[1,0]
30670	3943001	1	[1,0]
30680	3953001	1	[1,0]
30690	3963001	1	[1,0]
30710	3913001	1	[1,0]
30720	3923001	1	[1,0]
30730	3933001	1	[1,0]
30740	3943001	1	[1,0]
30810	3953001	1	[1,0]
30820	3963001	1	[1,0]
30910	3913001	1	[1,0]
30920	3923001	1	[1,0]
30930	3933001	1	[1,0]
30940	3943001	1	[1,0]
30950	3953001	1	[1,0]
30960	3963001	1	[1,0]
30970	3913001	1	[1,0]
30980	3923001	1	[1,0]
30990	3933001	1	[1,0]
31010	3943001	1	[1,0]
31020	3953001	1	[1,0]
31030	3963001	1	[1,0]
31040	3913001	1	[1,0]
31050	3923001	1	[1,0]
31060	3933001	1	[1,0]
31070	3943001	1	[1,0]
31080	3953001	1	[1,0]
31090	3963001	1	[1,0]
31110	3913001	1	[1,0]
31120	3923001	1	[1,0]
31130	3933001	1	[1,0]
31140	3943001	1	[1,0]
31210	3953001	1	[1,0]
31220	3963001	1	[1,0]
31310	3913001	1	[1,0]
31320	3923001	1	[1,0]
31330	3933001	1	[1,0]
31340	3943001	1	[1,0]
31350	3953001	1	[1,0]
31360	3963001	1	[1,0]
31370	3913001	1	[1,0]
31380	3923001	1	[1,0]
31390	3933001	1	[1,0]
31410	3943001	1	[1,0]
31420	3953001	1	[1,0]
31430	3963001	1	[1,0]
31440	3913001	1	[1,0]
31450	3923001	1	[1,0]
31460	3933001	1	[1,0]
31470	3943001	1	[1,0]
31480	3953001	1	[1,0]
31490	3963001	1	[1,0]
31510	3913001	1	[1,0]
31520	3923001	1	[1,0]
31530	3933001	1	[1,0]
31540	3943001	1	[1,0]
31610	3953001	1	[1,0]
31620	3963001	1	[1,0]
31710	3913001	1	[1,0]
31720	3923001	1	[1,0]
31730	3933001	1	[1,0]
31740	3943001	1	[1,0]
31750	3953001	1	[1,0]
31760	3963001	1	[1,0]
31770	3913001	1	[1,0]
31780	3923001	1	[1,0]
31790	3933001	1	[1,0]
31810	3943001	1	[1,0]
31820	3953001	1	[1,0]
31830	3963001	1	[1,0]
31840	3913001	1	[1,0]
31850	3923001	1	[1,0]
31860	3933001	1	[1,0]
31870	3943001	1	[1,0]
31880	3953001	1	[1,0]
31890	3963001	1	[1,0]
31910	3913001	1	[1,0]
31920	3923001	1	[1,0]
31930	3933001	1	[1,0]
31940	3943001	1	[1,0]
32010	3953001	1	[1,0]
32020	3963001	1	[1,0]
32110	3913001	1	[1,0]
32120	3923001	1	[1,0]
32130	3933001	1	[1,0]
32140	3943001	1	[1,0]
32150	3953001	1	[1,0]
32160	3963001	1	[1,0]
32170	3913001	1	[1,0]
32180	3923001	1	[1,0]
32190	3933001	1	[1,0]
32210	3943001	1	[1,0]
32220	3953001	1	[1,0]
32230	3963001	1	[1,0]
32240	3913001	1	[1,0]
32250	3923001	1	[1,0]
32260	3933001	1	[1,0]
32270	3943001	1	[1,0]
32280	3953001	1	[1,0]
32290	3963001	1	[1,0]
32310	3913001	1	[1,0]
32320	3923001	1	[1,0]
32330	3933001	1	[1,0]
32340	3943001	1	[1,0]
32410	3953001	1	[1,0]
32420	3963001	1	[1,0]
32510	3913001	1	[1,0]
32520	3923001	1	[1,0]
32530	3933001	1	[1,0]
32540	3943001	1	[1,0]
32550	3953001	1	[1,0]
32560	3963001	1	[1,0]
32570	3913001	1	[1,0]
32580	3923001	1	[1,0]
32590	3933001	1	[1,0]
32610	3943001	1	[1,0]
32620	3953001	1	[1,0]
32630	3963001	1	[1,0]
32640	3913001	1	[1,0]
32650	3923001	1	[1,0]
32660	3933001	1	[1,0]
32670	3943001	1	[1,0]
32680	3953001	1	[1,0]
32690	3963001	1	[1,0]
32710	3913001	1	[1,0]
32720	3923001	1	[1,0]
32730	3933001	1	[1,0]
32740	3943001	1	[1,0]
32810	3953001	1	[1,0]
32820	3963001	1	[1,0]
32910	3913001	1	[1,0]
32920	3923001	1	[1,0]
32930	3933001	1	[1,0]
32940	3943001	1	[1,0]
32950	3953001	1	[1,0]
32960	3963001	1	[1,0]
32970	3913001	1	[1,0]
32980	3923001	1	[1,0]
32990	3933001	1	[1,0]
33010	3943001	1	[1,0]
33020	3953001	1	[1,0]
33030	3963001	1	[1,0]
33040	3913001	1	[1,0]
33050	3923001	1	[1,0]
33060	3933001	1	[1,0]
33070	3943001	1	[1,0]
33080	3953001	1	[1,0]
33090	3963001	1	[1,0]
33110	3913001	1	[1,0]
33120	3923001	1	[1,0]
33130	3933001	1	[1,0]
33140	3943001	1	[1,0]
33210	3953001	1	[1,0]
33220	3963001	1	[1,0]
33310	3913001	1	[1,0]
33320	3923001	1	[1,0]
33330	3933001	1	[1,0]
33340	3943001	1	[1,0]
33350	3953001	1	[1,0]
33360	3963001	1	[1,0]
33370	3913001	1	[1,0]
33380	3923001	1	[1,0]
33390	3933001	1	[1,0]
33410	3943001	1	[1,0]
33420	3953001	1	[1,0]
33430	3963001	1	[1,0]
33440	3913001	1	[1,0]
33450	3923001	1	[1,0]
33460	3933001	1	[1,0]
33470	3943001	1	[1,0]
33480	3953001	1	[1,0]
33490	3963001	1	[1,0]
33510	3913001	1	[1,0]
33520	3923001	1	[1,0]
33530	3933001	1	[1,0]
33540	3943001	1	[1,0]
33610	3953001	1	[1,0]
33620	3963001	1	[1,0]
10010010	1	1000	
10010020	1	1500	
10010030	1	2000	
10010040	1	2500	
10020010	1	1000	
10020020	1	1500	
10020030	1	2000	
10020040	1	2500	
10030010	1	1500	
10030020	1	2000	
10030030	1	2500	
10030040	1	3000	
10040010	1	1500	
10040020	1	2000	
10040030	1	2500	
10040040	1	3000	
10050010	1	2000	
10050020	1	2500	
10050030	1	3000	
10050040	1	3500	
10060010	1	2000	
10060020	1	2500	
10060030	1	3000	
10060040	1	3500	
10070010	1	2500	
10070020	1	3000	
10070030	1	3500	
10070040	1	4000	
10080010	1	2500	
10080020	1	3000	
10080030	1	3500	
10080040	1	4000	
10110010	1	3000	
10110020	1	3500	
10110030	1	4000	
10110040	1	4500	
11010010	1	1000	
11010020	1	1500	
11010030	1	2000	
11010040	1	2500	
11020010	1	1000	
11020020	1	1500	
11020030	1	2000	
11020040	1	2500	
11030010	1	1500	
11030020	1	2000	
11030030	1	2500	
11030040	1	3000	
11040010	1	1500	
11040020	1	2000	
11040030	1	2500	
11040040	1	3000	
11050010	1	2000	
11050020	1	2500	
11050030	1	3000	
11050040	1	3500	
11060010	1	2000	
11060020	1	2500	
11060030	1	3000	
11060040	1	3500	
11070010	1	2500	
11070020	1	3000	
11070030	1	3500	
11070040	1	4000	
11080010	1	2500	
11080020	1	3000	
11080030	1	3500	
11080040	1	4000	
11110010	1	3000	
11110020	1	3500	
11110030	1	4000	
11110040	1	4500	
12010010	1	1000	
12010020	1	1500	
12010030	1	2000	
12010040	1	2500	
12020010	1	1000	
12020020	1	1500	
12020030	1	2000	
12020040	1	2500	
12030010	1	1500	
12030020	1	2000	
12030030	1	2500	
12030040	1	3000	
12040010	1	1500	
12040020	1	2000	
12040030	1	2500	
12040040	1	3000	
12050010	1	2000	
12050020	1	2500	
12050030	1	3000	
12050040	1	3500	
12060010	1	2000	
12060020	1	2500	
12060030	1	3000	
12060040	1	3500	
12070010	1	2500	
12070020	1	3000	
12070030	1	3500	
12070040	1	4000	
12080010	1	2500	
12080020	1	3000	
12080030	1	3500	
12080040	1	4000	
10010011	30012	2	
10010021	3913001	1	[1,0]
10010031	2993001	1	[1,0]
10010041	3923001	1	[1,0]
10020011	30012	2	
10020021	3933001	1	[1,0]
10020031	2993001	1	[1,0]
10020041	3943001	1	[1,0]
10030011	30012	2	
10030021	3953001	1	[1,0]
10030031	2993001	1	[1,0]
10030041	3963001	1	[1,0]
10040011	30012	2	
10040021	3913001	1	[1,0]
10040031	2993001	1	[1,0]
10040041	3923001	1	[1,0]
10050011	30012	2	
10050021	3934001	1	[1,0]
10050031	2994001	1	[1,0]
10050041	3944001	1	[1,0]
10060011	30012	2	
10060021	3954001	1	[1,0]
10060031	2994001	1	[1,0]
10060041	3964001	1	[1,0]
10070011	30012	2	
10070021	3914001	1	[1,0]
10070031	2994001	1	[1,0]
10070041	3924001	1	[1,0]
10080011	30012	2	
10080021	3934001	1	[1,0]
10080031	2994001	1	[1,0]
10080041	3944001	1	[1,0]
10110011	30012	2	
10110021	3934001	1	[1,0]
10110031	2994001	1	[1,0]
10110041	3944001	1	[1,0]
11010011	30012	2	
11010021	3913001	1	[1,0]
11010031	2993001	1	[1,0]
11010041	3913001	1	[1,0]
11020011	30012	2	
11020021	3913001	1	[1,0]
11020031	2993001	1	[1,0]
11020041	3913001	1	[1,0]
11030011	30012	2	
11030021	3913001	1	[1,0]
11030031	2993001	1	[1,0]
11030041	3913001	1	[1,0]
11040011	30012	2	
11040021	3914001	1	[1,0]
11040031	2994001	1	[1,0]
11040041	3914001	1	[1,0]
11050011	30012	2	
11050021	3914001	1	[1,0]
11050031	2994001	1	[1,0]
11050041	3914001	1	[1,0]
11060011	30012	2	
11060021	3914001	1	[1,0]
11060031	2994001	1	[1,0]
11060041	3914001	1	[1,0]
11070011	30012	2	
11070021	3914001	1	[1,0]
11070031	2994001	1	[1,0]
11070041	3914001	1	[1,0]
11080011	30012	2	
11080021	3914001	1	[1,0]
11080031	2994001	1	[1,0]
11080041	3914001	1	[1,0]
11110011	30012	2	
11110021	3914001	1	[1,0]
11110031	2994001	1	[1,0]
11110041	3914001	1	[1,0]
10010032	30012	2	
10010042	2994001	1	[1,0]
10020032	30012	2	
10020042	2994001	1	[1,0]
10030032	30012	2	
10030042	2994001	1	[1,0]
10040032	30012	2	
10040042	2994001	1	[1,0]
10050032	30012	2	
10050042	2994001	1	[1,0]
10060032	30012	2	
10060042	2994001	1	[1,0]
10070032	30012	2	
10070042	2994001	1	[1,0]
10080032	30012	2	
10080042	2994001	1	[1,0]
10110032	30012	2	
10110042	2994001	1	[1,0]
11010032	30012	2	
11010042	2994001	1	[1,0]
11020032	30012	2	
11020042	2994001	1	[1,0]
11030032	30012	2	
11030042	2994001	1	[1,0]
11040032	30012	2	
11040042	2994001	1	[1,0]
11050032	30012	2	
11050042	2994001	1	[1,0]
11060032	30012	2	
11060042	2994001	1	[1,0]
11070032	30012	2	
11070042	2994001	1	[1,0]
11080032	30012	2	
11080042	2994001	1	[1,0]
11110032	30012	2	
11110042	2994001	1	[1,0]
10120010	1	3500	
10120020	1	4000	
10120030	1	4500	
10120040	1	5000	
10120011	30012	2	
10120021	31204	1	
10120031	31104	1	
10120041	31204	1	
10120032	30012	2	
10120042	31104	1	
10130010	1	4000	
10130020	1	4500	
10130030	1	5000	
10130011	30012	4	
10130021	31204	4	
10130031	31104	4	
10130012	13007100	1	
10130022	13007100	1	
10130032	13007100	1	
10130040	13007100	1	
10130050	1	4000	
10130060	1	4500	
10130070	1	5000	
10130051	30012	4	
10130061	31204	4	
10130071	31104	4	
10130052	13007900	1	
10130062	13007900	1	
10130072	13007900	1	
10130080	13007900	1	
10130110	1	4000	
10130120	1	4500	
10130130	1	5000	
10130111	30012	4	
10130121	31204	4	
10130131	31104	4	
10130112	13008000	1	
10130122	13008000	1	
10130132	13008000	1	
10130140	13008000	1	
10130150	1	4000	
10130160	1	4500	
10130170	1	5000	
10130151	30012	4	
10130161	31204	4	
10130171	31104	4	
10130152	13012002	1	
10130162	13012002	1	
10130172	13012002	1	
10130180	13012002	1	
10130190	1	4000	
10130200	1	4500	
10130210	1	5000	
10130191	30012	4	
10130201	31204	4	
10130211	31104	4	
10130192	13013002	1	
10130202	13013002	1	
10130212	13013002	1	
10130220	13013002	1	
10130230	102	30	
10130240	102	30	
10130250	102	40	
10130231	30012	4	
10130241	31204	4	
10130251	31104	4	
10130260	13014001	1	
10130232	13014001	1	
10130242	13014001	1	
10130252	13014001	1	
10130270	102	30	
10130280	102	30	
10130290	102	40	
10130271	30012	4	
10130281	31204	4	
10130291	31104	4	
10130300	13015004	1	
10130272	13015004	1	
10130282	13015004	1	
10130292	13015004	1	
10130310	102	30	
10130320	102	30	
10130330	102	40	
10130311	30012	4	
10130321	31204	4	
10130331	31104	4	
10130340	13016002	1	
10130312	13016002	1	
10130322	13016002	1	
10130332	13016002	1	
10130350	102	30	
10130360	102	30	
10130370	102	40	
10130351	30012	4	
10130361	31204	4	
10130371	31104	4	
10130352	13017003	1	
10130362	13017003	1	
10130372	13017003	1	
10130380	13017003	1	
10130390	102	30	
10130400	102	30	
10130410	102	40	
10130391	30012	4	
10130401	31204	4	
10130411	31104	4	
10130420	13018002	1	
10130392	13018002	1	
10130402	13018002	1	
10130412	13018002	1	
10130430	102	30	
10130440	102	30	
10130450	102	40	
10130431	30012	4	
10130441	31204	4	
10130451	31104	4	
10130460	13019004	1	
10130432	13019004	1	
10130442	13019004	1	
10130452	13019004	1	
10130470	102	30	
10130480	102	30	
10130490	102	40	
10130500	13019103	1	
10130471	30012	4	
10130481	31204	4	
10130491	31104	4	
10130472	13019103	1	
10130482	13019103	1	
10130492	13019103	1	
10130510	102	30	
10130520	102	30	
10130530	102	40	
10130540	13019206	1	
10130551	30012	4	
10130561	31204	4	
10130571	31104	4	
10130552	13019304	1	
10130562	13019304	1	
10130572	13019304	1	
10130550	102	30	
10130560	102	30	
10130570	102	40	
10130580	13019304	1	
10130511	30012	4	
10130521	31204	4	
10130531	31104	4	
10130512	13019206	1	
10130522	13019206	1	
10130532	13019206	1	
10130590	102	50	
10130600	102	50	
10130610	102	100	
10130620	13019407	1	
10130591	50005	50	
10130601	50005	50	
10130611	90030	2	
10130592	13019407	1	
10130602	13019407	1	
10130612	13019407	1	
10130630	102	50	
10130640	102	50	
10130650	102	100	
10130660	13019502	1	
10130631	50005	50	
10130641	50005	50	
10130651	90030	2	
10130632	13019502	1	
10130642	13019502	1	
10130652	13019502	1	
10130670	102	50	
10130680	102	50	
10130690	102	100	
10130700	13019604	1	
10130671	50005	50	
10130681	50005	50	
10130691	90030	2	
10130672	13019604	1	
10130682	13019604	1	
10130692	13019604	1	
10130710	102	50	
10130720	102	50	
10130730	102	100	
10130740	13019608	1	
10130711	50005	50	
10130721	50005	50	
10130731	90030	2	
10130712	13019608	1	
10130722	13019608	1	
10130732	13019608	1	
10130750	102	50	
10130760	102	50	
10130770	102	100	
10130780	13019611	1	
10130751	50005	50	
10130761	50005	50	
10130771	90030	2	
10130752	13019611	1	
10130762	13019611	1	
10130772	13019611	1	
10130790	102	50	
10130800	102	50	
10130810	102	100	
10130820	13019615	1	
10130791	50005	50	
10130801	50005	50	
10130811	90030	2	
10130792	13019615	1	
10130802	13019615	1	
10130812	13019615	1	
10130830	102	50	
10130840	102	50	
10130850	102	100	
10130860	13019618	1	
10130831	50005	50	
10130841	50005	50	
10130851	90030	2	
10130832	13019618	1	
10130842	13019618	1	
10130852	13019618	1	
10130870	102	50	
10130880	102	50	
10130890	102	100	
10130900	13019622	1	
10130871	50005	50	
10130881	50005	50	
10130891	90030	2	
10130872	13019622	1	
10130882	13019622	1	
10130892	13019622	1	
10130910	102	200	
10130911	50005	100	
10130912	13019622	4	
10130920	102	50	
10130930	102	50	
10130940	102	100	
10130950	13019625	1	
10130921	50005	50	
10130931	50005	50	
10130941	90030	2	
10130922	13019625	1	
10130932	13019625	1	
10130942	13019625	1	
10130960	102	200	
10130961	50005	100	
10130962	13019625	4	
10130970	102	50	
10130980	102	50	
10130990	102	100	
10131000	13019629	1	
10130971	50005	50	
10130981	50005	50	
10130991	90030	2	
10130972	13019629	1	
10130982	13019629	1	
10130992	13019629	1	
10131010	102	200	
10131011	50005	100	
10131012	13019629	4	
10131020	102	50	
10131030	102	50	
10131040	102	100	
10131050	13019634	1	
10131021	50005	50	
10131031	50005	50	
10131041	90030	2	
10131022	13019634	1	
10131032	13019634	1	
10131042	13019634	1	
10131060	102	200	
10131061	50005	100	
10131062	13019634	4	
10131070	102	50	
10131080	102	50	
10131090	102	100	
10131100	13019640	1	
10131071	50005	50	
10131081	50005	50	
10131091	90030	2	
10131072	13019640	1	
10131082	13019640	1	
10131092	13019640	1	
10131110	102	200	
10131111	50005	100	
10131112	13019640	4	
10131120	102	50	
10131130	102	50	
10131140	102	100	
10131150	13019644	1	
10131121	50005	50	
10131131	50005	50	
10131141	90030	2	
10131122	13019644	1	
10131132	13019644	1	
10131142	13019644	1	
10131160	102	200	
10131161	50005	100	
10131162	13019644	4	
10131170	102	50	
10131180	102	50	
10131190	102	100	
10131200	13019647	1	
10131171	50005	50	
10131181	50005	50	
10131191	90030	2	
10131172	13019647	1	
10131182	13019647	1	
10131192	13019647	1	
10131210	102	200	
10131211	50005	100	
10131212	13019647	4	
10131220	102	50	
10131230	102	50	
10131240	102	100	
10131250	13019650	1	
10131221	50005	50	
10131231	50005	50	
10131241	90030	2	
10131222	13019650	1	
10131232	13019650	1	
10131242	13019650	1	
10131260	102	200	
10131261	50005	100	
10131262	13019650	4	
10131270	102	50	
10131280	102	50	
10131290	102	100	
10131300	13019653	1	
10131271	50005	50	
10131281	50005	50	
10131291	90030	2	
10131272	13019653	1	
10131282	13019653	1	
10131292	13019653	1	
10131310	102	200	
10131311	50005	100	
10131312	13019653	4	
10131320	102	50	
10131330	102	50	
10131340	102	100	
10131350	13019656	1	
10131321	50005	50	
10131331	50005	50	
10131341	90030	2	
10131322	13019656	1	
10131332	13019656	1	
10131342	13019656	1	
10131360	102	200	
10131361	50005	100	
10131362	13019656	4	
10131370	102	50	
10131380	102	50	
10131390	102	100	
10131400	13019660	1	
10131371	50005	50	
10131381	50005	50	
10131391	90030	2	
10131372	13019660	1	
10131382	13019660	1	
10131392	13019660	1	
10131410	102	200	
10131411	50005	100	
10131412	13019660	4	
10131420	102	50	
10131430	102	50	
10131440	102	100	
10131450	13019666	1	
10131421	50005	50	
10131431	50005	50	
10131441	90030	2	
10131422	13019666	1	
10131432	13019666	1	
10131442	13019666	1	
10131460	102	200	
10131461	50005	100	
10131462	13019666	4	
10131470	102	50	
10131480	102	50	
10131490	102	100	
10131500	13019670	1	
10131471	50005	50	
10131481	50005	50	
10131491	90030	2	
10131472	13019670	1	
10131482	13019670	1	
10131492	13019670	1	
10131510	102	200	
10131511	50005	100	
10131512	13019670	4	
10131520	102	50	
10131530	102	50	
10131540	102	100	
10131550	13019674	1	
10131521	50005	50	
10131531	50005	50	
10131541	90030	2	
10131522	13019674	1	
10131532	13019674	1	
10131542	13019674	1	
10131560	102	200	
10131561	50005	100	
10131562	13019674	4	
10131570	102	50	
10131580	102	50	
10131590	102	100	
10131600	13019678	1	
10131571	50005	50	
10131581	50005	50	
10131591	90030	2	
10131572	13019678	1	
10131582	13019678	1	
10131592	13019678	1	
10131610	102	200	
10131611	50005	100	
10131612	13019678	4	
10131620	102	50	
10131630	102	50	
10131640	102	100	
10131650	13019683	1	
10131621	50014	50	
10131631	50014	50	
10131641	90030	2	
10131622	13019683	1	
10131632	13019683	1	
10131642	13019683	1	
10131660	102	200	
10131661	50014	100	
10131662	13019683	4	
10131670	102	50	
10131680	102	50	
10131690	102	100	
10131700	13019682	1	
10131671	50014	50	
10131681	50014	50	
10131691	90030	2	
10131672	13019682	1	
10131682	13019682	1	
10131692	13019682	1	
10131710	102	200	
10131711	50014	100	
10131712	13019682	4	
10131720	102	50	
10131730	102	50	
10131740	102	100	
10131750	13019688	1	
10131721	50005	50	
10131731	50005	50	
10131741	90030	2	
10131722	13019688	1	
10131732	13019688	1	
10131742	13019688	1	
10131760	102	200	
10131761	50005	100	
10131762	13019688	4	
10131770	102	50	
10131780	102	50	
10131790	102	100	
10131800	13019692	1	
10131771	50005	50	
10131781	50005	50	
10131791	90030	2	
10131772	13019692	1	
10131782	13019692	1	
10131792	13019692	1	
10131810	102	200	
10131811	50005	100	
10131812	13019692	4	
10131820	102	50	
10131830	102	50	
10131840	102	100	
10131850	13019696	1	
10131821	50005	50	
10131831	50005	50	
10131841	90030	2	
10131822	13019696	1	
10131832	13019696	1	
10131842	13019696	1	
10131860	102	200	
10131861	50005	100	
10131862	13019696	4	
10131870	102	50	
10131880	102	50	
10131890	102	100	
10131900	13019703	1	
10131871	50005	50	
10131881	50005	50	
10131891	90030	2	
10131872	13019703	1	
10131882	13019703	1	
10131892	13019703	1	
10131910	102	200	
10131911	50005	100	
10131912	13019703	4	
10131920	102	50	
10131930	102	50	
10131940	102	100	
10131950	13019706	1	
10131921	50005	50	
10131931	50005	50	
10131941	90030	2	
10131922	13019706	1	
10131932	13019706	1	
10131942	13019706	1	
10131960	102	200	
10131961	50005	100	
10131962	13019706	4	
10131970	102	50	
10131980	102	50	
10131990	102	100	
10132000	13019710	1	
10131971	50005	50	
10131981	50005	50	
10131991	90030	2	
10131972	13019710	1	
10131982	13019710	1	
10131992	13019710	1	
10132010	102	200	
10132011	50005	100	
10132012	13019710	4	
10132020	102	50	
10132030	102	50	
10132040	102	100	
10132050	13019713	1	
10132021	50005	50	
10132031	50005	50	
10132041	90030	2	
10132022	13019713	1	
10132032	13019713	1	
10132042	13019713	1	
10132060	102	200	
10132061	50005	100	
10132062	13019713	4	
10132070	102	50	
10132080	102	50	
10132090	102	100	
10132100	13019717	1	
10132071	50005	50	
10132081	50005	50	
10132091	90030	2	
10132072	13019717	1	
10132082	13019717	1	
10132092	13019717	1	
10132110	102	200	
10132111	50005	100	
10132112	13019717	4	
10132120	102	50	
10132130	102	50	
10132140	102	100	
10132150	13019721	1	
10132121	50005	50	
10132131	50005	50	
10132141	90030	2	
10132122	13019721	1	
10132132	13019721	1	
10132142	13019721	1	
10132160	102	200	
10132161	50005	100	
10132162	13019721	4	
10132170	102	50	
10132180	102	50	
10132190	102	100	
10132200	13019726	1	
10132171	50005	50	
10132181	50005	50	
10132191	90030	2	
10132172	13019726	1	
10132182	13019726	1	
10132192	13019726	1	
10132210	102	200	
10132211	50005	100	
10132212	13019726	4	
10132220	102	50	
10132230	102	50	
10132240	102	100	
10132250	13019732	1	
10132221	50005	50	
10132231	50005	50	
10132241	90030	2	
10132222	13019732	1	
10132232	13019732	1	
10132242	13019732	1	
10132260	102	200	
10132261	50005	100	
10132262	13019732	4	
10132270	102	50	
10132280	102	50	
10132290	102	100	
10132300	13019734	1	
10132271	50005	50	
10132281	50005	50	
10132291	90030	2	
10132272	13019734	1	
10132282	13019734	1	
10132292	13019734	1	
10132310	102	200	
10132311	50005	100	
10132312	13019734	4	
10132320	102	50	
10132330	102	50	
10132340	102	100	
10132350	13019738	1	
10132321	50005	50	
10132331	50005	50	
10132341	90030	2	
10132322	13019738	1	
10132332	13019738	1	
10132342	13019738	1	
10132360	102	200	
10132361	50005	100	
10132362	13019738	4	
11120010	1	3500	
11120020	1	4000	
11120030	1	4500	
11120040	1	5000	
11120011	30012	2	
11120021	31204	1	
11120031	31104	1	
11120041	31204	1	
11120032	30012	2	
11120042	31104	1	
400000	7	160	
400010	7	160	
400020	7	140	
400030	7	160	
400040	7	140	
400050	7	160	
400060	7	120	
400070	7	140	
400080	7	160	
400090	7	120	
400100	7	140	
400110	7	160	
400120	7	120	
400130	7	140	
400140	7	160	
400150	7	120	
400160	7	140	
400170	7	160	
400180	7	120	
400190	7	140	
400200	7	160	
400210	7	140	
400220	7	160	
400230	7	120	
400240	7	140	
400250	7	160	
400260	7	120	
400270	7	140	
400280	7	160	
400290	7	120	
400300	7	140	
400310	7	160	
400001	50000	50	
400011	50000	50	
400021	50000	50	
400031	50000	60	
400003	3924001	6	[1,0]
400013	3914001	5	[1,0]
400023	2994001	5	[1,0]
400033	3934001	6	[1,0]
400043	3944001	5	[1,0]
400053	3954001	4	[1,0]
400063	3964001	4	[1,0]
400073	2994001	5	[1,0]
400083	3914001	5	[1,0]
400093	3924001	6	[1,0]
400103	3934001	4	[1,0]
400113	3944001	5	[1,0]
400004	30012	8	
400014	30012	5	
400024	30012	7	
400034	30012	5	
400044	30012	7	
400054	30012	5	
400064	30012	9	
400074	30012	7	
400084	30012	5	
400094	30012	7	
400104	30012	10	
400114	30012	5	
400124	30012	7	
400005	12	8	
400015	12	9	
400025	12	10	
400006	1	10000	
400016	1	10000	
400026	1	8000	
400036	1	10000	
400046	1	8000	
400056	1	10000	
400066	1	6000	
400076	1	8000	
400086	1	10000	
400096	1	6000	
400106	1	8000	
400116	1	10000	
400126	1	6000	
400136	1	8000	
400146	1	10000	
400156	1	6000	
400166	1	8000	
400176	1	10000	
400186	1	6000	
400196	1	8000	
400206	1	10000	
400216	1	8000	
400226	1	10000	
400236	1	6000	
400246	1	8000	
400256	1	10000	
400266	1	6000	
400276	1	8000	
400286	1	10000	
400296	1	6000	
400306	1	8000	
400316	1	10000	
401000	1	10000	
401010	1	15000	
401020	1	20000	
401030	1	16000	
401001	30011	4	
401011	30012	1	
401021	30012	3	
401031	30013	1	
402001	1	6000	
402011	1	10000	
402030	50000	60	
402040	50000	60	
402050	70002	15	
402051	70001	70	
402060	4	30	
402070	4	30	
403000	7	96	
403001	1	6000	
403010	7	480	
403011	1	10000	
403020	7	96	
403021	1	6000	
405030	50005	250	
405040	30013	5	
405050	30013	5	
405060	50005	250	
405070	30013	10	
405080	50005	250	
405090	30013	10	
405100	50005	250	
405110	30013	15	
405120	50005	250	
405031	60002	5	
405041	70002	10	
405051	70002	10	
405061	60002	5	
405071	70002	20	
405081	60002	8	
405091	70002	30	
405101	60002	8	
405111	70002	50	
405121	60002	10	
405032	60001	15	
405042	70001	60	
405052	70001	60	
405062	60001	15	
405072	70001	120	
405082	60001	24	
405092	70001	180	
405102	60001	24	
405112	70001	300	
405122	60001	30	
407000	90030	2	
407010	90030	2	
407020	90030	2	
407030	90030	2	
407040	90030	2	
407050	90030	2	
407060	90030	2	
407070	90030	2	
407080	90030	2	
407090	90030	2	
407100	90030	2	
407110	90030	2	
407120	90030	2	
407130	31204	12	
407140	31204	12	
407150	31204	12	
407160	31204	12	
407170	31204	12	
407180	30013	10	
407190	30013	10	
407200	30013	10	
407210	30013	10	
407220	30013	10	
407230	30013	10	
407240	29	30	
407250	29	30	
407260	29	30	
407270	29	30	
407280	29	30	
407290	29	30	
407300	29	30	
407310	29	30	
407320	29	30	
407330	29	30	
407340	39	50	
407350	39	20	
407360	39	20	
407370	39	20	
407380	39	20	
407390	39	20	
407400	31204	12	
407410	31204	12	
407420	31204	12	
407430	31204	12	
407440	31204	12	
407450	31204	12	
407460	31204	12	
407470	31204	12	
407480	31204	12	
407490	31204	12	
407500	50000	100	
407510	50000	250	
407520	50000	250	
407530	50000	100	
407540	50000	900	
407550	50000	900	
407001	12	10	
407011	12	10	
407021	12	10	
407031	12	10	
407041	12	10	
407051	12	10	
407061	12	10	
407071	12	10	
407081	12	10	
407091	12	10	
407101	12	10	
407111	12	10	
407121	12	10	
407131	31104	6	
407141	31104	6	
407151	31104	6	
407161	31104	6	
407171	31104	6	
407181	40113	3	
407191	40113	3	
407201	40113	3	
407211	40113	3	
407221	40113	3	
407231	40113	3	
407241	40114	5	
407251	40114	5	
407261	40114	5	
407271	40114	5	
407281	40114	5	
407291	40114	5	
407301	40114	5	
407311	40114	5	
407321	40114	5	
407331	40114	5	
407341	40100	20	
407351	40100	20	
407361	40100	20	
407371	40100	20	
407381	40100	20	
407391	40100	20	
407401	40104	10	
407411	40104	10	
407421	40104	10	
407431	40104	10	
407441	40104	10	
407451	40104	10	
407461	40104	10	
407471	40104	10	
407481	40104	10	
407491	40104	10	
407501	29	50	
407511	29	50	
407521	29	50	
407531	29	50	
407541	29	50	
407551	29	50	
407002	1	10000	
407012	1	20000	
407022	1	30000	
407032	1	40000	
407042	1	50000	
407052	1	60000	
407062	1	70000	
407072	1	80000	
407082	1	90000	
407092	1	100000	
407102	1	120000	
407112	1	150000	
407122	1	200000	
407132	1	10000	
407142	1	20000	
407152	1	30000	
407162	1	40000	
407172	1	50000	
407182	1	10000	
407192	1	20000	
407202	1	30000	
407212	1	40000	
407222	1	50000	
407232	1	60000	
407242	1	10000	
407252	1	20000	
407262	1	30000	
407272	1	40000	
407282	1	50000	
407292	1	10000	
407302	1	20000	
407312	1	30000	
407322	1	40000	
407332	1	50000	
407342	1	10000	
407352	1	20000	
407362	1	30000	
407372	1	40000	
407382	1	50000	
407392	1	60000	
407402	1	10000	
407412	1	20000	
407422	1	30000	
407432	1	40000	
407442	1	50000	
407452	1	10000	
407462	1	20000	
407472	1	30000	
407482	1	40000	
407492	1	50000	
407502	40110	10	
407512	40110	10	
407522	40110	10	
407532	40110	10	
407542	40110	10	
407552	40110	10	
407610	7	200	
407620	7	600	
407630	7	875	
407611	12	3	
407621	12	3	
407631	12	1	
407612	1	1000	
407622	1	1000	
407632	1	1000	
407640	29	25	
407650	29	25	
407660	29	25	
407670	29	25	
407680	29	25	
407690	29	25	
407641	70002	5	
407651	70002	5	
407661	70002	5	
407671	70002	5	
407681	70002	15	
407691	70002	15	
407642	70001	30	
407652	70001	30	
407662	70001	30	
407672	70001	30	
407682	70001	90	
407692	70001	90	
407730	50000	50	
407740	50000	50	
407750	50000	50	
407760	50000	50	
407770	50000	50	
407780	50000	50	
407790	50000	150	
407800	50000	150	
407810	50000	150	
407820	50000	250	
407900	7	400	
407910	7	800	
407920	7	1200	
407930	7	1600	
407940	7	2100	
407950	7	1200	
407960	7	1800	
407970	7	2400	
407980	7	3000	
407990	7	3600	
407901	12	3	
407911	12	3	
407921	12	3	
407931	12	3	
407941	12	3	
407951	12	3	
407961	12	3	
407971	12	3	
407981	12	3	
407991	12	3	
407902	1	1000	
407912	1	1000	
407922	1	1000	
407932	1	1000	
407942	1	1000	
407952	1	1000	
407962	1	1000	
407972	1	1000	
407982	1	1000	
407992	1	1000	
408000	90030	2	
408001	12	10	
408002	1	10000	
408020	28	300	
408050	62711	50	
408060	62711	50	
408070	62711	80	
408080	62711	100	
408090	62711	120	
408100	13007200	1	
300101010	30012	7	
300101020	30012	13	
300101030	30012	10	
300101040	30012	16	
300101011	30013	1	
300101021	30013	1	
300101031	30013	1	
300101041	30013	1	
300501010	1	1	
300502010	12	1	
100101010	3	30	
110101010	3	50	
100101013	1	2000	
100101023	1	2000	
100101033	1	2000	
100101043	1	2000	
100101053	1	2000	
100101063	1	2000	
100101073	1	2000	
100101083	1	5000	
100101093	1	2000	
100101103	1	2000	
100101113	1	2000	
100101123	1	2000	
100201013	1	3000	
100201023	1	3000	
100201033	1	3000	
100201043	1	3000	
100201053	1	3000	
100201063	1	3000	
100201073	1	3000	
100201083	1	3000	
100201093	1	3000	
100201103	1	3000	
100201113	1	3000	
100201123	1	3000	
100301013	1	4000	
100301023	1	4000	
100301033	1	4000	
100301043	1	4000	
100301053	1	4000	
100301063	1	4000	
100301073	1	4000	
100301083	1	4000	
100301093	1	4000	
100301103	1	4000	
100301113	1	4000	
100301123	1	4000	
100401013	1	4000	
100401023	1	4000	
100401033	1	4000	
100401043	1	4000	
100401053	1	4000	
100401063	1	4000	
100401073	1	4000	
100401083	1	4000	
100401093	1	4000	
100401103	1	4000	
100401113	1	4000	
100401123	1	4000	
100501013	1	5000	
100501023	1	5000	
100501033	1	5000	
100501043	1	5000	
100501053	1	5000	
100501063	1	5000	
100501073	1	5000	
100501083	1	5000	
100501093	1	5000	
100501103	1	5000	
100501113	1	5000	
100501123	1	5000	
100601013	1	6000	
100601023	1	6000	
100601033	1	6000	
100601043	1	6000	
100601053	1	6000	
100601063	1	6000	
100601073	1	6000	
100601083	1	6000	
100601093	1	6000	
100601103	1	6000	
100601113	1	6000	
100601123	1	6000	
100701013	1	8000	
100701023	1	8000	
100701033	1	8000	
100701043	1	8000	
100701053	1	8000	
100701063	1	8000	
100701073	1	8000	
100701083	1	8000	
100701093	1	8000	
100701103	1	8000	
100701113	1	8000	
100701123	1	8000	
100801013	1	8000	
100801023	1	8000	
100801033	1	8000	
100801043	1	8000	
100801053	1	8000	
100801063	1	8000	
100801073	1	8000	
100801083	1	8000	
100801093	1	8000	
100801103	1	8000	
100801113	1	8000	
100801123	1	8000	
101201013	1	10000	
110101013	1	3000	
110101023	1	3000	
110101033	1	3000	
110101043	1	3000	
110101053	1	3000	
110101063	1	3000	
110201013	1	4000	
110201023	1	4000	
110201033	1	4000	
110201043	1	4000	
110201053	1	4000	
110201063	1	4000	
110301013	1	6000	
110301023	1	6000	
110301033	1	6000	
110301043	1	6000	
110301053	1	6000	
110301063	1	6000	
110401013	1	7000	
110401023	1	7000	
110401033	1	7000	
110401043	1	7000	
110401053	1	7000	
110401063	1	7000	
110501013	1	8000	
110501023	1	8000	
110501033	1	8000	
110501043	1	8000	
110501053	1	8000	
110501063	1	8000	
110601013	1	10000	
110601023	1	10000	
110601033	1	10000	
110601043	1	10000	
110601053	1	10000	
110601063	1	10000	
110701013	1	10000	
110701023	1	10000	
110701033	1	10000	
110701043	1	10000	
110701053	1	10000	
110701063	1	10000	
110801013	1	13000	
110801023	1	13000	
110801033	1	13000	
110801043	1	13000	
110801053	1	13000	
110801063	1	13000	
111201013	1	15000	
100101011	3042001	1	[1,0]
100101021	3022001	1	[1,0]
100101031	3052001	1	[1,0]
100101041	3032001	1	[1,0]
100101051	3062001	1	[1,0]
100101061	3042001	1	[1,0]
100101071	3012001	1	[1,0]
100101081	3022001	1	[1,0]
100101091	2022001	1	[1,0]
100101101	3042001	1	[1,0]
100101111	3052001	1	[1,0]
100101121	3062001	1	[1,0]
100201011	3052001	1	[1,0]
100201021	3062001	1	[1,0]
100201031	3012001	1	[1,0]
100201041	3022001	1	[1,0]
100201051	3032001	1	[1,0]
100201061	3042001	1	[1,0]
100201071	3052001	1	[1,0]
100201081	3062001	1	[1,0]
100201091	3012001	1	[1,0]
100201101	3022001	1	[1,0]
100201111	3032001	1	[1,0]
100201121	3042001	1	[1,0]
100301011	3013001	1	[1,0]
100301021	3013002	1	[1,0]
100301031	3023001	1	[1,0]
100301041	3023002	1	[1,0]
100301051	3033001	1	[1,0]
100301061	3033002	1	[1,0]
100301071	3043001	1	[1,0]
100301081	3043002	1	[1,0]
100301091	3053001	1	[1,0]
100301101	3053002	1	[1,0]
100301111	3063001	1	[1,0]
100301121	3063002	1	[1,0]
100401011	3033001	1	[1,0]
100401021	3033002	1	[1,0]
100401031	3043001	1	[1,0]
100401041	3043002	1	[1,0]
100401051	3053001	1	[1,0]
100401061	3053002	1	[1,0]
100401071	3063001	1	[1,0]
100401081	3063002	1	[1,0]
100401091	3013001	1	[1,0]
100401101	3013002	1	[1,0]
100401111	3023001	1	[1,0]
100401121	3023002	1	[1,0]
100501011	3053001	1	[1,0]
100501021	3053002	1	[1,0]
100501031	3063001	1	[1,0]
100501041	3063002	1	[1,0]
100501051	3013001	1	[1,0]
100501061	3013002	1	[1,0]
100501071	3023001	1	[1,0]
100501081	3023002	1	[1,0]
100501091	3033001	1	[1,0]
100501101	3033002	1	[1,0]
100501111	3043001	1	[1,0]
100501121	3043002	1	[1,0]
100601011	3013001	1	[1,0]
100601021	3013002	1	[1,0]
100601031	3023001	1	[1,0]
100601041	3023002	1	[1,0]
100601051	3033001	1	[1,0]
100601061	3033002	1	[1,0]
100601071	3043001	1	[1,0]
100601081	3043002	1	[1,0]
100601091	3053001	1	[1,0]
100601101	3053002	1	[1,0]
100601111	3063001	1	[1,0]
100601121	3063002	1	[1,0]
100701011	3034001	1	[1,0]
100701021	3034002	1	[1,0]
100701031	3044001	1	[1,0]
100701041	3044002	1	[1,0]
100701051	3054001	1	[1,0]
100701061	3054002	1	[1,0]
100701071	3064001	1	[1,0]
100701081	3064002	1	[1,0]
100701091	3014001	1	[1,0]
100701101	3014002	1	[1,0]
100701111	3024001	1	[1,0]
100701121	3024002	1	[1,0]
100801011	3054001	1	[1,0]
100801021	3054002	1	[1,0]
100801031	3064001	1	[1,0]
100801041	3064002	1	[1,0]
100801051	3014001	1	[1,0]
100801061	3014002	1	[1,0]
100801071	3024001	1	[1,0]
100801081	3024002	1	[1,0]
100801091	3034001	1	[1,0]
100801101	3034002	1	[1,0]
100801111	3044001	1	[1,0]
100801121	3044002	1	[1,0]
100901011	3914001	1	[1,0]
100901021	3924001	1	[1,0]
100901031	3934001	1	[1,0]
100901041	3944001	1	[1,0]
100901051	3954001	1	[1,0]
100901061	3964001	1	[1,0]
100901071	3914001	1	[1,0]
100901081	3924001	1	[1,0]
100901091	3934001	1	[1,0]
100901101	3944001	1	[1,0]
100901111	3954001	1	[1,0]
100901121	3964001	1	[1,0]
101001011	3914001	1	[1,0]
101001021	3924001	1	[1,0]
101001031	3934001	1	[1,0]
101001041	3944001	1	[1,0]
101001051	3954001	1	[1,0]
101001061	3964001	1	[1,0]
101001071	3914001	1	[1,0]
101001081	3924001	1	[1,0]
101001091	3934001	1	[1,0]
101001101	3944001	1	[1,0]
101001111	3954001	1	[1,0]
101001121	3964001	1	[1,0]
101201011	31204	1	
110101011	3013001	1	[1,0]
110101021	3023001	1	[1,0]
110101031	3033001	1	[1,0]
110101041	3043001	1	[1,0]
110101051	3053001	1	[1,0]
110101061	3063001	1	[1,0]
110201011	3013002	1	[1,0]
110201021	3023002	1	[1,0]
110201031	3033002	1	[1,0]
110201041	3043002	1	[1,0]
110201051	3053002	1	[1,0]
110201061	3063002	1	[1,0]
110301011	3014001	1	[1,0]
110301021	3024001	1	[1,0]
110301031	3034001	1	[1,0]
110301041	3044001	1	[1,0]
110301051	3054001	1	[1,0]
110301061	3064001	1	[1,0]
110401011	3014002	1	[1,0]
110401021	3024002	1	[1,0]
110401031	3034002	1	[1,0]
110401041	3044002	1	[1,0]
110401051	3054002	1	[1,0]
110401061	3064002	1	[1,0]
110501011	3014003	1	[1,0]
110501021	3024003	1	[1,0]
110501031	3034003	1	[1,0]
110501041	3044003	1	[1,0]
110501051	3054003	1	[1,0]
110501061	3064003	1	[1,0]
110601011	3014004	1	[1,0]
110601021	3024004	1	[1,0]
110601031	3034004	1	[1,0]
110601041	3044004	1	[1,0]
110601051	3054004	1	[1,0]
110601061	3064004	1	[1,0]
110701011	3014001	1	[1,0]
110701021	3024001	1	[1,0]
110701031	3034001	1	[1,0]
110701041	3044001	1	[1,0]
110701051	3054001	1	[1,0]
110701061	3064001	1	[1,0]
110801011	3014002	1	[1,0]
110801021	3024002	1	[1,0]
110801031	3034002	1	[1,0]
110801041	3044002	1	[1,0]
110801051	3054002	1	[1,0]
110801061	3064002	1	[1,0]
110901011	3914001	1	[1,0]
110901021	3924001	1	[1,0]
110901031	3934001	1	[1,0]
111001011	3914001	1	[1,0]
111001021	3924001	1	[1,0]
111001031	3934001	1	[1,0]
111001041	3944001	1	[1,0]
111001051	3954001	1	[1,0]
111001061	3964001	1	[1,0]
111101011	3914001	1	[1,0]
111101021	3924001	1	[1,0]
111101031	3934001	1	[1,0]
111101041	3944001	1	[1,0]
111101051	3954001	1	[1,0]
111201011	31204	1	
100101035	4	6	
1001010100	10018	1	
1001010102	1	1	
1001010101	30011	1	
1001010201	30011	1	
1001010301	30011	1	
1001010401	30011	1	
1001010501	30011	1	
1001010601	30011	1	
1001010701	30011	1	
1001010801	30011	1	
1001010901	30011	1	
1001011001	30011	1	
1001011101	30011	1	
1001011201	30011	1	
1002010101	30012	1	
1002010201	30012	1	
1002010301	30012	1	
1002010401	30012	1	
1002010501	30012	1	
1002010601	30012	1	
1002010701	30012	1	
1002010801	30012	1	
1002010901	30012	1	
1002011001	30012	1	
1002011101	30012	1	
1002011201	30012	1	
1003010101	30012	1	
1003010201	30012	1	
1003010301	30012	1	
1003010401	30012	1	
1003010501	30012	1	
1003010601	30012	1	
1003010701	30012	1	
1003010801	30012	1	
1003010901	30012	1	
1003011001	30012	1	
1003011101	30012	1	
1003011201	30012	1	
1004010101	30012	1	
1004010201	30012	1	
1004010301	30012	1	
1004010401	30012	1	
1004010501	30012	1	
1004010601	30012	1	
1004010701	30012	1	
1004010801	30012	1	
1004010901	30012	1	
1004011001	30012	1	
1004011101	30012	1	
1004011201	30012	1	
1005010101	30012	1	
1005010201	30012	1	
1005010301	30012	1	
1005010401	30012	1	
1005010501	30012	1	
1005010601	30012	1	
1005010701	30012	1	
1005010801	30012	1	
1005010901	30012	1	
1005011001	30012	1	
1005011101	30012	1	
1005011201	30012	1	
1006010101	30012	1	
1006010201	30012	1	
1006010301	30012	1	
1006010401	30012	1	
1006010501	30012	1	
1006010601	30012	1	
1006010701	30012	1	
1006010801	30012	1	
1006010901	30012	1	
1006011001	30012	1	
1006011101	30012	1	
1006011201	30012	1	
1007010101	30013	1	
1007010201	30013	1	
1007010301	30013	1	
1007010401	30013	1	
1007010501	30013	1	
1007010601	30013	1	
1007010701	30013	1	
1007010801	30013	1	
1007010901	30013	1	
1007011001	30013	1	
1007011101	30013	1	
1007011201	30013	1	
1008010101	30013	1	
1008010201	30013	1	
1008010301	30013	1	
1008010401	30013	1	
1008010501	30013	1	
1008010601	30013	1	
1008010701	30013	1	
1008010801	30013	1	
1008010901	30013	1	
1008011001	30013	1	
1008011101	30013	1	
1008011201	30013	1	
1101010101	30012	1	
1101010201	30012	1	
1101010301	30012	1	
1101010401	30012	1	
1101010501	30012	1	
1101010601	30012	1	
1102010101	30012	1	
1102010201	30012	1	
1102010301	30012	1	
1102010401	30012	1	
1102010501	30012	1	
1102010601	30012	1	
1103010101	30012	1	
1103010201	30012	1	
1103010301	30012	1	
1103010401	30012	1	
1103010501	30012	1	
1103010601	30012	1	
1104010101	30012	1	
1104010201	30012	1	
1104010301	30012	1	
1104010401	30012	1	
1104010501	30012	1	
1104010601	30012	1	
1105010101	30013	1	
1105010201	30013	1	
1105010301	30013	1	
1105010401	30013	1	
1105010501	30013	1	
1105010601	30013	1	
1106010101	30013	1	
1106010201	30013	1	
1106010301	30013	1	
1106010401	30013	1	
1106010501	30013	1	
1106010601	30013	1	
1107010101	30013	1	
1107010201	30013	1	
1107010301	30013	1	
1107010401	30013	1	
1107010501	30013	1	
1107010601	30013	1	
1108010101	30013	1	
1108010201	30013	1	
1108010301	30013	1	
1108010401	30013	1	
1108010501	30013	1	
1108010601	30013	1	
120101021	3013001	1	[1,0]
120102021	3013002	1	[1,0]
120103021	3023001	1	[1,0]
120104021	3023002	1	[1,0]
120105031	3033001	1	[1,0]
120106031	3033002	1	[1,0]
120107031	3043001	1	[1,0]
120108031	3043002	1	[1,0]
120109011	3053001	1	[1,0]
120110021	3053002	1	[1,0]
120111021	3063001	1	[1,0]
120112011	3063002	1	[1,0]
120113021	3013001	1	[1,0]
120114021	3013002	1	[1,0]
120115031	3023001	1	[1,0]
120116011	3023002	1	[1,0]
120201021	3033001	1	[1,0]
120202021	3033002	1	[1,0]
120203021	3043001	1	[1,0]
120204021	3043002	1	[1,0]
120205021	3053001	1	[1,0]
120206031	3053002	1	[1,0]
120207021	3063001	1	[1,0]
120208011	3063002	1	[1,0]
120209011	3013001	1	[1,0]
120210021	3013002	1	[1,0]
120211031	3023001	1	[1,0]
120212011	3023002	1	[1,0]
120301021	3033001	1	[1,0]
120302021	3033002	1	[1,0]
120303021	3043001	1	[1,0]
120304021	3043002	1	[1,0]
120305011	3053001	1	[1,0]
120306021	3053002	1	[1,0]
120307031	3063001	1	[1,0]
120308021	3063002	1	[1,0]
120401021	3014001	1	[1,0]
120402011	3014002	1	[1,0]
120403031	3014003	1	[1,0]
120404011	3014004	1	[1,0]
120501021	3024001	1	[1,0]
120502021	3024002	1	[1,0]
120503031	3024003	1	[1,0]
120504021	3024004	1	[1,0]
120601031	3034001	1	[1,0]
120602021	3034002	1	[1,0]
120603031	3034003	1	[1,0]
120604021	3034004	1	[1,0]
120701021	3044001	1	[1,0]
120702031	3044002	1	[1,0]
120703031	3044003	1	[1,0]
120704021	3044004	1	[1,0]
120801031	3054001	1	[1,0]
120802031	3054002	1	[1,0]
120803031	3054003	1	[1,0]
120804021	3054004	1	[1,0]
120101022	30012	1	
120102022	30012	1	
120103022	30012	1	
120104022	30012	1	
120105032	30012	1	
120106032	30012	1	
120107032	30012	1	
120108032	30012	1	
120109012	30012	1	
120110022	30012	1	
120111022	30012	1	
120112012	30012	1	
120113022	30012	1	
120114022	30012	1	
120115032	30012	1	
120116012	30012	1	
120201022	30012	1	
120202022	30012	1	
120203022	30012	1	
120204022	30012	1	
120205022	30012	1	
120206032	30012	1	
120207022	30012	1	
120208012	30012	1	
120209012	30012	1	
120210022	30012	1	
120211032	30012	1	
120212012	30012	1	
120301022	30012	1	
120302022	30012	1	
120303022	30012	1	
120304022	30012	1	
120305012	30012	1	
120306022	30012	1	
120307032	30012	1	
120308022	30012	1	
120401022	30013	1	
120402012	30013	1	
120403032	30013	1	
120404012	30013	1	
120501022	30013	1	
120502022	30013	1	
120503032	30013	1	
120504022	30013	1	
120601032	30013	1	
120602022	30013	1	
120603032	30013	1	
120604022	30013	1	
120701022	30013	1	
120702032	30013	1	
120703032	30013	1	
120704022	30013	1	
120801032	30013	1	
120802032	30013	1	
120803032	30013	1	
120804022	30013	1	
120101023	1	3000	
120102023	1	3000	
120103023	1	3000	
120104023	1	3000	
120105033	1	3000	
120106033	1	3000	
120107033	1	3000	
120108033	1	3000	
120109013	1	3000	
120110023	1	3000	
120111023	1	3000	
120112013	1	3000	
120113023	1	3000	
120114023	1	3000	
120115033	1	3000	
120116013	1	3000	
120201023	1	4000	
120202023	1	4000	
120203023	1	4000	
120204023	1	4000	
120205023	1	4000	
120206033	1	4000	
120207023	1	4000	
120208013	1	4000	
120209013	1	4000	
120210023	1	4000	
120211033	1	4000	
120212013	1	4000	
120301023	1	6000	
120302023	1	6000	
120303023	1	6000	
120304023	1	6000	
120305013	1	6000	
120306023	1	6000	
120307033	1	6000	
120308023	1	6000	
120401023	1	6000	
120402013	1	6000	
120403033	1	6000	
120404013	1	6000	
120501023	1	8000	
120502023	1	8000	
120503033	1	8000	
120504023	1	8000	
120601033	1	8000	
120602023	1	8000	
120603033	1	8000	
120604023	1	8000	
120701023	1	10000	
120702033	1	10000	
120703033	1	10000	
120704023	1	10000	
120801033	1	10000	
120802033	1	10000	
120803033	1	10000	
120804023	1	10000	
1201010201	30012	1	
1201020201	30012	1	
1201030201	30012	1	
1201040201	30012	1	
1201050301	30012	1	
1201060301	30012	1	
1201070301	30012	1	
1201080301	30012	1	
1201090101	30012	1	
1201100201	30012	1	
1201110201	30012	1	
1201120101	30012	1	
1201130201	30012	1	
1201140201	30012	1	
1201150301	30012	1	
1201160101	30012	1	
1202010201	30012	1	
1202020201	30012	1	
1202030201	30012	1	
1202040201	30012	1	
1202050201	30012	1	
1202060301	30012	1	
1202070201	30012	1	
1202080101	30012	1	
1202090101	30012	1	
1202100201	30012	1	
1202110301	30012	1	
1202120101	30012	1	
1203010201	30012	1	
1203020201	30012	1	
1203030201	30012	1	
1203040201	30012	1	
1203050101	30012	1	
1203060201	30012	1	
1203070301	30012	1	
1203080201	30012	1	
1204010201	30012	1	
1204020101	30012	1	
1204030301	30012	1	
1204040101	30012	1	
1205010201	30013	1	
1205020201	30013	1	
1205030301	30013	1	
1205040201	30013	1	
1206010301	30013	1	
1206020201	30013	1	
1206030301	30013	1	
1206040201	30013	1	
1207010201	30013	1	
1207020301	30013	1	
1207030301	30013	1	
1207040201	30013	1	
1208010301	30013	1	
1208020301	30013	1	
1208030301	30013	1	
1208040201	30013	1	
1201010202	1	1	
100101014	30011	1	
100101024	30011	1	
100101034	30011	1	
100101044	30011	1	
100101054	30011	1	
100101064	30011	1	
100101074	30011	1	
100101084	30011	1	
100101094	30011	1	
100101104	30011	1	
100101114	30011	1	
100101124	30012	1	
100201014	30011	1	
100201024	30011	1	
100201034	30011	1	
100201044	30011	1	
100201054	30011	1	
100201064	30011	1	
100201074	30011	1	
100201084	30011	1	
100201094	30011	1	
100201104	30011	1	
100201114	30011	1	
100201124	30011	1	
100301014	30011	3	
100301024	30011	3	
100301034	30011	3	
100301044	30011	3	
100301054	30011	3	
100301064	30011	3	
100301074	30011	3	
100301084	30011	3	
100301094	30011	3	
100301104	30011	3	
100301114	30011	3	
100301124	30011	3	
100401014	30012	1	
100401024	30012	1	
100401034	30012	1	
100401044	30012	1	
100401054	30012	1	
100401064	30012	1	
100401074	30012	1	
100401084	30012	1	
100401094	30012	1	
100401104	30012	1	
100401114	30012	1	
100401124	30012	1	
100501014	30012	1	
100501024	30012	1	
100501034	30012	1	
100501044	30012	1	
100501054	30012	1	
100501064	30012	1	
100501074	30012	1	
100501084	30012	1	
100501094	30012	1	
100501104	30012	1	
100501114	30012	1	
100501124	30012	1	
100601014	30012	1	
100601024	30012	1	
100601034	30012	1	
100601044	30012	1	
100601054	30012	1	
100601064	30012	1	
100601074	30012	1	
100601084	30012	1	
100601094	30012	1	
100601104	30012	1	
100601114	30012	1	
100601124	30012	1	
100701014	30012	1	
100701024	30012	1	
100701034	30012	1	
100701044	30012	1	
100701054	30012	1	
100701064	30012	1	
100701074	30012	1	
100701084	30012	1	
100701094	30012	1	
100701104	30012	1	
100701114	30012	1	
100701124	30012	1	
100801014	30013	1	
100801024	30013	1	
100801034	30013	1	
100801044	30013	1	
100801054	30013	1	
100801064	30013	1	
100801074	30013	1	
100801084	30013	1	
100801094	30013	1	
100801104	30013	1	
100801114	30013	1	
100801124	30013	1	
110101014	30011	3	
110101024	30011	3	
110101034	30011	3	
110101044	30011	3	
110101054	30011	3	
110101064	30011	3	
110201014	30012	1	
110201024	30012	1	
110201034	30012	1	
110201044	30012	1	
110201054	30012	1	
110201064	30012	1	
110301014	30012	1	
110301024	30012	1	
110301034	30012	1	
110301044	30012	1	
110301054	30012	1	
110301064	30012	1	
110401014	30012	1	
110401024	30012	1	
110401034	30012	1	
110401044	30012	1	
110401054	30012	1	
110401064	30012	1	
110501014	30013	1	
110501024	30013	1	
110501034	30013	1	
110501044	30013	1	
110501054	30013	1	
110501064	30013	1	
110601014	30013	1	
110601024	30013	1	
110601034	30013	1	
110601044	30013	1	
110601054	30013	1	
110601064	30013	1	
110701014	30013	1	
110701024	30013	1	
110701034	30013	1	
110701044	30013	1	
110701054	30013	1	
110701064	30013	1	
110801014	30013	1	
110801024	30013	1	
110801034	30013	1	
110801044	30013	1	
110801054	30013	1	
110801064	30013	1	
100101105	2024001	1	[1,0]
100101085	1	5000	
100101125	4	10	
100301075	4	20	
3000000	1031001	1	[1,1,1]
3000010	2992001	1	[1,0]
3000020	3013001	1	[1,0]
3000030	3043001	1	[1,0]
3000050	3033001	1	[1,0]
3000060	3024004	1	[1,0]
3000070	3054004	1	[1,0]
3000080	3014004	1	[1,0]
3000090	3044004	1	[1,0]
3000100	40104	1	
3000110	2994001	1	[1,0]
3000120	40103	1	
3000130	40104	1	
3000140	40104	1	
3000150	30013	1	
3000160	40104	1	
3000170	3924001	1	[1,0]
3000180	2994001	1	[1,0]
3000190	3954001	1	[1,0]
3000200	40100	1	
3000210	3934001	1	[1,0]
3000220	40100	1	
3000230	3964001	1	[1,0]
3000240	40103	1	
3000250	30013	1	
3000260	2994001	1	[1,0]
3000270	3954001	1	[1,0]
3000280	3964001	1	[1,0]
3000290	40110	1	
3000300	30014	1	
3000310	40110	1	
3000320	2994001	1	[1,0]
3000330	40113	1	
3000340	40114	1	
3000350	40113	1	
3000360	30014	1	
3000370	40114	1	
3000380	3924001	1	[1,0]
3000390	3934001	1	[1,0]
3000400	40110	1	
3000410	40113	1	
3000420	40114	1	
3000430	2994001	1	[1,0]
3000440	40110	1	
3000450	3944001	1	[1,0]
3000460	40113	1	
3000470	30014	1	
3000480	40114	1	
3000490	3954001	1	[1,0]
3000500	3964001	1	[1,0]
3000510	3944001	1	[1,0]
3000520	40110	1	
3000530	3944001	1	[1,0]
3000540	40114	1	
3000550	3944001	1	[1,0]
3000560	3954001	1	[1,0]
3000570	40110	1	
3000580	3954001	1	[1,0]
3000590	40114	1	
3000600	3954001	1	[1,0]
3000610	2994001	1	[1,0]
3000620	40110	1	
3000630	3954001	1	[1,0]
3000640	40114	1	
3000650	31204	1	
3000660	40114	1	
3000670	31204	1	
3000680	40110	1	
3000690	31204	1	
3000700	40114	1	
3000710	31104	1	
110101016	502	1	
110101026	503	1	
2200000	7	12	
2200010	7	12	
2200020	7	12	
2200030	7	12	
2200040	7	12	
2200050	7	12	
2200060	7	12	
2200070	7	12	
2200080	7	12	
2200090	7	12	
2200100	7	12	
2200110	7	12	
2200120	7	12	
2200130	7	12	
2200140	7	12	
2200150	7	12	
2200160	7	16	
2200170	7	16	
2200180	7	16	
2200190	7	16	
2200200	7	16	
2200210	7	16	
2200220	7	16	
2200230	7	16	
2200240	7	16	
2200250	7	16	
2200260	7	16	
2200270	7	16	
2200280	7	20	
2200290	7	20	
2200300	7	20	
2200310	7	20	
2200320	7	20	
2200330	7	20	
2200340	7	20	
2200350	7	20	
2200360	7	20	
2200370	7	20	
2200380	7	20	
2200390	7	20	
2200400	7	24	
2200410	7	24	
2200420	7	24	
2200430	7	24	
2200440	7	24	
2200450	7	24	
2200460	7	24	
2200470	7	24	
2200480	7	30	
2200490	7	30	
2200500	7	30	
2200510	7	30	
2200520	7	30	
2200530	7	30	
2200540	7	30	
2200550	7	30	
2200001	1	3000	
2200011	1	3000	
2200021	1	3000	
2200031	1	3000	
2200041	1	3000	
2200051	1	3000	
2200061	1	3000	
2200071	1	3000	
2200081	1	3000	
2200091	1	3000	
2200101	1	3000	
2200111	1	3000	
2200121	1	3000	
2200131	1	3000	
2200141	1	3000	
2200151	1	3000	
2200161	1	4000	
2200171	1	4000	
2200181	1	4000	
2200191	1	4000	
2200201	1	4000	
2200211	1	4000	
2200221	1	4000	
2200231	1	4000	
2200241	1	4000	
2200251	1	4000	
2200261	1	4000	
2200271	1	4000	
2200281	1	6000	
2200291	1	6000	
2200301	1	6000	
2200311	1	6000	
2200321	1	6000	
2200331	1	6000	
2200341	1	6000	
2200351	1	6000	
2200361	1	6000	
2200371	1	6000	
2200381	1	6000	
2200391	1	6000	
2200401	1	8000	
2200411	1	8000	
2200421	1	8000	
2200431	1	8000	
2200441	1	8000	
2200451	1	8000	
2200461	1	8000	
2200471	1	8000	
2200481	1	10000	
2200491	1	10000	
2200501	1	10000	
2200511	1	10000	
2200521	1	10000	
2200531	1	10000	
2200541	1	10000	
2200551	1	10000	
2100000	2994001	1	[1,0]
2100010	2994001	1	[1,0]
2100020	2994001	1	[1,0]
2100030	2994001	1	[1,0]
2100040	2994001	1	[1,0]
2100050	2994001	1	[1,0]
2100060	2994001	1	[1,0]
2100070	9080001	1	
2100080	2994001	1	[1,0]
2100090	31104	1	
2100100	31104	1	
2100110	31104	1	
2100001	3914001	1	[1,0]
2100011	3914001	1	[1,0]
2100021	3914001	1	[1,0]
2100031	3914001	1	[1,0]
2100041	3914001	1	[1,0]
2100051	3914001	1	[1,0]
2100061	3914001	1	[1,0]
2100071	3914001	1	[1,0]
2100081	3914001	1	[1,0]
2100091	31204	1	
2100101	31204	1	
2100111	31204	1	
2100002	1	50000	
2100012	1	50000	
2100022	1	50000	
2100032	1	50000	
2100042	1	50000	
2100052	1	50000	
2100062	1	50000	
2100072	1	50000	
2100082	1	50000	
2100092	1	50000	
2100102	1	50000	
2100112	1	50000	
710000	3	100	
710100	3	100	
710200	3	100	
710300	3	100	
710400	3	100	
710500	3	100	
720000	3	100	
720100	3	100	
720200	3	100	
720300	3	100	
720400	3	100	
730000	3	100	
730100	3	100	
730200	3	100	
730300	3	100	
740000	3	100	
740100	3	100	
740200	3	100	
740300	3	100	
750000	3	100	
750100	3	100	
750200	3	100	
760000	3	100	
760100	3	100	
760200	3	100	
770000	3	100	
770100	3	100	
770200	3	200	
710001	2992001	1	[1,0]
710101	1	10000	
710201	1	10000	
710301	2993001	1	[1,0]
710401	1	10000	
710501	2993001	1	[1,0]
720001	1	10000	
720101	2993001	1	[1,0]
720201	1	10000	
720301	2993001	1	[1,0]
720401	1	10000	
730001	2993001	1	[1,0]
730101	2993001	1	[1,0]
730201	1	10000	
730301	1	10000	
740001	1	10000	
740101	1	10000	
740201	2993001	1	[1,0]
740301	1	10000	
740401	30	3	
750001	2993001	1	[1,0]
750101	1	10000	
750201	1	10000	
760001	2993001	1	[1,0]
760101	2993001	1	[1,0]
760201	1	10000	
770001	2993001	1	[1,0]
770101	2993001	1	[1,0]
770201	2993001	1	[1,0]
710002	20	2	
710102	20	3	
710202	20	5	
710302	20	5	
710402	20	5	
710502	20	5	
720002	20	5	
720102	20	5	
720202	20	5	
720302	20	5	
720402	20	5	
730002	20	5	
730102	20	5	
730202	20	5	
730302	20	5	
740002	20	5	
740102	20	5	
740202	20	5	
740302	20	5	
750002	20	5	
750102	20	5	
750202	20	5	
760002	20	5	
760102	20	5	
760202	20	5	
770002	20	10	
770102	20	10	
770202	20	10	
780000	63	50	
780010	63	50	
780020	63	50	
780030	63	50	
780040	63	50	
780050	63	50	
780060	64	30	
780070	64	30	
780080	64	30	
780090	64	30	
780100	1	9000	
780110	13011000	1	
780120	64	30	
780130	64	30	
780140	64	30	
780150	64	30	
780160	1	9000	
780170	13011000	1	
780180	64	30	
780190	64	30	
780200	64	30	
780210	64	30	
780220	1	9000	
780230	13011000	1	
780240	64	30	
780250	64	30	
780260	64	30	
780270	64	30	
780280	1	9000	
780290	13011000	1	
780300	64	30	
780310	64	30	
780320	64	30	
780330	64	30	
780340	1	9000	
780350	13011000	1	
780360	64	30	
780370	64	30	
780380	64	30	
780390	64	30	
780400	1	9000	
780410	13011000	1	
780420	64	30	
780430	64	30	
780440	64	30	
780450	64	30	
780460	1	9000	
780470	13011000	1	
780061	30013	2	
780071	31104	2	
780081	31204	2	
780091	30113	1	
780101	40201	1	
780121	30013	2	
780131	31104	2	
780141	31204	2	
780151	30113	1	
780161	40201	1	
780181	30013	2	
780191	31104	2	
780201	31204	2	
780211	30113	1	
780221	40201	1	
780241	30013	2	
780251	31104	2	
780261	31204	2	
780271	30113	1	
780281	40201	1	
780301	30013	2	
780311	31104	2	
780321	31204	2	
780331	30113	1	
780341	40201	1	
780361	30013	2	
780371	31104	2	
780381	31204	2	
780391	30113	1	
780401	40201	1	
780421	30013	2	
780431	31104	2	
780441	31204	2	
780451	30113	1	
780461	40201	1	
780062	12	2	
780072	40103	2	
780082	40104	2	
780092	40301	2	
780102	40200	2	
780122	12	2	
780132	40103	2	
780142	40104	2	
780152	40301	2	
780162	40200	2	
780182	12	2	
780192	40103	2	
780202	40104	2	
780212	40301	2	
780222	40200	2	
780242	12	2	
780252	40103	2	
780262	40104	2	
780272	40301	2	
780282	40200	2	
780302	12	2	
780312	40103	2	
780322	40104	2	
780332	40301	2	
780342	40200	2	
780362	12	2	
780372	40103	2	
780382	40104	2	
780392	40301	2	
780402	40200	2	
780422	12	2	
780432	40103	2	
780442	40104	2	
780452	40301	2	
780462	40200	2	
781000	63	50	
781010	63	50	
781020	63	50	
781030	63	50	
781040	63	50	
781050	63	50	
781060	64	30	
781070	64	30	
781080	64	30	
781090	64	30	
781100	102	40	
781110	13014003	1	
781120	64	30	
781130	64	30	
781140	64	30	
781150	64	30	
781160	102	40	
781170	13014003	1	
781180	64	30	
781190	64	30	
781200	64	30	
781210	64	30	
781220	102	40	
781230	13014003	1	
781240	64	30	
781250	64	30	
781260	64	30	
781270	64	30	
781280	102	40	
781290	13014003	1	
781300	64	30	
781310	64	30	
781320	64	30	
781330	64	30	
781340	102	40	
781350	13014003	1	
781360	64	30	
781370	64	30	
781380	64	30	
781390	64	30	
781400	102	40	
781410	13014003	1	
781420	64	30	
781430	64	30	
781440	64	30	
781450	64	30	
781460	102	60	
781470	13014003	1	
781061	30013	2	
781071	31104	2	
781081	31204	2	
781091	30013	2	
781101	40201	1	
781121	30013	2	
781131	31104	2	
781141	31204	2	
781151	30013	2	
781161	40201	1	
781181	30013	2	
781191	31104	2	
781201	31204	2	
781211	30013	2	
781221	40201	1	
781241	30013	2	
781251	31104	2	
781261	31204	2	
781271	30013	2	
781281	40201	1	
781301	30013	2	
781311	31104	2	
781321	31204	2	
781331	30013	2	
781341	40201	1	
781361	30013	2	
781371	31104	2	
781381	31204	2	
781391	30013	2	
781401	40201	1	
781421	30013	2	
781431	31104	2	
781441	31204	2	
781451	30013	2	
781461	40201	1	
781062	12	2	
781072	40103	2	
781082	40104	2	
781092	40301	2	
781102	40200	2	
781122	12	2	
781132	40103	2	
781142	40104	2	
781152	40301	2	
781162	40200	2	
781182	12	2	
781192	40103	2	
781202	40104	2	
781212	40301	2	
781222	40200	2	
781242	12	2	
781252	40103	2	
781262	40104	2	
781272	40301	2	
781282	40200	2	
781302	12	2	
781312	40103	2	
781322	40104	2	
781332	40301	2	
781342	40200	2	
781362	12	2	
781372	40103	2	
781382	40104	2	
781392	40301	2	
781402	40200	2	
781422	12	2	
781432	40103	2	
781442	40104	2	
781452	40301	2	
781462	40200	2	
781480	63	50	
781490	63	50	
781500	63	50	
781510	63	50	
781520	63	50	
781530	63	50	
781540	63	50	
781550	8981901	1	
781551	30013	3	
781552	12	5	
781560	8981904	1	
781561	31204	5	
781562	60001	5	
781570	8981905	1	
781571	31104	2	
781572	60002	2	
781580	50005	150	
781581	40301	5	
781582	1	20000	
781590	102	100	
781591	40201	2	
781592	40200	4	
781600	13019102	1	
781610	64	30	
781611	30013	3	
781612	12	5	
781620	64	30	
781621	31204	5	
781622	60001	5	
781630	64	30	
781631	31104	2	
781632	60002	2	
781640	64	30	
781641	40301	5	
781642	1	10000	
781650	8981902	1	
781651	40201	2	
781652	40200	4	
781660	13019102	1	
781670	64	30	
781671	30013	3	
781672	12	5	
781680	64	30	
781681	31204	5	
781682	60001	5	
781690	64	30	
781691	31104	2	
781692	60002	2	
781700	64	30	
781701	40301	5	
781702	1	10000	
781710	8981903	1	
781711	40201	2	
781712	40200	4	
781720	13019102	1	
781730	64	30	
781731	30013	3	
781732	12	5	
781740	64	30	
781741	31204	5	
781742	60001	5	
781750	64	30	
781751	31104	2	
781752	60002	2	
781760	64	30	
781761	40301	5	
781762	1	15000	
781770	102	100	
781771	40201	2	
781772	40200	4	
781780	13019102	1	
781790	64	30	
781791	30013	3	
781792	12	5	
781800	64	30	
781801	31204	5	
781802	60001	5	
781810	64	30	
781811	31104	2	
781812	60002	2	
781820	64	30	
781821	40301	5	
781822	1	15000	
781830	102	100	
781831	40201	2	
781832	40200	4	
781840	13019102	1	
781850	64	40	
781851	30013	3	
781852	12	5	
781860	64	40	
781861	31204	5	
781862	60001	5	
781870	64	40	
781871	31104	2	
781872	60002	2	
781880	50005	50	
781881	40301	5	
781882	1	15000	
781890	102	100	
781891	40201	2	
781892	40200	4	
781900	13019102	1	
781910	30013	3	
781911	12	5	
781912	1	15000	
781920	31204	5	
781921	60001	5	
781922	1	15000	
781930	31104	2	
781931	60002	2	
781932	1	15000	
781940	50005	50	
781941	40301	5	
781942	1	15000	
781950	102	100	
781951	40201	2	
781952	40200	4	
781960	13019102	1	
781970	63	100	
781971	1	20000	
781980	63	100	
781981	1	20000	
781990	63	100	
781991	1	20000	
782000	31204	5	
782001	31104	2	
782002	30013	2	
782010	50005	100	
782011	60001	15	
782012	1	30000	
782020	102	50	
782021	60002	5	
782022	1	50000	
782030	31204	5	
782031	31104	2	
782032	30013	2	
782040	8982406	1	
782041	40201	3	
782042	1	30000	
782050	50005	50	
782051	40301	6	
782052	1	50000	
782060	31204	5	
782061	31104	2	
782062	30013	2	
782070	50005	50	
782071	60001	15	
782072	1	30000	
782080	102	100	
782081	60002	5	
782082	1	50000	
782090	31204	5	
782091	31104	2	
782092	30013	2	
782100	8982407	1	
782101	40201	3	
782102	1	30000	
782110	102	100	
782111	40301	6	
782112	1	50000	
782120	31204	5	
782121	31104	2	
782122	30013	2	
782130	8982408	1	
782131	40201	3	
782132	1	30000	
782140	102	100	
782141	40301	6	
782142	1	50000	
782150	8982409	1	
782151	31204	10	
782152	31104	3	
782160	8982420	1	
782161	40201	3	
782162	1	30000	
782170	102	100	
782171	40301	6	
782172	1	50000	
782180	31204	5	
782181	31104	2	
782182	30013	2	
782190	13019605	1	
782200	50005	50	
782201	40201	3	
782202	1	30000	
782210	102	50	
782211	40301	6	
782212	1	50000	
741110	30013	1	
741120	31204	5	
741130	30013	1	
741140	31204	5	
741150	30013	1	
741160	31204	5	
741170	30013	1	
741180	31204	5	
741190	3	25	
741200	3	25	
741210	3	25	
741220	3	25	
741111	12	3	
741121	31104	1	
741131	12	3	
741141	31104	1	
741151	12	3	
741161	31104	1	
741171	12	3	
741181	31104	1	
741191	40110	1	
741201	40110	1	
741211	40110	1	
741221	40110	1	
741112	1	3000	
741122	1	5000	
741132	1	3000	
741142	1	5000	
741152	1	3000	
741162	1	5000	
741172	1	3000	
741182	1	5000	
741192	40100	3	
741202	40100	3	
741212	40100	3	
741222	40100	3	
741230	13007600	1	
742110	30013	1	
742120	31204	5	
742130	30013	1	
742140	31204	5	
742150	30013	1	
742160	31204	5	
742170	30013	1	
742180	31204	5	
742190	30013	1	
742200	31204	5	
742210	3	20	
742220	3	20	
742230	3	20	
742240	3	20	
742250	3	20	
742260	3	20	
742111	12	2	
742121	31104	1	
742131	12	2	
742141	31104	1	
742151	12	2	
742161	31104	1	
742171	12	2	
742181	31104	1	
742191	12	2	
742201	31104	1	
742211	3015057	1	
742221	3025057	1	
742231	3035057	1	
742241	3045057	1	
742251	3055057	1	
742261	3065057	1	
743110	60002	3	
743111	60001	3	
743112	12	4	
743120	3	20	
743121	31104	1	
743122	31204	2	
743130	60002	3	
743131	60001	3	
743132	12	4	
743140	3	20	
743141	31104	1	
743142	31204	2	
743150	60002	3	
743151	60001	3	
743152	12	4	
743160	3	20	
743161	31104	1	
743162	31204	2	
743170	60002	3	
743171	60001	3	
743172	12	4	
743180	3	20	
743181	31104	1	
743182	31204	2	
743190	60002	3	
743191	60001	3	
743192	12	4	
743200	3	20	
743201	31104	1	
743202	31204	2	
743210	102	30	
743211	30013	3	
743212	13015002	1	
743220	102	30	
743221	30013	3	
743222	13015002	1	
743230	102	30	
743231	30013	3	
743232	13015002	1	
743240	102	30	
743241	30013	3	
743242	13015002	1	
743250	102	30	
743251	30013	3	
743252	13015002	1	
743260	102	50	
743261	30013	3	
743262	1	18888	
742112	1	3000	
742122	1	5000	
742132	1	3000	
742142	1	5000	
742152	1	3000	
742162	1	5000	
742172	1	3000	
742182	1	5000	
742192	1	3000	
742202	1	5000	
742212	8980005	1	
742222	8980006	1	
742232	8980007	1	
742242	8980008	1	
742252	8980009	1	
742262	8980010	1	
12010	3035004	1	[1,0]
12020	3065004	1	[1,0]
12030	3015004	1	[1,0]
12040	3045004	1	[1,0]
12050	3025008	1	[1,0]
12060	3055008	1	[1,0]
12070	2055001	1	[1,0]
40010	40692	1	
40011	40692	2	
130101110	3	30	
130101120	3	30	
130101130	3	30	
130101140	3	30	
130101150	3	30	
130101160	3	30	
130101111	1	1000	
130101121	1	2000	
130101131	1	2000	
130101141	1	3000	
130101151	1	3000	
130101161	1	5000	
130101112	2993001	1	[1,0]
130101122	3913001	1	[1,0]
130101132	40100	2	
130101142	2993001	1	[1,0]
130101152	3914001	1	[1,0]
130101162	2994001	1	[1,0]
130112112	31103	1	
130112122	31203	1	
130112132	40100	2	
130112142	31103	1	
130112152	31204	1	
130112162	31104	1	
130101010	3	10	
130101020	3	10	
130101030	3	10	
130102010	3	10	
130102020	3	10	
130102030	3	10	
130103010	3	10	
130103020	3	10	
130103030	3	10	
130104010	3	10	
130104020	3	10	
130104030	3	10	
130105010	3	10	
130105020	3	10	
130105030	3	10	
130106010	3	10	
130106020	3	10	
130106030	3	10	
130107010	3	10	
130107020	3	10	
130107030	3	10	
130108010	3	10	
130108020	3	10	
130108030	3	10	
130101011	502	1	
130101021	512	1	
130101031	502	1	
130102011	503	1	
130102021	513	1	
130102031	503	1	
130103011	505	1	
130103021	505	1	
130103031	505	1	
130104011	501	1	
130104021	501	1	
130104031	501	1	
130105011	507	1	
130105021	507	1	
130105031	507	1	
130106011	508	1	
130106021	508	1	
130106031	508	1	
130107011	504	1	
130107021	504	1	
130107031	504	1	
130108011	506	1	
130108021	506	1	
130108031	506	1	
1301010100	2025001	1	[1,0]
1301020100	2035001	1	[1,0]
1301030100	2055001	1	[1,0]
1301040100	2015001	1	[1,0]
1301050100	2075001	1	[1,0]
1301060100	2085001	1	[1,0]
1301070100	2045001	1	[1,0]
1301080100	2065001	1	[1,0]
1301010103	502	1	
1301010203	512	1	
1301010303	502	1	
1301020103	503	1	
1301020203	513	1	
1301020303	503	1	
1301030103	505	1	
1301030203	505	1	
1301030303	505	1	
1301040103	501	1	
1301040203	501	1	
1301040303	501	1	
1301050103	507	1	
1301050203	507	1	
1301050303	507	1	
1301060103	508	1	
1301060203	528	1	
1301060303	508	1	
1301070103	504	1	
1301070203	504	1	
1301070303	504	1	
1301080103	506	1	
1301080203	506	1	
1301080303	506	1	
1301090103	509	1	
1301100103	531	1	
1301110103	539	1	
1301120103	533	1	
1301130103	537	1	
1301140103	543	1	
1301150103	546	1	
1301160103	557	1	
1301170103	561	1	
1301180103	563	1	
1301190103	569	1	
1301200103	571	1	
1301210103	575	1	
1301220103	580	1	
1301230103	585	1	
1301011102	30012	1	
1301010204	1	1000	
140101130	30014	1	
140101131	40110	1	
140101132	3914001	1	[1,0]
140101230	30014	1	
140101231	40114	1	
140101232	3914001	1	[1,0]
140101330	90014	1	
140101331	40113	1	
140101332	30013	1	
140101340	29	50	
140101341	2994001	1	[1,0]
140101342	3914001	1	[1,0]
300700000	3016004	1	[1,0]
300700010	3046004	1	[1,0]
300701010	3	50	
300701011	3015008	1	[1,0]
300701021	3045008	1	[1,0]
300701031	3035006	1	[1,0]
300701041	3065006	1	[1,0]
300701051	3025003	1	[1,0]
300701061	3055003	1	[1,0]
300701071	3035007	1	[1,0]
300701081	3065007	1	[1,0]
300701091	3025001	1	[1,0]
300701101	3055001	1	[1,0]
300701012	91000	1	
300701022	91000	1	
300701032	91000	1	
300701042	91000	2	
300701052	91000	2	
300701062	91000	2	
300701072	91000	3	
300701082	91000	3	
300701092	91000	3	
300701102	91000	5	
101000	1	3700	
101010	1	2200	
101020	1		
101030	1	3700	
101040	1	2200	
101050	1		
101060	1	4500	
101070	1	2200	
101080	1		
101090	1	5200	
101100	1	3700	
101110	1	2200	
101120	1	6000	
101130	1	4500	
101140	1	2200	
101150	1	6700	
101160	1	6000	
101170	1	4500	
101180	1	8200	
101190	1	6700	
101200	1	3700	
101210	1	9700	
101220	1	7500	
101230	1	3700	
101240	1	9700	
101250	1	8200	
101260	1	6700	
101270	1		
101280	1	11200	
101290	1	6700	
101300	1	12700	
101310	1	12000	
101320	1	7500	
101330	1	13500	
101340	1	12700	
101350	1	9700	
101360	1		
101370	1		
101380	1		
101390	1		
101400	1	15000	
101410	1	12000	
101420	1	16800	
101430	1	15000	
101440	1	12700	
101450	1		
101460	1		
101470	1		
101480	1		
101490	1		
101500	1		
101510	1		
101520	1	18700	
101530	1	15000	
101001	3	100	
101011	3	60	
101021	3		
101031	3	100	
101041	3	60	
101051	3		
101061	3	120	
101071	3	60	
101081	3		
101091	3	140	
101101	3	100	
101111	3	60	
101121	3	160	
101131	3	120	
101141	3	60	
101151	3	180	
101161	3	160	
101171	3	120	
101181	3	220	
101191	3	180	
101201	3	100	
101211	3	260	
101221	3	200	
101231	3	100	
101241	3	260	
101251	3	220	
101261	3	180	
101271	3		
101281	3	300	
101291	3	180	
101301	3	340	
101311	3	320	
101321	3	200	
101331	3	360	
101341	3	340	
101351	3	260	
101361	3		
101371	3		
101381	3		
101391	3		
101401	3	400	
101411	3	320	
101421	3	450	
101431	3	400	
101441	3	340	
101451	3		
101461	3		
101471	3		
101481	3		
101491	3		
101501	3		
101511	3		
101521	3	500	
101531	3	400	
101002	23	60	
101012	23	30	
101022	23		
101032	23	50	
101042	23	30	
101052	23		
101062	23	90	
101072	23	50	
101082	23		
101092	23	70	
101102	23	50	
101112	23	30	
101122	23	85	
101132	23	60	
101142	23	30	
101152	23	140	
101162	23	110	
101172	23	90	
101182	23	100	
101192	23	75	
101202	23	30	
101212	23	135	
101222	23	100	
101232	23	40	
101242	23	180	
101252	23	150	
101262	23	120	
101272	23		
101282	23	140	
101292	23	80	
101302	23	170	
101312	23	160	
101322	23	105	
101332	23	230	
101342	23	220	
101352	23	180	
101362	23		
101372	23		
101382	23		
101392	23		
101402	23	200	
101412	23	160	
101422	23	275	
101432	23	250	
101442	23	220	
101452	23		
101462	23		
101472	23		
101482	23		
101492	23		
101502	23		
101512	23		
101522	23	300	
101532	23	250	
101600	20000000	1	[7]
101610	20000000	1	[6]
101620	20000000	1	[7]
101603	102	300	
101613	102	250	
101623	102	400	
101602	23	600	
101612	23	500	
101622	23	750	
102000	1	37000	
102010	1	22000	
102020	1		
102030	1	37000	
102040	1	22000	
102050	1		
102060	1	45000	
102070	1	22000	
102080	1		
102090	1	52000	
102100	1	37000	
102110	1	22000	
102120	1	60000	
102130	1	45000	
102140	1	22000	
102150	1	67000	
102160	1	60000	
102170	1	45000	
102180	1	82000	
102190	1	67000	
102200	1	37000	
102210	1	97000	
102220	1	75000	
102230	1	37000	
102240	1	97000	
102250	1	82000	
102260	1	67000	
102270	1		
102280	1	112000	
102290	1	67000	
102300	1	127000	
102310	1	120000	
102320	1	75000	
102330	1	135000	
102340	1	127000	
102350	1	97000	
102360	1		
102370	1		
102380	1		
102390	1		
102400	1	150000	
102410	1	120000	
102420	20000000	1	[6]
102430	1	150000	
102440	1	127000	
102450	1		
102460	1		
102470	1		
102480	1		
102490	1		
102500	1		
102510	1		
102520	20000000	1	[6]
102530	1	150000	
102002	23	90	
102012	23	50	
102022	23		
102032	23	80	
102042	23	50	
102052	23		
102062	23	140	
102072	23	80	
102082	23		
102092	23	110	
102102	23	80	
102112	23	50	
102122	23	130	
102132	23	90	
102142	23	50	
102152	23	210	
102162	23	170	
102172	23	140	
102182	23	150	
102192	23	120	
102202	23	50	
102212	23	210	
102222	23	150	
102232	23	60	
102242	23	270	
102252	23	230	
102262	23	180	
102272	23		
102282	23	210	
102292	23	120	
102302	23	260	
102312	23	240	
102322	23	160	
102332	23	350	
102342	23	330	
102352	23	270	
102362	23		
102372	23		
102382	23		
102392	23		
102402	23	300	
102412	23	240	
102422	23	420	
102432	23	380	
102442	23	330	
102452	23		
102462	23		
102472	23		
102482	23		
102492	23		
102502	23		
102512	23		
102522	23	450	
102532	23	380	
102063	102	15	
102073	102	5	
102153	102	30	
102163	102	20	
102173	102	10	
102183	102	20	
102193	102	10	
102203	102	5	
102213	102	30	
102223	102	20	
102233	102	10	
102243	102	60	
102253	102	40	
102263	102	25	
102283	102	25	
102293	102	15	
102303	102	60	
102313	102	40	
102323	102	25	
102333	102	100	
102343	102	75	
102353	102	50	
102403	102	80	
102413	102	50	
102423	102	180	
102433	102	130	
102443	102	90	
102523	102	200	
102533	102	150	
103000	23	120	
103001	1	50000	
103010	23	200	
103011	1	100000	
103012	102	10	
103020	23	120	
103021	1	50000	
103030	23	200	
103031	1	100000	
103032	102	10	
103040	23	300	
103041	1	150000	
103042	102	20	
103050	23	200	
103051	1	100000	
103052	102	20	
103060	23	300	
103061	1	150000	
103062	102	30	
103070	23	400	
103071	1	250000	
103072	102	40	
103080	23	300	
103081	1	150000	
103082	102	40	
103090	23	500	
103091	1	250000	
103092	102	60	
103100	23	200	
103101	1	100000	
103110	23	300	
103111	1	150000	
103112	102	20	
103120	23	200	
103121	1	100000	
103122	102	20	
103130	23	350	
103131	1	150000	
103132	102	40	
103140	23	500	
103141	1	250000	
103142	102	60	
103150	23	350	
103151	1	150000	
103152	102	60	
103160	23	500	
103161	1	250000	
103162	102	90	
103170	23	600	
103171	1	300000	
103172	102	120	
103180	23	500	
103181	1	250000	
103182	102	120	
103190	23	750	
103191	1	375000	
103192	102	180	
103200	23	700	
103201	1	250000	
103202	102	150	
103210	23	750	
103211	1	375000	
103212	102	200	
103220	23	700	
103221	1	250000	
103222	102	200	
103230	23	800	
103231	1	375000	
103232	102	280	
103240	23	900	
103241	1	562500	
103242	102	360	
103243	20000000	1	[6]
103250	23	800	
103251	1	375000	
103252	102	360	
103260	23	1000	
103261	20000000	1	[6]
103262	102	480	
103270	23	1200	
103271	20000000	1	[7]
103272	102	600	
103280	23	1000	
103281	20000000	1	[6]
103282	102	600	
103290	23	1500	
103291	20000000	1	[7]
103292	102	800	
103300	23	900	
103301	1	562500	
103302	102	360	
103303	20000000	1	[6]
103304	25000007	1	[6]
103310	23	800	
103311	1	375000	
103312	102	360	
103320	23	1000	
103321	20000000	1	[6]
103322	102	480	
103323	25000007	1	[6]
103330	23	1200	
103331	20000000	1	[7]
103332	102	600	
103333	25000006	1	[7]
103340	23	1000	
103341	20000000	1	[6]
103342	102	600	
103343	25000007	1	[6]
103350	23	1500	
103351	20000000	1	[7]
103352	102	800	
103353	25000006	1	[7]
104010	23	1000	
104011	20000000	1	[6]
104012	102	480	
104013	25000007	1	[6]
104014	70001	150	
104015	70002	25	
104020	23	1200	
104021	20000000	1	[7]
104022	102	600	
104023	25000006	1	[7]
104024	70001	200	
104025	70002	30	
104030	23	1000	
104031	20000000	1	[6]
104032	102	600	
104033	25000007	1	[6]
104034	70001	200	
104035	70002	30	
104040	23	1500	
104041	20000000	1	[7]
104042	102	800	
104043	25000006	1	[7]
104044	70001	240	
104045	70002	40	
105010	23	700	
105011	1	250000	
105012	102	225	
105020	23	750	
105021	1	375000	
105022	102	300	
105030	23	800	
105031	1	375000	
105032	102	420	
105040	23	900	
105041	1	562500	
105042	102	540	
105043	20000000	1	[6]
105044	25000007	1	[6]
105050	23	1000	
105051	20000000	1	[6]
105052	102	720	
105053	25000007	1	[6]
105054	70001	150	
105055	70002	25	
105060	23	1200	
105061	20000000	1	[7]
105062	102	900	
105063	25000006	1	[7]
105064	70001	200	
105065	70002	30	
105070	23	1500	
105071	20000000	1	[7]
105072	102	1200	
105073	25000006	1	[7]
105074	70001	240	
105075	70002	40	
105080	23	700	
105081	1	250000	
105082	102	340	
105090	23	800	
105091	1	375000	
105092	102	600	
105100	23	1000	
105101	20000000	1	[6]
105102	102	1000	
105103	25000007	1	[6]
105104	70001	200	
105105	70002	30	
380100	1	2000	
380200	1	2000	
380300	1	2000	
380400	1	2000	
380500	1	2000	
380600	1	2000	
380700	1	2500	
380800	1	2500	
380900	1	5000	
381000	1	5000	
381100	1	5000	
381200	1	5000	
381300	1	5000	
381400	1	5000	
381500	1	5000	
381600	1	5000	
381700	1	5000	
381800	1	5000	
381900	1	5000	
382000	1	5000	
382100	1	5000	
382200	1	5000	
382300	1	5000	
382400	1	5000	
382500	1	5000	
382600	1	5000	
382700	1	5000	
382800	1	5000	
382900	1	5000	
383000	1	5000	
383100	1	5000	
383200	1	5000	
383300	1	5000	
383400	1	5000	
383500	1	5000	
383600	1	5000	
383700	1	5000	
383800	1	5000	
383900	1	5000	
384000	1	5000	
384100	1	5000	
384200	1	5000	
384300	1	5000	
384400	1	5000	
384500	1	5000	
384600	1	5000	
384700	1	5000	
384800	1	5000	
384900	1	5000	
385000	1	5000	
385100	1	5000	
385200	1	5000	
385300	1	5000	
385400	1	5000	
385500	1	5000	
385600	1	5000	
385700	1	5000	
385800	1	5000	
385900	1	5000	
386000	1	5000	
386100	1	5000	
386200	1	5000	
380101	23	5	
380201	23	5	
380301	23	5	
380401	23	5	
380501	23	5	
380601	23	5	
380701	23	10	
380801	23	10	
380901	23	10	
381001	23	10	
381101	23	10	
381201	23	10	
381301	23	10	
380103	12	2	
380203	12	2	
380303	12	2	
380403	12	2	
380503	12	2	
380603	12	2	
380703	30012	1	
380803	30012	1	
380903	12	5	
381003	12	5	
381103	12	5	
381203	30012	2	
381303	30012	2	
381403	30012	2	
381503	30012	2	
381603	30012	2	
381703	30012	2	
381803	30012	2	
381903	30012	2	
382003	30012	2	
382103	30012	2	
382203	30012	2	
382303	30012	2	
382403	30012	2	
382503	30012	2	
382603	30012	2	
382703	30012	2	
382803	30012	2	
382903	30012	2	
383003	30012	3	
383103	30012	3	
383203	30012	3	
383303	102	4	
383403	102	4	
383503	102	4	
383603	102	8	
383703	102	8	
383803	102	8	
383903	30012	4	
384003	30012	4	
384103	30012	4	
384203	102	8	
384303	102	8	
384403	102	8	
384503	102	10	
384603	102	10	
384703	102	10	
384803	102	15	
384903	102	15	
385003	102	15	
385103	102	10	
385203	102	15	
385303	102	20	
385403	102	30	
385503	102	15	
385603	102	20	
385703	102	30	
385803	102	35	
385903	102	20	
386003	102	30	
386103	102	40	
386203	102	60	
380102	30012	1	
380202	30012	1	
380302	30013	1	
380402	30012	1	
380502	30012	1	
380602	30013	1	
380702	3914001	1	
380802	2994001	1	
380902	30013	2	
381002	30013	2	
381102	30013	2	
381202	23	5	
381302	23	10	
381402	23	10	
381502	23	5	
381602	23	10	
381702	23	10	
381802	23	10	
381902	23	15	
382002	23	15	
382102	23	10	
382202	23	15	
382302	23	15	
382402	23	10	
382502	23	15	
382602	23	20	
382702	23	20	
382802	23	30	
382902	23	30	
383002	23	10	
383102	23	25	
383202	23	25	
383302	23	15	
383402	23	30	
383502	23	30	
383602	23	15	
383702	23	35	
383802	23	50	
383902	23	25	
384002	23	40	
384102	23	40	
384202	23	30	
384302	23	45	
384402	23	45	
384502	23	35	
384602	23	55	
384702	23	60	
384802	23	40	
384902	23	55	
385002	23	55	
385102	23	30	
385202	23	40	
385302	23	50	
385402	23	60	
385502	23	35	
385602	23	45	
385702	23	60	
385802	23	70	
385902	23	50	
386002	23	60	
386102	23	70	
386202	23	80	
386300	3914001	2	
386301	30012	2	
386302	1	5000	
386400	2994001	2	
386401	30012	2	
386402	1	5000	
386500	30013	4	
386501	12	10	
386502	1	10000	
386600	30013	4	
386601	12	10	
386602	1	10000	
386700	30013	4	
386701	12	10	
386702	1	10000	
386800	23	50	
386801	30012	8	
386802	1	10000	
386900	23	80	
386901	30012	8	
386902	1	10000	
387000	23	80	
387001	30012	8	
387002	1	10000	
387100	23	20	
387101	30012	6	
387102	1	10000	
387200	23	50	
387201	30012	6	
387202	1	10000	
387300	23	50	
387301	30012	6	
387302	1	10000	
387400	23	20	
387401	30012	4	
387402	1	10000	
387500	23	30	
387501	30012	4	
387502	1	10000	
387600	23	30	
387601	30012	4	
387602	1	10000	
387700	23	10	
387701	30012	4	
387702	1	10000	
387800	23	20	
387801	30012	4	
387802	1	10000	
387900	23	20	
387901	30012	4	
387902	1	10000	
388000	23	80	
388001	102	30	
388002	1	10000	
388100	23	110	
388101	102	30	
388102	1	10000	
388200	23	110	
388201	102	30	
388202	1	10000	
388300	23	80	
388301	102	30	
388302	1	10000	
388400	23	110	
388401	102	30	
388402	1	10000	
388500	23	110	
388501	102	30	
388502	1	10000	
388600	23	60	
388601	102	16	
388602	1	10000	
388700	23	90	
388701	102	16	
388702	1	10000	
388800	23	90	
388801	102	16	
388802	1	10000	
388900	23	20	
388901	30012	4	
388902	1	10000	
389000	23	30	
389001	30012	4	
389002	1	10000	
389100	23	40	
389101	30012	4	
389102	1	10000	
389200	23	100	
389201	102	40	
389202	1	10000	
389300	23	120	
389301	102	60	
389302	1	10000	
389400	23	140	
389401	102	80	
389402	1	10000	
389500	23	160	
389501	102	120	
389502	1	10000	
389600	23	70	
389601	102	30	
389602	1	10000	
389700	23	90	
389701	102	40	
389702	1	10000	
389800	23	120	
389801	102	60	
389802	1	10000	
389900	23	140	
389901	102	70	
389902	1	10000	
390000	23	60	
390001	102	20	
390002	1	10000	
390200	23	80	
390201	102	30	
390202	1	10000	
390300	23	100	
390301	102	40	
390302	1	10000	
390400	23	120	
390401	102	60	
390402	1	10000	
390500	23	70	
390501	102	20	
390502	1	10000	
390600	23	110	
390601	102	20	
390602	1	10000	
390700	23	120	
390701	102	20	
390702	1	10000	
2210000	40103	1	
2210010	40104	1	
2210020	40104	1	
2210030	40104	1	
2210040	40104	1	
2210050	40100	1	
2210060	40100	1	
2210070	40103	1	
2210080	40104	1	
2210090	40110	1	
2210100	40110	1	
2210110	40113	1	
2210120	40114	1	
2210130	40114	1	
2210140	40110	1	
2210150	40110	1	
2210001	1	2000	
2210011	1	2500	
2210021	1	3000	
2210031	1	3500	
2210041	1	4000	
2210051	1	4500	
2210061	1	5000	
2210071	1	5500	
2210081	1	6000	
2210091	1	6500	
2210101	1	7000	
2210111	1	7500	
2210121	1	8000	
2210131	1	8500	
2210141	1	9000	
2210151	1	10000	
2210002	30012	1	
2210012	30012	1	
2210022	30012	1	
2210032	30012	1	
2210042	30012	1	
2210052	30012	1	
2210062	30012	1	
2210072	30012	1	
2210082	30012	1	
2210092	30013	1	
2210102	30013	1	
2210112	30013	1	
2210122	30013	1	
2210132	30013	1	
2210142	30013	1	
2210152	30013	1	
2001010000	40100	1	
2001010001	40103	1	
2001010002	40104	1	
2001010010	40110	1	
2001010011	40113	1	
2001010012	40114	1	
2001010040	10014	1	
2001010050	10004	1	
2001010051	10009	1	
2001010052	10005	1	
2001010053	10010	1	
2001010054	10006	1	
2001010055	10011	1	
2001010056	10007	1	
2001010057	10012	1	
2001010058	10017	1	
2001010060	10050	1	
2001010061	10051	1	
2001010080	47	1	
2001010091	31102	1	
2001010092	31103	1	
2001010093	31104	1	
2001010094	10052	1	
2001010095	31202	1	
2001010096	31203	1	
2001010097	31204	1	
2001010098	10056	1	
2001010370	30113	1	
2001010371	30111	1	
2001010380	40201	1	
2001010381	40200	1	
2001010390	40301	1	
3007010	1	1000	
3007020	1	1500	
3007030	1	2000	
3007040	1	2500	
3007050	1	3000	
3007060	1	3500	
3007070	1	4000	
3007080	1	4500	
3007090	1	5000	
3007100	1	6000	
100101165	2033001	1	[1,0]
13000	50000	250	
13010	40104	84	
13011	40100	60	
13012	40114	48	
13013	40110	48	
13014	31204	480	
13015	90015	10	
13020	40103	28	
13021	40100	20	
13022	40113	16	
13023	40110	16	
13024	31104	80	
13025	90015	2	
13030	30113	13	
13031	40200	192	
13032	40201	64	
13033	40301	1440	
13034	90015	3	
13040	6002504	1	
13041	6410305	1	
13042	6002305	1	
13043	6710308	1	
13044	6001404	1	
13045	6110306	1	
13046	6310205	1	
13047	6310306	1	
13048	6000805	1	
13049	6002904	1	
13050	6210306	1	
13051	6210404	1	
13052	6000505	1	
13053	6002005	1	
13054	6510306	1	
13055	6001905	1	
13056	6001305	1	
13057	6610306	1	
13058	6001605	1	
13059	6003304	1	
13070	80036	1	
13071	80002	1	
13072	80046	1	
13073	80024	1	
13074	80012	1	
13075	80053	1	
13076	80005	1	
13077	80015	1	
13078	80048	1	
13079	80001	1	
13080	80011	1	
13081	80032	1	
13082	80044	1	
13083	80004	1	
13084	80034	1	
13085	80054	1	
13090	9010257	1	
201010400	40692	1	
80010	30	1	
80020	40692	1	
80030	40692	1	
80040	40692	1	
80050	40692	1	
80060	40692	1	
80070	40692	1	
80080	40692	1	
80090	40692	1	
80100	40692	1	
80110	40692	1	
80120	40692	1	
80130	40692	1	
90000	3	60	
90010	3	80	
90020	3	100	
90030	3	100	
91000	90033	1	
91010	29	150	
91020	50005	1000	
91030	29	150	
91040	50005	1000	
101100200	6110102	1	
101100210	6110103	1	
101100220	9010301	1	
102100100	6210102	1	
102100110	6210103	1	
102100120	9010101	1	
103100100	6310102	1	
103100110	6310103	1	
103100120	9010201	1	
105100100	6510102	1	
105100110	6510103	1	
105100120	9010401	1	
103100200	6310202	1	
103100210	6310203	1	
103100220	9010202	1	
102100200	6210202	1	
102100210	6210203	1	
102100220	9010102	1	
103100300	6310302	1	
103100310	6310303	1	
103100320	9010203	1	
106100300	6610302	1	
106100310	6610303	1	
106100320	9010802	1	
108100200	6810102	1	
108100210	6810103	1	
108100220	9010601	1	
107100200	6710102	1	
107100210	6710103	1	
107100220	9010501	1	
106100200	6610102	1	
106100210	6610103	1	
106100220	9010801	1	
104100200	6410102	1	
104100210	6410103	1	
104100220	9010701	1	
107100300	6710302	1	
107100310	6710303	1	
107100320	9010502	1	
101100300	6110302	1	
101100310	6110303	1	
101100320	9010302	1	
105100300	6510302	1	
105100310	6510303	1	
105100320	9010402	1	
102100300	6210302	1	
102100310	6210303	1	
102100320	9010103	1	
108100300	6810302	1	
108100310	6810303	1	
108100320	9010602	1	
109100200	6910102	1	
109100210	6910103	1	
109100220	9010901	1	
104100300	6410302	1	
104100310	6410303	1	
104100320	9010702	1	
111100200	6000102	1	
111100210	6000103	1	
111100220	9011001	1	
112100200	6000202	1	
112100210	6000203	1	
112100220	9011002	1	
102100400	6210402	1	
102100410	6210403	1	
102100420	9010104	1	
113100200	6000302	1	
113100210	6000303	1	
113100220	9011003	1	
151100300	6000402	1	
151100310	6000403	1	
151100320	9011004	1	
101100221	402	1	
102100121	403	1	
103100121	404	1	
105100121	405	1	
103100221	406	1	
102100221	407	1	
103100321	408	1	
106100321	409	1	
108100221	410	1	
107100221	411	1	
106100221	412	1	
104100221	413	1	
107100321	414	1	
101100321	415	1	
105100321	416	1	
102100321	417	1	
108100321	418	1	
109100221	419	1	
104100321	420	1	
111100221	421	1	
112100221	422	1	
102100421	423	1	
113100221	424	1	
151100321	425	1	
900010	40103	3	
900011	40104	3	
900012	12	5	
900013	1	10000	
900020	2	60	
900021	4	60	
900022	12	10	
900023	1	20000	
900030	40104	8	
900031	40100	8	
900032	30013	3	
900033	1	20000	
900040	2	180	
900041	4	120	
900042	12	20	
900043	40103	8	
900044	40100	8	
900050	4	60	
900051	40114	4	
900052	40110	4	
900053	1	50000	
900060	2	250	
900061	40113	8	
900062	40110	8	
900063	1	50000	
900070	4	60	
900071	40114	6	
900072	40110	6	
900073	1	50000	
900080	2	500	
900081	40113	12	
900082	40110	12	
900083	1	100000	
900090	12	10	
900091	1	20000	
900100	6310104	1	
900110	50000	2500	
900120	50003	2500	
9001300	8020023	1	
9001301	8020024	1	
9001302	8020025	1	
9001303	8020026	1	
9001304	8020027	1	
9001305	8020028	1	
9001306	8020029	1	
9001307	8020030	1	
9001308	8020031	1	
9001309	8020032	1	
9001310	8020033	1	
9001311	8020034	1	
9001312	8020035	1	
9001313	8020036	1	
9001314	8020037	1	
9001315	8020038	1	
9001316	8020039	1	
9001317	8020040	1	
9001318	8020041	1	
9001319	8020042	1	
9001320	8020043	1	
9001321	8020044	1	
9001322	8020045	1	
9003100	8040001	1	
9003101	8040002	1	
9003102	8040003	1	
9003103	8040004	1	
9003104	8040005	1	
9003105	8040006	1	
9003106	8040007	1	
9003107	8040008	1	
9003108	8040009	1	
9003109	8040010	1	
9003110	8040011	1	
9003111	8040012	1	
9003112	8040013	1	
9003113	8040014	1	
9003114	8040015	1	
9003115	8040016	1	
9003116	8040017	1	
9003117	8040018	1	
9003118	8040019	1	
9003119	8040020	1	
9003120	2083	3	
9003121	2084	3	
9003122	2085	3	
9003123	2086	3	
9003124	2087	3	
9003125	2088	3	
9003126	2089	3	
9003127	2090	3	
9003128	2091	3	
9003129	2092	3	
9003130	2093	3	
9003131	2094	3	
9003132	2095	3	
9003133	2096	3	
9003134	2097	3	
9003135	2098	3	
9003136	2099	3	
9003137	2100	3	
9003138	2101	3	
9003139	2102	3	
9001323	2033	1	
9001324	2034	1	
9001325	2035	1	
9001326	2036	1	
9001327	2037	1	
9001328	2038	1	
9001329	2039	1	
9001330	2040	1	
9001331	2041	1	
9001332	2042	1	
9001333	2043	1	
9001334	2044	1	
9001335	2045	1	
9001336	2046	1	
9001337	2047	1	
9001338	2048	1	
9001339	2049	1	
9001340	2050	1	
9001341	2051	1	
9001342	2052	1	
9001343	2053	1	
9001344	2054	1	
9001345	2081	1	
900140	4	30	
900141	2994001	1	[1,0]
900142	3942001	1	[1,0]
900150	50003	2500	
900151	2	1000	
900160	50005	2500	
900161	30013	5	
900162	12	50	
900170	6310304	1	
900180	6310304	1	
900190	12	5	
900191	1	5000	
900200	1	1000000	
900210	32	15	
900220	31	1000	
900230	32	70	
900240	1	600000	
900241	40113	8	
900242	40114	6	
900243	40110	14	
900250	50000	2500	
900251	12	20	
900252	1	100000	
900260	50000	1250	
900270	95000	1	
900300	50005	2500	
900301	2	500	
900302	12	50	
910000	2	300	
910010	3	100	
910020	2	60	
910030	3	100	
910040	3	100	
910041	90030	1	
900320	2	3980	
900321	50005	2500	
900322	30014	1	
900323	96000	3	
900324	2994001	6	[1,0]
900325	3914001	8	[1,0]
900326	12	68	
900327	1	188888	
900330	50003	2500	
900331	2	500	
900332	96000	3	
900333	2994001	10	[1,0]
900340	95100	1	
900350	95100	3	
900351	95101	1	
900352	95102	20	
900360	50000	1250	
900361	2	250	
900362	30014	2	
900363	1	50000	
900370	2	680	
900371	26	150	
900380	2	60	
900381	90003	1	
900382	1	100000	
900390	94010	1	
900400	94011	3	
900401	2	680	
900402	96000	1	
900403	30013	3	
900404	1	50000	
900410	32	10	
900420	50005	2500	
900421	2	500	
900422	30014	2	
900423	12	30	
900430	50000	2500	
900431	2	500	
900432	30014	2	
900433	12	30	
900440	95120	1	
900460	95120	3	
900461	95121	1	
900462	95122	20	
900470	94013	1	
900471	40695	10	
900472	90003	1	
900480	94012	1	
900481	40694	10	
900482	90003	1	
900490	2	380	
900491	29	150	
900492	90002	1	
900493	1	100000	
900500	2	680	
900510	50005	1250	
900511	30014	1	
900512	12	20	
900513	1	100000	
900520	50003	1250	
900521	40113	3	
900522	40110	3	
900523	1	100000	
900530	95130	1	
900540	95130	3	
900541	95131	1	
900542	95132	20	
900550	50000	1250	
900551	2	250	
900552	30014	2	
900553	1	50000	
900560	50000	2500	
900561	29	150	
900562	12	50	
900570	539	10	
900571	29	50	
900572	12	10	
900573	1	50000	
900580	539	30	
900581	29	150	
900582	30014	3	
900583	1	200000	
120011	40693	1	
120021	40693	1	
120031	40693	1	
120041	40693	1	
120051	40693	2	
120061	31	20	
120012	40691	1	
120022	40692	1	
120032	40691	2	
120042	40691	1	
120052	40692	2	
120062	40693	1	
120010	31	10	
120020	31	10	
120030	31	10	
120040	31	10	
120050	31	25	
120060	30	3	
140010	31	15	
140020	31	10	
140030	31	10	
140040	31	20	
140050	31	15	
140060	31	10	
140070	31	20	
140011	8000001	1	
140021	8000002	1	
140031	30	1	
140041	30	1	
140051	30	1	
140061	30	2	
140071	36	4	
140080	8000002	1	
140081	2041	1	
130010	31	15	
130020	31	15	
130030	31	15	
130040	31	15	
130050	31	15	
130060	31	15	
130070	31	15	
130080	31	15	
130090	31	15	
130100	31	15	
130110	31	10	
130120	31	10	
130130	31	10	
130140	31	10	
130150	31	10	
130160	31	10	
130170	31	10	
130180	31	10	
130190	31	10	
130200	31	10	
130210	31	15	
130220	31	15	
130230	31	15	
130240	31	15	
130250	31	15	
130260	31	10	
130270	31	10	
130280	31	10	
130290	31	10	
130300	31	10	
130310	31	10	
130320	31	10	
130330	31	10	
130340	31	10	
130350	31	10	
130360	31	10	
130370	31	10	
130380	31	10	
130390	31	10	
130400	31	10	
130410	31	10	
130420	31	10	
130430	31	10	
130440	31	10	
130450	31	10	
130460	31	10	
130470	31	10	
130480	31	10	
130490	31	10	
130500	31	10	
130510	31	10	
130520	31	10	
130530	31	10	
130540	31	10	
130550	31	10	
130560	31	10	
130570	31	10	
130580	31	10	
130590	31	10	
130600	31	10	
130610	31	10	
130620	31	10	
130630	31	10	
130640	31	10	
130650	31	10	
130660	31	10	
130670	31	10	
130680	31	10	
130690	31	10	
130700	31	10	
130710	31	10	
130720	31	10	
130730	31	10	
130740	31	10	
130750	31	10	
130760	31	10	
130770	31	10	
130780	31	10	
130790	31	10	
130800	31	10	
130810	31	10	
130820	31	10	
130830	31	10	
130840	31	10	
130850	31	10	
130860	31	10	
130870	31	10	
130880	31	10	
130890	31	10	
130900	31	10	
130910	31	10	
130920	31	10	
130930	31	10	
130940	31	10	
130950	31	10	
130960	31	10	
130970	31	10	
130980	31	10	
130990	31	10	
131000	31	10	
131010	31	15	
131020	31	15	
131030	31	15	
131040	31	15	
131050	31	15	
131060	31	20	
131070	31	20	
131080	31	20	
131090	31	20	
131100	31	20	
131110	31	30	
131120	31	50	
131130	31	70	
131140	31	100	
131150	31	150	
131160	31	30	
131170	31	50	
131180	31	70	
131190	31	100	
131200	31	150	
131210	31	15	
131220	31	15	
131230	31	15	
131240	31	15	
131250	31	15	
131260	31	15	
131270	31	15	
131280	31	15	
131290	31	15	
131300	31	15	
131310	31	15	
131320	31	15	
131330	31	15	
131340	31	15	
131350	31	15	
131360	31	15	
131370	31	15	
131380	31	15	
131390	31	15	
131400	31	15	
130011	30	1	
130021	30	1	
130031	30	1	
130041	30	1	
130051	30	1	
130061	30	1	
130071	30	1	
130081	30	1	
130091	30	1	
130101	30	1	
130111	30	1	
130121	30	1	
130131	30	1	
130141	30	1	
130151	30	1	
130161	30	1	
130171	30	1	
130181	30	1	
130191	30	1	
130201	30	1	
130211	30	1	
130221	30	1	
130231	30	1	
130241	30	1	
130251	30	1	
130261	30	1	
130271	30	1	
130281	30	1	
130291	30	1	
130301	30	1	
130311	30	1	
130321	30	1	
130331	30	1	
130341	30	1	
130351	30	1	
130361	30	1	
130371	30	1	
130381	30	1	
130391	30	1	
130401	30	1	
130411	30	1	
130421	30	1	
130431	30	1	
130441	30	1	
130451	30	1	
130461	30	1	
130471	30	1	
130481	30	1	
130491	30	1	
130501	30	1	
130511	30	1	
130521	30	1	
130531	30	1	
130541	30	1	
130551	30	1	
130561	30	1	
130571	30	1	
130581	30	1	
130591	30	1	
130601	30	1	
130611	30	1	
130621	30	1	
130631	30	1	
130641	30	1	
130651	30	1	
130661	30	1	
130671	30	1	
130681	30	1	
130691	30	1	
130701	30	1	
130711	30	1	
130721	30	1	
130731	30	1	
130741	30	1	
130751	30	1	
130761	30	1	
130771	30	1	
130781	30	1	
130791	30	1	
130801	30	1	
130811	30	1	
130821	30	1	
130831	30	1	
130841	30	1	
130851	30	1	
130861	30	1	
130871	30	1	
130881	30	1	
130891	30	1	
130901	30	1	
130911	30	1	
130921	30	1	
130931	30	1	
130941	30	1	
130951	30	1	
130961	30	1	
130971	30	1	
130981	30	1	
130991	30	1	
131001	30	1	
131011	30	1	
131021	30	1	
131031	30	1	
131041	30	1	
131051	30	1	
131061	30	1	
131071	30	1	
131081	30	1	
131091	30	1	
131101	30	1	
131111	30	1	
131121	30	1	
131131	30	1	
131141	30	1	
131151	30	1	
131161	30	1	
131171	30	1	
131181	30	1	
131191	30	1	
131201	30	1	
131211	30	1	
131221	30	1	
131231	30	1	
131241	30	1	
131251	30	1	
131261	30	1	
131271	30	1	
131281	30	1	
131291	30	1	
131301	30	1	
131311	30	1	
131321	30	1	
131331	30	1	
131341	30	1	
131351	30	1	
131361	30	1	
131371	30	1	
131381	30	1	
131391	30	1	
131401	30	1	
300000	1	3000	
300100	1	5000	
300200	1	7500	
300300	1	10000	
302000	1	3000	
302100	1	5000	
302200	1	7500	
302300	1	10000	
303000	1	3000	
303100	1	5000	
303200	1	7500	
303300	1	10000	
304000	1	3000	
304100	1	5000	
304200	1	7500	
304300	1	10000	
305000	1	3000	
305100	1	5000	
305200	1	7500	
305300	1	10000	
306000	1	3000	
306100	1	5000	
306200	1	7500	
306300	1	10000	
310000	1	3000	
310100	1	3000	
310200	1	3000	
310300	1	3000	
310400	1	3000	
310500	1	3000	
310600	1	3000	
310700	1	3000	
310800	1	3000	
310900	1	3000	
311000	1	3000	
312000	1	5000	
312100	1	5000	
312200	1	5000	
312300	1	5000	
312400	1	5000	
312500	1	5000	
313000	1	10000	
313100	1	10000	
313200	1	10000	
313300	1	10000	
313400	1	10000	
313500	1	10000	
313600	1	10000	
314000	1	20000	
314100	1	20000	
314200	1	20000	
314300	1	20000	
314400	1	20000	
314500	1	20000	
314600	1	20000	
315000	1	3000	
315100	1	5000	
315200	1	7500	
315300	1	10000	
316000	1	3000	
316100	1	5000	
316200	1	7500	
316300	1	10000	
317000	1	3000	
317100	1	3000	
317200	1	3000	
317300	1	3000	
317400	1	3000	
317500	1	3000	
317600	1	3000	
317700	1	3000	
317800	1	3000	
318000	1	5000	
318100	1	5000	
318200	1	5000	
318300	1	5000	
318400	1	5000	
318500	1	5000	
318600	1	5000	
318700	1	5000	
318800	1	5000	
319000	1	3000	
319100	1	3000	
319200	1	3000	
319300	1	3000	
319400	1	3000	
319500	1	3000	
319600	1	3000	
319700	1	3000	
319800	1	3000	
319900	1	3000	
320000	1	3000	
320100	1	3000	
320200	1	3000	
320300	1	3000	
320400	1	3000	
321000	1	50	
321100	1	50	
321200	1	50	
321300	1	50	
321400	1	50	
321500	1	50	
321600	1	50	
321700	1	50	
321800	1	50	
321900	1	50	
322000	1	50	
322100	1	50	
322200	1	50	
322300	1	50	
322400	1	50	
323000	1	5000	
323100	1	6000	
323200	1	7000	
323300	1	8000	
323400	1	9000	
323500	1	10000	
323600	1	11000	
323700	1	12000	
323800	1	13000	
323900	1	14000	
324000	1	3000	
324100	1	5000	
324200	1	7500	
324300	1	10000	
330000	1	3000	
330100	1	3500	
330200	1	4000	
330300	1	4500	
330400	1	5000	
330500	1	5500	
330600	1	6000	
330700	1	6500	
331000	1	3000	
331100	1	3500	
331200	1	4000	
331300	1	4500	
331400	1	5000	
331500	1	5500	
331600	1	6000	
331700	1	6500	
332000	1	3000	
332100	1	3500	
332200	1	4000	
332300	1	4500	
332400	1	5000	
332500	1	5500	
332600	1	6000	
332700	1	6500	
333000	1	3000	
333100	1	3500	
333200	1	4000	
333300	1	4500	
333400	1	5000	
333500	1	5500	
333600	1	6000	
333700	1	6500	
334000	1	3000	
334100	1	3500	
334200	1	4000	
334300	1	4500	
334400	1	5000	
334500	1	5500	
334600	1	6000	
334700	1	6500	
335000	1	3000	
335100	1	3500	
335200	1	4000	
335300	1	4500	
335400	1	5000	
335500	1	5500	
335600	1	6000	
335700	1	6500	
336000	1	3000	
336100	1	3500	
336200	1	4000	
336300	1	4500	
336400	1	5000	
336500	1	5500	
336600	1	6000	
336700	1	6500	
337000	1	3000	
337100	1	3500	
337200	1	4000	
337300	1	4500	
337400	1	5000	
337500	1	5500	
337600	1	6000	
337700	1	6500	
338000	1	3000	
338100	1	3500	
338200	1	4000	
338300	1	4500	
338400	1	5000	
338500	1	5500	
338600	1	6000	
338700	1	6500	
339000	1	3000	
339100	1	3500	
339200	1	4000	
339300	1	4500	
339400	1	5000	
339500	1	5500	
339600	1	6000	
339700	1	6500	
340000	1	3000	
340100	1	3500	
340200	1	4000	
340300	1	4500	
340400	1	5000	
340500	1	5500	
340600	1	6000	
340700	1	6500	
341000	1	3000	
341100	1	3500	
341200	1	4000	
341300	1	4500	
341400	1	5000	
341500	1	5500	
341600	1	6000	
341700	1	6500	
342000	1	3000	
342100	1	3500	
342200	1	4000	
342300	1	4500	
342400	1	5000	
342500	1	5500	
342600	1	6000	
342700	1	6500	
343000	1	3000	
343100	1	3500	
343200	1	4000	
343300	1	4500	
343400	1	5000	
343500	1	5500	
343600	1	6000	
343700	1	6500	
350000	1	2000	
350100	1	2500	
350200	1	3000	
350300	1	3500	
350400	1	4000	
350500	1	4500	
350600	1	5000	
350700	1	5500	
350800	1	6000	
350900	1	6500	
351000	1	2000	
351100	1	2500	
351200	1	3000	
351300	1	3500	
351400	1	4000	
351500	1	4500	
351600	1	5000	
351700	1	5500	
351800	1	6000	
351900	1	6500	
352000	1	2000	
352100	1	2500	
352200	1	3000	
352300	1	3500	
352400	1	4000	
352500	1	4500	
352600	1	5000	
352700	1	5500	
352800	1	6000	
352900	1	6500	
353000	1	2000	
353100	1	2500	
353200	1	3000	
353300	1	3500	
353400	1	4000	
353500	1	4500	
353600	1	5000	
353700	1	5500	
353800	1	6000	
353900	1	6500	
354000	1	7000	
355000	1	2000	
355100	1	2500	
355200	1	3000	
355300	1	3500	
355400	1	4000	
355500	1	4500	
355600	1	5000	
355700	1	5500	
355800	1	6000	
355900	1	6500	
356000	1	3000	
356100	1	5000	
356200	1	7500	
356300	1	10000	
357000	1	3000	
357100	1	5000	
357200	1	7500	
357300	1	10000	
360000	1	5500	
360100	1	6000	
360200	1	6500	
360300	1	7000	
360400	1	7500	
360500	1	8000	
360600	1	8500	
360700	1	9000	
360800	1	9500	
360900	1	10000	
361000	1	3000	
361100	1	5000	
361200	1	7500	
361300	1	10000	
362000	1	3000	
362100	1	5000	
362200	1	7500	
362300	1	10000	
363000	1	3000	
363100	1	5000	
363200	1	7500	
363300	1	10000	
364000	1	3000	
364100	1	5000	
364200	1	7500	
364300	1	10000	
365000	1	3000	
365100	1	5000	
365200	1	7500	
365300	1	10000	
366000	1	3000	
366100	1	4000	
366200	1	5000	
366300	1	6000	
366400	1	7000	
366500	1	8000	
366600	1	9000	
366700	1	10000	
300001	28	100	
300101	28	100	
300201	28	100	
300301	28	100	
300400	1	15000	
300500	1	18000	
300401	29	150	
300501	29	300	
300600	1	6000	
300700	1	9000	
300800	1	12000	
300900	1	15000	
301000	1	18000	
301100	1	21000	
301200	1	24000	
301300	1	6000	
301310	1	9000	
301320	1	12000	
301330	1	15000	
301340	1	18000	
301350	1	21000	
301360	1	24000	
301370	1	27000	
301380	1	30000	
301390	1	30000	
301400	1	30000	
301410	1	30000	
301420	1	30000	
301430	1	30000	
301440	1	30000	
301450	1	30000	
301460	1	30000	
300601	30013	1	
300701	30013	2	
300801	30013	3	
300901	30013	4	
301001	30013	6	
301101	30013	8	
301201	30013	10	
301301	12	2	
301311	12	3	
301321	12	4	
301331	12	5	
301341	12	6	
301351	12	7	
301361	12	8	
301371	12	10	
301381	12	12	
301391	12	14	
301401	12	16	
301411	12	18	
301421	12	20	
301431	12	22	
301441	12	24	
301451	12	27	
301461	12	30	
300602	50000	50	
300702	50000	50	
300802	50000	75	
300902	50000	75	
301002	50000	100	
301102	50000	100	
301202	50000	150	
301302	50000	50	
301312	50000	50	
301322	50000	50	
301332	50000	50	
301342	50000	50	
301352	50000	75	
301362	50000	75	
301372	50000	75	
301382	50000	75	
301392	50000	75	
301402	50000	75	
301412	50000	75	
301422	50000	75	
301432	50000	75	
301442	50000	75	
301452	50000	100	
301462	50000	100	
302001	12	3	
302101	12	7	
302201	12	12	
302301	12	20	
303001	40113	1	
303101	40113	2	
303201	40113	3	
303301	40113	4	
304001	200	5	
304101	200	10	
304201	200	15	
304301	200	20	
304400	1	15000	
304500	1	18000	
304600	1	21000	
304700	1	3000	
304710	1	5000	
304720	1	7500	
304730	1	10000	
304740	1	15000	
304800	1	3000	
304810	1	5000	
304820	1	7500	
304830	1	10000	
304840	1	15000	
304900	1	3000	
304910	3	30	
304920	3	50	
304930	3	80	
304940	3	100	
304950	3	150	
304401	200	25	
304501	200	30	
304601	200	35	
304701	200	2	
304711	200	5	
304721	200	8	
304731	200	10	
304741	200	15	
304801	200	5	
304811	200	10	
304821	200	15	
304831	200	20	
304841	200	25	
304901	200	5	
304911	200	10	
304921	200	20	
304931	200	25	
304941	200	30	
304951	200	40	
305001	23	50	
305101	23	100	
305201	23	150	
305301	23	200	
305400	1	15000	
305500	1	18000	
305600	1	10000	
305610	1	15000	
305700	1	3000	
305710	1	5000	
305720	1	7500	
305730	1	10000	
305401	23	250	
305501	23	300	
305601	23	200	
305611	23	300	
305701	23	50	
305711	23	100	
305721	23	150	
305731	23	200	
306001	3934001	1	[1,0]
306101	3934001	1	[1,0]
306201	3934001	1	[1,0]
306301	3934001	1	[1,0]
310001	3	50	
310101	3	50	
310201	3	50	
310301	3	50	
310401	3	50	
310501	3	50	
310601	3	50	
310701	3	50	
310801	3	50	
310901	3	50	
311001	3	50	
312001	3	50	
312101	3	50	
312201	3	50	
312301	3	50	
312401	3	50	
312501	3	50	
313001	3	50	
313101	3	50	
313201	3	50	
313301	3	50	
313401	3	50	
313501	3	50	
313601	3	50	
313700	1	10000	
313800	1	10000	
313701	3	50	
313801	3	50	
314001	3	50	
314101	3	50	
314201	3	50	
314301	3	50	
314401	3	50	
314501	3	50	
314601	3	50	
314700	1	20000	
314800	1	20000	
314701	3	50	
314801	3	50	
315001	32	4	
315101	32	6	
315201	32	8	
315301	32	10	
316001	32	4	
316101	32	6	
316201	32	8	
316301	32	10	
317001	2994001	1	[1,0]
317101	2994001	1	[1,0]
317201	2994001	1	[1,0]
317301	2994001	1	[1,0]
317401	2994001	1	[1,0]
317501	2994001	1	[1,0]
317601	2994001	1	[1,0]
317701	2994001	1	[1,0]
317801	2994001	1	[1,0]
318001	3934001	1	[1,0]
318101	3934001	1	[1,0]
318201	3934001	1	[1,0]
318301	3934001	1	[1,0]
318401	3934001	1	[1,0]
318501	3934001	1	[1,0]
318601	3934001	1	[1,0]
318701	3934001	1	[1,0]
318801	3934001	1	[1,0]
319001	2994001	1	[1,0]
319101	2994001	1	[1,0]
319201	2994001	1	[1,0]
319301	2994001	1	[1,0]
319401	2994001	1	[1,0]
319501	2994001	1	[1,0]
319601	2994001	1	[1,0]
319701	2994001	1	[1,0]
319801	2994001	1	[1,0]
319901	2994001	1	[1,0]
320001	2994001	1	[1,0]
320101	2994001	1	[1,0]
320201	2994001	1	[1,0]
320301	2994001	1	[1,0]
320401	2994001	1	[1,0]
321001	3934001	1	[1,0]
321101	3934001	1	[1,0]
321201	3934001	1	[1,0]
321301	3934001	1	[1,0]
321401	3934001	1	[1,0]
321501	3934001	1	[1,0]
321601	3934001	1	[1,0]
321701	3934001	1	[1,0]
321801	3934001	1	[1,0]
321901	3934001	1	[1,0]
322001	3934001	1	[1,0]
322101	3934001	1	[1,0]
322201	3934001	1	[1,0]
322301	3934001	1	[1,0]
322401	3934001	1	[1,0]
324001	30	2	
324101	30	4	
324201	30	6	
324301	30	8	
330001	12	3	
330101	12	3	
330201	12	3	
330301	12	3	
330401	12	3	
330501	12	3	
330601	12	3	
330701	12	3	
331001	12	3	
331101	12	3	
331201	12	3	
331301	12	3	
331401	12	3	
331501	12	3	
331601	12	3	
331701	12	3	
332001	12	3	
332101	12	3	
332201	12	3	
332301	12	3	
332401	12	3	
332501	12	3	
332601	12	3	
332701	12	3	
333001	12	3	
333101	12	3	
333201	12	3	
333301	12	3	
333401	12	3	
333501	12	3	
333601	12	3	
333701	12	3	
334001	12	3	
334101	12	3	
334201	12	3	
334301	12	3	
334401	12	3	
334501	12	3	
334601	12	3	
334701	12	3	
335001	12	3	
335101	12	3	
335201	12	3	
335301	12	3	
335401	12	3	
335501	12	3	
335601	12	3	
335701	12	3	
336001	12	3	
336101	12	3	
336201	12	3	
336301	12	3	
336401	12	3	
336501	12	3	
336601	12	3	
336701	12	3	
337001	12	3	
337101	12	3	
337201	12	3	
337301	12	3	
337401	12	3	
337501	12	3	
337601	12	3	
337701	12	3	
338001	12	3	
338101	12	3	
338201	12	3	
338301	12	3	
338401	12	3	
338501	12	3	
338601	12	3	
338701	12	3	
339001	12	3	
339101	12	3	
339201	12	3	
339301	12	3	
339401	12	3	
339501	12	3	
339601	12	3	
339701	12	3	
340001	12	3	
340101	12	3	
340201	12	3	
340301	12	3	
340401	12	3	
340501	12	3	
340601	12	3	
340701	12	3	
341001	12	3	
341101	12	3	
341201	12	3	
341301	12	3	
341401	12	3	
341501	12	3	
341601	12	3	
341701	12	3	
342001	12	3	
342101	12	3	
342201	12	3	
342301	12	3	
342401	12	3	
342501	12	3	
342601	12	3	
342701	12	3	
343001	12	3	
343101	12	3	
343201	12	3	
343301	12	3	
343401	12	3	
343501	12	3	
343601	12	3	
343701	12	3	
350001	12	3	
350101	12	3	
350201	12	3	
350301	12	3	
350401	12	3	
350501	12	3	
350601	12	3	
350701	12	3	
350801	12	3	
350901	12	3	
351001	12	3	
351101	12	3	
351201	12	3	
351301	12	3	
351401	12	3	
351501	12	3	
351601	12	3	
351701	12	3	
351801	12	3	
351901	12	3	
352001	2994001	1	[1,0]
352101	2994001	1	[1,0]
352201	2994001	1	[1,0]
352301	2994001	1	[1,0]
352401	2994001	1	[1,0]
352501	2994001	1	[1,0]
352601	2994001	1	[1,0]
352701	2994001	1	[1,0]
352801	2994001	1	[1,0]
352901	2994001	1	[1,0]
353001	2994001	1	[1,0]
353101	2994001	1	[1,0]
353201	2994001	1	[1,0]
353301	2994001	1	[1,0]
353401	2994001	1	[1,0]
353501	2994001	1	[1,0]
353601	2994001	1	[1,0]
353701	2994001	1	[1,0]
353801	2994001	1	[1,0]
353901	2994001	1	[1,0]
354001	2994001	1	[1,0]
355001	2994001	1	[1,0]
355101	2994001	1	[1,0]
355201	2994001	1	[1,0]
355301	2994001	1	[1,0]
355401	2994001	1	[1,0]
355501	2994001	1	[1,0]
355601	2994001	1	[1,0]
355701	2994001	1	[1,0]
355801	2994001	1	[1,0]
355901	2994001	1	[1,0]
356001	2994001	1	[1,0]
356101	2994001	1	[1,0]
356201	2994001	1	[1,0]
356301	2994001	1	[1,0]
357001	300	50	
357101	300	50	
357201	300	50	
357301	300	50	
364001	40692	1	
364101	40692	2	
364201	40692	3	
364301	40692	4	
364310	1	12000	
364320	1	15000	
364311	40692	5	
364321	40692	6	
365001	40692	1	
365101	40692	2	
365201	40692	3	
365301	40692	4	
365310	1	12000	
365320	1	15000	
365330	1	3000	
365340	1	5000	
365350	1	7500	
365360	1	10000	
365370	1	12000	
365380	1	15000	
365311	40692	5	
365321	40692	6	
365331	40692	1	
365341	40692	2	
365351	40692	3	
365361	40692	4	
365371	40692	5	
365381	40692	6	
366001	3	50	
366101	3	50	
366201	3	50	
366301	3	50	
366401	3	50	
366501	3	50	
366601	3	50	
366701	3	50	
370010	1	10000	
370020	1	10000	
370030	1	10000	
370040	1	10000	
370050	1	10000	
370060	1	10000	
370070	1	10000	
370080	1	10000	
370090	1	10000	
370100	1	10000	
370110	1	10000	
370120	1	10000	
370130	1	10000	
370140	1	10000	
370150	1	10000	
370160	1	10000	
370170	1	10000	
370180	1	10000	
370190	1	10000	
370200	1	10000	
370210	1	10000	
370220	1	10000	
370230	1	10000	
370240	1	10000	
370250	1	10000	
370260	1	10000	
370270	1	10000	
370280	1	10000	
370290	1	10000	
370300	1	10000	
370310	1	10000	
370320	1	10000	
370330	1	10000	
370340	1	10000	
370350	1	10000	
370360	1	10000	
370011	50000	25	
370021	50000	25	
370031	50000	25	
370041	50000	25	
370051	50000	25	
370061	50000	25	
370071	50000	25	
370081	50000	25	
370091	50000	25	
370101	50000	25	
370111	50000	25	
370121	50000	25	
370131	50000	25	
370141	50000	25	
370151	50000	25	
370161	50000	25	
370171	50000	25	
370181	50000	25	
370191	50000	25	
370201	50000	25	
370211	50000	25	
370221	50000	25	
370231	50000	25	
370241	50000	25	
370251	50000	25	
370261	50000	25	
370271	50000	25	
370281	50000	25	
370291	50000	25	
370301	50000	25	
370311	50000	25	
370321	50000	25	
370331	50000	25	
370341	50000	25	
370351	50000	25	
370361	50000	25	
370370	1	10000	
370380	1	10000	
370390	1	10000	
370371	50000	25	
370381	50000	25	
370391	50000	25	
370400	1	10000	
370401	50000	25	
370410	1	10000	
370411	50000	25	
370420	1	10000	
370421	50000	25	
370430	1	10000	
370431	50000	25	
370440	1	10000	
370441	50000	25	
370450	1	10000	
370451	50000	25	
370460	1	10000	
370461	50000	25	
370470	1	10000	
370471	50000	25	
370480	1	10000	
370481	50000	25	
370490	1	10000	
370491	50000	25	
370500	1	10000	
370501	50000	25	
370510	1	10000	
370511	50000	25	
370520	1	10000	
370521	50000	25	
370530	1	10000	
370531	50000	25	
370540	1	10000	
370541	50000	25	
370550	1	10000	
370551	50000	25	
370560	1	10000	
370561	50000	25	
370570	1	10000	
370571	50000	25	
370580	1	10000	
370581	50000	25	
370590	1	10000	
370591	50000	25	
370600	1	10000	
370601	50000	25	
370610	1	10000	
370611	50000	25	
370620	1	10000	
370621	50000	25	
370630	1	10000	
370631	50000	25	
370640	1	10000	
370641	50000	25	
370650	1	10000	
370651	50000	25	
370660	1	10000	
370661	50000	25	
370670	1	10000	
370671	50000	25	
370680	1	10000	
370681	50000	25	
370690	1	10000	
370691	50000	25	
370700	1	10000	
370701	50000	25	
370710	1	10000	
370711	50000	25	
370720	1	10000	
370721	50000	25	
370730	1	10000	
370731	50000	25	
370740	1	10000	
370741	50000	25	
370750	1	10000	
370751	50000	25	
370760	1	10000	
370761	50000	25	
370770	1	10000	
370771	50000	25	
370780	1	10000	
370781	50000	25	
370790	1	10000	
370791	50000	25	
370800	1	10000	
370801	50000	25	
370810	1	10000	
370811	50000	25	
370820	1	10000	
370821	50000	25	
370830	1	10000	
370831	50000	25	
370840	1	10000	
370841	50000	25	
370850	1	10000	
370851	50000	25	
371010	1	20000	
371020	1	20000	
371030	1	20000	
371040	1	20000	
371050	1	20000	
371060	1	20000	
371070	1	20000	
371080	1	20000	
371090	1	20000	
371100	1	20000	
371110	1	20000	
371120	1	20000	
371130	1	20000	
371140	1	20000	
371150	1	20000	
371160	1	20000	
371170	1	20000	
371180	1	20000	
371190	1	20000	
371200	1	20000	
371210	1	20000	
371220	1	20000	
371230	1	20000	
371240	1	20000	
371250	1	20000	
371260	1	20000	
371270	1	20000	
371280	1	20000	
371290	1	20000	
371300	1	20000	
371310	1	20000	
371320	1	20000	
371330	1	20000	
371340	1	20000	
371350	1	20000	
371360	1	20000	
371011	50000	50	
371021	50000	50	
371031	50000	50	
371041	50000	50	
371051	50000	50	
371061	50000	50	
371071	50000	50	
371081	50000	50	
371091	50000	50	
371101	50000	50	
371111	50000	50	
371121	50000	50	
371131	50000	50	
371141	50000	50	
371151	50000	50	
371161	50000	50	
371171	50000	50	
371181	50000	50	
371191	50000	50	
371201	50000	50	
371211	50000	50	
371221	50000	50	
371231	50000	50	
371241	50000	50	
371251	50000	50	
371261	50000	50	
371271	50000	50	
371281	50000	50	
371291	50000	50	
371301	50000	50	
371311	50000	50	
371321	50000	50	
371331	50000	50	
371341	50000	50	
371351	50000	50	
371361	50000	50	
371012	11000028	1	
371022	11000029	1	
371032	11000030	1	
371042	11000031	1	
371052	11000032	1	
371062	11000033	1	
371072	11000034	1	
371082	11000035	1	
371092	11000036	1	
371102	11000037	1	
371112	11000038	1	
371122	11000039	1	
371132	11000040	1	
371142	11000041	1	
371152	11000042	1	
371162	11000043	1	
371172	11000044	1	
371182	11000045	1	
371192	11000046	1	
371202	11000047	1	
371212	11000048	1	
371222	11000049	1	
371232	11000050	1	
371242	11000051	1	
371252	11000052	1	
371262	11000053	1	
371272	11000054	1	
371282	11000055	1	
371292	11000056	1	
371302	11000057	1	
371312	11000058	1	
371322	11000059	1	
371332	11000060	1	
371342	11000061	1	
371352	11000062	1	
371362	11000063	1	
371370	1	20000	
371380	1	20000	
371390	1	20000	
371371	50000	50	
371381	50000	50	
371391	50000	50	
371400	1	20000	
371401	50000	50	
371402	11000072	1	
371410	1	20000	
371411	50000	50	
371412	11000074	1	
371420	1	20000	
371421	50000	50	
371422	11000085	1	
371430	1	20000	
371431	50000	50	
371432	11000086	1	
371440	1	20000	
371441	50000	50	
371442	11000093	1	
371450	1	20000	
371451	50000	50	
371452	11000099	1	
371460	1	20000	
371461	50000	50	
371462	11000101	1	
371470	1	20000	
371471	50000	50	
371472	11000106	1	
371480	1	20000	
371481	50000	50	
371482	11000114	1	
371490	1	20000	
371491	50000	50	
371492	11000117	1	
371500	1	20000	
371501	50000	50	
371502	11000127	1	
371510	1	20000	
371511	50000	50	
371512	11000131	1	
371520	1	20000	
371521	50000	50	
371522	11000141	1	
371530	1	20000	
371531	50000	50	
371532	11000142	1	
371540	1	20000	
371541	50000	50	
371542	11000148	1	
371550	1	20000	
371551	50000	50	
371552	11000155	1	
371560	1	20000	
371561	50000	50	
371562	11000161	1	
371570	1	20000	
371571	50000	50	
371572	11000164	1	
371580	1	20000	
371581	50000	50	
371582	11000169	1	
371590	1	20000	
371591	50000	50	
371592	11000179	1	
371600	1	20000	
371601	50000	50	
371602	11000185	1	
371610	1	20000	
371611	50000	50	
371612	11000192	1	
371620	1	20000	
371621	50000	50	
371622	11000200	1	
371630	1	20000	
371631	50000	50	
371632	11000206	1	
371640	1	20000	
371641	50000	50	
371642	11000212	1	
371650	1	20000	
371651	50000	50	
371652	11000217	1	
371660	1	20000	
371661	50000	50	
371662	11000222	1	
371670	1	20000	
371671	50000	50	
371672	11000227	1	
371680	1	20000	
371681	50000	50	
371682	11000234	1	
371690	1	20000	
371691	50000	50	
371692	11000243	1	
371700	1	20000	
371701	50000	50	
371702	11000248	1	
371710	1	20000	
371711	50000	50	
371712	11000253	1	
371720	1	20000	
371721	50000	50	
371722	11000255	1	
371730	1	20000	
371731	50000	50	
371732	11000266	1	
371740	1	20000	
371741	50000	50	
371742	11000276	1	
371750	1	20000	
371751	50000	50	
371752	11000280	1	
371760	1	20000	
371761	50000	50	
371762	11000287	1	
371770	1	20000	
371771	50000	50	
371772	11000290	1	
371780	1	20000	
371781	50000	50	
371782	11000297	1	
371790	1	20000	
371791	50000	50	
371792	11000311	1	
371800	1	20000	
371801	50000	50	
371802	11000320	1	
371810	1	20000	
371811	50000	50	
371812	11000324	1	
371820	1	20000	
371821	50000	50	
371822	11000335	1	
371830	1	20000	
371831	50000	50	
371832	11000340	1	
371840	1	20000	
371841	50000	50	
371842	11000343	1	
371850	1	20000	
371851	50000	50	
371852	11000346	1	
372010	1	9000	
372020	1	9000	
372030	1	9000	
372040	1	9000	
372050	1	9000	
372060	1	9000	
372070	1	9000	
372080	1	9000	
372090	1	9000	
372100	1	9000	
372110	1	9000	
372120	1	9000	
372130	1	9000	
372140	1	9000	
372150	1	9000	
372160	1	9000	
372170	1	9000	
372180	1	9000	
372190	1	9000	
372200	1	9000	
372210	1	9000	
372220	1	9000	
372230	1	9000	
372240	1	9000	
372250	1	9000	
372260	1	9000	
372270	1	9000	
372280	1	9000	
372290	1	9000	
372300	1	9000	
372310	1	9000	
372320	1	9000	
372330	1	9000	
372340	1	9000	
372350	1	9000	
372360	1	9000	
372011	29	25	
372021	29	25	
372031	29	25	
372041	29	25	
372051	29	25	
372061	29	25	
372071	29	25	
372081	29	25	
372091	29	25	
372101	29	25	
372111	29	25	
372121	29	25	
372131	29	25	
372141	29	25	
372151	29	25	
372161	29	25	
372171	29	25	
372181	29	25	
372191	29	25	
372201	29	25	
372211	29	25	
372221	29	25	
372231	29	25	
372241	29	25	
372251	29	25	
372261	29	25	
372271	29	25	
372281	29	25	
372291	29	25	
372301	29	25	
372311	29	25	
372321	29	25	
372331	29	25	
372341	29	25	
372351	29	25	
372361	29	25	
372370	1	9000	
372380	1	9000	
372390	1	9000	
372371	29	25	
372381	29	25	
372391	29	25	
372400	1	9000	
372401	29	25	
372410	1	9000	
372411	29	25	
372420	1	9000	
372421	29	25	
372430	1	9000	
372431	29	25	
372440	1	9000	
372441	29	25	
372450	1	9000	
372451	29	25	
372460	1	9000	
372461	29	25	
372470	1	9000	
372471	29	25	
372480	1	9000	
372481	29	25	
372490	1	9000	
372491	29	25	
372500	1	9000	
372501	29	25	
372510	1	9000	
372511	29	25	
372520	1	9000	
372521	29	25	
372530	1	9000	
372531	29	25	
372540	1	9000	
372541	29	25	
372550	1	9000	
372551	29	25	
372560	1	9000	
372561	29	25	
372570	1	9000	
372571	29	25	
372580	1	9000	
372581	29	25	
372590	1	9000	
372591	29	25	
372600	1	9000	
372601	29	25	
372610	1	9000	
372611	29	25	
372620	1	9000	
372621	29	25	
372630	1	9000	
372631	29	25	
372640	1	9000	
372641	29	25	
372650	1	9000	
372651	29	25	
372660	1	9000	
372661	29	25	
372670	1	9000	
372671	29	25	
372680	1	9000	
372681	29	25	
372690	1	9000	
372691	29	25	
372700	1	9000	
372701	29	25	
372710	1	9000	
372711	29	25	
372720	1	9000	
372721	29	25	
372730	1	9000	
372731	29	25	
372740	1	9000	
372741	29	25	
372750	1	9000	
372751	29	25	
372760	1	9000	
372761	29	25	
372770	1	9000	
372771	29	25	
372780	1	9000	
372781	29	25	
372790	1	9000	
372791	29	25	
372800	1	9000	
372801	29	25	
372810	1	9000	
372811	29	25	
372820	1	9000	
372821	29	25	
372830	1	9000	
372831	29	25	
372840	1	9000	
372841	29	25	
372850	1	9000	
372851	29	25	
373010	8960008	1	
373020	8960010	1	
373030	8960014	1	
373040	8960027	1	
373050	8960020	1	
373060	8960022	1	
373070	8960029	1	
373080	8960003	1	
373090	8960011	1	
373100	8960015	1	
373110	8960016	1	
373120	8960023	1	
373130	8960009	1	
373140	8960030	1	
373150	8960021	1	
373160	8960018	1	
373170	8960004	1	
373180	8960007	1	
373190	8960028	1	
373200	8960006	1	
373210	8960031	1	
373220	8960012	1	
373230	8960024	1	
373240	8960025	1	
373250	8960019	1	
373260	8960002	1	
373270	8960013	1	
373280	8960017	1	
373290	8960005	1	
373300	8960026	1	
373310	8960032	1	
373320	8960001	1	
373330	8960034	1	
373340	8960033	1	
373350	8960035	1	
373360	8960036	1	
373011	40692	2	
373021	40692	2	
373031	40692	2	
373041	40692	2	
373051	40692	2	
373061	40692	2	
373071	40692	2	
373081	40692	2	
373091	40692	2	
373101	40692	2	
373111	40692	2	
373121	40692	2	
373131	40692	2	
373141	40692	2	
373151	40692	2	
373161	40692	2	
373171	40692	2	
373181	40692	2	
373191	40692	2	
373201	40692	2	
373211	40692	2	
373221	40692	2	
373231	40692	2	
373241	40692	2	
373251	40692	2	
373261	40692	2	
373271	40692	2	
373281	40692	2	
373291	40692	2	
373301	40692	2	
373311	40692	2	
373321	40692	2	
373331	40692	2	
373341	40692	2	
373351	40692	2	
373361	40692	2	
373370	1	30000	
373380	1	30000	
373390	1	30000	
373371	40692	2	
373381	40692	2	
373391	40692	2	
373400	8960039	1	
373401	40692	2	
373410	8960040	1	
373411	40692	2	
373420	8981511	1	
373421	40692	2	
373430	8981613	1	
373431	40692	2	
373440	8981712	1	
373441	40692	2	
373450	8981817	1	
373451	40692	2	
373460	8981913	1	
373456	40692	2	
373470	8982020	1	
373471	40692	2	
373480	8982119	1	
373481	40692	2	
373490	8982220	1	
373491	40692	2	
373500	8982311	1	
373501	40692	2	
373510	8982421	1	
373511	40692	2	
373520	8982513	1	
373521	40692	2	
373530	8982612	1	
373531	40692	2	
373540	8982719	1	
373541	40692	2	
373550	1	30000	
373551	40692	2	
373560	8982914	1	
373561	40692	2	
373570	8983022	1	
373571	40692	2	
373580	8983037	1	
373581	40692	2	
373590	8983055	1	
373591	40692	2	
373600	8983072	1	
373601	40692	2	
373610	8983092	1	
373611	40692	2	
373620	8983105	1	
373621	40692	2	
373630	8983125	1	
373631	40692	2	
373640	8983138	1	
373641	40692	2	
373650	8983152	1	
373651	40692	2	
373660	8983165	1	
373661	40692	2	
373670	8983178	1	
373671	40692	2	
373680	8983192	1	
373681	40692	2	
373690	8983205	1	
373691	40692	2	
373700	8983221	1	
373701	40692	2	
373710	1	30000	
373711	40692	2	
373720	1	30000	
373721	40692	2	
373730	8983249	1	
373731	40692	2	
373740	8983263	1	
373741	40692	2	
373750	8983276	1	
373751	40692	2	
373760	8983277	1	
373761	40692	2	
373770	8983279	1	
373771	40692	2	
373780	8983292	1	
373781	40692	2	
373790	8983304	1	
373791	40692	2	
373800	8983311	1	
373801	40692	2	
373810	8983318	1	
373811	40692	2	
373820	8983325	1	
373821	40692	2	
373830	8983337	1	
373831	40692	2	
373840	1	30000	
373841	40692	2	
373850	8983349	1	
373851	40692	2	
3740010	1	3000	
3740020	1	5000	
3740030	1	7000	
3740040	1	9000	
3740110	1	3000	
3740120	1	5000	
3740130	1	7000	
3740140	1	9000	
3740210	1	3000	
3740220	1	5000	
3740230	1	7000	
3740240	1	9000	
3740310	1	3000	
3740320	1	5000	
3740330	1	7000	
3740340	1	9000	
3740410	1	3000	
3740420	1	5000	
3740430	1	7000	
3740440	1	9000	
3740510	1	3000	
3740520	1	5000	
3740530	1	7000	
3740540	1	9000	
3740610	1	3000	
3740620	1	5000	
3740630	1	7000	
3740640	1	9000	
3740710	1	3000	
3740720	1	5000	
3740730	1	7000	
3740740	1	9000	
3740011	40201	1	
3740021	40201	1	
3740031	40201	1	
3740041	40201	1	
3740111	40201	1	
3740121	40201	1	
3740131	40201	1	
3740141	40201	1	
3740211	40201	1	
3740221	40201	1	
3740231	40201	1	
3740241	40201	1	
3740311	40201	1	
3740321	40201	1	
3740331	40201	1	
3740341	40201	1	
3740411	40201	1	
3740421	40201	1	
3740431	40201	1	
3740441	40201	1	
3740511	40201	1	
3740521	40201	1	
3740531	40201	1	
3740541	40201	1	
3740611	40201	1	
3740621	40201	1	
3740631	40201	1	
3740641	40201	1	
3740711	40201	1	
3740721	40201	1	
3740731	40201	1	
3740741	40201	1	
3740012	40200	2	
3740022	40200	2	
3740032	40200	2	
3740042	40200	2	
3740112	40200	2	
3740122	40200	2	
3740132	40200	2	
3740142	40200	2	
3740212	40200	2	
3740222	40200	2	
3740232	40200	2	
3740242	40200	2	
3740312	40200	2	
3740322	40200	2	
3740332	40200	2	
3740342	40200	2	
3740412	40200	2	
3740422	40200	2	
3740432	40200	2	
3740442	40200	2	
3740512	40200	2	
3740522	40200	2	
3740532	40200	2	
3740542	40200	2	
3740612	40200	2	
3740622	40200	2	
3740632	40200	2	
3740642	40200	2	
3740712	40200	2	
3740722	40200	2	
3740732	40200	2	
3740742	40200	2	
3740750	1	3000	
3740760	1	5000	
3740770	1	7000	
3740780	1	9000	
3740751	40201	1	
3740761	40201	1	
3740771	40201	1	
3740781	40201	1	
3740752	40200	2	
3740762	40200	2	
3740772	40200	2	
3740782	40200	2	
3740790	1	3000	
3740800	1	5000	
3740810	1	7000	
3740820	1	9000	
3740791	40201	1	
3740801	40201	1	
3740811	40201	1	
3740821	40201	1	
3740792	40200	2	
3740802	40200	2	
3740812	40200	2	
3740822	40200	2	
3740830	1	3000	
3740840	1	5000	
3740850	1	7000	
3740860	1	9000	
3740831	40201	1	
3740841	40201	1	
3740851	40201	1	
3740861	40201	1	
3740832	40200	2	
3740842	40200	2	
3740852	40200	2	
3740862	40200	2	
3740870	1	3000	
3740880	1	5000	
3740890	1	7000	
3740900	1	9000	
3740871	40201	1	
3740881	40201	1	
3740891	40201	1	
3740901	40201	1	
3740872	40200	2	
3740882	40200	2	
3740892	40200	2	
3740902	40200	2	
3740910	1	3000	
3740920	1	5000	
3740930	1	7000	
3740940	1	9000	
3740911	40201	1	
3740921	40201	1	
3740931	40201	1	
3740941	40201	1	
3740912	40200	2	
3740922	40200	2	
3740932	40200	2	
3740942	40200	2	
3740950	1	3000	
3740960	1	5000	
3740970	1	7000	
3740980	1	9000	
3740951	40201	1	
3740961	40201	1	
3740971	40201	1	
3740981	40201	1	
3740952	40200	2	
3740962	40200	2	
3740972	40200	2	
3740982	40200	2	
3740990	1	3000	
3741000	1	5000	
3741010	1	7000	
3741020	1	9000	
3740991	40201	1	
3741001	40201	1	
3741011	40201	1	
3741021	40201	1	
3740992	40200	2	
3741002	40200	2	
3741012	40200	2	
3741022	40200	2	
3741030	1	3000	
3741040	1	5000	
3741050	1	7000	
3741060	1	9000	
3741031	40201	1	
3741041	40201	1	
3741051	40201	1	
3741061	40201	1	
3741032	40200	2	
3741042	40200	2	
3741052	40200	2	
3741062	40200	2	
3742030	1	3000	
3742040	1	5000	
3742050	1	7000	
3742060	1	9000	
3742031	40201	1	
3742041	40201	1	
3742051	40201	1	
3742061	40201	1	
3742032	40200	2	
3742042	40200	2	
3742052	40200	2	
3742062	40200	2	
3742070	1	3000	
3742080	1	5000	
3742090	1	7000	
3742100	1	9000	
3742071	40201	1	
3742081	40201	1	
3742091	40201	1	
3742101	40201	1	
3742072	40200	2	
3742082	40200	2	
3742092	40200	2	
3742102	40200	2	
3742110	1	3000	
3742120	1	5000	
3742130	1	7000	
3742140	1	9000	
3742111	40201	1	
3742121	40201	1	
3742131	40201	1	
3742141	40201	1	
3742112	40200	2	
3742122	40200	2	
3742132	40200	2	
3742142	40200	2	
374010	1	10000	
374020	1	10000	
374030	1	10000	
374040	1	10000	
374050	1	10000	
374060	1	10000	
374070	1	10000	
374080	1	10000	
375010	1	20000	
375020	1	20000	
375030	1	20000	
375040	1	20000	
375050	1	20000	
375060	1	20000	
375070	1	20000	
375080	1	20000	
374011	50009	25	
374021	50009	25	
374031	50009	25	
374041	50009	25	
374051	50009	25	
374061	50009	25	
374071	50009	25	
374081	50009	25	
374090	1	10000	
374091	50009	25	
374100	1	10000	
374101	50009	25	
374110	1	10000	
374111	50009	25	
374120	1	10000	
374121	50009	25	
374130	1	10000	
374131	50009	25	
374140	1	10000	
374141	50009	25	
374150	1	10000	
374151	50009	25	
374160	1	10000	
374161	50009	25	
374170	1	10000	
374171	50009	25	
374180	1	10000	
374181	50009	25	
374190	1	10000	
374191	50009	25	
374200	1	10000	
374201	50009	25	
374210	1	10000	
374211	50009	25	
374220	1	10000	
374221	50009	25	
374230	1	10000	
374231	50009	25	
374240	1	10000	
374241	50009	25	
374250	1	10000	
374251	50009	25	
374260	1	10000	
374261	50009	25	
375011	50009	50	
375021	50009	50	
375031	50009	50	
375041	50009	50	
375051	50009	50	
375061	50009	50	
375071	50009	50	
375081	50009	50	
375012	11000064	1	
375022	11000065	1	
375032	11000066	1	
375042	11000067	1	
375052	11000068	1	
375062	11000069	1	
375072	11000070	1	
375082	11000071	1	
375090	1	20000	
375091	50009	50	
375092	11000073	1	
375100	1	20000	
375101	50009	50	
375102	11000075	1	
375110	1	20000	
375111	50009	50	
375112	11000087	1	
375120	1	20000	
375121	50009	50	
375122	11000100	1	
375130	1	20000	
375131	50009	50	
375132	11000107	1	
375140	1	20000	
375141	50009	50	
375142	11000115	1	
375150	1	20000	
375151	50009	50	
375152	11000116	1	
375160	1	20000	
375161	50009	50	
375162	11000132	1	
375170	1	20000	
375171	50009	50	
375172	11000143	1	
375180	1	20000	
375181	50009	50	
375182	11000149	1	
375190	1	20000	
375191	50009	50	
375192	11000162	1	
375200	1	20000	
375201	50009	50	
375202	11000165	1	
375210	1	20000	
375211	50009	50	
375212	11000180	1	
375220	1	20000	
375221	50009	50	
375222	11000193	1	
375230	1	20000	
375231	50009	50	
375232	11000201	1	
375240	1	20000	
375241	50009	50	
375242	11000207	1	
375250	1	20000	
375251	50009	50	
375252	11000218	1	
375260	1	20000	
375261	50009	50	
375262	11000223	1	
375270	1	20000	
375271	50009	50	
375272	11000228	1	
375280	1	20000	
375281	50009	50	
375282	11000235	1	
375290	1	20000	
375291	50009	50	
375292	11000249	1	
375300	1	20000	
375301	50009	50	
375302	11000254	1	
375310	1	20000	
375311	50009	50	
375312	11000256	1	
375320	1	20000	
375321	50009	50	
375322	11000267	1	
375330	1	20000	
375331	50009	50	
375332	11000281	1	
375340	1	20000	
375341	50009	50	
375342	11000288	1	
375350	1	20000	
375351	50009	50	
375352	11000291	1	
375360	1	20000	
375361	50009	50	
375362	11000298	1	
375370	1	20000	
375371	50009	50	
375372	11000312	1	
375380	1	20000	
375381	50009	50	
375382	11000321	1	
375390	1	20000	
375391	50009	50	
375392	11000325	1	
375400	1	20000	
375401	50009	50	
375402	11000336	1	
375410	1	20000	
375411	50009	50	
375412	11000341	1	
375420	1	20000	
375421	50009	50	
375422	11000344	1	
375430	1	20000	
375431	50009	50	
375432	11000347	1	
376010	1	10000	
376020	1	10000	
376030	1	10000	
376040	1	10000	
376050	1	10000	
376060	1	10000	
376070	1	10000	
376080	1	10000	
376090	1	10000	
377010	1	20000	
377020	1	20000	
377030	1	20000	
377040	1	20000	
377050	1	20000	
377060	1	20000	
377070	1	20000	
377080	1	20000	
377090	1	20000	
378010	1	3000	
378020	1	5000	
378030	1	7000	
378040	1	9000	
378050	1	12000	
378060	1	15000	
376011	50009	50	
376021	50009	50	
376031	50009	50	
376041	50009	50	
376051	50009	50	
376061	50009	50	
376071	50009	50	
376081	50009	50	
376091	50009	50	
377011	50009	50	
377021	50009	50	
377031	50009	50	
377041	50009	50	
377051	50009	50	
377061	50009	50	
377071	50009	50	
377081	50009	50	
377091	50009	50	
378011	40301	5	
378021	40301	5	
378031	40301	5	
378041	40301	5	
378051	40301	5	
378061	40301	10	
302002	30013	1	
302102	30013	2	
302202	30013	3	
302302	30013	5	
302400	1	15000	
302500	1	18000	
302600	1	21000	
302700	1	24000	
302800	1	3000	
302810	1	5000	
302820	1	7500	
302830	1	10000	
302401	12	25	
302501	12	30	
302601	12	35	
302701	12	40	
302801	31104	2	
302811	31104	5	
302821	31104	8	
302831	31104	10	
302402	30013	8	
302502	30013	10	
302602	30013	12	
302702	30013	15	
302802	31204	2	
302812	31204	5	
302822	31204	8	
302832	31204	10	
303002	40110	1	
303102	40110	2	
303202	40110	3	
303302	40110	4	
306002	3934001	1	[1,0]
306102	3934001	1	[1,0]
306202	3934001	1	[1,0]
306302	3934001	1	[1,0]
306310	1	15000	
306320	1	18000	
306330	1	21000	
306340	1	5000	
306350	1	7500	
306360	1	10000	
306311	31204	5	
306321	31204	8	
306331	31204	10	
306341	31104	5	
306351	31104	8	
306361	31104	10	
317002	2994001	1	[1,0]
317102	2994001	1	[1,0]
317202	2994001	1	[1,0]
317302	2994001	1	[1,0]
317402	2994001	1	[1,0]
317502	2994001	1	[1,0]
317602	2994001	1	[1,0]
317702	2994001	1	[1,0]
317802	2994001	1	[1,0]
318002	3934001	1	[1,0]
318102	3934001	1	[1,0]
318202	3934001	1	[1,0]
318302	3934001	1	[1,0]
318402	3934001	1	[1,0]
318502	3934001	1	[1,0]
318602	3934001	1	[1,0]
318702	3934001	1	[1,0]
318802	3934001	1	[1,0]
319002	2994001	1	[1,0]
319102	2994001	1	[1,0]
319202	2994001	1	[1,0]
319302	2994001	1	[1,0]
319402	2994001	1	[1,0]
319502	2994001	1	[1,0]
319602	2994001	1	[1,0]
319702	2994001	1	[1,0]
319802	2994001	1	[1,0]
319902	2994001	1	[1,0]
320002	2994001	1	[1,0]
320102	2994001	1	[1,0]
320202	2994001	1	[1,0]
320302	2994001	1	[1,0]
320402	2994001	1	[1,0]
321002	3934001	1	[1,0]
321102	3934001	1	[1,0]
321202	3934001	1	[1,0]
321302	3934001	1	[1,0]
321402	3934001	1	[1,0]
321502	3934001	1	[1,0]
321602	3934001	1	[1,0]
321702	3934001	1	[1,0]
321802	3934001	1	[1,0]
321902	3934001	1	[1,0]
322002	3934001	1	[1,0]
322102	3934001	1	[1,0]
322202	3934001	1	[1,0]
322302	3934001	1	[1,0]
322402	3934001	1	[1,0]
330002	30012	1	
330102	30012	1	
330202	30012	1	
330302	30012	1	
330402	30012	1	
330502	30012	1	
330602	30012	1	
330702	30012	1	
331002	30012	1	
331102	30012	1	
331202	30012	1	
331302	30012	1	
331402	30012	1	
331502	30012	1	
331602	30012	1	
331702	30012	1	
332002	30012	1	
332102	30012	1	
332202	30012	1	
332302	30012	1	
332402	30012	1	
332502	30012	1	
332602	30012	1	
332702	30012	1	
333002	30012	1	
333102	30012	1	
333202	30012	1	
333302	30012	1	
333402	30012	1	
333502	30012	1	
333602	30012	1	
333702	30012	1	
334002	30012	1	
334102	30012	1	
334202	30012	1	
334302	30012	1	
334402	30012	1	
334502	30012	1	
334602	30012	1	
334702	30012	1	
335002	30012	1	
335102	30012	1	
335202	30012	1	
335302	30012	1	
335402	30012	1	
335502	30012	1	
335602	30012	1	
335702	30012	1	
336002	30012	1	
336102	30012	1	
336202	30012	1	
336302	30012	1	
336402	30012	1	
336502	30012	1	
336602	30012	1	
336702	30012	1	
337002	30012	1	
337102	30012	1	
337202	30012	1	
337302	30012	1	
337402	30012	1	
337502	30012	1	
337602	30012	1	
337702	30012	1	
338002	30012	1	
338102	30012	1	
338202	30012	1	
338302	30012	1	
338402	30012	1	
338502	30012	1	
338602	30012	1	
338702	30012	1	
339002	30012	1	
339102	30012	1	
339202	30012	1	
339302	30012	1	
339402	30012	1	
339502	30012	1	
339602	30012	1	
339702	30012	1	
340002	30012	1	
340102	30012	1	
340202	30012	1	
340302	30012	1	
340402	30012	1	
340502	30012	1	
340602	30012	1	
340702	30012	1	
341002	30012	1	
341102	30012	1	
341202	30012	1	
341302	30012	1	
341402	30012	1	
341502	30012	1	
341602	30012	1	
341702	30012	1	
342002	30012	1	
342102	30012	1	
342202	30012	1	
342302	30012	1	
342402	30012	1	
342502	30012	1	
342602	30012	1	
342702	30012	1	
343002	30012	1	
343102	30012	1	
343202	30012	1	
343302	30012	1	
343402	30012	1	
343502	30012	1	
343602	30012	1	
343702	30012	1	
350002	30012	1	
350102	30012	1	
350202	30012	1	
350302	30012	1	
350402	30012	1	
350502	30012	1	
350602	30012	1	
350702	30012	1	
350802	30012	1	
350902	30012	1	
351002	30012	1	
351102	30012	1	
351202	30012	1	
351302	30012	1	
351402	30012	1	
351502	30012	1	
351602	30012	1	
351702	30012	1	
351802	30012	1	
351902	30012	1	
351910	1	7000	
351920	1	7500	
351911	12	5	
351921	12	5	
351912	30013	1	
351922	30013	1	
352002	3934001	1	[1,0]
352102	3934001	1	[1,0]
352202	3934001	1	[1,0]
352302	3934001	1	[1,0]
352402	3934001	1	[1,0]
352502	3934001	1	[1,0]
352602	3934001	1	[1,0]
352702	3934001	1	[1,0]
352802	3934001	1	[1,0]
352902	3934001	1	[1,0]
352910	1	7000	
352920	1	7500	
352911	31104	2	
352921	31104	5	
352912	31204	2	
352922	31204	5	
353002	3934001	1	[1,0]
353102	3934001	1	[1,0]
353202	3934001	1	[1,0]
353302	3934001	1	[1,0]
353402	3934001	1	[1,0]
353502	3934001	1	[1,0]
353602	3934001	1	[1,0]
353702	3934001	1	[1,0]
353802	3934001	1	[1,0]
353902	3934001	1	[1,0]
354002	3934001	1	[1,0]
354100	1	7500	
354200	1	8000	
354101	31104	2	
354201	31104	5	
354102	31204	2	
354202	31204	5	
355002	3934001	1	[1,0]
355102	3934001	1	[1,0]
355202	3934001	1	[1,0]
355302	3934001	1	[1,0]
355402	3934001	1	[1,0]
355502	3934001	1	[1,0]
355602	3934001	1	[1,0]
355702	3934001	1	[1,0]
355802	3934001	1	[1,0]
355902	3934001	1	[1,0]
356002	3934001	1	[1,0]
356102	3934001	1	[1,0]
356202	3934001	1	[1,0]
356302	3934001	1	[1,0]
356400	1	15000	
356500	1	18000	
356600	1	2000	
356610	1	2500	
356620	1	3000	
356630	1	3500	
356640	1	4000	
356401	31104	2	
356501	31104	2	
356601	70002	2	
356611	70002	2	
356621	70002	2	
356631	70002	4	
356641	70002	4	
356402	31204	2	
356502	31204	2	
356602	70001	12	
356612	70001	12	
356622	70001	12	
356632	70001	24	
356642	70001	24	
300201010	1	30000	
300201020	12	10	
300201030	30013	3	
300201040	3914001	5	[1,0]
300201050	12	10	
300201060	30013	3	
300201070	2994001	5	[1,0]
300201080	3	150	
300201090	1	30000	
300201100	3924001	5	[1,0]
300201110	40113	2	
300202010	1	30000	
300202020	1	30000	
300202030	2994001	5	[1,0]
300202040	30013	3	
300202050	12	10	
300202060	40114	2	
300202070	30013	3	
300202080	12	10	
300202090	3	150	
300203010	1	30000	
300203020	12	10	
300203030	30013	3	
300203040	3924001	5	[1,0]
300203050	12	10	
300203060	2994001	5	[1,0]
300203070	30013	3	
300203080	40110	4	
300203090	1	30000	
300203100	3924001	5	[1,0]
300203110	3	150	
300204010	1	30000	
300204020	30013	3	
300204030	30013	3	
300204040	1	30000	
300204050	12	10	
300204060	2994001	5	[1,0]
300204070	12	10	
300204080	40110	4	
300204090	3	150	
30010	3	300	
30020	3	300	
30030	3	300	
30040	3	300	
30011	1	10000	
30021	1	10000	
30031	1	10000	
30041	1	10000	
30012	2994001	3	[1,0]
30022	2994001	3	[1,0]
30032	2994001	3	[1,0]
30042	2994001	3	[1,0]
60000	1	2000	
60010	1	3000	
60020	1	5000	
60030	1	10000	
60040	1	20000	
60050	1	2000	
60060	1	3000	
60070	1	5000	
60080	1	10000	
60090	1	20000	
60100	1	2000	
60110	1	3000	
60120	1	5000	
60130	1	10000	
60140	1	20000	
60001	12	3	
60011	40100	1	
60021	40104	1	
60031	40103	1	
60041	505	1	
60051	12	3	
60061	40100	2	
60071	40104	2	
60081	40103	2	
60091	505	1	
60101	12	3	
60111	40110	1	
60121	40114	1	
60131	40113	1	
60141	505	1	
60002	30012	1	
60012	30012	1	
60022	30012	1	
60032	30012	1	
60042	30013	1	
60052	30012	1	
60062	30012	1	
60072	30012	1	
60082	30012	1	
60092	30013	1	
60102	30012	1	
60112	30012	1	
60122	30012	1	
60132	30012	1	
60142	30013	1	
60150	12	3	
60160	40110	1	
60170	40114	1	
60180	40113	1	
60190	505	1	
60151	30012	1	
60161	30012	1	
60171	30012	1	
60181	30012	1	
60191	30013	1	
60152	1	3000	
60162	1	5000	
60172	1	10000	
60182	1	20000	
60192	1	30000	
60200	3	10	
60210	3	15	
60220	3	20	
60230	3	30	
60300	200	4	
60310	200	4	
60320	200	4	
60330	200	4	
60340	200	3	
60350	200	3	
60360	200	3	
60400	200	6	
60410	200	6	
60420	200	6	
60430	200	5	
60440	200	5	
60450	200	5	
60460	200	4	
60470	200	3	
60471	12	3	
60472	30012	1	
60473	1	6000	
60480	200	4	
60481	40110	1	
60482	30012	1	
60483	1	6000	
60490	200	5	
60491	40114	1	
60492	30012	1	
60493	1	8000	
60500	200	7	
60501	40113	1	
60502	30012	1	
60503	1	18000	
60510	200	9	
60511	3	10	
60512	40301	5	
60513	12	2	
60520	200	3	
60521	505	1	
60522	30013	1	
60523	1	30000	
60530	200	4	
60531	1	40000	
60540	200	5	
60541	3	15	
60542	40301	5	
60543	12	2	
60550	200	8	
60551	1	50000	
60560	200	6	
60561	12	3	
60562	30012	2	
60563	1	3000	
60570	200	6	
60571	40110	1	
60572	1	5000	
60573	70001	24	
60580	200	8	
60581	40114	1	
60582	30012	2	
60583	1	10000	
60590	200	12	
60591	40113	1	
60592	1	20000	
60593	70001	30	
60600	200	4	
60601	3	20	
60602	40301	20	
60603	70001	6	
60610	200	6	
60611	505	1	
60612	30013	1	
60613	1	30000	
60620	200	6	
60621	3	30	
60622	70001	8	
60630	200	6	
60631	12	6	
60632	70001	12	
60633	17050115	1	
60640	200	6	
60641	70001	16	
60642	17050114	1	
60880	17050113	1	
60650	200	12	
60660	70002	27	
60670	70001	64	
60680	17050113	1	
60690	200	10	
60700	70002	22	
60710	70001	52	
60720	17050114	1	
60730	200	8	
60740	70002	18	
60750	70001	42	
60760	200	7	
60770	70002	15	
60780	70001	35	
60790	200	6	
60800	70002	12	
60810	70001	28	
60820	200	6	
60830	70002	10	
60840	70001	24	
60850	200	6	
60860	70002	8	
60870	70001	20	
60890	200	6	
60891	12	3	
60892	30012	2	
60893	1	3000	
60894	70001	40	
60900	200	6	
60901	40110	1	
60902	1	5000	
60903	70001	48	
60904	70002	10	
60910	200	8	
60911	40114	1	
60912	30012	2	
60913	1	10000	
60914	70001	48	
60920	200	12	
60921	40113	1	
60922	1	20000	
60923	70001	60	
60924	70002	10	
60930	200	4	
60931	3	20	
60932	40301	20	
60933	70001	12	
60934	70002	5	
60940	200	6	
60941	505	1	
60942	30013	1	
60943	1	30000	
60944	70001	56	
60950	200	6	
60951	3	30	
60952	70001	16	
60953	70002	5	
60960	200	6	
60961	12	6	
60962	70001	24	
60963	70002	5	
60964	17050115	1	
60970	200	6	
60971	70001	32	
60972	70002	5	
60973	17050114	1	
60980	17050113	1	
61000	200	4	
61001	12	3	
61002	30012	1	
61003	1	6000	
61010	200	5	
61011	40110	1	
61012	30012	1	
61013	1	6000	
61020	200	6	
61021	40114	1	
61022	30012	1	
61023	1	8000	
61030	200	8	
61031	40113	1	
61032	30012	1	
61033	1	18000	
61040	200	10	
61041	3	10	
61042	40301	5	
61043	12	2	
61050	200	3	
61051	505	1	
61052	30013	1	
61053	1	30000	
61060	200	5	
61061	1	40000	
61070	200	6	
61071	3	15	
61072	40301	5	
61073	12	2	
61080	200	9	
61081	1	50000	
61090	200	8	
61091	12	3	
61092	30012	2	
61093	1	3000	
61094	70001	40	
61100	200	8	
61101	40110	1	
61102	1	5000	
61103	70001	48	
61104	70002	10	
61110	200	10	
61111	40114	1	
61112	30012	2	
61113	1	10000	
61114	70001	48	
61120	200	16	
61121	40113	1	
61122	1	20000	
61123	70001	60	
61124	70002	10	
61130	200	6	
61131	3	20	
61132	40301	20	
61133	70001	12	
61134	70002	5	
61140	200	8	
61141	505	1	
61142	30013	1	
61143	1	30000	
61144	70001	56	
61150	200	8	
61151	3	30	
61152	70001	16	
61153	70002	5	
61160	200	8	
61161	12	6	
61162	70001	24	
61163	70002	5	
61164	17050115	1	
61170	200	8	
61171	70001	32	
61172	70002	5	
61173	17050114	1	
61180	17050113	1	
60301	12	3	
60311	40100	1	
60321	40104	1	
60331	40103	1	
60341	40110	1	
60351	505	1	
60361	40114	1	
60401	12	3	
60411	40100	2	
60421	40104	2	
60431	40103	2	
60441	40110	1	
60451	505	1	
60461	40114	1	
60302	30012	1	
60312	30012	1	
60322	30012	1	
60332	30012	1	
60342	31204	3	
60352	30013	1	
60362	31204	3	
60402	30012	1	
60412	30012	1	
60422	30012	1	
60432	30012	1	
60442	31204	3	
60452	30013	1	
60462	31204	3	
60303	1	12000	
60313	1	13000	
60323	1	15000	
60333	1	20000	
60343	12	2	
60353	1	30000	
60363	12	2	
60403	1	12000	
60413	1	13000	
60423	1	15000	
60433	1	20000	
60443	12	2	
60453	1	30000	
60463	12	2	
60201	40301	5	
60211	40301	5	
60221	40301	10	
60231	40301	10	
60202	12	2	
60212	12	2	
60222	12	3	
60232	12	3	
70000	90030	1	
70010	40103	2	
70020	3025050	1	[1,0]
70030	40110	2	
70040	1	50000	
70050	50000	250	
70060	3035050	1	[1,0]
71000	90030	1	
71010	1	50000	
71020	3015052	1	[1,0]
71030	30013	1	
71040	40110	2	
71050	50000	250	
71060	3025052	1	[1,0]
71100	50005	888	
71110	96000	8	
71120	40110	8	
71130	50005	888	
71140	30013	8	
71150	1	88888	
71160	50005	888	
71200	90030	1	
71210	40100	2	
71220	30013	1	
71230	60201	1	
71240	40110	1	
71250	50000	250	
71260	60201	1	
71300	90030	1	
71310	40100	2	
71320	30013	1	
71330	60401	1	
71340	40110	1	
71350	50000	250	
71360	60401	1	
71400	90030	1	
71410	40100	2	
71420	30013	1	
71430	70001	5	
71440	40110	1	
71450	50000	250	
71460	70002	1	
71500	90030	1	
71510	40100	2	
71520	30013	1	
71530	70001	5	
71540	40110	1	
71550	50000	250	
71560	70002	1	
71570	31204	1	
71580	40100	2	
71590	70001	5	
71600	31204	1	
71610	31104	1	
71620	70002	1	
71630	6000304	1	
71700	90030	1	
71710	40100	2	
71720	30013	1	
71730	70001	5	
71740	40110	1	
71750	50000	250	
71760	70002	1	
71770	50005	250	
71780	30013	1	
71790	40100	2	
71800	40113	1	
71810	70001	5	
71820	70002	1	
71830	50005	250	
71900	90030	1	
71910	40100	2	
71920	30013	1	
71930	70001	5	
71940	40110	1	
71950	50000	250	
71960	70002	1	
72000	90030	1	
72010	40100	2	
72020	30013	1	
72030	70001	5	
72040	40110	1	
72050	50000	250	
72060	70002	1	
72100	50005	2500	
72110	14000002	1	
72120	10060	1	
72200	90030	1	
72210	40104	2	
72220	31204	2	
72230	70001	5	
72240	40114	1	
72250	70002	1	
72260	1191003	1	
72270	90030	1	
72280	40103	2	
72290	31104	2	
72300	70001	5	
72310	40113	1	
72320	70002	1	
72330	6001002	1	
72340	9091007	1	
72350	3005	1	
72360	3	888	
72370	3	500	
72380	90030	2	
72390	1	88888	
72400	29	300	
72410	3	500	
72420	90030	2	
72430	1	88888	
72440	29	300	
72450	3	500	
72460	90030	2	
72470	1	88888	
72480	29	300	
72490	90030	2	
72500	3	500	
72510	3	1250	
72520	3	1250	
72530	3	1250	
72540	3	1250	
72550	3	1250	
72560	3	1250	
72570	94030	1	
72580	3015052	1	
72590	13006800	1	
72600	3025052	1	
72610	70001	5	
72620	3045052	1	
72630	70002	1	
72640	3055052	1	
72650	90030	1	
72660	30013	1	
72670	40301	8	
72680	31104	3	
72690	30113	2	
72700	31204	3	
72710	50000	250	
72720	16020000	1	
72730	62504	1000	
72740	50005	1500	
72750	62504	1000	
72760	62504	1000	
72770	62504	1000	
72780	95002	1	
72790	62504	1000	
72800	62504	1000	
72810	62502	300	
72820	62504	1000	
72830	62504	1000	
72840	62504	1000	
72850	62504	9000	
72860	90030	1	
72870	30013	1	
72880	40301	8	
72890	31104	3	
72900	30113	2	
72910	31204	3	
72920	50000	250	
72930	90030	1	
72940	30013	1	
72950	40301	8	
72960	31104	3	
72970	30113	2	
72980	31204	3	
72990	50000	250	
73000	90030	1	
73010	30013	1	
73020	12	4	
73030	90013	1	
73040	31104	3	
73050	31204	3	
73060	50000	250	
73070	50005	250	
73080	90030	1	
73090	90030	1	
73100	50009	250	
73110	90030	1	
73120	90030	1	
73130	80016	1	
73140	90030	1	
73150	30013	1	
73160	40301	8	
73170	31104	3	
73180	30113	2	
73190	31204	3	
73200	50000	250	
73210	50005	100	
73220	90030	1	
73230	50005	150	
73240	90030	1	
73250	30013	1	
73260	40301	8	
73270	31104	3	
73280	40201	2	
73290	31204	3	
73300	50000	250	
73310	90030	1	
73320	30013	1	
73330	40301	8	
73340	40201	2	
73350	31204	3	
73360	50000	250	
73370	9091008	1	
73380	50005	2500	
73390	14000003	1	
73400	13013004	1	
73410	90030	1	
73420	30013	1	
73430	40301	8	
73440	31104	3	
73450	40201	2	
73460	31204	3	
73470	50000	250	
73480	50005	100	
73490	90030	1	
73500	50005	150	
73510	90030	1	
73520	30013	1	
73530	40301	8	
73540	31104	3	
73550	40201	2	
73560	31204	3	
73570	50000	250	
73580	9091009	1	
73590	11000076	1	
73600	3	888	
73610	90030	1	
73620	30013	1	
73630	40301	8	
73640	31104	3	
73650	40201	2	
73660	31204	3	
73670	50000	250	
73680	90030	1	
73690	30013	1	
73700	40301	8	
73710	31104	3	
73720	40201	2	
73730	31204	3	
73740	50000	250	
73750	50005	150	
73760	90030	2	
73770	11000088	1	
73780	90030	1	
73790	30013	1	
73800	40301	8	
73810	31104	3	
73820	40201	2	
73830	31204	3	
73840	50000	250	
73850	50005	150	
73860	90031	2	
73870	11000092	1	
73880	90030	1	
73890	30013	1	
73900	40301	8	
73910	31204	5	
73920	40201	2	
73930	50000	250	
73940	6001505	1	
73950	1	10000	
73960	90030	1	
73970	30013	1	
73980	40301	8	
73990	31104	3	
74000	40201	2	
74010	31204	3	
74020	50000	250	
74030	90030	2	
74040	50005	250	
74050	11000102	1	
74060	90030	1	
74070	30013	1	
74080	40301	8	
74090	31104	3	
74100	40201	2	
74110	31204	3	
74120	50000	250	
74130	90030	1	
74140	30013	1	
74150	40301	8	
74160	9091010	1	
74170	31104	3	
74180	50000	250	
74190	6000305	1	
74200	50005	2500	
74210	14000004	1	
74220	13019305	1	
74230	90030	1	
74240	30013	1	
74250	40301	8	
74260	31104	3	
74270	40201	2	
74280	31204	3	
74290	50000	250	
74300	50005	250	
74310	90030	1	
74320	9053005	1	
74330	9091011	1	
74340	11000126	1	
74350	3	888	
74360	90030	1	
74370	30013	1	
74380	40301	8	
74390	31104	3	
74400	40201	2	
74410	31204	3	
74420	50000	250	
74430	90030	1	
74440	30013	1	
74450	40301	8	
74460	31104	3	
74470	40201	2	
74480	31204	3	
74490	50000	250	
74500	90030	1	
74510	30013	1	
74520	40301	8	
74530	31104	3	
74540	40201	2	
74550	31204	3	
74560	50000	250	
74570	90030	2	
74580	50005	250	
74590	11000139	1	
74600	90030	1	
74610	30013	1	
74620	40301	8	
74630	31104	3	
74640	40201	2	
74650	31204	3	
74660	50000	250	
74670	90030	2	
74680	50005	250	
74690	11000145	1	
74700	90030	1	
74710	30013	1	
74720	40301	8	
74730	40201	2	
74740	31204	3	
74750	50000	250	
74760	6002405	1	
74770	90030	1	
74780	30013	1	
74790	40301	8	
74800	31104	3	
74810	40201	2	
74820	31204	3	
74830	50000	250	
74840	90030	1	
74850	30013	1	
74860	40301	8	
74870	31104	3	
74880	40201	2	
74890	31204	3	
74900	50000	250	
74910	50005	250	
74920	90030	1	
74930	11000163	1	
74940	90030	1	
74950	30013	1	
74960	40301	8	
74970	9091012	1	
74980	31104	3	
74990	50000	250	
75000	6003205	1	
75010	50005	2500	
75020	14000006	1	
75030	13019628	1	
75040	90030	1	
75050	30013	1	
75060	40301	8	
75070	31104	3	
75080	40201	2	
75090	31204	3	
75100	50000	250	
75110	50005	250	
75120	90030	1	
75130	90031	1	
75140	30013	1	
75150	40301	8	
75160	40201	2	
75170	31204	3	
75180	50000	250	
75190	6003005	1	
75200	9091014	1	
75210	11000175	1	
75220	3	888	
81010	90030	2	
81020	29	150	
81030	3005	1	
81040	50008	500	
81050	50007	1000	
81060	3002	1	
81070	6000705	1	
81080	9010223	1	
81090	9090103	1	
81110	29	150	
81120	541	30	
81130	541	60	
81140	29	150	
81150	542	30	
81160	542	60	
81170	29	150	
81180	540	30	
81190	540	60	
81200	542	30	
81210	541	30	
81220	540	30	
81230	80047	1	
81240	9010245	1	
81250	9090015	1	
81260	80073	1	
81270	9010259	1	
81280	9090018	1	
81290	50005	888	
81300	50005	888	
81310	50005	888	
81291	90030	8	
81301	90030	8	
81311	90030	8	
81292	1	88888	
81302	1	88888	
81312	1	88888	
81320	80083	1	
81330	9010267	1	
81340	9090019	1	
81350	80101	1	
81360	9010278	1	
81370	9090020	1	
81380	80112	1	
81390	9010288	1	
81400	9090021	1	
81410	80128	1	
81420	9010298	1	
81430	9090023	1	
81440	80137	1	
81450	9010306	1	
81460	9090024	1	
99970	50010	750	
99980	50007	750	
99990	50008	750	
301008010	3	10	
301008011	12	3	
301008012	1	3000	
30001000	3	30	
30001010	3	30	
30001020	3	30	
30001030	3	30	
30001040	3	30	
30001050	3	30	
30001060	3	35	
30001070	3	35	
30001080	3	35	
30001090	3	35	
30001100	3	40	
30001110	3	40	
30001120	3	40	
30001130	3	40	
30001140	3	40	
30001150	3	40	
30001160	3	45	
30001170	3	45	
30001180	3	50	
30001190	3	40	
30001200	3	40	
30001210	3	40	
30001220	3	40	
30001230	3	45	
30001240	3	45	
30001250	3	50	
30027000	3	40	
30027001	1	4500	
30028000	3	40	
30028001	1	4500	
30029000	3	40	
30029001	1	4500	
30030000	3	50	
30030001	1	4500	
30031000	3	50	
30031001	1	4500	
30032000	3	50	
30032001	1	4500	
30033000	3	65	
30033001	1	4500	
30034000	3	65	
30034001	1	4500	
30035000	3	180	
30035001	1	10000	
30036000	3	120	
30036001	1	10000	
30037000	3	180	
30037001	1	10000	
30038000	3	120	
30038001	1	10000	
30039000	3	40	
30039001	70001	60	
30039002	1	4500	
30040000	3	40	
30040001	70002	10	
30040002	1	4500	
30041000	3	40	
30041001	70001	60	
30041002	1	4500	
30042000	3	50	
30042001	70002	10	
30042002	1	4500	
30043000	3	50	
30043001	70001	80	
30043002	1	4500	
30044000	3	50	
30044001	70002	10	
30044002	1	4500	
30045000	3	65	
30045001	70001	80	
30045002	1	4500	
30046000	3	65	
30046001	70002	10	
30046002	1	4500	
30047000	3	180	
30047001	70001	100	
30047002	1	10000	
30048000	3	120	
30048001	70002	20	
30048002	1	10000	
30049000	3	180	
30049001	70001	100	
30049002	1	10000	
30050000	3	120	
30050001	70002	20	
30050002	1	10000	
30001001	1	3000	
30001011	1	3000	
30001021	1	3000	
30001031	1	3000	
30001041	1	3000	
30001051	1	3000	
30001061	1	3000	
30001071	1	3000	
30001081	1	3000	
30001091	1	3000	
30001101	1	3000	
30001111	1	3000	
30001121	1	3000	
30001131	1	3000	
30001141	1	3000	
30001151	1	3000	
30001161	1	3000	
30001171	1	3000	
30001181	1	3000	
30001191	1	3000	
30001201	1	3000	
30001211	1	3000	
30001221	1	3000	
30001231	1	3000	
30001241	1	3000	
30001251	1	3000	
11200	3016005	1	[1,0]
11210	3026005	1	[1,0]
11220	3036005	1	[1,0]
11221	3046005	1	[1,0]
11230	3056001	1	[1,0]
11231	3066001	1	[1,0]
11240	2026003	1	[1,0]
11250	8030001	1	
11251	8030002	1	
11252	8030003	1	
11253	8030004	1	
11254	8030005	1	
11255	8030006	1	
11256	8030007	1	
11257	8030008	1	
11258	8030009	1	
11259	8030010	1	
11260	8030011	1	
11261	8030012	1	
11262	8030013	1	
11263	8030014	1	
11264	8030015	1	
11265	8030016	1	
11270	9090002	1	
11280	6310304	1	
950000	94000	1	
950010	94001	1	
950020	94002	1	
950030	94003	1	
950040	2026003	1	[1,0]
950050	6310304	1	
950060	94006	1	
950070	94007	1	
950080	94008	1	
950090	9090002	1	
950100	40910	1	
950110	97	1	
950120	17063101	1	
950130	9091013	1	
960000	30012	1	
960010	30013	1	
960020	12	10	
960030	12	15	
960040	40113	2	
960050	12	20	
960060	30014	2	
960070	30	10	
960080	12	50	
960090	40110	10	
960001	1	5000	
960011	1	5000	
960021	1	10000	
960031	1	10000	
960041	1	20000	
960051	1	20000	
960061	1	20000	
960071	1	50000	
960081	1	50000	
960091	1	50000	
970000	29	900	
970010	3005	2	
970020	3005	4	
970030	97	1	
970040	3002	1	
970050	98	1	
970060	34000	25	
970070	200	500	
970080	40912	1	
970090	200	500	
970100	96	1	
970110	3002	1	
970120	96	1	
970130	9090016	1	
980000	40909	1	
980010	70001	2880	
980011	70002	480	
980020	40911	1	
980030	34000	25	
980040	40913	1	
11300	1011002	1	[1,2,1]
11301	1021002	1	[1,2,1]
11302	1031002	1	[1,2,1]
11303	1041002	1	[1,2,1]
11305	1071002	1	[1,2,1]
11306	1081002	1	[1,2,1]
11310	1011003	1	[1,3,1]
11311	1031003	1	[1,3,1]
11312	1061003	1	[1,3,1]
11313	1071003	1	[1,3,1]
11314	1051003	1	[1,3,1]
11321	6110104	1	
11322	6810104	1	
11323	6610304	1	
11324	6110304	1	
11325	6710305	1	
11326	6710104	1	
11327	6710304	1	
11328	6410104	1	
11329	6610104	1	
11330	6210204	1	
11331	6110305	1	
11332	6210105	1	
11333	6310105	1	
11334	6310204	1	
11335	6210205	1	
11336	6510304	1	
11337	6510305	1	
11340	2116	1	
11341	2117	1	
11342	2118	1	
11343	2119	1	
11344	2120	1	
11345	2121	1	
11346	2122	1	
11347	2123	1	
11348	2124	1	
11349	2125	1	
11350	2126	1	
11351	2127	1	
11352	2128	1	
11353	2129	1	
11354	2130	1	
11355	2131	1	
11356	2132	1	
11357	2133	1	
11358	2134	1	
11360	8050002	1	
11361	8050003	1	
11362	8050004	1	
11363	8050005	1	
11364	8050006	1	
11365	8050007	1	
11366	8050008	1	
11367	8050009	1	
11368	8050010	1	
11369	8050011	1	
11370	8050012	1	
11371	8050013	1	
11372	8050014	1	
11373	8050015	1	
11374	8050016	1	
11375	8050017	1	
11376	8050018	1	
11377	8050019	1	
11378	8050020	1	
11390	1011002	1	[1,2,1]
11391	1021002	1	[1,2,1]
11392	1031002	1	[1,2,1]
11393	1041002	1	[1,2,1]
11394	1061002	1	[1,2,1]
11395	1071002	1	[1,2,1]
11396	1081002	1	[1,2,1]
11400	1021001	1	[1,1,1]
11401	1031001	1	[1,1,1]
11402	1051001	1	[1,1,1]
11420	2135	1	
11421	2136	1	
11422	2137	1	
11423	2138	1	
11424	2139	1	
11425	2140	1	
11426	2141	1	
11427	2142	1	
11428	2143	1	
11429	2144	1	
11430	2145	1	
11431	2146	1	
11432	2147	1	
11433	2148	1	
11434	2149	1	
11435	2150	1	
11436	2151	1	
11437	2152	1	
11440	8060001	1	
11441	8060002	1	
11442	8060003	1	
11443	8060004	1	
11444	8060005	1	
11445	8060006	1	
11446	8060007	1	
11447	8060008	1	
11448	8060009	1	
11449	8060010	1	
11450	8060011	1	
11451	8060012	1	
11452	8060013	1	
11453	8060014	1	
11454	8060015	1	
11455	8060016	1	
11456	8060017	1	
11457	8060018	1	
11460	2135	1	
11461	2136	1	
11462	2137	1	
11463	2138	1	
11464	2139	1	
11465	2140	1	
11466	2141	1	
11467	2142	1	
11468	2143	1	
11469	2144	1	
11470	2145	1	
11471	2146	1	
11472	2147	1	
11473	2148	1	
11474	2149	1	
11475	2150	1	
11476	2151	1	
11477	2152	1	
11510	40603	1	
11511	40606	1	
11512	40607	1	
11520	40601	1	
11521	40602	1	
11522	40604	1	
11523	40605	1	
11524	40608	1	
11525	40609	1	
11490	1011002	1	
11491	1061002	1	
11492	1081002	1	
11493	1081003	1	
11500	1041002	1	
11501	1071002	1	
11502	1021002	1	
11503	1031002	1	
11504	1091002	1	
11540	2153	1	
11541	2154	1	
11542	2155	1	
11543	2156	1	
11544	2157	1	
11545	2158	1	
11546	2159	1	
11547	2160	1	
11548	2161	1	
11549	2162	1	
11550	2163	1	
11551	2164	1	
11552	2165	1	
11553	2166	1	
11554	2167	1	
11555	2168	1	
11556	2169	1	
11557	2170	1	
11558	2171	1	
11559	2172	1	
11560	2173	1	
11561	2174	1	
11562	2175	1	
11600	8070001	1	
11601	8070002	1	
11602	8070003	1	
11603	8070004	1	
11604	8070005	1	
11605	8070006	1	
11606	8070007	1	
11607	8070008	1	
11608	8070009	1	
11609	8070010	1	
11610	8070011	1	
11611	8070012	1	
11612	8070013	1	
11613	8070014	1	
11614	8070015	1	
11615	8070016	1	
11616	8070017	1	
11617	8070018	1	
11618	8070019	1	
11619	8070020	1	
11620	8070021	1	
11621	8070022	1	
11622	8070023	1	
11630	2176	1	
11631	2177	1	
11632	2178	1	
11633	2179	1	
11634	2180	1	
11635	2181	1	
11636	2182	1	
11637	2183	1	
11638	2184	1	
11639	2185	1	
11640	2186	1	
11641	2187	1	
11642	2188	1	
11643	2189	1	
11644	2190	1	
11650	8800001	1	
11651	8800002	1	
11652	8800003	1	
11653	8800004	1	
11654	8800005	1	
11655	8800006	1	
11656	8800007	1	
11657	8800008	1	
11658	8800009	1	
11659	8800010	1	
11660	8800011	1	
11661	8800012	1	
11662	8800013	1	
11663	8800014	1	
11664	8800015	1	
11670	2176	1	
11671	2177	1	
11672	2178	1	
11673	2179	1	
11674	2180	1	
11675	2181	1	
11676	2182	1	
11677	2183	1	
11678	2184	1	
11679	2185	1	
11680	2186	1	
11681	2187	1	
11682	2188	1	
11683	2189	1	
11684	2190	1	
11690	8810001	1	
11691	8810002	1	
11692	8810003	1	
11693	8810004	1	
11694	31	300	
11710	1011002	1	[1,2,1]
11711	1041002	1	[1,2,1]
11712	1061002	1	[1,2,1]
11713	1071002	1	[1,2,1]
11714	1081002	1	[1,2,1]
11715	1021002	1	[1,2,1]
11716	1031002	1	[1,2,1]
11717	1081003	1	[1,2,1]
11718	1091002	1	[1,2,1]
11719	1111002	1	[1,2,1]
11720	1121002	1	[1,2,1]
11730	90003	1	
11731	40110	3	
11732	40113	3	
11740	70002	30	
11741	70001	180	
11742	70002	50	
11743	70001	300	
11750	30013	2	
11751	31204	5	
11752	31104	2	
11753	12	10	
11754	1	100000	
11760	3015056	1	[1,0,0]
11761	3025056	1	[1,0,0]
11762	3035056	1	[1,0,0]
11763	3045056	1	[1,0,0]
11764	3055056	1	[1,0,0]
11765	3065056	1	[1,0,0]
11770	3015055	1	[1,0,0]
11771	3025055	1	[1,0,0]
11772	3035055	1	[1,0,0]
11773	3045055	1	[1,0,0]
11774	3055055	1	[1,0,0]
11775	3065055	1	[1,0,0]
11780	1011002	1	[1,2,1]
11781	1041002	1	[1,2,1]
11782	1061002	1	[1,2,1]
11783	1071002	1	[1,2,1]
11784	1081002	1	[1,2,1]
11785	1021002	1	[1,2,1]
11786	1031002	1	[1,2,1]
11787	1081003	1	[1,2,1]
11788	1091002	1	[1,2,1]
11789	1111002	1	[1,2,1]
11790	1121002	1	[1,2,1]
11791	1131002	1	[1,2,1]
11792	3005	1	
11793	90030	3	
11794	70002	30	
11795	70001	180	
11796	40301	50	
11800	2195	1	
11801	2196	1	
11802	2197	1	
11803	2198	1	
11804	2199	1	
11805	2200	1	
11806	2201	1	
11807	2202	1	
11808	2203	1	
11809	2204	1	
11810	2205	1	
11811	2206	1	
11812	2207	1	
11813	2208	1	
11814	2209	1	
11815	2210	1	
11820	8900001	1	
11821	8900002	1	
11822	8900003	1	
11823	8900004	1	
11824	8900005	1	
11825	8900006	1	
11826	8900007	1	
11827	8900008	1	
11828	8900009	1	
11829	8900010	1	
11830	8900011	1	
11831	8900012	1	
11832	8900013	1	
11833	8900014	1	
11834	8900015	1	
11835	8900016	1	
11850	6310106	1	
11851	6410104	1	
11852	6210204	1	
11853	6610305	1	
11854	6110305	1	
11855	6710305	1	
11856	6510305	1	
11857	6210304	1	
11858	6210305	1	
11859	6810304	1	
11860	6810305	1	
11861	6910104	1	
11862	6910105	1	
11863	6000104	1	
11864	6000105	1	
11870	2212	1	
11871	2213	1	
11872	2214	1	
11873	2215	1	
11874	2216	1	
11875	2217	1	
11876	2218	1	
11877	2219	1	
11878	2220	1	
11879	2221	1	
11880	2222	1	
11881	2223	1	
11882	2224	1	
11883	2225	1	
11890	8910001	1	
11891	8910002	1	
11892	8910003	1	
11893	8910004	1	
11894	8910005	1	
11895	8910006	1	
11896	8910007	1	
11897	8910008	1	
11898	8910009	1	
11899	8910010	1	
11900	8910011	1	
11901	8910012	1	
11902	8910013	1	
11903	8910014	1	
11910	1011002	1	[1,2,1]
11911	1041002	1	[1,2,1]
11912	1061002	1	[1,2,1]
11913	1071002	1	[1,2,1]
11914	1081002	1	[1,2,1]
11915	1021002	1	[1,2,1]
11916	1031002	1	[1,2,1]
11917	1081003	1	[1,2,1]
11918	1091002	1	[1,2,1]
11919	1111002	1	[1,2,1]
11920	1121002	1	[1,2,1]
11921	1131002	1	[1,2,1]
11922	1161002	1	[1,2,1]
11930	2226	1	
11931	2227	1	
11932	2228	1	
11933	2229	1	
11934	2230	1	
11935	2231	1	
11936	2232	1	
11937	2233	1	
11938	2234	1	
11939	2235	1	
11940	2236	1	
11941	2237	1	
11942	2238	1	
11943	2239	1	
11944	2240	1	
11945	2241	1	
11946	2242	1	
11947	2243	1	
11948	2244	1	
11950	8920001	1	
11951	8920002	1	
11952	8920003	1	
11953	8920004	1	
11954	8920005	1	
11955	8920006	1	
11956	8920007	1	
11957	8920008	1	
11958	8920009	1	
11959	8920010	1	
11960	8920011	1	
11961	8920012	1	
11962	8920013	1	
11963	8920014	1	
11964	8920015	1	
11965	8920016	1	
11966	8920017	1	
11967	8920018	1	
11968	8920019	1	
11970	9091006	1	
11980	9090101	1	
11990	90030	2	
11991	70002	50	
11992	70001	300	
11993	70002	30	
11994	70001	180	
12110	9010222	1	
12120	2245	1	
12121	2246	1	
12122	2247	1	
12123	2248	1	
12124	2249	1	
12125	2250	1	
12126	2251	1	
12127	2252	1	
12128	2253	1	
12129	2254	1	
12130	2255	1	
12131	2256	1	
12132	2257	1	
12133	2258	1	
12134	2259	1	
12135	2260	1	
12140	8930001	1	
12141	8930002	1	
12142	8930003	1	
12143	8930004	1	
12144	8930005	1	
12145	8930006	1	
12146	8930007	1	
12147	8930008	1	
12148	8930009	1	
12149	8930010	1	
12150	8930011	1	
12151	8930012	1	
12152	8930013	1	
12153	8930014	1	
12154	8930015	1	
12155	8930016	1	
12160	1011003	1	[1,3,1]
12161	1031003	1	[1,3,1]
12162	1061003	1	[1,3,1]
12163	1071003	1	[1,3,1]
12164	1051003	1	[1,3,1]
12165	1021003	1	[1,3,1]
12166	1041003	1	[1,3,1]
12167	1021004	1	[1,3,1]
12168	1141003	1	[1,3,1]
12170	2261	1	
12171	2262	1	
12172	2263	1	
12173	2264	1	
12174	2265	1	
12175	2266	1	
12176	2267	1	
12177	2268	1	
12178	2269	1	
12179	2270	1	
12180	2271	1	
12181	2272	1	
12182	2273	1	
12183	2274	1	
12184	2275	1	
12185	2276	1	
12186	2277	1	
12190	8940001	1	
12191	8940002	1	
12192	8940003	1	
12193	8940004	1	
12194	8940005	1	
12195	8940006	1	
12196	8940007	1	
12197	8940008	1	
12198	8940009	1	
12199	8940010	1	
12200	8940011	1	
12201	8940012	1	
12202	8940013	1	
12203	8940014	1	
12204	8940015	1	
12205	8940016	1	
12206	8940017	1	
12210	6610305	1	
12211	6110305	1	
12212	6510305	1	
12213	6210305	1	
12214	6000204	1	
12215	6000304	1	
12216	6000404	1	
12217	6000704	1	
12218	6210204	1	
12219	6910104	1	
12220	6000105	1	
12221	6310106	1	
12222	6410104	1	
12223	6810304	1	
12224	6000604	1	
12230	1011003	1	[1,3,1]
12231	1031003	1	[1,3,1]
12232	1061003	1	[1,3,1]
12233	1071003	1	[1,3,1]
12234	1051003	1	[1,3,1]
12235	1021003	1	[1,3,1]
12236	1041003	1	[1,3,1]
12237	1021004	1	[1,3,1]
12238	1141003	1	[1,3,1]
12239	1171003	1	[1,3,1]
12240	9010227	1	
12250	2321	1	
12251	2322	1	
12252	2323	1	
12253	2324	1	
12254	2325	1	
12255	2326	1	
12256	2327	1	
12257	2328	1	
12258	2329	1	
12259	2330	1	
12260	2331	1	
12261	2332	1	
12262	2333	1	
12263	2334	1	
12264	2335	1	
12265	2336	1	
12266	2337	1	
12267	2338	1	
12268	2339	1	
12270	8970001	1	
12271	8970002	1	
12272	8970003	1	
12273	8970004	1	
12274	8970005	1	
12275	8970006	1	
12276	8970007	1	
12277	8970008	1	
12278	8970009	1	
12279	8970010	1	
12280	8970011	1	
12281	8970012	1	
12282	8970013	1	
12283	8970014	1	
12284	8970015	1	
12285	8970016	1	
12286	8970017	1	
12287	8970018	1	
12288	8970019	1	
12290	16050000	1	
12300	2350	1	
12301	2351	1	
12302	2352	1	
12303	2354	1	
12304	2355	1	
12305	2356	1	
12306	2357	1	
12307	2358	1	
12308	2359	1	
12309	2360	1	
12310	2361	1	
12311	2362	1	
12312	2363	1	
12313	2364	1	
12314	2365	1	
12315	2366	1	
12316	2367	1	
12317	2368	1	
12318	2369	1	
12320	8981001	1	
12321	8981002	1	
12322	8981003	1	
12323	8981005	1	
12324	8981006	1	
12325	8981007	1	
12326	8981008	1	
12327	8981009	1	
12328	8981010	1	
12329	8981011	1	
12330	8981012	1	
12331	8981013	1	
12332	8981014	1	
12333	8981015	1	
12334	8981016	1	
12335	8981017	1	
12336	8981018	1	
12337	8981019	1	
12338	8981020	1	
12340	2375	1	
12341	2376	1	
12342	2377	1	
12343	2378	1	
12344	2380	1	
12345	2381	1	
12346	2382	1	
12347	2383	1	
12348	2384	1	
12349	2385	1	
12350	2386	1	
12351	2387	1	
12352	2388	1	
12353	2389	1	
12354	2390	1	
12360	8981101	1	
12361	8981102	1	
12362	8981103	1	
12363	8981104	1	
12364	8981106	1	
12365	8981107	1	
12366	8981108	1	
12367	8981109	1	
12368	8981110	1	
12369	8981111	1	
12370	8981112	1	
12371	8981113	1	
12372	8981114	1	
12373	8981115	1	
12374	8981116	1	
12380	2402	1	
12381	2403	1	
12382	2404	1	
12383	2405	1	
12384	2406	1	
12385	2407	1	
12386	2408	1	
12387	2409	1	
12388	2410	1	
12389	2411	1	
12390	2412	1	
12391	2413	1	
12392	2414	1	
12393	2415	1	
12394	2416	1	
12395	2417	1	
12396	2418	1	
12397	2419	1	
12398	2420	1	
12420	515	1	
12421	516	1	
12422	517	1	
12423	521	1	
12424	523	1	
12425	522	1	
12426	514	1	
12427	532	1	
12428	535	1	
12429	538	1	
12430	545	1	
12431	203	1	
12432	204	1	
12433	206	1	
12440	201	1	
12441	202	1	
12442	205	1	
12443	207	1	
12444	209	1	
12462	1011003	1	[1,3,1]
12463	1031003	1	[1,3,1]
12464	1061003	1	[1,3,1]
12465	1071003	1	[1,3,1]
12466	1051003	1	[1,3,1]
12467	1021003	1	[1,3,1]
12468	1041003	1	[1,3,1]
12469	1021004	1	[1,3,1]
12470	1141003	1	[1,3,1]
12471	1171003	1	[1,3,1]
12480	1011003	1	[1,3,1]
12481	1031003	1	[1,3,1]
12482	1061003	1	[1,3,1]
12483	1071003	1	[1,3,1]
12484	1051003	1	[1,3,1]
12485	1021003	1	[1,3,1]
12486	1041003	1	[1,3,1]
12487	1021004	1	[1,3,1]
12488	1141003	1	[1,3,1]
12489	1171003	1	[1,3,1]
12490	1121003	1	[1,3,1]
12491	1131003	1	[1,3,1]
12492	1031004	1	[1,3,1]
12493	1531004	1	[1,3,1]
12500	94038	1	
12510	16030000	1	
12511	16040000	1	
12512	16060000	1	
12513	16080000	1	
12514	16100000	1	
12520	16010000	1	
12521	16020000	1	
12522	16050000	1	
12523	16070000	1	
12524	16090000	1	
12530	1031003	1	[1,3,1]
12531	1011003	1	[1,3,1]
12532	1071003	1	[1,3,1]
12533	1061003	1	[1,3,1]
12534	1051003	1	[1,3,1]
12535	1021003	1	[1,3,1]
12536	1041003	1	[1,3,1]
12537	1021004	1	[1,3,1]
12538	1141003	1	[1,3,1]
12539	1171003	1	[1,3,1]
12540	1061002	1	[1,2,1]
12541	1091002	1	[1,2,1]
12542	1121002	1	[1,2,1]
12543	1161002	1	[1,2,1]
12544	1221002	1	[1,2,1]
12550	1031002	1	[1,2,1]
12551	1111002	1	[1,2,1]
12552	1131002	1	[1,2,1]
12553	1211002	1	[1,2,1]
12560	2036001	1	[1,0]
12561	2016002	1	[1,0]
12562	2076002	1	[1,0]
12563	2066002	1	[1,0]
12564	2056002	1	[1,0]
12565	2026004	1	[1,0]
12566	2046002	1	[1,0]
12567	2026005	1	[1,0]
12568	2116001	1	[1,0]
12569	2176001	1	[1,0]
12570	2035001	1	[1,0]
12571	2015001	1	[1,0]
12572	2075001	1	[1,0]
12573	2065001	1	[1,0]
12574	2055001	1	[1,0]
12575	2025001	1	[1,0]
12576	2045001	1	[1,0]
12577	2115001	1	[1,0]
12578	2175001	1	[1,0]
12580	2035001	1	[1,0]
12581	2015001	1	[1,0]
12582	2075001	1	[1,0]
12583	2065001	1	[1,0]
12584	2055001	1	[1,0]
12590	2065001	1	[1,0]
12591	2095001	1	[1,0]
12592	2145001	1	[1,0]
12593	2215001	1	[1,0]
12600	2035001	1	[1,0]
12601	2015001	1	[1,0]
12602	2025001	1	[1,0]
12603	2185001	1	[1,0]
12610	3015002	1	[1,0]
12611	3045002	1	[1,0]
12620	3016011	1	[1,0]
12621	3046011	1	[1,0]
12630	3026007	1	[1,0]
12631	3036007	1	[1,0]
12632	3056007	1	[1,0]
12633	3066007	1	[1,0]
12640	9010239	1	
12650	2460	1	
12651	2461	1	
12652	2462	1	
12653	2463	1	
12654	2464	1	
12655	2465	1	
12656	2466	1	
12657	2467	1	
12658	2468	1	
12659	2469	1	
12660	2470	1	
12661	2471	1	
12662	2472	1	
12663	2473	1	
12664	2474	1	
12665	2475	1	
12670	8981801	1	
12671	8981802	1	
12672	8981803	1	
12673	8981804	1	
12674	8981805	1	
12675	8981806	1	
12676	8981807	1	
12677	8981808	1	
12678	8981809	1	
12679	8981810	1	
12680	8981811	1	
12681	8981812	1	
12682	8981813	1	
12683	8981814	1	
12684	8981815	1	
12685	8981816	1	
12690	523	1	
12691	535	1	
12700	2492	1	
12701	2493	1	
12702	2494	1	
12703	2495	1	
12704	2496	1	
12705	2497	1	
12706	2498	1	
12707	2499	1	
12708	2500	1	
12709	2501	1	
12710	2502	1	
12711	2503	1	
12712	2504	1	
12713	2505	1	
12714	2506	1	
12715	2507	1	
12716	2508	1	
12717	2509	1	
12718	2510	1	
12720	8982001	1	
12721	8982002	1	
12722	8982003	1	
12723	8982004	1	
12724	8982005	1	
12725	8982006	1	
12726	8982007	1	
12727	8982008	1	
12728	8982009	1	
12729	8982010	1	
12730	8982011	1	
12731	8982012	1	
12732	8982013	1	
12733	8982014	1	
12734	8982015	1	
12735	8982016	1	
12736	8982017	1	
12737	8982018	1	
12738	8982019	1	
12740	1011003	1	[1,3,1]
12741	1031003	1	[1,3,1]
12742	1061003	1	[1,3,1]
12743	1071003	1	[1,3,1]
12744	1051003	1	[1,3,1]
12745	1021003	1	[1,3,1]
12746	1041003	1	[1,3,1]
12747	1021004	1	[1,3,1]
12748	1141003	1	[1,3,1]
12749	1171003	1	[1,3,1]
12750	1121003	1	[1,3,1]
12751	1131003	1	[1,3,1]
12752	1031004	1	[1,3,1]
12753	1531004	1	[1,3,1]
12754	1051004	1	[1,3,1]
12755	1071004	1	[1,3,1]
12760	2512	1	
12761	2513	1	
12762	2514	1	
12763	2515	1	
12764	2516	1	
12765	2517	1	
12766	2518	1	
12767	2519	1	
12768	2520	1	
12769	2521	1	
12770	2522	1	
12771	2523	1	
12772	2524	1	
12773	2525	1	
12774	2526	1	
12775	2527	1	
12776	2528	1	
12777	2529	1	
12780	8982101	1	
12781	8982102	1	
12782	8982103	1	
12783	8982104	1	
12784	8982105	1	
12785	8982106	1	
12786	8982107	1	
12787	8982108	1	
12788	8982109	1	
12789	8982110	1	
12790	8982111	1	
12791	8982112	1	
12792	8982113	1	
12793	8982114	1	
12794	8982115	1	
12795	8982116	1	
12796	8982117	1	
12797	8982118	1	
12800	515	1	
12801	516	1	
12802	517	1	
12803	521	1	
12804	523	1	
12805	535	1	
12820	2533	1	
12821	2534	1	
12822	2535	1	
12823	2536	1	
12824	2537	1	
12825	2538	1	
12826	2539	1	
12827	2540	1	
12828	2541	1	
12829	2542	1	
12830	2543	1	
12831	2544	1	
12832	2545	1	
12833	2546	1	
12834	2547	1	
12835	2548	1	
12836	2549	1	
12837	2550	1	
12838	2551	1	
12840	8982201	1	
12841	8982202	1	
12842	8982203	1	
12843	8982204	1	
12844	8982205	1	
12845	8982206	1	
12846	8982207	1	
12847	8982208	1	
12848	8982209	1	
12849	8982210	1	
12850	8982211	1	
12851	8982212	1	
12852	8982213	1	
12853	8982214	1	
12854	8982215	1	
12855	8982216	1	
12856	8982217	1	
12857	8982218	1	
12858	8982219	1	
12860	16030000	1	
12861	16040000	1	
12862	16060000	1	
12863	16080000	1	
12864	16100000	1	
12865	16110000	1	
12866	16120000	1	
12867	16130000	1	
12868	16140000	1	
12870	515	1	
12871	516	1	
12872	517	1	
12873	521	1	
12874	523	1	
12875	535	1	
12876	522	1	
12880	9010253	1	
12450	29	900	
12451	40103	28	
12452	40113	16	
12453	31104	79	
12454	40104	84	
12455	40114	48	
12456	40100	80	
12457	40110	64	
12458	31204	474	
12459	30014	25	
12460	12	352	
12461	1	5000000	
12400	8981401	1	
12401	8981402	1	
12402	8981403	1	
12403	8981404	1	
12404	8981405	1	
12405	8981406	1	
12406	8981407	1	
12407	8981408	1	
12408	8981409	1	
12409	8981410	1	
12410	8981411	1	
12411	8981412	1	
12412	8981413	1	
12413	8981414	1	
12414	8981415	1	
12415	8981416	1	
12416	8981417	1	
12417	8981418	1	
12418	8981419	1	
12890	2607	1	
12891	2608	1	
12892	2609	1	
12893	2610	1	
12894	2611	1	
12895	2612	1	
12896	2613	1	
12897	2614	1	
12898	2615	1	
12899	2616	1	
12900	2617	1	
12901	2618	1	
12902	2619	1	
12903	2620	1	
12904	2621	1	
12905	2622	1	
12906	2623	1	
12907	2624	1	
12910	8982701	1	
12911	8982702	1	
12912	8982703	1	
12913	8982704	1	
12914	8982705	1	
12915	8982706	1	
12916	8982707	1	
12917	8982708	1	
12918	8982709	1	
12919	8982710	1	
12920	8982711	1	
12921	8982712	1	
12922	8982713	1	
12923	8982714	1	
12924	8982715	1	
12925	8982716	1	
12926	8982717	1	
12927	8982718	1	
12930	1011003	1	[1,3,1]
12931	1031003	1	[1,3,1]
12932	1061003	1	[1,3,1]
12933	1071003	1	[1,3,1]
12934	1051003	1	[1,3,1]
12935	1021003	1	[1,3,1]
12936	1041003	1	[1,3,1]
12937	1021004	1	[1,3,1]
12938	1141003	1	[1,3,1]
12939	1171003	1	[1,3,1]
12940	1121003	1	[1,3,1]
12941	1131003	1	[1,3,1]
12942	1031004	1	[1,3,1]
12943	1531004	1	[1,3,1]
12944	1051004	1	[1,3,1]
12945	1071004	1	[1,3,1]
12946	1041004	1	[1,3,1]
12947	1011004	1	[1,3,1]
12948	1091003	1	[1,3,1]
12949	1021005	1	[1,3,1]
12950	1221003	1	[1,3,1]
12951	1261003	1	[1,3,1]
12960	515	1	
12961	516	1	
12962	517	1	
12963	521	1	
12964	523	1	
12965	535	1	
12966	522	1	
12967	514	1	
13100	9090108	1	
13101	9090109	1	
13102	3015062	1	[1,0,0]
13103	3025062	1	[1,0,0]
13104	3035062	1	[1,0,0]
13105	3045062	1	[1,0,0]
13106	3055062	1	[1,0,0]
13107	3065062	1	[1,0,0]
13108	3015063	1	[1,0,0]
13109	3025063	1	[1,0,0]
13110	3035063	1	[1,0,0]
13111	3045063	1	[1,0,0]
13112	3055063	1	[1,0,0]
13113	3065063	1	[1,0,0]
13120	2657	1	
13121	2658	1	
13122	2659	1	
13123	2660	1	
13124	2661	1	
13125	2662	1	
13126	2663	1	
13127	2664	1	
13128	2665	1	
13129	2666	1	
13130	2667	1	
13131	2668	1	
13132	2669	1	
13133	2670	1	
13134	2671	1	
13135	2672	1	
13136	2673	1	
13137	2674	1	
13138	2675	1	
13139	2676	1	
13140	2677	1	
13150	8983001	1	
13151	8983002	1	
13152	8983003	1	
13153	8983004	1	
13154	8983005	1	
13155	8983006	1	
13156	8983007	1	
13157	8983008	1	
13158	8983009	1	
13159	8983010	1	
13160	8983011	1	
13161	8983012	1	
13162	8983013	1	
13163	8983014	1	
13164	8983015	1	
13165	8983016	1	
13166	8983017	1	
13167	8983018	1	
13168	8983019	1	
13169	8983020	1	
13170	8983021	1	
13180	515	1	
13181	516	1	
13182	517	1	
13183	521	1	
13184	523	1	
13185	535	1	
13186	522	1	
13187	514	1	
13188	547	1	
13190	515	1	
13191	516	1	
13192	517	1	
13193	521	1	
13194	523	1	
13195	535	1	
13196	522	1	
13197	514	1	
13198	547	1	
13199	549	1	
13200	1011003	1	[1,3,1]
13201	1031003	1	[1,3,1]
13202	1061003	1	[1,3,1]
13203	1071003	1	[1,3,1]
13204	1051003	1	[1,3,1]
13205	1021003	1	[1,3,1]
13206	1041003	1	[1,3,1]
13207	1021004	1	[1,3,1]
13208	1141003	1	[1,3,1]
13209	1171003	1	[1,3,1]
13210	1121003	1	[1,3,1]
13211	1131003	1	[1,3,1]
13212	1031004	1	[1,3,1]
13213	1531004	1	[1,3,1]
13214	1051004	1	[1,3,1]
13215	1071004	1	[1,3,1]
13216	1041004	1	[1,3,1]
13217	1011004	1	[1,3,1]
13218	1091003	1	[1,3,1]
13220	2016001	1	
13221	2016002	1	
13222	2016003	1	
13223	2026001	1	
13224	2026002	1	
13225	2026003	1	
13226	2026004	1	
13227	2026005	1	
13228	2026006	1	
13229	2036001	1	
13230	2036002	1	
13231	2036003	1	
13232	2046001	1	
13233	2046002	1	
13234	2046003	1	
13235	2056001	1	
13236	2056002	1	
13237	2066001	1	
13238	2066002	1	
13239	2076001	1	
13240	2076002	1	
13241	2086001	1	
13242	2086002	1	
13243	2096001	1	
13244	2096002	1	
13245	2096003	1	
13246	2106001	1	
13247	2116001	1	
13248	2136001	1	
13249	2146001	1	
13250	2176001	1	
13251	2186001	1	
13252	2196001	1	
13253	2206001	1	
13254	2216001	1	
13255	2226001	1	
13256	2236001	1	
13257	2246001	1	
13258	2256001	1	
13259	2266001	1	
13260	2276001	1	
13261	2286001	1	
13262	2296001	1	
13263	2306001	1	
13264	2316001	1	
13265	2326001	1	
13266	2336001	1	
13267	2346001	1	
13268	2356001	1	
13269	2366001	1	
13270	2376001	1	
13271	2386001	1	
13272	2406001	1	
13273	2416001	1	
13274	2426001	1	
13275	2436001	1	
13276	2446001	1	
13277	2456001	1	
13280	2694	1	
13281	2695	1	
13282	2696	1	
13283	2697	1	
13284	2698	1	
13285	2699	1	
13286	2700	1	
13287	2701	1	
13288	2702	1	
13289	2703	1	
13290	2704	1	
13291	2705	1	
13292	2706	1	
13293	2707	1	
13294	2708	1	
13295	2709	1	
13296	2710	1	
13300	8983038	1	
13301	8983039	1	
13302	8983040	1	
13303	8983041	1	
13304	8983042	1	
13305	8983043	1	
13306	8983044	1	
13307	8983045	1	
13308	8983046	1	
13309	8983047	1	
13310	8983048	1	
13311	8983049	1	
13312	8983050	1	
13313	8983051	1	
13314	8983052	1	
13315	8983053	1	
13316	8983054	1	
13320	1011003	1	[1,3,1]
13321	1031003	1	[1,3,1]
13322	1061003	1	[1,3,1]
13323	1071003	1	[1,3,1]
13324	1051003	1	[1,3,1]
13325	1021003	1	[1,3,1]
13326	1041003	1	[1,3,1]
13327	1021004	1	[1,3,1]
13328	1141003	1	[1,3,1]
13329	1171003	1	[1,3,1]
13330	1121003	1	[1,3,1]
13331	1131003	1	[1,3,1]
13332	1031004	1	[1,3,1]
13333	1531004	1	[1,3,1]
13340	16030000	1	
13341	16040000	1	
13342	16060000	1	
13343	16080000	1	
13344	16100000	1	
13345	16110000	1	
13346	16120000	1	
13347	16130000	1	
13348	16140000	1	
13349	16150000	1	
13350	16160000	1	
13351	16170000	1	
13352	16180000	1	
13353	16190000	1	
13354	16200000	1	
13360	515	1	
13361	516	1	
13362	517	1	
13363	521	1	
13364	523	1	
13365	535	1	
13366	522	1	
13367	514	1	
13368	547	1	
13369	549	1	
13370	554	1	
13380	515	1	
13381	516	1	
13382	517	1	
13383	521	1	
13384	523	1	
13385	535	1	
13386	522	1	
13387	514	1	
13388	547	1	
13389	549	1	
13390	554	1	
13391	556	1	
13400	3015064	1	
13401	3025064	1	
13402	3035064	1	
13403	3045064	1	
13404	3055064	1	
13405	3065064	1	
13410	3015065	1	
13411	3025065	1	
13412	3035065	1	
13413	3045065	1	
13414	3055065	1	
13415	3065065	1	
13420	3015066	1	
13421	3025066	1	
13422	3035066	1	
13423	3045066	1	
13424	3055066	1	
13425	3065066	1	
13430	2762	1	
13431	2763	1	
13432	2764	1	
13433	2765	1	
13434	2766	1	
13435	2767	1	
13436	2768	1	
13437	2769	1	
13438	2770	1	
13439	2771	1	
13440	2772	1	
13441	2773	1	
13442	2774	1	
13443	2775	1	
13444	2776	1	
13445	2777	1	
13446	2778	1	
13447	2779	1	
13448	2780	1	
13450	8983106	1	
13451	8983107	1	
13452	8983108	1	
13453	8983109	1	
13454	8983110	1	
13455	8983111	1	
13456	8983112	1	
13457	8983113	1	
13458	8983114	1	
13459	8983115	1	
13460	8983116	1	
13461	8983117	1	
13462	8983118	1	
13463	8983119	1	
13464	8983120	1	
13465	8983121	1	
13466	8983122	1	
13467	8983123	1	
13468	8983124	1	
13590	2809	1	
13591	2810	1	
13592	2811	1	
13593	2812	1	
13594	2813	1	
13595	2814	1	
13596	2815	1	
13597	2816	1	
13598	2817	1	
13599	2818	1	
13600	2819	1	
13601	2820	1	
13610	8983153	1	
13611	8983154	1	
13612	8983155	1	
13613	8983156	1	
13614	8983157	1	
13615	8983158	1	
13616	8983159	1	
13617	8983160	1	
13618	8983161	1	
13619	8983162	1	
13620	8983163	1	
13621	8983164	1	
13630	9010275	1	
13470	515	1	
13471	516	1	
13472	517	1	
13473	521	1	
13474	523	1	
13475	535	1	
13476	522	1	
13477	514	1	
13478	547	1	
13479	549	1	
13480	554	1	
13481	556	1	
13482	560	1	
13490	1011003	1	[1,3,1]
13491	1031003	1	[1,3,1]
13492	1061003	1	[1,3,1]
13493	1071003	1	[1,3,1]
13494	1051003	1	[1,3,1]
13495	1021003	1	[1,3,1]
13496	1041003	1	[1,3,1]
13497	1021004	1	[1,3,1]
13498	1141003	1	[1,3,1]
13499	1171003	1	[1,3,1]
13500	1121003	1	[1,3,1]
13501	1131003	1	[1,3,1]
13502	1031004	1	[1,3,1]
13503	1531004	1	[1,3,1]
13504	1051004	1	[1,3,1]
13505	1071004	1	[1,3,1]
13506	1041004	1	[1,3,1]
13510	16030000	1	
13511	16040000	1	
13512	16060000	1	
13513	16080000	1	
13514	16100000	1	
13515	16110000	1	
13516	16120000	1	
13517	16130000	1	
13518	16140000	1	
13519	16150000	1	
13520	16160000	1	
13521	16170000	1	
13522	16180000	1	
13523	16190000	1	
13524	16200000	1	
13525	16210000	1	
13526	16220000	1	
13527	16230000	1	
13530	3016034	1	
13531	3026034	1	
13532	3036034	1	
13533	3046034	1	
13534	3056034	1	
13535	3066034	1	
13540	3016035	1	
13541	3026035	1	
13542	3036035	1	
13543	3046035	1	
13544	3056035	1	
13545	3066035	1	
13550	3016046	1	
13551	3026046	1	
13552	3036046	1	
13553	3046046	1	
13554	3056046	1	
13555	3066046	1	
13556	2466001	1	
13557	2476001	1	
13558	2486001	1	
13559	2496001	1	
13560	2506001	1	
13570	6002804	1	
13571	6002806	1	
13572	6002304	1	
13573	6001904	1	
13574	6002504	1	
13576	6003104	1	
13577	6003304	1	
13578	6003404	1	
13579	6003604	1	
13580	6003704	1	
13640	1051005	1	[1,3,1]
13641	1021006	1	[1,3,1]
13642	1211003	1	[1,3,1]
13643	1241003	1	[1,3,1]
13644	1171004	1	[1,3,1]
13645	1521004	1	[1,3,1]
13646	1081004	1	[1,3,1]
13647	1271003	1	[1,3,1]
13648	1261003	1	[1,3,1]
13649	1221003	1	[1,3,1]
13650	1021005	1	[1,3,1]
13651	1091003	1	[1,3,1]
13652	1011004	1	[1,3,1]
13653	1041004	1	[1,3,1]
13654	1071004	1	[1,3,1]
13655	1051004	1	[1,3,1]
13656	1531004	1	[1,3,1]
13657	1031004	1	[1,3,1]
13658	1131003	1	[1,3,1]
13659	1121003	1	[1,3,1]
13660	1171003	1	[1,3,1]
13661	1141003	1	[1,3,1]
13662	1021004	1	[1,3,1]
13663	1041003	1	[1,3,1]
13664	1021003	1	[1,3,1]
13665	1051003	1	[1,3,1]
13666	1061003	1	[1,3,1]
13667	1071003	1	[1,3,1]
13668	1011003	1	[1,3,1]
13669	1031003	1	[1,3,1]
13670	515	1	
13671	516	1	
13672	517	1	
13673	521	1	
13674	523	1	
13675	535	1	
13676	522	1	
13677	514	1	
13678	547	1	
13679	549	1	
13680	554	1	
13681	556	1	
13682	560	1	
13683	564	1	
13684	567	1	
13685	570	1	
13686	572	1	
13687	576	1	
13688	574	1	
13690	1011003	1	[1,3,1]
13691	1031003	1	[1,3,1]
13692	1061003	1	[1,3,1]
13693	1071003	1	[1,3,1]
13694	1051003	1	[1,3,1]
13695	1021003	1	[1,3,1]
13696	1041003	1	[1,3,1]
13697	1021004	1	[1,3,1]
13698	1141003	1	[1,3,1]
13699	1171003	1	[1,3,1]
13700	1121003	1	[1,3,1]
13701	1131003	1	[1,3,1]
13702	1031004	1	[1,3,1]
13703	1531004	1	[1,3,1]
13704	1051004	1	[1,3,1]
13705	1071004	1	[1,3,1]
13706	1041004	1	[1,3,1]
13707	1011004	1	[1,3,1]
13708	1091003	1	[1,3,1]
13709	1021005	1	[1,3,1]
13710	1221003	1	[1,3,1]
13711	1261003	1	[1,3,1]
13712	1271003	1	[1,3,1]
13713	1081004	1	[1,3,1]
13714	1521004	1	[1,3,1]
13720	2835	1	
13721	2836	1	
13722	2837	1	
13723	2838	1	
13724	2839	1	
13725	2840	1	
13726	2841	1	
13727	2842	1	
13728	2843	1	
13729	2844	1	
13730	2845	1	
13731	2846	1	
13732	2847	1	
13740	8983179	1	
13741	8983180	1	
13742	8983181	1	
13743	8983182	1	
13744	8983183	1	
13745	8983184	1	
13746	8983185	1	
13747	8983186	1	
13748	8983187	1	
13749	8983188	1	
13750	8983189	1	
13751	8983190	1	
13752	8983191	1	
13780	1011003	1	[1,3,1]
13781	1031003	1	[1,3,1]
13782	1061003	1	[1,3,1]
13783	1071003	1	[1,3,1]
13784	1051003	1	[1,3,1]
13785	1021003	1	[1,3,1]
13786	1041003	1	[1,3,1]
13787	1021004	1	[1,3,1]
13788	1141003	1	[1,3,1]
13789	1171003	1	[1,3,1]
13790	1121003	1	[1,3,1]
13791	1131003	1	[1,3,1]
13792	1031004	1	[1,3,1]
13793	1531004	1	[1,3,1]
13794	1051004	1	[1,3,1]
13795	1071004	1	[1,3,1]
13796	1041004	1	[1,3,1]
13797	1011004	1	[1,3,1]
13798	1091003	1	[1,3,1]
13799	1021005	1	[1,3,1]
13800	1221003	1	[1,3,1]
13801	1261003	1	[1,3,1]
13802	1271003	1	[1,3,1]
13803	1081004	1	[1,3,1]
13804	1521004	1	[1,3,1]
13810	2016001	1	
13811	2016002	1	
13812	2016003	1	
13813	2026001	1	
13814	2026002	1	
13815	2026003	1	
13816	2026004	1	
13817	2026005	1	
13818	2026006	1	
13819	2036001	1	
13820	2036002	1	
13821	2036003	1	
13822	2046001	1	
13823	2046002	1	
13824	2046003	1	
13825	2056001	1	
13826	2056002	1	
13827	2066001	1	
13828	2066002	1	
13829	2076001	1	
13830	2076002	1	
13831	2086001	1	
13832	2086002	1	
13833	2096001	1	
13834	2096002	1	
13835	2096003	1	
13836	2106001	1	
13837	2116001	1	
13838	2136001	1	
13839	2146001	1	
13840	2176001	1	
13841	2186001	1	
13842	2196001	1	
13843	2206001	1	
13844	2216001	1	
13845	2226001	1	
13846	2236001	1	
13847	2246001	1	
13848	2256001	1	
13849	2266001	1	
13850	2276001	1	
13851	2286001	1	
13852	2296001	1	
13853	2306001	1	
13854	2316001	1	
13855	2326001	1	
13856	2336001	1	
13857	2346001	1	
13858	2356001	1	
13859	2366001	1	
13860	2376001	1	
13861	2386001	1	
13862	2406001	1	
13863	2416001	1	
13864	2426001	1	
13865	2436001	1	
13866	2446001	1	
13867	2456001	1	
13868	2466001	1	
13869	2476001	1	
13870	2486001	1	
13871	2496001	1	
13872	2506001	1	
13873	2516001	1	
13874	2526001	1	
13875	2536001	1	
13876	2546001	1	
13880	2892	1	
13881	2893	1	
13882	2894	1	
13883	2895	1	
13884	2896	1	
13885	2897	1	
13886	2898	1	
13887	2899	1	
13888	2900	1	
13889	2901	1	
13890	2902	1	
13891	2903	1	
13892	2904	1	
13900	8983236	1	
13901	8983237	1	
13902	8983238	1	
13903	8983239	1	
13904	8983240	1	
13905	8983241	1	
13906	8983242	1	
13907	8983243	1	
13908	8983244	1	
13909	8983245	1	
13910	8983246	1	
13911	8983247	1	
13912	8983248	1	
14001	1011003	1	[1,3,1]
14002	1031003	1	[1,3,1]
14003	1061003	1	[1,3,1]
14004	1071003	1	[1,3,1]
14005	1051003	1	[1,3,1]
14006	1021003	1	[1,3,1]
14007	1041003	1	[1,3,1]
14008	1021004	1	[1,3,1]
14009	1141003	1	[1,3,1]
14010	1171003	1	[1,3,1]
14011	1121003	1	[1,3,1]
14012	1131003	1	[1,3,1]
14013	1031004	1	[1,3,1]
14014	1531004	1	[1,3,1]
14015	1051004	1	[1,3,1]
14016	1071004	1	[1,3,1]
14017	1041004	1	[1,3,1]
14018	1011004	1	[1,3,1]
14019	1091003	1	[1,3,1]
14020	1021005	1	[1,3,1]
14021	1221003	1	[1,3,1]
14022	1261003	1	[1,3,1]
14023	1271003	1	[1,3,1]
14024	1081004	1	[1,3,1]
14025	3002	1	
14026	34000	5	
14027	3005	4	
14028	102	1600	
14029	200	40	
14030	70000	2	
14031	30014	25	
14032	32	15	
14033	90015	4	
14040	6004504	1	
14041	6004304	1	
14042	6004204	1	
14043	6003904	1	
14044	6003704	1	
14045	6003604	1	
14046	6003104	1	
14047	6002304	1	
14048	6002804	1	
14049	6002806	1	
14050	1011003	1	[1,3,1]
14051	1031003	1	[1,3,1]
14052	1061003	1	[1,3,1]
14053	1071003	1	[1,3,1]
14054	1051003	1	[1,3,1]
14055	1021003	1	[1,3,1]
14056	1041003	1	[1,3,1]
14057	1021004	1	[1,3,1]
14058	1141003	1	[1,3,1]
14059	1171003	1	[1,3,1]
14060	1121003	1	[1,3,1]
14061	1131003	1	[1,3,1]
14062	1031004	1	[1,3,1]
14063	1531004	1	[1,3,1]
14064	1051004	1	[1,3,1]
14065	1071004	1	[1,3,1]
14066	1041004	1	[1,3,1]
14067	1011004	1	[1,3,1]
14068	1091003	1	[1,3,1]
14069	1021005	1	[1,3,1]
14070	1221003	1	[1,3,1]
14071	1261003	1	[1,3,1]
14072	1271003	1	[1,3,1]
14073	1081004	1	[1,3,1]
14074	1521004	1	[1,3,1]
14075	1171004	1	[1,3,1]
14076	1241003	1	[1,3,1]
14077	1211003	1	[1,3,1]
14078	1021006	1	[1,3,1]
14079	1051005	1	[1,3,1]
14080	1321003	1	[1,3,1]
14081	1331003	1	[1,3,1]
14082	1531005	1	[1,3,1]
14083	1131004	1	[1,3,1]
14084	1041005	1	[1,3,1]
14085	2016001	1	
14086	2016002	1	
14087	2016003	1	
14088	2026001	1	
14089	2026002	1	
14090	2026003	1	
14091	2026004	1	
14092	2026005	1	
14093	2026006	1	
14094	2036001	1	
14095	2036002	1	
14096	2036003	1	
14097	2046001	1	
14098	2046002	1	
14099	2046003	1	
14100	2056001	1	
14101	2056002	1	
14102	2066001	1	
14103	2066002	1	
14104	2076001	1	
14105	2076002	1	
14106	2086001	1	
14107	2086002	1	
14108	2096001	1	
14109	2096002	1	
14110	2096003	1	
14111	2106001	1	
14112	2116001	1	
14113	2136001	1	
14114	2146001	1	
14115	2176001	1	
14116	2186001	1	
14117	2196001	1	
14118	2206001	1	
14119	2216001	1	
14120	2226001	1	
14121	2236001	1	
14122	2246001	1	
14123	2256001	1	
14124	2266001	1	
14125	2276001	1	
14126	2286001	1	
14127	2296001	1	
14128	2306001	1	
14129	2316001	1	
14130	2326001	1	
14131	2336001	1	
14132	2346001	1	
14133	2356001	1	
14134	2366001	1	
14135	2376001	1	
14136	2386001	1	
14137	2406001	1	
14138	2416001	1	
14139	2426001	1	
14140	2436001	1	
14141	2446001	1	
14142	2456001	1	
14143	2466001	1	
14144	2476001	1	
14145	2486001	1	
14146	2496001	1	
14147	2506001	1	
14148	2516001	1	
14149	2526001	1	
14150	2536001	1	
14151	2546001	1	
14152	2576001	1	
14153	16030000	1	
14154	16040000	1	
14155	16060000	1	
14156	16080000	1	
14157	16100000	1	
14158	16110000	1	
14159	16120000	1	
14160	16130000	1	
14161	16140000	1	
14162	16150000	1	
14163	16160000	1	
14164	16170000	1	
14165	16180000	1	
14166	16190000	1	
14167	16200000	1	
14168	16210000	1	
14169	16220000	1	
14170	16230000	1	
14171	16240000	1	
14172	16250000	1	
14173	16260000	1	
14174	16270000	1	
14175	16280000	1	
14176	16290000	1	
14177	16320000	1	
14178	2016001	1	
14179	2016002	1	
14180	2016003	1	
14181	2026001	1	
14182	2026002	1	
14183	2026003	1	
14184	2026004	1	
14185	2026005	1	
14186	2026006	1	
14187	2036001	1	
14188	2036002	1	
14189	2036003	1	
14190	2046001	1	
14191	2046002	1	
14192	2046003	1	
14193	2056001	1	
14194	2056002	1	
14195	2066001	1	
14196	2066002	1	
14197	2076001	1	
14198	2076002	1	
14199	2086001	1	
14200	2086002	1	
14201	2096001	1	
14202	2096002	1	
14203	2096003	1	
14204	2106001	1	
14205	2116001	1	
14206	2136001	1	
14207	2146001	1	
14208	2176001	1	
14209	2186001	1	
14210	2196001	1	
14211	2206001	1	
14212	2216001	1	
14213	2226001	1	
14214	2236001	1	
14215	2246001	1	
14216	2256001	1	
14217	2266001	1	
14218	2276001	1	
14219	2286001	1	
14220	2296001	1	
14221	2306001	1	
14222	2316001	1	
14223	2326001	1	
14224	2336001	1	
14225	2346001	1	
14226	2356001	1	
14227	2366001	1	
14228	2376001	1	
14229	2386001	1	
14230	2406001	1	
14231	2416001	1	
14232	2426001	1	
14233	2436001	1	
14234	2446001	1	
14235	2456001	1	
14236	2466001	1	
14237	2476001	1	
14238	2486001	1	
14239	2496001	1	
14240	2506001	1	
14241	2516001	1	
14242	2526001	1	
14243	2536001	1	
14244	2546001	1	
14245	2576001	1	
14246	2586001	1	
14247	2596001	1	
14248	16030000	1	
14249	16040000	1	
14250	16060000	1	
14251	16080000	1	
14252	16100000	1	
14253	16110000	1	
14254	16120000	1	
14255	16130000	1	
14256	16140000	1	
14257	16150000	1	
14258	16160000	1	
14259	16170000	1	
14260	16180000	1	
14261	16190000	1	
14262	16200000	1	
14263	16210000	1	
14264	16220000	1	
14265	16230000	1	
14266	16240000	1	
14267	16250000	1	
14268	16260000	1	
14269	16270000	1	
14270	16280000	1	
14271	16290000	1	
14272	16320000	1	
14273	16330000	1	
14300	2949	1	
14301	2950	1	
14302	2951	1	
14303	2952	1	
14304	2953	1	
14305	2954	1	
14306	2955	1	
14307	2956	1	
14308	2957	1	
14309	2958	1	
14310	2959	1	
14320	8983293	1	
14321	8983294	1	
14322	8983295	1	
14323	8983296	1	
14324	8983297	1	
14325	8983298	1	
14326	8983299	1	
14327	8983300	1	
14328	8983301	1	
14329	8983302	1	
14330	8983303	1	
14370	1011003	1	[1,3,1]
14371	1031003	1	[1,3,1]
14372	1061003	1	[1,3,1]
14373	1071003	1	[1,3,1]
14374	1051003	1	[1,3,1]
14375	1021003	1	[1,3,1]
14376	1041003	1	[1,3,1]
14377	1021004	1	[1,3,1]
14378	1141003	1	[1,3,1]
14379	1171003	1	[1,3,1]
14380	1121003	1	[1,3,1]
14381	1131003	1	[1,3,1]
14382	1031004	1	[1,3,1]
14383	1531004	1	[1,3,1]
14384	1051004	1	[1,3,1]
14385	1071004	1	[1,3,1]
14386	1041004	1	[1,3,1]
14387	1011004	1	[1,3,1]
14388	1091003	1	[1,3,1]
14389	1021005	1	[1,3,1]
14390	1221003	1	[1,3,1]
14391	1261003	1	[1,3,1]
14392	1271003	1	[1,3,1]
14393	1081004	1	[1,3,1]
14394	1521004	1	[1,3,1]
14395	1171004	1	[1,3,1]
14396	1241003	1	[1,3,1]
14397	1211003	1	[1,3,1]
14398	1021006	1	[1,3,1]
14399	1051005	1	[1,3,1]
14400	1321003	1	[1,3,1]
14500	6005004	1	
14501	6004904	1	
14502	6004804	1	
14503	6004704	1	
14504	6004604	1	
14505	6004504	1	
14506	6004404	1	
14507	6004304	1	
14508	6004204	1	
14509	6004004	1	
14510	6003904	1	
14511	6003804	1	
14512	6003704	1	
14513	6003604	1	
14514	6003404	1	
14515	6003304	1	
14516	6003104	1	
14517	6003004	1	
14518	6002904	1	
14519	6002804	1	
14520	6002704	1	
14521	6002604	1	
14522	6002504	1	
14523	6002404	1	
14524	6002304	1	
14525	6002204	1	
14526	6002104	1	
14527	6002004	1	
14528	6001904	1	
14529	6001704	1	
14530	6001604	1	
14531	6001504	1	
14532	6001404	1	
14533	6001204	1	
14534	6001304	1	
14535	6000804	1	
14536	6000704	1	
14537	6000604	1	
14538	6000504	1	
14539	6000404	1	
14540	6000304	1	
14541	6210404	1	
14542	6000204	1	
14543	6410304	1	
14544	6000105	1	
14545	6000104	1	
14546	6610305	1	
14547	6910105	1	
14548	6910104	1	
14549	6810305	1	
14550	6810304	1	
14551	6210305	1	
14552	6210304	1	
14553	6610105	1	
14554	6610104	1	
14555	6310107	1	
14556	6310106	1	
14557	6510305	1	
14558	6310305	1	
14559	6510304	1	
14560	6210205	1	
14561	6310204	1	
14562	6310105	1	
14563	6210105	1	
14564	6110305	1	
14565	6210204	1	
14566	6410104	1	
14567	6510104	1	
14568	6710304	1	
14569	6710104	1	
14570	6710305	1	
14571	6110304	1	
14572	6610304	1	
14573	6810104	1	
14574	6110104	1	
14580	2016001	1	
14581	2016002	1	
14582	2016003	1	
14583	2026001	1	
14584	2026002	1	
14585	2026003	1	
14586	2026004	1	
14587	2026005	1	
14588	2026006	1	
14589	2036001	1	
14590	2036002	1	
14591	2036003	1	
14592	2046001	1	
14593	2046002	1	
14594	2046003	1	
14595	2056001	1	
14596	2056002	1	
14597	2066001	1	
14598	2066002	1	
14599	2076001	1	
14600	2076002	1	
14601	2086001	1	
14602	2086002	1	
14603	2096001	1	
14604	2096002	1	
14605	2096003	1	
14606	2106001	1	
14607	2116001	1	
14608	2136001	1	
14609	2146001	1	
14610	2176001	1	
14611	2186001	1	
14612	2196001	1	
14613	2206001	1	
14614	2216001	1	
14615	2226001	1	
14616	2236001	1	
14617	2246001	1	
14618	2256001	1	
14619	2266001	1	
14620	2276001	1	
14621	2286001	1	
14622	2296001	1	
14623	2306001	1	
14624	2316001	1	
14625	2326001	1	
14626	2336001	1	
14627	2346001	1	
14628	2356001	1	
14629	2366001	1	
14630	2376001	1	
14631	2386001	1	
14632	2406001	1	
14633	2416001	1	
14634	2426001	1	
14635	2436001	1	
14636	2446001	1	
14637	2456001	1	
14638	2466001	1	
14639	2476001	1	
14640	2486001	1	
14641	2496001	1	
14642	2506001	1	
14643	2516001	1	
14644	2526001	1	
14645	2536001	1	
14646	2546001	1	
14647	2576001	1	
14648	2586001	1	
14649	2596001	1	
14650	2616001	1	
14651	2626001	1	
14652	2636001	1	
14800	2982	1	
14801	2983	1	
14802	2984	1	
14803	2985	1	
14804	2986	1	
14805	2987	1	
14806	2988	1	
14807	2989	1	
14808	2990	1	
14809	2991	1	
14810	2992	1	
14820	8983326	1	
14821	8983327	1	
14822	8983328	1	
14823	8983329	1	
14824	8983330	1	
14825	8983331	1	
14826	8983332	1	
14827	8983333	1	
14828	8983334	1	
14829	8983335	1	
14830	8983336	1	
18000	9010211	1	
18010	9010221	1	
18020	9010225	1	
18030	9010237	1	
18040	9010244	1	
18050	9010249	1	
18060	9010250	1	
18070	9010256	1	
18080	2	5	
6110101	6110101	1	
6110102	6110102	1	
6110103	6110103	1	
6110104	6110104	1	
6210101	6210101	1	
6210102	6210102	1	
6210103	6210103	1	
6210104	6210104	1	
6210105	6210105	1	
6210106	6210106	1	
6310101	6310101	1	
6310102	6310102	1	
6310103	6310103	1	
6310104	6310104	1	
6310105	6310105	1	
6310106	6310106	1	
6310107	6310107	1	
6310108	6310108	1	
6410101	6410101	1	
6410102	6410102	1	
6410103	6410103	1	
6410104	6410104	1	
6410105	6410105	1	
6510101	6510101	1	
6510102	6510102	1	
6510103	6510103	1	
6510104	6510104	1	
6610101	6610101	1	
6610102	6610102	1	
6610103	6610103	1	
6610104	6610104	1	
6610105	6610105	1	
6710101	6710101	1	
6710102	6710102	1	
6710103	6710103	1	
6710104	6710104	1	
6710105	6710105	1	
6810101	6810101	1	
6810102	6810102	1	
6810103	6810103	1	
6810104	6810104	1	
6310201	6310201	1	
6310202	6310202	1	
6310203	6310203	1	
6310204	6310204	1	
6210201	6210201	1	
6210202	6210202	1	
6210203	6210203	1	
6210204	6210204	1	
6210205	6210205	1	
6210206	6210206	1	
6310301	6310301	1	
6310302	6310302	1	
6310303	6310303	1	
6310304	6310304	1	
6310305	6310305	1	
6610301	6610301	1	
6610302	6610302	1	
6610303	6610303	1	
6610304	6610304	1	
6610305	6610305	1	
6110301	6110301	1	
6110302	6110302	1	
6110303	6110303	1	
6110304	6110304	1	
6110305	6110305	1	
6710301	6710301	1	
6710302	6710302	1	
6710303	6710303	1	
6710304	6710304	1	
6710305	6710305	1	
6510301	6510301	1	
6510302	6510302	1	
6510303	6510303	1	
6510304	6510304	1	
6510305	6510305	1	
6210301	6210301	1	
6210302	6210302	1	
6210303	6210303	1	
6210304	6210304	1	
6210305	6210305	1	
6810301	6810301	1	
6810302	6810302	1	
6810303	6810303	1	
6810304	6810304	1	
6810305	6810305	1	
6910101	6910101	1	
6910102	6910102	1	
6910103	6910103	1	
6910104	6910104	1	
6910105	6910105	1	
6410301	6410301	1	
6410302	6410302	1	
6410303	6410303	1	
6410304	6410304	1	
6000101	6000101	1	
6000102	6000102	1	
6000103	6000103	1	
6000104	6000104	1	
6000105	6000105	1	
6000204	6000204	1	
6410305	6410305	1	
301001030	3	50	
301002030	3	50	
301003030	3	50	
301005030	3	50	
301005040	3	50	
301007040	3	50	
301001031	3015003	1	[1,0]
301002031	3025003	1	[1,0]
301003031	3035003	1	[1,0]
301005031	3045003	1	[1,0]
301005041	3055003	1	[1,0]
301007041	3065003	1	[1,0]
301001032	502	2	
301002032	502	2	
301003032	502	2	
301005032	502	2	
301005042	502	2	
301007042	502	2	
301007050	3	50	
301007051	33000	30	
301007052	33001	10	
301008110	3	10	
301008111	31204	2	
301008112	1	3000	
301008120	30013	1	
301008121	31204	1	
301008122	1	1000	
306400	401	1	
306500	401	1	
306600	401	1	
306700	401	1	
306800	401	1	
306900	401	1	
307000	401	1	
307100	401	1	
307200	401	1	
307300	401	1	
307400	401	1	
307500	401	1	
307600	401	1	
307700	401	1	
307800	401	1	
307900	401	1	
308000	401	1	
308100	401	1	
308200	401	1	
308300	401	1	
308400	401	1	
308500	401	1	
500000	50000	100	
500010	50000	100	
500020	50000	100	
500030	50000	200	
500040	50000	200	
500050	90030	1	
500060	90030	1	
500070	90030	1	
500080	90030	1	
500090	90030	1	
500100	90030	1	
500110	90030	1	
500120	90030	1	
500130	90030	1	
500140	90030	1	
500150	90030	1	
500160	90030	1	
500170	90030	1	
500180	90030	1	
500190	90030	1	
500051	90030	1	
500061	90030	1	
500071	90030	1	
500081	90030	1	
500091	90030	1	
500101	90030	1	
500111	90030	1	
500121	90030	1	
500131	90030	1	
500141	90030	1	
500151	90030	1	
500161	90030	1	
500171	90030	1	
500181	90030	1	
500191	90030	1	
500200	50000	2500	
500210	90030	1	
500220	90030	1	
500230	50005	2500	
500240	90030	1	
500250	90030	1	
500260	50000	2500	
500211	90030	1	
500221	90030	1	
500241	90030	1	
500251	90030	1	
500270	70002	10	
500280	70002	50	
500290	70002	10	
500300	70002	50	
500310	70002	10	
500320	70002	50	
500330	70002	10	
500340	70002	50	
500350	70002	10	
500360	70002	50	
500370	70002	50	
500380	70002	50	
500390	70002	50	
500400	70002	50	
500271	70001	60	
500281	70001	10	
500291	70001	60	
500301	70001	10	
500311	70001	60	
500321	70001	10	
500331	70001	60	
500341	70001	10	
500351	70001	60	
500361	70001	10	
500371	70001	10	
500381	70001	10	
500391	70001	10	
500401	70001	10	
500410	201	30	
500420	30111	4	
500421	40200	5	
500422	40301	60	
500430	25	450	
500440	3026004	1	
500450	3056004	1	
500460	50000	500	
500470	50000	500	
500480	30013	3	
500490	30013	3	
500500	30013	3	
500510	30013	8	
500520	30013	8	
500530	30013	8	
500540	30013	8	
500550	30013	8	
500560	30013	8	
500570	30013	8	
500580	30013	8	
500590	12	10	
500600	12	10	
500610	12	15	
500620	12	15	
500630	12	15	
500640	12	20	
500650	12	20	
500660	12	20	
500670	12	20	
500680	12	20	
500690	31204	6	
500700	31204	6	
500710	31204	6	
500720	31204	6	
500730	31204	6	
500740	31204	6	
500750	31204	6	
500760	31204	6	
500770	31204	6	
500780	31204	6	
500790	31204	6	
500800	30013	8	
500481	30012	3	
500491	30012	3	
500501	30012	3	
500511	30012	8	
500521	30012	8	
500531	30012	8	
500541	30012	8	
500551	30012	8	
500561	30012	8	
500571	30012	8	
500581	30012	8	
500591	1	100000	
500601	1	100000	
500611	1	100000	
500621	1	100000	
500631	1	100000	
500641	1	100000	
500651	1	100000	
500661	1	100000	
500671	1	100000	
500681	1	100000	
500691	31104	6	
500701	31104	6	
500711	31104	6	
500721	31104	6	
500731	31104	6	
500741	31104	6	
500751	31104	6	
500761	31104	6	
500771	31104	6	
500781	31104	6	
500791	31104	6	
500801	30012	8	
500482	1	20000	
500492	1	20000	
500502	1	20000	
500512	1	50000	
500522	1	50000	
500532	1	50000	
500542	1	50000	
500552	1	50000	
500562	1	50000	
500572	1	50000	
500582	1	50000	
500692	1	100000	
500702	1	100000	
500712	1	100000	
500722	1	100000	
500732	1	100000	
500742	1	100000	
500752	1	100000	
500762	1	100000	
500772	1	100000	
500782	1	100000	
500792	1	100000	
500802	1	50000	
500820	34000	25	
110010	1	4000	
110020	1	4000	
110030	1	4000	
110040	1	4000	
110050	1	4000	
110060	1	2000	
110070	1	2000	
110080	1	2000	
110090	1	2000	
110100	1	2000	
110110	1	2000	
110120	1	2000	
110130	1	2000	
110140	1	2000	
110150	1	2000	
110160	1	2000	
110170	31	10	
110180	31	10	
110190	31	10	
110200	1	4000	
110210	1	4000	
110220	1	4000	
110230	1	4000	
110240	1	4000	
110250	1	2000	
110260	1	2000	
110270	1	2000	
110280	1	2000	
110290	1	2000	
110300	1	2000	
110310	1	2000	
110320	1	2000	
110330	31	10	
110340	31	10	
110350	31	10	
110360	1	4000	
110370	1	4000	
110380	1	4000	
110390	1	4000	
110400	1	4000	
110410	1	4000	
110420	1	4000	
110430	1	5000	
110440	1	5000	
110450	1	5000	
110460	1	5000	
110470	1	5000	
110480	1	5000	
110490	1	2000	
110500	1	2000	
110510	1	2000	
110520	1	2000	
110530	1	2000	
110540	1	2000	
110550	1	2000	
110560	1	2000	
110570	1	2000	
110580	1	2000	
110590	1	2000	
110600	1	2000	
110610	1	2500	
110620	1	3000	
110630	1	2000	
110640	1	2500	
110650	1	3000	
110660	1	4000	
110670	30013	1	
110680	3914001	1	[1,0]
110690	2994001	1	[1,0]
110700	3924001	1	[1,0]
110710	3934001	1	[1,0]
110720	2994001	1	[1,0]
110730	40114	1	
110740	40110	1	
110750	40113	1	
110011	12	2	
110021	30012	1	
110031	60000	10	
110041	12	3	
110051	30013	1	
110061	60000	20	
110071	60000	25	
110081	60000	30	
110091	60000	35	
110101	60000	40	
110111	60000	45	
110121	40100	1	
110131	40100	1	
110141	40104	1	
110151	40104	1	
110161	40103	1	
110171	30	3	
110181	30	5	
110191	30	6	
110201	12	2	
110211	30012	1	
110221	60000	10	
110231	12	3	
110241	30013	1	
110251	60000	20	
110261	60000	25	
110271	60000	30	
110281	60000	35	
110291	60000	40	
110301	60000	45	
110311	40100	1	
110321	40104	1	
110331	30	3	
110341	30	5	
110351	30	6	
110361	30013	1	
110371	3914001	1	[1,0]
110381	2994001	1	[1,0]
110391	40100	1	
110401	40110	1	
110411	40114	1	
110421	40113	1	
110431	40104	1	
110441	40114	1	
110451	40114	1	
110461	40100	1	
110471	40110	1	
110481	40110	1	
110491	12	5	
110501	30012	1	
110511	40100	1	
110521	40104	1	
110531	40103	1	
110541	30013	1	
110551	3924001	1	[1,0]
110561	2994001	1	[1,0]
110571	40110	1	
110581	40114	1	
110591	40113	1	
110601	60000	10	
110611	60000	10	
110621	60000	10	
110631	60000	10	
110641	60000	10	
110651	60000	10	
110661	60000	10	
110671	12	3	
110681	40104	1	
110691	40100	1	
110701	40103	1	
110711	30013	1	
110721	30013	1	
110731	2994001	1	[1,0]
110741	3944001	1	[1,0]
110751	2994001	1	[1,0]
110012	40100	1	
110022	40104	1	
110032	40103	1	
110042	3934001	1	[1,0]
110052	2994001	1	[1,0]
110062	12	2	
110072	30012	1	
110082	12	3	
110092	3944001	1	[1,0]
110102	2994001	1	[1,0]
110112	30013	1	
110122	40114	1	
110132	40114	1	
110142	40110	1	
110152	40110	1	
110162	40113	1	
110172	40691	1	
110182	40691	2	
110192	40692	2	
110202	40100	1	
110212	40104	1	
110222	40103	1	
110232	3954001	1	[1,0]
110242	2994001	1	[1,0]
110252	12	2	
110262	30012	1	
110272	12	3	
110282	3964001	1	[1,0]
110292	2994001	1	[1,0]
110302	30013	1	
110312	40110	1	
110322	40114	1	
110332	40691	1	
110342	40691	2	
110352	40692	2	
110362	60000	10	
110372	60000	10	
110382	60000	15	
110392	60000	15	
110402	60000	20	
110412	60000	20	
110422	60000	25	
110432	32	1	
110442	32	2	
110452	32	3	
110462	32	1	
110472	32	2	
110482	32	3	
110492	30013	2	
110502	28	50	
110512	3914001	1	[1,0]
110522	28	50	
110532	2994001	1	[1,0]
110542	28	50	
110552	29	50	
110562	40114	1	
110572	29	50	
110582	40113	1	
110592	29	50	
110602	30012	1	
110612	30012	2	
110622	30013	1	
110632	12	3	
110642	12	5	
110652	12	10	
110662	12	15	
110672	1	5000	
110682	1	5000	
110692	1	5000	
110702	1	5000	
110712	1	5000	
110722	1	5000	
110732	1	5000	
110742	1	5000	
110752	1	5000	
21000100	3	30	
21000200	3	30	
21000300	3	30	
21000304	3	30	
21000400	60000	50	
21000500	60000	50	
21000600	60000	50	
21000700	60000	50	
21000800	60000	50	
21000900	60000	50	
21001000	60000	50	
21001100	60000	50	
21000401	30012	1	
21000501	30012	1	
21000601	30012	1	
21000701	30012	1	
21000801	30012	1	
21000901	30012	1	
21001001	30012	1	
21001101	30012	1	
21000402	3913001	1	[1,0]
21000502	3923001	1	[1,0]
21000602	3933001	1	[1,0]
21000702	3943001	1	[1,0]
21000802	3953001	1	[1,0]
21000902	3963001	1	[1,0]
21001002	3913001	1	[1,0]
21001102	3923001	1	[1,0]
21000403	1	5000	
21000503	1	5000	
21000603	1	5000	
21000703	1	5000	
21000803	1	5000	
21000903	1	5000	
21001003	1	5000	
21001103	1	5000	
21000404	3	30	
21000504	3	30	
21000604	3	30	
21000704	3	30	
21000804	3	30	
21000904	3	30	
21001004	3	30	
21001104	3	30	
21001200	60000	80	
21001300	60000	80	
21001400	60000	80	
21001500	60000	80	
21001600	60000	80	
21001700	60000	100	
21001800	60000	100	
21001900	60000	100	
21002000	60000	100	
21002100	60000	100	
21001201	30012	2	
21001301	30012	2	
21001401	30012	2	
21001501	30012	2	
21001601	30012	2	
21001701	30013	1	
21001801	30013	1	
21001901	30013	1	
21002001	30013	1	
21002101	30013	1	
21001202	2993001	1	[1,0]
21001302	2993001	1	[1,0]
21001402	2993001	1	[1,0]
21001502	2993001	1	[1,0]
21001602	2993001	1	[1,0]
21001702	2993001	1	[1,0]
21001802	2993001	1	[1,0]
21001902	2993001	1	[1,0]
21002002	2993001	1	[1,0]
21002102	2993001	1	[1,0]
21001203	3913001	1	[1,0]
21001303	3933001	1	[1,0]
21001403	3953001	1	[1,0]
21001503	3913001	1	[1,0]
21001603	3933001	1	[1,0]
21001703	3913001	1	[1,0]
21001803	3933001	1	[1,0]
21001903	3953001	1	[1,0]
21002003	3913001	1	[1,0]
21002103	3933001	1	[1,0]
21001204	3923001	1	[1,0]
21001304	3943001	1	[1,0]
21001404	3963001	1	[1,0]
21001504	3923001	1	[1,0]
21001604	3943001	1	[1,0]
21001704	3923001	1	[1,0]
21001804	3943001	1	[1,0]
21001904	3963001	1	[1,0]
21002004	3923001	1	[1,0]
21002104	3943001	1	[1,0]
21001205	3	30	
21001305	3	30	
21001405	3	30	
21001505	3	30	
21001605	3	30	
21001705	3	30	
21001805	3	30	
21001905	3	30	
21002005	3	30	
21002105	3	30	
21002200	3	30	
21002300	3	30	
21002400	3	30	
21002500	3	30	
21002600	3	30	
21000101	1	5000	
21000201	1	5000	
21000301	1	10000	
21002201	60000	50	
21002301	60000	50	
21002401	60000	50	
21002501	60000	50	
21002601	60000	50	
21000102	12	5	
21000202	30013	2	
21000302	3914001	3	[1,0]
21002202	12	5	
21002302	30013	2	
21002402	40100	5	
21002502	2994001	3	[1,0]
21002602	40103	3	
21000303	3015050	1	[1,0]
21000305	2994001	1	[1,0]
21001210	60000	60	
21001310	60000	60	
21001410	60000	60	
21001510	60000	60	
21001610	60000	60	
21001710	60000	70	
21001810	60000	70	
21001910	60000	70	
21002010	60000	70	
21002110	60000	70	
21001211	3913001	1	[1,0]
21001311	3913001	1	[1,0]
21001411	2993001	1	[1,0]
21001511	2993001	1	[1,0]
21001611	2993001	1	[1,0]
21001711	3913001	1	[1,0]
21001811	3913001	1	[1,0]
21001911	2993001	1	[1,0]
21002011	2993001	1	[1,0]
21002111	2993001	1	[1,0]
21001212	3912001	1	[1,0]
21001312	3912001	1	[1,0]
21001412	2992001	1	[1,0]
21001512	2992001	1	[1,0]
21001612	3913001	1	[1,0]
21001712	3912001	1	[1,0]
21001812	3912001	1	[1,0]
21001912	2992001	1	[1,0]
21002012	2992001	1	[1,0]
21002112	3913001	1	[1,0]
21001613	2992001	1	[1,0]
21001614	3912001	1	[1,0]
21002113	2992001	1	[1,0]
21002114	3912001	1	[1,0]
111010	3065051	1	[1,0]
111020	3055051	1	[1,0]
111030	3045051	1	[1,0]
111040	3035051	1	[1,0]
111050	3025051	1	[1,0]
111060	3015051	1	[1,0]
111070	2075002	1	[1,0]
111080	30013	1	
111090	30013	1	
111100	40110	1	
111110	40110	1	
111120	40110	1	
111130	40114	1	
111140	40113	1	
111011	3914001	1	[1,0]
111021	3924001	1	[1,0]
111031	3934001	1	[1,0]
111041	3944001	1	[1,0]
111051	3954001	1	[1,0]
111061	3964001	1	[1,0]
111071	40113	1	
111081	12	3	
111091	12	5	
111101	30013	1	
111111	30013	1	
111121	30013	1	
111131	30013	1	
111141	30013	1	
111012	40104	1	
111022	40100	1	
111032	40104	1	
111042	40100	1	
111052	40104	1	
111062	40100	1	
111072	2994001	1	[1,0]
111082	40104	1	
111092	40103	1	
111102	12	3	
111112	12	5	
111122	40100	2	
111132	40104	2	
111142	40103	2	
112010	1	30000	
112020	12	5	
112030	3914001	1	[1,0]
112040	2994001	1	[1,0]
112050	60102	2500	
112060	30013	1	
112070	40100	2	
112080	40104	2	
112090	40103	2	
112100	60102	2500	
112110	1	50000	
112120	12	10	
112130	3914001	2	[1,0]
112140	2994001	2	[1,0]
112150	32	6	
112160	30013	2	
112170	40110	1	
112180	40114	1	
112190	40113	1	
112200	29	50	
112210	1	80000	
112220	40110	2	
112230	40114	2	
112240	29	100	
112250	60102	500	
112260	60102	500	
112270	60102	500	
112280	60102	500	
112290	3914001	2	[1,0]
112300	2994001	2	[1,0]
112310	40114	1	
112320	40113	1	
112251	3914001	2	[1,0]
112261	2994001	1	[1,0]
112271	30013	1	
112281	40110	1	
112291	30013	1	
112301	40110	1	
112311	40110	1	
112321	40110	1	
112252	1	4000	
112262	12	3	
112272	1	4000	
112282	12	5	
112292	60101	50	
112302	60101	100	
112312	60101	100	
112322	60101	100	
112330	30013	2	
112340	30012	1	
112350	30012	2	
112360	30013	1	
112370	12	3	
112380	12	5	
112390	12	10	
112400	12	15	
112331	12	5	
112341	12	3	
112351	12	4	
112361	12	5	
112371	30012	1	
112381	30012	1	
112391	30012	1	
112401	30012	1	
112332	1	2000	
112342	1	2000	
112352	1	2500	
112362	1	3000	
112372	1	2000	
112382	1	2500	
112392	1	3000	
112402	1	4000	
21010110	60100	28	
21010210	60100	28	
21010310	60100	5	
21010410	60100	5	
21010510	60100	28	
21010610	60100	28	
21010710	60100	5	
21010810	60100	5	
21010100	3	30	
21010200	3	30	
21010300	3	30	
21010400	3	30	
21010500	3	30	
21010600	3	30	
21010700	3	30	
21010800	3	30	
21011400	3	30	
21011500	3	50	
21011600	3	80	
21010101	60102	250	
21010201	60102	250	
21010301	60102	500	
21010401	60102	500	
21010501	60102	250	
21010601	60102	250	
21010701	60102	500	
21010801	60102	500	
21010102	1	2000	
21010202	1	2000	
21010302	1	3000	
21010402	1	3000	
21010502	1	2000	
21010602	1	2000	
21010702	1	3000	
21010802	1	3000	
21010900	3	30	
21011000	3	30	
21011100	3	30	
21011200	3	30	
21011300	3	30	
21010901	60102	500	
21011001	60102	500	
21011101	60102	500	
21011201	60102	500	
21011301	60102	500	
21010902	1	3000	
21011002	1	3000	
21011102	1	3000	
21011202	1	3000	
21011302	1	3000	
21010103	60101	55	
21010203	60101	55	
21010303	60101	70	
21010403	60101	70	
21010503	60101	55	
21010603	60101	55	
21010703	60101	70	
21010803	60101	70	
21010903	60101	70	
21011003	60101	70	
21011103	60101	70	
21011203	60101	70	
21011303	60101	70	
21011404	30012	3	
21011504	30013	1	
21011604	30013	2	
21011405	3914001	1	[1,0]
21011505	30012	2	
21011605	30012	2	
21011406	3924001	1	[1,0]
21011506	3914001	1	[1,0]
21011606	2994001	1	[1,0]
21011407	1	30000	
21011507	3924001	1	[1,0]
21011607	3914001	1	[1,0]
21011508	3934001	1	[1,0]
21011509	3913001	1	[1,0]
21011510	1	50000	
21011608	3924001	1	[1,0]
21011609	3934001	1	[1,0]
21011610	3944001	1	[1,0]
21011611	3954001	1	[1,0]
21011612	1	80000	
113000	30013	2	
113010	4	30	
113020	30013	3	
113030	4	30	
113040	30014	1	
113050	30013	2	
113060	90014	1	
113070	3036006	1	[1,0]
113080	3	100	
113090	40110	2	
113100	3066006	1	[1,0]
113110	29	50	
113120	40693	5	
113130	3026001	1	[1,0]
113140	3	100	
113150	40114	4	
113160	3056001	1	[1,0]
113170	29	50	
113180	30014	3	
113190	3016012	1	[1,0]
113200	3	100	
113210	40114	4	
113220	3046012	1	[1,0]
113230	40110	6	
113240	29	50	
113250	361	1	
113260	361	1	
113270	361	1	
113280	361	1	
113290	361	1	
113300	361	1	
113310	361	1	
113320	361	1	
113330	361	1	
113340	361	1	
113001	12	6	
113011	60001	4	
113021	12	6	
113031	60001	4	
113041	12	10	
113051	60001	2	
113061	30013	2	
113071	60001	3	
113081	29	50	
113091	2994001	2	[1,0]
113101	60001	4	
113111	40114	2	
113121	2994001	3	[1,0]
113131	60001	5	
113141	29	50	
113151	2994001	4	[1,0]
113161	60001	6	
113171	40110	4	
113181	2994001	5	[1,0]
113191	60001	7	
113201	29	50	
113211	90014	1	
113221	60001	8	
113231	90014	1	
113241	40113	6	
113002	1	5000	
113012	1	7500	
113022	1	10000	
113032	1	12500	
113042	1	15000	
113052	1	7500	
113062	12	3	
113072	1	10000	
113082	12	4	
113092	40103	3	
113102	1	12500	
113112	12	6	
113122	40100	4	
113132	1	15000	
113142	12	7	
113152	40104	5	
113162	1	17500	
113172	12	8	
113182	40103	6	
113192	1	20000	
113202	12	9	
113212	40100	7	
113222	1	25000	
113232	12	10	
113242	40104	8	
133000	29	30	
133010	29	30	
133020	29	30	
133030	29	30	
133040	29	10	
133050	29	10	
133060	3	30	
133070	29	10	
133080	29	10	
133090	3	30	
133100	29	20	
133110	29	20	
133120	3	30	
133130	29	20	
133140	29	20	
133150	3	30	
133160	29	30	
133170	29	30	
133180	3	30	
133190	362	1	
133200	363	1	
133210	364	1	
133001	12	5	
133011	12	5	
133021	12	5	
133031	12	5	
133041	70001	12	
133051	30013	2	
133061	31204	2	
133071	70001	12	
133081	30013	2	
133091	31204	2	
133101	70001	12	
133111	30013	2	
133121	31204	2	
133131	70001	12	
133141	30013	2	
133151	31204	2	
133161	70001	12	
133171	30013	2	
133181	31204	2	
133002	1	15000	
133012	1	15000	
133022	1	15000	
133032	1	15000	
133042	70002	2	
133052	40110	1	
133062	31104	1	
133072	70002	2	
133082	40110	1	
133092	31104	1	
133102	70002	2	
133112	40110	1	
133122	31104	1	
133132	70002	2	
133142	40110	1	
133152	31104	1	
133162	70002	2	
133172	40110	1	
133182	31104	1	
134000	29	50	
134010	29	50	
134020	29	50	
134030	29	10	
134040	29	10	
134050	3	30	
134060	29	10	
134070	29	10	
134080	3	30	
134090	29	20	
134100	29	20	
134110	3	30	
134120	29	20	
134130	29	20	
134140	3	30	
134150	29	30	
134160	29	30	
134170	3	30	
134180	365	1	
134190	366	1	
134200	367	1	
134001	12	3	
134011	12	3	
134021	12	3	
134031	70001	12	
134041	30013	2	
134051	31204	2	
134061	70001	12	
134071	30013	2	
134081	31204	2	
134091	70001	12	
134101	30013	2	
134111	31204	2	
134121	70001	12	
134131	30013	2	
134141	31204	2	
134151	70001	12	
134161	30013	2	
134171	31204	2	
134002	1	10000	
134012	1	10000	
134022	1	10000	
134032	70002	2	
134042	40110	1	
134052	31104	1	
134062	70002	2	
134072	40110	1	
134082	31104	1	
134092	70002	2	
134102	40110	1	
134112	31104	1	
134122	70002	2	
134132	40110	1	
134142	31104	1	
134152	70002	2	
134162	40110	1	
134172	31104	1	
135000	29	50	
135010	29	50	
135020	29	50	
135030	29	10	
135040	29	10	
135050	3	30	
135060	29	10	
135070	29	10	
135080	3	30	
135090	29	20	
135100	29	20	
135110	3	30	
135120	29	20	
135130	29	20	
135140	3	30	
135150	29	30	
135160	29	30	
135170	3	30	
135180	368	1	
135190	369	1	
135200	370	1	
135001	12	3	
135011	12	3	
135021	12	3	
135031	70001	12	
135041	30013	2	
135051	31204	2	
135061	70001	12	
135071	30013	2	
135081	31204	2	
135091	70001	12	
135101	30013	2	
135111	31204	2	
135121	70001	12	
135131	30013	2	
135141	31204	2	
135151	70001	12	
135161	30013	2	
135171	31204	2	
135002	1	10000	
135012	1	10000	
135022	1	10000	
135032	70002	2	
135042	40110	1	
135052	31104	1	
135062	70002	2	
135072	40110	1	
135082	31104	1	
135092	70002	2	
135102	40110	1	
135112	31104	1	
135122	70002	2	
135132	40110	1	
135142	31104	1	
135152	70002	2	
135162	40110	1	
135172	31104	1	
136000	29	50	
136001	12	2	
136002	40301	2	
136010	29	50	
136011	12	2	
136012	40301	2	
136020	29	50	
136021	12	2	
136022	40301	2	
136030	29	10	
136031	40200	2	
136032	40201	1	
136040	29	10	
136041	40110	1	
136042	30113	2	
136050	3	30	
136051	30113	1	
136052	31204	2	
136060	29	10	
136061	70002	2	
136062	70001	12	
136070	29	10	
136071	40110	1	
136072	30013	2	
136080	3	30	
136081	31104	1	
136082	30113	1	
136090	29	20	
136091	40200	2	
136092	40201	1	
136100	29	20	
136101	40110	1	
136102	30013	2	
136110	3	30	
136111	30113	1	
136112	31204	2	
136120	29	20	
136121	70002	2	
136122	70001	12	
136130	29	20	
136131	40110	1	
136132	30113	2	
136140	3	30	
136141	31104	1	
136142	31204	2	
136150	29	30	
136151	40200	2	
136152	40201	1	
136160	29	30	
136161	40110	1	
136162	30013	2	
136170	3	30	
136171	31104	1	
136172	30113	1	
136180	371	1	
136190	372	1	
136200	373	1	
137000	29	50	
137010	29	50	
137020	29	50	
137030	29	10	
137040	29	10	
137050	3	30	
137060	29	10	
137070	29	10	
137080	3	30	
137090	29	20	
137100	29	20	
137110	3	30	
137120	29	20	
137130	29	20	
137140	3	30	
137150	29	30	
137160	29	30	
137170	3	30	
137180	374	1	
137190	375	1	
137200	376	1	
137001	12	2	
137011	12	2	
137021	12	2	
137031	40200	2	
137041	40110	1	
137051	30113	1	
137061	70002	2	
137071	40110	1	
137081	31104	1	
137091	40200	2	
137101	40110	1	
137111	30113	1	
137121	70002	2	
137131	40110	1	
137141	31104	1	
137151	40200	2	
137161	40110	1	
137171	31104	1	
137002	40301	2	
137012	40301	2	
137022	40301	2	
137032	40201	1	
137042	30113	2	
137052	31204	2	
137062	70001	12	
137072	30013	2	
137082	30113	1	
137092	40201	1	
137102	30013	2	
137112	31204	2	
137122	70001	12	
137132	30113	2	
137142	31204	2	
137152	40201	1	
137162	30013	2	
137172	30113	1	
138000	29	50	
138010	29	50	
138020	29	50	
138030	29	10	
138040	29	10	
138050	3	30	
138060	29	10	
138070	29	10	
138080	3	30	
138090	29	20	
138100	29	20	
138110	3	30	
138120	29	20	
138130	29	20	
138140	3	30	
138150	29	30	
138160	29	30	
138170	3	30	
138180	377	1	
138190	378	1	
138200	379	1	
138001	12	2	
138011	12	2	
138021	12	2	
138031	40200	2	
138041	40110	1	
138051	40301	2	
138061	70002	2	
138071	40110	1	
138081	31104	1	
138091	40200	2	
138101	40110	1	
138111	40301	2	
138121	70002	2	
138131	40110	1	
138141	31104	1	
138151	40200	2	
138161	40110	1	
138171	31104	1	
138002	40301	2	
138012	40301	2	
138022	40301	2	
138032	40201	1	
138042	40301	2	
138052	31204	2	
138062	70001	12	
138072	30013	2	
138082	40301	2	
138092	40201	1	
138102	30013	2	
138112	31204	2	
138122	70001	12	
138132	40301	2	
138142	31204	2	
138152	40201	1	
138162	30013	2	
138172	40301	2	
139000	102	100	
139010	29	50	
139020	29	50	
139030	102	100	
139040	29	10	
139050	3	30	
139060	29	10	
139070	102	100	
139080	3	30	
139090	29	20	
139100	102	100	
139110	3	30	
139120	29	20	
139130	102	100	
139140	3	30	
139150	29	30	
139160	29	30	
139170	3	30	
139180	380	1	
139190	381	1	
139200	382	1	
139001	12	2	
139011	12	2	
139021	12	2	
139031	40200	2	
139041	40110	1	
139051	40301	2	
139061	70002	2	
139071	40110	1	
139081	31104	1	
139091	40200	2	
139101	40110	1	
139111	40301	2	
139121	70002	2	
139131	40110	1	
139141	31104	1	
139151	40200	2	
139161	40110	1	
139171	31104	1	
139002	40301	2	
139012	40301	2	
139022	40301	2	
139032	40201	1	
139042	40301	2	
139052	31204	2	
139062	70001	12	
139072	30013	2	
139082	40301	2	
139092	40201	1	
139102	30013	2	
139112	31204	2	
139122	70001	12	
139132	40301	2	
139142	31204	2	
139152	40201	1	
139162	30013	2	
139172	40301	2	
140500	102	100	
140501	12	2	
140502	40301	2	
140510	29	50	
140511	12	2	
140512	40301	2	
140520	29	50	
140521	12	2	
140522	40301	2	
140530	102	100	
140531	70002	8	
140532	70001	24	
140540	3	30	
140541	60001	10	
140542	31204	10	
140550	29	10	
140551	40200	3	
140552	40301	5	
140560	29	20	
140561	40200	3	
140562	40301	5	
140570	102	100	
140571	70002	8	
140572	70001	24	
140580	3	30	
140581	60001	10	
140582	31204	10	
140590	29	20	
140591	40200	3	
140592	40301	5	
140600	102	100	
140601	70002	8	
140602	70001	24	
140610	2	30	
140611	60001	10	
140612	31204	10	
140620	29	50	
140621	40201	1	
140622	40301	10	
140630	2	30	
140631	60002	5	
140632	31104	3	
140640	29	50	
140641	40201	1	
140642	40301	10	
140650	102	100	
140651	70002	16	
140652	70001	48	
140660	29	50	
140661	40201	1	
140662	40301	10	
140670	2	30	
140671	60002	5	
140672	31104	3	
140680	383	1	
140690	384	1	
140700	385	1	
300903070	3	50	
300903080	3	50	
300903090	3	50	
300903100	3	50	
300903110	3	50	
300903120	3	50	
300903130	3	50	
300903140	3	50	
300903150	3	50	
300903160	3	50	
300903170	3	50	
300903180	3	50	
300903071	60000	50	
300903081	60000	50	
300903091	60000	50	
300903101	60000	50	
300903111	60000	50	
300903121	60000	50	
300903131	60000	50	
300903141	60000	50	
300903151	60000	50	
300903161	60000	50	
300903171	60000	50	
300903181	60000	50	
300903072	1	8888	
300903082	1	8888	
300903092	1	8888	
300903102	1	8888	
300903112	1	8888	
300903122	1	8888	
300903132	1	8888	
300903142	1	8888	
300903152	1	8888	
300903162	1	8888	
300903172	1	8888	
300903182	1	8888	
21002210	29	2	
21002220	29	2	
21002211	60000	100	
21002221	60000	100	
21002212	2994001	1	[1,0]
21002222	3914001	1	[1,0]
21002213	30013	1	
21002223	30013	1	
21002230	29	2	
21002240	29	2	
21020100	3	30	
21020200	3	30	
21020300	3	30	
21020400	3	30	
21020500	3	30	
21020600	3	30	
21020700	3	30	
21020800	3	30	
21020900	3	30	
21021000	3	30	
21020101	60200	120	
21020201	60200	120	
21020301	60200	120	
21020401	60200	120	
21020501	60200	120	
21020601	60200	120	
21020701	60200	120	
21020801	60200	120	
21020901	60200	120	
21021001	60200	120	
21020102	60202	5	
21020202	60202	5	
21020302	60202	5	
21020402	60202	5	
21020502	60202	5	
21020602	60202	5	
21020702	60202	5	
21020802	60202	5	
21020902	60202	5	
21021002	60202	5	
21020103	1	5000	
21020203	1	5000	
21020303	1	5000	
21020403	1	5000	
21020503	1	5000	
21020603	1	5000	
21020703	1	5000	
21020803	1	5000	
21020903	1	5000	
21021003	1	5000	
21021100	60200	160	
21021200	60200	160	
21021300	60200	160	
21021400	60200	160	
21021500	60200	160	
21021101	60202	5	
21021201	60202	5	
21021301	60202	5	
21021401	60202	5	
21021501	60202	5	
21021102	1	8000	
21021202	1	8000	
21021302	1	8000	
21021402	1	8000	
21021502	1	8000	
21021103	3	30	
21021203	3	30	
21021303	3	30	
21021403	3	30	
21021503	3	30	
21020110	60201	1	
21020210	60201	1	
21020310	60201	1	
21020410	60201	1	
21020510	60201	1	
21020610	60201	1	
21020710	60201	1	
21020810	60201	1	
21020910	60201	1	
21021010	60201	1	
21021110	60200	220	
21020111	60200	120	
21020211	60200	120	
21020311	60200	120	
21020411	60200	120	
21020511	60200	120	
21041100	60400	70	
21041200	60400	70	
21041300	60400	70	
21041400	60400	70	
21041500	60400	80	
21041101	60402	5	
21041201	60402	5	
21041301	60402	5	
21041401	60402	5	
21041501	60402	5	
21041102	1	8000	
21041202	1	8000	
21041302	1	8000	
21041402	1	8000	
21041502	1	8000	
21041103	3	30	
21041203	3	30	
21041303	3	30	
21041403	3	30	
21041503	3	30	
21040110	60401	1	
21040210	60401	1	
21040310	60401	1	
21040410	60401	1	
21040510	60401	1	
21040610	60401	1	
21040710	60401	1	
21040810	60401	1	
21040910	60401	1	
21041010	60401	1	
21041110	60400	100	
21040111	60400	60	
21040211	60400	60	
21040311	60400	60	
21040411	60400	60	
21040511	60400	60	
21040611	60400	5	
21040711	60400	5	
21040811	60400	5	
21040911	60400	5	
21041011	60400	5	
21060110	60600	1	
21060130	3	30	
21060131	60600	100	
21060132	60601	5	
21060133	1	8000	
21080110	60700	4	
21080111	31104	1	
21080112	31204	3	
21080113	30013	3	
21080210	29	50	
21080310	70002	1	
21080410	70002	1	
21080510	70002	1	
21080311	70001	4	
21080411	70001	6	
21080511	70001	8	
21080312	12	8	
21080412	12	10	
21080512	13005400	1	
21080610	60701	1	
21080710	60701	2	
21080810	60701	3	
21080611	1	1000	
21080711	1	1500	
21080811	1	2000	
21081010	13005500	1	
21081020	311	1	
21081030	312	1	
21081040	313	1	
21081011	3	50	
21081021	3	50	
21082010	47	100	
21082011	31204	1	
21082012	30013	1	
21082013	1	8000	
21090110	60800	1	
21091010	13005501	1	
21091011	3	50	
21091020	315	1	
21091021	3	50	
21091030	316	1	
21091040	317	1	
21092010	60800	100	
21092011	31204	1	
21092012	30013	1	
21092013	1	8000	
21110010	60900	1	
21120060	60902	1	
21120010	13005502	1	
21120020	319	1	
21120030	330	1	
21120040	331	1	
21120011	3	50	
21120021	3	50	
21120050	60900	100	
21120051	31204	1	
21120052	30013	1	
21120053	1	8000	
21130010	13005503	1	
21130020	333	1	
21130030	334	1	
21130040	335	1	
21130011	3	50	
21130021	3	50	
21130050	60902	100	
21130051	31204	1	
21130052	30013	1	
21130053	1	8000	
21140010	62201	1	
21150010	62404	1	
21160010	62701	1	
21170010	62712	1	
21170030	62713	1	
21170050	62714	1	
21170070	62715	1	
21170090	63100	1	
21170110	62716	1	
21170130	62717	1	
21170150	62718	1	
21170170	62719	1	
21170190	62720	1	
21170210	62721	1	
21170230	62722	1	
21170250	62724	1	
21170270	62725	1	
21170290	62726	1	
21170300	62727	1	
21170310	62728	1	
21170320	62729	1	
21170330	62730	1	
21170340	62731	1	
21170350	62732	1	
21170360	62733	1	
21170370	62734	1	
21170380	62735	1	
21170390	62736	1	
21170400	62737	1	
21170410	62738	1	
114010	1	20000	
114020	12	5	
114030	30013	1	
114040	3914001	1	[1,0]
114050	60201	1	
114060	1	30000	
114070	40100	2	
114080	40104	2	
114090	40103	2	
114100	60201	1	
114110	1	40000	
114120	2994001	1	[1,0]
114130	3914001	2	[1,0]
114140	40114	1	
114150	60201	1	
114160	1	50000	
114170	2994001	2	[1,0]
114180	40110	1	
114190	40113	1	
114200	60201	1	
114210	3914001	1	[1,0]
114220	2994001	1	[1,0]
114230	40110	1	
114240	40114	1	
114250	40113	1	
114211	40104	1	
114221	40103	1	
114231	30013	1	
114241	30013	1	
114251	30013	1	
114212	1	4000	
114222	12	3	
114232	1	4000	
114242	12	5	
114252	1	4000	
114260	60200	100	
114270	60201	1	
114280	60200	150	
114290	60201	1	
114300	60200	200	
114310	60201	2	
114261	3	50	
114271	3	50	
114281	3	50	
114291	3	50	
114301	3	50	
114311	3	50	
114262	60202	15	
114272	60202	15	
114282	60202	15	
114292	60202	15	
114302	60202	15	
114312	60200	200	
116010	1	20000	
116020	12	5	
116030	30013	1	
116040	3914001	1	[1,0]
116050	60401	1	
116060	1	30000	
116070	40100	2	
116080	40104	2	
116090	40103	2	
116100	60401	1	
116110	1	40000	
116120	2994001	1	[1,0]
116130	3914001	2	[1,0]
116140	40114	1	
116150	60401	1	
116160	1	50000	
116170	2994001	2	[1,0]
116180	40110	1	
116190	40113	1	
116200	60401	1	
116210	3914001	1	[1,0]
116220	2994001	1	[1,0]
116230	40110	1	
116240	40114	1	
116250	40113	1	
116340	40114	1	
116350	40113	2	
116211	40104	1	
116221	40103	1	
116231	30013	1	
116241	30013	1	
116251	30013	1	
116341	30013	2	
116351	3914001	2	[1,0]
116212	1	4000	
116222	12	3	
116232	1	4000	
116242	12	5	
116252	1	4000	
116342	12	5	
116352	30013	2	
116260	60400	45	
116270	60401	1	
116280	60400	70	
116290	60401	1	
116300	60400	90	
116310	60401	2	
116261	3	50	
116271	3	50	
116281	3	50	
116291	3	50	
116301	3	50	
116311	3	50	
116262	60402	15	
116272	60402	15	
116282	60402	15	
116292	60402	15	
116302	60402	15	
116312	60400	90	
117010	1	20000	
117020	12	5	
117030	30013	1	
117040	31204	1	
117050	70001	40	
117060	1	30000	
117070	40100	2	
117080	40104	2	
117090	40103	2	
117100	70002	10	
117110	1	40000	
117120	31104	1	
117130	31204	2	
117140	40114	1	
117150	70001	40	
117160	1	50000	
117170	31104	2	
117180	40110	1	
117190	40113	1	
117200	70002	10	
117210	31204	1	
117220	40110	1	
117230	31104	1	
117240	40114	1	
117250	70001	5	
117260	70001	10	
117270	3	50	
117280	70001	3	
117290	70001	5	
117300	70001	8	
117310	31204	1	
117320	40110	1	
117330	40114	1	
117360	3	50	
117370	3	50	
117380	3	50	
117390	3	50	
117400	3	50	
117211	40104	1	
117221	30013	1	
117231	40103	1	
117241	30013	1	
117251	70002	2	
117261	70002	5	
117271	30013	1	
117281	70002	2	
117291	70002	3	
117301	70002	5	
117311	40104	1	
117321	30013	1	
117331	30013	1	
117361	60601	15	
117371	60601	15	
117381	60601	15	
117391	60601	15	
117401	60601	15	
117212	1	3000	
117222	1	4000	
117232	12	3	
117242	12	5	
117252	1	3000	
117262	1	4000	
117272	1	5000	
117282	1	3000	
117292	1	4000	
117302	1	5000	
117312	1	3000	
117322	1	4000	
117332	12	5	
117362	60600	60	
117372	70001	5	
117382	60600	90	
117392	70002	1	
117402	60600	120	
118210	31204	1	
118220	31104	1	
118230	70002	1	
118240	30013	1	
118250	31204	1	
118260	31204	1	
118270	31104	1	
118280	31204	1	
118290	3	50	
118211	40104	1	
118221	40103	1	
118231	70001	6	
118241	12	3	
118251	40100	1	
118261	40100	1	
118271	40100	1	
118281	40100	1	
118291	30013	1	
118212	1	2000	
118222	1	3000	
118232	1	2000	
118242	1	2000	
118252	1	2000	
118262	1	2000	
118272	1	2000	
118282	1	2000	
118292	1	3000	
118300	30013	2	
118310	30012	1	
118320	30012	2	
118330	30013	1	
118340	12	3	
118350	12	5	
118360	12	10	
118370	12	15	
118301	12	5	
118311	12	3	
118321	12	4	
118331	12	5	
118341	30012	1	
118351	30012	1	
118361	30012	1	
118371	30012	1	
118302	1	2000	
118312	1	2000	
118322	1	2500	
118332	1	3000	
118342	1	2000	
118352	1	2500	
118362	1	3000	
118372	1	4000	
119010	3	50	
119015	60800	90	
119016	70001	5	
119017	60800	135	
119018	70002	1	
119019	60800	180	
119020	30013	1	
119210	30013	1	
119220	30013	1	
119230	320	1	
119240	320	2	
119211	31204	1	
119221	31204	1	
119231	40104	1	
119241	40103	1	
119212	31104	1	
119222	31104	1	
119232	40100	1	
119242	40100	1	
119213	1	1000	
119223	1	1000	
119250	3	25	
119260	40100	1	
119270	31204	1	
119280	31104	1	
119290	30013	1	
119300	320	1	
119310	1	6000	
119311	30013	1	
119312	12	2	
119320	1	9000	
119321	30013	2	
119322	12	4	
119330	1	6000	
119331	40104	3	
119332	40103	3	
119340	1	9000	
119341	40113	1	
119342	40114	1	
119350	1	6000	
119351	31104	2	
119352	31204	2	
119360	1	9000	
119361	31104	4	
119362	31204	4	
119370	2	50	
119380	2	100	
119390	80008	1	
119410	321	1	
119411	40104	1	
119412	40100	1	
119420	321	2	
119421	40104	1	
119422	40100	1	
119430	321	2	
119510	1000	30	
119511	1	9000	
119520	1000	30	
119521	1	9000	
119530	1000	30	
119531	1	9000	
119540	1000	50	
119550	1000	50	
119560	1000	1	
119610	1020	30	
119611	40104	1	
119612	40103	3	
119620	1020	30	
119621	40104	1	
119622	40103	3	
119630	1020	30	
119631	40104	1	
119632	40103	3	
119640	1020	1	
119650	1	9000	
119651	30012	3	
119652	12	3	
119660	1	9000	
119661	31104	3	
119662	40103	2	
119670	1	9000	
119671	31204	3	
119672	40104	2	
119680	2	30	
119681	31104	5	
119682	40113	1	
119690	2	70	
119691	31204	5	
119692	40114	1	
119700	1021	3	
119701	31204	1	
119702	1	2000	
119710	1021	4	
119711	31104	1	
119712	1	2000	
119720	1021	3	
119721	30012	1	
119722	1	2000	
119730	1	9000	
119731	40114	1	
119732	31204	6	
119740	1	9000	
119741	40113	1	
119742	31104	6	
119750	1	9000	
119751	30013	3	
119752	12	5	
119760	2	30	
119761	70001	5	
119762	31204	6	
119770	2	70	
119771	70002	2	
119772	31104	6	
119780	1024	1	
119781	31204	1	
119782	1	2000	
119790	1024	1	
119791	31104	1	
119792	1	2000	
119800	1024	1	
119801	30012	1	
119802	1	2000	
119810	1	6000	
119811	40114	1	
119812	31204	6	
119820	1	6000	
119821	40113	1	
119822	31104	6	
119830	1	6000	
119831	30013	3	
119832	12	5	
119840	3	30	
119841	70001	5	
119842	31204	6	
119850	3	70	
119851	70002	2	
119852	31104	6	
119860	1	2000	
119861	30111	3	
119862	31204	3	
119870	1	2000	
119871	40200	3	
119872	31104	3	
119880	1	2000	
119881	40301	2	
119882	31204	3	
119890	1	2000	
119891	30111	3	
119892	31104	3	
119900	3	30	
119901	40200	3	
119902	31204	3	
119910	1	2000	
119911	40301	2	
119912	31104	3	
119920	1	2000	
119921	30111	3	
119922	31204	3	
119930	1	2000	
119931	40200	3	
119932	31104	3	
119940	3	70	
119941	40301	2	
119942	31204	3	
119950	1	2000	
119951	30113	2	
119952	31104	3	
119960	1	2000	
119961	40201	2	
119962	31204	3	
119970	13006600	1	
120410	4	60	
120420	4	60	
120430	90030	1	
121000	3	50	
121005	70001	5	
121015	60900	150	
121025	70002	1	
121035	60900	200	
121010	30013	1	
120510	30013	1	
120520	30013	1	
120530	30013	1	
120540	30013	1	
120511	40100	1	
120521	12	1	
120531	31204	1	
120541	31104	1	
120512	1	1000	
120522	1	2000	
120532	1	3000	
120542	1	4000	
120550	30013	1	
120551	12	1	
120552	1	5000	
120600	31204	1	
120610	31104	1	
120620	70002	1	
120630	30013	1	
120640	31204	1	
120650	31204	1	
120601	40104	1	
120611	40103	1	
120621	70001	6	
120631	12	3	
120641	40100	1	
120651	40100	1	
120602	1	2000	
120612	1	3000	
120622	1	2000	
120632	1	2000	
120642	1	2000	
120652	1	2000	
120830	62319	2	
120831	31204	1	
120832	1	2000	
120840	62319	2	
120841	31104	1	
120842	1	2000	
120850	62319	6	
120851	62309	2	
120852	11000019	1	
120853	11000020	1	
120854	11000021	1	
120855	11000022	1	
120856	11000023	1	
121230	322	2	
121231	31204	2	
121232	31104	1	
121240	322	3	
121241	30013	1	
121242	12	2	
121250	322	3	
121251	30111	2	
121252	40301	1	
121480	90032	1	
121490	90032	1	
121500	90030	1	
121481	12	2	
121491	12	2	
121501	12	2	
121482	1	3000	
121492	1	3000	
121502	1	3000	
122000	3	50	
122001	60902	90	
122011	70001	5	
122021	60902	135	
122031	70002	1	
122041	60902	180	
122002	30013	1	
123010	70002	1	
123011	70001	6	
123012	1	2000	
123020	31204	1	
123021	40104	1	
123022	1	2000	
123030	31104	1	
123031	40103	1	
123032	1	3000	
123040	70002	1	
123041	70001	6	
123042	1	2000	
123050	30013	1	
123051	12	3	
123052	1	2000	
123060	31204	1	
123061	40104	1	
123062	1	2000	
123070	31104	1	
123071	40103	1	
123072	1	3000	
123080	3	50	
123081	30013	1	
123082	62201	60	
123083	70001	5	
123084	62201	90	
123085	70002	1	
123086	62201	120	
124010	3035052	1	
124011	40104	1	
124012	1	2000	
124020	3065052	1	
124021	40103	1	
124022	1	3000	
124030	3	50	
124031	30013	1	
124032	62404	60	
124033	70001	5	
124034	62404	90	
124035	70002	1	
124036	62404	120	
124080	31204	1	
124081	40104	1	
124082	62313	25	
124090	31104	1	
124091	40103	1	
124092	62313	25	
124100	30013	1	
124101	12	1	
124102	62313	25	
124110	70001	5	
124111	70002	1	
124112	62313	25	
124120	3	120	
124121	45	10	
124122	1	5000	
124130	3	80	
124131	45	7	
124132	1	5000	
124140	3	50	
124141	45	3	
124142	1	5000	
124150	3015051	1	
124151	3025051	1	
124152	1	5000	
124160	3035051	1	
124161	3045051	1	
124162	1	5000	
124170	3055051	1	
124171	3065051	1	
124172	1	5000	
124180	60002	2	
124181	31104	3	
124182	31204	3	
124190	60001	2	
124191	31104	2	
124192	31204	2	
124200	62319	1	
124201	62313	3	
124210	62319	1	
124211	62314	2	
124220	62319	1	
124221	62315	1	
124230	62309	1	
124231	62317	2	
124240	70002	1	
124241	70001	1	
124242	1	2000	
124250	30013	1	
124251	12	3	
124252	1	2000	
124260	31204	1	
124261	12	3	
124262	1	2000	
125010	31204	1	
125011	40104	1	
125012	1	2000	
125020	31104	1	
125021	40103	1	
125022	1	3000	
125030	3	50	
125031	30013	1	
125032	62701	60	
125033	70001	5	
125034	62701	90	
125035	70002	1	
125036	62701	120	
125080	30111	8	
125090	40301	5	
125100	31204	5	
125110	12	8	
125120	31104	5	
125130	29	15	
125140	60001	8	
125150	29	25	
125160	40200	10	
125170	29	30	
125180	40201	5	
125190	29	35	
125200	60002	4	
125210	29	45	
125220	1	10000	
125230	3	50	
125240	70002	1	
125241	70001	6	
125242	1	2000	
125250	30113	1	
125251	40301	1	
125252	1	2000	
125260	40201	1	
125261	40200	2	
125262	1	2000	
125270	30013	1	
125271	12	1	
125272	1	5000	
125280	30113	1	
125281	40301	1	
125282	1	2000	
125290	30013	1	
125291	40100	1	
125292	1	1000	
125300	30013	1	
125301	12	1	
125302	1	1000	
125310	30013	1	
125311	31203	1	
125312	1	2000	
125320	30013	1	
125321	31103	1	
125322	1	2000	
125330	62601	1	
125340	62602	1	
125350	31204	1	
125351	40104	1	
125352	1	2000	
125360	31104	1	
125361	40103	1	
125362	1	3000	
125370	40201	1	
125371	40200	2	
125372	1	2000	
125380	30012	2	
125381	12	2	
125382	1	2000	
125390	70002	1	
125391	70001	6	
125392	1	2000	
125400	31204	1	
125401	40104	1	
125402	1	2000	
125410	30013	2	
125411	12	5	
125412	1	2000	
125420	30012	1	
125421	12	3	
125422	1	2000	
125430	30012	2	
125431	12	4	
125432	1	2500	
125440	30013	1	
125441	12	5	
125442	1	3000	
125450	30012	1	
125451	12	3	
125452	1	2000	
125460	30012	1	
125461	12	5	
125462	1	2500	
125470	30012	1	
125471	12	10	
125472	1	3000	
125480	30012	1	
125481	12	15	
125482	1	4000	
125490	30013	1	
125491	12	1	
125492	1	5000	
125500	30113	1	
125501	40301	1	
125502	1	2000	
125510	3	50	
125511	30013	1	
125512	62712	60	
125513	70001	5	
125514	62712	90	
125515	70002	1	
125516	62712	120	
125560	1025	3	
125561	30013	1	
125562	1	3000	
125570	1025	6	
125571	31104	2	
125572	1	6000	
125580	1025	6	
125581	31204	2	
125582	1	6000	
125590	30012	2	
125600	30013	1	
125610	3	25	
125620	40100	2	
125630	40110	1	
125640	3	25	
125650	40103	2	
125660	40113	1	
125670	3	25	
125680	40104	2	
125690	40114	1	
125700	30013	2	
125710	3	25	
125720	31204	1	
125730	31104	1	
125740	40201	1	
125750	30013	1	
125760	31204	1	
125770	31204	1	
125780	30013	1	
125790	31104	1	
125800	30013	1	
125810	30013	1	
125820	30013	1	
125830	30013	1	
125840	30013	1	
125850	30013	1	
125721	40104	1	
125731	40103	1	
125741	40200	2	
125751	12	1	
125761	40104	1	
125771	40104	1	
125781	40100	1	
125791	40103	1	
125801	12	1	
125811	12	1	
125821	40100	1	
125831	12	1	
125841	31203	1	
125851	31103	1	
125722	1	2000	
125732	1	3000	
125742	1	2000	
125752	1	1000	
125762	1	2000	
125772	1	2000	
125782	1	1000	
125792	1	3000	
125802	1	5000	
125812	1	5000	
125822	1	1000	
125832	1	1000	
125842	1	2000	
125852	1	2000	
125860	1026	2	
125861	30012	1	
125862	1	3000	
125870	1026	3	
125871	31104	1	
125872	1	6000	
125880	1026	3	
125881	31204	1	
125882	1	6000	
125890	30013	3	
125900	12	6	
125910	40104	6	
125920	3	50	
125930	30013	3	
125940	40100	6	
125950	40114	3	
125960	3	50	
125970	3	50	
125971	30013	1	
125972	62713	60	
125973	70001	5	
125974	62713	90	
125975	70002	1	
125976	62713	120	
126020	30012	1	
126021	12	3	
126022	1	3000	
126030	31204	2	
126031	31104	1	
126032	1	3000	
126040	40110	1	
126041	40100	1	
126042	1	3000	
126050	8950002	1	
126060	8950004	1	
126070	8950005	1	
126080	8950006	1	
126090	8950010	1	
126100	50000	100	
126110	31204	1	
126120	31104	1	
126130	40201	1	
126140	30113	1	
126150	31204	1	
126160	30113	1	
126170	70002	1	
126111	40104	1	
126121	40103	1	
126131	40200	2	
126141	40301	1	
126151	40100	1	
126161	40301	1	
126171	70001	6	
126112	1	2000	
126122	1	3000	
126132	1	2000	
126142	1	2000	
126152	1	2000	
126162	1	2000	
126172	1	2000	
126180	3	50	
126181	30013	1	
126182	62714	60	
126183	70001	5	
126184	62714	90	
126185	70002	1	
126186	62714	120	
126230	70002	1	
126231	70001	6	
126232	1	2000	
126240	30013	1	
126250	30013	1	
126260	30013	1	
126241	12	1	
126251	31203	1	
126261	31103	1	
126242	1	1000	
126252	1	2000	
126262	1	2000	
126270	50000	50	
126280	50000	100	
126290	50000	100	
126271	90030	1	
126281	12	5	
126291	90030	1	
126272	1	3000	
126282	1	6000	
126292	1	6000	
126300	1027	6	
126310	1027	6	
126320	1027	8	
126301	30012	1	
126311	31104	1	
126321	31204	1	
126302	1	3000	
126312	1	6000	
126322	1	6000	
126330	30013	1	
126340	12	3	
126350	40104	3	
126360	3	10	
126370	30013	1	
126380	40100	3	
126390	40114	1	
126400	3	10	
126410	30013	1	
126420	40110	1	
126430	40113	1	
126440	3	10	
126450	3	20	
126460	3	20	
126470	3	20	
126451	40110	2	
126461	40113	2	
126471	40114	2	
126452	1	10000	
126462	1	10000	
126472	1	10000	
126480	50000	250	
126481	90030	1	
126482	1	10000	
126490	31204	1	
126500	31104	1	
126510	30013	1	
126520	30013	1	
126530	30013	1	
126540	30013	1	
126550	30013	1	
126560	70002	1	
126570	40110	1	
126580	31204	2	
126590	31204	1	
126600	30013	1	
126610	30012	2	
126491	40104	1	
126501	40103	1	
126511	40100	1	
126521	12	1	
126531	31203	1	
126541	31103	1	
126551	12	1	
126561	70001	6	
126571	40100	1	
126581	31104	1	
126591	40104	1	
126601	12	3	
126611	12	2	
126492	1	2000	
126502	1	3000	
126512	1	1000	
126522	1	1000	
126532	1	2000	
126542	1	2000	
126552	1	5000	
126562	1	2000	
126572	1	3000	
126582	1	2000	
126592	1	2000	
126602	1	2000	
126612	1	2000	
126620	3	50	
126621	30013	1	
126622	62715	60	
126623	70001	5	
126624	62715	90	
126625	70002	1	
126626	62715	120	
126670	3	10	
126680	40103	10	
126690	40104	10	
126700	40100	10	
126710	31104	10	
126720	31204	10	
126730	30013	6	
126740	12	10	
126750	40200	10	
126760	40201	4	
126770	40301	8	
126780	30013	8	
126790	31204	10	
126800	13012001	1	
126810	13012001	1	
126820	13012001	1	
126830	13012001	1	
126840	323	2	
126850	323	3	
126860	323	3	
126841	30012	1	
126851	31104	1	
126861	31204	1	
126842	1	3000	
126852	1	6000	
126862	1	6000	
126870	3	50	
126880	3	50	
126890	40100	4	
126900	40110	2	
126910	31204	6	
126920	30013	2	
126930	40104	4	
126940	40114	2	
126950	31104	6	
126960	40113	2	
126970	60001	5	
126980	31104	5	
126990	3	50	
127000	60002	2	
127010	31204	10	
127020	3	50	
127030	1029	2	
127031	30012	2	
127032	1	3000	
127040	1029	2	
127041	31104	2	
127042	1	6000	
127050	1029	3	
127051	31204	2	
127052	1	6000	
127060	31204	1	
127061	40104	1	
127062	1	2000	
127070	31104	1	
127071	40103	1	
127072	1	3000	
127080	3	50	
127081	30013	1	
127082	63100	80	
127083	70001	5	
127084	63100	120	
127085	70002	1	
127086	63100	160	
127140	30013	1	
127141	12	1	
127142	1	1000	
127150	30013	1	
127151	31203	1	
127152	1	2000	
127160	30013	1	
127161	31103	1	
127162	1	2000	
127180	30013	1	
127181	12	1	
127182	1	5000	
127190	40201	1	
127191	40301	1	
127192	1	2000	
127200	40110	1	
127201	40100	1	
127202	1	3000	
127210	70002	1	
127211	70001	6	
127212	1	2000	
127220	30013	1	
127221	31104	1	
127222	1	2000	
127230	31204	1	
127231	40100	1	
127232	1	2000	
127240	31204	1	
127241	40104	1	
127242	1	2000	
127250	31104	1	
127251	40103	1	
127252	1	3000	
127260	3	50	
127261	30013	1	
127262	62716	60	
127263	70001	5	
127264	62716	90	
127265	70002	1	
127266	62716	120	
127310	40110	1	
127311	40100	1	
127312	1	3000	
127320	70002	1	
127321	70001	6	
127322	1	2000	
127330	30013	1	
127331	31104	1	
127332	1	2000	
127340	31204	1	
127341	40100	1	
127342	1	2000	
127350	30013	1	
127351	12	1	
127352	1	5000	
127360	1031	1	
127361	30012	2	
127362	1	3000	
127370	1031	1	
127371	31104	2	
127372	1	6000	
127380	1031	1	
127381	31204	2	
127382	1	6000	
127390	31104	5	
127400	60002	3	
127410	3	50	
127420	31204	10	
127430	102	100	
127440	3	50	
127450	30013	1	
127451	12	1	
127452	1	1000	
127460	30013	1	
127461	31203	1	
127462	1	2000	
127470	30013	1	
127471	31103	1	
127472	1	2000	
127480	31204	1	
127481	40104	1	
127482	1	2000	
127490	31104	1	
127491	40103	1	
127492	1	3000	
127500	3	50	
127501	30013	1	
127502	62717	60	
127503	70001	5	
127504	62717	90	
127505	70002	1	
127506	62717	120	
127550	40201	1	
127551	40200	2	
127552	1	2000	
127560	40110	1	
127561	40100	1	
127562	1	3000	
127570	70002	1	
127571	70001	6	
127572	1	2000	
127580	31204	1	
127581	40100	1	
127582	1	2000	
127590	30013	1	
127591	40100	1	
127592	1	1000	
127600	30013	1	
127601	12	1	
127602	1	1000	
127610	30013	1	
127611	31203	1	
127612	1	2000	
127620	30013	1	
127621	31103	1	
127622	1	2000	
127630	30013	1	
127631	12	1	
127632	1	5000	
127640	30013	1	
127641	12	1	
127642	1	5000	
127660	1032	1	
127661	30012	2	
127662	1	3000	
127670	1032	1	
127671	31104	2	
127672	1	6000	
127680	1032	1	
127681	31204	2	
127682	1	6000	
127690	31104	5	
127691	102	20	
127700	3	50	
127701	102	20	
127710	31204	10	
127711	102	20	
127720	3	50	
127721	102	20	
127730	60002	3	
127731	102	20	
127740	40201	1	
127741	40301	1	
127742	1	2000	
127750	31204	1	
127751	40104	1	
127752	1	2000	
127760	31104	1	
127761	40103	1	
127762	1	3000	
127770	3	50	
127771	30013	1	
127772	62718	60	
127773	70001	5	
127774	62718	90	
127775	70002	1	
127776	62718	120	
127820	40201	1	
127821	40200	2	
127822	1	2000	
127830	40110	1	
127831	40100	1	
127832	1	3000	
127840	70002	1	
127841	70001	6	
127842	1	2000	
127850	31204	1	
127851	40100	1	
127852	1	2000	
127860	30013	1	
127861	40100	1	
127862	1	1000	
127870	30013	1	
127871	12	1	
127872	1	1000	
127880	30013	1	
127881	31203	1	
127882	1	2000	
127890	30013	1	
127891	31103	1	
127892	1	2000	
127900	30013	1	
127901	12	1	
127902	1	5000	
127910	1034	2	
127911	30012	1	
127912	1	3000	
127920	1034	3	
127921	31104	1	
127922	1	6000	
127930	1034	4	
127931	31204	1	
127932	1	6000	
127940	30013	2	
127950	12	5	
127960	40104	6	
127970	3	50	
127980	30013	2	
127990	40100	6	
128000	40114	3	
128010	3	50	
128020	40110	3	
128030	102	50	
128040	102	50	
128050	30013	2	
128060	3	50	
128070	3	20	
128071	31204	6	
128072	1	6000	
128080	3	20	
128081	31104	6	
128082	1	6000	
128090	3	50	
128091	30013	1	
128092	62719	60	
128093	70001	5	
128094	62719	90	
128095	70002	1	
128096	62719	120	
128140	3018053	1	
128141	30013	1	
128142	1	30000	
128150	3028053	1	
128151	31204	2	
128152	1	30000	
128160	3038053	1	
128161	31104	2	
128162	1	30000	
128170	3048053	1	
128171	12	8	
128172	1	30000	
128180	3058053	1	
128181	40100	2	
128182	1	30000	
128190	3068053	1	
128191	40103	3	
128192	1	30000	
128200	31204	1	
128201	40104	1	
128202	1	2000	
128210	31104	1	
128211	40103	1	
128212	1	3000	
128220	30013	1	
128221	40100	1	
128222	1	1000	
128230	30013	1	
128231	12	1	
128232	1	1000	
128240	30013	1	
128241	31203	1	
128242	1	2000	
128250	30013	1	
128251	31103	1	
128252	1	2000	
128260	40201	1	
128261	40200	2	
128262	1	2000	
128270	40110	1	
128271	40100	1	
128272	1	3000	
128280	70002	1	
128281	70001	6	
128282	1	2000	
128290	31204	1	
128291	40100	1	
128292	1	2000	
128300	40201	1	
128301	40301	1	
128302	1	2000	
128310	31204	2	
128311	13017002	1	
128312	102	50	
128320	31204	2	
128321	70001	6	
128322	1	30000	
128330	31204	2	
128331	70002	1	
128332	1	30000	
128340	50005	25	
128341	13017002	1	
128342	102	50	
128350	50005	50	
128351	13017002	1	
128352	102	50	
21030110	60400	17	
21030210	60400	17	
21030310	60400	17	
21030410	60400	17	
21030510	60400	17	
21030610	60400	17	
21030710	60400	17	
21030810	60400	17	
21030910	60400	17	
21031010	60400	17	
21031110	60400	17	
21031210	60400	17	
21031310	60400	17	
21031410	60400	17	
21031510	60400	17	
21031610	60400	17	
21031710	60400	17	
21031810	60400	17	
21031910	60400	17	
21032010	60400	17	
21032110	60400	17	
21032210	60400	17	
21032310	60400	17	
21032410	60400	17	
21032510	60400	17	
21032610	60400	17	
21032710	60400	17	
21032810	60400	17	
21032910	60400	17	
21033010	60400	17	
21033110	60400	17	
21033210	60400	17	
21033310	60400	17	
21033410	60400	17	
21033510	60400	17	
21033610	60400	17	
21033710	60400	17	
21033810	60400	17	
21033910	60400	17	
21034010	60400	17	
21034110	60400	17	
21034210	60400	17	
21034310	60400	17	
21034410	60400	17	
21034510	60400	17	
21034610	60400	17	
21034710	60400	17	
21034810	60400	17	
21034910	60400	17	
21035010	60400	17	
21035110	60400	17	
21035210	60400	17	
21035310	60400	17	
21035410	60400	17	
21035510	60400	17	
21035610	60400	17	
21035710	60400	17	
21035810	60400	17	
21035910	60400	17	
21036010	60400	17	
21036110	60400	17	
21036210	60400	17	
21036310	60400	17	
21036410	60400	17	
21036510	60400	17	
21036610	60400	17	
21036710	60400	17	
21036810	60400	17	
21036910	60400	17	
21037010	60400	17	
21037110	60400	17	
21037210	60400	17	
21037310	60400	17	
21037410	60400	17	
21037510	60400	17	
21037610	60400	17	
21037710	60400	17	
21037810	60400	17	
21037910	60400	17	
21038010	60400	17	
21038110	60400	17	
21038210	60400	17	
21038310	60400	17	
21038410	60400	17	
21038510	60400	17	
21038610	60400	17	
21038710	60400	17	
21038810	60400	17	
21038910	60400	17	
21039010	60400	17	
21039110	60400	17	
21039210	60400	17	
21039310	60400	17	
21039410	60400	17	
21039510	60400	17	
21039610	60400	17	
21030111	1	3000	
21030211	1	3000	
21030311	1	3000	
21030411	1	3000	
21030511	1	3000	
21030611	1	3000	
21030711	1	3000	
21030811	1	3000	
21030911	1	3000	
21031011	1	3000	
21031111	1	3000	
21031211	1	3000	
21031311	1	3000	
21031411	1	17	
21031511	1	3000	
21031611	1	3000	
21031711	1	3000	
21031811	1	3000	
21031911	1	3000	
21032011	1	3000	
21032111	1	3000	
21032211	1	3000	
21032311	1	3000	
21032411	1	3000	
21032511	1	3000	
21032611	1	3000	
21032711	1	3000	
21032811	1	3000	
21032911	1	3000	
21033011	1	3000	
21033111	1	3000	
21033211	1	3000	
21033311	1	3000	
21033411	1	3000	
21033511	1	3000	
21033611	1	3000	
21033711	1	3000	
21033811	1	3000	
21033911	1	3000	
21034011	1	3000	
21034111	1	3000	
21034211	1	3000	
21034311	1	3000	
21034411	1	3000	
21034511	1	3000	
21034611	1	3000	
21034711	1	3000	
21034811	1	3000	
21034911	1	3000	
21035011	1	3000	
21035111	1	3000	
21035211	1	3000	
21035311	1	3000	
21035411	1	3000	
21035511	1	3000	
21035611	1	3000	
21035711	1	3000	
21035811	1	3000	
21035911	1	3000	
21036011	1	3000	
21036111	1	3000	
21036211	1	3000	
21036311	1	3000	
21036411	1	3000	
21036511	1	3000	
21036611	1	3000	
21036711	1	3000	
21036811	1	3000	
21036911	1	3000	
21037011	1	3000	
21037111	1	3000	
21037211	1	3000	
21037311	1	3000	
21037411	1	3000	
21037511	1	3000	
21037611	1	3000	
21037711	1	3000	
21037811	1	3000	
21037911	1	3000	
21038011	1	3000	
21038111	1	3000	
21038211	1	3000	
21038311	1	3000	
21038411	1	3000	
21038511	1	3000	
21038611	1	3000	
21038711	1	3000	
21038811	1	3000	
21038911	1	3000	
21039011	1	3000	
21039111	1	3000	
21039211	1	3000	
21039311	1	3000	
21039411	1	3000	
21039511	1	3000	
21039611	1	3000	
21030112	60300	18	
21030212	60300	18	
21030312	60300	18	
21030412	60300	18	
21030512	60300	18	
21030612	60300	18	
21030712	60300	18	
21030812	60300	18	
21030912	60300	18	
21031012	60300	18	
21031112	60300	18	
21031212	60300	18	
21031312	60300	18	
21031412	60300	18	
21031512	60300	18	
21031612	60300	18	
21031712	60300	18	
21031812	60300	18	
21031912	60300	18	
21032012	60300	18	
21032112	60300	27	
21032212	60300	27	
21032312	60300	27	
21032412	60300	27	
21032512	60300	27	
21032612	60300	27	
21032712	60300	27	
21032812	60300	27	
21032912	60300	27	
21033012	60300	27	
21033112	60300	100	
21033212	60300	100	
21033312	60300	100	
21033412	60300	100	
21033512	60300	100	
21033612	60300	18	
21033712	60300	18	
21033812	60300	18	
21033912	60300	18	
21034012	60300	18	
21034112	60300	18	
21034212	60300	18	
21034312	60300	18	
21034412	60300	18	
21034512	60300	18	
21034612	60300	27	
21034712	60300	27	
21034812	60300	27	
21034912	60300	49	
21035012	60300	49	
21035112	60300	49	
21035212	60300	49	
21035312	60300	49	
21035412	60300	49	
21035512	60300	49	
21035612	60300	49	
21035712	60300	49	
21035812	60300	49	
21035912	60300	49	
21036012	60300	49	
21036112	60300	49	
21036212	60300	49	
21036312	60300	49	
21036412	60300	49	
21036512	60300	49	
21036612	60300	49	
21036712	60300	49	
21036812	60300	49	
21036912	60300	73	
21037012	60300	73	
21037112	60300	73	
21037212	60300	73	
21037312	60300	73	
21037412	60300	73	
21037512	60300	73	
21037612	60300	73	
21037712	60300	73	
21037812	60300	73	
21037912	60300	270	
21038012	60300	270	
21038112	60300	270	
21038212	60300	270	
21038312	60300	270	
21038412	60300	49	
21038512	60300	49	
21038612	60300	49	
21038712	60300	49	
21038812	60300	49	
21038912	60300	49	
21039012	60300	49	
21039112	60300	49	
21039212	60300	49	
21039312	60300	49	
21039412	60300	73	
21039512	60300	73	
21039612	60300	73	
115010	2994001	3	[1,0]
115020	30013	2	
115030	40110	2	
115040	60401	1	
115050	29	50	
115060	3914001	2	[1,0]
115070	40110	2	
115080	30013	2	
115090	40114	2	
115100	2994001	3	[1,0]
115110	60401	1	
115120	40114	2	
115130	29	50	
115140	2994001	3	[1,0]
115150	60401	1	
115160	2994001	3	[1,0]
115170	3914001	3	[1,0]
115180	30013	2	
115190	30013	1	
115200	40100	3	
115210	40103	3	
115220	40104	3	
115230	3914001	2	[1,0]
115240	40110	2	
115250	40113	2	
115260	30013	2	
115270	29	50	
115280	2994001	4	[1,0]
115290	40113	2	
115300	60401	1	
115011	1	15000	
115021	1	15000	
115031	1	15000	
115041	3944001	3	[1,0]
115051	30013	2	
115061	1	9000	
115071	1	15000	
115081	1	9000	
115091	3954001	3	[1,0]
115101	1	15000	
115111	3964001	3	[1,0]
115121	1	15000	
115131	30013	2	
115141	1	15000	
115151	3914001	3	[1,0]
115161	1	15000	
115171	1	15000	
115181	1	15000	
115191	1	9000	
115201	1	9000	
115211	1	9000	
115221	1	9000	
115231	1	9000	
115241	1	15000	
115251	1	15000	
115261	1	15000	
115271	30013	2	
115281	1	15000	
115291	1	15000	
115301	3924001	3	[1,0]
115310	31104	2	
115320	31104	2	
115330	70002	2	
115340	70002	3	
115350	70002	4	
115360	70002	5	
115370	70002	2	
115380	70002	3	
115390	70002	4	
115400	31104	2	
115410	31204	2	
115420	31204	2	
115430	31204	2	
115440	31204	2	
115450	31204	2	
115460	31204	2	
115470	31204	2	
115480	31204	2	
115490	31204	2	
115500	31204	2	
115510	31204	2	
115520	31204	2	
115530	31204	2	
115540	31204	2	
115550	31204	2	
115560	31204	2	
115570	31204	2	
115580	31204	2	
115590	31204	2	
115600	31204	2	
115610	70002	2	
115620	70002	3	
115630	70002	4	
115640	70002	5	
115650	70002	6	
115660	70002	7	
115670	29	5	
115680	29	5	
115690	29	5	
115700	29	5	
115710	29	5	
115720	29	5	
115730	29	5	
115740	29	5	
115750	29	5	
115760	29	5	
115770	29	5	
115780	29	5	
115790	29	5	
115800	29	5	
115810	29	5	
115820	29	5	
115830	29	5	
115840	29	5	
115850	29	5	
115860	29	5	
115311	40114	2	
115321	40113	2	
115331	70001	12	
115341	70001	18	
115351	70001	24	
115361	70001	30	
115371	70001	12	
115381	70001	18	
115391	70001	24	
115401	40110	2	
115411	30013	1	
115421	30013	1	
115431	30013	1	
115441	30013	1	
115451	30013	1	
115461	30013	1	
115471	30013	1	
115481	30013	1	
115491	30013	1	
115501	30013	1	
115511	30013	1	
115521	30013	1	
115531	30013	1	
115541	30013	1	
115551	30013	1	
115561	30013	1	
115571	30013	1	
115581	30013	1	
115591	30013	1	
115601	30013	1	
115611	70001	12	
115621	70001	18	
115631	70001	24	
115641	70001	30	
115651	70001	36	
115661	70001	42	
115671	30013	1	
115681	30013	1	
115691	30013	1	
115701	30013	1	
115711	30013	1	
115721	30013	1	
115731	30013	1	
115741	30013	1	
115751	30013	1	
115761	30013	1	
115771	30013	1	
115781	30013	1	
115791	30013	1	
115801	30013	1	
115811	30013	1	
115821	30013	1	
115831	30013	1	
115841	30013	1	
115851	30013	1	
115861	30013	1	
115312	12	5	
115322	12	10	
115332	1	2000	
115342	1	3000	
115352	1	4000	
115362	1	5000	
115372	1	2000	
115382	1	3000	
115392	1	5000	
115402	12	10	
115412	1	1000	
115422	1	2000	
115432	1	3000	
115442	1	4000	
115452	1	5000	
115462	1	6000	
115472	1	7000	
115482	1	8000	
115492	1	8500	
115502	1	9000	
115512	1	9500	
115522	1	10000	
115532	1	10500	
115542	1	11000	
115552	1	11500	
115562	1	12000	
115572	1	12500	
115582	1	13000	
115592	1	13500	
115602	1	14000	
115612	1	1000	
115622	1	2000	
115632	1	3000	
115642	1	4000	
115652	1	5000	
115662	1	6000	
115672	1	1000	
115682	1	2000	
115692	1	3000	
115702	1	4000	
115712	1	5000	
115722	1	6000	
115732	1	7000	
115742	1	8000	
115752	1	8500	
115762	1	9000	
115772	1	9500	
115782	1	10000	
115792	1	10500	
115802	1	11000	
115812	1	11500	
115822	1	12000	
115832	1	12500	
115842	1	13000	
115852	1	13500	
115862	1	14000	
115900	60300	100	
115901	47	20	
115902	1	2831	
115980	60300	50	
115981	60301	50	
115990	60300	100	
115991	60301	100	
116000	31204	1	
116001	31104	1	
116002	1	5000	
152010	29	25	
152011	31104	5	
152012	31204	5	
152020	29	25	
152021	70002	4	
152022	70001	24	
152030	29	25	
152031	30111	3	
152032	40301	2	
152040	29	25	
152041	40201	1	
152042	40200	3	
152050	29	25	
152051	31104	10	
152052	31204	10	
152060	29	25	
152061	70002	8	
152062	70001	48	
152070	29	25	
152071	30111	8	
152072	40301	4	
152080	29	25	
152081	40201	3	
152082	40200	8	
153010	29	25	
153011	31104	5	
153012	31204	5	
153020	29	25	
153021	70002	4	
153022	70001	24	
153030	29	25	
153031	30111	3	
153032	40301	2	
153040	29	25	
153041	40201	1	
153042	40200	3	
153050	29	25	
153051	31104	10	
153052	31204	10	
153060	29	25	
153061	70002	8	
153062	70001	48	
153070	29	25	
153071	30111	8	
153072	40301	4	
153080	29	25	
153081	40201	3	
153082	40200	8	
154010	12	15	
154011	29	20	
154012	102	60	
154020	40200	15	
154021	29	20	
154022	102	60	
154030	90014	3	
154031	29	20	
154032	102	60	
154040	40301	10	
154041	29	30	
154042	102	80	
154050	31204	15	
154051	29	30	
154052	102	80	
154060	30013	10	
154061	29	30	
154062	102	80	
154070	40201	10	
154071	29	30	
154072	102	80	
160000	60300	1	
160001	60800	1	
160002	1	1	
160010	70002	2	
160020	70002	2	
160030	70002	2	
160040	70002	2	
160050	70002	2	
160060	70002	2	
160070	70002	2	
160080	70002	2	
160090	70002	2	
160100	40110	5	
160110	31204	5	
160120	31204	5	
160130	31204	5	
160140	31204	5	
160150	31204	5	
160160	31204	5	
160170	31204	5	
160180	31204	5	
160190	31204	5	
160200	31204	5	
160210	31204	5	
160220	31204	5	
160230	31204	5	
160240	31204	5	
160250	31204	5	
160260	31204	5	
160270	31204	5	
160280	31204	5	
160290	31204	5	
160300	31204	5	
160310	29	25	
160320	29	25	
160330	29	25	
160340	29	25	
160350	29	25	
160360	29	25	
160370	70002	2	
160380	70002	2	
160390	70002	2	
160400	70002	2	
160410	70002	2	
160420	70002	2	
160430	70002	2	
160440	70002	2	
160450	70002	2	
160460	70002	2	
160011	70001	12	
160021	70001	12	
160031	70001	12	
160041	70001	12	
160051	70001	12	
160061	70001	12	
160071	70001	12	
160081	70001	12	
160091	70001	12	
160101	40114	2	
160111	31104	1	
160121	31104	1	
160131	31104	1	
160141	31104	1	
160151	31104	1	
160161	31104	1	
160171	31104	1	
160181	31104	1	
160191	31104	1	
160201	31104	1	
160211	31104	1	
160221	31104	1	
160231	31104	1	
160241	31104	1	
160251	31104	1	
160261	31104	1	
160271	31104	1	
160281	31104	1	
160291	31104	1	
160301	31104	1	
160311	30013	1	
160321	30013	1	
160331	30013	2	
160341	30013	2	
160351	30013	3	
160361	30013	3	
160371	70001	12	
160381	70001	12	
160391	70001	12	
160401	70001	12	
160411	70001	12	
160421	70001	12	
160431	70001	12	
160441	70001	12	
160451	70001	12	
160461	70001	12	
160012	1	1000	
160022	1	2000	
160032	1	1500	
160042	1	2000	
160052	1	2500	
160062	1	3000	
160072	1	1000	
160082	1	2000	
160092	1	3000	
160102	12	15	
160112	1	1000	
160122	1	1500	
160132	1	2000	
160142	1	2500	
160152	1	3000	
160162	1	3500	
160172	1	4000	
160182	1	4500	
160192	1	5000	
160202	1	5500	
160212	1	6000	
160222	1	6500	
160232	1	7000	
160242	1	7500	
160252	1	8000	
160262	1	8500	
160272	1	9000	
160282	1	9500	
160292	1	10000	
160302	1	10500	
160312	1	2000	
160322	1	2000	
160332	1	3000	
160342	1	3000	
160352	1	5000	
160362	1	5000	
160372	1	1000	
160382	1	2000	
160392	1	3000	
160402	1	4000	
160412	1	5000	
160422	1	6000	
160432	1	7000	
160442	1	8000	
160452	1	9000	
160462	1	10000	
161010	31204	2	
161020	31204	3	
161030	31204	4	
161040	31204	5	
161050	31204	5	
161060	70002	2	
161070	70002	2	
161080	70002	2	
161090	70002	2	
161100	40110	3	
161110	70002	2	
161120	70002	2	
161130	70002	2	
161140	70002	2	
161150	70002	2	
161160	70002	2	
161170	70002	2	
161180	70002	2	
161190	70002	2	
161200	70002	2	
161210	29	30	
161220	29	30	
161230	29	30	
161240	29	30	
161250	29	30	
161260	31204	2	
161270	31204	3	
161280	31204	4	
161290	31204	5	
161300	31204	5	
161011	31104	1	
161021	31104	1	
161031	31104	1	
161041	31104	1	
161051	31104	1	
161061	70001	12	
161071	70001	12	
161081	70001	12	
161091	70001	12	
161101	40114	1	
161111	70001	12	
161121	70001	12	
161131	70001	12	
161141	70001	12	
161151	70001	12	
161161	70001	12	
161171	70001	12	
161181	70001	12	
161191	70001	12	
161201	70001	12	
161211	30013	1	
161221	30013	1	
161231	30013	1	
161241	30013	1	
161251	30013	1	
161261	31104	1	
161271	31104	1	
161281	31104	1	
161291	31104	1	
161301	31104	1	
161012	1	1000	
161022	1	2000	
161032	1	3000	
161042	1	4000	
161052	1	5000	
161062	1	1000	
161072	1	2000	
161082	1	3000	
161092	1	4000	
161102	12	10	
161112	1	1000	
161122	1	2000	
161132	1	3000	
161142	1	4000	
161152	1	5000	
161162	1	6000	
161172	1	7000	
161182	1	8000	
161192	1	9000	
161202	1	10000	
161212	1	1000	
161222	1	2000	
161232	1	3000	
161242	1	4000	
161252	1	5000	
161262	1	1000	
161272	1	2000	
161282	1	3000	
161292	1	4000	
161302	1	5000	
161000	60300	1	
161001	60301	1	
161002	60900	1	
161003	1	1	
161310	60300	1	
161311	60301	1	
161320	60300	1	
161321	60301	1	
161322	60302	1	
161323	60900	1	
161324	1	1	
161330	60300	1	
161331	60301	1	
161332	60302	1	
181010	13012003	1	
181020	13012003	1	
181030	13012003	1	
181040	13012003	1	
181050	50000	30	
181060	50000	30	
181070	50000	30	
181080	50000	30	
181090	50000	30	
181100	50000	30	
181011	1	1000	
181021	1	1000	
181031	1	1000	
181041	1	1000	
181051	31104	3	
181061	30013	3	
181071	40301	4	
181081	31104	3	
181091	30013	3	
181101	40301	4	
181052	31204	3	
181062	12	4	
181072	40200	3	
181082	31204	3	
181092	12	4	
181102	40200	3	
21030100	3	30	
21030200	3	30	
21030300	3	30	
21030400	3	30	
21030500	3	30	
21030101	3914001	1	[1,0]
21030201	12	5	
21030301	3934001	1	[1,0]
21030401	30013	1	
21030501	2994001	1	[1,0]
21030102	3924001	1	[1,0]
21030302	3944001	1	[1,0]
21030402	30012	2	
21030502	2994001	1	[1,0]
21030103	1	5000	
21030203	1	5000	
21030303	1	5000	
21030403	1	5000	
21030503	1	5000	
22000001	90002	1	
21050100	3	30	
21050101	12	5	
21050102	30012	2	
21050103	1	5000	
21050110	3	30	
21050111	31204	1	
21050112	30013	1	
21050113	1	5000	
21050120	3	30	
21050121	31204	1	
21040102	31104	1	
21050123	1	5000	
1099990	41	1	
1099991	3	50	
1099992	4	30	
1099980	2994001	1	[1,0]
1099981	3924001	1	[1,0]
1099982	41	1	
1099970	1	5000	
1099971	41	10	
1099972	4	30	
1099960	1	5000	
1099961	41	10	
1099962	4	30	
1099950	1	5000	
1099951	41	10	
1099952	4	30	
1099940	1	5000	
1099941	41	10	
1099942	4	30	
1099930	1	5000	
1099931	41	10	
1099932	4	30	
1099920	1	5000	
1099921	41	10	
1099922	4	30	
1099910	1	5000	
1099911	41	10	
1099912	4	30	
1099900	1	5000	
1099901	41	10	
1099902	4	30	
1099890	1	5000	
1099891	41	10	
1099892	4	30	
1099880	1	5000	
1099881	41	10	
1099882	4	30	
1099870	1	5000	
1099871	41	10	
1099872	4	30	
1099860	1	5000	
1099861	41	10	
1099862	4	30	
1099850	1	5000	
1099851	41	10	
1099852	4	30	
1900000	1	10000	
1900001	4	20	
1900002	3924001	1	[1,0]
1900010	1	10000	
1900011	4	20	
1900012	3924001	1	[1,0]
1900020	1	10000	
1900021	4	20	
1900022	3924001	1	[1,0]
200000	50005	500	
200001	90033	1	
200002	90014	1	
200010	90014	1	
200011	40110	1	
200012	90031	1	
200020	60002	1	
200021	40114	1	
200022	90031	1	
200030	91006	1	
200031	40113	1	
200032	90031	1	
200040	90014	1	
200041	40110	1	
200042	90031	1	
200050	91006	1	
200051	40114	1	
200052	90031	1	
200060	90014	1	
200061	40113	1	
200062	90031	1	
200070	90014	1	
200071	90033	1	
200072	90031	1	
200080	200	6	
200081	90031	1	
200090	200	6	
200091	90031	1	
200100	200	6	
200101	90031	1	
200110	200	6	
200111	90031	1	
200120	23	30	
200121	90031	1	
200130	23	30	
200131	90031	1	
200140	23	30	
200141	90031	1	
200150	23	30	
200151	90031	1	
210000	41	5	
210001	2994001	1	
210002	90032	1	
210010	41	10	
210011	3914001	1	
210012	90032	1	
210020	41	15	
210021	3914001	1	
210022	90032	1	
210030	41	5	
210031	60001	1	
210032	90032	1	
210040	41	10	
210041	60001	1	
210042	90032	1	
210050	41	15	
210051	60001	1	
210052	90032	1	
220000	41	50	
220010	41	50	
220020	41	50	
220030	41	100	
220040	41	20	
220050	41	20	
220060	41	20	
220070	41	20	
220080	41	20	
220090	41	40	
220100	41	60	
220110	41	20	
220120	41	40	
220130	41	60	
380000	30013	2	
380010	31204	2	
380020	31104	2	
380030	40603	1	
380040	70002	2	
380050	30013	2	
380060	9010212	1	
380070	31204	2	
380080	70002	2	
380090	6110306	1	
380001	70001	6	
380011	70001	6	
380021	70001	6	
380031	70001	6	
380041	70001	6	
380051	70001	9	
380061	70001	9	
380071	70001	9	
380081	70001	9	
380091	70001	9	
380002	1	2000	
380012	1	3000	
380022	1	4000	
380032	1	5000	
380042	1	6000	
380052	1	7000	
380062	1	8000	
380072	1	9000	
380082	1	10000	
380092	1	11000	
381010	60801	1	
381020	60802	1	
381030	60803	1	
381040	60804	1	
381050	60805	1	
381060	60806	1	
381070	60807	1	
381080	60808	1	
381011	31204	1	
381021	31204	1	
381031	31204	1	
381041	31204	1	
381051	31204	1	
381061	31204	1	
381071	31204	1	
381081	31204	1	
381012	1	1000	
381022	1	1000	
381032	1	1000	
381042	1	1000	
381052	1	1000	
381062	1	1000	
381072	1	2000	
381082	1	3000	
381090	13005600	1	
381091	11000016	1	
381092	11000017	1	
382010	3	30	
382020	3	30	
382030	3	30	
382040	3	30	
382011	70002	1	
382021	70002	1	
382031	70002	1	
382041	70002	1	
382012	70001	6	
382022	70001	6	
382032	70001	6	
382042	70001	6	
382050	31204	1	
382051	31104	1	
382052	12	3	
382053	1	3000	
382060	1	2000	
382061	30012	1	
382062	12	1	
382070	1	2000	
382071	31204	1	
382072	40104	1	
382080	1	2000	
382081	31104	1	
382082	40103	1	
382090	1	2000	
382091	30012	1	
382092	12	1	
390010	31204	5	
390020	31204	5	
390030	31204	5	
390040	31204	5	
390050	31204	5	
390060	30013	2	
390070	30013	2	
390011	31104	1	
390021	31104	1	
390031	31104	1	
390041	31104	1	
390051	31104	1	
390061	40113	1	
390071	40113	2	
390012	40100	2	
390022	40100	2	
390032	40100	2	
390042	40110	3	
390052	40110	3	
390062	40114	1	
390072	40114	2	
391010	31204	10	
391020	31204	10	
391030	31204	10	
391040	30013	3	
391050	30013	3	
391060	40114	3	
391070	40113	3	
391011	31104	2	
391021	31104	2	
391031	31104	2	
391041	40110	3	
391051	40110	3	
391061	70002	2	
391071	70002	2	
391012	70001	2	
391022	70001	2	
391032	70001	2	
391042	70001	3	
391052	70001	3	
391062	70001	6	
391072	70001	6	
392010	70002	6	
392020	70002	6	
392030	70002	6	
392040	70002	6	
392050	70002	6	
392060	70001	40	
392070	70001	60	
392011	70001	36	
392021	70001	36	
392031	70001	36	
392041	70001	36	
392051	70001	36	
392061	70001	56	
392071	70001	60	
392012	1	1000	
392022	1	1500	
392032	1	2000	
392042	1	2500	
392052	1	3000	
392062	1	4000	
392072	1	5000	
390080	1511003	1	[60,3,0]
390082	2105001	1	[25,0,0]
390090	3016016	1	[25,0,0]
390091	3026016	1	[25,0,0]
390092	3036016	1	[25,0,0]
390093	3046016	1	[25,0,0]
390094	3056016	1	[25,0,0]
390095	3066016	1	[25,0,0]
3300000	42	5	
3300100	30012	3	
3300200	12	3	
3300300	30013	2	
3300001	1	3000	
3300101	1	3000	
3300201	1	3000	
3300301	1	3000	
3300002	43	25	
3300102	43	25	
3300202	43	25	
3300302	43	25	
3300010	3914001	4	[1,0]
3300020	2994001	4	[1,0]
3300030	40693	3	
3300040	40693	3	
3300050	11000010	1	
3300011	12	3	
3300021	12	3	
3300031	3914001	6	[1,0]
3300041	2994001	6	[1,0]
3300051	30013	5	
3300012	1	10000	
3300022	1	10000	
3300032	1	10000	
3300042	1	10000	
3300052	1	20000	
220001	1	3000	
220011	1	3000	
220021	1	3000	
220031	1	5000	
220041	1	3000	
220051	1	3000	
220061	1	3000	
220071	1	3000	
220081	1	3000	
220091	1	4000	
220101	1	5000	
220111	1	3000	
220121	1	4000	
220131	1	5000	
230010	1103	1	
230020	1104	1	
230030	1105	1	
230510	1101	250	
230520	1101	250	
230530	1101	250	
230540	1101	250	
230550	1101	250	
230560	1101	250	
230570	1101	250	
230580	1101	250	
230590	1101	250	
230600	1101	250	
230610	1101	250	
230620	1101	250	
230630	1101	250	
230640	1101	250	
230650	50003	250	
230660	50009	250	
231010	40110	1	
231020	31204	3	
231030	31104	3	
231040	3	50	
231050	40113	1	
231060	31204	3	
231070	40200	3	
231080	3	50	
231090	40114	1	
231100	31204	3	
231110	40201	1	
231120	3	50	
231130	40110	1	
231140	31204	3	
231150	40301	3	
231160	3	100	
231170	1103	1	
231180	1104	1	
231190	1105	1	
231200	50009	100	
231210	50009	150	
231510	1101	500	
231520	1101	500	
231530	1101	1000	
231540	1101	1000	
231550	1101	1000	
231560	1101	1000	
231570	1101	2500	
231580	1101	2500	
231590	1101	2500	
231600	1101	2500	
231511	90030	1	
231521	90030	1	
231531	40113	1	
231541	40114	1	
231551	70002	1	
231561	40110	1	
231571	31204	6	
231581	30013	1	
231591	40201	1	
231601	70002	3	
231512	31204	2	
231522	31104	2	
231532	40103	3	
231542	40104	3	
231552	70001	6	
231562	40100	3	
231572	31104	2	
231582	12	5	
231592	40200	3	
231602	70001	15	
231610	3	50	
3500000	39	5	
3500100	39	10	
3500200	39	15	
3500300	39	20	
3500400	39	3	
3500500	39	5	
3500600	39	7	
3500700	39	10	
3500800	39	10	
3500900	39	20	
3501000	39	48	
3501001	1	24000	
3502000	39	18	
3502010	39	18	
3502020	39	18	
3502030	39	18	
3502001	40	70	
3502011	40	70	
3502021	40	70	
3502031	40	70	
3502040	39	36	
3502050	39	36	
3502060	39	36	
3502070	39	36	
3502041	40	140	
3502051	40	140	
3502061	40	140	
3502071	40	140	
3502080	39	36	
3502090	39	36	
3502100	39	36	
3502110	39	36	
3502081	62723	10	
3502091	62723	10	
3502101	62723	10	
3502111	62723	10	
3502082	40	140	
3502092	40	140	
3502102	40	140	
3502112	40	140	
3503000	39	12	
3503010	39	12	
3503020	39	12	
3503030	39	18	
3503040	39	18	
3503001	40	70	
3503011	40	70	
3503021	40	70	
3503031	40	105	
3503041	40	105	
3503002	38	24	
3503012	38	24	
3503022	38	24	
3503032	38	36	
3503042	38	36	
3503050	39	24	
3503060	39	24	
3503070	39	24	
3503080	39	36	
3503090	39	36	
3503051	40	140	
3503061	40	140	
3503071	40	140	
3503081	40	210	
3503091	40	210	
3503052	38	48	
3503062	38	48	
3503072	38	48	
3503082	38	72	
3503092	38	72	
3504000	39	24	
3504010	39	24	
3504020	39	24	
3504030	39	36	
3504040	39	36	
3504001	1	3000	
3504011	1	3500	
3504021	1	4000	
3504031	1	4500	
3504041	1	5000	
3504100	39	24	
3504110	39	24	
3504120	39	24	
3504130	39	36	
3504140	39	36	
3504101	1	3000	
3504111	1	3500	
3504121	1	4000	
3504131	1	4500	
3504141	1	5000	
3504102	62723	10	
3504112	62723	10	
3504122	62723	10	
3504132	62723	15	
3504142	62723	15	
3505010	11000011	1	
3505020	11000012	1	
3505030	11000013	1	
3505040	11000014	1	
3505050	11000015	1	
3600000	39	6	
3600010	39	9	
3600020	39	12	
3600030	39	7	
3600040	39	10	
3600050	39	14	
3600060	39	8	
3600070	39	12	
3600080	39	16	
3600090	39	9	
3600100	39	13	
3600110	39	18	
3600120	39	10	
3600130	39	15	
3600140	39	20	
3600001	30012	1	
3600011	12	2	
3600021	30013	1	
3600031	30012	1	
3600041	12	2	
3600051	30013	1	
3600061	30012	1	
3600071	12	2	
3600081	30013	1	
3600091	30012	1	
3600101	12	2	
3600111	30013	1	
3600121	30012	1	
3600131	12	2	
3600141	30013	1	
3600012	1	3000	
3600022	1	6000	
3600042	1	3000	
3600052	1	6000	
3600072	1	3000	
3600082	1	6000	
3600102	1	3000	
3600112	1	6000	
3600132	1	3000	
3600142	1	6000	
3610010	13005102	1	
3610020	13005103	1	
3610030	13005104	1	
900600	1	1	
900610	1	1	
900611	1	1	
900612	1	3000	
900620	94014	1	
900621	40801	1	
900622	30014	2	
900623	12	27	
900624	60001	20	
900630	94015	3	
900631	3	680	
900632	40801	2	
900633	12	36	
900634	1	168686	
900640	6110105	1	
900641	11000009	1	
900650	50005	2500	
900651	3002	1	
900652	40801	1	
900660	6410305	1	
900661	9010703	1	
900670	10000008	1	
900671	3	610	
900672	94016	1	
900673	9090007	1	
900680	50005	2500	
900681	3	500	
900682	30014	2	
900683	12	30	
900690	80001	1	
900700	6210404	1	
900701	9010211	1	
900710	95130	1	
900720	95130	3	
900721	95131	1	
900722	95132	20	
900730	50005	2500	
900731	94017	1	
900732	94018	1	
900733	94019	1	
900740	6310306	1	
900741	9010213	1	
900750	90002	2	
900751	3	60	
900752	1	30000	
900760	3002	1	
900761	30013	3	
900762	1	30000	
900770	95133	1	
900780	95133	3	
900781	95134	1	
900782	95135	20	
900790	8800001	1	
900791	8800002	1	
900792	8800003	1	
900793	8800004	1	
900794	8800005	1	
900795	8800006	2	
900796	8800007	2	
900797	8800008	2	
900798	8800009	1	
900799	8800010	1	
900800	8800011	1	
900801	8800012	3	
900802	8800013	8	
900803	8800014	2	
900804	8800015	1	
900810	6000404	1	
900820	50005	2500	
900821	3	500	
900822	30014	2	
900823	12	30	
900830	50000	1250	
900831	3	250	
900832	30014	2	
900833	1	50000	
900840	50003	2500	
900841	3002	1	
900850	50000	2500	
900851	29	150	
900852	30013	5	
900853	12	50	
900860	94024	1	
900861	29	300	
900862	30014	2	
900863	12	27	
900864	60001	20	
900870	6210306	1	
900871	9010214	1	
900880	6710306	1	
900881	9010215	1	
900890	3002	1	
900891	30013	3	
900892	1	30000	
900900	50005	2500	
900901	3	500	
900902	30014	2	
900903	12	30	
900910	90030	1	
900920	95137	1	
900930	95137	3	
900931	95138	1	
900932	95139	20	
900940	8900001	1	
900941	8900002	1	
900942	8900003	1	
900943	8900004	1	
900944	8900005	2	
900945	8900006	1	
900946	8900007	3	
900947	8900008	1	
900948	8900009	1	
900949	8900010	2	
900950	8900011	1	
900951	8900012	1	
900952	8900013	5	
900953	8900014	1	
900954	8900015	2	
900955	8900016	1	
900960	6000504	1	
900970	50005	2500	
900971	3	500	
900972	30014	2	
900973	12	30	
900980	50003	2500	
900981	30013	5	
900982	1	50000	
900990	50005	2500	
900991	29	150	
900992	30014	5	
900993	12	50	
901000	95001	1	
901010	50005	2500	
901011	29	150	
901012	94025	1	
901020	6000205	1	
901021	9010217	1	
901030	6510306	1	
901031	9010216	1	
901040	3	500	
901050	6000704	1	
901060	6000604	1	
901070	50005	1000	
901071	90030	2	
901072	1	50000	
901080	50005	2500	
901081	3	500	
901082	30014	2	
901083	12	30	
901090	50005	5000	
901091	3	2500	
901092	29	150	
901100	50003	5000	
901101	3002	1	
901102	50001	1000	
901110	95140	1	
901120	95140	3	
901121	95141	1	
901122	95142	20	
901130	8910001	1	
901131	8910002	1	
901132	8910003	1	
901133	8910004	3	
901134	8910005	2	
901135	8910006	2	
901136	8910007	2	
901137	8910008	2	
901138	8910009	1	
901139	8910010	1	
901140	8910011	2	
901141	8910012	1	
901142	8910013	7	
901143	8910014	2	
901150	50000	1250	
901151	3	250	
901152	30014	2	
901153	1	50000	
901160	50005	2500	
901161	3	1000	
901162	90030	2	
901163	12	20	
901170	6610306	1	
901171	9010218	1	
901180	80004	1	
901190	50003	2500	
901191	30013	5	
901192	1	50000	
901200	50005	5000	
901201	3	2500	
901202	30014	5	
901210	95143	1	
901220	95143	3	
901221	95144	1	
901222	95145	20	
901230	8920001	1	
901231	8920002	1	
901232	8920003	1	
901233	8920004	1	
901234	8920005	1	
901235	8920006	2	
901236	8920007	1	
901237	8920008	1	
901238	8920009	4	
901239	8920010	2	
901240	8920011	1	
901241	8920012	1	
901242	8920013	1	
901243	8920014	1	
901244	8920015	4	
901245	8920016	1	
901246	8920017	1	
901247	8920018	1	
901248	8920019	1	
901250	6000804	1	
901251	9010221	1	
901260	80007	1	
901270	6410306	1	
901271	9010219	1	
901280	80006	1	
901290	50005	2500	
901291	50003	2500	
901292	12	30	
901293	1	100000	
901300	60814	300	
901301	9091005	1	
901302	90030	1	
901303	40110	1	
901304	1	10000	
901310	60814	50	
901311	40100	1	
901312	1	5000	
901320	60903	5	
901330	50005	10000	
901331	3	5000	
901332	94026	1	
901340	50007	2500	
901341	3	500	
901342	30014	2	
901343	12	30	
901350	6000902	1	
901360	50007	1000	
901361	90030	2	
901362	1	50000	
901370	50007	2500	
901371	3	500	
901372	30014	2	
901373	12	30	
901380	50007	5000	
901381	3	2500	
901382	29	150	
901390	50008	5000	
901391	3002	1	
901392	50001	1000	
901400	542	10	
901401	50007	500	
901402	1	50000	
901410	541	30	
901411	3005	1	
901412	29	150	
901420	542	30	
901421	3005	1	
901422	29	150	
901430	95146	1	
901440	95146	3	
901441	95147	1	
901442	95148	20	
901450	8930001	1	
901451	8930002	1	
901452	8930003	1	
901453	8930004	1	
901454	8930005	2	
901455	8930006	6	
901456	8930007	4	
901457	8930008	2	
901458	8930009	1	
901459	8930010	1	
901460	8930011	2	
901461	8930012	2	
901462	8930013	8	
901463	8930014	1	
901464	8930015	4	
901465	8930016	1	
901470	540	30	
901471	3005	1	
901472	29	150	
901480	80009	1	
901490	6000705	1	
901491	9010223	1	
901500	6001304	1	
901510	6001204	1	
901520	6000505	1	
901521	9010224	1	
901530	80011	1	
901540	95149	1	
901550	95149	3	
901551	95150	1	
901552	95151	20	
901560	8940001	1	
901561	8940002	1	
901562	8940003	1	
901563	8940004	1	
901564	8940005	1	
901565	8940006	1	
901566	8940007	1	
901567	8940008	2	
901568	8940009	1	
901569	8940010	2	
901570	8940011	1	
901571	8940012	8	
901572	8940013	2	
901573	8940014	1	
901574	8940015	4	
901575	8940016	2	
901576	8940017	2	
901580	62502	20	
901581	3	150	
901582	90030	1	
901583	1	10000	
901590	62502	120	
901591	3	750	
901592	90030	2	
901593	29	150	
901600	62502	88	
901610	62502	294	
901620	62502	754	
901630	62502	754	
901640	50009	2500	
901641	3	1000	
901650	6001404	1	
901651	9010225	1	
901660	80012	1	
901670	6710307	1	
901680	80013	1	
901690	50005	5000	
901691	3005	1	
901692	90030	2	
901700	50005	10000	
901701	3	5000	
901702	3005	2	
901710	40301	300	
901711	30113	50	
901712	40201	50	
901713	40200	100	
901720	6001504	1	
901730	94031	1	
901740	29	900	
901741	40103	28	
901742	40113	16	
901743	31104	79	
901744	40104	84	
901745	40114	48	
901746	40100	80	
901747	40110	64	
901748	31204	474	
901749	30014	25	
901739	12	352	
901738	1	5000000	
901750	6000805	1	
901751	9010226	1	
901760	80015	1	
901770	6410305	1	
901771	9010703	1	
901780	80002	1	
901790	50005	2500	
901791	50003	2500	
901792	90030	2	
901793	12	20	
901800	546	320	
901801	90030	2	
901802	1	100000	
901810	50005	5000	
901811	3002	1	
901812	3005	1	
901820	95152	1	
901830	95152	3	
901831	95153	1	
901832	95154	20	
901840	8970001	1	
901841	8970002	1	
901842	8970003	1	
901843	8970004	1	
901844	8970005	1	
901845	8970006	1	
901846	8970007	4	
901847	8970008	7	
901848	8970009	1	
901849	8970010	1	
901850	8970011	1	
901851	8970012	1	
901852	8970013	1	
901853	8970014	2	
901854	8970015	1	
901855	8970016	1	
901856	8970017	1	
901857	8970018	1	
901858	8970019	4	
901860	6001604	1	
901870	50005	2500	
901871	3002	1	
901872	90030	2	
901880	50005	1000	
901881	50003	1000	
901882	3005	1	
901890	6510307	1	
901891	9010229	1	
901900	80018	1	
901910	6001704	1	
901920	6001102	1	
901930	6001002	1	
901940	50010	1000	
901950	50010	2500	
901960	50010	5000	
901970	50011	5000	
901980	50005	5000	
901981	90030	2	
901982	1	50000	
901990	2	680	
902000	2	1280	
902010	50005	500	
902020	50003	500	
902030	50005	150	
902031	90030	5	
902032	31204	10	
902033	31104	5	
902040	50005	450	
902041	29	300	
902042	40104	12	
902043	40114	6	
902050	50005	750	
902060	50005	350	
902070	50005	1500	
902080	50005	2500	
902081	30013	5	
902082	12	50	
902090	50005	5000	
902091	3	500	
902092	29	150	
902100	50005	10000	
902101	3	5000	
902102	3005	1	
902110	95155	1	
902120	95155	3	
902121	95156	1	
902122	95157	20	
902130	8981001	1	
902131	8981002	2	
902132	8981003	1	
902133	8981005	1	
902134	8981006	1	
902135	8981007	1	
902136	8981008	1	
902137	8981009	1	
902138	8981010	1	
902139	8981011	2	
902140	8981012	1	
902141	8981013	1	
902142	8981014	1	
902143	8981015	1	
902144	8981016	1	
902145	8981017	1	
902146	8981018	1	
902147	8981019	1	
902148	8981020	4	
902150	6000405	1	
902160	95158	1	
902170	95158	3	
902171	95159	1	
902172	95160	20	
902180	8981101	1	
902181	8981102	1	
902182	8981103	1	
902183	8981104	1	
902184	8981106	1	
902185	8981107	1	
902186	8981108	1	
902187	8981109	1	
902188	8981110	5	
902189	8981111	1	
902190	8981112	1	
902191	8981113	2	
902192	8981114	2	
902193	8981115	1	
902194	8981116	1	
902200	26	450	
902201	3	2500	
902210	6001904	1	
902220	6001405	1	
902221	9010231	1	
902230	80022	1	
902240	6002004	1	
902250	6710308	1	
902251	9010232	1	
902260	80024	1	
902270	94033	1	
902280	50005	2500	
902281	96004	75	
902290	6002104	1	
902300	6410307	1	
902301	9010233	1	
902310	80026	1	
902320	95161	1	
902330	95161	3	
902331	95162	1	
902332	95163	20	
902340	8981401	1	
902341	8981402	1	
902342	8981403	1	
902343	8981404	3	
902344	8981405	1	
902345	8981406	1	
902346	8981407	2	
902347	8981408	2	
902348	8981409	4	
902349	8981410	1	
902350	8981411	1	
902351	8981412	2	
902352	8981413	2	
902353	8981414	1	
902354	8981415	4	
902355	8981416	3	
902356	8981417	2	
902357	8981418	4	
902358	8981419	4	
902360	50005	500	
902361	50003	500	
902362	50009	250	
902370	50005	2500	
902371	50003	2500	
902372	50009	1250	
902380	50005	5000	
902381	50003	2500	
902382	50009	2500	
902390	50005	1000	
902391	3005	1	
902400	50005	1000	
902401	50003	1000	
902402	50009	1000	
902410	3005	1	
902411	102	3000	
902412	70002	30	
902413	70001	180	
902414	90030	5	
902420	6002204	1	
902430	6110307	1	
902431	9010235	1	
902440	80029	1	
902450	50005	500	
902451	50003	500	
902460	3	1280	
902470	6002304	1	
902480	6001705	1	
902490	40803	1	
902491	50005	250	
902500	40803	3	
902501	50005	1000	
902510	40803	8	
902511	50005	3000	
902520	40803	11	
902521	50005	5000	
902530	50005	1750	
902531	3005	1	
902532	62512	200	
902540	50003	1750	
902541	3005	1	
902542	62512	200	
902550	50009	1750	
902551	3005	1	
902552	62512	200	
902560	94036	1	
902561	62512	2400	
902570	3	150	
902571	90030	1	
902572	1	10000	
902573	62512	40	
902580	3	750	
902581	90030	2	
902582	29	150	
902583	62512	240	
902590	60818	300	
902591	102	300	
902592	90030	2	
902600	60818	50	
902601	90030	1	
902602	1	10000	
902610	50005	2500	
902611	30013	5	
902612	12	50	
902613	62512	400	
902620	50005	5000	
902621	3	500	
902622	29	150	
902623	62512	900	
902630	50005	10000	
902631	3	5000	
902632	3005	1	
902633	62512	2400	
902640	50003	5000	
902641	3002	1	
902642	50001	1000	
902643	62512	1240	
902650	6002404	1	
902660	6002005	1	
902661	9010236	1	
902670	80032	1	
902680	6410305	1	
902681	9010703	1	
902690	80002	1	
902700	6000805	1	
902701	9010226	1	
902710	80015	1	
902720	50005	1000	
902721	3005	1	
902730	50005	1000	
902731	50003	1000	
902732	50009	1000	
902740	50005	500	
902741	50003	500	
902750	50005	1500	
902751	50003	1500	
902752	50009	1000	
902760	50005	2500	
902761	50003	2500	
902762	3005	2	
902770	6002504	1	
902771	9010237	1	
902780	80036	1	
902790	6001605	1	
902791	9010238	1	
902800	80034	1	
902810	95164	1	
902820	95164	3	
902821	95165	1	
902822	95166	20	
902830	8981801	1	
902831	8981802	1	
902832	8981803	1	
902833	8981804	2	
902834	8981805	2	
902835	8981806	1	
902836	8981807	1	
902837	8981808	1	
902838	8981809	2	
902839	8981810	2	
902840	8981811	1	
902841	8981812	1	
902842	8981813	5	
902843	8981814	1	
902844	8981815	2	
902845	8981816	2	
902850	50005	650	
902851	90030	2	
902860	50003	650	
902861	90030	2	
902870	50009	650	
902871	90030	2	
902880	50005	2500	
902881	50003	1000	
902882	50009	1000	
902890	50005	500	
902900	50005	1000	
902901	3005	1	
902910	50005	2500	
902911	50003	2500	
902912	3005	2	
902920	6002604	1	
902930	6000506	1	
902931	9010240	1	
902940	80038	1	
902950	557	320	
902951	90030	2	
902952	1	100000	
902960	32000	2100	
902961	32001	650	
902962	12	200	
902963	90015	25	
902970	50005	500	
902971	50003	500	
902980	50005	1000	
902981	3005	1	
902990	50005	1250	
902991	50003	1250	
903000	50005	1000	
903001	50003	1000	
903002	50009	1000	
903010	50005	2500	
903011	50003	2500	
903012	3005	2	
903020	3	1280	
903030	6002704	1	
903040	6001406	1	
903041	9010241	1	
903050	80041	1	
903060	95167	1	
903070	95167	3	
903071	95168	1	
903072	95169	20	
903080	8982001	1	
903081	8982002	1	
903082	8982003	1	
903083	8982004	1	
903084	8982005	1	
903085	8982006	3	
903086	8982007	1	
903087	8982008	1	
903088	8982009	1	
903089	8982010	1	
903090	8982011	1	
903091	8982012	1	
903092	8982013	1	
903093	8982014	1	
903094	8982015	2	
903095	8982016	2	
903096	8982017	1	
903097	8982018	1	
903098	8982019	1	
903100	50005	1000	
903101	3005	1	
903110	50005	2500	
903111	50003	2500	
903112	50009	1250	
903120	50005	7500	
903121	50003	2500	
903122	3005	1	
903130	94051	1	
903140	94033	1	
903150	50005	500	
903151	50003	500	
903160	50005	2000	
903161	3005	1	
903200	6002804	1	
903210	6000806	1	
903211	9010242	1	
903220	80043	1	
903230	6001905	1	
903231	9010243	1	
903240	80044	1	
903250	95170	1	
903260	95170	3	
903261	95171	1	
903262	95172	20	
903270	8982101	1	
903271	8982102	1	
903272	8982103	1	
903273	8982104	2	
903274	8982105	1	
903275	8982106	2	
903276	8982107	1	
903277	8982108	1	
903278	8982109	1	
903279	8982110	1	
903280	8982111	3	
903281	8982112	2	
903282	8982113	2	
903283	8982114	1	
903284	8982115	4	
903285	8982116	4	
903286	8982117	2	
903287	8982118	8	
903290	50005	2000	
903291	3005	1	
903300	50005	2500	
903310	50005	2500	
903311	50003	2500	
903312	3005	2	
903320	50005	1000	
903321	3005	1	
903330	50005	2500	
903331	3	1000	
903340	50005	3500	
903341	50003	2500	
903350	50005	5000	
903351	50003	2500	
903352	50009	2500	
903370	6002904	1	
903371	9010244	1	
903380	80048	1	
903390	6002305	1	
903391	9010246	1	
903400	80046	1	
903410	95173	1	
903420	95173	3	
903421	95174	1	
903422	95175	20	
903430	8982201	1	
903431	8982202	1	
903432	8982203	1	
903433	8982204	1	
903434	8982205	1	
903435	8982206	1	
903436	8982207	2	
903437	8982208	6	
903438	8982209	1	
903439	8982210	2	
903440	8982211	4	
903441	8982212	2	
903442	8982213	1	
903443	8982214	4	
903444	8982215	1	
903445	8982216	1	
903446	8982217	2	
903447	8982218	7	
903448	8982219	2	
903450	50005	2000	
903451	3005	1	
903460	50005	2500	
903461	3	1500	
903470	50005	3000	
903471	50003	1000	
903472	50009	1000	
903480	50005	1000	
903481	3005	1	
903490	50005	2500	
903491	3	1000	
903500	50005	2500	
903501	3	2500	
903502	3005	1	
903510	3	1280	
903520	6003004	1	
903530	6001606	1	
903531	9010247	1	
903540	80049	1	
903550	561	320	
903551	90030	2	
903552	1	100000	
903560	50005	1000	
903561	3005	1	
903570	50005	2500	
903571	50003	1500	
903572	3	1000	
903580	50005	7500	
903581	50003	2500	
903582	3005	1	
903590	50005	500	
903591	50003	500	
903600	50005	2000	
903601	3005	1	
903610	50005	2500	
903611	3	2500	
903612	3005	1	
903620	3	2500	
903630	6003104	1	
903640	6210406	1	
903641	9010248	1	
903650	80051	1	
903660	50005	2000	
903661	3005	1	
903670	50005	2500	
903671	50003	1500	
903680	50005	3000	
903681	50003	1000	
903682	50009	1000	
903690	50005	1000	
903691	3005	1	
903700	50005	2000	
903701	3	1000	
903710	50005	2500	
903711	50003	2500	
903712	3005	2	
903720	3	1280	
903730	50005	2500	
903731	30013	5	
903732	12	50	
903740	50005	5000	
903741	3	500	
903742	29	150	
903750	50005	10000	
903751	3	5000	
903752	3005	1	
903760	50003	5000	
903761	3002	1	
903762	50001	1000	
903733	97009	150	
903743	97009	340	
903753	97009	945	
903763	97009	485	
903770	50005	1000	
903771	3005	1	
903772	97009	50	
903780	50005	2500	
903781	50003	1500	
903782	97009	195	
903790	50005	5000	
903791	3	5000	
903792	97009	485	
903800	97009	150	
903810	50005	2200	
903811	3005	1	
903820	50005	2500	
903821	3	500	
903830	50005	2500	
903831	50003	1250	
903832	50009	1250	
903840	40805	1	
903841	50005	250	
903850	40805	3	
903851	50005	1000	
903860	40805	8	
903861	50005	3000	
903870	563	320	
903871	90030	2	
903872	1	100000	
903880	50005	2200	
903881	3005	1	
903890	50005	2500	
903891	3	1500	
903900	50005	7500	
903901	3	2500	
903910	50005	500	
903911	50003	500	
903920	50005	2500	
903921	3	500	
903930	50005	2500	
903931	3	2500	
903932	3005	1	
903940	6003404	1	
903941	9010250	1	
903950	80060	1	
903960	6001906	1	
903961	9010251	1	
903970	80056	1	
903980	6002705	1	
903981	9010252	1	
903990	80059	1	
904000	95176	1	
904010	95176	3	
904011	95177	1	
904012	95178	20	
904020	8982701	1	
904021	8982702	1	
904022	8982703	1	
904023	8982704	1	
904024	8982705	1	
904025	8982706	1	
904026	8982707	1	
904027	8982708	3	
904028	8982709	2	
904029	8982710	2	
904030	8982711	1	
904031	8982712	1	
904032	8982713	1	
904033	8982714	1	
904034	8982715	1	
904035	8982716	1	
904036	8982717	4	
904037	8982718	2	
904040	50005	2200	
904041	3005	1	
904050	50005	2500	
904051	3	1500	
904060	50005	2700	
904061	50003	2500	
904070	50005	5000	
904071	3	5000	
904080	50005	500	
904081	50003	500	
904090	50005	2500	
904091	3	500	
904100	50005	2500	
904101	3	2500	
904102	3005	1	
904110	6003502	1	
904120	6002905	1	
904121	9010254	1	
904130	80061	1	
904140	6410305	1	
904141	9010703	1	
904150	80002	1	
904160	6310307	1	
904170	94057	1	
904180	50012	1000	
904181	3	500	
904190	50012	1500	
904191	3	1000	
904200	50012	2500	
904201	50013	1500	
904202	3005	1	
904210	50012	5000	
904211	3	5000	
904220	50005	2200	
904221	3005	1	
904230	50005	2500	
904231	3	500	
904240	50005	2500	
904241	50003	1250	
904242	3	1250	
904250	6003604	1	
904260	6002805	1	
904261	9010255	1	
904270	80065	1	
904280	50005	2200	
904281	3005	1	
904290	50005	2500	
904291	3	1500	
904300	50005	7500	
904301	3	2500	
904310	50005	500	
904311	50003	500	
904320	50005	2500	
904321	3	500	
904330	50005	2500	
904331	3	2500	
904332	3005	1	
904340	6003704	1	
904341	9010256	1	
904350	80066	1	
904360	6003105	1	
904361	9010258	1	
904370	80068	1	
904380	95179	1	
904390	95179	3	
904391	95180	1	
904392	95181	21	
904400	8983001	1	
904401	8983002	1	
904402	8983003	1	
904403	8983004	1	
904404	8983005	1	
904405	8983006	1	
904406	8983007	1	
904407	8983008	1	
904408	8983009	1	
904409	8983010	1	
904410	8983011	2	
904411	8983012	1	
904412	8983013	2	
904413	8983014	1	
904414	8983015	1	
904415	8983016	2	
904416	8983017	6	
904417	8983018	2	
904418	8983019	1	
904419	8983020	1	
904420	8983021	1	
904430	50005	2500	
904431	3	1500	
904440	50005	2700	
904441	50003	2500	
904450	50005	5000	
904451	3	5000	
904460	50005	2200	
904461	3005	1	
904470	50005	2500	
904471	3	500	
904480	50005	2500	
904481	50003	1250	
904482	3	1250	
904490	6003804	1	
904500	6001205	1	
904510	569	320	
904511	90030	2	
904512	1	100000	
904520	50005	1000	
904521	3005	1	
904530	50005	2500	
904531	50003	1500	
904540	50005	5000	
904541	3	5000	
904550	50005	2200	
904551	3005	1	
904560	50005	2500	
904561	3	500	
904570	50005	2500	
904571	50003	1250	
904572	50009	1250	
904580	1	1000	
904590	6003904	1	
904600	80074	1	
904610	6002906	1	
904620	80071	1	
904630	95182	1	
904640	95182	3	
904641	95183	1	
904642	95184	20	
904650	8983038	1	
904651	8983039	1	
904652	8983040	1	
904653	8983041	1	
904654	8983042	1	
904655	8983043	1	
904656	8983044	1	
904657	8983045	1	
904658	8983046	1	
904659	8983047	1	
904660	8983048	1	
904661	8983049	5	
904662	8983050	5	
904663	8983051	4	
904664	8983052	3	
904665	8983053	2	
904666	8983054	2	
904670	50005	2200	
904671	3005	1	
904680	50005	2500	
904681	3	1500	
904690	50005	2700	
904691	50003	2500	
904700	50005	5000	
904701	3	5000	
904710	50005	9000	
904711	3	10000	
904720	50005	2200	
904721	3005	1	
904730	50005	2500	
904731	3	500	
904740	50005	2500	
904741	50003	1250	
904742	3	1250	
904750	6004004	1	
904760	6002605	1	
904770	6002506	1	
904780	80075	1	
904790	571	320	
904791	90030	2	
904792	1	100000	
904800	50005	1000	
904801	3005	1	
904810	50005	2500	
904811	50003	1500	
904820	50005	5000	
904821	3	5000	
904830	50005	2200	
904831	3005	1	
904840	50005	2500	
904841	3	500	
904850	50005	2500	
904851	50003	1250	
904852	50009	1250	
904860	50005	2200	
904861	3005	1	
904870	50005	2500	
904871	3	1500	
904880	50005	5000	
904881	3	5000	
904890	50005	350	
904900	50005	1500	
904910	50005	500	
904911	50003	500	
904920	50005	2500	
904921	3	500	
904930	50005	2500	
904931	3	2500	
904932	3005	1	
904940	50005	250	
904941	40807	1	
904950	50005	1000	
904951	40807	3	
904960	50005	3000	
904961	40807	8	
904970	50005	2500	
904971	30013	5	
904972	12	50	
904980	50005	5000	
904981	3	500	
904982	29	150	
904990	50005	10000	
904991	3	5000	
904992	3005	1	
905000	50003	5000	
905001	3002	1	
905002	50001	1000	
905010	6004104	1	
905020	80079	1	
905030	6003305	1	
905040	80077	1	
905050	50005	500	
905051	50003	500	
905060	50005	2500	
905061	3	1500	
905070	50005	5000	
905071	3	5000	
905080	50005	350	
905090	50005	1500	
905100	50005	2200	
905101	3005	1	
905110	50005	2500	
905111	3	500	
905120	50005	2500	
905121	3	2500	
905122	3005	1	
905130	50005	2500	
905131	30013	5	
905132	12	50	
905140	50005	5000	
905141	3	500	
905142	29	150	
905150	50005	10000	
905151	3	5000	
905152	3005	1	
905160	50003	5000	
905161	3002	1	
905162	50001	1000	
905170	6004204	1	
905180	6003106	1	
905190	80081	1	
905200	50005	500	
905201	50003	500	
905210	50005	2500	
905211	3	1500	
905220	50005	5000	
905221	3	5000	
905230	50005	9000	
905231	3	10000	
905240	50005	350	
905250	50005	1500	
905260	50005	2200	
905261	3005	1	
905270	50005	2500	
905271	3	500	
905280	50005	2500	
905281	3	2500	
905282	3005	1	
905290	50005	2500	
905291	30013	5	
905292	12	50	
905300	50005	5000	
905301	3	500	
905302	29	150	
905310	50005	10000	
905311	3	5000	
905312	3005	1	
905320	50003	5000	
905321	3002	1	
905322	50001	1000	
905330	6004304	1	
905340	80085	1	
905350	6004105	1	
905360	80086	1	
905370	6003905	1	
905380	80087	1	
905390	95185	1	
905400	95185	3	
905401	95186	1	
905402	95187	20	
905410	8983106	1	
905411	8983107	1	
905412	8983108	1	
905413	8983109	1	
905414	8983110	2	
905415	8983111	4	
905416	8983112	1	
905417	8983113	1	
905418	8983114	1	
905419	8983115	1	
905420	8983116	1	
905421	8983117	1	
905422	8983118	1	
905423	8983119	1	
905424	8983120	1	
905425	8983121	2	
905426	8983122	2	
905427	8983123	1	
905428	8983124	4	
905430	50005	1000	
905431	90030	10	
905440	50005	2250	
905441	70001	480	
905442	70002	80	
905450	50005	5000	
905451	3	5000	
905452	3005	1	
905460	575	320	
905461	90030	2	
905462	1	100000	
905470	50005	1000	
905471	90030	10	
905480	3	3000	
905481	3005	1	
905490	50005	2500	
905491	50003	1500	
905500	50005	2500	
905501	29	300	
905510	50005	3000	
905511	70001	480	
905512	70002	80	
905520	50003	5000	
905521	3002	1	
905522	50001	1000	
905530	50005	10000	
905531	3	5000	
905532	3005	1	
905540	6004404	1	
905550	6002307	1	
905560	80089	1	
905570	50005	1000	
905571	90030	10	
905580	50005	2500	
905581	50003	1500	
905582	3005	1	
905590	50005	2500	
905591	3	2500	
905592	70001	480	
905593	70002	80	
905600	50005	350	
905610	50005	1500	
905620	50005	2500	
905621	3005	1	
905630	50005	2500	
905631	50003	1500	
905640	50005	5000	
905641	3	5000	
905642	70001	960	
905643	70002	160	
905650	50005	2500	
905651	29	300	
905660	50005	3000	
905661	70001	480	
905662	70002	80	
905670	50003	5000	
905671	3002	1	
905672	50001	1000	
905680	50005	10000	
905681	3	5000	
905682	3005	1	
905690	6004504	1	
905700	80091	1	
905710	6003605	1	
905720	80092	1	
905730	6002906	1	
905740	80071	1	
905750	6002904	1	
905760	80048	1	
905770	30013	10	
905771	31204	40	
905772	31104	16	
905780	30014	5	
905781	31204	160	
905782	31104	25	
905790	30014	20	
905791	31204	280	
905792	31104	35	
905800	94038	1	
905801	90015	5	
905810	50005	500	
905811	30014	5	
905812	31204	90	
905813	12	70	
905820	50003	500	
905821	31104	25	
905822	60002	40	
905823	60001	60	
905830	50009	500	
905831	40301	80	
905832	1	300000	
905840	50005	1000	
905841	3005	1	
905850	50005	4000	
905851	70001	960	
905852	70002	160	
905860	50005	5000	
905861	3	5000	
905862	3005	1	
905870	50005	7500	
905871	50003	2500	
905872	3	9000	
905880	50005	350	
905890	50005	1500	
905900	50005	2500	
905901	3005	1	
905910	50005	2500	
905911	50003	1500	
905920	50005	5000	
905921	3	5000	
905922	70001	960	
905923	70002	160	
905930	50005	2500	
905931	29	300	
905940	50005	3000	
905941	70001	480	
905942	70002	80	
905950	50003	5000	
905951	3002	1	
905952	50001	1000	
905960	50005	10000	
905961	3	5000	
905962	3005	1	
905970	6004604	1	
905980	80096	1	
905990	6003406	1	
906000	80094	1	
906010	14000010	1	
906020	95188	1	
906030	95188	3	
906031	95189	1	
906032	95190	16	
906040	8983153	1	
906041	8983154	1	
906042	8983155	1	
906043	8983156	1	
906044	8983157	2	
906045	8983158	1	
906046	8983159	4	
906047	8983160	1	
906048	8983161	1	
906049	8983162	1	
906050	8983163	1	
906051	8983164	1	
906060	50005	1000	
906061	90030	10	
906070	50005	2500	
906071	50003	1500	
906072	3005	1	
906080	50005	2500	
906081	3	2500	
906082	70001	480	
906083	70002	80	
906090	50005	350	
906100	50005	1500	
906110	50005	2500	
906111	3005	1	
906120	50005	2500	
906121	50003	1500	
906130	50005	5000	
906131	3	5000	
906132	70001	960	
906133	70002	160	
906140	50005	2500	
906141	29	300	
906150	50005	3000	
906151	70001	480	
906152	70002	80	
906160	50003	5000	
906161	3002	1	
906162	50001	1000	
906170	50005	10000	
906171	3	5000	
906172	3005	1	
906180	6004704	1	
906200	6003705	1	
906210	80097	1	
906220	50005	4000	
906221	70001	960	
906222	70002	160	
906230	50005	5000	
906231	3	5000	
906232	3005	1	
906240	50005	7500	
906241	50003	2500	
906242	3	9000	
906250	50005	350	
906260	50005	1500	
906270	50005	2500	
906271	3005	1	
906280	50005	2500	
906281	50003	1500	
906290	50005	5000	
906291	3	5000	
906292	70001	960	
906293	70002	160	
906300	50005	2500	
906301	29	300	
906310	50005	3000	
906311	70001	480	
906312	70002	80	
906320	50003	5000	
906321	3002	1	
906322	50001	1000	
906330	50005	10000	
906331	3	5000	
906332	3005	1	
906340	6004804	1	
906350	80102	1	
906360	6004106	1	
906370	80100	1	
906380	95191	1	
906390	95191	3	
906391	95192	1	
906392	95193	13	
906400	8983179	1	
906401	8983180	1	
906402	8983181	1	
906403	8983182	1	
906404	8983183	1	
906405	8983184	1	
906406	8983185	5	
906407	8983186	1	
906408	8983187	1	
906409	8983188	1	
906410	8983189	1	
906411	8983190	1	
906412	8983191	1	
906413	50005	1000	
906414	90030	10	
906420	50005	2250	
906421	70001	480	
906422	70002	80	
906430	50005	5000	
906431	3	5000	
906432	3005	1	
906440	580	320	
906441	90030	2	
906442	1	100000	
906450	50005	1000	
906451	90030	10	
906460	3	3000	
906461	3005	1	
906470	50005	2500	
906471	50003	1500	
906480	50005	2500	
906481	29	300	
906490	50005	3000	
906491	70001	480	
906492	70002	80	
906500	50003	5000	
906501	3002	1	
906502	50001	1000	
906510	50005	10000	
906511	3	5000	
906512	3005	1	
906520	6004904	1	
906530	6004705	1	
906540	80103	1	
906550	50005	1000	
906551	90030	10	
906560	50005	2500	
906561	50003	1500	
906562	3005	1	
906570	50005	2500	
906571	3	2500	
906572	70001	480	
906573	70002	80	
906580	50005	350	
906590	50005	1500	
906600	50005	250	
906601	40809	1	
906610	50005	1000	
906611	40809	3	
906620	50005	3000	
906621	40809	8	
906630	50005	2500	
906631	3005	1	
906640	50005	2500	
906641	50003	1500	
906650	50005	5000	
906651	3	5000	
906652	70001	960	
906653	70002	160	
906660	50005	2500	
906661	29	300	
906670	50005	3000	
906671	70001	480	
906672	70002	80	
906680	50003	5000	
906681	3002	1	
906682	50001	1000	
906690	50005	10000	
906691	3	5000	
906692	3005	1	
906700	6005004	1	
906710	80107	1	
906720	6004505	1	
906730	80106	1	
906740	6002805	1	
906750	80065	1	
906760	6003605	1	
906770	80092	1	
906780	50014	1000	
906781	90030	10	
906790	50014	2500	
906791	50015	1500	
906792	3005	1	
906800	50014	2500	
906801	3	2500	
906802	70001	480	
906803	70002	80	
906810	50014	9000	
906811	3	10000	
906820	50014	350	
906830	50014	1500	
906840	582	30	
906841	3005	1	
906842	29	150	
906850	583	30	
906851	3005	1	
906852	29	150	
906860	50005	2500	
906861	3005	1	
906870	50005	2500	
906871	3	1500	
906880	50005	5000	
906881	3	5000	
906882	70001	960	
906883	70002	160	
906890	50014	2500	
906891	29	300	
906900	50014	3000	
906901	70001	480	
906902	70002	80	
906910	50015	5000	
906911	3002	1	
906912	50001	1000	
906920	50014	10000	
906921	3	5000	
906922	3005	1	
906930	6004605	1	
906940	80109	1	
906950	6003705	1	
906960	80097	1	
906970	6003105	1	
906980	80068	1	
906990	95194	1	
907000	95194	3	
907001	95195	1	
907002	95196	20	
907010	8983236	1	
907011	8983237	1	
907012	8983238	1	
907013	8983239	1	
907014	8983240	1	
907015	8983241	2	
907016	8983242	1	
907017	8983243	1	
907018	8983244	1	
907019	8983245	1	
907020	8983246	1	
907021	8983247	4	
907022	8983248	3	
907023	50005	4000	
907024	70001	960	
907025	70002	160	
907030	50005	5000	
907031	3	5000	
907032	3005	1	
907040	50005	7500	
907041	50003	2500	
907042	3	9000	
907050	50005	350	
907060	50005	1500	
907070	50005	2500	
907071	3005	1	
907080	50005	2500	
907081	50003	1500	
907090	50005	5000	
907091	3	5000	
907092	70001	960	
907093	70002	160	
907100	50005	2500	
907101	29	300	
907110	50005	3000	
907111	70001	480	
907112	70002	80	
907120	50003	5000	
907121	3002	1	
907122	50001	1000	
907130	50005	10000	
907131	3	5000	
907132	3005	1	
907140	6005304	1	
907150	80114	1	
907160	6004306	1	
907170	80111	1	
907180	50005	1000	
907181	90030	10	
907190	50005	2250	
907191	70001	480	
907192	70002	80	
907200	50005	5000	
907201	3	5000	
907202	3005	1	
907210	585	320	
907211	90030	2	
907212	1	100000	
907220	50005	1000	
907221	90030	10	
907230	3	3000	
907231	3005	1	
907240	50005	2500	
907241	50003	1500	
907250	50005	2500	
907251	29	300	
907260	50005	3000	
907261	70001	480	
907262	70002	80	
907270	50003	5000	
907271	3002	1	
907272	50001	1000	
907280	50005	10000	
907281	3	5000	
907282	3005	1	
907290	6005404	1	
907300	6004205	1	
907310	80116	1	
907320	6003706	1	
907330	80115	1	
907340	6003106	1	
907350	80081	1	
907360	6004705	1	
907370	80103	1	
907380	50005	1000	
907381	90030	10	
907390	50005	2500	
907391	50003	1500	
907392	3005	1	
907400	50005	2500	
907401	3	2500	
907402	70001	480	
907403	70002	80	
907410	50005	350	
907420	50005	1500	
907430	50005	2500	
907431	3005	1	
907440	50005	2500	
907441	50003	1500	
907450	50005	5000	
907451	3	5000	
907452	70001	960	
907453	70002	160	
907460	50005	2500	
907461	29	300	
907470	50005	3000	
907471	70001	480	
907472	70002	80	
907480	50003	5000	
907481	3002	1	
907482	50001	1000	
907490	50005	10000	
907491	3	5000	
907492	3005	1	
907500	6005504	1	
907510	80120	1	
907520	6004706	1	
907530	80119	1	
907540	6004106	1	
907550	80100	1	
907560	6004605	1	
907570	80109	1	
907580	50005	1000	
907581	3005	1	
907590	50005	4000	
907591	70001	960	
907592	70002	160	
907600	50005	5000	
907601	3	5000	
907602	3005	1	
907610	50005	7500	
907611	50003	2500	
907612	3	9000	
907620	50005	350	
907630	50005	1500	
907640	50005	2500	
907641	3005	1	
907650	50005	2500	
907651	50003	1500	
907660	50005	5000	
907661	3	5000	
907662	70001	960	
907663	70002	160	
907670	50005	2500	
907671	29	300	
907680	50005	3000	
907681	70001	480	
907682	70002	80	
907690	50003	5000	
907691	3002	1	
907692	50001	1000	
907700	50005	10000	
907701	3	5000	
907702	3005	1	
907710	6005604	1	
907720	80124	1	
907730	6004505	1	
907740	80106	1	
907750	6003705	1	
907760	80097	1	
907770	14000014	1	
907780	94071	1	
907790	94072	1	
907791	50003	1200	
907800	94073	1	
907801	50009	750	
907810	50005	1000	
907811	90030	10	
907820	50005	2500	
907821	50003	1500	
907822	3005	1	
907830	50005	2500	
907831	3	2500	
907832	70001	480	
907833	70002	80	
907840	50005	350	
907850	50005	1500	
907860	50005	2500	
907861	3005	1	
907870	50005	2500	
907871	50003	1500	
907880	50005	5000	
907881	3	5000	
907882	70001	960	
907883	70002	160	
907890	50005	2500	
907891	29	300	
907900	50005	3000	
907901	70001	480	
907902	70002	80	
907910	50003	5000	
907911	3002	1	
907912	50001	1000	
907920	50005	10000	
907921	3	5000	
907922	3005	1	
907930	6005704	1	
907940	80126	1	
907950	6004706	1	
907960	80119	1	
907970	6004205	1	
907980	80116	1	
907990	6003605	1	
908000	80092	1	
908010	6005004	1	
908020	80107	1	
908030	50005	4000	
908031	70001	960	
908032	70002	160	
908040	50005	5000	
908041	3	5000	
908042	3005	1	
908050	50005	7500	
908051	50003	2500	
908052	3	9000	
908060	50005	350	
908070	50005	1500	
908080	50005	2500	
908081	3005	1	
908090	50005	2500	
908091	50003	1500	
908100	50005	5000	
908101	3	5000	
908102	70001	960	
908103	70002	160	
908110	50005	2500	
908111	29	300	
908120	50005	3000	
908121	70001	480	
908122	70002	80	
908130	50003	5000	
908131	3002	1	
908132	50001	1000	
908140	50005	10000	
908141	3	5000	
908142	3005	1	
908150	6005804	1	
908160	80130	1	
908170	95197	1	
908180	95197	3	
908181	95198	1	
908182	95199	11	
908190	8983293	1	
908191	8983294	1	
908192	8983295	1	
908193	8983296	1	
908194	8983297	1	
908195	8983298	1	
908196	8983299	1	
908197	8983300	1	
908198	8983301	1	
908199	8983302	1	
908200	8983303	1	
908201	6004506	1	
908210	80129	1	
908220	50005	1000	
908221	90030	10	
908230	50005	2500	
908231	50003	1500	
908232	3005	1	
908240	50005	2500	
908241	3	2500	
908242	70001	480	
908243	70002	80	
908250	50005	350	
908260	50005	1500	
908270	50005	2500	
908271	3005	1	
908280	50005	2500	
908281	50003	1500	
908290	50005	5000	
908291	3	5000	
908292	70001	960	
908293	70002	160	
908300	50005	2500	
908301	29	300	
908310	50005	3000	
908311	70001	480	
908312	70002	80	
908320	50003	5000	
908321	3002	1	
908322	50001	1000	
908330	50005	10000	
908331	3	5000	
908332	3005	1	
908340	6005904	1	
908350	6005005	1	
908360	80131	1	
908370	6004205	1	
908380	80116	1	
908390	6003706	1	
908400	80115	1	
908410	11000316	1	
908420	50005	1000	
908421	90030	10	
908430	50005	2500	
908431	50003	1500	
908432	3005	1	
908440	50005	2500	
908441	3	2500	
908442	70001	480	
908443	70002	80	
908450	50005	350	
908460	50005	1500	
908470	50005	2500	
908471	3005	1	
908480	50005	2500	
908481	50003	1500	
908490	50005	5000	
908491	3	5000	
908492	70001	960	
908493	70002	160	
908500	50005	2500	
908501	29	300	
908510	50005	3000	
908511	70001	480	
908512	70002	80	
908520	50003	5000	
908521	3002	1	
908522	50001	1000	
908530	50005	10000	
908531	3	5000	
908532	3005	1	
908540	50005	250	
908541	40811	1	
908550	50005	1000	
908551	40811	3	
908560	50005	3000	
908561	40811	8	
908570	11000319	1	
908571	9091035	1	
908572	50005	150	
908580	11000316	1	
908581	9091032	1	
908582	50005	150	
908590	11000317	1	
908591	9091033	1	
908592	50005	150	
908600	11000318	1	
908601	9091034	1	
908602	50005	150	
908610	80135	1	
908611	50005	300	
908620	6006004	1	
908630	80134	1	
908640	50005	4000	
908641	70001	960	
908642	70002	160	
908650	50005	5000	
908651	3	5000	
908652	3005	1	
908660	50005	7500	
908661	50003	2500	
908662	3	9000	
908670	50005	350	
908680	50005	1500	
908690	50005	2500	
908691	3005	1	
908700	50005	2500	
908701	50003	1500	
908710	50005	5000	
908711	3	5000	
908712	70001	960	
908713	70002	160	
908720	50005	2500	
908721	29	300	
908730	50005	3000	
908731	70001	480	
908732	70002	80	
908740	50003	5000	
908741	3002	1	
908742	50001	1000	
908750	50005	10000	
908751	3	5000	
908752	3005	1	
908760	6006104	1	
908770	80138	1	
908780	6005505	1	
908790	80136	1	
908800	50005	1000	
908801	90030	10	
908810	50005	2500	
908811	50003	1500	
908812	3005	1	
908820	50005	2500	
908821	3	2500	
908822	70001	480	
908823	70002	80	
908830	50005	350	
908840	50005	1500	
908850	50005	2500	
908851	3005	1	
908860	50005	2500	
908861	50003	1500	
908870	50005	5000	
908871	3	5000	
908872	70001	960	
908873	70002	160	
908880	50005	2500	
908881	29	300	
908890	50005	3000	
908891	70001	480	
908892	70002	80	
908900	50003	5000	
908901	3002	1	
908902	50001	1000	
908910	50005	10000	
908911	3	5000	
908912	3005	1	
908920	6006204	1	
908930	80140	1	
908940	6004806	1	
908950	80139	1	
908960	6006004	1	
908970	80134	1	
908980	95200	1	
908990	95200	3	
908991	95201	1	
908992	95202	20	
909000	8983326	1	
909001	8983327	1	
909002	8983328	1	
909003	8983329	1	
909004	8983330	1	
909005	8983331	1	
909006	8983332	1	
909007	8983333	1	
909008	8983334	1	
909009	8983335	1	
909010	8983336	2	
909020	50005	1000	
909021	90030	10	
909030	50005	2500	
909031	50003	1500	
909032	3005	1	
909040	50005	2500	
909041	3	2500	
909042	70001	480	
909043	70002	80	
909050	50005	350	
909060	50005	1500	
909070	50005	2500	
909071	3005	1	
909080	50005	2500	
909081	50003	1500	
909090	50005	5000	
909091	3	5000	
909092	70001	960	
909093	70002	160	
909100	50005	2500	
909101	29	300	
909110	50005	3000	
909111	70001	480	
909112	70002	80	
909120	50020	5000	
909121	3002	1	
909122	50001	1000	
909130	50005	10000	
909131	3	5000	
909132	3005	1	
909140	6006304	1	
909150	80143	1	
909160	6005306	1	
909170	80141	1	
909180	9091036	1	
909181	9091037	1	
909182	9091038	1	
909183	9091039	1	
909184	9091040	1	
909185	9091041	1	
909186	9091042	1	
909187	9091043	1	
909190	9091044	1	
909191	9091045	1	
909192	9091046	1	
909193	9091047	1	
909194	9091048	1	
909195	9091049	1	
909196	9091050	1	
909197	9091051	1	
909200	9090026	1	
909201	50005	1000	
909210	14000017	1	
909220	14000014	1	
909230	14000010	1	
909240	6003105	1	
909250	80068	1	
909260	50021	1500	
909270	50021	2500	
909280	50021	4000	
909281	3005	1	
909290	50021	5000	
909291	2	5000	
909292	70001	960	
909293	70002	160	
909300	50021	9000	
909301	2	10000	
909310	50023	2500	
909311	40200	36	
909312	40201	12	
909320	50022	1500	
909330	6004906	1	
909340	80144	1	
909350	6003907	1	
909360	80123	1	
909370	50005	1000	
909371	90030	10	
909380	50005	2500	
909381	50003	1500	
909382	3005	1	
909390	50005	2500	
909391	2	2500	
909392	70001	480	
909393	70002	80	
909400	50005	350	
909410	50005	1500	
909420	50005	2500	
909421	3005	1	
909430	50005	2500	
909431	50003	1500	
909440	50005	5000	
909441	2	5000	
909442	70001	960	
909443	70002	160	
909450	50005	2500	
909451	29	300	
909460	50005	3000	
909461	70001	480	
909462	70002	80	
909470	50003	5000	
909471	3002	1	
909472	50001	1000	
909480	50005	10000	
909481	2	5000	
909482	3005	1	
909490	6006504	1	
909500	80146	1	
909510	6005905	1	
909520	80145	1	
909530	2	300	
909540	2	300	
909541	90030	10	
909550	2	980	
909551	96004	30	
3400000	60501	100	
3400100	60501	110	
3400200	60501	115	
3400300	60501	125	
3400400	60501	135	
3400500	60501	155	
3400600	60501	165	
3400700	60501	170	
3400800	60501	185	
3400900	60501	200	
3401000	60501	210	
3401100	60501	225	
3401200	60501	235	
3401300	60501	250	
3401400	60501	260	
3401500	60501	270	
3401600	60501	285	
3401700	60501	300	
3401800	60501	315	
3401900	60501	340	
3400001	1	2000	
3400101	1	2000	
3400201	1	2000	
3400301	1	2000	
3400401	1	2000	
3400501	1	2500	
3400601	1	2500	
3400701	1	2500	
3400801	1	2500	
3400901	1	2500	
3401001	1	3000	
3401101	1	3000	
3401201	1	3000	
3401301	1	3000	
3401401	1	3000	
3401501	1	3500	
3401601	1	3500	
3401701	1	3500	
3401801	1	3500	
3401901	1	3500	
3700000	70002	10	
3700010	70001	3	
3700020	70001	6	
3700030	70001	9	
3700040	70002	3	
3700050	70001	40	
3700001	1	3000	
3700011	1	1000	
3700021	1	2000	
3700031	1	3000	
3700041	1	5000	
3700051	1	5000	
3701000	70002	20	
3701001	70001	30	
3701002	1	30000	
3800000	70001	5	
3800010	70002	5	
3800020	70001	5	
3800030	70002	5	
3800001	70002	3	
3800011	70001	20	
3800021	70002	3	
3800031	70001	20	
3800002	1	3000	
3800012	1	5000	
3800022	1	3000	
3800032	1	5000	
3702000	70001	40	
3702001	70001	9	
3702002	1	9000	
3702010	70002	10	
3702011	70001	12	
3702012	1	10000	
3801000	70002	10	
3801010	70002	10	
3801001	70001	20	
3801011	70001	20	
3801002	70002	1	
3801012	70002	1	
3801003	70001	1	
3801013	70001	1	
3900010	52	1	
3900011	51	20	
3900020	52	1	
3900021	51	35	
3900030	52	1	
3900031	51	60	
3901010	51	18	
3901020	51	20	
3901030	51	40	
3901040	51	27	
3901050	51	30	
3901060	51	60	
3901070	51	45	
3901080	51	50	
3901090	51	100	
3901100	51	72	
3901110	51	80	
3901120	51	160	
3901130	51	108	
3901140	51	120	
3901150	51	240	
3902010	52	1	
3902020	52	1	
3902030	52	1	
3902040	52	1	
3902050	52	1	
3902060	52	1	
3902070	52	1	
3902080	52	1	
3902090	52	1	
3902100	52	1	
3902110	52	1	
3902120	52	1	
3902130	52	1	
3902140	52	1	
3902150	52	1	
3902011	51	18	
3902021	51	20	
3902031	51	40	
3902041	51	27	
3902051	51	30	
3902061	51	60	
3902071	51	45	
3902081	51	50	
3902091	51	100	
3902101	51	72	
3902111	51	80	
3902121	51	160	
3902131	51	108	
3902141	51	120	
3902151	51	240	
3902160	52	1	
114100300	6000502	1	
114100310	6000503	1	
114100320	9011005	1	
114100321	426	1	
152100300	6000702	1	
152100310	6000703	1	
152100320	9011006	1	
152100321	427	1	
116100200	6000602	1	
116100210	6000603	1	
116100220	9011007	1	
116100221	428	1	
117100300	6000802	1	
117100310	6000803	1	
117100320	9011008	1	
117100321	429	1	
118100300	32	6	
118100310	32	9	
118100320	9011009	1	
118100321	430	1	
119100300	32	6	
119100310	32	9	
119100320	9011010	1	
119100321	431	1	
120100300	32	6	
120100310	32	9	
120100320	9011011	1	
120100321	432	1	
121100200	6001202	1	
121100210	6001203	1	
121100220	9011012	1	
121100221	433	1	
153100300	6001302	1	
153100310	6001303	1	
153100320	9011013	1	
153100321	434	1	
112100300	6001402	1	
112100310	6001403	1	
112100320	9011014	1	
112100321	435	1	
122100200	6001502	1	
122100210	6001503	1	
122100220	9011015	1	
122100221	436	1	
113100300	6001602	1	
113100310	6001603	1	
113100320	9011016	1	
113100321	437	1	
154100300	6001702	1	
154100310	6001703	1	
154100320	9011017	1	
154100321	438	1	
103100400	6001802	1	
103100410	6001803	1	
103100420	9011018	1	
103100421	439	1	
153100400	6001902	1	
153100410	6001903	1	
153100420	9011019	1	
153100421	440	1	
155100300	6002002	1	
155100310	6002003	1	
155100320	9011020	1	
155100321	441	1	
105100400	6002102	1	
105100410	6002103	1	
105100420	9011021	1	
105100421	442	1	
156100300	6002202	1	
156100310	6002203	1	
156100320	9011022	1	
156100321	443	1	
107100400	6002302	1	
107100410	6002303	1	
107100420	9011023	1	
107100421	444	1	
157100300	6002402	1	
157100310	6002403	1	
157100320	9011024	1	
157100321	445	1	
104100400	6002502	1	
104100410	6002503	1	
104100420	9011025	1	
104100421	446	1	
123100200	6002602	1	
123100210	6002603	1	
123100220	9011026	1	
123100221	447	1	
101100400	6002702	1	
101100410	6002703	1	
101100420	9011027	1	
101100421	448	1	
109100300	6002802	1	
109100310	6002803	1	
109100320	9011028	1	
109100321	449	1	
102100500	6002902	1	
102100510	6002903	1	
102100520	9011029	1	
102100521	450	1	
124100200	6003002	1	
124100210	6003003	1	
124100220	9011030	1	
124100221	451	1	
122100300	6003102	1	
122100310	6003103	1	
122100320	9011031	1	
122100321	452	1	
125100200	6003202	1	
125100210	6003203	1	
125100220	9011032	1	
125100221	453	1	
126100300	6003302	1	
126100310	6003303	1	
126100320	9011033	1	
126100321	454	1	
127100300	6003402	1	
127100310	6003403	1	
127100320	9011034	1	
127100321	455	1	
128100200	32	6	
128100210	32	9	
128100220	9011035	1	
128100221	456	1	
108100400	6003602	1	
108100410	6003603	1	
108100420	9011036	1	
108100421	457	1	
152100400	6003702	1	
152100410	6003703	1	
152100420	9011037	1	
152100421	458	1	
129100200	6003802	1	
129100210	6003803	1	
129100220	9011038	1	
129100221	459	1	
117100400	6003902	1	
117100410	6003903	1	
117100420	9011039	1	
117100421	460	1	
130100200	6004002	1	
130100210	6004003	1	
130100220	9011040	1	
130100221	461	1	
124100300	6004102	1	
124100310	6004103	1	
124100320	9011041	1	
124100321	462	1	
121100300	6004202	1	
121100310	6004203	1	
121100320	9011042	1	
121100321	463	1	
102100600	6004302	1	
102100610	6004303	1	
102100620	9011043	1	
102100621	464	1	
131100200	6004402	1	
131100210	6004403	1	
131100220	9011044	1	
131100221	465	1	
105100500	6004502	1	
105100510	6004503	1	
105100520	9011045	1	
105100521	466	1	
132100300	6004602	1	
132100310	6004603	1	
132100320	9011046	1	
132100321	467	1	
133100300	6004702	1	
133100310	6004703	1	
133100320	9011047	1	
133100321	468	1	
153100500	6004802	1	
153100510	6004803	1	
153100520	9011048	1	
153100521	469	1	
134100200	6004902	1	
134100210	6004903	1	
134100220	9011049	1	
134100221	470	1	
113100400	6005002	1	
113100410	6005003	1	
113100420	9011050	1	
113100421	471	1	
135100300	32	6	
135100310	32	9	
135100320	9011052	1	
135100321	472	1	
136100300	32	6	
136100310	32	9	
136100320	9011051	1	
136100321	473	1	
104100500	6005302	1	
104100510	6005303	1	
104100520	9011053	1	
104100521	474	1	
137100200	6005402	1	
137100210	6005403	1	
137100220	9011054	1	
137100221	475	1	
138100300	6005502	1	
138100310	6005503	1	
138100320	9011055	1	
138100321	476	1	
103100500	6005602	1	
103100510	6005603	1	
103100520	9011056	1	
103100521	477	1	
129100300	6005702	1	
129100310	6005703	1	
129100320	9011057	1	
129100321	478	1	
114100400	6005802	1	
114100410	6005803	1	
114100420	9011058	1	
114100421	479	1	
139100300	6005902	1	
139100310	6005903	1	
139100320	9011059	1	
139100321	480	1	
106100400	6006002	1	
106100410	6006003	1	
106100420	9011060	1	
106100421	481	1	
102100700	6006102	1	
102100710	6006103	1	
102100720	9011061	1	
102100721	482	1	
140100300	6006202	1	
140100310	6006203	1	
140100320	9011062	1	
140100321	483	1	
107100500	6006302	1	
107100510	6006303	1	
107100520	9011063	1	
107100521	484	1	
141100300	32	6	
141100310	32	9	
141100320	9011064	1	
141100321	485	1	
142100300	6006502	1	
142100310	6006503	1	
142100320	9011065	1	
142100321	486	1	
4001010	30013	1	
4001020	30013	1	
4001030	30013	1	
4001040	30013	1	
4001050	30013	1	
4001060	30013	1	
4001070	30013	1	
4001080	30013	1	
4001090	30013	1	
4001100	30013	1	
4001110	30013	1	
4001120	30013	1	
4001130	30013	1	
4001140	30013	1	
4001150	30013	1	
4001160	30013	1	
4001170	30013	1	
4001180	30013	1	
4001190	10057	1	
4001200	10057	1	
4001210	10057	1	
4001220	10057	1	
4001230	10057	1	
4001240	10057	1	
4001250	10057	1	
4001011	70002	1	
4001021	70002	1	
4001031	70002	1	
4001041	70002	1	
4001051	70002	1	
4001061	70002	1	
4001071	70002	1	
4001081	70002	1	
4001091	70002	1	
4001101	70002	1	
4001111	70002	1	
4001121	70002	1	
4001131	70002	1	
4001141	70002	1	
4001151	70002	1	
4001161	70002	1	
4001171	70002	1	
4001181	70002	1	
4001012	70001	10	
4001022	70001	10	
4001032	70001	10	
4001042	70001	10	
4001052	70001	10	
4001062	70001	10	
4001072	70001	10	
4001082	70001	10	
4001092	70001	10	
4001102	70001	10	
4001112	70001	10	
4001122	70001	10	
4001132	70001	10	
4001142	70001	10	
4001152	70001	10	
4001162	70001	10	
4001172	70001	10	
4001182	70001	10	
4001013	1	1000	
4001023	1	1000	
4001033	1	1000	
4001043	1	1000	
4001053	1	1000	
4001063	1	1000	
4001073	1	2000	
4001083	1	2000	
4001093	1	2000	
4001103	1	2000	
4001113	1	2000	
4001123	1	2000	
4001133	1	3000	
4001143	1	3000	
4001153	1	3000	
4001163	1	3000	
4001173	1	3000	
4001183	1	3000	
4002010	60810	5	
4002011	70001	3	
4002012	1	1000	
4002020	60810	10	
4002021	70001	3	
4002022	1	1000	
4002030	60810	50	
4002040	60810	100	
4002050	50000	100	
4002060	60810	1	
4002070	50000	100	
4002071	9091002	1	
4002080	60810	20	
4002090	60810	25	
4002100	60810	30	
4002110	60810	35	
4002120	60810	40	
4003000	70002	1	
4003001	70001	3	
4003002	1	3000	
4004010	60812	14	
4004020	60812	16	
4004030	60812	18	
4004040	60812	20	
4004050	13005900	1	
4004060	60812	22	
4004070	60812	24	
4004080	60812	26	
4004090	60812	28	
4004100	13005900	1	
4004110	60812	30	
4004120	60812	32	
4004130	60812	34	
4004140	60812	36	
4004150	13005900	1	
4004160	60812	38	
4004170	60812	40	
4004180	60812	42	
4004190	60812	44	
4004200	13005900	1	
4004210	60812	46	
4004220	60812	48	
4004230	60812	50	
4004240	60812	52	
4004250	13005900	1	
4004260	60812	54	
4004270	60812	56	
4004280	60812	58	
4004290	60812	60	
4004300	13005900	1	
4004310	60812	62	
4004320	60812	64	
4004330	60812	66	
4004340	60812	68	
4004350	13005900	1	
4004360	60812	70	
4004370	60812	72	
4004380	60812	74	
4004390	60812	76	
4004400	13005900	1	
4004410	13005900	1	
4004420	13005900	1	
4004430	13005900	1	
4004440	13005900	1	
4004450	13005900	1	
4004460	60812	120	
4004051	29	25	
4004101	29	25	
4004151	29	25	
4004201	29	25	
4004251	29	25	
4004301	29	25	
4004351	29	25	
4004401	29	25	
4004052	31204	5	
4004102	70002	2	
4004152	31204	10	
4004202	70002	3	
4004252	31204	15	
4004302	70002	4	
4004352	31204	20	
4004402	70002	5	
4004053	31104	5	
4004103	70001	12	
4004153	31104	6	
4004203	70001	18	
4004253	31104	7	
4004303	70001	24	
4004353	31104	8	
4004403	70001	30	
4005000	61001	50	
4005010	61002	20	
4005020	61101	1	
4005030	61102	1	
4005040	61103	1	
4005050	61104	1	
4005060	61105	1	
4005070	61106	1	
4005080	61107	1	
4005090	61108	1	
4005100	61201	1	
4005110	61202	1	
4005120	61203	1	
4005130	61211	1	
4005140	61212	1	
4005150	61213	1	
4005160	61221	1	
4005170	61222	1	
4005180	61223	1	
4005190	61301	1	
4005200	61302	1	
4005210	61501	1	
4005220	61502	1	
4005230	61503	1	
4005240	61504	1	
4005250	61505	1	
4005260	61506	1	
4005300	61001	100	
4005310	61001	1	
4005311	61002	1	
4005400	60902	30	
4005410	50001	100	
4005420	50001	100	
4005430	50001	100	
4005440	9091004	1	
4005450	3002	1	
4005600	3	20	
4005610	3	20	
4005620	3	30	
4005630	3	30	
4005601	31204	1	
4005611	31104	1	
4005621	30013	1	
4005631	31204	2	
4005602	40104	1	
4005612	40103	1	
4005622	40100	1	
4005632	31104	2	
4005700	31204	2	
4005710	31104	2	
4005720	10058	1	
4005701	1	1000	
4005711	1	2000	
4005721	3	30	
4005722	1	3000	
4006010	61507	1	
4006020	61508	1	
4006030	61509	1	
4006040	61510	1	
4006050	61511	1	
4006060	61512	1	
4006070	61513	1	
4006080	61521	1	
4006090	61522	1	
4006100	61523	1	
4006110	61524	1	
4006120	61525	1	
4006130	61526	1	
4006140	61527	1	
4006150	61528	1	
4006160	61529	1	
4006170	61530	1	
4006180	61531	1	
4006190	61532	1	
4006200	61533	2	
4006210	61534	1	
4006220	61535	1	
4006230	61536	1	
4006240	61537	1	
4006250	61538	1	
4006260	61539	1	
4006270	61540	1	
4006280	61541	1	
4006290	61542	1	
4006300	61551	1	
4006310	61552	1	
4006320	61553	1	
4006330	61554	1	
4006340	61575	1	
4006350	61576	1	
4006360	61577	1	
4006370	61578	1	
4006380	61579	4	
4006390	61580	1	
4006400	61581	1	
4006410	61582	6	
4006420	61583	3	
4006430	61584	1	
4006440	61585	3	
4006450	61586	1	
4006460	61587	1	
4006470	61588	1	
4006480	61589	3	
4006490	61590	2	
4006500	61591	1	
4006510	61592	5	
4006520	61601	1	
4006530	61602	1	
4007000	62017	100	
4007010	62017	150	
4007020	62017	200	
4007030	62017	250	
4007040	62017	300	
4007050	62017	100	
4007060	62017	200	
4007070	62017	300	
4007080	3	50	
4007090	62017	100	
4007100	62017	200	
4007110	62017	300	
4007120	3	50	
4007130	62017	100	
4007140	62017	200	
4007150	62017	300	
4007160	3	50	
4007170	62017	100	
4007180	62017	200	
4007190	62017	300	
4007200	3	50	
4007210	62017	100	
4007220	62016	100	
4007230	62003	100	
4007240	62003	100	
4007250	62003	100	
4007260	62003	100	
4007270	62003	100	
4007280	62004	100	
4007290	62004	100	
4007300	62004	100	
4007310	62004	100	
4007320	62004	100	
4007330	62005	100	
4007340	62005	100	
4007350	62005	100	
4007360	62005	100	
4007370	62005	100	
4007380	62001	100	
4007390	62001	100	
4007400	62001	100	
4007410	62001	100	
4007420	62001	100	
4007231	62001	100	
4007241	62001	100	
4007251	62001	100	
4007261	62001	100	
4007271	62001	100	
4007281	62001	100	
4007291	62001	100	
4007301	62001	100	
4007311	62001	100	
4007321	62001	100	
4007331	62001	100	
4007341	62001	100	
4007351	62001	100	
4007361	62001	100	
4007371	62001	100	
4007381	62017	150	
4007391	62017	200	
4007401	62017	250	
4007411	62017	300	
4007421	62017	350	
4007232	62017	100	
4007242	62017	125	
4007252	62017	150	
4007262	62017	175	
4007272	62017	200	
4007282	62017	100	
4007292	62017	125	
4007302	62017	150	
4007312	62017	175	
4007322	62017	200	
4007332	62017	100	
4007342	62017	125	
4007352	62017	150	
4007362	62017	175	
4007372	62017	200	
4007980	13006400	1	
4007990	3	50	
4008000	62101	100	
4009000	62101	50	
4010000	13006300	1	
4010010	70001	48	
4010020	13006301	1	
4010030	70001	96	
4010040	13006302	1	
4010050	70002	24	
4010060	29	50	
4010070	13006303	1	
4010100	31204	2	
4010101	40104	1	
4010102	1	2000	
4010110	31104	1	
4010111	40103	1	
4010112	1	2000	
4010120	31204	2	
4010121	40104	1	
4010122	1	2000	
4010130	31104	1	
4010131	40103	1	
4010132	1	2000	
4010140	70002	1	
4010141	70001	6	
4010142	1	2000	
4020010	31204	2	
4020020	31204	2	
4020030	31204	2	
4020040	31204	2	
4020050	31204	2	
4020060	31204	2	
4020070	31204	2	
4020080	31204	2	
4020090	31204	2	
4020100	31204	2	
4020110	70002	2	
4020120	70002	2	
4020130	70002	2	
4020140	70002	2	
4020150	70002	2	
4020160	70002	2	
4020170	70002	2	
4020180	70002	2	
4020190	70002	2	
4020200	70002	2	
4020011	31104	1	
4020021	31104	1	
4020031	31104	1	
4020041	31104	1	
4020051	31104	1	
4020061	31104	1	
4020071	31104	1	
4020081	31104	1	
4020091	31104	1	
4020101	31104	1	
4020111	70001	12	
4020121	70001	12	
4020131	70001	12	
4020141	70001	12	
4020151	70001	12	
4020161	70001	12	
4020171	70001	12	
4020181	70001	12	
4020191	70001	12	
4020201	70001	12	
4020012	30012	2	
4020022	30012	2	
4020032	30012	2	
4020042	30012	2	
4020052	30012	2	
4020062	30012	2	
4020072	30012	2	
4020082	30012	2	
4020092	30012	2	
4020102	30012	2	
4020112	30012	2	
4020122	30012	2	
4020132	30012	2	
4020142	30012	2	
4020152	30012	2	
4020162	30012	2	
4020172	30012	2	
4020182	30012	2	
4020192	30012	2	
4020202	30012	2	
4020013	1	1000	
4020023	1	1500	
4020033	1	2000	
4020043	1	2500	
4020053	1	3000	
4020063	1	3500	
4020073	1	4000	
4020083	1	4500	
4020093	1	5000	
4020103	1	5500	
4020113	1	6000	
4020123	1	6500	
4020133	1	7000	
4020143	1	7500	
4020153	1	8000	
4020163	1	8500	
4020173	1	9000	
4020183	1	9500	
4020193	1	10000	
4020203	1	10500	
4020210	13005701	1	
4020220	13010000	1	
999000	2	50	
4030000	2	15	
4030010	2	15	
4030020	2	15	
4030030	2	15	
4030040	2	15	
4030050	2	15	
4030060	2	15	
4030070	2	15	
4030080	2	15	
4030090	2	15	
4030100	2	15	
4030110	2	15	
4030120	2	15	
4030130	2	15	
4030140	2	15	
4030150	2	15	
4030160	2	15	
4030170	2	15	
4030180	2	15	
4030190	2	15	
4030200	2	15	
4030210	2	15	
4030220	2	15	
4030230	2	15	
4030240	2	15	
4030250	2	15	
4030260	2	15	
4030270	2	15	
4030280	2	15	
4030290	2	15	
4030300	2	15	
4030310	2	15	
4030320	2	15	
4030330	2	15	
4030340	2	15	
4030350	2	15	
4030360	2	15	
4030370	2	15	
4030380	2	15	
4030390	2	15	
4030400	23	60	
4030410	23	60	
4030420	23	60	
4030430	23	60	
4030440	23	60	
4030450	23	60	
4030460	23	60	
4030470	23	60	
4030480	23	60	
4030490	23	60	
4030500	23	60	
4030510	23	60	
4030520	23	60	
4030530	23	60	
4030540	23	60	
4030550	23	60	
4030560	23	60	
4030570	23	60	
4030580	23	60	
4030590	23	60	
4030091	3016019	1	[1,0]
4030191	3046019	1	[1,0]
4030291	3026019	1	[1,0]
4030391	3056019	1	[1,0]
4030491	3036019	1	[1,0]
4030591	3066019	1	[1,0]
4030600	3	15	
4030610	23	60	
4030620	3016025	1	[1,0]
4030630	3026025	1	[1,0]
4030640	3036025	1	[1,0]
4030650	3046025	1	[1,0]
4030660	3056025	1	[1,0]
4030670	3066025	1	[1,0]
4030680	102	150	
4030690	102	150	
4030700	102	200	
4030621	31204	1	
4030631	31204	1	
4030641	31204	1	
4030651	31204	1	
4030661	31204	1	
4030671	31204	1	
4030681	31204	1	
4030691	31204	1	
4030701	31204	1	
4030622	1	5000	
4030632	1	5000	
4030642	1	5000	
4030652	1	5000	
4030662	1	5000	
4030672	1	5000	
4030682	1	5000	
4030692	1	5000	
4030702	1	5000	
4040010	201	5	
4040020	201	4	
4040030	201	3	
4040040	201	2	
4040050	201	1	
4040070	201	1	
4040011	3	150	
4040021	3	125	
4040031	3	100	
4040041	3	75	
4040051	3	50	
4040071	3	25	
4040012	70002	12	
4040022	70002	12	
4040032	70002	12	
4040042	70002	12	
4040052	70002	12	
4040072	70002	12	
4040013	70001	72	
4040023	70001	72	
4040033	70001	72	
4040043	70001	72	
4040053	70001	72	
4040073	70001	72	
4040060	70002	12	
4040061	70001	72	
4040062	1	1000	
4050010	62402	200	
4050020	62402	250	
4050030	62402	300	
4050040	62402	350	
4050050	62402	500	
4050060	62402	550	
4050070	62402	600	
4050080	62402	650	
4050090	62402	800	
4050100	62402	850	
4050110	62402	900	
4050120	62402	950	
4050130	62402	1100	
4050140	62402	1150	
4050150	62402	1200	
4050160	62402	1250	
4050170	62402	1400	
4050180	62402	1450	
4050190	62402	1500	
4050200	62402	1550	
4050210	62402	1700	
4050220	62402	1750	
4050230	62402	1800	
4050240	62402	1850	
4050250	62402	2000	
4050260	62402	2050	
4050270	62402	2100	
4050280	62402	2150	
4050290	62402	2300	
4050300	62402	2350	
4050310	62402	2400	
4050320	62402	2450	
4050330	62402	2600	
4050340	62402	2650	
4050350	62402	2700	
4050360	62402	2750	
4050370	62402	2900	
4050380	62402	2950	
4050390	62402	3000	
4050400	62402	3050	
4050410	62402	3200	
4050420	62402	3250	
4050430	62402	3300	
4050440	62402	3350	
4050450	62402	3500	
4050460	62402	3550	
4050470	62402	3600	
4050480	62402	3650	
4050490	62402	3800	
4050500	62402	3850	
4050510	62402	3900	
4050520	62402	3950	
4050530	62402	4100	
4050540	62402	4150	
4050550	62402	4200	
4050560	62402	4250	
4050570	11000024	1	
4050600	62401	60	
4050601	62403	50	
4050610	62401	70	
4050611	62403	50	
4050620	62401	80	
4050621	62403	50	
4050630	62401	90	
4050631	62403	50	
4050640	62401	100	
4050641	62403	50	
4050650	62401	110	
4050651	62403	70	
4050660	62401	120	
4050661	62403	70	
4050670	62401	130	
4050671	62403	70	
4050680	62401	160	
4050681	62403	70	
4050690	62401	190	
4050691	62403	70	
4050700	62401	220	
4050701	62403	100	
4050710	62401	250	
4050711	62403	100	
4050720	62401	280	
4050721	62403	100	
4050730	62401	310	
4050731	62403	100	
4050740	62402	1700	
4050750	62402	100	
4050760	62402	100	
4050770	62402	100	
4050780	31104	3	
4050790	31204	3	
4050800	29	50	
4050810	30013	2	
4050820	12	5	
4050830	40301	3	
4050840	30111	8	
4050850	30013	2	
4050860	29	50	
4050870	40103	6	
4050880	40104	6	
4050890	40200	6	
4050900	30113	2	
4050910	40113	2	
4050920	40114	2	
4050930	40201	2	
4050940	12	8	
4050950	30113	2	
4050960	40301	5	
4050970	29	50	
4050980	30111	8	
4050990	40301	4	
4051000	29	50	
4051010	40103	6	
4051020	40104	6	
4051030	40100	6	
4051040	29	50	
4051050	40113	2	
4051060	40114	2	
4051070	40110	2	
4051080	29	50	
4051090	40201	3	
4051100	30113	3	
4060010	96003	20	
4060020	96003	20	
4060030	96003	20	
4060040	96002	2000	
4060050	96002	2000	
4060060	96003	40	
4060070	96003	20	
4060080	96003	20	
4060090	96003	20	
4060100	96002	2200	
4060110	96002	2200	
4060120	96003	45	
4060130	96003	20	
4060140	96003	20	
4060150	96002	2400	
4060160	96002	2400	
4060170	96002	2400	
4060180	96003	50	
4060190	96003	25	
4060200	96003	25	
4060210	96002	2500	
4060220	96002	2500	
4060230	96002	2500	
4060240	96003	70	
4060250	96003	30	
4060260	96003	30	
4060270	96002	2500	
4060280	96002	2500	
4060290	96002	2500	
4060300	96003	80	
4060310	96004	3	
4060311	40200	1	
4060312	40301	1	
4060320	96004	3	
4060321	40200	1	
4060322	40301	1	
4060330	96004	3	
4060331	40201	1	
4060332	40200	1	
4060340	96004	4	
4060341	40200	1	
4060342	40301	2	
4060350	96004	4	
4060351	40200	1	
4060352	40301	2	
4060360	3	50	
4060361	40200	1	
4060362	40301	2	
4060370	3	50	
4060371	40200	1	
4060372	40301	2	
4060380	3	50	
4060381	40201	1	
4060382	40200	1	
4060390	3	50	
4060391	40200	1	
4060392	40301	1	
4060400	3	50	
4060401	40200	1	
4060402	40301	1	
4060410	3	50	
4060411	40201	1	
4060412	40200	2	
4060420	1	3000	
4060421	70001	96	
4060422	70002	18	
4060430	1	3000	
4060431	70001	96	
4060432	70002	18	
4060440	1	5000	
4060441	70001	128	
4060442	70002	20	
4060450	1	5000	
4060451	70001	128	
4060452	70002	20	
4060460	1	5000	
4060461	70001	128	
4060462	70002	20	
4061010	96003	15	
4061020	96003	15	
4061030	96003	15	
4061040	96002	1000	
4061050	96002	1000	
4061060	96003	30	
4061070	96003	15	
4061080	96003	15	
4061090	96003	15	
4061100	96002	1200	
4061110	96002	1200	
4061120	96003	35	
4061130	96003	18	
4061140	96003	18	
4061150	96002	1400	
4061160	96002	1400	
4061170	96002	1400	
4061180	96003	40	
4061190	96003	20	
4061200	96003	20	
4061210	96002	1500	
4061220	96002	1500	
4061230	96002	1500	
4061240	96003	50	
4061250	96003	25	
4061260	96003	25	
4061270	96002	1500	
4061280	96002	1500	
4061290	96002	1500	
4061300	96003	60	
4061310	96004	2	
4061311	40200	1	
4061312	40301	1	
4061320	96004	2	
4061321	40200	1	
4061322	40301	1	
4061330	96004	2	
4061331	40201	1	
4061332	40200	1	
4061340	96004	3	
4061341	40200	1	
4061342	40301	2	
4061350	96004	3	
4061351	40200	1	
4061352	40301	2	
4061360	3	30	
4061361	40200	1	
4061362	40301	2	
4061370	3	30	
4061371	40200	1	
4061372	40301	2	
4061380	3	30	
4061381	40201	1	
4061382	40200	1	
4061390	3	30	
4061391	40200	1	
4061392	40301	1	
4061400	3	30	
4061401	40200	1	
4061402	40301	1	
4061410	3	30	
4061411	40201	1	
4061412	40200	2	
4061420	1	5000	
4061421	70001	128	
4061422	70002	20	
4061430	1	5000	
4061431	70001	128	
4061432	70002	20	
4061440	1	5000	
4061441	70001	128	
4061442	70002	20	
4061450	1	3000	
4061451	70001	96	
4061452	70002	18	
4061460	1	3000	
4061461	70001	96	
4061462	70002	18	
4062010	96003	10	
4062020	96003	10	
4062030	96003	10	
4062040	96002	1000	
4062050	96002	1000	
4062060	96003	30	
4062070	96003	15	
4062080	96003	15	
4062090	96003	15	
4062100	96002	1200	
4062110	96002	1200	
4062120	96003	35	
4062130	96003	15	
4062140	96003	15	
4062150	96002	1400	
4062160	96002	1400	
4062170	96002	1400	
4062180	96003	40	
4062190	96003	20	
4062200	96003	20	
4062210	96002	1500	
4062220	96002	1500	
4062230	96002	1500	
4062240	96003	50	
4062250	96004	2	
4062251	40200	1	
4062252	40301	1	
4062260	96004	2	
4062261	40200	1	
4062262	40301	1	
4062270	96004	3	
4062271	40201	1	
4062272	40200	1	
4062280	96004	3	
4062281	40200	1	
4062282	40301	2	
4062300	3	30	
4062301	40200	1	
4062302	40301	2	
4062310	3	30	
4062311	40200	1	
4062312	40301	2	
4062320	3	30	
4062321	40201	1	
4062322	40200	1	
4062330	3	30	
4062331	40200	1	
4062332	40301	1	
4062340	3	30	
4062341	40200	1	
4062342	40301	1	
4062350	3	30	
4062351	40201	1	
4062352	40200	2	
4062360	1	5000	
4062361	70001	128	
4062362	70002	20	
4062370	1	5000	
4062371	70001	128	
4062372	70002	20	
4062380	1	5000	
4062381	70001	128	
4062382	70002	20	
4062390	1	3000	
4062391	70001	96	
4062392	70002	18	
4062400	1	3000	
4062401	70001	96	
4062402	70002	18	
4063000	96002	1000	
4063010	96002	1000	
4063020	96002	1000	
4063030	96002	1000	
4063040	96002	1000	
4063050	96002	1000	
4063060	96002	2000	
4063070	96002	2000	
4063080	96002	2000	
4063090	96002	1000	
4063100	96002	1000	
4063110	96002	1000	
4063120	96002	1000	
4063130	96002	1000	
4063140	96002	1000	
4063150	96002	2000	
4063160	96002	2000	
4063170	96002	2000	
4063180	96002	1500	
4063190	96002	1500	
4063200	96002	1500	
4063210	96002	1500	
4063220	96002	1500	
4063230	96002	1500	
4063240	96002	1500	
4063250	96002	1500	
4063260	96002	1500	
4063270	96002	3000	
4063280	96002	3000	
4063290	96002	3000	
4063300	96002	1500	
4063310	96002	1500	
4063320	96002	1500	
4063330	96002	1500	
4063340	96002	1500	
4063350	96002	1500	
4063360	96002	1500	
4063370	96002	1500	
4063380	96002	1500	
4063390	96002	3000	
4063400	96002	3000	
4063410	96002	3000	
4063420	50009	10	
4063421	30111	2	
4063422	40301	1	
4063430	50009	30	
4063431	30111	2	
4063432	40301	1	
4063440	50009	50	
4063441	30111	2	
4063442	40301	1	
4063450	50009	80	
4063451	30111	2	
4063452	40301	1	
4063460	50009	20	
4063461	30111	2	
4063462	40301	1	
4063470	50009	40	
4063471	30111	2	
4063472	40301	1	
4063480	50009	60	
4063481	30111	2	
4063482	40301	1	
4063490	50009	90	
4063491	30111	2	
4063492	40301	1	
4063500	50009	30	
4063501	30111	2	
4063502	40301	1	
4063510	50009	50	
4063511	30111	2	
4063512	40301	1	
4063520	50009	70	
4063521	30111	2	
4063522	40301	1	
4063530	50009	100	
4063531	30111	2	
4063532	40301	1	
4063540	9090105	1	
4063541	3	100	
4063542	96004	4	
4063550	96002	50000	
4063560	96002	5000	
4063570	96002	5000	
4063580	96002	5000	
4063590	96002	5000	
4063600	1	2000	
4063610	1	2000	
4063620	1	2000	
4063630	1	2000	
4063640	1	2000	
4063650	1	2000	
4063660	1	2000	
4063670	1	2000	
4063680	1	2000	
4063690	1	2000	
4063700	1	2000	
4063710	1	2000	
4063720	1	2000	
4063730	1	2000	
4063740	1	2000	
4063750	1	2000	
4063760	1	2000	
4063770	1	2000	
4063780	1	2000	
4063790	1	2000	
4063800	1	2000	
4063810	1	2000	
4063820	1	2000	
4063830	1	2000	
4063840	1	2000	
4063850	1	2000	
4063860	1	2000	
4063870	1	2000	
4063880	1	2000	
4063890	1	2000	
4070010	8050017	1	
4070011	8050005	1	
4070020	50003	250	
4070030	90030	2	
4070040	3005	1	
4070050	90015	1	
4070060	200	18	
4070070	50007	250	
4080010	62411	25	
4080011	3	10	
4080012	1	10000	
4080020	62411	25	
4080021	3	10	
4080022	1	10000	
4080030	62411	25	
4080031	3	10	
4080032	1	10000	
4080040	62411	25	
4080041	3	10	
4080042	1	10000	
4080050	62411	25	
4080051	3	10	
4080052	1	10000	
4080060	62411	25	
4080061	3	10	
4080062	1	10000	
4080070	62411	25	
4080071	3	10	
4080072	1	10000	
4080080	62411	25	
4080081	3	10	
4080082	1	10000	
4080090	62411	25	
4080091	3	10	
4080092	1	10000	
4080100	62411	25	
4080101	3	10	
4080102	1	10000	
4080110	62411	25	
4080111	3	10	
4080112	1	10000	
4080120	62411	25	
4080121	3	10	
4080122	1	10000	
4080130	3	10	
4080131	30013	1	
4080132	1	10000	
4080140	3	10	
4080141	30013	1	
4080142	1	10000	
4080150	3	10	
4080151	30013	1	
4080152	1	10000	
4080160	3	10	
4080161	30013	1	
4080162	1	10000	
4080170	62411	25	
4080171	40100	8	
4080172	1	10000	
4080180	62411	25	
4080181	40103	8	
4080182	1	10000	
4080190	62411	25	
4080191	40104	8	
4080192	1	10000	
4080200	62411	25	
4080201	30013	6	
4080202	1	10000	
4080210	62411	25	
4080211	12	10	
4080212	1	10000	
4080220	62411	25	
4080221	31104	10	
4080222	1	10000	
4080230	62411	25	
4080231	31204	10	
4080232	1	10000	
4080240	62411	25	
4080241	40110	3	
4080242	1	10000	
4080250	62411	25	
4080251	40113	3	
4080252	1	10000	
4080260	62411	25	
4080261	40114	3	
4080262	1	10000	
4080270	62411	25	
4080271	31204	10	
4080272	1	10000	
4080280	62411	25	
4080281	12	10	
4080282	1	10000	
4080290	62412	200	
4080300	62412	210	
4080310	62412	220	
4080320	62412	230	
4080330	62412	240	
4080340	62412	250	
4080350	62412	260	
4080360	62412	270	
4080370	62412	280	
4080380	62412	290	
4080390	62412	300	
4080400	62412	310	
4080410	62412	320	
4080420	62412	330	
4080430	62412	340	
4080440	62412	350	
4080450	62412	360	
4080460	62412	370	
4080470	62412	380	
4080480	62412	390	
4080490	62412	400	
4080500	62412	410	
4080510	62412	420	
4080520	62412	430	
4080530	62412	440	
4080540	62412	450	
4080550	62412	460	
4080560	62412	470	
4080570	62412	480	
4080580	62412	490	
4080590	62412	500	
4080600	62412	510	
4080610	62412	520	
4080620	62412	530	
4080630	62412	540	
4080640	62412	550	
4080650	62412	560	
4080660	62412	570	
4080670	62412	580	
4080680	62412	590	
4080690	62412	600	
4080700	62412	610	
4080710	62412	620	
4080720	62412	630	
4080730	62412	640	
4080740	62412	650	
4080750	62412	660	
4080760	62412	670	
4080770	62412	680	
4080780	40200	6	
4080781	30013	3	
4080782	13007700	1	
4080790	30113	5	
4080791	30013	3	
4080792	13007700	2	
4080800	40201	5	
4080801	30013	3	
4080802	13007700	3	
4080810	40301	8	
4080811	30013	3	
4080812	13007700	4	
4110010	62501	400	
4120010	62501	100	
4120011	62505	200	
4120012	62506	1	
4130010	62502	4	
4130020	62505	200	
4130021	62501	100	
4130022	62502	12	
4130030	62505	200	
4130031	62501	100	
4130040	62506	1	
4130050	13006900	1	
4130060	13006901	1	
4130070	13006902	1	
4130080	13006903	1	
4130090	62501	50	
4130100	62501	100	
4130110	62501	200	
4130120	62501	500	
4130130	11000025	1	
4130140	62501	200	
4130141	62505	200	
4130142	62506	1	
4130150	62505	200	
4130151	62501	200	
4130160	62505	200	
4130161	62501	200	
4130162	62502	12	
4130200	17040101	1	
4130210	17040201	1	
4130220	17040301	1	
4130230	17040401	1	
4130240	17040501	1	
4130250	17040601	1	
4130260	17040701	1	
4130270	17040801	1	
4130280	17040901	1	
4130290	17041001	1	
4130300	17041101	1	
4130310	17041201	1	
4130320	17041301	1	
4130330	17041401	1	
4130340	17041501	1	
4130350	17041601	1	
4130360	17041701	1	
4130370	17041801	1	
4130380	17041901	1	
4130390	17042001	1	
4130400	17042101	1	
4130410	17042201	1	
4130420	17042301	1	
4130430	17042401	1	
4111010	62511	400	
4122010	62511	100	
4122011	62505	200	
4122012	62506	1	
4140010	62512	8	
4140020	62505	200	
4140021	62511	100	
4140022	62512	24	
4140030	62505	200	
4140031	62511	100	
4140040	62506	1	
4140090	62511	120	
4140100	62511	1000	
4140120	62511	640	
4140130	62511	10	
4140140	17060101	1	
4140150	17060201	1	
4140160	17060301	1	
4140170	17060401	1	
4140180	17060501	1	
4140190	17060601	1	
4140200	17060701	1	
4140210	17060801	1	
4140220	17060901	1	
4140230	17061001	1	
4140240	17061101	1	
4140250	17061201	1	
4140260	17061301	1	
4140270	17061401	1	
4140280	17061501	1	
4140290	17061601	1	
4140300	17061701	1	
4140310	17061801	1	
4140320	17061901	1	
4140330	17062001	1	
4140340	17062101	1	
4140350	17062201	1	
4140360	17062301	1	
4140370	17062401	1	
4140380	17062501	1	
4140390	17062601	1	
4140400	17062701	1	
4200000	60815	10	
4200010	60815	10	
4200020	60815	10	
4200030	60815	10	
4200040	60815	30	
4200050	60815	20	
4200060	60815	20	
4200070	60815	20	
4200080	60815	20	
4200090	60815	50	
4200100	60815	25	
4200110	60815	25	
4200120	60815	25	
4200130	60815	25	
4200140	60815	80	
4200150	60815	30	
4200160	60815	30	
4200170	60815	30	
4200180	60815	30	
4200190	60815	100	
4200200	60815	35	
4200210	60815	35	
4200220	60815	35	
4200230	60815	35	
4200240	60815	210	
4200250	60815	60	
4200260	60815	60	
4200270	60815	60	
4200280	60815	60	
4200290	60815	300	
4200300	60815	70	
4200310	60815	70	
4200320	60815	70	
4200330	60815	70	
4200340	60815	380	
4200350	60815	80	
4200360	60815	80	
4200370	60815	80	
4200380	60815	80	
4200390	60815	500	
4200400	13007000	1	
4200410	60815	40	
4200420	60815	60	
4200430	60815	100	
4200440	60815	150	
4200450	60815	220	
4200460	60815	300	
4200470	60815	320	
4200480	60815	340	
4200490	60815	360	
4200500	60815	380	
4200510	60815	400	
4200520	60815	420	
4200530	60815	440	
4200540	60815	460	
4200550	13007000	1	
4200560	13007000	1	
4200570	13007000	1	
4200580	13007000	1	
4210010	60815	20	
4210020	60815	20	
4210030	60815	20	
4210040	60815	20	
4210050	60815	30	
4210060	60815	20	
4210070	60815	20	
4210080	60815	20	
4210090	60815	20	
4210100	60815	30	
4210110	60815	20	
4210120	60815	20	
4210130	60815	20	
4210140	60815	20	
4210150	60815	80	
4210160	60815	30	
4210170	60815	30	
4210180	60815	30	
4210190	60815	30	
4210200	60815	100	
4210210	60815	35	
4210220	60815	35	
4210230	60815	35	
4210240	60815	35	
4210250	60815	210	
4210260	60815	60	
4210270	60815	60	
4210280	60815	60	
4210290	60815	60	
4210300	60815	300	
4210310	60815	70	
4210320	60815	70	
4210330	60815	70	
4210340	60815	70	
4210350	60815	380	
4210360	60815	80	
4210370	60815	80	
4210380	60815	80	
4210390	60815	80	
4210400	60815	500	
4210410	60815	40	
4210420	60815	60	
4210430	60815	90	
4210440	60815	150	
4210450	60815	220	
4210460	60815	300	
4210470	60815	320	
4210480	60815	340	
4210490	60815	360	
4210500	60815	380	
4210510	60815	400	
4210520	60815	420	
4210530	60815	440	
4210540	60815	460	
4210550	13009000	1	
4210560	13009000	1	
4210570	13009000	1	
4210580	13009000	1	
4210590	13009000	1	
4200590	3	50	
4200600	3	50	
4220000	60815	20	
4220010	60815	20	
4220020	60815	20	
4220030	60815	20	
4220040	60815	30	
4220050	60815	25	
4220060	60815	25	
4220070	60815	25	
4220080	60815	25	
4220090	60815	35	
4220100	60815	30	
4220110	60815	30	
4220120	60815	30	
4220130	60815	30	
4220140	60815	40	
4220150	60815	35	
4220160	60815	35	
4220170	60815	35	
4220180	60815	35	
4220190	60815	45	
4220200	60815	40	
4220210	60815	40	
4220220	60815	40	
4220230	60815	40	
4220240	60815	50	
4220250	60815	45	
4220260	60815	45	
4220270	60815	45	
4220280	60815	45	
4220290	60815	55	
4220300	60815	50	
4220310	60815	50	
4220320	60815	50	
4220330	60815	50	
4220340	13015005	1	
4220350	13015005	1	
4220360	13015005	1	
4220370	13015005	1	
4220380	13015005	1	
4220390	13015005	1	
4220400	13015005	1	
4220410	13015005	1	
4220420	13015005	1	
4220430	13015005	1	
4220440	13015005	1	
4220450	13015005	1	
4220460	13015005	1	
4220470	13015005	1	
4220480	13015005	1	
4220490	13015005	1	
4220500	60815	60	
4220510	60815	70	
4220520	60815	80	
4220530	60815	90	
4220540	60815	100	
4220550	60815	110	
4220560	60815	120	
4220570	60815	130	
4220580	60815	140	
4220590	60815	150	
4220600	60815	160	
4220610	60815	170	
4220620	60815	180	
4220630	60815	190	
4220640	60815	200	
4220650	60815	210	
4220660	60815	220	
4220670	60815	230	
4230010	60815	30	
4230020	60815	60	
4230030	60815	90	
4230040	60815	120	
4230050	60815	150	
4230060	60815	180	
4230070	60815	210	
4230080	60815	240	
4230090	60815	270	
4230100	60815	300	
4230110	60815	330	
4230120	60815	360	
4230130	60815	390	
4230140	60815	420	
4230150	60815	450	
4230160	60815	480	
4230170	60815	510	
4230180	60815	540	
4230190	60815	10	
4230200	60815	10	
4230210	60815	10	
4230220	60815	20	
4230230	60815	20	
4230240	60815	20	
4230250	60815	30	
4230260	60815	30	
4230270	60815	30	
4230280	60815	40	
4230290	60815	40	
4230300	60815	40	
4230310	60815	50	
4230320	60815	50	
4230330	60815	50	
4230340	60815	60	
4230350	60815	60	
4230360	60815	60	
4230370	60815	70	
4230380	60815	70	
4230390	60815	70	
4230400	60815	80	
4230410	60815	80	
4230420	60815	80	
4230430	60815	90	
4230440	60815	90	
4230450	60815	90	
4230460	60815	100	
4230470	60815	100	
4230480	60815	100	
4230490	60815	110	
4230500	60815	110	
4230510	60815	110	
4230520	60815	120	
4230530	60815	120	
4230540	60815	120	
4230550	102	50	
4230560	102	75	
4230570	50005	60	
4230580	102	50	
4230590	102	75	
4230600	50005	60	
4230610	102	50	
4230620	102	75	
4230630	50005	60	
4230640	102	50	
4230650	102	75	
4230660	50005	70	
4230551	30013	8	
4230561	31204	10	
4230571	40200	12	
4230581	31204	10	
4230591	60002	8	
4230601	40301	10	
4230611	31204	10	
4230621	60002	8	
4230631	40201	5	
4230641	31204	10	
4230651	60002	8	
4230661	40301	10	
4230552	1	60000	
4230562	31104	5	
4230572	13019504	1	
4230582	31104	5	
4230592	40100	20	
4230602	13019504	1	
4230612	31104	5	
4230622	40104	20	
4230632	13019504	1	
4230642	31104	5	
4230652	40103	20	
4230662	13019504	1	
5000010	9010211	1	
5000020	9010212	1	
5000030	9010213	1	
5000040	9010216	1	
5000050	9010214	1	
5000060	9010215	1	
5000070	9010221	1	
5000080	9010211	1	
5000090	9010220	1	
5000100	9010225	1	
5000110	9010224	1	
5000120	9010233	1	
5000130	9010229	1	
5000140	9010228	1	
5000150	9010220	1	
5000160	9010235	1	
5000170	9010234	1	
5000180	9010232	1	
5000190	9010216	1	
5000200	9010233	1	
5000210	9010217	1	
5000220	9010211	1	
5000230	9010224	1	
5000240	9010223	1	
5000250	9010226	1	
5000260	9010231	1	
5000270	9010236	1	
5000280	9010238	1	
5100000	3	15	
5100010	30013	5	
5100020	31104	10	
5100030	31204	10	
5100040	30113	5	
5100050	40103	10	
5100060	40104	10	
5100070	40100	10	
5100080	12	10	
5100090	40301	10	
5100100	30013	5	
5100110	31104	10	
5100120	31204	10	
5100130	30113	5	
5100140	13007400	1	
5100150	13007400	1	
5100160	13007400	1	
5100170	13007400	1	
5100180	13007400	1	
5100190	13007400	1	
5100200	13007400	1	
5100210	13007400	1	
5100220	13007400	1	
5100230	13007400	1	
5200000	29	15	
5200010	3	10	
5200020	29	15	
5200030	3	10	
5200040	29	15	
5200050	3	10	
5200060	29	15	
5200070	3	10	
5200080	29	15	
5200090	3	10	
5200100	29	15	
5200110	3	10	
5200120	29	15	
5200130	3	10	
5200140	29	15	
5200150	3	10	
5200160	29	15	
5200170	3	10	
5200180	29	15	
5200190	3	10	
5200210	3	10	
5200220	29	15	
5200230	3	10	
5200240	29	15	
5200250	3	10	
5200260	29	15	
5200270	3	10	
5200280	3	10	
5200290	29	15	
5200300	3	10	
5200310	29	15	
5200320	3	10	
5200330	29	15	
5200340	3	10	
5200350	3	10	
5200360	29	15	
5200370	3	10	
5200380	29	15	
5200390	3	10	
5200400	29	15	
5200410	11000026	1	
5200420	70002	2	
5200430	70002	2	
5200440	70002	2	
5200450	70002	2	
5200460	70002	2	
5200470	70002	2	
5200480	70002	2	
5200490	70002	2	
5200500	70002	2	
5200510	70002	2	
5200211	31204	4	
5200221	40110	1	
5200231	40113	1	
5200241	40114	1	
5200251	40200	3	
5200261	40201	1	
5200271	40301	3	
5200281	31204	4	
5200291	40110	1	
5200301	40113	1	
5200311	40114	1	
5200321	40200	3	
5200331	40201	1	
5200341	40301	3	
5200351	31204	4	
5200361	40110	1	
5200371	40113	1	
5200381	40114	1	
5200391	40200	3	
5200401	40201	1	
5200411	29	15	
5200421	70001	6	
5200431	70001	6	
5200441	70001	6	
5200451	70001	6	
5200461	70001	6	
5200471	70001	6	
5200481	70001	6	
5200491	70001	6	
5200501	70001	6	
5200511	70001	6	
5200212	1	3000	
5200222	1	3000	
5200232	1	3000	
5200242	1	3000	
5200252	1	3000	
5200262	1	3000	
5200272	1	3000	
5200282	1	3000	
5200292	1	3000	
5200302	1	3000	
5200312	1	3000	
5200322	1	3000	
5200332	1	3000	
5200342	1	3000	
5200352	1	3000	
5200362	1	3000	
5200372	1	3000	
5200382	1	3000	
5200392	1	3000	
5200402	1	3000	
5200412	1	3000	
5200422	1	3000	
5200432	1	3000	
5200442	1	3000	
5200452	1	3000	
5200462	1	3000	
5200472	1	3000	
5200482	1	3000	
5200492	1	3000	
5200502	1	3000	
5200512	1	3000	
5200001	31104	3	
5200011	30013	2	
5200021	30111	5	
5200031	40200	3	
5200041	70001	10	
5200051	31104	3	
5200061	30013	2	
5200071	30111	5	
5200081	40200	3	
5200091	70001	10	
5200101	31104	5	
5200111	30013	3	
5200121	30111	8	
5200131	40200	5	
5200141	70001	15	
5200151	31104	5	
5200161	30013	3	
5200171	30111	8	
5200181	40200	5	
5200191	70001	15	
5200002	31204	3	
5200012	12	3	
5200022	40301	2	
5200032	40201	1	
5200042	70002	3	
5200052	31204	3	
5200062	12	3	
5200072	40301	2	
5200082	40201	1	
5200092	70002	3	
5200102	31204	5	
5200112	12	5	
5200122	40301	3	
5200132	40201	2	
5200142	70002	5	
5200152	31204	5	
5200162	12	5	
5200172	40301	3	
5200182	40201	2	
5200192	70002	5	
5300010	62801	1	
5300011	62802	1000	
5300020	62804	1	
5300021	62801	1	
5300022	62802	1000	
5300030	62805	1	
5300031	62806	1	
5300032	62802	1000	
5300040	62807	1	
5300041	62801	1	
5300042	62802	1000	
5300050	62808	1	
5300051	62801	1	
5300052	62802	1000	
5310010	62801	5	
5310020	62801	5	
5310030	62801	5	
5310040	62801	5	
5310050	62801	5	
5310060	62805	1	
5310070	62801	5	
5310080	62801	5	
5310090	62801	5	
5310100	62801	5	
5310110	62801	5	
5310120	62801	5	
5310130	62801	5	
5310140	62801	5	
5310150	62801	5	
5310011	62802	100	
5310021	62802	100	
5310031	62802	100	
5310041	62802	120	
5310051	62802	140	
5310061	62802	200	
5310071	62802	240	
5310081	62802	240	
5310091	62802	280	
5310101	62802	320	
5310111	62802	240	
5310121	62802	240	
5310131	62802	240	
5310141	62802	280	
5310151	62802	320	
5310032	62804	1	
5310062	62806	1	
5320010	62801	5	
5320020	62801	5	
5320030	62801	5	
5320040	62801	5	
5320050	62801	5	
5320060	62801	5	
5320070	62801	5	
5320080	62801	5	
5320090	62801	5	
5320100	62801	5	
5320110	62801	5	
5320120	62801	5	
5320130	62801	5	
5320011	62802	120	
5320021	62802	120	
5320031	62802	120	
5320041	62802	120	
5320051	62802	120	
5320061	62802	220	
5320071	62802	240	
5320081	62802	240	
5320091	62802	300	
5320101	62802	340	
5320111	62802	380	
5320121	62802	400	
5320131	62802	440	
5320062	62807	1	
5330010	62801	5	
5330020	62801	5	
5330030	62801	5	
5330040	62801	5	
5330050	62801	5	
5330060	62801	5	
5330070	62801	5	
5330080	62801	5	
5330090	62801	5	
5330100	62801	5	
5330110	62801	5	
5330120	62801	5	
5330130	62801	5	
5330140	62801	5	
5330150	62801	5	
5330160	62801	5	
5330170	62801	5	
5330180	62801	5	
5330190	62801	5	
5330200	62801	5	
5330210	62801	5	
5330220	62801	5	
5330230	62801	5	
5330011	62802	130	
5330021	62802	130	
5330031	62802	150	
5330041	62802	130	
5330051	62802	130	
5330061	62802	150	
5330071	62802	130	
5330081	62802	130	
5330091	62802	150	
5330101	62802	130	
5330111	62802	130	
5330121	62802	150	
5330131	62802	130	
5330141	62802	130	
5330151	62802	150	
5330161	62802	150	
5330171	62802	150	
5330181	62802	200	
5330191	62802	150	
5330201	62802	150	
5330211	62802	150	
5330221	62802	200	
5330231	62802	200	
5330192	62808	1	
5340010	62801	5	
5340020	62801	5	
5340030	62801	5	
5340040	62801	5	
5340050	62801	5	
5340060	62801	5	
5340070	62801	5	
5340080	62801	5	
5340090	62801	5	
5340100	62801	5	
5340110	62801	5	
5340120	62801	5	
5340130	62801	5	
5340140	62801	5	
5340150	62801	5	
5340160	62801	5	
5340170	62801	5	
5340180	62801	5	
5340190	62801	5	
5340200	62801	5	
5340210	62801	5	
5340220	62801	5	
5340230	62801	5	
5340240	62801	5	
5340250	62801	5	
5340260	62801	5	
5340270	62801	5	
5340280	62801	5	
5340290	62801	5	
5340300	62801	5	
5340310	62801	5	
5340320	62801	5	
5340330	62801	5	
5340340	62801	5	
5340350	62801	10	
5340011	62802	120	
5340021	62802	120	
5340031	62802	120	
5340041	62802	130	
5340051	62802	150	
5340061	62802	120	
5340071	62802	120	
5340081	62802	120	
5340091	62802	130	
5340101	62802	150	
5340111	62802	120	
5340121	62802	120	
5340131	62802	120	
5340141	62802	130	
5340151	62802	150	
5340161	62802	120	
5340171	62802	120	
5340181	62802	120	
5340191	62802	130	
5340201	62802	150	
5340211	62802	120	
5340221	62802	120	
5340231	62802	120	
5340241	62802	130	
5340251	62802	150	
5340261	62802	150	
5340271	62802	150	
5340281	62802	150	
5340291	62802	170	
5340301	62802	200	
5340311	62802	150	
5340321	62802	150	
5340331	62802	150	
5340341	62802	170	
5340351	62802	200	
5350010	62802	120	
5350020	62802	120	
5350030	62802	120	
5350040	62802	130	
5350050	62802	150	
5350060	62802	120	
5350070	62802	120	
5350080	62802	120	
5350090	62802	130	
5350100	62802	150	
5350110	62802	120	
5350120	62802	120	
5350130	62802	120	
5350140	62802	130	
5350150	62802	150	
5350160	62802	120	
5350170	62802	120	
5350180	62802	120	
5350190	62802	130	
5350200	62802	150	
5350210	62802	120	
5350220	62802	120	
5350230	62802	120	
5350240	62802	130	
5350250	62802	150	
5350260	62802	150	
5350270	62802	150	
5350280	62802	150	
5350290	62802	170	
5350300	62802	200	
5350310	62802	150	
5350320	62802	150	
5350330	62802	150	
5350340	62802	170	
5350350	62802	200	
5400010	62902	80	
5400020	62902	10	
5400030	62902	10	
5400050	62902	10	
5411010	62902	400	
5411020	62902	600	
5411030	62902	400	
5411040	62902	600	
5411050	62902	400	
5411060	62902	600	
5411070	62902	400	
5411080	62902	600	
5412010	62902	100	
5412020	62902	150	
5412030	62902	100	
5412040	62902	150	
5412050	62902	120	
5413010	62902	300	
5413020	62902	400	
5413030	62902	500	
5413040	62902	600	
5413050	62902	300	
5413060	62902	400	
5413070	62902	500	
5413080	62902	600	
5413090	62902	300	
5413100	62902	400	
5413110	62902	500	
5413120	62902	600	
5414010	62902	440	
5414020	62902	440	
5414030	62902	440	
5414040	62902	440	
5414050	62902	440	
5414060	62902	440	
5414070	62902	440	
5414080	62902	440	
5420010	62904	1	
5420020	62905	1	
5420030	62906	1	
5420040	62907	1	
5420050	62908	1	
5420060	62909	1	
5420070	62910	1	
5420080	62911	1	
5420090	62912	1	
5420100	62913	1	
5420110	62914	1	
5420120	62915	1	
5420130	62916	1	
5420140	62918	1	
5420150	62919	1	
5420160	62920	1	
5420011	62902	100	
5420021	62902	100	
5420031	62902	100	
5420041	62902	100	
5420051	62902	100	
5420061	62902	100	
5420071	62902	100	
5420081	62902	100	
5420091	62902	100	
5420101	62902	100	
5420111	62902	100	
5420121	62902	100	
5420131	62902	100	
5420141	62902	100	
5420151	62902	100	
5420161	62902	100	
5420170	62902	100	
5420180	62902	100	
5420190	62902	100	
5420200	62902	100	
5420210	62902	100	
5420220	62902	100	
5420230	62902	100	
5420240	62902	100	
5420250	62902	100	
5420260	62902	100	
5420270	62902	100	
5420280	62902	100	
5420290	62902	100	
5420300	62902	100	
5420310	62902	100	
5420320	62902	100	
5421010	62903	100	
5421020	62903	100	
5421030	62903	100	
5421040	62903	100	
5421050	62903	100	
5421060	62903	100	
5421070	62903	100	
5421080	62903	100	
5421090	62903	100	
5421100	62903	100	
5421110	62903	100	
5421120	62903	100	
5421011	62902	100	
5421021	62902	100	
5421031	62902	100	
5421041	62902	100	
5421051	62902	100	
5421061	62902	100	
5421071	62902	100	
5421081	62902	100	
5421091	62902	100	
5421101	62902	100	
5421111	62902	100	
5421121	62902	100	
5421130	62902	100	
5421140	62902	100	
5421150	62902	100	
5421160	62902	100	
5421170	62902	100	
5421180	62902	100	
5421190	62902	100	
5421200	62902	100	
5421210	62902	100	
5421220	62902	100	
5421230	62902	100	
5421240	62902	100	
5422010	62902	300	
5422020	62902	300	
5422030	62902	300	
5422040	62902	300	
5422050	62902	300	
5422060	62902	300	
5422070	62902	300	
5422080	62902	300	
5422090	62902	300	
5422100	62902	300	
5422110	62902	300	
5423010	62902	200	
5423020	62902	200	
5423030	62902	200	
5423040	62902	200	
5423050	62902	200	
5423060	62902	200	
5423070	62902	200	
5423080	62902	200	
5424010	62902	600	
5424020	62902	600	
5424030	62902	600	
5424040	62902	600	
5425010	62902	1000	
5425020	62902	1000	
5425030	62902	1500	
5425040	62902	2000	
5425051	102	500	
5425052	3	150	
5425053	29	220	
5425061	29	200	
5425062	40301	8	
5425063	12	8	
5425071	102	500	
5425072	3	150	
5425073	29	300	
5425081	29	200	
5425082	40301	8	
5425083	12	8	
5425090	102	500	
5425091	3	150	
5425092	29	70	
5425100	29	80	
5425101	60001	8	
5425102	31204	8	
5425110	102	500	
5425111	3	150	
5425112	29	70	
5425120	29	80	
5425121	60002	4	
5425122	31104	4	
5500010	96101	150	
5500020	96101	200	
5500030	96104	84	
5500040	96104	96	
5500050	96104	108	
5500060	96104	120	
5500070	96104	132	
5500080	96104	144	
5500090	550	50	
5500091	6910106	1	
5500100	96104	200	
5500110	96104	200	
5500120	96104	350	
5500130	96104	500	
5500140	96104	200	
5500150	96104	300	
5500160	96104	2000	
5500170	96104	600	
5500171	13013005	1	
5500180	96104	200	
5500190	96104	200	
5500200	96104	200	
5500210	96104	200	
5500220	96104	200	
5500230	96104	200	
5500240	96104	200	
5500250	96104	200	
5500260	96104	200	
5500270	96104	200	
5500280	96104	200	
5500290	96104	200	
5500300	96104	200	
5500310	96104	200	
5500320	96104	600	
5500330	96104	1000	
5500340	96104	1000	
5500341	13013005	1	
5500350	96104	5000	
5500360	96111	1	
5500370	96106	1	
5500500	50005	1500	
5500501	102	3000	
5500510	96117	200	
5500520	96117	200	
5500530	96117	200	
5500540	96117	300	
5500550	96117	450	
5500560	96117	200	
5500570	96117	200	
5500580	96117	200	
5500590	96117	300	
5500600	96117	350	
5500610	96117	450	
5500620	96117	200	
5500630	96117	200	
5500640	96117	200	
5500650	96117	200	
5500660	96117	200	
5500670	96117	200	
5501010	12	30	
5501020	30013	10	
5501030	32000	300	
5501040	31204	20	
5501050	102	250	
5501060	31104	10	
5501070	60001	50	
5501080	102	250	
5501090	60002	15	
5501100	50005	250	
5501110	70001	80	
5501120	40301	10	
5501130	32000	300	
5501140	70002	15	
5501150	102	250	
5501160	12	30	
5501170	30013	10	
5501180	102	250	
5501190	31204	20	
5501200	50005	250	
5501210	31104	10	
5501220	60001	50	
5501230	32000	300	
5501240	60002	15	
5501250	102	250	
5501260	70001	80	
5501270	40301	10	
5501280	102	250	
5501290	70002	15	
5501300	50005	250	
5501310	12	30	
5501320	30013	10	
5501330	32000	300	
5501340	31204	20	
5501350	102	250	
5501360	31104	10	
5501370	60001	50	
5501380	102	250	
5501390	60002	15	
5501400	50005	250	
5501410	70001	80	
5501420	40301	10	
5501430	32000	300	
5501440	70002	15	
5501450	102	250	
5501460	12	30	
5501470	30013	10	
5501480	102	250	
5501490	31204	20	
5501500	50005	250	
5501510	31104	10	
5501520	60001	50	
5501530	32000	300	
5501540	60002	15	
5501550	102	250	
5501560	70001	80	
5501570	40301	10	
5501580	102	250	
5501590	70002	15	
5501600	50005	250	
5501610	12	30	
5501620	30013	10	
5501630	32000	300	
5501640	31204	20	
5501650	102	250	
5501660	31104	10	
5501670	60001	50	
5501680	102	250	
5501690	60002	15	
5501700	50005	250	
5501710	50005	1750	
5501711	102	3500	
5600000	31104	6	
5600001	1	10000	
5600002	102	50	
5600010	31204	10	
5600011	1	10000	
5600012	102	50	
5600020	30013	6	
5600021	12	15	
5600022	102	50	
5600030	70002	15	
5600031	70001	20	
5600032	102	50	
5600040	60002	8	
5600041	13013003	1	
5600042	102	50	
5600050	50005	20	
5600051	40200	15	
5600052	102	50	
5600060	50005	20	
5600061	40201	5	
5600062	102	50	
5600070	50005	20	
5600071	40301	10	
5600072	102	50	
5600080	50005	20	
5600081	29	75	
5600082	102	50	
5600090	50005	20	
5600091	1	30000	
5600092	102	50	
5600100	13013003	1	
5600101	1	5000	
5600110	13013003	1	
5600111	1	5000	
5600120	13013003	1	
5600121	1	8000	
5600130	13013003	1	
5600140	3	20	
5600141	30013	3	
5600142	31104	3	
5600150	3	20	
5600151	30013	3	
5600152	31204	9	
5600160	3	20	
5600161	30013	3	
5600162	31104	3	
5600170	3	20	
5600171	30013	3	
5600172	31204	9	
5600180	3	20	
5600181	30013	3	
5600182	31104	3	
5600190	3	20	
5600191	30013	3	
5600192	31204	9	
5600200	102	30	
5600201	12	6	
5600202	13018001	1	
5600210	102	30	
5600211	12	6	
5600212	13018001	1	
5600220	102	30	
5600221	12	6	
5600222	13018001	1	
5600230	102	30	
5600231	12	6	
5600232	13018001	1	
5600240	102	30	
5600241	12	6	
5600242	13018001	1	
5600250	60002	3	
5600251	60001	3	
5600252	1	10000	
5600260	60002	3	
5600261	60001	3	
5600262	1	10000	
5600270	60002	3	
5600271	60001	3	
5600272	1	10000	
5600280	60002	3	
5600281	60001	3	
5600282	1	10000	
5600290	60002	3	
5600291	60001	3	
5600292	1	10000	
5600300	102	20	
5600301	30013	3	
5600302	1	20000	
5600310	102	30	
5600311	31104	3	
5600312	8981701	1	
5600320	102	50	
5600321	31204	9	
5600322	1	20000	
5600330	102	20	
5600331	30013	3	
5600332	1	20000	
5600340	102	30	
5600341	31104	3	
5600342	8981702	1	
5600350	102	50	
5600351	31204	9	
5600352	1	20000	
5600360	102	30	
5600361	60002	4	
5600362	8981703	1	
5600370	102	30	
5600371	60002	4	
5600372	12	6	
5600380	102	30	
5600381	60001	8	
5600382	8981704	1	
5600390	102	30	
5600391	60002	4	
5600392	12	6	
5600400	102	30	
5600401	60001	8	
5600402	8981705	1	
5600131	1	8000	
5503010	3	20	
5503020	3	20	
5503030	3	20	
5503040	3	20	
5503050	3	20	
5503060	3	20	
5503070	40110	2	
5503080	40113	2	
5503090	40114	2	
5503100	31204	6	
5503110	30013	5	
5503120	40301	6	
5503130	32002	10	
5503140	32002	10	
5503150	32002	10	
5503160	102	100	
5503170	102	100	
5503180	102	100	
5503190	102	200	
5503011	40100	6	
5503021	40103	6	
5503031	40104	6	
5503041	40110	2	
5503051	40113	2	
5503061	40114	2	
5503071	40100	6	
5503081	40103	6	
5503091	40104	6	
5503101	31104	6	
5503111	30012	3	
5503121	40200	6	
5503131	40110	3	
5503141	40113	3	
5503151	40114	3	
5503161	13014002	1	
5503171	13014002	1	
5503181	13014002	1	
5503191	13014002	1	
5503200	50005	250	
5503201	102	500	
5503210	50005	40	
5503220	50005	40	
5503230	50005	40	
5503240	50005	40	
5503250	50005	40	
5503260	50005	50	
5503270	102	75	
5503280	13019609	1	
5503290	102	75	
5503300	13019609	1	
5503310	102	75	
5503320	13019609	1	
5503330	102	75	
5503340	13019609	1	
5503350	102	100	
5503360	13019609	1	
5503370	102	100	
5503380	13019609	1	
5503211	31104	4	
5503221	31204	12	
5503231	40110	3	
5503241	40113	3	
5503251	40114	3	
5503261	40110	3	
5503271	31104	5	
5503281	31204	15	
5503291	40110	5	
5503301	40113	5	
5503311	40114	5	
5503321	40110	5	
5503331	31104	5	
5503341	31204	15	
5503351	40110	5	
5503361	40113	5	
5503371	40114	5	
5503381	40110	5	
5503212	1	20000	
5503222	1	20000	
5503232	40100	12	
5503242	40103	12	
5503252	40104	12	
5503262	40100	12	
5503272	1	30000	
5503282	1	30000	
5503292	40100	20	
5503302	40103	20	
5503312	40104	20	
5503322	40100	20	
5503332	1	30000	
5503342	1	30000	
5503352	40100	20	
5503362	40103	20	
5503372	40104	20	
5503382	40100	20	
5506000	96004	1	
5506001	102	1	
5506010	96115	100	
5506020	96115	200	
5506030	96115	200	
5506040	96115	200	
5506050	96115	300	
5506041	50003	10	
5506051	50003	30	
5506060	96115	1000	
5506070	96115	250	
5506110	96115	250	
5506120	96115	250	
5506130	96115	250	
5506140	96115	250	
5506150	96115	250	
5506160	96115	250	
5506170	96115	250	
5506210	96115	250	
5506220	96115	250	
5506230	96115	250	
5506240	96115	250	
5506250	96115	250	
5506310	96115	250	
5506320	96115	250	
5506330	96115	250	
5506340	96115	250	
5506410	96115	200	
5506420	96115	300	
5506430	96115	300	
5506440	96115	300	
5506450	96115	500	
5506441	50003	10	
5506451	50003	60	
5506460	96115	2000	
5506470	96115	500	
5506510	96115	250	
5506520	96115	250	
5506530	96115	250	
5506540	96115	250	
5506550	96115	250	
5506560	96115	250	
5506570	96115	250	
5506610	96115	250	
5506620	96115	250	
5506630	96115	250	
5506640	96115	250	
5506650	96115	250	
5506710	96115	500	
5506720	96115	500	
5506730	96115	500	
5506740	96115	500	
5506810	96115	250	
5506820	96115	350	
5506830	96115	350	
5506840	96115	350	
5506850	96115	700	
5506841	50003	10	
5506851	50003	100	
5506860	96115	3000	
5506870	96115	750	
5506910	96115	250	
5506920	96115	250	
5506930	96115	250	
5506940	96115	250	
5506950	96115	250	
5506960	96115	250	
5506970	96115	250	
5507010	96115	250	
5507020	96115	250	
5507030	96115	250	
5507040	96115	250	
5507050	96115	250	
5507110	96115	750	
5507120	96115	750	
5507130	96115	750	
5507140	96115	750	
5507210	96115	2000	
5507220	96115	4000	
5507230	96115	6000	
5507211	11000081	1	
5507221	11000082	1	
5507231	11000083	1	
5507240	96115	1000	
5507250	96115	1500	
5507260	96115	2300	
5507270	96115	3500	
5550010	50005	15	
5550020	50005	15	
5550030	50005	20	
5550050	50005	15	
5550060	50005	15	
5550070	50005	20	
5550090	50005	15	
5550100	50005	15	
5550110	50005	20	
5550130	50005	20	
5550140	50005	20	
5550150	50005	20	
5550160	50005	20	
5550170	50005	20	
5550180	50005	20	
5550190	102	50	
5550200	102	50	
5550210	102	50	
5550220	17050104	1	
5550230	102	50	
5550240	102	50	
5550250	102	50	
5550260	17050107	1	
5550270	102	50	
5550280	102	50	
5550290	102	50	
5550300	17050110	1	
5550310	102	100	
5550320	102	100	
5550330	102	100	
5550011	12	50	
5550021	30013	12	
5550031	31104	20	
5550051	12	50	
5550061	60001	60	
5550071	31204	40	
5550091	12	50	
5550101	60002	20	
5550111	31204	40	
5550131	32003	15	
5550141	32001	70	
5550151	32003	15	
5550161	32001	70	
5550171	32003	15	
5550181	32001	70	
5550191	40200	10	
5550201	40200	15	
5550211	40201	6	
5550221	40301	20	
5550231	40200	10	
5550241	40200	15	
5550251	40201	6	
5550261	40301	20	
5550271	40200	10	
5550281	40200	15	
5550291	40201	6	
5550301	40301	20	
5550311	30013	5	
5550321	60002	5	
5550331	31204	5	
5550012	1	10000	
5550022	1	10000	
5550032	1	10000	
5550052	1	10000	
5550062	1	10000	
5550072	1	10000	
5550092	1	10000	
5550102	1	10000	
5550112	1	10000	
5550132	1	10000	
5550142	1	10000	
5550152	1	10000	
5550162	1	10000	
5550172	1	10000	
5550182	1	10000	
5550192	1	10000	
5550202	1	10000	
5550212	1	10000	
5550222	1	10000	
5550232	1	10000	
5550242	1	10000	
5550252	1	10000	
5550262	1	10000	
5550272	1	10000	
5550282	1	10000	
5550292	1	10000	
5550302	1	10000	
5550312	12	10	
5550322	60001	10	
5550332	31104	5	
5550340	17050101	1	
5550341	17050104	2	
5550350	17050104	2	
5550360	17050104	1	
5550370	17050101	1	
5550371	17050107	2	
5550380	17050107	2	
5550390	17050107	1	
5550400	17050101	1	
5550401	17050110	2	
5550410	17050110	2	
5550420	17050110	1	
5550430	96116	30	
5550440	96116	30	
5550450	96116	30	
5550460	96116	120	
5550470	96116	120	
5550480	96116	120	
5550490	96116	120	
5550500	96116	120	
5550510	96116	90	
9999900	56	1	
9999910	56	100	
9999920	56	200	
9999930	56	300	
9999940	56	400	
9999950	56	500	
9999960	56	600	
9999970	56	700	
9999980	56	12000	
9999901	57	6	
9999911	57	40	
9999921	57	80	
9999931	57	120	
9999941	57	160	
9999951	57	200	
9999961	57	240	
9999971	57	280	
9999981	57	5000	
9999801	15000015	1	
9999802	15000010	1	
9999803	15000020	1	
9999804	15000005	1	
9999806	15000011	1	
9999807	15000006	1	
9999808	15000002	1	
9999810	15000021	1	
9999811	15000016	1	
9999813	15000004	1	
9999814	15000017	1	
9999815	15000007	1	
9999817	15000012	1	
9999818	15000022	1	
9999819	15000003	1	
9999821	15000013	1	
9999822	15000008	1	
9999823	15000018	1	
9999825	15000023	1	
9999826	15000009	1	
9999827	15000014	1	
9999828	15000024	1	
9999829	15000019	1	
9999830	15000001	1	
135310	30013	3	
135320	30013	3	
135330	30013	3	
135340	30013	3	
135350	30013	3	
135360	30013	3	
135370	30013	3	
135380	30013	3	
135311	31204	5	
135321	31204	5	
135331	31204	5	
135341	31104	5	
135351	31204	5	
135361	31204	5	
135371	31204	5	
135381	31104	5	
135312	70001	24	
135322	70002	4	
135332	29	50	
135342	2	50	
135352	70001	24	
135362	70002	4	
135372	29	50	
135382	2	50	
135383	13006500	1	
9998010	56	5	
9998020	56	5	
9998030	56	5	
9998040	56	5	
9998050	56	10	
9998060	56	10	
9998070	56	10	
9998080	56	20	
9998090	56	20	
9998100	57	100	
9998110	56	25	
9998120	56	25	
9998130	56	25	
9998140	56	25	
9998150	56	30	
9998160	56	30	
9998170	56	35	
9998180	56	35	
9998190	56	70	
9998200	57	200	
9998210	56	70	
9998220	56	70	
9998230	56	80	
9998240	56	80	
9998250	56	90	
9998260	56	90	
9998270	56	100	
9998280	56	100	
9998290	56	120	
9998300	57	300	
9998310	56	120	
9998320	56	120	
9998330	56	130	
9998340	56	130	
9998350	56	150	
9998360	56	150	
9998370	56	200	
9998380	56	200	
9998390	56	250	
9998400	56	50000	
9998101	58	300	
9998201	58	1500	
9998301	58	3600	
9998401	57	30000	
9998402	58	30000	
6000010	60817	50	
6000020	60817	100	
6000030	60817	150	
6000040	60817	200	
6000050	60817	250	
6000060	60817	300	
6000070	60817	350	
6000080	60817	400	
6000090	60817	450	
6000100	60817	500	
6000110	60817	550	
6000120	60817	600	
6000130	60817	650	
6000140	60817	700	
6000150	60817	750	
6000160	60817	800	
6000170	40113	2	
6000180	29	20	
6000190	30013	2	
6000200	31104	2	
6000210	40114	2	
6000220	29	25	
6000230	31204	2	
6000240	30113	2	
6000250	29	30	
6000171	31103	1	
6000181	40110	2	
6000191	12	1	
6000201	40104	1	
6000211	31203	1	
6000221	40201	1	
6000231	40103	1	
6000241	30111	1	
6000251	40301	1	
6000172	30012	1	
6000182	40104	1	
6000192	40103	1	
6000202	40100	1	
6000212	40200	3	
6000222	40103	1	
6000232	40104	1	
6000242	40100	1	
6000252	13007300	1	
6010010	96123	3	
6010011	31104	1	
6010012	1	2000	
6010020	96123	3	
6010021	31204	3	
6010022	1	2000	
6010030	96123	4	
6010031	30013	1	
6010032	12	3	
6010040	50005	50	
6010041	102	50	
6010042	1	3000	
6010050	50005	100	
6010051	102	50	
6010052	1	3000	
6010060	50005	100	
6010061	102	100	
6010062	1	3000	
6020010	1032	1	
6020011	30013	1	
6020012	1	3000	
6020020	1032	1	
6020021	31104	1	
6020022	1	4000	
6020030	1032	2	
6020031	31204	3	
6020032	1	5000	
6020040	3	30	
6020041	30013	3	
6020042	12	9	
6020050	102	30	
6020051	31104	4	
6020052	1	7000	
6020060	3	30	
6020061	31204	12	
6020062	1	7000	
6020070	102	30	
6020071	60002	4	
6020072	60001	4	
6020080	3	40	
6020081	102	40	
6020082	1	7000	
6030010	31104	1	
6030011	12	1	
6030012	1	1000	
6030020	31204	3	
6030021	12	1	
6030022	1	1000	
6030030	60002	1	
6030031	60001	1	
6030032	1	1000	
6030040	50005	25	
6030041	102	20	
6030042	30013	1	
6030050	50005	25	
6030051	102	20	
6030052	13019001	1	
6030060	50005	25	
6030061	102	20	
6030062	30013	1	
6030070	50005	25	
6030071	102	20	
6030072	30013	1	
6030080	50005	25	
6030081	102	20	
6030082	13019001	1	
6030090	50005	25	
6030091	102	20	
6030092	13019001	1	
6030100	50005	25	
6030101	102	20	
6030102	13019001	1	
6030110	50005	25	
6030111	102	20	
6030112	13019001	1	
6030120	50005	25	
6030121	102	20	
6030122	13019001	1	
6030130	50005	25	
6030131	102	20	
6030132	13019001	1	
6040010	30013	10	
6040011	31104	10	
6040012	31204	30	
6040013	102	200	
136310	56	30	
136320	56	90	
136330	56	300	
136340	56	800	
136350	56	2000	
136360	56	5000	
136370	56	10000	
136321	57	100	
136331	57	100	
136341	57	100	
136351	57	100	
136361	57	100	
136371	57	5000	
136460	13007500	1	
8000000	60	100	
8000010	60	150	
8000020	60	150	
8000030	60	500	
8000040	60	500	
8000050	60	200	
8000060	60	200	
8000070	60	200	
8000080	60	200	
8000090	60	300	
8000100	60	1250	
8000110	60	1250	
8000120	60	1250	
8000130	60	1250	
8000140	60	5000	
8000150	60	5000	
8000240	60	1500	
8000250	60	1500	
8000260	60	1500	
8000270	60	1000	
8000280	60	1000	
8000290	60	1000	
8000300	60	1000	
8000310	60	1000	
8000320	60	300	
8000330	60	300	
8000340	60	400	
8000350	60	200	
8000360	60	200	
8000370	60	2000	
8000380	60	2000	
8000390	60	2000	
8001000	60	200	
8001010	60	300	
8001020	60	500	
8001030	60	1000	
8001040	60	1500	
8001050	60	2000	
8110000	12	2	
8110010	30013	5	
8110020	40100	2	
8110030	40104	2	
8110040	40103	2	
8110050	30111	4	
8110060	30113	2	
8110070	31204	5	
8110080	1	10000	
8110090	29	30	
8110100	40200	4	
8110110	40201	1	
8110120	40301	5	
8110130	31204	5	
8110140	31104	5	
8110150	40110	1	
8110160	40114	1	
8110170	40113	1	
8110180	1	10000	
8110190	29	30	
8110200	12	2	
8110210	30013	5	
8110220	40100	2	
8110230	40104	2	
8110240	40103	2	
8110250	30111	4	
8110260	30113	2	
8110270	31104	5	
8110280	1	10000	
8110290	29	30	
8110300	40200	4	
8110310	40201	1	
8110320	40301	5	
8110330	31204	5	
8110340	31104	5	
8110350	40110	1	
8110360	40114	1	
8110370	40113	1	
8110380	1	10000	
8110390	29	30	
8110400	12	2	
8110410	30013	5	
8110420	40100	2	
8110430	40104	2	
8110440	40103	2	
8110450	30111	4	
8110460	30113	2	
8110470	31204	5	
8110480	1	10000	
8110490	29	30	
8120000	30111	4	
8120010	30113	2	
8120020	40200	4	
8120030	40201	2	
8120040	40301	4	
8120050	30111	4	
8120060	30113	2	
8120070	40301	4	
8120080	1	20000	
8120090	50009	500	
8120100	30111	4	
8120110	30113	2	
8120120	40200	4	
8120130	40201	2	
8120140	40301	4	
8120150	30111	4	
8120160	30113	2	
8120170	40301	4	
8120180	1	20000	
8120190	50009	500	
8120200	30111	4	
8120210	30113	2	
8120220	40200	4	
8120230	40201	2	
8120240	40301	4	
8120250	30111	4	
8120260	30113	2	
8120270	40301	4	
8120280	1	20000	
8120290	50009	500	
8120300	30111	4	
8120310	30113	2	
8120320	40200	4	
8120330	40201	2	
8120340	40301	4	
8120350	30111	4	
8120360	30113	2	
8120370	40301	4	
8120380	1	20000	
8120390	50009	500	
8120400	30111	4	
8120410	30113	2	
8120420	40200	4	
8120430	40201	2	
8120440	40301	4	
8120450	30111	4	
8120460	30113	2	
8120470	40301	4	
8120480	1	20000	
8120490	50009	500	
8130000	30111	10	
8130010	30014	2	
8130020	12	7	
8130030	31204	10	
8130040	31104	10	
8130050	40100	7	
8130060	40104	7	
8130070	40103	7	
8130080	1	50000	
8130090	50005	1000	
8130100	30111	10	
8130110	30014	2	
8130120	12	7	
8130130	31204	10	
8130140	31104	10	
8130150	40100	7	
8130160	40104	7	
8130170	40103	7	
8130180	1	50000	
8130190	50005	500	
8130200	30111	10	
8130210	30014	2	
8130220	12	7	
8130230	31204	10	
8130240	31104	10	
8130250	40100	7	
8130260	40104	7	
8130270	40103	7	
8130280	1	50000	
8130290	50005	500	
8130300	30113	8	
8130310	30014	2	
8130320	31204	10	
8130330	31104	10	
8130340	40301	5	
8130350	40110	5	
8130360	40114	5	
8130370	40113	5	
8130380	1	50000	
8130390	80019	1	
8130400	30113	8	
8130410	30014	2	
8130420	31204	10	
8130430	31104	10	
8130440	12	7	
8130450	40301	5	
8130460	40110	5	
8130470	40114	5	
8130480	40113	5	
8130490	50005	500	
8210000	12	2	
8210010	30013	5	
8210020	40100	2	
8210030	40104	2	
8210040	40103	2	
8210050	30111	4	
8210060	30113	2	
8210070	31204	5	
8210080	1	10000	
8210090	29	30	
8210100	40200	4	
8210110	40201	1	
8210120	40301	5	
8210130	31204	5	
8210140	31104	5	
8210150	40110	1	
8210160	40114	1	
8210170	40113	1	
8210180	1	10000	
8210190	29	30	
8210200	12	2	
8210210	30013	5	
8210220	40100	2	
8210230	40104	2	
8210240	40103	2	
8210250	30111	4	
8210260	30113	2	
8210270	31104	5	
8210280	1	10000	
8210290	29	30	
8210300	40200	4	
8210310	40201	1	
8210320	40301	5	
8210330	31204	5	
8210340	31104	5	
8210350	40110	1	
8210360	40114	1	
8210370	40113	1	
8210380	1	10000	
8210390	29	30	
8210400	12	2	
8210410	30013	5	
8210420	40100	2	
8210430	40104	2	
8210440	40103	2	
8210450	30111	4	
8210460	30113	2	
8210470	31204	5	
8210480	1	10000	
8210490	29	30	
8220000	40200	4	
8220010	40201	2	
8220020	40301	3	
8220030	40200	4	
8220040	40201	2	
8220050	40301	4	
8220060	40200	4	
8220070	40201	2	
8220080	40301	4	
8220090	50009	500	
8220100	40200	4	
8220110	40201	2	
8220120	40301	3	
8220130	40200	4	
8220140	40201	2	
8220150	40301	4	
8220160	40200	4	
8220170	40201	2	
8220180	40301	4	
8220190	50009	500	
8220200	40200	4	
8220210	40201	2	
8220220	40301	3	
8220230	40200	4	
8220240	40201	2	
8220250	40301	4	
8220260	40200	4	
8220270	40201	2	
8220280	40301	4	
8220290	50009	500	
8220300	40200	4	
8220310	40201	2	
8220320	40301	3	
8220330	40200	4	
8220340	40201	2	
8220350	40301	4	
8220360	40200	4	
8220370	40201	2	
8220380	40301	4	
8220390	50009	500	
8220400	40200	4	
8220410	40201	2	
8220420	40301	3	
8220430	40200	4	
8220440	40201	2	
8220450	40301	4	
8220460	40200	4	
8220470	40201	2	
8220480	40301	4	
8220490	50009	500	
8230000	40301	5	
8230010	30014	2	
8230020	12	7	
8230030	31204	10	
8230040	31104	10	
8230050	40110	3	
8230060	40114	3	
8230070	40113	3	
8230080	29	30	
8230090	50005	1000	
8230100	40301	5	
8230110	30014	2	
8230120	12	7	
8230130	31204	10	
8230140	31104	10	
8230150	40110	3	
8230160	40114	3	
8230170	40113	3	
8230180	29	30	
8230190	50005	500	
8230200	40301	5	
8230210	30014	2	
8230220	12	7	
8230230	31204	10	
8230240	31104	10	
8230250	40110	3	
8230260	40114	3	
8230270	40113	3	
8230280	29	30	
8230290	50005	500	
8230300	40301	8	
8230310	30014	2	
8230320	31204	10	
8230330	31104	10	
8230340	40301	8	
8230350	40110	5	
8230360	40114	5	
8230370	40113	5	
8230380	29	30	
8230390	80021	1	
8230400	40301	12	
8230410	30014	2	
8230420	31204	10	
8230430	31104	10	
8230440	40301	8	
8230450	29	30	
8230460	40110	5	
8230470	40114	5	
8230480	40113	5	
8230490	50005	500	
8310000	40692	1	
8310010	40692	1	
8310020	40692	2	
8310030	40692	1	
8310040	40692	2	
8310050	102	50	
8310060	102	50	
8310070	102	50	
8310080	102	50	
8310090	102	50	
8310100	102	50	
8310110	102	50	
8310120	102	50	
8310130	102	50	
8310140	102	50	
8310150	102	50	
8310160	102	50	
8310170	102	50	
8310180	102	50	
8310190	102	50	
8310200	102	50	
8310210	102	50	
8310220	102	50	
8310230	102	50	
8310240	102	50	
8310250	102	200	
8310260	102	200	
8310270	102	200	
8310280	102	200	
8310290	102	200	
8310300	31204	10	
8310310	31104	10	
8310320	31204	10	
8310330	31104	10	
8320000	102	50	
8320010	102	50	
8320020	102	50	
8320030	102	50	
8320040	102	50	
8320050	102	50	
8320060	102	50	
8320070	102	50	
8320080	102	50	
8320090	102	50	
8320100	102	50	
8320110	102	50	
8320120	102	50	
8320130	102	50	
8320140	102	50	
8320150	102	50	
8320160	102	50	
8320170	102	50	
8320180	102	50	
8320190	102	50	
8320200	102	50	
8320210	102	50	
8320220	102	50	
8320230	102	50	
8320240	102	50	
8320250	102	50	
8320260	102	50	
8320270	102	50	
8320280	102	50	
8320290	102	50	
8320300	40301	3	
8320310	40200	6	
8320320	40201	3	
8320330	102	300	
8320340	40301	3	
8320350	40200	6	
8320360	40201	3	
8320370	102	300	
8320380	40301	4	
8320390	50009	500	
8320400	40301	3	
8320410	40200	6	
8320420	40201	3	
8320430	102	300	
8320440	40301	3	
8320450	40200	6	
8320460	40201	3	
8320470	102	300	
8320480	40301	4	
8320490	50009	500	
8320500	40301	3	
8320510	40200	6	
8320520	40201	3	
8320530	102	300	
8320540	40301	3	
8320550	40200	6	
8320560	40201	3	
8320570	102	300	
8320580	40301	4	
8320590	50009	500	
8320600	40301	3	
8320610	40200	6	
8320620	40201	3	
8320630	102	300	
8320640	40301	3	
8320650	40200	6	
8320660	40201	3	
8320670	102	300	
8320680	40301	4	
8320690	50009	500	
8320700	40301	3	
8320710	40200	6	
8320720	40201	3	
8320730	102	300	
8320740	40301	3	
8320750	40200	6	
8320760	40201	3	
8320770	102	300	
8320780	40301	4	
8320790	50009	500	
8330000	40693	2	
8330010	40693	2	
8330020	40693	2	
8330030	80023	1	
8330040	102	100	
8330050	102	100	
8330060	102	100	
8330070	102	100	
8330080	102	100	
8330090	102	100	
8330100	102	100	
8330110	102	100	
8330120	102	100	
8330130	102	100	
8330140	102	100	
8330150	102	100	
8330160	102	100	
8330170	102	100	
8330180	102	100	
8330190	102	100	
8330200	102	100	
8330210	102	100	
8330220	102	100	
8330230	102	100	
8330240	102	100	
8330250	102	100	
8330260	102	100	
8330270	102	100	
8330280	102	100	
8330290	102	100	
8330300	102	100	
8330310	102	100	
8330320	102	100	
8330330	102	100	
8330340	102	900	
8330350	102	900	
8330360	102	900	
8330370	102	900	
8330380	102	900	
8330390	31204	20	
8330400	31104	20	
8330410	31204	20	
8330420	31104	20	
8330430	31204	20	
8330440	80025	1	
8330450	80028	1	
8330460	80030	1	
8330470	40301	6	
8330480	40301	6	
8330490	40301	6	
8330500	40301	6	
8330510	40301	6	
8330520	523	1	
8330530	523	1	
8330540	523	1	
8330550	523	1	
8330560	523	1	
8330570	30014	5	
8330580	40301	10	
8330590	40301	10	
8330600	30014	5	
8330610	40301	12	
8330620	40301	12	
8330630	523	2	
8330640	523	2	
8330650	523	2	
8330660	523	2	
8330670	523	2	
8330680	80031	1	
8330690	80033	1	
8330700	80037	1	
8330710	40200	4	
8330720	40201	1	
8330730	40200	4	
8330740	40201	1	
8330750	40200	4	
8330760	40201	1	
8330770	40905	1	
8330780	40905	1	
8330790	40905	1	
8330800	40905	1	
8330810	40905	1	
8330820	40905	2	
8330830	40905	2	
8330840	40905	2	
8330850	40905	2	
8330860	40905	2	
8330870	80039	1	
8330880	80040	1	
8330890	40906	1	
8330900	40906	1	
8330910	40906	1	
8330920	40906	1	
8330930	40906	1	
8330940	40906	2	
8330950	40906	2	
8330960	40906	2	
8330970	40906	2	
8330980	40906	2	
8330990	80042	1	
8331000	80045	1	
8331010	80050	1	
8331020	80052	1	
8331030	80053	1	
8331040	40907	1	
8331050	40907	1	
8331060	40907	1	
8331070	40907	1	
8331080	40907	1	
8331090	40907	2	
8331100	40907	2	
8331110	40907	2	
8331120	40907	2	
8331130	40907	2	
8331140	80055	1	
8331150	80058	1	
8331160	40908	1	
8331170	40908	1	
8331180	40908	1	
8331190	40908	1	
8331200	40908	1	
8331210	40908	2	
8331220	40908	2	
8331230	40908	2	
8331240	40908	2	
8331250	40908	2	
8331260	80062	1	
8331270	80064	1	
8331280	80069	1	
8331290	102	500	
8331300	102	500	
8331310	102	500	
8331320	102	500	
8331330	102	500	
8331340	102	500	
8331350	102	500	
8331360	102	500	
8331370	102	500	
8331380	102	500	
8331390	102	100	
8331400	102	100	
8331410	102	100	
8331420	102	100	
8331430	102	100	
8331440	102	100	
8331450	102	100	
8331460	102	100	
8331470	102	100	
8331480	102	100	
8331490	102	100	
8331500	102	100	
8331510	102	100	
8331520	102	100	
8331530	102	100	
8331540	102	100	
8331550	102	100	
8331560	102	100	
8331570	102	100	
8331580	102	100	
8331590	102	100	
8331600	102	100	
8331610	102	100	
8331620	102	100	
8331630	102	100	
8331640	102	100	
8331650	102	100	
8331660	102	100	
8331670	102	100	
8331680	102	100	
8331690	102	1500	
8331700	102	1500	
8331710	102	1500	
8331720	102	1500	
8331730	102	1500	
8331740	102	250	
8331750	102	250	
8331760	102	250	
8331770	102	250	
8331780	102	250	
8331790	102	250	
8331800	102	250	
8331810	102	250	
8331820	102	250	
8331830	102	250	
8331840	102	250	
8331850	102	250	
8331860	102	250	
8331870	102	250	
8331880	102	250	
8331890	102	250	
8331900	102	250	
8331910	102	250	
8331920	102	250	
8331930	102	250	
8331940	102	250	
8331950	102	250	
8331960	102	250	
8331970	102	250	
8331980	102	250	
8331990	102	250	
8332000	102	250	
8332010	102	250	
8332020	102	250	
8332030	102	250	
8332040	40914	1	
8332050	40914	1	
8332060	40914	1	
8332070	40914	1	
8332080	40914	1	
8332090	40914	2	
8332100	40914	2	
8332110	40914	2	
8332120	40914	2	
8332130	40914	2	
8332140	40915	1	
8332150	40915	1	
8332160	40915	1	
8332170	40915	1	
8332180	40915	1	
8332190	40915	2	
8332200	40915	2	
8332210	40915	2	
8332220	40915	2	
8332230	40915	2	
8332240	80070	1	
8332250	80072	1	
8332260	80076	1	
8332270	80078	1	
8332280	40916	1	
8332290	40916	1	
8332300	40916	1	
8332310	40916	1	
8332320	40916	1	
8332330	40916	2	
8332340	40916	2	
8332350	40916	2	
8332360	40916	2	
8332370	40916	2	
8332380	80080	1	
8332390	80084	1	
8332400	40918	1	
8332410	40918	1	
8332420	40918	1	
8332430	40918	1	
8332440	40918	1	
8332450	40918	2	
8332460	40918	2	
8332470	40918	2	
8332480	40918	2	
8332490	40918	2	
8332500	80088	1	
8332510	80090	1	
8332520	40919	1	
8332530	40919	1	
8332540	40919	1	
8332550	40919	1	
8332560	40919	1	
8332570	40919	2	
8332580	40919	2	
8332590	40919	2	
8332600	40919	2	
8332610	40919	2	
8332620	80093	1	
8332630	80098	1	
8332640	80099	1	
8332650	40920	1	
8332660	40920	1	
8332670	40920	1	
8332680	40920	1	
8332690	40920	1	
8332700	40920	2	
8332710	40920	2	
8332720	40920	2	
8332730	40920	2	
8332740	40920	2	
8332750	80104	1	
8332760	80105	1	
8332770	80108	1	
8332780	80113	1	
8332790	80117	1	
8332800	80118	1	
8332810	40921	1	
8332820	40921	1	
8332830	40921	1	
8332840	40921	1	
8332850	40921	1	
8332860	40921	2	
8332870	40921	2	
8332880	40921	2	
8332890	40921	2	
8332900	40921	2	
8332910	32000001	1	
8332911	60	5000	
8332920	80122	1	
8332930	40922	1	
8332940	40922	1	
8332950	40922	1	
8332960	40922	1	
8332970	40922	1	
8332980	40922	2	
8332990	40922	2	
8333000	40922	2	
8333010	40922	2	
8333020	40922	2	
8333030	80125	1	
8333040	32000002	1	
8333041	60	5000	
8333050	32000003	1	
8333051	60	5000	
8333060	80127	1	
8333070	80132	1	
8333080	32000004	1	
8333081	60	5000	
8333090	60	2500	
8333100	60	2500	
8333110	80133	1	
8333120	32000005	1	
8333121	60	5000	
8333130	40923	1	
8333140	40923	1	
8333150	40923	1	
8333160	40923	1	
8333170	40923	1	
8333180	40923	2	
8333190	40923	2	
8333200	40923	2	
8333210	40923	2	
8333220	40923	2	
8333230	33000001	1	
8333240	32000006	1	
8333241	60	5000	
8333250	60	5600	
8333260	102	280	
8333270	102	280	
8333280	102	280	
8333290	102	280	
8333300	102	280	
8333310	102	80	
8333320	102	80	
8333330	102	80	
8333340	102	80	
8333350	102	80	
8333360	102	80	
8333370	102	80	
8333380	102	80	
8333390	102	80	
8333400	102	80	
8333410	102	80	
8333420	102	80	
8333430	102	80	
8333440	102	80	
8333450	102	80	
8333460	102	80	
8333470	102	80	
8333480	102	80	
8333490	102	80	
8333500	102	80	
8333510	102	550	
8333520	102	550	
8333530	102	550	
8333540	102	550	
8333550	102	550	
8333560	102	550	
8333570	102	550	
8333580	102	550	
8333590	102	550	
8333600	102	550	
8333610	102	150	
8333620	102	150	
8333630	102	150	
8333640	102	150	
8333650	102	150	
8333660	102	150	
8333670	102	150	
8333680	102	150	
8333690	102	150	
8333700	102	150	
8333710	102	150	
8333720	102	150	
8333730	102	150	
8333740	102	150	
8333750	102	150	
8333760	102	150	
8333770	102	150	
8333780	102	150	
8333790	102	150	
8333800	102	150	
8333810	102	150	
8333820	102	150	
8333830	102	150	
8333840	102	150	
8333850	102	150	
8333860	102	150	
8333870	102	150	
8333880	102	150	
8333890	102	150	
8333900	102	150	
8333910	102	1780	
8333920	102	1780	
8333930	102	1780	
8333940	102	1780	
8333950	102	1780	
8333960	102	320	
8333970	102	320	
8333980	102	320	
8333990	102	320	
8334000	102	320	
8334010	102	320	
8334020	102	320	
8334030	102	320	
8334040	102	320	
8334050	102	320	
8334060	102	320	
8334070	102	320	
8334080	102	320	
8334090	102	320	
8334100	102	320	
8334110	102	320	
8334120	102	320	
8334130	102	320	
8334140	102	320	
8334150	102	320	
8334160	102	320	
8334170	102	320	
8334180	102	320	
8334190	102	320	
8334200	102	320	
8334210	102	320	
8334220	102	320	
8334230	102	320	
8334240	102	320	
8334250	102	320	
8334260	33000002	1	
8334270	32000007	1	
8334271	60	5000	
8334280	40924	1	
8334290	40924	1	
8334300	40924	1	
8334310	40924	1	
8334320	40924	1	
8334330	40924	2	
8334340	40924	2	
8334350	40924	2	
8334360	40924	2	
8334370	40924	2	
8334380	33000003	1	
8334390	32000008	1	
8334391	60	5000	
8334400	40925	1	
8334410	40925	1	
8334420	40925	1	
8334430	40925	1	
8334440	40925	1	
8334450	40925	2	
8334460	40925	2	
8334470	40925	2	
8334480	40925	2	
8334490	40925	2	
8334500	33000004	1	
8334510	32000009	1	
8334511	60	5000	
301612010	3	10	
301612020	3	10	
301612030	3	10	
301612040	3	10	
301612050	3	10	
301612060	3	10	
301612070	3	10	
301612080	3	10	
301612090	3	10	
301612100	3	10	
301612011	70001	15	
301612021	31204	3	
301612031	12	3	
301612041	70002	3	
301612051	31204	3	
301612061	70001	15	
301612071	31204	3	
301612081	12	3	
301612091	70002	3	
301612101	31204	3	
301612012	1	60000	
301612022	1	60000	
301612032	1	60000	
301612042	1	60000	
301612052	1	60000	
301612062	1	60000	
301612072	1	60000	
301612082	1	60000	
301612092	1	60000	
301612102	1	60000	
9100230	10061	1	
9100240	10061	1	
9100250	10061	1	
9100260	10061	1	
9100270	10061	1	
9100280	10061	1	
9100290	10061	1	
9100300	10061	1	
9100310	10061	1	
9100320	10061	1	
9100330	10061	1	
9100340	10061	1	
9100010	30013	1	
9100020	30013	1	
9100030	30013	1	
9100040	30013	1	
9100050	30013	1	
9100060	30013	1	
9100070	30013	1	
9100080	30013	1	
9100090	30013	1	
9100100	30013	1	
9100110	30013	1	
9100120	30013	1	
9100130	30013	1	
9100140	30013	1	
9100150	30013	1	
9100160	30013	1	
9100170	30013	1	
9100180	30013	1	
9100190	30013	1	
9100200	30013	1	
9100210	30013	1	
9100220	30013	1	
9100011	31204	3	
9100021	31204	3	
9100031	31204	3	
9100041	31204	3	
9100051	31204	3	
9100061	31204	3	
9100071	31204	3	
9100081	31204	3	
9100091	31204	3	
9100101	31204	3	
9100111	31204	3	
9100121	31204	3	
9100131	31204	3	
9100141	31204	3	
9100151	31204	3	
9100161	31204	3	
9100171	31204	3	
9100181	31204	3	
9100191	31204	3	
9100201	31204	3	
9100211	31204	3	
9100221	31204	3	
9100012	1	5000	
9100022	1	5000	
9100032	1	5000	
9100042	1	5000	
9100052	1	5000	
9100062	1	5000	
9100072	1	5000	
9100082	1	5000	
9100092	1	5000	
9100102	1	5000	
9100112	1	5000	
9100122	1	10000	
9100132	1	10000	
9100142	1	10000	
9100152	1	10000	
9100162	1	10000	
9100172	1	10000	
9100182	1	10000	
9100192	1	10000	
9100202	1	10000	
9100212	1	10000	
9100222	1	10000	
11090010	60832	1	
7650010	1	100000	
7650020	12	5	
7650030	30013	1	
7650040	70001	12	
7650050	3	25	
7650060	1	100000	
7650070	12	5	
7650080	70002	2	
7650110	1	100000	
7650120	12	5	
7650130	30013	1	
7650140	70001	12	
7650150	3	25	
7650160	1	100000	
7650170	12	5	
7650180	70002	2	
7650210	1	100000	
7650220	12	5	
7650230	30013	1	
7650240	70001	12	
7650250	3	25	
7650260	1	100000	
7650270	12	5	
7650280	70002	2	
7650310	1	100000	
7650320	12	5	
7650330	30013	1	
7650340	70001	12	
7650350	3	25	
7650360	1	100000	
7650370	12	5	
7650380	70002	2	
7650281	11000027	1	
3460010	60840	1000	
3460020	1	60000	
3460030	3	25	
3460040	1	60000	
3460050	3	25	
3460060	1	60000	
3460070	3	25	
3460080	1	60000	
3460090	3	25	
3460100	1	60000	
3460021	30013	3	
3460031	12	15	
3460041	31204	10	
3460051	30013	3	
3460061	12	15	
3460071	31204	10	
3460081	30013	3	
3460091	12	15	
3460101	31204	10	
3460022	102	50	
3460032	102	50	
3460042	102	50	
3460052	102	50	
3460062	102	50	
3460072	102	50	
3460082	102	50	
3460092	102	50	
3460102	102	100	
5700000	19100001	10	
5700010	19100001	20	
5700011	1	1000	
5700020	19100001	30	
5700021	60001	1	
5700022	1	3000	
5700030	19100001	30	
5700031	12	1	
5700032	1	3000	
5700040	60002	3	
5700041	102	50	
5700050	31204	5	
5700051	102	50	
5700060	30013	5	
5700061	102	50	
5700070	29	30	
5700071	102	50	
5700080	3	50	
5700081	13014004	1	
5700100	19100003	20	
5700110	19100003	20	
5700111	60001	2	
5700112	1	3000	
5700120	19100003	30	
5700121	60002	1	
5700122	1	3000	
5700130	102	100	
5700131	31104	5	
5700132	31204	10	
5700140	8981607	1	
5700141	8981609	1	
5700142	8981611	1	
5700150	8981608	1	
5700151	8981610	1	
5700152	8981612	1	
5700160	3	50	
5700161	13017001	1	
5700170	29	50	
5700171	102	100	
5800000	1030	100	
5800001	1	3000	
5800010	1030	200	
5800011	1	5000	
5800020	1030	200	
5800021	1	5000	
5800030	8981301	1	
5800031	8981302	1	
5800032	102	100	
5800040	8981303	1	
5800041	8981304	1	
5800042	8981305	1	
5800050	50005	50	
5800060	50003	25	
5800070	50009	25	
5800080	29	30	
5800090	40301	8	
5800100	12	5	
5800110	1	188888	
5800120	1	20	
5900000	6610307	1	
5900001	9010234	1	
5900010	50103	30	
5900020	50103	70	
5900030	50103	120	
5900040	50103	150	
5900050	50103	150	
5900060	50103	150	
5900070	50103	200	
5900080	50103	200	
5900090	50103	200	
5900100	50103	800	
5900110	50103	800	
5900120	50103	800	
5900130	50103	1000	
5900140	50103	1000	
5900150	50103	1000	
5900160	50103	2000	
5900170	50103	2000	
5900180	50103	2000	
5900190	50103	2000	
5900200	50103	2000	
5900210	50103	2000	
5900220	50103	180	
5900230	50103	180	
5900240	50103	180	
5900250	50103	270	
5900260	50103	270	
5900270	50103	270	
5900280	50103	300	
5900290	50103	300	
5900300	50103	300	
5900310	50103	180	
5900320	50103	180	
5900330	50103	240	
5900340	50103	240	
5900350	50103	330	
5900360	50103	330	
5900370	50103	660	
5900380	50103	660	
5900390	50103	660	
5900400	50103	240	
5900410	50103	240	
5900420	50103	240	
5900430	50103	240	
5900440	50103	300	
5900450	50103	300	
5900460	50103	350	
5900470	50103	350	
5900480	40901	1	
5900490	40901	1	
5900500	40901	1	
5900510	40901	1	
5900520	40901	1	
5900530	50104	1	
5900540	40901	1	
5900550	40903	1	
5900560	40902	1	
5900570	40301	1	
5900580	30013	1	
5900590	31104	1	
5900600	31204	1	
5900610	60001	1	
5900620	60002	1	
5900630	12	1	
5900640	9090014	1	
5900650	50005	1000	
5900660	102	2500	
5900670	94034	1	
5900680	50000	2500	
5900690	3005	2	
5900700	50005	1000	
5900710	102	2500	
5900720	94053	1	
5900730	50000	2500	
5900740	3005	2	
5900750	50005	1000	
5900760	102	2500	
5900770	97018	1	
5900780	50000	2500	
5900790	3005	2	
5900800	50005	1000	
5900810	102	2500	
5900820	97049	1	
5900830	50000	2500	
5900840	3005	2	
5900850	50005	1000	
5900860	102	2500	
5900870	97076	1	
5900880	50000	2500	
5900890	3005	2	
5910000	97004	1	
5910001	97006	1	
5910010	97005	1	
5910011	97004	1	
5910012	97006	1	
5910020	97003	1	
5910021	97005	1	
5910022	97004	1	
5910023	97006	1	
5910030	97003	1	
5910031	97005	1	
5910032	97004	1	
5910033	97006	1	
490000	32000	1000	
490001	32001	100	
490002	1	200000	
490010	33000	1000	
490011	33001	100	
490012	1	200000	
850000	33002	3	
850010	33002	3	
850020	33002	3	
850030	33002	3	
850040	33002	3	
850050	33002	3	
850060	33002	3	
850070	33002	3	
850080	33002	3	
850090	102	50	
850100	102	50	
850110	102	50	
850120	102	50	
850130	102	50	
850140	102	50	
850150	102	50	
850160	102	50	
850001	33001	5	
850011	33001	5	
850021	33001	5	
850031	33001	5	
850041	33001	5	
850051	33001	5	
850061	33001	5	
850071	33001	5	
850081	33001	5	
850091	33000	20	
850101	33000	20	
850111	33000	20	
850121	33000	20	
850131	33000	20	
850141	33000	20	
850151	33000	20	
850161	33000	20	
850002	30013	2	
850012	30013	2	
850022	30013	2	
850032	30013	2	
850042	30013	2	
850052	30013	2	
850062	30013	2	
850072	30013	2	
850082	30013	2	
850092	1	100000	
850102	1	100000	
850112	1	100000	
850122	1	100000	
850132	1	100000	
850142	1	100000	
850152	1	100000	
850162	1	100000	
5710000	19100002	10	
5710010	19100002	20	
5710011	1	1000	
5710020	19100002	30	
5710021	12	1	
5710022	1	3000	
5710030	30013	5	
5710031	102	30	
5710040	60002	5	
5710041	102	50	
5710050	31204	15	
5710051	102	60	
5710060	29	50	
5710061	102	60	
5710070	3	50	
5710071	13015006	1	
5710072	11000079	1	
5810000	12	8	
5810001	50009	20	
5810002	102	20	
5810010	40200	10	
5810011	50009	20	
5810012	102	20	
5810020	90014	2	
5810021	50009	20	
5810022	102	20	
5810030	40301	8	
5810031	50009	20	
5810032	102	20	
5810040	40201	5	
5810041	50009	20	
5810042	102	20	
5810050	90015	1	
5810051	50009	20	
5810052	102	20	
850170	33003	3	
850180	33003	3	
850190	33003	3	
850200	33003	3	
850210	33003	3	
850220	33003	3	
850230	33003	3	
850240	33003	3	
850250	33003	3	
850260	102	15	
850261	65	60	
850262	12	7	
850270	102	20	
850271	65	80	
850272	1	72000	
850280	102	20	
850281	65	90	
850282	1	76000	
850290	102	20	
850291	65	100	
850292	1	80000	
850300	102	25	
850301	65	120	
850302	1	84000	
850310	102	25	
850311	65	140	
850312	1	100000	
850320	102	40	
850321	65	180	
850322	1	128000	
850330	102	50	
850331	65	240	
850332	1	160000	
850340	102	65	
850341	65	310	
850342	1	200000	
850350	102	10	
850351	65	35	
850352	12	4	
850360	102	10	
850361	65	50	
850362	1	43200	
850370	102	10	
850371	65	55	
850372	1	45600	
850380	102	10	
850381	65	60	
850382	1	48000	
850390	102	10	
850391	65	70	
850392	1	50400	
850400	102	10	
850401	65	85	
850402	1	60000	
850410	102	15	
850411	65	110	
850412	1	76800	
850420	102	25	
850421	65	145	
850422	1	96000	
850430	102	50	
850431	65	190	
850432	1	120000	
850440	102	20	
850441	65	130	
850442	12	10	
850450	102	20	
850451	65	130	
850452	1	108000	
850460	102	20	
850461	65	130	
850462	1	114000	
850470	102	20	
850471	65	130	
850472	1	120000	
850480	102	20	
850481	65	130	
850482	1	126000	
850490	102	20	
850491	65	130	
850492	1	150000	
850500	102	30	
850501	65	190	
850502	1	192000	
850510	102	40	
850511	65	260	
850512	1	240000	
850520	102	50	
850521	65	355	
850522	1	300000	
850530	102	15	
850531	65	80	
850532	12	5	
850540	102	15	
850541	65	80	
850542	1	81000	
850550	102	15	
850551	65	80	
850552	1	85500	
850560	102	15	
850561	65	80	
850562	1	90000	
850570	102	15	
850571	65	80	
850572	1	94500	
850580	102	15	
850581	65	80	
850582	1	112500	
850590	102	20	
850591	65	115	
850592	1	144000	
850600	102	30	
850601	65	160	
850602	1	180000	
850610	102	40	
850611	65	220	
850612	1	225000	
751110	102	10	
751111	30013	2	
751112	1	18888	
751120	102	10	
751121	30013	2	
751122	1	18888	
751130	102	10	
751131	11000078	1	
751132	1	18888	
751140	102	10	
751141	30013	2	
751142	1	18888	
751150	102	10	
751151	30013	2	
751152	1	18888	
751160	102	10	
751161	11000077	1	
751162	1	18888	
751170	102	10	
751171	30013	2	
751172	1	18888	
751180	102	10	
751181	30013	2	
751182	1	18888	
751190	102	5	
751191	40200	6	
751192	1	1888	
751200	102	5	
751201	40301	8	
751202	30013	2	
751210	102	10	
751211	40201	4	
751212	30013	2	
751220	40301		
751221	40200		
751222	1	1	
751230	40301		
751231	40200		
751232	1	1	
751240	3	10	
751241	12	2	
751242	1	8888	
751250	3	10	
751251	12	2	
751252	1	8888	
751260	3	20	
751261	12	2	
751262	1	8888	
751270	3	25	
751271	12	2	
751272	1	8888	
751280	3	35	
751281	12	2	
751282	1	8888	
761110	102	5	
761111	31104	1	
761112	12	4	
761120	102	5	
761121	30013	3	
761122	31204	3	
761130	29	10	
761131	102	15	
761132	1	6000	
761140	102	5	
761141	31104	1	
761142	12	4	
761150	102	5	
761151	30013	3	
761152	31204	3	
761160	29	10	
761161	102	15	
761162	1	6000	
761170	102	5	
761171	31104	1	
761172	12	4	
761180	102	5	
761181	30013	3	
761182	31204	3	
761190	29	10	
761191	102	15	
761192	1	6000	
761200	102	5	
761201	31104	1	
761202	12	4	
761210	102	5	
761211	30013	3	
761212	31204	3	
761220	29	10	
761221	102	15	
761222	1	6000	
761230	102	5	
761231	31104	1	
761232	12	4	
761240	102	5	
761241	30013	3	
761242	31204	3	
761250	29	10	
761251	102	15	
761252	1	6000	
761260	102	5	
761261	31104	1	
761262	12	4	
761270	102	5	
761271	30013	3	
761272	31204	3	
761280	29	10	
761281	102	15	
761282	1	6000	
761290	102	5	
761291	31104	1	
761292	12	4	
761300	102	5	
761301	30013	3	
761302	31204	3	
761310	29	10	
761311	102	15	
761312	1	6000	
761320	102	5	
761321	31104	1	
761322	12	4	
761330	102	5	
761331	30013	3	
761332	31204	3	
761340	29	10	
761341	102	15	
761342	1	6000	
761350	102	30	
761351	60002	6	
761352	13015001	1	
761360	102	30	
761361	60001	3	
761362	1	30000	
761370	102	30	
761371	60002	6	
761372	13015001	1	
761380	102	30	
761381	60001	3	
761382	1	30000	
761390	102	30	
761391	60002	6	
761392	13015001	1	
761400	102	30	
761401	60001	3	
761402	1	30000	
761410	102	30	
761411	60001	3	
761412	1	30000	
761420	102	30	
761421	60002	6	
761422	13015001	1	
761430	29	20	
761431	31104	3	
761432	31204	9	
761440	102	30	
761441	30013	4	
761442	1	18000	
761450	102	30	
761451	30013	4	
761452	1	18000	
761460	30013	2	
761461	31104	1	
761462	31204	3	
761113	60850	800	
761123	60850	1000	
761133	60850	1200	
761143	60850	800	
761153	60850	1000	
761163	60850	1200	
761173	60850	800	
761183	60850	1000	
761193	60850	1200	
761203	60850	800	
761213	60850	1000	
761223	60850	1200	
761233	60850	800	
761243	60850	1000	
761253	60850	1200	
761263	60850	800	
761273	60850	1000	
761283	60850	1200	
761293	60850	800	
761303	60850	1000	
761313	60850	1200	
761323	60850	800	
761333	60850	1000	
761343	60850	1200	
771110	3	10	
771111	31204	3	
771112	1	5000	
771120	3	10	
771121	31204	3	
771122	1	5000	
771130	3	10	
771131	31204	3	
771132	1	5000	
771140	3	10	
771141	31204	3	
771142	1	5000	
771150	3	10	
771151	31204	3	
771152	1	5000	
771160	3	10	
771161	31204	3	
771162	1	5000	
771170	3	10	
771171	31204	3	
771172	1	5000	
771180	3	10	
771181	31204	3	
771182	1	5000	
771190	3	10	
771191	31204	3	
771192	1	5000	
771200	3	10	
771201	31204	3	
771202	1	5000	
771210	3		
771211	31204		
771212	1		
771220	3		
771221	31204		
771222	1		
771230	3		
771231	31204		
771232	1		
771240	102	10	
771241	31104	1	
771242	1	5000	
771250	102	10	
771251	31104	1	
771252	1	5000	
771260	102	10	
771261	31104	1	
771262	1	5000	
771270	102	10	
771271	31104	1	
771272	1	5000	
771280	102	10	
771281	31104	1	
771282	1	5000	
771290	102	10	
771291	31104	1	
771292	1	5000	
771300	102	10	
771301	31104	1	
771302	1	5000	
771310	102	10	
771311	31104	1	
771312	1	5000	
771320	102	10	
771321	31104	1	
771322	1	5000	
771330	102	10	
771331	31104	1	
771332	1	5000	
771340	102		
771341	31104		
771342	1		
771350	102		
771351	31104		
771352	1		
771360	102		
771361	31104		
771362	1		
771370	102	15	
771371	8981501	1	
771372	8981502	1	
771380	102	15	
771381	30013	6	
771382	13016001	1	
771390	102	20	
771391	30013	6	
771392	13016001	1	
771400	102	15	
771401	8981503	1	
771402	8981504	1	
771410	102	15	
771411	8981505	1	
771412	13016001	1	
771420	102	20	
771421	30013	6	
771422	13016001	1	
790010	21000001	1	
790020	21000002	1	
790030	21000003	1	
790040	21000004	1	
790050	21000005	1	
790060	21000006	1	
790070	21000007	1	
790080	21000008	1	
790090	21000009	1	
790100	21000010	1	
790110	21000011	1	
790120	21000012	1	
790130	21000013	1	
790140	21000014	1	
791010	21000101	1	
791020	21000102	1	
791030	21000103	1	
791040	21000104	1	
791050	21000105	1	
791060	21000106	1	
791070	21000107	1	
791080	21000108	1	
791090	21000109	1	
791100	21000110	1	
791110	21000111	1	
791120	21000112	1	
791130	21000113	1	
791140	21000114	1	
792010	21000201	1	
792020	21000202	1	
792030	21000203	1	
792040	21000204	1	
792050	21000205	1	
792060	21000206	1	
792070	21000207	1	
792080	21000208	1	
792090	21000209	1	
792100	21000210	1	
792110	21000211	1	
792120	21000212	1	
792130	21000213	1	
792140	21000214	1	
793010	21000301	1	
793011	21000302	1	
793012	21000303	1	
793013	21000304	1	
793014	21000305	1	
793015	21000306	1	
793016	21000307	1	
793017	21000308	1	
793018	21000309	1	
793019	21000310	1	
793020	21000311	1	
793021	21000312	1	
793022	21000313	1	
793023	21000314	1	
5200520	3	10	
5200521	102	25	
5200522	12	3	
5200530	29	10	
5200531	102	25	
5200532	31204	3	
5200540	3	10	
5200541	102	25	
5200542	40110	1	
5200550	29	10	
5200551	102	25	
5200552	40113	1	
5200560	3	10	
5200561	102	25	
5200562	40114	1	
5200570	29	10	
5200571	102	25	
5200572	30013	3	
5200580	3	10	
5200581	102	25	
5200582	12	3	
5200590	29	10	
5200591	102	25	
5200592	31204	3	
5200600	3	10	
5200601	102	25	
5200602	40110	1	
5200610	29	10	
5200611	102	25	
5200612	40113	1	
5200620	3	10	
5200621	102	25	
5200622	40114	1	
5200630	29	10	
5200631	102	25	
5200632	30013	3	
5200640	3	10	
5200641	102	25	
5200642	12	3	
5200650	29	10	
5200651	102	25	
5200652	31204	3	
5200660	3	10	
5200661	102	25	
5200662	40110	1	
5200670	29	10	
5200671	102	25	
5200672	40113	1	
5200680	3	10	
5200681	102	25	
5200682	40114	1	
5200690	29	10	
5200691	102	25	
5200692	11000084	1	
5200700	40200	2	
5200701	40301	2	
5200702	1	3000	
5200710	40201	1	
5200711	40301	2	
5200712	1	3000	
5200720	40200	2	
5200721	40301	2	
5200722	1	3000	
5200730	40201	1	
5200731	40301	2	
5200732	1	3000	
5200740	40200	2	
5200741	40301	2	
5200742	1	3000	
5200750	40201	1	
5200751	40301	2	
5200752	1	3000	
5200760	40200	2	
5200761	40301	2	
5200762	1	3000	
5200770	40201	1	
5200771	40301	2	
5200772	1	3000	
5200780	40200	2	
5200781	40301	2	
5200782	1	3000	
5200790	40201	1	
5200791	40301	2	
5200792	1	3000	
5200800	70002	2	
5200801	70001	6	
5200802	1	3000	
5200810	70002	2	
5200811	70001	6	
5200812	1	3000	
5200820	70002	2	
5200821	70001	6	
5200822	1	3000	
5200830	70002	2	
5200831	70001	6	
5200832	1	3000	
5200840	70002	2	
5200841	70001	6	
5200842	1	3000	
5200850	70002	2	
5200851	70001	6	
5200852	1	3000	
5200860	70002	2	
5200861	70001	6	
5200862	1	3000	
5200870	70002	2	
5200871	70001	6	
5200872	1	3000	
5200880	70002	2	
5200881	70001	6	
5200882	1	3000	
5200890	70002	2	
5200891	70001	6	
5200892	1	3000	
790000	62511	1	
155010	32004	15	
155020	32004	15	
155030	32004	15	
155110	32001	70	
155120	32001	70	
155130	32001	70	
155210	50005	50	
155220	50005	50	
155230	50005	50	
155310	50005	50	
155320	30013	10	
155330	30013	10	
155011	40104	50	
155021	31204	50	
155031	11000089	1	
155111	40104	50	
155121	12	20	
155131	11000090	1	
155211	31204	50	
155221	12	20	
155231	11000091	1	
155311	31204	50	
155321	12	10	
155331	31204	10	
155012	102	50	
155022	102	50	
155032	102	50	
155112	102	50	
155122	102	50	
155132	102	50	
155212	102	50	
155222	102	50	
155232	102	50	
155312	102	50	
155322	1	50000	
155332	1	50000	
155410	50005	25	
155420	50005	50	
155430	70002	5	
155440	70002	10	
155510	50005	25	
155520	50005	50	
155530	70002	5	
155540	70002	10	
155610	50005	50	
155620	50005	50	
155630	70002	10	
155660	70002	20	
155411	102	50	
155421	102	100	
155431	70001	30	
155441	70001	60	
155511	102	50	
155521	102	100	
155531	70001	30	
155541	70001	60	
155611	102	100	
155621	102	100	
155631	70001	60	
155661	70001	120	
155412	30013	5	
155422	31204	10	
155432	1	10000	
155442	1	20000	
155512	11000121	1	
155522	31104	6	
155532	1	10000	
155542	1	20000	
155612	31204	10	
155622	31104	6	
155632	1	20000	
155662	1	40000	
155640	60833	250	
155650	60834	5	
128360	29	30	
128361	30013	2	
128362	1	30000	
128370	50005	35	
128371	31204	10	
128380	102	100	
128381	60001	5	
128390	29	30	
128391	30013	2	
128392	1	60000	
128400	50005	35	
128401	31204	10	
128410	102	100	
128411	60001	5	
128420	29	30	
128421	30013	2	
128422	1	60000	
128430	50005	35	
128431	11000094	1	
128440	102	100	
128441	60001	5	
128450	29	30	
128451	12	10	
128452	1	90000	
128460	50005	35	
128461	31104	5	
128470	102	100	
128471	60002	3	
128480	29	30	
128481	12	10	
128482	1	90000	
128490	102	100	
128491	12	10	
128492	1	90000	
128500	31104	5	
128501	12	15	
128502	1	180000	
129410	60002	3	
129411	12	15	
129412	1	360000	
128510	50005	10	
128511	32001	5	
128512	32005	2	
128520	50005	10	
128521	32001	5	
128522	32005	2	
128530	50005	10	
128531	32001	5	
128532	32005	2	
128540	50005	10	
128541	32001	5	
128542	32005	2	
128550	50005	10	
128551	32001	5	
128552	32005	2	
128560	50005	10	
128561	32001	5	
128562	32005	2	
128570	50005	10	
128571	32001	5	
128572	32005	2	
128580	50005	10	
128581	32001	5	
128582	32005	2	
128590	50005	10	
128591	32001	10	
128592	32005	2	
128600	50005	10	
128601	32001	10	
128602	32005	2	
128610	50005	10	
128611	32001	10	
128612	32005	2	
128620	50005	10	
128621	32001	10	
128622	32005	2	
128630	50005	10	
128631	32001	10	
128632	32005	2	
128640	50005	10	
128641	32001	10	
128642	32005	2	
128650	50005	20	
128651	32001	10	
128652	32005	2	
128660	50005	20	
128661	32001	20	
128662	32005	3	
128670	50005	20	
128671	32001	20	
128672	32005	3	
128680	50005	20	
128681	32001	20	
128682	32005	3	
128690	50005	20	
128691	32001	20	
128692	32005	3	
128700	50005	20	
128701	32001	20	
128702	32005	3	
128710	31204	10	
128711	31104	10	
128712	102	20	
128720	40100	10	
128721	30013	10	
128722	102	30	
128730	40103	20	
128731	12	25	
128732	102	40	
128740	40104	20	
128741	1	100000	
128742	102	50	
128750	40200	10	
128751	40301	10	
128752	102	60	
128760	70002	20	
128761	70001	120	
128762	102	70	
128770	40201	15	
128771	40301	20	
128772	102	80	
128780	13018003	1	
128781	102	30	
128790	13018003	1	
128791	102	30	
128800	13018003	1	
128801	102	40	
128810	13018003	1	
128811	102	50	
128820	3	50	
128821	30013	1	
128822	62720	60	
128823	70001	5	
128824	62720	90	
128825	70002	1	
128826	62720	120	
128870	31204	10	
128880	31104	10	
128890	102	20	
128900	40100	10	
128910	30013	10	
128920	102	30	
128930	40103	20	
128940	12	25	
128950	102	40	
128960	40104	20	
128970	1	100000	
128980	102	50	
128990	40200	10	
129000	40301	10	
129010	102	60	
129020	70002	20	
129030	70001	120	
129040	102	70	
129050	40201	15	
129060	40301	20	
129070	102	80	
129080	13018003	1	
129090	102	30	
129100	13018003	1	
129110	102	30	
129120	13018003	1	
129130	102	40	
129140	13018003	1	
129150	102	50	
129160	31204	1	
129161	40104	1	
129162	1	2000	
129170	31104	1	
129171	40103	1	
129172	1	3000	
129180	30013	1	
129181	40100	1	
129182	1	1000	
129190	30013	1	
129191	12	1	
129192	1	1000	
129200	30013	1	
129201	31203	1	
129202	1	2000	
129210	30013	1	
129211	31103	1	
129212	1	2000	
129220	40201	1	
129221	40200	2	
129222	1	2000	
129230	40110	1	
129231	40100	1	
129232	1	3000	
129240	70002	1	
129241	70001	6	
129242	1	2000	
129250	31204	1	
129251	40100	1	
129252	1	2000	
129260	31204	1	
129261	40100	1	
129262	1	2000	
129270	70002	1	
129271	70001	6	
129272	1	2000	
129280	324	2	
129281	30012	1	
129282	1	3000	
129290	324	3	
129291	31104	1	
129292	1	6000	
129300	324	3	
129301	31204	1	
129302	1	6000	
129310	30013	3	
129320	40104	6	
129330	31204	8	
129340	102	50	
129350	3	50	
129360	30013	3	
129370	40114	3	
129380	31104	2	
129390	102	50	
129400	3	50	
129420	30013	1	
129421	12	1	
129422	1	5000	
129430	50009	20	
129431	31204	10	
129432	1	25000	
129440	50009	20	
129441	30013	5	
129442	1	25000	
129450	50009	20	
129451	12	20	
129452	1	25000	
129460	50009	20	
129461	40114	6	
129462	1	25000	
129470	50009	20	
129471	40113	6	
129472	1	25000	
129480	4	60	
129490	3019050	1	
129491	31204	6	
129492	1	30000	
129500	3029050	1	
129501	31104	6	
129502	1	30000	
129510	3039050	1	
129511	12	6	
129512	1	30000	
129520	3049050	1	
129521	40100	6	
129522	1	30000	
129530	3059050	1	
129531	40103	6	
129532	1	30000	
129540	3069050	1	
129541	40104	6	
129542	1	30000	
129550	60002	3	
129551	30013	6	
129552	1	30000	
129560	40301	3	
129561	40110	6	
129562	1	30000	
129570	40200	3	
129571	40113	6	
129572	1	30000	
129580	40201	3	
129581	40114	6	
129582	1	30000	
129590	50005	100	
129591	31204	7	
129592	102	40	
129593	13019002	1	
129600	50005	50	
129601	31104	7	
129602	102	40	
129603	13019002	1	
129610	50005	50	
129611	40113	7	
129612	102	40	
129613	13019002	1	
129620	50005	50	
129621	40114	7	
129622	102	40	
129623	13019002	1	
129631	30013	7	
129632	102	40	
129633	13019002	1	
129640	3	50	
129641	30013	1	
129642	62721	60	
129643	70001	5	
129644	62721	90	
129645	70002	1	
129646	62721	120	
129690	1035	4	
129691	30012	1	
129692	1	3000	
129700	1035	6	
129701	31104	1	
129702	1	6000	
129710	1035	6	
129711	31204	1	
129712	1	6000	
129720	30012	10	
129730	30013	4	
129740	102	50	
129750	40104	20	
129760	3	50	
129770	40114	7	
129780	40103	25	
129790	102	50	
129800	40113	10	
129810	30013	3	
129820	40100	30	
129830	40110	10	
129840	3	50	
129850	325	2	
129851	30012	1	
129852	1	3000	
129860	325	3	
129861	31104	1	
129862	1	6000	
129870	325	3	
129871	31204	1	
129872	1	6000	
129880	30013	6	
129890	40104	20	
129900	31204	20	
129910	102	50	
129920	3	50	
129930	30013	6	
129940	40114	10	
129950	31104	8	
129960	102	50	
129970	3	50	
180010	1036	2	
180011	30012	1	
180012	1	3000	
180020	1036	3	
180021	31104	1	
180022	1	6000	
180030	1036	4	
180031	31204	1	
180032	1	6000	
180040	30013	5	
180050	40104	30	
180060	3	50	
180070	102	50	
180080	40100	35	
180090	40113	8	
180100	3	50	
180110	30013	5	
180120	40110	8	
180130	40114	8	
180140	102	50	
180150	1037	2	
180151	30012	1	
180152	1	3000	
180160	1037	2	
180161	31104	2	
180162	1	6000	
180170	1037	3	
180171	31204	2	
180172	1	6000	
180180	30013	6	
180190	31104	6	
180200	102	100	
180210	31204	18	
180220	60002	12	
180230	3	100	
180240	1038	1	
180241	30012	1	
180242	1	3000	
180250	1038	1	
180251	31104	2	
180252	1	6000	
180260	1038	1	
180261	31204	2	
180262	1	6000	
180270	31204	15	
180280	3	50	
180290	102	100	
180300	31104	10	
180310	60002	15	
180320	3	50	
180330	1039	1	
180331	30012	1	
180332	1	3000	
180340	1039	2	
180341	31104	2	
180342	1	6000	
180350	1039	3	
180351	31204	2	
180352	1	6000	
180360	30012	15	
180370	3	50	
180380	60002	10	
180390	102	50	
180400	31104	10	
180410	102	50	
180420	31204	12	
180430	3	50	
180440	1040	1	
180441	30012	1	
180442	1	3000	
180450	1040	1	
180451	31104	2	
180452	1	6000	
180460	1040	2	
180461	31204	2	
180462	1	6000	
180470	3	20	
180471	30013	3	
180472	1	9000	
180480	102	50	
180481	31104	3	
180482	1	9000	
180490	3	30	
180491	31204	10	
180492	1	12000	
180500	102	50	
180501	60001	30	
180502	1	12000	
180510	3	50	
180511	60002	15	
180512	1	12000	
180520	1041	5	
180521	30012	1	
180522	1	3000	
180530	1041	10	
180531	31104	1	
180532	1	6000	
180540	1041	10	
180541	31204	2	
180542	1	6000	
180550	30013	2	
180560	3	25	
180570	31104	3	
180580	102	50	
180590	60002	5	
180600	31204	10	
180610	3	50	
180620	31104	3	
180630	31204	10	
180640	102	50	
180650	3	25	
180660	60001	30	
180670	60002	15	
150000	96121	200	
150010	96121	200	
150020	96121	200	
150030	96121	200	
150040	96121	200	
150050	96121	200	
150060	96121	200	
150070	96121	200	
150080	96121	200	
150090	96121	200	
150100	96121	200	
150110	96121	200	
150120	96121	200	
150130	96121	200	
150140	96121	200	
150150	96121	300	
150160	96121	300	
150170	96121	300	
150180	96121	300	
150190	96121	300	
150200	96121	300	
150210	96121	300	
150220	96121	300	
150230	96121	300	
150240	96121	300	
150250	96121	300	
150260	96121	300	
150270	96121	300	
150280	96121	300	
150290	96121	300	
150300	96121	300	
150310	96121	300	
150320	96121	300	
150330	96121	300	
150340	96121	300	
150350	96121	300	
150360	96121	300	
150370	96121	300	
150380	96121	300	
150390	96121	300	
150400	96121	300	
150410	96121	300	
150420	96121	450	
150430	96121	450	
150440	96121	450	
150450	96121	450	
150460	96121	450	
150470	96121	450	
150480	96121	450	
150490	96121	450	
150500	96121	450	
150510	96121	450	
150520	96121	450	
150530	96121	450	
150540	96121	450	
150550	96121	450	
150560	96121	450	
150570	96121	450	
150580	96121	450	
150590	96121	450	
150600	96121	200	
150610	96121	200	
150620	96121	200	
150630	96121	200	
150640	96121	200	
150650	96121	200	
150660	96121	200	
150670	96121	200	
150680	96121	200	
150690	96121	200	
150700	96121	200	
150710	96121	200	
150720	96121	200	
150730	96121	200	
150740	96121	200	
150750	96121	200	
150760	96121	200	
150770	96121	200	
150780	96121	300	
150790	96121	300	
150800	96121	300	
150810	96121	300	
150820	96121	300	
150830	96121	300	
150840	96121	300	
150850	96121	300	
150860	96121	300	
150870	96121	300	
150880	96121	300	
150890	96121	300	
150900	96121	300	
150910	96121	300	
150920	96121	300	
150930	96121	300	
150940	96121	300	
150950	96121	300	
150960	96121	300	
150970	96121	300	
150980	96121	300	
150990	96121	450	
151000	96121	450	
151010	96121	450	
151020	96121	450	
151030	96121	450	
151040	96121	450	
151050	96121	450	
151060	96121	450	
151070	96121	450	
151080	96121	450	
151090	96121	450	
151100	96121	450	
151110	96121	450	
151120	96121	450	
151130	96121	100	
151140	96121	100	
151150	96121	100	
151160	96121	100	
151170	96121	100	
151180	96121	100	
151190	96121	200	
151200	96121	200	
151210	96121	200	
151220	96121	200	
151230	96121	200	
151240	96121	200	
151250	96121	200	
151260	96121	200	
151270	96121	200	
151280	96121	200	
151290	96121	200	
151300	96121	200	
151310	96121	200	
151320	96121	200	
151330	96121	200	
151340	96121	350	
151350	96121	350	
151360	96121	350	
151370	96121	350	
151380	96121	350	
151390	96121	350	
151400	96121	350	
151410	96121	350	
151420	96121	350	
151430	96121	350	
151440	96121	350	
151450	96121	350	
151460	96121	100	
151470	96121	100	
151480	96121	100	
151490	96121	200	
151500	96121	200	
151510	96121	200	
151520	96121	200	
151530	96121	200	
151540	96121	200	
151550	96121	350	
151560	96121	350	
151570	96121	350	
151580	96121	350	
151590	96121	300	
151600	96121	300	
151610	96121	300	
151620	96121	300	
151630	96121	300	
151640	96121	300	
151650	96121	300	
151660	96121	300	
151670	96121	300	
151680	96121	300	
151690	96121	300	
151700	96121	300	
151710	96121	900	
151720	96121	900	
151730	96121	900	
151740	96121	900	
151750	96121	900	
151760	96121	900	
151770	96121	900	
151780	96121	900	
151790	96121	900	
151800	96121	900	
151810	96121	900	
151820	96121	900	
151830	96121	1000	
151840	96121	1000	
151850	96121	1000	
151860	96121	1000	
151870	96121	1000	
151880	96121	1000	
151890	96121	1000	
151900	96121	1000	
151910	96121	390	
151911	50003	15	
151920	96121	390	
151921	50003	15	
151930	96121	390	
151931	50003	15	
151940	96121	1250	
151941	50003	25	
151950	96121	1250	
151951	50003	25	
151960	96121	1250	
151961	50003	25	
151970	96121	1625	
151971	50003	60	
151980	96121	1625	
151981	50003	60	
151990	96121	2000	
151991	11000096	1	
152000	96121	4000	
152001	11000097	1	
152100	96121	6000	
152101	11000098	1	
152110	96121	1000	
152120	96121	1500	
152130	96121	2300	
152140	96121	3500	
152150	90031	1	
152151	31204	10	
152152	1	12000	
152160	90031	1	
152161	31104	3	
152162	1	12000	
152170	90031	1	
152171	30013	4	
152172	1	12000	
152180	90031	1	
152181	40301	4	
152182	1	12000	
152190	90031	1	
152191	70002	3	
152192	70001	18	
152200	96121	390	
152201	50003	15	
152210	96121	390	
152211	50003	15	
152220	96121	390	
152221	50003	15	
152230	96121	1250	
152231	50003	25	
152240	96121	1250	
152241	50003	25	
152250	96121	1250	
152251	50003	25	
152260	96121	1625	
152261	50003	60	
152270	96121	1625	
152271	50003	60	
152280	96121	780	
152281	50003	30	
152290	96121	2500	
152291	50003	50	
152300	96121	3250	
152301	50003	120	
152310	96186	4480	
152311	50003	30	
152320	96186	12300	
152321	50003	50	
152330	96186	17250	
152331	50003	120	
152340	3	40	
152341	31204	6	
152342	1	6000	
152350	90031	1	
152351	12	15	
152352	1	12000	
152360	60815	300	
152370	60815	100	
152380	60815	100	
152390	60815	100	
152400	60815	100	
152410	60815	100	
152420	60815	100	
152430	60815	650	
152440	60815	750	
152450	60815	850	
152460	60815	950	
152470	60815	1050	
152480	60815	1150	
152490	60815	1250	
152500	60815	1350	
152510	60815	1450	
152520	60815	1550	
152530	60815	1650	
152540	60815	200	
152550	60815	200	
152560	60815	200	
152570	60815	300	
152580	60815	300	
152590	60815	300	
152600	60815	400	
152610	60815	400	
152620	60815	400	
152630	60815	500	
152640	60815	500	
152650	60815	500	
152660	60815	600	
152670	60815	600	
152680	60815	600	
152690	60815	700	
152700	60815	700	
152710	60815	700	
152720	60815	800	
152730	60815	800	
152740	60815	800	
152750	60815	900	
152760	60815	900	
152770	60815	900	
152780	60815	1000	
152790	60815	1000	
152800	60815	1000	
152810	60815	1100	
152820	60815	1100	
152830	60815	1100	
152840	60815	1200	
152850	60815	1200	
152860	60815	1200	
152900	31204	10	
152901	30013	8	
152902	102	30	
152903	13019101	1	
152910	31104	10	
152911	60002	8	
152912	102	30	
152913	1	30000	
152920	50005	100	
152921	30013	8	
152922	102	30	
152923	1	30000	
152930	40104	10	
152931	60002	8	
152932	102	30	
152933	13019101	1	
152940	40103	10	
152941	30013	8	
152942	102	30	
152943	1	30000	
152950	50005	50	
152951	60002	8	
152952	102	50	
152953	1	30000	
152960	40114	10	
152961	30013	8	
152962	102	50	
152963	13019101	1	
152970	40113	10	
152971	60002	8	
152972	102	50	
152973	1	30000	
152980	50005	50	
152981	30013	8	
152982	102	50	
152983	1	30000	
152990	40301	10	
152991	60002	8	
152992	102	50	
152993	13019101	1	
153000	40200	10	
153001	30013	8	
153002	102	50	
153003	1	30000	
163010	50005	50	
163011	60002	8	
163012	102	50	
163013	1	30000	
163020	3	50	
163021	30013	1	
163022	62722	60	
163023	70001	5	
163024	62722	90	
163025	70002	1	
163026	62722	120	
163070	3	20	
163071	31204	3	
163072	1	50000	
163080	3	20	
163081	31104	3	
163082	1	50000	
600010	4001	1	
600011	90031	2	
600012	1	100000	
600020	4002	1	
600021	90031	2	
600022	1	100000	
600030	4003	1	
600031	90031	2	
600032	1	100000	
600040	4004	1	
600041	90031	2	
600042	1	100000	
600050	4005	1	
600051	90031	2	
600052	1	100000	
600060	4006	1	
600061	90031	2	
600062	1	100000	
600070	4007	1	
600071	90031	2	
600072	1	100000	
600080	4008	1	
600081	90031	2	
600082	1	100000	
600090	4009	1	
600091	90031	2	
600092	1	100000	
600100	4010	1	
600101	90031	2	
600102	1	100000	
600110	4011	1	
600111	90031	2	
600112	1	100000	
600120	4012	1	
600121	90031	2	
600122	1	100000	
600130	4013	1	
600131	90031	2	
600132	1	100000	
600140	4014	1	
600141	90031	2	
600142	1	100000	
600150	4015	1	
600151	90031	2	
600152	1	100000	
600160	4016	1	
600161	90031	2	
600162	1	100000	
600170	4017	1	
600171	90031	2	
600172	1	100000	
600180	4018	1	
600181	90031	2	
600182	1	100000	
600190	4019	1	
600191	90031	2	
600192	1	100000	
600200	4020	1	
600201	90031	2	
600202	1	100000	
600210	4021	1	
600211	90031	2	
600212	1	100000	
600220	24000022	1	
600221	90031	2	
600222	1	100000	
600230	24000023	1	
600231	90031	2	
600232	1	100000	
600240	24000024	1	
600241	90031	2	
600242	1	100000	
600250	24000031	1	
600260	24000032	1	
600270	24000033	1	
600271	90031	2	
600272	1	100000	
600280	24000034	1	
600281	90031	2	
600282	1	100000	
600290	24000035	1	
600291	90031	2	
600292	1	100000	
600300	24000036	1	
600301	90031	2	
600302	1	100000	
600310	24000037	1	
600311	90031	2	
600312	1	100000	
600320	24000038	1	
600321	90031	2	
600322	1	100000	
600330	24000039	1	
600331	90031	2	
600332	1	100000	
600340	24000040	1	
600341	90031	2	
600342	1	100000	
600350	24000041	1	
600351	90031	2	
600352	1	100000	
600360	24000042	1	
600361	90031	2	
600362	1	100000	
600370	24000043	1	
600371	90031	2	
600372	1	100000	
600380	24000044	1	
600381	90031	2	
600382	1	100000	
600390	24000045	1	
600391	90031	2	
600392	1	100000	
600400	24000046	1	
600401	90031	2	
600402	1	100000	
600410	24000047	1	
600411	90031	2	
600412	1	100000	
600420	24000048	1	
600421	90031	2	
600422	1	100000	
600430	24000049	1	
600431	90031	2	
600432	1	100000	
600440	24000050	1	
600441	90031	2	
600442	1	100000	
600450	24000051	1	
600451	90031	2	
600452	1	100000	
600460	24000052	1	
600461	90031	2	
600462	1	100000	
600470	24000053	1	
600471	90031	2	
600472	1	100000	
600480	24000054	1	
600481	90031	2	
600482	1	100000	
600490	24000055	1	
600491	90031	2	
600492	1	100000	
600500	24000056	1	
600501	90031	2	
600502	1	100000	
600510	24000057	1	
600511	90031	2	
600512	1	100000	
600520	24000058	1	
600521	90031	2	
600522	1	100000	
600530	24000059	1	
600531	90031	2	
600532	1	100000	
600540	24000060	1	
600541	90031	2	
600542	1	100000	
600550	24000061	1	
600551	90031	2	
600552	1	100000	
600560	24000065	1	
600561	90031	2	
600562	1	100000	
600570	24000066	1	
600571	90031	2	
600572	1	100000	
600580	24000067	1	
600581	90031	2	
600582	1	100000	
600590	24000068	1	
600591	90031	2	
600592	1	100000	
600600	24000069	1	
600601	90031	2	
600602	1	100000	
600610	24000070	1	
600611	90031	2	
600612	1	100000	
600620	24000071	1	
600621	90031	2	
600622	1	100000	
600630	24000072	1	
600631	90031	2	
600632	1	100000	
600640	24000073	1	
600641	90031	2	
600642	1	100000	
600650	24000074	1	
600651	90031	2	
600652	1	100000	
600660	24000075	1	
600661	90031	2	
600662	1	100000	
600670	24000076	1	
600671	90031	2	
600672	1	100000	
600680	24000077	1	
600681	90031	2	
600682	1	100000	
600690	24000078	1	
600691	90031	2	
600692	1	100000	
600700	24000079	1	
600701	90031	2	
600702	1	100000	
600710	24000080	1	
600711	90031	2	
600712	1	100000	
600720	24000081	1	
600721	90031	2	
600722	1	100000	
600723	24000082	1	
600724	90031	2	
600725	1	100000	
600726	24000083	1	
600727	90031	2	
600728	1	100000	
600729	24000084	1	
600730	90031	2	
600731	1	100000	
600732	24000085	1	
600733	90031	2	
600734	1	100000	
600735	24000086	1	
600736	90031	2	
600737	1	100000	
600738	24000087	1	
600739	90031	2	
600740	1	100000	
600741	24000088	1	
600742	90031	2	
600743	1	100000	
600744	24000089	1	
600745	90031	2	
600746	1	100000	
600747	24000090	1	
600748	90031	2	
600749	1	100000	
600750	24000091	1	
600751	90031	2	
600752	1	100000	
600830	24000092	1	
600831	90031	2	
600832	1	100000	
600840	24000093	1	
600841	90031	2	
600842	1	100000	
600850	24000094	1	
600851	90031	2	
600852	1	100000	
600860	24000098	1	
600861	90031	2	
600862	1	100000	
600870	24000099	1	
600871	90031	2	
600872	1	100000	
600880	24000100	1	
600881	90031	2	
600882	1	100000	
600890	24000101	1	
600891	90031	2	
600892	1	100000	
600900	24000102	1	
600901	90031	2	
600902	1	100000	
600910	24000103	1	
600911	90031	2	
600912	1	100000	
600920	24000104	1	
600921	90031	2	
600922	1	100000	
600930	24000105	1	
600931	90031	2	
600932	1	100000	
600940	24000106	1	
600941	90031	2	
600942	1	100000	
600950	24000107	1	
600951	90031	2	
600952	1	100000	
600960	24000108	1	
600961	90031	2	
600962	1	100000	
600970	24000109	1	
600971	90031	2	
600972	1	100000	
600980	24000110	1	
600981	90031	2	
600982	1	100000	
600990	24000111	1	
600991	90031	2	
600992	1	100000	
601000	24000112	1	
601001	90031	2	
601002	1	100000	
601010	24000113	1	
601011	90031	2	
601012	1	100000	
601020	24000116	1	
601021	90031	2	
601022	1	100000	
601030	24000117	1	
601031	90031	2	
601032	1	100000	
601040	24000118	1	
601041	90031	2	
601042	1	100000	
601050	24000119	1	
601051	90031	2	
601052	1	100000	
601060	24000120	1	
601061	90031	2	
601062	1	100000	
601070	24000121	1	
601071	90031	2	
601072	1	100000	
601080	24000122	1	
601081	90031	2	
601082	1	100000	
601090	24000123	1	
601091	90031	2	
601092	1	100000	
601100	24000124	1	
601101	90031	2	
601102	1	100000	
601110	24000125	1	
601111	90031	2	
601112	1	100000	
601120	24000126	1	
601121	90031	2	
601122	1	100000	
601130	24000127	1	
601131	90031	2	
601132	1	100000	
601140	24000128	1	
601141	90031	2	
601142	1	100000	
601150	24000129	1	
601151	90031	2	
601152	1	100000	
601160	24000130	1	
601161	90031	2	
601162	1	100000	
601170	24000131	1	
601171	90031	2	
601172	1	100000	
601180	24000132	1	
601181	90031	2	
601182	1	100000	
601190	24000133	1	
601191	90031	2	
601192	1	100000	
601200	24000134	1	
601201	90031	2	
601202	1	100000	
601210	24000135	1	
601211	90031	2	
601212	1	100000	
601220	24000136	1	
601221	90031	2	
601222	1	100000	
601230	24000137	1	
601231	90031	2	
601232	1	100000	
601240	24000138	1	
601241	90031	2	
601242	1	100000	
601250	24000139	1	
601251	90031	2	
601252	1	100000	
601260	24000140	1	
601261	90031	2	
601262	1	100000	
601270	24000141	1	
601271	90031	2	
601272	1	100000	
601280	24000142	1	
601281	90031	2	
601282	1	100000	
601290	24000143	1	
601291	90031	2	
601292	1	100000	
601300	24000144	1	
601301	90031	2	
601302	1	100000	
601310	24000145	1	
601311	90031	2	
601312	1	100000	
601320	24000146	1	
601321	90031	2	
601322	1	100000	
601330	24000147	1	
601331	90031	2	
601332	1	100000	
601340	24000154	1	
601341	90031	2	
601342	1	100000	
601350	24000155	1	
601351	90031	2	
601352	1	100000	
601360	24000156	1	
601361	90031	2	
601362	1	100000	
601370	24000157	1	
601371	90031	2	
601372	1	100000	
601380	24000158	1	
601381	90031	2	
601382	1	100000	
601390	24000159	1	
601391	90031	2	
601392	1	100000	
601400	24000160	1	
601401	90031	2	
601402	1	100000	
601410	24000161	1	
601411	90031	2	
601412	1	100000	
163090	13019104	1	
163091	31204	1	
163092	1	5000	
163100	50005	50	
163101	1	35000	
163102	31204	10	
163110	50005	50	
163111	1	35000	
163112	31104	10	
163120	50005	50	
163121	1	35000	
163122	40100	10	
163130	50005	50	
163131	1	35000	
163132	40103	10	
163140	50005	50	
163141	1	35000	
163142	40104	10	
163150	13019202	1	
163160	102	100	
163161	1	35000	
163162	31204	10	
163170	102	100	
163171	1	35000	
163172	31104	10	
163180	102	100	
163181	1	35000	
163182	40100	10	
163190	102	100	
163191	1	35000	
163192	40103	10	
163200	102	100	
163201	1	35000	
163202	40104	10	
163210	9012002	1	
163220	1202	1	
163230	11000104	1	
163240	13019204	1	
163250	9012001	1	
163260	1201	1	
163270	11000103	1	
163280	63400	125	
163290	63400	125	
163300	63400	125	
163310	63400	125	
163320	63400	125	
163321	63402	1	
163322	63405	3	
163330	63400	125	
163340	63400	125	
163350	63400	125	
163360	63400	125	
163370	63400	125	
163371	63406	10	
163380	63400	125	
163390	63400	125	
163400	63400	125	
163410	63400	125	
163420	63400	125	
163430	63400	125	
163440	63400	125	
163450	63400	125	
163460	63400	125	
163470	63400	125	
163471	63403	1	
163472	63406	10	
163473	63405	4	
163480	63400	125	
163490	63400	125	
163500	63400	125	
163510	63400	125	
163520	63400	125	
163530	63400	125	
163540	63400	125	
163550	63400	125	
163560	63400	125	
163570	63400	125	
163571	63406	10	
163572	63405	4	
163580	63400	125	
163590	63400	125	
163600	63400	125	
163610	63400	125	
163620	63400	125	
163630	63400	125	
163640	63400	125	
163650	63400	125	
163660	63400	125	
163670	63400	125	
163671	63406	10	
163672	63405	4	
163680	63400	125	
163690	63400	125	
163700	63400	125	
163710	63400	125	
163720	63400	125	
163730	63400	125	
163740	63400	125	
163750	63400	125	
163760	63400	125	
163770	63400	125	
163771	63406	10	
163772	63405	2	
163780	63400	125	
163790	63400	125	
163800	63400	125	
163810	63400	125	
163820	63400	125	
163830	63400	125	
163840	63400	125	
163850	63400	125	
163860	63400	125	
163870	63400	125	
163871	63404	1	
163872	63405	3	
163880	63400	125	
163890	63400	125	
163900	63400	125	
163910	63400	125	
163920	63400	125	
163930	63400	125	
163940	63400	125	
163950	63400	125	
163960	63400	125	
163970	63400	125	
163971	63406	19	
163972	63405	3	
163980	63400	125	
163990	63400	125	
164000	63400	125	
164010	63400	125	
164020	63400	125	
164030	63400	125	
164040	63400	125	
164050	63400	125	
164060	63400	125	
164070	63400	125	
164080	63400	125	
164090	63400	125	
164100	63400	125	
164110	63400	125	
164120	63400	125	
164130	63400	125	
164140	63400	125	
164150	63400	125	
164160	63400	125	
164170	63400	125	
164180	63400	125	
164190	63400	125	
164200	63400	125	
164210	63400	125	
164220	63400	125	
164230	63400	125	
164240	63400	125	
164250	63400	125	
164260	63400	125	
164270	63400	125	
164280	63400	125	
164290	63400	125	
164300	63400	125	
164310	63400	125	
164320	63400	125	
164330	63400	125	
164340	63400	125	
164350	63400	125	
164360	63400	125	
164370	63400	125	
164380	63400	125	
164390	63400	125	
164400	63400	125	
164410	63400	125	
164420	63400	125	
164430	63400	125	
164440	63400	125	
164450	63400	125	
164460	63400	125	
164470	63400	125	
164500	63400	50	
164510	63400	50	
164520	63400	50	
164530	63400	250	
164540	63400	250	
164550	63400	250	
164560	63400	250	
164570	63400	250	
164580	63400	250	
3506010	40691	1	
3506011	1	3000	
3506020	40692	1	
3506021	1	6000	
3506030	40692	2	
3506031	1	9000	
3506040	40693	1	
3506041	1	12000	
3506050	50000	50	
3506051	1	12000	
3506060	50005	50	
3506061	90031	2	
3506070	90031	2	
3506071	1	50000	
164480	50005	250	
164481	31104	10	
164482	31204	10	
164490	102	500	
164491	31104	10	
164492	31204	10	
5700200	30012	1	
5700201	60001	1	
5700202	1	3000	
5700210	31204	1	
5700211	60001	1	
5700212	1	3000	
5700220	31204	1	
5700221	60001	1	
5700222	1	3000	
5700230	50005	50	
5700231	31204	10	
5700232	1	30000	
5700240	50005	100	
5700241	31204	10	
5700242	1	45000	
5700250	13019203	1	
5700251	31104	3	
5700252	1	60000	
5700260	102	100	
5700261	12	15	
5700262	1	90000	
5700270	50005	100	
5700271	31204	10	
5700272	1	30000	
5700280	13019203	1	
5700281	31204	10	
5700282	1	45000	
5700290	102	100	
5700291	31104	3	
5700292	1	60000	
5700300	102	100	
5700301	12	15	
5700302	1	90000	
5700310	13019203	1	
5700311	40301	15	
5700312	1	90000	
5700320	102	200	
5700321	40301	15	
5700322	1	90000	
751310	102	50	
751311	30013	5	
751312	1	15000	
751320	102	50	
751321	30013	5	
751322	1	15000	
751330	102	50	
751331	31204	15	
751332	1	15000	
751340	102	50	
751341	31204	15	
751342	1	15000	
751350	102	50	
751351	31104	5	
751352	1	15000	
751360	102	50	
751361	60001	20	
751362	1	15000	
751370	102	50	
751371	60001	20	
751372	1	15000	
751380	102	50	
751381	60002	6	
751382	1	15000	
751390	102	20	
751391	40301	20	
751392	1	30000	
751400	102	40	
751401	13019205	1	
751402	1	60000	
751410	102	40	
751411	40301	20	
751412	1	90000	
751420	50005	50	
751421	12	10	
751422	1	15000	
751430	50005	50	
751431	12	10	
751432	1	30000	
751440	50005	50	
751441	12	15	
751442	1	45000	
751450	50005	50	
751451	12	15	
751452	1	60000	
751460	50005	50	
751461	12	20	
751462	1	75000	
5200900	50005	50	
5200901	30013	3	
5200902	1	5000	
5200910	102	50	
5200911	31204	15	
5200912	1	10000	
5200920	50005	50	
5200921	31204	15	
5200922	1	15000	
5200930	102	50	
5200931	31104	3	
5200932	1	20000	
5200940	102	50	
5200941	60001	10	
5200942	1	25000	
5200950	29	50	
5200951	60002	5	
5200952	1	30000	
5200960	50005	50	
5200961	30013	3	
5200962	1	5000	
5200970	102	50	
5200971	31204	15	
5200972	1	10000	
5200980	50005	50	
5200981	31204	15	
5200982	1	15000	
5200990	102	50	
5200991	31104	3	
5200992	1	20000	
5201000	102	50	
5201001	60001	10	
5201002	1	25000	
5201010	29	50	
5201011	60002	5	
5201012	1	30000	
5201020	50005	50	
5201021	70002	5	
5201022	70001	30	
5201030	102	100	
5201031	70002	5	
5201032	70001	30	
5201040	11000105	1	
5201041	70002	5	
5201042	70001	30	
5201050	29	50	
5201051	70002	5	
5201052	70001	30	
5201060	29	50	
5201061	70002	5	
5201062	70001	30	
5201070	102	100	
5201071	70002	5	
5201072	70001	30	
5201080	29	50	
5201081	70002	5	
5201082	70001	30	
5201090	29	50	
5201091	70002	5	
5201092	70001	30	
5501720	70001	80	
5501730	40301	10	
5501740	32000	300	
5501750	70002	15	
5501760	102	250	
5501770	12	30	
5501780	30013	10	
5501790	102	250	
5501800	31204	20	
5501810	50005	250	
5501820	50005	2000	
5501821	102	4000	
100220	90031	1	
100221	13	5	
164590	50005	100	
164591	31204	10	
164592	102	40	
164593	13019201	1	
164600	50005	50	
164601	31104	10	
164602	102	40	
164603	13019201	1	
164610	50005	50	
164611	40113	10	
164612	102	40	
164613	13019201	1	
164620	50005	50	
164621	40114	10	
164622	102	40	
164623	13019201	1	
164630	90015	3	
164631	102	40	
164632	13019201	1	
164640	3	50	
164641	30013	1	
164642	62724	60	
164643	70001	5	
164644	62724	90	
164645	70002	1	
164646	62724	120	
164690	3	50	
164691	30013	1	
164692	62725	60	
164693	70001	5	
164694	62725	90	
164695	70002	1	
164696	62725	120	
164740	3	50	
164741	30013	1	
164742	62726	60	
164743	70001	5	
164744	62726	90	
164745	70002	1	
164746	62726	120	
164790	3	50	
164791	30013	1	
164792	62727	60	
164793	70001	5	
164794	62727	90	
164795	70002	1	
164796	62727	120	
164840	3	50	
164841	30013	1	
164842	62728	60	
164843	70001	5	
164844	62728	90	
164845	70002	1	
164846	62728	120	
164890	3	50	
164891	30013	1	
164892	62729	60	
164893	70001	5	
164894	62729	90	
164895	70002	1	
164896	62729	120	
164900	3	50	
164901	30013	1	
164902	62730	60	
164903	70001	5	
164904	62730	90	
164905	70002	1	
164906	62730	120	
164910	3	50	
164911	30013	1	
164912	62731	60	
164913	70001	5	
164914	62731	90	
164915	70002	1	
164916	62731	120	
164920	3	50	
164921	30013	1	
164922	62732	60	
164923	70001	5	
164924	62732	90	
164925	70002	1	
164926	62732	120	
164930	3	50	
164931	30013	1	
164932	62733	60	
164933	70001	5	
164934	62733	90	
164935	70002	1	
164936	62733	120	
164940	3	50	
164941	30013	1	
164942	62734	60	
164943	70001	5	
164944	62734	90	
164945	70002	1	
164946	62734	120	
164950	3	50	
164951	30013	1	
164952	62735	60	
164953	70001	5	
164954	62735	90	
164955	70002	1	
164956	62735	120	
164960	3	50	
164961	30013	1	
164962	62736	60	
164963	70001	5	
164964	62736	90	
164965	70002	1	
164966	62736	120	
164970	3	50	
164971	30013	1	
164972	62737	60	
164973	70001	5	
164974	62737	90	
164975	70002	1	
164976	62737	120	
164980	3	50	
164981	30013	1	
164982	62738	60	
164983	70001	5	
164984	62738	90	
164985	70002	1	
164986	62738	120	
170010	50005	100	
170011	96124	25	
170020	50005	100	
170021	96124	25	
170030	50005	100	
170031	96124	25	
170040	50005	100	
170041	96124	25	
170050	96124	75	
170060	96124	75	
170070	96124	75	
170080	96124	75	
170090	50005	150	
170091	96124	75	
170100	50005	150	
170101	96124	75	
170110	50005	200	
170111	96124	75	
170120	96124	75	
170130	96124	75	
170140	96124	75	
170150	96124	25	
170160	96124	25	
170170	96124	25	
170180	96124	25	
170190	96124	25	
170200	96124	25	
170210	96124	25	
170220	96124	25	
170230	96124	25	
170240	96124	25	
170250	96124	25	
170260	96124	25	
170270	96124	25	
170280	96124	25	
170290	11000108	1	
170300	13019302	1	
170310	11000109	1	
170320	13019302	1	
170330	50005	500	
170340	50005	500	
170350	96124	100	
170360	96124	100	
170370	96124	100	
170380	96124	100	
170390	96124	100	
170400	96124	100	
170410	96124	100	
170420	96124	100	
170430	50005	50	
170431	96124	50	
170440	50005	50	
170441	96124	50	
170450	96124	100	
170460	96124	100	
235010	30013	2	
235020	31204	5	
235030	31104	3	
235040	40100	10	
235050	29	75	
235060	40104	10	
235070	40103	5	
235080	40301	5	
235090	40200	9	
235100	50005	250	
235110	30013	2	
235120	31204	5	
235130	31104	3	
235140	40100	10	
235150	29	75	
235160	40104	10	
235170	40103	5	
235180	40301	5	
235190	40200	9	
235200	50005	250	
235210	12	5	
235220	31204	10	
235230	31104	5	
235240	40110	5	
235250	29	75	
235260	40114	5	
235270	40113	3	
235280	40301	5	
235290	40201	3	
235300	50005	250	
235310	12	5	
235320	31204	10	
235330	31104	5	
235340	40110	5	
235350	29	75	
235360	40114	5	
235370	40113	3	
235380	40301	5	
235390	40201	3	
235400	50005	250	
235410	12	5	
235420	31204	10	
235430	31104	5	
235440	40100	10	
235450	29	100	
235460	40693	2	
235470	40104	10	
235480	40103	10	
235490	40200	9	
235500	50005	400	
235510	12	5	
235520	31204	10	
235530	31104	5	
235540	40100	10	
235550	29	100	
235560	40693	2	
235570	40104	10	
235580	40103	10	
235590	40200	9	
235600	50005	400	
235610	40301	5	
235620	31204	20	
235630	31104	10	
235640	40110	5	
235650	29	100	
235660	40693	5	
235670	40114	5	
235680	40113	5	
235690	40201	4	
235700	50005	400	
235710	40301	5	
235720	31204	20	
235730	31104	10	
235740	40110	5	
235750	3005	1	
235760	40693	5	
235770	40114	5	
235780	40113	5	
235790	40201	4	
235800	50005	500	
235810	3	300	
235820	104	150	
235830	104	150	
235840	104	200	
235850	104	450	
235860	104	450	
235870	104	450	
235880	104	450	
235890	104	1000	
235900	104	1000	
235910	104	450	
235920	104	500	
235930	104	500	
235940	104	1000	
235950	104	750	
235960	104	750	
235970	104	1000	
235980	104	1000	
235990	104	1000	
236000	104	1000	
236010	104	1000	
236020	104	1000	
236030	104	1000	
236040	104	1000	
903170	50005	250	
903180	50005	500	
903181	50003	500	
903182	3005	1	
903190	50005	750	
236050	90030	1	
236051	60001	1	
236052	1	10000	
236060	1103	1	
236061	60001	1	
236062	1	10000	
236070	50005	250	
236071	60001	1	
236072	1	10000	
236080	1104	1	
236081	60002	1	
236082	1	10000	
236090	40301	5	
236091	60002	1	
236092	1	10000	
236100	1105	1	
236101	60002	1	
236102	1	10000	
236110	50005	250	
236111	60002	1	
236112	1	10000	
236120	50005	500	
236121	1103	1	
236122	1104	1	
236123	1105	1	
236130	50005	1000	
236131	29	300	
236140	50005	1700	
236141	3005	1	
236142	29	300	
85010	103	400	
85020	103	460	
85030	103	575	
85040	103	650	
85050	103	780	
85060	103	900	
85070	103	40	
85080	103	48	
85090	103	56	
85100	103	64	
85110	103	72	
85120	103	80	
85130	103	46	
85140	103	55	
85150	103	64	
85160	103	74	
85170	103	83	
85180	103	92	
85190	103	58	
85200	103	69	
85210	103	81	
85220	103	92	
85230	103	104	
85240	103	115	
85250	103	65	
85260	103	78	
85270	103	91	
85280	103	104	
85290	103	117	
85300	103	130	
85310	103	78	
85320	103	94	
85330	103	109	
85340	103	125	
85350	103	140	
85360	103	156	
85370	103	90	
85380	103	108	
85390	103	126	
85400	103	144	
85410	103	162	
85420	103	180	
175000	50005	50	
175001	30013	2	
175002	1	10000	
175010	102	50	
175011	31104	5	
175012	1	30000	
175020	50005	50	
175021	31204	15	
175022	1	10000	
175030	102	50	
175031	60001	20	
175032	1	30000	
175040	50005	100	
175041	30013	2	
175042	1	30000	
175050	102	100	
175051	31104	5	
175052	1	90000	
175060	3	15	
175070	3	15	
175080	3	15	
175090	3	15	
175100	3	15	
175110	3	15	
175120	3	15	
175130	3	15	
175140	3	15	
175150	3	15	
175160	3	15	
175170	3	15	
175180	3	15	
175190	3	15	
175200	3	15	
175210	3	15	
175220	3	15	
175230	3	15	
175240	3	15	
175250	3	15	
175260	102	50	
175270	102	50	
175280	102	50	
175290	102	50	
175300	102	50	
175310	102	50	
175320	102	50	
175330	102	50	
175340	102	50	
175350	102	50	
175360	3016033	1	
175361	3026033	1	
175362	1	7500	
175370	3036033	1	
175371	3046033	1	
175372	1	7500	
175380	3056033	1	
175381	3066033	1	
175382	1	15000	
175390	70001	55	
175391	70002	5	
175392	1	15000	
175400	70001	85	
175401	70002	15	
175402	1	15000	
175410	70001	85	
175411	70002	15	
175412	1	15000	
175420	70001	85	
175421	70002	15	
175422	1	15000	
175430	70001	85	
175431	70002	15	
175432	1	15000	
175440	70001	85	
175441	70002	15	
175442	1	15000	
175450	102	30	
175451	70002	5	
175452	70001	30	
175460	102	30	
175461	70002	5	
175462	70001	30	
175470	102	30	
175471	70002	5	
175472	70001	30	
175480	102	30	
175481	60001	5	
175482	31204	5	
175490	3	30	
175491	60002	2	
175492	31104	2	
175500	102	30	
175501	29	10	
175502	31204	5	
175510	102	30	
175511	29	10	
175512	31104	2	
175520	3	30	
175521	70002	5	
175522	70001	30	
175530	102	40	
175531	60001	10	
175532	31204	10	
175540	102	40	
175541	60002	3	
175542	31104	3	
175550	3	30	
175551	29	20	
175552	31204	10	
175560	102	40	
175561	29	30	
175562	31104	3	
175570	102	50	
175571	70002	5	
175572	70001	30	
175580	3	30	
175581	70002	5	
175582	70001	30	
175590	102	50	
175591	70002	5	
175592	70001	30	
175600	102	50	
175601	70002	10	
175602	70001	60	
175610	102	50	
175611	70002	15	
175612	70001	90	
175620	3	30	
175621	70002	20	
175622	70001	120	
175630	386	1	
175640	387	1	
175650	388	1	
175660	29	20	
175661	60001	2	
175662	31204	2	
175670	29	20	
175671	60001	2	
175672	31204	2	
175680	29	20	
175681	60001	2	
175682	31204	2	
175690	29	20	
175691	60001	2	
175692	31204	2	
100230	7	10	
100231	13	5	
140101410	29	50	
140101411	70002	12	
140101412	70001	80	
140101420	29	50	
140101421	70002	12	
140101422	70001	80	
140101430	29	50	
140101431	70002	12	
140101432	70001	80	
140101440	29	50	
140101441	70002	12	
140101442	70001	80	
140101450	29	50	
140101451	70002	12	
140101452	70001	80	
140101460	29	50	
140101461	70002	12	
140101462	70001	80	
375000	70002	16	
375001	70001	96	
175800	50005	100	
175801	31204	15	
175802	1	30000	
175810	102	100	
175811	60002	10	
175812	1	90000	
175820	40301	10	
175821	40200	9	
175822	1	10000	
175830	40301	10	
175831	40201	3	
175832	1	30000	
175840	40301	10	
175841	40200	9	
175842	1	60000	
175850	40301	10	
175851	40201	3	
175852	1	90000	
175860	50005	100	
175861	40301	5	
175862	1	30000	
175870	50005	100	
175871	40301	5	
175872	1	30000	
175880	102	200	
175881	40301	5	
175882	1	30000	
175890	29	50	
175891	40301	5	
175892	1	50000	
175900	29	50	
175901	40301	5	
175902	1	50000	
175910	29	50	
175911	40301	5	
175912	1	50000	
175920	11000113	1	
175921	40301	5	
175922	1	30000	
175930	11000111	1	
175931	40301	5	
175932	1	30000	
175940	11000112	1	
175941	40301	5	
175942	1	30000	
903360	90031	1	
5501830	31104	10	
5501840	60001	50	
5501850	32000	300	
5501860	60002	15	
5501870	102	250	
5501880	70001	80	
5501890	40301	10	
5501900	102	250	
5501910	70002	15	
5501920	50005	250	
5501930	50005	2250	
5501931	102	4500	
5501940	40301	10	
5501950	30013	10	
5501960	32000	300	
5501970	31204	20	
5501980	102	250	
5501990	31104	10	
5502000	60001	50	
5502010	102	250	
5502020	60002	15	
5502030	50005	250	
5502040	31204	20	
5502050	40301	10	
5502060	32000	300	
5502070	31104	10	
5502080	102	250	
5502090	40301	10	
5502100	30013	10	
5502110	102	250	
5502120	31204	20	
5502130	50005	250	
5502140	31104	10	
5502150	60001	50	
5502160	32000	300	
5502170	60002	15	
5502180	102	250	
5502190	31204	20	
5502200	40301	10	
5502210	102	250	
5502220	31104	10	
5502230	50005	250	
5502240	50005	3000	
5502241	102	6000	
5502250	13019401	1	
5502260	11000122	1	
5502270	9092002	1	
5502280	9092001	1	
33000	3	150	
175950	96186	250	
175960	96186	250	
175970	96186	250	
175980	96186	250	
175990	96186	250	
176000	96186	250	
176010	96186	250	
176020	96186	250	
176030	96186	250	
176040	96186	250	
176050	96186	250	
176060	96186	250	
176070	96186	250	
176080	96186	250	
176090	96186	250	
176100	96186	500	
176110	96186	500	
176120	96186	500	
176130	96186	500	
176140	96186	500	
176150	96186	500	
176160	96186	500	
176170	96186	500	
176180	96186	500	
176190	96186	500	
176200	96186	500	
176210	96186	500	
176220	96186	500	
176230	96186	500	
176240	96186	500	
176250	96186	500	
176260	96186	500	
176270	96186	500	
176280	96186	500	
176290	96186	500	
176300	96186	500	
176310	96186	500	
176320	96186	500	
176330	96186	500	
176340	96186	500	
176350	96186	500	
176360	96186	500	
176370	96186	650	
176380	96186	650	
176390	96186	650	
176400	96186	650	
176410	96186	650	
176420	96186	650	
176430	96186	650	
176440	96186	650	
176450	96186	650	
176460	96186	650	
176470	96186	650	
176480	96186	650	
176490	96186	650	
176500	96186	650	
176510	96186	650	
176520	96186	650	
176530	96186	650	
176540	96186	650	
176550	96186	250	
176560	96186	250	
176570	96186	250	
176580	96186	250	
176590	96186	250	
176600	96186	250	
176610	96186	250	
176620	96186	250	
176630	96186	250	
176640	96186	250	
176650	96186	250	
176660	96186	250	
176670	96186	250	
176680	96186	250	
176690	96186	250	
176700	96186	250	
176710	96186	250	
176720	96186	250	
176730	96186	500	
176740	96186	500	
176750	96186	500	
176760	96186	500	
176770	96186	500	
176780	96186	500	
176790	96186	500	
176800	96186	500	
176810	96186	500	
176820	96186	500	
176830	96186	500	
176840	96186	500	
176850	96186	500	
176860	96186	500	
176870	96186	500	
176880	96186	500	
176890	96186	500	
176900	96186	500	
176910	96186	500	
176920	96186	500	
176930	96186	500	
176940	96186	650	
176950	96186	650	
176960	96186	650	
176970	96186	650	
176980	96186	650	
176990	96186	650	
177000	96186	650	
177010	96186	650	
177020	96186	650	
177030	96186	650	
177040	96186	650	
177050	96186	650	
177060	96186	650	
177070	96186	650	
177080	96186	100	
177090	96186	100	
177100	96186	100	
177110	96186	100	
177120	96186	100	
177130	96186	100	
177140	96186	100	
177150	96186	100	
177160	96186	100	
177170	96186	100	
177180	96186	100	
177190	96186	100	
177200	96186	100	
177210	96186	100	
177220	96186	100	
177230	96186	100	
177240	96186	100	
177250	96186	100	
177260	96186	100	
177270	96186	100	
177280	96186	100	
177290	96186	150	
177300	96186	150	
177310	96186	150	
177320	96186	150	
177330	96186	150	
177340	96186	150	
177350	96186	150	
177360	96186	150	
177370	96186	150	
177380	96186	150	
177390	96186	150	
177400	96186	150	
177410	96186	100	
177420	96186	100	
177430	96186	100	
177440	96186	100	
177450	96186	100	
177460	96186	100	
177470	96186	100	
177480	96186	100	
177490	96186	100	
177500	96186	150	
177510	96186	150	
177520	96186	150	
177530	96186	150	
177540	96186	200	
177550	96186	200	
177560	96186	200	
177570	96186	200	
177580	96186	200	
177590	96186	200	
177600	96186	200	
177610	96186	200	
177620	96186	200	
177630	96186	200	
177640	96186	200	
177650	96186	200	
177660	96186	400	
177670	96186	400	
177680	96186	400	
177690	96186	400	
177700	96186	400	
177710	96186	400	
177720	96186	400	
177730	96186	400	
177740	96186	400	
177750	96186	400	
177760	96186	400	
177770	96186	400	
177780	96186	600	
177790	96186	600	
177800	96186	600	
177810	96186	600	
177820	96186	600	
177830	96186	600	
177840	96186	600	
177850	96186	600	
177860	96186	315	
177861	50003	15	
177870	96186	315	
177871	50003	15	
177880	96186	315	
177881	50003	15	
177890	96186	1000	
177891	50003	25	
177900	96186	1000	
177901	50003	25	
177910	96186	1000	
177911	50003	25	
177920	96186	1625	
177921	50003	60	
177930	96186	1625	
177931	50003	60	
177940	96186	2000	
177941	11000123	1	
177950	96186	4000	
177951	11000124	1	
177960	96186	6000	
177961	11000125	1	
177970	96186	1000	
177980	96186	1500	
177990	96186	2300	
178000	96186	3500	
178010	96186	315	
178011	50003	15	
178020	96186	315	
178021	50003	15	
178030	96186	315	
178031	50003	15	
178040	96186	1000	
178041	50003	25	
178050	96186	1000	
178051	50003	25	
178060	96186	1000	
178061	50003	25	
178070	96186	1625	
178071	50003	60	
178080	96186	1625	
178081	50003	60	
178170	96186	315	
178171	50003	15	
178180	96186	1000	
178181	50003	25	
178190	96186	1625	
178191	50003	60	
178200	96186	4480	
178201	50003	30	
178210	96186	12300	
178211	50003	50	
178220	96186	17250	
178221	50003	120	
178260	9012003	1	
178261	1203	1	
178262	11000119	1	
178230	9012003	1	
178240	1203	1	
178250	11000119	1	
178270	9012002	1	
178271	1202	1	
178272	11000104	1	
178280	9012001	1	
178281	1201	1	
178282	11000103	1	
178290	96186	100	
178300	96186	315	
178310	96186	100	
178320	96186	1000	
178330	96186	150	
178340	96186	1625	
590010	19100004	15	
590011	1	1000	
590020	19100004	30	
590030	19100004	45	
590040	19100004	30	
590050	19100004	40	
590060	19100004	50	
590070	31204	2	
590071	1	3000	
590080	31204	5	
590081	1	9000	
590090	30013	5	
590091	1	12000	
590100	30013	6	
590101	1	12000	
590110	31204	15	
590111	60001	7	
590120	40301	8	
590121	60001	7	
590130	31104	5	
590131	60002	6	
590132	1	12000	
590140	31104	5	
590141	31204	6	
590142	1	12000	
590150	31104	5	
590151	31204	15	
590152	1	15000	
590160	40301	10	
590161	30013	7	
590162	1	20000	
590170	40301	12	
590171	31104	12	
590172	1	30000	
590180	50005	50	
590181	102	100	
590182	1	30000	
590190	50005	50	
590191	102	100	
590192	1	60000	
590200	50005	50	
590201	102	100	
590202	1	90000	
590210	50005	50	
590211	102	100	
590212	13019402	1	
178350	60842	50	
178360	60842	50	
178370	60842	50	
178380	60842	50	
178390	60842	50	
178400	60842	50	
178410	60842	50	
178420	60842	50	
178430	60842	50	
178440	60842	50	
178450	60842	75	
178460	60842	75	
178470	60842	75	
178480	60842	75	
178490	60842	75	
178500	60842	75	
178510	60842	75	
178520	60842	75	
178530	60842	100	
178540	60842	100	
178550	60842	100	
178560	60842	100	
178570	60842	100	
178580	60842	100	
178590	60842	125	
178600	60842	125	
178610	60842	125	
178620	60842	125	
178630	60842	125	
178640	60842	150	
178650	60842	150	
178660	60842	150	
178670	60842	150	
178680	60842	150	
178690	60842	300	
178700	60842	300	
178710	60842	300	
178720	60842	300	
178730	60842	50	
178740	60842	50	
178750	60842	50	
178760	60842	50	
178770	60842	50	
178780	60842	50	
178790	13019404	1	
179000	31104	5	
179010	50005	50	
179020	50005	50	
179030	50005	50	
179040	50005	50	
179050	70001	120	
179060	70001	120	
179070	31104	5	
179080	70001	120	
179090	50005	50	
179100	50005	50	
179110	17062901	1	
179120	31104	5	
179130	70001	120	
179140	50005	50	
179150	50005	50	
179160	17062902	1	
179170	31104	5	
179180	50005	50	
179190	50005	50	
179200	6310109	1	
179210	17062903	1	
179220	102	200	
179230	102	200	
179240	102	200	
179250	102	200	
179260	102	200	
179270	102	200	
179280	102	200	
179290	102	200	
179300	102	200	
179001	31204	10	
179011	30013	5	
179021	30013	5	
179031	31204	12	
179041	31104	5	
179051	70002	20	
179061	70002	20	
179071	31204	10	
179081	70002	20	
179091	30013	5	
179101	30013	5	
179121	31204	10	
179131	70002	20	
179141	30013	5	
179151	30013	5	
179171	31204	10	
179181	30013	5	
179191	30013	5	
179221	90013	1	
179231	40301	10	
179241	40301	10	
179251	90013	1	
179261	40301	10	
179271	40301	10	
179281	90013	1	
179291	40301	10	
179301	40301	10	
179580	96128	30	
179590	96128	30	
179600	96128	30	
179610	96125	30	
179620	96128	60	
179630	96128	60	
179640	96125	30	
179581	96129	60	
179591	96129	60	
179601	96129	60	
179611	96126	60	
179621	96129	120	
179631	96129	120	
179641	96126	60	
595010	63409	3	
595020	63409	3	
595030	63407	500	
595040	63409	6	
595050	63409	6	
595060	63407	500	
595070	63407	1000	
595080	63408	100	
595090	63408	150	
595100	63408	100	
595110	63408	150	
595111	13019406	1	
595120	63408	100	
595130	63408	100	
595140	63408	150	
595141	13019406	1	
595150	63408	100	
595160	63408	150	
595170	63408	200	
595180	63408	200	
595181	13019406	1	
595190	63408	200	
595200	63408	200	
595210	63408	200	
595220	63408	300	
595221	13019406	1	
595230	63408	300	
595240	63408	300	
595250	63408	300	
595260	63408	300	
595270	63408	200	
595280	63408	300	
595290	63408	300	
595300	102	100	
595310	50005	100	
595320	102	200	
595330	90031	1	
595331	1	18888	
179310	60842	50	
179320	60842	50	
179330	60842	75	
179340	60842	75	
179350	60842	100	
179360	60842	100	
179370	60842	200	
179380	60842	250	
179390	60842	300	
179391	13019405	1	
179400	60842	150	
179410	60842	150	
179411	13019405	1	
179420	60842	150	
179430	60842	150	
179440	60842	150	
179450	60842	150	
179451	13019405	1	
179460	60842	150	
179470	60842	150	
179480	50005	100	
179481	31204	10	
179482	102	40	
179483	13019403	1	
179490	50005	50	
179491	31104	10	
179492	102	40	
179493	13019403	1	
179500	50005	50	
179501	40113	10	
179502	102	40	
179503	13019403	1	
179510	50005	50	
179511	40114	10	
179512	102	40	
179513	13019403	1	
179520	90015	3	
179521	102	40	
179522	13019403	1	
179530	3	20	
179531	60001	15	
179532	1	30000	
179540	3	20	
179541	31104	3	
179542	1	30000	
179550	3	20	
179551	31204	9	
179552	1	30000	
179560	3	20	
179561	30013	4	
179562	1	30000	
179570	3	20	
179571	60002	6	
179572	1	30000	
179650	102	50	
179660	102	50	
179670	102	50	
179680	50005	50	
179690	102	50	
179700	102	50	
179720	50005	50	
179721	30013	2	
179722	1	10000	
179730	29	50	
179731	31204	5	
179732	1	30000	
179750	50005	50	
179751	30013	2	
179752	1	20000	
179760	11000128	1	
179761	31204	10	
179762	1	40000	
179780	50005	50	
179781	30013	2	
179782	1	30000	
179790	11000130	1	
179791	31204	10	
179792	1	70000	
179800	50005	50	
179801	30013	2	
179802	1	40000	
179810	11000129	1	
179811	31204	15	
179812	1	60000	
179820	102	50	
179821	60001	5	
179822	1	80000	
179830	29	50	
179831	60002	5	
179832	1	120000	
179840	102	100	
179841	30013	2	
179842	1	50000	
179850	102	50	
179851	31204	15	
179852	1	100000	
179860	102	50	
179861	60001	10	
179862	1	150000	
179870	29	50	
179871	60002	10	
179872	1	200000	
596000	31104	2	
596001	1	10000	
596010	102	20	
596011	40301	3	
596012	1	10000	
596020	50005	20	
596021	29	10	
596022	13019503	1	
596030	30013	2	
596031	60001	10	
596032	8982301	1	
596040	102	30	
596041	31204	5	
596042	1	10000	
596050	50005	30	
596051	40301	3	
596052	13019503	1	
596060	30013	2	
596061	60002	2	
596062	8982302	1	
596070	31204	5	
596071	29	10	
596072	1	10000	
596080	50005	20	
596081	29	10	
596082	1	10000	
596090	31204	5	
596091	60001	5	
596092	8982303	1	
596100	102	20	
596101	31104	3	
596102	8982304	1	
596110	50005	30	
596111	29	10	
596112	13019503	1	
596120	30013	2	
596121	60002	5	
596122	8982305	1	
596130	102	30	
596131	40301	6	
596132	1	10000	
596140	40301	8	
596141	29	10	
596142	1	10000	
596150	13019503	1	
597000	31104	1	
597001	1	13140	
597010	31204	3	
597011	1	13140	
597020	50005	50	
597021	102	20	
597022	1	52000	
597030	50005	100	
597031	102	30	
597032	1	131400	
597040	50005	100	
597041	102	50	
597042	1	131400	
597050	61707	1	
597051	3	10	
597060	61708	1	
597061	3	20	
597070	61709	1	
597071	3	30	
597080	24000026	1	
597090	24000025	1	
597091	61706	1	
597100	24000027	1	
597101	1	20000	
597102	90031	1	
597110	24000028	1	
597111	1	20000	
597112	90031	1	
597120	24000029	1	
597121	1	20000	
597122	90031	1	
597130	24000030	1	
597131	1	20000	
597132	90031	1	
850620	102	20	
850621	65	130	
850622	40301	4	
850630	102	20	
850631	65	130	
850632	1	108000	
850640	102	20	
850641	65	130	
850642	1	114000	
850650	102	20	
850651	65	130	
850652	1	120000	
850660	102	20	
850661	65	130	
850662	1	126000	
850670	102	20	
850671	65	130	
850672	1	150000	
850680	102	30	
850681	65	190	
850682	1	192000	
850690	102	40	
850691	65	260	
850692	1	240000	
850700	102	50	
850701	65	355	
850702	1	300000	
850710	102	15	
850711	65	80	
850712	40301	2	
850720	102	15	
850721	65	80	
850722	1	81000	
850730	102	15	
850731	65	80	
850732	1	85500	
850740	102	15	
850741	65	80	
850742	1	90000	
850750	102	15	
850751	65	80	
850752	1	94500	
850760	102	15	
850761	65	80	
850762	1	112500	
850770	102	20	
850771	65	115	
850772	1	144000	
850780	102	30	
850781	65	160	
850782	1	180000	
850790	102	40	
850791	65	220	
850792	1	225000	
5502290	40301	10	
5502300	30013	10	
5502310	32000	300	
5502320	31204	20	
5502330	102	250	
5502340	31104	10	
5502350	60001	50	
5502360	102	250	
5502370	60002	15	
5502380	50005	250	
5502390	50005	3250	
5502391	102	6500	
179880	50005	100	
179881	31204	10	
179882	102	40	
179883	13019501	1	
179890	50005	50	
179891	31104	10	
179892	102	40	
179893	13019501	1	
179900	50005	50	
179901	40113	10	
179902	102	40	
179903	13019501	1	
179910	50005	50	
179911	40114	10	
179912	102	40	
179913	13019501	1	
179920	90015	3	
179921	102	40	
179922	13019501	1	
597200	50005	50	
597201	30013	1	
597202	1	42000	
597210	102	100	
597211	31204	3	
597212	1	42000	
597220	102	50	
597221	31204	3	
597222	1	30000	
597230	102	100	
597231	31204	3	
597232	1	42000	
597240	50005	50	
597241	30013	1	
597242	1	42000	
597250	102	50	
597251	31204	3	
597252	1	30000	
597260	50005	50	
597261	31204	3	
597262	1	42000	
597270	11000133	1	
597271	60001	5	
597272	1	70000	
597280	50005	50	
597281	60001	5	
597282	1	70000	
597290	50005	50	
597291	60001	5	
597292	1	70000	
597300	102	50	
597301	60002	2	
597302	1	52500	
597310	102	50	
597311	60002	2	
597312	1	52500	
597320	102	100	
597321	60002	2	
597322	1	52500	
597330	102	100	
597331	60002	2	
597332	1	52500	
597340	29	50	
597341	31204	3	
597342	1	30000	
597350	29	50	
597351	31204	5	
597352	1	40000	
597360	29	50	
597361	31204	3	
597362	1	30000	
597370	29	50	
597371	31204	5	
597372	1	40000	
597380	29	50	
597381	31204	3	
597382	1	30000	
597390	29	50	
597391	31204	5	
597392	1	40000	
597500	102	30	
597501	70002	5	
597502	70001	15	
597510	102	30	
597511	70002	5	
597512	70001	15	
597520	102	30	
597521	70002	5	
597522	70001	15	
597530	102	30	
597531	29	10	
597532	31204	8	
597540	3	30	
597541	29	10	
597542	31104	2	
597550	102	30	
597551	70002	5	
597552	70001	15	
597560	102	30	
597561	60001	5	
597562	31204	10	
597570	3	30	
597571	60002	3	
597572	31104	3	
597580	102	40	
597581	60001	5	
597582	31204	15	
597590	102	40	
597591	60002	3	
597592	31104	5	
597600	3	30	
597601	29	20	
597602	31204	10	
597610	102	40	
597611	29	30	
597612	31104	3	
597620	102	50	
597621	70002	10	
597622	70001	30	
597630	3	30	
597631	40301	5	
597632	40201	3	
597640	102	50	
597641	70002	10	
597642	70001	30	
597650	102	50	
597651	70002	10	
597652	70001	30	
597660	102	50	
597661	40301	5	
597662	40201	5	
597670	3	30	
597671	40301	5	
597672	40201	5	
597680	389	1	
597690	390	1	
597700	391	1	
597710	29	20	
597711	60001	2	
597712	31204	2	
597720	29	20	
597721	60002	2	
597722	31104	2	
597800	63413	450	
597801	63412	1200	
597810	63413	450	
597811	63412	1200	
597820	63413	450	
597821	63412	1200	
597830	63413	450	
597831	63412	1200	
597840	63413	450	
597841	63412	1440	
597850	63413	450	
597851	63412	1440	
597860	63413	450	
597861	63412	1440	
597870	63413	450	
597871	63412	1440	
597880	13019603	1	
597881	63412	1440	
597890	63413	450	
597891	63412	1920	
597900	63413	450	
597901	63412	1920	
597910	63413	450	
597911	63412	1920	
597920	63413	450	
597921	63412	1920	
597930	13019603	1	
597931	63412	1920	
597940	63413	450	
597941	63412	2400	
597950	63413	450	
597951	63412	2400	
597960	63413	450	
597961	63412	2400	
597970	63413	450	
597971	63412	2400	
597980	13019603	1	
597981	63412	2400	
597990	63413	450	
597991	63412	2880	
598000	63413	450	
598001	63412	2880	
598010	63413	450	
598011	63412	2880	
598020	63413	450	
598021	63412	2880	
598022	13019603	1	
598030	63413	100	
598031	63412	2880	
598040	9012004	1	
598050	1204	1	
598060	11000135	1	
598070	13019606	1	
598080	9012004	1	
598081	1204	1	
598082	11000135	1	
598090	63413	500	
598100	63413	500	
598110	63413	500	
598120	63413	500	
598130	63413	500	
598140	63413	500	
5502400	31204	20	
5502410	40301	10	
5502420	32000	300	
5502430	31104	10	
5502440	102	250	
5502450	40301	10	
5502460	30013	10	
5502470	102	250	
5502480	31204	20	
5502490	50005	250	
5502500	50005	3500	
5502501	102	7000	
598200	50005	100	
598201	31204	10	
598202	102	40	
598203	13019601	1	
598210	50005	50	
598211	31104	10	
598212	102	40	
598213	13019601	1	
598220	50005	50	
598221	40113	10	
598222	102	40	
598223	13019601	1	
598230	50005	50	
598231	40114	10	
598232	102	40	
598233	13019601	1	
598240	90015	3	
598241	102	40	
598242	13019601	1	
598250	31104	5	
598260	40113	5	
598270	8982516	1	
598280	40110	5	
598290	50001	80	
598300	1	200000	
598310	29	150	
598320	40693	10	
598330	30013	10	
598340	50005	250	
598350	31204	5	
598360	60002	5	
598370	8982517	1	
598380	40114	5	
598390	50000	100	
598400	90015	2	
598410	70002	15	
598420	32	3	
598430	50003	250	
598440	6710309	1	
598450	30	20	
598451	40693	1	
598460	30	20	
598461	40693	1	
598470	30	20	
598471	40693	1	
598480	30	20	
598481	40693	1	
598490	30	20	
598491	40693	1	
598500	30	20	
598501	40693	1	
598510	30	20	
598511	40693	1	
598520	30	20	
598521	40693	1	
598530	30	20	
598531	40693	1	
598540	30	155	
598541	40693	1	
598550	30	155	
598551	40693	1	
598560	30	20	
598561	40693	1	
598570	30	20	
598571	40693	1	
598580	30	20	
598581	40693	1	
598590	30	20	
598591	40693	1	
598600	30	20	
598601	40693	1	
598610	30	20	
598611	40693	1	
598620	30	155	
598621	40693	1	
598630	30	20	
598631	40693	1	
598640	30	20	
598641	40693	1	
598650	30	155	
598651	40693	1	
598660	30	20	
598661	40693	1	
598670	30	20	
598671	40693	1	
598680	30	20	
598681	40693	1	
598690	30	20	
598691	40693	1	
598700	30	20	
598701	40693	1	
598710	30	20	
598711	40693	1	
598720	30	155	
598721	40693	1	
598730	30	20	
598731	40693	1	
598740	30	20	
598741	40693	1	
598750	30	155	
598751	40693	1	
598760	30	155	
598761	40693	1	
598770	30	155	
598771	40693	1	
598780	30	20	
598781	40693	1	
598790	30	20	
598791	40693	1	
598800	30	20	
598801	40693	1	
598810	30	20	
598811	40693	1	
598820	30	20	
598821	40693	1	
598830	30	20	
598831	40693	1	
598840	31	15	
598841	40693	1	
598850	31	15	
598851	40693	1	
598860	31	15	
598861	40693	1	
598870	31	15	
598871	40693	1	
598880	31	15	
598881	40693	1	
598890	31	15	
598891	40693	1	
598900	31	15	
598901	40693	1	
598910	31	15	
598911	40693	1	
598920	31	15	
598921	40693	1	
598930	31	15	
598931	40693	1	
598940	31	15	
598941	40693	1	
598950	31	15	
598951	40693	1	
598960	31	15	
598961	40693	1	
598970	31	15	
598971	40693	1	
598980	31	15	
598981	40693	1	
598990	31	15	
598991	40693	1	
599000	31	15	
599001	40693	1	
599010	31	15	
599011	40693	1	
599020	31	15	
599021	40693	1	
599030	31	15	
599031	40693	1	
599040	97007	50	
599050	97007	50	
599060	97007	50	
599070	97007	50	
599080	97007	150	
599090	97007	50	
599100	97007	50	
599110	97007	50	
599120	97007	50	
599130	97007	50	
599140	97007	150	
599150	97007	50	
599160	97007	50	
599170	97007	50	
599180	97007	150	
599190	97007	50	
599200	97007	200	
599210	97007	100	
599220	97007	150	
599230	97007	200	
599240	97007	100	
599250	97007	150	
599260	97007	200	
599270	97007	100	
599280	97007	150	
599290	97007	200	
599300	97007	100	
599310	97007	150	
599320	97007	200	
599330	97008	220	
599340	97008	220	
599350	97008	220	
599360	97008	220	
599370	97008	220	
599380	97008	50	
599390	97008	100	
599400	97008	150	
599410	97008	50	
599420	97008	100	
599430	97008	150	
599440	97008	50	
599450	97008	100	
599460	97008	150	
599470	97008	50	
599480	97008	100	
599490	97008	150	
599500	97008	50	
599510	97008	100	
599520	97008	150	
599530	50005	50	
599531	102	100	
599532	1	5000	
599540	50005	50	
599541	102	100	
599542	1	5000	
599550	50005	50	
599551	102	100	
599552	1	5000	
599560	50005	50	
599561	102	100	
599562	1	5000	
599570	50005	50	
599571	102	100	
599572	13019610	1	
599580	8982508	4	
599581	60002	8	
599582	1	8000	
599590	8982509	1	
599591	60002	10	
599592	1	12000	
599600	8982510	1	
599601	60002	12	
599602	1	18000	
599610	8982512	3	
599611	30013	10	
599612	1	10000	
599620	8982511	1	
599621	30013	12	
599622	1	15000	
599630	8982507	1	
599631	30013	10	
599632	1	20000	
599640	40301	8	
599641	31204	15	
599642	1	10000	
599650	40301	10	
599651	31104	6	
599652	1	15000	
599660	40301	12	
599661	31104	8	
599662	1	20000	
599670	19100005	40	
599671	1	2000	
599680	19100005	60	
599681	1	2500	
599690	19100005	20	
599691	1	1500	
599700	19100005	20	
599701	1	1500	
599710	19100005	20	
599711	1	1500	
599720	19100005	20	
599721	1	1500	
599730	1	100	
5502510	31104	10	
5502520	60001	50	
5502530	32000	300	
5502540	60002	15	
5502550	102	250	
5502560	31204	20	
5502570	40301	10	
5502580	102	250	
5502590	31104	10	
5502600	6001506	1	
5502610	50005	3500	
5502611	102	7500	
5502620	50005	3500	
5502621	6001506	1	
599810	30013	3	
599811	31104	3	
599812	31204	10	
599820	50005	50	
599821	60001	30	
599822	60002	10	
599830	102	100	
599831	40201	5	
599832	1	50000	
599840	30013	3	
599841	31104	3	
599842	31204	10	
599850	50005	75	
599851	30013	5	
599852	29	30	
599860	102	100	
599861	40201	5	
599862	1	50000	
599870	30013	3	
599871	31104	3	
599872	31204	10	
599880	50005	75	
599881	31104	5	
599882	29	30	
599890	102	100	
599891	40201	5	
599892	1	50000	
599900	11000140	1	
599901	40301	10	
599902	1	50000	
599910	50005	50	
599911	31204	15	
599912	29	30	
599920	102	100	
599921	40201	5	
599922	1	50000	
599930	102	100	
599931	40301	10	
599932	1	50000	
599940	60001	20	
599941	60002	10	
599950	40301	10	
599951	1	100000	
599960	50005	250	
599961	102	500	
599962	11000186	1	
599970	97009	20	
599980	97009	270	
599990	50005	100	
599991	31204	10	
599992	102	40	
599993	13019607	1	
600000	50005	50	
600001	31104	10	
600002	102	40	
600003	13019607	1	
610010	50005	50	
610011	40113	10	
610012	102	40	
610013	13019607	1	
610020	50005	50	
610021	40114	10	
610022	102	40	
610023	13019607	1	
610030	90015	3	
610031	102	40	
610032	13019607	1	
611000	47	65	
611010	47	130	
611020	34000	1	
611030	34001	2	
611040	50005	50	
611050	47	65	
611060	47	130	
611070	34000	1	
611080	34001	5	
611090	50005	50	
611100	47	65	
611110	47	130	
611120	34000	2	
611130	34001	3	
611140	50005	50	
611150	102	50	
611160	102	50	
611170	102	50	
611151	34000	1	
611161	34000	1	
611171	34000	1	
611152	1	10000	
611162	1	10000	
611172	1	10000	
611180	102	30	
611190	47	95	
611200	47	190	
611210	34000	2	
611220	34001	4	
611230	50005	70	
611240	47	95	
611250	47	190	
611260	34000	3	
611270	34001	6	
611280	50005	70	
611290	47	95	
611300	47	190	
611310	34000	3	
611320	34001	5	
611330	50005	70	
611340	102	60	
611350	102	60	
611360	102	60	
611341	34000	1	
611351	34000	1	
611361	34000	1	
611342	1	15000	
611352	1	15000	
611362	1	15000	
611370	9100001	1	
611380	70001	160	
611390	70002	27	
611400	34000	1	
611410	47	144	
611420	70001	160	
611430	34000	1	
611440	70002	27	
611450	47	144	
611460	34000	1	
611470	70001	160	
611480	70002	27	
611490	34000	1	
611500	47	144	
611510	34000	1	
611520	70001	160	
611530	70002	27	
611540	34000	1	
611550	47	240	
611560	70001	160	
611570	34000	1	
611580	70002	27	
611590	47	240	
611600	34000	1	
611610	70001	160	
611620	70002	27	
611630	34000	1	
611640	47	240	
611650	34000	1	
611660	62902	80	
611670	62902	120	
611680	62902	1000	
611690	62902	5000	
611700	62902	100	
611710	62902	200	
611720	62902	100	
611730	62902	200	
611740	62902	200	
611750	62902	2500	
611760	62902	3500	
611770	62902	5000	
611780	62902	7000	
611790	62902	2500	
611800	62902	3200	
611810	62902	4000	
611820	62902	5000	
611830	62902	200	
611840	62902	300	
611850	62902	400	
611860	62902	500	
611870	62902	200	
611880	62902	1000	
611890	62902	300	
611900	62921	1	
611910	62922	1	
611920	62914	1	
611930	62924	1	
611940	62925	1	
611950	62912	1	
611960	62927	1	
611970	62904	1	
611980	62929	1	
611990	62919	1	
612000	62920	1	
612010	62932	1	
612020	62915	1	
612030	62934	1	
612040	62935	1	
612050	62902	1	
612060	62901	240	
612070	50005	100	
612071	31204	10	
612072	102	40	
612080	50005	50	
612081	31104	10	
612082	102	40	
612090	50005	50	
612091	40113	10	
612092	102	40	
612093	11000146	1	
612100	50005	50	
612101	40114	10	
612102	102	40	
612110	90015	3	
612111	102	40	
612120	62902	100	
612130	62902	300	
612140	62902	700	
612150	40201	6	
612151	102	50	
612152	1	15000	
612160	40201	6	
612161	102	50	
612162	1	15000	
612170	8982611	1	
612171	102	50	
612172	1	15000	
612180	8982610	1	
612181	102	50	
612182	1	15000	
612190	8982606	1	
612191	102	50	
612192	1	15000	
612200	8982607	1	
612201	102	50	
612202	1	15000	
612210	8982608	1	
612211	102	50	
612212	1	15000	
612220	8982609	1	
612221	102	50	
612222	1	15000	
612230	30013	8	
612231	102	50	
612232	1	20000	
612240	30013	10	
612241	102	50	
612242	1	30000	
612250	30013	12	
612251	13019612	1	
612252	1	40000	
612260	50005	50	
612261	31104	6	
612262	1	15000	
612270	50005	50	
612271	60002	12	
612272	1	20000	
612280	50005	50	
612281	60002	15	
612282	1	25000	
612290	50005	50	
612291	40301	12	
612292	1	35000	
612300	50005	50	
612301	40301	15	
612302	1	45000	
612510	62412	100	
612511	31104	8	
612520	62412	200	
612521	31204	25	
612530	62412	250	
612531	102	200	
612540	62412	350	
612541	50005	100	
612550	62412	100	
612551	30013	10	
612560	62412	200	
612561	40301	10	
612570	62412	250	
612571	102	200	
612572	11000147	1	
612580	62412	350	
612581	50005	100	
612590	62412	150	
612591	40201	5	
612600	62412	200	
612601	40301	10	
612610	62412	300	
612611	102	100	
612620	62412	350	
612621	50005	50	
612630	29	25	
612631	1	20000	
612640	29	25	
612641	1	20000	
612650	62412	200	
612651	29	10	
612660	29	25	
612661	1	20000	
612670	29	25	
612671	1	20000	
612680	3	20	
612681	31204	12	
612682	1	50000	
612690	3	20	
612691	31104	5	
612692	1	50000	
612700	9010249	1	
613000	63454	1	
613010	63455	1	
613020	63456	1	
613030	63457	1	
613040	63458	1	
613050	63459	1	
613060	63460	1	
611901	62902	100	
611911	62902	100	
611921	62902	100	
611931	62902	100	
611941	62902	100	
611951	62902	100	
611961	62902	100	
611971	62902	100	
611981	62902	100	
611991	62902	100	
612001	62902	100	
612011	62902	100	
612021	62902	100	
612031	62902	100	
612041	62902	100	
613070	6003304	1	
613071	9010249	1	
613080	1	2000	
613090	1	3000	
613100	102	100	
613101	60002	10	
613102	1	30000	
613110	102	100	
613111	60002	12	
613112	1	40000	
613120	13019617	1	
613121	60002	15	
613122	1	50000	
613130	50005	50	
613131	30013	6	
613132	1	20000	
613140	50005	50	
613141	30013	6	
613142	1	20000	
613150	50005	50	
613151	30013	6	
613152	1	20000	
613160	50005	50	
613161	30013	6	
613162	1	20000	
613170	50005	50	
613171	30013	6	
613172	1	20000	
613180	102	100	
613181	31104	6	
613182	1	15000	
613190	102	100	
613191	31104	8	
613192	1	20000	
613200	102	100	
613201	31104	10	
613202	1	25000	
613210	96190	250	
613220	96190	250	
613230	96190	250	
613240	96190	250	
613250	96190	250	
613260	96190	250	
613270	96190	250	
613280	96190	250	
613290	96190	250	
613300	96190	250	
613310	96190	250	
613320	96190	250	
613330	96190	250	
613340	96190	250	
613350	96190	250	
613360	96190	500	
613370	96190	500	
613380	96190	500	
613390	96190	500	
613400	96190	500	
613410	96190	500	
613420	96190	500	
613430	96190	500	
613440	96190	500	
613450	96190	500	
613460	96190	500	
613470	96190	500	
613480	96190	500	
613490	96190	500	
613500	96190	500	
613510	96190	500	
613520	96190	500	
613530	96190	500	
613540	96190	500	
613550	96190	500	
613560	96190	500	
613570	96190	500	
613580	96190	500	
613590	96190	500	
613600	96190	500	
613610	96190	500	
613620	96190	500	
613630	96190	650	
613640	96190	650	
613650	96190	650	
613660	96190	650	
613670	96190	650	
613680	96190	650	
613690	96190	650	
613700	96190	650	
613710	96190	650	
613720	96190	650	
613730	96190	650	
613740	96190	650	
613750	96190	650	
613760	96190	650	
613770	96190	650	
613780	96190	650	
613790	96190	650	
613800	96190	650	
613810	96190	250	
613820	96190	250	
613830	96190	250	
613840	96190	250	
613850	96190	250	
613860	96190	250	
613870	96190	250	
613880	96190	250	
613890	96190	250	
613900	96190	250	
613910	96190	250	
613920	96190	250	
613930	96190	250	
613940	96190	250	
613950	96190	250	
613960	96190	250	
613970	96190	250	
613980	96190	250	
613990	96190	500	
614000	96190	500	
614010	96190	500	
614020	96190	500	
614030	96190	500	
614040	96190	500	
614050	96190	500	
614060	96190	500	
614070	96190	500	
614080	96190	500	
614090	96190	500	
614100	96190	500	
614110	96190	500	
614120	96190	500	
614130	96190	500	
614140	96190	500	
614150	96190	500	
614160	96190	500	
614170	96190	500	
614180	96190	500	
614190	96190	500	
614200	96190	650	
614210	96190	650	
614220	96190	650	
614230	96190	650	
614240	96190	650	
614250	96190	650	
614260	96190	650	
614270	96190	650	
614280	96190	650	
614290	96190	650	
614300	96190	650	
614310	96190	650	
614320	96190	650	
614330	96190	650	
614340	96190	100	
614350	96190	100	
614360	96190	100	
614370	96190	100	
614380	96190	100	
614390	96190	100	
614400	96190	100	
614410	96190	100	
614420	96190	100	
614430	96190	100	
614440	96190	100	
614450	96190	100	
614460	96190	100	
614470	96190	100	
614480	96190	100	
614490	96190	100	
614500	96190	100	
614510	96190	100	
614520	96190	100	
614530	96190	100	
614540	96190	100	
614550	96190	150	
614560	96190	150	
614570	96190	150	
614580	96190	150	
614590	96190	150	
614600	96190	150	
614610	96190	150	
614620	96190	150	
614630	96190	150	
614640	96190	150	
614650	96190	150	
614660	96190	150	
614670	96190	350	
614680	96190	350	
614690	96190	350	
614700	96190	800	
614710	96190	800	
614720	96190	800	
614730	96190	950	
614740	96190	950	
614750	96190	950	
614760	96190	2000	
614761	11000150	1	
614770	96190	4000	
614771	11000151	1	
614780	96190	6000	
614781	11000152	1	
614790	96190	660	
614791	50003	15	
614800	96190	660	
614801	50003	15	
614810	96190	60	
614820	96190	60	
614830	96190	60	
614840	96190	1500	
614841	50003	25	
614850	96190	1500	
614851	50003	25	
614860	96190	100	
614870	96190	100	
614880	96190	100	
614890	96190	2500	
614891	50003	60	
614900	96190	2500	
614901	50003	60	
614910	96190	100	
614920	96190	100	
614930	96190	100	
614940	96190	4800	
614941	50003	30	
614950	96190	12600	
614951	50003	50	
614960	96190	17550	
614961	50003	120	
615000	97012	3	
615001	30013	1	
615002	1	700	
615010	97012	3	
615011	31104	1	
615012	1	7000	
615020	97012	4	
615021	31204	3	
615022	1	7000	
615030	50005	50	
615031	102	20	
615032	1	70000	
615040	50005	100	
615041	102	30	
615042	1	70000	
615050	50005	100	
615051	102	50	
615052	1	70000	
615060	31104	5	
615070	30013	5	
615080	31204	15	
615090	102	50	
615100	3	50	
615110	40104	15	
615120	40103	20	
615130	40110	20	
615140	102	50	
615150	3	50	
615160	1042	2	
615161	30012	1	
615162	1	3000	
615170	1042	3	
615171	31104	1	
615172	1	6000	
615180	1042	3	
615181	31204	2	
615182	1	6000	
615190	102	30	
615191	70002	5	
615192	70001	20	
615200	102	30	
615201	70002	5	
615202	70001	20	
615210	102	30	
615211	70002	5	
615212	70001	20	
615220	102	30	
615221	29	10	
615222	31204	8	
615230	3	30	
615231	29	10	
615232	31104	3	
615240	102	30	
615241	70002	5	
615242	70001	20	
615250	102	30	
615251	60001	5	
615252	31204	10	
615260	3	30	
615261	60002	3	
615262	31104	3	
615270	102	40	
615271	60001	5	
615272	31204	15	
615280	102	40	
615281	60002	3	
615282	31104	5	
615290	3	30	
615291	29	30	
615292	31204	10	
615300	102	40	
615301	29	30	
615302	31104	3	
615310	102	50	
615311	70002	10	
615312	70001	30	
615320	3	30	
615321	29	30	
615322	31104	5	
615330	102	50	
615331	70002	10	
615332	70001	30	
615340	102	50	
615341	70002	10	
615342	70001	30	
615350	102	50	
615351	70002	10	
615352	70001	30	
615360	3	30	
615361	70002	10	
615362	70001	30	
615370	392	1	
615380	393	1	
615390	394	1	
615400	3	150	
615401	102	500	
615402	70002	70	
615410	29	80	
615411	60002	4	
615412	31104	4	
615420	97010	8	
615430	97010	4	
615440	97010	4	
615450	97010	20	
615460	97010	20	
615470	97010	20	
615480	97010	20	
615490	97010	20	
615500	97010	20	
615510	97010	20	
615520	97010	20	
615530	97010	20	
615540	50005	500	
615550	31104	15	
615560	50005	500	
615570	31204	30	
615580	50005	500	
615590	30013	16	
615600	50005	500	
615610	31104	15	
615620	50005	500	
615630	31204	30	
615640	30013	16	
615650	31204	30	
615660	3005	1	
615670	50000	2500	
615680	102	3000	
615690	3005	1	
615700	70001	100	
615710	70002	20	
615720	40201	8	
615730	40301	20	
615740	60002	10	
615750	90015	1	
615760	40200	15	
615770	29	45	
615800	63409	3	
615810	63409	6	
615820	63407	500	
615830	63409	5	
615840	63409	10	
615850	63407	500	
615860	63407	1000	
615870	63408	100	
615880	63408	150	
615890	63408	100	
615900	63408	200	
615901	8982721	1	
615910	63408	150	
615920	63408	200	
615921	8982722	1	
615930	63408	300	
615940	63408	300	
615941	8982723	1	
615950	63408	400	
615960	63408	500	
615961	8982724	1	
615970	63408	500	
615980	63408	600	
615990	63408	500	
616000	63408	600	
616010	102	100	
616011	50005	50	
616020	102	100	
616021	50005	150	
616030	102	200	
616040	63454	1	
616050	63455	1	
616060	63456	1	
616070	63457	1	
616080	63458	1	
616090	63459	1	
616100	63460	1	
616110	1	88888	
616120	102	50	
616130	50005	50	
616131	102	50	
617000	50005	1500	
617001	102	3000	
617010	31204	20	
617020	30013	10	
617030	32000	300	
617040	31104	10	
617050	102	250	
617060	60001	50	
617070	60002	15	
617080	102	250	
617090	12	30	
617100	50005	250	
617110	70001	80	
617120	70002	15	
617130	32000	300	
617140	40301	10	
617150	102	250	
617160	31204	20	
617170	30013	10	
617180	102	250	
617190	31104	10	
617200	50005	250	
617210	60001	50	
617220	60002	15	
617230	32000	300	
617240	12	30	
617250	102	250	
617260	70001	80	
617270	70002	15	
617280	102	250	
617290	40301	10	
617300	50005	250	
617310	31204	20	
617320	30013	10	
617330	32000	300	
617340	31104	10	
617350	102	250	
617360	60001	50	
617370	60002	15	
617380	102	250	
617390	12	30	
617400	50005	250	
617410	70001	80	
617420	70002	15	
617430	32000	300	
617440	40301	10	
617450	102	250	
617460	31204	20	
617470	30013	10	
617480	102	250	
617490	31104	10	
617500	50005	250	
617510	60001	50	
617520	60002	15	
617530	32000	300	
617540	12	30	
617550	102	250	
617560	70001	80	
617570	70002	15	
617580	102	250	
617590	40301	10	
617600	50005	250	
617610	60002	15	
617620	70001	80	
617630	32000	300	
617640	70002	15	
617650	102	250	
617660	31204	10	
617670	31104	10	
617680	102	250	
617690	40301	10	
617700	50005	250	
617810	96188	250	
617820	96188	250	
617830	96188	250	
617840	96188	250	
617850	96188	250	
617860	96188	250	
617870	96188	250	
617880	96188	250	
617890	96188	250	
617900	96188	250	
617910	96188	500	
617920	96188	250	
617930	96188	250	
617940	96188	250	
617950	96188	250	
617960	96188	250	
617970	96188	250	
617980	96188	250	
617990	96188	250	
618000	50005	1750	
618001	102	3500	
618200	50005	25	
618201	102	25	
618210	50005	75	
618211	102	75	
618220	50005	75	
618221	102	75	
618230	50005	75	
618231	102	75	
618240	13019614	1	
618250	9012005	1	
618260	1205	1	
618270	11000154	1	
618280	9012005	1	
618281	1205	1	
618282	11000154	1	
619010	50005	100	
619011	31204	10	
619012	102	40	
619013	13019616	1	
619020	50005	50	
619021	31104	10	
619022	102	40	
619023	13019616	1	
619030	50005	50	
619031	40113	10	
619032	102	40	
619033	13019616	1	
619040	50005	50	
619041	40114	10	
619042	102	40	
619043	13019616	1	
619050	90015	3	
619051	102	40	
619052	13019616	1	
619060	1	1000	
619070	96191	400	
619080	96191	400	
619090	96191	400	
619100	96191	400	
619110	96191	400	
619120	96191	400	
619130	96191	400	
619140	96191	400	
619150	96191	400	
619160	96191	400	
619170	96191	200	
619180	96191	200	
619190	96191	200	
619200	96191	200	
619210	96192	400	
619220	96192	400	
619230	96192	400	
619240	96192	400	
619250	96192	400	
619260	96192	100	
619270	96192	100	
619280	96192	100	
619290	96192	100	
619300	96192	100	
619310	96192	100	
619320	96192	100	
619330	96192	100	
619340	96192	100	
619350	96192	100	
619360	96192	100	
619370	96192	100	
619380	96192	100	
619390	96192	100	
619400	96192	100	
619410	96191	200	
619420	96191	200	
619430	96191	200	
619440	96191	200	
619450	96191	200	
619460	96191	200	
619470	96191	200	
619480	96191	200	
619490	29	30	
619491	60002	7	
619492	1	35000	
619500	102	100	
619501	31204	7	
619502	1	35000	
619510	29	30	
619511	60002	7	
619512	1	35000	
619520	102	100	
619521	31204	7	
619522	1	35000	
619530	29	30	
619531	60002	7	
619532	1	35000	
619540	102	100	
619541	31204	7	
619542	1	35000	
619550	29	30	
619551	60002	7	
619552	1	35000	
619560	102	100	
619561	31204	7	
619562	1	35000	
619570	29	30	
619571	60002	7	
619572	1	35000	
619580	102	100	
619581	31104	7	
619582	1	35000	
619590	50005	50	
619591	30013	7	
619592	1	35000	
619600	50005	50	
619601	30013	7	
619602	1	35000	
619610	50005	50	
619611	30013	7	
619612	1	35000	
619620	50005	50	
619621	30013	7	
619622	1	35000	
619630	50005	50	
619631	11000159	1	
619632	1	35000	
619640	29	30	
619641	60002	7	
619642	1	35000	
619650	102	100	
619651	31204	7	
619652	1	35000	
619660	29	30	
619661	60002	7	
619662	1	35000	
619670	102	100	
619671	31204	7	
619672	1	35000	
619680	29	30	
619681	60002	7	
619682	1	35000	
619690	102	100	
619691	31204	7	
619692	1	35000	
619700	29	30	
619701	60002	7	
619702	1	35000	
619710	102	100	
619711	31204	7	
619712	1	35000	
619720	29	30	
619721	60002	7	
619722	1	35000	
619730	102	100	
619731	31104	7	
619732	1	35000	
619740	50005	50	
619741	30013	7	
619742	1	35000	
619750	50005	50	
619751	30013	7	
619752	1	35000	
619760	50005	50	
619761	30013	7	
619762	1	35000	
619770	50005	50	
619771	30013	7	
619772	1	35000	
619780	50005	50	
619781	11000160	1	
619782	1	35000	
619790	1	500	
619800	1043	4	
619801	30012	1	
619802	1	3000	
619810	1043	6	
619811	31104	1	
619812	1	6000	
619820	1043	6	
619821	31204	2	
619822	1	6000	
619830	30012	10	
619840	30013	4	
619850	102	50	
619860	40104	20	
619870	3	50	
619880	40114	7	
619890	40103	25	
619900	102	50	
619910	40113	10	
619920	30013	3	
619930	40100	30	
619940	40110	10	
619950	3	50	
619960	566	30	
619961	50005	1000	
619962	102	2000	
619970	50005	150	
619980	34000	7	
619990	50005	210	
620000	34000	11	
620010	50005	100	
620011	31204	10	
620012	102	40	
620013	13019619	1	
620020	50005	50	
620021	31104	10	
620022	102	40	
620023	13019619	1	
620030	50005	50	
620031	40113	10	
620032	102	40	
620033	13019619	1	
620040	50005	50	
620041	40114	10	
620042	102	40	
620043	13019619	1	
620050	90015	3	
620051	102	40	
620052	13019619	1	
620060	8982801	1	
620061	60001	20	
620062	1	3000	
620070	50005	40	
620071	60001	20	
620072	1	5000	
620080	50005	40	
620081	60001	20	
620082	1	5000	
620090	50005	40	
620091	40201	2	
620092	1	5000	
620100	50005	40	
620101	40201	2	
620102	1	5000	
620110	13019620	1	
620111	40201	3	
620112	1	5000	
620120	50005	45	
620121	30013	6	
620122	1	8000	
620130	50005	45	
620131	30013	6	
620132	1	8000	
620140	102	70	
620141	31204	12	
620142	1	10000	
620150	102	70	
620151	31204	12	
620152	1	10000	
620160	102	70	
620161	31204	12	
620162	1	10000	
620170	102	70	
620171	40301	7	
620172	1	10000	
620180	102	70	
620181	40301	7	
620182	1	10000	
620190	102	75	
620191	31104	6	
620192	1	15000	
620200	102	75	
620201	31104	6	
620202	1	15000	
620210	8982802	1	
620211	60002	8	
620212	1	12000	
620220	8982803	1	
620221	60002	8	
620222	1	15000	
620230	8982804	1	
620231	60002	8	
620232	1	18000	
620240	8982805	1	
620241	60002	8	
620242	1	21000	
620250	8982806	1	
620251	60002	8	
620252	1	25000	
620260	96190	1000	
620270	96190	1500	
620280	96190	2300	
620290	96190	3500	
620300	40113	5	
620301	60002	3	
620310	31104	5	
620311	60002	3	
620320	3	30	
620321	102	30	
620330	31204	5	
620331	60002	3	
620340	40110	5	
620341	60002	3	
620350	3	30	
620351	102	30	
620360	40114	5	
620361	60002	3	
620370	30013	5	
620371	60002	3	
620380	3	40	
620381	102	40	
620390	1044	1	
620391	30012	1	
620392	1	3000	
620400	1044	1	
620401	31104	1	
620402	1	6000	
620410	1044	1	
620411	31204	2	
620412	1	6000	
620420	63	100	
620421	1	10000	
620430	31204	5	
620431	31104	2	
620432	30013	2	
620440	50005	50	
620441	60001	10	
620442	1	10000	
620450	8982907	1	
620451	60002	5	
620452	1	30000	
620460	31204	5	
620461	31104	2	
620462	30013	2	
620470	102	100	
620471	60001	10	
620472	1	10000	
620480	8982908	1	
620481	60002	5	
620482	1	30000	
620490	31204	5	
620491	31104	2	
620492	30013	2	
620500	50005	50	
620501	60001	10	
620502	1	10000	
620510	8982909	1	
620511	60002	5	
620512	1	30000	
620520	31204	5	
620521	31104	2	
620522	30013	2	
620530	102	100	
620531	60001	10	
620532	1	10000	
620540	8982910	1	
620541	60002	5	
620542	1	30000	
620550	31204	5	
620551	31104	2	
620552	30013	2	
620560	50005	50	
620561	60001	10	
620562	1	10000	
620570	8982911	1	
620571	60002	5	
620572	1	30000	
620580	31204	5	
620581	31104	2	
620582	30013	2	
620590	102	100	
620591	60001	10	
620592	1	10000	
620600	8982912	1	
620601	60002	5	
620602	1	30000	
620610	102	100	
620611	60001	10	
620612	1	10000	
620620	50005	50	
620621	60002	5	
620622	1	30000	
620630	8982913	1	
620631	60002	5	
620632	1	30000	
620640	102	100	
620641	40201	5	
620642	40301	5	
620650	50005	50	
620651	40201	5	
620652	40301	5	
620660	13019624	1	
621010	97015	1	
621020	63400	125	
621030	63400	125	
621040	63400	125	
621050	63400	125	
621060	63400	125	
621061	63402	1	
621062	63405	3	
621070	63400	125	
621080	63400	125	
621090	63400	125	
621100	63400	125	
621110	63400	125	
621111	63406	10	
621120	63400	125	
621130	63400	125	
621140	63400	125	
621150	63400	125	
621160	63400	125	
621170	63400	125	
621180	63400	125	
621190	63400	125	
621200	63400	125	
621210	63400	125	
621211	63403	1	
621212	63406	10	
621213	63405	4	
621220	63400	125	
621230	63400	125	
621240	63400	125	
621250	63400	125	
621260	63400	125	
621270	63400	125	
621280	63400	125	
621290	63400	125	
621300	63400	125	
621310	63400	125	
621311	63406	10	
621312	63405	4	
621320	63400	125	
621330	63400	125	
621340	63400	125	
621350	63400	125	
621360	63400	125	
621370	63400	125	
621380	63400	125	
621390	63400	125	
621400	63400	125	
621410	63400	125	
621411	63406	10	
621412	63405	4	
621420	63400	125	
621430	63400	125	
621440	63400	125	
621450	63400	125	
621460	63400	125	
621470	63400	125	
621480	63400	125	
621490	63400	125	
621500	63400	125	
621510	63400	125	
621511	63406	10	
621512	63405	2	
621520	63400	125	
621530	63400	125	
621540	63400	125	
621550	63400	125	
621560	63400	125	
621570	63400	125	
621580	63400	125	
621590	63400	125	
621600	63400	125	
621610	63400	125	
621611	63404	1	
621612	63405	3	
621620	63400	125	
621630	63400	125	
621640	63400	125	
621650	63400	125	
621660	63400	125	
621670	63400	125	
621680	63400	125	
621690	63400	125	
621700	63400	125	
621710	63400	125	
621711	63406	10	
621712	63405	3	
621713	97014	1	
621720	63400	125	
621730	63400	125	
621740	63400	125	
621750	63400	125	
621760	63400	125	
621770	63400	125	
621780	63400	125	
621790	63400	125	
621800	63400	125	
621810	63400	125	
621811	63406	9	
621820	63400	125	
621830	63400	125	
621840	63400	125	
621850	63400	125	
621860	63400	125	
621870	63400	125	
621880	63400	125	
621890	63400	125	
621900	63400	125	
621910	63400	125	
621920	63400	125	
621930	63400	125	
621940	63400	125	
621950	63400	125	
621960	63400	125	
621970	63400	125	
621980	63400	125	
621990	63400	125	
622000	63400	125	
622010	63400	125	
622020	63400	125	
622030	63400	125	
622040	63400	125	
622050	63400	125	
622060	63400	125	
622070	63400	125	
622080	63400	125	
622090	63400	125	
622100	63400	125	
622110	63400	125	
622120	63400	125	
622130	63400	125	
622140	63400	125	
622150	63400	125	
622160	63400	125	
622170	63400	125	
622180	63400	125	
622190	63400	125	
622200	63400	125	
622210	63400	125	
622220	63400	50	
622230	63400	2000	
622240	97013	750	
622241	97015	1	
622250	97013	750	
622251	97016	1	
622260	97013	750	
622261	97017	1	
622270	97013	750	
622280	97013	1000	
622290	63401	30000	
622300	60002	15	
622310	70001	80	
622320	32000	300	
622330	70002	15	
622340	102	250	
622350	31204	10	
622360	31104	10	
622370	102	250	
622380	40301	10	
622390	50005	250	
622400	50005	2000	
622401	102	4000	
622410	50005	100	
622411	31204	10	
622412	102	40	
622413	13019623	1	
622420	50005	50	
622421	31104	10	
622422	102	40	
622423	13019623	1	
622430	50005	50	
622431	40113	10	
622432	102	40	
622433	13019623	1	
622440	50005	50	
622441	40114	10	
622442	102	40	
622443	13019623	1	
622450	90015	3	
622451	102	40	
622452	13019623	1	
622460	30013	1	
622461	40100	1	
622462	1	1000	
622470	30013	1	
622471	40100	1	
622472	1	1000	
622480	30013	1	
622481	40100	1	
622482	1	1000	
622490	30013	1	
622491	40100	1	
622492	1	1000	
622500	50005	30	
622501	102	70	
622502	60002	8	
622510	50005	30	
622511	102	70	
622512	60002	8	
622520	50005	30	
622521	102	70	
622522	60002	8	
622530	50005	30	
622531	102	70	
622532	60002	8	
622540	50005	30	
622541	102	70	
622542	60002	8	
622550	50005	30	
622551	102	70	
622552	60002	8	
622560	50005	30	
622561	102	70	
622562	60002	8	
622570	50005	30	
622571	102	70	
622572	60002	8	
622580	50005	30	
622581	102	70	
622582	60002	8	
622590	3	30	
622591	31204	1	
622592	30013	1	
622593	1	10000	
622600	6003204	1	
622610	60002	15	
622620	70001	80	
622630	32000	300	
622640	70002	15	
622650	102	250	
622660	31204	10	
622670	31104	10	
622680	102	250	
622690	40301	10	
622700	50005	250	
622710	50005	2250	
622711	102	4500	
622720	1045	1	
622721	30012	1	
622722	1	3000	
622730	1045	2	
622731	31104	2	
622732	1	6000	
622740	1045	3	
622741	31204	2	
622742	1	6000	
622750	30012	15	
622760	3	50	
622770	60002	10	
622780	102	50	
622790	31104	10	
622800	102	50	
622810	31204	12	
622820	3	50	
622830	96193	150	
622840	96193	150	
622850	96193	100	
622860	96193	100	
622870	96193	150	
622880	96193	100	
622890	96193	100	
622900	96193	50	
622910	96193	150	
622920	96193	100	
622930	96193	100	
622940	96193	50	
622950	96193	150	
622960	96193	100	
622970	96193	100	
622980	96193	50	
622990	96193	150	
623000	96193	100	
623010	96193	100	
623020	96193	50	
623030	96193	100	
623110	31104	3	
623111	3	50	
623120	60002	8	
623121	102	50	
623130	3	50	
623131	102	50	
623140	3	50	
623141	102	100	
623150	31204	10	
623151	3	50	
623160	60001	30	
623161	102	50	
623170	3	50	
623171	102	50	
623180	3	50	
623181	102	100	
623190	30013	3	
623191	3	50	
623200	29	30	
623201	102	50	
623210	3	50	
623211	102	50	
623220	3	50	
623221	102	100	
623280	17063001	1	
623281	102	50	
623320	50009	80	
623321	96004	4	
623322	96002	180000	
623330	50009	80	
623331	96004	5	
623332	96002	150000	
623340	50009	90	
623341	96004	4	
623342	96002	120000	
623350	3	20	
623351	96004	4	
623352	96002	100000	
623360	3	100	
623361	96004	4	
623362	96002	50000	
623370	9100002	1	
623371	3	100	
623372	96004	4	
623380	3	20	
623381	70001	96	
623382	70002	18	
623390	3	30	
623391	70001	96	
623392	70002	18	
623400	3	50	
623401	70001	192	
623402	70002	30	
623410	3	50	
623411	70001	192	
623412	70002	30	
623420	3	50	
623421	40200	6	
623422	40301	4	
623430	3	50	
623431	40201	3	
623432	40301	5	
623440	3	15	
623441	40200	6	
623442	40301	4	
623450	3	15	
623451	40201	3	
623452	40301	5	
623510	30013	1	
623511	60001	1	
623512	1	3000	
623520	31204	1	
623521	60001	1	
623522	1	3000	
623530	31104	1	
623531	60001	1	
623532	1	3000	
623540	50005	50	
623541	31104	3	
623542	1	3000	
623550	50005	50	
623551	31204	10	
623552	1	6000	
623560	102	150	
623561	40301	10	
623562	13019627	1	
623570	50005	50	
623571	30013	3	
623572	13019627	1	
623580	102	100	
623581	60001	30	
623582	1	9000	
623590	102	100	
623591	60002	10	
623592	1	9000	
623600	50009	60	
623601	96004	2	
623602	96002	140000	
623610	50009	60	
623611	96004	3	
623612	96002	110000	
623620	50009	50	
623621	96004	3	
623622	96002	70000	
623630	50009	30	
623631	96004	2	
623632	96002	20000	
623640	3	30	
623641	70001	96	
623642	70002	18	
623650	3	30	
623651	70001	96	
623652	70002	18	
623660	3	30	
623661	70001	192	
623662	70002	30	
623670	3	30	
623671	70001	192	
623672	70002	30	
623680	3	30	
623681	40200	5	
623682	40301	4	
623690	3	30	
623691	40201	3	
623692	40301	4	
623700	3	10	
623701	40200	6	
623702	40301	4	
623710	3	10	
623711	40201	3	
623712	40301	4	
623720	96002	1000	
623730	96002	1000	
623740	96002	3000	
623750	96002	1000	
623760	96002	1000	
623770	96002	3000	
623780	96002	1000	
623790	96002	1000	
623800	96002	3000	
623810	96002	1000	
623820	96002	1000	
623830	96002	3000	
623840	96002	1000	
623850	96002	1000	
623860	96002	3000	
623870	96002	1000	
623880	96002	1000	
623890	96002	3000	
623900	50005	100	
623901	31204	10	
623902	102	40	
623903	13019626	1	
623910	50005	50	
623911	31104	10	
623912	102	40	
623913	13019626	1	
623920	50005	50	
623921	40113	10	
623922	102	40	
623923	13019626	1	
623930	50005	50	
623931	40114	10	
623932	102	40	
623933	13019626	1	
623940	90015	3	
623941	102	40	
623942	13019626	1	
623950	50005	250	
623960	1046	2	
623961	30012	1	
623962	1	3000	
623970	1046	3	
623971	31104	1	
623972	1	6000	
623980	1046	3	
623981	31204	2	
623982	1	6000	
623990	102	100	
623991	32000	130	
623992	32001	25	
624000	102	100	
624001	32000	130	
624002	32001	25	
624010	102	100	
624011	32000	130	
624012	32001	25	
624020	102	100	
624021	32000	130	
624022	32001	25	
624030	50005	100	
624031	102	70	
624032	60002	5	
624040	50005	100	
624041	102	70	
624042	60002	5	
624050	50005	100	
624051	102	70	
624052	60002	5	
624060	50005	100	
624061	102	70	
624062	60002	5	
624070	50005	100	
624071	102	70	
624072	11000171	1	
624080	11000170	1	
624090	60002	15	
624100	70001	80	
624110	32000	300	
624120	70002	15	
624130	102	250	
624140	31204	10	
624150	31104	10	
624160	102	250	
624170	40301	10	
624180	50005	250	
624190	50005	2500	
624191	102	5000	
624200	50005	50	
624201	60002	12	
624202	1	70000	
624210	50005	50	
624211	60002	12	
624212	1	70000	
624220	50005	50	
624221	60002	12	
624222	1	70000	
624230	50005	50	
624231	60002	12	
624232	1	70000	
624240	50005	50	
624241	60002	12	
624242	1	70000	
624250	102	100	
624251	30013	8	
624252	1	70000	
624260	102	100	
624261	30013	8	
624262	1	70000	
624270	102	150	
624271	30013	8	
624272	1	70000	
624280	102	50	
624281	31104	12	
624282	1	70000	
624290	102	50	
624291	31204	12	
624292	1	70000	
624300	102	50	
624301	13019632	1	
624302	1	70000	
624510	31104	5	
624511	31204	10	
624512	102	50	
624520	50005	50	
624521	102	50	
624522	8983030	1	
624530	60002	15	
624531	102	50	
624532	8983031	1	
624540	50005	50	
624541	102	100	
624542	8983032	1	
624550	29	150	
624551	102	100	
624552	8983034	1	
624560	50005	50	
624561	102	100	
624562	60001	30	
624570	50005	50	
624571	40301	30	
624572	8983035	1	
624580	29	300	
624581	102	150	
624582	8983033	1	
624590	50005	50	
624591	102	150	
624592	8983036	1	
624600	40301	30	
624601	13019631	1	
624602	8983034	1	
624900	50005	100	
624901	31204	10	
624902	102	40	
624903	13019630	1	
624910	50005	50	
624911	31104	10	
624912	102	40	
624913	13019630	1	
624920	50005	50	
624921	40113	10	
624922	102	40	
624923	13019630	1	
624930	50005	50	
624931	40114	10	
624932	102	40	
624933	13019630	1	
624940	90015	3	
624941	102	40	
624942	13019630	1	
625010	50005	250	
625011	3005	1	
625020	50005	250	
625021	70001	960	
625022	70002	160	
625030	50005	500	
625031	200	100	
625040	50005	1000	
625041	200	150	
625042	34000	25	
625050	50005	1500	
625051	200	250	
625060	50005	2500	
625061	97019	1	
625080	50005	3250	
625081	102	6500	
625090	96196	250	
625100	96196	250	
625110	96196	250	
625120	96196	250	
625130	96196	250	
625140	96196	250	
625150	96196	250	
625160	96196	250	
625170	96196	250	
625180	96196	250	
625190	96196	250	
625200	96196	100	
625210	96196	100	
625220	96196	500	
625230	96196	500	
625240	96196	200	
625250	96196	200	
625260	96196	1000	
625270	96196	1000	
625280	96196	100	
625290	96196	100	
625300	96196	100	
625310	96196	400	
625320	96196	400	
625330	96196	400	
625340	96196	400	
625350	96196	400	
625360	96196	400	
625370	96196	400	
625380	96196	400	
625390	96196	400	
625400	96196	400	
625410	96196	400	
625420	96196	400	
625430	96196	400	
625440	96196	400	
625450	96196	400	
625460	96196	400	
625470	96196	150	
625480	96196	150	
625490	96196	150	
625500	96196	150	
625510	96196	150	
625520	96196	750	
625530	96196	1000	
625540	96196	400	
625550	96196	400	
625560	96196	1500	
625570	96196	1500	
625580	96196	150	
625590	96196	150	
625600	96196	150	
625610	96196	500	
625620	96196	500	
625630	96196	500	
625640	96196	500	
625650	96196	500	
625660	96196	500	
625670	96196	500	
625680	96196	500	
625690	96196	500	
625700	96196	500	
625710	96196	500	
625720	96196	500	
625730	96196	500	
625740	96196	500	
625750	96196	500	
625760	96196	500	
625770	96196	200	
625780	96196	200	
625790	96196	200	
625800	96196	200	
625810	96196	200	
625820	96196	200	
625830	96196	1000	
625840	96196	1500	
625850	96196	600	
625860	96196	600	
625870	96196	2000	
625880	96196	2000	
625890	96196	200	
625900	96196	200	
625910	96196	200	
625920	96196	2000	
625921	11000176	1	
625930	96196	4000	
625931	11000177	1	
625940	96196	6000	
625941	11000178	1	
625950	96196	1000	
625960	96196	1500	
625970	96196	2500	
625980	96196	3500	
630000	13019632	1	
630010	96194	250	
630020	96194	250	
630030	96194	250	
630040	96194	250	
630050	96194	250	
630060	96194	250	
630070	96194	250	
630080	96194	250	
630090	96194	250	
630100	96194	250	
630110	96194	250	
630120	96194	250	
630130	96194	250	
630140	96194	250	
630150	96194	250	
630160	96194	250	
630170	96194	250	
630180	96194	250	
630190	96194	250	
630200	96194	250	
630210	96194	250	
630220	96194	250	
630230	96194	100	
630240	96194	100	
630250	96194	100	
630260	96195	250	
630270	96195	250	
630280	96195	250	
630290	96195	250	
630300	96195	250	
630310	96195	150	
630320	96195	150	
630330	96195	150	
630340	96195	150	
630350	96195	150	
630360	96195	150	
630370	96195	150	
630380	96195	150	
630390	96195	150	
630400	96195	150	
630410	96195	150	
630420	96195	150	
630430	96195	50	
630440	96195	50	
630450	96195	50	
630460	50005	1000	
630461	102	1500	
630462	11000172	1	
630470	102	30	
630471	70002	5	
630472	70001	20	
630480	102	30	
630481	70002	5	
630482	70001	20	
630490	102	30	
630491	70002	5	
630492	70001	20	
630500	102	30	
630501	29	10	
630502	31204	8	
630510	3	30	
630511	29	10	
630512	31104	3	
630520	102	30	
630521	70002	5	
630522	70001	20	
630530	102	30	
630531	60001	5	
630532	31204	10	
630540	3	30	
630541	60002	3	
630542	31104	3	
630550	102	40	
630551	60001	5	
630552	31204	15	
630560	102	40	
630561	60002	3	
630562	31104	5	
630570	3	30	
630571	29	30	
630572	31204	10	
630580	102	40	
630581	29	30	
630582	31104	3	
630590	102	50	
630591	70002	10	
630592	70001	30	
630600	3	30	
630601	29	30	
630602	31104	5	
630610	102	50	
630611	70002	10	
630612	70001	30	
630620	102	50	
630621	70002	10	
630622	70001	30	
630630	102	50	
630631	70002	10	
630632	70001	30	
630640	3	30	
630641	70002	10	
630642	70001	30	
630650	395	1	
630660	396	1	
630670	397	1	
630680	3	150	
630681	102	500	
630682	70002	70	
630690	29	80	
630691	60002	4	
630692	31104	4	
630700	1047	10	
630701	30012	1	
630702	1	3000	
630710	1047	10	
630711	31104	1	
630712	1	6000	
630720	1047	10	
630721	31204	2	
630722	1	6000	
630730	50005	50	
630731	60002	10	
630732	1	50000	
630740	50005	50	
630741	60002	10	
630742	1	50000	
630750	50005	50	
630751	60002	10	
630752	1	50000	
630760	50005	50	
630761	60002	10	
630762	1	50000	
630770	50005	50	
630771	11000181	1	
630772	1	50000	
630780	102	100	
630781	31204	10	
630782	1	50000	
630790	102	100	
630791	31104	10	
630792	1	50000	
630800	102	50	
630801	31204	10	
630802	1	50000	
630810	102	50	
630811	31104	10	
630812	1	50000	
630820	31204	1	
630821	30013	10	
630822	1	50000	
630830	31104	1	
630831	31204	10	
630832	1	50000	
630840	50005	50	
630841	60002	10	
630842	1	50000	
630850	50005	50	
630851	60002	10	
630852	1	50000	
630860	50005	50	
630861	60002	10	
630862	1	50000	
630870	50005	50	
630871	60002	10	
630872	1	50000	
630880	50005	50	
630881	11000182	1	
630882	1	50000	
630890	102	100	
630891	31204	10	
630892	1	50000	
630900	102	100	
630901	31104	10	
630902	1	50000	
630910	102	100	
630911	31204	10	
630912	1	50000	
630920	102	100	
630921	31104	10	
630922	1	50000	
630930	102	50	
630931	31204	10	
630932	1	50000	
630940	102	50	
630941	31104	10	
630942	1	50000	
630950	102	50	
630951	31204	10	
630952	1	50000	
630960	102	50	
630961	31104	10	
630962	1	50000	
630970	102	50	
630971	30013	10	
630972	1	50000	
630980	102	50	
630981	13019637	1	
630982	1	50000	
630990	60002	5	
631000	31204	5	
631010	3	50	
631020	31104	10	
631030	31204	10	
631040	102	100	
631050	3	50	
631060	60001	30	
631070	60002	15	
631080	50005	500	
631081	102	1000	
631090	96196	6650	
631100	96196	13150	
631110	96196	17500	
631120	3	30	
631121	31204	6	
631122	1	6000	
631130	50005	100	
631131	31204	10	
631132	102	40	
631133	13019635	1	
631140	50005	50	
631141	31104	10	
631142	102	40	
631143	13019635	1	
631150	50005	50	
631151	40113	10	
631152	102	40	
631153	13019635	1	
631160	50005	50	
631161	40114	10	
631162	102	40	
631163	13019635	1	
631170	90015	3	
631171	102	40	
631172	13019635	1	
631200	3	60	
631210	3	90	
631220	70001	20	
631221	70002	4	
631222	30013	2	
631223	31204	4	
631224	31104	2	
631225	1	30000	
631230	70001	40	
631231	70002	6	
631232	40114	1	
631233	30013	3	
631234	31204	6	
631235	31104	4	
631236	1	60000	
631240	13019636	1	
631250	13019638	1	
631260	11000184	1	
631270	9092004	1	
631280	9092003	1	
631290	11000183	1	
631291	96188	500	
75230	90030	1	
75240	30013	1	
75250	40301	8	
75260	31104	3	
75270	40201	2	
75280	9091015	1	
75290	50000	250	
631300	1049	1	
631301	30012	1	
631302	1	3000	
631310	1049	1	
631311	31104	2	
631312	1	6000	
631320	1049	1	
631321	31204	2	
631322	1	6000	
631330	96198	400	
631340	96198	300	
631350	102	250	
631351	60002	10	
631352	31204	10	
631360	50005	50	
631361	31104	10	
631362	30013	10	
631370	102	250	
631371	60002	10	
631372	31204	10	
631380	50005	100	
631381	31104	10	
631382	30013	10	
631390	102	250	
631391	60002	10	
631392	11000186	1	
631400	50005	100	
631401	31104	10	
631402	30013	10	
631410	60002	5	
631411	31204	5	
631412	1	50000	
631420	31104	5	
631421	30013	5	
631422	1	50000	
631430	60002	5	
631431	31204	5	
631432	1	50000	
631440	31104	5	
631441	30013	5	
631442	1	50000	
631450	50005	500	
631451	102	750	
631452	11000187	1	
631460	102	50	
631461	31104	5	
631462	30013	2	
631470	50005	25	
631471	60001	10	
631472	1	10000	
631480	31204	10	
631481	60002	5	
631482	1	30000	
631490	102	100	
631491	31104	5	
631492	30013	2	
631500	50005	25	
631501	60001	10	
631502	1	10000	
631510	31204	10	
631511	60002	5	
631512	1	30000	
631520	102	100	
631521	31104	5	
631522	30013	2	
631530	50005	25	
631531	60001	10	
631532	1	10000	
631540	31204	10	
631541	60002	5	
631542	1	30000	
631550	102	100	
631551	31104	5	
631552	30013	2	
631560	50005	25	
631561	60001	10	
631562	1	10000	
631570	31204	10	
631571	60002	5	
631572	1	30000	
631580	102	100	
631581	31104	5	
631582	30013	2	
631590	50005	50	
631591	60001	10	
631592	1	10000	
631600	31204	10	
631601	60002	5	
631602	1	30000	
631610	102	100	
631611	31104	5	
631612	30013	2	
631620	50005	50	
631621	60001	10	
631622	1	10000	
631630	31204	10	
631631	60002	5	
631632	1	30000	
631640	102	100	
631641	60001	10	
631642	1	10000	
631650	50005	50	
631651	60002	5	
631652	1	30000	
631660	31204	10	
631661	60002	5	
631662	1	30000	
631670	102	100	
631671	40201	5	
631672	40301	5	
631680	31204	10	
631681	40201	5	
631682	40301	5	
631690	13019643	1	
631700	25000005	1	
634900	50005	100	
634901	31204	10	
634902	102	40	
634903	13019641	1	
634910	50005	50	
634911	31104	10	
634912	102	40	
634913	13019641	1	
634920	50005	50	
634921	40113	10	
634922	102	40	
634923	13019641	1	
634930	50005	50	
634931	40114	10	
634932	102	40	
634933	13019641	1	
634940	90015	3	
634941	102	40	
634942	13019641	1	
634950	1048	5	
634951	30012	1	
634960	1048	5	
634961	31204	1	
634970	1048	5	
634971	60001	3	
634980	8983059	1	
634990	8983060	1	
635000	8983061	1	
635010	8983063	2	
635020	49	17	
635021	70001	160	
635022	70002	20	
635030	8983062	1	
635040	8983067	1	
635050	8983068	1	
635060	8983069	2	
635070	49	17	
635071	70001	160	
635072	70002	20	
635080	8983066	1	
635090	8983063	1	
635100	8983064	1	
635110	8983062	3	
635120	49	17	
635121	70001	160	
635122	70002	40	
635130	8983062	1	
635140	8983070	1	
635150	8983071	1	
635160	8983065	3	
635170	49	17	
635171	3005	1	
636000	70001	12	
636001	70002	2	
636002	30013	1	
636003	31204	2	
636004	31104	1	
636005	1	18000	
636010	70001	24	
636011	70002	4	
636012	40114	1	
636013	30013	2	
636014	31204	4	
636015	31104	2	
636016	1	36000	
636020	3	30	
636030	3	60	
636040	13019642	1	
636200	60002	15	
636210	70001	80	
636220	32000	300	
636230	70002	15	
636240	102	250	
636250	31204	10	
636260	31104	10	
636270	102	250	
636280	40301	10	
636290	50005	250	
636300	50005	3500	
636301	102	7000	
636310	24000062	1	
636311	90031	1	
636312	1	20000	
636320	24000063	1	
636321	90031	1	
636322	1	20000	
636330	24000064	1	
636331	90031	1	
636332	1	20000	
75300	90030	1	
75310	30013	1	
75320	40301	8	
75330	31104	3	
75340	40201	2	
75350	31204	3	
75360	50000	250	
75370	50005	250	
75380	90030	1	
75390	11000199	1	
75400	90030	1	
75410	30013	1	
75420	40301	8	
75430	31104	3	
75440	40201	2	
75450	31204	3	
75460	50000	250	
75470	50005	250	
75480	90030	2	
75490	11000204	1	
75500	90030	1	
75510	30013	1	
75520	40301	8	
75530	31104	3	
75540	40201	2	
75550	6003805	1	
75560	50000	250	
75570	90030	1	
75580	30013	1	
75590	40301	8	
75600	31104	3	
75610	40201	2	
75620	31204	3	
75630	50000	250	
75640	50005	250	
75650	90030	2	
75660	11000216	1	
636340	50005	100	
636341	102	70	
636342	60002	3	
636350	50005	100	
636351	102	70	
636352	60002	3	
636360	50005	100	
636361	102	70	
636362	60002	3	
636370	50005	100	
636371	102	70	
636372	60002	3	
636380	50005	100	
636381	102	70	
636382	60002	3	
636390	102	100	
636391	32000	50	
636392	32001	20	
636400	102	100	
636401	32000	50	
636402	32001	20	
636410	102	100	
636411	32000	50	
636412	32001	20	
636420	102	100	
636421	32000	50	
636422	32001	20	
636430	32000	50	
636431	32001	20	
636432	11000194	1	
636440	32000	50	
636441	32001	20	
636442	60002	10	
636450	32000	50	
636451	32001	20	
636452	60002	10	
636500	63408	100	
636510	63408	100	
636520	63408	200	
636530	63408	200	
636531	8983082	1	
636540	63408	200	
636550	63408	200	
636551	8983083	1	
636560	63408	200	
636570	63408	200	
636580	63408	300	
636581	8983091	1	
636590	63408	300	
636600	63408	300	
636610	8983074	1	
636611	70001	120	
636612	102	100	
636620	8983075	1	
636621	70002	20	
636622	102	100	
636630	8983076	1	
636631	29	50	
636632	102	100	
636640	8983077	1	
636641	29	50	
636642	102	100	
636650	8983078	1	
636651	29	50	
636652	102	200	
636660	8983079	1	
636661	70001	120	
636662	102	100	
636670	8983087	1	
636671	70002	20	
636672	102	200	
636680	63409	5	
636690	63409	5	
636700	63407	500	
636710	63408	50	
636720	63408	100	
636730	63408	200	
636740	63408	300	
636750	63605	1	
636760	63606	1	
636770	63607	1	
636780	63608	1	
636790	63609	1	
636800	63610	1	
636810	63611	1	
636820	50005	1000	
636821	102	600	
636822	11000195	1	
636830	1	1	
636840	40917	1	
636850	1053	4	
636851	30012	1	
636852	1	3000	
636860	1053	6	
636861	31104	1	
636862	1	6000	
636870	1053	6	
636871	31204	2	
636872	1	6000	
636880	50005	100	
636881	31204	10	
636882	102	40	
636883	13019645	1	
636890	50005	50	
636891	31104	10	
636892	102	40	
636893	13019645	1	
636900	50005	50	
636901	40113	10	
636902	102	40	
636903	13019645	1	
636910	50005	50	
636911	40114	10	
636912	102	40	
636913	13019645	1	
636920	90015	3	
636921	102	40	
636922	13019645	1	
636930	63601	50	
636940	63601	50	
636950	63601	100	
636960	63601	80	
636970	63601	50	
636980	63601	50	
636990	63601	70	
637000	63601	200	
637010	63601	100	
637020	63601	75	
637030	63601	75	
637040	3	100	
637050	70002	80	
637060	102	500	
637070	50005	150	
637080	11000197	1	
637090	11000198	1	
637100	32	49	
637101	50005	3500	
637102	102	7500	
637110	40917	1	
637111	50005	1	
637120	70001	12	
637121	70002	2	
637122	30013	1	
637123	31204	2	
637124	31104	1	
637125	1	18000	
637130	70001	24	
637131	70002	4	
637132	40114	1	
637133	30013	2	
637134	31204	4	
637135	31104	2	
637136	1	36000	
637140	3	30	
637150	3	60	
637160	13019646	1	
637170	8983080	1	
637171	8983081	1	
637180	32	49	
637181	45	20	
637190	50005	50	
637191	32001	20	
637192	8983093	1	
637200	102	150	
637201	32000	100	
637202	60002	3	
637210	50005	50	
637211	32001	20	
637212	8983094	1	
637220	102	200	
637221	32000	100	
637222	60002	3	
637230	50005	50	
637231	32001	20	
637232	8983095	1	
637240	50005	50	
637241	32000	100	
637242	8983096	1	
637250	102	200	
637251	32001	20	
637252	60002	3	
637260	102	200	
637261	32000	100	
637262	60002	3	
637270	50005	50	
637271	32001	20	
637272	11000202	1	
637280	70001	30	
637281	70002	6	
637282	8983097	1	
637290	70001	30	
637291	70002	6	
637292	60002	3	
637300	70001	30	
637301	70002	6	
637302	60002	3	
637310	70001	30	
637311	70002	6	
637312	8983098	1	
637320	70001	30	
637321	70002	6	
637322	60002	3	
637330	70001	30	
637331	70002	6	
637332	60002	3	
637340	70001	30	
637341	70002	6	
637342	60002	3	
637350	70001	30	
637351	70002	6	
637352	60002	3	
637360	50005	250	
637361	102	750	
637362	11000202	1	
638000	96199	30	
638010	11000203	1	
638011	50005	500	
638012	102	750	
638200	97024	1	
638201	62902	100	
638210	62932	1	
638211	62902	100	
638220	97025	1	
638221	62902	100	
638230	62924	1	
638231	62902	100	
638240	62926	1	
638241	62902	100	
638250	62925	1	
638251	62902	100	
638260	62928	1	
638261	62902	100	
638270	62927	1	
638271	62902	100	
638280	97026	1	
638281	62902	100	
638290	97027	1	
638291	62902	100	
638300	62922	1	
638301	62902	100	
638310	62921	1	
638311	62902	100	
638320	97028	1	
638321	62902	100	
638330	62934	1	
638331	62902	100	
638340	62935	1	
638341	62902	100	
638350	62902	100	
638360	62902	700	
638370	62902	300	
638380	62902	200	
638390	62902	1000	
638400	62902	80	
638410	62902	120	
638420	62902	100	
638430	62902	150	
638440	62902	200	
638450	62902	1000	
638460	62902	4000	
638470	62902	1000	
638480	62902	2000	
638490	62902	3000	
638500	62902	4000	
638510	62902	5000	
638520	62902	200	
638530	62902	300	
638540	62902	400	
638550	62902	500	
638560	62902	25	
638561	97021	100	
638562	97022	120	
638563	97023	1	
638570	62902	25	
638571	97021	100	
638572	97022	120	
638580	62901	240	
638590	62902	300	
638600	8983099	1	
638601	8983100	1	
638660	50005	100	
638661	31204	10	
638662	102	40	
638663	13019648	1	
638670	50005	50	
638671	31104	10	
638672	102	40	
638673	13019648	1	
638680	50005	50	
638681	40113	10	
638682	102	40	
638683	13019648	1	
638690	50005	50	
638691	40114	10	
638692	102	40	
638693	13019648	1	
638700	90015	3	
638701	102	40	
638702	13019648	1	
638740	1054	2	
638741	30012	1	
638742	1	3000	
638750	1054	2	
638751	31104	2	
638752	1	6000	
638760	1054	3	
638761	31204	2	
638762	1	6000	
638770	3	30	
638780	3	60	
638790	70001	12	
638791	70002	2	
638792	30013	1	
638793	31204	2	
638794	31104	1	
638795	1	18000	
638800	70001	24	
638801	70002	4	
638802	40114	1	
638803	30013	2	
638804	31204	4	
638805	31104	2	
638806	1	36000	
638810	13019649	1	
638820	50005	250	
638821	3005	1	
638830	50005	250	
638831	70001	960	
638832	70002	160	
638840	50005	500	
638841	200	100	
638850	50005	1000	
638851	200	150	
638852	34000	25	
638860	50005	1500	
638861	200	250	
638870	50005	2500	
638871	97029	1	
638910	30013	5	
638920	3	50	
638930	31104	5	
638940	102	50	
638950	31204	15	
638960	102	50	
638970	40104	30	
638980	3	25	
638990	60002	10	
639000	3	25	
639010	50000	2500	
639020	102	3000	
639030	3005	1	
639040	70001	100	
639050	70002	20	
639060	40201	8	
639070	40200	15	
639080	60002	10	
639090	29	45	
639100	50005	500	
639110	32000	675	
639120	50005	500	
639130	32001	210	
639140	50005	500	
639150	31104	15	
639160	31104	15	
639170	50005	500	
639180	31204	30	
639190	1041004	1	
639200	31204	30	
639210	50005	500	
639220	3005	1	
639230	21000401	1	
639240	21000402	1	
639250	21000401	1	
639260	21000402	1	
639270	21000401	1	
639280	21000402	1	
639290	21000402	1	
639300	21000404	1	
639310	21000404	1	
639320	21000404	1	
639330	21000403	1	
639340	21000403	1	
639350	21000403	1	
639360	21000403	1	
639370	97030	20	
639380	97030	20	
639390	97030	10	
639400	97030	20	
639410	97030	30	
639420	97030	10	
639430	97030	10	
639440	97030	20	
639450	97030	20	
639460	97030	20	
639470	97030	5	
639480	97030	5	
639490	97030	5	
639500	31104	5	
639510	32000	150	
639520	70001	150	
639530	31204	8	
639540	50001	100	
639550	1	100000	
639560	32001	30	
639570	40200	15	
639580	30014	5	
639590	50005	250	
639600	31204	5	
639610	60002	5	
639620	70002	50	
639630	31104	8	
639640	50000	100	
639650	1	200000	
639660	32001	50	
639670	29	150	
639680	50003	250	
639690	50005	250	
639700	97031	20	
639710	50005	50	
639711	102	50	
639712	31204	20	
639720	50005	50	
639721	102	50	
639722	31204	20	
639730	50005	50	
639731	102	50	
639732	60001	40	
639740	50005	50	
639741	102	50	
639742	60002	10	
639750	50005	50	
639751	102	50	
639752	29	150	
639760	50005	50	
639761	102	50	
639762	11000208	1	
639770	50005	50	
639771	102	50	
639772	31104	10	
639780	50005	50	
639781	102	50	
639782	40301	10	
639790	50005	50	
639791	102	50	
639792	40201	10	
639800	50005	50	
639801	102	50	
639802	29	150	
639810	102	200	
639811	70001	60	
639812	70002	10	
639820	102	200	
639821	70001	60	
639822	70002	10	
639830	102	200	
639831	40301	10	
639832	40200	10	
639840	102	200	
639841	40301	10	
639842	40200	10	
639850	102	200	
639851	29	150	
639852	1	100000	
639900	96202	250	
639910	96202	250	
639920	96202	250	
639930	96202	250	
639940	96202	250	
639950	96202	250	
639960	96202	250	
639970	96202	250	
639980	96202	250	
639990	96202	250	
640000	96202	250	
640010	96202	150	
640020	96202	150	
640030	96202	600	
640040	96202	750	
640050	96202	1000	
640060	96202	1000	
640070	96202	100	
640080	96202	100	
640090	96202	100	
640100	96202	400	
640110	96202	400	
640120	96202	400	
640130	96202	400	
640140	96202	400	
640150	96202	400	
640160	96202	400	
640170	96202	400	
640180	96202	400	
640190	96202	400	
640200	96202	400	
640210	96202	400	
640220	96202	400	
640230	96202	400	
640240	96202	400	
640250	96202	400	
640260	96202	200	
640270	96202	200	
640280	96202	200	
640290	96202	200	
640300	96202	200	
640310	96202	800	
640320	96202	750	
640330	96202	750	
640340	96202	1500	
640350	96202	1500	
640360	96202	150	
640370	96202	150	
640380	96202	150	
640390	96202	600	
640400	96202	600	
640410	96202	600	
640420	96202	600	
640430	96202	600	
640440	96202	600	
640450	96202	600	
640460	96202	600	
640470	96202	600	
640480	96202	600	
640490	96202	600	
640500	96202	600	
640510	96202	600	
640520	96202	600	
640530	96202	600	
640540	96202	600	
640550	96202	250	
640560	96202	250	
640570	96202	250	
640580	96202	250	
640590	96202	250	
640600	96202	1000	
640610	96202	750	
640620	96202	750	
640630	96202	2000	
640640	96202	2000	
640650	96202	200	
640660	96202	200	
640670	96202	200	
640680	96202	2000	
640681	11000209	1	
640690	96202	4000	
640691	11000210	1	
640700	96202	6000	
640701	11000211	1	
640710	96202	1000	
640720	96202	1500	
640730	96202	2500	
640740	96202	3500	
640750	96202	6700	
640760	96202	13150	
640770	96202	17950	
640780	2	250	
640790	3	500	
640800	3	500	
640810	3	250	
640820	3	250	
640830	3	250	
640840	3	250	
640850	3	250	
640860	3	45	
640861	31204	6	
640862	1	6000	
640870	3	20	
640871	30013	1	
640872	1	8000	
640880	102	30	
640881	31204	6	
640882	1	8000	
640890	102	30	
640891	31104	2	
640892	1	10000	
640900	60002	5	
640901	60001	8	
640902	1	12000	
640910	60002	5	
640911	60001	8	
640912	1	15000	
640920	3	40	
640921	29	50	
640922	1	20000	
640930	102	30	
640931	30013	2	
640932	12	8	
640940	102	30	
640941	30013	2	
640942	12	8	
640950	3	20	
640951	40200	3	
640952	1	10000	
640960	102	30	
640961	40201	1	
640962	40301	3	
640970	3	20	
640971	40200	3	
640972	1	10000	
640980	102	30	
640981	40201	1	
640982	40301	3	
640990	3	20	
640991	40200	3	
640992	1	10000	
641000	102	30	
641001	40201	1	
641002	40301	3	
641010	17063201	1	
641020	17063301	1	
641030	17063401	1	
641040	17063501	1	
641050	17063601	1	
641060	3	30	
641061	31204	9	
641062	1	20000	
641070	3	30	
641071	31104	3	
641072	1	30000	
641080	3	40	
641081	60002	3	
641082	60001	7	
641090	3	30	
641091	31204	9	
641092	1	20000	
641100	3	30	
641101	31104	3	
641102	1	30000	
641110	3	40	
641111	60002	3	
641112	60001	7	
641120	3		
641121	31204		
641122	1		
641130	3		
641131	31104		
641132	1		
641140	3		
641141	60002		
641142	60001		
641150	3	30	
641151	40200	9	
641152	1	20000	
641160	3	40	
641161	40201	3	
641162	1	30000	
641170	102	60	
641171	40301	3	
641172	1	50000	
641180	3	50	
641181	40301	3	
641182	1	50000	
641190	3		
641191	40201		
641192	1		
641200	102		
641201	40301		
641202	1		
641210	3	30	
641211	30013	2	
641212	1	10000	
641220	3	40	
641221	30013	3	
641222	1	20000	
641230	102	60	
641231	30013	4	
641232	1	30000	
641240	3	750	
641241	102	750	
641250	31204	20	
641260	30013	10	
641270	32000	300	
641280	31104	10	
641290	102	250	
641300	60001	50	
641310	60002	15	
641320	102	250	
641330	12	30	
641340	50005	250	
641350	70001	80	
641360	70002	15	
641370	32000	300	
641380	40301	10	
641390	102	250	
641400	31204	20	
641410	30013	10	
641420	102	250	
641430	31104	10	
641440	50005	250	
641450	60001	50	
641460	60002	15	
641470	32000	300	
641480	12	30	
641490	102	250	
641500	70001	80	
641510	70002	15	
641520	102	250	
641530	40301	10	
641540	50005	250	
641550	31204	20	
641560	30013	10	
641570	32000	300	
641580	31104	10	
641590	102	250	
641600	60001	50	
641610	60002	15	
641620	102	250	
641630	12	30	
641640	50005	250	
641650	70001	80	
641660	70002	15	
641670	32000	300	
641680	40301	10	
641690	102	250	
641700	31204	20	
641710	30013	10	
641720	102	250	
641730	31104	10	
641740	50005	250	
641750	60001	50	
641760	60002	15	
641770	32000	300	
641780	12	30	
641790	102	250	
641800	70001	80	
641810	70002	15	
641820	102	250	
641830	40301	10	
641840	50005	250	
642000	97032	3	
642001	30013	1	
642002	1	700	
642010	97032	3	
642011	31104	1	
642012	1	7000	
642020	97032	4	
642021	31204	3	
642022	1	7000	
642030	50005	50	
642031	102	20	
642032	1	70000	
642040	50005	100	
642041	102	30	
642042	1	70000	
642050	50005	100	
642051	102	50	
642052	1	70000	
642060	96201	240	
642070	96201	240	
642080	96201	240	
642090	96201	240	
642100	96201	240	
642110	96201	200	
642120	96201	250	
642130	96201	250	
642140	96201	250	
642150	96201	250	
642160	96201	250	
642170	96201	250	
642180	96201	250	
642190	96201	250	
642200	96201	250	
642210	96201	250	
642220	96201	250	
642230	96201	250	
642240	96201	250	
642250	97031	20	
642260	97031	20	
642270	97031	20	
642280	97031	20	
642290	97031	20	
642300	97031	100	
642310	97031	100	
642320	97031	100	
642330	97031	100	
642340	1055	2	
642341	30012	1	
642342	1	3000	
642350	1055	3	
642351	31104	1	
642352	1	6000	
642360	1055	3	
642361	31204	2	
642362	1	6000	
642370	31104	5	
642380	30013	5	
642390	31204	15	
642400	102	50	
642410	3	50	
642420	40104	15	
642430	40103	20	
642440	40110	20	
642450	102	50	
642460	3	50	
642470	50005	100	
642471	31204	10	
642472	102	40	
642473	13019651	1	
642480	50005	50	
642481	31104	10	
642482	102	40	
642483	13019651	1	
642490	50005	50	
642491	40113	10	
642492	102	40	
642493	13019651	1	
642500	50005	50	
642501	40114	10	
642502	102	40	
642503	13019651	1	
642510	90015	3	
642511	102	40	
642512	13019651	1	
642520	13019652	1	
642530	50005	30	
642531	70001	80	
642532	70002	10	
642540	50005	30	
642541	102	125	
642542	1	60000	
642550	60002	5	
642551	1	30000	
642560	60002	5	
642561	1	50000	
642600	97034	500	
642610	97034	500	
642620	97034	500	
642630	97034	500	
642640	97034	500	
642650	97034	500	
642660	97034	500	
642670	97034	500	
642680	97034	500	
642690	97034	500	
642700	97034	500	
642710	97034	250	
642720	97034	250	
642730	97034	250	
642740	97034	250	
642750	97034	250	
642760	97034	250	
642770	97034	250	
642780	97034	250	
642790	97034	250	
642800	50005	500	
642801	102	750	
642802	11000215	1	
642810	97034	250	
643000	50005	500	
643001	102	500	
643002	11000213	1	
643010	50005	50	
643020	50005	50	
643030	50005	50	
643040	50005	50	
643050	50005	50	
643060	50005	50	
643070	50005	50	
643080	50005	50	
643090	50005	50	
643100	50005	50	
643110	60001	40	
643120	60001	60	
643011	102	50	
643021	102	50	
643031	102	50	
643041	102	50	
643051	102	50	
643061	102	50	
643071	102	50	
643081	102	50	
643091	102	50	
643101	102	50	
643111	60002	10	
643121	60002	15	
643012	30013	5	
643022	31104	5	
643032	11000213	1	
643042	30013	5	
643052	31104	5	
643062	31204	10	
643072	70001	120	
643082	70002	20	
643092	70001	120	
643102	70002	20	
643112	1	20000	
643122	1	20000	
643130	1056	5	
643131	30012	1	
643132	1	3000	
643140	1056	10	
643141	31104	1	
643142	1	6000	
643150	1056	10	
643151	31204	2	
643152	1	6000	
643160	50005	250	
643161	102	500	
643162	11000214	1	
643170	8983136	1	
643171	8983126	1	
643180	70001	12	
643181	70002	2	
643182	30013	1	
643183	31204	2	
643184	31104	1	
643185	1	18000	
643190	70001	24	
643191	70002	4	
643192	40114	1	
643193	30013	2	
643194	31204	4	
643195	31104	2	
643196	1	36000	
643200	3	30	
643210	3	60	
643220	13019655	1	
643230	50005	100	
643231	31204	10	
643232	102	40	
643233	13019654	1	
643240	50005	50	
643241	31104	10	
643242	102	40	
643243	13019654	1	
643250	50005	50	
643251	40113	10	
643252	102	40	
643253	13019654	1	
643260	50005	50	
643261	40114	10	
643262	102	40	
643263	13019654	1	
643270	90015	3	
643271	102	40	
643272	13019654	1	
643280	1058	2	
643290	1059	2	
643300	1060	2	
643310	1061	2	
643320	1062	2	
644000	3	50	
644680	97035	50	
645360	97035	100	
645500	63400	250	
645510	63400	250	
645520	63400	250	
645530	63400	250	
645531	63406	20	
645540	63400	250	
645550	63400	250	
645560	63400	250	
645570	63400	250	
645580	63400	250	
645590	63400	250	
645600	63400	250	
645610	63400	250	
645611	63406	20	
645612	63405	3	
645620	63400	250	
645630	63400	250	
645640	63400	250	
645650	63400	250	
645660	63400	250	
645661	63405	3	
645670	63400	250	
645680	63400	250	
645690	63400	250	
645700	63400	250	
645710	63400	250	
645711	63406	20	
645720	63400	250	
645730	63400	250	
645740	63400	250	
645750	63400	250	
645760	63400	250	
645761	63405	6	
645770	63400	250	
645780	63400	250	
645790	63400	250	
645800	63400	250	
645810	63400	250	
645820	63400	250	
645821	63406	10	
645830	63400	250	
645840	63400	250	
645850	63400	250	
645860	63400	250	
645870	63400	250	
645880	63400	250	
645881	63406	9	
645890	63400	250	
645900	63400	250	
645910	63400	250	
645920	63400	250	
645930	63400	250	
645940	63400	250	
645950	63400	100	
645960	63400	200	
645970	63400	200	
645980	63400	2000	
645990	63400	2000	
646000	63400	2000	
646010	63400	2000	
646020	63400	2000	
646030	63400	2000	
646040	63401	7500	
646050	63401	7500	
646060	63401	15000	
646070	63401	15000	
75670	90030	1	
75680	30013	1	
75690	40301	8	
75700	31104	3	
75710	40201	2	
75720	31204	3	
75730	50000	250	
646080	102	50	
646081	13019659	1	
646082	1	70000	
646090	8983140	1	
646091	8983141	1	
646100	70001	12	
646101	70002	2	
646102	30013	1	
646103	31204	2	
646104	31104	1	
646105	1	18000	
646110	70001	24	
646111	70002	4	
646112	40114	1	
646113	30013	2	
646114	31204	4	
646115	31104	2	
646116	1	36000	
646120	3	30	
646130	3	60	
646140	13019658	1	
646150	50005	100	
646151	31204	10	
646152	102	40	
646153	13019657	1	
646160	50005	50	
646161	31104	10	
646162	102	40	
646163	13019657	1	
646170	50005	50	
646171	40113	10	
646172	102	40	
646173	13019657	1	
646180	50005	50	
646181	40114	10	
646182	102	40	
646183	13019657	1	
646190	90015	3	
646191	102	40	
646192	13019657	1	
646200	70001	80	
646210	70002	15	
646220	32000	300	
646230	40301	10	
646240	102	250	
646250	31204	20	
646260	30013	10	
646270	102	250	
646280	31104	10	
646290	50005	250	
646300	1021005	1	
646310	2346001	1	
646320	1057	5	
646321	30013	2	
646322	1	15000	
646330	1057	5	
646331	31204	3	
646332	1	15000	
646340	1057	10	
646341	31104	1	
646342	1	15000	
646350	90015	5	
646351	30014	6	
646360	31104	25	
646361	31204	200	
646362	1	60000	
646370	60002	50	
646371	60001	80	
646372	1	100000	
646380	70001	480	
646381	70002	80	
646382	1	60000	
646390	90015	5	
646391	30014	6	
646400	31104	25	
646401	31204	200	
646402	1	60000	
646410	60002	50	
646411	60001	80	
646412	1	100000	
646420	70001	480	
646421	70002	80	
646422	1	60000	
646430	3	40	
646431	29	300	
646440	102	50	
646441	29	150	
646450	102	50	
646451	29	150	
646460	3	30	
646461	29	150	
646470	3	30	
646471	29	150	
646480	40904	1	
646490	50005	500	
646491	8983146	1	
646500	50005	100	
646501	60002	12	
646502	1	70000	
646510	50005	100	
646511	60002	12	
646512	1	70000	
646520	50005	100	
646521	60002	12	
646522	1	70000	
646530	50005	100	
646531	60002	12	
646532	1	70000	
646540	50005	100	
646541	60002	12	
646542	1	70000	
646550	102	100	
646551	30013	8	
646552	1	70000	
646560	102	100	
646561	30013	8	
646562	1	70000	
646570	102	100	
646571	30013	8	
646572	1	70000	
646580	102	150	
646581	31104	12	
646582	1	70000	
646590	102	150	
646591	31204	12	
646592	1	70000	
646600	102	150	
646601	13019659	1	
646602	1	70000	
646610	102	30	
646611	70002	5	
646612	70001	20	
646620	102	30	
646621	70002	5	
646622	70001	20	
646630	102	30	
646631	70002	5	
646632	70001	20	
646640	102	30	
646641	29	10	
646642	31204	8	
646650	3	30	
646651	29	10	
646652	31104	3	
646660	102	30	
646661	70002	5	
646662	70001	20	
646670	102	30	
646671	60001	5	
646672	31204	10	
646680	3	30	
646681	60002	3	
646682	31104	3	
646690	102	40	
646691	60001	5	
646692	31204	15	
646700	102	40	
646701	60002	3	
646702	31104	5	
646710	3	30	
646711	29	30	
646712	31204	10	
646720	102	40	
646721	29	30	
646722	31104	3	
646730	102	50	
646731	70002	10	
646732	70001	30	
646740	3	30	
646741	29	30	
646742	31104	5	
646750	102	50	
646751	70002	10	
646752	70001	30	
646760	102	50	
646761	70002	10	
646762	70001	30	
646770	102	50	
646771	70002	10	
646772	70001	30	
646780	3	30	
646781	70002	10	
646782	70001	30	
646790	97040	1	
646800	97041	1	
646810	97042	1	
646820	3	150	
646821	102	500	
646822	70002	70	
646830	29	80	
646831	60002	4	
646832	31104	4	
646840	29	20	
646841	60001	2	
646842	31204	2	
646850	29	20	
646851	60001	2	
646852	31204	2	
646860	29	20	
646861	60002	2	
646862	31104	2	
646870	29	20	
646871	60002	2	
646872	31104	2	
647000	3015067	1	
647001	3025067	1	
647002	3035067	1	
647003	3045067	1	
647004	3055067	1	
647005	3065067	1	
647006	3015068	1	
647007	3025068	1	
647008	3035068	1	
647009	3045068	1	
647010	3055068	1	
647011	3065068	1	
647012	9091018	1	
647013	9091019	1	
647014	90002	2	
647015	1	100000	
647020	31104	5	
647021	102	150	
647030	31204	25	
647031	50005	150	
647040	60001	40	
647041	102	200	
647050	40301	15	
647051	50005	150	
647060	40200	20	
647061	50005	150	
647070	40201	15	
647071	102	200	
647080	29	150	
647081	1	200000	
647090	70001	120	
647091	102	200	
647100	70002	20	
647101	50005	150	
647110	11000226	1	
647111	50005	150	
647120	29	300	
647121	1	300000	
647130	50005	260	
647131	3005	1	
647140	50005	500	
647141	200	50	
647150	50005	500	
647151	200	100	
647160	50005	1000	
647161	200	110	
647170	97037	1	
647171	200	240	
647210	3	50	
647211	90031	1	
647220	3	50	
647221	90031	1	
647230	3	50	
647231	90031	1	
647240	3	50	
647241	90031	1	
647250	3	50	
647251	25000008	1	
647310	50005	50	
647311	1	10000	
647320	50005	50	
647321	1	10000	
647330	50005	50	
647331	1	10000	
647340	50005	50	
647341	1	10000	
647350	50005	50	
647351	1	10000	
647360	50005	50	
647361	1	10000	
647370	50005	50	
647371	1	10000	
647380	90031	1	
647381	30013	5	
647390	90031	1	
647391	31104	5	
647400	90031	2	
647401	31204	10	
647410	90031	2	
647411	60001	30	
647420	90031	2	
647421	60002	20	
647430	90031	3	
647431	30013	10	
647440	90031	3	
647441	31104	10	
647450	90031	4	
647451	31204	30	
647460	90031	4	
647461	31104	20	
647470	90031	5	
647471	31204	40	
647480	90031	6	
647481	70001	240	
647490	90031	6	
647491	70002	40	
647500	90031	6	
647501	70001	240	
647510	90031	6	
647511	70002	40	
648010	13019663	1	
648020	50005	100	
648021	31204	10	
648022	102	40	
648023	13019661	1	
648030	50005	50	
648031	31104	10	
648032	102	40	
648033	13019661	1	
648040	50005	50	
648041	40113	10	
648042	102	40	
648043	13019661	1	
648050	50005	50	
648051	40114	10	
648052	102	40	
648053	13019661	1	
648060	90015	3	
648061	102	40	
648062	13019661	1	
648070	96193	150	
648080	96193	150	
648090	96193	100	
648100	96193	100	
648110	96193	150	
648120	96193	100	
648130	96193	100	
648140	96193	50	
648150	96193	150	
648160	96193	100	
648170	96193	100	
648180	96193	50	
648190	96193	150	
648200	96193	100	
648210	96193	100	
648220	96193	50	
648230	96193	150	
648240	96193	100	
648250	96193	100	
648260	96193	50	
648270	96193	100	
648400	1063	1	
648401	30012	1	
648402	1	3000	
648410	1063	1	
648411	31104	1	
648412	1	6000	
648420	1063	2	
648421	31204	2	
648422	1	6000	
648430	31104	5	
648440	31204	15	
648450	102	30	
648460	3	30	
648470	40100	30	
648480	40104	30	
648490	102	30	
648500	3	30	
648510	31204	15	
648520	60002	10	
648530	102	40	
648540	3	40	
648550	50005	2500	
648560	14000009	1	
648570	13019665	1	
648580	90030	1	
648590	30013	1	
648600	40301	8	
648610	9091020	1	
648620	40201	2	
648630	31204	3	
648640	6002606	1	
648650	21000501	1	
648660	21000502	1	
648670	21000505	1	
648680	21000506	1	
648690	21000511	1	
648700	21000509	1	
648710	21000512	1	
648720	21000504	1	
648730	21000508	1	
648740	21000514	1	
648750	21000503	1	
648760	21000507	1	
648770	21000510	1	
648780	21000513	1	
648790	3015069	1	
648791	3025069	1	
648800	3	50	
648810	3	50	
648820	50005	50	
648821	90002	3	
648822	1	20000	
648830	50005	100	
648831	90002	3	
648832	1	20000	
648840	50005	150	
648841	90002	2	
648842	1	20000	
648850	50005	200	
648851	90002	2	
648852	1	20000	
648860	50005	100	
648861	90002	2	
648862	1	20000	
648870	50003	150	
648871	90002	2	
648872	1	20000	
648880	102	150	
648881	90002	2	
648882	1	20000	
648890	102	200	
648891	90002	2	
648892	1	20000	
648900	50005	100	
648901	90002	2	
648902	1	20000	
648910	50003	150	
648911	90002	2	
648912	1	20000	
648920	102	350	
648921	90002	4	
648922	1	40000	
648930	50003	100	
648931	90002	1	
648932	1	20000	
648940	50003	150	
648941	90002	1	
648942	1	20000	
648950	102	150	
648951	90002	1	
648952	1	20000	
648960	102	200	
648961	90002	1	
648962	1	20000	
648970	3	250	
650000	1	10000	
650010	70001	80	
650020	70002	15	
650030	32000	300	
650040	40301	10	
650050	102	250	
650060	31204	20	
650070	30013	10	
650080	102	250	
650090	31104	10	
650100	50005	250	
650110	97038	50	
650120	97039	100	
650130	97039	200	
650140	97038	100	
650150	97039	100	
650151	97038	100	
650160	97039	200	
650161	97038	100	
650170	3	60	
650171	31204	6	
650172	1	6000	
650180	9012006	1	
650190	11000229	1	
650200	13019669	1	
650250	50005	100	
650251	31204	10	
650252	102	40	
650253	13019667	1	
650260	50005	50	
650261	31104	10	
650262	102	40	
650263	13019667	1	
650270	50005	50	
650271	40113	10	
650272	102	40	
650273	13019667	1	
650280	50005	50	
650281	40114	10	
650282	102	40	
650283	13019667	1	
650290	90015	3	
650291	102	40	
650292	13019667	1	
650300	1206	1	
650310	9012006	1	
650311	11000229	1	
650312	1206	1	
650320	50005	50	
650321	102	50	
650322	1	10000	
650330	50005	50	
650331	102	50	
650332	1	10000	
650340	102	50	
650341	31104	2	
650342	31204	3	
650350	70001	192	
650351	70002	32	
650352	1	10000	
650360	50005	50	
650361	102	50	
650362	1	10000	
650370	50005	50	
650371	102	50	
650372	1	10000	
650380	102	50	
650381	31104	2	
650382	31204	3	
650390	70001	192	
650391	70002	32	
650392	1	10000	
650400	50005	100	
650401	102	50	
650402	11000232	1	
650410	102	100	
650411	31104	2	
650412	31204	3	
650420	70001	192	
650421	70002	32	
650422	1	10000	
650430	50005	100	
650431	102	50	
650432	1	10000	
650440	50005	100	
650441	102	50	
650442	11000233	1	
650450	102	100	
650451	31104	2	
650452	31204	3	
650460	70001	192	
650461	70002	32	
650462	1	10000	
650470	102	100	
650471	31104	2	
650472	31204	3	
650480	70001	192	
650481	70002	32	
650482	1	10000	
650490	50134	3	
650500	50134	3	
650510	50134	3	
650520	50134	3	
650530	50134	3	
650540	50134	3	
650550	50134	3	
650560	50134	3	
650570	50134	3	
650580	50134	3	
650590	50134	5	
650600	50134	5	
650610	50134	5	
650620	50134	5	
650630	50134	5	
650640	50134	5	
650650	50134	5	
650660	50134	3	
650670	50134	3	
650680	50134	2	
650690	50134	3	
650700	50134	3	
650710	50134	2	
650720	50134	3	
650730	50134	3	
650740	50134	3	
650750	50000	200	
650760	16270000	1	
650761	578	1	
650770	50005	300	
650780	90031	2	
650790	97046	1	
650800	3005	1	
650810	50005	200	
650820	97047	2	
650830	50000	300	
650840	31104	5	
650841	31204	10	
650842	30014	5	
650850	70001	480	
650851	70002	80	
650860	1064	1	
650861	30012	1	
650862	1	3000	
650870	1064	1	
650871	31104	1	
650872	1	6000	
650880	1064	3	
650881	31204	2	
650882	1	6000	
650890	31104	5	
650891	31204	15	
650900	102	30	
650901	3	30	
650910	40100	15	
650911	40104	15	
650920	102	30	
650921	3	30	
650930	40100	15	
650931	40104	15	
650940	102	40	
650950	3	40	
651000	97045	10	
651010	97045	20	
651020	97045	20	
651030	97045	50	
651040	97045	250	
651050	97045	25	
651060	97045	20	
651070	31104	3	
651080	31204	10	
651090	60001	15	
651100	70001	24	
651110	50005	100	
651120	70002	4	
651130	40301	6	
651140	30013	5	
651150	29	30	
651160	102	150	
651170	31104	3	
651180	31204	10	
651190	60002	10	
651200	70001	24	
651210	50005	100	
651220	70002	4	
651230	40301	6	
651240	30013	5	
651250	29	30	
651260	102	200	
651270	31104	3	
651280	31204	10	
651290	60001	15	
651300	70001	24	
651310	50005	100	
651320	70002	4	
651330	40301	6	
651340	30013	5	
651350	29	30	
651360	50005	100	
651370	31104	3	
651380	31204	10	
651390	60002	10	
651400	70001	24	
651410	11000242	1	
651420	70002	4	
651430	40301	6	
651440	30013	5	
651450	29	30	
651460	102	200	
651470	31104	3	
651480	31204	10	
651490	60001	15	
651500	70001	24	
651510	50005	100	
651520	70002	4	
651530	40301	6	
651540	30013	5	
651550	29	30	
651560	102	200	
651570	8983166	1	
651571	8983172	1	
651580	90030	1	
651590	30013	1	
651600	40301	8	
651610	31104	3	
651620	40201	2	
651630	31204	3	
651640	50000	250	
651650	50005	250	
651660	90030	1	
651670	11000230	1	
651680	3	45	
651681	31204	6	
651682	1	6000	
651690	3	45	
651691	31204	6	
651692	1	6000	
651700	13019668	1	
651710	50005	250	
651711	3005	1	
651720	50005	250	
651721	70001	960	
651722	70002	160	
651730	50005	500	
651731	200	100	
651740	50005	1000	
651741	200	150	
651742	34000	25	
651750	50005	1500	
651751	200	250	
651760	50005	2500	
651761	97048	1	
651770	96204	300	
651780	96204	300	
651790	96204	300	
651800	96204	300	
651810	96204	300	
651820	96204	300	
651830	96204	300	
651840	96204	300	
651850	96204	300	
651860	96204	300	
651870	96204	300	
651880	96204	300	
651890	96204	300	
651900	96204	300	
651910	96204	300	
651920	96204	300	
651930	96204	300	
651940	96204	300	
651950	96204	300	
651960	96204	300	
651970	96204	300	
651980	96204	300	
651990	96204	300	
652000	96204	300	
652010	96204	300	
652020	96204	300	
652030	96204	300	
652040	96204	300	
652050	96204	300	
652060	96204	300	
652070	96204	300	
652080	96204	300	
652090	96204	300	
652100	96204	150	
652110	96204	150	
652120	96204	150	
652130	96204	150	
652140	96204	150	
652150	96204	150	
652160	96204	600	
652170	96204	600	
652180	96204	600	
652190	96204	1200	
652200	96204	1200	
652210	96204	120	
652220	96204	120	
652230	96204	120	
652240	96204	1200	
652250	96204	1200	
652260	96204	120	
652270	96204	120	
652280	96204	120	
652290	96204	1200	
652300	96204	1200	
652310	96204	120	
652320	96204	120	
652330	96204	120	
652340	96204	400	
652350	96204	400	
652360	96204	400	
652370	96204	400	
652380	96204	400	
652390	96204	400	
652400	96204	400	
652410	96204	400	
652420	96204	400	
652430	96204	400	
652440	96204	400	
652450	96204	400	
652460	96204	400	
652470	96204	400	
652480	96204	400	
652490	96204	400	
652500	96204	400	
652510	96204	400	
652520	96204	400	
652530	96204	400	
652540	96204	400	
652550	96204	400	
652560	96204	400	
652570	96204	400	
652580	96204	400	
652590	96204	400	
652600	96204	400	
652610	96204	400	
652620	96204	400	
652630	96204	400	
652640	96204	400	
652650	96204	400	
652660	96204	400	
652670	96204	400	
652680	96204	400	
652690	96204	400	
652700	96204	400	
652710	96204	400	
652720	96204	400	
652730	96204	400	
652740	96204	400	
652750	96204	400	
652760	96204	400	
652770	96204	400	
652780	96204	400	
652790	96204	400	
652800	96204	400	
652810	96204	400	
652820	96204	200	
652830	96204	200	
652840	96204	200	
652850	96204	200	
652860	96204	200	
652870	96204	200	
652880	96204	200	
652890	96204	200	
652900	96204	200	
652910	96204	200	
652920	96204	200	
652930	96204	200	
652940	96204	200	
652950	96204	200	
652960	96204	200	
652970	96204	800	
652980	96204	800	
652990	96204	800	
653000	96204	1800	
653010	96204	1800	
653020	96204	180	
653030	96204	180	
653040	96204	180	
653050	96204	1800	
653060	96204	1800	
653070	96204	180	
653080	96204	180	
653090	96204	180	
653100	96204	1800	
653110	96204	1800	
653120	96204	180	
653130	96204	180	
653140	96204	180	
653150	96204	650	
653160	96204	650	
653170	96204	650	
653180	96204	650	
653190	96204	650	
653200	96204	650	
653210	96204	650	
653220	96204	650	
653230	96204	650	
653240	96204	650	
653250	96204	650	
653260	96204	650	
653270	96204	650	
653280	96204	650	
653290	96204	650	
653300	96204	650	
653310	96204	650	
653320	96204	650	
653330	96204	650	
653340	96204	650	
653350	96204	650	
653360	96204	650	
653370	96204	650	
653380	96204	650	
653390	96204	650	
653400	96204	650	
653410	96204	650	
653420	96204	650	
653430	96204	650	
653440	96204	650	
653450	96204	650	
653460	96204	650	
653470	96204	300	
653480	96204	300	
653490	96204	300	
653500	96204	300	
653510	96204	300	
653520	96204	300	
653530	96204	300	
653540	96204	300	
653550	96204	300	
653560	96204	300	
653570	96204	1000	
653580	96204	1000	
653590	96204	2400	
653600	96204	2400	
653610	96204	240	
653620	96204	240	
653630	96204	240	
653640	96204	2400	
653650	96204	2400	
653660	96204	240	
653670	96204	240	
653680	96204	240	
653690	96204	2400	
653700	96204	2400	
653710	96204	240	
653720	96204	240	
653730	96204	240	
653740	96204	2000	
653741	11000236	1	
653750	96204	4000	
653751	11000237	1	
653760	96204	6000	
653761	11000238	1	
653770	96204	1000	
653780	96204	1500	
653790	96204	2500	
653800	96204	3500	
653810	50005	150	
653811	60002	12	
653812	1	50000	
653820	102	100	
653821	70002	25	
653822	70001	100	
653830	50005	150	
653831	60002	12	
653832	1	50000	
653840	102	100	
653841	70002	25	
653842	70001	100	
653850	50005	150	
653851	60002	12	
653852	1	50000	
653860	102	100	
653861	70002	25	
653862	70001	100	
653870	50005	150	
653871	60002	12	
653872	1	50000	
653880	102	100	
653881	70002	25	
653882	70001	100	
653890	50005	150	
653891	11000241	1	
653892	1	50000	
653900	102	100	
653901	70002	25	
653902	70001	100	
653910	13019673	1	
653911	60002	12	
653912	1	50000	
653920	13019673	1	
653921	60002	12	
653922	1	50000	
653930	13019673	1	
653931	60002	12	
653932	1	50000	
653940	13019673	1	
653941	60002	12	
653942	1	50000	
653950	3	20	
653951	30013	1	
653952	1	8000	
653960	102	30	
653961	31104	2	
653962	1	10000	
653970	60002	5	
653971	31204	6	
653972	1	15000	
653980	60002	5	
653981	60001	8	
653982	1	20000	
653990	3	40	
653991	29	50	
653992	1	20000	
654000	102	30	
654001	30013	2	
654002	12	10	
654010	102	30	
654011	30013	2	
654012	12	10	
654020	3	20	
654021	40200	3	
654022	1	15000	
654030	102	40	
654031	40201	1	
654032	40301	3	
654040	3	20	
654041	40200	3	
654042	1	15000	
654050	102	40	
654051	40201	1	
654052	40301	3	
654060	3	20	
654061	40200	3	
654062	1	15000	
654070	102	40	
654071	40201	1	
654072	40301	3	
654080	3	20	
654081	30013	1	
654082	1	8000	
654090	102	30	
654091	31104	2	
654092	1	10000	
654100	60002	5	
654101	31204	6	
654102	1	15000	
654110	60002	5	
654111	60001	8	
654112	1	20000	
654120	3	40	
654121	29	50	
654122	1	20000	
654130	102	30	
654131	30013	2	
654132	12	10	
654140	102	30	
654141	30013	2	
654142	12	10	
654150	3	20	
654151	40200	3	
654152	1	15000	
654160	102	40	
654161	40201	1	
654162	40301	3	
654170	3	20	
654171	40200	3	
654172	1	15000	
654180	102	40	
654181	40201	1	
654182	40301	3	
654190	3	20	
654191	40200	3	
654192	1	15000	
654200	102	40	
654201	40201	1	
654202	40301	3	
654210	3	20	
654211	30013	1	
654212	1	8000	
654220	102	30	
654221	31104	2	
654222	1	10000	
654230	60002	5	
654231	31204	6	
654232	1	15000	
654240	60002	5	
654241	60001	8	
654242	1	20000	
654250	3	40	
654251	29	50	
654252	1	20000	
654260	102	30	
654261	30013	2	
654262	12	10	
654270	102	30	
654271	30013	2	
654272	12	10	
654280	3	20	
654281	40200	3	
654282	1	15000	
654290	102	40	
654291	40201	1	
654292	40301	3	
654300	3	20	
654301	40200	3	
654302	1	15000	
654310	102	40	
654311	40201	1	
654312	40301	3	
654320	3	20	
654321	40200	3	
654322	1	15000	
654330	102	40	
654331	40201	1	
654332	40301	3	
654340	17063701	1	
654350	17063801	1	
654360	3	30	
654361	31204	9	
654362	1	20000	
654370	3	40	
654371	31104	3	
654372	1	30000	
654380	3	40	
654381	60002	4	
654382	60001	7	
654390	3	30	
654391	31204	9	
654392	1	20000	
654400	3	40	
654401	31104	3	
654402	1	30000	
654410	3	40	
654411	60002	4	
654412	60001	7	
654420	3	30	
654421	40200	9	
654422	1	20000	
654430	3	40	
654431	40201	3	
654432	1	30000	
654440	102	60	
654441	40301	3	
654442	1	50000	
654450	3	60	
654451	40301	3	
654452	1	50000	
654460	3		
654461	30013		
654462	1		
654470	3	40	
654471	30013	3	
654472	1	20000	
654480	102	60	
654481	30013	5	
654482	1	30000	
654490	50000	250	
654500	30013	1	
654510	40301	8	
654520	31104	3	
654530	40201	2	
654540	31204	3	
654550	6003806	1	
654560	9091021	1	
654570	3	888	
654580	11000239	1	
654590	97044	3	
654600	97044	4	
654610	50005	30	
654611	31104	10	
654612	102	50	
654620	50005	30	
654621	31204	30	
654622	102	50	
654630	50005	30	
654631	30013	10	
654632	102	50	
654640	50005	30	
654641	60002	15	
654642	102	50	
654650	50005	30	
654651	31104	10	
654652	102	50	
654660	50005	30	
654661	31204	30	
654662	102	50	
654670	50005	30	
654671	30013	10	
654672	102	50	
654680	50005	30	
654681	60002	15	
654682	102	50	
654690	50005	10	
654691	70001	100	
654692	102	50	
654700	70001	100	
654701	1	50000	
654702	102	50	
654710	2	250	
654720	3	500	
654730	3	500	
654740	3	250	
654750	3	250	
654760	3	250	
654770	3	250	
654780	3	250	
654790	25	30	
654800	7	40	
654801	13	15	
654802	97050	1	
654810	50005	150	
654811	102	100	
654812	11000241	1	
654820	70002	25	
654821	70001	100	
654822	1	50000	
654830	60002	12	
654831	1	50000	
654840	50005	150	
654841	102	100	
654842	1	50000	
654850	70002	25	
654851	70001	100	
654852	1	50000	
654860	60002	12	
654861	1	50000	
654870	50005	150	
654871	102	100	
654872	1	50000	
654880	70002	25	
654881	70001	100	
654882	1	50000	
654890	60002	12	
654891	1	50000	
654900	50005	750	
654901	102	500	
654902	11000241	1	
654910	50005	100	
654911	31204	10	
654912	102	40	
654913	13019671	1	
654920	50005	50	
654921	31104	10	
654922	102	40	
654923	13019671	1	
654930	50005	50	
654931	40113	10	
654932	102	40	
654933	13019671	1	
654940	50005	50	
654941	40114	10	
654942	102	40	
654943	13019671	1	
654950	90015	3	
654951	102	40	
654952	13019671	1	
654960	13019672	1	
654970	96204	6960	
654980	96204	12340	
654990	96204	18420	
655000	1065	4	
655001	30012	1	
655002	1	3000	
655010	1065	6	
655011	31104	1	
655012	1	6000	
655020	1065	6	
655021	31204	2	
655022	1	6000	
655030	50005	50	
655031	102	100	
655032	11000245	1	
655040	50005	50	
655041	102	100	
655042	70002	10	
655050	50005	50	
655051	102	100	
655052	11000246	1	
655060	50005	50	
655061	102	100	
655062	70002	10	
655070	50005	50	
655071	102	100	
655072	11000247	1	
655080	31204	10	
655081	31104	5	
655082	1	20000	
655090	60002	5	
655091	30014	1	
655092	1	20000	
655100	31204	10	
655101	31104	5	
655102	1	20000	
655110	60002	5	
655111	30014	1	
655112	1	20000	
655120	31204	10	
655121	31104	5	
655122	1	20000	
655130	60002	5	
655131	30014	1	
655132	1	20000	
655140	31204	10	
655141	31104	5	
655142	1	20000	
655150	60002	5	
655151	30014	1	
655152	1	20000	
655160	31204	10	
655161	31104	5	
655162	1	20000	
655170	60002	5	
655171	30014	1	
655172	1	20000	
655180	3	50	
655181	30013	1	
655182	62738	60	
655190	3	50	
655191	30013	1	
655192	70001	5	
655200	3	50	
655201	30013	1	
655202	62738	90	
655210	3	50	
655211	30013	1	
655212	70002	1	
655220	3	50	
655221	30013	1	
655222	62738	120	
655230	50005	888	
655231	90030	8	
655232	1	88888	
655240	50005	888	
655241	90030	8	
655242	1	88888	
655250	50005	888	
655251	90030	8	
655252	1	88888	
655260	11000240	1	
655270	11000245	1	
655271	11000246	1	
655272	11000247	1	
661000	50005	40	
661001	30013	5	
661002	8983199	1	
661010	50005	40	
661011	31204	12	
661012	8983200	1	
661020	102	80	
661021	31104	4	
661022	12	15	
661030	50005	40	
661031	31204	12	
661032	8983201	1	
661040	102	80	
661041	31104	4	
661042	12	15	
661050	50005	40	
661051	31204	12	
661052	8983202	1	
661060	102	80	
661061	31104	4	
661062	12	15	
661070	50005	40	
661071	31204	12	
661072	8983203	1	
661080	102	80	
661081	31104	4	
661082	12	15	
661090	50005	30	
661091	40200	10	
661092	8983204	1	
661100	50005	50	
661101	40201	5	
661102	1	50000	
661110	102	100	
661111	40301	10	
661112	1	70000	
661120	40201		
661121	40200		
661122	1		
661130	40201		
661131	40200		
661132	1		
661140	11000244	1	
661150	50005	20	
661151	30013	6	
661152	1	50000	
661160	102	60	
661161	31104	4	
661162	1	50000	
661170	50005	40	
661171	31204	12	
661172	1	50000	
661180	102	100	
661181	60002	5	
661182	1	50000	
661190	50005	40	
661191	60001	10	
661192	1	50000	
661200	102	100	
661201	60002	5	
661202	1	50000	
661210	50005	40	
661211	30013	8	
661212	1	50000	
661220	102	80	
661221	31104	5	
661222	1	50000	
661230	50005	40	
661231	30013	8	
661232	1	50000	
661240	102	80	
661241	31204	15	
661242	1	50000	
661250	50005	30	
661251	40200	10	
661252	40301	5	
661260	102	60	
661261	40201	5	
661262	40301	5	
661270	50005	40	
661271	30013	6	
661272	12	15	
661280	102	80	
661281	40200	10	
661282	40301	5	
661290	50005	60	
661291	40201	5	
661292	40301	5	
661300	102	120	
661301	30013	6	
661302	12	15	
661310	30013	6	
661311	12	15	
661312	1	70000	
661320	30013	6	
661321	12	15	
661322	1	100000	
661330	50005	40	
661331	40201	4	
661332	1	50000	
661340	102	100	
661341	40200	12	
661342	1	50000	
661350	29	75	
661351	40301	12	
661352	1	70000	
661360	50005	40	
661361	30013	5	
661362	12	10	
661370	102	100	
661371	31104	5	
661372	1	50000	
661380	60002	12	
661381	60001	12	
661382	1	70000	
661390	50005	40	
661391	40201	4	
661392	1	50000	
661400	102	100	
661401	40200	10	
661402	1	50000	
661410	29	75	
661411	40301	10	
661412	1	70000	
661420	50005	40	
661421	30013	5	
661422	12	10	
661430	102	100	
661431	31204	15	
661432	1	50000	
661440	60002	12	
661441	60001	12	
661442	1	70000	
661450	13019677	1	
661460	96203	60	
661470	96203	90	
661480	96203	120	
661490	96203	80	
661500	96203	100	
661510	96203	120	
661520	96203	140	
661530	96203	160	
661540	96203	120	
661550	96203	160	
661560	96203	200	
661570	96203	135	
661580	96203	170	
661590	96203	205	
661600	96203	240	
661610	96203	275	
661620	96203	205	
661630	96203	265	
661640	96203	325	
661650	96203	160	
661660	96203	200	
661670	96203	240	
661680	96203	280	
661690	96203	320	
661700	96203	240	
661710	96203	320	
661720	96203	400	
661730	96203	200	
661740	96203	240	
661750	96203	285	
661760	96203	330	
661770	96203	380	
661780	96203	300	
661790	96203	400	
661800	96203	500	
661990	50005	750	
661991	102	1500	
661992	11000244	1	
662000	50000	250	
662010	30013	1	
662020	40301	8	
662030	31104	3	
662040	40201	2	
662050	31204	3	
662060	6002908	1	
662070	25000009	1	
662080	24000095	1	
662081	90031	1	
662082	1	20000	
662090	24000096	1	
662091	90031	1	
662092	1	20000	
662100	24000097	1	
662101	90031	1	
662102	1	20000	
662110	8983206	1	
662111	8983208	1	
662200	50005	100	
662201	31204	10	
662202	102	40	
662203	13019675	1	
662210	50005	50	
662211	31104	10	
662212	102	40	
662213	13019675	1	
662220	50005	50	
662221	40113	10	
662222	102	40	
662223	13019675	1	
662230	50005	50	
662231	40114	10	
662232	102	40	
662233	13019675	1	
662240	90015	3	
662241	102	40	
662242	13019675	1	
662250	13019676	1	
662260	1066	1	
662261	30012	1	
662262	1	3000	
662270	1066	2	
662271	31104	2	
662272	1	6000	
662280	1066	2	
662281	31204	2	
662282	1	6000	
662290	30013	5	
662300	3	50	
662310	31104	10	
662320	102	50	
662330	31204	15	
662340	102	50	
662350	40104	30	
662360	3	50	
662400	97035	50	
662410	50005	500	
662411	102	750	
662412	11000250	1	
662420	31204	20	
662430	30013	10	
662440	32000	300	
662450	31104	10	
662460	102	250	
662470	60001	50	
662480	60002	15	
662490	102	250	
662500	12	30	
662510	50005	250	
662520	70001	80	
662530	70002	15	
662540	32000	300	
662550	40301	10	
662560	102	250	
662570	31204	20	
662580	30013	10	
662590	102	250	
662600	31104	10	
662610	50005	250	
662620	60001	50	
662630	60002	15	
662640	32000	300	
662650	12	30	
662660	102	250	
662670	70001	80	
662680	70002	15	
662690	102	250	
662700	40301	10	
662710	50005	250	
662720	13019680	1	
662721	50005	100	
662730	13019680	1	
662731	50005	100	
662740	13019680	1	
662741	50005	100	
662750	102	100	
662751	70001	80	
662752	70002	15	
662760	102	100	
662761	70001	80	
662762	70002	15	
662770	102	100	
662771	70001	80	
662772	70002	15	
662780	50005	50	
662781	102	50	
662782	30013	10	
662790	50005	50	
662791	102	50	
662792	31104	10	
662800	50005	50	
662801	102	50	
662802	31204	25	
662810	13019680	1	
662811	50005	50	
662812	102	50	
662820	60001	25	
662821	60002	5	
662822	1	10000	
662830	60001	25	
662831	60002	5	
662832	1	10000	
662840	60001	25	
662841	60002	5	
662842	1	10000	
662850	17063901	1	
662860	17064001	1	
662870	1068	1	
662871	30012	1	
662872	1	3000	
662880	1068	1	
662881	31104	1	
662882	1	6000	
662890	1068	3	
662891	31204	2	
662892	1	6000	
662900	31104	5	
662910	30013	5	
662920	31204	15	
662930	102	50	
662940	3	50	
662950	40104	15	
662960	40103	20	
662970	40110	20	
662980	102	50	
662990	3	50	
663000	102	50	
663010	102	50	
663020	3	50	
663030	30012	2	
663040	3	50	
663050	8983209	1	
663060	8983210	1	
663070	102	50	
663080	3	50	
663090	8983211	1	
663100	3	50	
663110	102	50	
663120	3	50	
663130	8983213	1	
663140	8983214	1	
663150	102	50	
663160	60002	5	
663170	70001	60	
663180	31204	10	
663190	30012	2	
663001	1	100000	
663011	31104	5	
663021	31204	10	
663031	1	100000	
663041	31104	5	
663051	31204	10	
663061	1	100000	
663071	30012	2	
663081	70001	60	
663091	8983212	1	
663101	11000251	1	
663111	30012	2	
663121	1	100000	
663131	70002	10	
663141	31204	10	
663151	30012	2	
663161	60001	8	
663171	70002	10	
663181	1	100000	
663191	31204	10	
663200	3	20	
663201	30013	1	
663202	1	8000	
663210	102	30	
663211	31104	2	
663212	1	10000	
663220	60002	5	
663221	31204	6	
663222	1	15000	
663230	60002	5	
663231	60001	8	
663232	1	20000	
663240	3	40	
663241	29	50	
663242	1	20000	
663250	102	30	
663251	30013	2	
663252	12	10	
663260	102	60	
663261	30013	4	
663262	12	20	
663270	3	20	
663271	40200	3	
663272	1	15000	
663280	102	40	
663281	40201	1	
663282	40301	3	
663290	3	20	
663291	40200	3	
663292	1	15000	
663300	102	40	
663301	40201	1	
663302	40301	3	
663310	3	20	
663311	40200	3	
663312	1	15000	
663320	102	40	
663321	40201	1	
663322	40301	3	
663330	3	20	
663331	30013	1	
663332	1	8000	
663340	102	30	
663341	31104	2	
663342	1	10000	
663350	60002	5	
663351	31204	6	
663352	1	15000	
663360	60002	5	
663361	60001	8	
663362	1	20000	
663370	3	40	
663371	29	50	
663372	1	20000	
663380	102	30	
663381	30013	2	
663382	12	10	
663390	102	60	
663391	30013	4	
663392	12	20	
663400	3	20	
663401	40200	3	
663402	1	15000	
663410	102	40	
663411	40201	1	
663412	40301	3	
663420	3	20	
663421	40200	3	
663422	1	15000	
663430	102	40	
663431	40201	1	
663432	40301	3	
663440	3	20	
663441	40200	3	
663442	1	15000	
663450	102	80	
663451	40201	2	
663452	40301	6	
663460	80110	1	
663461	3	20	
663462	30013	1	
663470	102	30	
663471	31104	2	
663472	1	10000	
663480	60002	5	
663481	31204	6	
663482	1	15000	
663490	60002	5	
663491	60001	8	
663492	1	20000	
663500	6003306	1	
663501	3	40	
663502	29	50	
663510	102	60	
663511	30013	4	
663512	12	20	
663520	102	60	
663521	30013	4	
663522	12	20	
663530	3	20	
663531	40200	3	
663532	1	15000	
663540	102	40	
663541	40201	1	
663542	40301	3	
663550	3	20	
663551	40200	3	
663552	1	15000	
663560	102	40	
663561	40201	1	
663562	40301	3	
663570	3	20	
663571	40200	3	
663572	1	15000	
663580	102	40	
663581	40201	1	
663582	40301	3	
663590	3	30	
663591	31204	9	
663592	1	20000	
663600	3	40	
663601	31104	3	
663602	1	30000	
663610	3	40	
663611	60002	4	
663612	60001	7	
663620	3	30	
663621	31204	9	
663622	1	20000	
663630	3	40	
663631	31104	3	
663632	1	30000	
663640	3	40	
663641	60002	4	
663642	60001	7	
663650	3	30	
663651	40200	9	
663652	1	20000	
663660	3	40	
663661	40201	3	
663662	1	30000	
663670	102	60	
663671	40301	3	
663672	1	50000	
663680	3	60	
663681	40301	3	
663682	1	50000	
663690	3	40	
663691	30013	3	
663692	1	20000	
663700	102	60	
663701	30013	5	
663702	1	30000	
663710	17064101	1	
663720	8983215	1	
663721	8983216	1	
663730	3	50	
663731	30013	1	
663732	62738	60	
663740	3	50	
663741	30013	1	
663742	70001	5	
663750	3	50	
663751	30013	1	
663752	62738	90	
663760	3	50	
663761	30013	1	
663762	70002	1	
663770	3	50	
663771	30013	1	
663772	62738	120	
663780	90030	1	
663790	30013	1	
663800	40301	8	
663810	31104	3	
663820	40201	2	
663830	31204	3	
663840	50000	250	
663850	90030	1	
663860	30013	1	
663870	40301	8	
663880	31104	3	
663890	40201	2	
663900	31204	3	
663910	50000	250	
663920	6003306	1	
663921	80110	1	
663930	50005	100	
663931	31204	10	
663932	102	40	
663933	13019679	1	
663940	50005	50	
663941	31104	10	
663942	102	40	
663943	13019679	1	
663950	50005	50	
663951	40113	10	
663952	102	40	
663953	13019679	1	
663960	50005	50	
663961	40114	10	
663962	102	40	
663963	13019679	1	
663970	90015	3	
663971	102	40	
663972	13019679	1	
663980	50005	500	
663981	102	500	
663982	13019680	1	
663990	97053	500	
664000	97053	250	
664010	97053	250	
664020	97053	1000	
664030	97053	500	
664040	97053	500	
664050	97053	1000	
664060	97053	500	
664070	97053	500	
664080	97053	1000	
664090	97053	500	
664100	97053	500	
664110	97053	1500	
664120	97053	750	
664130	97053	750	
664140	50005	250	
664150	90030	1	
664160	11000221	1	
664170	1	1	
664171	3	30	
664172	31204	1	
664173	30013	1	
664174	1	10000	
664190	1361003	1	
664200	50005	1000	
664201	102	1500	
664202	11000252	1	
664210	1	10	
664220	13019681	1	
664230	102	50	
664240	50014	20	
664250	31104	2	
664260	102	50	
664270	50014	30	
664280	8983230	1	
664290	102	50	
664300	50014	20	
664310	31104	2	
664320	102	50	
664330	50014	30	
664340	8983231	1	
664350	102	50	
664360	50014	20	
664370	31104	2	
664380	102	50	
664390	50014	30	
664400	8983232	1	
664410	102	50	
664420	50014	20	
664430	11000258	1	
664440	50014	30	
664450	8983233	1	
664460	102	50	
664470	50014	20	
664480	102	50	
664490	70002	5	
664500	50014	30	
664510	8983234	1	
664520	102	50	
664530	31104	3	
664540	8983235	1	
664550	70002	5	
664560	31104	3	
664570	40301	10	
664580	70002	5	
664231	30013	2	
664241	1	30000	
664251	31204	6	
664261	60001	9	
664271	1	30000	
664281	60002	6	
664291	30013	2	
664301	1	30000	
664311	31204	6	
664321	60001	9	
664331	1	30000	
664341	60002	6	
664351	30013	2	
664361	1	30000	
664371	31204	6	
664381	60001	9	
664391	1	30000	
664401	60002	6	
664411	30013	2	
664421	1	30000	
664431	40301	6	
664441	60001	9	
664451	1	30000	
664461	60002	6	
664471	30013	2	
664481	1	30000	
664491	70001	30	
664501	60001	9	
664511	1	30000	
664521	60002	6	
664531	31204	9	
664541	1	30000	
664551	70001	30	
664561	31204	9	
664571	1	30000	
664581	70001	30	
664590	50014	20	
664600	8983230	1	
664610	50014	20	
664620	8983231	1	
664630	50014	20	
664640	8983232	1	
664650	11000258	1	
664660	8983233	1	
664670	50014	20	
664680	8983234	1	
664690	8983235	1	
664700	40301	10	
664710	1351003	1	
664720	1361003	1	
664730	50014	100	
664731	31204	10	
664732	102	40	
664733	13019684	1	
664740	50014	50	
664741	31104	10	
664742	102	40	
664743	13019684	1	
664750	50014	50	
664751	40113	10	
664752	102	40	
664753	13019684	1	
664760	50014	50	
664761	40114	10	
664762	102	40	
664763	13019684	1	
664770	90015	3	
664771	102	40	
664772	13019684	1	
664780	50014	250	
664781	102	200	
664782	13019684	1	
664790	3	90	
664791	31204	6	
664792	1	6000	
664800	50014	50	
664801	31104	5	
664802	31204	10	
664810	102	250	
664811	60001	30	
664812	60002	10	
664820	50014	100	
664821	40301	10	
664822	1	50000	
664830	102	250	
664831	30013	5	
664832	31204	10	
664840	50014	100	
664841	11000259	1	
664842	29	75	
664850	102	250	
664851	70001	60	
664852	70002	10	
664860	70001	60	
664861	70002	10	
664862	29	75	
664870	70001	60	
664871	70002	10	
664872	29	75	
664880	30013	10	
664881	60001	30	
664882	29	75	
664890	31104	10	
664891	31204	20	
664892	40201	12	
664900	31204	20	
664901	60002	10	
664902	40301	20	
664910	50014	250	
664911	102	750	
664912	11000259	1	
664920	97052	1	
664921	3	210	
664930	8983226	1	
664931	8983228	1	
664940	1057	5	
664941	30012	1	
664942	1	6000	
664950	1057	5	
664951	31104	1	
664952	1	6000	
664960	1057	10	
664961	31204	3	
664962	1	6000	
664970	1070	2	
664980	1071	2	
664990	1072	2	
665000	1073	2	
665010	1074	2	
665020	3	40	
665021	60001	20	
665022	60002	4	
665030	102	50	
665031	60001	20	
665032	60002	4	
665040	102	50	
665041	60001	20	
665042	60002	4	
665050	3	30	
665051	60001	20	
665052	60002	4	
665060	3	30	
665061	60001	20	
665062	60002	4	
665070	3	50	
665071	30013	1	
665072	62738	60	
665080	3	50	
665081	30013	1	
665082	70001	5	
665090	3	50	
665091	30013	1	
665092	62738	90	
665100	3	50	
665101	30013	1	
665102	70002	1	
665110	3	50	
665111	30013	1	
665112	62738	120	
665120	50005	250	
665130	90030	2	
665140	11000257	1	
665150	13019685	1	
665160	50005	50	
665161	102	50	
665162	31204	20	
665170	50005	50	
665171	102	50	
665172	31204	20	
665180	50005	50	
665181	102	50	
665182	60001	40	
665190	50005	50	
665191	102	50	
665192	60002	10	
665200	50005	50	
665201	102	50	
665202	29	150	
665210	50005	50	
665211	102	50	
665212	11000274	1	
665220	50005	50	
665221	102	50	
665222	31104	10	
665230	50005	50	
665231	102	50	
665232	40301	10	
665240	50005	50	
665241	102	50	
665242	40201	10	
665250	50005	50	
665251	102	50	
665252	29	150	
665260	102	200	
665261	70001	60	
665262	70002	10	
665270	102	200	
665271	70001	60	
665272	70002	10	
665280	102	200	
665281	40301	10	
665282	40200	10	
665290	102	200	
665291	40301	10	
665292	40200	10	
665300	102	200	
665301	29	150	
665302	1	100000	
665310	50005	25	
665311	31204	15	
665320	102	125	
665321	70002	10	
665330	13019690	1	
665331	1	90000	
665340	50005	30	
665341	31104	5	
665350	102	125	
665351	29	75	
665360	50005	45	
665361	40301	10	
665370	13019690	1	
665371	1	90000	
665380	50005	30	
665381	31204	15	
665390	102	125	
665391	70002	10	
665400	50005	45	
665401	70001	60	
665410	13019690	1	
665411	1	90000	
665420	50005	30	
665421	31104	5	
665430	102	125	
665431	29	75	
665440	50005	45	
665441	40301	10	
665450	13019690	1	
665451	1	90000	
665460	97056	20	
665470	97056	40	
665480	97056	40	
665490	97056	200	
665500	97056	200	
665510	97056	200	
665520	31104	5	
665530	60001	20	
665540	70001	120	
665550	31104	20	
665560	50001	100	
665570	1	100000	
665580	29	50	
665590	70001	360	
665600	50003	100	
665610	50005	200	
665620	31204	10	
665630	60002	10	
665640	70002	40	
665650	31204	40	
665660	50000	150	
665670	1	200000	
665680	29	100	
665690	70002	60	
665700	50005	150	
665710	50005	250	
665720	3	50	
665730	96205	300	
665740	96205	300	
665750	96205	300	
665760	96205	300	
665770	96205	300	
665780	96205	300	
665790	96205	300	
665800	96205	300	
665810	96205	300	
665820	96205	300	
665830	96205	300	
665840	96205	300	
665850	96205	300	
665860	96205	300	
665870	96205	300	
665880	96205	300	
665890	96205	300	
665900	96205	300	
665910	96205	300	
665920	96205	300	
665930	96205	300	
665940	96205	300	
665950	96205	300	
665960	96205	300	
665970	96205	300	
665980	96205	300	
665990	96205	300	
666000	96205	300	
666010	96205	300	
666020	96205	300	
666030	96205	300	
666040	96205	300	
666050	96205	300	
666060	96205	150	
666070	96205	150	
666080	96205	150	
666090	96205	150	
666100	96205	150	
666110	96205	150	
666120	96205	600	
666130	96205	600	
666140	96205	600	
666150	96205	1200	
666160	96205	1200	
666170	96205	120	
666180	96205	120	
666190	96205	120	
666200	96205	1200	
666210	96205	1200	
666220	96205	120	
666230	96205	120	
666240	96205	120	
666250	96205	1200	
666260	96205	1200	
666270	96205	120	
666280	96205	120	
666290	96205	120	
666300	96205	400	
666310	96205	400	
666320	96205	400	
666330	96205	400	
666340	96205	400	
666350	96205	400	
666360	96205	400	
666370	96205	400	
666380	96205	400	
666390	96205	400	
666400	96205	400	
666410	96205	400	
666420	96205	400	
666430	96205	400	
666440	96205	400	
666450	96205	400	
666460	96205	400	
666470	96205	400	
666480	96205	400	
666490	96205	400	
666500	96205	400	
666510	96205	400	
666520	96205	400	
666530	96205	400	
666540	96205	400	
666550	96205	400	
666560	96205	400	
666570	96205	400	
666580	96205	400	
666590	96205	400	
666600	96205	400	
666610	96205	400	
666620	96205	400	
666630	96205	400	
666640	96205	400	
666650	96205	400	
666660	96205	400	
666670	96205	400	
666680	96205	400	
666690	96205	400	
666700	96205	400	
666710	96205	400	
666720	96205	400	
666730	96205	400	
666740	96205	400	
666750	96205	400	
666760	96205	400	
666770	96205	400	
666780	96205	200	
666790	96205	200	
666800	96205	200	
666810	96205	200	
666820	96205	200	
666830	96205	200	
666840	96205	200	
666850	96205	200	
666860	96205	200	
666870	96205	200	
666880	96205	200	
666890	96205	200	
666900	96205	200	
666910	96205	200	
666920	96205	200	
666930	96205	800	
666940	96205	800	
666950	96205	800	
666960	96205	1800	
666970	96205	1800	
666980	96205	180	
666990	96205	180	
667000	96205	180	
667010	96205	1800	
667020	96205	1800	
667030	96205	180	
667040	96205	180	
667050	96205	180	
667060	96205	1800	
667070	96205	1800	
667080	96205	180	
667090	96205	180	
667100	96205	180	
667110	96205	650	
667120	96205	650	
667130	96205	650	
667140	96205	650	
667150	96205	650	
667160	96205	650	
667170	96205	650	
667180	96205	650	
667190	96205	650	
667200	96205	650	
667210	96205	650	
667220	96205	650	
667230	96205	650	
667240	96205	650	
667250	96205	650	
667260	96205	650	
667270	96205	650	
667280	96205	650	
667290	96205	650	
667300	96205	650	
667310	96205	650	
667320	96205	650	
667330	96205	650	
667340	96205	650	
667350	96205	650	
667360	96205	650	
667370	96205	650	
667380	96205	650	
667390	96205	650	
667400	96205	650	
667410	96205	650	
667420	96205	650	
667430	96205	300	
667440	96205	300	
667450	96205	300	
667460	96205	300	
667470	96205	300	
667480	96205	300	
667490	96205	300	
667500	96205	300	
667510	96205	300	
667520	96205	300	
667530	96205	1000	
667540	96205	1000	
667550	96205	2400	
667560	96205	2400	
667570	96205	240	
667580	96205	240	
667590	96205	240	
667600	96205	2400	
667610	96205	2400	
667620	96205	240	
667630	96205	240	
667640	96205	240	
667650	96205	2000	
667651	11000271	1	
667660	96205	4000	
667661	11000272	1	
667670	96205	6000	
667671	11000273	1	
667680	96205	1000	
667690	96205	1500	
667700	96205	2500	
667710	96205	3500	
667720	97057	5	
667730	97057	5	
667740	97057	5	
667750	97057	25	
667760	97057	25	
667770	97057	25	
667780	97057	25	
667790	97057	25	
667800	97057	25	
667810	50000	2500	
667820	102	3000	
667830	3005	1	
667840	70001	100	
667850	70002	20	
667860	40201	8	
667870	40200	15	
667880	60002	10	
667890	29	45	
667900	50005	500	
667910	21000601	1	
667920	32000	675	
667930	21000602	1	
667940	50005	500	
667950	21000601	1	
667960	32001	210	
667970	21000602	1	
667980	50005	500	
667990	21000601	1	
668000	31104	15	
668010	21000602	1	
668020	31104	15	
668030	21000602	1	
668040	50005	500	
668050	21000604	1	
668060	31204	30	
668070	21000604	1	
668080	21000604	1	
668090	97058	1	
668100	21000603	1	
668110	31204	30	
668120	21000603	1	
668130	21000603	1	
668140	50005	500	
668150	21000603	1	
668160	3005	1	
668170	50005	25	
668171	102	25	
668180	50005	50	
668181	102	50	
668190	50005	50	
668191	102	50	
668200	2	250	
668210	3	500	
668220	3	500	
668230	3	250	
668240	3	250	
668250	3	250	
668260	3	250	
668270	3	250	
668280	50005	250	
668281	3005	1	
668290	50005	250	
668291	70001	960	
668292	70002	160	
668300	50005	500	
668301	200	100	
668310	50005	1000	
668311	200	150	
668312	34000	25	
668320	50005	1500	
668321	200	250	
668330	50005	2500	
668331	97059	1	
668340	90030	1	
668350	30013	1	
668360	40301	8	
668370	31104	3	
668380	40201	2	
668390	31204	3	
668400	6004905	1	
668410	3	90	
668411	31204	6	
668412	1	20000	
668420	102	30	
668421	70002	5	
668422	70001	20	
668430	102	30	
668431	70002	5	
668432	70001	20	
668440	102	30	
668441	70002	5	
668442	70001	20	
668450	102	30	
668451	29	20	
668452	31204	10	
668460	3	30	
668461	29	20	
668462	31104	3	
668470	102	30	
668471	70002	5	
668472	70001	20	
668480	102	30	
668481	60001	7	
668482	31204	10	
668490	3	30	
668491	60002	5	
668492	31104	5	
668500	102	40	
668501	60001	7	
668502	31204	12	
668510	102	40	
668511	60002	5	
668512	31104	5	
668520	3	30	
668521	29	50	
668522	31204	15	
668530	102	40	
668531	29	50	
668532	31104	5	
668540	102	50	
668541	70002	10	
668542	70001	30	
668550	3	30	
668551	29	50	
668552	31104	5	
668560	102	50	
668561	70002	10	
668562	70001	30	
668570	102	50	
668571	70002	10	
668572	70001	30	
668580	102	50	
668581	70002	10	
668582	70001	30	
668590	3	30	
668591	70002	10	
668592	70001	30	
668600	97060	1	
668610	97061	1	
668620	97062	1	
668630	3	150	
668631	102	500	
668632	70002	70	
668640	3015070	1	
668641	3025070	1	
668642	3035070	1	
668643	3045070	1	
668644	3055070	1	
668645	3065070	1	
668646	90030	2	
668647	1	100000	
668650	1075	1	
668651	30012	1	
668652	1	3000	
668660	1075	1	
668661	31104	2	
668662	1	6000	
668670	1075	1	
668671	31204	2	
668672	1	6000	
668680	3	50	
668681	30013	1	
668682	62738	60	
668690	3	50	
668691	30013	1	
668692	70001	5	
668700	3	50	
668701	30013	1	
668702	62738	90	
668710	3	50	
668711	30013	1	
668712	70002	1	
668720	3	50	
668721	30013	1	
668722	62738	120	
668730	50005	100	
668731	31204	10	
668732	102	40	
668733	13019686	1	
668740	50005	50	
668741	31104	10	
668742	102	40	
668743	13019686	1	
668750	50005	50	
668751	40113	10	
668752	102	40	
668753	13019686	1	
668760	50005	50	
668761	40114	10	
668762	102	40	
668763	13019686	1	
668770	90015	3	
668771	102	40	
668772	13019686	1	
668780	13019687	1	
668790	13019689	1	
668800	97054	300	
668810	97054	300	
668820	97054	300	
668830	97054	300	
668840	97054	300	
668850	97054	300	
668860	97054	300	
668870	97054	300	
668880	97054	300	
668890	97054	300	
668900	97054	300	
668910	97054	300	
668920	97054	300	
668930	97054	300	
668940	97054	300	
668950	97054	300	
668960	97054	300	
668970	97054	300	
668980	97054	300	
668990	97054	300	
669000	97054	300	
669010	97054	300	
669020	97054	300	
669030	97054	300	
669040	97054	300	
669050	97054	300	
669060	97054	300	
669070	97054	420	
669080	97054	420	
669090	97054	420	
669100	97054	420	
669110	97054	420	
669120	97054	420	
669130	97054	420	
669140	97055	320	
669150	97055	320	
669160	97055	320	
669170	97055	320	
669180	97055	320	
669190	97055	320	
669200	97055	320	
669210	97055	320	
669220	17064201	1	
669230	17064202	1	
669240	17064203	1	
669250	50005	50	
669260	102	100	
669270	50005	50	
669280	102	100	
669290	102	100	
669300	50005	50	
669310	102	100	
669320	50005	50	
669330	102	100	
669340	50005	50	
669350	70001	60	
669360	70001	60	
669370	70001	60	
669380	70001	60	
669390	70001	60	
669400	40301	8	
669410	40301	8	
669251	31204	9	
669261	60001	9	
669271	31204	9	
669281	60001	9	
669291	31104	6	
669301	1	50000	
669311	60001	9	
669321	60001	9	
669331	12	6	
669341	30013	5	
669351	70002	10	
669361	70002	10	
669371	70002	10	
669381	70002	10	
669391	70002	10	
669401	40201	3	
669411	40201	3	
669252	8983251	1	
669262	60002	6	
669272	8983252	1	
669282	60002	6	
669292	8983253	1	
669302	8983254	1	
669312	60002	6	
669322	60002	6	
669332	11000279	1	
669342	8983255	1	
669352	1	50000	
669362	8983256	1	
669372	12	6	
669382	30013	5	
669392	30013	5	
669402	40200	9	
669412	40200	9	
669500	11000275	1	
669501	90031	2	
669502	1	1000	
669510	1076	5	
669511	30012	1	
669512	1	3000	
669520	1076	10	
669521	31104	1	
669522	1	6000	
669530	1076	10	
669531	31204	2	
669532	1	6000	
669540	50005	1500	
669541	102	1000	
669542	11000268	1	
669550	97044	3	
669560	97044	4	
669570	50005	30	
669571	31104	10	
669572	102	50	
669580	50005	30	
669581	31204	30	
669582	102	50	
669590	50005	30	
669591	30013	10	
669592	102	50	
669600	50005	30	
669601	60002	15	
669602	102	50	
669610	50005	30	
669611	31104	10	
669612	102	50	
669620	50005	30	
669621	31204	30	
669622	102	50	
669630	50005	30	
669631	30013	10	
669632	102	50	
669640	50005	30	
669641	60002	15	
669642	102	50	
669650	50005	10	
669651	70001	100	
669652	102	50	
669660	70001	100	
669661	1	50000	
669662	102	50	
669670	50005	50	
669671	31204	20	
669672	1	50000	
669680	102	100	
669681	30013	10	
669682	1	50000	
669690	50005	50	
669691	60001	80	
669692	1	50000	
669700	102	100	
669701	60002	20	
669702	1	50000	
669710	50005	50	
669711	70001	120	
669712	70002	20	
669720	102	100	
669721	70001	120	
669722	70002	20	
669730	50005	50	
669731	70001	120	
669732	70002	20	
669740	102	100	
669741	70001	120	
669742	70002	20	
669750	50005	50	
669751	102	100	
669752	11000277	1	
669760	31204	10	
669761	30013	10	
669762	1	50000	
669770	50005	100	
669771	31204	10	
669772	102	40	
669773	13019693	1	
669780	50005	50	
669781	31104	10	
669782	102	40	
669783	13019693	1	
669790	50005	50	
669791	40113	10	
669792	102	40	
669793	13019693	1	
669800	50005	50	
669801	40114	10	
669802	102	40	
669803	13019693	1	
669810	90015	3	
669811	102	40	
669812	13019693	1	
669820	11000279	1	
669821	50005	250	
669822	102	500	
669823	60002	5	
669824	31204	5	
669825	3	50	
669826	31104	10	
669827	31204	10	
669828	102	100	
669829	3	50	
669830	60001	30	
669831	60002	15	
669920	97054	420	
669930	97054	420	
669940	97054	420	
669950	97054	420	
669960	97054	420	
669970	97054	420	
669980	96205	6960	
669990	96205	12340	
670000	96205	18420	
670010	3	50	
670011	30013	1	
670012	62738	60	
670020	3	50	
670021	30013	1	
670022	70001	5	
670030	3	50	
670031	30013	1	
670032	62738	90	
670040	3	50	
670041	30013	1	
670042	70002	1	
670050	3	50	
670051	30013	1	
670052	62738	120	
670060	8983258	1	
670061	8983259	1	
670070	63401	150	
670080	63401	150	
670090	63401	150	
670100	63401	150	
670110	63401	150	
670111	63406	20	
670120	63401	210	
670130	63401	210	
670140	63401	210	
670150	63401	210	
670160	63401	210	
670170	63401	210	
670180	63401	210	
670190	63401	210	
670200	63401	210	
670210	63401	210	
670211	63406	20	
670212	63405	3	
670220	63401	250	
670230	63401	250	
670240	63401	250	
670250	63401	250	
670260	63401	250	
670270	63401	250	
670280	63401	250	
670290	63401	250	
670300	63401	250	
670310	63401	250	
670311	63406	20	
670312	63405	3	
670320	63401	300	
670330	63401	300	
670340	63401	300	
670350	63401	300	
670360	63401	300	
670370	63401	300	
670380	63401	300	
670390	63401	300	
670400	63401	300	
670410	63401	300	
670411	63406	10	
670412	63405	6	
670420	63401	700	
670430	63401	700	
670440	63401	700	
670450	63401	700	
670460	63401	700	
670461	63406	9	
670470	63401	1200	
670480	90030	1	
670490	30013	1	
670500	40301	8	
670510	31104	3	
670520	40201	2	
670530	31204	3	
670540	50000	250	
670550	50005	50	
670551	31204	20	
670552	1	50000	
670560	102	100	
670561	30013	10	
670562	1	50000	
670570	50005	50	
670571	60001	80	
670572	1	50000	
670580	102	100	
670581	60002	20	
670582	1	50000	
670590	50005	50	
670591	70001	120	
670592	70002	20	
670600	102	100	
670601	70001	120	
670602	70002	20	
670610	50005	50	
670611	70001	120	
670612	70002	20	
670620	102	100	
670621	70001	120	
670622	70002	20	
670630	50005	50	
670631	102	100	
670632	11000285	1	
670640	31204	10	
670641	30013	10	
670642	1	50000	
670071	97065	240	
670081	97065	240	
670091	97065	240	
670101	97065	240	
670112	97065	240	
670121	97065	240	
670131	97065	240	
670141	97065	240	
670151	97065	240	
670161	97065	240	
670171	97065	240	
670181	97065	240	
670191	97065	240	
670201	97065	240	
670213	97065	240	
670221	97065	240	
670231	97065	240	
670241	97065	240	
670251	97065	240	
670261	97065	240	
670271	97065	240	
670281	97065	240	
670291	97065	240	
670301	97065	240	
670313	97065	240	
670321	97065	240	
670331	97065	240	
670341	97065	240	
670351	97065	240	
670361	97065	240	
670371	97065	240	
670381	97065	240	
670391	97065	240	
670401	97065	240	
670413	97065	240	
670421	97065	240	
670431	97065	240	
670441	97065	240	
670451	97065	240	
670462	97065	240	
670471	97065	240	
670650	97065	100	
670660	97065	200	
670670	97065	200	
670680	97065	1000	
670690	97065	1000	
670700	97065	2000	
670710	97065	2000	
670720	97065	1000	
670730	97065	1000	
670740	63401	7500	
670750	63401	7500	
670760	63401	15000	
670770	63401	15000	
670780	13019694	1	
670790	50005	100	
670791	60002	10	
670792	1	90000	
670800	102	100	
670801	60002	12	
670802	1	90000	
670810	50005	100	
670811	60002	16	
670812	1	90000	
670820	102	100	
670821	60002	18	
670822	1	90000	
670830	102	100	
670831	60002	20	
670832	1	90000	
670840	102	100	
670841	30013	12	
670842	1	90000	
670850	102	100	
670851	30013	12	
670852	1	90000	
670860	8983271	1	
670861	30013	12	
670862	1	90000	
670870	50005	50	
670871	8983273	1	
670872	1	90000	
670880	8983275	1	
670881	31204	36	
670882	1	90000	
670890	60002	20	
670891	31104	36	
670892	1	90000	
670900	102	125	
670901	70001	100	
670902	1	50000	
670910	50005	50	
670911	70002	20	
670912	1	50000	
670920	60002	10	
670921	8983270	1	
670922	1	50000	
670930	102	125	
670931	70001	100	
670932	1	50000	
670940	50005	50	
670941	70002	20	
670942	1	50000	
670950	60002	10	
670951	8983272	1	
670952	1	50000	
670960	102	125	
670961	70001	100	
670962	1	50000	
670970	50005	50	
670971	70002	20	
670972	1	50000	
670980	60002	10	
670981	8983274	1	
670982	1	50000	
670990	102	125	
670991	70001	100	
670992	1	50000	
671000	50005	50	
671001	70002	20	
671002	1	50000	
671010	60002	10	
671011	70002	20	
671012	1	50000	
671020	50005	50	
671021	11000284	1	
671022	1	50000	
671030	50005	100	
671031	31204	10	
671032	102	40	
671033	13019695	1	
671040	50005	50	
671041	31104	10	
671042	102	40	
671043	13019695	1	
671050	50005	50	
671051	40113	10	
671052	102	40	
671053	13019695	1	
671060	50005	50	
671061	40114	10	
671062	102	40	
671063	13019695	1	
671070	90015	3	
671071	102	40	
671072	13019695	1	
671080	8983269	1	
671081	8983267	1	
671090	90030	1	
671091	30013	1	
671092	40301	8	
671093	31104	3	
671094	40201	2	
671095	31204	3	
671096	50000	250	
672001	50005	250	
672002	90030	2	
672003	11000286	1	
671190	1077	1	
671191	30012	1	
671192	1	3000	
671200	1077	2	
671201	31104	2	
671202	1	6000	
671210	1077	2	
671211	31204	2	
671212	1	6000	
671220	30013	5	
671230	3	50	
671240	31104	10	
671250	102	50	
671260	31204	15	
671270	102	50	
671280	40104	30	
671290	3	50	
671300	50005	50	
671301	90002	3	
671302	1	20000	
671310	50005	100	
671311	90002	3	
671312	1	20000	
671320	50005	150	
671321	90002	2	
671322	1	20000	
671330	50005	200	
671331	90002	2	
671332	1	20000	
671340	50005	100	
671341	90002	2	
671342	1	20000	
671350	50003	150	
671351	90002	2	
671352	1	20000	
671360	102	150	
671361	90002	2	
671362	1	20000	
671370	102	200	
671371	90002	2	
671372	1	20000	
671380	50005	100	
671381	90002	2	
671382	1	20000	
671390	50003	150	
671391	90002	2	
671392	1	20000	
671400	102	350	
671401	90002	4	
671402	1	40000	
671410	50003	100	
671411	90002	1	
671412	1	20000	
671420	50003	150	
671421	90002	1	
671422	1	20000	
671430	102	150	
671431	90002	1	
671432	1	20000	
671440	102	200	
671441	90002	1	
671442	1	20000	
671450	3	90	
671451	31204	6	
671452	1	6000	
671460	9010293	1	
671470	50000	5000	
671480	50000	5000	
671490	50000	5000	
671500	1171004	1	
671501	90002	1	
671510	50005	500	
671520	50005	250	
671530	50005	500	
671540	95006	1	
671541	50005	1000	
671550	50005	260	
671551	3005	1	
671560	50005	500	
671561	200	50	
671570	50005	500	
671571	200	100	
671580	50005	1000	
671581	200	100	
671582	3002	1	
671590	97073	1	
671591	200	250	
671600	13019697	1	
671610	50005	100	
671611	31204	10	
671612	102	40	
671613	13019699	1	
671620	50005	50	
671621	31104	10	
671622	102	40	
671623	13019699	1	
671630	50005	50	
671631	40113	10	
671632	102	40	
671633	13019699	1	
671640	50005	50	
671641	40114	10	
671642	102	40	
671643	13019699	1	
671650	90015	3	
671651	102	40	
671652	13019699	1	
671660	50005	250	
671661	102	200	
671662	13019699	1	
671670	1078	1	
671671	30012	1	
671672	1	3000	
671680	1078	1	
671681	31104	1	
671682	1	6000	
671690	1078	2	
671691	31204	2	
671692	1	6000	
671700	3	50	
671701	102	50	
671702	90031	1	
671703	1	20000	
671704	3	50	
671705	102	50	
671706	90031	1	
671707	31104	5	
671708	3	50	
671709	102	50	
671710	90031	1	
671711	40113	10	
671712	3	50	
671713	102	50	
671714	90031	1	
671715	31204	5	
671716	3	50	
671717	102	40	
671718	90031	1	
671719	40114	10	
671720	97067	800	
671721	97067	800	
671722	97067	800	
671723	97067	800	
671724	97067	800	
671725	97067	800	
671726	97067	800	
671727	97067	900	
671728	97067	900	
671729	97067	900	
671730	97067	900	
671731	97067	800	
671732	97067	800	
671733	97067	800	
671734	97067	800	
671735	97067	800	
671736	97067	800	
671737	97067	800	
671738	97067	900	
671739	97067	900	
671740	97067	900	
671741	97067	900	
671742	97067	2000	
671743	97067	2000	
671744	97067	2000	
671745	25000012	1	
672000	97055	320	
672010	97055	320	
672020	97055	320	
672030	97055	320	
672040	97055	320	
672050	97055	320	
672060	97055	320	
672070	97055	320	
672080	13019700	1	
672090	3015072	1	
672091	3025072	1	
672100	11000289	1	
672101	50005	250	
672102	102	500	
672110	17064301	1	
672120	17064302	1	
672130	17064303	1	
672140	31104	5	
672150	31204	15	
672160	102	30	
672170	3	30	
672180	40100	30	
672190	40104	30	
672200	102	30	
672210	3	30	
672220	31204	20	
672230	60002	15	
672240	102	40	
672250	3	40	
672260	90030	1	
672270	30013	1	
672280	9091026	1	
672290	31104	3	
672300	40201	2	
672310	31204	3	
672320	50000	250	
672330	50005	2500	
672340	13019702	1	
672350	14000013	1	
672360	21000701	1	
672370	21000702	1	
672380	21000703	1	
672390	21000704	1	
672400	21000705	1	
672410	21000706	1	
672420	21000707	1	
672430	21000708	1	
672440	21000709	1	
672450	21000710	1	
672460	21000711	1	
672470	21000712	1	
672480	21000713	1	
672490	21000714	1	
672500	50005	75	
672501	29	75	
672510	50005	50	
672511	60002	10	
672520	102	250	
672521	70001	60	
672530	13019707	1	
672531	40201	5	
672540	1	45000	
672541	70002	10	
672550	1	45000	
672551	31204	5	
672560	60001	5	
672561	31104	5	
672570	50005	75	
672571	29	75	
672580	50005	50	
672581	60002	10	
672590	102	250	
672591	70001	60	
672600	13019707	1	
672601	40201	5	
672610	1	45000	
672611	70002	10	
672620	1	45000	
672621	31204	5	
672630	60001	5	
672631	31104	5	
672640	50005	75	
672641	29	75	
672650	50005	50	
672651	60002	10	
672660	102	250	
672661	70001	60	
672670	13019707	1	
672671	40201	5	
672680	1	45000	
672681	70002	10	
672690	1	45000	
672691	31204	5	
672700	60001	5	
672701	31104	5	
672710	50005	75	
672711	29	75	
672720	50005	50	
672721	60002	10	
672730	102	250	
672731	70001	60	
672740	13019707	1	
672741	40201	5	
672750	1	45000	
672751	70002	10	
672760	1	45000	
672761	31204	5	
672770	60001	5	
672771	31104	5	
672780	97054	420	
672790	97054	420	
672800	97054	420	
672810	97054	420	
672820	97054	420	
672830	97054	420	
672840	97054	420	
672850	97054	420	
672860	97054	420	
672870	97054	420	
672880	50005	20	
672890	102	50	
672900	31104	2	
672910	50005	20	
672920	102	50	
672930	8983286	1	
672940	50005	20	
672950	102	50	
672960	31104	2	
672970	8983287	1	
672980	50005	30	
672990	102	50	
673000	11000295	1	
673010	50005	20	
673020	31104	2	
673030	8983288	1	
673040	50005	20	
673050	102	50	
673060	50005	20	
673070	102	50	
673080	70002	5	
673090	8983289	1	
673100	50005	30	
673110	102	50	
673120	50005	20	
673130	102	50	
673140	70002	5	
673150	8983290	1	
673160	102	50	
673170	31104	3	
673180	50005	20	
673190	102	50	
673200	70002	5	
673210	8983291	1	
673220	50005	30	
673230	40301	10	
672881	30013	2	
672891	1	30000	
672901	31204	6	
672911	60001	9	
672921	1	30000	
672931	60002	6	
672941	30013	2	
672951	1	30000	
672961	31204	6	
672971	60001	9	
672981	1	30000	
672991	60002	6	
673001	30013	2	
673011	1	30000	
673021	31204	6	
673031	60001	9	
673041	1	30000	
673051	60002	6	
673061	30013	2	
673071	1	30000	
673081	40301	6	
673091	60001	9	
673101	1	30000	
673111	60002	6	
673121	30013	2	
673131	1	30000	
673141	70001	30	
673151	60001	9	
673161	1	30000	
673171	60002	6	
673181	31204	9	
673191	1	30000	
673201	70001	30	
673211	31204	9	
673221	1	30000	
673231	70001	30	
673301	6003907	1	
673302	80123	1	
673250	50005	20	
673260	8983286	1	
673270	50005	20	
673280	8983287	1	
673290	11000295	1	
673300	8983288	1	
673310	50005	20	
673320	8983289	1	
673330	50005	20	
673340	8983290	1	
673350	50005	20	
673360	8983291	1	
673370	50005	50	
673380	11000296	1	
673390	90030	1	
673400	30013	1	
673410	40301	8	
673420	31104	3	
673430	40201	2	
673440	31204	3	
673450	50000	250	
673460	50005	250	
673470	90030	1	
673480	11000293	1	
673490	50005	100	
673491	31204	10	
673492	102	40	
673493	13019704	1	
673500	50005	50	
673501	31104	10	
673502	102	40	
673503	13019704	1	
673510	50005	50	
673511	40113	10	
673512	102	40	
673513	13019704	1	
673520	50005	50	
673521	40114	10	
673522	102	40	
673523	13019704	1	
673530	90015	3	
673531	102	40	
673532	13019704	1	
673540	50005	250	
673541	102	200	
673542	13019704	1	
673550	62936	200	
673551	62902	25	
673560	62936	200	
673561	97075	1	
673562	62902	25	
673570	8983280	1	
673571	8983282	1	
673580	17064401	1	
673590	1079	5	
673600	1079	5	
673610	1079	10	
673591	30012	1	
673601	31104	1	
673611	31204	1	
673592	1	3000	
673602	1	3000	
673612	1	3000	
673620	30012	5	
673630	30013	2	
673640	102	50	
673650	40104	10	
673660	3	50	
673670	40114	5	
673680	40103	10	
673690	102	50	
673700	40113	10	
673710	30013	2	
673720	40100	15	
673730	40110	10	
673740	3	50	
673750	31104	3	
673760	31204	10	
673770	60001	15	
673780	70001	24	
673790	50005	100	
673800	70002	4	
673810	40301	6	
673820	30013	5	
673830	29	30	
673840	102	150	
673850	31104	3	
673860	31204	10	
673870	60002	10	
673880	70001	24	
673890	50005	100	
673900	70002	4	
673910	40301	6	
673920	30013	5	
673930	29	30	
673940	102	200	
673950	31104	3	
673960	31204	10	
673970	60001	15	
673980	70001	24	
673990	11000303	1	
674000	70002	4	
674010	40301	6	
674020	30013	5	
674030	29	30	
674040	50005	100	
674050	31104	3	
674060	31204	10	
674070	60002	10	
674080	70001	24	
674090	50005	100	
674100	70002	4	
674110	40301	6	
674120	30013	5	
674130	29	30	
674140	102	200	
674150	31104	3	
674160	31204	10	
674170	60001	15	
674180	70001	24	
674190	50005	100	
674200	70002	4	
674210	40301	6	
674220	30013	5	
674230	29	30	
674240	102	200	
674250	62937	1	
674251	62902	100	
674260	62938	1	
674261	62902	100	
674270	62939	1	
674271	62902	100	
674280	62940	1	
674281	62902	100	
674290	62941	1	
674291	62902	100	
674300	62942	1	
674301	62902	100	
674310	62943	1	
674311	62902	100	
674320	62944	1	
674321	62902	100	
674330	62945	1	
674331	62902	100	
674340	62946	1	
674341	62902	100	
674350	62947	1	
674351	62902	100	
674360	62948	1	
674361	62902	100	
674370	62949	1	
674371	62902	100	
674380	62950	1	
674381	62902	100	
674390	62951	1	
674391	62902	100	
674400	62952	1	
674401	62902	100	
674410	62953	1	
674411	62902	100	
674420	50005	50	
674430	50005	50	
674440	50005	50	
674450	50005	50	
674460	50005	50	
674470	97045	50	
674480	97045	75	
674490	97045	150	
674500	97074	300	
674510	97074	200	
674520	97074	300	
674530	97074	200	
674540	97074	200	
674550	97074	300	
674560	97074	500	
674570	97074	500	
674580	97074	150	
674590	97074	150	
674600	97074	200	
674610	3	50	
674611	70001	20	
674612	70002	5	
674613	30013	3	
674614	31204	3	
674615	31104	3	
674620	13019705	1	
674630	70001	10	
674640	70001	10	
674641	9091028	1	
674650	70001	10	
674651	9091029	1	
674660	97055	320	
674670	97055	320	
674680	97055	320	
674690	97055	320	
674700	97055	320	
674710	97055	320	
674720	97055	320	
674730	97055	320	
674740	97044	1	
674750	40693	10	
674760	50005	30	
674761	30013	15	
674762	102	50	
674770	50005	30	
674771	31104	15	
674772	102	50	
674780	50005	30	
674781	31204	30	
674782	102	50	
674790	50005	30	
674791	60002	15	
674792	102	50	
674800	50005	30	
674801	70001	100	
674802	102	50	
674810	50005	30	
674811	31204	30	
674812	102	50	
674820	50005	30	
674821	60002	15	
674822	102	100	
674830	50005	40	
674831	31104	20	
674832	102	100	
674840	97044	3	
674850	3016057	1	
674851	3016058	1	
674870	96206	300	
674880	96206	300	
674890	96206	300	
674900	96206	300	
674910	96206	300	
674920	96206	300	
674930	96206	300	
674940	96206	300	
674950	96206	300	
674960	96206	300	
674970	96206	300	
674980	96206	300	
674990	96206	300	
675000	96206	300	
675010	96206	300	
675020	96206	300	
675030	96206	300	
675040	96206	300	
675050	96206	300	
675060	96206	300	
675070	96206	300	
675080	96206	300	
675090	96206	300	
675100	96206	300	
675110	96206	300	
675120	96206	300	
675130	96206	300	
675140	96206	300	
675150	96206	300	
675160	96206	300	
675170	96206	300	
675180	96206	300	
675190	96206	300	
675200	96206	150	
675210	96206	150	
675220	96206	150	
675230	96206	150	
675240	96206	150	
675250	96206	150	
675260	96206	600	
675270	96206	600	
675280	96206	600	
675290	96206	1200	
675300	96206	1200	
675310	96206	120	
675320	96206	120	
675330	96206	120	
675340	96206	1200	
675350	96206	1200	
675360	96206	120	
675370	96206	120	
675380	96206	120	
675390	96206	1200	
675400	96206	1200	
675410	96206	120	
675420	96206	120	
675430	96206	120	
675440	96206	400	
675450	96206	400	
675460	96206	400	
675470	96206	400	
675480	96206	400	
675490	96206	400	
675500	96206	400	
675510	96206	400	
675520	96206	400	
675530	96206	400	
675540	96206	400	
675550	96206	400	
675560	96206	400	
675570	96206	400	
675580	96206	400	
675590	96206	400	
675600	96206	400	
675610	96206	400	
675620	96206	400	
675630	96206	400	
675640	96206	400	
675650	96206	400	
675660	96206	400	
675670	96206	400	
675680	96206	400	
675690	96206	400	
675700	96206	400	
675710	96206	400	
675720	96206	400	
675730	96206	400	
675740	96206	400	
675750	96206	400	
675760	96206	400	
675770	96206	400	
675780	96206	400	
675790	96206	400	
675800	96206	400	
675810	96206	400	
675820	96206	400	
675830	96206	400	
675840	96206	400	
675850	96206	400	
675860	96206	400	
675870	96206	400	
675880	96206	400	
675890	96206	400	
675900	96206	400	
675910	96206	400	
675920	96206	200	
675930	96206	200	
675940	96206	200	
675950	96206	200	
675960	96206	200	
675970	96206	200	
675980	96206	200	
675990	96206	200	
676000	96206	200	
676010	96206	200	
676020	96206	200	
676030	96206	200	
676040	96206	200	
676050	96206	200	
676060	96206	200	
676070	96206	800	
676080	96206	800	
676090	96206	800	
676100	96206	1800	
676110	96206	1800	
676120	96206	180	
676130	96206	180	
676140	96206	180	
676150	96206	1800	
676160	96206	1800	
676170	96206	180	
676180	96206	180	
676190	96206	180	
676200	96206	1800	
676210	96206	1800	
676220	96206	180	
676230	96206	180	
676240	96206	180	
676250	96206	650	
676260	96206	650	
676270	96206	650	
676280	96206	650	
676290	96206	650	
676300	96206	650	
676310	96206	650	
676320	96206	650	
676330	96206	650	
676340	96206	650	
676350	96206	650	
676360	96206	650	
676370	96206	650	
676380	96206	650	
676390	96206	650	
676400	96206	650	
676410	96206	650	
676420	96206	650	
676430	96206	650	
676440	96206	650	
676450	96206	650	
676460	96206	650	
676470	96206	650	
676480	96206	650	
676490	96206	650	
676500	96206	650	
676510	96206	650	
676520	96206	650	
676530	96206	650	
676540	96206	650	
676550	96206	650	
676560	96206	650	
676570	96206	300	
676580	96206	300	
676590	96206	300	
676600	96206	300	
676610	96206	300	
676620	96206	300	
676630	96206	300	
676640	96206	300	
676650	96206	300	
676660	96206	300	
676670	96206	1000	
676680	96206	1000	
676690	96206	2400	
676700	96206	2400	
676710	96206	240	
676720	96206	240	
676730	96206	240	
676740	96206	2400	
676750	96206	2400	
676760	96206	240	
676770	96206	240	
676780	96206	240	
676790	96206	1000	
676800	96206	1500	
676810	96206	2500	
676820	96206	2000	
676821	11000304	1	
676830	96206	4000	
676831	11000305	1	
676840	96206	6000	
676841	11000306	1	
676850	96206	1000	
676860	96206	1500	
676870	96206	2500	
676880	96206	3500	
676890	50005	100	
676891	31204	10	
676892	102	40	
676893	13019708	1	
676900	50005	50	
676901	31104	10	
676902	102	40	
676903	13019708	1	
676910	50005	50	
676911	40113	10	
676912	102	40	
676913	13019708	1	
676920	50005	50	
676921	40114	10	
676922	102	40	
676923	13019708	1	
676930	90015	3	
676931	102	40	
676932	13019708	1	
676940	50005	250	
676941	102	200	
676942	13019708	1	
676950	50005	888	
676960	50005	888	
676970	50005	888	
676951	90030	8	
676961	90030	8	
676971	90030	8	
676952	1	88888	
676962	1	88888	
676972	1	88888	
676980	90030	1	
676990	30013	1	
677000	50000	250	
677010	31104	3	
677020	40201	2	
677030	31204	3	
677040	6005405	1	
677050	9091030	1	
677060	3	888	
677070	11000307	1	
677120	3	90	
677121	31204	6	
677122	1	20000	
678000	97070	300	
678010	97070	300	
678020	97070	1000	
678030	97070	800	
678040	97070	800	
678050	97070	800	
678060	97070	1200	
678070	97070	2000	
678071	17064604	1	
678080	1080	2	
678081	30012	1	
678082	1	3000	
678090	1080	2	
678091	31104	2	
678092	1	6000	
678100	1080	3	
678101	31204	2	
678102	1	6000	
678110	30013	6	
678120	31104	6	
678130	102	100	
678140	31204	18	
678150	60002	12	
678160	3	100	
678170	3	10	
678180	3	30	
678181	70001	20	
678182	70002	6	
678190	3	30	
678191	70001	20	
678192	70002	6	
678200	3	30	
678201	70001	20	
678202	70002	6	
678210	3	60	
678211	70001	40	
678212	70002	12	
678220	13019709	1	
678230	96206	6960	
678240	96206	12340	
678250	96206	18420	
678260	17064601	1	
678270	17064602	1	
678280	17064603	1	
678290	2	250	
678300	3	500	
678310	3	500	
678320	3	250	
678330	3	250	
678340	3	250	
678350	3	250	
678360	3	250	
678370	50005	100	
678371	31204	10	
678372	102	40	
678373	13019711	1	
678380	50005	50	
678381	31104	10	
678382	102	40	
678383	13019711	1	
678390	50005	50	
678391	40113	10	
678392	102	40	
678393	13019711	1	
678400	50005	50	
678401	40114	10	
678402	102	40	
678403	13019711	1	
678410	90015	3	
678411	102	40	
678412	13019711	1	
678420	50005	100	
678421	31204	20	
678422	1	20000	
678430	102	100	
678431	30013	10	
678432	1	20000	
678440	50005	100	
678441	60001	30	
678442	1	20000	
678450	102	100	
678451	60002	10	
678452	1	20000	
678460	50005	100	
678461	70001	30	
678462	70002	5	
678470	102	100	
678471	70001	30	
678472	70002	5	
678480	50005	100	
678481	70001	30	
678482	70002	5	
678490	102	100	
678491	70001	30	
678492	70002	5	
678500	50005	100	
678501	102	100	
678502	11000315	1	
678510	31204	10	
678511	30013	10	
678512	1	20000	
678520	60001	50	
678530	60002	15	
678540	32000	300	
678550	12	30	
678560	102	250	
678570	70001	80	
678580	70002	15	
678590	45	20	
678600	40301	10	
678610	32	49	
678620	11000314	1	
678621	96201	250	
678630	50005	20	
678631	102	20	
678632	1	10000	
678640	50005	40	
678641	102	40	
678642	60002	5	
678650	50005	40	
678651	102	40	
678652	31104	3	
678660	50005	40	
678661	102	40	
678662	1	10000	
678670	50005	40	
678671	102	40	
678672	31204	15	
678680	50005	40	
678681	102	40	
678682	60002	5	
678690	50005	40	
678691	102	40	
678692	31104	3	
678700	50005	40	
678701	102	40	
678702	1	10000	
678710	50005	40	
678711	102	40	
678712	31204	15	
678720	50005	40	
678721	102	40	
678722	60002	5	
678730	50005	40	
678731	102	40	
678732	31104	3	
678740	50005	40	
678741	102	40	
678742	1	10000	
678750	50005	40	
678751	102	40	
678752	11000313	1	
678760	31204	10	
678761	31104	3	
678762	60002	5	
678770	31204	10	
678771	31104	3	
678772	60002	5	
678780	31204	10	
678781	31104	3	
678782	60002	5	
678790	70001	15	
678791	70002	5	
678792	1	20000	
678800	70001	15	
678801	70002	5	
678802	1	20000	
678810	70001	15	
678811	70002	5	
678812	1	20000	
678820	70001	15	
678821	70002	5	
678822	1	20000	
678830	70001	15	
678831	70002	5	
678832	1	20000	
678840	70001	15	
678841	70002	5	
678842	1	20000	
678850	70001	15	
678851	70002	5	
678852	1	20000	
678860	70001	15	
678861	70002	5	
678862	1	20000	
678870	70001	15	
678871	70002	5	
678872	1	20000	
678880	50005	2500	
678881	102	2000	
678890	70001	60	
678891	70002	5	
678892	1	20000	
678900	50005	1500	
678910	2636001	1	
678920	50005	1500	
678930	50005	1500	
678940	16370000	1	
678950	50005	1500	
678960	50005	1500	
678970	3002	1	
678980	50005	1500	
678990	50005	1500	
679000	16370000	1	
679010	50005	1500	
679020	50005	1500	
679030	3002	1	
679040	50005	1500	
679050	50005	1500	
679060	16370000	1	
679070	50005	1500	
679080	50005	1500	
679090	16370000	1	
679100	50005	1500	
679110	50005	1500	
679120	16370000	1	
679130	50005	1500	
679140	50005	1500	
679150	16370000	1	
679160	50005	1500	
679170	50005	1500	
679180	16370000	1	
679190	50005	1500	
679200	50005	1500	
679210	16370000	1	
679220	50005	1500	
679230	50005	1500	
679240	16370000	1	
679250	50005	1500	
679260	50005	1500	
679270	16370000	1	
679280	50005	1500	
679290	50005	1500	
679300	16370000	1	
679310	50005	1500	
679320	50005	1500	
679330	16370000	1	
679340	50005	1500	
679350	11000313	1	
679351	50005	500	
679352	102	500	
679360	13019714	1	
679361	90030	4	
679362	1	60000	
679370	50005	100	
679371	102	200	
679372	90030	4	
679380	8983305	1	
679381	8983307	1	
679390	90030	1	
679400	30014	9	
679410	102	100	
679420	31104	15	
679430	60002	12	
679440	31204	30	
679450	3	150	
679460	1032	1	
679461	30013	1	
679462	1	3000	
679470	1032	1	
679471	31104	1	
679472	1	4000	
679480	1032	2	
679481	31204	3	
679482	1	5000	
679490	3	30	
679491	30013	3	
679492	12	9	
679500	102	30	
679501	31104	4	
679502	1	7000	
679510	3	30	
679511	31204	12	
679512	1	7000	
679520	102	30	
679521	60002	4	
679522	60001	4	
679530	3	40	
679531	102	40	
679532	1	7000	
679540	90030	1	
679550	30013	1	
679560	40301	8	
679570	31104	3	
679580	40201	2	
679590	31204	3	
679600	50000	250	
679610	97055	320	
679620	97055	320	
679630	97055	320	
679640	97055	320	
679650	97055	320	
679660	97055	320	
679670	97055	320	
679680	97055	320	
679690	50005	75	
679691	29	10	
679700	50005	50	
679701	60002	3	
679710	102	125	
679711	70001	30	
679720	13019718	1	
679721	40201	3	
679730	1	20000	
679731	70002	5	
679740	1	20000	
679741	31204	9	
679750	60001	20	
679751	31104	3	
679760	50005	75	
679761	29	10	
679770	50005	50	
679771	60002	3	
679780	102	125	
679781	70001	30	
679790	13019718	1	
679791	40201	3	
679800	1	20000	
679801	70002	5	
679810	1	20000	
679811	31204	9	
679820	60001	20	
679821	31104	3	
679830	50005	75	
679831	29	10	
679840	50005	50	
679841	60002	3	
679850	102	125	
679851	70001	30	
679860	13019718	1	
679861	40201	3	
679870	1	20000	
679871	70002	5	
679880	1	20000	
679881	31204	9	
679890	60001	20	
679891	31104	3	
679900	50005	75	
679901	29	10	
679910	50005	50	
679911	60002	3	
679920	102	125	
679921	70001	30	
679930	13019718	1	
679931	40201	3	
679940	1	20000	
679941	70002	5	
679950	1	20000	
679951	31204	9	
679960	60001	20	
679961	31104	3	
679970	50005	70	
679980	50005	70	
679990	50005	70	
680000	50005	70	
680010	50005	70	
680020	50005	70	
680030	50005	80	
680040	97080	1	
680050	50005	50	
680051	31204	5	
680052	30013	3	
680060	102	100	
680061	60002	3	
680062	60001	6	
680070	50005	50	
680071	31204	5	
680072	30013	3	
680080	102	100	
680081	60002	3	
680082	60001	6	
680090	102	100	
680091	31104	6	
680092	1	10000	
680100	50005	50	
680101	60001	6	
680102	1	10000	
680110	102	100	
680111	60002	3	
680112	60001	6	
680120	50005	50	
680121	60002	3	
680122	60001	6	
680130	102	100	
680131	12	5	
680132	1	10000	
680140	50005	100	
680141	30013	3	
680142	1	10000	
680150	70002	10	
680151	70001	30	
680152	1	30000	
680160	70002	10	
680161	70001	30	
680162	1	30000	
680170	70002	10	
680171	70001	30	
680172	12	6	
680180	50005	50	
680181	70002	10	
680182	70001	30	
680190	50005	50	
680191	70002	10	
680192	70001	30	
680200	50005	50	
680201	40301	6	
680202	40201	3	
680210	50005	50	
680211	40301	6	
680212	40201	3	
680220	13019712	1	
680230	50005	50	
680231	90002	3	
680232	1	20000	
680240	50005	100	
680241	90002	3	
680242	1	20000	
680250	50005	150	
680251	90002	2	
680252	1	20000	
680260	50005	200	
680261	90002	2	
680262	1	20000	
680270	50005	100	
680271	90002	2	
680272	1	20000	
680280	50003	150	
680281	90002	2	
680282	1	20000	
680290	102	150	
680291	90002	2	
680292	1	20000	
680300	102	200	
680301	90002	2	
680302	1	20000	
680310	50005	100	
680311	90002	2	
680312	1	20000	
680320	50003	150	
680321	90002	2	
680322	1	20000	
680330	102	350	
680331	90002	4	
680332	1	40000	
680340	50003	100	
680341	90002	1	
680342	1	20000	
680350	50003	150	
680351	90002	1	
680352	1	20000	
680360	102	150	
680361	90002	1	
680362	1	20000	
680370	102	200	
680371	90002	1	
680372	1	20000	
680380	70001	5	
680381	70002	2	
680382	1	10000	
680390	70001	5	
680391	70002	2	
680392	1	10000	
680400	70001	5	
680401	70002	2	
680402	1	10000	
680410	70001	5	
680411	70002	2	
680412	1	10000	
680420	70001	5	
680421	70002	2	
680422	1	10000	
680430	70001	5	
680431	70002	2	
680432	1	10000	
680440	70001	5	
680441	70002	2	
680442	1	10000	
680510	50005	125	
680511	102	100	
680512	32000	135	
680520	50005	125	
680521	102	100	
680522	32000	135	
680530	50005	125	
680531	70001	60	
680532	32000	135	
680540	50005	125	
680541	11000322	1	
680542	32000	225	
680550	50005	125	
680551	102	200	
680552	32000	150	
680560	50005	125	
680561	102	200	
680562	32000	150	
680570	50005	125	
680571	70002	10	
680572	32000	150	
680580	50005	125	
680581	25000013	1	
680582	32000	225	
680590	50005	125	
680591	102	200	
680592	32000	180	
680600	50005	125	
680601	102	200	
680602	32000	180	
680610	50003	250	
680611	70001	60	
680612	32000	180	
680620	50003	250	
680621	70002	10	
680622	32000	180	
680630	50005	125	
680631	102	250	
680632	70001	60	
680640	50005	125	
680641	102	250	
680642	70002	10	
680650	1	777777	
680660	102	250	
680661	70001	60	
680670	102	250	
680671	70002	10	
680680	63620	80	
680690	63620	100	
680700	63620	15	
680710	63620	20	
680720	63620	25	
680730	590	50	
680740	17064701	1	
680750	17064702	1	
680760	17064703	1	
680770	50005	30	
680780	29	30	
680790	90030	1	
680800	50005	30	
680810	31204	5	
680820	60002	5	
680830	50005	40	
680840	90030	1	
680850	30013	1	
680860	40301	8	
680870	31104	3	
680880	40201	2	
680890	31204	3	
680900	50000	250	
680910	50005	250	
680920	90030	1	
680930	11000323	1	
680940	8983312	1	
680941	8983313	1	
680950	50005	100	
680951	31204	10	
680952	102	40	
680953	13019715	1	
680960	50005	50	
680961	31104	10	
680962	102	40	
680963	13019715	1	
680970	50005	50	
680971	40113	10	
680972	102	40	
680973	13019715	1	
680980	50005	50	
680981	40114	10	
680982	102	40	
680983	13019715	1	
680990	90015	3	
680991	102	40	
680992	13019715	1	
681000	96207	300	
681010	96207	300	
681020	96207	300	
681030	96207	300	
681040	96207	300	
681050	96207	300	
681060	96207	300	
681070	96207	300	
681080	96207	300	
681090	96207	300	
681100	96207	300	
681110	96207	300	
681120	96207	300	
681130	96207	300	
681140	96207	300	
681150	96207	300	
681160	96207	300	
681170	96207	300	
681180	96207	300	
681190	96207	300	
681200	96207	300	
681210	96207	300	
681220	96207	300	
681230	96207	300	
681240	96207	300	
681250	96207	300	
681260	96207	300	
681270	96207	300	
681280	96207	300	
681290	96207	300	
681300	96207	300	
681310	96207	300	
681320	96207	300	
681330	96207	150	
681340	96207	150	
681350	96207	150	
681360	96207	150	
681370	96207	150	
681380	96207	150	
681390	96207	600	
681400	96207	600	
681410	96207	600	
681420	96207	1200	
681430	96207	1200	
681440	96207	120	
681450	96207	120	
681460	96207	120	
681470	96207	1200	
681480	96207	1200	
681490	96207	120	
681500	96207	120	
681510	96207	120	
681520	96207	1200	
681530	96207	1200	
681540	96207	120	
681550	96207	120	
681560	96207	120	
681570	96207	400	
681580	96207	400	
681590	96207	400	
681600	96207	400	
681610	96207	400	
681620	96207	400	
681630	96207	400	
681640	96207	400	
681650	96207	400	
681660	96207	400	
681670	96207	400	
681680	96207	400	
681690	96207	400	
681700	96207	400	
681710	96207	400	
681720	96207	400	
681730	96207	400	
681740	96207	400	
681750	96207	400	
681760	96207	400	
681770	96207	400	
681780	96207	400	
681790	96207	400	
681800	96207	400	
681810	96207	400	
681820	96207	400	
681830	96207	400	
681840	96207	400	
681850	96207	400	
681860	96207	400	
681870	96207	400	
681880	96207	400	
681890	96207	400	
681900	96207	400	
681910	96207	400	
681920	96207	400	
681930	96207	400	
681940	96207	400	
681950	96207	400	
681960	96207	400	
681970	96207	400	
681980	96207	400	
681990	96207	400	
682000	96207	400	
682010	96207	400	
682020	96207	400	
682030	96207	400	
682040	96207	400	
682050	96207	200	
682060	96207	200	
682070	96207	200	
682080	96207	200	
682090	96207	200	
682100	96207	200	
682110	96207	200	
682120	96207	200	
682130	96207	200	
682140	96207	200	
682150	96207	200	
682160	96207	200	
682170	96207	200	
682180	96207	200	
682190	96207	200	
682200	96207	800	
682210	96207	800	
682220	96207	800	
682230	96207	1800	
682240	96207	1800	
682250	96207	180	
682260	96207	180	
682270	96207	180	
682280	96207	1800	
682290	96207	1800	
682300	96207	180	
682310	96207	180	
682320	96207	180	
682330	96207	1800	
682340	96207	1800	
682350	96207	180	
682360	96207	180	
682370	96207	180	
682380	96207	650	
682390	96207	650	
682400	96207	650	
682410	96207	650	
682420	96207	650	
682430	96207	650	
682440	96207	650	
682450	96207	650	
682460	96207	650	
682470	96207	650	
682480	96207	650	
682490	96207	650	
682500	96207	650	
682510	96207	650	
682520	96207	650	
682530	96207	650	
682540	96207	650	
682550	96207	650	
682560	96207	650	
682570	96207	650	
682580	96207	650	
682590	96207	650	
682600	96207	650	
682610	96207	650	
682620	96207	650	
682630	96207	650	
682640	96207	650	
682650	96207	650	
682660	96207	650	
682670	96207	650	
682680	96207	650	
682690	96207	650	
682700	96207	300	
682710	96207	300	
682720	96207	300	
682730	96207	300	
682740	96207	300	
682750	96207	300	
682760	96207	300	
682770	96207	300	
682780	96207	300	
682790	96207	300	
682800	96207	1000	
682810	96207	1000	
682820	96207	2400	
682830	96207	2400	
682840	96207	240	
682850	96207	240	
682860	96207	240	
682870	96207	2400	
682880	96207	2400	
682890	96207	240	
682900	96207	240	
682910	96207	240	
682920	96207	1000	
682930	96207	1500	
682940	96207	2500	
682950	96207	2000	
682951	11000328	1	
682960	96207	4000	
682961	11000329	1	
682970	96207	6000	
682971	11000330	1	
682980	96207	1000	
682990	96207	1500	
683000	96207	2500	
683010	96207	3500	
683020	13019716	1	
683030	1081	5	
683031	30012	1	
683032	1	3000	
683040	1081	10	
683041	31104	1	
683042	1	3000	
683050	1081	10	
683051	31204	1	
683052	1	3000	
683060	31104	5	
683070	30013	5	
683080	31204	5	
683090	102	20	
683100	3	20	
683110	40104	5	
683120	40103	5	
683130	40110	5	
683140	102	20	
683150	3	20	
683160	31104	5	
683170	30013	5	
683180	31204	5	
683190	102	20	
683200	3	20	
683210	40104	5	
683220	40103	5	
683230	40110	5	
683240	102	20	
683250	3	20	
683260	31104	5	
683270	30013	5	
683280	31204	5	
683290	102	20	
683300	3	20	
683310	50005	75	
683311	29	10	
683320	50005	50	
683321	60002	3	
683330	102	125	
683331	70001	30	
683340	13019722	1	
683341	40201	3	
683350	1	20000	
683351	70002	5	
683360	1	20000	
683361	31204	10	
683370	60001	20	
683371	31104	4	
683380	50005	75	
683381	29	10	
683390	50005	50	
683391	60002	3	
683400	102	125	
683401	70001	30	
683410	13019722	1	
683411	40201	3	
683420	1	20000	
683421	70002	5	
683430	1	20000	
683431	31204	10	
683440	60001	20	
683441	31104	4	
683450	50005	75	
683451	29	10	
683460	50005	50	
683461	60002	3	
683470	102	125	
683471	70001	30	
683480	13019722	1	
683481	40201	3	
683490	1	20000	
683491	70002	5	
683500	1	20000	
683501	31204	10	
683510	60001	20	
683511	31104	4	
683520	50005	75	
683521	29	10	
683530	50005	50	
683531	60002	3	
683540	102	125	
683541	70001	30	
683550	13019722	1	
683551	40201	3	
683560	1	20000	
683561	70002	5	
683570	1	20000	
683571	31204	10	
683580	60001	20	
683581	31104	4	
684000	50005	1500	
684001	50003	500	
684002	25000013	1	
684100	50005	500	
684101	102	500	
684200	50000	2500	
684300	102	3000	
684400	3005	1	
684500	70001	100	
684600	70002	20	
684700	40201	8	
684800	40200	15	
684900	60002	10	
685000	29	45	
685100	50005	500	
685200	21000801	1	
685300	32000	675	
685400	21000802	1	
685500	50005	500	
685600	21000801	1	
685700	32001	210	
685800	21000802	1	
685900	50005	500	
686000	21000801	1	
686100	31104	15	
686200	21000802	1	
686300	31104	15	
686400	21000802	1	
686500	50005	500	
686600	21000803	1	
686700	31204	30	
686800	21000803	1	
686900	21000803	1	
687000	97082	1	
687100	21000804	1	
687200	31204	30	
687300	21000804	1	
687400	21000804	1	
687500	50005	500	
687600	21000804	1	
687700	3005	1	
687800	97081	4	
687900	97081	3	
688000	97081	3	
688100	97081	30	
688200	97081	30	
688300	97081	30	
688400	97081	30	
688500	97081	30	
688600	106	1	
688700	106	1	
688800	97074	150	
688900	97074	150	
689000	97074	200	
689100	97074	150	
689200	97074	150	
689300	97074	200	
689400	90030	1	
689500	30013	1	
689600	50000	250	
689700	31104	3	
689800	40201	2	
689900	31204	3	
690000	97088	1	
690100	97086	20	
690200	97086	35	
690300	50005	250	
690400	90030	2	
690500	11000331	1	
690600	8983320	1	
690601	8983323	1	
690610	50005	250	
690611	3005	1	
690620	50005	250	
690621	70001	960	
690622	70002	160	
690630	50005	500	
690631	200	100	
690640	50005	1000	
690641	200	150	
690642	34000	25	
690650	50005	1500	
690651	200	250	
690660	50005	2500	
690661	97089	1	
690700	13019720	1	
690710	3	90	
690711	31204	6	
690712	1	20000	
690720	2	250	
690730	3	500	
690740	3	500	
690750	3	250	
690760	3	250	
690770	3	250	
690780	3	250	
690790	3	250	
690800	50005	100	
690810	50005	150	
690820	50005	120	
690830	50005	30	
690840	1057	5	
690841	30012	1	
690842	1	6000	
690850	1057	10	
690851	31104	1	
690852	1	6000	
690860	1057	10	
690861	31204	3	
690862	1	6000	
690870	1082	2	
690880	1083	2	
690890	1084	2	
690900	1085	2	
690910	1086	2	
690920	3	40	
690921	60001	20	
690922	60002	4	
690930	102	50	
690931	60001	20	
690932	60002	4	
690940	102	50	
690941	60001	20	
690942	60002	4	
690950	3	30	
690951	60001	20	
690952	60002	4	
690960	3	30	
690961	60001	20	
690962	60002	4	
690970	50005	100	
690971	31204	10	
690972	102	40	
690973	13019719	1	
690980	50005	50	
690981	31104	10	
690982	102	40	
690983	13019719	1	
690990	50005	50	
690991	40113	10	
690992	102	40	
690993	13019719	1	
691000	50005	50	
691001	40114	10	
691002	102	40	
691003	13019719	1	
691010	90015	3	
691011	102	40	
691012	13019719	1	
691020	96207	6960	
691030	96207	12340	
691040	96207	18420	
691050	97083	600	
691060	97083	800	
691070	97083	1000	
691080	97083	1200	
691090	97083	600	
691100	97083	600	
691110	97083	700	
691120	97083	700	
691130	97083	700	
691140	97083	700	
691150	97083	700	
691160	97083	700	
691170	97087	300	
691180	97087	350	
691190	97087	400	
691200	97087	300	
691210	97087	350	
691220	97087	400	
691230	102	60	
691231	34000	1	
691232	1	10000	
691240	102	60	
691241	34000	1	
691242	1	10000	
691250	102	60	
691251	34000	1	
691252	1	10000	
691260	102	60	
691270	102	80	
691271	34000	1	
691272	1	15000	
691280	102	80	
691281	34000	1	
691282	1	15000	
691290	102	80	
691291	34000	1	
691292	1	15000	
691300	9100001	1	
691310	50005	120	
691311	31204	36	
691312	1	100000	
691320	102	200	
691321	30013	16	
691322	1	100000	
691330	50005	180	
691331	60001	160	
691332	1	100000	
691340	102	200	
691341	60002	40	
691342	1	100000	
691350	50005	180	
691351	70001	240	
691352	70002	40	
691360	102	200	
691361	70001	240	
691362	70002	40	
691370	50005	220	
691371	70001	240	
691372	70002	40	
691380	102	300	
691381	70001	240	
691382	70002	40	
691390	50005	300	
691391	102	300	
691392	11000337	1	
691400	102	300	
691401	30013	20	
691402	1	100000	
691411	50005	50	
691412	1	40000	
691413	29	20	
691421	102	125	
691422	70002	5	
691423	70001	40	
691431	50005	75	
691432	60002	6	
691433	60001	40	
691441	50005	50	
691442	1	40000	
691443	29	20	
691451	102	125	
691452	70002	5	
691453	11000338	1	
691461	50005	75	
691462	60002	6	
691463	60001	40	
691471	102	125	
691472	70002	5	
691473	70001	40	
691481	50005	50	
691482	1	40000	
691483	40201	6	
691491	50005	75	
691492	31104	6	
691493	31204	18	
691501	102	125	
691502	70002	5	
691503	70001	40	
691511	50005	50	
691512	1	40000	
691513	40201	6	
691521	50005	75	
691522	31104	6	
691523	31204	18	
691531	50005	100	
691532	30013	6	
691533	1	24000	
691541	50005	100	
691542	31104	6	
691543	1	30000	
691551	50005	60	
691552	31204	18	
691553	1	45000	
691561	50005	60	
691562	60001	24	
691563	1	60000	
691571	50005	60	
691572	29	150	
691573	12	60	
691581	50005	50	
691582	30013	30	
691583	1	80000	
691591	102	50	
691592	40200	15	
691593	1	80000	
691601	102	50	
691602	40200	15	
691603	1	100000	
691611	102	50	
691612	40201	9	
691613	40301	12	
691621	50005	90	
691622	30013	4	
691623	1	24000	
691631	102	50	
691632	31104	4	
691633	1	30000	
691641	60002	5	
691642	31204	12	
691643	1	45000	
691651	60002	5	
691652	60001	16	
691653	1	60000	
691661	50005	60	
691662	29	100	
691663	1	80000	
691671	50005	60	
691672	40200	10	
691673	1	60000	
691681	50005	60	
691682	40200	10	
691683	1	60000	
691691	102	100	
691692	40201	6	
691693	40301	8	
691701	50005	30	
691702	40200	10	
691703	1	100000	
691711	102	100	
691712	40201	6	
691713	40301	8	
691721	50005	30	
691722	31204	20	
691723	1	60000	
691731	50005	60	
691732	31104	8	
691733	1	90000	
691741	102	150	
691742	60002	10	
691743	60001	15	
691751	50005	30	
691752	31204	20	
691753	1	60000	
691761	50005	60	
691762	31104	8	
691763	1	90000	
691771	102	150	
691772	60002	10	
691773	60001	15	
691781	50005	30	
691782	40200	20	
691783	1	60000	
691791	50005	60	
691792	40201	8	
691793	1	90000	
691801	102	150	
691802	40301	8	
691803	1	100000	
691811	102	150	
691812	40301	8	
691813	1	100000	
691821	17063201	1	
691831	17064705	1	
691841	17064704	1	
691851	50005	1000	
691852	102	1000	
691860	34001	10	
691870	34001	15	
691880	13019727	1	
691890	13019728	1	
691900	13019729	1	
691910	1	100000	
691920	1	100000	
691930	47	65	
691940	47	65	
691950	34000	1	
691960	47	65	
691970	50005	50	
691980	47	65	
691990	47	65	
692000	34000	1	
692010	47	65	
692020	50005	50	
692030	47	65	
692040	47	65	
692050	34000	2	
692060	47	65	
692070	50005	50	
692080	47	95	
692090	47	95	
692100	34000	2	
692110	47	95	
692120	50005	70	
692130	47	95	
692140	47	95	
692150	34000	3	
692160	47	95	
692170	50005	70	
692180	47	95	
692190	47	95	
692200	34000	3	
692210	47	95	
692220	50005	70	
692230	13019725	1	
692240	50005	25	
692241	102	25	
692250	50005	50	
692251	102	50	
692260	50005	50	
692261	102	50	
692270	50005	50	
692271	102	50	
692280	50005	50	
692281	102	50	
692290	1087	1	
692291	30012	1	
692292	1	3000	
692300	1087	1	
692301	31104	2	
692302	1	6000	
692310	1087	1	
692311	31204	2	
692312	1	6000	
692320	31204	15	
692330	3	50	
692340	102	100	
692350	31104	10	
692360	60002	15	
692370	3	50	
692380	593	1	
692390	90030	1	
692400	30013	1	
692410	40301	8	
692420	31104	3	
692430	40201	2	
692440	31204	3	
692450	50000	250	
692460	3	50	
692461	70001	80	
692462	1	100000	
692470	102	250	
692471	70002	15	
692472	1	100000	
692480	3	50	
692481	70001	80	
692482	1	100000	
692490	102	250	
692491	70002	15	
692492	1	100000	
692500	25000014	1	
692501	3	50	
692502	1	100000	
692511	11000338	1	
692512	50005	500	
692513	102	500	
692520	50005	100	
692521	31204	10	
692522	102	40	
692523	13019724	1	
692530	50005	50	
692531	31104	10	
692532	102	40	
692533	13019724	1	
692540	50005	50	
692541	40113	10	
692542	102	40	
692543	13019724	1	
692550	50005	50	
692551	40114	10	
692552	102	40	
692553	13019724	1	
692560	90015	3	
692561	102	40	
692562	13019724	1	
692570	97083	1400	
692580	97083	600	
692590	97083	100	
692600	97083	200	
692610	97083	300	
692620	97090	150	
692630	97090	200	
692640	97090	350	
692650	97090	150	
692660	97090	200	
692670	97090	350	
692680	97090	150	
692690	97090	200	
692700	97090	350	
692710	24000148	1	
692720	24000149	1	
692730	24000150	1	
692740	24000151	1	
692750	24000152	1	
692760	24000153	1	
692711	90031	2	
692721	90031	2	
692731	90031	2	
692741	90031	2	
692751	90031	2	
692761	90031	2	
692712	1	100000	
692722	1	100000	
692732	1	100000	
692742	1	100000	
692752	1	100000	
692762	1	100000	
692770	70002	27	
692780	70002	27	
692790	70002	27	
692800	70002	27	
692810	70002	27	
692820	70002	27	
692830	34001	3	
692831	102	30	
692840	34001	5	
692841	102	40	
692850	50005	1500	
692860	2666001	1	
692870	50005	1500	
692880	50005	1500	
692890	16400000	1	
692900	50005	1500	
692910	50005	1500	
692920	3002	1	
692930	50005	1500	
692940	50005	1500	
692950	16400000	1	
692960	50005	1500	
692970	50005	1500	
692980	3002	1	
692990	50005	1500	
693000	50005	1500	
693010	16400000	1	
693020	50005	1500	
693030	50005	1500	
693040	16400000	1	
693050	50005	1500	
693060	50005	1500	
693070	16400000	1	
693080	50005	1500	
693090	50005	1500	
693100	16400000	1	
693110	50005	1500	
693120	50005	1500	
693130	16400000	1	
693140	50005	1500	
693150	50005	1500	
693160	16400000	1	
693170	50005	1500	
693180	50005	1500	
693190	16400000	1	
693200	50005	1500	
693210	50005	1500	
693220	16400000	1	
693230	50005	1500	
693240	50005	1500	
693250	16400000	1	
693260	50005	1500	
693270	50005	1500	
693280	16400000	1	
693290	50005	1500	
693300	97091	2	
693310	97091	2	
693320	50005	25	
693330	50005	25	
693340	50005	25	
693350	50005	25	
693360	50005	25	
693370	50005	25	
693380	50005	25	
693390	50005	25	
693400	50005	25	
693410	50005	25	
693321	102	50	
693331	102	50	
693341	102	50	
693351	102	50	
693361	102	50	
693371	102	50	
693381	102	50	
693391	102	50	
693401	102	50	
693411	102	50	
693322	31104	15	
693332	31204	30	
693342	30013	15	
693352	60002	20	
693362	1	20000	
693372	31104	15	
693382	31204	30	
693392	30013	15	
693402	60002	20	
693412	1	20000	
693323	97092	1	
693333	97092	1	
693343	97092	1	
693353	97092	1	
693363	97092	1	
693420	97091	5	
693421	97092	3	
693430	97091	3	
693440	50005	250	
693441	102	500	
693442	97092	5	
693450	1	5000	
693460	1088	2	
693461	30012	1	
693462	1	3000	
693470	1088	2	
693471	31104	1	
693472	1	6000	
693480	1088	3	
693481	31204	2	
693482	1	6000	
693490	31104	5	
693500	30013	5	
693510	31204	15	
693520	102	50	
693530	3	50	
693540	40104	15	
693550	40103	20	
693560	40110	20	
693570	102	50	
693580	3	50	
693590	50005	50	
693591	1	200000	
693600	50005	50	
693601	1	100000	
693610	102	50	
693611	13019733	1	
693620	102	50	
693621	1	100000	
693630	70001	30	
693631	70002	5	
693640	70001	30	
693641	70002	5	
693650	50005	50	
693651	1	200000	
693660	50005	50	
693661	1	100000	
693670	102	50	
693671	13019733	1	
693680	102	50	
693681	1	100000	
693690	70001	30	
693691	70002	5	
693700	70001	30	
693701	70002	5	
693710	50005	50	
693711	1	200000	
693720	50005	50	
693721	1	100000	
693730	102	50	
693731	13019733	1	
693740	102	50	
693741	1	100000	
693750	70001	30	
693751	70002	5	
693760	70001	30	
693761	70002	5	
693770	50005	100	
693771	1	200000	
693780	50005	100	
693781	1	100000	
693790	102	100	
693791	13019733	1	
693800	102	100	
693801	1	100000	
693810	70001	30	
693811	70002	5	
693820	70001	30	
693821	70002	5	
693830	3	100	
693840	3	20	
693841	90030	1	
693842	40693	5	
693850	3	20	
693851	90030	1	
693852	40693	5	
693860	3	20	
693861	90030	1	
693862	40693	5	
693870	3	20	
693871	90030	1	
693872	40693	5	
693880	3	20	
693881	90030	1	
693882	40693	5	
693890	21000901	1	
693900	21000901	1	
693910	21000901	1	
693920	21000901	1	
693930	21000901	1	
693940	21000901	1	
693950	21000901	1	
693960	21000901	1	
693970	21000901	1	
693980	21000901	1	
693990	21000901	1	
694000	21000901	1	
694010	21000901	1	
694020	21000901	1	
693891	21000903	1	
693901	21000903	1	
693911	21000903	1	
693921	21000903	1	
693931	21000903	1	
693941	21000903	1	
693951	21000903	1	
693961	21000903	1	
693971	21000903	1	
693981	21000903	1	
693991	21000903	1	
694001	21000903	1	
694011	21000903	1	
694021	21000903	1	
693892	50005	500	
693902	50005	100	
693912	50005	100	
693922	50005	100	
693932	50005	200	
693942	9091052	1	
693893	21000902	1	
694031	50005	125	
694032	102	100	
694033	31104	20	
694041	50005	125	
694042	102	100	
694043	31204	60	
694051	50005	125	
694052	70001	60	
694053	60002	35	
694061	50005	125	
694062	80142	1	
694063	32000	225	
694071	50005	125	
694072	102	200	
694073	31104	20	
694081	50005	125	
694082	102	200	
694083	31204	60	
694091	50005	125	
694092	70002	10	
694093	60002	35	
694101	50005	125	
694102	11000342	1	
694103	32000	225	
694111	50005	125	
694112	102	200	
694113	31104	30	
694121	50005	125	
694122	102	200	
694123	31204	70	
694131	50005	125	
694132	70001	60	
694133	60002	40	
694141	50005	125	
694142	70002	10	
694143	32000	250	
694151	50005	100	
694152	102	200	
694153	70001	100	
694161	50005	100	
694162	102	200	
694163	70001	100	
694171	50005	100	
694172	102	200	
694173	70001	100	
694181	50005	100	
694182	102	200	
694183	70002	20	
694191	50005	100	
694192	102	200	
694193	70002	20	
694201	6005705	1	
694210	13019731	1	
694220	1089	5	
694221	30012	1	
694222	1	3000	
694230	1089	10	
694231	31104	1	
694232	1	6000	
694240	1089	10	
694241	31204	2	
694242	1	6000	
694250	60002	5	
694260	31204	5	
694270	3	50	
694280	31104	10	
694290	31204	10	
694300	102	100	
694310	3	50	
694320	60001	30	
694330	60002	15	
694341	50005	2000	
694342	102	2000	
694343	11000342	1	
694344	80142	1	
694350	1411003	1	
694360	90030	1	
694370	30013	1	
694380	40301	8	
694390	31104	3	
694400	40201	2	
694410	31204	3	
694420	50000	250	
694430	8983342	1	
694431	8983345	1	
694440	63630	50	
694450	63630	100	
694460	50005	100	
694461	31204	10	
694462	102	80	
694463	13019730	1	
694470	50005	50	
694471	31104	10	
694472	102	40	
694473	13019730	1	
694480	50005	50	
694481	40113	10	
694482	102	40	
694483	13019730	1	
694490	50005	50	
694491	40114	10	
694492	102	40	
694493	13019730	1	
694500	90015	3	
694501	13019730	1	
694510	17064706	1	
694520	2	900	
694530	2	200	
694540	2	200	
694550	2	200	
694560	2	200	
694521	3005	1	
694531	90030	1	
694541	90030	1	
694551	90030	1	
694561	90030	1	
694570	97083	600	
694580	97083	700	
694590	97083	700	
694600	97083	700	
694610	7	60	
694620	30000	1	
694630	30000	1	
694640	30000	1	
694641	3002	1	
694650	30000	1	
694660	30000	1	
694670	30000	1	
694680	3	10	
694690	3	30	
694700	1090	1	
694701	30012	1	
694702	1	3000	
694710	1090	2	
694711	31104	2	
694712	1	6000	
694720	1090	2	
694721	31204	2	
694722	1	6000	
694730	30013	5	
694740	3	50	
694750	31104	10	
694760	102	50	
694770	31204	15	
694780	102	50	
694790	40104	30	
694800	3	50	
694810	50005	50	
694811	31204	10	
694820	50005	50	
694821	31204	10	
694830	50005	50	
694831	60001	20	
694840	50005	50	
694841	60002	5	
694850	50005	50	
694851	29	75	
694860	50005	50	
694861	31104	5	
694862	11000349	1	
694870	50005	50	
694871	31104	5	
694880	50005	50	
694881	40301	5	
694890	50005	50	
694891	40201	5	
694900	50005	50	
694901	29	75	
694910	102	80	
694911	70001	10	
694912	70002	5	
694920	102	80	
694921	70001	10	
694922	70002	5	
694930	102	80	
694931	40301	5	
694932	40200	5	
694940	102	80	
694941	40301	5	
694942	40200	5	
694950	102	80	
694951	29	75	
694952	1	50000	
694960	50005	60	
694961	31204	12	
694962	1	100000	
694970	102	40	
694971	60001	8	
694972	1	100000	
694980	50005	100	
694981	40201	5	
694982	1	100000	
694990	50005	120	
694991	31104	6	
694992	1	100000	
695000	102	40	
695001	30013	5	
695002	1	100000	
695010	50005	120	
695011	70001	90	
695012	70002	20	
695020	102	50	
695021	30013	5	
695022	1	100000	
695030	102	60	
695031	60001	8	
695032	1	100000	
695040	50005	180	
695041	70001	90	
695042	70002	20	
695050	102	60	
695051	29	100	
695052	1	100000	
695060	50005	200	
695061	102	50	
695062	13019739	1	
695070	102	60	
695071	60001	8	
695072	1	100000	
695080	50005	220	
695081	30013	5	
695082	1	100000	
695090	102	60	
695091	40201	5	
695092	1	100000	
695100	102	80	
695101	60002	10	
695102	1	100000	
695110	50005	150	
695120	50005	150	
695130	50005	150	
695140	50005	150	
695150	50005	200	
695160	50005	200	
695170	50005	250	
695180	50005	250	
695190	50005	200	
695200	60002	30	
695111	102	150	
695121	102	150	
695131	102	150	
695141	102	150	
695151	102	200	
695161	102	200	
695171	102	250	
695181	102	250	
695191	102	200	
695112	31104	20	
695122	31204	50	
695132	60002	30	
695142	70001	200	
695152	70002	40	
695162	32000	150	
695172	31104	20	
695182	31204	50	
695192	32000	150	
695193	11000351	1	
695210	11000351	1	
695211	50005	1500	
695212	102	1500	
695220	13019740	1	
695230	90030	1	
695240	30013	1	
695250	40301	8	
695260	31104	3	
695270	40201	2	
695280	31204	3	
695290	50000	250	
695300	50005	250	
695310	90030	2	
695320	11000350	1	
695330	8983352	1	
695331	8983354	1	
695340	17064707	1	
695350	596	1	
695360	50005	100	
695361	31204	10	
695362	102	80	
695363	13019736	1	
695370	50005	50	
695371	31104	10	
695372	102	40	
695373	13019736	1	
695380	50005	50	
695381	40113	10	
695382	102	40	
695383	13019736	1	
695390	50005	50	
695391	40114	10	
695392	102	40	
695393	13019736	1	
695400	90015	3	
695401	13019736	1	
695410	13019737	1	
695420	50005	1500	
695430	2696001	1	
695440	50005	1500	
695450	50005	1500	
695460	16430000	1	
695470	50005	1500	
695480	50005	1500	
695490	3002	1	
695500	50005	1500	
695510	50005	1500	
695520	16430000	1	
695530	50005	1500	
695540	50005	1500	
695550	3002	1	
695560	50005	1500	
695570	50005	1500	
695580	16430000	1	
695590	50005	1500	
695600	50005	1500	
695610	16430000	1	
695620	50005	1500	
695630	50005	1500	
695640	16430000	1	
695650	50005	1500	
695660	50005	1500	
695670	16430000	1	
695680	50005	1500	
695690	50005	1500	
695700	16430000	1	
695710	50005	1500	
695720	50005	1500	
695730	16430000	1	
695740	50005	1500	
695750	50005	1500	
695760	16430000	1	
695770	50005	1500	
695780	50005	1500	
695790	16430000	1	
695800	50005	1500	
695810	50005	1500	
695820	16430000	1	
695830	50005	1500	
695840	50005	1500	
695850	16430000	1	
695860	50005	1500	
695870	25000015	1	
695880	13019739	1	
695881	50005	1000	
695882	102	500	
695890	25000015	1	
