Id	Type	ScreenType	InitQuality	Condition	Name	MainDesc	WorldDesc	GetDesc	Priority	ShowType	MedalImg	PrefabPath	ShowScore	QualityConditions	Qualities	Hint	ShowQualityUpTip	IsNotShowGetTip	ScoreParams	GroupId	GroupLv	ActivityId	MedalIcon	ExtraParams	ExpandInfoId	ShowMaxLevel	TimeId
13000001	5	1	3	850004	Vassago Toy	Collectibles	Nanami made this toy based on the fierce Vassago after Gray Raven defeated it. Kamui always found new ways to play it.	Unlocks after clearing Main Story 4-12	30	1	Assets/Product/Texture/Image/UiCollection/Iconcollection004.png	Assets/Product/Ui/ComponentPrefab/UiCollection/CollectionStyleOne.prefab															
13000100	5	1	4	850005	Reunion	Collectibles	"A display stand with Cottie's image printed on it, and a symbol of commandant's reunion with the Syndicute and their leader Cottie. ""I'm back, Cottie."""	"Clear Memory Rescue ""Aife"" to receive"	40	1	Assets/Product/Texture/Image/UiCollection/Iconcollection002.png	Assets/Product/Ui/ComponentPrefab/UiCollection/CollectionStyleOne.prefab															
13000300	3	1	5		Area Controller	Collectibles	This controller monitors the number of areas cleared and is a symbol of total control within the areas. It is issued to the commandants who have demonstrated outstanding capabilities.	Clear any Border Pact area without rebooting to receive	60	1	Assets/Product/Texture/Image/UiCollection/Iconcollection006.png	Assets/Product/Ui/ComponentPrefab/UiCollection/CollectionStyleOne.prefab	1														
13000400	4	1	2		Honor Support Certificate	Collectibles	The certificate issued by Babylonia Field HQ to honor the collaboration effort and spirit of unity. It can be upgraded to different levels.	Help others to clear 1 Joint Warfare stage to receive	70	1	Assets/Product/Texture/Image/UiCollection/Iconcollection001.png	Assets/Product/Ui/ComponentPrefab/UiCollection/CollectionStyleOne.prefab		[84700102,84700103,84700104]	[3,4,5]	"[""· Help others clear 10 stages to upgrade it to blue"",""· Help others clear 50 stages to upgrade it to purple"",""· Help others clear 200 stages to upgrade it to orange""]"											
13000500	5	1	5	850009	Contest	Collectibles	A large map that marks all the strongholds cleared. It is a symbol of the outstanding performance across various battlefields, as well as a wrap-up of the enormous effort made in those difficult battles.	Complete Stronghold Chapter 12	50	1	Assets/Product/Texture/Image/UiCollection/Iconcollection003.png	Assets/Product/Ui/ComponentPrefab/UiCollection/CollectionStyleOne.prefab															
13000600	6	1	2		Siege Recorder	Collectibles	A recording device that the United Command Bureau issues to commandants who have vanquished strong enemies. (Participate in Simulated Siege to gain points. When the event ends, points gained are converted into Siege Recorder EXP at a rate of 10,000: 1)	Join the United Command Bureau to receive	10	1	Assets/Product/Texture/Image/UiCollection/Iconcollection015.png	Assets/Product/Ui/ComponentPrefab/UiCollection/CollectionStyleOne.prefab	1	[850021,850022,850023]	[3,4,5]	"[""· [Siege Recorder] upgrades to blue when it reaches Lv.6"",""· [Siege Recorder] upgrades to purple when it reaches Lv.11"",""· [Siege Recorder] upgrades to orange when it reaches Lv.16""]"	1	1									
13000700	6	1	2		Call Me Boss	Collectibles	Designed specifically for those who are willing to help their fellow commandants, this item has recording functions. (Converts a fraction of the BP gap between the owner and the team member with the lowest BP into the Collectible's EXP when participating in Co-op and Joint Warfare)	Join Co-op and Joint Warfare while not having the lowest BP in team.	20	1	Assets/Product/Texture/Image/UiCollection/Iconcollection020.png	Assets/Product/Ui/ComponentPrefab/UiCollection/CollectionStyleOne.prefab	1	[850030,850031,850032]	[3,4,5]	"[""· Reach [Call Me Boss] Lv.50 to upgrade it to blue"",""· Reach [Call Me Boss] Lv.100 to upgrade it to purple"",""· Reach [Call Me Boss] Lv.150 to upgrade it to orange""]"			[0.5]								
13000800	10	1	3		F.O.S. Instructor Medal	Collectibles	Issued by Babylonia to commandants with outstanding performance in the mentorship program. A testament to the growth of the commandants on the battlefields under their mentor—a teacher, and a friend.	Available after 1 student graduates	80	1	Assets/Product/Texture/Image/UiCollection/Iconcollection031.png	Assets/Product/Ui/ComponentPrefab/UiCollection/CollectionStyleOne.prefab	1	[850067,850068]	[4,5]	"[""· Have 4 students graduate to upgrade it to purple"",""· Have 9 students graduate to upgrade it to orange""]"											
13005001	999	2	2		Crimson Love	Collectibles	Constructs give this rare collectible to their commandant on the White Day. It carries special meanings.	Converted from [Crimson Love]	1000		Assets/Product/Texture/Image/UiCollection/Iconcollection007.png	Assets/Product/Ui/ComponentPrefab/UiCollection/CollectionStyleOne.prefab		[850001,850002,850003]	[3,4,5]	"[""· Gain 3 [Crimson Love] to upgrade it to blue"",""· Gain 6 [Crimson Love] to upgrade it to purple"",""· Gain 10 [Crimson Love] to upgrade it to orange""]"											
13005002	999	2	2		Voice of Thoughts	Collectibles	Gifts given by members to the commandant on May 20 express their strong affection.	Complete [Voice of Thoughts] to obtain	1001		Assets/Product/Texture/Image/UiCollection/Iconcollection083.png	Assets/Product/Ui/ComponentPrefab/UiCollection/CollectionStyleOne.prefab		[990058,990059,990060]	[3,4,5]	"[""· Gain [Voice of Thoughts] ×2 and rank up to Blue"",""· Gain [Voice of Thoughts] ×5 and rank up to Purple"",""· Gain [Voice of Thoughts] ×10 and rank up to Orange""]"											
13005003	999	2	2		Eternal Bond	Collectibles	An important collectible given by a member to the commandant. It carries the sender's intense, ever-lasting affection.	520 Event of Year 2023 - Gives [Affectionate Melody] Gifts	1002		Assets/Product/Texture/Image/UiCollection/Iconcollection130.png	Assets/Product/Ui/ComponentPrefab/UiCollection/CollectionStyleOne.prefab		[990155,990156,990157]	[3,4,5]	"[""· Gain [Eternal Bond] x2 and rank up to Blue"",""· Gain [Eternal Bond] x5 and rank up to Purple"",""· Gain [Eternal Bond] x10 and rank up to Orange""]"											
13005004	999	2	2		Whispers of Love	Collectibles	An important collectible given by a member to the commandant on White Day, March 14. It carries the sender's intense, genuine affection.	White Day Event of Year 2025 - Gives [Fragrant Whispers] Gifts	1003		Assets/Product/Texture/Image/UiCollection/Iconcollection167.png	Assets/Product/Ui/ComponentPrefab/UiCollection/CollectionStyleOne.prefab		[990211,990212,990213]	[3,4,5]	"[""· Gain [Whispers of Love] x2 and rank up to Blue"",""· Gain [Whispers of Love] x5 and rank up to Purple"",""· Gain [Whispers of Love] x10 and rank up to Orange""]"											
13005005	999	2	2		Heartwarming Moment	Collectible	An important collectible given by a member to the commandant on Double Seventh Festival. It carries the sender's intense, genuine affection.	Double Seventh Festival Event of Year 2025 - Gives [Heartwarming Moment] Gifts	1004		Assets/Product/Texture/Image/UiCollection/Iconcollection206.png	Assets/Product/Ui/ComponentPrefab/UiCollection/CollectionStyleOne.prefab		[990295,990296,990297]	[3,4,5]	"[""· Gain [Heartwarming Moment] x2 and rank up to Blue"",""· Gain [Heartwarming Moment] x5 and rank up to Purple"",""· Gain [Heartwarming Moment] x10 and rank up to Orange""]"											
13005006	999	2	2		Lucent Covenant	Collectibles	An important collectible given by a member to the commandant on Double Seventh Festival. It carries the sender's intense, genuine affection.	May Event of Year 2026 - Gives [Dawning Diary] Gifts	1005		Assets/Product/Texture/Image/IconTools/IconActivityGift2005012.png	Assets/Product/Ui/ComponentPrefab/UiCollection/CollectionStyleOne.prefab		[990352,990353,990354]	[3,4,5]	"[""· Gain [Lucent Covenant] x2 and rank up to 3★"",""· Gain [Lucent Covenant] x5 and rank up to 4★"",""· Gain [Lucent Covenant] x10 and rank up to 5★""]"											
13005100	5	2	3	850006	Osiris Badge	Collectibles	A badge with Osiris printed on it to commemorate the incredible effort made to defeat him. Displays different colors as it levels up. Reserved for those who have survived the Doomsday Judgment. A testament to the epic battle against the Eye of Punishment and Eye of Judgment.	Clear Co-op [event] Osiris Overclock to receive	1100		Assets/Product/Texture/Image/UiCollection/Iconcollection005.png	Assets/Product/Ui/ComponentPrefab/UiCollection/CollectionStyleOne.prefab		[850007,850008]	[4,5]	"[""· Clear Osiris Overclock - Elite to upgrade it to purple"",""· Clear Osiris Overclock - Nightmare to upgrade it to orange""]"											
13005101	5	2	2	850020	Gabriel Badge	Collectibles	A badge with Gabriel printed on it to commemorate the incredible effort made to defeat him. Displays different colors as it levels up.	Clear Co-op [event] Gabriel in Berserk or higher difficulty to receive	1200		Assets/Product/Texture/Image/UiCollection/Iconcollection012.png	Assets/Product/Ui/ComponentPrefab/UiCollection/CollectionStyleOne.prefab		[850013,850014,850015]	[3,4,5]	"[""· Clear Gabriel Overclock - Easy to upgrade it to blue"",""· Clear Gabriel Overclock - Elite to upgrade it to purple"",""· Clear Gabriel Overclock - Nightmare to upgrade it to orange""]"				1	1						
13005102	999	2	5		Gabriel Badge	Collectibles	A badge with Gabriel printed on it to commemorate the incredible effort made to defeat him.	Earned after conditions in Trial Zone [Nightmare Gabriel] fulfilled.	1201		Assets/Product/Texture/Image/UiCollection/Iconcollection012.png	Assets/Product/Ui/ComponentPrefab/UiCollection/CollectionStyleOne.prefab								1	2						
13005103	999	2	5		Gabriel Badge	Collectibles	A badge with Gabriel printed on it (advanced version) to commemorate the incredible effort made to defeat him.	Earned after conditions in Trial Zone [Nightmare Gabriel] fulfilled.	1202		Assets/Product/Texture/Image/UiCollection/Iconcollection023.png	Assets/Product/Ui/ComponentPrefab/UiCollection/CollectionStyleOne.prefab								1	3						
13005104	999	2	5		Gabriel Badge	Collectibles	A badge with Gabriel printed on it (final version) to commemorate the incredible effort made to defeat him.	Earned after conditions in Trial Zone [Nightmare Gabriel] fulfilled.	1203		Assets/Product/Texture/Image/UiCollection/Iconcollection029.png	Assets/Product/Ui/ComponentPrefab/UiCollection/CollectionStyleOne.prefab								1	4						
13005200	999	2	5		Phosphor Bronze Medal	Collectibles	This honor is awarded to the commandants who have made it to the top. The counter will update every time a new medal is won. Forged with phosphor bronze, it is a symbol of battle-tested strength and techniques.	Awarded to top 5%-10% players when Phalanx results are tallied	1300		Assets/Product/Texture/Image/UiCollection/Iconcollection008.png	Assets/Product/Ui/ComponentPrefab/UiCollection/CollectionStyleOne.prefab	1														
13005201	999	2	5		Silver-coated Medal	Collectibles	This medal is only awarded to the top-ranking commandants, and is a symbol of outstanding strength and techniques. The counter will update every time a new medal is won. The perfectly blended silver and white colors make it a piece of art.	Awarded to top 1%-5% players when Phalanx results are tallied	1301		Assets/Product/Texture/Image/UiCollection/Iconcollection009.png	Assets/Product/Ui/ComponentPrefab/UiCollection/CollectionStyleOne.prefab	1														
13005202	999	2	5		Gold-coated Medal	Collectibles	This honor is only awarded to the best of the best commandants. The counter will update every time a new medal is won. The golden coating and carving represent unrivalled strength and techniques.	Awarded to top 1% players when Phalanx results are tallied	1302		Assets/Product/Texture/Image/UiCollection/Iconcollection010.png	Assets/Product/Ui/ComponentPrefab/UiCollection/CollectionStyleOne.prefab	1														
13005301	999	2	2		Tokarev Tower Badge	Collectibles	Used to reward the commandants who succeeded in an in-depth simulation of Project Babel tactical operation. It is delicately crafted with special sentimental value.	Converted from [Tokarev Tower Badge]	1401		Assets/Product/Texture/Image/IconTools/BabelReward1.png	Assets/Product/Ui/ComponentPrefab/UiCollection/CollectionStyleOne.prefab		[850024,850025,850026]	[3,4,5]	"[""· Collect 3 [Tokarev Tower Badges] to upgrade it to blue"",""· Collect 6 [Tokarev Tower Badges] to upgrade it to purple"",""· Collect 10 [Tokarev Tower Badges] to upgrade it to orange""]"											
13005302	999	2	2		Sand Tower Badge	Collectibles	Rewarded to commandants who have succeeded in an in-depth simulation of Project Babel Tower tactical operation phase 2, Sands of Infinity. This symbol of glory has witnessed a brave legend.	Converted from [Sand Tower Badge]	1402		Assets/Product/Texture/Image/IconTools/BabelReward2.png	Assets/Product/Ui/ComponentPrefab/UiCollection/CollectionStyleOne.prefab		[850027,850028,850029]	[3,4,5]	"[""· Collect 3 [Sand Tower Badges] to upgrade it to blue"",""· Collect 6 [Sand Tower Badges] to upgrade it to purple"",""· Collect 10 [Sand Tower Badges] to upgrade it to orange""]"											
13005300	2	2	2		Theme Park Tower Badge	Collectibles	A badge obtained from Project Babel: Theme Park. Rewarded to commandants who have succeeded in an in-depth simulation of Project Babel tactical operation phase 3. A testament to an unforgettable experience.	Clear Babel Tower: Theme Park to receive	1403		Assets/Product/Texture/Image/UiCollection/Iconcollection011.png	Assets/Product/Ui/ComponentPrefab/UiCollection/CollectionStyleOne.prefab	1	[850010,850011,850012]	[3,4,5]	"[""· Complete Babel Tower mission [Ether Tower II] to upgrade it to blue"",""· Complete Babel Tower mission [Ether Tower III] to upgrade it to purple"",""· Complete Babel Tower mission [Ether Tower IV] to upgrade it to orange""]"						3	Assets/Product/Texture/Image/UiBabelTower/UiBabelTowerIconLv1.png				
13005303	2	2	2		Aurora Sky Badge	Collectibles	A badge obtained from Project Babel: Aurora Sky. Rewarded to commandants who have succeeded in an in-depth simulation of Project Babel tactical operation phase 4. A testament to an unforgettable experience.	Clear Babel Tower: Aurora Sky to receive	1404		Assets/Product/Texture/Image/UiCollection/Iconcollection016.png	Assets/Product/Ui/ComponentPrefab/UiCollection/CollectionStyleOne.prefab	1	[850039,850040,850041]	[3,4,5]	"[""· Complete Babel Tower mission [Aurora Gate II] to upgrade it to blue"",""· Complete Babel Tower mission [Aurora Gate III] to upgrade it to purple"",""· Complete Babel Tower mission [Aurora Gate IV] to upgrade it to orange""]"						4	Assets/Product/Texture/Image/UiBabelTower/UiBabelTowerIconLv2.png				
13005304	2	2	2		Bai Ze Badge	Collectibles	A badge obtained from Project Babel: Bai Ze Chamber. Rewarded to commandants who have succeeded in an in-depth simulation of Project Babel tactical operation phase 5. Hand-crafted by the best master artisans, this badge carries special value to collectors.	Clear Babel Tower: Bai Ze Chamber to receive	1405		Assets/Product/Texture/Image/UiCollection/Iconcollection024.png	Assets/Product/Ui/ComponentPrefab/UiCollection/CollectionStyleOne.prefab	1	[850052,850053,850054]	[3,4,5]	"[""· Complete Babel Tower mission [Tabula Akasha II] to upgrade it to blue"",""· Complete Babel Tower mission [Tabula Akasha III] to upgrade it to purple"",""· Complete Babel Tower mission [Tabula Akasha IV] to upgrade it to orange""]"						5	Assets/Product/Texture/Image/UiCollection/Iconcollection024.png				
13005305	2	2	2		Morgana Sicily Badge	Collectibles	Rewarded to the commandants who have succeeded in an in-depth simulation of Project Babel Tower: Morgana Sicily, this badge has adopted a traditional design and carries great ceremonial value.	Clear Babel Tower: Morgana Sicily to receive	1406		Assets/Product/Texture/Image/UiCollection/Iconcollection042.png	Assets/Product/Ui/ComponentPrefab/UiCollection/CollectionStyleOne.prefab	1	[850072,850073,850074]	[3,4,5]	"[""· Complete Babel Tower mission [Rising Pavilion II] to upgrade it to blue"",""· Complete Babel Tower mission [Rising Pavilion III] to upgrade it to purple"",""· Complete Babel Tower mission [Rising Pavilion IV] to upgrade it to orange""]"						6	Assets/Product/Texture/Image/UiCollection/Iconcollection042.png				
13005400	999	2	5		Metal Surfboard	Collectibles	A surfboard carrying summer memories. A big seller in Venus Splash Park.	Complete Challenge Missions in Operation Summer to receive	1500		Assets/Product/Texture/Image/UiCollection/Iconcollection013.png	Assets/Product/Ui/ComponentPrefab/UiCollection/CollectionStyleOne.prefab															
13005500	7	2	2		Shark-speare Figurine	Collectibles	"A 1:15 limited-edition Shark-speare figurine gained after ""playing"" with Shark-speare, with quality varying depending on the level. All it ever does is play the same nursery rhyme over and over: ""Let's play and be friends! Shark-speare loves eating the Gingerbread Man!"""	Gain 9★ Reward in Park Parade to unlock	1600		Assets/Product/Texture/Image/UiCollection/Iconcollection014.png	Assets/Product/Ui/ComponentPrefab/UiCollection/CollectionStyleOne.prefab		[850016,850017,850018]	[3,4,5]	"[""· Gain 11★ Reward to upgrade it to blue"",""· Gain 13★ Reward to upgrade it to purple"",""· Gain 15★ Reward to upgrade it to orange""]"											
13005501	7	2	2		Amberia Figure	Collectibles	The souvenir received after defeating Amberia. Displays different colors as it levels up. Let all the guilt and nightmares end here—	Gain 9★ Reward in Karma Tidal to unlock	1601		Assets/Product/Texture/Image/UiCollection/Iconcollection017.png	Assets/Product/Ui/ComponentPrefab/UiCollection/CollectionStyleOne.prefab		[850042,850043,850044]	[3,4,5]	"[""· Gain 11★ Reward to upgrade it to blue"",""· Gain 13★ Reward to upgrade it to purple"",""· Gain 15★ Reward to upgrade it to orange""]"											
13005502	7	2	2		Luna's Data Sample	Collectibles	The combat illusion collected by Babylonia. Displays different colors as it levels up. Available after simulating the battle against Luna. Her formidable power can be felt even from the sample.	Gain 9★ Reward in Kowloong Theater to unlock	1602		Assets/Product/Texture/Image/UiCollection/Iconcollection025.png	Assets/Product/Ui/ComponentPrefab/UiCollection/CollectionStyleOne.prefab		[850055,850056,850057]	[3,4,5]	"[""· Gain 11★ Reward to upgrade it to blue"",""· Gain 13★ Reward to upgrade it to purple"",""· Gain 15★ Reward to upgrade it to orange""]"											
13005503	7	2	2		Pterygota Queen Sample	Collectibles	"The data sample received after defeating Pterygota Queen. Displays different colors as it levels up. ""Opening the container may cause irreversible consequences. Full protection is advised before approaching this sample."" — Asimov's message No.179"	Gain 9★ Reward in Simulated Torrent to unlock	1603		Assets/Product/Texture/Image/UiCollection/Iconcollection027.png	Assets/Product/Ui/ComponentPrefab/UiCollection/CollectionStyleOne.prefab		[850069,850070,850071]	[3,4,5]	"[""· Gain 11★ Reward to upgrade it to blue"",""· Gain 13★ Reward to upgrade it to purple"",""· Gain 15★ Reward to upgrade it to orange""]"											
13005600	999	2	5		Magpie Pendant	Collectibles	A well-crafted souvenir mass-produced on the Nighter. According to legend, if you collect enough of them to build a magpie bridge, you will see the person you long for.	"Can be obtained from the event ""Summer Snapshots"""	1700		Assets/Product/Texture/Image/UiCollection/Iconcollection021.png	Assets/Product/Ui/ComponentPrefab/UiCollection/CollectionStyleOne.prefab															
13005700	999	2	2		Border Certificate	Collectibles	"This certificate is only issued to the elite commandants who have completed the missions of ""Virtual Horizon."" The ARU once believed they would eventually have the military power to challenge the world."	Converted from [Border Certificate]	1800		Assets/Product/Texture/Image/UiCollection/Iconcollection019.png	Assets/Product/Ui/ComponentPrefab/UiCollection/CollectionStyleOne.prefab	1	[850033,850034,850035]	[3,4,5]	"[""· Gain 8 [Border Certificates] to upgrade it to blue"",""· Gain 16 [Border Certificates] to upgrade it to purple"",""· Gain 24 [Border Certificates] to upgrade it to orange""]"											
13005701	999	2	2		False Words Certificate	Collectibles	False Words Certificate	Converted from [False Words Certificate]	1801		Assets/Product/Texture/Image/UiCollection/Iconcollection028.png	Assets/Product/Ui/ComponentPrefab/UiCollection/CollectionStyleOne.prefab	1	[850064,850065,850066]	[3,4,5]	"[""· Gain 10 [False Words Certificates] to upgrade it to blue"",""· Gain 20 [False Words Certificates] to upgrade it to purple"",""· Gain 30 [False Words Certificates] to upgrade it to orange""]"											
13005800	999	2	2		Damaged Cross	Collectibles	"An item that seemed to be dropped by Amberia. When the light of dawn shines through the shattered ice, the nightmare is over, and ""sinners"" no longer exist."	Obtained after defeating Amberia in Elegy Of Nightmare	1900		Assets/Product/Texture/Image/UiCollection/Iconcollection022.png	Assets/Product/Ui/ComponentPrefab/UiCollection/CollectionStyleOne.prefab		[850036,850037,850038]	[3,4,5]	"[""· Deal 1,000 damage to Amberia to upgrade it to blue"",""· Deal 1,500 damage to Amberia to upgrade it to purple"",""· Deal 2,000 damage to Amberia to upgrade it to orange""]"											
13005900	999	2	2		Mycenaean Bastion	Collectibles	A holographic badge inspired by a special castle design.	Available through participating in Mycenaean Protocol: Wargame	2000		Assets/Product/Texture/Image/UiCollection/Iconcollection018.png	Assets/Product/Ui/ComponentPrefab/UiCollection/CollectionStyleOne.prefab		[850045,850046,850047]	[3,4,5]	"[""· Collect 5 [Mycenaean Bastion] to upgrade it to blue"",""· Collect 10 [Mycenaean Bastion] to upgrade it to purple"",""· Collect 20 [Mycenaean Bastion] to upgrade it to orange""]"											
13006000	8	2	2	850048	Book of Toro Scoreboard	Collectibles	Records the score earned in Book of Toro. The number displayed is updated based on the Trial Points earned during exploration (refreshes after clearing the Trial Mode).	Obtained after clearing the Trial Mode of Book of Toro	2100		Assets/Product/Texture/Image/UiCollection/Iconcollection026.png	Assets/Product/Ui/ComponentPrefab/UiCollection/CollectionStyleOne.prefab	1	[850049,850050,850051]	[3,4,5]	"[""· Accumulate 1600 Trial Points to upgrade it to blue"",""· Accumulate 1800 Trial Points to upgrade it to purple"",""· Accumulate 2000 Trial Points to upgrade it to orange""]"											
13006100	9	2	6		Honor Medal	Collectibles	A medal issued by Babylonia to all the commandants who have worked hard over the past year. The digital panel records the commandant's glorious achievements, and is decorated by a frame made from precious metal. (Up to 2022/7/5, 2:00 UTC)	From Anniversary Sign-in	300		Assets/Product/Texture/Image/UiCollection/Iconcollection033.png	Assets/Product/Ui/ComponentPrefab/UiCollection/CollectionStyleOne.prefab												[1657839600,1]	[1,2,3,4]		
13006200	999	2	2		Processing Unit	Collectibles	Even a single processing unit of Gestalt also processes incredible computing power. As Gestalt is gradually repaired, the processing units available for teams to use will also level up.	Converted from [Processing Unit]	2200		Assets/Product/Texture/Image/UiCollection/Iconcollection036.png	Assets/Product/Ui/ComponentPrefab/UiCollection/CollectionStyleOne.prefab		[850061,850062,850063]	[3,4,5]	"[""· Gain 5 [Processing Unit] to upgrade it to blue"",""· Gain 6 [Processing Unit] to upgrade it to purple"",""· Gain 10 [Processing Unit] to upgrade it to orange""]"											
13006300	999	2	2		Temp Imbalance Tape	Collectibles	Defeat all the obstacles to seize the victory. The best commandant of Babylonia will never lose! Records Commandant's outstanding performance during Temp Imbalance. Also has Celica's autograph on it.	Converted from [Temp Imbalance Tape]	2300		Assets/Product/Texture/Image/UiCollection/Iconcollection037.png	Assets/Product/Ui/ComponentPrefab/UiCollection/CollectionStyleOne.prefab								2	1						
13006301	999	2	3		Temp Imbalance Tape	Collectibles	Defeat all the obstacles to seize the victory. The best commandant of Babylonia will never lose! Records Commandant's outstanding performance during Temp Imbalance. Also has Celica's autograph on it.	Converted from [Temp Imbalance Tape]	2301		Assets/Product/Texture/Image/UiCollection/Iconcollection037.png	Assets/Product/Ui/ComponentPrefab/UiCollection/CollectionStyleOne.prefab								2	2						
13006302	999	2	4		Temp Imbalance Tape	Collectibles	Defeat all the obstacles to seize the victory. The best commandant of Babylonia will never lose! Records Commandant's outstanding performance during Temp Imbalance. Also has Celica's autograph on it.	Converted from [Temp Imbalance Tape]	2302		Assets/Product/Texture/Image/UiCollection/Iconcollection037.png	Assets/Product/Ui/ComponentPrefab/UiCollection/CollectionStyleOne.prefab								2	3						
13006303	999	2	5		Temp Imbalance Tape	Collectibles	Defeat all the obstacles to seize the victory. The best commandant of Babylonia will never lose! Records Commandant's outstanding performance during Temp Imbalance. Also has Celica's autograph on it.	Converted from [Temp Imbalance Tape]	2303		Assets/Product/Texture/Image/UiCollection/Iconcollection037.png	Assets/Product/Ui/ComponentPrefab/UiCollection/CollectionStyleOne.prefab								2	4						
13006400	999	2	5		POD Model	Collectibles	Limited POD Model	Clear the hidden missions of Untold Naraka	2400		Assets/Product/Texture/Image/UiCollection/Iconcollection038.png	Assets/Product/Ui/ComponentPrefab/UiCollection/CollectionStyleOne.prefab															
13006500	11	2	4		Mechanoid Gacha	Collectibles	A collectible obtained from Micawberism Cloisters. Nanami made this gacha herself to commemorate the machine army that successfully reached the top of the tower.	"Complete Event Mission ""Micawberism Cloisters - Final"" to receive"	2402		Assets/Product/Texture/Image/UiCollection/Iconcollection040.png	Assets/Product/Ui/ComponentPrefab/UiCollection/CollectionStyleTwo.prefab	1											[101]		100	
13006600	999	2	5		Caesar & Cheney - Mk 79	Collectibles	The collectible given to players and Constructs for completing events in various locations during the White Day. You can put vinyl records in this rare Golden Age machine to play songs from that era.	From White Day event	2401		Assets/Product/Texture/Image/UiCollection/Iconcollection043.png	Assets/Product/Ui/ComponentPrefab/UiCollection/CollectionStyleOne.prefab															
13006700	999	2	5		Fortune Giver	Collectibles	"On this special day, Kuroro is no longer a mysterious creature that came out of nowhere. Instead, it has become the ""Fortune Giver"", bringing lots of Cogs to all the players who have worked so hard in the past year. Congratulations, and we wish you great fortune in the year to come!"	Awarded to participants of the limited event [Farewell to the Past Year]	2403		Assets/Product/Texture/Image/UiCollection/Iconcollection039.png	Assets/Product/Ui/ComponentPrefab/UiCollection/CollectionStyleOne.prefab															
13006800	999	2	4		Crafted Lantern	Collectibles	A red rectangle hand-crafted lantern. Its wick is made from the tactical torches the children gathered in the Oasis. It brings a warm, orange light to the lonely night.	From Lantern Festival Sign-in	2404		Assets/Product/Texture/Image/UiCollection/Iconcollection041.png	Assets/Product/Ui/ComponentPrefab/UiCollection/CollectionStyleOne.prefab															
13006900	999	2	2		Eden Festival Flag	Collectibles	Banners and balloons all over the Eden Festival were released together in the Opening Ceremony, flying to the skies along with good wishes. The Eden Festival flag flying on the pole witnessed the grand and cheerful celebration of a world without war and suffering, and recorded the unforgettable moments spent with them during the Festival.	Obtain by completing [Accept My Cheer VI]	2405		Assets/Product/Texture/Image/UiCollection/Iconcollection045.png	Assets/Product/Ui/ComponentPrefab/UiCollection/CollectionStyleOne.prefab								3	1						
13006901	999	2	3		Eden Festival Flag	Collectibles	Banners and balloons all over the Eden Festival were released together in the Opening Ceremony, flying to the skies along with good wishes. The Eden Festival flag flying on the pole witnessed the grand and cheerful celebration of a world without war and suffering, and recorded the unforgettable moments spent with them during the Festival.	Complete [Accept My Cheer VII] to upgrade it to blue	2408		Assets/Product/Texture/Image/UiCollection/Iconcollection045.png	Assets/Product/Ui/ComponentPrefab/UiCollection/CollectionStyleOne.prefab								3	2						
13006902	999	2	4		Eden Festival Flag	Collectibles	Banners and balloons all over the Eden Festival were released together in the Opening Ceremony, flying to the skies along with good wishes. The Eden Festival flag flying on the pole witnessed the grand and cheerful celebration of a world without war and suffering, and recorded the unforgettable moments spent with them during the Festival.	Complete [Accept My Cheer VIII] to upgrade it to purple	2409		Assets/Product/Texture/Image/UiCollection/Iconcollection045.png	Assets/Product/Ui/ComponentPrefab/UiCollection/CollectionStyleOne.prefab								3	3						
13006903	999	2	5		Eden Festival Flag	Collectibles	Banners and balloons all over the Eden Festival were released together in the Opening Ceremony, flying to the skies along with good wishes. The Eden Festival flag flying on the pole witnessed the grand and cheerful celebration of a world without war and suffering, and recorded the unforgettable moments spent with them during the Festival.	Complete [Accept My Cheer IX] to upgrade it to orange	2410		Assets/Product/Texture/Image/UiCollection/Iconcollection045.png	Assets/Product/Ui/ComponentPrefab/UiCollection/CollectionStyleOne.prefab								3	4						
13007000	999	2	2		War-Experienced Ribbon	Collectibles	History has always been written by the winner. In this case, after so many battles, you are experienced and worthy for receiving this War-Experienced Ribbon.—Hassen	Obtain by participating in Mycenaean Protocol: Blind Simulation	2406		Assets/Product/Texture/Image/UiCollection/Iconcollection046.png	Assets/Product/Ui/ComponentPrefab/UiCollection/CollectionStyleOne.prefab		[850075,850076,850077]	[3,4,5]	"[""·Gain 2 [War-Experienced Ribbon] to upgrade it to blue"",""·Gain 4 [War-Experienced Ribbon] to upgrade it to purple"",""·Gain 5 [War-Experienced Ribbon] to upgrade it to orange""]"											
13007100	999	2	2		Operation Manual	Collectibles	Private summaries written by F.O.S students, containing key information on tactics and knowledge not taught in class. The work is rough around the edges but insightful to those in the know. This is a more detailed version kept by Chrome, with many of his own comments added, not all of which agreeing with the text.	Obtain by completing Chrome: Glory's Challenge Stage	2407		Assets/Product/Texture/Image/UiCollection/Iconcollection047.png	Assets/Product/Ui/ComponentPrefab/UiCollection/CollectionStyleOne.prefab		[850078,850079,850080]	[3,4,5]	"[""·Collect 2 \""Operation Manual\"" to upgrade it to blue"",""·Collect 3 \""Operation Manual\"" to upgrade it to purple"",""·Collect 4 \""Operation Manual\"" to upgrade it to orange""]"											
13007200	999	2	5		JOKER	Collectibles	A rare commemorative card that only appears in a few dozen popular card decks in Babylonia. The front of this shining gold card is a symbol of mysterious power. This makes it quite the collector's item.	Win 10 times consecutively in Poker Guessing	2500		Assets/Product/Texture/Image/UiCollection/Iconcollection048.png	Assets/Product/Ui/ComponentPrefab/UiCollection/CollectionStyleOne.prefab															
13007300	999	2	4		Calculation Suitcase	Collectibles	A suitcase containing the formulas and procedures for checking the whole process. Data can be viewed through the electronic screen on the outside of the case without opening it.	Participate in Chained Simulation to obtain it	2600		Assets/Product/Texture/Image/UiCollection/Iconcollection050.png	Assets/Product/Ui/ComponentPrefab/UiCollection/CollectionStyleOne.prefab		[850081]	[5]	"[""Gain 2 [Calculation Case], and rank up to Orange""]"											
13007400	999	2	2		Message In A Bottle	Collectibles	Asimov's cherished personal collectible.	Collect points rewards of Limit Break to obtain it	2700		Assets/Product/Texture/Image/UiCollection/Iconcollection051.png	Assets/Product/Ui/ComponentPrefab/UiCollection/CollectionStyleOne.prefab		[850082,850083,850084]	[3,4,5]	"[""·Gain 3 [Message In A Bottle] and rank up to Blue"",""·Gain 6 [Message In A Bottle] and rank up to Purple"",""·Gain 10 [Message In A Bottle] and rank up to Orange""]"											
13007500	11	2	4		Broken Pocketwatch	Collectibles	An exquisite vintage pocketwatch. There is no pointer on the gold leaf spiral dial, but you can get close to it and listen carefully to the looming gear sound, whether it comes from the clock, or the depths of the tower...?	"Complete Event Mission ""Micawberism Cloisters - Final"" to obtain it"	2800		Assets/Product/Texture/Image/UiCollection/Iconcollection049.png	Assets/Product/Ui/ComponentPrefab/UiCollection/CollectionStyleOne.prefab	1											[102]		50	
13007600	999	2	4		Secret Treasure	Collectibles	Answer all puzzles correctly to obtain the hidden treasures.	Participate the [Treasure Rush] Event to obtain it	2900		Assets/Product/Texture/Image/UiCollection/Iconcollection052.png	Assets/Product/Ui/ComponentPrefab/UiCollection/CollectionStyleOne.prefab															
13007700	999	2	2		Horizon Echoes - Album	Collectibles	An album recorded in an old storage device. The stories of the ocean are sung by an old yet rich voice.	Obtain by clearing [Into the Deep]	3000		Assets/Product/Texture/Image/UiCollection/Iconcollection054.png	Assets/Product/Ui/ComponentPrefab/UiCollection/CollectionStyleOne.prefab		[850085,850086,850087]	[3,4,5]	"[""· Gain 3 [Horizon Echoes - Album], quality upgrade to Blue"",""· Gain 6 [Horizon Echoes - Album], quality upgrade to Purple"",""· Gain 10 [Horizon Echoes - Album], quality upgrade to Orange""]"											
13007800	2	2	2		Maelstrom Badge	Collectibles	A badge obtained from Babel Tower: Maelstrom. The unique design of this badge shows how much effort was poured into making this tiny badge. A commendation to commandants for successfully completing Babel Tower: Maelstrom Phase 7. This meticulously designed medallion is a symbol of bravery and glory in battle for those who wear it.	Clear Babel Tower: Maelstrom 1 time to receive	1407		Assets/Product/Texture/Image/UiCollection/Iconcollection053.png	Assets/Product/Ui/ComponentPrefab/UiCollection/CollectionStyleOne.prefab	1	[850088,850089,850090]	[3,4,5]	"[""· Complete Babel Tower mission [Sail Against the Tide II] to upgrade it to blue"",""· Complete Babel Tower mission [Sail Against the Tide III] to upgrade it to purple"",""· Complete Babel Tower mission [Sail Against the Tide IV] to upgrade it to orange""]"						7	Assets/Product/Texture/Image/UiCollection/Iconcollection053.png				
13007900	999	2	2		Combat Dagger	Collectibles	A dagger carried by Vera when she was still a medic on the field. Used to protect or end herself in desperate times.	Obtain by clearing [Warrior's Triumph]	3200		Assets/Product/Texture/Image/UiCollection/Iconcollection055.png	Assets/Product/Ui/ComponentPrefab/UiCollection/CollectionStyleOne.prefab		[850091,850092,850093]	[3,4,5]	"[""· Gain 2 [Combat Dagger] to upgrade it to Blue"",""· Gain 3 [Combat Dagger] and rank up to Purple"",""· Gain 4 [Combat Dagger] to upgrade it to Orange""]"											
13008000	999	2	2		Awesome Commandant	Collectibles	"A well-preserved vintage trophy that was awarded to the best actor during the Golden Age. The name on the bottom has been removed and replaced with ""Awesome Commandant""... It's an honor, probably?"	Available through [Play of a Loner - The Curtain Rises]	3300		Assets/Product/Texture/Image/UiCollection/Iconcollection058.png	Assets/Product/Ui/ComponentPrefab/UiCollection/CollectionStyleOne.prefab		[850094,850095,850096]	[3,4,5]	"[""· Gain 2 [\""Awesome Commandant\""] to upgrade it to blue"",""· Gain 3 [\""Awesome Commandant\""] to upgrade it to purple"",""· Gain 4 [\""Awesome Commandant\""] to upgrade it to orange""]"											
13009000	999	2	2		Proof of Mankind	Collectibles	This is a proof of mankind/We lived here. This heavy obsidian plate was designed and made by the WGAA to commend the commandants who have achieved outstanding results in the Mycenaean Protocol missions. This land is soaked by the blood of humankind. One day, we will walk on the road paved by our predecessors toward the final victory.	Available through [Scarlet Woods]	3400		Assets/Product/Texture/Image/UiCollection/Iconcollection056.png	Assets/Product/Ui/ComponentPrefab/UiCollection/CollectionStyleOne.prefab		[850097,850098,850099]	[3,4,5]	"[""· Gain 2 [Proof of Mankind] to upgrade it to blue"",""· Gain 4 [Proof of Mankind] to upgrade it to purple"",""· Gain 5 [Proof of Mankind] to upgrade it to orange""]"											
13010000	999	2	2		Heterosoil Grown Cert	Collectibles	The certificate for Heterosoil Grown. A hint of the new-born disaster has been captured inside.	Available after completing [KI.GAL Archives - Heterosoil Grown]	3500		Assets/Product/Texture/Image/UiCollection/Iconcollection057.png	Assets/Product/Ui/ComponentPrefab/UiCollection/CollectionStyleOne.prefab	1	[990000,990001,990002]	[3,4,5]	"[""· Gain 18 [Heterosoil Grown Cert] to upgrade it to blue"",""· Gain 36 [Heterosoil Grown Cert] to upgrade it to purple"",""· Gain 56 [Heterosoil Grown Cert] to upgrade it to orange""]"											
13011000	999	2	2		Hand-held Signal Tower	Collectibles	A popular tech toy in Babylonia equipped with communication features within certain channels. Kids often use this to secretly talk to one another.	Available through [Circuit Connect]	3600		Assets/Product/Texture/Image/UiCollection/Iconcollection059.png	Assets/Product/Ui/ComponentPrefab/UiCollection/CollectionStyleOne.prefab		[990003,990004,990005]	[3,4,5]	"[""· Gain 3 [Hand-held Signal Tower] to upgrade it to blue"",""· Gain 5 [Hand-held Signal Tower] to upgrade it to purple"",""· Gain 7 [Hand-held Signal Tower] to upgrade it to orange""]"											
13012001	999	2	2		Planetary Sequence	Collectibles	A handmade galaxy model that is not as accurate and convenient as hologram projection but thus more imaginative.	Obtained by clearing [Limit Break]	3700		Assets/Product/Texture/Image/UiCollection/Iconcollection063.png	Assets/Product/Ui/ComponentPrefab/UiCollection/CollectionStyleOne.prefab		[990015,990016,990017]	[3,4,5]	"[""· Gain 44,000 points to upgrade it to Blue"",""· Gain 48,000 points to upgrade it to Purple"",""· Gain 52,000 points to upgrade it to Orange""]"											
13012002	999	2	2		Caged Bird	Collectibles	Even though there is not much time left to escape, she still decides to stay here.	Obtained by clearing [Glimmering Life]	3701		Assets/Product/Texture/Image/UiCollection/Iconcollection061.png	Assets/Product/Ui/ComponentPrefab/UiCollection/CollectionStyleOne.prefab		[990012,990013,990014]	[3,4,5]	"[""· Gain [Caged Bird] x2 and rank up to Blue"",""· Gain 3 [Caged Bird] and rank up to Purple"",""· Gain [Caged Bird] x4 and rank up to Orange""]"											
13012003	999	2	2		Tactical Dance Pad	Collectibles	A dance pad recommended by Celica. Specially made to suit the Commandants' needs, the dance pad is light, portable, and can play random relaxing and cheerful music. It's just the pattern on it looks a bit familiar. Is it really a dance pad...?	Obtained by clearing [Dancing Stars]	3702		Assets/Product/Texture/Image/UiCollection/Iconcollection062.png	Assets/Product/Ui/ComponentPrefab/UiCollection/CollectionStyleOne.prefab		[990009,990010,990011]	[3,4,5]	"[""· Gain [\""Tactical\"" Dance Pad] x10 and rank up to Blue"",""· Gain [\""Tactical\"" Dance Pad] x25 and rank up to Purple"",""· Gain [\""Tactical\"" Dance Pad] x50 and rank up to Orange""]"											
13012004	2	2	2		Nocturnal Path Badge	Collectibles	A badge obtained from Project Babel Tower: Nocturnal Path, whose unique artistic carving makes it stand out among all the badges. A reward for commandants who have achieved Deep Strategic Simulation in Project Babel Tower Phase 8: Nocturnal Path. Its unique luster and carving design is a symbol of the excellent performance of its owner in a battle.	Clear Babel Tower: Nocturnal Journey to receive	1408		Assets/Product/Texture/Image/UiCollection/Iconcollection064.png	Assets/Product/Ui/ComponentPrefab/UiCollection/CollectionStyleOne.prefab	1	[990006,990007,990008]	[3,4,5]	"[""· Complete Babel Tower mission [Nocturnal Journey VII], quality upgrade to Blue"",""· Complete Babel Tower mission [Nocturnal Journey VIII], quality upgrade to Purple"",""· Complete Babel Tower mission [Nocturnal Journey IX], quality upgrade to Orange""]"						9	Assets/Product/Texture/Image/UiCollection/Iconcollection064.png				
13013001	999	2	5		Memorial Photo Album	Collectibles	An album full of precious memories with everyone. Hope these memories can fill your days in the future.	Obtained on the birthday	3799		Assets/Product/Texture/Image/UiCollection/Iconcollection065.png	Assets/Product/Ui/ComponentPrefab/UiCollection/CollectionStyleOne.prefab															
13013002	999	2	2		Concerto No. 1: Iris	Collectibles	This is the first concerto that Selena wrote by pouring her feelings into the music as an opera singer. Although it is not perfect and the minor mistakes on it always make Selena look away in embarrassment, she still cherishes the music score and keeps it in a box to take care of it. Now, this memory is lying quietly in your hand like the music score that waits for two to play it till the end.	Obtained by clearing [Accompanist's Song]	3801		Assets/Product/Texture/Image/UiCollection/Iconcollection066.png	Assets/Product/Ui/ComponentPrefab/UiCollection/CollectionStyleOne.prefab		[990019,990020,990021]	[3,4,5]	"[""· Gain 2 <Iris> to upgrade it to Blue"",""· Gain 3 <Iris> to upgrade it to Purple"",""· Gain 4 <Iris> to upgrade it to Orange""]"											
13013003	999	2	2		Festival Group Photo	Collectibles	The only group photo the Scavengers left. It records the last days of their struggles. However, most of the people in the photo have vanished in the changes of the times.	Obtained by clearing [Immunopolis]	3802		Assets/Product/Texture/Image/UiCollection/Iconcollection068.png	Assets/Product/Ui/ComponentPrefab/UiCollection/CollectionStyleOne.prefab		[990022,990023,990024]	[3,4,5]	"[""· Gain 2 [Festival Group Photo] to upgrade it to Blue"",""· Gain 3 [Festival Group Photo] to upgrade it to Purple"",""· Gain 5 [Festival Group Photo] to upgrade it to Orange""]"											
13013004	9	2	6		Honor Medal II	Collectibles	Dear commandants, you have been through the most difficult battles this year, from the Red Tide to Atlantis. You fought so bravely that you all managed to seize hope even in difficult times. Hope this precious medal will witness your victory in the future and become a part of your memory.(Up to 2023/7/13 02:00 UTC)	Obtained from the 2nd Anniversary Sign-in event	301		Assets/Product/Texture/Image/UiCollection/Iconcollection067.png	Assets/Product/Ui/ComponentPrefab/UiCollection/CollectionStyleOne.prefab												[1689213600,1]	[1,2,3,4]		
13013005	999	2	3		Prayer	Collectibles	"Every story has an ending. What's your opinion on how it ends for the girl in the portrait named ""Prayer""? Do you want her to have a better ending or just let the story end like this? Regardless of your choice, you can always rewrite the ending of the story as long as you have that prayer in your heart."	Obtained by clearing [Recitativo di Fantasia]	3803		Assets/Product/Texture/Image/UiCollection/Iconcollection069.png	Assets/Product/Ui/ComponentPrefab/UiCollection/CollectionStyleOne.prefab		[990025,990026,990027]	[3,4,5]	"[""· Gain Prayer x1 and rank up to Blue"",""· Gain Prayer x2 and rank up to Purple"",""· Gain Prayer x3 and rank up to Orange""]"											
13014001	999	2	2		Ultimate Budo	Collectibles	The ultimate state martial artists are working toward their whole life is not to defeat their opponents by punching and kicking or with weapons but to seek a way of coexistence with them. But of course, if reasoning doesn't work, we'll have to try some other way...	Obtained by clearing [Roamer Records]	3901		Assets/Product/Texture/Image/UiCollection/Iconcollection070.png	Assets/Product/Ui/ComponentPrefab/UiCollection/CollectionStyleOne.prefab		[990028,990029,990030]	[3,4,5]	"[""· Gain [Ultimate Budo] x2 and rank up to Blue"",""· Gain [Ultimate Budo] x3 and rank up to Purple"",""· Gain [Ultimate Budo] x4 and rank up to Orange""]"											
13014002	999	2	2		Stopped Pocketwatch	Collectibles	The lid is broken and the cogs sound squeaky. The watch that could only run with a special spring has now found a brief moment of peace.	Obtained by clearing [Devour Wave Escape]	3902		Assets/Product/Texture/Image/UiCollection/Iconcollection071.png	Assets/Product/Ui/ComponentPrefab/UiCollection/CollectionStyleOne.prefab		[990031,990032,990033]	[3,4,5]	"[""· Gain [Stopped Pocketwatch] x2 and rank up to Blue"",""· Gain [Stopped Pocketwatch] x3 and rank up to Purple"",""· Gain [Stopped Pocketwatch] x4 and rank up to Orange""]"											
13014003	999	2	2		Mini Wood Matrix	Collectibles	An old Kowloong educational toy invented by an ancient architect. He put together this toy with mortise and tenon joints for children to play with. People in Kowloong believe that children can develop their observational and practical abilities by repetitively assembling and disassembling a complex structure. These toys come in different difficulty levels to satisfy the needs of children of different ages, but those of higher difficulty levels are enough to indulge adults.	Obtained by clearing [Circuit Connect]	3903		Assets/Product/Texture/Image/UiCollection/Iconcollection072.png	Assets/Product/Ui/ComponentPrefab/UiCollection/CollectionStyleOne.prefab		[990034,990035,990036]	[3,4,5]	"[""· Gain [Mini Wood Matrix] x3 and rank up to Blue"",""· Gain [Mini Wood Matrix] x5 and rank up to Purple"",""· Gain [Mini Wood Matrix] x7 and rank up to Orange""]"											
13014004	999	2	5		Frozen Ice Crown	Collectibles	A crown that is said will never melt. It is granted to all commandants who have completed Crabsgiving Day missions! Thank you for your participation!	Obtained by clearing [Crabsgiving Day]	3904		Assets/Product/Texture/Image/UiCollection/Iconcollection073.png	Assets/Product/Ui/ComponentPrefab/UiCollection/CollectionStyleOne.prefab															
13015001	999	2	2		Falling Stone	Collectibles	"She left her missing thoughts on numerous fragments of stars, hoping one of them could travel to you. ""How are you? Do you... still miss me?"" The girl is still wandering the vast universe in the distant future."	Obtained by clearing [Winter Sequence]	4001		Assets/Product/Texture/Image/UiCollection/Iconcollection074.png	Assets/Product/Ui/ComponentPrefab/UiCollection/CollectionStyleOne.prefab		[990037,990038,990039]	[3,4,5]	"[""· Gain [Falling Stone] x2 and rank up to Blue"",""· Gain [Falling Stone] x3 and rank up to Purple"",""· Gain [Falling Stone] x4 and rank up to Orange""]"											
13015002	999	2	2		Snowman	Collectibles	A delicate handicraft that represents missing thoughts that will never melt.	Obtained by clearing [Plum Snow]	4002		Assets/Product/Texture/Image/UiCollection/Iconcollection077.png	Assets/Product/Ui/ComponentPrefab/UiCollection/CollectionStyleOne.prefab		[990046,990047,990048]	[3,4,5]	"[""· Gain [Snowman] x2 and rank up to Blue"",""· Gain [Snowman] x3 and rank up to Purple"",""· Gain [Snowman] x5 and rank up to Orange""]"											
13015003	2	2	2		Ruins of Nothingness Badge	Collectibles	A commemorative badge obtained from Project Babel Tower: Ruins of Nothingness. It's a precious collectible. Awarded to commandants who have achieved deep strategy simulation in the Ruins of Nothingness operation.	Obtained by clearing [Babel Tower: Ruins of Nothingness] 1 time	1409		Assets/Product/Texture/Image/UiCollection/Iconcollection078.png	Assets/Product/Ui/ComponentPrefab/UiCollection/CollectionStyleOne.prefab	1	[990040,990041,990042]	[3,4,5]	"[""· Complete Babel Tower mission [Ruins VII] and rank up to Blue"",""· Complete Babel Tower mission [Ruins VIII] and rank up to Purple"",""· Complete Babel Tower mission [Ruins IX] and rank up to Orange""]"						11	Assets/Product/Texture/Image/UiCollection/Iconcollection078.png				
13015004	999	2	2		Eternal Cosmos	Collectibles	What keeps spinning in her soul is a tiny cosmos that has witnessed the past and the future.	Obtained by clearing [Robo-Heart]	4003		Assets/Product/Texture/Image/UiCollection/Iconcollection076.png	Assets/Product/Ui/ComponentPrefab/UiCollection/CollectionStyleOne.prefab		[990043,990044,990045]	[3,4,5]	"[""· Gain [Eternal Cosmos] x2 and rank up to Blue"",""· Gain [Eternal Cosmos] x3 and rank up to Purple"",""· Gain [Eternal Cosmos] x4 and rank up to Orange""]"											
13015005	999	2	2		History of the Cosmos	Collectibles	Cold matters, piled matters, orbits, gathering, and stability. Fusion, burning, the red giant star, and coldness. All happening in front of our eyes. In the vast starry sky, countless stars are being born, and countless are dying. Some are our past. Some are our future. And this medal is for you, who have been through so many battles to witness the rise and fall of the stars at this particular moment.	Obtained by clearing [Mycenaean Protocol - Prophetic Surveillance]	4004		Assets/Product/Texture/Image/UiCollection/Iconcollection079.png	Assets/Product/Ui/ComponentPrefab/UiCollection/CollectionStyleOne.prefab		[990049,990050,990051]	[3,4,5]	"[""· Gain [History of the Cosmos] x6 and rank up to Blue"",""· Gain [History of the Cosmos] x11 and rank up to Purple"",""· Gain [History of the Cosmos] x16 and rank up to Orange""]"											
13015006	999	2	5		Decorative Fan	Collectibles	A decorative fan featuring vibrant plum blossoms.	Obtained by clearing the event [Handmade Blessings]	4005		Assets/Product/Texture/Image/UiCollection/Iconcollection075.png	Assets/Product/Ui/ComponentPrefab/UiCollection/CollectionStyleOne.prefab															
13016001	999	2	2		Spin This Disco Ball	Collectibles	Provided by an unknown young rapper. Very useful to enliven the atmosphere. Kind reminder: don't use it in residential areas.	Obtained by clearing [Disco Panini]	5001		Assets/Product/Texture/Image/UiCollection/Iconcollection081.png	Assets/Product/Ui/ComponentPrefab/UiCollection/CollectionStyleOne.prefab		[990055,990056,990057]	[3,4,5]	"[""· Gain [Spin This Disco Ball] ×2 and rank up to Blue"",""· Gain [Spin This Disco Ball] ×3 and rank up to Purple"",""· Gain [Spin This Disco Ball] ×4 and rank up to Orange""]"											
13016002	999	2	2		Difference Engine	Collectibles	Haicma often looks at it and wonders if the machine has its own thoughts.	Obtained by clearing [Godseeker's Psalm]	5002		Assets/Product/Texture/Image/UiCollection/Iconcollection082.png	Assets/Product/Ui/ComponentPrefab/UiCollection/CollectionStyleOne.prefab		[990052,990053,990054]	[3,4,5]	"[""· Gain [Difference Engine] ×2 and rank up to Blue"",""· Gain [Difference Engine] ×3 and rank up to Purple"",""· Gain [Difference Engine] ×4 and rank up to Orange""]"											
13017001	999	2	5		Pixel Master	Collectibles	A special trophy given to the winner of [Magic Square Funfair]. Although it can be disassembled into colorful parts, it requires considerable brainpower to be put back together.	Complete [Magic Square Funfair] to obtain	6001		Assets/Product/Texture/Image/UiCollection/Iconcollection086.png	Assets/Product/Ui/ComponentPrefab/UiCollection/CollectionStyleOne.prefab															
13017002	999	2	2		Moonlight Sand	Collectibles	"The faint fluorescence of the white sand in the hourglass is a beam of moonlight—the only bright light in a starless night. You hear someone say, ""but the Moon itself, isn't it also relying on the light of others?"" Turning around, you see a girl with a lonely smile."	Complete [KI.GAL Archives - Dark Moon Corridor] to obtain	6002		Assets/Product/Texture/Image/UiCollection/Iconcollection085.png	Assets/Product/Ui/ComponentPrefab/UiCollection/CollectionStyleOne.prefab		[990061,990062,990063]	[3,4,5]	"[""·Collect [Moonlight Sand] x3 and rank up to blue"",""·Collect [Moonlight Sand] x6 and rank up to blue"",""·Collect [Moonlight Sand] x10 and rank up to blue""]"											
13017003	999	2	2		Lunar Base Model	Collectibles	"During the Golden Age, the first person said, ""That's one small step for man, one giant leap for mankind."" Now, countless people gather at the lunar base to take countless personal small steps for the future of humanity once again."	Complete [Nuclear Darkness] to obtain	6003		Assets/Product/Texture/Image/UiCollection/Iconcollection084.png	Assets/Product/Ui/ComponentPrefab/UiCollection/CollectionStyleOne.prefab		[990064,990065,990066]	[3,4,5]	"[""· Gain [Lunar Base Model] ×2 and rank up to Blue"",""· Gain [Lunar Base Model] ×3 and rank up to Purple"",""· Gain [Lunar Base Model] ×4 and rank up to Orange""]"											
13018001	999	2	2		Wanderer's Journal	Collectibles	It's hard to imagine how this worn-out paper notebook has been preserved until this day. The bloodstains and water stains on the cover have already dried up. The writings inside are not from the same person.	Obtained by clearing [Immunopolis: Wasteland Journal]	7002		Assets/Product/Texture/Image/UiCollection/Iconcollection087.png	Assets/Product/Ui/ComponentPrefab/UiCollection/CollectionStyleOne.prefab		[990067,990068,990069]	[3,4,5]	"[""· Collect 2 [Wanderer's Journal] to upgrade it to Blue."",""· Collect 3 [Wanderer's Journal] to upgrade it to Purple."",""· Collect 4 [Wanderer's Journal] to upgrade it to Orange.""]"											
13018002	999	2	2		Sunflower and Feather	Collectibles	The sinner slowly recounts his memory and gives the keepsake of the precious highlights to you, his attentive listener. Among them, there are flowers rooted into the ground but following the light and traces left by flying seagulls.	Obtained by clearing [A Sinner's Confession]	7003		Assets/Product/Texture/Image/UiCollection/Iconcollection088.png	Assets/Product/Ui/ComponentPrefab/UiCollection/CollectionStyleOne.prefab		[990070,990071,990072]	[3,4,5]	"[""· Gain 2 [Sunflower and Feather] to upgrade it to Blue."",""· Gain 3 [Sunflower and Feather] to upgrade it to Purple."",""· Gain 4 [Sunflower and Feather] to upgrade it to Orange.""]"											
13018003	999	2	2		Blush	Collectibles	A faded parrot CUB that has completely stopped running. It used to be the companion of a Construct and recorded the battles from the Pulia Forest Park Ruins to the destruction of Asslam.	Obtained by clearing [Limit Break]	7003		Assets/Product/Texture/Image/UiCollection/Iconcollection089.png	Assets/Product/Ui/ComponentPrefab/UiCollection/CollectionStyleOne.prefab		[990073,990074,990075]	[3,4,5]	"[""· Gain 2 [\""Blush\""] to upgrade it to Blue."",""· Gain 3 [\""Blush\""] to upgrade it to Purple."",""· Gain 4 [\""Blush\""] to upgrade it to Purple.""]"											
13019001	999	2	2		Summer Memory	Collectibles	A recording of the summer shot and saved because the recorder accidentally switched to the recording mode in a hurry.	Obtain by clearing [Midsummer Memento]	8001		Assets/Product/Texture/Image/UiCollection/Iconcollection093.png	Assets/Product/Ui/ComponentPrefab/UiCollection/CollectionStyleOne.prefab		[990085,990086,990087]	[3,4,5]	"[""· Gain 3 [Summer Memory] to upgrade it to Blue"",""· Gain 5 [Summer Memory] to upgrade it to Purple"",""· Gain 7 [Summer Memory] to upgrade it to Orange""]"											
13019002	999	2	2		Lithos' Data Sample	Collectibles	The combat echo collected by Babylonia. Displays different colors as it levels up. Available after simulating the battle against Litho. His mysterious power can be felt even from the sample.	Obtain by clearing [Exodus Memoria]	8002		Assets/Product/Texture/Image/UiCollection/Iconcollection094.png	Assets/Product/Ui/ComponentPrefab/UiCollection/CollectionStyleOne.prefab		[990076,990077,990078]	[3,4,5]	"[""· Gain 6★ Reward and rank up to Blue"",""· Gain 9★ Reward and rank up to Purple"",""· Gain 15★ Reward and rank up to Orange""]"											
13019003	2	2	2		Triumphant Tide Badge	Collectibles	A badge obtained from Project Babel: Triumphant Tide. Rewarded to commandants who have succeeded in an in-depth simulation of Project Babel tactical operation phase 10. The design carries the wish for the warrior to achieve a victory.	Obtained by clearing [Babel Tower: Triumphant Tide] once	1410		Assets/Product/Texture/Image/UiCollection/Iconcollection091.png	Assets/Product/Ui/ComponentPrefab/UiCollection/CollectionStyleOne.prefab	1	[990079,990080,990081]	[3,4,5]	"[""· Complete Babel Tower mission [Song of Victory VII] to upgrade it to Blue"",""· Complete Babel Tower mission [Song of Victory VIII] to upgrade it to Purple"",""· Complete Babel Tower mission [Song of Victory IX] to upgrade it to Orange""]"						13	Assets/Product/Texture/Image/UiCollection/Iconcollection091.png				
13019004	999	2	2		Fluorescent Coral	Collectibles	A coral of a dim fluorescent color. The call of the tide attracts the fairies from the deep sea to the coast, turning it into a starry river that guides Bianca back home.	Obtain by clearing [Reborn Resolve]	8004		Assets/Product/Texture/Image/UiCollection/Iconcollection092.png	Assets/Product/Ui/ComponentPrefab/UiCollection/CollectionStyleOne.prefab		[990082,990083,990084]	[3,4,5]	"[""· Gain 2 [Fluorescent Coral] to upgrade it to Blue"",""· Gain 3 [Fluorescent Coral] to upgrade it to Purple"",""· Gain 4 [Fluorescent Coral] to upgrade it to Orange""]"											
13019101	999	2	2		Ballerina Tutu	Collectibles	A soft snow-white tutu quietly hung on the display stand. With this tutu on, a ballerina lifts her knee and spins her body round and round. Does she realize why she has to dance? Does she remember the dance she performed yesterday? Does she know... when she can stop dancing?	Available through [A Dance in the Park]	9001		Assets/Product/Texture/Image/UiCollection/Iconcollection096.png	Assets/Product/Ui/ComponentPrefab/UiCollection/CollectionStyleOne.prefab		[990088,990089,990090]	[3,4,5]	"[""· Gain [Ballerina Tutu] ×2 and rank up to Blue"",""· Gain [Ballerina Tutu] ×3 and rank up to Purple"",""· Gain [Ballerina Tutu] ×4 and rank up to Orange""]"											
13019102	999	2	2		Rhomboid Polymagnet	Collectibles	A once-popular toy in Babylonia created using the Engineering Force's industrial molds. It was discontinued due to safety issues from its imprudent pursuit of recreating industrial magnetism. Please handle this rarity with extreme care as it is both precious and extremely dangerous when near magnetic substances...	Available through [Circuit Connect - Force Unleashed]	9002		Assets/Product/Texture/Image/UiCollection/Iconcollection095.png	Assets/Product/Ui/ComponentPrefab/UiCollection/CollectionStyleOne.prefab		[990091,990092,990093]	[3,4,5]	"[""· Gain [Rhomboid Polymagnet] ×2 and rank up to Blue"",""· Gain [Rhomboid Polymagnet] ×3 and rank up to Purple"",""· Gain [Rhomboid Polymagnet] ×4 and rank up to Orange""]"											
13019103	999	2	2		Porcelain Swan	Collectibles	An exquisite porcelain of a swan resting on a tranquil lake. Noble and elegant, it wordlessly embodies Bambinata's wish for the partner dance she is well familiar with but unable to recreate.	Available through [Dialogues with an Existentialist]	9003		Assets/Product/Texture/Image/UiCollection/Iconcollection098.png	Assets/Product/Ui/ComponentPrefab/UiCollection/CollectionStyleOne.prefab		[990094,990095,990096]	[3,4,5]	"[""· Gain [Porcelain Swan] ×2 and rank up to Blue"",""· Gain [Porcelain Swan] ×3 and rank up to Purple"",""· Gain [Porcelain Swan] ×4 and rank up to Orange""]"											
13019104	999	2	5		Blessing From the Moon	Collectibles	A special bookmark made by the WGAA in commemoration of the Mid-Autumn Festival. It has a blessing engraved on one side, and the other side is for you to write a message for someone you care about. Legend has it that if the bookmarks you receive are enough to form a full moon, you may engrave your wish on them, and the day of your dream coming true will arrive very soon.	Available through the Mid-Autumn Festival event [Once in a Blue Moon]	9004		Assets/Product/Texture/Image/UiCollection/Iconcollection097.png	Assets/Product/Ui/ComponentPrefab/UiCollection/CollectionStyleOne.prefab															
13019201	999	2	2		Primal Projection's Data Sample	Collectibles	The combat echo collected by Babylonia. Displays different colors as it levels up. Available after simulating the battle against Primal Projection. A mysterious power can be felt even from the sample.	Obtained by clearing [Hyperspace Collapse]	10001		Assets/Product/Texture/Image/UiCollection/Iconcollection101.png	Assets/Product/Ui/ComponentPrefab/UiCollection/CollectionStyleOne.prefab		[990097,990098,990099]	[3,4,5]	"[""· Gain 6★ Reward and rank up to Blue"",""· Gain 9★ Reward and rank up to Purple"",""· Gain 15★ Reward and rank up to Orange""]"											
13019202	999	2	5		Broken Tag	Collectibles	A broken but unrusted tag that has survived warfare. It has recorded a concealed past. Now that she has bid farewell to her past self, she made up her mind to give it to you.	Obtained by clearing [Arcade Anima - Crimson Abyss]	10002		Assets/Product/Texture/Image/UiCollection/Iconcollection100.png	Assets/Product/Ui/ComponentPrefab/UiCollection/CollectionStyleOne.prefab															
13019203	999	2	3		Team of Pixel Dream	Collectibles	"A special trophy given to the winning team of ""Magic Square Trial"". Each figurine has words on their bottoms, which form a sentence when placed together: ""We are the champions!"""	Obtained by clearing [Magic Square Trial]	10003		Assets/Product/Texture/Image/UiCollection/Iconcollection099.png	Assets/Product/Ui/ComponentPrefab/UiCollection/CollectionStyleOne.prefab		[990100,990101]	[4,5]	"[""· Gain [Team of Pixel Dream] x2 and rank up to Purple"",""· Gain [Team of Pixel Dream] x3 and rank up to Orange""]"											
13019204	999	2	5		Worn-Out Daggers	Collectibles	Among all the weapons he mastered over time, daggers are the ones that best suit his fighting style. Even though they can no longer slice an enemy, he still cherished them as much as in days past. Now, he entrusts them along with his past to your hands.	Obtained by clearing [Arcade Anima - Nightblade]	10004		Assets/Product/Texture/Image/UiCollection/Iconcollection102.png	Assets/Product/Ui/ComponentPrefab/UiCollection/CollectionStyleOne.prefab															
13019205	999	2	5		Meowy Saver	Collectibles	Thank you for retrieving the cats that went off to forage for space catnip. A mountain of cats in your room is proof of your benevolence. To honor your contribution, you are awarded with this special collectible.	Obtained by clearing [Cat Grab]	10005		Assets/Product/Texture/Image/UiCollection/Iconcollection104.png	Assets/Product/Ui/ComponentPrefab/UiCollection/CollectionStyleOne.prefab															
13019206	999	2	2		Locator Mark-II	Collectibles	A locator modified by Lee from the power core of his old frame. As long as you are in danger, someone will come to save you no matter the time and distance.	Obtained by clearing [However Improbable]	10001		Assets/Product/Texture/Image/UiCollection/Iconcollection103.png	Assets/Product/Ui/ComponentPrefab/UiCollection/CollectionStyleOne.prefab		[990102,990103,990104]	[3,4,5]	"[""· Gain [Locator Mark-II] x2 and rank up to Blue"",""· Gain [Locator Mark-II] x3 and rank up to Purple"",""· Gain [Locator Mark-II] x4 and rank up to Orange""]"											
13019301	999	2	5		Birthday Cake	Collectibles	A birthday cake made by everyone. It is sprinkled with everyone's gratitude and blessings for Commandant.	Obtained on the 2nd birthday	3800		Assets/Product/Texture/Image/UiCollection/Iconcollection105.png	Assets/Product/Ui/ComponentPrefab/UiCollection/CollectionStyleOne.prefab															
13019302	999	2	4		Graffiti Pioneer	Collectibles	This mini robot entered mass production in the Palette Clash as a tool used by the three schools. It will spray graffiti on walls all around the city to increase the school's influence.	Obtained by clearing [Palette Clash]	11001		Assets/Product/Texture/Image/UiCollection/Iconcollection107.png	Assets/Product/Ui/ComponentPrefab/UiCollection/CollectionStyleOne.prefab		[990105]	[5]	"[""· Gain [Graffiti Pioneer] x2 and rank up to Orange""]"											
13019303	2	2	2		Sidereal Impression Badge	Collectibles	A badge obtained from Project Babel Tower: Sidereal Impression. Unlike most badges, this one was not carved but made from multiple layers of oil paint. It is awarded to commandants who have achieved deep strategy simulation in the Sidereal Impression operation.	Obtained by clearing [Babel Tower: Sidereal Impression] once	1411		Assets/Product/Texture/Image/UiCollection/Iconcollection106.png	Assets/Product/Ui/ComponentPrefab/UiCollection/CollectionStyleOne.prefab	1	[990106,990107,990108]	[3,4,5]	"[""· Complete Babel Tower mission [Highlight VII] and rank up to Blue"",""· Complete Babel Tower mission [Highlight VIII] and rank up to Purple"",""· Complete Babel Tower mission [Highlight IX] and rank up to Orange""]"						15	Assets/Product/Texture/Image/UiCollection/Iconcollection106.png				
13019304	999	2	2		Picture Book	Collectibles	Ayla created this manga to fulfill a little promise she once made. Inspired by a popular theme in the Golden Age, this work features a classic story of girls in magical armors defeating evil forces and saving the world.	Obtained by clearing [Age of Creators]	11002		Assets/Product/Texture/Image/UiCollection/Iconcollection108.png	Assets/Product/Ui/ComponentPrefab/UiCollection/CollectionStyleOne.prefab		[990109,990110,990111]	[3,4,5]	"[""· Gain [Picture Book] x2 and rank up to Blue"",""· Gain [Picture Book] x3 and rank up to Purple"",""· Gain [Picture Book] x4 and rank up to Orange""]"											
13019305	9	2	6		Honor Medal III	Collectibles	Over the past year, mankind survived the lucem of despair, but embraced a new divide thanks to a message from the stars. We ventured across the ruined sea and found a new dawn in the spiral of Chronos. Now, all the battles and struggles have been recorded in this medal by the designer. She believes it will bear a fruit of future in your memories.	Obtained from the 3rd Anniversary Sign-in event	302		Assets/Product/Texture/Image/UiCollection/Iconcollection109.png	Assets/Product/Ui/ComponentPrefab/UiCollection/CollectionStyleOne.prefab												[1701741600,1]	[1,2,3,4]		
13019401	12	2	5		Covenant Stone	Collectibles	This gemstone, gifted by the guide girl, signifies the eternal contract forged between you two. It displays the number of successful adventures you've undertaken to fulfill this contract.	"Obtained by completing related missions in ""Journal of Reversing Tides"" of [Cursed Waves]."	12001		Assets/Product/Texture/Image/UiCollection/Iconcollection114.png	Assets/Product/Ui/ComponentPrefab/UiCollection/CollectionStyleOne.prefab	1														
13019402	999	2	5		A Bowl of Reunion	Collectibles	Adorned with traditional Kowloong motifs, this bowl contains round and jovial rice dumplings. Someone has whimsically shaped these dumplings into the forms of various Constructs, huddled together in a merry, bustling crowd.	Obtained from [Joyous Wrappings]	12002		Assets/Product/Texture/Image/UiCollection/Iconcollection111.png	Assets/Product/Ui/ComponentPrefab/UiCollection/CollectionStyleOne.prefab															
13019403	999	2	2		Lilith Data Sample	Collectibles	The combat echo collected by Babylonia. Displays different colors as it levels up. Available after simulating the battle against Lilith. Her mysterious power can be felt even from the sample.	Obtained from [Sinister Craft]	12003		Assets/Product/Texture/Image/UiCollection/Iconcollection112.png	Assets/Product/Ui/ComponentPrefab/UiCollection/CollectionStyleOne.prefab		[990112,990113,990114]	[3,4,5]	"[""· Gain 6★ Reward and rank up to Blue"",""· Gain 9★ Reward and rank up to Purple"",""· Gain 15★ Reward and rank up to Orange""]"											
13019404	999	2	5		Flash TR-1200	Collectibles	"Introduced by Universal Toys toward the end of the Golden Age, Flash TR-1200 represented the pinnacle of the company's game console engineering. Curiously, in an era of advanced network communications, it persisted in using traditional cartridge-based memory units for gaming. Perhaps this quirk is what humans refer to as ""romance""?"	Obtained by clearing [Arcade Anima - Starfarer]	12004		Assets/Product/Texture/Image/UiCollection/Iconcollection115.png	Assets/Product/Ui/ComponentPrefab/UiCollection/CollectionStyleOne.prefab															
13019405	999	2	2		Final Message	Collectibles	"Amidst the ruins of the battlefield, the only functioning mechanical device is an incredibly outdated military walkie-talkie. Its simple, rugged design has resisted the ravages of time and remained unaffected by the Punishing Virus. It still carries a fragment of its owner's final message, ""Requesting bombing support at my location."""	Obtained from [Corrupted Battlefront]	12005		Assets/Product/Texture/Image/UiCollection/Iconcollection110.png	Assets/Product/Ui/ComponentPrefab/UiCollection/CollectionStyleOne.prefab		[990121,990122]	[3,5]	"[""· Gain [Final Message] x2 and rank up to Blue"",""· Gain [Final Message] x3 and rank up to Orange""]"											
13019406	999	2	2		Culinary Goddess Figurine	Collectibles	Goddess of the Kitchen of Babylonia... Pulao?	Obtained from [Cooking Lulu]	12006		Assets/Product/Texture/Image/UiCollection/Iconcollection113.png	Assets/Product/Ui/ComponentPrefab/UiCollection/CollectionStyleOne.prefab		[990118,990119,990120]	[3,4,5]	"[""· Gain [Culinary Goddess Figurine] x2 and rank up to Blue"",""· Gain [Culinary Goddess Figurine] x3 and rank up to Purple"",""· Gain [Culinary Goddess Figurine] x4 and rank up to Orange""]"											
13019407	999	2	2		Binding Scorchmark	Collectibles	"These battle-scarred bandages silently recount the stories of her encounters and clashes with the ""enemy""... and the memories of their attraction to one another."	Obtained from [Abyssal Unbounded]	12007		Assets/Product/Texture/Image/UiCollection/Iconcollection116.png	Assets/Product/Ui/ComponentPrefab/UiCollection/CollectionStyleOne.prefab		[990115,990116,990117]	[3,4,5]	"[""· Gain [Binding Scorchmark] x2 and rank up to Blue"",""· Gain [Binding Scorchmark] x3 and rank up to Purple"",""· Gain [Binding Scorchmark] x4 and rank up to Orange""]"											
13019501	999	2	2		Fu Shen's Data Sample	Collectibles	The combat echo collected by Babylonia. Displays different colors as it levels up. Available after simulating the battle against Fu Shen. Its mysterious power can be felt even from the sample.	Obtain by clearing [System Shock]	12008		Assets/Product/Texture/Image/UiCollection/Iconcollection117.png	Assets/Product/Ui/ComponentPrefab/UiCollection/CollectionStyleOne.prefab		[990123,990124,990125]	[3,4,5]	"[""· Gain [Fu Shen's Data Sample] x2 and rank up to Blue"",""· Gain [Fu Shen's Data Sample] x3 and rank up to Purple"",""· Gain [Fu Shen's Data Sample] x5 and rank up to Orange""]"											
13019502	999	2	2		Damaged Collar	Collectibles	"The Nighter once forced all the passengers to wear this ""collar."" The reason to remove it was the same as the outcome—death, or freedom."	Obtain by clearing [Homeward Dreamer]	12009		Assets/Product/Texture/Image/UiCollection/Iconcollection118.png	Assets/Product/Ui/ComponentPrefab/UiCollection/CollectionStyleOne.prefab		[990126,990127,990128]	[3,4,5]	"[""· Gain [Damaged Collar] x2 and rank up to Blue"",""· Gain [Damaged Collar] x3 and rank up to Purple"",""· Gain [Damaged Collar] x4 and rank up to Orange""]"											
13019503	999	2	2		Dancing with Shadows	Collectibles	There are only lone shadows under the moon. Dance with this dreamy illusion.	Obtain by clearing [Pathfinder]	12010		Assets/Product/Texture/Image/UiCollection/Iconcollection119.png	Assets/Product/Ui/ComponentPrefab/UiCollection/CollectionStyleOne.prefab		[990129,990130,990131]	[3,4,5]	"[""· Gain [Dancing with Shadows] x2 and rank up to Blue"",""· Gain [Dancing with Shadows] x3 and rank up to Purple"",""· Gain [Dancing with Shadows] x4 and rank up to Orange""]"											
13019504	999	2	2		Dancing Dreams	Collectibles	The shallow leaves fall into your palm like the remains of a dream. The vague vision has already lost its colors, but still extends toward the future. There is no need to linger on the past, so leave and bury all the confusion under it. When the morning breeze brushes on your face, it will be the time to depart.	Obtain by clearing [Leaf-Ferried Dreams]	12011		Assets/Product/Texture/Image/UiCollection/Iconcollection120.png	Assets/Product/Ui/ComponentPrefab/UiCollection/CollectionStyleOne.prefab		[990132,990133,990134]	[3,4,5]	"[""· Gain [Dancing Dreams] x2 and rank up to Blue"",""· Gain [Dancing Dreams] x3 and rank up to Purple"",""· Gain [Dancing Dreams] x4 and rank up to Orange""]"											
13019601	999	2	2		Fenrir's Data Sample	Collectibles	The combat echo collected by Babylonia. Displays different colors as it levels up. Available after simulating the battle against Hetero-Beast: Fenrir. Its mysterious power can be felt even from the sample.	Available through [Woodland Banquet]	12012		Assets/Product/Texture/Image/UiCollection/Iconcollection121.png	Assets/Product/Ui/ComponentPrefab/UiCollection/CollectionStyleOne.prefab		[990135,990136,990137]	[3,4,5]	"[""· Gain [Fenrir's Data Sample] x2 and rank up to Blue"",""· Gain [Fenrir's Data Sample] x3 and rank up to Purple"",""· Gain [Fenrir's Data Sample] x5 and rank up to Orange""]"											
13019602	2	2	2		Infernal Forest Badge	Collectibles	A badge obtained from Project Babel: Infernal Forest. Rewarded to commandants who have succeeded in an in-depth simulation of tactical operation Infernal Forest. Carved from a special type of solid wood, this badge is an everlasting symbol of the soldiers' merits.	Obtained by clearing [Babel Tower: Infernal Forest] once	1412		Assets/Product/Texture/Image/UiCollection/Iconcollection124.png	Assets/Product/Ui/ComponentPrefab/UiCollection/CollectionStyleOne.prefab	1	[990138,990139,990140]	[3,4,5]	"[""· Complete Babel Tower mission [Bloom VII] and rank up to Blue"",""· Complete Babel Tower mission [Bloom VIII] and rank up to Purple"",""· Complete Babel Tower mission [Bloom IX] and rank up to Orange""]"						17	Assets/Product/Texture/Image/UiCollection/Iconcollection124.png				
13019603	999	2	2		Story's Ending	Collectibles	The little white wolf has her own planet in the end. Very few can actually understand No. 21's fairy tales, but they are her stories. They do not need any restraint.	Available through [Space Odyssey]	12014		Assets/Product/Texture/Image/UiCollection/Iconcollection122.png	Assets/Product/Ui/ComponentPrefab/UiCollection/CollectionStyleOne.prefab		[990141,990142,990143]	[3,4,5]	"[""· Gain [Story's Ending] x2 and rank up to Blue"",""· Gain [Story's Ending] x3 and rank up to Purple"",""· Gain [Story's Ending] x4 and rank up to Orange""]"											
13019604	999	2	2		"""Snore"""	Collectibles	"""This is all I can do. Are you okay with it?"" ""Yeah."" She carefully holds it up like a child cherishing her fallen baby teeth."	Available through [Uninhibited]	12015		Assets/Product/Texture/Image/UiCollection/Iconcollection125.png	Assets/Product/Ui/ComponentPrefab/UiCollection/CollectionStyleOne.prefab		[990144,990145,990146]	[3,4,5]	"[""· Gain [\""Snore\""] x2 and rank up to Blue"",""· Gain [\""Snore\""] x3 and rank up to Purple"",""· Gain [\""Snore\""] x4 and rank up to Orange""]"											
13019605	999	2	5		Prismatic Crystal	Collectibles	These strange crystals were brought back by the investigation squad from the Dead Zone. This sample was later processed by the Science Council and attached to a report. Although the crystals are all classified in the same group, but each of them is emitting unique radiant colors as if they have individual wills.	Available through [Circuit Connect: Predators Game]	12016		Assets/Product/Texture/Image/UiCollection/Iconcollection123.png	Assets/Product/Ui/ComponentPrefab/UiCollection/CollectionStyleOne.prefab															
13019606	999	2	5		Vintage Sextant	Collectibles	Professor Kalon gave this to his student as a graduation gift. In navigation, the sextant is used to estimate the ship's longitude and latitude by measuring the angle between astronomical objects and the horizon. It reminds all the researchers to remember the connections they have with others in their pursuit of the future.	Available through [Arcade Anima - Karenina]	12017		Assets/Product/Texture/Image/UiCollection/Iconcollection126.png	Assets/Product/Ui/ComponentPrefab/UiCollection/CollectionStyleOne.prefab															
13019607	999	2	2		Nigel's Data Sample	Collectibles	"The combat echo collected by Babylonia. Displays different colors as it levels up. Available after simulating the battle against ""Scorpio"" Nigel. Its mysterious power can be felt even from the sample."	Available through [Scorpio Assault]	12018		Assets/Product/Texture/Image/UiCollection/Iconcollection131.png	Assets/Product/Ui/ComponentPrefab/UiCollection/CollectionStyleOne.prefab		[990147,990148,990149]	[3,4,5]	"[""· Gain [Nigel's Data Sample] x2 and rank up to Blue"",""· Gain [Nigel's Data Sample] x3 and rank up to Purple"",""· Gain [Nigel's Data Sample] x5 and rank up to Orange""]"											
13019608	999	2	2		Cerberus Plushie	Collectibles	Noctis' Cerberus plushie. Before leaving for a battle, Noctis would put it near the cabin door so he and other teammates can make fist bumps with it, wishing themselves all the best. It has witnessed all Noctis' battles, including the undocumented ones, but it would have been lost in battle long ago if the shuttle pilot did not bring it back every single time.	Available through [Darkseeker's Roar]	12019		Assets/Product/Texture/Image/UiCollection/Iconcollection127.png	Assets/Product/Ui/ComponentPrefab/UiCollection/CollectionStyleOne.prefab		[990150,990151,990152]	[3,4,5]	"[""· Gain [Cerberus Plushie] x2 and rank up to Blue"",""· Gain [Cerberus Plushie] x3 and rank up to Purple"",""· Gain [Cerberus Plushie] x4 and rank up to Orange""]"											
13019609	999	2	3		Rusty Clock	Collectibles	The clock has stopped ticking. The cage of time has been shattered.	Obtained by clearing [Devour Wave Escape: Tides of Time]	12020		Assets/Product/Texture/Image/UiCollection/Iconcollection128.png	Assets/Product/Ui/ComponentPrefab/UiCollection/CollectionStyleOne.prefab		[990153,990154]	[4,5]	"[""· Gain [Rusty Clock] x3 and rank up to Purple"",""· Gain [Rusty Clock] x6 and rank up to Orange""]"											
13019610	999	2	5		"""Splash One"""	Collectibles	"""Splash One"" is a special water rocket produced by Universal Toys. Originally an educational toy, it can now launch water bombs with incredible splash range once you purchase the special bottle and handheld launcher. If you want to win water battles among your friends and family, look no further!"	Available through [Beach Fight]	12021		Assets/Product/Texture/Image/UiCollection/Iconcollection129.png	Assets/Product/Ui/ComponentPrefab/UiCollection/CollectionStyleOne.prefab															
13019611	999	2	2		Unnamed Poems	Collectibles	Echo has never shown this notebook to anyone. It keeps record of her own poems, dreams, resolutions, and vows.	Available through [Trial of Righteousness]	12022		Assets/Product/Texture/Image/UiCollection/Iconcollection132.png	Assets/Product/Ui/ComponentPrefab/UiCollection/CollectionStyleOne.prefab		[990158,990159,990160]	[3,4,5]	"[""· Gain [Unnamed Poems] x2 and rank up to Blue"",""· Gain [Unnamed Poems] x3 and rank up to Purple"",""· Gain [Unnamed Poems] x4 and rank up to Orange""]"											
13019612	999	2	5		I Want Them All!	Collectibles	Shiny ores and clear crystals... Of course, cats want them all!	Obtained by clearing [Cat Grab]	12023		Assets/Product/Texture/Image/UiCollection/Iconcollection133.png	Assets/Product/Ui/ComponentPrefab/UiCollection/CollectionStyleOne.prefab															
13019613	2	2	2		Seamless Stars Badge	Collectibles	A badge obtained from Project Babel: Seamless Stars. Rewarded to commandants who have succeeded in an in-depth simulation of tactical operation Seamless Stars. Made from a special material, this badge is a dazzling symbol of the soldiers' merits.	Obtained by clearing [Babel Tower: Seamless Stars] once	1413		Assets/Product/Texture/Image/UiCollection/Iconcollection138.png	Assets/Product/Ui/ComponentPrefab/UiCollection/CollectionStyleOne.prefab	1	[990161,990162,990163]	[3,4,5]	"[""· Complete Babel Tower mission [Dark Field VII] and rank up to Blue"",""· Complete Babel Tower mission [Dark Field VIII] and rank up to Purple"",""· Complete Babel Tower mission [Dark Field IX] and rank up to Orange""]"						19	Assets/Product/Texture/Image/UiCollection/Iconcollection138.png				
13019614	999	2	5		Noan-Made Wish Ticket	Collectibles	"To make amends for his previous reckless actions, Noan has crafted this Wish Ticket that can be used to request Noan's assistance in any task or favor. Though it was intended as an apology, Noan showed a restrained smile like a businessman distributing coupons when he presented the ticket. ""I look forward to your visit."""	Obtained by clearing [Arcade Anima - Arca]	12024		Assets/Product/Texture/Image/UiCollection/Iconcollection137.png	Assets/Product/Ui/ComponentPrefab/UiCollection/CollectionStyleOne.prefab															
13019615	999	2	2		To My Future Self	Collectibles	A time capsule unearthed from its long burial. It holds handwritten letters brimming with countless desires. Wishes for glimpses of the outside world, dreams of popularity, aspirations for wisdom, and yearnings for adult praise—many of them remain unfulfilled even in the present day.	Obtain by clearing [Seeker's Voyage]	12025		Assets/Product/Texture/Image/UiCollection/Iconcollection134.png	Assets/Product/Ui/ComponentPrefab/UiCollection/CollectionStyleOne.prefab		[990164,990165,990166]	[3,4,5]	"[""· Gain [To My Future Self] x2 and rank up to Blue"",""· Gain [To My Future Self] x3 and rank up to Purple"",""· Gain [To My Future Self] x4 and rank up to Orange""]"											
13019616	999	2	2		Cthylla's Data Sample	Collectibles	The combat echo collected by Babylonia. Displays different colors as it levels up. Available after simulating the battle against Cthylla. Her mysterious power can be felt even from the sample.	Obtain by clearing [Old Lullabies]	12026		Assets/Product/Texture/Image/UiCollection/Iconcollection135.png	Assets/Product/Ui/ComponentPrefab/UiCollection/CollectionStyleOne.prefab		[990167,990168,990169]	[3,4,5]	"[""· Gain [Cthylla's Data Sample] x2 and rank up to Blue"",""· Gain [Cthylla's Data Sample] x3 and rank up to Purple"",""· Gain [Cthylla's Data Sample] x5 and rank up to Orange""]"											
13019617	999	2	5		Summer Reminiscence	Collectibles	A box of customized puzzles that carries cherished memories of this entire summer.	Obtain by clearing [Midsummer Rewind]	12027		Assets/Product/Texture/Image/UiCollection/Iconcollection136.png	Assets/Product/Ui/ComponentPrefab/UiCollection/CollectionStyleOne.prefab															
13019618	999	2	2		"""Queen"""	Collectibles	"Used in a certain game. Represents the ""Queen"" chess piece."	Obtained from [Outlander's Flame]	12028		Assets/Product/Texture/Image/UiCollection/Iconcollection140.png	Assets/Product/Ui/ComponentPrefab/UiCollection/CollectionStyleOne.prefab		[990170,990171,990172]	[3,4,5]	"[""· Gain [\""Queen\""] x2 and rank up to Blue"",""· Gain [\""Queen\""] x3 and rank up to Purple"",""· Gain [\""Queen\""] x4 and rank up to Orange""]"											
13019619	999	2	2		DEAD MASTER's Data Sample	Collectibles	The combat echo collected by Babylonia. Displays different colors as it levels up. Available after simulating the battle against DEAD MASTER. Her mysterious power can be felt even from the sample.	Obtained by clearing [Glimpse of the End]	12029		Assets/Product/Texture/Image/UiCollection/Iconcollection139.png	Assets/Product/Ui/ComponentPrefab/UiCollection/CollectionStyleOne.prefab		[990173,990174,990175]	[3,4,5]	"[""· Gain [DEAD MASTER's Data Sample] x2 and rank up to Blue"",""· Gain [DEAD MASTER's Data Sample] x3 and rank up to Purple"",""· Gain [DEAD MASTER's Data Sample] x5 and rank up to Orange""]"											
13019620	999	2	5		Disco Towel	Collectibles	A towel the organizer asked Lucia to design for this event, given out to participants as a gift. The towel is designed with athletic colors, but the designer has used her power to put a picture of hers at an obvious spot... Hopefully, this does not bother anyone.	Obtained by clearing [Brandishing Tunes]	12030		Assets/Product/Texture/Image/UiCollection/Iconcollection141.png	Assets/Product/Ui/ComponentPrefab/UiCollection/CollectionStyleOne.prefab															
13019621	13	2	2	861901	Sequence: Shift	Collectibles	A data unit found in the depths of Simulacrum that constantly undergoes iterations in order to approximate reality.	Obtained by clearing [Simulacrum Submersion: Unfathomable Shift]	12031		Assets/Product/Texture/Image/UiCollection/Iconcollection145.png	Assets/Product/Ui/ComponentPrefab/UiCollection/CollectionStyleOne.prefab	1	[861902,861903,861904]	[3,4,5]	"[""· Complete Simulacrum Submersion mission [Simulacrum Submersion - Sequence I] and rank up to Blue"",""· Complete Simulacrum Submersion mission [Simulacrum Submersion - Sequence III] and rank up to Purple"",""· Complete Simulacrum Submersion mission [Simulacrum Submersion - Sequence VI] and rank up to Orange""]"						2					
13019622	999	2	2		Old Tactical Compass	Collectibles	Once a standard issue in the equipment of Oasis, this weathered compass bears patches of rust. Remarkably, its needle can still accurately point out directions even to this day.	Obtained by clearing [Forsaken Ordeals]	12032		Assets/Product/Texture/Image/UiCollection/Iconcollection142.png	Assets/Product/Ui/ComponentPrefab/UiCollection/CollectionStyleOne.prefab		[990176,990177,990178]	[3,4,5]	"[""· Gain [Old Tactical Compass] x2 and rank up to Blue"",""· Gain [Old Tactical Compass] x3 and rank up to Purple"",""· Gain [Old Tactical Compass] x4 and rank up to Orange""]"											
13019623	999	2	2		Ballard's Data Sample	Collectibles	The combat echo collected by Babylonia. Displays different colors as it levels up. Available after simulating the battle against Ballard. His mysterious power can be felt even from the sample.	Obtained by clearing [Firestorm Crucible]	12033		Assets/Product/Texture/Image/UiCollection/Iconcollection144.png	Assets/Product/Ui/ComponentPrefab/UiCollection/CollectionStyleOne.prefab		[990179,990180,990181]	[3,4,5]	"[""· Gain [Ballard's Data Sample] x2 and rank up to Blue"",""· Gain [Ballard's Data Sample] x3 and rank up to Purple"",""· Gain [Ballard's Data Sample] x5 and rank up to Orange""]"											
13019624	999	2	5		Maple Shuriken	Collectibles	A portable concealed weapon of compact design. Crafted with sharp alloy blades, it whirls rapidly at one's command, effortlessly slicing through autumn winds and descending leaves.	Obtained by clearing [Circuit Connect: Twisted Constellations]	12034		Assets/Product/Texture/Image/UiCollection/Iconcollection143.png	Assets/Product/Ui/ComponentPrefab/UiCollection/CollectionStyleOne.prefab															
13019625	999	2	2		Kowloong Incense Burner	Collectibles	A Kowloong-style incense burner that takes the shape of a peacock standing on mountains with soothing fragrant agarwood smoke coming from the inside.	Obtained from [Sovereign's Purge]	12035		Assets/Product/Texture/Image/UiCollection/Iconcollection147.png	Assets/Product/Ui/ComponentPrefab/UiCollection/CollectionStyleOne.prefab		[990182,990183,990184]	[3,4,5]	"[""· Gain [Kowloong Incense Burner] x2 and rank up to Blue"",""· Gain [Kowloong Incense Burner] x3 and rank up to Purple"",""· Gain [Kowloong Incense Burner] x4 and rank up to Orange""]"											
13019626	999	2	2		The Emperor's Data Sample	Collectibles	The combat echo collected by Babylonia. Displays different colors as it levels up. Available after simulating the battle against the Emperor. His mysterious power can be felt even from the sample.	Obtained from [Tainted Light]	12036		Assets/Product/Texture/Image/UiCollection/Iconcollection146.png	Assets/Product/Ui/ComponentPrefab/UiCollection/CollectionStyleOne.prefab		[990185,990186,990187]	[3,4,5]	"[""· Gain [The Emperor's Data Sample] x2 and rank up to Blue"",""· Gain [The Emperor's Data Sample] x3 and rank up to Purple"",""· Gain [The Emperor's Data Sample] x5 and rank up to Orange""]"											
13019627	999	2	3		"""Square-speare"""	Collectibles	A Shark-speare collab transparent cube ornament. Although it looks delicious, it's not edible.	Obtained from [Magic Square Bounce]	12037		Assets/Product/Texture/Image/UiCollection/Iconcollection149.png	Assets/Product/Ui/ComponentPrefab/UiCollection/CollectionStyleOne.prefab		[990188,990189]	[4,5]	"[""· Gain [\""Square-speare\""] x2 and rank up to Purple"",""· Gain [\""Square-speare\""] x3 and rank up to Orange""]"											
13019628	999	2	6		Honor Medal IV	Collectibles	Breaking free from the icy abyss, we ventured into the forest in search of a new path. With the undying flame held high, we embarked on a journey once traveled by the dead, seeking new beginnings. We forged the old flames of history into a monument and moved forward under the guidance of the North Star. One year's behind us, and we'll continue our journey toward the future.	Awarded to participants of the event [Golden Hour]	303		Assets/Product/Texture/Image/UiCollection/Iconcollection150.png	Assets/Product/Ui/ComponentPrefab/UiCollection/CollectionStyleOne.prefab															
13019629	999	2	2		Outdated Server	Collectibles	A server that broke during the Golden Age. After Teddy dismantled it, it became one of her prized possessions.	Obtain by clearing [The Successor's Pursuit]	12039		Assets/Product/Texture/Image/UiCollection/Iconcollection152.png	Assets/Product/Ui/ComponentPrefab/UiCollection/CollectionStyleOne.prefab		[990190,990191,990192]	[3,4,5]	"[""· Gain [Outdated Server] x2 and rank up to Blue"",""· Gain [Outdated Server] x3 and rank up to Purple"",""· Gain [Outdated Server] x4 and rank up to Orange""]"											
13019630	999	2	2		Cradle's Data Sample	Collectibles	The combat echo collected by Babylonia. Displays different colors as it levels up. Available after simulating the battle against Cradle. Her mysterious power can be felt even from the sample.	Obtain by clearing [Void Tides]	12040		Assets/Product/Texture/Image/UiCollection/Iconcollection153.png	Assets/Product/Ui/ComponentPrefab/UiCollection/CollectionStyleOne.prefab		[990193,990194,990195]	[3,4,5]	"[""· Gain [Cradle's Data Sample] x2 and rank up to Blue"",""· Gain [Cradle's Data Sample] x3 and rank up to Purple"",""· Gain [Cradle's Data Sample] x5 and rank up to Orange""]"											
13019631	999	2	5		Stellar Rhythm	Collectibles	"Prize for the winner of [Wreck-it Bear]. This amplifier is portable and has exceptional audio quality. In the center are the words ""Winner""."	Obtain by clearing [Wreck-It Bear]	12041		Assets/Product/Texture/Image/UiCollection/Iconcollection154.png	Assets/Product/Ui/ComponentPrefab/UiCollection/CollectionStyleOne.prefab															
13019632	999	2	5		Cat Projector	Collectibles	Hell, all this projector shows are holograms of cats. Gotta put this away next time so that the kids can't temper with it again... Fine. It's pretty cute.	Obtained by clearing [Cat Grab]	12042		Assets/Product/Texture/Image/UiCollection/Iconcollection151.png	Assets/Product/Ui/ComponentPrefab/UiCollection/CollectionStyleOne.prefab															
13019633	999	2	5		Birthday Bouquet	Collectibles	Each member has picked a flower and made them into this birthday bouquet together. Each flower carries their unique gratitude and memories with Commandant.	Obtained on birthday	12038		Assets/Product/Texture/Image/UiCollection/Iconcollection148.png	Assets/Product/Ui/ComponentPrefab/UiCollection/CollectionStyleOne.prefab															
13019634	999	2	2		Frosted Echoes	Collectibles	The bells of this old phone have gone faint and weak, but it is still guiding the lost, pointing them to a journey home.	Obtained by clearing [Boundbreaker's Redemption]	12043		Assets/Product/Texture/Image/UiCollection/Iconcollection155.png	Assets/Product/Ui/ComponentPrefab/UiCollection/CollectionStyleOne.prefab		[990196,990197,990198]	[3,4,5]	"[""· Gain [Frosted Echoes] x2 and rank up to Blue"",""· Gain [Frosted Echoes] x3 and rank up to Purple"",""· Gain [Frosted Echoes] x4 and rank up to Orange""]"											
13019635	999	2	2		Selene's Data Sample	Collectibles	The combat echo collected by Babylonia. Displays different colors as it levels up. Available after simulating the battle against Selene. Her mysterious power can be felt even from the sample.	Obtained by clearing [Sinful Wreath]	12044		Assets/Product/Texture/Image/UiCollection/Iconcollection158.png	Assets/Product/Ui/ComponentPrefab/UiCollection/CollectionStyleOne.prefab		[990199,990200,990201]	[3,4,5]	"[""· Gain [Selene's Data Sample] x2 and rank up to Blue"",""· Gain [Selene's Data Sample] x3 and rank up to Purple"",""· Gain [Selene's Data Sample] x5 and rank up to Orange""]"											
13019636	999	2	5		Stars Ensnared	Collectibles	All the brilliance, like eternal star dust, is forever frozen in this moment. This medal, decorated with time and lunar phases, bears witness to your choices and glory.	Obtained by clearing Main Story [Stars Ensnared]	12045		Assets/Product/Texture/Image/UiCollection/Iconcollection157.png	Assets/Product/Ui/ComponentPrefab/UiCollection/CollectionStyleOne.prefab															
13019637	999	2	5		Glittering Star	Collectibles	Lanterns will drift away, but Shark-speare's scented candles will take their place and continue to illuminate your night.	Obtained by clearing [Spring Gala]	12046		Assets/Product/Texture/Image/UiCollection/Iconcollection160.png	Assets/Product/Ui/ComponentPrefab/UiCollection/CollectionStyleOne.prefab															
13019638	14	2	5		Matrix Crystal	Collectibles	This data crystal appeared in different worlds in the Matrix network and was picked up by Jetavie every time. The crystal itself cannot be linked or deciphered, and possesses no active or passive transmission functions. Still, it faithfully records every ripple in the quantum sea, reminding the explorers that the constantly resetting world has yet to reach its end. Each iteration has been recorded and remembered. Every reset marks the beginning and the end of the next journey.	Obtained by clearing [Derived from Matrix]	12047		Assets/Product/Texture/Image/UiCollection/Iconcollection159.png	Assets/Product/Ui/ComponentPrefab/UiCollection/CollectionStyleOne.prefab	1														
13019639	2	2	2		Ruin's Shade Badge	Collectibles	A badge obtained from Project Babel: Ruin's Shade. Rewarded to commandants who have succeeded in an in-depth simulation of tactical operation Ruin's Shade.	Obtained by clearing [Babel Tower: Ruin's Shade] once	1414		Assets/Product/Texture/Image/UiCollection/Iconcollection156.png	Assets/Product/Ui/ComponentPrefab/UiCollection/CollectionStyleOne.prefab	1	[990202,990203,990204]	[3,4,5]	"[""· Complete Babel Tower mission [Shade VII] and rank up to Blue"",""· Complete Babel Tower mission [Shade VIII] and rank up to Purple"",""· Complete Babel Tower mission [Shade IX] and rank up to Orange""]"						21	Assets/Product/Texture/Image/UiCollection/Iconcollection156.png				
13019640	999	2	2		"""Daybreak"" Electrolyte"	Collectibles	Bridget's love of this drink has made it popular in the Support Force. To thank her for her continuous support, the manufacturer created a one-of-a-kind collector's version and gave it to her as a gift.	"Obtained by clearing ""Glimpse of Revelation"""	12048		Assets/Product/Texture/Image/UiCollection/Iconcollection163.png	Assets/Product/Ui/ComponentPrefab/UiCollection/CollectionStyleOne.prefab		[990205,990206,990207]	[3,4,5]	"[""· Gain [\""Daybreak\"" Electrolyte] x2 and rank up to Blue"",""· Gain [\""Daybreak\"" Electrolyte] x3 and rank up to Purple"",""· Gain [\""Daybreak\"" Electrolyte] x4 and rank up to Orange""]"											
13019641	999	2	2		Skych's Data Sample	Collectibles	The combat echo collected by Babylonia. Displays different colors as it levels up. Available after simulating the battle against Skych. His mysterious power can be felt even from the sample.	"Obtained by clearing ""Forgotten Crate"""	12049		Assets/Product/Texture/Image/UiCollection/Iconcollection161.png	Assets/Product/Ui/ComponentPrefab/UiCollection/CollectionStyleOne.prefab		[990208,990209,990210]	[3,4,5]	"[""· Gain [Skych's Data Sample] x2 and rank up to Blue"",""· Gain [Skych's Data Sample] x3 and rank up to Purple"",""· Gain [Skych's Data Sample] x5 and rank up to Orange""]"											
13019642	999	2	5		When Day Breaks	Collectibles	Long-buried shackles break apart as this decayed grave greets resurrection, brought about by the choices you made. Treasure this glimmer of light that illuminated the past, and keep it in your heart.	Obtained by clearing Floating Record [When Day Breaks]	12050		Assets/Product/Texture/Image/UiCollection/Iconcollection162.png	Assets/Product/Ui/ComponentPrefab/UiCollection/CollectionStyleOne.prefab															
13019643	999	2	5		Crystal Saber	Collectibles	An exquisite model replicated from the weapon used by the protagonist of a famous Golden Age movie. Its incredible level of detail makes many mistake it for a real, functional weapon.	Obtained by clearing [Circuit Connect - Cosmos Star]	12051		Assets/Product/Texture/Image/UiCollection/Iconcollection164.png	Assets/Product/Ui/ComponentPrefab/UiCollection/CollectionStyleOne.prefab															
13019644	999	2	2		Warming Tea Set	Collectibles	Regardless of the countless meetings, separations, and reunions, Hanying always has this plain tea set with her.	Obtained from [Cadence Weaver]	12052		Assets/Product/Texture/Image/UiCollection/Iconcollection166.png	Assets/Product/Ui/ComponentPrefab/UiCollection/CollectionStyleOne.prefab		[990214,990215,990216]	[3,4,5]	"[""· Gain [Warming Tea Set] x2 and rank up to Blue"",""· Gain [Warming Tea Set] x3 and rank up to Purple"",""· Gain [Warming Tea Set] x4 and rank up to Orange""]"											
13019645	999	2	2		Veronica's Data Sample	Collectibles	The combat echo collected by Babylonia. Displays different colors as it levels up. Available after simulating the battle against Veronica. Her mysterious power can be felt even from the sample.	Obtained from [Age of Machina]	12053		Assets/Product/Texture/Image/UiCollection/Iconcollection165.png	Assets/Product/Ui/ComponentPrefab/UiCollection/CollectionStyleOne.prefab		[990217,990218,990219]	[3,4,5]	"[""· Gain [Veronica's Data Sample] x2 and rank up to Blue"",""· Gain [Veronica's Data Sample] x3 and rank up to Purple"",""· Gain [Veronica's Data Sample] x5 and rank up to Orange""]"											
13019646	999	2	5		Soaring Beyond	Collectibles	Even if the heaven is too far to reach, the bridge of dream should not fall into hell. When the war is over, the stars will shine again, and we will reach the future... where we stand together.	Obtained from Floating Record [Soaring Beyond]	12054		Assets/Product/Texture/Image/UiCollection/Iconcollection168.png	Assets/Product/Ui/ComponentPrefab/UiCollection/CollectionStyleOne.prefab															
13019647	999	2	2		Balancing Eagle	Collectibles	An old toy that Wanshi obtained from the Youth Center. It's searching for balance under its soaring wings.	Obtained from [Wanderer's Choice]	12055		Assets/Product/Texture/Image/UiCollection/Iconcollection170.png	Assets/Product/Ui/ComponentPrefab/UiCollection/CollectionStyleOne.prefab		[990220,990221,990222]	[3,4,5]	"[""· Gain [Balancing Eagle] x2 and rank up to Blue"",""· Gain [Balancing Eagle] x3 and rank up to Purple"",""· Gain [Balancing Eagle] x4 and rank up to Orange""]"											
13019648	999	2	2		"""Shorthalt"" Data Sample"	Collectibles	"The combat echo collected by Babylonia. Displays different colors as it levels up. Available after simulating the battle against ""Shorthalt"". His mysterious power can be felt even from the sample."	Obtained from [Withered Repose]	12056		Assets/Product/Texture/Image/UiCollection/Iconcollection169.png	Assets/Product/Ui/ComponentPrefab/UiCollection/CollectionStyleOne.prefab		[990223,990224,990225]	[3,4,5]	"[""· Gain [\""Shorthalt\"" Data Sample] x2 and rank up to Blue"",""· Gain [\""Shorthalt\"" Data Sample] x3 and rank up to Purple"",""· Gain [\""Shorthalt\"" Data Sample] x5 and rank up to Orange""]"											
13019649	999	2	5		The Long Goodbye	Collectibles	While in a lucid dream, we look back at the scenery along the way with our clear eyes. Out with the old, and in with the new. We will witness the transformation of the desolation under our feet into prosperity.	Obtained from Floating Record [The Long Goodbye]	12057		Assets/Product/Texture/Image/UiCollection/Iconcollection171.png	Assets/Product/Ui/ComponentPrefab/UiCollection/CollectionStyleOne.prefab															
13019650	999	2	2		Echoes of the Clover	Collectible	"A recording device with Lucia's singing. She gazes at Memory and hums a tune from her heart called ""Bliss""."	Obtained from [The Watcher's Oath]	12058		Assets/Product/Texture/Image/UiCollection/Iconcollection173.png	Assets/Product/Ui/ComponentPrefab/UiCollection/CollectionStyleOne.prefab		[990226,990227,990228]	[3,4,5]	"[""· Gain [Echoes of the Clover] x2 and rank up to 3★."",""· Gain [Echoes of the Clover] x3 and rank up to 4★."",""· Gain [Echoes of the Clover] x4 and rank up to 5★.""]"											
13019651	999	2	2		Vonnegut Data Sample	Collectible	The combat echo collected by Babylonia. Displays different colors as it levels up. Available after simulating the battle against Vonnegut. A mysterious power can be felt even from the sample.	Obtained from [Slaughterhouse #5]	12059		Assets/Product/Texture/Image/UiCollection/Iconcollection172.png	Assets/Product/Ui/ComponentPrefab/UiCollection/CollectionStyleOne.prefab		[990229,990230,990231]	[3,4,5]	"[""· Gain [Vonnegut Data Sample] x2 and rank up to 3★."",""· Gain [Vonnegut Data Sample] x3 and rank up to 4★."",""· Gain [Vonnegut Data Sample] x5 and rank up to 5★.""]"											
13019652	999	2	5		Shaper's Ripples	Collectible	From the bottomless abyss, a butterfly emerges. Its wings conjure a storm that transcends space-time, tear the night apart and bring the first light of dawn.	Obtained by clearing Main Story [Shaper's Ripples]	12060		Assets/Product/Texture/Image/UiCollection/Iconcollection174.png	Assets/Product/Ui/ComponentPrefab/UiCollection/CollectionStyleOne.prefab															
13019653	999	2	2		AJSA-ii Trainer	Collectible	Yata always raves about these shoes whenever training gear comes up. They're her absolute favorites. Despite being around for a while, these shoes are still one of the few that offer both exceptional comfort and impressive durability. They can easily handle even the grueling training routines of a Construct.	Obtained from [Soul Ferrier]	12061		Assets/Product/Texture/Image/UiCollection/Iconcollection178.png	Assets/Product/Ui/ComponentPrefab/UiCollection/CollectionStyleOne.prefab		[990232,990233,990234]	[3,4,5]	"[""· Gain [AJSA-ii Trainer] x2 and rank up to 3★."",""· Gain [AJSA-ii Trainer] x3 and rank up to 4★."",""· Gain [AJSA-ii Trainer] x4 and rank up to 5★.""]"											
13019654	999	2	2		Yuka Saotome Data Sample	Collectible	The combat echo collected by Babylonia. Displays different colors as it levels up. Available after simulating the battle against Yuka Saotome. A mysterious power can be felt even from the sample.	Obtained by clearing [Floral Requiem]	12062		Assets/Product/Texture/Image/UiCollection/Iconcollection175.png	Assets/Product/Ui/ComponentPrefab/UiCollection/CollectionStyleOne.prefab		[990235,990236,990237]	[3,4,5]	"[""· Gain [Yuka Saotome Data Sample] x2 and rank up to 3★."",""· Gain [Yuka Saotome Data Sample] x3 and rank up to 4★."",""· Gain [Yuka Saotome Data Sample] x5 and rank up to 5★.""]"											
13019655	999	2	5		Crescent Sun	Collectible	Petals of indigo drift towards eternity, finding their final resting place in the earth. Past dreams remain sweet, and the future shines bright... I'll be here, watching you on your journey.	Obtained by clearing Floating Record [Crescent Sun]	12063		Assets/Product/Texture/Image/UiCollection/Iconcollection176.png	Assets/Product/Ui/ComponentPrefab/UiCollection/CollectionStyleOne.prefab															
13019656	999	2	2		"Cardman Rider ""Transformer"""	Collectible	"A limited-edition communication terminal produced by Universal Toys. Its design is inspired by the Golden Age Tokusatsu series, ""Cardman Rider""."	Available through [Dawnchaser's Crusade]	12064		Assets/Product/Texture/Image/UiCollection/Iconcollection180.png	Assets/Product/Ui/ComponentPrefab/UiCollection/CollectionStyleOne.prefab		[990238,990239,990240]	[3,4,5]	"[""· Gain [Cardman Rider \""Transformer\""] x2 and rank up to 3★."",""· Gain [Cardman Rider \""Transformer\""] x3 and rank up to 4★."",""· Gain [Cardman Rider \""Transformer\""] x4 and rank up to 5★.""]"											
13019657	999	2	2		Falling Star: Powered Data Sample	Collectible	The combat echo collected by Babylonia. Displays different colors as it levels up. Available after simulating the battle against Falling Star: Powered. A mysterious power can be felt even from the sample.	Available through [The Wanderer's Guide to the Galaxy]	12065		Assets/Product/Texture/Image/UiCollection/Iconcollection179.png	Assets/Product/Ui/ComponentPrefab/UiCollection/CollectionStyleOne.prefab		[990241,990242,990243]	[3,4,5]	"[""· Gain [Falling Star: Powered Data Sample] x2 and rank up to 3★."",""· Gain [Falling Star: Powered Data Sample] x3 and rank up to 4★."",""· Gain [Falling Star: Powered Data Sample] x5 and rank up to 5★.""]"											
13019658	999	2	5		To the Galaxies	Collectible	Roses bloom in an eternal winter without a future.	Obtained by clearing Main Story [To the Galaxies]	12066		Assets/Product/Texture/Image/UiCollection/Iconcollection181.png	Assets/Product/Ui/ComponentPrefab/UiCollection/CollectionStyleOne.prefab															
13019659	999	2	5		Dayhide, Nighthunt	Collectible	Now, these little guys are hopping around in the terminal device day and night. Thankfully, they won't suddenly jump onto your bed at 4 AM.	Obtained by clearing [Cat Grab]	12067		Assets/Product/Texture/Image/UiCollection/Iconcollection182.png	Assets/Product/Ui/ComponentPrefab/UiCollection/CollectionStyleOne.prefab															
13019660	999	2	2		Cryptic Key	Collectible	A key adorned with intricate patterns and password-like symbols. Even the WGAA has failed to decode its hidden meaning.	Obtained from [Observer's Gaze]	12068		Assets/Product/Texture/Image/UiCollection/Iconcollection188.png	Assets/Product/Ui/ComponentPrefab/UiCollection/CollectionStyleOne.prefab		[990244,990245,990246]	[3,4,5]	"[""· Gain [Cryptic Key] x2 and rank up to Blue"",""· Gain [Cryptic Key] x3 and rank up to Purple"",""· Gain [Cryptic Key] x4 and rank up to Orange""]"											
13019661	999	2	2		Chaos' Data Sample	Collectible	The combat echo collected by Babylonia. Displays different colors as it levels up. Available after simulating the battle against Chaos. Her mysterious power can be felt even from the sample.	Obtained by clearing [Wilted Sequence]	12069		Assets/Product/Texture/Image/UiCollection/Iconcollection183.png	Assets/Product/Ui/ComponentPrefab/UiCollection/CollectionStyleOne.prefab		[990247,990248,990249]	[3,4,5]	"[""· Gain [Chaos's Data Sample] x2 and rank up to Blue"",""· Gain [Chaos's Data Sample] x3 and rank up to Purple"",""· Gain [Chaos's Data Sample] x5 and rank up to Orange""]"											
13019662	2	2	2		Cataclysmic Remnants Badge	Collectible	A badge obtained from Project Babel: Cataclysmic Remnants. Rewarded to commandants who have succeeded in an in-depth simulation of tactical operation Cataclysmic Remnants.	Obtained by clearing [Babel Tower: Cataclysmic Remnants] once	1415		Assets/Product/Texture/Image/UiCollection/Iconcollection186.png	Assets/Product/Ui/ComponentPrefab/UiCollection/CollectionStyleOne.prefab	1	[990250,990251,990252]	[3,4,5]	"[""· Complete Babel Tower mission [Inner Hall VII] and rank up to Blue"",""· Complete Babel Tower mission [Inner Hall VIII] and rank up to Purple"",""· Complete Babel Tower mission [Inner Hall IX] and rank up to Orange""]"						23	Assets/Product/Texture/Image/UiCollection/Iconcollection186.png				
13019663	999	2	5		Wither to Shine	Collectible	The galaxy is gazing at the wildfire of civilization.	Obtained by clearing Main Story [Wither to Shine]	12070		Assets/Product/Texture/Image/UiCollection/Iconcollection187.png	Assets/Product/Ui/ComponentPrefab/UiCollection/CollectionStyleOne.prefab															
13019664	999	2	5		Birthday Card	Collectible	A birthday card created together by everyone and bearing all our blessings. Commandant, Happy Birthday!	Obtained on birthday	12071		Assets/Product/Texture/Image/UiCollection/Iconcollection185.png	Assets/Product/Ui/ComponentPrefab/UiCollection/CollectionStyleOne.prefab															
13019665	999	2	6		Honor Medal V	Collectible	In this year, we decoded the endpoint of civilization within the program domain. We sailed across the stars in pursuit of hope and sang hymns of light even in darkness. Our laughter and tears have been fused within this medal. May we keep on our journey until we can embrace the dawn in our arms.	Awarded to participants of the event [Fellowship of Four Seasons]	304		Assets/Product/Texture/Image/UiCollection/Iconcollection184.png	Assets/Product/Ui/ComponentPrefab/UiCollection/CollectionStyleOne.prefab															
13019666	999	2	2		Fortune Cookie	Collectible	"Free desserts for Las Prados' VIP guests after buffet. On the note within this cookie it says, ""Time to release me from the cookie."""	Obtained by clearing [Fugitive's Scheme]	12072		Assets/Product/Texture/Image/UiCollection/Iconcollection190.png	Assets/Product/Ui/ComponentPrefab/UiCollection/CollectionStyleOne.prefab		[990253,990254,990255]	[3,4,5]	"[""· Gain [Fortune Cookie] x2 and rank up to Blue"",""· Gain [Fortune Cookie] x3 and rank up to Purple"",""· Gain [Fortune Cookie] x4 and rank up to Orange""]"											
13019667	999	2	2		Madam Monzano Data Sample	Collectible	The combat echo collected by Babylonia. Displays different colors as it levels up. Available after simulating the battle against Madam Monzano. A mysterious power can be felt even from the sample.	Obtained by clearing [Night of Golden Sand]	12073		Assets/Product/Texture/Image/UiCollection/Iconcollection189.png	Assets/Product/Ui/ComponentPrefab/UiCollection/CollectionStyleOne.prefab		[990256,990257,990258]	[3,4,5]	"[""· Gain [Madam Monzano's Data Sample] x2 and rank up to Blue"",""· Gain [Madam Monzano's Data Sample] x3 and rank up to Purple"",""· Gain [Madam Monzano's Data Sample] x5 and rank up to Orange""]"											
13019668	999	2	5		Deceivers' Rapture	Collectible	The way to Las Prados is filled with burning sunset and jingles of gold coins. The lights of the past are still bright and resplendent as you wish.	Obtained from Floating Record [Deceivers' Rapture]	12074		Assets/Product/Texture/Image/UiCollection/Iconcollection191.png	Assets/Product/Ui/ComponentPrefab/UiCollection/CollectionStyleOne.prefab															
13019669	999	2	5		"Vera ""Heart"" Medical Kit"	Collectible	"One time, after a mission, Vera brings you a medical kit, hoping it can ""help you take care of yourself"". Out of caution, you have a look inside. The painkillers have been replaced by several doses of epinephrine... Besides, the special whistle in the corner might save your life in critical situations."	Obtained by clearing [Arcade Anima - Garnet]	12075		Assets/Product/Texture/Image/UiCollection/Iconcollection192.png	Assets/Product/Ui/ComponentPrefab/UiCollection/CollectionStyleOne.prefab															
13019670	999	2	2		Nostalgic Melody	Collectible	The first violin she had when she first stepping into the world temple of music. The countless drops of sweat and scratches the little her left on the fingerboard have gradually turned her dream into reality.	Obtained from [Songstress' Lone Dance]	12076		Assets/Product/Texture/Image/UiCollection/Iconcollection195.png	Assets/Product/Ui/ComponentPrefab/UiCollection/CollectionStyleOne.prefab		[990259,990260,990261]	[3,4,5]	"[""· Gain [Nostalgic Melody] x2 and rank up to Blue"",""· Gain [Nostalgic Melody] x3 and rank up to Purple"",""· Gain [Nostalgic Melody] x4 and rank up to Orange""]"											
13019671	999	2	2		Enora Lueya Data Sample	Collectible	The combat echo collected by Babylonia. Displays different colors as it levels up. Available after simulating the battle against Enora Lueya. A mysterious power can be felt even from the sample.	Obtained from [Theater of Infinity]	12077		Assets/Product/Texture/Image/UiCollection/Iconcollection193.png	Assets/Product/Ui/ComponentPrefab/UiCollection/CollectionStyleOne.prefab		[990262,990263,990264]	[3,4,5]	"[""· Gain [Enora Lueya: Data Sample] x2 and rank up to Blue."",""· Gain [Enora Lueya: Data Sample] x3 and rank up to Purple."",""· Gain [Enora Lueya: Data Sample] x5 and rank up to Orange.""]"											
13019672	999	2	5		Dream till the Timeless End	Collectible	When the recurring cycle comes to its end and the time to wake up arrives, the last musical note will fall from the score of fate and create ripples. In the lingering melody, we will meet again after parting.	Obtained by clearing Main Story [Dream till the Timeless End]	12078		Assets/Product/Texture/Image/UiCollection/Iconcollection194.png	Assets/Product/Ui/ComponentPrefab/UiCollection/CollectionStyleOne.prefab															
13019673	999	2	2		"""I'm All Aces"""	Collectible	Fate might not deal you a perfect hand, but as long as you wait patiently, eventually there will be a chance for you to turn the tables.	Obtained from [Shuffling Duel]	12079		Assets/Product/Texture/Image/UiCollection/Iconcollection196.png	Assets/Product/Ui/ComponentPrefab/UiCollection/CollectionStyleOne.prefab		[990265,990266,990267]	[3,4,5]	"[""· Gain [\""I'm All Aces\""] x2 and rank up to Blue"",""· Gain [\""I'm All Aces\""] x3 and rank up to Purple"",""· Gain [\""I'm All Aces\""] x4 and rank up to Orange""]"											
13019674	999	2	2		Standard Computing Terminal	Collectible	"A portable calculator commonly seen throughout City 041. Despite being equipped with many new features, it maintains core qualities like long battery life, water resistance, and impact resistance. Of course, its circuits also make fertile ground for causing minor troubles—something she prefers to refer to as ""pranking."""	Available through [The Insurgent File]	12080		Assets/Product/Texture/Image/UiCollection/Iconcollection200.png	Assets/Product/Ui/ComponentPrefab/UiCollection/CollectionStyleOne.prefab		[990268,990269,990270]	[3,4,5]	"[""· Gain [Standard Computing Terminal] x2 and rank up to Blue"",""· Gain [Standard Computing Terminal] x3 and rank up to Purple"",""· Gain [Standard Computing Terminal] x4 and rank up to Orange""]"											
13019675	999	2	2		"""Gwynplaine"" Data Sample"	Collectible	"The combat echo collected by Babylonia. Displays different colors as it levels up. Available after simulating the battle against ""Gwynplaine"". His mysterious power can be felt even from the sample."	Obtained by clearing [Desolate Jester]	12081		Assets/Product/Texture/Image/UiCollection/Iconcollection197.png	Assets/Product/Ui/ComponentPrefab/UiCollection/CollectionStyleOne.prefab		[990271,990272,990273]	[3,4,5]	"[""· Gain [\""Gwynplaine\"" Data Sample] x2 and rank up to Blue"",""· Gain [\""Gwynplaine\"" Data Sample] x3 and rank up to Purple"",""· Gain [\""Gwynplaine\"" Data Sample] x5 and rank up to Orange""]"											
13019676	999	2	5		Begin Anew	Collectible	"The ""anchor"" of Reincarnation has witnessed the rise and fall of countless successors. She condenses the past into the tip of her gun, sacrificing herself to shatter the pendulum of the countdown—guiding the story's ending toward a true daybreak."	Obtained from Floating Record [Begin Anew]	12082		Assets/Product/Texture/Image/UiCollection/Iconcollection198.png	Assets/Product/Ui/ComponentPrefab/UiCollection/CollectionStyleOne.prefab															
13019677	999	2	5		Golden Pick	Collectible	Here's a magical golden pick...! The greatest miner has to do something with it.	Obtain by clearing [Permanent Rift]	12083		Assets/Product/Texture/Image/UiCollection/Iconcollection199.png	Assets/Product/Ui/ComponentPrefab/UiCollection/CollectionStyleOne.prefab															
13019678	999	2	2		Improved Lighter	Collectible	A lighter Vera found from the ruins. It has saved a human being who suffered from hypothermia with its faint light. Vera added it to her collection and made outrageous modifications to it. Now it can breathe flames up to three meters high.	Obtained by clearing [Pilgrim's Remains]	12084		Assets/Product/Texture/Image/UiCollection/Iconcollection205.png	Assets/Product/Ui/ComponentPrefab/UiCollection/CollectionStyleOne.prefab		[990277,990278,990279]	[3,4,5]	"[""· Gain [Improved Lighter] x2 and rank up to Blue"",""· Gain [Improved Lighter] x3 and rank up to Purple"",""· Gain [Improved Lighter] x4 and rank up to Orange""]"											
13019679	999	2	2		Lloyd Data Sample	Collectible	"The combat echo collected by Babylonia. Displays different colors as it levels up. Available after simulating the battle against ""Lloyd."" His mysterious power can be felt even from the sample."	Obtained by clearing [Confinement Shatter]	12085		Assets/Product/Texture/Image/UiCollection/Iconcollection204.png	Assets/Product/Ui/ComponentPrefab/UiCollection/CollectionStyleOne.prefab		[990280,990281,990282]	[3,4,5]	"[""· Gain [\""Lloyd\"" Data Sample] x2 and rank up to Blue"",""· Gain [\""Lloyd\"" Data Sample] x3 and rank up to Purple"",""· Gain [\""Lloyd\"" Data Sample] x5 and rank up to Orange""]"											
13019680	999	2	2		Armored Up	Collectible	Blow the horn of no retreat. The brave ones conquer all.	Obtained by clearing [Armored Up]	12086		Assets/Product/Texture/Image/UiCollection/Iconcollection207.png	Assets/Product/Ui/ComponentPrefab/UiCollection/CollectionStyleOne.prefab		[990283,990284,990285]	[3,4,5]	"[""· Gain [Armored Up] x2 and rank up to Blue"",""· Gain [Armored Up] x3 and rank up to Purple"",""· Gain [Armored Up] x4 and rank up to Orange""]"											
13019681	999	2	5		Spark to Wildfire	Collectible	Some drop sparks to the sea of despair. Some turn the sparks into a prairie fire. Some sacrifice themselves and become the living fire of the new world.	Obtained by clearing Floating Record [Spark to Wildfire]	12087		Assets/Product/Texture/Image/UiCollection/Iconcollection208.png	Assets/Product/Ui/ComponentPrefab/UiCollection/CollectionStyleOne.prefab															
13019682	999	2	2		Silver Amulet	Collectible	Eva gave Dante and Vergil each a necklace for their birthday. This is a replica of the original ones, but for the sons of Sparda, this is enough to remind them of their family.	Obtained from [Devils Never Die]	12088		Assets/Product/Texture/Image/UiCollection/Iconcollection202.png	Assets/Product/Ui/ComponentPrefab/UiCollection/CollectionStyleOne.prefab		[990286,990287,990288]	[3,4,5]	"[""· Gain [Silver Amulet] x2 and rank up to Blue"",""· Gain [Silver Amulet] x3 and rank up to Purple"",""· Gain [Silver Amulet] x4 and rank up to Orange""]"											
13019683	999	2	2		Golden Amulet	Collectible	Eva gave Dante and Vergil each a necklace for their birthday. This is a replica of the original ones, but for the sons of Sparda, this is enough to remind them of their family.	Obtained from [Devils Never Die]	12089		Assets/Product/Texture/Image/UiCollection/Iconcollection203.png	Assets/Product/Ui/ComponentPrefab/UiCollection/CollectionStyleOne.prefab		[990289,990290,990291]	[3,4,5]	"[""· Gain [Golden Amulet] x2 and rank up to Blue"",""· Gain [Golden Amulet] x3 and rank up to Purple"",""· Gain [Golden Amulet] x4 and rank up to Orange""]"											
13019684	999	2	2		"""Mirrored Vergil"" Data Sample"	Collectible	"The combat echo collected by Babylonia. Displays different colors as it levels up. Available after simulating the battle against ""Mirrored Vergil"". His mysterious power can be felt even from the sample."	Obtained from [The Divine Finality]	12090		Assets/Product/Texture/Image/UiCollection/Iconcollection201.png	Assets/Product/Ui/ComponentPrefab/UiCollection/CollectionStyleOne.prefab		[990292,990293,990294]	[3,4,5]	"[""· Gain [\""Mirrored Vergil\"" Data Sample] x2 and rank up to Blue"",""· Gain [\""Mirrored Vergil\"" Data Sample] x3 and rank up to Purple"",""· Gain [\""Mirrored Vergil\"" Data Sample] x5 and rank up to Orange""]"											
13019685	15	2	5		Shark-speare Approves!	Collectible	Sharky's been keeping tabs on all your hard work!	Obtained from [Wreck-It Shark-speare]	12091		Assets/Product/Texture/Image/UiCollection/Iconcollection212.png	Assets/Product/Ui/ComponentPrefab/UiCollection/CollectionStyleOne.prefab	1					1						[3]			
13019686	999	2	2		"""Chiko"" Data Sample"	Collectible	"The combat echo collected by Babylonia. Displays different colors as it levels up. Available after simulating the battle against ""Chiko."" Her mysterious power can be felt even from the sample."	Obtained by clearing [Murmurs of the Abyss]	12092		Assets/Product/Texture/Image/UiCollection/Iconcollection209.png	Assets/Product/Ui/ComponentPrefab/UiCollection/CollectionStyleOne.prefab		[990298,990299,990300]	[3,4,5]	"[""· Gain [\""Chiko\"" Data Sample] x2 and rank up to Blue"",""· Gain [\""Chiko\"" Data Sample] x3 and rank up to Purple"",""· Gain [\""Chiko\"" Data Sample] x5 and rank up to Orange""]"											
13019687	999	2	5		Echoes Adrift	Collectible	Here the story ends, and here the story begins anew. The past pierces through flesh like thorns, illuminating the tide of darkness like a sword.	Obtained by clearing Main Story [Echoes Adrift]	12094		Assets/Product/Texture/Image/UiCollection/Iconcollection210.png	Assets/Product/Ui/ComponentPrefab/UiCollection/CollectionStyleOne.prefab															
13019688	999	2	2		Prayer Candlestick	Collectible	A candlestick Bianca uses for her daily prayers. It has accompanied her through countless dawns and endless nights, its gentle, warm glow seemingly holding countless wishes within it.	Obtained by clearing [Ode to Pilgrims]	12093		Assets/Product/Texture/Image/UiCollection/Iconcollection213.png	Assets/Product/Ui/ComponentPrefab/UiCollection/CollectionStyleOne.prefab		[990304,990305,990306]	[3,4,5]	"[""· Gain [Prayer Candlestick] x2 and rank up to Blue"",""· Gain [Prayer Candlestick] x3 and rank up to Purple"",""· Gain [Prayer Candlestick] x4 and rank up to Orange""]"											
13019689	999	2	5		Dreams Rewound	Collectible	That resolve reweaves the stars, suffering, and time itself.	Obtained by clearing Main Story [Dreams Rewound]	12095		Assets/Product/Texture/Image/UiCollection/Iconcollection211.png	Assets/Product/Ui/ComponentPrefab/UiCollection/CollectionStyleOne.prefab															
13019690	999	2	2		Pursuer's Mark	Collectible	A mark that can only be possessed by those capable of completing the various tracking missions independently. The marks are divided into different grades based on the difficulty of these missions, serving as proof of both skill and status.	Obtained from [Rapid Pursuit]	12096		Assets/Product/Texture/Image/UiCollection/Iconcollection215.png	Assets/Product/Ui/ComponentPrefab/UiCollection/CollectionStyleOne.prefab		[990307,990308,990309]	[3,4,5]	"[""· Gain [Pursuer's Mark] x2 and rank up to Blue"",""· Gain [Pursuer's Mark] x3 and rank up to Purple"",""· Gain [Pursuer's Mark] x4 and rank up to Orange""]"											
13019691	2	2	2		Authority of Rebirth	Collectible	A badge obtained from Project Babel: Dimming Surge. Awarded to commandants who have succeeded in an in-depth simulation of tactical operation Dimming Surge.	Obtained by clearing [Babel Tower: Dimming Surge] once	1416		Assets/Product/Texture/Image/UiCollection/Iconcollection214.png	Assets/Product/Ui/ComponentPrefab/UiCollection/CollectionStyleOne.prefab	1	[990310,990311,990312]	[3,4,5]	"[""· Complete Babel Tower mission [The Light of Dawn VII] and rank up to Blue"",""· Complete Babel Tower mission [The Light of Dawn VIII] and rank up to Purple"",""· Complete Babel Tower mission [The Light of Dawn IX] and rank up to Orange""]"						24	Assets/Product/Texture/Image/UiCollection/Iconcollection214.png				39801
13019692	999	2	2		Timeless Scissors	Collectible	This exquisite, vintage-style handmade brooch was recovered by Discord in a deserted place on the ground. When worn on the chest, its yellowed sheen shines like a medal. Cutting through the river of time, it quiets the unspeakable past and opens up a new chapter.	Obtained from [The Unwavering Dreamer]	12097		Assets/Product/Texture/Image/UiCollection/Iconcollection217.png	Assets/Product/Ui/ComponentPrefab/UiCollection/CollectionStyleOne.prefab		[990313,990314,990315]	[3,4,5]	"[""· Gain [Timeless Scissors] x2 and rank up to Blue"",""· Gain [Timeless Scissors] x3 and rank up to Purple"",""· Gain [Timeless Scissors] x4 and rank up to Orange""]"											
13019693	999	2	2		Watanabe Data Sample	Collectible	The combat echo collected by Babylonia. Displays different colors as it levels up. Available after simulating the battle against Watanabe. His mysterious power can be felt even from the sample.	Available through [Shadow upon the Grave]	12098		Assets/Product/Texture/Image/UiCollection/Iconcollection216.png	Assets/Product/Ui/ComponentPrefab/UiCollection/CollectionStyleOne.prefab		[990316,990317,990318]	[3,4,5]	"[""· Gain [Watanabe Data Sample] x2 and rank up to Blue"",""· Gain [Watanabe Data Sample] x3 and rank up to Purple"",""· Gain [Watanabe Data Sample] x5 and rank up to Orange""]"											
13019694	999	2	5		Woven Prologue	Collectible	A gentle snip of the thread of fate. A lingering trace of the first note. An unfinished symphony being stitched together.	Obtained from Floating Record [Woven Prologue]	12099		Assets/Product/Texture/Image/UiCollection/Iconcollection218.png	Assets/Product/Ui/ComponentPrefab/UiCollection/CollectionStyleOne.prefab															
13019695	999	2	2		"""Overseer"" Data Sample"	Collectible	"The combat echo collected by Babylonia. Displays different colors as it levels up. Available after simulating the battle against ""Overseer"". Its mysterious power can be felt even from the sample."	Obtained from [Cage Asunder, Collar Ablaze]	12100		Assets/Product/Texture/Image/UiCollection/Iconcollection220.png	Assets/Product/Ui/ComponentPrefab/UiCollection/CollectionStyleOne.prefab		[990319,990320,990321]	[3,4,5]	"[""· Gain [\""Overseer\"" Data Sample] x2 and rank up to Blue"",""· Gain [\""Overseer\"" Data Sample] x3 and rank up to Purple"",""· Gain [\""Overseer\"" Data Sample] x5 and rank up to Orange""]"											
13019696	999	2	2		Mask of Blasphemy	Collectible	"Though forged to embody ""brutality,"" this mask cannot conceal the true countenance of ""justice."" For an untamed soul will never be constrained by a metal visage."	Obtained from [Echo in Solitude]	12101		Assets/Product/Texture/Image/UiCollection/Iconcollection221.png	Assets/Product/Ui/ComponentPrefab/UiCollection/CollectionStyleOne.prefab		[990322,990323,990324]	[3,4,5]	"[""· Gain [Mask of Blasphemy] x2 and rank up to Blue"",""· Gain [Mask of Blasphemy] x3 and rank up to Purple"",""· Gain [Mask of Blasphemy] x4 and rank up to Orange""]"											
13019697	999	2	5		Ideal Cage	Collectible	Break free from the prison of the past and embrace new freedom with unwavering resolve.	Obtained from Floating Record [Ideal Cage]	12102		Assets/Product/Texture/Image/UiCollection/Iconcollection222.png	Assets/Product/Ui/ComponentPrefab/UiCollection/CollectionStyleOne.prefab															
13019698	999	2	5		Holographic Globe	Collectible	A delicate instrument from the Golden Age, projecting shifting holograms to mimic the changing climates of Earth. Hold it in your palm and feel the passage of seasons and time.	Claim via [Passage of the Past] event commemorative mail	12103		Assets/Product/Texture/Image/UiCollection/Iconcollection219.png	Assets/Product/Ui/ComponentPrefab/UiCollection/CollectionStyleOne.prefab															
13019699	999	2	2		Melinoe Data Sample	Collectible	The combat echo collected by Babylonia. Displays different colors as it levels up. Available after simulating the battle against Melinoe. A mysterious power can be felt even from the sample.	Obtained by clearing [Death's Net]	12104		Assets/Product/Texture/Image/UiCollection/Iconcollection224.png	Assets/Product/Ui/ComponentPrefab/UiCollection/CollectionStyleOne.prefab		[990325,990326,990327]	[3,4,5]	"[""· Gain [Melinoe Data Sample] x2 and rank up to Blue"",""· Gain [Melinoe Data Sample] x3 and rank up to Purple"",""· Gain [Melinoe Data Sample] x5 and rank up to Orange""]"											
13019700	999	2	5		Where Nightmares Dwell	Collectible	That love quietly takes root in her heart.	Obtained by clearing Main Story [Where Nightmares Dwell]	12105		Assets/Product/Texture/Image/UiCollection/Iconcollection225.png	Assets/Product/Ui/ComponentPrefab/UiCollection/CollectionStyleOne.prefab															
13019701	999	2	5		Birthday Mystery Box	Collectible	A surprise prepared by everyone together. This box is filled with precious bonds forged through time. Each gift within exists because of you and comes especially for you.	Obtained on the birthday	12106		Assets/Product/Texture/Image/UiCollection/Iconcollection223.png	Assets/Product/Ui/ComponentPrefab/UiCollection/CollectionStyleOne.prefab															
13019702	999	2	6		Honor Medal VI	Collectible	Through the haze of dreams, we reach for the soft echoes of music that linger in memory. Beneath the layered songs of the sea, we rewrite the stories of the past. The current of dreams carries change, and the faint light of hope turns into a blade that cuts through illusion, setting a new course for what lies ahead. Let us stand together and shape the outline of tomorrow, walking side by side into the journey of a new year.	Obtained by clearing the event [Luminous Dawn]	305		Assets/Product/Texture/Image/UiCollection/Iconcollection226.png	Assets/Product/Ui/ComponentPrefab/UiCollection/CollectionStyleOne.prefab															
13019703	999	2	2		"""White Boat"""	Collectible	A paper boat folded with a girl's longing. Even if fate turns bitter and the path grows dark, the soft light on this white boat will still shine for you, watching over you... Carrying her gentleness and affection, it will drift with you toward a peaceful dream.	Obtained from [All-Loving Compassion]	12107		Assets/Product/Texture/Image/UiCollection/Iconcollection227.png	Assets/Product/Ui/ComponentPrefab/UiCollection/CollectionStyleOne.prefab		[990328,990329,990330]	[3,4,5]	"[""· Gain [\""White Boat\""] x2 and rank up to Blue"",""· Gain [\""White Boat\""] x3 and rank up to Purple"",""· Gain [\""White Vessel\""] x4 and rank up to Orange""]"											
13019704	999	2	2		The Pseudo-Unwinged Data Sample	Collectible	The combat echo collected by Babylonia. Displays different colors as it levels up. Available after simulating the battle against The Pseudo-Unwinged. A mysterious power can be felt even from the sample.	Obtained by clearing [Liminal Rift]	12108		Assets/Product/Texture/Image/UiCollection/Iconcollection229.png	Assets/Product/Ui/ComponentPrefab/UiCollection/CollectionStyleOne.prefab		[990331,990332,990333]	[3,4,5]	"[""· Gain [The Pseudo-Unwinged Data Sample] x2 and rank up to Blue"",""· Gain [The Pseudo-Unwinged Data Sample] x3 and rank up to Purple"",""· Gain [The Pseudo-Unwinged Data Sample] x5 and rank up to Orange""]"											
13019705	999	2	5		Sightline Breach	Collectible	"""All the things you see here are real objects, banished to this place because their wishes went unfulfilled."""	Obtained by clearing Main Story [Sightline Breach]	12109		Assets/Product/Texture/Image/UiCollection/Iconcollection230.png	Assets/Product/Ui/ComponentPrefab/UiCollection/CollectionStyleOne.prefab															
13019706	999	2	2		Upside-Down World	Collectible	The soil of reality upholds the virtual heights above. The true value of the real world lies precisely in its flaws and imperfections—the most perfect utopia has always been built from the mud of the mortal world. When the sky becomes earth, the end becomes the beginning. In this moment of inverted order, the world is born anew.	Obtained by clearing [Solver's Paradox]	12110		Assets/Product/Texture/Image/UiCollection/Iconcollection231.png	Assets/Product/Ui/ComponentPrefab/UiCollection/CollectionStyleOne.prefab		[990334,990335,990336]	[3,4,5]	"[""· Gain [Upside-Down World] x2 and rank up to Blue"",""· Gain [Upside-Down World] x3 and rank up to Purple"",""· Gain [Upside-Down World] x4 and rank up to Orange""]"											
13019707	999	2	2		Pursuer's Medal	Collectible	An honor bestowed only upon exceptional individuals capable of independently completing numerous high-risk pursuit missions, recognizing their extraordinary valor and combat expertise.	Obtained by clearing [Rapid Pursuit]	12111		Assets/Product/Texture/Image/UiCollection/Iconcollection228.png	Assets/Product/Ui/ComponentPrefab/UiCollection/CollectionStyleOne.prefab		[990337,990338,990339]	[3,4,5]	"[""· Gain [Pursuer's Medal] x2 and rank up to Blue"",""· Gain [Pursuer's Medal] x3 and rank up to Purple"",""· Gain [Pursuer's Medal] x4 and rank up to Orange""]"											
13019708	999	2	2		The Frostheart Emperor Data Sample	Collectible	The combat echo collected by Babylonia. Displays different colors as it levels up. Available after simulating the battle against Zack the Frostheart Emperor. A mysterious power can be felt even from the sample.	Obtained by clearing [Frostheart Amalgamated]	12112		Assets/Product/Texture/Image/UiCollection/Iconcollection232.png	Assets/Product/Ui/ComponentPrefab/UiCollection/CollectionStyleOne.prefab		[990340,990341,990342]	[3,4,5]	"[""· Gain [The Frostheart Emperor Data Sample] x2 and rank up to Blue."",""· Gain [The Frostheart Emperor Data Sample] x3 and rank up to Purple."",""· Gain [The Frostheart Emperor Data Sample] x5 and rank up to Orange.""]"											
13019709	999	2	5		Withering Crown	Collectibles	"""I will forever love my motherland."""	Obtained by clearing Main Story [Withering Crown]	12113		Assets/Product/Texture/Image/UiCollection/Iconcollection234.png	Assets/Product/Ui/ComponentPrefab/UiCollection/CollectionStyleOne.prefab															
13019710	999	2	2		Winter's Stillness	Collectibles	Winter shows its mercy through ice, sparing the world from spring's decay. Death, sealed like amber, stills the cycle of growth and ruin alike. This is a season locked in place, and a farewell that never truly ends.	Obtained by clearing [Farewell from the Departed]	12114		Assets/Product/Texture/Image/UiCollection/Iconcollection233.png	Assets/Product/Ui/ComponentPrefab/UiCollection/CollectionStyleOne.prefab		[990343,990344,990345]	[3,4,5]	"[""· Gain [Winter's Stillness] x2 and rank up to Blue."",""· Gain [Winter's Stillness] x3 and rank up to Purple."",""· Gain [Winter's Stillness] x4 and rank up to Orange""]"											
13019711	999	2	2		Margaret Data Sample	Collectibles	The combat echo collected by Babylonia. Displays different colors as it levels up. Available after simulating the battle against Margaret. A mysterious power can be felt even from the sample.	Obtained by clearing [The Last Light]	12115		Assets/Product/Texture/Image/UiCollection/Iconcollection235.png	Assets/Product/Ui/ComponentPrefab/UiCollection/CollectionStyleOne.prefab		[990346,990347,990348]	[3,4,5]	"[""· Gain [Margaret Data Sample] x2 and rank up to Blue"",""· Gain [Margaret Data Sample] x3 and rank up to Purple"",""· Gain [Margaret Data Sample] x5 and rank up to Orange""]"											
13019712	999	2	5		A Better Tomorrow	Collectibles	If you don't forget to look back, we'll always see each other again.	Obtained by clearing Main Story [A Better Tomorrow]	12116		Assets/Product/Texture/Image/UiCollection/Iconcollection238.png	Assets/Product/Ui/ComponentPrefab/UiCollection/CollectionStyleOne.prefab															
13019713	999	2	2		Golden Wreath	Collectibles	A bracelet the girl made by following her memories, woven from thin twigs broken off in Carthaki. That was where the sky first took on its strange glow. They say if you wrap the twigs tightly around your wrist, fading memories may linger a little longer. But when the embers of the past flare up again, the homeland she had been searching for is no longer the same.	Obtained by clearing [The Homecoming Seeker]	12117		Assets/Product/Texture/Image/UiCollection/Iconcollection237.png	Assets/Product/Ui/ComponentPrefab/UiCollection/CollectionStyleOne.prefab		[990349,990350,990351]	[3,4,5]	"[""· Gain [Golden Wreath] x2 and rank up to 3★"",""· Gain [Golden Wreath] x3 and rank up to 4★"",""· Gain [Golden Wreath] x4 and rank up to 5★""]"											
13019714	999	2	5		"""Mini Gabriel"" Plushie"	Collectibles	The value of a collection is defined by the collector. Outsider eyes and words matter not.	Available via April Fool's Day Mail [Weird April Fool's Prank]	12118		Assets/Product/Texture/Image/UiCollection/Iconcollection236.png	Assets/Product/Ui/ComponentPrefab/UiCollection/CollectionStyleOne.prefab															
13019715	999	2	2		"""Ezette"" Data Sample"	Collectibles	"The combat echo collected by Babylonia. Displays different colors as it levels up. Available after simulating the battle against ""Ezette."" His mysterious power can be felt even from the sample."	Obtained by clearing [The Absence Sings]	12119		Assets/Product/Texture/Image/UiCollection/Iconcollection241.png	Assets/Product/Ui/ComponentPrefab/UiCollection/CollectionStyleOne.prefab		[990355,990356,990357]	[3,4,5]	"[""· Gain [\""Ezette\"" Data Sample] x2 and rank up to 3★"",""· Gain [\""Ezette\"" Data Sample] x3 and rank up to 4★"",""· Gain [\""Ezette\"" Data Sample] x5 and rank up to 5★""]"											
13019716	999	2	5		The Dying Sun	Collectibles	You were once a phoenix chasing the blazing sun. Now, you shine like the sun itself.	Obtained from Floating Record [The Dying Sun]	12120		Assets/Product/Texture/Image/UiCollection/Iconcollection242.png	Assets/Product/Ui/ComponentPrefab/UiCollection/CollectionStyleOne.prefab															
13019717	999	2	2		Sunlit Heart	Collectibles	The sun is 149.6 million kilometers from Earth, far beyond anything a human could ever reach in a lifetime. And yet, no matter how vast that distance feels, its light still arrives here without fail. It gives the world its days and nights, and quietly bears witness to every joy and sorrow in our lives. People can sleep peacefully in the dark because they know the same thing for certain: tomorrow, the sun will rise again.	Obtained by clearing [Sunstrider's Return]	12121		Assets/Product/Texture/Image/UiCollection/Iconcollection239.png	Assets/Product/Ui/ComponentPrefab/UiCollection/CollectionStyleOne.prefab		[990358,990359,990360]	[3,4,5]	"[""· Gain [Sunlit Heart] x2 and rank up to 3★"",""· Gain [Sunlit Heart] x3 and rank up to 4★"",""· Gain [Sunlit Heart] x4 and rank up to 5★""]"											
13019718	999	2	2		Cyber Bounty	Collectibles	This bounty has sat in the system so long it has nearly rusted away. It was meant for only one kind of hunter: a lone wolf who can bring in the target alone. And when a bounty like this is finally closed, it means only one thing: The one who claimed it is no longer chasing legends—they have become one.	Obtained from [Rapid Pursuit]	12122		Assets/Product/Texture/Image/UiCollection/Iconcollection240.png	Assets/Product/Ui/ComponentPrefab/UiCollection/CollectionStyleOne.prefab		[990361,990362,990363]	[3,4,5]	"[""· Gain [Cyber Bounty] x2 and rank up to 3★"",""· Gain [Cyber Bounty] x3 and rank up to 4★"",""· Gain [Cyber Bounty] x4 and rank up to 5★""]"											
13019719	999	2	2		"""Vanguard"" Data Sample"	Collectibles	"The combat echo collected by Babylonia. Displays different colors as it levels up. Available after simulating the battle against ""Vanguard."" A mysterious power can be felt even from the sample."	Obtained by clearing [Nebulous Vigil]	12124		Assets/Product/Texture/Image/UiCollection/Iconcollection246.png	Assets/Product/Ui/ComponentPrefab/UiCollection/CollectionStyleOne.prefab		[990364,990365,990366]	[3,4,5]	"[""· Gain [\""Vanguard\"" Data Sample] x2 and rank up to Blue"",""· Gain [\""Vanguard\"" Data Sample] x3 and rank up to Purple"",""· Gain [\""Vanguard\"" Data Sample] x5 and rank up to Orange""]"											
13019720	999	2	5		Homecoming Voyage	Collectibles	The same ark, the same star-strewn sky. The far-flung wanderer sails toward home; the god walks a strange road alone. They must diverge, yet the cadence of their steps will keep forever the rhythm of that first encounter.	Obtained by clearing Main Story [Homecoming Voyage]	12125		Assets/Product/Texture/Image/UiCollection/Iconcollection247.png	Assets/Product/Ui/ComponentPrefab/UiCollection/CollectionStyleOne.prefab															
13019721	999	2	2		"""Starting Point"""	Collectibles	Memory is fogged glass and long-faded noise. There was joy, and there was a promise left unfulfilled. Everything once shone brilliantly, but the universe holds no mercy for promises incomplete. Through endless cycles, pain and regret brew into love turned bitter. All she longs for is a place to call home.	Obtained by clearing [Long Live the Crowned]	12126		Assets/Product/Texture/Image/UiCollection/Iconcollection245.png	Assets/Product/Ui/ComponentPrefab/UiCollection/CollectionStyleOne.prefab		[990367,990368,990369]	[3,4,5]	"[""· Gain [\""Starting Point\""] x2 and rank up to 3★"",""· Gain [\""Starting Point\""] x3 and rank up to 4★"",""· Gain [\""Starting Point\""] x4 and rank up to 5★""]"											
13019722	999	2	2		Bloodrust Medal	Collectibles	The designation on the tag has long faded. The bullet hole is a dark socket packed with the ghost of gunpowder, its rimmed edges glazed with a dried, dark red. Still, to touch the cold steel is to feel the phantom echo: the blistering bloom of the shot and the fading, mortal warmth that once beat behind the plate.	Obtained from [Rapid Pursuit]	12127		Assets/Product/Texture/Image/UiCollection/Iconcollection244.png	Assets/Product/Ui/ComponentPrefab/UiCollection/CollectionStyleOne.prefab		[990370,990371,990372]	[3,4,5]	"[""· Gain [Bloodrust Medal] x2 and rank up to 3★"",""· Gain [Bloodrust Medal] x3 and rank up to 4★"",""· Gain [Bloodrust Medal] x4 and rank up to 5★""]"											
13019723	999	2	5		Echo of the Future	Collectibles	In the vast galaxy, a girl touches a shining mirror and sees her future self reflected in it—a self who made it this far with the support of so many people. Every journey has led to this moment, and every echo finds its answer here at last.                                                                              Thank you, Commandant, for staying with Punishing: Gray Raven all this time.	Claim via the [Sci-Fi Game] award commemorative collectible mail	12123		Assets/Product/Texture/Image/UiCollection/Iconcollection243.png	Assets/Product/Ui/ComponentPrefab/UiCollection/CollectionStyleOne.prefab															
13019724	999	2	2		Tavis Spelmin Data Sample	Collectibles	The combat echo collected by Babylonia. Displays different colors as it levels up. Available after simulating the battle against Tavis Spelmin. His mysterious power can be felt even from the sample.	"Obtained from ""Bier's Echoes"""	12128		Assets/Product/Texture/Image/UiCollection/Iconcollection249.png	Assets/Product/Ui/ComponentPrefab/UiCollection/CollectionStyleOne.prefab		[990373,990374,990375]	[3,4,5]	"[""· Gain [Tavis Spelmin Data Sample] x2 and rank up to Blue"",""· Gain [Tavis Spelmin Data Sample] x3 and rank up to Purple"",""· Gain [Tavis Spelmin Data Sample] x5 and rank up to Orange""]"											
13019725	999	2	5		Of Solitude and Stillness	Collectibles	She vanishes into the dream, like snow melting into fire.	Obtained by clearing Floating Record [Of Solitude and Stillness]	12129		Assets/Product/Texture/Image/UiCollection/Iconcollection248.png	Assets/Product/Ui/ComponentPrefab/UiCollection/CollectionStyleOne.prefab															
13019726	999	2	2		"""The Neighbor"" Collector's Edition CD"	Collectibles	"A limited-edition collector's CD of ""The Neighbor,"" a household superhero movie franchise from the Golden Age. As the cinematic lights fade, the thin silver disc resembles amber polished by time, encapsulating a young girl's childhood memories. That screen-born vow regarding power and responsibility quietly crystallized into her life's creed. Across the vast expanse of years, those words still burn like a tiny spark, repeatedly rekindling the embers buried deep in her heart. When she looks back at the path she traveled, her gaze remains resolute yet tender."	"Obtained from ""The Knower's Dilemma"""	12130		Assets/Product/Texture/Image/UiCollection/Iconcollection253.png	Assets/Product/Ui/ComponentPrefab/UiCollection/CollectionStyleOne.prefab		[990376,990377,990378]	[3,4,5]	"[""· Gain [\""The Neighbor\"" Collector's Edition CD] x2 and rank up to Blue"",""· Gain [\""The Neighbor\"" Collector's Edition CD] x3 and rank up to Purple"",""· Gain [\""The Neighbor\"" Collector's Edition CD] x4 and rank up to Orange""]"											
13019727	999	2	5		Torchbearer: Through the Dark	Collectibles	To forge ahead alone through the dark. Even when the truth is swallowed by the shroud of mist, the courage to march onward remains a beacon in the dead of night, never to be extinguished.	"Obtained from ""Shrouded Requiem"""	12131		Assets/Product/Texture/Image/UiCollection/Iconcollection250.png	Assets/Product/Ui/ComponentPrefab/UiCollection/CollectionStyleOne.prefab						1									
13019728	999	2	5		Trailseeker: Through the Dark	Collectibles	To forge ahead alone through the dark. Even when the truth is swallowed by the shroud of mist, the courage to march onward remains a beacon in the dead of night, never to be extinguished.	"Obtained from ""Shrouded Requiem"""	12132		Assets/Product/Texture/Image/UiCollection/Iconcollection251.png	Assets/Product/Ui/ComponentPrefab/UiCollection/CollectionStyleOne.prefab						1									
13019729	16	2	5		Miragebreaker: Through the Dark	Collectibles	To forge ahead alone through the dark. Even when the truth is swallowed by the shroud of mist, the courage to march onward remains a beacon in the dead of night, never to be extinguished.	"Obtained from ""Shrouded Requiem"""	12133		Assets/Product/Texture/Image/UiCollection/Iconcollection252.png	Assets/Product/Ui/ComponentPrefab/UiCollection/CollectionStyleOne.prefab	1					1				1					
13600000	9	2	6		Honor Medal III	Collectible	Over the past year, mankind survived the lucem of despair, but embraced a new divide thanks to a message from the stars. We ventured across the ruined sea and found a new dawn in the spiral of Chronos. Now, all the battles and struggles have been recorded in this medal by the designer. She believes it will bear a fruit of future in your memories.	Obtained from the 3rd Anniversary Sign-in event	302		Assets/Product/Texture/Image/UiCollection/Iconcollection109.png	Assets/Product/Ui/ComponentPrefab/UiCollection/CollectionStyleOne.prefab												[1721005200,1]	[1,2,3,4]		
13019730	999	2	2		Mannan M-1A Data Sample	Collectibles	The combat echo collected by Babylonia. Displays different colors as it levels up. Available after simulating the battle against the Boss. The mysterious power can be felt even from the sample.	Obtained by clearing [Waves in Wrath]	12134		Assets/Product/Texture/Image/UiCollection/Iconcollection256.png	Assets/Product/Ui/ComponentPrefab/UiCollection/CollectionStyleOne.prefab		[990379,990380,990381]	[3,4,5]	"[""· Gain [Mannan M-1A Data Sample] x2 and rank up to Blue"",""· Gain [Mannan M-1A Data Sample] x3 and rank up to Purple"",""· Gain [Mannan M-1A Data Sample] x5 and rank up to Orange""]"											
13019731	999	2	5		Steering By Light	Collectibles	Those closest to the light are often the first to fall.	Obtained by clearing Main Story [Steering By Light]	12135		Assets/Product/Texture/Image/UiCollection/Iconcollection257.png	Assets/Product/Ui/ComponentPrefab/UiCollection/CollectionStyleOne.prefab															
13019732	999	2	2		Anchor Pendant	Collectibles	A pendant shaped like a ship's anchor, carefully polished. The sea stretches on forever, and countless stories have sunk to its depths, unheard by anyone. Suns rise and moons fall. Tides come and go. Somewhere across all those miles of waves, two gazes still search for each other, refusing to let time win.	Obtained by clearing [Breakers Resurfaced]	12136		Assets/Product/Texture/Image/UiCollection/Iconcollection255.png	Assets/Product/Ui/ComponentPrefab/UiCollection/CollectionStyleOne.prefab		[990385,990386,990387]	[3,4,5]	"[""· Gain [Anchor Pendant] x2 and rank up to Blue"",""· Gain [Anchor Pendant] x3 and rank up to Purple"",""· Gain [Anchor Pendant] x4 and rank up to Orange""]"											
13019733	999	2	2		A Blurry Bounty Notice?	Collectibles	The face on this bounty notice looks a little... low-res. Is this really enough to catch someone this legendary?	Obtained from [Rapid Pursuit]	12137		Assets/Product/Texture/Image/UiCollection/Iconcollection259.png	Assets/Product/Ui/ComponentPrefab/UiCollection/CollectionStyleOne.prefab		[990388,990389,990390]	[3,4,5]	"[""· Gain [A Blurry Bounty Notice?] x2 and rank up to Blue"",""· Gain [A Blurry Bounty Notice?] x3 and rank up to Purple"",""· Gain [A Blurry Bounty Notice?] x4 and rank up to Orange""]"											
13019734	999	2	2		"""The Luckiest Day"""	Collectibles	A legendary black cat plush capsule toy, rumored to lurk somewhere in the corners of the commercial district. With a drop rate of just 0.1%, it's said that almost no one has ever laid eyes on one. They say that to possess it is to hold luck itself in the palm of your hand. And now, that very miracle rests quietly in yours.	Obtained by clearing [Against the Flow of Time]	12139		Assets/Product/Texture/Image/UiCollection/Iconcollection254.png	Assets/Product/Ui/ComponentPrefab/UiCollection/CollectionStyleOne.prefab		[990391,990392,990393]	[3,4,5]	"[""· Gain [\""The Luckiest Day\""] x2 and rank up to Blue"",""· Gain [\""The Luckiest Day\""] x3 and rank up to Purple"",""· Gain [\""The Luckiest Day\""] x4 and rank up to Orange""]"											
13019735	999	2	5		Frame of Harmony	Collectibles	This stage, this moment. This performance, captured forever.	Obtained via the concert commemorative mail [Connected by One Frequency, Memories Etched in Music]	12138		Assets/Product/Texture/Image/UiCollection/Iconcollection258.png	Assets/Product/Ui/ComponentPrefab/UiCollection/CollectionStyleOne.prefab															
13019736	999	2	2		Rusalka: Cruising Vanguard Data Sample	Collectibles	The combat echo collected by Babylonia. Displays different colors as it levels up. Available after simulating the battle against Rusalka: Cruising Vanguard. A mysterious power can be felt even from the sample.	Obtained by clearing [Wrathful Monsoon]	12140		Assets/Product/Texture/Image/UiCollection/Iconcollection262.png	Assets/Product/Ui/ComponentPrefab/UiCollection/CollectionStyleOne.prefab		[990409,990410,990411]	[3,4,5]	"[""· Gain [Rusalka: Cruising Vanguard Data Sample] x2 and rank up to Blue"",""· Gain [Rusalka: Cruising Vanguard Data Sample] x3 and rank up to Purple"",""· Gain [Rusalka: Cruising Vanguard Data Sample] x5 and rank up to Orange""]"											
13019737	999	2	5		Anchored in Faith	Collectibles	The souls of the Atlantic sleep on. Its children stand watch through the endless night.	Obtained by clearing Main Story [Anchored in Faith]	12141		Assets/Product/Texture/Image/UiCollection/Iconcollection260.png	Assets/Product/Ui/ComponentPrefab/UiCollection/CollectionStyleOne.prefab															
13019738	999	2	2		Banner of the Old Nation	Collectibles	A faded banner hangs half-furled, its crimson and lead-gray wings overlapping. In silence, it bears witness to those who once soared beneath the same sky and spoke the same language.	Obtained by clearing [A Kindler's Watch]	12142		Assets/Product/Texture/Image/UiCollection/Iconcollection263.png	Assets/Product/Ui/ComponentPrefab/UiCollection/CollectionStyleOne.prefab		[990415,990416,990417]	[3,4,5]	"[""· Gain [Banner of the Old Nation] x2 and rank up to Blue"",""· Gain [Banner of the Old Nation] x3 and rank up to Purple"",""· Gain [Banner of the Old Nation] x4 and rank up to Orange""]"											
13019739	999	2	5		Undying Spark	Collectibles	At the coordinates where the simulation ended, a trailblazer left their weapon behind. The battle data was never erased. Those who followed needed to know that someone had made it this far.	Obtained by clearing [Overclock Simulation]	12143		Assets/Product/Texture/Image/UiCollection/Iconcollection264.png	Assets/Product/Ui/ComponentPrefab/UiCollection/CollectionStyleOne.prefab															
13019740	15	2	5		Gotcha!	Collectibles	Huhu hopes you'll make lots and lots of friends along the way.	Obtained by clearing [Wreck-It Huhu]	12144		Assets/Product/Texture/Image/UiCollection/Iconcollection261.png	Assets/Product/Ui/ComponentPrefab/UiCollection/CollectionStyleOne.prefab	1					1						[3]			
