Id	CharacterId	WeaponId	WeaponOverrunChoseSuit	WeaponResonanceTypes	WeaponResonanceSkillIds	EquipIds	EquipResonanceTypes	EquipSkillIds	SuitIds	SuitCnts	CharacterQualityStar	PartnerId
1	1131004	2546001	1611	[3,3,3]	[102,501,502]	[3015007,3025007,3035007,3046011,3055007,3066011]	[1,1,1,1,1,1,1,2,1,1,1,2]	[29,29,29,29,29,29,32,113423,29,29,30,113423]	[1507,1611]	[4,2]	3000	16010000
2	1081004	2406001	1607	[3]	[508]	[3016009,3025005,3035005,3046009,3056007,3066007]	[1,2,1,1,1,1,1,2,1,2,1,2]	[30,108423,28,29,28,29,33,108423,33,108423,32,108423]	[1505,1607,1609]	[2,2,2]	3000	16070000
3	1061004	2646001	1604	[3]	[103]	[3016002,3026002,3036002,3046006,3056002,3066006]	[1,2,1,2,1,2,1,2,1,2,1,2]	[33,106417,32,106417,32,106417,30,106417,33,106417,32,106417]	[1602,1606]	[4,2]	3000	16380000
4	1381003	2596001	1610	[3,3,3]	[101,501,502]	[3016053,3026010,3036010,3046053,3056008,3066008]	[1,2,1,2,1,2,1,2,1,2,1,2]	[33,138323,33,138323,33,138323,33,138323,33,138323,33,138323]	[1608,1610,1653]	[2,2,2]	5000	16330000
5	1241003	2456001	1607	[3,3,3]	[101,506,507]	[3016007,3026007,3036042,3046042,3056042,3066042]	[1,2,1,2,1,2,1,2,1,2,1,2]	[33,124323,33,124323,33,124323,33,124323,33,124323,33,124323]	[1642,1607]	[4,2]	5000	16220000
6	1141004	2626001	1658	[3,3,3]	[101,103,500]	[3016014,3026004,3036014,3046014,3056004,3066014]	[1,2,1,2,1,2,1,2,1,2,1,2]	[33,114417,33,114417,30,114417,32,114417,30,114417,30,114417]	[1604,1614]	[2,4]	5000	16360000
7	1391003	2636001	1611			[3016011,3026011,3036059,3046059,3056059,3066059]	[2,2,2,2,2,2,2,2,2,2,2,2]	[139306,139317,139306,139317,139306,139317,139306,139317,139306,139323,139306,139323]	[1659,1611]	[4,2]	4003	16370000
8	1321003	2506001	1606	[3]	[508]	[3016006,3026006,3036015,3046015,3056015,3066015]	[1,2,1,2,1,2,1,2,1,2,1,2]	[33,132317,32,132317,32,132317,32,132317,30,132317,33,132317]	[1615,1606]	[4,2]	4003	16260000
9	1171004	2436001	1607	[3]	[101]	[3016007,3026007,3035005,3045005,3056009,3066009]	[1,2,1,2,1,1,1,1,1,2,1,2]	[33,117417,30,117417,29,29,29,29,33,117417,33,117417]	[1505,1609,1607]	[2,2,2]	4003	16210000
10	1321003	2506001	1609	[3,3]	[102,508]	[3016013,3026013,3036013,3045005,3055005,3066013]	[1,2,1,1,1,1,1,1,1,1,1,2]	[32,132317,32,30,33,33,29,29,29,29,33,132317]	[1613,1505]	[4,2]	3000	16250000
11	1391003	2636001	1611			[3016011,3026011,3036007,3046007,3056007,3066007]	[1,2,1,2,1,2,1,2,1,2,1,1]	[30,139323,33,139323,30,139323,33,139323,32,139323,33,32]	[1607,1611]	[4,2]	3000	16070000
12	1171004	2436001	1606	[3]	[103]	[3016041,3026041,3036041,3046006,3056006,3066041]	[1,2,1,2,1,2,1,2,1,2,1,2]	[32,117417,32,117417,30,117417,30,117417,33,117417,30,117417]	[1606,1641]	[2,4]	3000	16370000
13	1331003	2516001	1606	[3,3,3]	[102,501,502]	[3016011,3026011,3035007,3045007,3056011,3066011]	[1,2,1,2,1,1,1,1,1,2,1,2]	[30,133323,32,133323,26,26,28,29,33,133323,30,133323]	[1507,1611]	[2,4]	5000	16070000
14	1051005	2496001	1609	[3,3,3]	[101,506,510]	[3015005,3026007,3036007,3045005,3056007,3066007]	[1,1,1,2,1,2,1,1,1,2,2,2]	[28,29,33,105523,30,105523,28,26,32,105523,105511,105523]	[1505,1607]	[2,4]	5000	16250000
15	1061004	2646001	1604	[3,3,3]	[102,103,500]	[3016006,3026006,3036003,3046003,3056003,3066003]	[1,2,1,2,1,2,1,2,1,2,1,2]	[30,106417,33,106417,30,106417,30,106417,33,106417,33,106417]	[1603,1606]	[4,2]	5000	16380000
16	1331003	2516001	1611	[3]	[501]	[3016007,3026007,3036007,3046007,3056011,3066011]	[1,1,1,1,1,1,1,2,1,2,1,2]	[30,33,33,32,32,33,33,133323,33,133323,33,133323]	[1607,1611]	[4,2]	3000	16270000
17	1041005	2576001	1613	[3,3]	[102,500]	[3015005,3025005,3036009,3046009,3056013,3066013]	[1,1,1,1,1,2,1,2,1,2,1,2]	[29,29,29,29,33,104517,30,104517,33,104517,33,104517]	[1609,1613,1505]	[2,2,2]	3000	16320000
18	1141004	2626001	1613	[3]	[102]	[3016057,3026057,3036013,3046057,3056057,3066013]	[1,2,1,2,1,2,1,2,1,2,1,2]	[33,114417,32,114417,30,114417,32,114417,30,114417,33,114417]	[1613,1657]	[2,4]	3000	16360000
19	1531005	2526001	1606	[3]	[103]	[3016049,3026049,3036006,3046049,3056049,3066006]	[1,2,1,2,1,2,1,2,1,2,1,2]	[32,153521,30,153521,30,153521,30,153521,32,153521,32,153521]	[1649,1606]	[4,2]	3000	16280000
20	1061002	2065001				[3016007,3026008,3036007,3046007,3056008,3066007]	[1,2,1,2,1,2,1,2,1,2,1,2]	[33,106223,33,106223,33,106223,33,106223,33,106223,33,106223]	[1607,1608]	[4,2]	3000	
21	1261003	2046003	1636			[3016036,3026036,3036010,3046010,3056010,3066010]	[2,2,1,1,1,2,1,2,1,1,2,1]	[126311,126323,33,31,33,126317,30,126317,31,33,126301,30]	[1636,1610]	[2,4]	3000	
22	1331003	2516001	1611	[3,3,3]	[102,501,502]	[3016048,3026048,3036048,3046048,3056011,3066011]	[1,2,1,2,1,2,1,2,1,2,1,2]	[33,133317,33,133317,33,133317,33,133317,33,133323,33,133323]	[1648,1611]	[4,2]	5000	16070000
23	1141004	2626001	1657	[3,3,3]	[101,500,511]	[3016057,3026057,3036013,3046013,3056013,3066013]	[1,2,1,2,1,2,1,2,1,2,1,2]	[30,114417,30,114417,30,114417,33,114417,33,114417,33,114417]	[1613,1657]	[4,2]	5000	16360000
24	1221002	2216001	1607	[3,3,3]	[103,506,511]	[3016007,3026007,3036009,3046009,3056007,3066007]	[1,2,1,2,1,2,1,2,1,2,1,2]	[33,122223,33,122223,33,122223,33,122223,33,122223,33,122223]	[1607,1609]	[4,2]	5000	16130000
25	1061003	2066002	1609	[3,3]	[101,511]	[3015005,3025005,3036007,3046007,3056007,3066007]	[1,1,1,1,1,2,1,2,1,2,1,2]	[29,29,26,26,30,106323,33,106323,33,106323,30,106323]	[1505,1607]	[2,4]	5000	
26	1141004	2626001	1604	[3,3,3]	[103,201,500]	[3016013,3026006,3036006,3046013,3056013,3066013]	[1,2,1,2,1,2,1,2,1,2,1,2]	[32,114423,33,114423,30,114417,33,114417,32,114423,33,114417]	[1606,1613]	[2,4]	5000	16360000
27	1531004	2256001	1611	[3,3,3]	[101,501,502]	[3016011,3026011,3036025,3046025,3056025,3066025]	[1,2,1,2,1,2,1,2,1,2,1,2]	[32,153423,33,153423,33,153423,32,153423,30,153423,30,153423]	[1625,1611]	[4,2]	5000	16100000
28	1141004	2626001	1604	[3,3,3]	[103,500,511]	[3016006,3026006,3036057,3046057,3056057,3066057]	[1,2,2,2,1,2,2,2,1,2,1,2]	[30,114417,114416,114417,33,114417,114416,114417,30,114417,32,114417]	[1606,1657]	[2,4]	5000	16360000
29	1041005	2576001	1609	[3,3,3]	[102,103,500]	[3016013,3026013,3036013,3046006,3056013,3066006]	[1,2,1,2,1,2,1,2,1,2,1,2]	[30,104517,32,104517,30,104517,32,104517,30,104517,32,104517]	[1606,1613]	[2,4]	5000	16320000
30	1331003	2516001	1607	[3,3,3]	[101,501,502]	[3016007,3026007,3036007,3046007,3056011,3066011]	[1,2,1,2,1,2,1,2,1,2,1,2]	[33,133323,32,133323,30,133323,30,133323,33,133323,32,133323]	[1607,1611]	[4,2]	5000	16270000
31	1141004	2626001	1613	[3]	[500]	[3016057,3026057,3036013,3046013,3056057,3066057]	[1,2,1,2,1,2,1,2,1,2,1,2]	[33,114423,30,114417,33,114423,33,114417,30,114417,33,114423]	[1613,1657]	[2,4]	3000	16360000
32	1071004	2286001	1607	[3]	[511]	[3016007,3026007,3035005,3045005,3056009,3066009]	[1,2,1,2,1,1,1,1,1,2,1,2]	[33,107423,33,107423,29,29,29,29,33,107423,33,107423]	[1609,1607,1505]	[2,2,2]	4003	16110000
33	1331003	2516001	1611	[3,3]	[501,502]	[3016011,3026011,3035007,3045007,3055007,3065007]	[1,2,1,2,1,1,1,1,1,1,1,1]	[32,133323,32,133323,29,29,29,29,29,29,29,29]	[1611,1507]	[2,4]	4003	16010000
34	1111002	2015001				[3016007,3026007,3036007,3046007,3056009,3066009]	[1,2,1,2,1,2,1,2,1,2,1,2]	[33,111221,33,111221,33,111221,33,111221,33,111221,33,111221]	[1607,1609]	[4,2]	5000	
35	1081004	2406001	1606	[3,3,3]	[101,102,508]	[3016038,3026038,3036038,3046038,3056006,3066006]	[2,2,2,2,2,2,2,2,2,2,2,2]	[108401,108423,108401,108423,108401,108423,108401,108423,108401,108423,108401,108423]	[1638,1606]	[4,2]	5000	16190000
36	1131004	2546001	1606	[3,3,3]	[101,501,502]	[3016002,3026002,3036002,3046002,3056006,3066006]	[1,2,1,2,1,2,1,2,1,2,1,2]	[30,113417,32,113417,33,113417,33,113417,30,113417,33,113417]	[1602,1606]	[4,2]	5000	16290000
37	1161002	2146001	1643	[3,3,3]	[101,506,509]	[3016015,3026009,3036009,3046015,3056015,3066015]	[1,2,1,2,1,2,1,2,1,2,1,2]	[33,116223,33,116223,33,116223,33,116223,33,116223,33,116223]	[1615,1609]	[4,2]	5000	
38	1211002	2186001	1611	[3,3,3]	[101,501,502]	[3016007,3026011,3036011,3046007,3056007,3066007]	[1,2,1,2,1,2,1,2,1,2,1,2]	[33,121218,33,121218,33,121218,33,121218,33,121218,33,121218]	[1611,1607]	[2,4]	5000	16050000
39	1291003	2616001	1615	[3,3,3]	[101,202,203]	[3016056,3026056,3036056,3046056,3056015,3066015]	[1,2,1,2,1,2,1,2,1,2,1,2]	[30,129317,30,129317,30,129317,30,129317,30,129317,30,129317]	[1656,1615]	[4,2]	5000	16350000
40	1061004	2646001	1602	[3,3]	[500,511]	[3016004,3026004,3036002,3046006,3056006,3066002]	[2,2,2,2,1,2,1,1,1,1,1,2]	[106406,106421,106416,106417,32,106418,33,30,31,33,33,106417]	[1606,1604,1602]	[2,2,2]	3000	16010000
41	1011002	2015001		[1,1,1]	[20,23,25]	[3016009,3026007,3036007,3046009,3056007,3066007]	[1,2,1,2,1,2,1,2,1,2,1,2]	[33,101221,33,101221,33,101221,33,101221,33,101221,33,101221]	[1607,1609]	[4,2]	3000	
42	1131004	2546001	1611	[3,3]	[501,502]	[3016011,3025007,3035007,3046011,3055007,3065007]	[1,2,1,1,1,1,1,2,1,1,1,1]	[32,113423,29,29,29,29,31,113423,29,29,29,29]	[1507,1611]	[4,2]	3000	16070000
43	1141004	2626001	1613	[3]	[500]	[3016057,3026057,3036057,3046057,3056013,3066013]	[1,2,1,2,1,2,1,2,1,2,1,2]	[32,114417,33,114417,32,114417,33,114417,33,114417,30,114417]	[1657,1613]	[4,2]	3000	16360000
44	1061003	2065001				[3016007,3026007,3036007,3046007,3056009,3066009]	[1,2,1,2,1,2,1,2,1,2,1,2]	[33,106323,33,106323,33,106323,33,106323,33,106323,33,106323]	[1609,1607]	[2,4]	3000	16070000
45	1331003	2516001				[3015004,3025004,3036011,3046011,3056011,3066011]	[1,1,1,1,1,2,1,2,1,2,1,2]	[29,29,29,29,33,133323,33,133323,33,133323,33,133323]	[1611,1504]	[4,2]	3000	16270000
46	1321003	2506001	1609	[3,3,3]	[101,103,508]	[3016013,3026013,3036013,3045005,3055005,3066013]	[1,2,1,2,1,2,1,1,1,1,1,2]	[33,132317,33,132317,33,132317,29,29,29,29,33,132317]	[1613,1505]	[4,2]	5000	16260000
47	1171004	2436001	1607	[3,3,3]	[101,103,500]	[3016007,3026007,3035005,3045005,3056009,3066009]	[1,2,1,2,1,1,1,1,1,2,1,2]	[33,117417,30,117417,29,29,29,29,33,117417,33,117417]	[1505,1609,1607]	[2,2,2]	5000	16210000
48	1391003	2636001	1606	[3,3,3]	[103,501,502]	[3016059,3026006,3036006,3046059,3056059,3066059]	[1,2,1,2,1,2,2,2,1,2,1,2]	[30,139317,30,139317,32,139317,139306,139317,33,139317,32,139317]	[1659,1606]	[4,2]	5000	16370000
49	1211003	2466001	1615	[3]	[509]	[3016009,3026009,3036009,3046009,3056015,3066015]	[1,2,1,2,1,2,1,2,1,2,1,2]	[30,121323,33,121323,32,121323,30,121321,33,121323,33,121323]	[1609,1615]	[4,2]	4003	16340000
50	1131004	2546001	1611	[3,3]	[501,502]	[3016007,3026007,3036007,3046007,3056011,3066011]	[1,2,1,2,1,2,1,2,1,2,1,2]	[33,113423,32,113423,33,113423,33,113423,30,113423,32,113423]	[1611,1607]	[2,4]	3000	
51	1291003	2616001	1615	[3]	[101]	[3016056,3026056,3036056,3046056,3056015,3066015]	[1,2,1,2,1,2,1,2,1,2,1,2]	[33,129317,32,129317,33,129317,32,129317,32,129317,30,129317]	[1615,1656]	[2,4]	4003	16350000
52	1381003	2596001	1608	[3,3]	[501,502]	[3016010,3026010,3036010,3046010,3056053,3066053]	[1,2,1,2,1,2,1,2,1,2,1,2]	[33,138323,33,138323,33,138323,33,138323,33,138323,33,138323]	[1610,1653]	[4,2]	3000	16070000
53	1241003	2456001	1607	[3,3]	[506,507]	[3016007,3026007,3036042,3046042,3056042,3066042]	[1,2,1,2,1,2,1,2,1,2,1,2]	[30,124323,30,124323,33,124323,32,124323,30,124323,30,124323]	[1642,1607]	[4,2]	3000	16070000
54	1141004	2626001	1614	[3,3]	[102,500]	[3016014,3026014,3036057,3046057,3056057,3066057]	[1,2,1,2,1,2,1,2,1,1,1,1]	[33,114417,32,114417,30,114417,32,114417,30,33,30,30]	[1657,1614]	[4,2]	3000	16360000
55	1261003	2045001		[1,1,1]	[20,23,25]	[3016036,3026036,3036036,3046036,3056007,3066007]	[1,2,1,2,1,1,1,2,1,1,2,2]	[33,126321,30,126323,32,31,32,126323,33,31,126301,126321]	[1636,1607]	[4,2]	5000	
56	1351003	2556001	1606			[3016014,3026014,3036014,3046014,3056006,3066006]	[2,1,1,2,2,1,2,2,2,2,1,1]	[135311,31,30,135317,135306,30,135316,135321,135306,135323,32,31]	[1614,1606]	[4,2]	3000	16300000
57	1521003	2136001	1639	[3,3,3]	[301,303,401]	[3016018,3026018,3036018,3046018,3056018,3066018]	[1,1,1,2,1,2,2,1,1,2,2,2]	[33,30,31,152321,31,152321,152301,32,31,152318,152311,152323]	[1618]	[4]	5000	
58	1531005	2526001	1642	[3,3,3]	[101,102,500]	[3016049,3026014,3036049,3046049,3056014,3066049]	[1,2,2,2,2,2,1,2,2,2,2,2]	[32,153517,153516,153517,153501,153517,32,153517,153501,153517,153516,153517]	[1649,1614]	[4,2]	4003	16280000
59	1261003	2046003	1614	[3,3,3]	[101,102,203]	[3016036,3026014,3036036,3046036,3056014,3066036]	[1,2,1,2,1,2,2,2,1,2,2,2]	[30,126317,33,126317,33,126317,126316,126317,32,126317,126306,126317]	[1636,1614]	[4,2]	5000	16170000
60	1551003	2266001	1618	[3,3,3]	[302,303,402]	[3016026,3026026,3036026,3046026,3056026,3066026]	[1,2,1,2,1,2,2,2,2,2,2,2]	[31,155317,32,155317,31,155321,155316,155317,155316,155317,155316,155317]	[1626]	[4]	5000	
61	1381003	2596001	1610	[3,3]	[501,502]	[3016010,3026008,3036010,3046008,3056053,3066053]	[1,2,1,2,1,2,1,2,1,2,1,2]	[30,138323,32,138323,30,138323,30,138323,30,138323,30,138323]	[1653,1610,1608]	[2,2,2]	4003	16330000
62	1241003	2456001	1607	[3,3]	[506,507]	[3016042,3026042,3036042,3046007,3056007,3066042]	[1,2,1,2,1,2,1,2,1,2,1,2]	[33,124323,30,124323,30,124323,33,124323,33,124323,33,124323]	[1607,1642]	[2,4]	4003	16070000
63	1141004	2626001	1614	[3,3,3]	[101,103,500]	[3016004,3026004,3036058,3046058,3056014,3066014]	[1,1,1,1,2,1,1,1,1,1,1,1]	[30,32,33,30,114416,32,32,32,33,30,30,32]	[1614,1604,1658]	[2,2,2]	4003	16360000
64	1351003	2556001	1606	[3,3,3]	[101,102,500]	[3016014,3026014,3036014,3046014,3056006,3066006]	[1,2,1,2,1,2,1,2,1,2,1,2]	[33,135317,33,135317,33,135317,33,135317,33,135317,33,135317]	[1606,1614]	[2,4]	5000	16300000
65	1241003	2456001	1607	[3,3]	[102,507]	[3016042,3026042,3036042,3046042,3056007,3066007]	[1,2,1,2,1,2,1,2,1,2,1,2]	[30,124323,32,124323,33,124323,30,124323,32,124323,33,124323]	[1642,1607]	[4,2]	5000	16070000
66	1381003	2596001	1610	[3,3]	[501,502]	[3016010,3026010,3036008,3046008,3056053,3066053]	[1,2,1,2,1,2,1,2,1,2,1,2]	[32,138323,30,138323,33,138323,32,138323,32,138323,33,138323]	[1653,1608,1610]	[2,2,2]	5000	16330000
67	1331003	2516001	1606	[3,3,3]	[102,501,502]	[3016011,3026011,3035007,3045007,3056011,3066011]	[1,2,1,2,1,1,1,1,1,2,1,2]	[33,133323,33,133323,29,29,29,29,33,133323,33,133323]	[1507,1611]	[2,4]	5000	16070000
68	1051005	2496001	1609	[3,3,3]	[101,506,510]	[3015005,3026007,3036007,3045005,3056007,3066007]	[1,1,1,2,1,2,1,1,1,2,1,2]	[28,29,33,105523,30,105523,29,29,32,105523,32,105523]	[1505,1607]	[2,4]	5000	16250000
69	1061004	2646001	1604	[3,3,3]	[102,103,500]	[3016006,3026006,3036003,3046003,3056003,3066003]	[1,2,1,2,1,2,1,2,1,2,1,2]	[30,106417,33,106417,30,106417,30,106417,33,106417,33,106417]	[1603,1606]	[4,2]	5000	16380000
70	1241003	2456001	1614	[3,3]	[102,507]	[3016042,3026014,3036014,3046042,3056042,3066042]	[1,2,1,2,1,2,1,2,1,2,1,2]	[30,124321,32,124321,32,124321,32,124321,32,124321,32,124321]	[1614,1642]	[2,4]	3000	16090000
71	1531005	2526001	1606	[3,3,3]	[102,103,500]	[3016049,3026006,3036049,3046049,3056049,3066006]	[1,2,1,2,1,2,1,2,1,2,1,2]	[30,153521,30,153521,33,153521,30,153521,33,153521,30,153521]	[1649,1606]	[4,2]	4003	16280000
72	1261003	2046003	1607	[3,3]	[501,502]	[3016036,3026036,3036036,3046036,3056007,3066007]	[1,2,1,2,1,2,1,2,1,2,1,2]	[30,126323,33,126323,32,126323,32,126323,30,126323,32,126323]	[1607,1636]	[2,4]	4003	16070000
73	1321003	2506001	1611	[3,3,3]	[101,103,508]	[3016007,3026007,3036007,3046007,3056011,3066011]	[1,2,1,2,2,2,2,2,2,2,1,2]	[33,132323,32,132323,132316,132323,132301,132323,132301,132323,30,132323]	[1611,1607]	[2,4]	5000	16260000
74	1171004	2436001	1609	[3,3,3]	[101,103,500]	[3016007,3026007,3035005,3045005,3056009,3066009]	[1,2,1,2,1,1,1,1,1,2,1,2]	[33,117417,30,117417,29,29,29,29,33,117417,33,117417]	[1505,1609,1607]	[2,2,2]	5000	16210000
75	1391003	2636001	1615	[3,3,3]	[103,501,502]	[3016059,3026015,3036015,3046059,3056059,3066059]	[1,2,1,2,1,2,1,2,1,2,1,2]	[33,139317,32,139317,32,139317,30,139317,30,139317,30,139317]	[1659,1615]	[4,2]	5000	16370000
76	1051005	2496001	1609	[3,3]	[506,510]	[3016007,3026007,3036007,3046007,3055005,3065005]	[1,2,1,2,1,2,1,2,1,1,1,1]	[33,105517,33,105517,33,105517,33,105517,29,29,29,29]	[1505,1607]	[2,4]	4003	16250000
77	1321003	2506001	1611	[3,3]	[501,502]	[3016011,3026011,3035007,3045007,3055007,3065007]	[1,2,1,2,1,1,1,1,1,1,1,1]	[33,132317,33,132317,29,29,29,29,29,29,29,29]	[1507,1611]	[4,2]	4003	16260000
78	1031005	2606001	1603	[3,3]	[103,500]	[3016003,3026003,3036006,3046006,3056006,3066006]	[1,2,1,2,1,2,1,2,1,2,1,2]	[30,103521,32,103521,33,103521,33,103521,32,103521,30,103521]	[1603,1606]	[2,4]	4003	16340000
79	1031005	2606001	1606	[3,3]	[103,500]	[3016013,3026013,3036013,3046013,3056006,3066006]	[1,2,1,2,1,2,1,2,1,2,1,2]	[33,103521,33,103521,33,103521,33,103521,33,103521,33,103521]	[1606,1613]	[2,4]	4003	16340000
80	1081004	2406001	1607	[3]	[508]	[3016038,3026038,3036038,3046038,3056007,3066007]	[1,2,1,2,1,2,1,2,1,2,1,2]	[32,108423,32,108423,32,108423,32,108423,32,108423,32,108423]	[1638,1607]	[4,2]	4003	16190000
81	1131004	2546001	1606	[3,3,3]	[102,501,502]	[3016009,3026009,3036011,3046011,3056011,3066011]	[1,2,1,2,1,2,1,2,1,2,1,2]	[30,113423,32,113423,33,113423,33,113423,33,113423,33,113423]	[1611,1609]	[4,2]	4003	16290000
82	1381003	2596001	1608	[3,3,3]	[101,501,502]	[3016010,3026010,3036010,3046010,3056053,3066053]	[1,2,1,2,1,2,1,2,1,2,1,2]	[30,138323,30,138323,32,138323,30,138323,33,138323,32,138323]	[1610,1653]	[4,2]	4003	16330000
83	1241003	2456001	1607	[3,3,3]	[101,506,507]	[3016007,3026007,3036042,3046042,3056042,3066042]	[1,2,1,2,1,2,1,2,1,2,1,2]	[30,124321,33,124321,32,124321,33,124321,32,124323,30,124323]	[1642,1607]	[4,2]	4003	16220000
84	1531005	2526001	1614	[3,3,3]	[101,103,500]	[3016014,3026014,3036049,3046049,3056049,3066049]	[1,2,1,2,1,2,1,2,1,2,1,1]	[32,153521,30,153521,33,153521,33,153521,30,153521,30,30]	[1649,1614]	[4,2]	4003	16280000
85	1051005	2496001	1609	[3,3]	[506,510]	[3016046,3026046,3036046,3046046,3055005,3065005]	[1,2,1,2,1,2,1,2,1,1,1,1]	[33,105517,33,105517,33,105517,33,105517,29,29,29,29]	[1505,1646]	[2,4]	4003	16250000
86	1321003	2506001	1611	[3,3]	[501,502]	[3016011,3026011,3036007,3046007,3056007,3066007]	[1,2,1,2,1,2,1,2,1,2,1,2]	[30,132323,32,132323,30,132323,33,132323,30,132323,33,132323]	[1611,1607]	[2,4]	4003	16260000
87	1031005	2606001	1603	[3,3]	[102,500]	[3016003,3026003,3036006,3046006,3056006,3066006]	[1,2,1,2,1,2,1,2,1,2,1,2]	[30,103521,32,103521,33,103521,33,103521,32,103521,30,103521]	[1603,1606]	[2,4]	4003	16340000
88	1041004	2306001	1614	[3]	[102]	[3016031,3026031,3036031,3046031,3056014,3066014]	[1,2,1,2,1,2,1,2,1,2,1,2]	[30,104417,32,104417,32,104417,32,104417,33,104417,30,104417]	[1614,1631]	[2,4]	3000	16010000
89	1381003	2596001	1610			[3016007,3026007,3036007,3046053,3056053,3066007]	[1,2,1,2,1,2,1,2,1,2,1,2]	[32,138323,30,138323,30,138323,33,138323,32,138323,32,138323]	[1607,1653]	[4,2]	3000	16070000
90	1241003	2456001	1614	[3]	[102]	[3016014,3026014,3036042,3046042,3056042,3066042]	[1,2,1,2,1,2,1,2,1,2,1,2]	[30,124321,30,124321,30,124321,33,124321,33,124321,30,124321]	[1614,1642]	[2,4]	3000	16030000
91	1171004	2436001	1606	[3]	[103]	[3016041,3026041,3036041,3046006,3056006,3066041]	[1,2,1,2,1,2,1,2,1,2,1,2]	[32,117417,32,117417,30,117417,30,117417,33,117417,30,117417]	[1606,1641]	[2,4]	3000	16370000
92	1391003	2636001	1611			[3016011,3026011,3036007,3046007,3056007,3066007]	[1,2,1,2,1,2,1,2,1,2,1,1]	[30,139323,33,139323,30,139323,33,139323,32,139323,33,32]	[1607,1611]	[4,2]	3000	16070000
93	1321003	2506001	1609	[3,3]	[102,508]	[3016013,3026013,3036013,3045005,3055005,3066013]	[1,2,1,2,1,2,1,1,1,1,1,2]	[33,132317,33,132317,33,132317,29,29,29,29,33,132317]	[1613,1505]	[4,2]	3000	16250000
94	1331003	2516001	1606	[3,3,3]	[102,501,502]	[3016011,3026011,3035007,3045007,3056011,3066011]	[1,2,1,2,1,1,1,1,1,2,1,2]	[33,133323,33,133323,29,29,29,29,33,133323,33,133323]	[1507,1611]	[2,4]	5000	16070000
95	1051005	2496001	1609	[3,3,3]	[101,506,510]	[3015005,3026007,3036007,3045005,3056007,3066007]	[1,1,1,2,1,2,1,1,1,2,1,2]	[29,29,33,105517,33,105517,29,29,33,105517,33,105517]	[1505,1607]	[2,4]	5000	16250000
96	1061004	2646001	1604	[3,3,3]	[102,103,500]	[3016006,3026006,3036003,3046003,3056003,3066003]	[1,2,1,2,1,2,1,2,1,2,1,2]	[30,106417,33,106417,30,106417,30,106417,33,106417,33,106417]	[1603,1606]	[4,2]	5000	16380000
97	1321003	2506001	1611	[3]	[502]	[3016013,3026013,3036013,3045005,3055005,3066013]	[1,2,1,2,1,2,1,1,1,1,1,2]	[33,132317,33,132317,33,132317,29,29,29,29,33,132317]	[1613,1505]	[4,2]	3000	16260000
98	1171003	2175001				[3016009,3026009,3036007,3046007,3056007,3066007]	[1,2,1,2,1,2,1,2,1,2,1,2]	[33,117321,33,117321,33,117321,33,117321,33,117321,33,117321]	[1607,1609]	[4,2]	3000	16070000
99	1141004	2626001	1613	[3]	[511]	[3016057,3026057,3036057,3046057,3056013,3066013]	[1,2,1,2,1,2,1,2,1,2,1,2]	[32,114417,30,114417,32,114417,30,114417,30,114417,30,114417]	[1613,1657]	[2,4]	3000	16360000
100	1141004	2626001	1613	[3,3]	[101,500]	[3016057,3026057,3036057,3046057,3056013,3066013]	[2,2,1,2,1,2,2,2,1,2,1,2]	[114416,114417,31,114417,32,114417,114401,114417,33,114417,30,114417]	[1613,1657]	[2,4]	3000	16360000
101	1331003	2516001	1607	[3]	[502]	[3016011,3026011,3036007,3046011,3056011,3066007]	[1,2,1,2,1,2,1,2,1,2,1,2]	[33,133323,33,133323,33,133323,33,133323,33,133323,33,133323]	[1607,1611]	[2,4]	3000	16070000
102	1071004	2285001				[3016007,3026007,3035005,3045005,3056009,3066009]	[1,2,1,2,1,1,1,1,1,2,1,2]	[33,107423,33,107423,29,29,29,29,33,107423,33,107423]	[1609,1607,1505]	[2,2,2]	3000	16110000
103	1211002	2186001	1611	[3,3,3]	[103,501,502]	[3016007,3026007,3036007,3046007,3056009,3066009]	[1,2,1,2,2,2,1,2,1,2,1,2]	[30,121221,30,121221,121216,121221,33,121218,33,121218,33,121218]	[1609,1607]	[2,4]	5000	16050000
104	1291003	2616001	1606	[3]	[102]	[3016006,3026056,3036006,3046056,3056056,3066056]	[1,2,1,2,1,2,1,2,1,2,1,2]	[32,129321,32,129317,33,129321,33,129317,33,129317,30,129317]	[1656,1606]	[4,2]	5000	16350000
105	1211003	2466001	1615	[3,3,3]	[101,103,509]	[3016043,3026043,3036043,3046043,3056015,3066015]	[1,2,1,2,1,2,1,2,1,2,1,2]	[32,121317,32,121317,32,121317,30,121317,30,121317,30,121317]	[1643,1615]	[4,2]	5000	16230000
106	1141004	2626001	1613	[3]	[500]	[3016057,3026057,3036057,3046057,3056013,3066013]	[1,2,1,2,1,2,1,2,1,2,1,2]	[33,114417,30,114417,32,114417,30,114417,33,114417,30,114417]	[1657,1613]	[4,2]	3000	16270000
107	1221002	2215001		[1,1,1]	[21,23,24]	[3016007,3026007,3036009,3046009,3056007,3066007]	[1,2,1,2,1,2,1,2,1,2,1,2]	[33,122223,33,122223,33,122223,33,122223,33,122223,33,122223]	[1607,1609]	[4,2]	3000	
108	1331003	2516001	1611			[3016011,3025005,3035005,3046011,3055007,3065007]	[1,2,1,1,1,1,1,2,1,1,1,1]	[33,133323,29,29,29,29,33,133323,29,29,29,29]	[1611,1505,1507]	[2,2,2]	3000	16070000
109	1141004	2626001	1613	[3,3,3]	[101,500,511]	[3016057,3026057,3036057,3046057,3056014,3066014]	[1,2,1,2,1,2,1,2,1,2,1,2]	[30,114417,33,114417,32,114417,30,114417,32,114417,33,114417]	[1657,1614]	[4,2]	5000	16360000
110	1371002	2585001				[3016007,3026007,3036007,3046007,3056009,3066009]	[1,2,1,2,1,2,1,2,1,2,1,2]	[33,137217,33,137217,33,137217,33,137217,33,137217,33,137217]	[1609,1607]	[2,4]	5000	
111	1381003	2596001	1653			[3016010,3026010,3036010,3046010,3056053,3066053]	[1,2,1,2,1,2,1,2,1,2,1,2]	[33,138323,33,138323,33,138323,33,138323,33,138323,33,138323]	[1653,1610]	[2,4]	3000	16070000
112	1091002	2096001				[3016014,3026014,3036014,3046014,3056009,3066009]	[1,2,1,2,1,2,1,2,1,2,1,2]	[33,109223,33,109223,33,109223,33,109223,33,109223,33,109223]	[1614,1609]	[4,2]	5000	16010000
113	1531005	2526001	1614	[3,3,3]	[102,103,500]	[3016049,3026049,3036049,3046049,3056014,3066014]	[1,2,1,2,1,2,1,2,1,2,1,2]	[33,153521,33,153521,33,153521,33,153521,33,153521,33,153521]	[1649,1614]	[4,2]	5000	16280000
114	1381003	2596001	1610			[3016053,3026053,3036053,3046053,3056010,3066010]	[1,2,1,2,1,2,1,2,1,2,1,2]	[33,138323,33,138323,33,138323,33,138323,33,138323,33,138323]	[1653,1610]	[4,2]	3000	16240000
115	1381003	2596001	1607	[3,3]	[501,502]	[3016010,3026007,3036010,3046007,3056053,3066053]	[1,2,1,2,1,2,1,2,1,2,1,2]	[33,138323,30,138323,32,138323,32,138323,30,138323,30,138323]	[1607,1653,1610]	[2,2,2]	4003	16330000
116	1241003	2456001	1608	[3,3]	[506,507]	[3016042,3026042,3036042,3046014,3056014,3066042]	[1,2,1,2,1,2,1,2,1,2,1,2]	[33,124323,30,124323,30,124323,33,124323,33,124323,33,124323]	[1614,1642]	[2,4]	4003	16220000
117	1531005	2526001	1614	[3,3,3]	[101,103,500]	[3016014,3026014,3036049,3046049,3056049,3066049]	[1,2,1,2,1,2,1,2,1,2,1,2]	[33,153521,33,153521,30,153521,33,153521,30,153521,33,153521]	[1649,1614]	[4,2]	4003	16280000
118	1321003	2506001	1609	[3,3]	[102,508]	[3016013,3026013,3036013,3045005,3055005,3066013]	[1,2,1,2,1,2,1,1,1,1,1,2]	[33,132317,33,132317,33,132317,29,29,29,29,33,132317]	[1613,1505]	[4,2]	3000	16250000
119	1391003	2636001	1611			[3016011,3026011,3036007,3046007,3056007,3066007]	[1,2,1,2,1,2,1,2,1,2,1,1]	[30,139323,33,139323,30,139323,33,139323,32,139323,33,32]	[1607,1611]	[4,2]	3000	16070000
120	1171004	2436001	1606	[3]	[103]	[3016041,3026041,3036041,3046006,3056006,3066041]	[1,2,1,2,1,2,1,2,1,2,1,2]	[32,117417,32,117417,30,117417,30,117417,33,117417,30,117417]	[1606,1641]	[2,4]	3000	16370000
121	1051005	2496001	1607	[3,3]	[506,510]	[3015005,3026007,3036007,3045005,3056009,3066009]	[1,1,1,2,1,2,1,1,1,2,1,2]	[29,29,33,105517,33,105517,29,29,33,105517,33,105517]	[1609,1607,1505]	[2,2,2]	4003	16250000
122	1041005	2576001	1603	[3,3]	[103,500]	[3016052,3026052,3036052,3046052,3056003,3066003]	[2,1,2,2,2,2,2,2,2,2,2,2]	[104511,32,104511,104517,104511,104517,104511,104517,104511,104517,104511,104517]	[1603,1652]	[2,4]	4003	16320000
123	1291003	2616001	1611	[3,3]	[501,502]	[3015007,3025007,3036011,3045007,3055007,3066011]	[1,1,1,1,1,2,1,1,1,1,1,2]	[29,29,29,29,33,129317,29,29,29,29,33,129317]	[1507,1611]	[4,2]	4003	16070000
124	1531005	2526001	1614	[3]	[103]	[3016014,3026014,3036049,3046049,3056049,3066049]	[1,2,1,2,1,2,1,2,1,2,1,2]	[32,153521,32,153521,32,153521,32,153521,32,153521,30,153521]	[1649,1614]	[4,2]	3000	16280000
125	1381003	2596001	1607	[3]	[502]	[3016010,3026010,3036007,3046007,3056053,3066053]	[1,2,1,2,1,2,1,2,1,2,1,2]	[32,138323,33,138323,30,138323,33,138323,30,138323,32,138323]	[1607,1653,1610]	[2,2,2]	3000	16090000
126	1141003	2116001	1608			[3016017,3026017,3036017,3046017,3055004,3065004]	[1,2,1,2,1,2,1,2,1,1,1,1]	[33,114323,33,114323,30,114323,30,114323,26,28,28,28]	[1617,1504]	[4,2]	3000	16040000
127	1381003	2596001	1610	[3,3,3]	[103,501,502]	[3016008,3026008,3036010,3046010,3056053,3066053]	[1,2,1,2,1,2,1,2,1,2,1,2]	[32,138323,33,138323,33,138323,32,138323,32,138323,33,138323]	[1610,1653,1608]	[2,2,2]	5000	16330000
128	1531005	2526001	1614	[3,3,3]	[102,103,500]	[3016049,3026049,3036049,3046049,3056014,3066014]	[2,2,2,2,2,2,2,1,2,2,2,1]	[153511,153521,153511,153521,153511,153521,153511,33,153511,153521,153511,32]	[1614,1649]	[2,4]	5000	16280000
129	1241003	2456001	1607	[3,3,3]	[101,102,507]	[3016007,3026007,3036042,3046042,3056042,3066042]	[1,2,1,2,1,2,1,2,1,2,1,2]	[30,124323,32,124323,30,124323,33,124323,32,124323,33,124323]	[1607,1642]	[2,4]	5000	16220000
130	1051005	2496001	1603	[3,3,3]	[101,103,510]	[3016046,3026046,3036046,3046046,3056003,3066003]	[1,2,1,2,1,2,1,2,1,2,1,2]	[32,105517,32,105517,31,105517,33,105517,32,105517,30,105517]	[1603,1646]	[2,4]	4003	16250000
131	1021005	2346001	1606	[3]	[102]	[3016007,3025005,3035005,3046007,3056007,3066007]	[1,2,1,1,1,1,1,2,1,2,1,2]	[33,102517,29,29,29,29,33,102517,33,102517,33,102517]	[1607,1505]	[4,2]	4003	16150000
132	1321003	2506001	1611	[3,3]	[501,502]	[3016011,3026011,3036011,3046011,3056009,3066009]	[1,2,1,2,1,2,1,2,1,2,1,2]	[33,132317,33,132317,33,132317,33,132317,33,132317,33,132317]	[1611,1609]	[4,2]	4003	16260000
133	1061004	2646001	1604	[3,3,3]	[101,102,500]	[3016003,3026003,3036003,3046003,3056006,3066006]	[1,2,1,2,1,2,1,2,1,2,1,2]	[30,106417,30,106417,32,106417,33,106417,33,106417,30,106417]	[1606,1603]	[2,4]	5000	16380000
134	1071004	2286001	1609	[3,3]	[102,511]	[3016007,3026007,3036007,3046007,3055005,3065005]	[1,2,1,2,1,2,1,2,1,1,1,1]	[33,107423,33,107423,33,107423,33,107423,29,29,29,29]	[1505,1607]	[2,4]	5000	16070000
135	1331003	2516001	1611	[3,3,3]	[102,501,502]	[3016011,3026011,3035007,3045007,3056006,3066006]	[1,2,1,2,1,1,1,1,1,2,1,2]	[33,133323,33,133323,29,29,29,29,33,133323,33,133323]	[1611,1507,1606]	[2,2,2]	5000	16070000
136	1241003	2456001	1614	[3]	[507]	[3016042,3026042,3036042,3046042,3056008,3066008]	[1,2,1,2,1,2,1,2,1,2,1,2]	[33,124323,33,124323,33,124323,33,124323,33,124321,33,124321]	[1642,1608]	[4,2]	3000	16090000
137	1381003	2596001	1610			[3016053,3026053,3036007,3046007,3056007,3066007]	[1,2,1,1,1,2,1,2,2,2,2,2]	[32,138318,30,32,31,138323,30,138323,138306,138318,138301,138323]	[1607,1653]	[4,2]	3000	16270000
138	1351003	2556001	1606	[3,3]	[103,500]	[3016014,3026014,3036006,3046006,3056014,3066014]	[2,2,2,2,2,2,2,2,1,2,1,2]	[135316,135317,135316,135317,135316,135317,135316,135317,33,135317,33,135317]	[1614,1606]	[4,2]	4003	16120000
139	1291003	2616001	1656			[3016015,3026056,3036015,3046015,3056015,3066056]	[1,2,1,2,1,2,1,2,1,2,1,2]	[30,129323,33,129323,32,129323,32,129323,30,129317,30,129323]	[1615,1656]	[4,2]	3000	16350000
140	1091003	2335001		[1,1,1]	[20,22,25]	[3015007,3025007,3036011,3046011,3056011,3066011]	[1,1,1,1,1,2,1,2,1,2,1,2]	[29,29,29,29,33,109323,33,109323,33,109323,33,109323]	[1611,1507]	[4,2]	3000	
141	1211003	2466001	1607	[3]	[509]	[3015005,3025005,3036009,3046009,3056007,3066007]	[1,1,1,1,1,2,1,2,1,2,1,2]	[29,29,29,29,33,121317,33,121317,33,121317,33,121317]	[1607,1609,1505]	[2,2,2]	3000	16230000
142	1261003	2046003	1611	[3]	[502]	[3016007,3026007,3036007,3046007,3056011,3066011]	[1,2,1,2,1,2,1,2,1,2,1,2]	[33,126323,33,126323,33,126323,33,126323,33,126323,33,126323]	[1607,1611]	[4,2]	3000	16070000
143	1531005	2526001	1650	[3,3,3]	[101,103,500]	[3016049,3026049,3036049,3046049,3056006,3066006]	[1,2,1,2,1,2,1,2,1,2,1,2]	[32,153521,30,153521,33,153521,32,153521,30,153521,33,153521]	[1649,1606]	[4,2]	3000	16280000
144	1211003	2466001	1615	[3,3]	[506,509]	[3016009,3026009,3035005,3046015,3056015,3065005]	[1,2,1,2,1,1,1,2,1,2,1,1]	[33,121317,33,121317,29,29,33,121317,33,121317,29,29]	[1615,1609,1505]	[2,2,2]	3000	16080000
145	1131004	2546001	1611	[3,3,3]	[102,501,502]	[3015007,3025007,3035007,3046011,3055007,3066011]	[1,1,1,1,1,1,1,2,1,1,1,2]	[29,29,29,29,29,29,33,113423,29,29,33,113423]	[1507,1611]	[4,2]	3000	16010000
146	1081004	2406001	1607	[3]	[508]	[3016009,3025005,3035005,3046009,3056007,3066007]	[1,2,1,1,1,1,1,2,1,2,1,2]	[33,108423,29,29,29,29,33,108423,33,108423,33,108423]	[1505,1607,1609]	[2,2,2]	3000	16270000
147	1061004	2646001	1604	[3]	[500]	[3016002,3026002,3036002,3046006,3056002,3066006]	[1,2,1,2,1,2,1,2,1,2,1,2]	[33,106417,32,106417,32,106417,30,106417,33,106417,32,106417]	[1602,1606]	[4,2]	3000	16380000
148	1211003	2466001	1615	[3]	[509]	[3016015,3025005,3036009,3046015,3055005,3066009]	[1,2,1,1,1,2,1,2,1,1,1,2]	[33,121317,29,29,33,121317,33,121317,29,29,33,121317]	[1505,1609,1615]	[2,2,2]	4003	16070000
149	1531005	2526001	1650	[3]	[103]	[3016049,3026049,3036050,3046049,3056049,3066050]	[1,2,1,2,1,2,2,2,1,2,2,2]	[33,153521,30,153521,30,153521,153516,153521,33,153521,153516,153521]	[1649,1650]	[4,2]	4003	16280000
150	1291003	2616001	1611	[3]	[502]	[3016011,3026007,3036007,3046011,3056007,3066007]	[1,2,1,2,1,2,1,2,1,2,1,2]	[33,129317,33,129317,33,129317,33,129317,33,129317,33,129317]	[1611,1607]	[2,4]	4003	16350000
151	1291003	2616001	1656			[3016015,3026056,3036015,3046015,3056015,3066056]	[1,2,1,2,1,2,1,2,1,2,1,2]	[30,129323,33,129323,32,129323,32,129323,30,129317,30,129323]	[1615,1656]	[4,2]	3000	16350000
152	1091003	2335001		[1,1,1]	[20,22,25]	[3015007,3025007,3036011,3046011,3056011,3066011]	[1,1,1,1,1,2,1,2,1,2,1,2]	[29,29,29,29,33,109323,33,109323,33,109323,33,109323]	[1611,1507]	[4,2]	3000	
153	1211003	2466001	1607	[3]	[509]	[3015005,3025005,3036009,3046009,3056007,3066007]	[1,1,1,1,1,2,1,2,1,2,1,2]	[29,29,29,29,33,121317,33,121317,33,121317,33,121317]	[1607,1609,1505]	[2,2,2]	3000	16230000
154	1141004	2626001	1606	[3]	[500]	[3016057,3026057,3036057,3046057,3056006,3066006]	[1,2,1,2,1,2,1,2,1,2,1,2]	[32,114423,30,114423,32,114423,32,114423,32,114423,33,114423]	[1657,1606]	[4,2]	4003	16360000
155	1041005	2576001	1613	[3,3]	[103,500]	[3016052,3026052,3036052,3046052,3056013,3066013]	[1,2,1,2,1,2,1,2,1,2,1,2]	[30,104517,33,104517,32,104517,32,104517,32,104517,30,104517]	[1652,1613]	[4,2]	4003	16320000
156	1331003	2516001	1611	[3,3]	[501,502]	[3016007,3026007,3036007,3046007,3056009,3066009]	[1,2,1,2,1,2,1,2,1,2,1,2]	[33,133323,33,133323,33,133323,33,133323,33,133323,33,133323]	[1609,1607]	[2,4]	4003	16270000
157	1041005	2576001	1609	[3,3,3]	[102,103,500]	[3016013,3026013,3036013,3046013,3056006,3066006]	[1,2,1,2,1,2,1,2,1,2,1,2]	[30,104517,30,104517,30,104517,33,104517,33,104517,33,104517]	[1613,1606]	[4,2]	5000	16320000
158	1321003	2506001	1611	[3,3,3]	[501,502,508]	[3016011,3026011,3036007,3046007,3056007,3066007]	[1,2,1,2,1,2,1,2,1,2,1,2]	[30,132323,33,132323,32,132323,33,132323,33,132323,32,132323]	[1611,1607]	[2,4]	5000	16260000
159	1141004	2626001	1606	[3,3,3]	[101,103,500]	[3016004,3026004,3036057,3046057,3056057,3066057]	[1,2,1,2,1,2,1,2,1,2,1,2]	[33,114417,33,114417,32,114417,32,114417,32,114417,32,114417]	[1604,1657]	[2,4]	5000	16360000
160	1331003	2516001	1609	[3,3,3]	[102,501,502]	[3016007,3026007,3036007,3046007,3056011,3066011]	[2,2,2,2,1,2,1,2,1,2,1,2]	[133301,133321,133306,133323,31,133323,31,133323,33,133323,32,133321]	[1607,1611]	[4,2]	4003	16270000
161	1061004	2646001	1604	[3]	[511]	[3016003,3026003,3036003,3046003,3056006,3066006]	[1,2,1,2,2,2,1,2,1,2,1,2]	[32,106417,32,106417,106416,106417,33,106417,31,106417,33,106417]	[1606,1603]	[2,4]	4003	16380000
162	1021006	2476001	1645	[3,3,3]	[102,103,500]	[3016044,3026044,3036044,3046044,3056006,3066006]	[1,2,1,2,1,2,1,2,1,2,1,2]	[33,102617,33,102617,33,102617,33,102617,32,102617,33,102617]	[1606,1644]	[2,4]	4003	16240000
163	1051005	2496001	1603	[3,3]	[506,510]	[3015005,3026009,3036009,3045005,3056003,3066003]	[1,1,1,2,1,2,1,1,1,2,1,2]	[29,29,33,105517,33,105517,29,29,33,105517,33,105517]	[1505,1609,1603]	[2,2,2]	5000	16250000
164	1041005	2576001	1604	[3,3,3]	[101,102,500]	[3016052,3026052,3036052,3046052,3056006,3066006]	[1,2,1,2,1,2,1,2,1,2,1,2]	[30,104517,30,104517,30,104517,30,104517,30,104517,30,104517]	[1652,1606]	[4,2]	5000	16320000
165	1291003	2616001	1611	[3,3]	[501,502]	[3016007,3026007,3036007,3046007,3056011,3066011]	[2,2,1,1,1,2,1,2,2,2,2,1]	[129306,129323,32,31,33,129323,33,129323,129316,129323,129316,30]	[1607,1611]	[4,2]	5000	16070000
166	1211003	2466001	1609	[3,3,3]	[101,506,509]	[3016015,3025005,3036009,3046015,3055005,3066009]	[1,2,1,1,1,2,1,2,1,1,1,2]	[33,121317,29,29,33,121317,33,121317,29,29,33,121317]	[1505,1609,1615]	[2,2,2]	5000	16070000
167	1531005	2526001	1649	[3,3,3]	[101,103,500]	[3016049,3026049,3036050,3046050,3056050,3066050]	[1,2,1,2,1,2,1,2,1,2,1,2]	[30,153521,32,153521,30,153521,32,153521,32,153521,32,153521]	[1649,1650]	[2,4]	5000	16280000
168	1291003	2616001	1611	[3,3]	[501,502]	[3016011,3026011,3036007,3046007,3056007,3066007]	[1,2,2,2,1,2,1,2,1,2,2,2]	[31,129323,129301,129323,30,129323,31,129323,30,129323,129311,129323]	[1607,1611]	[4,2]	5000	16260000
169	1241003	2456001	1608	[3,3,3]	[101,506,507]	[3016042,3026042,3036042,3046042,3056014,3066014]	[1,2,1,2,1,2,1,2,1,2,1,2]	[32,124321,30,124321,30,124321,32,124321,30,124321,32,124321]	[1642,1614]	[4,2]	3000	16220000
170	1531005	2526001	1606	[3,3,3]	[101,103,500]	[3016049,3026006,3036049,3046006,3056049,3066049]	[1,2,1,2,1,2,1,2,1,2,1,2]	[30,153521,33,153521,30,153521,33,153521,33,153521,33,153521]	[1649,1606]	[4,2]	3000	16280000
171	1261003	2046003	1607	[3,3]	[501,502]	[3016036,3026036,3036036,3046036,3056007,3066007]	[1,2,1,2,1,2,1,2,1,2,1,2]	[30,126323,30,126323,33,126323,32,126323,30,126323,33,126323]	[1636,1607]	[4,2]	3000	16050000
172	1531005	2526001	1606	[3]	[103]	[3016014,3026014,3036014,3046014,3056006,3066006]	[1,2,1,2,1,2,1,2,1,2,1,2]	[32,153521,33,153521,30,153521,32,153521,30,153521,32,153521]	[1606,1614]	[2,4]	3000	16280000
173	1241003	2456001	1607	[3,3]	[506,507]	[3016007,3026007,3036042,3046042,3056042,3066042]	[1,2,1,2,1,2,1,2,1,2,1,2]	[33,124321,33,124321,33,124321,33,124321,33,124321,33,124321]	[1642,1607]	[4,2]	3000	16220000
174	1381003	2596001	1608	[3,3]	[501,502]	[3016010,3026010,3036010,3046010,3056053,3066053]	[1,2,1,2,1,2,1,2,1,2,1,2]	[33,138323,33,138323,30,138323,30,138323,32,138323,32,138323]	[1610,1653]	[4,2]	3000	16330000
175	1221003	2366001	1611	[3,3]	[501,502]	[3016011,3026011,3036007,3046007,3056007,3066007]	[1,2,2,2,1,2,1,2,1,2,2,2]	[33,122323,122306,122323,31,122323,31,122323,31,122323,122311,122323]	[1607,1611]	[4,2]	4003	16070000
176	1321003	2506001	1609	[3,3]	[506,508]	[3016013,3026013,3036013,3045005,3055005,3066013]	[1,2,1,2,1,2,1,1,1,1,1,2]	[33,132317,33,132317,33,132317,29,29,29,29,33,132317]	[1613,1505]	[4,2]	4003	16260000
177	1031005	2606001	1603	[3,3]	[103,500]	[3016003,3026003,3036006,3046006,3056006,3066006]	[1,2,1,2,1,2,1,2,1,2,1,2]	[30,103521,32,103521,33,103521,33,103521,32,103521,30,103521]	[1603,1606]	[2,4]	4003	16340000
178	1381003	2596001	1611	[3,3,3]	[102,501,502]	[3016011,3026011,3036007,3046007,3056007,3066007]	[1,2,1,2,1,2,1,2,1,2,1,2]	[32,138323,30,138323,32,138323,32,138323,30,138323,33,138323]	[1611,1607]	[2,4]	5000	16330000
179	1051005	2496001	1602	[3,3,3]	[101,103,510]	[3016046,3026046,3036046,3046046,3056002,3066002]	[1,2,1,2,1,2,1,2,1,2,1,2]	[32,105517,32,105517,32,105517,30,105517,32,105517,32,105517]	[1646,1602]	[4,2]	5000	16250000
180	1301002	2446001		[3,3,3]	[102,506,508]	[3016009,3026009,3036002,3046002,3056002,3066002]	[1,2,1,2,1,2,1,2,1,2,1,2]	[32,130223,30,130223,32,130223,30,130223,33,130223,30,130223]	[1609,1602]	[2,4]	5000	
181	1131004	2546001	1606	[3]	[102]	[3016051,3026051,3036051,3046051,3056006,3066006]	[1,2,1,2,1,2,1,2,1,2,1,2]	[33,113417,33,113421,30,113421,30,113421,30,113417,33,113417]	[1651,1606]	[4,2]	3000	16290000
182	1011002	2015001		[1,1]	[21,22]	[3016004,3026004,3036002,3046002,3056002,3066002]	[1,1,2,2,2,1,2,1,1,1,1,2]	[33,33,101201,101218,101201,30,101216,33,31,32,32,101223]	[1604,1602]	[2,4]	5000	
183	1081004	2406001	1602	[3]	[102]	[3016038,3026038,3036038,3046038,3056002,3066002]	[1,2,1,2,2,2,2,2,2,2,1,2]	[30,108417,30,108417,108411,108417,108411,108417,108406,108417,33,108417]	[1638,1602]	[4,2]	4003	16010000
184	1131004	2546001	1611	[3,3,3]	[103,501,502]	[3016007,3026007,3036007,3046011,3056007,3066011]	[1,2,1,2,1,2,1,2,1,2,1,2]	[30,113423,32,113423,33,113423,33,113423,30,113423,30,113423]	[1611,1607]	[2,4]	5000	16290000
185	1381003	2596001	1602	[3,3,3]	[101,102,103]	[3016006,3026002,3036006,3046006,3056006,3066002]	[1,2,1,2,1,2,1,2,1,2,1,2]	[30,138317,33,138317,33,138317,32,138317,30,138317,30,138317]	[1606,1602]	[4,2]	5000	16330000
186	1051005	2496001	1606	[3,3,3]	[101,102,510]	[3016046,3026046,3036046,3046046,3056006,3066006]	[1,2,1,2,1,2,1,2,1,2,1,2]	[33,105517,30,105517,33,105517,33,105517,32,105517,33,105517]	[1606,1646]	[2,4]	5000	16250000
187	1531005	2526001	1614	[3]	[102]	[3016049,3026049,3036049,3046049,3056014,3066014]	[1,2,1,2,1,2,2,2,1,2,1,2]	[33,153521,33,153521,33,153521,153511,153521,33,153521,33,153521]	[1614,1649]	[2,4]	3000	16280000
188	1041002	2045001				[3016014,3026014,3036014,3046014,3056006,3066006]	[1,2,1,2,1,2,2,1,1,1,1,1]	[33,104221,30,104218,31,104218,104216,33,33,30,30,31]	[1614,1606]	[4,2]	5000	
189	1261003	2046003	1610	[3,3,3]	[101,102,502]	[3016036,3026036,3036036,3046036,3056010,3066010]	[1,2,1,2,1,2,1,2,1,2,1,2]	[33,126323,33,126323,33,126323,33,126323,33,126323,33,126323]	[1610,1636]	[2,4]	5000	16170000
190	1051005	2496001	1603	[3,3]	[102,510]	[3016046,3026046,3036046,3046046,3056003,3066003]	[1,2,1,2,1,2,1,2,1,2,1,2]	[33,105517,33,105517,33,105517,33,105517,33,105517,33,105517]	[1646,1603]	[4,2]	3000	
191	1031005	2606001	1606	[3,3,3]	[101,102,500]	[3016054,3026006,3036054,3046054,3056054,3066006]	[1,2,1,2,1,2,1,2,1,2,1,2]	[33,103517,33,103517,33,103517,33,103517,33,103517,33,103517]	[1606,1654]	[2,4]	5000	16340000
192	1041003	2046002	1601	[3,3,3]	[101,103,500]	[3016003,3026003,3036003,3046003,3056001,3066001]	[1,1,2,2,2,1,2,2,2,1,2,2]	[31,32,104301,104317,104306,31,104301,104317,104316,31,104316,104318]	[1601,1603]	[2,4]	5000	16140000
193	1231002	2315001		[1,1,1]	[21,22,25]	[3016005,3026005,3036015,3046015,3056015,3066015]	[1,2,1,2,1,2,1,2,1,2,1,2]	[33,123217,33,123217,33,123217,33,123217,33,123217,33,123217]	[1615,1605]	[4,2]	5000	16140000
194	1291003	2616001	1607	[3,3]	[501,502]	[3016007,3026007,3036011,3046011,3056011,3066011]	[1,2,1,2,1,2,1,2,1,2,1,2]	[33,129323,33,129323,33,129323,33,129317,33,129317,33,129317]	[1611,1607]	[4,2]	5000	16350000
195	1211003	2466001	1609	[3,3]	[101,509]	[3016009,3026009,3036009,3046009,3056015,3066015]	[1,2,1,2,1,2,1,2,1,2,1,2]	[30,121323,33,121323,32,121323,30,121321,33,121323,33,121323]	[1609,1615]	[4,2]	5000	16200000
196	1531005	2526001	1606	[3,3]	[102,500]	[3016049,3026049,3036049,3046049,3056006,3066006]	[1,2,1,2,1,2,1,2,1,2,1,2]	[30,153521,32,153521,33,153521,32,153521,33,153521,33,153521]	[1649,1606]	[4,2]	5000	16280000
197	1051001	2055001				[3016008,3026007,3036007,3046008,3056007,3066007]	[1,2,1,2,1,2,2,2,2,2,2,2]	[33,105123,32,105123,31,105123,105101,105123,105106,105123,105116,105123]	[1608,1607]	[2,4]	5000	
198	1261003	2045001		[1,1,1]	[20,23,25]	[3016036,3026036,3036010,3046036,3056036,3066010]	[1,2,1,2,1,2,1,2,1,2,1,2]	[33,126323,32,126323,30,126323,32,126323,30,126323,33,126323]	[1610,1636]	[2,4]	5000	
199	1131004	2546001	1611	[3,3,3]	[101,102,502]	[3016011,3026051,3036051,3046011,3056051,3066051]	[1,2,2,1,2,2,1,2,1,1,1,2]	[30,113423,113401,30,113416,113421,31,113417,33,30,30,113418]	[1611,1651]	[2,4]	5000	16290000
200	1071003	2076002		[3,3]	[102,201]	[3016004,3026002,3036002,3046004,3056002,3066002]	[2,2,2,2,2,1,1,2,2,1,2,1]	[107316,107318,107311,107317,107306,30,33,107323,107311,30,107311,33]	[1604,1602]	[2,4]	5000	
201	1081004	2406001	1609			[3016038,3026038,3036038,3046038,3056009,3066009]	[1,2,2,1,1,2,1,2,1,2,1,1]	[31,108421,108401,31,31,108421,30,108421,32,108421,32,33]	[1638,1609]	[4,2]	4003	
202	1291003	2616001	1656	[3]	[103]	[3016056,3026056,3036015,3046015,3056015,3066015]	[1,2,1,2,1,2,1,2,1,2,1,2]	[32,129317,32,129317,32,129317,33,129317,30,129317,30,129317]	[1656,1615]	[2,4]	4003	16350000
203	1211003	2466001	1609	[3]	[509]	[3016007,3026007,3036007,3046007,3055005,3065005]	[1,1,1,2,1,1,1,2,1,1,1,1]	[32,31,33,121317,33,30,33,121317,29,29,29,29]	[1607,1505]	[4,2]	4003	
204	1131004	2546001	1611	[3,3]	[501,502]	[3015007,3025007,3035007,3045007,3056011,3066011]	[1,1,1,1,1,1,1,1,1,2,1,2]	[29,29,29,29,29,29,29,29,33,113423,33,113423]	[1611,1507]	[2,4]	3000	
205	1131004	2546001	1607	[3,3]	[501,502]	[3015007,3026007,3036007,3045007,3056011,3066011]	[1,1,2,2,1,1,1,1,1,2,1,2]	[29,29,113411,113417,31,33,29,29,32,113423,33,113423]	[1507,1611,1607]	[2,2,2]	3000	16070000
206	1361003	2566001	1609	[3,3]	[101,500]	[3016002,3026002,3036002,3046002,3056006,3066006]	[1,2,1,2,1,2,1,2,1,2,1,2]	[33,136317,33,136317,33,136317,33,136317,33,136317,33,136317]	[1602,1606]	[4,2]	4003	16310000
207	1061004	2646001	1604	[3,3]	[102,511]	[3016002,3026002,3036002,3046002,3056006,3066006]	[1,2,1,2,1,1,1,2,1,2,1,2]	[31,106417,33,106417,32,30,31,106417,30,106417,32,106417]	[1606,1602]	[2,4]	3000	16380000
208	1331003	2516001	1611	[3]	[501]	[3016007,3026007,3036007,3046007,3056011,3066011]	[1,1,1,1,1,1,1,2,1,2,1,2]	[30,33,33,32,32,33,33,133323,33,133323,33,133323]	[1607,1611]	[4,2]	3000	16070000
209	1061004	2646001	1604	[3]	[500]	[3016006,3026006,3036003,3046003,3056003,3066003]	[1,2,1,2,1,2,1,2,1,2,1,2]	[32,106417,33,106417,32,106417,32,106417,30,106417,32,106417]	[1606,1603]	[2,4]	3000	16380000
210	1051005	2496001	1603	[3]	[510]	[3015005,3025005,3036009,3046009,3056003,3066003]	[1,1,1,1,1,2,1,2,1,2,1,2]	[29,29,29,29,30,105517,33,105517,33,105517,33,105517]	[1609,1603,1505]	[2,2,2]	3000	16150000
211	1211003	2466001	1615	[3,3,3]	[101,103,509]	[3016043,3026043,3036043,3046043,3056015,3066015]	[1,2,1,2,1,2,1,2,1,2,1,2]	[30,121317,30,121317,30,121317,30,121317,30,121317,30,121317]	[1615,1643]	[2,4]	5000	16230000
212	1311002	2486001		[3,3,3]	[101,103,500]	[3016003,3026003,3036003,3046003,3056006,3066006]	[1,2,1,2,1,2,1,2,1,2,1,2]	[30,131217,30,131217,30,131217,30,131217,30,131217,30,131217]	[1603,1606]	[4,2]	5000	
213	1531005	2526001	1606	[3,3,3]	[102,103,500]	[3016049,3026049,3036049,3046049,3056006,3066006]	[1,2,1,2,1,2,1,2,1,2,1,2]	[33,153521,33,153521,33,153521,33,153521,33,153521,33,153521]	[1649,1606]	[4,2]	5000	16280000
214	1051005	2496001	1609	[3,3]	[101,510]	[3015005,3025005,3036007,3046007,3056007,3066007]	[1,1,1,1,1,2,1,2,1,2,1,2]	[29,29,26,28,33,105517,33,105523,33,105517,33,105517]	[1607,1505]	[4,2]	5000	16250000
215	1031005	2606001	1603	[3,3,3]	[101,103,500]	[3016003,3026006,3036003,3046006,3056006,3066006]	[1,2,1,2,1,2,1,2,1,2,1,2]	[33,103517,32,103517,30,103517,32,103517,30,103517,32,103517]	[1606,1603]	[4,2]	5000	16340000
216	1321003	2506001	1611	[3,3,3]	[103,501,502]	[3016011,3026007,3036011,3046007,3056007,3066007]	[1,2,1,2,1,2,1,2,1,2,1,2]	[32,132323,30,132323,33,132323,32,132323,33,132323,33,132323]	[1607,1611]	[4,2]	5000	16070000
217	1091003	2335001		[1,1,1]	[20,23,24]	[3016011,3025005,3035007,3046011,3055005,3065007]	[1,2,1,1,1,1,1,2,1,1,1,1]	[32,109323,29,29,29,26,33,109323,26,29,29,28]	[1611,1505,1507]	[2,2,2]	4003	
218	1211003	2466001	1615	[3]	[509]	[3016009,3026007,3036007,3046009,3056007,3066007]	[1,2,1,2,1,2,1,2,1,2,1,2]	[33,121323,30,121323,33,121323,33,121323,33,121323,30,121323]	[1607,1609]	[4,2]	4003	
219	1291003	2616001	1615	[3,3]	[501,502]	[3016015,3026015,3036056,3046056,3056056,3066056]	[1,2,1,2,1,2,1,2,1,2,1,2]	[30,129317,30,129317,30,129317,30,129317,30,129317,30,129317]	[1656,1615]	[4,2]	4003	16350000
220	1331003	2516001	1611	[3]	[501]	[3016007,3026007,3036007,3046007,3056011,3066011]	[1,1,1,1,1,1,1,2,1,2,1,2]	[30,33,33,32,32,33,33,133323,33,133323,33,133323]	[1607,1611]	[4,2]	3000	16270000
221	1041005	2576001	1613	[3,3]	[102,500]	[3015005,3025005,3036009,3046009,3056013,3066013]	[1,1,1,1,1,2,1,2,1,2,1,2]	[29,29,29,29,33,104517,33,104517,33,104517,33,104517]	[1609,1613,1505]	[2,2,2]	3000	16320000
222	1141004	2626001	1613	[3]	[102]	[3016057,3026057,3036013,3046057,3056057,3066013]	[1,2,1,2,1,2,1,2,1,2,1,2]	[33,114417,32,114417,30,114417,32,114417,30,114417,33,114417]	[1613,1657]	[2,4]	3000	16360000
223	1051005	2496001	1609	[3,3]	[506,510]	[3016007,3026007,3035005,3045005,3056007,3066007]	[1,2,1,1,1,1,1,1,1,2,1,2]	[33,105523,33,30,29,29,29,29,33,105517,33,105517]	[1607,1505]	[4,2]	3000	16250000
224	1321003	2506001	1611	[3,3]	[501,502]	[3016011,3025007,3036011,3045007,3056006,3066006]	[1,1,1,1,1,2,1,1,1,2,1,2]	[33,33,29,29,33,132317,29,29,33,132317,33,132317]	[1611,1507,1606]	[2,2,2]	3000	16070000
225	1031005	2606001	1603	[3,3]	[103,500]	[3016003,3026003,3036006,3046006,3056006,3066006]	[1,2,1,2,1,2,1,2,1,2,1,2]	[33,103521,32,103521,33,103521,30,103521,33,103521,30,103521]	[1606,1603]	[4,2]	3000	16340000
226	1051005	2496001	1603	[3,3]	[103,510]	[3016046,3026046,3036046,3046046,3056003,3066003]	[1,2,2,2,1,2,1,2,1,2,1,2]	[30,105523,105516,105523,32,105517,33,105517,30,105517,30,105517]	[1603,1646]	[2,4]	4003	16250000
227	1061004	2646001	1604	[3,3]	[103,500]	[3016003,3026003,3036003,3046003,3056006,3066006]	[1,2,1,2,1,2,1,2,1,2,1,2]	[32,106417,33,106423,33,106417,30,106417,33,106417,33,106423]	[1606,1603]	[2,4]	4003	16380000
228	1331003	2516001	1609	[3]	[501]	[3016007,3026007,3036007,3046007,3056011,3066011]	[1,2,1,2,1,2,1,2,1,2,1,2]	[33,133323,32,133323,33,133323,32,133323,30,133323,32,133323]	[1607,1611]	[4,2]	4003	16070000
229	1521004	2416001	1615	[3,3,3]	[101,103,500]	[3016040,3026040,3036040,3046040,3056015,3066015]	[1,2,1,2,1,2,1,2,1,2,1,2]	[30,152417,33,152417,32,152417,33,152417,32,152417,33,152417]	[1615,1640]	[2,4]	5000	16200000
230	1291003	2616001	1611	[3,3,3]	[101,501,502]	[3015007,3025007,3035007,3045007,3056011,3066011]	[1,1,1,1,1,1,1,1,1,2,1,2]	[29,29,26,26,26,28,28,29,30,129317,33,129317]	[1507,1611]	[4,2]	5000	16350000
231	1211003	2466001	1609	[3,3,3]	[101,506,509]	[3015005,3025005,3036007,3046007,3056007,3066007]	[1,1,1,1,1,2,1,2,1,2,1,2]	[29,29,29,29,32,121323,33,121323,33,121317,33,121317]	[1505,1607]	[2,4]	5000	16230000
232	1051005	2496001	1603	[3]	[510]	[3015005,3025005,3036009,3046009,3056003,3066003]	[1,1,1,1,1,2,1,2,1,2,1,2]	[29,29,29,29,30,105517,33,105517,33,105517,33,105517]	[1609,1603,1505]	[2,2,2]	3000	16150000
233	1061004	2646001	1604	[3]	[500]	[3016006,3026006,3036003,3046003,3056003,3066003]	[1,2,1,2,1,2,1,2,1,2,1,2]	[32,106417,33,106417,32,106417,32,106417,30,106417,32,106417]	[1606,1603]	[2,4]	3000	16380000
234	1331003	2516001	1611	[3]	[501]	[3016007,3026007,3036007,3046007,3056011,3066011]	[1,1,1,1,1,1,1,2,1,2,1,2]	[30,33,33,32,32,33,33,133323,33,133323,33,133323]	[1607,1611]	[4,2]	3000	16070000
235	1291003	2616001	1611	[3,3]	[501,502]	[3016007,3026007,3036007,3046007,3056011,3066011]	[1,2,1,2,1,2,1,2,1,2,1,2]	[30,129323,33,129323,32,129323,32,129323,33,129323,30,129323]	[1607,1611]	[4,2]	5000	16350000
236	1531005	2526001	1650	[3,3,3]	[102,103,500]	[3016049,3026049,3036049,3046049,3056006,3066006]	[2,1,2,1,2,1,2,1,1,2,1,2]	[153511,32,153511,32,153511,33,153511,32,30,153521,30,153521]	[1649,1606]	[4,2]	5000	16280000
237	1211003	2466001	1615	[3,3,3]	[101,506,509]	[3015005,3025005,3036009,3046009,3056015,3066015]	[1,1,1,1,1,2,1,2,2,2,2,2]	[29,29,29,29,33,121317,33,121317,121306,121323,121316,121323]	[1615,1505,1609]	[2,2,2]	5000	16070000
238	1331003	2516001	1606	[3]	[502]	[3016009,3026009,3036048,3046048,3056048,3066048]	[1,2,1,2,1,2,1,2,1,2,1,2]	[32,133317,30,133317,33,133317,32,133317,33,133317,30,133317]	[1609,1648]	[2,4]	5000	16270000
239	1291002	2426001	1611			[3016011,3026011,3036007,3046007,3056007,3066007]	[1,1,1,1,1,1,2,2,2,2,1,2]	[32,33,30,32,33,33,129216,129217,129216,129217,33,129217]	[1607,1611]	[4,2]	5000	16070000
240	1141004	2626001	1613	[3]	[511]	[3016057,3026057,3036057,3046057,3056013,3066013]	[1,2,1,2,1,2,1,2,1,2,2,2]	[32,114417,33,114417,30,114423,30,114423,33,114423,114416,114417]	[1613,1657]	[2,4]	3000	16020000
241	1141004	2626001	1613	[3,3]	[103,506]	[3016057,3026057,3036057,3046057,3056013,3066013]	[1,2,1,2,1,2,1,2,1,2,1,2]	[33,114417,33,114417,33,114417,33,114417,33,114417,33,114417]	[1657,1613]	[4,2]	4003	16360000
242	1331003	2516001	1611	[3]	[501]	[3015007,3025007,3036011,3045007,3056011,3065007]	[1,1,1,1,1,2,1,1,1,2,1,1]	[29,29,29,26,33,133323,29,29,33,133323,29,29]	[1611,1507]	[2,4]	4003	16230000
243	1321003	2506001	1609	[3,3]	[502,508]	[3016007,3026007,3036007,3046007,3055005,3065005]	[1,1,1,2,1,2,1,2,1,1,1,1]	[33,32,33,132317,33,132317,33,132317,29,29,29,29]	[1607,1505]	[4,2]	4003	16070000
244	1061004	2646001	1604	[3,3,3]	[102,500,511]	[3016003,3026003,3036003,3046003,3056006,3066006]	[1,2,1,2,1,2,1,2,1,2,1,2]	[30,106417,33,106417,32,106417,33,106417,33,106417,30,106417]	[1606,1603]	[2,4]	5000	16380000
245	1021006	2476001	1645	[3,3,3]	[101,102,500]	[3016006,3026006,3036044,3046044,3056044,3066044]	[1,2,1,2,1,2,1,2,1,2,1,2]	[33,102617,33,102617,32,102617,33,102617,30,102617,33,102617]	[1606,1644]	[2,4]	5000	16240000
246	1331003	2516001	1611	[3,3,3]	[102,501,502]	[3016011,3026011,3036007,3046007,3056007,3066007]	[1,2,1,2,1,2,1,2,1,2,1,2]	[33,133323,33,133323,33,133323,32,133323,33,133323,33,133323]	[1607,1611]	[4,2]	5000	16070000
247	1051005	2496001	1609	[3,3,3]	[101,506,510]	[3016007,3026007,3036007,3046007,3055005,3065005]	[1,2,1,2,1,2,1,2,1,1,1,1]	[33,105517,33,105517,32,105523,32,105523,29,29,29,29]	[1505,1607]	[2,4]	5000	16250000
248	1031005	2606001	1603	[3,3,3]	[102,103,500]	[3016003,3026003,3036006,3046006,3056006,3066006]	[1,2,1,2,1,2,1,2,1,2,1,2]	[30,103517,33,103517,32,103517,30,103517,30,103517,33,103517]	[1606,1603]	[4,2]	5000	16340000
249	1321003	2506001	1611	[3,3,3]	[103,501,502]	[3016007,3026007,3036007,3046007,3056011,3066011]	[1,2,1,2,1,2,1,2,1,2,1,2]	[33,132323,33,132323,32,132323,32,132323,33,132317,33,132317]	[1607,1611]	[4,2]	5000	16010000
250	1141004	2626001	1613	[3]	[102]	[3016057,3026057,3036013,3046057,3056057,3066013]	[1,2,1,2,1,2,1,2,1,2,1,2]	[33,114417,32,114417,30,114417,32,114417,30,114417,33,114417]	[1613,1657]	[2,4]	3000	16360000
251	1041005	2576001	1613	[3,3]	[102,500]	[3015005,3025005,3036009,3046009,3056013,3066013]	[1,1,1,1,1,2,1,2,1,2,1,2]	[29,29,29,29,33,104517,33,104517,33,104517,33,104517]	[1609,1613,1505]	[2,2,2]	3000	16320000
252	1331003	2516001	1611	[3]	[501]	[3016007,3026007,3036007,3046007,3056011,3066011]	[1,1,1,1,1,1,1,2,1,2,1,2]	[30,33,33,32,32,33,33,133323,33,133323,33,133323]	[1607,1611]	[4,2]	3000	16270000
253	1141004	2626001	1613	[3,3,3]	[103,500,511]	[3016057,3026057,3036057,3046057,3056013,3066013]	[1,2,1,2,1,2,1,2,1,2,1,2]	[33,114423,32,114423,33,114423,33,114423,30,114423,33,114423]	[1657,1613]	[4,2]	5000	16360000
254	1331003	2516001	1611	[3,3,3]	[102,501,502]	[3016007,3026007,3036007,3046007,3056011,3066011]	[1,2,1,2,1,2,1,2,1,2,1,2]	[30,133323,32,133323,30,133323,33,133323,30,133323,33,133323]	[1607,1611]	[4,2]	5000	16070000
255	1341002	2535001				[3016007,3025005,3036007,3046007,3056009,3066009]	[1,2,1,1,1,2,1,2,1,2,1,2]	[33,132221,29,29,33,132221,33,132221,33,132221,33,132221]	[1609]	[2]	5000	16070000
256	1011003	2016002	1607	[3,3,3]	[102,103,500]	[3016007,3026005,3036007,3046005,3056005,3066005]	[2,1,2,1,2,1,2,1,2,1,2,1]	[101306,33,101306,33,101306,33,101306,33,101306,33,101306,33]	[1605,1607]	[4,2]	5000	16070000
257	1241003	2456001	1614	[3,3,3]	[103,201,507]	[3016042,3026014,3036042,3046042,3056014,3066042]	[1,2,1,2,1,2,1,2,1,2,1,2]	[30,124321,30,124321,32,124321,33,124321,32,124321,33,124321]	[1614,1642]	[2,4]	4003	16220000
258	1261003	2046003	1610			[3016010,3026036,3036010,3046036,3056036,3066036]	[1,2,1,2,1,2,1,2,1,2,1,2]	[32,126323,33,126323,33,126323,32,126323,30,126323,30,126323]	[1610,1636]	[2,4]	5000	16170000
259	1141004	2626001	1604	[3,3,3]	[101,500,511]	[3016057,3026057,3036057,3046057,3056006,3066006]	[1,2,1,2,1,2,1,2,1,2,1,2]	[33,114417,32,114417,32,114417,33,114417,30,114417,32,114417]	[1657,1606]	[4,2]	5000	16360000
260	1321003	2506001	1607	[3,3,3]	[103,501,502]	[3016011,3026011,3036011,3046011,3056007,3066007]	[1,2,1,2,1,2,1,2,1,2,1,2]	[30,132323,33,132323,33,132323,33,132323,33,132323,33,132317]	[1611,1607]	[4,2]	5000	16070000
261	1021004	2026005	1609	[3]	[101]	[3016013,3026013,3036013,3046013,3055005,3065005]	[1,2,1,2,1,2,1,2,1,1,1,1]	[33,102417,33,102417,33,102417,30,102417,29,29,29,29]	[1505,1613]	[2,4]	5000	
262	1261003	2046003	1607	[3,3,3]	[102,501,502]	[3016007,3026007,3036011,3046011,3056011,3066011]	[1,2,1,2,1,2,1,2,1,2,1,2]	[33,126323,33,126323,32,126323,30,126323,30,126323,30,126323]	[1607,1611]	[2,4]	5000	16200000
263	1531005	2526001	1650	[3,3,3]	[101,103,500]	[3016049,3026050,3036049,3046049,3056050,3066049]	[2,1,2,1,2,1,2,1,2,1,2,1]	[153511,33,153511,32,153511,30,153511,30,153511,30,153511,30]	[1649,1650]	[4,2]	5000	16280000
264	1211003	2466001	1615	[3,3,3]	[101,506,509]	[3016015,3026015,3036006,3046006,3056009,3066009]	[1,2,1,2,1,2,1,2,1,2,1,2]	[33,121323,33,121323,33,121323,33,121323,33,121317,33,121317]	[1609,1615,1606]	[2,2,2]	5000	16070000
265	1061004	2646001	1604	[3,3,3]	[101,102,500]	[3016002,3026002,3036002,3046002,3056006,3066006]	[1,2,1,2,1,2,1,2,1,2,1,2]	[30,106417,32,106417,33,106417,32,106417,33,106417,30,106417]	[1606,1602]	[2,4]	5000	16380000
266	1011004	2326001	1602	[3,3,3]	[101,103,500]	[3016032,3026032,3036032,3046032,3056002,3066002]	[1,2,1,2,1,2,1,2,1,2,1,2]	[33,101417,32,101417,33,101417,32,101417,33,101417,30,101417]	[1632,1602]	[4,2]	5000	16130000
267	1131004	2546001	1611	[3,3]	[501,502]	[3016007,3026007,3036007,3046007,3056011,3066011]	[2,2,1,2,1,2,2,2,2,2,2,2]	[113411,113423,31,113423,33,113423,113406,113423,113416,113423,113406,113423]	[1611,1607]	[2,4]	3000	16290000
268	1291003	2616001	1607	[3,3,3]	[101,501,502]	[3016007,3026007,3036007,3046007,3056011,3066011]	[2,2,1,2,1,2,1,2,1,2,1,2]	[129316,129323,33,129323,33,129323,30,129323,32,129323,30,129323]	[1607,1611]	[4,2]	5000	16070000
269	1291002	2426001		[3]	[501]	[3015007,3025007,3035007,3045007,3055005,3065005]	[1,1,1,1,1,1,1,1,1,1,1,1]	[28,29,29,29,29,29,29,29,29,29,29,29]	[1505,1507]	[2,4]	5000	
270	1141004	2626001	1613	[3,3,3]	[103,500,511]	[3016057,3026057,3036057,3046057,3056013,3066013]	[1,2,1,2,1,2,1,2,1,2,1,2]	[33,114423,33,114423,33,114423,33,114423,33,114423,33,114423]	[1657,1613]	[4,2]	5000	16360000
271	1241003	2456001	1608	[3,3,3]	[101,103,507]	[3016042,3026042,3036042,3046042,3056014,3066014]	[1,2,1,2,1,2,1,2,1,2,1,2]	[33,124323,33,124323,33,124323,33,124323,33,124321,33,124323]	[1642,1614]	[4,2]	5000	16220000
272	1261003	2046003	1607	[3,3,3]	[103,501,502]	[3016007,3026007,3036036,3046036,3056036,3066036]	[1,2,1,2,1,2,1,2,1,2,1,2]	[33,126323,33,126323,33,126323,33,126323,33,126323,33,126323]	[1636,1607]	[4,2]	5000	16170000
273	1041004	2306001	1606	[3,3,3]	[103,203,500]	[3016031,3026031,3036031,3046006,3056006,3066031]	[1,2,1,2,1,2,1,2,1,2,1,2]	[33,104417,33,104417,33,104417,33,104417,33,104417,33,104417]	[1631,1606]	[4,2]	5000	16120000
274	1021006	2476001	1609	[3,3]	[103,500]	[3016044,3026044,3036044,3046044,3056006,3066006]	[1,2,1,2,1,2,1,2,1,2,1,2]	[30,102617,32,102617,30,102617,30,102617,32,102617,30,102617]	[1644,1606]	[4,2]	4003	16240000
275	1131004	2546001	1611	[3,3]	[501,502]	[3016011,3026007,3036011,3046007,3056007,3066007]	[1,2,1,2,1,2,1,2,1,2,1,2]	[32,113423,30,113423,32,113423,32,113423,30,113423,33,113423]	[1607,1611]	[4,2]	3000	16070000
276	1061004	2646001	1602	[3,3]	[102,511]	[3016004,3026004,3036002,3046002,3056006,3066006]	[1,2,1,2,1,2,1,2,1,2,1,2]	[30,106417,30,106417,32,106417,30,106417,30,106417,33,106417]	[1604,1606,1602]	[2,2,2]	3000	16380000
277	1331003	2516001	1611	[3]	[501]	[3016007,3026007,3036007,3046007,3056011,3066011]	[1,1,1,1,1,1,1,2,1,2,1,2]	[30,33,33,32,32,33,33,133323,33,133323,33,133323]	[1607,1611]	[4,2]	3000	16070000
278	1061004	2646001	1604	[3]	[500]	[3016006,3026006,3036003,3046003,3056003,3066003]	[1,2,1,2,1,2,1,2,1,2,1,2]	[32,106417,33,106417,32,106417,32,106417,30,106417,32,106417]	[1606,1603]	[2,4]	3000	16380000
279	1051005	2496001	1603	[3]	[510]	[3015005,3025005,3036009,3046009,3056003,3066003]	[1,1,1,1,1,2,1,2,1,2,1,2]	[29,29,29,29,30,105517,33,105517,33,105517,33,105517]	[1609,1603,1505]	[2,2,2]	3000	16150000
280	1091003	2336001	1611	[3,3]	[501,502]	[3016011,3026007,3036007,3046011,3056007,3066007]	[1,2,1,2,1,2,1,2,1,2,1,2]	[33,109323,32,109323,33,109323,33,109323,33,109323,33,109323]	[1611,1607]	[2,4]	5000	16070000
281	1121003	2206001		[3,3,3]	[101,509,512]	[3016007,3026007,3036009,3046007,3056007,3066009]	[1,1,1,1,1,2,1,2,1,2,1,2]	[33,33,33,32,32,112323,30,112323,32,112321,32,112323]	[1607,1609]	[4,2]	5000	16080000
282	1211003	2466001	1615	[3]	[103]	[3016043,3026043,3036043,3046015,3056043,3066015]	[1,2,1,2,1,2,1,2,1,2,1,2]	[33,121317,32,121317,32,121317,33,121317,32,121317,33,121317]	[1643,1615]	[4,2]	5000	16230000
283	1031001	2035001				[3016008,3026007,3036007,3046008,3056007,3066007]	[1,1,1,1,1,2,1,1,1,1,1,2]	[30,32,33,33,32,103118,30,30,33,30,33,103118]	[1608,1607]	[2,4]	5000	
284	1381003	2596001	1607	[3,3]	[501,502]	[3016008,3026008,3036007,3046053,3056053,3066007]	[1,2,1,2,1,2,1,2,1,2,1,2]	[30,138323,32,138323,32,138323,33,138323,33,138323,33,138323]	[1653,1607,1608]	[2,2,2]	5000	16330000
285	1241003	2456001	1614	[3,3]	[103,507]	[3016042,3026014,3036014,3046042,3056042,3066042]	[1,2,1,2,1,2,1,2,1,2,1,2]	[33,124321,33,124321,30,124323,32,124323,32,124323,32,124323]	[1614,1642]	[2,4]	5000	16220000
286	1051005	2496001	1603	[3,3,3]	[101,102,510]	[3016046,3026046,3036046,3046046,3056003,3066003]	[1,2,1,1,1,2,1,2,1,1,1,1]	[32,105523,32,30,32,105521,32,105521,32,30,32,30]	[1646,1603]	[4,2]	3000	16250000
287	1031005	2606001		[3]	[102]	[3016054,3026054,3036054,3046054,3056006,3066006]	[1,2,1,2,1,2,1,2,1,2,1,2]	[33,103517,33,103517,33,103517,33,103517,33,103521,33,103521]	[1654,1606]	[4,2]	3000	16340000
288	1041003	2046002	1601			[3016003,3026003,3036001,3046003,3056003,3066001]	[2,2,1,1,2,2,2,1,1,1,2,1]	[104306,104317,31,30,104311,104321,104316,31,31,33,104316,32]	[1603,1601]	[4,2]	3000	16030000
289	1131004	2546001	1606	[3,3]	[501,502]	[3016011,3026011,3036006,3046006,3056011,3066011]	[1,2,1,2,1,2,1,2,1,2,1,2]	[32,113423,32,113423,33,113423,33,113423,32,113423,30,113417]	[1611,1606]	[4,2]	3000	16070000
290	1081004	2406001	1607	[3,3]	[506,508]	[3016009,3025005,3035005,3046009,3056007,3066007]	[1,2,1,1,1,1,1,2,1,2,1,2]	[33,108423,29,29,29,29,33,108423,33,108423,33,108423]	[1505,1607,1609]	[2,2,2]	3000	16180000
291	1031005	2606001	1613	[3,3]	[102,500]	[3016013,3026013,3036055,3046055,3056055,3066055]	[1,2,1,2,1,1,1,2,1,2,1,2]	[32,103521,33,103521,32,32,32,103517,30,103517,32,103517]	[1613,1655]	[2,4]	3000	16340000
292	1371002	2586001	1606	[3,3,3]	[101,102,500]	[3016014,3026004,3036014,3046014,3056004,3066014]	[2,2,2,2,2,2,2,1,2,1,1,2]	[137211,137221,137206,137221,137201,137217,137216,33,137201,33,33,137217]	[1614,1604]	[4,2]	5000	
293	1261003	2046003	1610	[3,3,3]	[102,501,502]	[3016036,3026010,3036036,3046036,3056010,3066036]	[2,2,1,2,2,2,1,2,2,2,1,1]	[126306,126317,33,126317,126311,126321,33,126321,126301,126317,33,33]	[1610,1636]	[2,4]	5000	16170000
294	1241003	2456001	1607	[3,3,3]	[102,506,507]	[3016042,3026042,3036008,3046042,3056042,3066008]	[1,2,2,2,1,2,2,2,1,2,1,2]	[33,124317,124301,124321,33,124317,124311,124321,33,124317,33,124321]	[1642,1608]	[4,2]	5000	16090000
295	1131004	2546001	1611	[3,3,3]	[102,501,502]	[3016007,3026011,3036007,3046007,3056011,3066007]	[1,2,1,2,1,2,1,2,1,2,1,2]	[30,113423,33,113423,32,113423,33,113423,33,113423,30,113423]	[1611,1607]	[2,4]	5000	16290000
296	1021006	2476001	1609	[3,3,3]	[101,102,500]	[3016044,3026044,3036044,3046044,3056006,3066006]	[1,2,1,2,1,2,1,2,1,2,1,2]	[33,102617,32,102617,30,102617,32,102617,32,102617,30,102617]	[1644,1606]	[4,2]	5000	16240000
297	1061004	2646001	1604	[3,3,3]	[102,500,511]	[3016002,3026002,3036002,3046002,3056006,3066006]	[1,2,1,2,1,2,1,2,1,2,1,2]	[32,106417,32,106417,32,106417,32,106417,32,106417,32,106417]	[1602,1606]	[4,2]	5000	16380000
298	1141004	2626001	1613	[3,3]	[102,511]	[3016057,3026057,3036057,3046057,3056013,3066013]	[1,2,1,2,1,2,1,2,1,2,1,2]	[33,114417,33,114417,33,114417,33,114417,33,114417,33,114417]	[1657,1613]	[4,2]	4003	16360000
299	1041005	2576001	1609	[3,3]	[103,500]	[3016052,3026052,3036052,3046052,3056004,3066004]	[1,2,1,2,1,2,1,2,1,2,1,2]	[32,104517,32,104517,33,104517,33,104517,32,104517,30,104517]	[1604,1652]	[2,4]	4003	16320000
300	1321003	2506001	1611	[3,3]	[501,502]	[3016007,3026007,3036007,3046007,3056011,3066011]	[1,1,1,2,1,2,1,2,1,2,1,2]	[33,32,33,132317,33,132317,33,132317,33,132317,33,132317]	[1607,1611]	[4,2]	4003	16070000
301	1051005	2496001	1646	[3,3]	[102,510]	[3016046,3026046,3036003,3046003,3056003,3066003]	[1,2,1,2,1,2,1,2,1,2,1,2]	[33,105517,32,105517,33,105517,33,105517,32,105517,32,105517]	[1603,1646]	[4,2]	3000	16250000
302	1221003	2366001	1611	[3,3]	[501,502]	[3016011,3026007,3036007,3046011,3056007,3066007]	[1,2,1,2,1,2,1,2,1,2,1,2]	[32,122323,32,122323,30,122323,32,122323,30,122323,33,122323]	[1611,1607]	[2,4]	3000	
303	1021005	2346001	1606	[3,3,3]	[102,103,500]	[3016034,3026034,3036034,3046034,3056006,3066006]	[2,2,2,2,2,2,2,2,2,2,2,2]	[102516,102517,102516,102517,102516,102517,102516,102517,102516,102517,102516,102517]	[1634,1606]	[4,2]	3000	16150000
304	1031005	2606001	1613	[3,3]	[102,500]	[3016013,3026013,3036055,3046055,3056055,3066055]	[1,2,1,2,1,1,1,2,1,2,1,2]	[32,103521,33,103521,32,32,32,103517,30,103517,32,103517]	[1613,1655]	[2,4]	3000	16340000
305	1081004	2406001	1607	[3,3]	[506,508]	[3016009,3025005,3035005,3046009,3056007,3066007]	[1,2,1,1,1,1,1,2,1,2,1,2]	[33,108423,29,29,29,29,33,108423,33,108423,33,108423]	[1505,1607,1609]	[2,2,2]	3000	16180000
306	1131004	2546001	1606	[3,3]	[501,502]	[3016011,3026011,3036006,3046006,3056011,3066011]	[1,2,1,2,1,2,1,2,1,2,1,2]	[32,113423,32,113423,33,113423,33,113423,32,113423,30,113417]	[1611,1606]	[4,2]	3000	16070000
307	1131004	2546001	1611	[3,3,3]	[103,501,502]	[3016007,3026007,3036007,3046007,3056011,3066011]	[1,2,1,2,1,2,1,2,1,2,1,2]	[33,113423,32,113423,33,113423,33,113423,30,113423,32,113423]	[1611,1607]	[2,4]	5000	16070000
308	1211003	2466001	1609	[3,3,3]	[101,506,509]	[3015005,3025005,3036007,3046007,3056007,3066007]	[1,1,1,1,1,2,1,2,1,2,1,2]	[29,29,29,29,33,121323,33,121323,30,121323,33,121323]	[1505,1607]	[2,4]	5000	16230000
309	1291003	2616001	1656	[3,3,3]	[101,102,103]	[3016056,3026056,3036015,3046015,3056015,3066015]	[1,2,1,2,1,2,1,2,1,2,1,2]	[33,129317,30,129317,30,129317,32,129317,32,129317,33,129317]	[1615,1656]	[4,2]	5000	16350000
310	1241003	2456001	1608	[3,3,3]	[101,507,512]	[3016042,3026014,3036014,3046042,3056042,3066042]	[1,2,1,2,1,2,1,2,1,2,1,2]	[30,124321,32,124321,32,124321,32,124321,32,124321,32,124321]	[1614,1642]	[2,4]	5000	16220000
311	1381003	2596001	1610	[3,3,3]	[103,501,502]	[3015006,3026010,3036010,3045006,3056053,3066053]	[1,1,1,2,1,2,1,1,1,2,1,2]	[29,29,33,138323,33,138323,29,29,33,138323,33,138323]	[1653,1610,1506]	[2,2,2]	5000	16330000
312	1531005	2526001	1606	[3,3,3]	[102,103,500]	[3016049,3026049,3036049,3046049,3056006,3066006]	[2,1,2,1,2,1,2,1,2,1,2,1]	[153511,30,153511,30,153511,30,153511,33,153511,30,153511,33]	[1606,1649]	[2,4]	5000	16280000
313	1071004	2286001	1609	[3,3,3]	[101,506,511]	[3015005,3026007,3035005,3046007,3056007,3066007]	[1,1,1,2,1,1,1,2,1,2,1,2]	[26,26,30,107423,29,29,33,107423,32,107423,33,107423]	[1505,1607]	[2,4]	5000	16070000
314	1131004	2546001	1611	[3,3,3]	[101,501,502]	[3015007,3025007,3035007,3045007,3056011,3066011]	[1,1,1,1,1,1,1,1,1,2,1,2]	[28,28,29,28,28,28,29,29,32,113423,33,113423]	[1507,1611]	[4,2]	5000	16290000
315	1061004	2646001	1602	[3,3,3]	[102,103,500]	[3016004,3026004,3036002,3046006,3056006,3066002]	[1,2,1,2,1,2,1,2,1,2,1,2]	[32,106417,32,106417,33,106417,33,106417,32,106417,32,106417]	[1606,1604,1602]	[2,2,2]	5000	16380000
316	1141004	2626001	1614	[3,3,3]	[101,103,500]	[3016004,3026004,3036058,3046058,3056014,3066014]	[1,1,1,1,2,1,1,1,1,1,1,1]	[30,32,33,30,114416,32,32,32,33,30,30,32]	[1614,1604,1658]	[2,2,2]	4003	16360000
317	1241003	2456001	1607	[3,3]	[506,507]	[3016042,3026042,3036042,3046007,3056007,3066042]	[1,2,1,2,1,2,1,2,1,2,1,2]	[33,124323,30,124323,30,124323,33,124323,33,124323,33,124323]	[1607,1642]	[2,4]	4003	16070000
318	1381003	2596001	1610	[3,3]	[501,502]	[3016010,3026008,3036010,3046008,3056053,3066053]	[1,2,1,2,1,2,1,2,1,2,1,2]	[30,138323,32,138323,30,138323,30,138323,30,138323,30,138323]	[1653,1610,1608]	[2,2,2]	4003	16330000
319	1321003	2506001	1611	[3,3]	[102,501]	[3016047,3026047,3036047,3046047,3056011,3066011]	[1,2,1,2,1,2,1,2,1,2,1,2]	[30,132317,33,132317,33,132317,30,132317,30,132317,33,132317]	[1611,1647]	[2,4]	5000	16260000
320	1051005	2496001	1603	[3,3]	[102,103]	[3016003,3026003,3036046,3046046,3056046,3066046]	[1,2,1,2,1,2,1,2,1,2,1,2]	[30,105517,33,105517,33,105517,33,105517,33,105517,33,105517]	[1603,1646]	[2,4]	5000	16250000
321	1251002	2376001	1607	[3,3,3]	[102,103,500]	[3015005,3025005,3036007,3046007,3056009,3066009]	[1,1,1,1,1,2,1,2,1,2,1,2]	[29,29,29,29,33,125221,30,125221,33,125221,33,125221]	[1505,1609,1607]	[2,2,2]	5000	16150000
322	1241003	2456001	1642	[3]	[101]	[3016042,3026042,3036042,3046042,3056008,3066008]	[1,2,1,2,1,1,1,2,1,1,1,2]	[32,124317,33,124317,33,30,33,124321,31,33,32,124321]	[1642,1608]	[4,2]	3000	
323	1081002	2086001	1636			[3016014,3026014,3036014,3046014,3056004,3066004]	[2,2,1,2,2,1,2,2,1,1,2,2]	[108216,108221,30,108218,108216,33,108216,108223,31,32,108216,108221]	[1614,1604]	[4,2]	5000	
324	1261003	2046003	1610	[3,3,3]	[101,103,203]	[3016036,3026036,3036036,3046036,3056010,3066010]	[1,2,1,2,1,2,1,2,2,2,2,2]	[33,126317,32,126321,33,126318,30,126323,126316,126321,126316,126321]	[1636,1610]	[4,2]	5000	16170000
325	1221003	2366001	1611	[3,3,3]	[501,502,505]	[3016007,3026007,3036007,3046007,3056011,3066011]	[1,2,1,2,2,2,2,2,2,2,1,2]	[33,122323,30,122323,122316,122323,122311,122323,122311,122323,33,122323]	[1607,1611]	[4,2]	5000	16070000
326	1051005	2496001	1603	[3,3,3]	[101,103,510]	[3016046,3026046,3036046,3046046,3056003,3066003]	[1,2,1,2,1,2,1,2,1,2,1,2]	[33,105523,32,105523,30,105523,33,105523,32,105523,30,105523]	[1646,1603]	[4,2]	5000	16250000
327	1031005	2606001	1606	[3,3,3]	[101,102,500]	[3016054,3026054,3036054,3046054,3056006,3066006]	[1,2,1,2,1,2,1,2,1,2,1,2]	[30,103517,33,103517,32,103517,30,103517,33,103517,33,103517]	[1606,1654]	[2,4]	5000	16340000
328	1011004	2326001	1602	[3,3,3]	[102,103,500]	[3016002,3026002,3036032,3046032,3056032,3066032]	[1,2,1,2,1,2,1,2,1,2,1,2]	[32,101417,32,101417,32,101417,32,101417,32,101417,30,101417]	[1632,1602]	[4,2]	4003	16130000
329	1081004	2406001	1609	[3,3]	[101,508]	[3016038,3026038,3036038,3046038,3056009,3066009]	[2,2,1,2,1,2,1,2,2,2,2,2]	[108416,108417,32,108423,30,108421,32,108417,108416,108417,108406,108421]	[1638,1609]	[4,2]	4003	16190000
330	1131004	2546001	1606	[3,3,3]	[101,103,502]	[3016051,3026051,3036051,3046051,3056006,3066006]	[1,2,1,2,1,2,1,2,1,2,1,2]	[32,113417,32,113417,32,113417,32,113417,32,113417,32,113417]	[1651,1606]	[4,2]	4003	16290000
331	1141004	2626001	1606	[3,3,3]	[101,102,500]	[3016057,3026006,3036006,3046057,3056057,3066057]	[2,2,1,2,1,2,1,2,1,2,1,2]	[114416,114423,30,114417,33,114417,32,114417,30,114417,30,114417]	[1606,1657]	[2,4]	4003	16360000
332	1321003	2506001	1611	[3,3]	[501,502]	[3016007,3026007,3036007,3046007,3056009,3066009]	[1,2,1,2,1,2,1,2,1,2,1,2]	[33,132317,33,132317,33,132317,33,132317,33,132317,33,132317]	[1607,1609]	[4,2]	4003	16260000
333	1041004	2306001	1606	[3,3]	[101,500]	[3016006,3026006,3036031,3046031,3056031,3066031]	[1,2,1,2,1,2,1,2,1,2,1,2]	[33,104423,33,104423,33,104423,33,104423,33,104423,33,104423]	[1631,1606]	[4,2]	4003	16120000
334	1381003	2596001	1611	[3,3]	[501,502]	[3016007,3026007,3036009,3046007,3056007,3066009]	[1,2,1,2,1,2,1,2,1,2,1,2]	[30,138323,30,138323,32,138323,33,138323,33,138323,33,138323]	[1609,1607]	[2,4]	5000	16330000
335	1361003	2566001	1606	[3,3,3]	[101,103,500]	[3016002,3026006,3036006,3046002,3056002,3066002]	[1,2,1,2,1,2,1,2,1,2,1,2]	[32,136317,33,136317,32,136317,32,136317,33,136317,30,136317]	[1602,1606]	[4,2]	5000	16310000
336	1051005	2496001	1606	[3,3]	[103,510]	[3016046,3026046,3036046,3046046,3056006,3066006]	[1,2,1,2,1,2,1,2,1,2,1,2]	[30,105517,33,105517,30,105517,32,105517,32,105517,32,105517]	[1646,1606]	[4,2]	5000	16250000
337	1051004	2275001				[3016007,3026007,3036007,3046007,3056009,3066009]	[1,1,1,1,1,2,1,2,1,2,1,2]	[33,32,33,33,33,105423,33,105423,33,105423,33,105423]	[1607,1609]	[4,2]	3000	
338	1021006	2476001	1606	[3,3]	[102,500]	[3016044,3026044,3036044,3046006,3056006,3066044]	[1,2,1,2,1,2,1,2,1,2,1,2]	[33,102617,30,102617,33,102617,32,102617,32,102617,32,102617]	[1606,1644]	[2,4]	3000	16240000
339	1131004	2546001	1606	[3,3]	[102,501]	[3016002,3026002,3036002,3046002,3056006,3066006]	[1,2,1,2,1,2,1,2,1,2,1,2]	[33,113417,32,113417,30,113417,33,113417,33,113417,32,113417]	[1602,1606]	[4,2]	3000	16290000
340	1141004	2626001	1604	[3]	[500]	[3016057,3026057,3036057,3046057,3056006,3066006]	[1,2,1,2,1,2,1,2,1,2,1,2]	[33,114417,30,114417,30,114417,32,114417,32,114417,32,114417]	[1657,1606]	[4,2]	3000	16360000
341	1271003	2386001	1609	[3,3]	[101,103]	[3015005,3025005,3036013,3046013,3056013,3066013]	[1,1,1,1,1,2,1,2,1,2,1,2]	[29,29,29,29,33,127317,33,127317,33,127317,33,127317]	[1505,1613]	[2,4]	3000	16180000
342	1321003	2506001	1611	[3,3,3]	[501,502,508]	[3016007,3026007,3036007,3046011,3056011,3066007]	[1,2,1,2,1,2,1,2,1,1,1,2]	[33,132323,32,132323,31,132323,33,132317,33,31,33,132317]	[1611,1607]	[2,4]	3000	16260000
343	1071004	2286001	1609	[3,3,3]	[101,506,511]	[3015005,3026007,3035005,3046007,3056007,3066007]	[1,1,1,2,1,1,1,2,1,2,1,2]	[26,26,30,107423,29,29,33,107423,32,107423,33,107423]	[1505,1607]	[2,4]	5000	16070000
344	1131004	2546001	1611	[3,3,3]	[101,501,502]	[3015007,3025007,3035007,3045007,3056011,3066011]	[1,1,1,1,1,1,1,1,1,2,1,2]	[28,28,29,28,28,28,29,29,32,113423,33,113423]	[1507,1611]	[4,2]	5000	16290000
345	1061004	2646001	1602	[3,3,3]	[102,103,500]	[3016004,3026004,3036002,3046006,3056006,3066002]	[1,2,1,2,1,2,1,2,1,2,1,2]	[32,106417,32,106417,33,106417,33,106417,32,106417,32,106417]	[1606,1604,1602]	[2,2,2]	5000	16380000
346	1061004	2646001	1604	[3]	[102]	[3016006,3026006,3036002,3046002,3056002,3066002]	[1,2,1,2,1,2,1,2,1,2,1,2]	[32,106417,30,106417,30,106417,33,106417,33,106417,32,106417]	[1602,1606]	[4,2]	3000	16380000
347	1031004	2246001	1611	[3]	[501]	[3016009,3025007,3035007,3046009,3055007,3065007]	[1,2,1,1,1,1,1,2,1,1,1,1]	[32,103423,29,29,29,29,33,103423,29,29,29,29]	[1609,1507]	[2,4]	3000	
348	1131004	2546001	1611	[3,3]	[501,502]	[3016007,3026007,3036011,3046011,3056007,3066007]	[1,2,1,2,1,2,1,2,1,2,1,2]	[32,113423,30,113423,32,113423,32,113423,32,113423,30,113423]	[1611,1607]	[2,4]	3000	16290000
349	1121003	2205001				[3016007,3026007,3036009,3046007,3056007,3066009]	[2,2,1,2,2,2,1,2,2,2,1,2]	[112311,112323,33,112323,112316,112323,30,112323,112311,112323,31,112323]	[1609,1607]	[2,4]	3000	
350	1291003	2616001	1615			[3016056,3026056,3036015,3046056,3056056,3066015]	[2,2,2,2,1,2,1,1,2,2,2,1]	[129316,129317,129301,129317,32,129318,32,30,129311,129323,129306,31]	[1656,1615]	[4,2]	3000	16350000
351	1211003	2465001				[3016043,3026043,3036009,3046043,3056043,3066009]	[1,2,1,2,1,2,1,2,1,2,1,2]	[33,121317,33,121317,33,121317,33,121317,33,121317,33,121317]	[1643,1609]	[4,2]	3000	
352	1051005	2496001	1607	[3,3]	[506,510]	[3016009,3026009,3035005,3046007,3056007,3065005]	[1,1,1,2,1,1,1,2,1,2,1,1]	[33,32,30,105517,29,29,33,105517,33,105517,29,29]	[1609,1607,1505]	[2,2,2]	3000	16250000
353	1331003	2516001	1611	[3]	[501]	[3015007,3025007,3036011,3046011,3056006,3066006]	[1,1,1,1,1,2,1,2,1,2,1,2]	[29,29,29,29,33,133323,33,133323,33,133323,33,133323]	[1606,1611,1507]	[2,2,2]	4003	16070000
354	1061004	2646001	1603	[3,3]	[102,500]	[3016004,3026004,3036003,3046003,3056006,3066006]	[1,2,1,2,1,2,1,2,1,2,1,2]	[30,106417,30,106417,32,106417,33,106417,33,106417,30,106417]	[1604,1606,1603]	[2,2,2]	3000	16380000
355	1051005	2496001	1606	[3]	[510]	[3016006,3026046,3036046,3046006,3056046,3066046]	[1,2,1,2,1,2,1,2,1,2,1,2]	[33,105517,33,105517,32,105517,32,105517,30,105517,33,105517]	[1606,1646]	[2,4]	4003	16250000
356	1381003	2596001	1611	[3,3]	[501,502]	[3016007,3026007,3036007,3046007,3056011,3066011]	[1,2,1,2,1,2,1,2,1,2,1,2]	[32,138323,30,138323,33,138323,32,138323,32,138323,32,138323]	[1607,1611]	[4,2]	3000	16070000
357	1361003	2566001	1609			[3016002,3026002,3036002,3046051,3056002,3066051]	[1,2,1,2,1,2,1,2,1,2,1,2]	[30,136317,33,136317,30,136317,32,136317,32,136317,30,136317]	[1602,1651]	[4,2]	4003	16310000
358	1081004	2406001	1609	[3]	[508]	[3016007,3026007,3036007,3046007,3055005,3065005]	[1,2,1,2,2,1,1,2,1,1,1,1]	[33,108423,33,108423,108401,30,32,108417,29,29,29,29]	[1505,1607]	[2,4]	4003	16320000
359	1031005	2606001	1606	[3,3]	[101,500]	[3016013,3026013,3036013,3046013,3056006,3066006]	[1,2,1,2,1,2,1,2,1,2,1,2]	[30,103521,30,103521,30,103521,30,103521,33,103521,33,103521]	[1606,1613]	[2,4]	4003	16340000
360	1131004	2546001	1611	[3,3]	[501,502]	[3015007,3025007,3036011,3046011,3056006,3066006]	[1,1,1,1,1,2,1,2,1,2,1,2]	[29,29,29,29,32,113417,33,113423,30,113423,33,113423]	[1611,1606,1507]	[2,2,2]	3000	16070000
361	1131004	2546001	1612	[3,3,3]	[103,501,502]	[3016006,3026012,3036012,3046006,3056006,3066006]	[1,2,1,2,1,2,1,2,1,2,1,2]	[30,113417,32,113417,30,113417,30,113417,33,113417,30,113417]	[1612,1606]	[2,4]	5000	16290000
362	1141004	2626001	1607	[3,3,3]	[101,506,511]	[3016007,3026013,3036013,3046007,3056013,3066013]	[1,2,1,2,1,2,1,2,1,2,1,1]	[33,114423,32,114423,32,114423,32,114423,30,114417,32,30]	[1613,1607]	[4,2]	5000	16360000
363	1081004	2406001	1606	[3,3,3]	[101,506,508]	[3016007,3026007,3036007,3046007,3055005,3065005]	[1,2,1,2,2,1,1,2,1,1,1,1]	[33,108423,33,108423,108401,30,32,108417,29,29,29,29]	[1505,1607]	[2,4]	5000	16070000
364	1381003	2596001	1610			[3016007,3026007,3036007,3046007,3056053,3066053]	[1,2,1,2,1,2,1,2,1,2,1,2]	[33,138323,30,138317,32,138317,33,138323,33,138323,30,138317]	[1607,1653]	[4,2]	3000	
365	1141004	2626001	1614	[3]	[102]	[3016014,3026014,3036057,3046057,3056057,3066057]	[1,2,1,2,1,2,1,2,1,2,1,2]	[33,114423,32,114417,33,114417,33,114423,30,114417,32,114417]	[1614,1657]	[2,4]	3000	16360000
366	1041004	2306001	1606			[3016017,3026017,3036031,3046031,3056031,3066031]	[1,2,1,2,1,2,1,2,1,2,1,2]	[30,104417,30,104417,30,104417,30,104417,30,104417,33,104417]	[1631,1617]	[4,2]	3000	16120000
367	1131003	2236001		[3,3]	[506,510]	[3016022,3026022,3036009,3046022,3056022,3066009]	[1,2,1,2,1,2,1,2,1,2,1,2]	[30,113323,30,113323,30,113323,30,113323,32,113323,32,113323]	[1622,1609]	[4,2]	5000	16070000
368	1221003	2366001	1611	[3,3]	[501,502]	[3016007,3026007,3036011,3046007,3056007,3066011]	[1,2,1,2,1,2,1,2,1,2,1,2]	[30,122323,33,122323,33,122323,33,122323,33,122323,33,122323]	[1611,1607]	[2,4]	5000	16160000
369	1031005	2606001	1603	[3,3]	[101,500]	[3016006,3026006,3036003,3046006,3056006,3066003]	[1,2,1,2,1,2,1,2,1,2,1,2]	[30,103517,30,103517,33,103517,30,103517,30,103517,30,103517]	[1606,1603]	[4,2]	5000	16340000
370	1141004	2626001	1606	[3,3,3]	[102,500,511]	[3016057,3026057,3036057,3046057,3056006,3066006]	[1,2,1,2,1,2,1,1,1,2,1,2]	[32,114417,30,114417,30,114423,33,33,31,114417,33,114417]	[1657,1606]	[4,2]	3000	16010000
371	1531004	2255001		[1,1,1]	[21,23,24]	[3016011,3026025,3036025,3046011,3056025,3066025]	[1,2,2,2,1,2,1,2,2,2,2,2]	[33,153421,153411,153421,33,153423,32,153418,153406,153417,153401,153421]	[1625,1611]	[4,2]	3000	16070000
372	1331003	2516001	1611	[3,3,3]	[102,501,502]	[3016048,3026048,3036048,3046048,3056011,3066011]	[1,1,1,1,1,2,1,2,1,1,2,1]	[32,30,33,30,31,133317,33,133317,33,33,133306,32]	[1648,1611]	[4,2]	3000	16270000
373	1131004	2546001	1611	[3,3]	[102,502]	[3016013,3026013,3036013,3046013,3056006,3066006]	[1,2,1,2,1,2,2,1,1,1,1,2]	[30,113417,30,113417,32,113417,113401,30,33,32,33,113417]	[1606,1613]	[2,4]	5000	16290000
374	1081004	2406001	1607	[3,3]	[506,508]	[3016038,3026038,3036038,3046038,3056007,3066007]	[1,2,1,2,2,2,2,2,2,2,2,2]	[32,108423,33,108423,108401,108423,108401,108423,108401,108423,108401,108423]	[1607,1638]	[2,4]	5000	16070000
375	1021005	2346001	1609	[3,3]	[102,500]	[3016034,3026034,3036034,3046034,3056006,3066006]	[1,2,1,2,1,2,1,2,1,2,1,2]	[30,102517,32,102517,32,102517,32,102517,33,102517,33,102517]	[1634,1606]	[4,2]	5000	16320000
376	1211003	2466001	1615	[3]	[509]	[3015005,3025005,3036009,3046009,3056015,3066015]	[1,1,1,1,1,2,1,2,1,2,1,2]	[29,29,29,29,32,121317,30,121317,33,121317,33,121317]	[1615,1609,1505]	[2,2,2]	4003	16070000
377	1291003	2616001	1615	[3]	[501]	[3016007,3026007,3036007,3046007,3056011,3066011]	[1,2,1,2,1,1,1,2,1,2,1,2]	[33,129317,33,129317,33,33,33,129317,33,129317,33,129317]	[1607,1611]	[4,2]	4003	16350000
378	1531005	2526001	1650	[3]	[103]	[3016049,3026049,3036049,3046049,3056050,3066050]	[1,2,1,2,1,2,1,2,1,2,1,2]	[30,153521,32,153521,32,153521,30,153521,30,153521,33,153521]	[1649,1650]	[4,2]	4003	16280000
379	1131004	2546001	1611	[3,3]	[501,502]	[3016051,3026051,3036051,3046051,3056007,3066007]	[1,2,1,2,1,2,1,2,1,2,1,2]	[33,113421,33,113421,30,113421,32,113421,30,113421,32,113421]	[1651,1607]	[4,2]	3000	16290000
380	1051003	2055001		[1,1,1]	[20,22,25]	[3016007,3026009,3036007,3046007,3056007,3066009]	[1,2,1,2,1,2,1,2,1,2,1,2]	[30,105317,32,105321,32,105321,30,105321,33,105317,32,105321]	[1609,1607]	[2,4]	5000	
381	1081004	2406001	1602	[3,3,3]	[101,102,508]	[3016038,3026038,3036038,3046038,3056002,3066002]	[2,2,2,2,2,2,2,2,2,2,2,2]	[108401,108417,108401,108417,108401,108417,108401,108417,108401,108417,108401,108417]	[1638,1602]	[4,2]	5000	16190000
382	1131004	2546001	1611	[3,3]	[501,502]	[3015007,3025007,3036011,3046011,3056006,3066006]	[1,1,1,1,1,2,1,2,1,2,1,2]	[29,29,29,29,32,113417,33,113423,30,113423,33,113423]	[1611,1606,1507]	[2,2,2]	3000	16070000
383	1031005	2606001	1606	[3,3]	[101,500]	[3016013,3026013,3036013,3046013,3056006,3066006]	[1,2,1,2,1,2,1,2,1,2,1,2]	[30,103521,30,103521,30,103521,30,103521,33,103521,33,103521]	[1606,1613]	[2,4]	4003	16340000
384	1081004	2406001	1609	[3]	[508]	[3016007,3026007,3036007,3046007,3055005,3065005]	[1,2,1,2,2,1,1,2,1,1,1,1]	[33,108423,33,108423,108401,30,32,108417,29,29,29,29]	[1505,1607]	[2,4]	4003	16320000
385	1261003	2046003	1611	[3]	[501]	[3016007,3026007,3036007,3046007,3056011,3066011]	[1,2,1,2,1,2,1,1,1,2,1,2]	[31,126321,31,126317,33,126323,30,30,33,126323,33,126323]	[1607,1611]	[4,2]	4003	16170000
386	1211003	2466001	1615	[3]	[509]	[3016015,3025005,3035005,3046015,3056009,3066009]	[1,2,1,1,1,1,1,2,1,2,1,2]	[32,121317,29,29,29,29,30,121317,33,121317,33,121317]	[1609,1615,1505]	[2,2,2]	4003	16070000
387	1531005	2526001	1650	[3,3]	[103,500]	[3016049,3026049,3036049,3046049,3056006,3066006]	[1,2,1,2,1,2,1,2,1,2,1,2]	[32,153521,33,153521,33,153521,32,153521,32,153521,30,153521]	[1649,1606]	[4,2]	4003	16280000
388	1291003	2616001	1611	[3]	[502]	[3016011,3025007,3035007,3046011,3055007,3065007]	[1,2,1,1,1,1,1,2,1,1,1,1]	[33,129323,29,29,29,29,33,129317,29,29,29,29]	[1611,1507]	[2,4]	4003	16350000
389	1521004	2416001	1615	[3,3]	[103,500]	[3016040,3026040,3036040,3046040,3056015,3066015]	[1,2,1,2,1,2,1,2,1,2,1,2]	[30,152417,32,152417,30,152417,33,152417,32,152417,32,152417]	[1640,1615]	[4,2]	4003	16200000
390	1211003	2466001	1609	[3]	[509]	[3015005,3026007,3036007,3045005,3056007,3066007]	[1,1,1,2,1,2,1,1,1,2,1,2]	[29,29,33,121317,33,121317,29,29,33,121317,33,121317]	[1607,1505]	[4,2]	4003	16230000
391	1291003	2616001	1611	[3,3]	[501,502]	[3016011,3026011,3035007,3045007,3055007,3065007]	[2,2,1,2,1,1,1,1,1,1,1,1]	[129316,129323,33,129317,29,29,29,29,29,29,29,29]	[1611,1507]	[2,4]	3000	16070000
392	1041005	2576001	1645	[3]	[102]	[3016052,3026052,3036052,3046006,3056006,3066052]	[1,2,1,2,1,2,1,2,1,2,1,2]	[32,104517,32,104517,30,104517,30,104517,32,104517,33,104517]	[1652,1606]	[4,2]	3000	16320000
393	1051005	2496001	1603	[3,3]	[101,510]	[3016003,3026003,3036009,3045005,3055005,3066009]	[1,2,1,1,1,1,1,1,1,1,1,2]	[33,105523,33,33,33,32,29,29,29,29,33,105517]	[1609,1505,1603]	[2,2,2]	3000	16250000
394	1381003	2596001	1608	[3,3]	[501,502]	[3016010,3026010,3036010,3046010,3056053,3066053]	[1,1,1,1,1,1,1,2,1,2,1,2]	[33,32,33,30,33,33,33,138323,33,138323,33,138323]	[1610,1653]	[4,2]	3000	16070000
395	1241003	2456001	1607	[3,3]	[506,507]	[3016007,3026007,3036042,3046042,3056042,3066042]	[1,2,1,2,1,2,1,2,1,2,1,2]	[30,124323,30,124323,33,124323,32,124323,30,124323,30,124323]	[1642,1607]	[4,2]	3000	16070000
396	1141004	2626001	1614	[3,3]	[102,500]	[3016014,3026014,3036057,3046057,3056057,3066057]	[1,2,1,2,1,2,1,2,1,1,1,1]	[33,114417,32,114417,30,114417,32,114417,30,33,30,30]	[1657,1614]	[4,2]	3000	16360000
397	1381003	2596001	1607	[3]	[501]	[3016007,3026007,3036053,3046053,3056010,3066010]	[1,2,1,2,1,2,1,2,1,2,1,2]	[30,138323,32,138317,30,138323,33,138323,32,138323,33,138323]	[1653,1607,1610]	[2,2,2]	3000	16330000
398	1351003	2556001	1606	[3]	[102]	[3016014,3026014,3036006,3046014,3056014,3066006]	[2,2,2,2,2,2,2,2,2,2,2,2]	[135316,135317,135316,135317,135316,135317,135316,135317,135316,135317,135316,135317]	[1614,1606]	[4,2]	3000	16280000
399	1241003	2456001	1614	[3]	[507]	[3016042,3026042,3036042,3046014,3056014,3066042]	[1,2,1,2,1,2,1,2,1,2,1,2]	[33,124321,33,124321,32,124321,30,124321,30,124323,30,124321]	[1642,1614]	[4,2]	3000	16220000
400	1081003	2086002				[3016001,3026001,3036013,3046013,3056013,3066013]	[1,1,2,1,2,2,1,2,1,1,1,2]	[32,33,108311,30,108306,108323,32,108317,30,30,32,108323]	[1601,1613]	[2,4]	5000	
401	1331003	2516001	1609			[3016007,3026007,3036007,3046011,3056007,3066011]	[1,1,1,2,1,1,1,2,1,1,1,2]	[31,31,30,133323,32,31,33,133321,32,32,30,133317]	[1607,1611]	[4,2]	3000	16270000
402	1141004	2626001	1613	[3,3,3]	[101,500,511]	[3016057,3026057,3036057,3046057,3056013,3066013]	[1,2,1,2,1,2,1,2,1,2,1,2]	[33,114417,33,114417,33,114417,33,114417,33,114417,33,114417]	[1657,1613]	[4,2]	5000	16360000
403	1381003	2596001	1607			[3016010,3026010,3036007,3046053,3056053,3066007]	[1,2,1,2,1,2,1,2,1,2,1,2]	[33,138323,30,138323,33,138323,32,138323,32,138323,30,138323]	[1610,1607,1653]	[2,2,2]	3000	
404	1241003	2456001	1614	[3]	[507]	[3016042,3026042,3036042,3046042,3056014,3066014]	[1,2,1,2,1,2,1,2,1,2,1,2]	[33,124321,33,124323,33,124321,33,124321,33,124321,33,124321]	[1614,1642]	[2,4]	5000	16220000
405	1241002	2356001				[3015006,3025006,3036010,3046010,3056010,3066010]	[1,1,1,1,1,2,1,2,1,2,1,2]	[29,29,29,29,33,124223,33,124223,33,124223,33,124223]	[1610,1506]	[4,2]	5000	
406	1521004	2416001	1615	[3,3,3]	[102,103,500]	[3016040,3026040,3036040,3046040,3056015,3066015]	[1,2,1,2,1,2,1,2,1,2,1,2]	[33,152417,33,152417,30,152417,32,152417,32,152417,30,152417]	[1640,1615]	[4,2]	3000	16200000
407	1211003	2466001	1609	[3]	[509]	[3015005,3025005,3036007,3046007,3056007,3066007]	[1,1,1,1,1,2,1,2,1,1,1,2]	[29,29,28,28,33,121317,33,121317,33,33,33,121317]	[1505,1607]	[2,4]	3000	16070000
408	1291003	2616001	1611			[3016011,3026011,3035007,3045007,3055007,3065007]	[1,2,1,2,1,1,1,1,1,1,1,1]	[33,129317,32,129317,29,29,29,29,29,29,29,29]	[1611,1507]	[2,4]	3000	16150000
409	1241003	2456001	1614	[3,3,3]	[101,102,507]	[3016042,3026042,3036014,3046042,3056042,3066014]	[1,2,1,2,1,2,1,2,1,2,1,2]	[33,124321,33,124321,33,124321,33,124321,33,124321,33,124321]	[1642,1614]	[4,2]	5000	16220000
410	1021003	2026004	1608	[3,3,3]	[102,103,500]	[3016014,3026014,3036014,3046004,3056014,3066004]	[1,2,1,2,1,2,1,2,1,2,1,2]	[33,102321,33,102321,33,102321,33,102321,33,102321,33,102321]	[1604,1614]	[2,4]	5000	16120000
411	1261003	2046003	1607	[3,3]	[501,502]	[3016036,3026007,3036007,3046036,3056036,3066036]	[1,2,1,2,1,2,1,2,1,2,1,2]	[33,126317,33,126323,33,126323,33,126317,33,126323,33,126323]	[1607,1636]	[2,4]	5000	16170000
412	1131004	2546001	1611	[3,3]	[501,502]	[3016011,3025007,3036011,3045007,3055007,3065007]	[1,1,1,1,1,2,1,1,1,1,1,1]	[33,30,29,29,33,113423,29,29,29,29,29,29]	[1507,1611]	[4,2]	3000	16290000
413	1081004	2406001	1609	[3,3]	[506,508]	[3015005,3025005,3036007,3046007,3056007,3066007]	[1,1,1,1,1,2,1,2,1,2,1,2]	[29,29,29,29,31,108423,30,108423,33,108423,33,108423]	[1607,1505]	[4,2]	4003	16010000
414	1061004	2646001	1602	[3,3]	[103,500]	[3016004,3026004,3036002,3046002,3056006,3066006]	[1,2,1,2,1,2,1,2,1,2,1,2]	[30,106417,30,106417,32,106417,30,106417,30,106417,33,106417]	[1604,1606,1602]	[2,2,2]	3000	16380000
415	1221003	2366001	1611	[3,3,3]	[102,501,502]	[3016011,3026011,3036007,3046007,3056007,3066007]	[1,2,1,2,1,2,1,2,1,2,1,2]	[32,122323,32,122323,32,122323,32,122323,32,122323,32,122323]	[1607,1611]	[4,2]	5000	16070000
416	1051005	2496001	1603	[3,3,3]	[101,103,510]	[3016046,3026046,3036046,3046003,3056046,3066003]	[1,2,1,2,1,2,1,2,1,2,1,2]	[32,105517,32,105517,32,105517,32,105517,32,105517,32,105517]	[1603,1646]	[2,4]	5000	16250000
417	1021005	2346001	1609	[3,3,3]	[101,102,500]	[3016034,3026034,3036034,3046006,3056006,3066034]	[2,2,2,2,2,2,2,2,2,2,2,2]	[102516,102517,102516,102517,102516,102517,102516,102517,102516,102517,102516,102517]	[1634,1606]	[4,2]	5000	16150000
418	1381003	2596001	1606	[3,3,3]	[101,501,502]	[3016053,3026053,3036008,3046010,3056008,3066010]	[1,2,1,2,1,2,1,2,1,2,1,2]	[32,138323,30,138323,32,138323,32,138323,32,138323,30,138323]	[1610,1608,1653]	[2,2,2]	5000	16330000
419	1241003	2456001	1607	[3,3,3]	[506,507,512]	[3016042,3026042,3036042,3046007,3056042,3066007]	[1,2,1,2,1,2,1,2,1,2,1,2]	[33,124323,33,124323,33,124323,33,124323,33,124323,33,124323]	[1642,1607]	[4,2]	5000	16220000
420	1351003	2556001	1606	[3,3,3]	[101,103,500]	[3016014,3026014,3036014,3046014,3056006,3066006]	[1,2,1,2,1,2,1,2,1,2,1,2]	[33,135317,33,135317,32,135317,33,135317,33,135317,32,135317]	[1606,1614]	[2,4]	5000	16300000
421	1331003	2516001	1607	[3,3,3]	[101,501,502]	[3016007,3026007,3036007,3046007,3056011,3066011]	[1,2,1,2,1,2,1,2,1,2,1,2]	[30,133323,32,133323,30,133323,32,133323,30,133323,33,133323]	[1607,1611]	[4,2]	5000	16270000
422	1041005	2576001	1609	[3,3,3]	[102,103,500]	[3016013,3026013,3036013,3046013,3056006,3066006]	[1,2,1,2,1,2,1,2,1,2,1,2]	[33,104518,30,104517,30,104517,33,104518,30,104518,30,104518]	[1613,1606]	[4,2]	5000	16320000
423	1141004	2626001	1604	[3,3,3]	[103,500,511]	[3016057,3026057,3036057,3046057,3056013,3066013]	[1,2,1,2,1,2,1,2,1,2,1,2]	[33,114417,33,114417,32,114417,30,114417,32,114417,32,114417]	[1613,1657]	[2,4]	5000	16360000
424	1211003	2466001	1607	[3]	[509]	[3015005,3026009,3035005,3046007,3056009,3066007]	[1,1,1,2,1,1,1,2,1,2,1,2]	[29,29,33,121317,29,29,33,121317,33,121317,33,121317]	[1609,1607,1505]	[2,2,2]	3000	16230000
425	1091003	2335001		[1,1,1]	[21,22,25]	[3015007,3025007,3036011,3046011,3056011,3066011]	[1,1,1,1,1,2,1,2,1,2,1,2]	[29,29,29,29,33,109323,33,109323,33,109323,33,109323]	[1611,1507]	[4,2]	3000	16140000
426	1291003	2616001	1656			[3016015,3026015,3036015,3046056,3056015,3066056]	[1,2,1,2,1,2,1,2,1,2,1,2]	[32,129323,30,129323,30,129323,33,129323,32,129317,33,129317]	[1615,1656]	[4,2]	3000	16350000
427	1061004	2646001	1602			[3016004,3026004,3036002,3046002,3056006,3066006]	[1,2,1,2,1,2,2,2,1,2,2,2]	[33,106417,32,106417,33,106417,106416,106417,33,106417,106416,106417]	[1602,1604,1606]	[2,2,2]	3000	16380000
428	1021001	2026003				[3016009,3026009,3035005,3045005,3056007,3066007]	[1,2,1,2,1,1,1,1,1,2,1,2]	[33,102121,31,102121,29,29,29,29,33,102121,33,102121]	[1505,1607,1609]	[2,2,2]	3000	16010000
429	1321003	2506001	1607	[3,3]	[502,508]	[3016011,3026011,3036011,3046011,3056007,3066007]	[1,2,1,2,1,1,1,1,1,1,1,2]	[33,132317,33,132317,33,33,33,30,33,30,33,132317]	[1611,1607]	[4,2]	3000	16260000
430	1141004	2626001	1657	[3,3,3]	[101,103,500]	[3016057,3026057,3036004,3046004,3056006,3066006]	[1,2,1,2,1,2,1,2,1,2,1,2]	[32,114417,30,114417,30,114417,32,114417,30,114417,32,114417]	[1604,1606,1657]	[2,2,2]	5000	16360000
431	1071004	2286001	1613	[3,3,3]	[101,506,511]	[3016013,3026013,3036007,3046007,3056007,3066007]	[1,2,1,2,1,2,1,2,1,2,1,2]	[30,107423,32,107423,32,107423,33,107423,33,107423,30,107423]	[1607,1613]	[4,2]	5000	16270000
432	1331003	2516001	1609	[3,3,3]	[101,501,502]	[3016011,3026011,3036011,3046011,3055007,3065007]	[1,2,1,2,1,2,1,2,1,1,1,1]	[33,133323,33,133323,32,133323,30,133323,29,29,29,29]	[1507,1611]	[2,4]	5000	16070000
433	1061004	2646001	1602	[3,3,3]	[102,500,511]	[3016004,3026004,3036002,3046002,3056006,3066006]	[1,2,1,1,1,2,1,1,1,1,2,1]	[33,106423,32,32,32,106417,33,32,33,32,106416,32]	[1604,1606,1602]	[2,2,2]	5000	16380000
434	1361003	2566001	1609	[3,3]	[101,102]	[3016002,3026002,3036002,3046002,3056006,3066006]	[1,2,1,2,1,2,1,2,1,2,1,2]	[33,136317,32,136317,33,136317,30,136317,33,136317,33,136317]	[1602,1606]	[4,2]	5000	16310000
435	1131004	2546001	1606	[3,3]	[501,502]	[3016007,3026007,3036007,3046007,3056011,3066011]	[1,2,1,2,1,2,1,2,1,1,1,1]	[30,113423,30,113423,30,113423,30,113423,32,30,33,32]	[1607,1611]	[4,2]	5000	16290000
436	1131004	2546001	1606	[3,3]	[501,502]	[3016011,3026011,3036006,3046006,3056011,3066011]	[1,2,1,2,1,2,1,2,1,2,1,2]	[32,113423,32,113423,33,113423,33,113423,32,113423,30,113417]	[1611,1606]	[4,2]	3000	16070000
437	1081004	2406001	1607	[3,3]	[506,508]	[3016009,3025005,3035005,3046009,3056007,3066007]	[1,2,1,1,1,1,1,2,1,2,1,2]	[33,108423,29,29,29,29,33,108423,33,108423,33,108423]	[1505,1607,1609]	[2,2,2]	3000	16180000
438	1031005	2606001	1613	[3,3]	[102,500]	[3016013,3026013,3036055,3046055,3056055,3066055]	[1,2,1,2,1,1,1,2,1,2,1,2]	[32,103521,33,103521,32,32,32,103517,30,103517,32,103517]	[1613,1655]	[2,4]	3000	16340000
439	1091003	2336001	1607			[3016011,3026007,3036007,3046011,3056009,3066009]	[1,2,1,2,1,2,1,2,1,2,1,2]	[33,109323,33,109323,33,109323,33,109323,33,109323,33,109323]	[1607,1609,1611]	[2,2,2]	5000	16140000
440	1211003	2466001	1615			[3016043,3026043,3036043,3046043,3056015,3066015]	[1,2,1,2,1,2,1,2,1,2,1,2]	[30,121317,33,121317,32,121317,32,121317,30,121317,30,121317]	[1643,1615]	[4,2]	5000	16230000
441	1561003	2096003	1616			[3016028,3026028,3036028,3046028,3056028,3066028]	[1,2,1,2,1,2,1,2,1,2,1,2]	[30,156317,32,156317,30,156317,33,156317,33,156317,33,156317]	[1628]	[4]	5000	16070000
442	1241003	2456001	1614	[3,3,3]	[102,103,507]	[3016014,3026014,3036042,3046042,3056042,3066042]	[1,2,1,2,1,2,1,2,1,2,1,2]	[30,124321,30,124321,33,124321,33,124321,33,124321,33,124321]	[1614,1642]	[2,4]	5000	16220000
443	1031003	2036001		[3,3,3]	[102,501,502]	[3016007,3026007,3036007,3046007,3056008,3066008]	[1,2,1,2,1,2,1,2,1,2,1,2]	[30,103317,33,103317,32,103317,32,103317,32,103317,30,103317]	[1608,1607]	[2,4]	5000	16070000
444	1261003	2046003	1610	[3,3]	[501,502]	[3016036,3026036,3036036,3046036,3056010,3066010]	[1,2,1,2,1,2,1,2,2,2,2,2]	[32,126323,32,126323,32,126323,33,126323,126311,126323,126311,126323]	[1636,1610]	[4,2]	5000	16070000
445	1031005	2606001	1603	[3]	[500]	[3016003,3026003,3036006,3046006,3056006,3066006]	[1,2,1,2,1,2,1,2,1,2,1,2]	[32,103521,30,103521,30,103521,30,103521,30,103521,30,103521]	[1603,1606]	[2,4]	3000	16340000
446	1221003	2366001	1609	[3,3]	[501,502]	[3016011,3026011,3036007,3046007,3056007,3066007]	[1,2,1,2,1,2,1,2,1,1,1,2]	[30,122323,33,122323,33,122323,30,122323,30,33,33,122323]	[1611,1607]	[2,4]	3000	16160000
447	1051005	2496001	1603	[3,3,3]	[101,103,510]	[3016003,3026003,3036046,3046046,3056046,3066046]	[1,2,1,2,1,2,1,2,1,2,1,2]	[30,105517,32,105517,33,105517,30,105517,33,105517,30,105517]	[1603,1646]	[2,4]	3000	16250000
448	1381003	2596001	1610	[3,3,3]	[101,501,502]	[3016010,3026010,3036053,3046053,3056008,3066008]	[1,2,1,2,1,2,1,2,1,2,1,2]	[33,138323,33,138323,30,138323,32,138323,32,138323,32,138323]	[1608,1610,1653]	[2,2,2]	5000	16330000
449	1241003	2456001	1607	[3,3,3]	[101,506,507]	[3016042,3026042,3036042,3046042,3056007,3066007]	[1,2,1,2,1,2,1,2,1,2,1,2]	[33,124323,33,124323,32,124323,32,124323,32,124323,30,124323]	[1642,1607]	[4,2]	5000	16220000
450	1141004	2626001	1658	[3,3,3]	[101,103,500]	[3016014,3026004,3036004,3046014,3056014,3066014]	[1,2,1,2,1,2,1,2,1,2,1,2]	[32,114417,30,114417,33,114417,32,114417,33,114417,30,114417]	[1614,1604]	[4,2]	5000	16360000
451	1131004	2546001	1611	[3,3]	[501,502]	[3016011,3026007,3036011,3046007,3056007,3066007]	[1,2,1,2,1,2,1,2,1,2,1,2]	[33,113423,33,113423,33,113423,33,113423,33,113423,33,113423]	[1607,1611]	[4,2]	5000	16290000
452	1301002	2445001				[3016009,3026007,3036009,3046007,3056007,3066007]	[1,1,1,1,1,1,1,1,1,2,1,2]	[33,30,33,30,33,33,33,33,33,130223,33,130223]	[1607,1609]	[4,2]	5000	
453	1061004	2646001	1603	[3]	[511]	[3016003,3026003,3036004,3046006,3056004,3066006]	[1,2,1,2,1,2,1,2,1,2,1,2]	[31,106417,30,106417,33,106417,30,106417,33,106417,33,106417]	[1606,1603,1604]	[2,2,2]	5000	16380000
454	1391003	2636001	1607	[3,3,3]	[103,501,502]	[3015007,3025007,3036007,3046007,3056011,3066011]	[1,1,1,1,1,2,1,1,1,1,1,2]	[29,29,29,29,33,139323,33,33,33,32,33,139323]	[1607,1507,1611]	[2,2,2]	5000	16370000
455	1171004	2436001	1606	[3,3,3]	[102,103,500]	[3016006,3026006,3036041,3046041,3056041,3066041]	[1,2,1,2,1,2,1,2,1,2,1,2]	[30,117417,32,117417,33,117417,32,117417,33,117417,33,117417]	[1641,1606]	[4,2]	5000	16210000
456	1321003	2506001	1609	[3,3,3]	[103,506,508]	[3016006,3026013,3036013,3046013,3056006,3066013]	[1,2,1,2,1,2,1,2,1,2,1,2]	[32,132323,33,132323,32,132323,33,132323,30,132323,33,132323]	[1606,1613]	[2,4]	5000	16260000
457	1381003	2596001	1610	[3,3]	[501,502]	[3016053,3026053,3036007,3046007,3056007,3066007]	[1,2,1,2,1,2,1,2,1,2,1,2]	[32,138323,32,138323,32,138323,30,138323,32,138323,32,138323]	[1653,1607]	[2,4]	3000	16330000
458	1241003	2456001	1608	[3,3]	[506,507]	[3016006,3026006,3036042,3046042,3056042,3066042]	[1,2,1,2,1,2,1,2,1,2,1,2]	[33,124323,30,124323,33,124323,30,124323,30,124321,33,124321]	[1642,1606]	[4,2]	4003	16220000
459	1531005	2526001	1614	[3]	[103]	[3016049,3026049,3036049,3046049,3056014,3066014]	[1,2,1,2,1,2,1,2,1,2,1,2]	[30,153521,33,153521,32,153521,33,153521,30,153521,32,153521]	[1649,1614]	[4,2]	4003	16280000
460	1351003	2556001	1606	[3,3,3]	[101,103,500]	[3016014,3026014,3036014,3046014,3056006,3066006]	[1,2,1,2,1,2,1,2,1,2,1,2]	[33,135317,33,135317,32,135317,33,135317,33,135317,32,135317]	[1606,1614]	[2,4]	5000	16300000
461	1141003	2116001	1607	[3,3,3]	[101,507,512]	[3016017,3026017,3036017,3046007,3056017,3066007]	[1,2,1,2,1,2,1,2,1,2,1,2]	[33,114323,33,114323,33,114323,33,114323,30,114323,30,114323]	[1617,1607]	[4,2]	5000	16090000
462	1381003	2596001	1606	[3,3,3]	[101,501,502]	[3016053,3026053,3036008,3046010,3056008,3066010]	[1,2,1,2,1,2,1,2,1,2,1,2]	[32,138323,30,138323,32,138323,32,138323,32,138323,30,138323]	[1610,1608,1653]	[2,2,2]	5000	16330000
463	1331003	2516001	1611	[3]	[501]	[3016011,3026011,3036007,3046007,3056007,3066007]	[1,2,1,2,1,2,1,2,1,2,1,2]	[32,133323,32,133323,33,133323,32,133323,32,133323,33,133323]	[1607,1611]	[4,2]	4003	16070000
464	1051005	2496001	1603	[3,3]	[101,510]	[3015005,3025005,3036009,3046009,3056003,3066003]	[1,1,1,1,1,2,1,2,1,2,1,2]	[29,29,29,29,30,105517,33,105517,33,105517,33,105517]	[1609,1603,1505]	[2,2,2]	4003	16250000
465	1061004	2646001	1603	[3,3]	[102,500]	[3016006,3026006,3036004,3046004,3056003,3066003]	[1,2,1,2,1,2,1,2,1,2,1,2]	[30,106417,30,106417,33,106417,30,106417,32,106417,33,106417]	[1604,1606,1603]	[2,2,2]	3000	16380000
466	1131004	2546001	1606	[3,3,3]	[102,501,502]	[3016051,3026032,3036032,3046051,3056051,3066051]	[1,2,1,2,1,2,1,2,1,2,1,2]	[32,113417,33,113417,32,113417,32,113417,32,113417,32,113417]	[1651,1632]	[4,2]	5000	16290000
467	1081004	2405001		[1,1,1]	[21,22,24]	[3016038,3026038,3036009,3046038,3056038,3066009]	[2,2,2,2,2,2,2,2,2,2,2,2]	[108401,108423,108401,108423,108401,108423,108401,108423,108401,108423,108401,108423]	[1638,1609]	[4,2]	3000	
468	1541003	2226001	1616	[3]	[402]	[3016023,3026023,3036023,3046023,3056023,3066023]	[2,2,2,2,2,2,2,2,2,2,2,2]	[154301,154317,154301,154317,154301,154317,154301,154317,154301,154317,154301,154317]	[1623]	[4]	5000	
469	1331003	2516001	1611			[3016007,3026007,3036007,3046006,3056007,3066006]	[1,1,1,2,1,2,1,2,1,2,1,2]	[33,32,33,133323,30,133323,33,133323,33,133323,33,133323]	[1607,1606]	[4,2]	3000	16070000
470	1021006	2476001	1609			[3016044,3026044,3036044,3046006,3056044,3066006]	[1,1,2,1,2,1,2,2,2,2,1,1]	[33,32,102616,31,102601,32,102606,102623,102611,102623,33,31]	[1606,1644]	[2,4]	3000	16150000
471	1061004	2646001	1603	[3]	[511]	[3016006,3026003,3036006,3046004,3056003,3066004]	[1,2,2,2,2,2,2,2,1,2,2,2]	[31,106423,106406,106423,106406,106423,106411,106423,33,106423,106401,106423]	[1603,1606,1604]	[2,2,2]	3000	16380000
472	1331003	2516001	1611	[3,3,3]	[102,501,502]	[3016007,3026007,3036007,3046007,3056011,3066011]	[1,2,1,2,1,2,1,2,1,2,1,2]	[33,133323,33,133323,32,133323,30,133323,33,133317,30,133317]	[1607,1611]	[4,2]	5000	16070000
473	1131002	2025001		[1,1]	[21,23]	[3015007,3025005,3035005,3045007,3056009,3066009]	[1,1,1,1,1,1,1,1,1,1,1,1]	[29,29,29,29,29,29,29,29,33,32,33,32]	[1505,1609,1507]	[2,2,2]	5000	
474	1141004	2626001	1613	[3,3]	[102,511]	[3016057,3026057,3036057,3046057,3056013,3066013]	[1,2,1,2,1,2,1,2,1,2,1,2]	[30,114417,30,114417,32,114417,33,114417,33,114417,32,114417]	[1657,1613]	[4,2]	5000	16360000
475	1031005	2606001	1606	[3,3,3]	[101,103,500]	[3016013,3026013,3036013,3046013,3056006,3066006]	[1,2,1,2,1,2,1,2,1,2,1,2]	[33,103517,33,103517,32,103517,33,103517,33,103517,32,103517]	[1606,1613]	[2,4]	5000	16340000
476	1141004	2626001	1609	[3,3,3]	[101,506,511]	[3016007,3026007,3036007,3046007,3055005,3065005]	[1,2,1,2,1,2,1,2,1,1,1,1]	[30,114423,32,114423,33,114423,33,114423,27,26,28,28]	[1607,1505]	[4,2]	5000	16360000
477	1131004	2546001	1606	[3,3,3]	[101,501,502]	[3015007,3025007,3036011,3046011,3056011,3066011]	[1,1,1,1,1,2,1,2,1,2,1,2]	[29,29,29,29,32,113423,32,113423,33,113423,33,113423]	[1611,1507]	[4,2]	5000	16070000
478	1331003	2516001	1609	[3]	[502]	[3016011,3026011,3036048,3046048,3056048,3066048]	[1,2,1,2,1,2,1,2,1,2,1,2]	[33,133317,33,133317,33,133317,33,133317,33,133317,33,133317]	[1611,1648]	[2,4]	4003	16270000
479	1141004	2626001	1613	[3]	[500]	[3016057,3026057,3036057,3046057,3056013,3066013]	[1,2,1,2,1,2,1,2,1,2,1,2]	[33,114417,30,114417,33,114417,33,114417,33,114417,30,114417]	[1657,1613]	[4,2]	4003	16360000
480	1271003	2386001	1606	[3]	[500]	[3016006,3026006,3036037,3046037,3056037,3066037]	[1,2,1,2,1,2,1,2,1,2,1,2]	[30,127317,33,127317,33,127317,32,127317,30,127317,32,127317]	[1637,1606]	[4,2]	4003	16180000
481	1531005	2526001	1606	[3,3]	[103,500]	[3016049,3026049,3036049,3046049,3056006,3066006]	[1,2,1,2,1,2,1,2,1,2,1,2]	[33,153521,33,153521,33,153521,33,153521,33,153521,33,153521]	[1649,1606]	[4,2]	3000	16280000
482	1381003	2596001	1608	[3,3]	[501,502]	[3016007,3026053,3036053,3046007,3056007,3066007]	[1,2,1,1,1,1,1,2,1,2,1,2]	[33,138323,32,33,32,30,32,138323,33,138323,30,138323]	[1607,1653]	[4,2]	3000	16070000
483	1241003	2456001	1614	[3,3]	[506,507]	[3016042,3026042,3036042,3046042,3056014,3066014]	[1,2,1,2,1,1,1,2,1,2,1,2]	[33,124321,32,124321,30,33,30,124321,30,124321,30,124321]	[1614,1642]	[2,4]	3000	16090000
484	1031005	2606001	1606	[3,3,3]	[101,103,500]	[3016003,3026003,3036003,3046003,3056006,3066006]	[1,2,1,2,1,2,1,2,1,2,1,2]	[33,103517,33,103517,33,103517,33,103517,33,103517,33,103517]	[1606,1603]	[2,4]	5000	16340000
485	1051005	2496001				[3016009,3026046,3036046,3046009,3056046,3066046]	[1,2,1,2,1,2,1,2,1,2,1,2]	[33,105517,33,105517,33,105517,33,105517,33,105517,33,105517]	[1609,1646]	[2,4]	3000	
486	1311002	2486001	1606			[3016003,3026003,3036003,3046003,3056006,3066006]	[1,2,1,2,1,2,1,2,1,2,1,2]	[30,131221,30,131221,30,131221,32,131221,30,131221,30,131221]	[1603,1606]	[4,2]	5000	16070000
487	1241003	2456001	1614	[3]	[507]	[3016014,3026014,3036042,3046042,3056042,3066042]	[1,2,1,2,1,2,1,2,1,2,1,2]	[30,124323,30,124323,30,124323,33,124323,30,124323,33,124323]	[1642,1614]	[4,2]	3000	16220000
488	1381003	2596001	1610	[3,3]	[501,502]	[3016053,3026053,3036007,3046007,3056007,3066007]	[1,2,1,2,1,2,1,2,1,2,1,2]	[33,138323,32,138323,33,138323,33,138323,30,138323,30,138323]	[1653,1607]	[2,4]	4003	16330000
489	1351003	2556001	1612	[3]	[500]	[3016012,3026012,3036014,3046014,3056014,3066014]	[2,2,2,2,2,2,2,2,2,2,2,2]	[135316,135317,135316,135317,135316,135317,135316,135317,135316,135317,135316,135317]	[1612,1614]	[2,4]	4003	16300000
490	1131004	2546001	1609	[3,3,3]	[101,102,103]	[3016002,3026002,3036002,3046002,3056006,3066006]	[1,2,1,2,1,2,1,2,1,2,1,2]	[30,113417,30,113417,30,113417,33,113417,33,113417,32,113417]	[1602,1606]	[4,2]	5000	16010000
491	1061004	2646001	1602	[3,3,3]	[103,500,511]	[3016006,3026006,3036004,3046004,3056002,3066002]	[1,2,1,2,1,2,1,2,1,2,1,2]	[30,106417,30,106417,30,106417,32,106417,30,106417,32,106417]	[1602,1604,1606]	[2,2,2]	5000	16380000
492	1031004	2246001	1611	[3,3]	[501,502]	[3016007,3026007,3036007,3046007,3056011,3066011]	[1,2,1,2,1,2,1,2,1,2,1,2]	[30,103423,32,103423,33,103423,33,103423,32,103423,33,103423]	[1611,1607]	[2,4]	5000	16330000
493	1291003	2616001	1615	[3,3,3]	[101,102,103]	[3016056,3026056,3036056,3046056,3056015,3066015]	[1,2,1,2,1,2,1,2,1,2,1,2]	[32,129317,30,129317,32,129317,30,129317,30,129317,32,129317]	[1656,1615]	[4,2]	5000	16350000
494	1091003	2336001	1611	[3,3,3]	[101,501,502]	[3016011,3026007,3036011,3046007,3056007,3066007]	[1,2,1,2,1,2,1,2,1,2,1,2]	[32,109323,32,109323,30,109323,33,109323,33,109323,30,109323]	[1611,1607]	[2,4]	5000	16070000
495	1211003	2466001	1607	[3,3,3]	[101,506,509]	[3016007,3026007,3036009,3046009,3055005,3065005]	[1,2,1,1,1,1,1,2,1,1,1,1]	[33,121317,33,32,33,32,33,121323,29,29,29,29]	[1505,1607,1609]	[2,2,2]	5000	16230000
496	1021004	2026005	1615	[3,3,3]	[102,103,500]	[3016005,3026012,3036012,3046005,3056005,3066005]	[1,1,2,2,1,2,2,1,1,2,2,1]	[33,33,102401,102417,33,102421,102406,33,33,102421,102406,30]	[1605,1612]	[4,2]	3000	16260000
497	1291003	2616001	1615	[3]	[501]	[3016056,3026056,3036015,3046056,3056056,3066015]	[1,2,1,2,1,2,1,2,1,1,1,2]	[32,129317,30,129317,30,129317,32,129317,30,30,32,129317]	[1656,1615]	[4,2]	3000	16350000
498	1211003	2465001		[1,1,1]	[21,22,25]	[3016009,3025003,3035003,3046009,3055003,3065003]	[1,2,1,1,1,1,1,2,1,1,1,1]	[33,121317,27,29,27,28,33,121317,29,29,29,29]	[1503,1609]	[4,2]	3000	16050000
499	1061004	2646001	1602	[3,3]	[102,500]	[3016002,3026002,3036004,3046004,3056006,3066006]	[1,2,1,2,1,2,1,2,1,2,1,2]	[32,106417,32,106417,30,106417,30,106417,32,106417,30,106417]	[1606,1604,1602]	[2,2,2]	3000	16380000
500	1081004	2406001	1607	[3,3]	[506,508]	[3016009,3025005,3035005,3046009,3056007,3066007]	[1,2,1,1,1,1,1,2,1,2,1,2]	[33,108423,29,29,29,29,33,108423,33,108423,33,108423]	[1505,1607,1609]	[2,2,2]	3000	16190000
501	1131004	2546001	1606	[3,3]	[501,502]	[3016011,3026011,3036006,3046006,3056011,3066011]	[1,2,1,2,1,2,1,2,1,2,1,2]	[32,113423,32,113423,33,113423,33,113423,32,113423,30,113417]	[1611,1606]	[4,2]	3000	16010000
502	1531005	2526001	1614	[3,3,3]	[102,103,500]	[3016049,3026049,3036014,3046049,3056049,3066014]	[2,1,2,1,2,1,2,1,2,1,2,1]	[153511,30,153511,32,153511,30,153511,33,153511,30,153511,30]	[1614,1649]	[2,4]	5000	16280000
503	1261003	2046003	1610	[3,3]	[501,502]	[3016036,3026036,3036010,3046036,3056036,3066010]	[1,2,1,2,1,2,1,2,1,2,1,2]	[33,126323,33,126323,30,126323,31,126323,33,126323,33,126323]	[1636,1610]	[4,2]	5000	16070000
504	1241003	2456001	1608	[3,3,3]	[101,103,507]	[3016007,3026007,3036006,3046007,3056007,3066006]	[1,2,1,2,1,2,1,2,1,2,1,2]	[32,124323,32,124323,33,124323,31,124323,32,124323,32,124323]	[1607,1606]	[4,2]	5000	16010000
505	1131004	2546001	1606			[3016007,3026007,3036007,3046007,3056011,3066011]	[1,2,1,2,1,2,1,2,1,2,1,2]	[30,113417,32,113417,30,113417,33,113417,30,113423,30,113423]	[1607,1611]	[4,2]	3000	16290000
506	1361003	2565001		[1,1,1]	[20,22,24]	[3016002,3026002,3036002,3046002,3056006,3066006]	[1,2,1,2,1,1,1,2,1,2,1,2]	[33,136317,33,136317,30,33,30,136317,32,136317,32,136317]	[1606,1602]	[2,4]	3000	16070000
507	1061004	2646001	1604	[3]	[102]	[3016002,3026002,3036002,3046002,3056006,3066006]	[1,2,1,2,1,2,1,2,1,2,1,2]	[33,106417,32,106417,33,106417,33,106417,32,106417,32,106417]	[1602,1606]	[4,2]	3000	16010000
508	1211003	2466001	1607	[3,3,3]	[101,103,509]	[3016007,3026007,3036015,3046015,3056015,3066015]	[1,2,1,2,1,2,1,2,1,2,1,2]	[32,121323,33,121323,32,121323,33,121323,32,121323,33,121323]	[1607,1615]	[2,4]	5000	16230000
509	1521004	2416001	1606	[3,3,3]	[101,102,500]	[3016004,3026004,3036040,3046040,3056040,3066040]	[1,2,1,2,1,2,1,2,1,2,1,2]	[32,152417,30,152417,30,152417,33,152417,32,152417,30,152417]	[1640,1604]	[4,2]	5000	16200000
510	1291003	2616001	1615	[3,3,3]	[101,102,103]	[3016011,3026011,3035007,3046011,3056011,3065007]	[1,2,1,2,1,1,1,2,1,2,1,1]	[30,129317,32,129317,29,29,33,129317,33,129317,29,29]	[1611,1507]	[4,2]	5000	16350000
511	1531005	2526001	1606	[3]	[103]	[3016049,3026049,3036049,3046006,3056006,3066049]	[1,2,1,2,1,2,1,2,1,2,1,2]	[30,153521,32,153521,32,153521,33,153521,32,153521,33,153521]	[1606,1649]	[2,4]	3000	16280000
512	1381003	2596001	1610	[3,3]	[501,502]	[3016007,3026007,3036007,3046007,3056053,3066053]	[1,2,1,2,1,2,1,2,2,2,2,2]	[33,138323,33,138323,32,138323,33,138323,138306,138317,138306,138317]	[1607,1653]	[4,2]	3000	16070000
513	1241003	2456001	1614	[3]	[507]	[3016014,3026014,3036042,3046042,3056042,3066042]	[1,2,1,2,1,2,1,2,1,2,1,2]	[32,124321,30,124321,30,124321,30,124321,30,124321,32,124321]	[1614,1642]	[2,4]	3000	16220000
514	1241003	2456001		[3]	[507]	[3016042,3026042,3036042,3046042,3056008,3066008]	[1,2,1,2,1,2,1,2,1,2,1,2]	[30,124321,32,124321,32,124321,30,124321,32,124321,30,124321]	[1642,1608]	[4,2]	3000	16170000
515	1041004	2306001	1614	[3,3,3]	[101,102,500]	[3016031,3026031,3036031,3046031,3056004,3066004]	[1,2,1,2,1,2,1,2,1,2,1,2]	[33,104417,33,104417,33,104417,33,104417,33,104417,33,104417]	[1631,1604]	[4,2]	4003	16120000
516	1381003	2596001	1653	[3,3]	[501,502]	[3016053,3026053,3036053,3046053,3056010,3066010]	[1,1,1,2,1,1,1,1,1,2,1,1]	[33,33,33,138317,33,33,33,33,33,138317,33,33]	[1653,1610]	[4,2]	3000	16330000
517	1141004	2626001	1613	[3,3,3]	[102,500,511]	[3016057,3026057,3036057,3046013,3056013,3066057]	[1,2,1,2,1,2,1,2,1,2,1,2]	[30,114417,30,114417,30,114417,30,114417,30,114417,30,114417]	[1657,1613]	[4,2]	5000	16360000
518	1331003	2516001	1607	[3]	[102]	[3016009,3026011,3036007,3046009,3056011,3066007]	[1,2,1,2,1,2,1,2,1,2,1,2]	[32,133323,30,133323,32,133323,32,133323,32,133323,30,133323]	[1609,1607,1611]	[2,2,2]	4003	16270000
519	1271003	2386001	1606	[3,3,3]	[102,103,500]	[3016037,3026037,3036037,3046037,3056006,3066006]	[1,2,1,2,1,2,1,2,1,2,1,2]	[33,127317,32,127317,32,127317,32,127317,30,127317,30,127317]	[1637,1606]	[4,2]	5000	16180000
520	1391003	2636001	1611	[3,3]	[501,502]	[3016011,3026007,3036007,3046011,3056007,3066007]	[2,2,2,2,2,2,2,2,2,2,2,2]	[139306,139323,139306,139323,139306,139323,139306,139323,139306,139323,139306,139323]	[1611,1607]	[2,4]	4003	16370000
521	1171004	2436001	1606	[3,3]	[103,500]	[3016041,3026041,3036041,3046041,3056006,3066006]	[1,2,1,2,1,2,1,2,1,2,1,2]	[30,117417,32,117417,30,117417,33,117417,33,117417,32,117417]	[1641,1606]	[4,2]	4003	16210000
522	1321003	2506001	1606	[3,3]	[102,508]	[3016013,3026013,3036013,3046013,3056009,3066009]	[1,2,1,2,1,2,1,2,1,2,1,2]	[33,132317,33,132317,32,132317,33,132317,33,132317,33,132317]	[1613,1609]	[4,2]	4003	16260000
523	1131004	2546001	1606	[3]	[502]	[3016007,3026007,3036007,3046007,3056011,3066011]	[1,2,1,2,1,2,1,2,1,2,1,2]	[33,113423,33,113423,33,113423,33,113423,33,113423,33,113423]	[1607,1611]	[4,2]	3000	
524	1011004	2326001				[3016006,3026006,3036009,3046007,3056007,3066007]	[1,1,2,1,1,2,1,2,1,2,1,2]	[32,32,101411,30,33,101417,33,101417,33,101417,33,101417]	[1606,1607]	[2,2]	3000	
525	1061004	2646001	1602	[3]	[511]	[3016002,3026002,3036004,3046004,3056006,3066006]	[1,2,1,2,1,2,1,2,1,2,1,2]	[32,106417,33,106423,30,106417,33,106423,32,106423,32,106423]	[1606,1604,1602]	[2,2,2]	3000	16380000
526	1131004	2546001	1612	[3,3,3]	[103,501,502]	[3016006,3026006,3036012,3046006,3056012,3066006]	[1,2,1,2,1,2,1,2,1,2,1,2]	[32,113417,32,113417,32,113417,30,113417,32,113417,32,113417]	[1606,1612]	[4,2]	5000	16290000
527	1081004	2406001	1609	[3,3,3]	[101,506,508]	[3016007,3026007,3036007,3046007,3056007,3066007]	[1,1,1,2,1,1,1,2,1,2,1,2]	[33,32,33,108423,33,32,33,108423,33,108423,33,108423]	[1607]	[4]	5000	16180000
528	1141004	2626001	1613	[3,3,3]	[101,506,511]	[3016007,3026007,3036007,3046007,3055005,3065005]	[1,2,1,2,1,2,1,2,1,1,1,1]	[30,114423,32,114423,33,114423,33,114423,27,26,28,28]	[1607,1505]	[4,2]	5000	16360000
529	1181003	2126001	1606	[3,3,3]	[102,202,203]	[3016014,3026014,3036006,3046014,3056014,3066006]	[2,2,1,2,2,1,2,2,2,2,2,2]	[118316,118317,33,118318,118311,33,118316,118321,118301,118321,118316,118317]	[1606,1614]	[2,4]	5000	16080000
530	1191003	2166001	1610	[3,3,3]	[501,502,504]	[3016007,3026010,3036010,3046007,3056007,3066007]	[2,2,1,1,1,1,2,2,1,2,1,1]	[119311,119327,31,33,33,32,119311,119317,31,119322,30,33]	[1607,1610]	[4,2]	5000	16180000
531	1201003	2156001	1608	[3,3,3]	[103,506,507]	[3016014,3026014,3036014,3046014,3056008,3066008]	[2,2,2,1,1,2,1,2,1,2,1,2]	[120306,120323,120311,33,33,120323,33,120323,33,120323,33,120323]	[1608,1614]	[2,4]	5000	16040000
532	1031005	2606001	1603	[3,3]	[102,500]	[3016003,3026003,3036006,3046006,3056006,3066006]	[1,2,1,2,1,2,1,2,1,2,1,2]	[33,103521,32,103521,33,103521,30,103521,33,103521,30,103521]	[1606,1603]	[4,2]	3000	16340000
533	1321003	2506001	1611	[3,3]	[501,502]	[3016011,3025007,3036011,3045007,3055007,3065007]	[1,1,1,1,1,2,1,1,1,1,1,1]	[33,33,29,29,33,132317,29,29,29,29,29,29]	[1611,1507]	[2,4]	3000	16070000
534	1051005	2496001	1609	[3,3]	[506,510]	[3016007,3026007,3035005,3045005,3056007,3066007]	[1,2,1,1,1,1,1,1,1,2,1,2]	[33,105523,33,30,29,29,29,29,33,105517,33,105517]	[1607,1505]	[4,2]	3000	16250000
535	1131004	2546001	1606	[3,3]	[501,502]	[3016011,3026011,3035007,3045007,3055007,3065007]	[1,2,1,2,1,1,1,1,1,1,1,1]	[33,113423,33,113423,29,29,29,29,29,29,29,29]	[1611,1507]	[2,4]	3000	16010000
536	1061004	2646001	1602	[3]	[103]	[3016002,3026004,3036004,3046002,3056006,3066006]	[1,2,1,2,1,2,1,2,1,2,1,2]	[30,106417,33,106423,32,106417,33,106417,32,106417,33,106417]	[1604,1606,1602]	[2,2,2]	4003	16380000
537	1081004	2406001	1609	[3]	[508]	[3016007,3026007,3036007,3045005,3055005,3066007]	[1,2,2,2,1,2,1,1,1,1,1,2]	[33,108423,108401,108423,32,108423,29,29,29,29,33,108423]	[1505,1607]	[2,4]	4003	16120000
538	1131004	2546001	1609	[3,3,3]	[102,501,502]	[3016002,3026002,3036002,3046002,3056006,3066006]	[1,2,1,2,1,2,1,2,1,2,1,2]	[32,113417,32,113417,30,113417,30,113417,32,113417,32,113417]	[1606,1602]	[2,4]	4003	16070000
539	1081004	2406001	1607	[3]	[508]	[3016038,3026038,3036038,3046038,3056007,3066007]	[2,2,2,2,2,2,2,2,1,2,2,2]	[108401,108423,108401,108423,108401,108423,108401,108423,33,108423,108411,108423]	[1638,1607]	[4,2]	4003	16010000
540	1061004	2646001	1604	[3,3,3]	[101,102,500]	[3016002,3026006,3036006,3046002,3056002,3066002]	[1,2,1,2,1,2,1,2,1,2,1,2]	[33,106417,33,106417,33,106417,30,106417,32,106417,32,106417]	[1606,1602]	[2,4]	3000	16380000
541	1281002	2396001	1604	[3,3,3]	[101,102,500]	[3016004,3026004,3036002,3046002,3056002,3066002]	[2,2,2,2,2,2,2,2,2,2,2,2]	[128211,128217,128211,128217,128211,128221,128211,128221,128211,128217,128211,128217]	[1602,1604]	[4,2]	5000	16100000
542	1131004	2546001	1602	[3,3,3]	[101,102,103]	[3016051,3026051,3036051,3046051,3056002,3066002]	[1,2,1,2,1,2,1,2,1,2,1,2]	[33,113421,33,113421,33,113421,33,113421,33,113421,33,113421]	[1651,1602]	[4,2]	5000	16290000
543	1021006	2476001	1606	[3,3,3]	[101,103,202]	[3016044,3026044,3036044,3046044,3056006,3066006]	[1,2,1,2,1,2,1,2,1,2,1,2]	[33,102617,33,102617,33,102617,33,102617,33,102617,33,102617]	[1644,1606]	[4,2]	5000	16240000
544	1381003	2596001	1610			[3016053,3026053,3036053,3046053,3056010,3066010]	[1,2,1,2,2,2,2,2,2,2,1,2]	[30,138323,30,138323,138306,138317,138301,138323,138301,138323,33,138323]	[1610,1653]	[2,4]	3000	16040000
545	1351003	2556001	1614	[3]	[103]	[3016014,3026014,3036006,3046006,3056006,3066006]	[2,2,2,2,2,2,2,2,2,2,2,2]	[135316,135317,135316,135317,135316,135317,135316,135317,135316,135317,135316,135317]	[1606,1614]	[4,2]	3000	16300000
546	1241003	2456001	1607	[3]	[507]	[3016042,3026042,3036042,3046042,3056007,3066007]	[1,2,1,2,1,2,1,1,1,2,1,2]	[32,124323,33,124323,33,124317,32,32,32,124317,30,124323]	[1607,1642]	[2,4]	3000	16220000
547	1031004	2246001	1607	[3,3,3]	[101,501,502]	[3016011,3026011,3036007,3046009,3056009,3066007]	[1,2,1,2,1,2,1,2,1,2,1,2]	[33,103423,33,103423,33,103423,33,103423,33,103423,33,103423]	[1611,1609,1607]	[2,2,2]	5000	
548	1051005	2496001	1603	[3,3,3]	[102,103,510]	[3016046,3026046,3036046,3046046,3056003,3066003]	[1,2,1,2,1,2,1,2,1,2,1,2]	[33,105523,33,105523,33,105523,33,105523,33,105523,33,105523]	[1603,1646]	[2,4]	5000	16250000
549	1571003	2296001	1639			[3016030,3026030,3036030,3046030,3056030,3066030]	[1,2,1,2,1,2,1,2,1,2,1,2]	[32,157321,32,157321,32,157321,32,157321,32,157321,32,157321]	[1630]	[4]	5000	16030000
550	1061004	2646001	1602	[3,3]	[500,511]	[3016002,3026002,3036004,3046004,3056006,3066006]	[1,2,1,2,1,2,1,2,1,2,1,2]	[33,106417,33,106417,33,106417,33,106417,33,106417,33,106417]	[1602,1604,1606]	[2,2,2]	5000	16380000
551	1051004	2275001				[3016007,3026007,3036007,3046007,3056009,3066009]	[2,2,1,2,1,2,1,1,1,2,1,2]	[105411,105421,32,105421,31,105423,31,31,33,105423,33,105423]	[1609,1607]	[2,4]	5000	16170000
552	1131004	2546001	1611	[3,3,3]	[102,501,502]	[3015007,3025007,3035007,3045007,3056011,3066011]	[1,1,1,1,1,1,1,1,1,2,1,2]	[29,29,29,29,29,29,29,29,33,113423,33,113423]	[1611,1507]	[2,4]	5000	16290000
553	1081004	2406001	1607	[3,3,3]	[101,506,508]	[3015005,3025005,3036009,3046009,3056007,3066007]	[1,1,1,1,2,2,1,2,1,2,1,2]	[29,29,29,29,108401,108423,33,108423,33,108423,32,108423]	[1609,1607,1505]	[2,2,2]	5000	16070000
554	1061004	2646001	1602	[3,3,3]	[102,103,500]	[3016002,3026004,3036004,3046002,3056006,3066006]	[1,2,1,2,1,2,1,2,1,2,1,2]	[33,106417,32,106417,33,106417,33,106417,30,106417,33,106417]	[1602,1606,1604]	[2,2,2]	5000	16380000
555	1131004	2546001	1611	[3,3,3]	[101,501,502]	[3015007,3025007,3035007,3045007,3056011,3066011]	[1,1,1,1,1,1,1,1,1,2,1,2]	[29,26,26,29,29,29,29,29,33,113423,33,113423]	[1507,1611]	[4,2]	5000	16290000
556	1291003	2616001	1611			[3016015,3026011,3036015,3046015,3056015,3066011]	[1,2,1,2,1,2,1,1,1,2,1,2]	[30,129323,33,129323,32,129323,33,32,33,129317,33,129317]	[1615,1611]	[4,2]	3000	16350000
557	1531005	2526001	1650	[3]	[103]	[3016049,3026049,3036049,3046050,3056050,3066049]	[1,2,1,2,1,2,1,2,1,2,1,2]	[33,153517,32,153521,32,153517,30,153521,33,153521,32,153521]	[1649,1650]	[4,2]	3000	16280000
558	1211003	2466001	1607	[3]	[509]	[3015005,3025005,3036009,3046009,3056007,3066007]	[1,1,1,1,1,2,1,2,1,2,1,2]	[29,29,29,29,33,121317,33,121317,33,121317,33,121317]	[1607,1609,1505]	[2,2,2]	3000	16070000
559	1141004	2626001	1657	[3,3,3]	[103,500,511]	[3016057,3026013,3036057,3046013,3056013,3066013]	[1,2,1,2,1,2,1,2,1,2,1,2]	[30,114417,30,114417,30,114417,30,114417,30,114417,30,114417]	[1613,1657]	[4,2]	5000	16360000
560	1331003	2516001	1648			[3016048,3026007,3036048,3046007,3056007,3066007]	[1,2,1,1,2,2,1,2,1,1,1,1]	[30,133318,32,33,133316,133317,30,133321,33,30,32,32]	[1607,1648]	[4,2]	5000	16270000
561	1511003	2106001	1639	[3,3,3]	[301,302,303]	[3016016,3026016,3036016,3046016,3056016,3066016]	[1,1,1,1,1,1,1,1,1,1,1,1]	[30,33,30,30,33,30,33,33,30,30,33,33]	[1616]	[4]	5000	16020000
562	1141004	2626001	1613	[3,3,3]	[101,500,511]	[3016057,3026057,3036057,3046057,3056013,3066013]	[1,2,1,2,1,2,1,2,1,2,1,2]	[30,114423,33,114423,32,114423,30,114423,30,114423,30,114423]	[1613,1657]	[2,4]	5000	16360000
563	1171003	2176001		[3,3,3]	[102,103,500]	[3016019,3026019,3036019,3046019,3056006,3066006]	[1,2,1,2,1,2,1,2,1,2,1,2]	[32,117321,30,117321,30,117321,33,117321,32,117321,32,117321]	[1619,1606]	[4,2]	5000	
564	1331003	2516001	1607	[3,3]	[501,502]	[3016007,3026007,3036007,3046011,3056011,3066007]	[1,2,1,2,1,2,1,2,1,2,1,2]	[30,133323,30,133323,33,133323,30,133323,33,133323,32,133323]	[1611,1607]	[2,4]	5000	16270000
565	1381003	2596001	1610	[3,3,3]	[101,501,502]	[3016008,3026010,3036010,3046008,3056053,3066053]	[1,2,1,2,1,2,1,2,1,2,1,2]	[32,138323,30,138323,30,138323,33,138323,33,138323,33,138323]	[1653,1610,1608]	[2,2,2]	5000	16330000
566	1241003	2456001	1607	[3,3,3]	[101,506,507]	[3016042,3026042,3036042,3046042,3056007,3066007]	[1,2,1,2,1,2,1,2,1,2,1,2]	[30,124323,32,124323,32,124323,30,124323,33,124323,32,124323]	[1607,1642]	[2,4]	5000	16220000
567	1531005	2526001	1606	[3,3,3]	[102,103,500]	[3016049,3026049,3036049,3046049,3056006,3066006]	[2,1,2,1,2,1,2,1,2,1,2,1]	[153511,30,153511,33,153511,32,153511,30,153511,32,153511,30]	[1649,1606]	[4,2]	5000	16280000
568	1291003	2616001	1611			[3016015,3026011,3036015,3046015,3056015,3066011]	[1,2,1,2,1,2,1,1,1,2,1,2]	[30,129323,33,129323,32,129323,33,32,33,129317,33,129317]	[1615,1611]	[4,2]	3000	16350000
569	1531005	2526001	1650	[3]	[103]	[3016049,3026049,3036049,3046050,3056050,3066049]	[1,2,1,2,1,2,1,2,1,2,1,2]	[33,153517,32,153521,32,153517,30,153521,33,153521,32,153521]	[1649,1650]	[4,2]	3000	16280000
570	1211003	2466001	1607	[3]	[509]	[3015005,3025005,3036009,3046009,3056007,3066007]	[1,1,1,1,1,2,1,2,1,2,1,2]	[29,29,29,29,33,121317,33,121317,33,121317,33,121317]	[1607,1609,1505]	[2,2,2]	3000	16070000
571	1021006	2476001	1609	[3]	[500]	[3016044,3026006,3036006,3046044,3056044,3066044]	[1,2,1,2,1,2,1,2,1,2,1,2]	[33,102617,33,102617,33,102617,32,102617,30,102617,30,102617]	[1644,1606]	[4,2]	3000	16240000
572	1131004	2546001	1611	[3,3,3]	[102,501,502]	[3016007,3026006,3036006,3046007,3056007,3066007]	[1,1,1,2,1,1,1,1,1,1,1,1]	[30,33,30,113423,30,33,30,32,32,32,32,30]	[1606,1607]	[2,4]	3000	16290000
573	1061004	2646001	1602	[3]	[102]	[3016004,3026002,3036002,3046004,3056006,3066006]	[1,2,1,2,1,2,1,2,1,2,1,2]	[32,106417,30,106417,30,106417,30,106417,32,106417,32,106417]	[1602,1606,1604]	[2,2,2]	3000	16380000
574	1051005	2496001	1609	[3,3,3]	[101,506,510]	[3016046,3026046,3036046,3046046,3056006,3066006]	[1,2,1,2,1,2,1,2,1,2,1,2]	[30,105517,32,105517,33,105521,32,105517,32,105517,33,105517]	[1646,1606]	[4,2]	4003	16250000
575	1031005	2606001	1603	[3,3,3]	[101,103,500]	[3016003,3026003,3036006,3046006,3056006,3066006]	[1,2,1,2,1,2,1,2,1,2,1,2]	[33,103517,33,103517,33,103517,33,103517,33,103517,32,103517]	[1606,1603]	[4,2]	5000	16340000
576	1031002	2035001		[1,1,1]	[20,23,25]	[3016007,3026011,3036007,3046011,3056007,3066007]	[2,1,2,1,1,1,1,1,1,2,1,1]	[103211,32,103206,33,32,32,31,33,31,103223,33,31]	[1607,1611]	[4,2]	5000	
577	1041004	2306001	1608	[3,3,3]	[101,103,500]	[3016004,3026031,3036004,3046031,3056031,3066031]	[1,2,1,2,1,2,1,2,1,2,1,2]	[33,104421,30,104421,33,104421,33,104421,33,104421,33,104421]	[1631,1604]	[4,2]	5000	16120000
578	1261003	2046003	1607	[3,3]	[501,502]	[3016036,3026036,3036036,3046007,3056036,3066007]	[1,2,1,2,1,2,1,2,1,2,1,2]	[32,126323,33,126323,32,126323,33,126323,30,126323,32,126323]	[1636,1607]	[4,2]	5000	16170000
579	1241003	2456001	1614	[3,3,3]	[102,103,507]	[3016042,3026042,3036042,3046014,3056042,3066014]	[1,2,1,2,1,2,1,2,1,2,1,2]	[33,124321,33,124321,33,124321,33,124321,33,124321,33,124321]	[1614,1642]	[2,4]	5000	16220000
580	1071002	2075002				[3016001,3026001,3036001,3046014,3056014,3066001]	[1,1,1,1,1,1,1,1,1,1,1,1]	[33,33,33,33,33,33,33,33,33,33,33,33]	[1601]	[2]	5000	
581	1131004	2546001	1609	[3]	[502]	[3016002,3026002,3036002,3046011,3056011,3066002]	[1,1,1,2,1,1,1,2,2,1,1,1]	[31,31,32,113421,33,33,30,113417,113401,30,30,33]	[1602,1611]	[4,2]	3000	16010000
582	1061004	2646001	1604	[3]	[102]	[3016002,3026002,3036002,3046002,3056006,3066006]	[1,2,1,2,1,2,1,2,1,2,1,1]	[32,106417,30,106417,32,106423,30,106417,30,106417,32,32]	[1606,1602]	[2,4]	3000	16380000
583	1031005	2606001	1603	[3,3]	[101,500]	[3016006,3026006,3036003,3046006,3056006,3066003]	[1,2,1,2,1,2,1,2,1,2,1,2]	[32,103517,33,103517,30,103517,32,103517,33,103517,30,103517]	[1606,1603]	[4,2]	5000	16340000
584	1121002	2095001				[3015005,3026009,3036024,3045005,3056009,3066024]	[1,1,1,1,1,1,1,1,1,1,1,1]	[29,29,33,33,33,33,29,29,33,33,33,33]	[1505,1624,1609]	[2,2,2]	5000	
585	1221003	2366001	1611			[3016007,3026011,3036007,3046007,3056011,3066007]	[1,2,1,2,1,2,1,2,1,2,1,2]	[33,122323,30,122323,30,122323,33,122323,32,122323,33,122323]	[1607,1611]	[4,2]	3000	16070000
586	1321003	2506001	1606	[3,3]	[102,508]	[3016013,3026013,3036013,3046013,3056009,3066009]	[1,2,1,2,1,2,1,2,1,2,1,2]	[33,132317,33,132317,32,132317,33,132317,33,132317,33,132317]	[1613,1609]	[4,2]	4003	16260000
587	1171004	2436001	1606	[3,3]	[103,500]	[3016041,3026041,3036041,3046041,3056006,3066006]	[1,2,1,2,1,2,1,2,1,2,1,2]	[30,117417,32,117417,30,117417,33,117417,33,117417,32,117417]	[1641,1606]	[4,2]	4003	16210000
588	1391003	2636001	1611	[3,3]	[501,502]	[3016011,3026007,3036007,3046011,3056007,3066007]	[2,2,2,2,2,2,2,2,2,2,2,2]	[139306,139323,139306,139323,139306,139323,139306,139323,139306,139323,139306,139323]	[1611,1607]	[2,4]	4003	16370000
589	1021007	2656001	1602	[3]	[500]	[3016061,3026061,3036002,3046061,3056061,3066002]	[1,2,1,2,1,2,1,2,1,2,1,2]	[32,102717,33,102717,32,102717,30,102717,32,102717,30,102717]	[1661,1602]	[4,2]	4003	16390000
590	1051005	2496001	1606	[3]	[510]	[3016046,3026046,3036009,3046046,3056046,3066009]	[1,2,1,2,1,2,1,2,1,2,1,2]	[30,105523,30,105523,30,105523,32,105523,30,105523,30,105523]	[1609,1646]	[2,4]	4003	16250000
591	1381003	2596001	1611	[3]	[501]	[3016007,3026007,3036011,3046007,3056007,3066011]	[1,2,1,2,1,2,1,2,1,2,1,2]	[33,138323,33,138323,33,138323,33,138323,30,138323,32,138323]	[1611,1607]	[2,4]	4003	16070000
592	1021007	2656001	1615	[3,3,3]	[101,103,500]	[3016061,3026061,3036061,3046061,3056015,3066015]	[1,2,1,2,1,2,1,2,1,2,1,2]	[33,102717,33,102717,32,102717,33,102717,33,102717,32,102717]	[1661,1615]	[4,2]	5000	16390000
593	1211003	2466001	1609	[3,3,3]	[101,506,509]	[3016007,3026007,3035005,3046007,3056007,3065005]	[1,2,1,2,1,2,1,2,1,2,1,2]	[32,121323,32,121323,32,121323,32,121323,33,121323,33,121323]	[1607,1505]	[4,2]	5000	16070000
594	1321003	2506001	1611	[3,3,3]	[103,501,502]	[3015007,3025007,3035007,3045007,3056011,3066011]	[1,2,1,2,1,2,1,2,1,2,1,2]	[33,132323,33,132323,33,132323,33,132323,33,132323,33,132323]	[1507,1611]	[4,2]	5000	16260000
595	1291003	2616001	1611	[3,3]	[501,502]	[3016011,3026011,3036007,3046007,3056007,3066007]	[1,2,1,2,1,2,1,2,1,2,1,2]	[32,129317,32,129317,32,129317,32,129317,32,129317,32,129317]	[1611,1607]	[2,4]	3000	16070000
596	1211003	2466001	1615	[3]	[509]	[3016009,3026009,3036015,3046015,3055005,3065005]	[1,2,1,2,1,2,1,2,1,2,1,2]	[32,121323,32,121323,32,121323,32,121323,33,121323,33,121323]	[1615,1505,1609]	[2,2,2]	3000	16230000
597	1021007	2656001	1615	[3]	[500]	[3016015,3026061,3036015,3046061,3056061,3066061]	[1,2,1,2,1,2,1,2,1,2,1,2]	[33,102717,33,102717,33,102717,33,102717,33,102717,33,102717]	[1661,1615]	[4,2]	3000	16390000
598	1291003	2616001	1609	[3]	[501]	[3016056,3026056,3036011,3046011,3056056,3066056]	[1,2,1,2,1,2,1,2,1,2,1,2]	[32,129317,32,129317,32,129317,32,129317,32,129317,32,129317]	[1611,1656]	[2,4]	4003	16350000
599	1211003	2466001	1607			[3016043,3026043,3036043,3046043,3056007,3066007]	[1,2,1,2,1,2,1,2,1,2,1,2]	[32,121323,32,121323,32,121323,32,121323,33,121323,33,121323]	[1607,1643]	[2,4]	4003	16390000
600	1021007	2656001	1615	[3,3]	[101,500]	[3016061,3026061,3036061,3046061,3056015,3066015]	[1,2,1,2,1,2,1,2,1,2,1,2]	[33,102717,33,102717,33,102717,33,102717,33,102717,33,102717]	[1661,1615]	[4,2]	4003	16390000
601	1021007	2656001	1602	[3,3,3]	[101,103,500]	[3016061,3026061,3036061,3046061,3056002,3066002]	[1,2,1,2,1,2,1,2,1,2,1,2]	[32,102717,33,102717,32,102717,30,102717,32,102717,30,102717]	[1602,1661]	[2,4]	5000	16390000
602	1051005	2496001	1609	[3,3,3]	[101,103,510]	[3016007,3026007,3036007,3046007,3056006,3066006]	[1,2,1,2,1,2,1,2,1,2,1,2]	[30,105523,30,105523,30,105523,32,105523,30,105523,30,105523]	[1607,1606]	[4,2]	5000	16250000
603	1381003	2596001	1611	[3,3,3]	[101,501,502]	[3016006,3026006,3035005,3045005,3056011,3066011]	[1,2,1,2,1,2,1,2,1,2,1,2]	[33,138323,33,138323,33,138323,33,138323,30,138323,32,138323]	[1505,1606,1611]	[2,2,2]	5000	16070000
604	1021007	2656001	1602	[3]	[102]	[3016061,3026061,3036061,3046061,3056002,3066002]	[1,2,1,2,1,2,1,2,1,2,1,2]	[30,102717,32,102717,30,102717,33,102717,32,102717,30,102717]	[1602,1661]	[2,4]	3000	16390000
605	1051005	2496001	1609	[3]	[510]	[3016046,3026046,3036046,3046046,3056006,3066006]	[1,2,1,2,1,2,1,2,1,2,1,2]	[32,105523,33,105523,30,105523,32,105523,32,105523,32,105523]	[1646,1606]	[4,2]	3000	16250000
606	1381003	2596001	1611	[3,3]	[501,502]	[3016007,3026011,3036011,3046007,3056007,3066007]	[1,2,1,2,1,2,1,2,1,2,1,2]	[33,138323,33,138323,33,138323,33,138323,30,138323,33,138323]	[1607,1611]	[4,2]	3000	16330000
607	1031005	2606001	1606	[3]	[500]	[3016003,3026003,3036003,3046003,3056006,3066006]	[1,2,1,2,1,2,1,2,1,2,1,2]	[32,103517,33,103521,32,103517,32,103517,30,103517,32,103517]	[1603,1606]	[4,2]	4003	16340000
608	1051005	2496001	1607	[3]	[510]	[3015005,3025005,3036009,3046007,3056007,3066009]	[1,2,1,2,1,2,1,2,1,2,1,2]	[30,105523,30,105523,30,105523,30,105523,30,105523,32,105523]	[1607,1609,1505]	[2,2,2]	4003	16070000
609	1401003	2666001	1606	[3,3]	[102,501]	[3016011,3026011,3036003,3046003,3056003,3066003]	[1,2,1,2,1,2,1,2,1,2,1,2]	[30,140323,33,140323,33,140323,33,140323,30,140323,32,140323]	[1611,1603]	[2,4]	4003	16400000
610	1211003	2466001	1609	[3,3,3]	[102,506,509]	[3016007,3026007,3036007,3045005,3055005,3066007]	[1,2,1,2,1,2,1,2,1,2,1,2]	[32,121323,32,121323,30,121323,30,121323,32,121323,30,121323]	[1607,1505]	[4,2]	5000	16070000
611	1401003	2666001	1611	[3,3,3]	[103,501,502]	[3016011,3026015,3036011,3046015,3056015,3066015]	[1,2,1,2,1,2,1,2,1,2,1,2]	[33,140323,33,140323,33,140323,33,140323,33,140323,33,140323]	[1615,1611]	[4,2]	3000	16400000
612	1531005	2526001	1650	[3,3,3]	[101,103,500]	[3016049,3026049,3036049,3046050,3056050,3066049]	[1,2,1,2,1,2,1,2,1,2,1,2]	[33,153521,33,153521,33,153521,33,153521,33,153521,33,153521]	[1649,1650]	[4,2]	5000	16280000
613	1031005	2606001	1603	[3,3,3]	[102,103,500]	[3016003,3026003,3036006,3046006,3056006,3066006]	[1,2,1,2,1,2,1,2,1,2,1,2]	[30,103517,30,103517,32,103517,32,103517,33,103517,30,103517]	[1606,1603]	[4,2]	5000	16340000
614	1051005	2496001	1609	[3,3,3]	[101,506,510]	[3016007,3026007,3036007,3046007,3055005,3065005]	[1,2,1,2,1,2,1,2,1,2,1,2]	[30,105523,30,105523,30,105523,30,105523,30,105523,32,105523]	[1505,1607]	[2,4]	5000	16250000
615	1401003	2666001	1603	[3,3,3]	[102,501,502]	[3016011,3026003,3036003,3046011,3056006,3066006]	[1,2,1,2,1,2,1,2,1,2,1,2]	[32,140317,32,140317,30,140317,30,140317,32,140317,30,140317]	[1603,1606,1611]	[2,2,2]	5000	16400000
616	1401003	2666001	1606	[3,3]	[102,501]	[3016011,3026011,3036003,3046003,3056003,3066003]	[1,2,1,2,1,2,1,2,1,2,1,2]	[30,140317,30,140317,32,140317,31,140317,30,140317,30,140317]	[1611,1603]	[2,4]	3000	16400000
617	1051005	2496001	1607	[3]	[510]	[3016007,3026007,3036046,3046046,3056046,3066046]	[1,2,1,2,1,2,1,2,1,2,1,2]	[32,105523,33,105523,32,105523,33,105523,32,105523,30,105523]	[1646,1607]	[4,2]	3000	16250000
618	1031005	2606001	1603	[3]	[500]	[3016003,3026003,3036006,3046006,3056006,3066006]	[1,2,1,2,1,2,1,2,1,2,1,2]	[32,103521,30,103521,30,103521,32,103521,32,103521,30,103521]	[1606,1603]	[4,2]	3000	16340000
619	1531005	2526001	1650	[3]	[500]	[3016049,3026049,3036049,3046049,3056006,3066006]	[1,2,1,2,1,2,1,2,1,2,1,2]	[32,153521,33,153521,32,153521,30,153521,30,153521,33,153521]	[1649,1606]	[4,2]	3000	16280000
620	1401003	2666001	1611			[3016011,3026007,3036007,3046011,3056007,3066007]	[1,2,1,2,1,2,1,2,1,2,1,2]	[33,140323,33,140323,33,140323,33,140323,33,140323,33,140323]	[1607,1611]	[4,2]	3000	16400000
621	1211003	2465001	1609			[3016015,3026015,3036015,3046015,3056009,3066009]	[1,2,1,2,1,2,1,2,1,2,1,2]	[32,121323,32,121323,30,121323,30,121323,32,121323,30,121323]	[1609,1615]	[2,4]	3000	16070000
622	1401003	2666001	1615	[3,3,3]	[101,102,103]	[3016006,3026011,3036006,3046011,3056015,3066015]	[1,2,1,2,1,2,1,2,1,2,1,2]	[32,140317,30,140317,30,140317,30,140317,30,140317,33,140317]	[1611,1606,1615]	[2,2,2]	4003	16400000
623	1291003	2616001	1607	[3,3]	[501,502]	[3016011,3026011,3036011,3046011,3056007,3066007]	[1,2,1,2,1,2,1,2,1,2,1,2]	[33,129323,30,129323,30,129323,30,129323,30,129323,32,129323]	[1611,1607]	[4,2]	4003	16350000
624	1211003	2466001	1615	[3]	[509]	[3015005,3026009,3036009,3045005,3056007,3066007]	[1,2,1,2,1,2,1,2,1,2,1,2]	[30,121323,30,121323,30,121323,30,121323,30,121323,30,121323]	[1607,1505,1609]	[2,2,2]	4003	16230000
625	1071005	2676001	1612	[3,3,3]	[103,500,511]	[3016064,3026064,3036064,3046064,3056012,3066012]	[1,2,1,2,1,2,1,2,1,2,1,2]	[32,107517,30,107517,32,107517,30,107517,30,107517,33,107517]	[1664,1612]	[4,2]	5000	16410000
626	1381003	2596001	1607	[3,3,3]	[101,501,502]	[3016053,3026053,3036007,3046007,3056007,3066007]	[1,2,1,2,1,2,1,2,1,2,1,2]	[32,138323,33,138323,33,138323,30,138323,30,138323,33,138323]	[1653,1607]	[2,4]	5000	16330000
627	1531005	2526001	1606	[3,3,3]	[101,102,500]	[3016014,3026014,3036006,3046014,3056014,3066006]	[1,2,1,2,1,2,1,2,1,2,1,2]	[33,153521,32,153521,32,153521,30,153521,30,153521,33,153521]	[1614,1606]	[4,2]	5000	16280000
628	1071005	2676001	1606	[3,3]	[500,511]	[3016064,3026064,3036064,3046006,3056006,3066064]	[1,2,1,2,1,2,1,2,1,2,1,2]	[33,107517,33,107517,30,107517,33,107517,33,107517,33,107517]	[1606,1664]	[2,4]	4003	16410000
629	1381003	2596001	1607	[3,3]	[501,502]	[3016010,3026007,3036010,3046007,3056053,3066053]	[1,2,1,2,1,2,1,2,1,2,1,2]	[33,138323,30,138323,32,138323,32,138323,30,138323,30,138323]	[1607,1653,1610]	[2,2,2]	4003	16070000
630	1531005	2526001	1614	[3,3,3]	[101,103,500]	[3016014,3026014,3036049,3046049,3056049,3066049]	[1,2,1,2,1,2,1,2,1,2,1,2]	[33,153521,33,153521,30,153521,33,153521,30,153521,33,153521]	[1649,1614]	[4,2]	4003	16280000
631	1071005	2676001	1613	[3,3]	[103,511]	[3016064,3026064,3036064,3046064,3056013,3066013]	[1,2,1,2,1,2,1,2,1,2,1,2]	[33,107517,30,107517,32,107517,32,107517,30,107517,30,107517]	[1664,1613]	[4,2]	5000	16410000
632	1081004	2406001	1607	[3]	[508]	[3015005,3025005,3036009,3046009,3056007,3066007]	[1,2,1,2,1,2,1,2,1,2,1,2]	[33,108401,33,108401,33,108401,33,108401,33,108401,33,108401]	[1607,1505,1609]	[2,2,2]	3000	16070000
633	1131004	2546001	1611	[3,3]	[501,502]	[3016011,3026011,3035007,3045007,3055007,3065007]	[1,2,1,2,1,2,1,2,1,2,1,2]	[32,113423,32,113423,32,113423,32,113423,32,113423,32,113423]	[1507,1611]	[4,2]	3000	16290000
634	1071005	2676001	1613	[3]	[500]	[3016064,3026064,3036064,3046064,3056013,3066013]	[1,2,1,2,1,2,1,2,1,2,1,2]	[32,107517,32,107517,30,107517,32,107517,33,107517,32,107517]	[1613,1664]	[2,4]	4003	16410000
635	1081004	2406001	1609	[3]	[508]	[3016007,3026007,3035005,3045005,3056007,3066007]	[1,2,1,2,1,2,1,2,1,2,1,2]	[33,108401,33,108401,33,108401,33,108401,33,108401,33,108401]	[1505,1607]	[2,4]	4003	16070000
636	1131004	2546001	1611	[3]	[501]	[3016007,3026007,3036007,3046007,3056011,3066011]	[1,2,1,2,1,2,1,2,1,2,1,2]	[33,113423,32,113423,33,113423,33,113423,30,113423,32,113423]	[1611,1607]	[2,4]	3000	16290000
637	1531005	2526001	1606	[3,3]	[103,500]	[3016006,3026049,3036049,3046006,3056049,3066049]	[1,2,1,2,1,2,1,2,1,2,1,2]	[33,153521,30,153521,30,153521,33,153521,32,153521,30,153521]	[1649,1606]	[4,2]	3000	16280000
638	1381003	2596001	1610	[3,3]	[501,502]	[3016007,3026007,3036053,3046007,3056007,3066053]	[1,2,1,2,1,2,1,2,1,2,1,2]	[30,138323,30,138323,32,138323,32,138323,32,138323,32,138323]	[1653,1607]	[2,4]	3000	16330000
639	1071005	2676001	1614	[3,3]	[102,511]	[3016064,3026064,3036014,3046064,3056064,3066014]	[1,2,1,2,1,2,1,2,1,2,1,2]	[32,107517,32,107517,32,107517,30,107517,33,107517,30,107517]	[1664,1614]	[4,2]	3000	16410000
640	1031005	2606001	1613	[3]	[500]	[3016013,3026013,3036006,3046006,3056006,3066006]	[1,2,1,2,1,2,1,2,1,2,1,2]	[30,103521,30,103521,33,103521,30,103521,30,103521,30,103521]	[1606,1613]	[4,2]	3000	16340000
641	1071005	2676001	1613	[3]	[511]	[3016013,3026013,3036064,3046064,3056064,3066064]	[1,2,1,2,1,2,1,2,1,2,1,2]	[33,107517,30,107517,30,107517,32,107517,30,107517,32,107517]	[1664,1613]	[4,2]	3000	16410000
642	1131004	2546001	1609	[3]	[501]	[3016006,3026006,3036007,3046007,3056007,3066007]	[1,2,1,2,1,2,1,2,1,2,1,2]	[30,113423,33,113423,32,113423,33,113423,33,113423,32,113423]	[1606,1607]	[2,4]	3000	16070000
643	1141004	2626001	1604	[3,3,3]	[103,506,511]	[3016007,3026007,3036007,3046007,3056007,3066007]	[1,2,1,2,1,2,1,2,1,2,1,2]	[33,114423,33,114423,33,114423,33,114423,33,114423,33,114423]	[1607]	[6]	5000	16070000
644	1241003	2456001	1608	[3,3,3]	[101,506,507]	[3016014,3026014,3036014,3046014,3055052,3065052]	[1,2,1,2,1,2,1,2,1,2,1,2]	[33,124323,33,124323,33,124323,33,124323,33,124323,33,124323]	[1614,1552]	[4,2]	5000	16220000
645	1421003	2696001	1658	[3,3,3]	[103,501,502]	[3016065,3026065,3036065,3046065,3056058,3066058]	[1,2,1,2,1,2,1,2,1,2,1,2]	[33,142317,33,142317,33,142317,33,142317,33,142317,33,142317]	[1665,1658]	[4,2]	5000	16430000
646	1141004	2626001	1606	[3]	[102]	[3016057,3026057,3036057,3046057,3056006,3066006]	[1,2,1,2,1,2,1,2,1,2,1,2]	[33,114423,33,114423,33,114423,33,114423,33,114423,33,114423]	[1657,1606]	[4,2]	3000	16360000
647	1241003	2456001	1614	[3]	[102]	[3016042,3026042,3036042,3046042,3056014,3066014]	[1,2,1,2,1,2,1,2,1,2,1,2]	[33,124323,33,124323,33,124323,33,124323,33,124323,33,124323]	[1642,1614]	[4,2]	3000	16220000
648	1421003	2696001	1607	[3]	[102]	[3016065,3026065,3036065,3046065,3056007,3066007]	[1,2,1,2,1,2,1,2,1,2,1,2]	[30,142317,33,142317,33,142317,33,142317,33,142317,33,142317]	[1665,1607]	[4,2]	3000	16430000
649	1141004	2626001	1606	[3,3,3]	[101,103,500]	[3016006,3026006,3036057,3046057,3056057,3066057]	[1,2,1,2,1,2,1,2,1,2,1,2]	[33,114423,33,114423,33,114423,33,114423,33,114423,33,114423]	[1606,1657]	[2,4]	4003	16280000
650	1241003	2456001	1614	[3,3,3]	[102,506,507]	[3016014,3026014,3036042,3046042,3056042,3066042]	[1,2,1,2,1,2,1,2,1,2,1,2]	[33,124323,33,124323,33,124323,33,124323,33,124323,33,124323]	[1614,1642]	[2,4]	4003	16070000
651	1421003	2696001	1610	[3,3,3]	[103,501,502]	[3016010,3026010,3036007,3046007,3056007,3066007]	[1,2,1,2,1,2,1,2,1,2,1,2]	[33,142317,33,142317,33,142317,33,142317,33,142317,33,142317]	[1610,1607]	[2,4]	4003	16430000
652	1071004	2286001	1609	[3,3,3]	[101,506,511]	[3015005,3025005,3036007,3046007,3056007,3066007]	[1,2,1,2,1,2,1,2,1,2,1,2]	[30,107423,30,107423,30,107423,30,107423,30,107423,30,107423]	[1505,1607]	[2,4]	5000	16110000
653	1141004	2626001	1612	[3,3,3]	[101,103,500]	[3016012,3026057,3036012,3046057,3056057,3066057]	[1,2,1,2,1,2,1,2,1,2,1,2]	[33,114417,30,114417,32,114417,33,114417,32,114417,30,114417]	[1612,1657]	[2,4]	5000	16070000
654	1421003	2696001	1613	[3,3,3]	[101,501,502]	[3016013,3026065,3036013,3046065,3056065,3066065]	[1,2,1,2,1,2,1,2,1,2,1,2]	[33,142317,33,142317,33,142317,33,142317,33,142317,33,142317]	[1613,1665]	[2,4]	5000	16430000
655	1041005	2576001	1604	[3,3,3]	[101,102,500]	[3016052,3026052,3036052,3046006,3056052,3066006]	[1,2,1,2,1,2,1,2,1,2,1,2]	[32,104517,32,104517,30,104517,33,104517,32,104517,30,104517]	[1652,1606]	[4,2]	3000	16180000
656	1141004	2626001	1613	[3,3]	[101,500]	[3016057,3026057,3036057,3046013,3056057,3066013]	[1,2,1,2,1,2,1,2,1,2,1,2]	[33,114417,30,114417,32,114417,33,114417,32,114417,30,114417]	[1657,1613]	[4,2]	3000	16360000
657	1421003	2696001	1611	[3]	[102]	[3016065,3026065,3036065,3046011,3056065,3066011]	[1,2,1,2,1,2,1,2,1,2,1,2]	[33,142317,33,142317,33,142317,33,142317,33,142317,33,142317]	[1665,1611]	[4,2]	3000	16430000
658	1141004	2626001	1604	[3]	[500]	[3016006,3026057,3036057,3046006,3056057,3066057]	[1,2,1,2,1,2,1,2,1,2,1,2]	[33,114417,30,114417,32,114417,33,114417,32,114417,30,114417]	[1606,1657]	[2,4]	4003	16360000
659	1321003	2506001	1613	[3,3]	[103,508]	[3016013,3026009,3035005,3046013,3056009,3065005]	[1,2,1,2,1,2,1,2,1,2,1,2]	[30,108423,30,108423,30,108423,30,108423,30,108423,30,108423]	[1613,1609,1505]	[2,2,2]	4003	16260000
660	1421003	2696001	1611	[3,3]	[501,502]	[3016011,3026007,3036007,3046011,3056007,3066007]	[1,2,1,2,1,2,1,2,1,2,1,2]	[33,142317,33,142317,33,142317,33,142317,33,142317,33,142317]	[1611,1607]	[2,4]	4003	16430000
661	1411003	2686001	1604	[3]	[101]	[3016013,3026013,3036013,3046013,3056004,3066004]	[1,2,1,2,1,2,1,2,1,2,1,2]	[30,141318,30,141318,33,141318,30,141318,30,141318,30,141318]	[1613,1604]	[4,2]	3000	16420000
662	1421003	2696001	1611	[3]	[501]	[3016065,3026065,3036065,3046065,3056011,3066011]	[1,2,1,2,1,2,1,2,1,2,1,2]	[33,142317,33,142317,33,142317,33,142317,33,142317,33,142317]	[1665,1611]	[4,2]	3000	16430000
663	1141004	2626001	1606	[3,3]	[101,500]	[3016057,3026057,3036057,3046057,3056006,3066006]	[1,2,1,2,1,2,1,2,1,2,1,2]	[33,114417,30,114417,32,114417,33,114417,32,114417,30,114417]	[1657,1606]	[4,2]	3000	16360000
664	1411003	2686001	1604	[3]	[101]	[3016013,3026013,3036013,3046013,3056004,3066004]	[1,2,1,2,1,2,1,2,1,2,1,2]	[30,141318,30,141318,33,141318,30,141318,30,141318,30,141318]	[1613,1604]	[4,2]	4003	16420000
665	1421003	2696001	1611	[3,3]	[501,502]	[3016065,3026065,3036065,3046065,3056011,3066011]	[1,2,1,2,1,2,1,2,1,2,1,2]	[33,142317,33,142317,33,142317,33,142317,33,142317,33,142317]	[1665,1611]	[4,2]	4003	16430000
666	1141004	2626001	1606	[3,3]	[500,101]	[3016057,3026057,3036057,3046057,3056006,3066006]	[1,2,1,2,1,2,1,2,1,2,1,2]	[33,114417,30,114417,32,114417,33,114417,32,114417,30,114417]	[1657,1606]	[4,2]	4003	16360000
667	1411003	2686001	1606	[3,3,3]	[101,103,500]	[3016013,3026013,3036013,3046013,3056006,3066006]	[1,2,1,2,1,2,1,2,1,2,1,2]	[30,141318,30,141318,33,141318,30,141318,30,141318,30,141318]	[1613,1606]	[4,2]	5000	16420000
668	1421003	2696001	1611	[3,3,3]	[103,501,502]	[3016065,3026065,3036065,3046065,3056011,3066011]	[1,2,1,2,1,2,1,2,1,2,1,2]	[33,142317,33,142317,33,142317,33,142317,33,142317,33,142317]	[1665,1611]	[4,2]	5000	16430000
669	1141004	2626001	1609	[3,3,3]	[500,506,511]	[3016007,3026007,3036007,3046007,3056007,3066007]	[1,2,1,2,1,2,1,2,1,2,1,2]	[33,114417,30,114417,32,114417,33,114417,32,114417,30,114417]	[1607]	[6]	5000	16360000
1001	1051005	2496001		[3,3,3]	[101,102,510]	[3016009,3026009,3036046,3046046,3056046,3066046]	[1,2,1,2,1,2,1,2,1,2,1,2]	[33,105517,32,105517,32,105517,32,105517,30,105517,32,105517]	[1609,1646]	[2,4]	5000	16250000
1002	1031005	2606001		[3,3,3]	[102,103,500]	[3016003,3026003,3036003,3046003,3056006,3066006]	[1,2,1,2,1,2,1,2,1,2,1,2]	[33,103517,33,103517,32,103517,33,103517,32,103517,30,103517]	[1603,1606]	[4,2]	5000	16340000
1003	1251002	2376001				[3016004,3026004,3036003,3046003,3056003,3066003]	[1,2,1,1,1,1,1,2,1,2,1,2]	[32,125217,32,30,33,33,30,125223,32,125223,33,125223]	[1604,1603]	[2,4]	5000	16050000
1004	1061004	2646001	1602	[3,3]	[102,511]	[3016004,3026004,3036002,3046002,3056006,3066006]	[1,2,1,2,1,2,1,2,1,2,1,2]	[30,106417,30,106417,32,106417,30,106417,30,106417,33,106417]	[1604,1606,1602]	[2,2,2]	4003	16380000
1005	1131004	2546001	1611	[3,3]	[501,502]	[3016011,3026007,3036011,3046007,3056007,3066007]	[1,2,1,2,1,2,1,2,1,2,1,2]	[32,113423,30,113423,32,113423,32,113423,30,113423,33,113423]	[1607,1611]	[4,2]	4003	16070000
1006	1021006	2476001	1609	[3,3]	[101,500]	[3016044,3026044,3036044,3046044,3056006,3066006]	[1,2,1,2,1,2,1,2,1,2,1,2]	[30,102617,32,102617,30,102617,30,102617,32,102617,30,102617]	[1644,1606]	[4,2]	4003	16240000
1007	1051005	2496001	1603	[3,3,3]	[101,103,510]	[3016003,3026003,3036046,3046046,3056046,3066046]	[1,2,1,2,1,2,1,2,1,2,1,2]	[33,105523,33,105523,30,105523,33,105523,33,105523,33,105523]	[1646,1603]	[4,2]	5000	16250000
1008	1321003	2506001	1607	[3,3,3]	[103,501,502]	[3016011,3026011,3036011,3046011,3056007,3066007]	[1,2,1,2,1,2,1,2,1,2,1,2]	[32,132323,32,132323,33,132323,33,132323,33,132323,32,132323]	[1611,1607]	[4,2]	5000	16070000
1009	1031005	2606001	1606	[3,3,3]	[101,102,500]	[3016006,3026006,3036054,3046054,3056054,3066054]	[1,2,1,2,1,2,1,2,1,2,1,2]	[33,103517,30,103517,30,103517,33,103517,32,103517,30,103517]	[1606,1654]	[2,4]	5000	16340000
1010	1131003	2235001				[3016007,3026007,3036007,3046007,3056009,3066009]	[1,1,1,1,1,2,1,1,2,2,2,2]	[31,30,33,31,33,113321,33,31,113301,113317,113301,113317]	[1607,1609]	[4,2]	3000	
1011	1051005	2496001	1603	[3,3]	[101,102]	[3016003,3026003,3036046,3046046,3056046,3066046]	[1,2,1,2,1,2,1,2,1,2,1,2]	[33,105517,33,105517,33,105517,30,105517,33,105517,33,105517]	[1646,1603]	[4,2]	3000	16250000
1012	1031005	2606001	1606	[3]	[102]	[3016006,3026006,3036003,3046003,3056003,3066003]	[1,2,1,2,1,2,1,2,1,2,1,2]	[33,103521,32,103521,33,103521,33,103521,33,103521,33,103521]	[1603,1606]	[4,2]	3000	16340000
1013	1331003	2516001	1609	[3,3,3]	[102,501,502]	[3016048,3026006,3036006,3046048,3056048,3066048]	[1,2,1,2,1,2,1,2,1,2,1,2]	[30,133323,30,133323,32,133323,32,133323,33,133323,30,133323]	[1606,1648]	[2,4]	5000	16270000
1014	1041005	2576001	1606	[3,3,3]	[101,102,500]	[3016006,3026006,3036052,3046052,3056052,3066052]	[1,2,1,2,1,2,1,2,1,2,1,2]	[32,104517,33,104517,33,104517,32,104517,32,104517,32,104517]	[1652,1606]	[4,2]	5000	16320000
1015	1071004	2286001	1613	[3,3,3]	[102,506,511]	[3016013,3026013,3036007,3046007,3056007,3066007]	[1,2,1,2,1,2,1,2,1,2,1,2]	[30,107423,32,107423,32,107423,30,107423,32,107423,32,107423]	[1607,1613]	[4,2]	5000	16070000
1016	1081004	2406001	1607	[3,3,3]	[103,506,508]	[3016007,3026014,3036007,3046014,3056014,3066014]	[1,1,1,1,1,1,1,2,1,2,1,2]	[33,33,31,33,30,30,33,108423,30,108423,32,108423]	[1614,1607]	[4,2]	5000	16190000
1017	1031003	2036003	1608			[3016006,3026010,3036010,3046006,3056010,3066010]	[1,2,1,2,1,2,1,2,1,2,1,2]	[30,103321,33,103321,30,103317,32,103317,30,103317,33,103317]	[1610,1606]	[4,2]	5000	16070000
1018	1381003	2596001	1606	[3,3]	[101,102]	[3016053,3026053,3036053,3046006,3056053,3066006]	[1,2,1,2,1,1,1,1,1,2,1,2]	[33,138317,30,138317,32,30,33,32,33,138321,33,138323]	[1606,1653]	[2,4]	5000	16330000
1019	1221002	2215001		[1,1,1]	[21,22,25]	[3016013,3026013,3036013,3046009,3056013,3066009]	[1,2,1,2,1,2,2,2,1,2,1,2]	[32,122223,32,122221,33,122218,122206,122223,33,122218,30,122223]	[1613,1609]	[4,2]	5000	
1020	1331003	2516001	1606	[3]	[102]	[3016048,3026048,3036048,3046048,3056006,3066006]	[1,2,1,2,1,2,1,2,1,2,1,2]	[30,133317,32,133317,33,133317,30,133317,33,133317,33,133317]	[1648,1606]	[4,2]	5000	16270000
1021	1141004	2626001	1613	[3,3]	[500,511]	[3016057,3026057,3036057,3046057,3056013,3066013]	[1,2,1,2,1,2,1,2,1,2,1,2]	[33,114417,33,114417,30,114417,33,114417,30,114417,33,114417]	[1657,1613]	[4,2]	5000	16360000
1022	1301002	2444001				[3016007,3026007,3036007,3046007,3056009,3066009]	[1,2,1,2,1,2,1,2,1,1,1,2]	[33,130223,33,130223,30,130223,33,130223,33,30,32,130223]	[1607,1609]	[4,2]	4003	
1023	1131004	2546001	1611	[3]	[502]	[3016002,3026011,3036002,3046002,3056011,3066002]	[1,2,1,2,1,2,1,2,1,2,1,2]	[30,113423,32,113423,30,113423,32,113423,31,113423,32,113423]	[1602,1611]	[4,2]	4003	16290000
1024	1051005	2496001	1606	[3,3,3]	[101,102,510]	[3016046,3026046,3036046,3046002,3056046,3066002]	[1,2,1,2,1,2,1,2,1,2,1,2]	[33,105517,33,105517,33,105517,33,105517,32,105517,32,105517]	[1646,1602]	[4,2]	4003	16240000
1025	1131004	2546001	1606	[3,3,3]	[102,501,502]	[3016009,3026011,3036011,3046009,3056011,3066011]	[1,2,1,2,1,2,1,2,1,2,1,2]	[30,113423,32,113423,33,113423,32,113423,32,113423,32,113423]	[1611,1609]	[4,2]	3000	16320000
1026	1141004	2626001	1613	[3,3]	[500,511]	[3016007,3026013,3036013,3046007,3056007,3066007]	[1,2,1,2,1,2,1,2,1,2,1,2]	[31,114417,33,114417,33,114417,32,114417,32,114417,33,114417]	[1607,1613]	[4,2]	3000	16360000
1027	1031005	2606001	1613	[3,3]	[102,500]	[3016006,3026013,3036013,3046006,3056006,3066006]	[1,2,1,2,1,2,1,2,1,2,1,2]	[32,103521,32,103521,32,103521,30,103521,32,103521,33,103521]	[1613,1606]	[2,4]	3000	16340000
1028	1381003	2596001	1653	[3,3,3]	[101,501,502]	[3016007,3026007,3036053,3046007,3056007,3066053]	[1,2,1,2,1,2,1,2,1,2,1,2]	[33,138323,33,138323,33,138323,33,138323,32,138323,32,138323]	[1607,1653]	[4,2]	5000	16330000
1029	1351003	2556001	1606	[3,3,3]	[101,102,500]	[3016014,3026006,3036014,3046014,3056006,3066014]	[1,2,1,2,1,2,1,2,1,2,1,2]	[32,135318,33,135318,30,135318,33,135318,30,135318,33,135318]	[1614,1606]	[4,2]	5000	16300000
1030	1241003	2456001	1614	[3,3,3]	[102,103,507]	[3016042,3026014,3036042,3046042,3056014,3066042]	[1,2,1,2,1,2,1,2,1,2,1,2]	[32,124323,32,124323,30,124323,33,124323,32,124323,33,124323]	[1642,1614]	[4,2]	5000	16220000
1031	1351003	2556001	1606	[3,3]	[102,500]	[3016014,3026014,3036014,3046014,3056006,3066006]	[1,2,1,1,1,2,1,2,1,2,1,2]	[33,135317,33,33,33,135317,32,135317,30,135317,32,135317]	[1614,1606]	[4,2]	3000	16280000
1032	1241003	2456001	1606	[3,3]	[102,507]	[3016042,3026042,3036042,3046042,3056006,3066006]	[1,2,1,2,1,2,2,2,1,2,2,2]	[31,124321,33,124321,30,124321,124316,124321,32,124321,124316,124321]	[1642,1606]	[4,2]	3000	16070000
1033	1381003	2596001	1653	[3]	[501]	[3016007,3026007,3036007,3046007,3056010,3066010]	[1,2,1,2,2,2,2,2,1,2,2,2]	[33,138323,33,138317,138301,138317,138316,138323,32,138317,138306,138317]	[1607,1610]	[4,2]	3000	16330000
1034	1051005	2496001	1603	[3,3,3]	[101,103,510]	[3016003,3026003,3036046,3046046,3056046,3066046]	[1,2,1,2,1,2,1,2,1,2,1,2]	[33,105523,33,105523,30,105523,33,105523,33,105523,33,105523]	[1646,1603]	[4,2]	5000	16250000
1035	1321003	2506001	1607	[3,3,3]	[103,501,502]	[3016011,3026011,3036011,3046011,3056007,3066007]	[1,2,1,2,1,2,1,2,1,2,1,2]	[32,132323,32,132323,33,132323,33,132323,33,132323,32,132323]	[1611,1607]	[4,2]	5000	16070000
1036	1031005	2606001	1606	[3,3,3]	[101,102,500]	[3016006,3026006,3036054,3046054,3056054,3066054]	[1,2,1,2,1,2,1,2,1,2,1,2]	[33,103517,30,103517,30,103517,33,103517,32,103517,30,103517]	[1606,1654]	[2,4]	5000	16340000
1037	1031005	2606001	1603	[3]	[500]	[3016003,3026003,3036006,3046006,3056006,3066006]	[1,2,1,2,1,2,1,2,1,2,1,2]	[30,103521,30,103521,33,103521,30,103521,32,103521,32,103521]	[1606,1603]	[4,2]	3000	16340000
1038	1051005	2496001	1606	[3]	[510]	[3016009,3026009,3036046,3046046,3056046,3066046]	[1,2,1,2,1,2,1,2,1,2,1,2]	[32,105517,32,105517,33,105517,33,105517,32,105517,30,105517]	[1609,1646]	[2,4]	3000	16250000
1039	1321003	2506001	1611	[3,3]	[501,502]	[3016011,3026007,3036007,3046011,3056007,3066007]	[1,2,1,2,1,2,1,2,1,2,1,2]	[33,132323,33,132323,33,132323,33,132323,33,132323,33,132323]	[1611,1607]	[2,4]	3000	16070000
1040	1351003	2556001	1606	[3,3]	[101,500]	[3016014,3026006,3036014,3046014,3056006,3066014]	[1,2,1,2,1,2,1,2,1,2,1,2]	[33,135317,30,135317,32,135317,32,135317,32,135317,33,135317]	[1614,1606]	[4,2]	3000	16090000
1041	1381003	2596001	1607	[3,3]	[501,502]	[3016010,3026007,3036007,3046010,3056053,3066053]	[1,2,1,2,1,2,1,2,1,2,1,2]	[32,138323,30,138323,33,138323,33,138323,33,138323,33,138323]	[1607,1653,1610]	[2,2,2]	3000	16070000
1042	1241003	2456001	1614	[3,3]	[102,507]	[3016042,3026014,3036014,3046042,3056042,3066042]	[1,2,1,2,1,2,1,2,1,2,1,2]	[30,124321,30,124321,30,124321,32,124321,33,124321,33,124321]	[1642,1614]	[4,2]	3000	16220000
1043	1141004	2626001	1657	[3,3,3]	[103,500,511]	[3016057,3026013,3036057,3046013,3056013,3066013]	[1,2,1,2,1,2,1,2,1,2,1,2]	[30,114417,30,114417,30,114417,30,114417,30,114417,30,114417]	[1613,1657]	[4,2]	5000	16360000
1044	1331003	2516001	1648			[3016048,3026007,3036048,3046007,3056007,3066007]	[1,2,1,1,2,2,1,2,1,1,1,1]	[30,133318,32,33,133316,133317,30,133321,33,30,32,32]	[1607,1648]	[4,2]	5000	16270000
1045	1511003	2106001	1639	[3,3,3]	[301,302,303]	[3016016,3026016,3036016,3046016,3056016,3066016]	[1,1,1,1,1,1,1,1,1,1,1,1]	[30,33,30,30,33,30,33,33,30,30,33,33]	[1616]	[6]	5000	16020000
1046	1051003	2055001				[3016007,3026007,3036009,3046007,3056007,3066009]	[1,2,1,2,1,2,1,2,1,2,1,2]	[33,105317,33,105317,33,105317,33,105317,33,105317,33,105317]			3000	
1047	1541003	2224001				[3016023,3026023,3036023,3046023,3056023,3066023]	[1,2,1,2,1,2,1,2,1,2,1,2]	[33,154317,33,154317,33,154317,33,154317,33,154317,33,154317]			3000	
1048	1061004	2646001	1602	[3,3]	[102,511]	[3016060,3026060,3036060,3046060,3056002,3066002]	[1,1,1,2,1,2,1,2,1,2,1,2]	[31,31,33,106417,30,106417,31,106417,33,106417,33,106417]	[1660,1602]	[4,2]	3000	
1049	1031005	2606001	1606	[3,3,3]	[101,102,500]	[3016054,3026054,3036054,3046054,3056006,3066006]	[1,2,1,2,1,2,1,2,1,2,1,2]	[30,103517,30,103517,30,103517,30,103517,30,103517,30,103517]	[1654,1606]	[4,2]	5000	16340000
1050	1051005	2496001	1603	[3,3,3]	[102,506,510]	[3016046,3026046,3036046,3046046,3056003,3066003]	[1,2,1,2,1,2,1,2,1,2,1,2]	[30,105517,30,105517,30,105517,30,105517,30,105517,30,105517]	[1646,1603]	[4,2]	5000	16240000
1051	1531003	2196001		[3,3,3]	[301,302,303]	[3016020,3026020,3036020,3046020,3056020,3066020]	[1,2,1,2,1,2,1,2,1,2,1,2]	[33,153321,33,153321,33,153321,33,153321,33,153321,33,153321]	[1620]	[6]	5000	
1052	1031005	2606001	1603	[3]	[500]	[3016003,3026003,3036006,3046006,3056006,3066006]	[1,2,1,2,1,2,1,2,1,2,1,2]	[30,103521,30,103521,33,103521,30,103521,32,103521,32,103521]	[1606,1603]	[4,2]	3000	16340000
1053	1051005	2496001	1606	[3]	[510]	[3016009,3026009,3036046,3046046,3056046,3066046]	[1,2,1,2,1,2,1,2,1,2,1,2]	[32,105517,32,105517,33,105517,33,105517,32,105517,30,105517]	[1609,1646]	[2,4]	3000	16250000
1054	1321003	2506001	1611	[3,3]	[501,502]	[3016011,3026007,3036007,3046011,3056007,3066007]	[1,2,1,2,1,2,1,2,1,2,1,2]	[33,132323,33,132323,33,132323,33,132323,33,132323,33,132323]	[1611,1607]	[2,4]	3000	16070000
1055	1061003	2066002	1611	[3,3,3]	[102,103,511]	[3016007,3026007,3036007,3046007,3056009,3066009]	[1,2,1,2,1,2,1,2,1,2,1,2]	[32,106323,32,106323,32,106323,33,106323,32,106323,32,106323]	[1609,1607]	[2,4]	5000	16020000
1056	1331003	2516001	1606	[3]	[102]	[3016048,3026048,3036048,3046048,3056006,3066006]	[1,2,1,2,1,2,1,2,1,2,1,2]	[33,133317,33,133317,30,133317,32,133317,32,133317,32,133317]	[1648,1606]	[4,2]	5000	16270000
1057	1041005	2576001	1613	[3]	[500]	[3016052,3026052,3036052,3046052,3056013,3066013]	[1,2,1,2,1,2,1,2,1,2,1,2]	[33,104517,33,104517,33,104517,33,104517,33,104517,33,104517]	[1652,1613]	[4,2]	5000	16320000
1058	1291003	2616001	1615			[3016015,3026056,3036015,3046056,3056056,3066056]	[1,1,2,1,2,2,2,1,1,2,1,1]	[32,32,129311,31,129306,129321,129306,32,30,129323,31,33]	[1656,1615]	[4,2]	3000	16350000
1059	1211002	2185001				[3016007,3026011,3036007,3046007,3056011,3066007]	[1,2,1,2,1,2,1,2,1,2,1,2]	[33,121218,33,121218,33,121218,33,121218,33,121218,33,121218]	[1607,1611]	[4,2]	3000	
1060	1211003	2466001	1609			[3015005,3026043,3035005,3046043,3056043,3066043]	[1,1,1,2,1,1,2,2,1,2,1,1]	[29,29,33,121317,29,29,121316,121321,33,121317,32,30]	[1505,1643]	[2,4]	3000	16050000
1061	1311002	2485001		[1,1,1]	[21,22,25]	[3016003,3026003,3036003,3046003,3056006,3066006]	[1,1,1,2,1,2,1,2,1,1,1,1]	[33,33,33,131217,33,131221,33,131217,33,33,33,33]	[1606,1603]	[2,4]	4003	
1062	1051005	2496001		[3,3,3]	[101,202,510]	[3016046,3026046,3036046,3046046,3056009,3066009]	[1,2,1,2,1,2,1,2,1,2,1,2]	[33,105517,33,105517,33,105517,33,105517,33,105517,33,105517]	[1646,1609]	[4,2]	4003	
1063	1031005	2606001	1606	[3,3,3]	[101,202,500]	[3016054,3026054,3036054,3046054,3056006,3066006]	[1,2,1,2,1,2,1,2,1,2,1,2]	[33,103521,33,103521,33,103521,33,103521,33,103521,33,103521]	[1606,1654]	[2,4]	4003	16340000
1064	1141004	2626001	1613	[3,3]	[500,511]	[3016057,3026057,3036013,3046057,3056057,3066013]	[2,2,2,2,2,2,2,2,1,2,1,2]	[114401,114417,114401,114417,114406,114417,114401,114417,31,114417,31,114417]	[1657,1613]	[4,2]	5000	16360000
1065	1041005	2576001	1606	[3,3]	[102,500]	[3016052,3026052,3036006,3046052,3056052,3066006]	[1,2,1,2,1,2,1,2,2,2,1,2]	[32,104517,31,104517,32,104517,32,104517,104506,104517,32,104517]	[1652,1606]	[4,2]	5000	16320000
1066	1131002	2025001		[1,1,1]	[21,22,25]	[3016007,3026007,3036007,3046007,3056007,3066007]	[1,1,1,1,1,1,1,1,1,1,1,1]	[33,32,33,31,31,32,31,32,30,32,33,32]	[1607]	[6]	5000	
1067	1531004	2256001	1611	[3,3,3]	[102,501,502]	[3016025,3026011,3036011,3046025,3056025,3066025]	[1,2,1,2,1,2,1,2,1,2,1,2]	[33,153423,30,153423,32,153423,32,153423,33,153423,33,153423]	[1611,1625]	[2,4]	5000	16020000
1068	1041005	2576001	1606	[3,3,3]	[101,102,500]	[3016006,3026006,3036052,3046052,3056052,3066052]	[1,2,1,2,1,2,1,2,1,2,1,2]	[32,104517,33,104517,33,104517,33,104517,33,104517,33,104517]	[1652,1606]	[4,2]	5000	16320000
1069	1141004	2626001	1613	[3,3,3]	[102,500,511]	[3016057,3026057,3036013,3046013,3056057,3066057]	[1,2,1,2,1,2,1,2,1,2,1,2]	[30,114417,30,114417,30,114417,30,114417,30,114417,30,114417]	[1613,1657]	[2,4]	5000	16360000
1070	1131004	2546001	1606	[3]	[102]	[3016007,3026007,3036007,3046011,3056011,3066007]	[1,2,1,2,1,2,1,2,1,2,1,2]	[33,113423,33,113423,33,113423,32,113423,30,113423,32,113423]	[1611,1607]	[2,4]	3000	16290000
1071	1111002	2013001				[3016009,3025007,3036009,3045007,3056009,3066009]	[1,2,1,1,1,2,1,1,1,2,1,2]	[33,111221,29,29,33,111221,29,29,33,111221,33,111221]	[1507,1609]	[2,4]	3000	16070000
1072	1061004	2646001	1604	[3]	[102]	[3016002,3026006,3036006,3046002,3056002,3066002]	[1,2,1,2,1,2,1,2,1,2,1,2]	[33,106417,32,106417,33,106417,30,106417,33,106417,32,106417]	[1606,1602]	[2,4]	3000	16380000
1073	1281002	2395001				[3016004,3026004,3036005,3046005,3056005,3066005]	[1,2,1,2,1,2,1,2,2,2,2,1]	[33,128217,33,128217,33,128217,33,128217,128201,128218,128201,31]	[1605,1604]	[4,2]	3000	
1074	1061004	2646001	1604	[3]	[511]	[3016002,3026002,3036002,3046002,3056006,3066006]	[1,2,1,2,1,2,1,2,1,2,1,2]	[30,106417,30,106417,30,106417,30,106417,30,106417,30,106417]	[1606,1602]	[2,4]	3000	16380000
1075	1131004	2546001	1602	[3]	[102]	[3016051,3026051,3036002,3046051,3056051,3066002]	[1,2,2,2,1,2,1,2,1,2,1,2]	[32,113417,113416,113417,30,113417,33,113417,33,113417,32,113417]	[1602,1651]	[2,4]	3000	16290000
1076	1131004	2546001	1606			[3016051,3026051,3036051,3046051,3056006,3066006]	[2,2,2,1,1,2,1,2,1,2,1,1]	[113406,113417,113406,31,30,113421,33,113421,31,113421,30,32]	[1606,1651]	[2,4]	3000	16070000
1077	1021001	2024002				[3016007,3026007,3036009,3046009,3056007,3066007]	[1,2,1,2,1,2,1,2,1,2,1,2]	[33,102121,33,102121,33,102121,33,102121,33,102121,33,102121]	[1609,1607]	[2,4]	3000	
1078	1061004	2646001	1604	[3]	[511]	[3016002,3026002,3036002,3046002,3056006,3066006]	[1,2,1,1,1,2,1,2,2,1,2,2]	[32,106423,31,33,32,106417,33,106418,106411,32,106416,106423]	[1602,1606]	[4,2]	3000	16010000
1079	1331003	2516001		[3]	[102]	[3016048,3026048,3036048,3046048,3056006,3066006]	[2,2,1,1,2,2,1,2,2,1,1,1]	[133311,133323,33,30,133306,133323,31,133323,133301,32,31,30]	[1648,1606]	[4,2]	3000	16270000
1080	1141004	2626001	1606	[3]	[102]	[3016057,3026057,3036057,3046057,3056006,3066006]	[1,2,1,2,1,2,1,2,1,2,1,2]	[30,114417,32,114417,30,114417,33,114417,33,114417,33,114417]	[1657,1606]	[4,2]	3000	16360000
1081	1511003	2105001				[3016016,3026016,3036016,3046016,3056016,3066016]	[1,2,1,2,1,2,1,2,1,2,1,2]	[33,115221,33,115221,33,115221,33,115221,33,115221,33,115221]	[1616]	[6]	3000	
1082	1531005	2526001	1606	[3]	[102]	[3016049,3026049,3036049,3046049,3056006,3066006]	[1,2,1,2,1,2,1,2,1,2,1,2]	[33,153521,30,153521,32,153521,30,153521,30,153521,32,153521]	[1649,1606]	[4,2]	3000	16280000
1083	1381003	2596001	1610	[3,3]	[501,502]	[3016007,3026007,3036007,3046007,3056053,3066053]	[1,2,1,2,1,2,1,2,1,2,1,2]	[30,138323,32,138323,30,138323,32,138323,32,138323,32,138323]	[1607,1653]	[4,2]	3000	16330000
1084	1241003	2456001	1614	[3,3]	[102,507]	[3016042,3026042,3036014,3046042,3056042,3066014]	[1,2,1,2,1,2,1,2,1,2,1,2]	[30,124323,30,124323,33,124323,32,124323,30,124323,32,124323]	[1642,1614]	[4,2]	3000	16220000
1085	1071004	2285001				[3016029,3026029,3036029,3046029,3056009,3066009]	[2,2,1,1,2,1,2,2,1,1,2,1]	[107401,107423,30,32,107406,30,107406,107418,30,33,107406,33]	[1629,1609]	[4,2]	3000	16020000
1086	1021006	2476001	1606	[3,3,3]	[101,102,500]	[3016044,3026044,3036044,3046044,3056006,3066006]	[1,2,1,2,1,2,1,2,1,2,1,2]	[33,102617,33,102617,33,102617,33,102617,33,102617,33,102617]	[1644,1606]	[4,2]	3000	16240000
1087	1331003	2516001	1611			[3016048,3026048,3036048,3046048,3056011,3066011]	[2,1,1,1,1,1,1,1,2,1,1,1]	[133301,32,33,30,33,31,30,32,133316,33,30,33]	[1648,1611]	[4,2]	3000	16270000
1088	1381003	2596001	1610	[3,3]	[501,502]	[3016007,3026007,3036007,3046007,3056053,3066053]	[1,2,1,2,1,2,1,2,1,2,1,2]	[30,138323,32,138323,33,138323,33,138323,30,138323,32,138323]	[1607,1653]	[4,2]	4003	16330000
1089	1241003	2456001	1614	[3,3]	[102,507]	[3016042,3026042,3036042,3046042,3056014,3066014]	[1,2,1,2,1,2,1,2,1,2,1,2]	[30,124323,32,124323,33,124323,33,124323,33,124323,33,124323]	[1642,1614]	[4,2]	4003	16220000
1090	1141004	2626001	1606	[3,3]	[102,500]	[3016057,3026057,3036057,3046057,3056006,3066006]	[1,2,1,2,1,2,1,2,1,2,1,2]	[33,114417,33,114417,33,114417,30,114417,33,114417,32,114417]	[1657,1606]	[4,2]	4003	16360000
1091	1051005	2496001	1609	[3,3]	[103,510]	[3016046,3026046,3036046,3046046,3056006,3066006]	[1,2,1,2,1,2,1,2,1,2,1,2]	[33,105517,33,105517,33,105517,33,105517,33,105517,30,105517]	[1646,1606]	[4,2]	4003	16250000
1092	1381003	2596001	1611	[3,3]	[501,502]	[3016007,3026007,3036007,3046007,3056011,3066011]	[1,2,1,2,1,2,1,2,1,2,1,2]	[32,138323,33,138323,32,138323,33,138323,33,138323,33,138323]	[1611,1607]	[2,4]	4003	16070000
1093	1021007	2656001	1602	[3,3]	[101,500]	[3016061,3026061,3036061,3046061,3056002,3066002]	[1,2,1,2,1,2,2,2,1,2,2,2]	[32,102717,32,102717,33,102717,102716,102717,33,102717,102716,102717]	[1602,1661]	[2,4]	4003	16390000
1094	1291003	2616001	1615	[3]	[101]	[3016056,3026056,3036056,3046056,3056015,3066015]	[1,2,1,2,1,2,1,2,1,2,1,2]	[33,129317,30,129317,33,129317,32,129317,32,129317,32,129317]	[1656,1615]	[4,2]	5000	16350000
1095	1211003	2466001	1615	[3,3,3]	[101,103,509]	[3016043,3026015,3036015,3046043,3056043,3066043]	[1,2,1,2,1,2,1,2,1,2,1,2]	[33,121317,33,121317,33,121317,33,121317,33,121317,33,121317]	[1643,1615]	[4,2]	5000	16230000
1096	1211002	2186001	1611	[3]	[502]	[3016011,3026007,3036007,3046011,3056007,3066007]	[2,2,2,2,1,2,1,2,2,2,2,2]	[121201,121221,121206,121218,30,121223,30,121218,121216,121218,121211,121221]	[1611,1607]	[2,4]	5000	16050000
1097	1021007	2656001	1602	[3,3]	[101,500]	[3016061,3026061,3036061,3046061,3056002,3066002]	[1,2,1,2,1,2,2,2,1,2,2,2]	[32,102717,32,102717,33,102717,102716,102717,33,102717,102716,102717]	[1602,1661]	[2,4]	4003	16390000
1098	1381003	2596001	1611	[3,3]	[501,502]	[3016007,3026007,3036007,3046007,3056011,3066011]	[1,2,1,2,1,2,1,2,1,2,1,2]	[32,138323,33,138323,32,138323,33,138323,33,138323,33,138323]	[1611,1607]	[2,4]	4003	16070000
1099	1051005	2496001	1609	[3,3]	[103,510]	[3016046,3026046,3036046,3046046,3056006,3066006]	[1,2,1,2,1,2,1,2,1,2,1,2]	[33,105517,33,105517,33,105517,33,105517,33,105517,30,105517]	[1646,1606]	[4,2]	4003	16250000
1100	1121002	2095001				[3016009,3026009,3036003,3046003,3056003,3066003]	[1,1,1,1,1,1,1,1,1,1,1,1]	[33,33,33,32,33,33,33,33,33,33,33,33]	[1609,1603]	[2,2]	5000	
1101	1321003	2506001	1611	[3,3]	[501,502]	[3016011,3026011,3036007,3046007,3056007,3066007]	[1,2,1,2,1,2,1,2,1,2,1,2]	[30,132323,30,132323,32,132323,30,132323,32,132323,30,132323]	[1607,1611]	[4,2]	5000	16070000
1102	1031005	2606001	1603	[3]	[500]	[3016003,3026003,3036006,3046006,3056006,3066006]	[1,2,1,2,1,2,1,2,1,2,1,2]	[32,103517,32,103517,30,103517,33,103517,30,103517,32,103517]	[1606,1603]	[4,2]	5000	16340000
1103	1031002	2035001		[1,1,1]	[20,22,24]	[3016007,3026007,3036007,3046007,3056011,3066011]	[1,1,2,2,1,1,1,1,2,2,2,2]	[32,33,103216,103218,31,32,33,30,103206,103223,103201,103223]	[1607,1611]	[4,2]	5000	
1104	1021002	2026003				[3016003,3026003,3036003,3046003,3056004,3066004]	[1,2,1,1,1,1,2,1,1,1,2,2]	[32,102221,32,32,31,30,102211,31,31,32,102211,102218]	[1603,1604]	[4,2]	5000	
1105	1031005	2606001	1606	[3,3]	[101,500]	[3016054,3026054,3036054,3046054,3056006,3066006]	[1,2,1,2,1,2,1,2,1,2,1,2]	[33,103517,33,103517,33,103517,33,103517,33,103517,33,103517]	[1654,1606]	[4,2]	5000	16340000
1106	1061004	2646001	1602	[3,3,3]	[102,500,511]	[3016004,3026004,3036002,3046006,3056006,3066002]	[1,2,1,2,1,2,1,2,1,2,1,2]	[33,106417,30,106417,32,106417,33,106417,32,106417,30,106417]	[1602,1606,1604]	[2,2,2]	5000	16380000
1107	1021006	2476001	1609	[3,3,3]	[101,102,500]	[3016044,3026044,3036044,3046006,3056044,3066006]	[1,2,1,2,1,2,1,2,1,2,1,2]	[30,102617,33,102617,33,102617,32,102617,32,102617,32,102617]	[1644,1606]	[4,2]	5000	16240000
1108	1131004	2546001	1611	[3,3,3]	[102,501,502]	[3016011,3026011,3036007,3046007,3056007,3066007]	[1,2,1,2,1,2,1,2,1,2,1,2]	[32,113423,33,113423,30,113423,32,113423,32,113423,32,113423]	[1607,1611]	[4,2]	5000	16290000
1109	1331003	2516001	1611	[3,3]	[501,502]	[3016011,3026007,3036007,3046011,3056007,3066007]	[1,2,1,2,1,2,1,2,1,2,1,2]	[32,133323,33,133323,33,133323,33,133323,33,133323,33,133323]	[1611,1607]	[2,4]	3000	16070000
1110	1041005	2576001	1606	[3,3]	[102,500]	[3016052,3026052,3036052,3046052,3056006,3066006]	[1,2,1,2,1,2,1,2,1,2,1,2]	[30,104517,30,104517,30,104517,30,104517,30,104517,30,104517]	[1652,1606]	[4,2]	3000	16320000
1111	1141004	2626001	1613	[3]	[511]	[3016057,3026057,3036057,3046057,3056013,3066013]	[1,2,1,2,1,2,1,2,1,2,1,2]	[32,114417,32,114417,32,114417,33,114417,32,114417,32,114417]	[1657,1613]	[4,2]	3000	16360000
1112	1091002	2095001				[3016008,3026007,3036007,3046008,3056007,3066007]	[1,2,1,2,1,2,1,2,1,2,1,2]	[33,109223,33,109223,33,109223,33,109223,33,109223,33,109223]	[1607,1608]	[4,2]	3000	
1113	1531005	2526001	1650			[3016049,3026049,3036049,3046049,3056006,3066006]	[1,1,1,1,1,2,1,1,1,2,1,2]	[32,32,30,33,32,153521,33,32,30,153521,33,153517]	[1649,1606]	[4,2]	3000	16090000
1114	1381003	2596001	1606	[3]	[502]	[3016053,3026053,3036006,3046053,3056053,3066006]	[1,2,1,2,1,1,2,2,2,1,2,2]	[30,138317,30,138321,30,30,138306,138323,138306,31,138301,138317]	[1606,1653]	[2,4]	3000	16330000
1115	1291003	2616001	1615	[3,3,3]	[101,102,502]	[3016015,3026056,3036015,3046056,3056056,3066056]	[1,2,1,2,1,2,1,2,1,2,1,2]	[32,129317,30,129317,33,129317,33,129317,30,129317,33,129317]	[1656,1615]	[4,2]	4003	16350000
1116	1091003	2336001	1607			[3016007,3026007,3036011,3046011,3056011,3066011]	[1,2,1,2,1,2,1,2,1,2,1,2]	[33,109323,32,109323,32,109323,30,109323,32,109323,33,109323]	[1611,1607]	[4,2]	4003	16070000
1117	1211003	2466001	1615	[3,3]	[102,509]	[3016015,3026043,3036015,3046043,3056043,3066043]	[1,2,1,2,1,2,1,2,1,2,1,2]	[33,121323,30,121323,32,121321,32,121323,32,121323,32,121323]	[1643,1615]	[4,2]	4003	
1118	1131004	2546001	1611	[3,3,3]	[102,501,502]	[3016011,3026011,3036007,3046007,3056007,3066007]	[1,2,1,2,1,2,1,2,1,2,1,2]	[32,113423,33,113423,30,113423,32,113423,32,113423,32,113423]	[1607,1611]	[4,2]	5000	16290000
1119	1021006	2476001	1609	[3,3,3]	[101,102,500]	[3016044,3026044,3036044,3046006,3056044,3066006]	[1,2,1,2,1,2,1,2,1,2,1,2]	[30,102617,33,102617,33,102617,32,102617,32,102617,32,102617]	[1644,1606]	[4,2]	5000	16240000
1120	1061004	2646001	1602	[3,3,3]	[102,500,511]	[3016004,3026004,3036002,3046006,3056006,3066002]	[1,2,1,2,1,2,1,2,1,2,1,2]	[33,106417,30,106417,32,106417,33,106417,32,106417,30,106417]	[1602,1606,1604]	[2,2,2]	5000	16380000
1121	1531005	2526001	1614	[3,3]	[101,102]	[3016049,3026049,3036049,3046049,3056014,3066014]	[1,2,1,2,1,2,1,2,1,2,1,2]	[33,153521,33,153521,33,153521,33,153521,33,153523,33,153523]	[1649,1614]	[4,2]	5000	16280000
1122	1381003	2595001		[1,1]	[21,22]	[3016053,3026053,3036053,3046010,3056010,3066053]	[2,1,2,1,1,2,2,2,2,1,2,2]	[138306,32,138316,33,30,138318,138311,138318,138306,33,138316,138317]	[1610,1653]	[2,4]	5000	
1123	1191003	2166001				[3016010,3026007,3036010,3046007,3056007,3066007]	[2,2,1,1,2,2,2,2,2,2,2,1]	[119301,119317,30,32,119306,119327,119301,119321,119306,119322,119311,32]	[1607,1610]	[4,2]	5000	
1124	1391003	2636001	1611	[3]	[501]	[3016007,3026007,3036007,3046007,3056011,3066011]	[1,2,1,2,1,2,1,2,2,2,1,2]	[30,139323,30,139323,30,139323,32,139323,139306,139323,33,139323]	[1607,1611]	[4,2]	4003	16370000
1125	1171004	2436001	1609	[3]	[500]	[3016006,3026041,3036006,3046041,3056041,3066041]	[1,2,1,2,1,2,1,2,1,2,1,2]	[32,117417,30,117417,33,117417,33,117417,33,117417,33,117417]	[1606,1641]	[2,4]	4003	16210000
1126	1321003	2506001	1606	[3,3,3]	[102,502,508]	[3016047,3026047,3036047,3046047,3056006,3066006]	[1,2,1,2,1,2,1,2,1,2,1,2]	[33,132317,33,132317,32,132317,33,132317,33,132317,30,132317]	[1647,1606]	[4,2]	4003	16260000
1127	1081004	2406001	1607	[3,3,3]	[103,506,508]	[3016038,3026038,3036038,3046038,3056007,3066007]	[2,2,1,2,2,2,2,2,2,2,2,2]	[108401,108423,32,108423,108401,108423,108401,108423,108401,108423,108401,108423]	[1607,1638]	[2,4]	3000	16010000
1128	1031005	2606001	1606	[3,3]	[101,500]	[3016013,3026013,3036013,3046013,3056006,3066006]	[1,2,1,2,2,2,1,2,2,2,1,2]	[32,103521,32,103521,103516,103521,33,103521,103516,103521,33,103521]	[1606,1613]	[2,4]	3000	16340000
1129	1131004	2546001	1611	[3,3,3]	[102,501,502]	[3016051,3026051,3036051,3046051,3056006,3066006]	[1,2,1,2,1,2,1,2,1,2,1,2]	[32,113417,32,113417,30,113417,32,113417,32,113417,32,113417]	[1651,1606]	[4,2]	3000	16070000
1130	1141003	2116001	1608	[3,3]	[506,507]	[3016007,3026007,3036007,3046007,3056007,3066007]	[1,2,1,2,1,2,1,2,1,2,1,2]	[32,114323,32,114323,30,114323,33,114323,33,114323,33,114323]	[1607]	[6]	5000	16070000
1131	1261003	2046003	1610	[3,3]	[501,502]	[3016010,3026010,3036036,3046036,3056036,3066036]	[1,2,1,2,1,2,1,2,1,2,1,2]	[32,126323,33,126323,33,126323,33,126323,32,126323,33,126323]	[1636,1610]	[4,2]	5000	16120000
1132	1241003	2456001	1614	[3,3,3]	[101,102,103]	[3016014,3026014,3036042,3046042,3056042,3066042]	[1,2,1,2,1,2,1,2,1,2,1,2]	[32,124323,30,124323,32,124323,32,124323,30,124323,33,124323]	[1642,1614]	[4,2]	5000	16220000
1133	1391003	2636001	1609	[3]	[502]	[3016007,3026007,3036007,3046007,3056011,3066011]	[1,2,2,2,1,1,2,1,2,2,1,1]	[30,139323,139306,139323,33,30,139306,30,139306,139318,33,32]	[1611,1607]	[2,4]	3000	16370000
1134	1171004	2436001	1606	[3]	[500]	[3016041,3026041,3036041,3046006,3056006,3066041]	[1,2,1,2,1,2,1,2,1,2,1,2]	[30,117417,32,117417,30,117417,30,117417,30,117417,32,117417]	[1641,1606]	[4,2]	3000	16210000
1135	1321003	2506001	1606	[3,3]	[102,508]	[3016047,3026047,3036047,3046006,3056006,3066047]	[1,2,1,2,1,2,1,2,1,2,1,2]	[30,132323,32,132323,30,132317,32,132317,32,132317,33,132323]	[1606,1647]	[2,4]	3000	16260000
1136	1391003	2636001	1609	[3]	[502]	[3016007,3026007,3036007,3046007,3056011,3066011]	[1,2,2,2,1,1,2,1,2,2,1,1]	[30,139323,139306,139323,33,30,139306,30,139306,139318,33,32]	[1611,1607]	[2,4]	3000	16370000
1137	1171004	2436001	1606	[3]	[500]	[3016041,3026041,3036041,3046006,3056006,3066041]	[1,2,1,2,1,2,1,2,1,2,1,2]	[30,117417,32,117417,30,117417,30,117417,30,117417,32,117417]	[1641,1606]	[4,2]	3000	16210000
1138	1321003	2506001	1606	[3,3]	[102,508]	[3016047,3026047,3036047,3046006,3056006,3066047]	[1,2,1,2,1,2,1,2,1,2,1,2]	[30,132323,32,132323,30,132317,32,132317,32,132317,33,132323]	[1606,1647]	[2,4]	3000	16260000
1139	1331003	2516001	1611	[3,3]	[501,502]	[3016011,3026007,3036007,3046011,3056007,3066007]	[1,2,1,2,1,2,1,2,1,2,1,2]	[32,133323,33,133323,33,133323,33,133323,33,133323,33,133323]	[1611,1607]	[2,4]	3000	16070000
1140	1041005	2576001	1606	[3,3]	[102,500]	[3016052,3026052,3036052,3046052,3056006,3066006]	[1,2,1,2,1,2,1,2,1,2,1,2]	[30,104517,30,104517,30,104517,30,104517,30,104517,30,104517]	[1652,1606]	[4,2]	3000	16320000
1141	1141004	2626001	1613	[3]	[511]	[3016057,3026057,3036057,3046057,3056013,3066013]	[1,2,1,2,1,2,1,2,1,2,1,2]	[32,114417,32,114417,32,114417,33,114417,32,114417,32,114417]	[1657,1613]	[4,2]	3000	16360000
1142	1381003	2596001	1610	[3,3]	[501,502]	[3016007,3026007,3036007,3046007,3056053,3066053]	[1,2,1,2,1,2,1,2,1,2,1,2]	[30,138323,32,138323,33,138323,33,138323,30,138323,32,138323]	[1607,1653]	[4,2]	4003	16330000
1143	1241003	2456001	1614	[3,3]	[102,507]	[3016042,3026042,3036042,3046042,3056014,3066014]	[1,2,1,2,1,2,1,2,1,2,1,2]	[30,124323,32,124323,33,124323,33,124323,33,124323,33,124323]	[1642,1614]	[4,2]	4003	16220000
1144	1141004	2626001	1606	[3,3]	[102,500]	[3016057,3026057,3036057,3046057,3056006,3066006]	[1,2,1,2,1,2,1,2,1,2,1,2]	[33,114417,33,114417,33,114417,30,114417,33,114417,32,114417]	[1657,1606]	[4,2]	4003	16360000
1145	1291002	2425001				[3016007,3026007,3036007,3046007,3056011,3066011]	[1,2,1,2,1,2,1,2,1,2,1,2]	[33,129217,33,129217,33,129217,33,129217,33,129217,33,129217]	[1607,1611]	[4,2]	3000	
1146	1321003	2506001	1606	[3,3,3]	[101,102,502]	[3016047,3026047,3036047,3046047,3056006,3066006]	[1,2,1,2,1,2,1,2,1,2,1,2]	[33,132317,33,132317,33,132317,33,132317,33,132317,33,132317]	[1647,1606]	[4,2]	3000	16260000
1147	1171004	2436001	1606	[3,3,3]	[101,102,500]	[3016006,3026041,3036041,3046006,3056041,3066041]	[1,2,1,2,1,2,1,2,1,2,1,2]	[33,117417,33,117417,33,117417,33,117417,33,117417,33,117417]	[1641,1606]	[4,2]	3000	16210000
1148	1341002	2536001	1609	[3,3,3]	[101,102,500]	[3016007,3026007,3036007,3046007,3055005,3065005]	[1,2,1,2,1,2,1,2,1,1,1,1]	[33,132221,33,132221,33,132221,33,132221,29,29,29,29]	[1607,1505]	[4,2]	5000	16070000
1149	1381003	2596001	1606	[3,3,3]	[101,501,502]	[3016002,3026002,3036002,3046002,3056006,3066006]	[1,2,1,2,1,2,1,2,1,2,1,2]	[33,138317,32,138317,32,138317,32,138317,33,138317,30,138317]	[1606,1602]	[2,4]	5000	16330000
1150	1051005	2496001	1606	[3,3,3]	[101,103,510]	[3016046,3026046,3036046,3046046,3056006,3066006]	[1,2,1,2,1,2,1,2,1,2,1,2]	[30,105517,33,105517,30,105517,30,105517,32,105517,30,105517]	[1646,1606]	[4,2]	5000	16250000
1151	1271003	2386001	1606	[3,3,3]	[102,103,500]	[3016006,3026037,3036006,3046037,3056037,3066037]	[1,2,1,2,1,2,1,2,1,2,1,2]	[30,127317,30,127317,33,127317,30,127317,30,127317,33,127317]	[1637,1606]	[4,2]	3000	16180000
1152	1141004	2626001	1613	[3]	[102]	[3016057,3026057,3036057,3046013,3056057,3066013]	[1,2,1,2,1,2,1,2,1,2,1,2]	[30,114417,32,114417,30,114417,30,114417,30,114417,32,114417]	[1657,1613]	[4,2]	3000	16360000
1153	1331003	2516001	1606	[3]	[502]	[3016048,3026048,3036048,3046006,3056048,3066006]	[1,1,2,1,2,2,1,1,1,1,2,2]	[32,30,133306,32,133311,133318,31,30,31,32,133301,133318]	[1648,1606]	[4,2]	3000	16270000
1154	1321003	2506001	1606	[3,3]	[102,508]	[3016047,3026047,3036047,3046006,3056006,3066047]	[1,2,1,2,1,2,1,2,1,2,1,2]	[30,132323,32,132323,30,132317,32,132317,32,132317,33,132323]	[1606,1647]	[2,4]	3000	16260000
1155	1171004	2436001	1606	[3]	[500]	[3016041,3026041,3036041,3046006,3056006,3066041]	[1,2,1,2,1,2,1,2,1,2,1,2]	[30,117417,32,117417,30,117417,30,117417,30,117417,32,117417]	[1641,1606]	[4,2]	3000	16210000
1156	1391003	2636001	1609	[3]	[502]	[3016007,3026007,3036007,3046007,3056011,3066011]	[1,2,2,2,1,1,2,1,2,2,1,1]	[30,139323,139306,139323,33,30,139306,30,139306,139318,33,32]	[1611,1607]	[2,4]	3000	16370000
1157	1131004	2546001	1611	[3,3,3]	[102,501,502]	[3016007,3026007,3036007,3046007,3056006,3066006]	[1,2,1,2,1,2,1,2,1,2,1,2]	[30,113423,30,113423,33,113423,30,113423,30,113423,32,113423]	[1607,1606]	[4,2]	3000	16070000
1158	1011004	2326001	1606	[3,3]	[101,500]	[3016032,3026032,3036032,3046032,3056002,3066002]	[1,2,1,2,1,2,1,2,1,2,1,2]	[33,101417,33,101417,33,101417,33,101417,33,101417,33,101417]	[1632,1602]	[4,2]	3000	16130000
1159	1061004	2646001	1602	[3,3]	[500,511]	[3016006,3026006,3036002,3046004,3056004,3066002]	[1,2,1,2,1,2,1,2,1,2,1,2]	[30,106417,33,106417,32,106417,30,106417,32,106417,30,106417]	[1606,1604,1602]	[2,2,2]	3000	16380000
1160	1131004	2546001	1611	[3,3,3]	[102,501,502]	[3016011,3026011,3036007,3046007,3056007,3066007]	[1,2,1,2,1,2,1,2,1,2,1,2]	[32,113423,33,113423,30,113423,32,113423,32,113423,32,113423]	[1607,1611]	[4,2]	5000	16290000
1161	1021006	2476001	1609	[3,3,3]	[101,102,500]	[3016044,3026044,3036044,3046006,3056044,3066006]	[1,2,1,2,1,2,1,2,1,2,1,2]	[30,102617,33,102617,33,102617,32,102617,32,102617,32,102617]	[1644,1606]	[4,2]	5000	16240000
1162	1061004	2646001	1602	[3,3,3]	[102,500,511]	[3016004,3026004,3036002,3046006,3056006,3066002]	[1,2,1,2,1,2,1,2,1,2,1,2]	[33,106417,30,106417,32,106417,33,106417,32,106417,30,106417]	[1602,1606,1604]	[2,2,2]	5000	16380000
1163	1391003	2636001	1611	[3]	[501]	[3016007,3026007,3036007,3046007,3056011,3066011]	[1,2,1,2,1,2,1,2,2,2,1,2]	[30,139323,30,139323,30,139323,32,139323,139306,139323,33,139323]	[1607,1611]	[4,2]	4003	16370000
1164	1171004	2436001	1609	[3]	[500]	[3016006,3026041,3036006,3046041,3056041,3066041]	[1,2,1,2,1,2,1,2,1,2,1,2]	[32,117417,30,117417,33,117417,33,117417,33,117417,33,117417]	[1606,1641]	[2,4]	4003	16210000
1165	1321003	2506001	1606	[3,3,3]	[102,502,508]	[3016047,3026047,3036047,3046047,3056006,3066006]	[1,2,1,2,1,2,1,2,1,2,1,2]	[33,132317,33,132317,32,132317,33,132317,33,132317,30,132317]	[1647,1606]	[4,2]	4003	16260000
1166	1381003	2596001	1611	[3,3]	[501,502]	[3016007,3026007,3036007,3046007,3056011,3066011]	[1,2,1,2,1,2,1,2,1,2,1,2]	[33,138323,33,138323,33,138323,33,138323,33,138323,33,138323]	[1607,1611]	[4,2]	3000	16070000
1167	1051005	2496001	1609	[3,3]	[103,510]	[3016046,3026046,3036046,3046046,3056006,3066006]	[1,2,1,2,1,2,1,2,1,2,1,2]	[33,105517,30,105517,33,105517,30,105517,33,105517,30,105517]	[1646,1606]	[4,2]	3000	16250000
1168	1061004	2646001	1604	[3]	[102]	[3016002,3026002,3036002,3046002,3056006,3066006]	[1,2,1,2,1,2,1,2,1,2,1,2]	[33,106417,33,106417,32,106417,33,106417,33,106417,33,106417]	[1606,1602]	[2,4]	3000	16380000
1169	1131004	2546001	1606	[3,3]	[102,502]	[3016051,3026051,3036051,3046051,3056006,3066006]	[1,2,1,2,1,2,1,2,1,2,1,2]	[33,113417,33,113417,33,113417,32,113417,32,113417,33,113417]	[1606,1651]	[2,4]	3000	
1170	1011002	2015001		[1,1,1]	[20,23,25]	[3016009,3026007,3036007,3046009,3056007,3066007]	[1,2,1,2,1,2,1,2,1,2,1,2]	[32,101221,33,101221,33,101221,30,101221,33,101221,33,101221]	[1607,1609]	[4,2]	3000	16070000
1171	1061004	2646001	1602	[3,3]	[102,511]	[3016004,3026004,3036002,3046006,3056006,3066002]	[2,2,2,2,1,2,1,1,1,2,1,2]	[106416,106421,106416,106417,32,106421,33,30,32,106417,33,106417]	[1606,1604,1602]	[2,2,2]	3000	16010000
1172	1131004	2546001	1609	[3,3,3]	[102,501,502]	[3016011,3026011,3036011,3046011,3056006,3066006]	[1,2,1,2,1,2,1,2,1,2,1,2]	[33,113423,33,113423,30,113423,30,113417,30,113417,32,113417]	[1611,1606]	[4,2]	5000	16290000
1173	1081004	2406001	1607	[3,3,3]	[101,103,508]	[3016007,3026038,3036007,3046038,3056038,3066038]	[1,2,2,2,2,2,2,2,2,2,1,2]	[30,108423,108401,108423,108401,108423,108401,108423,108401,108423,33,108423]	[1607,1638]	[2,4]	5000	16070000
1174	1031005	2606001	1613	[3,3,3]	[101,102,500]	[3016013,3026013,3036055,3046006,3056006,3066055]	[1,2,1,2,1,2,1,2,1,2,1,2]	[30,103517,33,103517,33,103517,33,103517,33,103517,32,103517]	[1613,1606,1655]	[2,2,2]	5000	16340000
1175	1031005	2606001	1606	[3,3,3]	[101,102,500]	[3016054,3026054,3036054,3046054,3056006,3066006]	[1,2,1,2,1,2,1,2,1,2,1,2]	[30,103517,33,103517,32,103517,30,103517,33,103517,33,103517]	[1606,1654]	[2,4]	5000	16340000
1176	1051005	2496001	1603	[3,3,3]	[101,103,510]	[3016046,3026046,3036046,3046046,3056003,3066003]	[1,2,1,2,1,2,1,2,1,2,1,2]	[33,105523,32,105523,30,105523,33,105523,32,105523,30,105523]	[1646,1603]	[4,2]	5000	16250000
1177	1221003	2366001	1609	[3,3,3]	[501,502,505]	[3016007,3026007,3036007,3046007,3056011,3066011]	[1,2,1,2,2,2,2,2,2,2,1,2]	[33,122323,30,122323,122316,122323,122311,122323,122311,122323,33,122323]	[1607,1611]	[4,2]	5000	16070000
1178	1241003	2456001	1614	[3,3,3]	[101,102,507]	[3016042,3026042,3036042,3046042,3056014,3066014]	[1,2,1,2,1,2,1,2,1,2,1,2]	[33,124323,33,124323,33,124323,33,124323,33,124323,33,124323]	[1614,1642]	[2,4]	5000	16220000
1179	1531005	2526001	1606	[3,3,3]	[101,102,500]	[3016049,3026049,3036049,3046049,3056006,3066006]	[1,2,1,2,1,2,1,2,1,2,1,2]	[30,153521,30,153521,30,153521,30,153521,33,153521,30,153521]	[1606,1649]	[2,4]	5000	16280000
1180	1381003	2596001	1607	[3,3,3]	[101,501,502]	[3016010,3026010,3036007,3046007,3056053,3066053]	[1,2,1,2,1,2,1,2,1,2,1,2]	[33,138323,33,138323,32,138323,33,138323,30,138323,33,138323]	[1610,1607,1653]	[2,2,2]	5000	16330000
1181	1331003	2516001	1609	[3]	[502]	[3016011,3026011,3036048,3046048,3056048,3066048]	[1,2,1,2,1,2,1,2,1,2,1,2]	[33,133317,33,133317,33,133317,33,133317,33,133317,33,133317]	[1611,1648]	[2,4]	4003	16270000
1182	1141004	2626001	1613	[3]	[500]	[3016057,3026057,3036057,3046057,3056013,3066013]	[1,2,1,2,1,2,1,2,1,2,1,2]	[33,114417,30,114417,33,114417,33,114417,33,114417,30,114417]	[1657,1613]	[4,2]	4003	16360000
1183	1271003	2386001	1606	[3]	[500]	[3016006,3026006,3036037,3046037,3056037,3066037]	[1,2,1,2,1,2,1,2,1,2,1,2]	[30,127317,33,127317,33,127317,32,127317,30,127317,32,127317]	[1637,1606]	[4,2]	4003	16180000
1184	1261003	2046003	1607	[3,3]	[501,502]	[3016036,3026036,3036036,3046007,3056007,3066036]	[1,2,1,2,1,2,1,2,1,2,1,2]	[33,126323,32,126323,32,126323,32,126323,32,126323,32,126323]	[1607,1636]	[2,4]	5000	16070000
1185	1531005	2526001	1606	[3,3,3]	[102,103,500]	[3016049,3026049,3036049,3046049,3056006,3066006]	[1,2,1,2,1,2,1,2,1,2,1,2]	[32,153521,30,153521,33,153521,33,153521,30,153521,32,153521]	[1649,1606]	[4,2]	5000	16280000
1186	1241003	2456001	1614	[3,3]	[101,507]	[3016014,3026014,3036042,3046042,3056042,3066042]	[1,2,1,2,1,2,1,2,1,2,1,2]	[33,124323,33,124323,33,124323,33,124323,33,124321,33,124321]	[1642,1614]	[4,2]	5000	16220000
1187	1051005	2496001	1603	[3,3,3]	[101,103,510]	[3016003,3026046,3036003,3046046,3056046,3066046]	[1,2,1,2,1,2,1,2,1,2,1,2]	[33,105517,30,105517,33,105517,30,105517,33,105517,33,105517]	[1646,1603]	[4,2]	5000	16250000
1188	1221003	2366001	1609	[3,3,3]	[101,501,502]	[3016011,3026011,3036007,3046007,3056007,3066007]	[1,2,1,2,1,2,1,2,1,2,1,2]	[33,122323,33,122323,33,122323,33,122323,33,122323,33,122323]	[1611,1607]	[2,4]	5000	16070000
1189	1021005	2346001	1606	[3,3,3]	[101,102,500]	[3016034,3026034,3036034,3046006,3056006,3066034]	[2,2,2,2,2,2,2,2,2,2,2,2]	[102516,102517,102516,102517,102516,102517,102516,102517,102516,102517,102516,102517]	[1634,1606]	[4,2]	5000	16150000
1190	1241003	2456001	1614	[3,3,3]	[101,102,507]	[3016042,3026042,3036042,3046042,3056014,3066014]	[1,2,1,2,1,2,1,2,1,2,1,2]	[33,124323,33,124323,33,124323,33,124323,33,124323,33,124323]	[1614,1642]	[2,4]	5000	16220000
1191	1531005	2526001	1606	[3,3,3]	[101,102,500]	[3016049,3026049,3036049,3046049,3056006,3066006]	[1,2,1,2,1,2,1,2,1,2,1,2]	[30,153521,30,153521,30,153521,30,153521,33,153521,30,153521]	[1606,1649]	[2,4]	5000	16280000
1192	1381003	2596001	1607	[3,3,3]	[101,501,502]	[3016010,3026010,3036007,3046007,3056053,3066053]	[1,2,1,2,1,2,1,2,1,2,1,2]	[33,138323,33,138323,32,138323,33,138323,30,138323,33,138323]	[1610,1607,1653]	[2,2,2]	5000	16330000
1193	1141004	2626001	1613	[3,3,3]	[102,500,511]	[3016057,3026057,3036057,3046057,3056013,3066013]	[1,2,1,2,1,2,1,2,1,2,1,2]	[33,114423,32,114423,32,114423,32,114423,33,114423,30,114423]	[1657,1613]	[4,2]	4003	16360000
1194	1331003	2516001	1609	[3,3]	[501,502]	[3016007,3026011,3036007,3046007,3056011,3066007]	[1,2,1,2,1,2,1,2,1,2,1,2]	[33,133317,33,133321,30,133323,33,133323,33,133323,33,133323]	[1607,1611]	[4,2]	4003	16070000
1195	1041005	2576001	1606	[3,3,3]	[101,102,500]	[3016052,3026052,3036052,3046052,3056006,3066006]	[1,2,1,2,1,2,1,2,1,2,1,2]	[33,104517,33,104517,33,104517,32,104517,30,104517,33,104517]	[1652,1606]	[4,2]	4003	16320000
1196	1131004	2546001	1609	[3,3,3]	[102,501,502]	[3016011,3026006,3036006,3046011,3056011,3066011]	[1,2,1,2,1,2,1,2,1,2,1,2]	[30,113423,30,113423,33,113423,32,113423,30,113423,32,113423]	[1611,1606]	[4,2]	4003	16070000
1197	1081004	2406001	1638	[3,3]	[103,508]	[3016007,3026007,3036007,3046038,3056038,3066007]	[2,2,1,2,2,2,1,2,1,2,1,2]	[108401,108423,32,108423,108401,108423,30,108423,32,108423,33,108423]	[1607,1638]	[4,2]	4003	16190000
1198	1061004	2646001	1604	[3,3,3]	[102,103,500]	[3016002,3026006,3036006,3046002,3056002,3066002]	[1,2,1,2,1,2,1,2,1,2,1,2]	[30,106417,33,106417,33,106417,32,106417,30,106417,33,106417]	[1606,1602]	[2,4]	4003	16380000
1199	1031005	2606001	1613	[3,3,3]	[101,102,500]	[3016013,3026013,3036055,3046006,3056006,3066055]	[1,2,1,2,1,2,1,2,1,2,1,2]	[30,103517,33,103517,33,103517,33,103517,33,103517,32,103517]	[1613,1606,1655]	[2,2,2]	5000	16340000
1200	1081004	2406001	1607	[3,3,3]	[101,103,508]	[3016007,3026038,3036007,3046038,3056038,3066038]	[1,2,2,2,2,2,2,2,2,2,1,2]	[30,108423,108401,108423,108401,108423,108401,108423,108401,108423,33,108423]	[1607,1638]	[2,4]	5000	16070000
1201	1131004	2546001	1609	[3,3,3]	[102,501,502]	[3016011,3026011,3036011,3046011,3056006,3066006]	[1,2,1,2,1,2,1,2,1,2,1,2]	[33,113423,33,113423,30,113423,30,113417,30,113417,32,113417]	[1611,1606]	[4,2]	5000	16290000
1202	1261003	2046003	1610	[3,3,3]	[101,102,502]	[3016036,3026036,3036036,3046036,3056010,3066010]	[1,2,1,2,1,2,1,2,1,2,1,2]	[33,126323,33,126323,33,126323,33,126323,33,126323,33,126323]	[1610,1636]	[2,4]	5000	16170000
1203	1041002	2045001				[3016014,3026014,3036014,3046014,3056006,3066006]	[1,2,1,2,1,2,2,1,1,1,1,1]	[33,104221,30,104218,31,104218,104216,33,33,30,30,31]	[1614,1606]	[4,2]	5000	
1204	1531005	2526001	1614	[3]	[102]	[3016049,3026049,3036049,3046049,3056014,3066014]	[1,2,1,2,1,2,2,2,1,2,1,2]	[33,153521,33,153521,33,153521,153511,153521,33,153521,33,153521]	[1614,1649]	[2,4]	5000	16280000
1205	1131004	2546001	1606	[3,3,3]	[102,501,502]	[3016011,3026007,3036007,3046011,3056007,3066007]	[1,2,1,2,1,2,1,2,1,2,1,2]	[32,113423,32,113423,32,113423,33,113423,32,113423,32,113423]	[1611,1607]	[2,4]	4003	16070000
1206	1021006	2476001	1609	[3]	[500]	[3016044,3026044,3036044,3046044,3056006,3066006]	[1,2,1,2,1,2,1,2,1,2,1,2]	[32,102617,33,102617,33,102617,33,102617,33,102617,33,102617]	[1644,1606]	[4,2]	4003	16240000
1207	1061004	2646001	1604	[3,3]	[102,511]	[3016002,3026002,3036006,3046006,3056002,3066002]	[1,2,1,2,1,2,1,2,1,2,1,2]	[30,106417,30,106417,32,106417,30,106417,30,106417,33,106417]	[1602,1606]	[4,2]	4003	16380000
1208	1211003	2466001	1615	[3]	[102]	[3016043,3026043,3036043,3046043,3056015,3066015]	[1,2,1,2,1,2,1,2,1,2,1,2]	[33,121317,33,121317,31,121317,32,121317,33,121317,32,121317]	[1643,1615]	[4,2]	3000	16140000
1209	1091003	2336001	1611			[3016007,3026007,3036007,3046007,3056009,3066009]	[1,2,1,2,1,2,1,2,1,2,1,2]	[33,109323,33,109323,33,109323,33,109323,33,109323,33,109323]	[1607,1609]	[4,2]	3000	
1210	1291003	2616001	1615	[3]	[103]	[3016056,3026056,3036056,3046056,3056015,3066015]	[1,2,1,2,1,2,1,2,1,2,1,2]	[33,129317,32,129317,30,129317,30,129317,33,129317,33,129317]	[1656,1615]	[4,2]	3000	16350000
1211	1051001	2055001		[1,1,1]	[20,23,24]	[3016007,3026007,3036007,3046007,3056008,3066008]	[1,1,1,1,1,1,1,1,1,1,1,1]	[33,33,33,33,33,33,33,33,33,33,33,33]	[1607,1608]	[4,2]	3000	
1212	1261003	2045001		[1,1,1]	[21,22,25]	[3016036,3026010,3036010,3046036,3056036,3066036]	[1,2,1,1,2,1,1,1,1,2,1,2]	[33,126318,33,33,126311,31,30,31,33,126321,32,126323]	[1610,1636]	[2,4]	3000	
1213	1531005	2526001	1606	[3]	[500]	[3016049,3026049,3036049,3046049,3056006,3066006]	[1,2,1,2,1,2,1,2,1,2,1,2]	[32,153521,33,153521,33,153521,30,153521,33,153521,30,153521]	[1649,1606]	[4,2]	3000	16280000
1214	1141004	2626001	1613	[3,3,3]	[102,500,511]	[3016057,3026057,3036057,3046057,3056013,3066013]	[1,2,1,2,1,2,1,2,1,2,1,2]	[33,114423,32,114423,32,114423,32,114423,33,114423,30,114423]	[1657,1613]	[4,2]	4003	16360000
1215	1331003	2516001	1609	[3,3]	[501,502]	[3016007,3026011,3036007,3046007,3056011,3066007]	[1,2,1,2,1,2,1,2,1,2,1,2]	[33,133317,33,133321,30,133323,33,133323,33,133323,33,133323]	[1607,1611]	[4,2]	4003	16070000
1216	1041005	2576001	1606	[3,3,3]	[101,102,500]	[3016052,3026052,3036052,3046052,3056006,3066006]	[1,2,1,2,1,2,1,2,1,2,1,2]	[33,104517,33,104517,33,104517,32,104517,30,104517,33,104517]	[1652,1606]	[4,2]	4003	16320000
1217	1061004	2646001	1603	[3,3,3]	[101,102,500]	[3016004,3026004,3036003,3046006,3056006,3066003]	[1,2,1,2,1,2,1,2,1,2,1,2]	[32,106417,32,106417,33,106417,33,106417,33,106417,30,106417]	[1606,1604,1603]	[2,2,2]	5000	16380000
1218	1331003	2516001	1609	[3,3,3]	[102,501,502]	[3016011,3026011,3036011,3046011,3056006,3066006]	[1,2,1,2,1,2,1,2,1,2,1,2]	[32,133323,30,133323,30,133323,33,133323,33,133323,33,133323]	[1606,1611]	[2,4]	5000	16270000
1219	1051005	2496001	1607	[3,3,3]	[101,103,510]	[3016046,3026046,3036046,3046046,3056007,3066007]	[1,2,1,2,1,2,1,2,1,2,1,2]	[32,105523,33,105523,33,105523,33,105523,30,105523,32,105523]	[1607,1646]	[2,4]	5000	16070000
1220	1041005	2576001	1613	[3,3]	[102,500]	[3016052,3026013,3036013,3046052,3056052,3066052]	[1,1,1,2,1,2,1,2,1,2,1,2]	[30,33,32,104517,30,104517,33,104517,32,104517,32,104517]	[1652,1613]	[4,2]	4003	16320000
1221	1071004	2286001	1613	[3]	[102]	[3016007,3026013,3036013,3046007,3056007,3066007]	[1,1,2,2,1,2,1,2,2,1,1,2]	[30,32,107406,107423,33,107423,33,107423,107416,30,32,107423]	[1607,1613]	[4,2]	4003	16070000
1222	1331003	2516001	1606	[3,3,3]	[102,501,502]	[3016006,3026006,3036048,3046048,3056048,3066048]	[1,2,1,2,1,2,1,2,1,2,1,2]	[32,133323,33,133323,32,133323,30,133323,32,133323,30,133323]	[1648,1606]	[4,2]	4003	16270000
1223	1241003	2456001	1614	[3,3,3]	[101,102,507]	[3016042,3026042,3036042,3046042,3056014,3066014]	[1,2,1,2,1,2,1,2,1,2,1,2]	[32,124323,30,124323,33,124323,32,124323,32,124323,32,124323]	[1614,1642]	[2,4]	5000	16220000
1224	1381003	2596001	1607	[3,3,3]	[101,501,502]	[3016007,3026010,3036010,3046007,3056053,3066053]	[1,2,1,2,1,2,1,2,1,2,1,2]	[30,138323,33,138323,33,138323,33,138323,33,138323,32,138323]	[1610,1607,1653]	[2,2,2]	5000	16070000
1225	1041004	2306001	1658	[3,3,3]	[101,103,500]	[3016014,3026004,3036014,3046014,3056004,3066014]	[1,2,1,2,1,2,1,2,1,2,1,2]	[32,104417,33,104417,32,104417,30,104417,32,104417,30,104417]	[1604,1614]	[2,4]	5000	16120000
1226	1031005	2606001	1613	[3,3,3]	[101,102,500]	[3016013,3026013,3036055,3046006,3056006,3066055]	[1,2,1,2,1,2,1,2,1,2,1,2]	[30,103517,33,103517,33,103517,33,103517,33,103517,32,103517]	[1613,1606,1655]	[2,2,2]	5000	16340000
1227	1081004	2406001	1607	[3,3,3]	[101,103,508]	[3016007,3026038,3036007,3046038,3056038,3066038]	[1,2,2,2,2,2,2,2,2,2,1,2]	[30,108423,108401,108423,108401,108423,108401,108423,108401,108423,33,108423]	[1607,1638]	[2,4]	5000	16070000
1228	1131004	2546001	1609	[3,3,3]	[102,501,502]	[3016011,3026011,3036011,3046011,3056006,3066006]	[1,2,1,2,1,2,1,2,1,2,1,2]	[33,113423,33,113423,30,113423,30,113417,30,113417,32,113417]	[1611,1606]	[4,2]	5000	16290000
1229	1061004	2646001	1602	[3,3]	[102,500]	[3016002,3026002,3036006,3046006,3056004,3066004]	[1,2,1,2,1,2,1,2,1,2,1,2]	[32,106417,32,106417,33,106417,33,106417,33,106417,30,106417]	[1604,1602,1606]	[2,2,2]	3000	16380000
1230	1381003	2596001	1611	[3]	[501]	[3016007,3026007,3036007,3046007,3056011,3066011]	[1,2,1,2,1,2,1,2,1,2,1,2]	[33,138323,33,138323,32,138323,30,138323,32,138323,32,138323]	[1611,1607]	[2,4]	3000	16070000
1231	1051005	2496001	1609	[3,3]	[102,510]	[3016006,3026006,3036046,3046046,3056046,3066046]	[1,2,1,2,1,2,1,2,1,2,1,2]	[30,105523,30,105523,32,105523,33,105523,33,105517,33,105517]	[1646,1606]	[4,2]	3000	16250000
1232	1061004	2646001	1603	[3,3,3]	[101,102,500]	[3016004,3026004,3036003,3046006,3056006,3066003]	[1,2,1,2,1,2,1,2,1,2,1,2]	[32,106417,32,106417,33,106417,33,106417,33,106417,30,106417]	[1606,1604,1603]	[2,2,2]	5000	16380000
1233	1331003	2516001	1609	[3,3,3]	[102,501,502]	[3016011,3026011,3036011,3046011,3056006,3066006]	[1,2,1,2,1,2,1,2,1,2,1,2]	[32,133323,30,133323,30,133323,33,133323,33,133323,33,133323]	[1606,1611]	[2,4]	5000	16270000
1234	1051005	2496001	1607	[3,3,3]	[101,103,510]	[3016046,3026046,3036046,3046046,3056007,3066007]	[1,2,1,2,1,2,1,2,1,2,1,2]	[32,105523,33,105523,33,105523,33,105523,30,105523,32,105523]	[1607,1646]	[2,4]	5000	16070000
1235	1141004	2626001	1613	[3,3,3]	[102,500,511]	[3016057,3026057,3036057,3046057,3056013,3066013]	[1,2,1,2,1,2,1,2,1,2,1,2]	[33,114423,32,114423,32,114423,32,114423,33,114423,30,114423]	[1657,1613]	[4,2]	4003	16360000
1236	1331003	2516001	1609	[3,3]	[501,502]	[3016007,3026011,3036007,3046007,3056011,3066007]	[1,2,1,2,1,2,1,2,1,2,1,2]	[33,133317,33,133321,30,133323,33,133323,33,133323,33,133323]	[1607,1611]	[4,2]	4003	16070000
1237	1041005	2576001	1606	[3,3,3]	[101,102,500]	[3016052,3026052,3036052,3046052,3056006,3066006]	[1,2,1,2,1,2,1,2,1,2,1,2]	[33,104517,33,104517,33,104517,32,104517,30,104517,33,104517]	[1652,1606]	[4,2]	4003	16320000
1238	1381003	2596001	1609	[3,3]	[501,502]	[3016007,3026007,3036007,3046007,3056011,3066011]	[1,2,1,2,1,2,1,2,1,2,1,2]	[32,138323,33,138321,30,138317,33,138318,30,138321,30,138317]	[1607,1611]	[4,2]	4003	16070000
1239	1361003	2565001		[1,1,1]	[20,23,24]	[3016002,3026002,3036002,3046002,3056006,3066006]	[2,2,2,1,1,1,2,2,2,1,1,2]	[136316,136321,136316,33,33,32,136306,136317,136306,33,31,136323]	[1602,1606]	[4,2]	4003	16310000
1240	1061004	2646001	1604	[3,3]	[102,511]	[3016002,3026006,3036002,3046002,3056006,3066002]	[1,2,1,2,1,2,1,2,1,2,1,2]	[30,106417,32,106417,33,106417,32,106417,33,106417,33,106417]	[1602,1606]	[4,2]	4003	16380000
1241	1301002	2444001				[3016007,3026009,3036007,3046007,3056009,3066007]	[1,2,1,2,1,2,1,2,1,2,1,2]	[33,130223,33,130223,33,130223,33,130223,33,130223,33,130223]	[1607,1609]	[4,2]	5000	
1242	1061004	2646001	1604	[3]	[500]	[3016002,3026002,3036006,3046002,3056002,3066006]	[1,2,1,2,1,2,1,2,1,2,1,2]	[30,106417,33,106417,32,106417,33,106417,30,106417,33,106417]	[1602,1606]	[4,2]	5000	16380000
1243	1131004	2546001	1606	[3]	[102]	[3016006,3026051,3036051,3046006,3056051,3066051]	[1,2,1,2,1,2,1,2,2,2,1,2]	[32,113423,33,113423,32,113423,32,113423,113416,113417,32,113417]	[1651,1606]	[4,2]	5000	16010000
1244	1131004	2546001	1606	[3,3,3]	[102,501,502]	[3016051,3026032,3036032,3046051,3056051,3066051]	[1,2,1,2,1,2,1,2,1,2,1,2]	[32,113417,32,113417,32,113417,32,113417,32,113417,32,113417]	[1651,1632]	[4,2]	5000	16290000
1245	1081004	2405001		[1,1,1]	[21,22,24]	[3016038,3026038,3036009,3046038,3056038,3066009]	[2,2,2,2,2,2,2,2,2,2,2,2]	[108401,108423,108401,108423,108401,108423,108401,108423,108401,108423,108401,108423]	[1638,1609]	[4,2]	5000	
1246	1541003	2226001	1616	[3,3]	[303,402]	[3016023,3026023,3036023,3046023,3056023,3066023]	[2,2,2,2,2,2,2,2,2,2,2,2]	[154301,154317,154301,154317,154301,154317,154301,154317,154301,154317,154301,154317]	[1623]	[6]	5000	
1247	1531005	2526001	1606	[3,3]	[102,500]	[3016049,3026049,3036049,3046049,3056006,3066006]	[1,2,1,2,1,2,1,2,1,2,1,2]	[33,153521,33,153521,33,153521,33,153521,33,153521,33,153521]	[1649,1606]	[4,2]	3000	16280000
1248	1211003	2466001	1615	[3]	[509]	[3016043,3026043,3036043,3046043,3056015,3066015]	[1,2,1,2,1,2,1,2,1,2,1,2]	[32,121317,32,121317,33,121317,33,121317,32,121317,32,121317]	[1643,1615]	[4,2]	3000	16230000
1249	1261003	2046003	1607	[3,3]	[501,502]	[3016011,3026011,3036011,3046011,3056007,3066007]	[1,2,1,2,1,1,1,2,1,1,2,2]	[33,126323,30,126323,31,32,30,126317,31,33,126301,126321]	[1607,1611]	[2,4]	3000	16140000
1250	1051005	2496001	1607	[3]	[510]	[3016046,3026046,3036046,3046046,3056007,3066007]	[1,2,1,2,1,2,1,2,1,2,1,2]	[33,105517,33,105523,33,105523,30,105523,33,105523,33,105517]	[1607,1646]	[2,4]	3000	16250000
1251	1331003	2516001	1609	[3]	[501]	[3016006,3026006,3036011,3046011,3056011,3066011]	[1,2,1,1,1,2,1,2,1,2,1,2]	[30,133323,33,33,33,133323,33,133323,32,133323,32,133323]	[1611,1606]	[4,2]	3000	16070000
1252	1061004	2646001	1645	[3]	[102]	[3016003,3026003,3036003,3046003,3056006,3066006]	[1,2,1,2,1,2,1,2,1,2,1,2]	[32,106417,30,106417,33,106417,33,106417,33,106417,33,106417]	[1606,1603]	[2,4]	3000	16150000
1253	1031005	2606001	1606	[3,3,3]	[101,102,500]	[3016054,3026054,3036054,3046006,3056054,3066006]	[1,2,1,2,1,2,1,2,1,2,1,2]	[30,103517,30,103517,30,103517,30,103517,30,103517,30,103517]	[1654,1606]	[4,2]	5000	16340000
1254	1031002	2036002	1611	[3,3,3]	[102,501,502]	[3016011,3026007,3036011,3046007,3056007,3066007]	[1,1,1,1,1,1,1,1,1,1,1,1]	[30,30,30,30,30,30,30,30,30,30,30,30]	[1607,1611]	[4,2]	5000	
1255	1051005	2496001	1603	[3,3,3]	[101,102,510]	[3016046,3026046,3036046,3046003,3056046,3066003]	[1,2,1,2,1,2,1,2,1,2,1,2]	[30,105517,30,105517,30,105517,30,105517,30,105517,30,105517]	[1646,1603]	[4,2]	5000	
1256	1061004	2646001	1604	[3,3,3]	[101,102,500]	[3016002,3026006,3036006,3046002,3056002,3066002]	[1,2,1,2,1,2,1,2,1,2,1,2]	[33,106417,33,106417,33,106417,30,106417,32,106417,32,106417]	[1606,1602]	[2,4]	4003	16380000
1257	1081004	2406001	1607	[3]	[508]	[3016038,3026038,3036038,3046038,3056007,3066007]	[2,2,2,2,2,2,2,2,1,2,2,2]	[108401,108423,108401,108423,108401,108423,108401,108423,33,108423,108411,108423]	[1638,1607]	[4,2]	4003	16010000
1258	1131004	2546001	1606	[3,3,3]	[102,501,502]	[3016009,3026009,3036011,3046011,3056011,3066011]	[2,1,2,1,1,1,1,2,1,2,2,1]	[113406,33,113401,32,32,31,33,113423,33,113423,113416,31]	[1609,1611]	[2,4]	4003	16070000
1259	1241003	2456001	1614	[3,3]	[102,507]	[3016042,3026042,3036014,3046042,3056042,3066014]	[1,2,1,2,1,2,1,2,1,2,1,2]	[30,124323,30,124323,33,124323,32,124323,30,124323,32,124323]	[1642,1614]	[4,2]	3000	16220000
1260	1381003	2596001	1610	[3,3]	[501,502]	[3016007,3026007,3036007,3046007,3056053,3066053]	[1,2,1,2,1,2,1,2,1,2,1,2]	[30,138323,32,138323,30,138323,32,138323,32,138323,32,138323]	[1607,1653]	[4,2]	3000	16330000
1261	1531005	2526001	1606	[3]	[102]	[3016049,3026049,3036049,3046049,3056006,3066006]	[1,2,1,2,1,2,1,2,1,2,1,2]	[33,153521,30,153521,32,153521,30,153521,30,153521,32,153521]	[1649,1606]	[4,2]	3000	16280000
1262	1051003	2055001		[1]	[21]	[3016007,3026007,3036009,3046007,3056007,3066009]	[1,2,1,2,1,2,1,2,1,2,1,2]	[33,105317,33,105317,33,105317,33,105317,33,105317,33,105317]	[1609,1607]	[2,4]	3000	
1263	1131004	2546001	1606			[3016011,3026051,3036051,3046011,3056051,3066051]	[2,2,1,1,2,1,2,1,2,2,2,2]	[113401,113423,30,30,113401,32,113401,30,113411,113423,113411,113423]	[1611,1651]	[2,4]	3000	16290000
1264	1061004	2646001	1602	[3,3]	[102,511]	[3016002,3026004,3036006,3046002,3056004,3066006]	[1,2,1,2,1,2,1,2,1,2,1,2]	[33,106417,33,106417,32,106417,30,106417,30,106417,30,106417]	[1604,1602,1606]	[2,2,2]	3000	16380000
1265	1291003	2616001	1615	[3,3]	[101,103]	[3016056,3026056,3036015,3046056,3056056,3066015]	[1,2,1,2,1,2,1,2,1,2,1,2]	[32,129317,30,129317,30,129317,32,129317,32,129317,30,129317]	[1615,1656]	[2,4]	4003	16350000
1266	1331003	2516001	1609	[3,3,3]	[102,501,502]	[3016007,3026007,3036007,3046007,3056011,3066011]	[1,2,1,2,1,2,1,2,1,2,1,2]	[33,133323,33,133323,32,133323,33,133323,30,133323,33,133323]	[1607,1611]	[4,2]	4003	16270000
1267	1211003	2466001	1615	[3]	[509]	[3016043,3026043,3036043,3046043,3056015,3066015]	[1,2,1,2,1,2,1,2,1,2,1,2]	[33,121317,30,121317,30,121317,30,121317,30,121317,33,121317]	[1643,1615]	[4,2]	4003	16230000
1268	1241003	2456001	1614	[3,3]	[102,507]	[3016014,3026014,3036042,3046042,3056042,3066042]	[1,2,1,2,1,2,1,2,1,2,1,2]	[33,124323,32,124323,32,124323,30,124323,32,124323,33,124323]	[1642,1614]	[4,2]	4003	16220000
1269	1531005	2526001	1606	[3,3,3]	[101,102,500]	[3016049,3026049,3036049,3046006,3056049,3066006]	[1,2,1,2,1,2,1,2,1,2,1,2]	[30,153521,30,153521,30,153521,33,153521,33,153521,30,153521]	[1649,1606]	[4,2]	4003	16280000
1270	1381003	2596001	1610	[3,3]	[501,502]	[3016053,3026007,3036007,3046053,3056007,3066007]	[1,2,1,2,1,2,1,2,1,2,1,2]	[32,138323,33,138323,30,138323,32,138323,32,138323,30,138323]	[1653,1607]	[2,4]	4003	16120000
1271	1131004	2546001	1609	[3,3,3]	[102,501,502]	[3016011,3026011,3036011,3046006,3056006,3066011]	[1,2,1,2,1,2,1,2,1,2,1,2]	[33,113423,30,113423,33,113423,32,113423,32,113423,30,113423]	[1611,1606]	[4,2]	5000	16290000
1272	1011004	2326001	1607	[3,3]	[103,500]	[3016032,3026007,3036032,3046032,3056007,3066032]	[1,2,1,2,1,2,1,2,1,1,1,1]	[32,101417,32,101417,32,101417,33,101417,32,33,33,33]	[1632,1607]	[4,2]	5000	16130000
1273	1061004	2646001	1604	[3,3,3]	[102,500,511]	[3016002,3026002,3036006,3046002,3056002,3066006]	[1,2,1,2,1,2,1,2,1,2,1,2]	[30,106417,30,106417,33,106417,30,106417,30,106417,32,106417]	[1606,1602]	[2,4]	5000	16380000
1274	1081004	2406001	1602	[3,3]	[103,508]	[3016038,3026038,3036002,3046038,3056038,3066002]	[2,2,2,2,2,2,2,2,2,2,2,2]	[108401,108423,108401,108423,108401,108423,108401,108423,108401,108417,108401,108417]	[1638,1602]	[4,2]	5000	16190000
1275	1071003	2076002				[3016007,3026007,3036009,3046007,3056007,3066009]	[1,1,1,1,1,1,1,1,1,1,1,1]	[33,33,32,33,33,33,33,31,33,33,33,33]	[1607,1609]	[4,2]	5000	16060000
1276	1131004	2546001	1606	[3,3,3]	[101,102,502]	[3016051,3026051,3036006,3046051,3056051,3066006]	[2,2,2,2,1,2,1,2,1,2,2,2]	[113401,113417,113411,113417,32,113417,32,113417,30,113417,113406,113417]	[1606,1651]	[2,4]	5000	16290000
1277	1331003	2516001				[3016048,3026048,3036048,3046048,3056011,3066011]	[1,2,1,2,1,2,1,2,1,1,1,1]	[33,133317,32,133317,30,133317,33,133317,33,33,30,31]	[1648,1611]	[4,2]	3000	16070000
1278	1291002	2425001				[3016007,3026007,3036007,3046007,3056011,3066011]	[1,2,2,1,2,2,2,1,2,1,1,2]	[31,129218,129201,30,129206,129218,129201,33,129216,30,30,129223]	[1607,1611]	[4,2]	3000	
1279	1141004	2626001	1613	[3]	[102]	[3016057,3026057,3036057,3046057,3056013,3066013]	[1,2,1,2,1,2,1,2,1,2,1,2]	[33,114417,33,114417,33,114417,33,114417,33,114417,33,114417]	[1657,1613]	[4,2]	3000	16360000
1280	1061004	2646001	1604	[3,3]	[102,511]	[3016002,3026002,3036002,3046002,3056006,3066006]	[1,2,1,2,1,2,1,2,1,2,1,2]	[32,106417,33,106417,32,106417,30,106417,30,106417,32,106417]	[1606,1602]	[2,4]	4003	16380000
1281	1361003	2566001	1609	[3,3]	[101,500]	[3016002,3026002,3036002,3046002,3056006,3066006]	[1,2,1,2,1,2,1,2,1,2,1,2]	[33,136317,33,136317,33,136317,33,136317,33,136317,33,136317]	[1602,1606]	[4,2]	4003	16310000
1282	1131004	2546001	1606	[3,3]	[501,502]	[3016007,3026007,3036007,3046007,3056011,3066011]	[1,2,1,2,2,2,1,1,1,2,1,2]	[33,113423,33,113423,113411,113417,31,33,33,113423,32,113423]	[1607,1611]	[4,2]	4003	16070000
1283	1381003	2596001	1614	[3]	[502]	[3016014,3026053,3036053,3046014,3056053,3066053]	[1,2,1,2,1,2,1,2,1,2,1,2]	[33,138323,33,138323,33,138323,33,138323,33,138323,33,138323]	[1653,1614]	[4,2]	5000	16330000
1284	1241003	2456001	1606	[3]	[507]	[3016006,3026042,3036042,3046006,3056042,3066042]	[1,2,1,2,1,2,1,2,1,2,1,2]	[30,124321,32,124321,30,124321,33,124321,33,124321,32,124321]	[1642,1606]	[4,2]	5000	16220000
1285	1031001	2036001	1610			[3016008,3026007,3036007,3046008,3056007,3066007]	[1,1,1,1,1,2,1,1,1,1,1,2]	[30,32,33,33,32,103118,30,30,33,30,33,103118]	[1608,1607]	[2,4]	5000	16090000
1286	1061004	2646001	1606	[3]	[103]	[3016002,3026004,3036004,3046002,3056002,3066002]	[1,2,1,1,1,2,1,2,1,1,1,2]	[32,106423,32,30,32,106421,32,106417,32,33,32,106417]	[1604,1602]	[2,4]	3000	16380000
1287	1051004	2276001		[3]	[508]	[3016007,3026009,3036009,3046007,3056007,3066007]	[2,2,1,2,1,2,1,2,1,2,1,2]	[105411,105423,32,105423,33,105423,33,105423,33,105423,33,105423]	[1609,1607]	[2,4]	3000	
1288	1131004	2546001	1606	[3,3]	[501,502]	[3016011,3026011,3036011,3046011,3056006,3066006]	[1,2,1,2,1,1,1,1,1,1,1,1]	[33,113423,33,113423,33,32,33,33,32,30,32,30]	[1611,1606]	[4,2]	3000	16130000
1289	1141004	2626001	1609	[3]	[102]	[3016057,3026057,3036057,3046057,3056006,3066006]	[2,1,2,2,1,2,1,2,1,2,2,1]	[114411,33,114411,114418,32,114418,30,114418,30,114421,114406,32]	[1657,1606]	[4,2]	3000	16360000
1290	1081003	2085001				[3016013,3026013,3036013,3046013,3056012,3066012]	[1,1,1,1,2,2,2,1,1,1,1,1]	[33,30,33,30,108301,108321,108306,33,32,33,33,30]	[1612,1613]	[2,4]	3000	
1291	1331003	2516001	1606			[3016011,3026009,3036009,3046011,3056011,3066011]	[1,2,1,2,1,2,1,2,1,2,1,2]	[33,133323,33,133323,33,133323,33,133323,33,133323,33,133323]	[1609,1611]	[2,4]	3000	16270000
1292	1301002	2444001				[3016007,3026007,3036007,3046007,3056009,3066009]	[1,2,1,2,1,2,1,2,1,1,1,2]	[33,130223,33,130223,30,130223,33,130223,33,30,32,130223]	[1607,1609]	[4,2]	3000	
1293	1131004	2546001	1611	[3]	[502]	[3016002,3026011,3036002,3046002,3056011,3066002]	[1,2,1,2,1,2,1,2,1,2,1,2]	[30,113423,32,113423,30,113423,32,113423,31,113423,32,113423]	[1602,1611]	[4,2]	3000	16290000
1294	1051005	2496001	1606	[3,3,3]	[101,102,510]	[3016046,3026046,3036046,3046006,3056046,3066006]	[1,2,1,2,1,2,1,2,1,2,1,2]	[33,105517,33,105517,33,105517,33,105517,33,105517,32,105517]	[1646,1606]	[4,2]	3000	16240000
1295	1261003	2046003	1607	[3,3]	[501,502]	[3016011,3026011,3036011,3046011,3056007,3066007]	[1,2,1,2,1,1,1,2,1,1,2,2]	[33,126323,30,126323,31,32,30,126317,31,33,126301,126321]	[1607,1611]	[2,4]	3000	16140000
1296	1211003	2466001	1615	[3]	[509]	[3016043,3026043,3036043,3046043,3056015,3066015]	[1,2,1,2,1,2,1,2,1,2,1,2]	[32,121317,32,121317,33,121317,33,121317,32,121317,32,121317]	[1643,1615]	[4,2]	3000	16230000
1297	1531005	2526001	1606	[3,3]	[102,500]	[3016049,3026049,3036049,3046049,3056006,3066006]	[1,2,1,2,1,2,1,2,1,2,1,2]	[33,153521,33,153521,33,153521,33,153521,33,153521,33,153521]	[1649,1606]	[4,2]	3000	16280000
1298	1021005	2346001	1606	[3,3,3]	[102,103,500]	[3016034,3026034,3036034,3046006,3056034,3066006]	[1,2,1,2,1,2,1,2,1,2,1,2]	[33,102517,33,102517,33,102517,33,102517,33,102517,33,102517]	[1634,1606]	[4,2]	5000	16150000
1299	1041003	2046002	1605	[3,3,3]	[102,103,500]	[3016003,3026003,3036003,3046005,3056003,3066005]	[1,2,1,2,1,2,1,2,1,2,1,2]	[33,104317,33,104317,33,104317,33,104317,33,104317,33,104317]	[1603,1605]	[4,2]	5000	16030000
1300	1031005	2606001	1606	[3,3,3]	[101,102,500]	[3016054,3026054,3036054,3046054,3056006,3066006]	[1,2,1,2,1,2,1,2,1,2,1,2]	[33,103517,33,103517,33,103517,33,103517,33,103517,33,103517]	[1606,1654]	[2,4]	5000	
1301	1051005	2496001	1607	[3]	[510]	[3016046,3026046,3036046,3046046,3056007,3066007]	[1,2,1,2,1,2,1,2,1,2,1,2]	[33,105517,33,105523,33,105523,30,105523,33,105523,33,105517]	[1607,1646]	[2,4]	3000	16250000
1302	1331003	2516001	1609	[3]	[501]	[3016006,3026006,3036011,3046011,3056011,3066011]	[1,2,1,1,1,2,1,2,1,2,1,2]	[30,133323,33,33,33,133323,33,133323,32,133323,32,133323]	[1611,1606]	[4,2]	3000	16070000
1303	1061004	2646001	1645	[3]	[102]	[3016003,3026003,3036003,3046003,3056006,3066006]	[1,2,1,2,1,2,1,2,1,2,1,2]	[32,106417,30,106417,33,106417,33,106417,33,106417,33,106417]	[1606,1603]	[2,4]	3000	16150000
1304	1381003	2596001	1610	[3,3]	[501,502]	[3016053,3026007,3036007,3046053,3056007,3066007]	[1,2,1,2,1,2,1,2,1,2,1,2]	[32,138323,33,138323,30,138323,32,138323,32,138323,30,138323]	[1653,1607]	[2,4]	4003	16120000
1305	1531005	2526001	1606	[3,3,3]	[101,102,500]	[3016049,3026049,3036049,3046006,3056049,3066006]	[1,2,1,2,1,2,1,2,1,2,1,2]	[30,153521,30,153521,30,153521,33,153521,33,153521,30,153521]	[1649,1606]	[4,2]	4003	16280000
1306	1241003	2456001	1614	[3,3]	[102,507]	[3016014,3026014,3036042,3046042,3056042,3066042]	[1,2,1,2,1,2,1,2,1,2,1,2]	[33,124323,32,124323,32,124323,30,124323,32,124323,33,124323]	[1642,1614]	[4,2]	4003	16220000
1307	1241003	2456001	1614	[3,3]	[102,507]	[3016042,3026042,3036014,3046042,3056042,3066014]	[1,2,1,2,1,2,1,2,1,2,1,2]	[30,124323,30,124323,33,124323,32,124323,30,124323,32,124323]	[1642,1614]	[4,2]	3000	16220000
1308	1381003	2596001	1610	[3,3]	[501,502]	[3016007,3026007,3036007,3046007,3056053,3066053]	[1,2,1,2,1,2,1,2,1,2,1,2]	[30,138323,32,138323,30,138323,32,138323,32,138323,32,138323]	[1607,1653]	[4,2]	3000	16330000
1309	1531005	2526001	1606	[3]	[102]	[3016049,3026049,3036049,3046049,3056006,3066006]	[1,2,1,2,1,2,1,2,1,2,1,2]	[33,153521,30,153521,32,153521,30,153521,30,153521,32,153521]	[1649,1606]	[4,2]	3000	16280000
1310	1061004	2646001	1660	[3]	[102]	[3016002,3026002,3036002,3046002,3056060,3066060]	[1,2,1,2,1,2,1,2,1,2,1,2]	[30,106417,30,106417,32,106417,33,106417,33,106417,32,106417]	[1660,1602]	[2,4]	3000	16380000
1311	1361003	2566001	1606			[3016002,3026002,3036002,3046002,3056006,3066006]	[1,2,1,2,1,2,1,2,1,2,1,2]	[33,136317,33,136317,33,136317,33,136317,33,136317,33,136317]	[1602,1606]	[4,2]	3000	16310000
1312	1131004	2546001	1607			[3016011,3026011,3036011,3046011,3056007,3066007]	[1,2,1,1,1,2,1,2,1,1,1,2]	[32,113417,32,30,33,113421,33,113421,30,33,32,113417]	[1611,1607]	[4,2]	3000	
1313	1381003	2596001	1607			[3016053,3026053,3036053,3046053,3056007,3066007]	[1,1,2,1,2,1,1,1,2,1,2,1]	[31,31,138306,31,138311,30,33,30,138316,30,138301,30]	[1653,1607]	[4,2]	4003	16330000
1314	1241003	2456001	1614	[3]	[507]	[3016042,3026042,3036042,3046042,3056014,3066014]	[1,2,2,1,2,1,1,1,1,2,2,2]	[32,124323,124311,31,124301,31,31,32,32,124323,124306,124321]	[1642,1614]	[4,2]	4003	16220000
1315	1041004	2306001	1614			[3016031,3026031,3036031,3046031,3056014,3066014]	[1,2,1,2,1,2,1,2,1,2,1,2]	[33,104417,33,104417,33,104417,33,104417,33,104417,33,104417]	[1631,1614]	[4,2]	4003	16120000
1316	1291003	2616001	1615	[3,3]	[101,103]	[3016056,3026056,3036015,3046056,3056056,3066015]	[1,2,1,2,1,2,1,2,1,2,1,2]	[32,129317,30,129317,30,129317,32,129317,32,129317,30,129317]	[1615,1656]	[2,4]	4003	16350000
1317	1331003	2516001	1609	[3,3,3]	[102,501,502]	[3016007,3026007,3036007,3046007,3056011,3066011]	[1,2,1,2,1,2,1,2,1,2,1,2]	[33,133323,33,133323,32,133323,33,133323,30,133323,33,133323]	[1607,1611]	[4,2]	4003	16270000
1318	1211003	2466001	1615	[3]	[509]	[3016043,3026043,3036043,3046043,3056015,3066015]	[1,2,1,2,1,2,1,2,1,2,1,2]	[33,121317,30,121317,30,121317,30,121317,30,121317,33,121317]	[1643,1615]	[4,2]	4003	16230000
1319	1271003	2386001	1607			[3016037,3026007,3036007,3046037,3056037,3066037]	[1,2,1,2,1,2,1,2,1,2,1,2]	[33,127317,32,127317,33,127317,30,127317,32,127317,33,127317]	[1607,1637]	[2,4]	5000	16180000
1320	1141004	2626001	1613	[3,3,3]	[500,506,511]	[3016057,3026057,3036057,3046057,3056013,3066013]	[1,2,1,2,1,2,1,2,1,2,1,2]	[33,114423,33,114423,33,114423,32,114423,30,114423,32,114423]	[1613,1657]	[2,4]	5000	16360000
1321	1331003	2516001	1611	[3,3,3]	[102,501,502]	[3016048,3026006,3036006,3046048,3056048,3066048]	[1,2,1,2,1,2,1,2,1,2,1,2]	[30,133317,33,133317,32,133317,32,133317,30,133317,32,133317]	[1648,1606]	[4,2]	5000	16270000
1322	1221003	2366001	1609	[3,3]	[501,502]	[3016011,3026011,3036007,3046007,3056007,3066007]	[1,2,1,2,1,2,1,2,1,1,1,2]	[30,122323,33,122323,33,122323,30,122323,30,33,33,122323]	[1611,1607]	[2,4]	3000	16160000
1323	1051005	2496001	1603	[3,3,3]	[101,103,510]	[3016003,3026003,3036046,3046046,3056046,3066046]	[1,2,1,2,1,2,1,2,1,2,1,2]	[30,105517,32,105517,33,105517,30,105517,33,105517,30,105517]	[1603,1646]	[2,4]	3000	16250000
1324	1031005	2606001	1603	[3]	[500]	[3016003,3026003,3036006,3046006,3056006,3066006]	[1,2,1,2,1,2,1,2,1,2,1,2]	[32,103521,30,103521,30,103521,30,103521,30,103521,30,103521]	[1603,1606]	[2,4]	3000	16340000
1325	1381003	2596001	1610	[3,3]	[501,502]	[3016053,3026007,3036007,3046053,3056007,3066007]	[1,2,1,2,1,2,1,2,1,2,1,2]	[32,138323,33,138323,30,138323,32,138323,32,138323,30,138323]	[1653,1607]	[2,4]	4003	16120000
1326	1531005	2526001	1606	[3,3,3]	[101,102,500]	[3016049,3026049,3036049,3046006,3056049,3066006]	[1,2,1,2,1,2,1,2,1,2,1,2]	[30,153521,30,153521,30,153521,33,153521,33,153521,30,153521]	[1649,1606]	[4,2]	4003	16280000
1327	1241003	2456001	1614	[3,3]	[102,507]	[3016014,3026014,3036042,3046042,3056042,3066042]	[1,2,1,2,1,2,1,2,1,2,1,2]	[33,124323,32,124323,32,124323,30,124323,32,124323,33,124323]	[1642,1614]	[4,2]	4003	16220000
1328	1291003	2616001	1611	[3]	[501]	[3016009,3026056,3036009,3046056,3056056,3066056]	[1,1,1,2,1,2,1,2,1,2,1,2]	[32,32,30,129321,32,129317,33,129317,30,129321,30,129317]	[1609,1656]	[2,4]	3000	16050000
1329	1521004	2416001	1607	[3]	[500]	[3016007,3026040,3036007,3046040,3056040,3066040]	[1,2,1,2,1,2,1,2,1,2,2,2]	[32,152417,33,152417,32,152417,32,152417,30,152423,152401,152418]	[1640,1607]	[4,2]	3000	16070000
1330	1211003	2466001	1615	[3]	[509]	[3016015,3026043,3036015,3046043,3056043,3066043]	[1,2,1,2,1,2,1,2,1,2,1,2]	[30,121323,32,121323,33,121323,33,121323,30,121323,30,121323]	[1643,1615]	[4,2]	3000	16040000
1331	1381003	2596001	1607	[3,3,3]	[101,501,502]	[3016010,3026010,3036007,3046007,3056053,3066053]	[1,2,1,2,1,2,1,2,1,2,1,2]	[33,138323,33,138323,32,138323,33,138323,30,138323,33,138323]	[1610,1607,1653]	[2,2,2]	5000	16330000
1332	1531005	2526001	1606	[3,3,3]	[101,102,500]	[3016049,3026049,3036049,3046049,3056006,3066006]	[1,2,1,2,1,2,1,2,1,2,1,2]	[30,153521,30,153521,30,153521,30,153521,33,153521,30,153521]	[1606,1649]	[2,4]	5000	16280000
1333	1241003	2456001	1614	[3,3,3]	[101,102,507]	[3016042,3026042,3036042,3046042,3056014,3066014]	[1,2,1,2,1,2,1,2,1,2,1,2]	[33,124323,33,124323,33,124323,33,124323,33,124323,33,124323]	[1614,1642]	[2,4]	5000	16220000
1334	1021006	2476001	1606	[3,3,3]	[102,103,500]	[3016044,3026044,3036044,3046006,3056044,3066006]	[1,2,1,2,1,2,1,2,1,2,1,2]	[33,102617,33,102617,33,102617,33,102617,33,102617,33,102617]	[1644,1606]	[4,2]	5000	16240000
1335	1051004	2276001		[3,3,3]	[102,103,508]	[3016009,3026027,3036009,3046027,3056027,3066027]	[1,2,1,2,1,2,1,2,1,2,1,2]	[33,105423,33,105423,33,105423,33,105423,33,105423,33,105423]	[1627,1609]	[4,2]	5000	16100000
1336	1131004	2546001	1611	[3,3,3]	[102,501,502]	[3016011,3026007,3036011,3046007,3056007,3066007]	[1,2,1,2,1,2,1,2,1,2,1,2]	[33,113423,33,113423,33,113423,33,113423,33,113423,33,113423]	[1607,1611]	[4,2]	5000	16290000
1337	1061003	2065001				[3016007,3026007,3036007,3046007,3056009,3066009]	[1,2,1,2,1,2,1,2,1,2,1,2]	[33,106323,33,106323,33,106323,33,106323,33,106323,33,106323]	[1607,1609]	[4,2]	3000	16150000
1338	1331003	2516001	1611			[3016048,3026048,3036048,3046048,3056006,3066006]	[1,2,1,2,1,2,1,2,1,2,1,2]	[30,133317,33,133317,30,133317,33,133317,33,133317,32,133317]	[1648,1606]	[4,2]	3000	16070000
1339	1141004	2626001	1613	[3]	[511]	[3016057,3026057,3036057,3046057,3056013,3066013]	[1,2,1,2,1,2,1,2,1,2,1,2]	[32,114417,32,114417,33,114417,30,114417,30,114417,32,114417]	[1657,1613]	[4,2]	3000	16270000
1340	1331003	2516001	1611	[3]	[102]	[3016011,3026011,3036048,3046048,3056048,3066048]	[1,2,1,2,1,2,1,2,1,2,1,2]	[30,133317,30,133317,32,133321,30,133323,33,133323,32,133323]	[1611,1648]	[2,4]	3000	
1341	1171003	2176001		[3,3,3]	[102,103,500]	[3016019,3026019,3036019,3046019,3056006,3066006]	[2,2,1,2,2,2,2,2,1,2,2,2]	[117306,117317,33,117317,117301,117317,117301,117321,33,117317,117311,117321]	[1619,1606]	[4,2]	3000	16030000
1342	1141004	2626001	1613	[3]	[102]	[3016057,3026057,3036057,3046057,3056013,3066013]	[1,2,1,2,1,2,1,2,1,2,1,2]	[33,114417,33,114417,32,114417,33,114417,33,114423,32,114423]	[1657,1613]	[4,2]	3000	
1343	1291003	2616001	1607	[3,3]	[501,502]	[3016009,3026011,3036009,3046011,3056007,3066007]	[1,2,1,2,1,2,1,2,1,2,1,2]	[33,129323,30,129323,32,129323,30,129323,30,129323,32,129323]	[1611,1609,1607]	[2,2,2]	4003	16350000
1344	1531005	2526001	1606	[3]	[102]	[3016049,3026049,3036049,3046049,3056006,3066006]	[1,2,1,2,1,2,1,2,1,2,1,2]	[33,153521,32,153521,33,153521,32,153521,33,153521,33,153521]	[1606,1649]	[2,4]	4003	16280000
1345	1211003	2466001	1615	[3]	[509]	[3016043,3026043,3036043,3046043,3056015,3066015]	[1,2,1,2,1,2,1,2,1,2,1,2]	[33,121317,30,121317,30,121317,30,121317,30,121317,33,121317]	[1643,1615]	[4,2]	4003	16230000
1346	1291003	2616001	1615	[3,3]	[501,502]	[3016056,3026056,3036015,3046056,3056056,3066015]	[1,2,1,2,1,2,1,2,1,2,1,2]	[32,129317,30,129317,33,129317,33,129317,32,129317,33,129317]	[1656,1615]	[4,2]	5000	16350000
1347	1521004	2416001	1615	[3,3]	[102,500]	[3016040,3026040,3036015,3046040,3056040,3066015]	[1,2,1,2,1,2,1,2,1,2,1,2]	[30,152417,33,152417,33,152417,32,152417,32,152417,30,152417]	[1640,1615]	[4,2]	5000	16200000
1348	1121003	2206001		[3]	[509]	[3016007,3026007,3036009,3046007,3056007,3066009]	[1,1,1,1,1,2,1,2,1,2,1,2]	[33,33,33,32,32,112323,30,112323,32,112321,32,112323]	[1607,1609]	[4,2]	5000	16080000
1349	1261003	2046003	1607	[3]	[501]	[3016036,3026007,3036036,3046036,3056007,3066036]	[1,2,1,2,1,2,1,2,1,2,1,2]	[30,126323,31,126323,31,126323,32,126323,33,126323,30,126323]	[1636,1607]	[4,2]	3000	16070000
1350	1531005	2526001	1606	[3]	[102]	[3016006,3026006,3036049,3046049,3056049,3066049]	[1,2,1,2,1,2,1,2,1,2,1,2]	[33,153521,32,153521,32,153521,33,153521,30,153521,33,153521]	[1649,1606]	[4,2]	3000	16280000
1351	1241003	2456001	1614	[3,3]	[102,507]	[3016014,3026014,3036042,3046042,3056042,3066042]	[1,2,1,2,1,2,1,2,1,2,1,2]	[33,124321,32,124321,33,124321,32,124321,32,124321,32,124321]	[1642,1614]	[4,2]	3000	16220000
1352	1391003	2636001	1611	[3,3,3]	[101,501,502]	[3016007,3026011,3036011,3046007,3056007,3066007]	[1,2,1,2,1,2,2,2,2,2,2,2]	[30,139323,30,139323,33,139323,139306,139323,139306,139323,139306,139323]	[1611,1607]	[2,4]	5000	16370000
1353	1321003	2506001	1647	[3,3,3]	[101,102,508]	[3016047,3026006,3036047,3046006,3056006,3066006]	[1,2,1,2,1,2,1,2,1,2,1,2]	[30,132323,30,132323,33,132323,33,132317,33,132323,30,132323]	[1606,1647]	[4,2]	5000	16260000
1354	1171004	2436001	1641	[3,3,3]	[101,102,500]	[3016041,3026006,3036006,3046041,3056006,3066006]	[1,2,1,2,1,2,1,2,1,2,1,2]	[32,117417,30,117417,30,117417,33,117417,33,117417,33,117417]	[1606,1641]	[4,2]	5000	16210000
1355	1061004	2646001	1606	[3,3,3]	[101,102,500]	[3016060,3026060,3036060,3046060,3056006,3066006]	[1,2,1,2,1,2,1,2,1,2,1,2]	[33,106423,33,106423,33,106423,33,106423,30,106423,30,106423]	[1606,1660]	[2,4]	5000	16380000
1356	1331003	2516001	1609	[3,3,3]	[102,501,502]	[3016011,3026011,3036007,3046007,3056007,3066007]	[1,2,1,2,1,2,1,2,1,2,1,2]	[33,133323,30,133323,32,133323,33,133323,32,133323,30,133323]	[1607,1611]	[4,2]	5000	16270000
1357	1071004	2286001	1607	[3,3,3]	[101,102,511]	[3016009,3026009,3036007,3046007,3056007,3066007]	[1,2,1,2,1,2,1,2,1,2,1,2]	[33,107423,33,107423,32,107423,30,107423,30,107423,30,107423]	[1609,1607]	[2,4]	5000	16110000
1358	1131004	2546001	1602	[3,3,3]	[102,501,502]	[3016006,3026006,3036006,3046002,3056006,3066002]	[1,2,1,2,1,2,1,2,1,2,1,2]	[32,113417,32,113417,30,113417,30,113417,32,113417,32,113417]	[1606,1602]	[4,2]	5000	16290000
1359	1011002	2016001	1632	[3,3,3]	[101,102,500]	[3016004,3026004,3036002,3046002,3056002,3066002]	[1,2,1,2,1,2,1,2,1,2,1,2]	[33,101221,32,101221,33,101221,32,101221,33,101221,32,101221]	[1602,1604]	[4,2]	5000	16130000
1360	1081004	2406001	1609	[3,3]	[506,508]	[3016006,3026006,3036038,3046038,3056038,3066038]	[2,2,2,2,2,2,2,2,2,2,2,2]	[108401,108417,108401,108417,108401,108417,108401,108417,108401,108417,108401,108417]	[1606,1638]	[2,4]	5000	16190000
1361	1021005	2346001	1606			[3016034,3026034,3036034,3046034,3056006,3066006]	[1,2,1,2,1,2,1,2,1,2,1,2]	[33,102517,33,102517,32,102517,32,102517,33,102517,32,102517]	[1634,1606]	[4,2]	4003	16260000
1362	1131004	2546001	1607			[3016051,3026051,3036051,3046007,3056051,3066007]	[1,2,1,2,1,2,1,2,1,2,2,2]	[33,113418,32,113417,33,113417,30,113417,30,113417,113406,113417]	[1651,1607]	[4,2]	4003	16210000
1363	1031005	2606001	1606	[3]	[500]	[3016013,3026013,3036013,3046013,3056006,3066006]	[1,2,1,2,1,1,1,2,1,2,1,2]	[31,103517,33,103517,33,33,33,103517,32,103521,31,103521]	[1613,1606]	[4,2]	4003	16340000
1364	1041005	2576001	1606	[3,3,3]	[101,102,500]	[3016052,3026006,3036052,3046052,3056006,3066052]	[1,2,1,2,1,2,1,2,1,2,1,2]	[30,104517,33,104517,33,104517,30,104517,30,104517,32,104517]	[1606,1652]	[2,4]	5000	16320000
1365	1321003	2506001	1607	[3,3,3]	[102,501,502]	[3016007,3026011,3036007,3046011,3056007,3066007]	[1,2,1,2,1,2,1,2,1,2,1,2]	[30,132323,32,132323,33,132323,33,132323,33,132323,33,132323]	[1611,1607]	[2,4]	5000	16070000
1366	1141004	2626001	1657	[3,3,3]	[101,500,511]	[3016057,3026013,3036057,3046013,3056013,3066013]	[1,2,1,2,1,2,1,2,1,2,1,2]	[30,114423,33,114423,33,114423,33,114423,32,114423,30,114423]	[1613,1657]	[4,2]	5000	16360000
1367	1051005	2496001	1603	[3]	[102]	[3016046,3026046,3036046,3046046,3056003,3066003]	[1,2,1,2,1,2,1,2,1,2,1,2]	[32,105517,30,105517,32,105517,32,105517,33,105517,30,105517]	[1646,1603]	[4,2]	3000	16250000
1368	1041003	2045001		[1,1,1]	[20,22,24]	[3016003,3026003,3036003,3046003,3056001,3066001]	[2,1,2,1,1,1,2,2,2,1,1,1]	[104316,33,104316,33,33,33,104316,104317,104316,33,32,33]	[1603,1601]	[4,2]	3000	16030000
1369	1321003	2506001	1609			[3016047,3026047,3036047,3046047,3056009,3066009]	[1,2,1,2,1,2,1,2,1,2,1,2]	[30,132317,32,132317,30,132317,33,132317,30,132317,30,132317]	[1647,1609]	[4,2]	3000	
1370	1381003	2596001	1610	[3,3]	[501,502]	[3016007,3026053,3036053,3046007,3056007,3066007]	[1,2,1,2,1,2,1,2,1,2,1,2]	[33,138323,32,138323,32,138323,33,138323,33,138323,30,138323]	[1607,1653]	[4,2]	3000	16070000
1371	1241003	2456001	1614	[3,3]	[102,507]	[3016042,3026042,3036042,3046042,3056014,3066014]	[1,2,1,2,1,2,1,2,1,2,1,2]	[32,124321,32,124321,32,124321,33,124321,32,124321,30,124321]	[1614,1642]	[2,4]	3000	16220000
1372	1141004	2626001	1606	[3,3]	[102,500]	[3016057,3026006,3036006,3046057,3056057,3066057]	[1,2,1,2,1,2,1,2,1,2,1,2]	[32,114417,33,114417,32,114417,30,114417,32,114417,33,114417]	[1606,1657]	[2,4]	3000	16360000
1373	1201003	2156001	1607	[3,3,3]	[102,506,507]	[3016008,3026008,3036007,3046008,3056008,3066007]	[1,2,2,2,1,1,2,2,2,2,1,2]	[33,120321,120316,120321,33,33,120301,120317,120316,120321,30,120317]	[1608,1607]	[4,2]	5000	16100000
1374	1261003	2046003	1610	[3]	[502]	[3016010,3026010,3036036,3046036,3056036,3066036]	[2,2,2,2,1,2,2,1,1,1,2,1]	[126316,126317,126316,126317,32,126318,126316,30,30,31,126311,33]	[1610,1636]	[2,4]	5000	16170000
1375	1531005	2526001	1614	[3,3]	[101,102]	[3016049,3026049,3036049,3046014,3056049,3066014]	[1,2,1,2,1,2,1,2,1,2,1,2]	[33,153521,33,153521,33,153521,33,153521,33,153521,33,153521]	[1649,1614]	[4,2]	5000	16280000
1376	1291003	2616001	1607	[3,3]	[501,502]	[3016009,3026011,3036009,3046011,3056007,3066007]	[1,2,1,2,1,2,1,2,1,2,1,2]	[33,129323,30,129323,32,129323,30,129323,30,129323,32,129323]	[1611,1609,1607]	[2,2,2]	4003	16350000
1377	1531005	2526001	1606	[3]	[102]	[3016049,3026049,3036049,3046049,3056006,3066006]	[1,2,1,2,1,2,1,2,1,2,1,2]	[33,153521,32,153521,33,153521,32,153521,33,153521,33,153521]	[1606,1649]	[2,4]	4003	16280000
1378	1211003	2466001	1615	[3]	[509]	[3016043,3026043,3036043,3046043,3056015,3066015]	[1,2,1,2,1,2,1,2,1,2,1,2]	[33,121317,30,121317,30,121317,30,121317,30,121317,33,121317]	[1643,1615]	[4,2]	4003	16230000
1379	1331003	2516001	1611	[3]	[102]	[3016011,3026007,3036011,3046007,3056007,3066007]	[1,2,1,2,1,2,1,2,1,2,1,2]	[32,133323,33,133323,32,133323,32,133323,30,133323,33,133323]	[1607,1611]	[4,2]	4003	16070000
1380	1061004	2646001	1604	[3]	[102]	[3016006,3026003,3036006,3046003,3056003,3066003]	[1,2,1,2,1,2,1,2,1,2,1,2]	[32,106417,33,106417,33,106417,30,106417,30,106417,32,106417]	[1606,1603]	[2,4]	4003	16380000
1381	1021006	2476001	1609	[3,3,3]	[101,102,500]	[3016044,3026044,3036044,3046006,3056044,3066006]	[1,2,1,2,1,2,1,2,1,2,1,2]	[33,102617,30,102617,30,102617,30,102617,30,102617,30,102617]	[1644,1606]	[4,2]	4003	16240000
1382	1211003	2466001	1615	[3]	[509]	[3016043,3026043,3036043,3046043,3056015,3066015]	[2,1,2,2,1,1,2,1,1,2,1,1]	[121316,31,121301,121321,33,30,121311,32,30,121318,33,32]	[1643,1615]	[4,2]	5000	16270000
1383	1021004	2026005	1612			[3016005,3026012,3036012,3046005,3056005,3066005]	[1,1,2,2,1,2,2,1,1,2,2,1]	[33,33,102401,102417,33,102421,102406,33,33,102421,102406,30]	[1605,1612]	[4,2]	5000	16050000
1384	1291003	2616001	1615			[3016056,3026056,3036056,3046056,3056015,3066015]	[2,1,2,1,2,2,2,1,2,1,2,2]	[129306,30,129301,33,129306,129317,129311,33,129316,30,129301,129317]	[1656,1615]	[4,2]	5000	16350000
1385	1351003	2556001	1606	[3]	[102]	[3016014,3026014,3036014,3046006,3056014,3066006]	[1,2,1,2,1,2,1,2,1,2,1,2]	[33,135317,33,135317,33,135317,33,135317,33,135317,32,135317]	[1606,1614]	[2,4]	4003	16120000
1386	1381003	2596001	1607	[3]	[501]	[3016010,3026053,3036010,3046007,3056053,3066007]	[1,2,1,2,1,2,1,2,1,2,1,2]	[33,138323,32,138323,33,138323,32,138323,32,138323,33,138323]	[1607,1610,1653]	[2,2,2]	4003	16070000
1387	1241003	2456001	1614	[3,3]	[102,507]	[3016042,3026042,3036042,3046042,3056014,3066014]	[1,2,1,2,1,2,1,2,1,2,1,2]	[30,124323,30,124323,33,124323,33,124323,33,124323,32,124323]	[1614,1642]	[2,4]	4003	16220000
1388	1351003	2556001	1606	[3,3,3]	[101,102,500]	[3016058,3026058,3036057,3046057,3056006,3066006]	[1,2,1,2,1,2,1,2,1,2,1,2]	[32,135317,30,135317,30,135317,30,135317,30,135317,30,135317]	[1606,1657,1658]	[2,2,2]	5000	16300000
1389	1241003	2456001	1614	[3,3,3]	[101,102,507]	[3016042,3026042,3036042,3046042,3056014,3066014]	[1,2,1,2,1,2,1,2,1,2,1,2]	[32,124323,33,124323,30,124323,32,124323,32,124323,30,124323]	[1614,1642]	[2,4]	5000	16220000
1390	1381003	2596001	1607	[3,3,3]	[101,501,502]	[3016007,3026007,3036053,3046010,3056010,3066053]	[1,2,1,2,1,2,1,2,1,2,1,2]	[30,138323,33,138323,30,138323,33,138323,30,138323,32,138323]	[1607,1653,1610]	[2,2,2]	5000	16070000
1391	1381003	2595001				[3016053,3026053,3036007,3046007,3056007,3066007]	[1,2,1,2,1,2,1,2,1,2,1,2]	[33,138323,33,138323,33,138323,33,138323,33,138323,33,138323]	[1653,1607]	[2,4]	4003	
1392	1041004	2306001	1608			[3016031,3026031,3036031,3046031,3056017,3066017]	[1,2,1,2,1,2,1,2,1,2,1,2]	[30,104417,33,104417,32,104417,33,104417,33,104417,32,104417]	[1631,1617]	[4,2]	4003	16120000
1393	1241003	2456001	1614	[3]	[507]	[3016014,3026014,3036042,3046042,3056042,3066042]	[1,2,1,2,1,2,1,2,1,2,1,2]	[33,124321,30,124321,32,124321,33,124321,30,124321,32,124321]	[1642,1614]	[4,2]	4003	16220000
1394	1331003	2516001	1611	[3,3,3]	[102,501,502]	[3016011,3025007,3035007,3046011,3056009,3066009]	[1,2,1,1,1,1,1,2,1,2,1,2]	[33,133323,29,29,29,29,30,133317,32,133323,32,133323]	[1507,1609,1611]	[2,2,2]	4003	16070000
1395	1061004	2646001	1604	[3,3]	[102,500]	[3016003,3026003,3036006,3046003,3056003,3066006]	[1,2,1,2,1,2,1,2,1,2,1,2]	[30,106417,33,106417,32,106417,32,106417,33,106417,33,106417]	[1606,1603]	[2,4]	4003	16380000
1396	1051005	2496001	1607	[3,3]	[101,510]	[3016007,3026007,3036046,3046046,3056046,3066046]	[1,2,1,2,1,2,1,2,1,2,1,2]	[30,105517,33,105517,33,105517,33,105517,32,105523,32,105523]	[1646,1607]	[4,2]	4003	16250000
1397	1261003	2046003	1607	[3,3,3]	[101,501,502]	[3016007,3026007,3036011,3046011,3056011,3066011]	[1,2,1,2,1,2,1,2,1,2,1,2]	[33,126323,30,126323,33,126323,32,126323,33,126323,32,126323]	[1607,1611]	[2,4]	5000	16140000
1398	1531005	2526001	1650	[3,3,3]	[101,102,500]	[3016049,3026049,3036049,3046050,3056050,3066049]	[1,2,1,2,1,2,1,2,1,2,1,2]	[33,153521,33,153521,33,153521,33,153521,33,153521,33,153521]	[1649,1650]	[4,2]	5000	16280000
1399	1211003	2466001	1615	[3,3,3]	[101,103,509]	[3016043,3026043,3036043,3046015,3056015,3066043]	[2,2,2,2,2,2,2,2,2,2,2,2]	[121301,121323,121301,121323,121301,121323,121301,121323,121301,121323,121301,121323]	[1615,1643]	[2,4]	5000	16230000
1400	1571003	2295001		[1,1,1]	[21,22,24]	[3016030,3026030,3036030,3046030,3056030,3066030]	[1,1,1,2,1,1,2,2,1,2,1,2]	[33,31,31,157321,31,31,157316,157323,32,157317,31,157321]	[1630]	[6]	5000	16070000
1401	1021005	2346001	1606	[3,3,3]	[101,103,500]	[3016034,3026034,3036034,3046034,3056006,3066006]	[1,2,1,2,1,2,1,2,1,2,1,2]	[32,102521,30,102523,33,102523,32,102517,33,102523,33,102517]	[1634,1606]	[4,2]	5000	16150000
1402	1031005	2606001	1606	[3,3,3]	[101,103,500]	[3016054,3026054,3036054,3046054,3056006,3066006]	[1,1,1,2,1,2,1,2,1,2,1,1]	[32,32,32,103518,33,103523,31,103521,33,103523,33,30]	[1606,1654]	[2,4]	5000	16340000
1403	1291003	2616001	1615	[3]	[502]	[3016015,3026015,3036056,3046056,3056056,3066056]	[1,2,1,2,1,2,1,2,1,2,1,2]	[33,129317,30,129317,33,129317,32,129317,33,129317,30,129317]	[1656,1615]	[4,2]	3000	16350000
1404	1521004	2416001	1604	[3,3]	[102,500]	[3016040,3026040,3036040,3046040,3056004,3066004]	[2,2,1,2,1,2,2,2,2,2,2,2]	[152406,152417,30,152417,30,152417,152401,152417,152416,152417,152416,152417]	[1640,1604]	[4,2]	3000	16200000
1405	1121003	2204001				[3016007,3026007,3036007,3046007,3056009,3066009]	[2,2,1,2,1,1,2,1,1,1,1,2]	[112311,112323,33,112318,31,33,112316,30,30,31,31,112321]	[1607,1609]	[4,2]	3000	
1406	1221002	2215001				[3016007,3026007,3036009,3046007,3056007,3066009]	[1,1,1,2,1,1,1,1,1,2,1,2]	[30,33,33,122223,33,32,33,30,33,122223,33,122223]	[1607,1609]	[4,2]	3000	
1407	1141004	2626001	1613	[3]	[102]	[3016057,3026057,3036013,3046057,3056057,3066013]	[1,2,1,2,1,2,2,2,2,2,1,2]	[30,114417,31,114417,32,114417,114411,114417,114416,114417,31,114417]	[1613,1657]	[2,4]	3000	16360000
1408	1331003	2516001	1606	[3]	[102]	[3016048,3026048,3036048,3046048,3056011,3066011]	[2,2,2,2,2,2,2,2,2,2,2,2]	[133301,133317,133301,133317,133301,133317,133301,133317,133301,133317,133301,133317]	[1648,1611]	[4,2]	3000	16270000
1409	1171004	2436001	1641	[3,3,3]	[101,102,500]	[3016041,3026006,3036006,3046041,3056006,3066006]	[1,2,1,2,1,2,1,2,1,2,1,2]	[32,117417,30,117417,30,117417,33,117417,33,117417,33,117417]	[1606,1641]	[4,2]	5000	16210000
1410	1321003	2506001	1647	[3,3,3]	[101,102,508]	[3016047,3026006,3036047,3046006,3056006,3066006]	[1,2,1,2,1,2,1,2,1,2,1,2]	[30,132323,30,132323,33,132323,33,132317,33,132323,30,132323]	[1606,1647]	[4,2]	5000	16260000
1411	1391003	2636001	1611	[3,3,3]	[101,501,502]	[3016007,3026011,3036011,3046007,3056007,3066007]	[1,2,1,2,1,2,2,2,2,2,2,2]	[30,139323,30,139323,33,139323,139306,139323,139306,139323,139306,139323]	[1611,1607]	[2,4]	5000	16370000
1412	1291003	2616001	1615	[3]	[101]	[3016056,3026056,3036056,3046056,3056015,3066015]	[1,2,1,2,1,2,1,2,1,2,1,2]	[30,129317,33,129317,33,129317,30,129317,30,129317,32,129317]	[1656,1615]	[4,2]	3000	16350000
1413	1211003	2466001	1615			[3016015,3026043,3036043,3046015,3056043,3066043]	[2,2,1,2,2,2,1,2,1,2,1,2]	[121316,121317,30,121317,121306,121317,30,121317,32,121317,33,121317]	[1643,1615]	[4,2]	3000	16230000
1414	1021004	2026005	1615	[3]	[500]	[3016005,3026005,3036005,3046005,3056004,3066004]	[1,2,1,2,1,2,1,2,1,2,1,2]	[32,102417,30,102417,33,102417,32,102417,32,102417,33,102417]	[1605,1604]	[4,2]	3000	16230000
1415	1131003	2236001		[3,3]	[506,510]	[3016022,3026022,3036009,3046022,3056022,3066009]	[1,2,1,2,1,2,1,2,1,2,1,2]	[30,113323,30,113323,30,113323,30,113323,32,113323,32,113323]	[1622,1609]	[4,2]	5000	16070000
1416	1221003	2366001	1611	[3,3]	[501,502]	[3016007,3026007,3036011,3046007,3056007,3066011]	[1,2,1,2,1,2,1,2,1,2,1,2]	[30,122323,33,122323,33,122323,33,122323,33,122323,33,122323]	[1611,1607]	[2,4]	5000	16160000
1417	1031005	2606001	1603	[3]	[500]	[3016006,3026006,3036003,3046006,3056006,3066003]	[1,2,1,2,1,2,1,2,1,2,1,2]	[30,103517,30,103517,33,103517,30,103517,30,103517,30,103517]	[1606,1603]	[4,2]	5000	16340000
1418	1141003	2116001	1607			[3016007,3026007,3036007,3046008,3056007,3066008]	[1,2,1,2,1,2,1,1,1,2,1,2]	[33,114323,33,114323,33,114323,30,30,33,114323,33,114323]	[1608,1607]	[2,4]	3000	16090000
1419	1261003	2046003	1610			[3016036,3026036,3036036,3046036,3056010,3066010]	[1,2,1,2,1,2,1,2,1,2,1,2]	[33,126323,33,126323,31,126318,30,126323,33,126323,33,126323]	[1636,1610]	[4,2]	3000	
1420	1241003	2456001	1614	[3]	[507]	[3016042,3026042,3036042,3046042,3056014,3066014]	[1,1,1,1,1,2,1,2,1,2,1,2]	[33,30,32,32,32,124321,32,124321,33,124321,32,124323]	[1642,1614]	[4,2]	3000	16220000
1421	1041005	2576001	1606	[3,3,3]	[101,102,500]	[3016052,3026006,3036052,3046052,3056006,3066052]	[1,2,1,2,1,2,1,2,1,2,1,2]	[30,104517,33,104517,33,104517,30,104517,30,104517,32,104517]	[1606,1652]	[2,4]	5000	16320000
1422	1321003	2506001	1607	[3,3,3]	[102,501,502]	[3016007,3026011,3036007,3046011,3056007,3066007]	[1,2,1,2,1,2,1,2,1,2,1,2]	[30,132323,32,132323,33,132323,33,132323,33,132323,33,132323]	[1611,1607]	[2,4]	5000	16070000
1423	1141004	2626001	1657	[3,3,3]	[101,500,511]	[3016057,3026013,3036057,3046013,3056013,3066013]	[1,2,1,2,1,2,1,2,1,2,1,2]	[30,114423,33,114423,33,114423,33,114423,32,114423,30,114423]	[1613,1657]	[4,2]	5000	16360000
1424	1331003	2516001	1611			[3016048,3026048,3036048,3046048,3056009,3066009]	[1,2,1,1,1,1,1,2,1,1,1,2]	[33,133317,31,31,33,30,31,133317,32,30,33,133323]	[1648,1609]	[4,2]	3000	16270000
1425	1341002	2534001				[3016007,3026007,3036007,3046007,3055005,3065005]	[1,2,1,2,1,2,1,2,1,1,1,1]	[33,132221,33,132221,33,132221,33,132221,29,29,29,29]			3000	
1426	1141004	2626001	1613	[3]	[102]	[3016057,3026057,3036057,3046057,3056013,3066013]	[1,2,1,2,1,2,1,2,1,2,1,2]	[33,114417,33,114417,33,114417,33,114417,33,114417,33,114417]	[1657,1613]	[4,2]	3000	16360000
1427	1241003	2456001	1614	[3]	[507]	[3016042,3026042,3036042,3046042,3056014,3066014]	[1,2,1,2,1,2,1,2,1,2,1,2]	[33,124321,32,124321,30,124321,30,124321,30,124321,32,124321]	[1642,1614]	[4,2]	3000	16220000
1428	1381003	2596001	1610			[3016053,3026053,3036007,3046007,3056007,3066007]	[1,2,1,2,1,2,1,1,1,1,1,1]	[33,138323,30,138323,32,138321,30,30,32,33,30,32]	[1607,1653]	[4,2]	3000	16330000
1429	1041004	2306001	1608	[3]	[500]	[3016006,3026006,3036031,3046031,3056031,3066031]	[1,2,1,2,1,2,1,2,2,2,2,1]	[33,104417,32,104417,33,104417,33,104417,104416,104417,104411,31]	[1631,1606]	[4,2]	3000	16120000
1430	1381003	2596001	1610	[3,3]	[501,502]	[3016007,3026053,3036053,3046007,3056007,3066007]	[1,2,1,2,1,2,1,2,1,2,1,2]	[33,138323,32,138323,32,138323,33,138323,33,138323,30,138323]	[1607,1653]	[4,2]	3000	16070000
1431	1241003	2456001	1614	[3,3]	[102,507]	[3016042,3026042,3036042,3046042,3056014,3066014]	[1,2,1,2,1,2,1,2,1,2,1,2]	[32,124321,32,124321,32,124321,33,124321,32,124321,30,124321]	[1614,1642]	[2,4]	3000	16220000
1432	1141004	2626001	1606	[3,3]	[102,500]	[3016057,3026006,3036006,3046057,3056057,3066057]	[1,2,1,2,1,2,1,2,1,2,1,2]	[32,114417,33,114417,32,114417,30,114417,32,114417,33,114417]	[1606,1657]	[2,4]	3000	16360000
1433	1171004	2436001	1641	[3,3,3]	[101,102,500]	[3016041,3026006,3036006,3046041,3056006,3066006]	[1,2,1,2,1,2,1,2,1,2,1,2]	[32,117417,30,117417,30,117417,33,117417,33,117417,33,117417]	[1606,1641]	[4,2]	5000	16210000
1434	1321003	2506001	1647	[3,3,3]	[101,102,508]	[3016047,3026006,3036047,3046006,3056006,3066006]	[1,2,1,2,1,2,1,2,1,2,1,2]	[30,132323,30,132323,33,132323,33,132317,33,132323,30,132323]	[1606,1647]	[4,2]	5000	16260000
1435	1391003	2636001	1611	[3,3,3]	[101,501,502]	[3016007,3026011,3036011,3046007,3056007,3066007]	[1,2,1,2,1,2,2,2,2,2,2,2]	[30,139323,30,139323,33,139323,139306,139323,139306,139323,139306,139323]	[1611,1607]	[2,4]	5000	16370000
1436	1131004	2546001	1611	[3,3,3]	[102,501,502]	[3016051,3026051,3036051,3046051,3056006,3066006]	[1,2,1,2,1,2,1,2,1,2,1,2]	[32,113417,32,113417,30,113417,32,113417,32,113417,32,113417]	[1651,1606]	[4,2]	3000	16070000
1437	1031005	2606001	1606	[3,3]	[101,500]	[3016013,3026013,3036013,3046013,3056006,3066006]	[1,2,1,2,2,2,1,2,2,2,1,2]	[32,103521,32,103521,103516,103521,33,103521,103516,103521,33,103521]	[1606,1613]	[2,4]	3000	16340000
1438	1081004	2406001	1607	[3,3,3]	[103,506,508]	[3016038,3026038,3036038,3046038,3056007,3066007]	[2,2,1,2,2,2,2,2,2,2,2,2]	[108401,108423,32,108423,108401,108423,108401,108423,108401,108423,108401,108423]	[1607,1638]	[2,4]	3000	16010000
1439	1261003	2046003	1607	[3,3,3]	[101,501,502]	[3016007,3026007,3036011,3046011,3056011,3066011]	[1,2,1,2,1,2,1,2,1,2,1,2]	[33,126323,30,126323,33,126323,32,126323,33,126323,32,126323]	[1607,1611]	[2,4]	5000	16140000
1440	1531005	2526001	1650	[3,3,3]	[101,102,500]	[3016049,3026049,3036049,3046050,3056050,3066049]	[1,2,1,2,1,2,1,2,1,2,1,2]	[33,153521,33,153521,33,153521,33,153521,33,153521,33,153521]	[1649,1650]	[4,2]	5000	16280000
1441	1211003	2466001	1615	[3,3,3]	[101,103,509]	[3016043,3026043,3036043,3046015,3056015,3066043]	[2,2,2,2,2,2,2,2,2,2,2,2]	[121301,121323,121301,121323,121301,121323,121301,121323,121301,121323,121301,121323]	[1615,1643]	[2,4]	5000	16230000
1442	1021006	2476001	1606	[3]	[102]	[3016006,3026006,3036044,3046044,3056044,3066044]	[1,2,1,2,1,2,1,2,1,2,2,2]	[33,102617,33,102617,30,102617,33,102617,32,102617,102616,102617]	[1644,1606]	[4,2]	4003	16240000
1443	1071004	2285001				[3016009,3026009,3036029,3046029,3056029,3066029]	[1,2,1,2,1,2,1,2,1,2,1,2]	[32,107423,32,107423,30,107423,32,107423,30,107423,32,107423]	[1629,1609]	[4,2]	4003	16110000
1444	1331003	2516001	1611	[3,3,3]	[102,501,502]	[3016006,3026006,3036048,3046048,3056048,3066048]	[1,2,1,2,1,2,2,2,2,2,1,2]	[32,133317,32,133323,30,133317,133301,133323,133301,133323,32,133317]	[1648,1606]	[4,2]	4003	16270000
1445	1291003	2616001	1615			[3016056,3026056,3036056,3046056,3056015,3066015]	[1,1,1,1,1,2,1,2,1,1,1,2]	[33,33,30,30,32,129317,33,129317,33,33,32,129317]	[1656,1615]	[4,2]	3000	16350000
1446	1331003	2516001	1609	[3,3]	[501,502]	[3016011,3026007,3036007,3046011,3056007,3066007]	[1,2,1,2,2,2,2,2,1,2,2,2]	[33,133323,32,133323,133301,133323,133301,133323,32,133323,133301,133323]	[1611,1607]	[2,4]	3000	16070000
1447	1211003	2466001	1615	[3]	[509]	[3016043,3026043,3036043,3046043,3056015,3066015]	[1,2,1,2,1,2,1,2,1,2,1,2]	[30,121317,30,121317,30,121317,33,121317,33,121317,30,121317]	[1643,1615]	[4,2]	3000	16230000
1448	1291003	2616001	1656	[3,3,3]	[103,501,502]	[3016056,3026015,3036015,3046056,3056015,3066015]	[1,2,1,2,1,2,1,2,1,2,1,2]	[30,129317,32,129317,30,129317,30,129317,30,129317,30,129317]	[1615,1656]	[4,2]	5000	16350000
1449	1141004	2626001	1609	[3,3,3]	[101,506,511]	[3015005,3026007,3035005,3046007,3056007,3066007]	[1,1,1,2,1,1,1,2,1,2,1,2]	[29,29,33,114417,29,29,30,114423,32,114423,32,114423]	[1505,1607]	[2,4]	5000	16360000
1450	1211003	2466001	1615	[3,3,3]	[101,102,103]	[3016015,3026015,3036043,3046043,3056043,3066043]	[1,2,1,2,1,2,1,2,1,2,1,2]	[30,121317,32,121317,30,121317,30,121317,30,121317,30,121317]	[1643,1615]	[4,2]	5000	16230000
1451	1141003	2116001	1608			[3016008,3026017,3036008,3046017,3056017,3066017]	[2,2,1,1,2,1,1,1,1,2,2,2]	[114311,114318,30,33,114301,33,31,31,30,114321,114316,114321]	[1617,1608]	[4,2]	5000	16040000
1452	1081002	2086001	1601	[3,3,3]	[101,102,500]	[3016004,3026004,3036014,3046014,3056014,3066014]	[1,2,1,2,1,2,1,2,1,2,1,2]	[33,108221,33,108221,33,108221,33,108221,33,108221,33,108221]	[1604,1614]	[2,4]	5000	16020000
1453	1261003	2046003	1610			[3016036,3026036,3036036,3046036,3056010,3066010]	[1,2,1,2,1,1,2,1,2,2,1,2]	[31,126321,30,126321,32,32,126301,30,126316,126321,32,126321]	[1636,1610]	[4,2]	5000	16170000
1454	1031002	2035001				[3016011,3026007,3036007,3046011,3056007,3066007]	[1,1,1,1,1,1,1,1,1,1,1,1]	[33,30,33,30,33,30,33,30,33,30,33,30]	[1611,1607]	[2,4]	3000	
1455	1031005	2606001	1603	[3]	[102]	[3016006,3026003,3036003,3046006,3056006,3066006]	[1,2,2,2,1,1,2,1,2,1,2,2]	[32,103523,103516,103521,33,33,103501,32,103501,33,103506,103523]	[1606,1603]	[4,2]	3000	16340000
1456	1051005	2495001				[3016046,3026046,3036046,3046046,3056009,3066009]	[2,2,1,2,2,1,1,1,1,1,2,2]	[105511,105523,31,105521,105506,30,30,33,33,33,105501,105523]	[1609,1646]	[2,4]	3000	16070000
1457	1291003	2616001	1656	[3,3,3]	[103,501,502]	[3016056,3026015,3036015,3046056,3056015,3066015]	[1,2,1,2,1,2,1,2,1,2,1,2]	[30,129317,32,129317,30,129317,30,129317,30,129317,30,129317]	[1615,1656]	[4,2]	5000	16350000
1458	1141004	2626001	1609	[3,3,3]	[101,506,511]	[3015005,3026007,3035005,3046007,3056007,3066007]	[1,1,1,2,1,1,1,2,1,2,1,2]	[29,29,33,114417,29,29,30,114423,32,114423,32,114423]	[1505,1607]	[2,4]	5000	16360000
1459	1211003	2466001	1615	[3,3,3]	[101,102,103]	[3016015,3026015,3036043,3046043,3056043,3066043]	[1,2,1,2,1,2,1,2,1,2,1,2]	[30,121317,32,121317,30,121317,30,121317,30,121317,30,121317]	[1643,1615]	[4,2]	5000	16230000
1460	1241003	2456001	1642			[3016014,3026014,3036014,3046014,3056042,3066042]	[1,2,1,2,1,2,1,2,1,2,1,2]	[33,124321,33,124321,33,124321,30,124321,32,124321,32,124321]	[1614,1642]	[4,2]	5000	
1461	1261003	2046003	1607	[3,3,3]	[102,501,502]	[3016036,3026036,3036036,3046036,3056007,3066007]	[1,2,1,2,1,2,1,2,1,2,1,2]	[32,126317,33,126317,33,126317,33,126317,33,126317,33,126317]	[1607,1636]	[2,4]	5000	16170000
1462	1521003	2136001	1616	[3,3,3]	[301,302,303]	[3016018,3026018,3036018,3046018,3056018,3066018]	[1,1,1,1,1,1,1,1,1,1,1,1]	[33,33,33,33,33,33,33,33,33,33,33,33]	[1618]	[6]	5000	
1463	1051005	2496001	1609	[3,3,3]	[101,102,510]	[3016006,3026046,3036006,3046046,3056046,3066046]	[1,2,1,2,1,2,1,2,1,2,1,2]	[32,105517,32,105523,33,105523,30,105523,33,105523,33,105517]	[1606,1646]	[2,4]	5000	16250000
1464	1381003	2596001	1611	[3,3,3]	[103,501,502]	[3016011,3026007,3036011,3046007,3056007,3066007]	[1,2,1,2,1,2,1,2,1,2,1,2]	[33,138323,32,138323,30,138323,30,138323,32,138323,33,138323]	[1607,1611]	[4,2]	5000	16330000
1465	1021007	2656001	1602	[3,3,3]	[101,102,500]	[3016002,3026061,3036002,3046061,3056061,3066061]	[1,2,1,2,1,2,1,2,1,2,1,2]	[30,102717,32,102717,33,102717,33,102717,30,102717,30,102717]	[1602,1661]	[2,4]	5000	16390000
1466	1141004	2626001	1658	[3,3,3]	[101,103,500]	[3016004,3026004,3036057,3046057,3056057,3066057]	[1,2,1,2,1,2,1,2,1,2,1,2]	[33,114417,33,114417,32,114417,33,114417,33,114417,30,114417]	[1604,1657]	[2,4]	5000	16360000
1467	1381003	2596001	1607	[3,3,3]	[101,501,502]	[3016010,3026010,3036007,3046007,3056053,3066053]	[1,2,1,2,1,2,1,2,1,2,1,2]	[33,138323,33,138323,32,138323,33,138323,30,138323,33,138323]	[1610,1607,1653]	[2,2,2]	5000	16070000
1468	1241003	2456001	1614	[3,3,3]	[101,103,507]	[3016042,3026042,3036042,3046042,3056014,3066014]	[1,2,1,2,1,2,1,2,1,2,1,2]	[33,124323,33,124323,33,124323,33,124323,33,124323,33,124323]	[1614,1642]	[2,4]	5000	16220000
1469	1321003	2505001		[1,1,1]	[20,22,25]	[3016047,3026047,3036047,3046047,3056006,3066006]	[1,1,1,2,1,1,1,1,2,2,1,1]	[33,33,33,132321,32,31,33,32,132306,132323,31,30]	[1647,1606]	[4,2]	3000	16010000
1470	1061004	2646001	1604			[3016002,3026002,3036002,3046002,3056006,3066006]	[2,2,2,2,1,1,1,1,1,2,1,2]	[106401,106423,106406,106417,33,33,33,33,30,106417,32,106417]	[1602,1606]	[4,2]	3000	16380000
1471	1071002	2073001				[3016005,3026005,3036005,3046005,3056004,3066004]	[1,1,1,1,1,1,1,1,1,1,1,1]	[33,33,33,33,33,33,33,33,33,33,33,33]			3000	
1472	1061004	2646001	1660	[3]	[102]	[3016060,3026060,3036002,3046002,3056002,3066002]	[1,2,1,2,1,2,1,2,1,2,1,2]	[30,106417,33,106417,30,106417,33,106417,30,106417,32,106417]	[1602,1660]	[4,2]	3000	16380000
1473	1301002	2444001				[3016007,3026007,3036007,3046007,3056009,3066009]	[1,2,1,2,1,2,1,2,1,2,1,2]	[30,130223,33,130223,33,130223,33,130223,33,130223,33,130223]	[1609,1607]	[2,4]	3000	
1474	1131004	2546001	1611	[3]	[502]	[3016011,3025005,3035005,3046011,3055007,3065007]	[1,2,1,1,1,1,1,2,1,1,1,1]	[33,113423,29,29,29,29,33,113423,29,29,29,29]	[1611,1507,1505]	[2,2,2]	3000	16070000
1475	1021007	2656001	1602	[3,3,3]	[101,102,500]	[3016002,3026061,3036002,3046061,3056061,3066061]	[1,2,1,2,1,2,1,2,1,2,1,2]	[30,102717,32,102717,33,102717,33,102717,30,102717,30,102717]	[1602,1661]	[2,4]	5000	16390000
1476	1381003	2596001	1611	[3,3,3]	[103,501,502]	[3016011,3026007,3036011,3046007,3056007,3066007]	[1,2,1,2,1,2,1,2,1,2,1,2]	[33,138323,32,138323,30,138323,30,138323,32,138323,33,138323]	[1607,1611]	[4,2]	5000	16330000
1477	1051005	2496001	1609	[3,3,3]	[101,102,510]	[3016006,3026046,3036006,3046046,3056046,3066046]	[1,2,1,2,1,2,1,2,1,2,1,2]	[32,105517,32,105523,33,105523,30,105523,33,105523,33,105517]	[1606,1646]	[2,4]	5000	16250000
1478	1521004	2416001	1615	[3,3]	[101,500]	[3016040,3026040,3036015,3046040,3056040,3066015]	[1,2,1,2,1,2,1,2,1,2,1,2]	[33,152417,32,152417,30,152417,33,152417,32,152417,32,152417]	[1640,1615]	[4,2]	4003	16200000
1479	1211003	2466001	1640	[3,3]	[506,509]	[3016043,3026043,3036043,3046009,3056043,3066009]	[1,1,1,1,1,2,1,1,1,2,1,1]	[33,32,33,32,33,121317,30,32,33,121321,33,33]	[1643,1609]	[4,2]	4003	16230000
1480	1291003	2616001	1607	[3]	[502]	[3016056,3026056,3036011,3046056,3056056,3066011]	[1,2,1,2,1,2,1,2,1,2,1,2]	[30,129317,33,129317,30,129317,33,129317,33,129317,30,129317]	[1656,1611]	[4,2]	4003	16350000
1481	1031005	2606001	1603	[3]	[500]	[3016006,3026006,3036006,3046006,3056003,3066003]	[1,2,1,2,1,2,1,2,1,2,1,2]	[33,103521,30,103521,32,103521,32,103521,30,103521,30,103521]	[1606,1603]	[4,2]	4003	16340000
1482	1051005	2496001	1609	[3,3]	[103,510]	[3016046,3026046,3036046,3046046,3056006,3066006]	[1,2,1,2,1,2,1,2,1,2,1,2]	[33,105523,32,105523,32,105523,32,105523,30,105517,33,105517]	[1646,1606]	[4,2]	4003	16250000
1483	1321003	2506001	1611	[3,3]	[501,502]	[3016011,3026007,3036007,3046007,3056011,3066007]	[1,2,1,2,1,2,1,2,1,2,1,2]	[33,132323,33,132323,33,132323,33,132323,33,132323,33,132323]	[1611,1607]	[2,4]	4003	16070000
1484	1291003	2616001	1615	[3,3,3]	[101,501,502]	[3016056,3026056,3036056,3046056,3056015,3066015]	[1,2,1,2,1,2,1,2,1,2,1,2]	[30,129317,30,129317,30,129317,30,129317,30,129317,30,129317]	[1656,1615]	[4,2]	5000	16350000
1485	1161002	2146001	1643	[3,3,3]	[101,506,509]	[3016015,3026009,3036009,3046015,3056015,3066015]	[1,2,1,2,1,2,1,2,1,2,1,2]	[33,116223,33,116223,33,116223,33,116223,33,116223,33,116223]	[1615,1609]	[4,2]	5000	16050000
1486	1211003	2466001	1643	[3,3,3]	[101,103,509]	[3016015,3026043,3036043,3046015,3056015,3066015]	[1,2,1,2,1,2,1,2,1,2,1,2]	[30,121317,30,121317,30,121317,30,121317,30,121317,30,121317]	[1643,1615]	[2,4]	5000	16230000
1487	1081004	2406001	1606	[3,3,3]	[102,103,508]	[3016038,3026038,3036038,3046038,3056006,3066006]	[1,1,2,1,2,2,2,2,2,2,2,1]	[31,32,108401,32,108401,108417,108401,108417,108401,108423,108401,30]	[1638,1606]	[4,2]	3000	16190000
1488	1021005	2346001	1606	[3,3,3]	[101,102,500]	[3016034,3026034,3036034,3046034,3056006,3066006]	[2,1,2,2,2,1,2,2,2,2,1,2]	[102511,32,102511,102517,102511,32,102516,102517,102516,102521,33,102521]	[1606,1634]	[2,4]	3000	16150000
1489	1141004	2626001	1613	[3]	[102]	[3016057,3026057,3036057,3046057,3056013,3066013]	[2,2,2,2,2,2,1,2,1,2,1,2]	[114411,114417,114411,114417,114411,114417,33,114417,33,114417,33,114417]	[1657,1613]	[4,2]	3000	
1490	1121002	2093001				[3016007,3026007,3035004,3045004,3056007,3066007]	[1,1,1,1,1,1,1,1,1,1,1,1]	[33,33,33,33,29,29,29,29,33,33,33,33]	[1504,1607]	[2,4]	3000	
1491	1221003	2366001				[3016009,3026009,3036007,3046007,3056011,3066011]	[1,2,1,2,1,2,1,2,1,2,1,2]	[33,122323,33,122323,33,122323,33,122323,33,122323,33,122323]	[1609,1607,1611]	[2,2,2]	3000	
1492	1031005	2606001	1606	[3]	[102]	[3016003,3026003,3036003,3046003,3056006,3066006]	[1,2,1,2,1,2,1,2,1,2,1,2]	[33,103521,33,103521,33,103521,33,103521,33,103521,33,103521]	[1603,1606]	[4,2]	3000	16340000
1493	1141004	2626001	1657	[3,3]	[103,500]	[3016057,3026057,3036013,3046013,3056013,3066013]	[1,2,1,2,1,2,1,2,1,2,1,2]	[33,114417,33,114417,30,114423,32,114423,30,114423,32,114423]	[1657,1613]	[2,4]	5000	16360000
1494	1171003	2176001	1609	[3,3,3]	[102,103,500]	[3016007,3025007,3036007,3046007,3055007,3066007]	[1,2,1,1,1,2,1,2,1,1,1,2]	[33,117321,29,29,30,117321,32,117321,29,29,33,117321]	[1507,1607]	[2,4]	5000	16020000
1495	1331003	2516001	1606	[3,3,3]	[102,501,502]	[3016048,3026048,3036048,3046048,3056006,3066006]	[1,2,1,2,1,2,1,2,1,2,1,2]	[32,133323,30,133323,30,133323,30,133323,30,133323,30,133323]	[1648,1606]	[4,2]	5000	16270000
1496	1291003	2616001	1615			[3016056,3026056,3036056,3046056,3056015,3066015]	[1,1,1,1,1,2,1,2,1,1,1,2]	[33,33,30,30,32,129317,33,129317,33,33,32,129317]	[1656,1615]	[4,2]	3000	16350000
1497	1331003	2516001	1609	[3,3]	[501,502]	[3016011,3026007,3036007,3046011,3056007,3066007]	[1,2,1,2,2,2,2,2,1,2,2,2]	[33,133323,32,133323,133301,133323,133301,133323,32,133323,133301,133323]	[1611,1607]	[2,4]	3000	16070000
1498	1211003	2466001	1615	[3]	[509]	[3016043,3026043,3036043,3046043,3056015,3066015]	[1,2,1,2,1,2,1,2,1,2,1,2]	[30,121317,30,121317,30,121317,33,121317,33,121317,30,121317]	[1643,1615]	[4,2]	3000	16230000
1499	1041004	2306001	1614	[3]	[102]	[3016031,3026031,3036031,3046031,3056014,3066014]	[1,2,1,2,1,2,1,2,1,2,1,2]	[30,104417,32,104417,32,104417,32,104417,33,104417,30,104417]	[1614,1631]	[2,4]	3000	16010000
1500	1381003	2596001	1610			[3016007,3026007,3036007,3046053,3056053,3066007]	[1,2,1,2,1,2,1,2,1,2,1,2]	[32,138323,30,138323,30,138323,33,138323,32,138323,32,138323]	[1607,1653]	[4,2]	3000	16070000
1501	1241003	2456001	1614	[3]	[102]	[3016014,3026014,3036042,3046042,3056042,3066042]	[1,2,1,2,1,2,1,2,1,2,1,2]	[30,124321,30,124321,30,124321,33,124321,33,124321,30,124321]	[1614,1642]	[2,4]	3000	16030000
1502	1331003	2516001		[3,3,3]	[101,501,502]	[3016048,3026048,3036048,3046048,3056006,3066006]	[1,2,1,2,1,2,1,2,1,2,1,2]	[31,133317,31,133317,32,133317,32,133317,31,133317,30,133317]	[1648,1606]	[4,2]	3000	16270000
1503	1071004	2286001	1607			[3016013,3026013,3036007,3046007,3056013,3066013]	[1,1,1,2,1,2,1,1,2,2,2,2]	[33,31,31,107417,33,107418,32,33,107406,107418,107416,107418]	[1607,1613]	[2,4]	3000	16110000
1504	1141004	2626001	1606	[3,3,3]	[101,102,500]	[3016057,3026057,3036057,3046057,3056006,3066006]	[1,2,1,2,1,2,1,2,1,2,1,2]	[32,114417,32,114417,33,114417,32,114417,32,114417,30,114417]	[1657,1606]	[4,2]	3000	16360000
1505	1141004	2626001	1658	[3,3,3]	[101,103,500]	[3016004,3026004,3036057,3046057,3056057,3066057]	[1,2,1,2,1,2,1,2,1,2,1,2]	[33,114417,33,114417,32,114417,33,114417,33,114417,30,114417]	[1604,1657]	[2,4]	5000	16360000
1506	1381003	2596001	1607	[3,3,3]	[101,501,502]	[3016010,3026010,3036007,3046007,3056053,3066053]	[1,2,1,2,1,2,1,2,1,2,1,2]	[33,138323,33,138323,32,138323,33,138323,30,138323,33,138323]	[1610,1607,1653]	[2,2,2]	5000	16070000
1507	1241003	2456001	1614	[3,3,3]	[101,103,507]	[3016042,3026042,3036042,3046042,3056014,3066014]	[1,2,1,2,1,2,1,2,1,2,1,2]	[33,124323,33,124323,33,124323,33,124323,33,124323,33,124323]	[1614,1642]	[2,4]	5000	16220000
1508	1021005	2344001				[3016009,3025005,3035005,3046009,3055005,3065005]	[1,2,1,1,1,1,1,2,1,1,1,1]	[30,102518,29,29,29,29,33,102517,29,29,29,29]	[1505,1609]	[2,2]	3000	16070000
1509	1321003	2506001	1609	[3,3]	[501,502]	[3016011,3026007,3036007,3046011,3056007,3066007]	[1,2,1,2,1,2,1,2,1,2,1,2]	[33,132317,33,132317,33,132317,33,132317,33,132317,33,132317]	[1611,1607]	[2,4]	3000	
1510	1051005	2496001	1603	[3,3]	[102,510]	[3016003,3026003,3036046,3046046,3056046,3066046]	[1,2,1,2,1,2,1,2,1,2,1,2]	[30,105517,30,105517,33,105517,30,105517,30,105517,30,105517]	[1646,1603]	[4,2]	3000	16250000
1511	1331003	2516001	1611			[3016007,3026007,3036007,3046007,3056011,3066011]	[1,2,1,2,1,2,1,2,1,2,1,2]	[30,133323,33,133323,33,133323,33,133323,32,133323,33,133323]	[1607,1611]	[4,2]	3000	16270000
1512	1021006	2476001	1645	[3,3,3]	[102,103,500]	[3016044,3026044,3036044,3046044,3056006,3066006]	[1,2,1,2,1,2,1,2,1,2,1,2]	[30,102617,32,102617,30,102617,32,102617,32,102617,32,102617]	[1644,1606]	[4,2]	3000	16240000
1513	1061004	2646001	1603	[3,3,3]	[102,500,511]	[3016006,3026006,3036003,3046003,3056006,3066006]	[1,2,1,2,1,2,1,2,1,2,1,2]	[33,106417,33,106417,32,106417,30,106417,32,106417,33,106417]	[1603,1606]	[2,4]	3000	16380000
1514	1141004	2626001	1613	[3]	[511]	[3016013,3026013,3036057,3046057,3056057,3066057]	[1,2,1,2,1,2,1,2,1,2,1,2]	[32,114423,32,114423,33,114423,32,114423,33,114423,32,114423]	[1657,1613]	[4,2]	5000	16360000
1515	1081003	2085001		[1,1,1]	[21,22,25]	[3016004,3026004,3036013,3046013,3056013,3066013]	[2,1,2,2,2,1,2,2,1,1,2,1]	[108306,31,108316,108321,108311,31,108311,108321,33,31,108301,30]	[1613,1604]	[4,2]	5000	16180000
1516	1331003	2516001	1607	[3,3,3]	[102,501,502]	[3016011,3026011,3036007,3046007,3056007,3066007]	[2,2,1,2,2,2,1,2,1,2,1,2]	[133316,133323,30,133323,133316,133323,33,133323,32,133323,32,133323]	[1611,1607]	[2,4]	5000	16070000
1517	1291003	2616001	1615			[3016056,3026056,3036056,3046015,3056015,3066056]	[1,2,1,2,1,2,1,2,1,2,1,2]	[30,129317,30,129317,32,129317,33,129317,32,129317,30,129317]	[1656,1615]	[4,2]	3000	16350000
1518	1211003	2465001				[3016009,3026009,3036043,3046043,3056043,3066043]	[1,2,1,2,1,2,1,2,1,2,1,2]	[33,121317,33,121317,33,121317,33,121317,33,121317,33,121317]	[1609,1643]	[2,4]	3000	
1519	1161002	2144001				[3016007,3026007,3036007,3046007,3055005,3065005]	[1,2,1,2,1,2,1,2,1,1,1,1]	[33,116217,33,116217,33,116217,33,116217,29,29,29,29]	[1505,1607]	[2,4]	3000	
1520	1141004	2626001	1613	[3]	[102]	[3016057,3026057,3036057,3046057,3056013,3066013]	[1,2,2,2,1,2,1,2,1,2,1,2]	[31,114417,114411,114417,31,114417,32,114417,31,114417,33,114417]	[1657,1613]	[4,2]	4003	16020000
1521	1341002	2534001				[3016007,3026007,3036007,3046007,3055005,3065005]	[1,2,1,2,1,2,1,2,1,1,1,1]	[33,132221,33,132221,33,132221,33,132221,29,29,29,29]			4003	
1522	1331003	2516001	1611	[3]	[102]	[3016007,3026007,3036007,3046007,3056011,3066011]	[1,2,2,2,1,2,2,2,2,2,1,2]	[31,133321,133306,133323,31,133317,133301,133321,133301,133317,32,133323]	[1607,1611]	[4,2]	4003	16270000
1523	1081004	2406001	1607	[3]	[508]	[3016038,3026038,3036038,3046038,3056007,3066007]	[1,1,1,1,2,1,1,1,1,2,1,1]	[32,33,32,33,108401,30,32,30,32,108423,30,33]	[1638,1607]	[4,2]	5000	16070000
1524	1031004	2246001	1609	[3,3,3]	[101,501,502]	[3015007,3026011,3036011,3045007,3056011,3066011]	[1,1,1,2,1,2,1,1,1,2,1,2]	[29,29,33,103423,30,103423,29,29,33,103423,33,103423]	[1611,1507]	[4,2]	5000	16060000
1525	1061004	2646001	1606	[3,3,3]	[101,102,500]	[3016002,3026002,3036002,3046002,3056006,3066006]	[1,2,1,2,1,2,1,2,1,2,1,2]	[32,106417,32,106417,32,106417,32,106417,32,106417,32,106417]	[1606,1602]	[2,4]	5000	16380000
1526	1031005	2606001	1603	[3]	[500]	[3016006,3026006,3036006,3046006,3056003,3066003]	[1,2,1,2,1,2,1,2,1,2,1,2]	[33,103521,30,103521,32,103521,32,103521,30,103521,30,103521]	[1606,1603]	[4,2]	4003	16340000
1527	1051005	2496001	1609	[3,3]	[103,510]	[3016046,3026046,3036046,3046046,3056006,3066006]	[1,2,1,2,1,2,1,2,1,2,1,2]	[33,105523,32,105523,32,105523,32,105523,30,105517,33,105517]	[1646,1606]	[4,2]	4003	16250000
1528	1321003	2506001	1611	[3,3]	[501,502]	[3016011,3026007,3036007,3046007,3056011,3066007]	[1,2,1,2,1,2,1,2,1,2,1,2]	[33,132323,33,132323,33,132323,33,132323,33,132323,33,132323]	[1611,1607]	[2,4]	4003	16070000
1529	1221003	2366001	1607	[3,3]	[501,502]	[3016011,3026007,3036007,3046011,3056011,3066011]	[2,2,2,2,2,2,2,2,2,2,2,2]	[122301,122323,122301,122323,122301,122323,122301,122323,122301,122323,122301,122323]	[1611,1607]	[4,2]	4003	16070000
1530	1051005	2496001	1606	[3,3]	[101,510]	[3016009,3026046,3036046,3046009,3056046,3066046]	[1,2,1,2,1,2,1,2,1,2,1,2]	[33,105523,33,105523,33,105523,30,105523,33,105523,33,105523]	[1609,1646]	[2,4]	4003	16250000
1531	1031005	2606001	1603	[3]	[500]	[3016003,3026006,3036006,3046003,3056006,3066006]	[1,2,1,2,1,2,1,2,1,2,1,2]	[30,103521,30,103521,30,103521,30,103521,33,103521,32,103521]	[1606,1603]	[4,2]	4003	16340000
1532	1241002	2354001				[3015006,3026010,3035006,3046010,3056010,3066010]	[1,1,1,2,1,1,1,2,1,2,1,2]	[29,29,33,124223,29,29,33,124223,33,124223,33,124223]	[1506,1610]	[2,4]	3000	
1533	1261003	2046003	1607			[3016036,3026036,3036036,3046007,3056036,3066007]	[2,2,1,1,1,2,1,1,1,2,2,2]	[126301,126318,30,30,33,126321,32,32,33,126321,126311,126323]	[1636,1607]	[4,2]	3000	16070000
1534	1241003	2456001	1614	[3]	[102]	[3016014,3026042,3036014,3046042,3056042,3066042]	[2,2,2,2,2,2,2,1,2,2,2,2]	[124306,124321,124316,124323,124316,124317,124306,32,124306,124321,124316,124323]	[1614,1642]	[2,4]	3000	16090000
1535	1051005	2496001	1603	[3]	[510]	[3016046,3026046,3036046,3046046,3056003,3066003]	[1,2,2,2,1,2,1,2,1,2,1,2]	[33,105523,105506,105523,30,105521,31,105517,33,105517,32,105518]	[1646,1603]	[4,2]	3000	16250000
1536	1021007	2656001	1615	[3]	[102]	[3016061,3026061,3036061,3046061,3056015,3066015]	[1,2,1,2,1,2,1,2,1,2,1,2]	[33,102717,33,102717,33,102717,33,102717,33,102717,33,102717]	[1661,1615]	[4,2]	3000	16390000
1537	1341002	2534001				[3016007,3026007,3036007,3046007,3055005,3065005]	[1,2,1,2,1,2,1,2,1,1,1,1]	[33,132221,33,132221,33,132221,33,132221,29,29,29,29]			3000	
1538	1131004	2546001	1611	[3,3]	[501,502]	[3016007,3026007,3036007,3046006,3056006,3066007]	[1,2,1,2,1,2,1,2,1,2,1,2]	[33,113423,32,113423,32,113423,30,113417,33,113417,33,113423]	[1607,1606]	[4,2]	3000	16070000
1539	1021006	2476001	1609	[3,3,3]	[101,102,500]	[3016006,3026006,3036044,3046044,3056044,3066044]	[1,2,1,2,1,2,1,2,1,2,1,2]	[32,102617,30,102617,33,102617,30,102617,33,102617,32,102617]	[1644,1606]	[4,2]	3000	16240000
1540	1061004	2646001	1604	[3,3]	[102,511]	[3016002,3026002,3036006,3046002,3056002,3066006]	[1,2,1,2,1,2,1,2,1,2,1,2]	[33,106417,30,106417,33,106417,32,106417,33,106417,33,106417]	[1602,1606]	[4,2]	3000	16380000
1541	1531005	2526001				[3016049,3026049,3036049,3046049,3056006,3066006]	[1,2,1,2,1,2,1,2,1,2,1,2]	[30,153521,30,153523,32,153523,32,153523,33,153523,33,153523]	[1649,1606]	[4,2]	3000	
1542	1181003	2125001				[3016004,3026014,3036004,3046014,3056014,3066014]	[1,2,2,2,2,1,2,1,1,2,1,2]	[33,118318,118316,118321,118306,31,118301,32,32,118321,31,118317]	[1604,1614]	[2,4]	3000	
1543	1381003	2596001				[3016007,3026007,3036007,3046007,3056053,3066053]	[1,2,1,2,1,2,1,2,1,2,1,2]	[33,138323,32,138323,33,138323,32,138323,32,138323,32,138323]	[1653,1607]	[2,4]	3000	16330000
1544	1131004	2546001	1611	[3]	[102]	[3016051,3026051,3036051,3046051,3056006,3066006]	[1,2,1,2,1,2,1,2,1,2,1,2]	[30,113417,33,113417,33,113417,33,113417,33,113417,33,113417]	[1651,1606]	[4,2]	4003	16070000
1545	1081004	2406001	1607	[3]	[508]	[3016038,3026038,3036038,3046038,3056007,3066007]	[1,1,1,2,1,2,1,2,2,2,2,2]	[33,31,33,108423,33,108423,33,108423,108416,108423,108411,108423]	[1607,1638]	[2,4]	4003	16070000
1546	1031005	2606001	1613	[3]	[500]	[3016013,3026006,3036006,3046013,3056006,3066006]	[1,2,1,2,1,2,1,2,1,2,1,2]	[30,103521,32,103521,33,103521,32,103521,30,103521,32,103521]	[1606,1613]	[4,2]	4003	16340000
1547	1381003	2595001		[1,1,1]	[20,22,24]	[3016007,3026007,3036007,3046007,3056011,3066011]	[1,1,1,1,1,1,1,2,1,2,1,2]	[31,32,30,33,32,30,33,138323,33,138323,33,138323]	[1607,1611]	[4,2]	5000	
1548	1301002	2445001		[1,1,1]	[21,23,25]	[3016002,3026002,3036002,3046002,3056009,3066009]	[2,1,1,1,2,1,1,2,1,2,1,1]	[130201,33,33,30,130201,32,30,130223,32,130218,33,33]	[1602,1609]	[4,2]	5000	
1549	1021007	2656001	1602	[3,3]	[102,500]	[3016061,3026061,3036061,3046061,3056002,3066002]	[1,2,1,2,1,2,1,2,1,2,1,2]	[33,102717,33,102717,30,102717,33,102717,32,102717,32,102717]	[1661,1602]	[4,2]	5000	16390000
1550	1061004	2646001	1603	[3,3,3]	[101,102,500]	[3016003,3026004,3036004,3046003,3056006,3066006]	[1,2,1,2,1,2,1,2,1,2,1,2]	[30,106417,33,106417,32,106417,33,106417,30,106417,32,106417]	[1604,1606,1603]	[2,2,2]	5000	16380000
1551	1331003	2516001	1609	[3,3,3]	[102,501,502]	[3016011,3026011,3036007,3046007,3056007,3066007]	[1,2,1,2,1,2,1,2,1,2,1,2]	[33,133323,33,133323,30,133323,33,133323,32,133323,30,133323]	[1607,1611]	[4,2]	5000	16070000
1552	1021006	2476001	1645	[3,3,3]	[101,102,500]	[3016044,3026044,3036044,3046044,3056006,3066006]	[1,2,1,2,1,2,1,2,1,2,1,2]	[30,102617,30,102617,33,102617,30,102617,32,102617,33,102617]	[1644,1606]	[4,2]	5000	16240000
1553	1061004	2646001	1604	[3,3,3]	[101,102,500]	[3016002,3026002,3036002,3046002,3056006,3066006]	[1,2,1,2,1,2,1,2,1,2,1,2]	[30,106417,30,106417,30,106417,30,106417,30,106417,30,106417]	[1606,1602]	[2,4]	5000	16380000
1554	1131004	2546001	1609	[3,3,3]	[101,501,502]	[3016007,3026007,3036007,3046007,3056011,3066011]	[1,2,1,2,1,2,1,2,1,2,1,2]	[32,113423,33,113423,33,113423,33,113423,32,113423,33,113423]	[1607,1611]	[4,2]	5000	16290000
1555	1081004	2406001	1606	[3,3,3]	[101,103,508]	[3016038,3026038,3036038,3046038,3056006,3066006]	[2,2,2,2,2,2,2,2,2,2,2,2]	[108401,108417,108401,108417,108401,108417,108401,108417,108401,108417,108401,108417]	[1638,1606]	[4,2]	5000	16190000
1556	1061004	2646001	1604	[3]	[102]	[3016002,3026002,3036002,3046002,3056006,3066006]	[1,2,1,2,1,2,1,2,1,2,1,2]	[30,106417,32,106417,32,106417,32,106417,33,106417,33,106417]	[1602,1606]	[4,2]	4003	16010000
1557	1011004	2326001	1606	[3,3,3]	[101,103,500]	[3016004,3026032,3036004,3046032,3056032,3066032]	[1,2,1,2,1,2,1,2,1,2,1,2]	[30,101417,32,101417,32,101417,32,101417,32,101417,32,101417]	[1604,1632]	[2,4]	4003	16130000
1558	1131004	2546001	1606	[3,3,3]	[102,501,502]	[3016007,3026007,3036007,3046011,3056007,3066011]	[1,2,1,2,1,2,1,2,1,2,1,2]	[30,113423,32,113423,33,113423,32,113423,30,113423,33,113423]	[1607,1611]	[4,2]	4003	16100000
1559	1031005	2606001	1613	[3]	[500]	[3016013,3026006,3036006,3046013,3056006,3066006]	[1,2,1,2,1,2,1,2,1,2,1,2]	[30,103521,32,103521,33,103521,32,103521,30,103521,32,103521]	[1606,1613]	[4,2]	4003	16340000
1560	1081004	2406001	1607	[3]	[508]	[3016038,3026038,3036038,3046038,3056007,3066007]	[1,1,1,2,1,2,1,2,2,2,2,2]	[33,31,33,108423,33,108423,33,108423,108416,108423,108411,108423]	[1607,1638]	[2,4]	4003	16070000
1561	1131004	2546001	1611	[3]	[102]	[3016051,3026051,3036051,3046051,3056006,3066006]	[1,2,1,2,1,2,1,2,1,2,1,2]	[30,113417,33,113417,33,113417,33,113417,33,113417,33,113417]	[1651,1606]	[4,2]	4003	16070000
1562	1031001	2034001				[3016007,3026007,3036007,3046007,3056010,3066010]	[1,1,1,1,1,1,1,1,1,1,1,1]	[33,30,33,30,33,30,33,30,33,30,33,30]	[1610,1607]	[2,4]	3000	
1563	1261003	2045001				[3016036,3026036,3036036,3046036,3056010,3066010]	[1,2,2,2,1,2,2,1,2,2,2,2]	[31,126323,126306,126323,31,126323,126306,32,126316,126318,126311,126323]	[1636,1610]	[4,2]	3000	16070000
1564	1241003	2456001	1614	[3]	[507]	[3016042,3026042,3036042,3046042,3056014,3066014]	[1,2,1,2,1,2,1,2,1,2,1,2]	[30,124321,33,124321,30,124321,30,124321,32,124321,30,124321]	[1642,1614]	[4,2]	3000	16120000
1565	1141004	2626001	1606	[3,3,3]	[101,102,511]	[3016057,3026057,3036057,3046057,3056006,3066006]	[1,2,1,2,1,2,1,2,1,2,1,2]	[32,114417,32,114417,30,114417,32,114417,30,114417,30,114417]	[1657,1606]	[4,2]	5000	16360000
1566	1331003	2516001	1611	[3]	[102]	[3016048,3026048,3036048,3046048,3056009,3066009]	[1,2,1,2,1,2,1,2,1,2,1,2]	[32,133317,32,133317,32,133317,33,133317,33,133317,30,133317]	[1648,1609]	[4,2]	5000	16270000
1567	1291002	2425001		[1,1,1]	[20,22,25]	[3016011,3026007,3036007,3046011,3056007,3066007]	[1,2,1,2,1,2,1,2,1,2,1,2]	[33,129217,33,129217,33,129217,33,129217,33,129217,33,129217]	[1611,1607]	[2,4]	5000	
1568	1131004	2546001	1611	[3,3]	[501,502]	[3016007,3026007,3036007,3046006,3056006,3066007]	[1,2,1,2,1,2,1,2,1,2,1,2]	[33,113423,32,113423,32,113423,30,113417,33,113417,33,113423]	[1607,1606]	[4,2]	3000	16070000
1569	1021006	2476001	1609	[3,3,3]	[101,102,500]	[3016006,3026006,3036044,3046044,3056044,3066044]	[1,2,1,2,1,2,1,2,1,2,1,2]	[32,102617,30,102617,33,102617,30,102617,33,102617,32,102617]	[1644,1606]	[4,2]	3000	16240000
1570	1061004	2646001	1604	[3,3]	[102,511]	[3016002,3026002,3036006,3046002,3056002,3066006]	[1,2,1,2,1,2,1,2,1,2,1,2]	[33,106417,30,106417,33,106417,32,106417,33,106417,33,106417]	[1602,1606]	[4,2]	3000	16380000
1571	1211003	2466001	1615	[3,3,3]	[101,103,509]	[3016043,3026043,3036043,3046043,3056015,3066015]	[1,2,1,2,1,2,1,2,1,2,1,2]	[30,121317,30,121317,33,121317,30,121317,33,121317,33,121317]	[1643,1615]	[4,2]	5000	16230000
1572	1521004	2416001	1607	[3,3,3]	[101,103,500]	[3016040,3026040,3036040,3046040,3056007,3066007]	[1,2,1,2,1,2,1,2,1,2,1,2]	[33,152417,33,152417,30,152417,33,152417,33,152417,30,152417]	[1607,1640]	[2,4]	5000	16200000
1573	1291003	2616001	1656	[3,3,3]	[101,501,502]	[3016056,3026056,3036009,3046009,3056011,3066011]	[1,2,1,2,1,2,1,2,1,2,1,2]	[30,129317,30,129317,30,129317,30,129317,30,129317,33,129317]	[1611,1609,1656]	[2,2,2]	5000	16350000
1574	1091003	2336001	1609	[3,3,3]	[101,501,502]	[3016011,3026007,3036011,3046007,3056007,3066007]	[1,2,1,2,1,2,1,2,1,2,1,2]	[32,109323,32,109323,30,109323,33,109323,33,109323,30,109323]	[1611,1607]	[2,4]	5000	16070000
1575	1211003	2466001	1615	[3,3,3]	[101,102,509]	[3016015,3026043,3036015,3046043,3056043,3066043]	[1,2,1,2,1,2,1,2,1,2,1,2]	[30,121323,32,121323,30,121323,33,121323,30,121323,33,121323]	[1615,1643]	[2,4]	5000	16230000
1576	1291003	2616001	1615	[3,3,3]	[101,102,103]	[3016015,3026056,3036015,3046056,3056056,3066056]	[1,2,1,2,1,2,1,2,1,2,1,2]	[33,129317,30,129317,30,129317,30,129317,30,129317,33,129317]	[1615,1656]	[2,4]	5000	16350000
1577	1141004	2626001	1613	[3,3]	[102,511]	[3016057,3026057,3036057,3046057,3056013,3066013]	[1,2,1,2,1,2,1,2,1,2,1,2]	[32,114417,33,114417,33,114417,30,114417,33,114417,33,114417]	[1657,1613]	[4,2]	3000	16360000
1578	1331003	2516001	1609	[3,3]	[501,502]	[3016011,3026007,3036007,3046011,3056007,3066007]	[1,2,1,2,1,2,1,2,1,2,1,2]	[33,133323,32,133323,30,133323,32,133323,32,133323,30,133323]	[1611,1607]	[2,4]	3000	16070000
1579	1041005	2576001	1606	[3]	[102]	[3016052,3026052,3036052,3046052,3056006,3066006]	[1,2,1,2,1,2,1,2,1,2,1,2]	[32,104517,30,104517,30,104517,32,104517,30,104517,32,104517]	[1652,1606]	[4,2]	3000	16320000
1580	1051001	2055001		[1]	[21]	[3016007,3026007,3036007,3046007,3056008,3066008]	[1,1,1,2,1,2,2,2,1,2,2,1]	[31,31,33,105123,31,105123,105116,105117,30,105118,105101,33]	[1607,1608]	[4,2]	5000	
1581	1261003	2045001		[1,1,1]	[21,22,25]	[3016036,3026036,3036036,3046010,3056036,3066010]	[1,1,1,1,2,2,1,1,1,1,1,2]	[30,33,30,30,126306,126318,33,31,33,33,33,126318]	[1636,1610]	[4,2]	5000	16170000
1582	1531005	2526001	1614	[3,3,3]	[101,102,500]	[3016049,3026049,3036049,3046049,3056014,3066014]	[1,2,1,2,1,2,1,2,1,2,1,2]	[33,153521,30,153521,32,153521,33,153521,33,153521,33,153521]	[1649,1614]	[4,2]	5000	16280000
1583	1341002	2536001	1609	[3,3,3]	[101,102,500]	[3016007,3026007,3036007,3046007,3056007,3066007]	[1,2,1,2,1,2,1,2,1,2,1,2]	[33,132221,33,132221,33,132221,33,132221,33,132221,32,132221]	[1607]	[6]	5000	16070000
1584	1041005	2576001	1606	[3,3,3]	[101,102,500]	[3016052,3026052,3036052,3046052,3056006,3066006]	[1,2,1,2,1,2,1,2,1,2,1,2]	[33,104517,30,104517,30,104517,30,104517,32,104517,30,104517]	[1652,1606]	[4,2]	5000	16320000
1585	1141004	2626001	1613	[3,3,3]	[103,500,511]	[3016057,3026057,3036057,3046057,3056013,3066013]	[1,2,1,2,1,2,1,2,1,2,1,2]	[32,114423,33,114423,32,114423,33,114423,33,114423,32,114423]	[1657,1613]	[4,2]	5000	16360000
1586	1061004	2646001	1604	[3,3]	[102,511]	[3016002,3026002,3036006,3046002,3056002,3066006]	[1,2,1,2,1,2,1,2,1,2,1,2]	[33,106417,30,106417,33,106417,32,106417,33,106417,33,106417]	[1602,1606]	[4,2]	3000	16380000
1587	1021006	2476001	1609	[3,3,3]	[101,102,500]	[3016006,3026006,3036044,3046044,3056044,3066044]	[1,2,1,2,1,2,1,2,1,2,1,2]	[32,102617,30,102617,33,102617,30,102617,33,102617,32,102617]	[1644,1606]	[4,2]	3000	16240000
1588	1131004	2546001	1611	[3,3]	[501,502]	[3016007,3026007,3036007,3046006,3056006,3066007]	[1,2,1,2,1,2,1,2,1,2,1,2]	[33,113423,32,113423,32,113423,30,113417,33,113417,33,113423]	[1607,1606]	[4,2]	3000	16070000
1589	1061004	2646001	1606	[3]	[102]	[3016060,3026060,3036060,3046060,3056006,3066006]	[2,2,2,1,1,2,1,2,1,2,1,2]	[106401,106417,106416,31,33,106417,32,106417,30,106417,30,106417]	[1660,1606]	[4,2]	4003	
1590	1281002	2395001		[1,1,1]	[21,23,24]	[3016002,3026012,3036012,3046002,3056002,3066002]	[1,1,1,2,1,1,2,2,1,2,2,1]	[30,33,30,128217,32,30,128201,128217,31,128221,128201,33]	[1602,1612]	[4,2]	4003	
1591	1391003	2636001	1604	[3]	[102]	[3016059,3026059,3036059,3046059,3056011,3066011]	[2,2,1,2,2,2,1,2,2,2,2,2]	[139301,139317,32,139321,139306,139321,32,139317,139301,139317,139316,139321]	[1659,1611]	[4,2]	4003	16370000
1592	1381003	2596001	1607	[3]	[501]	[3016010,3026053,3036010,3046007,3056053,3066007]	[1,2,1,2,1,2,1,2,1,2,1,2]	[33,138323,32,138323,33,138323,32,138323,32,138323,33,138323]	[1607,1610,1653]	[2,2,2]	4003	16070000
1593	1351003	2556001	1606	[3]	[102]	[3016014,3026014,3036014,3046006,3056014,3066006]	[1,2,1,2,1,2,1,2,1,2,1,2]	[33,135317,33,135317,33,135317,33,135317,33,135317,32,135317]	[1606,1614]	[2,4]	4003	16120000
1594	1241003	2456001	1614	[3,3]	[102,507]	[3016042,3026042,3036042,3046042,3056014,3066014]	[1,2,1,2,1,2,1,2,1,2,1,2]	[30,124323,30,124323,33,124323,33,124323,33,124323,32,124323]	[1614,1642]	[2,4]	4003	16220000
1595	1061004	2646001	1603	[3,3]	[102,500]	[3016004,3026003,3036003,3046004,3056006,3066006]	[1,2,1,2,1,2,1,2,1,2,1,2]	[32,106417,33,106417,32,106417,33,106417,33,106417,30,106421]	[1606,1604,1603]	[2,2,2]	4003	16380000
1596	1051005	2496001	1607	[3,3,3]	[101,103,510]	[3016046,3026007,3036007,3046046,3056046,3066046]	[1,2,1,1,1,2,1,2,1,2,1,2]	[32,105517,33,31,32,105517,33,105521,33,105523,33,105523]	[1607,1646]	[2,4]	4003	16250000
1597	1331003	2516001	1611	[3,3]	[102,501]	[3016011,3026009,3036009,3046011,3055007,3065007]	[1,2,1,1,1,2,1,2,1,1,1,1]	[32,133323,33,32,33,133323,33,133323,29,29,29,29]	[1611,1609,1507]	[2,2,2]	4003	16070000
1598	1131002	2026003				[3016013,3026013,3036013,3046013,3056007,3066007]	[1,1,1,1,1,1,1,1,1,1,1,1]	[33,32,33,32,33,32,33,32,33,32,33,32]	[1613,1607]	[4,2]	3000	
1599	1331003	2516001	1609			[3016011,3026048,3036048,3046011,3056048,3066048]	[2,1,2,1,2,2,1,2,2,1,1,2]	[133311,33,133306,32,133306,133323,33,133323,133316,30,30,133321]	[1611,1648]	[2,4]	3000	16070000
1600	1141004	2626001	1606	[3,3]	[102,511]	[3016057,3026057,3036057,3046057,3056006,3066006]	[1,2,1,2,1,2,1,2,1,2,1,2]	[33,114417,33,114417,32,114417,33,114417,32,114417,33,114417]	[1657,1606]	[4,2]	3000	16020000
1601	1321003	2506001	1611	[3,3]	[501,502]	[3016011,3026007,3036011,3046007,3056007,3066007]	[2,1,2,1,2,1,2,1,2,1,1,2]	[132311,32,132316,30,132316,32,132311,31,132306,33,32,132321]	[1611,1607]	[2,4]	4003	16260000
1602	1021005	2346001	1609			[3016006,3026034,3036006,3046034,3056034,3066034]	[2,2,2,2,2,2,2,2,2,2,2,2]	[102516,102517,102516,102517,102516,102517,102516,102517,102516,102517,102516,102517]	[1634,1606]	[4,2]	4003	16070000
1603	1051005	2496001	1603	[3,3]	[102,510]	[3016003,3026046,3036003,3046046,3056046,3066046]	[1,2,2,2,1,2,1,2,1,2,2,2]	[32,105517,105516,105517,32,105517,32,105517,32,105517,105516,105517]	[1646,1603]	[4,2]	4003	16250000
1604	1531005	2526001	1606	[3,3]	[102,500]	[3016049,3026049,3036049,3046049,3056006,3066006]	[1,2,1,2,1,2,1,2,1,2,1,2]	[33,153521,33,153521,30,153521,30,153521,30,153521,33,153521]	[1649,1606]	[4,2]	4003	16280000
1605	1241003	2456001	1614	[3,3]	[506,507]	[3016042,3026042,3036042,3046042,3056014,3066014]	[1,2,1,2,1,2,1,2,1,2,1,2]	[32,124323,33,124323,32,124323,33,124323,30,124323,33,124323]	[1614,1642]	[2,4]	4003	16070000
1606	1261003	2046003	1607	[3,3]	[501,502]	[3016036,3026036,3036036,3046036,3056007,3066007]	[1,2,1,2,1,2,1,2,1,2,1,2]	[32,126323,33,126323,30,126323,33,126323,32,126323,30,126323]	[1636,1607]	[4,2]	4003	16070000
1607	1061004	2646001	1602	[3,3,3]	[102,500,511]	[3016002,3026004,3036004,3046002,3056006,3066006]	[1,2,1,2,1,2,1,2,2,2,2,2]	[30,106417,33,106417,32,106417,33,106417,106411,106417,106406,106417]	[1604,1606,1602]	[2,2,2]	5000	16380000
1608	1361003	2566001	1606	[3,3,3]	[101,102,500]	[3016002,3026009,3036009,3046002,3056002,3066002]	[1,2,1,2,1,2,1,2,1,2,1,2]	[32,136317,33,136317,33,136317,32,136317,33,136317,30,136317]	[1609,1602]	[2,4]	5000	16310000
1609	1131004	2546001	1606	[3,3,3]	[102,501,502]	[3016007,3026007,3036007,3046007,3056011,3066011]	[1,2,1,2,1,2,1,2,1,2,1,2]	[32,113423,33,113423,32,113423,33,113423,30,113423,30,113423]	[1607,1611]	[4,2]	5000	16290000
1610	1321003	2506001	1606	[3,3]	[102,508]	[3016047,3026047,3036047,3046006,3056047,3066006]	[1,2,1,2,1,2,1,2,1,2,1,2]	[33,132317,30,132317,30,132317,33,132317,30,132317,33,132317]	[1606,1647]	[2,4]	4003	16260000
1611	1171004	2436001	1606	[3]	[500]	[3016041,3026041,3036041,3046041,3056006,3066006]	[1,2,1,2,1,2,1,2,1,2,1,2]	[30,117417,33,117417,32,117417,33,117417,33,117417,33,117417]	[1641,1606]	[4,2]	4003	16210000
1612	1391003	2636001	1607	[3]	[501]	[3016009,3026009,3036011,3046011,3056007,3066007]	[1,2,1,1,2,2,1,2,1,2,2,2]	[33,139323,30,31,139306,139323,32,139317,30,139317,139306,139323]	[1609,1611,1607]	[2,2,2]	4003	16370000
1613	1031005	2606001	1613	[3]	[500]	[3016013,3026006,3036006,3046013,3056006,3066006]	[1,2,1,2,1,2,1,2,1,2,1,2]	[30,103521,32,103521,33,103521,32,103521,30,103521,32,103521]	[1606,1613]	[4,2]	4003	16340000
1614	1081004	2406001	1607	[3]	[508]	[3016038,3026038,3036038,3046038,3056007,3066007]	[1,1,1,2,1,2,1,2,2,2,2,2]	[33,31,33,108423,33,108423,33,108423,108416,108423,108411,108423]	[1607,1638]	[2,4]	4003	16070000
1615	1131004	2546001	1611	[3]	[102]	[3016051,3026051,3036051,3046051,3056006,3066006]	[1,2,1,2,1,2,1,2,1,2,1,2]	[30,113417,33,113417,33,113417,33,113417,33,113417,33,113417]	[1651,1606]	[4,2]	4003	16070000
1616	1091002	2095001				[3016007,3026007,3036007,3046007,3056008,3066008]	[1,2,1,2,1,2,1,2,1,2,1,2]	[33,109223,33,109223,33,109223,33,109223,33,109223,33,109223]	[1607,1608]	[4,2]	5000	16220000
1617	1261003	2046003	1607			[3016036,3026036,3036036,3046036,3056007,3066007]	[2,1,2,1,2,2,1,1,2,2,2,2]	[126311,33,126316,30,126306,126323,32,31,126306,126317,126311,126317]	[1607,1636]	[2,4]	5000	16170000
1618	1531005	2526001	1606	[3,3,3]	[102,103,500]	[3016049,3026049,3036049,3046049,3056006,3066006]	[1,2,1,2,1,2,1,2,1,2,1,2]	[30,153521,33,153521,32,153521,33,153521,30,153521,33,153521]	[1606,1649]	[2,4]	5000	16280000
1619	1241003	2456001	1614	[3,3,3]	[101,102,507]	[3016042,3026042,3036042,3046042,3056014,3066014]	[1,2,1,2,1,2,1,2,1,2,1,2]	[33,124321,30,124321,32,124321,30,124321,33,124321,32,124321]	[1642,1614]	[4,2]	5000	16220000
1620	1261003	2046003	1607	[3,3,3]	[101,501,502]	[3016036,3026036,3036036,3046036,3056007,3066007]	[1,2,1,2,1,2,1,2,1,2,1,2]	[33,126323,33,126323,33,126323,33,126323,33,126323,33,126323]	[1636,1607]	[4,2]	5000	16170000
1621	1021003	2026004	1608	[3,3,3]	[101,102,500]	[3016005,3026005,3036005,3046005,3056004,3066004]	[1,2,1,2,1,2,1,2,1,2,1,2]	[33,102321,33,102321,33,102321,33,102321,33,102321,33,102321]	[1604,1605]	[2,4]	5000	16120000
1622	1141004	2626001	1613	[3]	[511]	[3016057,3026057,3036057,3046057,3056013,3066013]	[1,2,1,2,1,2,1,2,1,2,1,2]	[30,114417,32,114417,32,114417,32,114417,33,114423,32,114423]	[1613,1657]	[2,4]	4003	16020000
1623	1291002	2424001				[3016011,3026011,3036007,3046007,3056007,3066007]	[1,2,1,2,1,2,1,2,1,2,1,2]	[33,129217,33,129217,33,129217,33,129217,33,129217,33,129217]	[1607,1611]	[4,2]	4003	16070000
1624	1331003	2516001	1606	[3]	[102]	[3016048,3026048,3036048,3046048,3056006,3066006]	[1,2,1,2,1,2,1,2,1,2,1,2]	[30,133323,33,133323,33,133317,30,133317,32,133323,32,133323]	[1606,1648]	[2,4]	4003	16270000
1625	1531005	2526001	1606	[3,3]	[102,103]	[3016049,3026049,3036049,3046049,3056006,3066006]	[1,2,1,2,1,2,1,2,1,2,1,2]	[33,153521,33,153521,33,153521,33,153521,33,153521,33,153521]	[1649,1606]	[4,2]	5000	16280000
1626	1061002	2064001				[3016007,3026007,3036007,3046007,3056008,3066008]	[1,2,1,2,1,2,1,2,1,2,1,1]	[33,106223,33,106223,32,106223,30,106223,33,106223,33,33]	[1607,1608]	[4,2]	5000	
1627	1381003	2596001	1614	[3,3]	[102,502]	[3016053,3026053,3036053,3046053,3056014,3066014]	[1,2,1,2,1,2,1,2,1,2,1,2]	[33,138317,33,138317,33,138317,33,138317,33,138317,33,138317]	[1653,1614]	[4,2]	5000	16330000
1628	1341002	2535001				[3016013,3026013,3036013,3046013,3056006,3066006]	[2,2,2,2,2,2,2,2,2,2,2,2]	[132211,132218,132206,132221,132211,132218,132211,132218,132211,132218,132201,132223]	[1613,1606]	[4,2]	4003	16010000
1629	1051005	2496001	1609	[3,3]	[102,510]	[3016009,3026009,3036046,3046046,3056046,3066046]	[2,2,2,2,2,2,2,2,2,2,2,2]	[105506,105523,105501,105517,105511,105517,105516,105523,105506,105518,105506,105518]	[1609,1646]	[2,4]	4003	16150000
1630	1381003	2596001				[3016053,3026053,3036053,3046053,3056010,3066010]	[1,2,1,2,1,2,1,2,1,2,1,2]	[33,138321,33,138321,33,138323,33,138323,33,138321,33,138321]	[1653,1610]	[4,2]	4003	16090000
1631	1261003	2046003	1610			[3016010,3026036,3036010,3046036,3056036,3066036]	[1,2,1,2,1,2,1,2,1,2,1,2]	[32,126323,33,126323,33,126323,32,126323,30,126323,30,126323]	[1610,1636]	[2,4]	5000	16170000
1632	1241003	2456001	1614	[3,3,3]	[103,201,507]	[3016042,3026014,3036042,3046042,3056014,3066042]	[1,2,1,2,1,2,1,2,1,2,1,2]	[30,124321,30,124321,32,124321,33,124321,32,124321,33,124321]	[1614,1642]	[2,4]	5000	16220000
1633	1011003	2016002	1607	[3,3,3]	[102,103,500]	[3016007,3026005,3036007,3046005,3056005,3066005]	[2,1,2,1,2,1,2,1,2,1,2,1]	[101306,33,101306,33,101306,33,101306,33,101306,33,101306,33]	[1605,1607]	[4,2]	5000	16090000
1634	1131004	2546001	1606	[3,3]	[101,501]	[3016051,3026051,3036051,3046051,3056011,3066011]	[1,2,1,2,1,2,1,2,1,2,1,2]	[32,113417,30,113417,30,113417,30,113417,32,113417,32,113417]	[1651,1611]	[4,2]	4003	16290000
1635	1061004	2646001	1602	[3,3]	[101,102]	[3016002,3026060,3036060,3046002,3056060,3066060]	[1,2,1,2,1,2,1,2,1,2,1,2]	[30,106417,33,106417,30,106417,33,106417,30,106417,30,106417]	[1660,1602]	[4,2]	4003	16380000
1636	1301002	2444001				[3016009,3026009,3036002,3046002,3056002,3066002]	[1,2,1,2,1,2,1,2,1,2,1,2]	[33,130223,33,130223,33,130223,33,130223,33,130223,33,130223]			4003	
1637	1331003	2516001	1607	[3,3,3]	[103,501,502]	[3016011,3026011,3036007,3046007,3056007,3066007]	[1,2,1,2,1,2,1,2,1,2,1,2]	[33,133323,33,133323,30,133323,33,133323,32,133323,30,133323]	[1607,1611]	[4,2]	5000	16070000
1638	1041005	2576001	1606	[3,3,3]	[101,102,500]	[3016052,3026052,3036052,3046006,3056006,3066052]	[1,2,1,2,1,2,1,2,1,2,1,2]	[33,104517,30,104517,33,104517,30,104517,32,104517,32,104517]	[1652,1606]	[4,2]	5000	16320000
1639	1141004	2626001	1657	[3,3,3]	[103,500,511]	[3016057,3026057,3036013,3046013,3056013,3066013]	[1,2,1,2,1,2,1,2,1,2,1,2]	[30,114423,30,114423,30,114423,33,114423,33,114423,30,114423]	[1613,1657]	[4,2]	5000	16360000
1640	1361003	2566001	1607			[3016002,3026002,3036002,3046002,3056007,3066007]	[1,2,1,2,2,1,1,1,1,1,1,2]	[30,136317,30,136323,136301,32,33,33,32,32,31,136317]	[1607,1602]	[2,4]	3000	16310000
1641	1381003	2596001	1606	[3]	[502]	[3016006,3026006,3036002,3046002,3056002,3066002]	[1,2,1,2,1,2,1,2,1,2,1,2]	[33,138317,30,138317,30,138317,33,138317,30,138317,32,138317]	[1602,1606]	[4,2]	3000	16330000
1642	1051005	2496001	1606	[3,3,3]	[101,102,510]	[3016006,3026006,3036046,3046046,3056046,3066046]	[1,2,1,2,1,2,1,2,1,2,1,2]	[30,105517,33,105517,30,105517,30,105517,30,105517,30,105517]	[1646,1606]	[4,2]	3000	16250000
1643	1131004	2546001	1611	[3,3]	[501,502]	[3016011,3026011,3036007,3046007,3056007,3066007]	[1,2,1,2,1,2,1,2,2,2,1,2]	[33,113423,30,113423,31,113423,31,113423,113401,113423,30,113423]	[1607,1611]	[4,2]	5000	16010000
1644	1111002	2013001				[3016011,3026011,3036011,3046011,3056009,3066009]	[1,2,1,2,1,2,1,2,1,2,1,2]	[33,111221,33,111221,33,111221,33,111221,33,111221,33,111221]	[1611,1609]	[4,2]	5000	
1645	1061004	2646001	1660	[3,3]	[102,511]	[3016002,3026002,3036002,3046002,3056060,3066060]	[1,2,1,2,1,2,1,2,1,2,1,2]	[32,106417,30,106417,30,106417,32,106417,33,106417,30,106417]	[1602,1660]	[4,2]	5000	16380000
1646	1081004	2406001	1607	[3,3]	[506,508]	[3016038,3026038,3036038,3046038,3056007,3066007]	[1,2,1,2,2,2,2,2,2,2,2,2]	[32,108423,33,108423,108401,108423,108401,108423,108401,108423,108401,108423]	[1607,1638]	[2,4]	5000	16070000
1647	1131004	2546001	1611	[3,3]	[102,502]	[3016013,3026013,3036013,3046013,3056006,3066006]	[1,2,1,2,1,2,2,1,1,1,1,2]	[30,113417,30,113417,32,113417,113401,30,33,32,33,113417]	[1606,1613]	[2,4]	5000	16290000
1648	1021005	2346001	1609	[3,3]	[102,500]	[3016034,3026034,3036034,3046034,3056006,3066006]	[1,2,1,2,1,2,1,2,1,2,1,2]	[30,102517,32,102517,32,102517,32,102517,33,102517,33,102517]	[1634,1606]	[4,2]	5000	16320000
1649	1061004	2646001	1604	[3,3]	[102,500]	[3016002,3026002,3036002,3046002,3056006,3066006]	[1,2,1,2,1,2,1,2,1,2,1,2]	[33,106417,30,106417,32,106417,33,106417,33,106417,30,106417]	[1606,1602]	[2,4]	3000	16380000
1650	1081004	2406001	1607	[3,3,3]	[101,103,508]	[3016038,3026038,3036007,3046038,3056038,3066007]	[2,2,2,2,2,2,2,2,2,2,2,2]	[108401,108423,108401,108423,108401,108423,108401,108423,108401,108423,108401,108423]	[1607,1638]	[2,4]	3000	16190000
1651	1131004	2546001	1611	[3]	[102]	[3016009,3026009,3036011,3046011,3056006,3066006]	[1,2,1,2,1,2,1,2,1,2,1,2]	[30,113423,32,113423,32,113423,30,113423,33,113423,32,113423]	[1609,1606,1611]	[2,2,2]	3000	16070000
1652	1361003	2566001	1609	[3,3,3]	[101,103,500]	[3016002,3026046,3036046,3046002,3056002,3066002]	[1,2,1,2,1,2,1,2,1,2,1,2]	[33,136317,33,136317,32,136317,33,136317,33,136317,33,136317]	[1602,1646]	[4,2]	5000	16310000
1653	1061004	2646001	1602	[3,3,3]	[102,500,511]	[3016002,3026004,3036004,3046002,3056006,3066006]	[1,2,1,2,1,2,1,2,1,2,1,2]	[30,106417,33,106417,32,106417,33,106417,30,106417,30,106417]	[1604,1606,1602]	[2,2,2]	5000	16380000
1654	1381003	2596001	1611	[3,3,3]	[101,501,502]	[3016007,3026007,3036007,3046007,3056011,3066011]	[1,2,1,2,1,2,1,2,1,2,1,2]	[32,138323,30,138323,30,138323,32,138323,30,138323,32,138323]	[1611,1607]	[2,4]	5000	16330000
1655	1211003	2466001	1615	[3]	[509]	[3016043,3026043,3036043,3046043,3056015,3066015]	[2,2,1,2,2,2,1,2,1,1,2,2]	[121301,121323,33,121323,121316,121321,30,121323,33,33,121301,121317]	[1643,1615]	[4,2]	5000	16230000
1656	1291003	2616001	1615	[3,3,3]	[101,103,501]	[3016056,3026056,3036056,3046015,3056056,3066015]	[1,2,1,2,1,2,1,2,1,2,1,2]	[33,129317,32,129317,33,129317,32,129317,33,129321,33,129317]	[1656,1615]	[4,2]	5000	16350000
1657	1561003	2096003	1639	[3,3,3]	[301,302,303]	[3016028,3026028,3036028,3046028,3056028,3066028]	[1,2,1,2,1,2,1,2,1,2,1,2]	[30,156323,33,156317,33,156317,31,156317,33,156317,33,156317]	[1628]	[6]	5000	16050000
1658	1031004	2246001	1609	[3]	[501]	[3016011,3026011,3036007,3046007,3056007,3066007]	[2,2,2,2,1,2,1,1,1,1,1,2]	[103406,103423,103406,103421,33,103423,31,30,31,33,31,103423]	[1611,1607]	[2,4]	3000	16070000
1659	1061004	2646001	1604	[3,3]	[102,500]	[3016002,3026002,3036002,3046002,3056006,3066006]	[1,2,1,2,1,1,1,2,1,1,1,2]	[33,106417,32,106417,30,32,33,106417,32,33,32,106417]	[1606,1602]	[2,4]	3000	16380000
1660	1021006	2476001	1606	[3]	[102]	[3016044,3026044,3036044,3046006,3056044,3066006]	[1,2,1,2,1,2,1,2,1,2,1,2]	[30,102617,33,102617,32,102617,30,102617,33,102617,33,102617]	[1644,1606]	[4,2]	3000	16130000
1661	1051003	2056002		[3,3,3]	[102,506,508]	[3016002,3026009,3036002,3046009,3056002,3066002]	[1,1,1,1,1,1,2,1,1,1,1,2]	[33,33,32,31,31,31,105311,33,33,33,30,105318]	[1609,1602]	[2,4]	5000	
1662	1061004	2646001		[3,3]	[102,511]	[3016002,3026002,3036002,3046002,3056006,3066006]	[1,2,1,2,1,2,1,2,1,2,1,2]	[33,106417,33,106417,33,106417,33,106417,33,106417,33,106417]	[1602,1606]	[4,2]	5000	
1663	1131004	2545001		[1,1,1]	[21,23,24]	[3016051,3026051,3036051,3046051,3056011,3066011]	[1,2,1,2,1,2,1,2,1,2,1,2]	[32,113423,33,113423,32,113423,30,113423,31,113423,33,113423]	[1651,1611]	[4,2]	5000	16080000
1664	1061004	2646001	1604	[3,3,3]	[102,500,511]	[3016002,3026002,3036006,3046002,3056002,3066006]	[1,2,1,2,1,2,1,2,1,2,1,2]	[30,106417,33,106417,32,106417,33,106417,30,106417,30,106417]	[1602,1606]	[4,2]	5000	16380000
1665	1281002	2396001	1609			[3016007,3026007,3035005,3046007,3056007,3065005]	[1,2,1,2,1,1,1,2,1,2,1,1]	[33,128217,33,128217,29,29,33,128217,33,128217,29,29]	[1607,1505]	[4,2]	5000	
1666	1131004	2546001	1606	[3,3,3]	[102,501,502]	[3016002,3026002,3036006,3046002,3056002,3066006]	[1,2,1,2,1,2,1,2,1,2,1,2]	[32,113417,32,113417,30,113417,32,113417,30,113423,30,113423]	[1602,1606]	[4,2]	5000	16290000
1667	1041005	2576001	1606	[3,3]	[102,500]	[3016052,3026052,3036006,3046052,3056052,3066006]	[2,2,1,2,1,2,1,2,2,2,1,2]	[104516,104517,32,104517,33,104517,31,104517,104506,104517,31,104517]	[1606,1652]	[2,4]	3000	16320000
1668	1141004	2626001	1613	[3]	[102]	[3016057,3026057,3036057,3046057,3056013,3066013]	[2,2,2,2,1,2,1,2,2,2,2,2]	[114411,114423,114401,114423,32,114423,32,114423,114411,114423,114406,114423]	[1657,1613]	[4,2]	3000	16010000
1669	1531004	2256001		[3]	[501]	[3016011,3026025,3036025,3046011,3056025,3066025]	[1,2,2,2,2,2,1,2,1,2,1,2]	[32,153421,153416,153421,153401,153418,31,153418,33,153417,33,153421]	[1611,1625]	[2,4]	3000	16010000
1670	1041004	2306001	1612	[3,3,3]	[101,103,500]	[3016012,3026031,3036012,3046031,3056031,3066031]	[1,2,1,2,1,2,1,2,1,2,1,2]	[33,104417,33,104417,33,104417,33,104417,33,104421,33,104421]	[1631,1612]	[4,2]	5000	16120000
1671	1241003	2456001	1614	[3,3,3]	[101,103,507]	[3016014,3026042,3036014,3046042,3056042,3066042]	[1,2,1,2,1,2,1,2,1,2,1,2]	[33,124323,33,124323,33,124323,33,124323,33,124323,33,124323]	[1642,1614]	[4,2]	5000	16220000
1672	1381003	2596001	1610	[3,3,3]	[103,501,502]	[3016007,3026007,3036007,3046007,3056053,3066053]	[1,2,1,2,1,2,1,2,1,2,1,2]	[33,138323,33,138323,33,138323,33,138323,33,138323,32,138323]	[1607,1653]	[4,2]	5000	16330000
1673	1131004	2545001				[3016051,3026051,3036051,3046051,3056011,3066011]	[1,2,1,1,2,1,1,2,2,1,2,1]	[32,113423,31,30,113401,33,32,113421,113411,32,113416,30]	[1611,1651]	[2,4]	3000	
1674	1071003	2075001				[3016005,3026005,3036005,3046005,3056004,3066004]	[1,1,1,1,1,1,1,1,1,1,1,1]	[33,33,33,33,33,33,33,33,33,33,33,33]	[1605,1604]	[4,2]	3000	
1675	1061004	2646001	1606	[3,3]	[102,511]	[3016002,3026002,3036002,3046002,3056006,3066006]	[2,2,2,2,2,2,2,2,1,2,1,2]	[106401,106417,106411,106417,106406,106417,106411,106417,33,106417,30,106417]	[1602,1606]	[4,2]	3000	16380000
1676	1401003	2666001	1615	[3,3,3]	[102,501,502]	[3016015,3026015,3036011,3046011,3056006,3066006]	[1,2,1,2,1,2,1,2,1,2,1,2]	[32,140317,30,140317,30,140317,30,140317,30,140317,33,140317]	[1615,1611,1606]	[2,2,2]	5000	16400000
1677	1211003	2466001	1607	[3,3,3]	[101,103,509]	[3016007,3026007,3036043,3046043,3056043,3066043]	[1,2,1,2,1,2,1,2,1,2,1,2]	[33,121323,30,121323,30,121323,30,121323,30,121323,30,121323]	[1607,1643]	[2,4]	5000	16070000
1678	1531005	2526001	1650	[3,3,3]	[102,103,500]	[3016049,3026049,3036049,3046049,3056050,3066050]	[1,2,1,2,1,2,1,2,1,2,1,2]	[32,153521,33,153521,32,153521,33,153521,33,153521,32,153521]	[1649,1650]	[4,2]	5000	16280000
1679	1401003	2666001	1603	[3,3,3]	[102,501,502]	[3016011,3026003,3036011,3046006,3056003,3066006]	[1,2,1,2,1,2,1,2,1,2,1,2]	[33,140317,32,140317,32,140317,32,140317,30,140317,33,140317]	[1606,1611,1603]	[2,2,2]	4003	16400000
1680	1031005	2606001	1606			[3016003,3026003,3036003,3046006,3056003,3066006]	[1,2,1,2,1,2,1,2,1,2,1,2]	[32,103517,32,103517,30,103517,30,103517,32,103517,32,103517]	[1603,1606]	[4,2]	4003	16340000
1681	1051005	2496001	1607	[3]	[510]	[3016046,3026046,3036046,3046007,3056046,3066007]	[1,2,1,2,1,2,1,2,1,2,1,2]	[30,105523,32,105523,32,105523,33,105523,33,105523,33,105523]	[1646,1607]	[4,2]	4003	16250000
1682	1401003	2666001	1611	[3]	[102]	[3016003,3026003,3036003,3046003,3056006,3066006]	[1,2,1,2,1,2,1,2,1,2,1,2]	[33,140317,32,140317,30,140317,32,140317,32,140317,33,140317]	[1603,1606]	[4,2]	3000	16400000
1683	1031005	2606001	1603	[3]	[102]	[3016006,3026006,3036006,3046006,3056003,3066003]	[1,2,1,2,1,2,1,2,1,2,1,2]	[32,103521,30,103521,32,103521,30,103521,30,103521,30,103521]	[1606,1603]	[4,2]	3000	16340000
1684	1051005	2496001	1607	[3]	[510]	[3016046,3026046,3036046,3046046,3056007,3066007]	[1,2,1,2,1,2,1,2,1,2,1,2]	[33,105523,30,105523,33,105523,32,105523,33,105523,30,105523]	[1607,1646]	[2,4]	3000	16070000
1685	1401003	2666001	1606	[3]	[102]	[3016007,3026007,3036007,3046007,3056011,3066011]	[1,2,1,2,1,2,1,2,1,2,1,2]	[32,140317,30,140317,30,140317,30,140317,30,140317,33,140317]	[1607,1611]	[4,2]	3000	16400000
1686	1211003	2466001	1615	[3]	[509]	[3016043,3026043,3036043,3046043,3056015,3066015]	[1,2,1,2,1,2,1,2,1,2,1,2]	[33,121323,30,121323,30,121323,30,121323,30,121323,30,121323]	[1643,1615]	[4,2]	3000	16230000
1687	1531005	2526001	1606	[3,3]	[101,500]	[3016049,3026049,3036049,3046049,3056006,3066006]	[1,2,1,2,1,2,1,2,1,2,1,2]	[32,153521,33,153521,32,153521,33,153521,33,153521,32,153521]	[1649,1606]	[4,2]	3000	16280000
1688	1401003	2666001	1615	[3,3,3]	[102,501,502]	[3016006,3026011,3036006,3046011,3056015,3066015]	[1,2,1,2,1,2,1,2,1,2,1,2]	[32,140317,30,140317,30,140317,30,140317,30,140317,33,140317]	[1611,1606,1615]	[2,2,2]	4003	16400000
1689	1211003	2466001	1607	[3]	[509]	[3016043,3026043,3036043,3046043,3056007,3066007]	[1,2,1,2,1,2,1,2,1,2,1,2]	[33,121323,30,121323,30,121323,30,121323,30,121323,30,121323]	[1643,1607]	[4,2]	4003	16230000
1690	1531005	2526001	1615	[3]	[102]	[3016049,3026049,3036049,3046049,3056015,3066015]	[1,2,1,2,1,2,1,2,1,2,1,2]	[32,153521,33,153521,32,153521,33,153521,33,153521,32,153521]	[1649,1615]	[4,2]	4003	16280000
1691	1401003	2666001	1603	[3,3,3]	[102,501,502]	[3016003,3026003,3036011,3046011,3056006,3066006]	[1,2,1,2,1,2,1,2,1,2,1,2]	[33,140317,32,140317,32,140317,32,140317,30,140317,33,140317]	[1611,1606,1603]	[2,2,2]	5000	16400000
1692	1031005	2606001	1603	[3,3,3]	[101,102,500]	[3016003,3026003,3036006,3046006,3056006,3066006]	[1,2,1,2,1,2,1,2,1,2,1,2]	[32,103517,32,103517,30,103517,30,103517,32,103517,32,103517]	[1603,1606]	[2,4]	5000	16340000
1693	1051005	2496001	1607	[3,3,3]	[101,103,510]	[3016046,3026046,3036046,3046046,3056007,3066007]	[1,2,1,2,1,2,1,2,1,2,1,2]	[30,105523,32,105523,32,105523,33,105523,33,105523,33,105523]	[1607,1646]	[2,4]	5000	16250000
1694	1291003	2616001	1609	[3,3]	[501,502]	[3016056,3026056,3036056,3046011,3056056,3066011]	[1,2,1,2,1,2,1,2,1,2,1,2]	[33,129323,33,129323,33,129323,33,129323,33,129323,32,129323]	[1656,1611]	[4,2]	4003	16350000
1695	1211003	2466001	1607	[3]	[509]	[3016043,3026043,3036043,3046007,3056043,3066007]	[1,2,1,2,1,2,1,2,1,2,1,2]	[30,121323,33,121323,33,121323,32,121321,33,121321,32,121323]	[1607,1643]	[2,4]	4003	16070000
1696	1021007	2656001	1615	[3,3]	[101,500]	[3016061,3026061,3036061,3046015,3056061,3066015]	[1,2,1,2,1,2,1,2,1,2,1,2]	[33,102717,33,102717,32,102717,33,102717,33,102717,32,102717]	[1615,1661]	[2,4]	4003	16390000
1697	1381003	2596001	1611	[3,3,3]	[101,501,502]	[3016007,3026011,3036011,3046007,3056007,3066007]	[1,2,1,2,1,2,1,2,1,2,1,2]	[30,138323,32,138323,33,138323,33,138323,33,138323,30,138323]	[1607,1611]	[4,2]	3000	16070000
1698	1061004	2646001	1604	[3,3,3]	[102,500,511]	[3016002,3026006,3036006,3046002,3056002,3066002]	[1,2,1,2,1,2,1,2,1,2,1,2]	[30,106417,33,106417,33,106417,32,106417,30,106417,33,106417]	[1606,1602]	[2,4]	3000	16380000
1699	1021007	2656001	1602	[3,3]	[102,500]	[3016061,3026002,3036002,3046061,3056061,3066061]	[1,2,1,2,1,2,1,2,1,2,1,2]	[33,102717,33,102717,33,102717,33,102717,32,102717,33,102717]	[1602,1661]	[2,4]	3000	16390000
1700	1381003	2596001	1607	[3,3]	[501,502]	[3016007,3026007,3036011,3046011,3056011,3066011]	[1,2,1,2,1,2,1,2,1,2,1,2]	[32,138323,32,138323,32,138323,32,138323,32,138323,32,138323]	[1611,1607]	[4,2]	3000	16070000
1701	1051005	2496001	1609	[3]	[510]	[3016046,3026046,3036006,3046046,3056046,3066006]	[1,2,1,2,1,2,1,2,1,2,1,2]	[33,105523,32,105523,32,105523,32,105523,32,105523,32,105523]	[1606,1646]	[2,4]	4003	16250000
1702	1021007	2656001	1602			[3016061,3026061,3036002,3046061,3056061,3066002]	[1,2,1,2,1,2,1,2,1,2,1,2]	[33,102717,33,102717,33,102717,33,102717,32,102717,33,102717]	[1602,1661]	[2,4]	4003	16390000
1703	1291003	2616001	1611	[3,3,3]	[103,501,502]	[3016056,3026056,3036011,3046056,3056056,3066011]	[1,2,1,2,1,2,1,2,1,2,1,2]	[33,129323,33,129323,32,129323,32,129323,33,129323,32,129323]	[1656,1611]	[4,2]	5000	16350000
1704	1211003	2466001	1607	[3,3,3]	[101,103,509]	[3016043,3026043,3036007,3046043,3056043,3066007]	[1,2,1,2,1,2,1,2,1,2,1,2]	[32,121323,30,121323,30,121323,30,121323,32,121323,32,121323]	[1607,1643]	[2,4]	5000	16070000
1705	1021007	2656001	1661	[3,3,3]	[101,103,500]	[3016061,3026061,3036015,3046015,3056015,3066015]	[1,2,1,2,1,2,1,2,1,2,1,2]	[33,102717,30,102717,32,102717,30,102717,33,102717,33,102717]	[1615,1661]	[4,2]	5000	16390000
1706	1381003	2596001	1611	[3,3,3]	[101,501,502]	[3016007,3026007,3036007,3046007,3056011,3066011]	[1,2,1,2,1,2,1,2,1,2,1,2]	[32,138323,32,138323,32,138323,32,138323,32,138323,32,138323]	[1607,1611]	[4,2]	5000	16070000
1707	1051005	2496001	1609	[3,3,3]	[101,102,510]	[3016046,3026046,3036006,3046046,3056046,3066006]	[1,2,1,2,1,2,1,2,1,2,1,2]	[33,105523,32,105523,32,105523,32,105523,32,105523,32,105523]	[1606,1646]	[2,4]	5000	16250000
1708	1021007	2656001	1602	[3,3,3]	[101,103,500]	[3016061,3026061,3036061,3046061,3056002,3066002]	[1,2,1,2,1,2,1,2,1,2,1,2]	[33,102717,33,102717,33,102717,33,102717,32,102717,33,102717]	[1602,1661]	[2,4]	5000	16390000
1709	1291003	2616001	1611	[3,3]	[501,502]	[3016056,3026056,3036056,3046056,3056011,3066011]	[1,2,1,2,1,2,1,2,1,2,1,2]	[33,129323,33,129323,32,129323,32,129323,33,129323,32,129323]	[1611,1656]	[2,4]	3000	16350000
1710	1211003	2466001	1607	[3]	[509]	[3016043,3026043,3036043,3046043,3056007,3066007]	[1,2,1,2,1,2,1,2,1,2,1,2]	[32,121323,30,121323,30,121323,30,121323,32,121323,32,121323]	[1643,1607]	[4,2]	3000	16230000
1711	1021007	2656001	1615	[3]	[500]	[3016061,3026061,3036061,3046061,3056015,3066015]	[1,2,1,2,1,2,1,2,1,2,1,2]	[33,102717,30,102717,32,102717,30,102717,33,102717,33,102717]	[1615,1661]	[2,4]	3000	16390000
1712	1131004	2546001	1609	[3,3,3]	[101,501,502]	[3016007,3026007,3036007,3046007,3056011,3066011]	[1,2,1,2,1,2,1,2,1,2,1,2]	[30,113423,32,113423,30,113423,32,113423,30,113423,33,113423]	[1607,1611]	[4,2]	5000	16070000
1713	1031005	2606001	1654	[3,3,3]	[101,103,500]	[3016054,3026054,3036006,3046006,3056055,3066055]	[1,2,1,2,1,2,1,2,1,2,1,2]	[33,103517,30,103517,30,103517,33,103517,33,103517,33,103517]	[1606,1654,1655]	[2,2,2]	5000	16340000
1714	1071005	2676001	1613	[3,3,3]	[101,103,511]	[3016064,3026064,3036064,3046064,3056013,3066013]	[1,2,1,2,1,2,1,2,1,2,1,2]	[30,107517,32,107517,33,107517,30,107517,30,107517,33,107517]	[1664,1613]	[4,2]	5000	16410000
1715	1131004	2546001	1606	[3]	[502]	[3016007,3026007,3036007,3046007,3056011,3066011]	[1,2,1,2,1,2,1,2,1,2,1,2]	[33,113423,32,113423,33,113423,33,113423,33,113423,33,113423]	[1611,1607]	[2,4]	3000	16070000
1716	1031005	2606001	1606	[3]	[500]	[3016006,3026006,3036055,3046055,3056055,3066055]	[1,2,1,2,1,2,1,2,1,2,1,2]	[30,103521,32,103521,33,103521,32,103521,33,103521,32,103521]	[1606,1655]	[2,4]	3000	16340000
1717	1071005	2676001	1613	[3,3]	[102,511]	[3016064,3026064,3036064,3046064,3056013,3066013]	[1,2,1,2,1,2,1,2,2,2,1,2]	[32,107517,33,107517,32,107517,33,107517,107516,107517,32,107517]	[1664,1613]	[4,2]	3000	16410000
1718	1381003	2596001	1653	[3,3]	[501,502]	[3016007,3026007,3036007,3046010,3056010,3066007]	[1,2,1,2,1,2,1,2,1,2,1,2]	[33,138323,33,138323,32,138323,30,138323,32,138323,33,138323]	[1607,1610]	[4,2]	4003	16070000
1719	1071005	2676001	1614	[3,3]	[500,511]	[3016064,3026064,3036064,3046014,3056014,3066064]	[1,2,1,2,1,2,1,2,1,2,1,2]	[32,107517,30,107523,30,107517,30,107523,32,107517,30,107523]	[1664,1614]	[4,2]	4003	16410000
1720	1531005	2526001	1606	[3,3]	[102,500]	[3016006,3026006,3036049,3046049,3056049,3066049]	[1,2,1,2,1,2,1,2,1,2,1,2]	[30,153521,33,153521,32,153521,32,153521,32,153521,32,153521]	[1649,1606]	[4,2]	4003	16280000
1721	1131004	2546001	1606	[3,3]	[501,502]	[3016011,3026007,3036007,3046011,3056007,3066007]	[1,2,1,2,1,2,1,2,1,2,1,2]	[32,113423,30,113423,32,113423,32,113423,32,113423,30,113423]	[1611,1607]	[2,4]	3000	16070000
1722	1031005	2606001	1655	[3]	[500]	[3016006,3026006,3036055,3046006,3056006,3066055]	[1,2,1,2,1,2,1,2,1,2,2,2]	[33,103521,33,103521,33,103521,33,103521,33,103521,103516,103521]	[1606,1655]	[4,2]	4003	16340000
1723	1071005	2676001	1613	[3]	[511]	[3016064,3026064,3036013,3046064,3056064,3066013]	[1,2,1,2,1,2,1,2,1,2,1,2]	[33,107517,33,107517,33,107517,33,107517,33,107517,30,107517]	[1664,1613]	[4,2]	4003	16410000
1724	1381003	2596001	1607	[3,3]	[501,502]	[3016010,3026010,3036053,3046007,3056007,3066053]	[1,2,1,2,1,2,1,2,1,2,1,2]	[33,138323,32,138323,32,138323,33,138323,33,138323,32,138323]	[1610,1653,1607]	[2,2,2]	3000	16070000
1725	1071005	2676001	1614	[3,3]	[102,511]	[3016064,3026064,3036064,3046064,3056014,3066014]	[1,2,1,2,1,2,1,2,1,2,1,2]	[33,107517,32,107517,33,107517,32,107517,33,107517,32,107517]	[1614,1664]	[2,4]	3000	16410000
1726	1531005	2526001	1606	[3]	[500]	[3016049,3026049,3036049,3046049,3056006,3066006]	[1,2,1,2,1,2,1,2,1,2,1,2]	[33,153521,33,153521,33,153521,33,153521,33,153521,33,153521]	[1649,1606]	[4,2]	3000	16280000
1727	1381003	2596001	1653	[3,3,3]	[103,501,502]	[3016007,3026010,3036010,3046007,3056007,3066007]	[1,2,1,2,1,2,1,2,1,2,1,2]	[33,138323,33,138323,33,138323,33,138323,33,138323,33,138323]	[1610,1607]	[2,4]	5000	16330000
1728	1071005	2676001	1614	[3,3,3]	[101,500,511]	[3016064,3026064,3036064,3046064,3056014,3066014]	[1,2,1,2,1,2,1,2,1,2,1,2]	[33,107517,33,107517,33,107517,33,107517,33,107517,33,107517]	[1614,1664]	[2,4]	5000	16410000
1729	1531005	2526001	1606	[3,3,3]	[101,102,500]	[3016049,3026049,3036049,3046049,3056006,3066006]	[1,2,1,2,1,2,1,2,1,2,1,2]	[33,153521,33,153521,33,153521,33,153521,33,153521,33,153521]	[1649,1606]	[4,2]	5000	16280000
1730	1241003	2456001	1614	[3,3,3]	[101,102,507]	[3016014,3026014,3036042,3046042,3056042,3066042]	[1,2,1,2,1,2,1,2,1,2,1,3]	[32,124323,30,124323,33,124323,30,124323,30,124323,32,124323]	[1614,1642]	[2,4]	3000	16220000
1731	1421003	2696001	1610	[3,3,3]	[101,501,502]	[3016010,3026010,3036007,3046007,3056007,3066007]	[1,2,1,2,1,2,1,2,1,2,1,2]	[32,142323,30,142323,32,142323,32,142323,32,142323,32,142323]	[1610,1607]	[2,4]	3000	16430000
1732	1141004	2626001	1606	[3,3,3]	[101,102,500]	[3016006,3026006,3036057,3046057,3056057,3066057]	[1,2,1,2,1,2,1,2,1,2,1,2]	[30,114417,33,114417,30,114417,32,114417,32,114417,33,114417]	[1606,1657]	[2,4]	3000	16360000
1733	1041005	2576001	1606	[3,3,3]	[101,102,500]	[3016052,3026052,3036052,3046052,3056006,3066006]	[1,2,1,2,1,2,1,2,1,2,1,2]	[30,104517,30,104517,32,104517,30,104517,30,104517,32,104517]	[1652,1606]	[4,2]	5000	16320000
1734	1421003	2696001	1607	[3,3,3]	[103,501,502]	[3016011,3026011,3036007,3046007,3056007,3066007]	[1,2,1,2,1,2,1,2,1,2,1,2]	[33,142323,33,142323,33,142323,33,142323,33,142323,33,142323]	[1611,1607]	[2,4]	5000	16430000
1735	1141004	2626001	1657	[3,3,3]	[103,500,511]	[3016057,3026057,3036013,3046013,3056013,3066013]	[1,2,1,2,1,2,1,2,1,2,1,2]	[33,114423,32,114423,30,114423,32,114423,32,114423,32,114423]	[1657,1613]	[2,4]	5000	16360000
1736	1041005	2576001	1609	[3]	[102]	[3016006,3026006,3036007,3046007,3056007,3066007]	[1,2,1,2,1,2,1,2,1,2,1,2]	[32,104517,32,104517,33,104517,33,104517,33,104517,33,104517]	[1606,1607]	[2,4]	3000	16320000
1737	1421003	2696001	1611	[3,3,3]	[102,501,502]	[3016011,3026011,3036065,3046065,3056065,3066065]	[1,2,1,2,1,2,1,2,1,2,1,2]	[33,142323,33,142323,33,142323,33,142323,33,142323,33,142323]	[1611,1665]	[2,4]	3000	16430000
1738	1141004	2626001	1613	[3,3]	[102,511]	[3016013,3026013,3036057,3046057,3056057,3066057]	[1,2,1,2,1,2,1,2,1,2,1,2]	[33,114417,32,114417,33,114417,33,114417,30,114417,32,114417]	[1613,1657]	[2,4]	3000	16360000
1739	1041005	2576001	1609	[3,3,3]	[102,103,500]	[3016006,3026006,3036007,3046007,3056007,3066007]	[1,2,1,2,1,2,1,2,1,2,1,2]	[32,104517,32,104517,33,104517,33,104517,33,104517,33,104517]	[1606,1607]	[2,4]	4003	16320000
1740	1421003	2696001	1611	[3,3,3]	[102,501,502]	[3016011,3026011,3036065,3046065,3056065,3066065]	[1,2,1,2,1,2,1,2,1,2,1,2]	[33,142323,33,142323,33,142323,33,142323,33,142323,33,142323]	[1611,1665]	[2,4]	4003	16430000
1741	1141004	2626001	1613	[3,3,3]	[101,500,511]	[3016013,3026013,3036057,3046057,3056057,3066057]	[1,2,1,2,1,2,1,2,1,2,1,2]	[33,114417,32,114417,33,114417,33,114417,30,114417,32,114417]	[1613,1657]	[2,4]	4003	16360000
1742	1241003	2456001	1614	[3,3,3]	[101,103,507]	[3016042,3026042,3036042,3046014,3056042,3066014]	[1,2,1,2,1,2,1,2,1,2,1,2]	[32,124323,30,124323,33,124323,30,124323,30,124323,32,124323]	[1642,1614]	[4,2]	5000	16220000
1743	1421003	2696001	1610	[3,3,3]	[101,501,502]	[3016010,3026007,3036010,3046007,3056007,3066007]	[1,2,1,2,1,2,1,2,1,2,1,2]	[32,142323,32,142323,32,142323,32,142323,32,142323,32,142323]	[1610,1607]	[2,4]	5000	16430000
1744	1141004	2626001	1604	[3,3,3]	[101,103,500]	[3016057,3026057,3036057,3046058,3056057,3066058]	[1,2,1,2,1,2,1,2,1,2,1,2]	[30,114417,32,114417,30,114417,32,114417,33,114417,33,114417]	[1657,1658]	[4,2]	5000	16360000
1745	1241003	2456001	1614	[3,3]	[102,507]	[3016042,3026042,3036014,3046042,3056042,3066014]	[1,2,1,2,1,2,1,2,1,2,1,2]	[30,124323,33,124323,30,124323,30,124323,33,124323,33,124323]	[1642,1614]	[4,2]	4003	16220000
1746	1421003	2696001	1610	[3,3,3]	[101,501,502]	[3016007,3026007,3036010,3046007,3056007,3066010]	[1,2,1,2,1,2,1,2,1,2,1,2]	[33,142323,33,142323,33,142323,33,142323,33,142323,33,142323]	[1607,1610]	[4,2]	4003	16430000
1747	1141004	2626001	1606	[3,3]	[101,500]	[3016057,3026057,3036057,3046057,3056006,3066006]	[1,2,1,2,1,2,1,2,1,2,1,2]	[30,114417,33,114417,33,114417,30,114417,30,114417,30,114417]	[1657,1606]	[4,2]	4003	16360000
1748	1411003	2686001	1606	[3,3,3]	[102,103,500]	[3016007,3026007,3036007,3046007,3056009,3066009]	[1,2,1,2,1,2,1,2,1,2,1,2]	[32,141323,32,141323,32,141323,32,141323,32,141323,32,141323]	[1607,1609]	[4,2]	5000	16070000
1749	1421003	2696001	1611	[3,3,3]	[102,501,502]	[3016065,3026065,3036065,3046065,3056011,3066011]	[1,2,1,2,1,2,1,2,1,2,1,2]	[33,142317,33,142317,33,142317,33,142317,33,142317,33,142317]	[1665,1611]	[4,2]	5000	16430000
1750	1141004	2626001	1613	[3,3,3]	[103,500,511]	[3016057,3026057,3036057,3046057,3056013,3066013]	[1,2,1,2,1,2,1,2,1,2,1,2]	[33,114417,33,114417,33,114417,33,114417,33,114417,32,114417]	[1657,1613]	[4,2]	5000	16360000
1751	1411003	2686001	1606	[3,3]	[103,500]	[3016013,3026013,3036013,3046013,3056006,3066006]	[1,2,1,2,1,2,1,2,1,2,1,2]	[33,141317,33,141317,33,141317,33,141317,33,141317,33,141317]	[1613,1606]	[4,2]	4003	16420000
1752	1421003	2696001	1611	[3,3]	[501,502]	[3016007,3026007,3036007,3046007,3056011,3066011]	[1,2,1,2,1,2,1,2,1,2,1,2]	[33,142323,33,142323,33,142323,33,142323,33,142323,33,142323]	[1607,1611]	[4,2]	4003	16430000
1753	1141004	2626001	1613	[3,3,3]	[102,500,511]	[3016057,3026057,3036057,3046057,3056013,3066013]	[1,2,1,2,1,2,1,2,1,2,1,2]	[32,114417,32,114417,33,114417,33,114417,33,114417,30,114417]	[1657,1613]	[4,2]	4003	16360000
1754	1411003	2686001	1609	[3,3,3]	[101,103,500]	[3016004,3026004,3036007,3046007,3056007,3066007]	[1,2,1,2,1,2,1,2,1,2,1,2]	[32,141323,32,141323,32,141323,32,141323,32,141323,32,141323]	[1604,1607]	[2,4]	3000	16420000
1755	1421003	2696001	1611	[3,3,3]	[102,501,502]	[3016011,3026011,3036065,3046065,3056065,3066065]	[1,2,1,2,1,2,1,2,1,2,1,2]	[33,142317,33,142317,33,142317,33,142317,33,142317,33,142317]	[1611,1665]	[2,4]	3000	16430000
1756	1141004	2626001	1613	[3,3,3]	[103,500,511]	[3016013,3026013,3036057,3046057,3056057,3066057]	[1,2,1,2,1,2,1,2,1,2,1,2]	[33,114417,33,114417,33,114417,33,114417,33,114417,32,114417]	[1613,1657]	[2,4]	3000	16360000
5001	1011002	2016001	1604	[3,3,3]	[201,202,203]	[3016005,3026005,3036005,3046005,3056004,3066004]	[1,2,1,2,1,2,1,2,1,2,1,2]	[33,101221,33,101221,33,101221,33,101221,33,101221,33,101221]	[1605,1604]	[4,2]	5000	16010000
5002	1011002	2015001		[1,1,1]	[20,22,24]	[3016005,3026005,3036005,3046005,3056004,3066004]	[1,2,1,2,1,2,1,2,1,2,1,2]	[33,101221,33,101221,33,101221,33,101221,33,101221,33,101221]	[1605,1604]	[4,2]	4003	16010000
5003	1021001	2026001	1612	[3,3,3]	[102,103,500]	[3016012,3026012,3036014,3046014,3056014,3066014]	[1,2,1,2,1,2,1,2,1,2,1,2]	[33,102121,33,102121,33,102121,33,102121,33,102121,33,102121]	[1614,1612]	[4,2]	5000	16010000
5004	1021001	2025001		[1,1,1]	[20,22,24]	[3016012,3026012,3036014,3046014,3056014,3066014]	[1,2,1,2,1,2,1,2,1,2,1,2]	[33,102121,33,102121,33,102121,33,102121,33,102121,33,102121]	[1614,1612]	[4,2]	4003	16010000
5005	1031001	2036001	1610	[3,3,3]	[102,103,501]	[3016007,3026007,3036007,3046007,3056010,3066010]	[1,1,1,1,1,1,1,1,1,1,1,1]	[33,30,33,30,33,30,33,30,33,30,33,30]	[1607,1610]	[4,2]	5000	16020000
5006	1031001	2035001		[1,1,1]	[20,22,24]	[3016007,3026007,3036007,3046007,3056010,3066010]	[1,1,1,1,1,1,1,1,1,1,1,1]	[33,30,33,30,33,30,33,30,33,30,33,30]	[1607,1610]	[4,2]	4003	16020000
5007	1041002	2046001	1606	[3,3,3]	[101,102,500]	[3016014,3026014,3036014,3046014,3056006,3066006]	[1,2,1,2,1,2,1,2,1,2,1,2]	[33,104217,33,104217,33,104217,33,104217,33,104217,33,104217]	[1614,1606]	[4,2]	5000	16070000
5008	1041002	2045001		[1,1,1]	[20,22,24]	[3016014,3026014,3036014,3046014,3056006,3066006]	[1,2,1,2,1,2,1,2,1,2,1,2]	[33,104217,33,104217,33,104217,33,104217,33,104217,33,104217]	[1614,1606]	[4,2]	4003	16070000
5009	1051001	2056001	1608	[3,3,3]	[506,507,512]	[3016007,3026007,3036007,3046007,3056008,3066008]	[1,1,1,1,1,1,1,1,1,1,1,1]	[33,33,33,33,33,33,33,33,33,33,33,33]	[1607,1608]	[4,2]	5000	16070000
5010	1051001	2055001		[1,1,1]	[20,22,24]	[3016007,3026007,3036007,3046007,3056008,3066008]	[1,1,1,1,1,1,1,1,1,1,1,1]	[33,33,33,33,33,33,33,33,33,33,33,33]	[1607,1608]	[4,2]	4003	16070000
5011	1061002	2066001	1608	[3,3,3]	[102,506,507]	[3016007,3026007,3036007,3046007,3056008,3066008]	[1,2,1,2,1,2,1,2,1,2,1,2]	[33,106223,33,106223,33,106223,33,106223,33,106223,33,106223]	[1607,1608]	[4,2]	5000	16010000
5012	1061002	2065001		[1,1,1]	[20,22,24]	[3016007,3026007,3036007,3046007,3056008,3066008]	[1,2,1,2,1,2,1,2,1,2,1,2]	[33,106223,33,106223,33,106223,33,106223,33,106223,33,106223]	[1607,1608]	[4,2]	4003	16010000
5013	1071002	2076001	1604	[3,3,3]	[101,102,500]	[3016005,3026005,3036005,3046005,3056004,3066004]	[1,1,1,1,1,1,1,1,1,1,1,1]	[33,33,33,33,33,33,33,33,33,33,33,33]	[1605,1604]	[4,2]	5000	16160000
5014	1071002	2075001		[1,1,1]	[20,22,24]	[3016005,3026005,3036005,3046005,3056004,3066004]	[1,1,1,1,1,1,1,1,1,1,1,1]	[33,33,33,33,33,33,33,33,33,33,33,33]	[1605,1604]	[4,2]	4003	16160000
5015	1081002	2086001	1604	[3,3,3]	[102,103,500]	[3016014,3026014,3036014,3046014,3056004,3066004]	[1,2,1,2,1,2,1,2,1,2,1,2]	[33,108221,33,108221,33,108221,33,108221,33,108221,33,108221]	[1614,1604]	[4,2]	5000	16090000
5016	1081002	2085001		[1,1,1]	[20,22,24]	[3016014,3026014,3036014,3046014,3056004,3066004]	[1,2,1,2,1,2,1,2,1,2,1,2]	[33,108221,33,108221,33,108221,33,108221,33,108221,33,108221]	[1614,1604]	[4,2]	4003	16090000
5017	1021002	2026002	1604	[3,3,3]	[101,102,103]	[3016004,3026004,3036003,3046003,3056003,3066003]	[1,2,1,2,1,2,1,2,1,2,1,2]	[33,102221,33,102221,33,102221,33,102221,33,102221,33,102221]	[1603,1604]	[4,2]	5000	16010000
5018	1021002	2025001		[1,1,1]	[20,22,24]	[3016004,3026004,3036003,3046003,3056003,3066003]	[1,2,1,2,1,2,1,2,1,2,1,2]	[33,102221,33,102221,33,102221,33,102221,33,102221,33,102221]	[1603,1604]	[4,2]	4003	16010000
5019	1031002	2036002	1611	[3,3,3]	[502,501,101]	[3016007,3026007,3036007,3046007,3056011,3066011]	[1,1,1,1,1,1,1,1,1,1,1,1]	[33,30,33,30,33,30,33,30,33,30,33,30]	[1607,1611]	[4,2]	5000	16070000
5020	1031002	2035001		[1,1,1]	[20,22,24]	[3016007,3026007,3036007,3046007,3056011,3066011]	[1,1,1,1,1,1,1,1,1,1,1,1]	[33,30,33,30,33,30,33,30,33,30,33,30]	[1607,1611]	[4,2]	4003	16070000
5021	1011003	2016002	1604	[3,3,3]	[101,102,500]	[3016014,3026014,3036014,3046014,3056004,3066004]	[1,1,1,1,1,1,1,1,1,1,1,1]	[33,33,33,33,33,33,33,33,33,33,33,33]	[1614,1604]	[4,2]	5000	16010000
5022	1011003	2015001		[1,1,1]	[20,22,24]	[3016014,3026014,3036014,3046014,3056004,3066004]	[1,1,1,1,1,1,1,1,1,1,1,1]	[33,33,33,33,33,33,33,33,33,33,33,33]	[1614,1604]	[4,2]	4003	16010000
5023	1031003	2036001	1610	[3,3,3]	[101,103,501]	[3016007,3026007,3036007,3046007,3056010,3066010]	[1,2,1,2,1,2,1,2,1,2,1,2]	[33,103317,33,103317,33,103317,33,103317,33,103317,33,103317]	[1607,1610]	[4,2]	5000	16090000
5024	1031003	2035001		[1,1,1]	[20,22,24]	[3016007,3026007,3036007,3046007,3056010,3066010]	[1,2,1,2,1,2,1,2,1,2,1,2]	[33,103317,33,103317,33,103317,33,103317,33,103317,33,103317]	[1607,1610]	[4,2]	4003	16090000
5025	1061003	2066002	1609	[3,3,3]	[102,506,511]	[3016013,3026013,3036013,3046013,3056009,3066009]	[1,2,1,2,1,2,1,2,1,2,1,2]	[33,106323,33,106323,33,106323,33,106323,33,106323,33,106323]	[1613,1609]	[4,2]	5000	16020000
5026	1061003	2065001		[1,1,1]	[20,22,24]	[3016013,3026013,3036013,3046013,3056009,3066009]	[1,2,1,2,1,2,1,2,1,2,1,2]	[33,106323,33,106323,33,106323,33,106323,33,106323,33,106323]	[1613,1609]	[4,2]	4003	16020000
5027	1071003	2076002	1604	[3,3,3]	[101,102,500]	[3016005,3026005,3036005,3046005,3056004,3066004]	[1,1,1,1,1,1,1,1,1,1,1,1]	[33,33,33,33,33,33,33,33,33,33,33,33]	[1605,1604]	[4,2]	5000	16060000
5028	1071003	2075001		[1,1,1]	[20,22,24]	[3016005,3026005,3036005,3046005,3056004,3066004]	[1,1,1,1,1,1,1,1,1,1,1,1]	[33,33,33,33,33,33,33,33,33,33,33,33]	[1605,1604]	[4,2]	4003	16060000
5029	1051003	2056002	1609	[3,3,3]	[101,102,508]	[3016007,3026007,3036007,3046007,3056009,3066009]	[1,2,1,2,1,2,1,2,1,2,1,2]	[33,105317,33,105317,33,105317,33,105317,33,105317,33,105317]	[1607,1609]	[4,2]	5000	16010000
5030	1051003	2055001		[1,1,1]	[20,22,24]	[3016007,3026007,3036007,3046007,3056009,3066009]	[1,2,1,2,1,2,1,2,1,2,1,2]	[33,105317,33,105317,33,105317,33,105317,33,105317,33,105317]	[1607,1609]	[4,2]	4003	16010000
5031	1021003	2026004	1604	[3,3,3]	[102,103,500]	[3016014,3026014,3036014,3046014,3056004,3066004]	[1,2,1,2,1,2,1,2,1,2,1,2]	[33,102321,33,102321,33,102321,33,102321,33,102321,33,102321]	[1614,1604]	[4,2]	5000	16120000
5032	1021003	2025001		[1,1,1]	[20,22,24]	[3016014,3026014,3036014,3046014,3056004,3066004]	[1,2,1,2,1,2,1,2,1,2,1,2]	[33,102321,33,102321,33,102321,33,102321,33,102321,33,102321]	[1614,1604]	[4,2]	4003	16120000
5033	1081003	2086002	1604	[3,3,3]	[500,102,101]	[3016013,3026013,3036013,3046013,3056004,3066004]	[1,1,1,1,1,1,1,1,1,1,1,1]	[33,30,33,30,33,30,33,30,33,30,33,30]	[1613,1604]	[4,2]	5000	16020000
5034	1081003	2085001		[1,1,1]	[20,22,24]	[3016013,3026013,3036013,3046013,3056004,3066004]	[1,1,1,1,1,1,1,1,1,1,1,1]	[33,30,33,30,33,30,33,30,33,30,33,30]	[1613,1604]	[4,2]	4003	16020000
5035	1091002	2096001	1608	[3,3,3]	[101,102,201]	[3016007,3026007,3036007,3046007,3056008,3066008]	[1,2,1,2,1,2,1,2,1,2,1,2]	[33,109223,33,109223,33,109223,33,109223,33,109223,33,109223]	[1607,1608]	[4,2]	5000	16090000
5036	1091002	2095001		[1,1,1]	[20,22,24]	[3016007,3026007,3036007,3046007,3056008,3066008]	[1,2,1,2,1,2,1,2,1,2,1,2]	[33,109223,33,109223,33,109223,33,109223,33,109223,33,109223]	[1607,1608]	[4,2]	4003	16090000
5037	1041003	2046002	1601	[3,3,3]	[101,102,500]	[3016003,3026003,3036003,3046003,3056001,3066001]	[1,2,1,2,1,2,1,2,1,2,1,2]	[33,104321,33,104321,33,104321,33,104321,33,104321,33,104321]	[1603,1601]	[4,2]	5000	16030000
5038	1041003	2045001		[1,1,1]	[20,22,24]	[3016003,3026003,3036003,3046003,3056001,3066001]	[1,2,1,2,1,2,1,2,1,2,1,2]	[33,104321,33,104321,33,104321,33,104321,33,104321,33,104321]	[1603,1601]	[4,2]	4003	16030000
5039	1111002	2016003	1611	[3,3,3]	[101,102,505]	[3016007,3026007,3036007,3046007,3056011,3066011]	[1,2,1,2,1,2,1,2,1,2,1,2]	[33,111221,33,111221,33,111221,33,111221,33,111221,33,111221]	[1607,1611]	[4,2]	5000	16010000
5040	1111002	2015001		[1,1,1]	[20,22,24]	[3016007,3026007,3036007,3046007,3056011,3066011]	[1,2,1,2,1,2,1,2,1,2,1,2]	[33,111221,33,111221,33,111221,33,111221,33,111221,33,111221]	[1607,1611]	[4,2]	4003	16010000
5041	1121002	2096002	1609	[3,3,3]	[101,506,510]	[3016007,3026007,3036007,3046007,3056009,3066009]	[1,1,1,1,1,1,1,1,1,1,1,1]	[33,33,33,33,33,33,33,33,33,33,33,33]	[1607,1609]	[4,2]	5000	16070000
5042	1121002	2095001		[1,1,1]	[20,22,24]	[3016007,3026007,3036007,3046007,3056009,3066009]	[1,1,1,1,1,1,1,1,1,1,1,1]	[33,33,33,33,33,33,33,33,33,33,33,33]	[1607,1609]	[4,2]	4003	16070000
5043	1021004	2026005	1604	[3,3,3]	[101,102,500]	[3016005,3026005,3036005,3046005,3056004,3066004]	[1,2,1,2,1,2,1,2,1,2,1,2]	[33,102417,33,102417,33,102417,33,102417,33,102417,33,102417]	[1605,1604]	[4,2]	5000	16050000
5044	1021004	2025001		[1,1,1]	[20,22,24]	[3016005,3026005,3036005,3046005,3056004,3066004]	[1,2,1,2,1,2,1,2,1,2,1,2]	[33,102417,33,102417,33,102417,33,102417,33,102417,33,102417]	[1605,1604]	[4,2]	4003	16050000
5045	1131002	2026006	1611	[3,3,3]	[101,501,502]	[3016007,3026007,3036007,3046007,3056011,3066011]	[1,1,1,1,1,1,1,1,1,1,1,1]	[33,32,33,32,33,32,33,32,33,32,33,32]	[1607,1611]	[4,2]	5000	16020000
5046	1131002	2025001		[1,1,1]	[20,22,24]	[3016007,3026007,3036007,3046007,3056011,3066011]	[1,1,1,1,1,1,1,1,1,1,1,1]	[33,32,33,32,33,32,33,32,33,32,33,32]	[1607,1611]	[4,2]	4003	16020000
5047	1141003	2116001	1608	[3,3,3]	[101,506,507]	[3016017,3026017,3036017,3046017,3056008,3066008]	[1,2,1,2,1,2,1,2,1,2,1,2]	[33,114323,33,114323,33,114323,33,114323,33,114323,33,114323]	[1617,1608]	[4,2]	5000	16040000
5048	1141003	2115001		[1,1,1]	[20,22,24]	[3016017,3026017,3036017,3046017,3056008,3066008]	[1,2,1,2,1,2,1,2,1,2,1,2]	[33,114323,33,114323,33,114323,33,114323,33,114323,33,114323]	[1617,1608]	[4,2]	4003	16040000
5049	1521003	2136001		[3,3,3]	[301,302,303]	[3016018,3026018,3036018,3046018,3056018,3066018]	[1,2,1,2,1,2,1,2,1,2,1,2]	[33,152321,33,152321,33,152321,33,152321,33,152321,33,152321]	[1618]	[6]	5000	16040000
5050	1521003	2135001		[1,1,1]	[20,22,24]	[3016018,3026018,3036018,3046018,3056018,3066018]	[1,2,1,2,1,2,1,2,1,2,1,2]	[33,152321,33,152321,33,152321,33,152321,33,152321,33,152321]	[1618]	[6]	4003	16040000
5051	1161002	2146001	1609	[3,3,3]	[101,506,509]	[3016007,3026007,3036007,3046007,3056009,3066009]	[1,2,1,2,1,2,1,2,1,2,1,2]	[33,116217,33,116217,33,116217,33,116217,33,116217,33,116217]	[1607,1609]	[4,2]	5000	16050000
5052	1161002	2145001		[1,1,1]	[20,22,24]	[3016007,3026007,3036007,3046007,3056009,3066009]	[1,2,1,2,1,2,1,2,1,2,1,2]	[33,116217,33,116217,33,116217,33,116217,33,116217,33,116217]	[1607,1609]	[4,2]	4003	16050000
5053	1181003	2126001	1604	[3,3,3]	[102,103,500]	[3016004,3026004,3036014,3046014,3056014,3066014]	[1,2,1,2,1,2,1,2,1,2,1,2]	[33,118317,33,118317,33,118317,33,118317,33,118317,33,118317]	[1614,1604]	[4,2]	5000	16120000
5054	1181003	2125001		[1,1,1]	[20,22,24]	[3016004,3026004,3036014,3046014,3056014,3066014]	[1,2,1,2,1,2,1,2,1,2,1,2]	[33,118317,33,118317,33,118317,33,118317,33,118317,33,118317]	[1614,1604]	[4,2]	4003	16120000
5055	1191003	2166001	1610	[3,3,3]	[501,502,101]	[3016010,3026010,3036007,3046007,3056007,3066007]	[1,2,1,2,1,2,1,2,1,2,1,2]	[33,119322,33,119322,33,119322,33,119322,33,119322,33,119322]	[1607,1610]	[4,2]	5000	16040000
5056	1191003	2165001		[1,1,1]	[20,22,24]	[3016010,3026010,3036007,3046007,3056007,3066007]	[1,2,1,2,1,2,1,2,1,2,1,2]	[33,119322,33,119322,33,119322,33,119322,33,119322,33,119322]	[1607,1610]	[4,2]	4003	16040000
5057	1201003	2156001	1608	[3,3,3]	[102,103,507]	[3016014,3026014,3036014,3046014,3056008,3066008]	[1,2,1,2,1,2,1,2,1,2,1,2]	[33,120317,33,120317,33,120317,33,120317,33,120317,33,120317]	[1614,1608]	[4,2]	5000	16040000
5058	1201003	2155001		[1,1,1]	[20,22,24]	[3016014,3026014,3036014,3046014,3056008,3066008]	[1,2,1,2,1,2,1,2,1,2,1,2]	[33,120317,33,120317,33,120317,33,120317,33,120317,33,120317]	[1614,1608]	[4,2]	4003	16040000
5059	1171003	2176001	1604	[3,3,3]	[101,102,500]	[3016019,3026019,3036019,3046019,3056004,3066004]	[1,2,1,2,1,2,1,2,1,2,1,2]	[33,117321,33,117321,33,117321,33,117321,33,117321,33,117321]	[1619,1604]	[4,2]	5000	16020000
5060	1171003	2175001		[1,1,1]	[20,22,24]	[3016019,3026019,3036019,3046019,3056004,3066004]	[1,2,1,2,1,2,1,2,1,2,1,2]	[33,117321,33,117321,33,117321,33,117321,33,117321,33,117321]	[1619,1604]	[4,2]	4003	16020000
5061	1511003	2106001		[3,3,3]	[301,302,303]	[3016016,3026016,3036016,3046016,3056016,3066016]	[1,2,1,2,1,2,1,2,1,2,1,2]	[33,115221,33,115221,33,115221,33,115221,33,115221,33,115221]	[1616]	[6]	5000	16020000
5062	1511003	2105001		[1,1,1]	[20,22,24]	[3016016,3026016,3036016,3046016,3056016,3066016]	[1,2,1,2,1,2,1,2,1,2,1,2]	[33,115221,33,115221,33,115221,33,115221,33,115221,33,115221]	[1616]	[6]	4003	16020000
5063	1531003	2196001		[3,3,3]	[301,302,303]	[3016020,3026020,3036020,3046020,3056020,3066020]	[1,1,1,1,1,1,1,1,1,1,1,1]	[33,32,33,32,33,32,33,32,33,32,33,32]	[1620]	[6]	5000	16030000
5064	1531003	2195001		[1,1,1]	[20,22,24]	[3016020,3026020,3036020,3046020,3056020,3066020]	[1,1,1,1,1,1,1,1,1,1,1,1]	[33,32,33,32,33,32,33,32,33,32,33,32]	[1620]	[6]	4003	16030000
5065	1211002	2186001	1611	[3,3,3]	[101,501,502]	[3016007,3026007,3036007,3046007,3056011,3066011]	[1,2,1,2,1,2,1,2,1,2,1,2]	[33,121218,33,121218,33,121218,33,121218,33,121218,33,121218]	[1607,1611]	[4,2]	5000	16050000
5066	1211002	2185001		[1,1,1]	[20,22,24]	[3016007,3026007,3036007,3046007,3056011,3066011]	[1,2,1,2,1,2,1,2,1,2,1,2]	[33,121218,33,121218,33,121218,33,121218,33,121218,33,121218]	[1607,1611]	[4,2]	4003	16050000
5067	1121003	2206001	1609	[3,3,3]	[102,506,509]	[3016007,3026007,3036007,3046007,3056009,3066009]	[1,2,1,2,1,2,1,2,1,2,1,2]	[33,112323,33,112323,33,112323,33,112323,33,112323,33,112323]	[1607,1609]	[4,2]	5000	16080000
5068	1121003	2205001		[1,1,1]	[20,22,24]	[3016007,3026007,3036007,3046007,3056009,3066009]	[1,2,1,2,1,2,1,2,1,2,1,2]	[33,112323,33,112323,33,112323,33,112323,33,112323,33,112323]	[1607,1609]	[4,2]	4003	16080000
5069	1221002	2216001	1609	[3,3,3]	[506,511,101]	[3016013,3026013,3036013,3046013,3056009,3066009]	[1,2,1,2,1,2,1,2,1,2,1,2]	[33,122223,33,122223,33,122223,33,122223,33,122223,33,122223]	[1613,1609]	[4,2]	5000	16020000
5070	1221002	2215001		[1,1,1]	[20,22,24]	[3016013,3026013,3036013,3046013,3056009,3066009]	[1,2,1,2,1,2,1,2,1,2,1,2]	[33,122223,33,122223,33,122223,33,122223,33,122223,33,122223]	[1613,1609]	[4,2]	4003	16020000
5071	1131003	2236001	1609	[3,3,3]	[102,506,510]	[3016022,3026022,3036022,3046022,3056009,3066009]	[1,2,1,2,1,2,1,2,1,2,1,2]	[33,113321,33,113321,33,113321,33,113321,33,113321,33,113321]	[1622,1609]	[4,2]	5000	16070000
5072	1131003	2235001		[1,1,1]	[20,22,24]	[3016022,3026022,3036022,3046022,3056009,3066009]	[1,2,1,2,1,2,1,2,1,2,1,2]	[33,113321,33,113321,33,113321,33,113321,33,113321,33,113321]	[1622,1609]	[4,2]	4003	16070000
5073	1541003	2226001		[3,3,3]	[301,303,402]	[3016023,3026023,3036023,3046023,3056023,3066023]	[1,2,1,2,1,2,1,2,1,2,1,2]	[33,154317,33,154317,33,154317,33,154317,33,154317,33,154317]	[1623]	[6]	5000	16100000
5074	1541003	2225001		[1,1,1]	[20,22,24]	[3016023,3026023,3036023,3046023,3056023,3066023]	[1,2,1,2,1,2,1,2,1,2,1,2]	[33,154317,33,154317,33,154317,33,154317,33,154317,33,154317]	[1623]	[6]	4003	16100000
5075	1031004	2246001	1611	[3,3,3]	[102,501,502]	[3016007,3026007,3036007,3046007,3056011,3066011]	[1,2,1,2,1,2,1,2,1,2,1,2]	[33,103423,33,103423,33,103423,33,103423,33,103423,33,103423]	[1607,1611]	[4,2]	5000	16010000
5076	1031004	2245001		[1,1,1]	[20,22,24]	[3016007,3026007,3036007,3046007,3056011,3066011]	[1,2,1,2,1,2,1,2,1,2,1,2]	[33,103423,33,103423,33,103423,33,103423,33,103423,33,103423]	[1607,1611]	[4,2]	4003	16010000
5077	1031004	2246001	1604	[3,3,3]	[102,501,502]	[3016024,3026024,3036024,3046024,3056004,3066004]	[1,2,1,2,1,2,1,2,1,2,1,2]	[33,103423,33,103423,33,103423,33,103423,33,103423,33,103423]	[1624,1604]	[4,2]	5000	16010000
5078	1531004	2256001	1611	[3,3,3]	[102,501,502]	[3016025,3026025,3036025,3046025,3056011,3066011]	[1,2,1,2,1,2,1,2,1,2,1,2]	[33,153423,33,153423,33,153423,33,153423,33,153423,33,153423]	[1625,1611]	[4,2]	5000	16070000
5079	1531004	2255001		[1,1,1]	[20,22,24]	[3016025,3026025,3036025,3046025,3056011,3066011]	[1,2,1,2,1,2,1,2,1,2,1,2]	[33,153423,33,153423,33,153423,33,153423,33,153423,33,153423]	[1625,1611]	[4,2]	4003	16070000
5080	1551003	2266001		[3,3,3]	[302,303,403]	[3016026,3026026,3036026,3046026,3056026,3066026]	[1,2,1,2,1,2,1,2,1,2,1,2]	[33,155317,33,155317,33,155317,33,155317,33,155317,33,155317]	[1626]	[6]	5000	16090000
5081	1551003	2265001		[1,1,1]	[20,22,24]	[3016026,3026026,3036026,3046026,3056026,3066026]	[1,2,1,2,1,2,1,2,1,2,1,2]	[33,155317,33,155317,33,155317,33,155317,33,155317,33,155317]	[1626]	[6]	4003	16090000
5082	1051004	2276001	1609	[3,3,3]	[102,506,508]	[3016027,3026027,3036027,3046027,3056009,3066009]	[1,2,1,2,1,2,1,2,1,2,1,2]	[33,105423,33,105423,33,105423,33,105423,33,105423,33,105423]	[1627,1609]	[4,2]	5000	16100000
5083	1051004	2275001		[1,1,1]	[20,22,24]	[3016027,3026027,3036027,3046027,3056009,3066009]	[1,2,1,2,1,2,1,2,1,2,1,2]	[33,105423,33,105423,33,105423,33,105423,33,105423,33,105423]	[1627,1609]	[4,2]	4003	16100000
5084	1561003	2096003		[3,3,3]	[301,303,402]	[3016028,3026028,3036028,3046028,3056028,3066028]	[1,2,1,2,1,2,1,2,1,2,1,2]	[33,156317,33,156317,33,156317,33,156317,33,156317,33,156317]	[1628]	[6]	5000	16200000
5085	1561003	2095001		[1,1,1]	[20,22,24]	[3016028,3026028,3036028,3046028,3056028,3066028]	[1,2,1,2,1,2,1,2,1,2,1,2]	[33,156317,33,156317,33,156317,33,156317,33,156317,33,156317]	[1628]	[6]	4003	16200000
5086	1071004	2286001	1609	[3,3,3]	[101,506,511]	[3016029,3026029,3036029,3046029,3056009,3066009]	[1,2,1,2,1,2,1,2,1,2,1,2]	[33,107423,33,107423,33,107423,33,107423,33,107423,33,107423]	[1629,1609]	[4,2]	5000	16110000
5087	1071004	2285001		[1,1,1]	[20,22,24]	[3016029,3026029,3036029,3046029,3056009,3066009]	[1,2,1,2,1,2,1,2,1,2,1,2]	[33,107423,33,107423,33,107423,33,107423,33,107423,33,107423]	[1629,1609]	[4,2]	4003	16110000
5088	1571003	2296001		[3,3,3]	[302,303,401]	[3016030,3026030,3036030,3046030,3056030,3066030]	[1,2,1,2,1,2,1,2,1,2,1,2]	[33,157321,33,157321,33,157321,33,157321,33,157321,33,157321]	[1630]	[6]	5000	16070000
5089	1571003	2295001		[1,1,1]	[20,22,24]	[3016030,3026030,3036030,3046030,3056030,3066030]	[1,2,1,2,1,2,1,2,1,2,1,2]	[33,157321,33,157321,33,157321,33,157321,33,157321,33,157321]	[1630]	[6]	4003	16070000
5090	1041004	2306001	1606	[3,3,3]	[101,102,500]	[3016031,3026031,3036031,3046031,3056006,3066006]	[1,2,1,2,1,2,1,2,1,2,1,2]	[33,104417,33,104417,33,104417,33,104417,33,104417,33,104417]	[1631,1606]	[4,2]	5000	16120000
5091	1041004	2305001		[1,1,1]	[20,22,24]	[3016031,3026031,3036031,3046031,3056006,3066006]	[1,2,1,2,1,2,1,2,1,2,1,2]	[33,104417,33,104417,33,104417,33,104417,33,104417,33,104417]	[1631,1606]	[4,2]	4003	16120000
5092	1041004	2306001	1617	[3,3,3]	[101,102,500]	[3016031,3026031,3036031,3046031,3056017,3066017]	[1,2,1,2,1,2,1,2,1,2,1,2]	[33,104417,33,104417,33,104417,33,104417,33,104417,33,104417]	[1631,1617]	[4,2]	5000	16120000
5093	1041004	2306001	1604	[3,3,3]	[101,102,500]	[3016031,3026031,3036031,3046031,3056004,3066004]	[1,2,1,2,1,2,1,2,1,2,1,2]	[33,104417,33,104417,33,104417,33,104417,33,104417,33,104417]	[1631,1604]	[4,2]	5000	16120000
5094	1231002	2316001	1604	[3,3,3]	[101,102,500]	[3016015,3026015,3036015,3046015,3056004,3066004]	[1,2,1,2,1,2,1,2,1,2,1,2]	[33,123217,33,123217,33,123217,33,123217,33,123217,33,123217]	[1615,1604]	[4,2]	5000	16050000
5095	1231002	2315001		[1,1,1]	[20,22,24]	[3016015,3026015,3036015,3046015,3056004,3066004]	[1,2,1,2,1,2,1,2,1,2,1,2]	[33,123217,33,123217,33,123217,33,123217,33,123217,33,123217]	[1615,1604]	[4,2]	4003	16050000
5096	1011004	2326001	1606	[3,3,3]	[101,103,500]	[3016032,3026032,3036032,3046032,3056006,3066006]	[1,2,1,2,1,2,1,2,1,2,1,2]	[33,101417,33,101417,33,101417,33,101417,33,101417,33,101417]	[1632,1606]	[4,2]	5000	16130000
5097	1011004	2325001		[1,1,1]	[20,22,24]	[3016032,3026032,3036032,3046032,3056006,3066006]	[1,2,1,2,1,2,1,2,1,2,1,2]	[33,101417,33,101417,33,101417,33,101417,33,101417,33,101417]	[1632,1606]	[4,2]	4003	16130000
5098	1011004	2326001	1604	[3,3,3]	[101,103,500]	[3016032,3026032,3036032,3046032,3056004,3066004]	[1,2,1,2,1,2,1,2,1,2,1,2]	[33,101417,33,101417,33,101417,33,101417,33,101417,33,101417]	[1632,1604]	[4,2]	5000	16130000
5099	1231002	2316001	1604	[3,3,3]	[101,102,500]	[3016005,3026005,3036005,3046005,3056004,3066004]	[1,2,1,2,1,2,1,2,1,2,1,2]	[33,123217,33,123217,33,123217,33,123217,33,123217,33,123217]	[1605,1604]	[4,2]	5000	16050000
5100	1231002	2315001		[1,1,1]	[20,22,24]	[3016005,3026005,3036005,3046005,3056004,3066004]	[1,2,1,2,1,2,1,2,1,2,1,2]	[33,123217,33,123217,33,123217,33,123217,33,123217,33,123217]	[1605,1604]	[4,2]	4003	16050000
5101	1091003	2336001	1604	[3,3,3]	[501,502,504]	[3016033,3026033,3036033,3046033,3056004,3066004]	[1,2,1,2,1,2,1,2,1,2,1,2]	[33,109323,33,109323,33,109323,33,109323,33,109323,33,109323]	[1633,1604]	[4,2]	5000	16140000
5102	1091003	2335001		[1,1,1]	[20,22,24]	[3016033,3026033,3036033,3046033,3056004,3066004]	[1,2,1,2,1,2,1,2,1,2,1,2]	[33,109323,33,109323,33,109323,33,109323,33,109323,33,109323]	[1633,1604]	[4,2]	4003	16140000
5103	1021005	2346001	1606	[3,3,3]	[101,102,500]	[3016034,3026034,3036034,3046034,3056006,3066006]	[1,2,1,2,1,2,1,2,1,2,1,2]	[33,102517,33,102517,33,102517,33,102517,33,102517,33,102517]	[1634,1606]	[4,2]	5000	16150000
5104	1021005	2345001		[1,1,1]	[20,22,24]	[3016034,3026034,3036034,3046034,3056006,3066006]	[1,2,1,2,1,2,1,2,1,2,1,2]	[33,102517,33,102517,33,102517,33,102517,33,102517,33,102517]	[1634,1606]	[4,2]	4003	16150000
5105	1021005	2346001	1622	[3,3,3]	[101,102,500]	[3016034,3026034,3036034,3046034,3056022,3066022]	[1,2,1,2,1,2,1,2,1,2,1,2]	[33,102517,33,102517,33,102517,33,102517,33,102517,33,102517]	[1634,1622]	[4,2]	5000	16150000
5106	1241002	2356001	1610	[3,3,3]	[501,502,505]	[3016007,3026007,3036007,3046007,3056010,3066010]	[1,2,1,2,1,2,1,2,1,2,1,2]	[33,124223,33,124223,33,124223,33,124223,33,124223,33,124223]	[1607,1610]	[4,2]	5000	16090000
5107	1241002	2355001		[1,1,1]	[20,22,24]	[3016007,3026007,3036007,3046007,3056010,3066010]	[1,2,1,2,1,2,1,2,1,2,1,2]	[33,124223,33,124223,33,124223,33,124223,33,124223,33,124223]	[1607,1610]	[4,2]	4003	16090000
5108	1221003	2366001	1622	[3,3,3]	[101,501,502]	[3016035,3026035,3036035,3046035,3056022,3066022]	[1,2,1,2,1,2,1,2,1,2,1,2]	[33,122323,33,122323,33,122323,33,122323,33,122323,33,122323]	[1635,1622]	[4,2]	5000	16070000
5109	1221003	2366001	1611	[3,3,3]	[101,501,502]	[3016007,3026007,3036007,3046007,3056011,3066011]	[1,2,1,2,1,2,1,2,1,2,1,2]	[33,122323,33,122323,33,122323,33,122323,33,122323,33,122323]	[1607,1611]	[4,2]	5000	16070000
5110	1221003	2365001		[1,1,1]	[20,22,24]	[3016035,3026035,3036035,3046035,3056006,3066006]	[1,2,1,2,1,2,1,2,1,2,1,2]	[33,122323,33,122323,33,122323,33,122323,33,122323,33,122323]	[1635,1606]	[4,2]	4003	16070000
5111	1221003	2365001		[1,1,1]	[20,22,24]	[3016007,3026007,3036007,3046007,3056011,3066011]	[1,2,1,2,1,2,1,2,1,2,1,2]	[33,122323,33,122323,33,122323,33,122323,33,122323,33,122323]	[1607,1611]	[4,2]	4003	16070000
5112	1251002	2376001	1604	[3,3,3]	[101,500,103]	[3016003,3026003,3036003,3046003,3056004,3066004]	[1,2,1,2,1,2,1,2,1,2,1,2]	[33,125221,33,125221,33,125221,33,125221,33,125221,33,125221]	[1603,1604]	[4,2]	5000	16150000
5113	1251002	2375001		[1,1,1]	[20,22,24]	[3016003,3026003,3036003,3046003,3056004,3066004]	[1,2,1,2,1,2,1,2,1,2,1,2]	[33,125221,33,125221,33,125221,33,125221,33,125221,33,125221]	[1603,1604]	[4,2]	4003	16150000
5114	1261003	2046003	1610	[3,3,3]	[102,501,502]	[3016036,3026036,3036036,3046036,3056010,3066010]	[1,2,1,2,1,2,1,2,1,2,1,2]	[33,126323,33,126323,33,126323,33,126323,33,126323,33,126323]	[1636,1610]	[4,2]	5000	16170000
5115	1261003	2046003	1604	[3,3,3]	[102,501,502]	[3016036,3026036,3036036,3046036,3056004,3066004]	[1,2,1,2,1,2,1,2,1,2,1,2]	[33,126323,33,126323,33,126323,33,126323,33,126323,33,126323]	[1636,1604]	[4,2]	5000	16170000
5116	1261003	2045001		[1,1,1]	[20,22,24]	[3016036,3026036,3036036,3046036,3056010,3066010]	[1,2,1,2,1,2,1,2,1,2,1,2]	[33,126323,33,126323,33,126323,33,126323,33,126323,33,126323]	[1636,1610]	[4,2]	4003	16170000
5117	1261003	2045001		[1,1,1]	[20,22,24]	[3016036,3026036,3036036,3046036,3056004,3066004]	[1,2,1,2,1,2,1,2,1,2,1,2]	[33,126323,33,126323,33,126323,33,126323,33,126323,33,126323]	[1636,1604]	[4,2]	4003	16170000
5118	1271003	2386001	1604	[3,3,3]	[102,103,500]	[3016037,3026037,3036037,3046037,3056004,3066004]	[1,2,1,2,1,2,1,2,1,2,1,2]	[33,127317,33,127317,33,127317,33,127317,33,127317,33,127317]	[1637,1604]	[4,2]	5000	16180000
5119	1271003	2385001		[1,1,1]	[20,22,24]	[3016037,3026037,3036037,3046037,3056004,3066004]	[1,2,1,2,1,2,1,2,1,2,1,2]	[33,127317,33,127317,33,127317,33,127317,33,127317,33,127317]	[1637,1604]	[4,2]	4003	16180000
5120	1281002	2396001	1612	[3,3,3]	[101,102,500]	[3016002,3026002,3036002,3046002,3056012,3066012]	[1,2,1,2,1,2,1,2,1,2,1,2]	[33,128217,33,128217,33,128217,33,128217,33,128217,33,128217]	[1602,1612]	[4,2]	5000	16010000
5121	1281002	2395001		[1,1,1]	[20,22,24]	[3016002,3026002,3036002,3046002,3056012,3066012]	[1,2,1,2,1,2,1,2,1,2,1,2]	[33,128217,33,128217,33,128217,33,128217,33,128217,33,128217]	[1602,1612]	[4,2]	4003	16010000
5122	1081004	2406001	1609	[3,3,3]	[101,508,103]	[3016038,3026038,3036038,3046038,3056009,3066009]	[1,2,1,2,1,2,1,2,1,2,1,2]	[33,108423,33,108423,33,108423,33,108423,33,108423,33,108423]	[1638,1609]	[4,2]	5000	16190000
5123	1081004	2405001		[1,1,1]	[20,22,24]	[3016038,3026038,3036038,3046038,3056009,3066009]	[1,2,1,2,1,2,1,2,1,2,1,2]	[33,108423,33,108423,33,108423,33,108423,33,108423,33,108423]	[1638,1609]	[4,2]	4003	16190000
5124	1521004	2416001	1604	[3,3,3]	[101,102,500]	[3016040,3026040,3036040,3046040,3056004,3066004]	[1,2,1,2,1,2,1,2,1,2,1,2]	[33,152417,33,152417,33,152417,33,152417,33,152417,33,152417]	[1640,1604]	[4,2]	5000	16200000
5125	1521004	2415001		[1,1,1]	[20,22,24]	[3016040,3026040,3036040,3046040,3056004,3066004]	[1,2,1,2,1,2,1,2,1,2,1,2]	[33,152417,33,152417,33,152417,33,152417,33,152417,33,152417]	[1640,1604]	[4,2]	4003	16200000
5126	1291002	2426001	1611	[3,3,3]	[501,502,101]	[3016007,3026007,3036007,3046007,3056011,3066011]	[1,2,1,2,1,2,1,2,1,2,1,2]	[33,129217,33,129217,33,129217,33,129217,33,129217,33,129217]	[1607,1611]	[4,2]	5000	16020000
5127	1291002	2425001		[1,1,1]	[20,22,24]	[3016007,3026007,3036007,3046007,3056011,3066011]	[1,2,1,2,1,2,1,2,1,2,1,2]	[33,129217,33,129217,33,129217,33,129217,33,129217,33,129217]	[1607,1611]	[4,2]	4003	16020000
5128	1171004	2436001	1606	[3,3,3]	[101,103,500]	[3016041,3026041,3036041,3046041,3056006,3066006]	[1,2,1,2,1,2,1,2,1,2,1,2]	[33,117417,33,117417,33,117417,33,117417,33,117417,33,117417]	[1641,1606]	[4,2]	5000	16210000
5129	1171004	2435001		[1,1,1]	[20,22,24]	[3016041,3026041,3036041,3046041,3056006,3066006]	[1,2,1,2,1,2,1,2,1,2,1,2]	[33,117417,33,117417,33,117417,33,117417,33,117417,33,117417]	[1641,1606]	[4,2]	4003	16210000
5130	1301002	2446001	1609	[3,3,3]	[102,506,508]	[3016002,3026002,3036002,3046002,3056009,3066009]	[1,2,1,2,1,2,1,2,1,2,1,2]	[33,130223,33,130223,33,130223,33,130223,33,130223,33,130223]	[1602,1609]	[4,2]	5000	16010000
5131	1301002	2445001		[1,1,1]	[20,22,24]	[3016002,3026002,3036002,3046002,3056009,3066009]	[1,2,1,2,1,2,1,2,1,2,1,2]	[33,130223,33,130223,33,130223,33,130223,33,130223,33,130223]	[1602,1609]	[4,2]	4003	16010000
5132	1241003	2456001	1614	[3,3,3]	[507,102,101]	[3016042,3026042,3036042,3046042,3056014,3066014]	[1,2,1,2,1,2,1,2,1,2,1,2]	[33,124323,33,124323,33,124323,33,124323,33,124323,33,124323]	[1642,1614]	[4,2]	5000	16220000
5133	1241003	2455001		[1,1,1]	[20,22,24]	[3016042,3026042,3036042,3046042,3056014,3066014]	[1,2,1,2,1,2,1,2,1,2,1,2]	[33,124323,33,124323,33,124323,33,124323,33,124323,33,124323]	[1642,1614]	[4,2]	4003	16220000
5134	1211003	2466001	1607	[3,3,3]	[101,509,102]	[3016043,3026043,3036043,3046043,3056007,3066007]	[1,2,1,2,1,2,1,2,1,2,1,2]	[33,121317,33,121317,33,121317,33,121317,33,121317,33,121317]	[1643,1607]	[4,2]	5000	16230000
5135	1211003	2465001		[1,1,1]	[20,22,24]	[3016043,3026043,3036043,3046043,3056007,3066007]	[1,2,1,2,1,2,1,2,1,2,1,2]	[33,121317,33,121317,33,121317,33,121317,33,121317,33,121317]	[1643,1607]	[4,2]	4003	16230000
5136	1021006	2476001	1606	[3,3,3]	[500,102,101]	[3016044,3026044,3036044,3046044,3056006,3066006]	[1,2,1,2,1,2,1,2,1,2,1,2]	[33,102617,33,102617,33,102617,33,102617,33,102617,33,102617]	[1644,1606]	[4,2]	5000	16240000
5137	1021006	2475001		[1,1,1]	[20,22,24]	[3016044,3026044,3036044,3046044,3056006,3066006]	[1,2,1,2,1,2,1,2,1,2,1,2]	[33,102617,33,102617,33,102617,33,102617,33,102617,33,102617]	[1644,1606]	[4,2]	4003	16240000
5138	1311002	2486001	1606	[3,3,3]	[101,203,500]	[3016003,3026003,3036003,3046003,3056004,3066004]	[1,2,1,2,1,2,1,2,1,2,1,2]	[33,131223,33,131223,33,131223,33,131223,33,131223,33,131223]	[1603,1606]	[4,2]	5000	16350000
5139	1311002	2485001		[1,1,1]	[20,22,24]	[3016003,3026003,3036003,3046003,3056006,3066006]	[1,2,1,2,1,2,1,2,1,2,1,2]	[33,131223,33,131223,33,131223,33,131223,33,131223,33,131223]	[1603,1606]	[4,2]	4003	16350000
5140	1051005	2496001	1607	[3,3,3]	[101,103,510]	[3016046,3026046,3036046,3046046,3056007,3066007]	[1,2,1,2,1,2,1,2,1,2,1,2]	[33,105517,33,105517,33,105517,33,105517,33,105517,33,105517]	[1646,1607]	[4,2]	5000	16250000
5141	1051005	2495001		[1,1,1]	[20,22,24]	[3016046,3026046,3036046,3046046,3056007,3066007]	[1,2,1,2,1,2,1,2,1,2,1,2]	[33,105517,33,105517,33,105517,33,105517,33,105517,33,105517]	[1646,1607]	[4,2]	4003	16250000
5142	1321003	2506001	1606	[3,3,3]	[502,102,508]	[3016047,3026047,3036047,3046047,3056006,3066006]	[1,2,1,2,1,2,1,2,1,2,1,2]	[33,132317,33,132317,33,132317,33,132317,33,132317,33,132317]	[1647,1606]	[4,2]	5000	16260000
5143	1321003	2505001		[1,1,1]	[20,22,24]	[3016047,3026047,3036047,3046047,3056006,3066006]	[1,2,1,2,1,2,1,2,1,2,1,2]	[33,132317,33,132317,33,132317,33,132317,33,132317,33,132317]	[1647,1606]	[4,2]	4003	16260000
5144	1321003	2506001	1611	[3,3,3]	[101,102,508]	[3016047,3026047,3036047,3046047,3056011,3066011]	[1,2,1,2,1,2,1,2,1,2,1,2]	[33,132317,33,132317,33,132317,33,132317,33,132317,33,132317]	[1647,1611]	[4,2]	5000	16260000
5145	1321003	2505001		[1,1,1]	[20,22,24]	[3016047,3026047,3036047,3046047,3056011,3066011]	[1,2,1,2,1,2,1,2,1,2,1,2]	[33,132317,33,132317,33,132317,33,132317,33,132317,33,132317]	[1647,1611]	[4,2]	4003	16260000
5146	1331003	2516001	1611	[3,3,3]	[102,501,502]	[3016007,3026007,3036007,3046007,3056011,3066011]	[1,2,1,2,1,2,1,2,1,2,1,2]	[33,133323,33,133323,33,133323,33,133323,33,133323,33,133323]	[1607,1611]	[4,2]	5000	16270000
5147	1331003	2515001		[1,1,1]	[20,22,24]	[3016007,3026007,3036007,3046007,3056011,3066011]	[1,2,1,2,1,2,1,2,1,2,1,2]	[33,133323,33,133323,33,133323,33,133323,33,133323,33,133323]	[1607,1611]	[4,2]	4003	16270000
5148	1531005	2526001	1606	[3,3,3]	[102,500,103]	[3016049,3026049,3036049,3046049,3056006,3066006]	[1,2,1,2,1,2,1,2,1,2,1,2]	[33,153521,33,153521,33,153521,33,153521,33,153521,33,153521]	[1649,1606]	[4,2]	5000	16280000
5149	1531005	2525001		[1,1,1]	[20,22,24]	[3016049,3026049,3036049,3046049,3056006,3066006]	[1,2,1,2,1,2,1,2,1,2,1,2]	[33,153521,33,153521,33,153521,33,153521,33,153521,33,153521]	[1649,1606]	[4,2]	4003	16280000
5150	1341002	2536001	1606	[3,3,3]	[101,102,500]	[3016013,3026013,3036013,3046013,3056004,3066004]	[1,2,1,2,1,2,1,2,1,2,1,2]	[33,132221,33,132221,33,132221,33,132221,33,132221,33,132221]	[1613,1606]	[4,2]	5000	16020000
5151	1341002	2535001		[1,1,1]	[20,22,24]	[3016013,3026013,3036013,3046013,3056004,3066004]	[1,2,1,2,1,2,1,2,1,2,1,2]	[33,132221,33,132221,33,132221,33,132221,33,132221,33,132221]	[1613,1606]	[4,2]	4003	16020000
5152	1131004	2546001	1611	[3,3,3]	[102,501,502]	[3016007,3026007,3036007,3046007,3056011,3066011]	[1,2,1,2,1,2,1,2,1,2,1,2]	[33,113423,33,113423,33,113423,33,113423,33,113423,33,113423]	[1607,1611]	[4,2]	5000	16290000
5153	1131004	2545001		[1,1,1]	[20,22,24]	[3016007,3026007,3036007,3046007,3056011,3066011]	[1,2,1,2,1,2,1,2,1,2,1,2]	[33,113423,33,113423,33,113423,33,113423,33,113423,33,113423]	[1607,1611]	[4,2]	4003	16290000
5154	1351003	2556001	1601	[3,3,3]	[500,103,102]	[3016014,3026014,3036014,3046014,3056001,3066001]	[1,2,1,2,1,2,1,2,1,2,1,2]	[33,135317,33,135317,33,135317,33,135317,33,135317,33,135317]	[1614,1601]	[4,2]	5000	16300000
5155	1351003	2555001		[1,1,1]	[20,22,24]	[3016014,3026014,3036014,3046014,3056001,3066001]	[1,2,1,2,1,2,1,2,1,2,1,2]	[33,135317,33,135317,33,135317,33,135317,33,135317,33,135317]	[1614,1601]	[4,2]	4003	16300000
5156	1361003	2566001	1606	[3,3,3]	[101,102,500]	[3016002,3026002,3036002,3046002,3056006,3066006]	[1,2,1,2,1,2,1,2,1,2,1,2]	[33,136317,33,136317,33,136317,33,136317,33,136317,33,136317]	[1602,1606]	[4,2]	5000	16310000
5157	1361003	2565001		[1,1,1]	[20,22,24]	[3016002,3026002,3036002,3046002,3056006,3066006]	[1,2,1,2,1,2,1,2,1,2,1,2]	[33,136317,33,136317,33,136317,33,136317,33,136317,33,136317]	[1602,1606]	[4,2]	4003	16310000
5158	1041005	2576001	1613	[3,3,3]	[101,102,500]	[3016052,3026052,3036052,3046052,3056013,3066013]	[1,2,1,2,1,2,1,2,1,2,1,2]	[33,104517,33,104517,33,104517,33,104517,33,104517,33,104517]	[1652,1613]	[4,2]	5000	16320000
5159	1041005	2575001		[1,1,1]	[20,22,24]	[3016052,3026052,3036052,3046052,3056013,3066013]	[1,2,1,2,1,2,1,2,1,2,1,2]	[33,104517,33,104517,33,104517,33,104517,33,104517,33,104517]	[1652,1613]	[4,2]	4003	16320000
5160	1371002	2586001	1642	[3,3,3]	[101,102,500]	[3016014,3026014,3036014,3046014,3056042,3066042]	[1,2,1,2,1,2,1,2,1,2,1,2]	[33,137217,33,137217,33,137217,33,137217,33,137217,33,137217]	[1614,1642]	[4,2]	5000	16090000
5161	1371002	2585001		[1,1,1]	[20,22,24]	[3016014,3026014,3036014,3046014,3056004,3066004]	[1,2,1,2,1,2,1,2,1,2,1,2]	[33,137217,33,137217,33,137217,33,137217,33,137217,33,137217]	[1614,1604]	[4,2]	4003	16090000
5162	1381003	2596001	1653	[3,3,3]	[101,501,502]	[3016053,3026053,3036053,3046053,3056010,3066010]	[1,2,1,2,1,2,1,2,1,2,1,2]	[33,138323,33,138323,33,138323,33,138323,33,138323,33,138323]	[1653,1610]	[4,2]	5000	16330000
5163	1381003	2595001		[1,1,1]	[20,22,24]	[3016053,3026053,3036053,3046053,3056010,3066010]	[1,2,1,2,1,2,1,2,1,2,1,2]	[33,138323,33,138323,33,138323,33,138323,33,138323,33,138323]	[1653,1610]	[4,2]	4003	16330000
5164	1031005	2606001	1606	[3,3,3]	[101,103,500]	[3016003,3026003,3036003,3046003,3056006,3066006]	[1,2,1,2,1,2,1,2,1,2,1,2]	[33,103517,33,103517,33,103517,33,103517,33,103517,33,103517]	[1603,1606]	[4,2]	5000	16340000
5165	1031005	2605001		[1,1,1]	[20,22,24]	[3016003,3026003,3036003,3046003,3056006,3066006]	[1,2,1,2,1,2,1,2,1,2,1,2]	[33,103517,33,103517,33,103517,33,103517,33,103517,33,103517]	[1603,1606]	[4,2]	4003	16340000
5166	1291003	2616001	1611	[3,3,3]	[101,501,502]	[3016056,3026056,3036056,3046056,3056011,3066011]	[1,2,1,2,1,2,1,2,1,2,1,2]	[33,129317,33,129317,33,129317,33,129317,33,129317,33,129317]	[1656,1611]	[4,2]	5000	16350000
5167	1291003	2615001		[1,1,1]	[20,22,24]	[3016056,3026056,3036056,3046056,3056011,3066011]	[1,2,1,2,1,2,1,2,1,2,1,2]	[33,129317,33,129317,33,129317,33,129317,33,129317,33,129317]	[1656,1611]	[4,2]	4003	16350000
5168	1141004	2626001	1609	[3,3,3]	[102,511,500]	[3016057,3026057,3036057,3046057,3056009,3066009]	[1,2,1,2,1,2,1,2,1,2,1,2]	[33,114417,33,114417,33,114417,33,114417,33,114417,33,114417]	[1657,1609]	[4,2]	5000	16360000
5169	1141004	2625001		[1,1,1]	[20,22,24]	[3016057,3026057,3036057,3046057,3056006,3066006]	[1,2,1,2,1,2,1,2,1,2,1,2]	[33,114417,33,114417,33,114417,33,114417,33,114417,33,114417]	[1657,1606]	[4,2]	4003	16360000
5170	1391003	2636001	1611	[3,3,3]	[103,501,502]	[3016007,3026007,3036007,3046007,3056011,3066011]	[1,2,1,2,1,2,1,2,1,2,1,2]	[33,139323,33,139323,33,139323,33,139323,33,139323,33,139323]	[1607,1611]	[4,2]	5000	16370000
5171	1391003	2635001		[1,1,1]	[20,22,24]	[3016007,3026007,3036007,3046007,3056011,3066011]	[1,2,1,2,1,2,1,2,1,2,1,2]	[33,139323,33,139323,33,139323,33,139323,33,139323,33,139323]	[1607,1611]	[4,2]	4003	16370000
5172	1061004	2646001	1609	[3,3,3]	[102,500,511]	[3016060,3026060,3036060,3046060,3056009,3066009]	[1,2,1,2,1,2,1,2,1,2,1,2]	[33,106417,33,106417,33,106417,33,106417,33,106417,33,106417]	[1660,1609]	[4,2]	5000	16380000
5173	1061004	2645001		[1,1,1]	[20,22,24]	[3016060,3026060,3036060,3046060,3056006,3066006]	[1,2,1,2,1,2,1,2,1,2,1,2]	[33,106417,33,106417,33,106417,33,106417,33,106417,33,106417]	[1660,1606]	[4,2]	4003	16380000
5174	1021007	2656001	1615	[3,3,3]	[102,500,101]	[3016061,3026061,3036061,3046061,3056015,3066015]	[1,2,1,2,1,2,1,2,1,2,1,2]	[33,102717,33,102717,33,102717,33,102717,33,102717,33,102717]	[1661,1615]	[4,2]	5000	16390000
5175	1021007	2655001		[1,1,1]	[20,22,24]	[3016061,3026061,3036061,3046061,3056015,3066015]	[1,2,1,2,1,2,1,2,1,2,1,2]	[33,102717,33,102717,33,102717,33,102717,33,102717,33,102717]	[1661,1615]	[4,2]	4003	16390000
5176	1401003	2666001	1606	[3,3,3]	[102,502,501]	[3016003,3026003,3036003,3046003,3056011,3066011]	[1,2,1,2,1,2,1,2,1,2,1,2]	[33,140317,33,140317,33,140317,33,140317,33,140317,33,140317]	[1603,1611]	[4,2]	5000	16400000
5177	1401003	2665001		[1,1,1]	[20,22,24]	[3016003,3026003,3036003,3046003,3056011,3066011]	[1,2,1,2,1,2,1,2,1,2,1,2]	[33,140317,33,140317,33,140317,33,140317,33,140317,33,140317]	[1603,1611]	[4,2]	4003	16400000
5178	1071005	2676001	1614	[3,3,3]	[511,102,500]	[3016064,3026064,3036064,3046064,3056014,3066014]	[1,2,1,2,1,2,1,2,1,2,1,2]	[33,107517,33,107517,33,107517,33,107517,33,107517,33,107517]	[1664,1614]	[4,2]	5000	16410000
5179	1071005	2675001		[1,1,1]	[20,22,24]	[3016064,3026064,3036064,3046064,3056014,3066014]	[1,2,1,2,1,2,1,2,1,2,1,2]	[33,107517,33,107517,33,107517,33,107517,33,107517,33,107517]	[1664,1614]	[4,2]	4003	16410000
5180	1411003	2686001	1637	[3,3,3]	[101,102,500]	[3016013,3026013,3036013,3046013,3056004,3066004]	[1,2,1,2,1,2,1,2,1,2,1,2]	[33,141317,33,141317,33,141317,33,141317,33,141317,33,141317]	[1613,1604]	[4,2]	5000	16420000
5181	1411003	2685001		[1,1,1]	[20,22,24]	[3016013,3026013,3036013,3046013,3056004,3066004]	[1,2,1,2,1,2,1,2,1,2,1,2]	[33,141317,33,141317,33,141317,33,141317,33,141317,33,141317]	[1613,1604]	[4,2]	4003	16420000
5182	1421003	2696001	1611	[3,3,3]	[103,502,501]	[3016065,3026065,3036065,3046065,3056011,3066011]	[1,2,1,2,1,2,1,2,1,2,1,2]	[33,142323,33,142323,33,142323,33,142323,33,142323,33,142323]	[1665,1611]	[4,2]	5000	16430000
5183	1421003	2695001		[1,1,1]	[20,22,24]	[3016065,3026065,3036065,3046065,3056011,3066011]	[1,2,1,2,1,2,1,2,1,2,1,2]	[33,142323,33,142323,33,142323,33,142323,33,142323,33,142323]	[1665,1611]	[4,2]	4003	16430000
